address_id,account_id,town_id,pin_x,pin_y,radius_90,action,tier,source,n_good_visits,directions
AD000001,AC000001,T1,1207.2,-180.3,25.0,DIRECT_VISIT,visits_agree,visits,3,No mapped landmark within 200 m; Kuvempu Layout. ~20 m olage huduki
AD000002,AC000001,T1,-2454.2,-2064.5,33.0,DIRECT_VISIT,visit_1,visits,1,No mapped landmark within 200 m; Shanthi Nagar. Agents report: Neerina Tank hattira. ~30 m olage huduki
AD000003,AC000002,T3,-3640.4,-769.4,280.0,VISIT_WITH_HINT,prior_only,neighbours,0,No mapped landmark within 200 m; Green Park Layout. search within ~280 m around the pin
AD000004,AC000003,T2,2688.2,-1133.0,387.0,VISIT_WITH_HINT,prior_only,neighbours,0,No mapped landmark within 200 m; Krishna Puri. pin ke aas-paas ~390 m ke andar dhoondo
AD000005,AC000004,T2,514.8,-3140.9,329.0,VISIT_WITH_HINT,prior_only,landmark,0,"Girja Ghar ke paas, ~60 m dakshin. pin ke aas-paas ~330 m ke andar dhoondo"
AD000006,AC000004,OUT,,,,CANNOT_GEOCODE,out_of_territory,out_of_territory,0,Outside service area - verify address
AD000007,AC000005,T2,-16.1,1307.2,329.0,VISIT_WITH_HINT,prior_only,landmark,0,"Park ke paas, ~110 m dakshin-paschim. pin ke aas-paas ~330 m ke andar dhoondo"
AD000008,AC000006,T1,-2907.4,1171.6,569.0,VERIFY_FIRST,prior_only,locality,0,No mapped landmark within 200 m; Vinayaka Nagar. Location uncertain - verify by phone before visiting
AD000009,AC000007,T1,3055.6,-2277.8,42.0,DIRECT_VISIT,visit_1,visits,1,"Ration Angadi hattira, ~120 m south. ~40 m olage huduki"
AD000010,AC000007,T1,-1309.4,2.6,396.0,VISIT_WITH_HINT,prior_only,landmark,0,"Medical Store hattira, ~50 m north-west. pin suttha ~400 m olage huduki"
AD000011,AC000008,T3,3076.6,-2359.5,175.0,VISIT_WITH_HINT,prior_only,neighbours,0,50 m south-east of Milk Dairy. search within ~180 m around the pin
AD000012,AC000009,T2,-657.7,-548.1,18.0,DIRECT_VISIT,visits_agree,visits,6,"Daakghar ke paas, ~60 m paschim. Agents report: Daakghar ke paas. ~20 m ke andar dhoondo"
AD000013,AC000010,T2,-917.9,2881.9,296.0,VISIT_WITH_HINT,prior_only,landmark,0,"Paani ki Tanki ke paas, ~100 m purab. pin ke aas-paas ~300 m ke andar dhoondo"
AD000014,AC000011,T2,-1011.1,2955.8,239.0,VISIT_WITH_HINT,prior_only,baseline_street,0,"Paani ki Tanki ke paas, ~100 m uttar. pin ke aas-paas ~240 m ke andar dhoondo"
AD000015,AC000012,T1,1208.0,-178.9,36.0,DIRECT_VISIT,visit_1,visits,1,No mapped landmark within 200 m; Kuvempu Layout. ~40 m olage huduki
AD000016,AC000013,T2,755.8,2394.2,11.0,DIRECT_VISIT,visits_disagree,visits,8,No mapped landmark within 200 m; Azad Mohalla. Agents report: Ration ki Dukaan ke saamne. ~10 m ke andar dhoondo
AD000017,AC000014,T2,-1022.1,2984.4,30.0,DIRECT_VISIT,visits_agree,visits,2,"Paani ki Tanki ke paas, ~130 m uttar. ~30 m ke andar dhoondo"
AD000018,AC000015,T1,645.3,2401.7,18.0,DIRECT_VISIT,visits_agree,visits,4,No mapped landmark within 200 m; Anjaneya Badavane. Agents report: Ration Angadi hattira. ~20 m olage huduki
AD000019,AC000016,T3,-3064.3,177.9,64.0,DIRECT_VISIT,visit_1,visits,1,No mapped landmark within 200 m; Silver Oak Layout. search within ~60 m
AD000020,AC000017,T1,-1871.3,1228.1,2278.0,VERIFY_FIRST,prior_only,pincode_area,0,No mapped landmark within 200 m. Location uncertain - verify by phone before visiting
AD000021,AC000018,T3,4026.3,340.1,134.0,VISIT_WITH_HINT,prior_only,baseline_rooftop,0,No mapped landmark within 200 m. search within ~130 m around the pin
AD000022,AC000019,T1,1417.1,-227.4,215.0,VISIT_WITH_HINT,prior_only,landmark,0,No mapped landmark within 200 m; Kuvempu Layout. pin suttha ~220 m olage huduki
AD000023,AC000020,T3,-2951.1,-18.7,36.0,DIRECT_VISIT,visits_disagree,visits,5,40 m north-west of Water Tank. Agents report: right side of Water Tank. Look for: blue gate. search within ~40 m
AD000024,AC000021,T3,-2157.1,1692.0,175.0,VISIT_WITH_HINT,prior_only,neighbours,0,90 m north-west of Ganesh Temple. search within ~180 m around the pin
AD000025,AC000021,T3,-682.1,2895.8,304.0,VISIT_WITH_HINT,prior_only,neighbours,0,90 m south-east of Church. search within ~300 m around the pin
AD000026,AC000022,T1,-2711.4,1407.9,140.0,VISIT_WITH_HINT,prior_only,neighbours,0,"Bus Stop hattira, ~170 m north. pin suttha ~140 m olage huduki"
AD000027,AC000023,T2,911.1,2916.6,22.0,DIRECT_VISIT,visits_disagree,visits,6,"Petrol Pump ke paas, ~190 m dakshin. ~20 m ke andar dhoondo"
AD000028,AC000024,T3,-762.1,-1629.4,255.0,VISIT_WITH_HINT,prior_only,baseline_street,0,No mapped landmark within 200 m; Defence Colony. search within ~260 m around the pin
AD000029,AC000025,T2,-817.2,2827.3,296.0,VISIT_WITH_HINT,prior_only,landmark,0,No mapped landmark within 200 m; Ambedkar Nagar. pin ke aas-paas ~300 m ke andar dhoondo
AD000030,AC000026,T1,2808.5,-1838.5,113.0,VISIT_WITH_HINT,visits_disagree,visits,1,No mapped landmark within 200 m; Nehru Colony. Agents report: Ganapathi Gudi eduru. pin suttha ~110 m olage huduki
AD000031,AC000027,T3,2970.1,-2451.2,31.0,DIRECT_VISIT,visits_agree,visits,3,160 m south-west of Milk Dairy. Agents report: near Milk Dairy. search within ~30 m
AD000032,AC000028,T2,1768.0,-1818.2,22.0,DIRECT_VISIT,visits_disagree,visits,5,No mapped landmark within 200 m; Patel Nagar. Agents report: Ganesh Mandir ke saamne. ~20 m ke andar dhoondo
AD000033,AC000029,T1,2368.9,921.8,126.0,VISIT_WITH_HINT,prior_only,neighbours,0,"Sarkari Shale hattira, ~180 m north-east. pin suttha ~130 m olage huduki"
AD000034,AC000029,T1,966.6,-111.4,329.0,VISIT_WITH_HINT,prior_only,landmark,0,"Ganapathi Gudi hattira, ~50 m east. pin suttha ~330 m olage huduki"
AD000035,AC000030,T3,3080.7,-2369.1,175.0,VISIT_WITH_HINT,prior_only,neighbours,0,60 m south-east of Milk Dairy. search within ~180 m around the pin
AD000036,AC000031,T3,3372.3,494.1,149.0,VISIT_WITH_HINT,prior_only,neighbours,0,30 m north-west of Community Hall. search within ~150 m around the pin
AD000037,AC000032,T1,551.3,-3230.8,44.0,DIRECT_VISIT,visits_disagree,visits,2,No mapped landmark within 200 m. ~40 m olage huduki
AD000038,AC000032,OUT,,,,CANNOT_GEOCODE,out_of_territory,out_of_territory,0,Outside service area - verify address
AD000039,AC000033,T2,-576.0,2531.7,34.0,DIRECT_VISIT,visits_agree,visits,2,"Dawai ki Dukaan ke paas, ~170 m purab. Agents report: Dawai ki Dukaan ke right side. Look for: blue gate. ~30 m ke andar dhoondo"
AD000040,AC000034,T1,826.8,-2925.0,56.0,DIRECT_VISIT,visit_1,visits,1,"Samudaya Bhavana hattira, ~180 m north-east. ~60 m olage huduki"
AD000041,AC000034,T1,-608.9,-1093.3,49.0,DIRECT_VISIT,visit_1,visits,1,No mapped landmark within 200 m; Hosa Badavane. ~50 m olage huduki
AD000042,AC000035,T3,3709.3,425.2,569.0,VERIFY_FIRST,prior_only,locality,0,80 m west of Bus Stop. Location uncertain - verify by phone before visiting
AD000043,AC000036,T3,3933.0,708.8,16.0,DIRECT_VISIT,visits_agree,visits,6,No mapped landmark within 200 m; Lakeview Phase 2. search within ~20 m
AD000044,AC000036,OUT,,,,CANNOT_GEOCODE,out_of_territory,out_of_territory,0,Outside service area - verify address
AD000045,AC000037,T3,-2519.5,-138.7,329.0,VISIT_WITH_HINT,prior_only,landmark,0,50 m south of Govt School. search within ~330 m around the pin
AD000046,AC000037,T3,-804.6,2897.9,175.0,VISIT_WITH_HINT,prior_only,neighbours,0,40 m east of Ration Shop. search within ~180 m around the pin
AD000047,AC000038,T1,-2453.0,1199.0,16.0,DIRECT_VISIT,visits_agree,visits,8,No mapped landmark within 200 m; Vinayaka Nagar. Agents report: Sarkari Shale hinde. ~20 m olage huduki
AD000048,AC000039,T1,-1868.2,2466.6,569.0,VERIFY_FIRST,prior_only,locality,0,"Sarkari Shale hattira, ~170 m north. Location uncertain - verify by phone before visiting"
AD000049,AC000040,T2,755.8,2394.4,17.0,DIRECT_VISIT,visits_agree,visits,8,No mapped landmark within 200 m; Azad Mohalla. ~20 m ke andar dhoondo
AD000050,AC000041,T1,1099.3,-327.2,569.0,VERIFY_FIRST,prior_only,locality,0,"Anjaneya Gudi hattira, ~90 m north. Location uncertain - verify by phone before visiting"
AD000051,AC000041,OUT,,,,CANNOT_GEOCODE,out_of_territory,out_of_territory,0,Outside service area - verify address
AD000052,AC000042,T1,414.4,-2805.5,255.0,VISIT_WITH_HINT,prior_only,baseline_street,0,No mapped landmark within 200 m; Gandhi Nagar. pin suttha ~260 m olage huduki
AD000053,AC000043,T1,1958.5,-1074.5,569.0,VERIFY_FIRST,prior_only,locality,0,"Anjaneya Gudi hattira, ~170 m north. Location uncertain - verify by phone before visiting"
AD000054,AC000043,T1,-3048.3,908.5,329.0,VISIT_WITH_HINT,prior_only,landmark,0,"Ganapathi Gudi hattira, ~140 m north-east. pin suttha ~330 m olage huduki"
AD000055,AC000044,T3,1228.6,-1066.3,175.0,VISIT_WITH_HINT,prior_only,neighbours,0,No mapped landmark within 200 m; Teachers Colony. search within ~180 m around the pin
AD000056,AC000044,T3,-3141.0,-582.3,304.0,VISIT_WITH_HINT,prior_only,neighbours,0,No mapped landmark within 200 m; Green Park Layout. search within ~300 m around the pin
AD000057,AC000045,T3,-2551.0,-154.9,329.0,VISIT_WITH_HINT,prior_only,landmark,0,80 m south-west of Govt School. search within ~330 m around the pin
AD000058,AC000046,T3,-1101.3,-596.9,175.0,VISIT_WITH_HINT,prior_only,neighbours,0,90 m south-west of Govt School. search within ~180 m around the pin
AD000059,AC000047,T1,-897.9,230.5,215.0,VISIT_WITH_HINT,prior_only,landmark,0,No mapped landmark within 200 m; Ashoka Layout. pin suttha ~220 m olage huduki
AD000060,AC000048,T3,3796.8,99.0,54.0,DIRECT_VISIT,visits_agree,visits,4,No mapped landmark within 200 m; Lakeview Phase 2. search within ~50 m
AD000061,AC000049,T2,1424.1,-2030.1,271.0,VISIT_WITH_HINT,prior_only,landmark,0,"Girja Ghar ke paas, ~50 m dakshin. pin ke aas-paas ~270 m ke andar dhoondo"
AD000062,AC000050,T1,600.0,-3087.1,22.0,DIRECT_VISIT,visits_disagree,visits,5,"Bus Stop hattira, ~120 m south-east. Agents report: Bus Stop hattira. ~20 m olage huduki"
AD000063,AC000051,T2,3159.7,513.5,205.0,VISIT_WITH_HINT,prior_only,landmark,0,No mapped landmark within 200 m; Nehru Colony. pin ke aas-paas ~200 m ke andar dhoondo
AD000064,AC000051,T2,-506.9,2791.9,396.0,VISIT_WITH_HINT,prior_only,landmark,0,"Ganesh Mandir ke paas, ~20 m dakshin. pin ke aas-paas ~400 m ke andar dhoondo"
AD000065,AC000052,T3,970.8,-1043.1,228.0,VISIT_WITH_HINT,prior_only,neighbours,0,No mapped landmark within 200 m; Teachers Colony. search within ~230 m around the pin
AD000066,AC000053,T1,1159.0,-186.1,18.0,DIRECT_VISIT,visits_agree,visits,4,No mapped landmark within 200 m; Kuvempu Layout. Agents report: Medical Store hattira. ~20 m olage huduki
AD000067,AC000054,T3,3080.6,-2378.4,194.0,VISIT_WITH_HINT,prior_only,neighbours,0,70 m south-east of Milk Dairy. search within ~190 m around the pin
AD000068,AC000055,T2,3351.6,453.9,35.0,DIRECT_VISIT,visits_agree,visits,2,No mapped landmark within 200 m; Nehru Colony. Agents report: Doodh Dairy ke saamne. ~40 m ke andar dhoondo
AD000069,AC000056,T2,721.4,-3436.7,16.0,DIRECT_VISIT,visits_disagree,visits,6,"Bus Stop ke paas, ~120 m dakshin. Agents report: Bus Stop ke paas. ~20 m ke andar dhoondo"
AD000070,AC000056,OUT,,,,CANNOT_GEOCODE,out_of_territory,out_of_territory,0,Outside service area - verify address
AD000071,AC000057,T3,856.6,-3889.5,215.0,VISIT_WITH_HINT,prior_only,landmark,0,90 m south-east of Petrol Bunk. search within ~220 m around the pin
AD000072,AC000058,T3,3375.0,-1944.1,396.0,VISIT_WITH_HINT,prior_only,landmark,0,50 m west of Masjid. search within ~400 m around the pin
AD000073,AC000059,T2,988.3,908.7,255.0,VISIT_WITH_HINT,prior_only,baseline_street,0,No mapped landmark within 200 m; Gandhi Basti. pin ke aas-paas ~260 m ke andar dhoondo
AD000074,AC000059,T2,949.4,2783.6,569.0,VERIFY_FIRST,prior_only,locality,0,"Bus Stop ke paas, ~200 m uttar-paschim. Location uncertain - verify by phone before visiting"
AD000075,AC000060,T1,2769.6,-2331.3,16.0,DIRECT_VISIT,visits_disagree,visits,4,"Anjaneya Gudi hattira, ~100 m west. Agents report: Anjaneya Gudi hattira. ~20 m olage huduki"
AD000076,AC000061,T2,986.0,1450.3,34.0,DIRECT_VISIT,visit_1,visits,1,"Sarkari School ke paas, ~60 m uttar. ~30 m ke andar dhoondo"
AD000077,AC000062,T3,3014.2,-2308.3,396.0,VISIT_WITH_HINT,prior_only,landmark,0,40 m west of Milk Dairy. search within ~400 m around the pin
AD000078,AC000063,T3,-2534.3,-132.9,20.0,DIRECT_VISIT,visits_disagree,visits,5,50 m south-west of Govt School. search within ~20 m
AD000079,AC000064,T3,986.8,-1188.0,37.0,DIRECT_VISIT,visits_agree,visits,2,No mapped landmark within 200 m; Teachers Colony. Agents report: behind Church. search within ~40 m
AD000080,AC000064,T3,4174.6,324.6,199.0,VISIT_WITH_HINT,prior_only,baseline_street,0,No mapped landmark within 200 m; Lakeview Phase 2. search within ~200 m around the pin
AD000081,AC000065,T3,-729.9,-881.1,32.0,DIRECT_VISIT,visits_agree,visits,2,170 m south of Milk Dairy. search within ~30 m
AD000082,AC000066,T3,4024.7,318.4,42.0,DIRECT_VISIT,visit_1,visits,1,No mapped landmark within 200 m; Lakeview Phase 2. search within ~40 m
AD000083,AC000066,T3,-599.2,-435.6,243.0,VISIT_WITH_HINT,prior_only,landmark,0,150 m north-west of Water Tank. search within ~240 m around the pin
AD000084,AC000067,T3,-383.1,-3724.1,175.0,VISIT_WITH_HINT,prior_only,neighbours,0,160 m south-east of Masjid. search within ~180 m around the pin
AD000085,AC000068,T1,345.3,-3110.2,35.0,DIRECT_VISIT,visit_1,visits,1,"Neerina Tank hattira, ~40 m south. ~40 m olage huduki"
AD000086,AC000069,T2,2547.0,-1357.0,29.0,DIRECT_VISIT,visits_agree,visits,3,"Paani ki Tanki ke paas, ~50 m dakshin-paschim. ~30 m ke andar dhoondo"
AD000087,AC000069,T2,817.3,1278.2,569.0,VERIFY_FIRST,prior_only,locality,0,"Park ke paas, ~190 m dakshin. Location uncertain - verify by phone before visiting"
AD000088,AC000070,T2,-465.3,3169.8,19.0,DIRECT_VISIT,visits_agree,visits,6,No mapped landmark within 200 m; Ambedkar Nagar. ~20 m ke andar dhoondo
AD000089,AC000071,T2,-540.9,3228.8,296.0,VISIT_WITH_HINT,prior_only,landmark,0,"Hanuman Mandir ke paas, ~160 m dakshin. pin ke aas-paas ~300 m ke andar dhoondo"
AD000090,AC000071,T2,-1547.3,-2816.7,329.0,VISIT_WITH_HINT,prior_only,landmark,0,"Hanuman Mandir ke paas, ~20 m paschim. pin ke aas-paas ~330 m ke andar dhoondo"
AD000091,AC000072,T2,2359.6,-1300.7,396.0,VISIT_WITH_HINT,prior_only,landmark,0,"Bus Stop ke paas, ~30 m dakshin-paschim. pin ke aas-paas ~400 m ke andar dhoondo"
AD000092,AC000073,T3,3143.5,-2348.0,194.0,VISIT_WITH_HINT,prior_only,neighbours,0,100 m east of Milk Dairy. search within ~190 m around the pin
AD000093,AC000073,T3,-595.2,3221.1,257.0,VISIT_WITH_HINT,prior_only,landmark,0,70 m north-east of Community Hall. search within ~260 m around the pin
AD000094,AC000074,T3,-2646.8,-185.0,31.0,DIRECT_VISIT,visits_agree,visits,5,170 m south-west of Govt School. search within ~30 m
AD000095,AC000074,OUT,,,,CANNOT_GEOCODE,out_of_territory,out_of_territory,0,Outside service area - verify address
AD000096,AC000075,T3,3364.6,542.5,25.0,DIRECT_VISIT,visits_disagree,visits,6,80 m north of Community Hall. Agents report: opposite Community Hall. search within ~20 m
AD000097,AC000076,T3,-4023.9,-1003.4,243.0,VISIT_WITH_HINT,prior_only,landmark,0,50 m east of Water Tank. search within ~240 m around the pin
AD000098,AC000077,T3,-2494.0,1359.7,23.0,DIRECT_VISIT,visits_agree,visits,4,130 m south-west of Masjid. search within ~20 m
AD000099,AC000078,T3,-351.8,-422.6,25.0,DIRECT_VISIT,visits_disagree,visits,4,150 m south of Hanuman Temple. Agents report: opposite Hanuman Temple. search within ~20 m
AD000100,AC000079,T1,2819.5,-2085.0,14.0,DIRECT_VISIT,visits_agree,visits,7,"Medical Store hattira, ~40 m north-east. Agents report: Medical Store eduru. ~10 m olage huduki"
AD000101,AC000080,T3,-2479.7,1423.6,231.0,VISIT_WITH_HINT,prior_only,neighbours,0,100 m west of Masjid. search within ~230 m around the pin
AD000102,AC000081,T1,635.9,2427.4,126.0,VISIT_WITH_HINT,prior_only,neighbours,0,No mapped landmark within 200 m; Anjaneya Badavane. pin suttha ~130 m olage huduki
AD000103,AC000082,T3,3168.3,-702.7,194.0,VISIT_WITH_HINT,prior_only,neighbours,0,No mapped landmark within 200 m; Palm Meadows. search within ~190 m around the pin
AD000104,AC000083,T1,2440.6,998.7,569.0,VERIFY_FIRST,prior_only,locality,0,"Masjid hattira, ~190 m west. Location uncertain - verify by phone before visiting"
AD000105,AC000084,T2,-683.3,-66.3,25.0,DIRECT_VISIT,visits_agree,visits,4,No mapped landmark within 200 m; Shastri Nagar. Agents report: Sarkari School ke right side. Look for: blue gate. ~20 m ke andar dhoondo
AD000106,AC000085,T1,-3093.9,953.8,60.0,DIRECT_VISIT,visit_1,visits,1,"Ganapathi Gudi hattira, ~140 m north-east. Agents report: Ganapathi Gudi hinde. ~60 m olage huduki"
AD000107,AC000086,T3,3963.0,529.1,194.0,VISIT_WITH_HINT,prior_only,neighbours,0,No mapped landmark within 200 m; Lakeview Phase 2. search within ~190 m around the pin
AD000108,AC000087,T3,-1139.7,-1996.6,329.0,VISIT_WITH_HINT,prior_only,landmark,0,At Ganesh Temple. search within ~330 m around the pin
AD000109,AC000088,T1,1992.9,-1134.2,569.0,VERIFY_FIRST,prior_only,locality,0,"Anjaneya Gudi hattira, ~110 m north. Location uncertain - verify by phone before visiting"
AD000110,AC000088,OUT,,,,CANNOT_GEOCODE,out_of_territory,out_of_territory,0,Outside service area - verify address
AD000111,AC000089,T1,2702.3,1144.4,126.0,VISIT_WITH_HINT,visits_disagree,visits,1,"Masjid hattira, ~200 m north. pin suttha ~130 m olage huduki"
AD000112,AC000089,T1,821.2,-3128.1,140.0,VISIT_WITH_HINT,prior_only,neighbours,0,"Samudaya Bhavana hattira, ~100 m south-east. pin suttha ~140 m olage huduki"
AD000113,AC000090,T3,-697.3,3382.4,175.0,VISIT_WITH_HINT,prior_only,neighbours,0,120 m south-east of Park. search within ~180 m around the pin
AD000114,AC000091,T1,2684.1,-1863.5,29.0,DIRECT_VISIT,visits_agree,visits,5,No mapped landmark within 200 m; Nehru Colony. ~30 m olage huduki
AD000115,AC000092,T3,-681.4,3369.6,194.0,VISIT_WITH_HINT,prior_only,neighbours,0,140 m south-east of Park. search within ~190 m around the pin
AD000116,AC000093,T3,-966.7,-1904.0,396.0,VISIT_WITH_HINT,prior_only,landmark,0,40 m west of Water Tank. search within ~400 m around the pin
AD000117,AC000094,T3,3377.1,-1967.6,329.0,VISIT_WITH_HINT,prior_only,landmark,0,60 m south-west of Masjid. search within ~330 m around the pin
AD000118,AC000094,OUT,,,,CANNOT_GEOCODE,out_of_territory,out_of_territory,0,Outside service area - verify address
AD000119,AC000095,T1,-1991.5,-2179.8,396.0,VISIT_WITH_HINT,prior_only,landmark,0,"Bus Stop hattira, ~30 m east. pin suttha ~400 m olage huduki"
AD000120,AC000096,T3,3118.8,-2285.3,276.0,VISIT_WITH_HINT,prior_only,neighbours,0,80 m north-east of Milk Dairy. search within ~280 m around the pin
AD000121,AC000096,T3,-2736.2,-388.6,396.0,VISIT_WITH_HINT,prior_only,landmark,0,50 m south-east of Petrol Bunk. search within ~400 m around the pin
AD000122,AC000097,T3,1352.9,-813.5,175.0,VISIT_WITH_HINT,prior_only,neighbours,0,70 m north of Medical Store. search within ~180 m around the pin
AD000123,AC000098,T2,901.2,2560.1,279.0,VISIT_WITH_HINT,prior_only,landmark,0,"Sarkari School ke paas, ~30 m dakshin. pin ke aas-paas ~280 m ke andar dhoondo"
AD000124,AC000099,T3,3171.1,-702.9,194.0,VISIT_WITH_HINT,prior_only,neighbours,0,No mapped landmark within 200 m; Palm Meadows. search within ~190 m around the pin
AD000125,AC000099,T3,3755.1,275.1,175.0,VISIT_WITH_HINT,prior_only,neighbours,0,140 m south of Bus Stop. search within ~180 m around the pin
AD000126,AC000100,T1,909.3,-3205.0,25.0,DIRECT_VISIT,visits_agree,visits,4,No mapped landmark within 200 m; Gandhi Nagar. ~20 m olage huduki
AD000127,AC000101,T3,973.1,-990.6,175.0,VISIT_WITH_HINT,prior_only,neighbours,0,No mapped landmark within 200 m; Teachers Colony. search within ~180 m around the pin
AD000128,AC000102,T1,2675.1,-1877.4,140.0,VISIT_WITH_HINT,prior_only,neighbours,0,No mapped landmark within 200 m; Nehru Colony. pin suttha ~140 m olage huduki
AD000129,AC000103,T1,3227.2,-1944.8,20.0,DIRECT_VISIT,visits_disagree,visits,6,No mapped landmark within 200 m; Nehru Colony. Agents report: Bus Stop hinde. ~20 m olage huduki
AD000130,AC000104,T1,1835.5,-1060.0,63.0,DIRECT_VISIT,visit_1,visits,1,"Medical Store hattira, ~180 m north-east. ~60 m olage huduki"
AD000131,AC000104,OUT,,,,CANNOT_GEOCODE,out_of_territory,out_of_territory,0,Outside service area - verify address
AD000132,AC000105,T3,1143.4,-546.7,175.0,VISIT_WITH_HINT,prior_only,neighbours,0,190 m south-east of Masjid. search within ~180 m around the pin
AD000133,AC000105,T3,-3966.5,-1155.9,53.0,DIRECT_VISIT,visit_1,visits,1,70 m south of Hanuman Temple. Agents report: near Hanuman Temple. search within ~50 m
AD000134,AC000106,T2,1053.7,2469.1,232.0,VISIT_WITH_HINT,prior_only,baseline_street,0,"Ration ki Dukaan ke paas, ~140 m dakshin-purab. pin ke aas-paas ~230 m ke andar dhoondo"
AD000135,AC000107,T1,808.6,-2608.7,13.0,DIRECT_VISIT,visits_disagree,visits,4,No mapped landmark within 200 m; Gandhi Nagar. Agents report: Sarkari Shale eduru. ~10 m olage huduki
AD000136,AC000108,T1,1093.7,-105.5,569.0,VERIFY_FIRST,prior_only,locality,0,"Ganapathi Gudi hattira, ~180 m east. Location uncertain - verify by phone before visiting"
AD000137,AC000109,T3,-2368.4,-530.6,33.0,DIRECT_VISIT,visits_agree,visits,2,100 m south-west of Post Office. Agents report: right side of Post Office. Look for: blue gate. search within ~30 m
AD000138,AC000110,T1,621.5,-3084.3,20.0,DIRECT_VISIT,visits_disagree,visits,7,"Samudaya Bhavana hattira, ~120 m west. ~20 m olage huduki"
AD000139,AC000111,T2,738.4,-2660.8,201.0,VISIT_WITH_HINT,prior_only,landmark,0,"Dawai ki Dukaan ke paas, ~90 m purab. pin ke aas-paas ~200 m ke andar dhoondo"
AD000140,AC000111,T2,-496.6,1454.6,329.0,VISIT_WITH_HINT,prior_only,landmark,0,"Petrol Pump ke paas, ~160 m purab. pin ke aas-paas ~330 m ke andar dhoondo"
AD000141,AC000112,T2,1506.4,-1492.0,9110.0,VERIFY_FIRST,prior_only,pincode_area,0,No mapped landmark within 200 m. Location uncertain - verify by phone before visiting
AD000142,AC000113,T3,3976.4,776.3,25.0,DIRECT_VISIT,visits_disagree,visits,5,No mapped landmark within 200 m; Lakeview Phase 2. Agents report: opposite Medical Store. search within ~20 m
AD000143,AC000113,OUT,,,,CANNOT_GEOCODE,out_of_territory,out_of_territory,0,Outside service area - verify address
AD000144,AC000114,T3,-705.2,3374.9,175.0,VISIT_WITH_HINT,prior_only,neighbours,0,120 m south-east of Bus Stop. search within ~180 m around the pin
AD000145,AC000115,T3,-799.6,-761.3,231.0,VISIT_WITH_HINT,prior_only,neighbours,0,40 m south of Milk Dairy. search within ~230 m around the pin
AD000146,AC000116,T1,646.3,2392.0,41.0,DIRECT_VISIT,visits_agree,visits,2,No mapped landmark within 200 m; Anjaneya Badavane. ~40 m olage huduki
AD000147,AC000117,T2,1008.3,2869.3,26.0,DIRECT_VISIT,visits_agree,visits,2,No mapped landmark within 200 m; Gandhi Basti. ~30 m ke andar dhoondo
AD000148,AC000118,T1,-881.4,-3030.2,329.0,VISIT_WITH_HINT,prior_only,landmark,0,"Church hattira, ~70 m south-west. pin suttha ~330 m olage huduki"
AD000149,AC000119,T2,943.0,1301.0,569.0,VERIFY_FIRST,prior_only,locality,0,"Sarkari School ke paas, ~90 m dakshin. Location uncertain - verify by phone before visiting"
AD000150,AC000120,T2,2228.7,-1021.2,40.0,DIRECT_VISIT,visits_disagree,visits,1,No mapped landmark within 200 m; Krishna Puri. Agents report: Daakghar ke saamne. ~40 m ke andar dhoondo
AD000151,AC000120,T2,-746.5,3339.8,47.0,DIRECT_VISIT,visits_agree,visits,2,No mapped landmark within 200 m; Ambedkar Nagar. Agents report: Sarkari School ke saamne. ~50 m ke andar dhoondo
AD000152,AC000121,T2,2669.9,-1090.7,17.0,DIRECT_VISIT,visits_agree,visits,2,No mapped landmark within 200 m; Krishna Puri. Agents report: Paani ki Tanki ke saamne. ~20 m ke andar dhoondo
AD000153,AC000122,T3,-2351.3,-131.6,67.0,DIRECT_VISIT,visits_disagree,visits,5,160 m east of Govt School. search within ~70 m
AD000154,AC000122,T3,3568.7,-2270.4,39.0,DIRECT_VISIT,visits_agree,visits,3,30 m north-east of Park. Agents report: behind Park. search within ~40 m
AD000155,AC000123,T3,1168.2,-604.7,23.0,DIRECT_VISIT,visits_agree,visits,6,No mapped landmark within 200 m; Teachers Colony. search within ~20 m
AD000156,AC000124,T1,1107.0,-459.8,396.0,VISIT_WITH_HINT,prior_only,landmark,0,"Anjaneya Gudi hattira, ~40 m south. pin suttha ~400 m olage huduki"
AD000157,AC000125,T3,3410.2,-1914.5,230.0,VISIT_WITH_HINT,prior_only,neighbours,0,20 m north-west of Masjid. search within ~230 m around the pin
AD000158,AC000125,OUT,,,,CANNOT_GEOCODE,out_of_territory,out_of_territory,0,Outside service area - verify address
AD000159,AC000126,T3,-2837.8,-104.2,16.0,DIRECT_VISIT,visits_agree,visits,3,100 m south-east of Water Tank. Agents report: near Water Tank. search within ~20 m
AD000160,AC000127,T3,3462.2,545.5,175.0,VISIT_WITH_HINT,prior_only,neighbours,0,50 m west of Milk Dairy. search within ~180 m around the pin
AD000161,AC000128,T1,-2879.9,1108.2,569.0,VERIFY_FIRST,prior_only,locality,0,No mapped landmark within 200 m; Vinayaka Nagar. Location uncertain - verify by phone before visiting
AD000162,AC000129,T2,741.2,-3368.1,198.0,VISIT_WITH_HINT,prior_only,landmark,0,"Bus Stop ke paas, ~60 m dakshin-purab. pin ke aas-paas ~200 m ke andar dhoondo"
AD000163,AC000130,T2,-724.5,2701.5,37.0,DIRECT_VISIT,visits_agree,visits,2,"Dawai ki Dukaan ke paas, ~140 m uttar. ~40 m ke andar dhoondo"
AD000164,AC000130,T2,2720.4,448.8,130.0,VISIT_WITH_HINT,prior_only,baseline_rooftop,0,"Bus Stop ke paas, ~80 m dakshin-purab. pin ke aas-paas ~130 m ke andar dhoondo"
AD000165,AC000131,T2,3306.0,699.0,39.0,DIRECT_VISIT,visit_1,visits,1,No mapped landmark within 200 m; Nehru Colony. ~40 m ke andar dhoondo
AD000166,AC000132,T2,2801.1,950.0,52.0,DIRECT_VISIT,visit_1,visits,1,"Ganesh Mandir ke paas, ~90 m paschim. Agents report: Ration ki Dukaan ke saamne. ~50 m ke andar dhoondo"
AD000167,AC000132,T2,727.8,-3031.8,272.0,VISIT_WITH_HINT,prior_only,landmark,0,No mapped landmark within 200 m; Shivaji Nagar. pin ke aas-paas ~270 m ke andar dhoondo
AD000168,AC000133,T1,-1869.4,2352.0,329.0,VISIT_WITH_HINT,prior_only,landmark,0,"Sarkari Shale hattira, ~60 m north. pin suttha ~330 m olage huduki"
AD000169,AC000134,T1,3284.5,-2148.7,37.0,DIRECT_VISIT,visits_disagree,visits,2,No mapped landmark within 200 m; Nehru Colony. ~40 m olage huduki
AD000170,AC000135,T3,-2226.4,0.2,76.0,DIRECT_VISIT,visit_1,visits,1,No mapped landmark within 200 m; Green Park Layout. search within ~80 m
AD000171,AC000136,T1,2552.5,926.2,396.0,VISIT_WITH_HINT,prior_only,landmark,0,"Masjid hattira, ~80 m south-west. pin suttha ~400 m olage huduki"
AD000172,AC000137,T1,-2191.7,-2691.2,39.0,DIRECT_VISIT,visits_agree,visits,4,No mapped landmark within 200 m; Shanthi Nagar. Agents report: Sarkari Shale eduru. ~40 m olage huduki
AD000173,AC000138,T2,1442.4,-2343.8,17.0,DIRECT_VISIT,visits_agree,visits,8,No mapped landmark within 200 m; Patel Nagar. Agents report: Masjid ke paas. ~20 m ke andar dhoondo
AD000174,AC000138,T2,-21.8,1302.2,329.0,VISIT_WITH_HINT,prior_only,landmark,0,"Park ke paas, ~120 m dakshin-paschim. pin ke aas-paas ~330 m ke andar dhoondo"
AD000175,AC000139,T2,1774.0,-2197.2,60.0,DIRECT_VISIT,visit_1,visits,1,"Dawai ki Dukaan ke paas, ~150 m uttar. Agents report: Dawai ki Dukaan ke paas. ~60 m ke andar dhoondo"
AD000176,AC000140,T2,847.8,-2714.1,45.0,DIRECT_VISIT,visits_agree,visits,2,"Samudayik Bhavan ke paas, ~130 m uttar. Agents report: Samudayik Bhavan ke right side. Look for: blue gate. ~40 m ke andar dhoondo"
AD000177,AC000141,T3,-487.5,2891.6,52.0,DIRECT_VISIT,visit_1,visits,1,No mapped landmark within 200 m; Sunrise Enclave. Agents report: behind Church. search within ~50 m
AD000178,AC000142,T2,1105.0,171.7,25.0,DIRECT_VISIT,visits_agree,visits,2,No mapped landmark within 200 m; Indira Colony. Agents report: Girja Ghar ke paas. ~20 m ke andar dhoondo
AD000179,AC000143,T1,2429.3,977.1,569.0,VERIFY_FIRST,prior_only,locality,0,"Masjid hattira, ~200 m west. Location uncertain - verify by phone before visiting"
AD000180,AC000144,T1,-2231.4,-2703.7,35.0,DIRECT_VISIT,visit_1,visits,1,No mapped landmark within 200 m; Shanthi Nagar. ~40 m olage huduki
AD000181,AC000145,T2,2949.1,651.6,46.0,DIRECT_VISIT,visit_1,visits,1,"Paani ki Tanki ke paas, ~160 m dakshin-purab. ~50 m ke andar dhoondo"
AD000182,AC000146,T2,911.0,2597.0,126.0,VISIT_WITH_HINT,visits_disagree,visits,1,Sarkari School ke paas. pin ke aas-paas ~130 m ke andar dhoondo
AD000183,AC000146,OUT,,,,CANNOT_GEOCODE,out_of_territory,out_of_territory,0,Outside service area - verify address
AD000184,AC000147,T3,-2155.9,1698.5,175.0,VISIT_WITH_HINT,prior_only,neighbours,0,90 m north-west of Ganesh Temple. search within ~180 m around the pin
AD000185,AC000147,T3,1142.4,-1098.7,149.0,VISIT_WITH_HINT,prior_only,neighbours,0,No mapped landmark within 200 m; Teachers Colony. search within ~150 m around the pin
AD000186,AC000148,T2,2310.6,1561.4,329.0,VISIT_WITH_HINT,prior_only,landmark,0,"Ration ki Dukaan ke paas, ~90 m uttar. pin ke aas-paas ~330 m ke andar dhoondo"
AD000187,AC000149,T2,1003.6,1283.9,29.0,DIRECT_VISIT,visits_agree,visits,2,"Sarkari School ke paas, ~110 m dakshin. Agents report: Sarkari School ke saamne. ~30 m ke andar dhoondo"
AD000188,AC000150,T3,682.8,-828.9,226.0,VISIT_WITH_HINT,prior_only,neighbours,0,110 m south-east of Bus Stop. search within ~230 m around the pin
AD000189,AC000151,T3,3604.5,69.5,40.0,DIRECT_VISIT,visit_1,visits,1,No mapped landmark within 200 m; Lakeview Phase 2. search within ~40 m
AD000190,AC000151,T3,-1130.8,-691.3,194.0,VISIT_WITH_HINT,prior_only,neighbours,0,180 m south-west of Govt School. search within ~190 m around the pin
AD000191,AC000152,T3,-3526.6,-916.3,27.0,DIRECT_VISIT,visit_1,visits,1,No mapped landmark within 200 m; Green Park Layout. search within ~30 m
AD000192,AC000153,T2,1547.8,-184.1,33.0,DIRECT_VISIT,visit_1,visits,1,No mapped landmark within 200 m; Patel Nagar. ~30 m ke andar dhoondo
AD000193,AC000154,T1,1880.5,-1297.0,55.0,DIRECT_VISIT,visits_disagree,visits,1,"Anjaneya Gudi hattira, ~120 m south-west. ~60 m olage huduki"
AD000194,AC000155,T2,-1238.4,-2813.1,23.0,DIRECT_VISIT,visit_1,visits,1,No mapped landmark within 200 m. ~20 m ke andar dhoondo
AD000195,AC000156,T1,2071.2,1355.8,34.0,DIRECT_VISIT,visit_1,visits,1,"Bus Stop hattira, ~90 m north-west. ~30 m olage huduki"
AD000196,AC000157,T2,823.7,2641.6,403.0,VISIT_WITH_HINT,prior_only,locality,0,"Sarkari School ke paas, ~100 m uttar-paschim. pin ke aas-paas ~400 m ke andar dhoondo"
AD000197,AC000158,T3,-2679.0,-139.7,24.0,DIRECT_VISIT,visits_disagree,visits,6,180 m west of Govt School. search within ~20 m
AD000198,AC000159,T2,-478.4,3169.3,22.0,DIRECT_VISIT,visits_agree,visits,5,No mapped landmark within 200 m; Ambedkar Nagar. ~20 m ke andar dhoondo
AD000199,AC000160,T1,1115.4,-558.6,59.0,DIRECT_VISIT,visit_1,visits,1,"Anjaneya Gudi hattira, ~140 m south. Agents report: Anjaneya Gudi hinde. ~60 m olage huduki"
AD000200,AC000161,T1,374.6,-2878.7,55.0,DIRECT_VISIT,visit_1,visits,1,"Neerina Tank hattira, ~190 m north. Agents report: Park hattira. ~60 m olage huduki"
AD000201,AC000161,T1,1547.0,1234.8,31.0,DIRECT_VISIT,visit_1,visits,1,No mapped landmark within 200 m; Kuvempu Layout. ~30 m olage huduki
AD000202,AC000162,T3,3575.5,-1756.5,57.0,DIRECT_VISIT,visit_1,visits,1,180 m south-east of Ganesh Temple. Agents report: opposite Ganesh Temple. search within ~60 m
AD000203,AC000163,T1,2617.8,-2359.4,73.0,DIRECT_VISIT,visits_disagree,visits,1,No mapped landmark within 200 m; Nehru Colony. ~70 m olage huduki
AD000204,AC000164,T2,993.4,2516.3,25.0,DIRECT_VISIT,visits_agree,visits,5,"Ration ki Dukaan ke paas, ~60 m dakshin-purab. Agents report: Ration ki Dukaan ke saamne. ~20 m ke andar dhoondo"
AD000205,AC000165,T3,-3717.2,-889.5,569.0,VERIFY_FIRST,prior_only,locality,0,No mapped landmark within 200 m; Green Park Layout. Location uncertain - verify by phone before visiting
AD000206,AC000166,T1,-1798.0,2443.7,569.0,VERIFY_FIRST,prior_only,locality,0,"Sarkari Shale hattira, ~170 m north-east. Location uncertain - verify by phone before visiting"
AD000207,AC000166,T1,-1963.2,2396.1,569.0,VERIFY_FIRST,prior_only,locality,0,"Sarkari Shale hattira, ~140 m north-west. Location uncertain - verify by phone before visiting"
AD000208,AC000167,T3,-804.3,2936.3,185.0,VISIT_WITH_HINT,prior_only,landmark,0,50 m north-east of Ration Shop. search within ~180 m around the pin
AD000209,AC000168,T1,2679.0,1046.0,52.0,DIRECT_VISIT,visit_1,visits,1,"Masjid hattira, ~100 m north-east. ~50 m olage huduki"
AD000210,AC000169,T3,-1071.0,-467.0,194.0,VISIT_WITH_HINT,prior_only,neighbours,0,80 m north-west of Govt School. search within ~190 m around the pin
AD000211,AC000169,T3,1350.2,-3636.4,215.0,VISIT_WITH_HINT,prior_only,landmark,0,100 m west of Medical Store. search within ~220 m around the pin
AD000212,AC000170,T1,667.6,-3150.3,255.0,VISIT_WITH_HINT,prior_only,baseline_street,0,"Samudaya Bhavana hattira, ~100 m south-west. pin suttha ~260 m olage huduki"
AD000213,AC000171,T1,536.6,-3021.8,255.0,VISIT_WITH_HINT,prior_only,baseline_street,0,"Bus Stop hattira, ~40 m south. pin suttha ~260 m olage huduki"
AD000214,AC000172,T1,337.0,-2887.4,140.0,VISIT_WITH_HINT,prior_only,neighbours,0,"Neerina Tank hattira, ~180 m north. pin suttha ~140 m olage huduki"
AD000215,AC000172,OUT,,,,CANNOT_GEOCODE,out_of_territory,out_of_territory,0,Outside service area - verify address
AD000216,AC000173,T3,-4073.8,-1012.5,219.0,VISIT_WITH_HINT,visits_disagree,visits,1,At Water Tank. search within ~220 m around the pin
AD000217,AC000174,T2,1083.8,2678.6,296.0,VISIT_WITH_HINT,prior_only,landmark,0,"Bus Stop ke paas, ~30 m uttar-paschim. pin ke aas-paas ~300 m ke andar dhoondo"
AD000218,AC000174,OUT,,,,CANNOT_GEOCODE,out_of_territory,out_of_territory,0,Outside service area - verify address
AD000219,AC000175,T3,-2970.9,-558.6,175.0,VISIT_WITH_HINT,prior_only,neighbours,0,120 m west of Bus Stop. search within ~180 m around the pin
AD000220,AC000176,T2,1452.5,-467.5,21.0,DIRECT_VISIT,visits_agree,visits,6,No mapped landmark within 200 m; Indira Colony. ~20 m ke andar dhoondo
AD000221,AC000177,T3,688.3,-705.3,75.0,DIRECT_VISIT,visits_disagree,visits,1,100 m north-east of Bus Stop. search within ~80 m
AD000222,AC000178,T2,-754.4,3226.5,215.0,VISIT_WITH_HINT,prior_only,landmark,0,"Doodh Dairy ke paas, ~170 m uttar-purab. pin ke aas-paas ~220 m ke andar dhoondo"
AD000223,AC000179,T2,1904.2,-2173.5,27.0,DIRECT_VISIT,visits_disagree,visits,7,No mapped landmark within 200 m; Patel Nagar. Agents report: Dawai ki Dukaan ke right side. Look for: blue gate. ~30 m ke andar dhoondo
AD000224,AC000180,T2,1362.2,272.2,229.0,VISIT_WITH_HINT,prior_only,baseline_street,0,"Hanuman Mandir ke paas, ~60 m purab. pin ke aas-paas ~230 m ke andar dhoondo"
AD000225,AC000181,T1,2308.2,1087.9,215.0,VISIT_WITH_HINT,prior_only,landmark,0,No mapped landmark within 200 m; Vidya Nagar. pin suttha ~220 m olage huduki
AD000226,AC000181,T1,-1153.3,385.1,329.0,VISIT_WITH_HINT,prior_only,landmark,0,"Ganapathi Gudi hattira, ~70 m north-west. pin suttha ~330 m olage huduki"
AD000227,AC000182,T3,1154.2,-1194.0,23.0,DIRECT_VISIT,visits_disagree,visits,5,No mapped landmark within 200 m; Teachers Colony. search within ~20 m
AD000228,AC000183,T3,3809.3,-114.1,55.0,DIRECT_VISIT,visits_disagree,visits,2,No mapped landmark within 200 m; Lakeview Phase 2. search within ~60 m
AD000229,AC000184,T1,-357.6,-1059.8,329.0,VISIT_WITH_HINT,prior_only,landmark,0,"Haalina Dairy hattira, ~60 m north-west. pin suttha ~330 m olage huduki"
AD000230,AC000185,T3,3448.5,503.8,329.0,VISIT_WITH_HINT,prior_only,landmark,0,70 m north-east of Community Hall. search within ~330 m around the pin
AD000231,AC000186,T1,205.1,2583.6,27.0,DIRECT_VISIT,visits_agree,visits,2,"Sarkari Shale hattira, ~140 m south. Agents report: Sarkari Shale hattira. ~30 m olage huduki"
AD000232,AC000186,T1,-780.8,519.9,215.0,VISIT_WITH_HINT,prior_only,landmark,0,No mapped landmark within 200 m; Ashoka Layout. pin suttha ~220 m olage huduki
AD000233,AC000187,T3,889.8,-778.8,44.0,DIRECT_VISIT,visits_agree,visits,2,No mapped landmark within 200 m; Teachers Colony. Agents report: opposite Govt School. search within ~40 m
AD000234,AC000187,T3,402.3,1838.5,329.0,VISIT_WITH_HINT,prior_only,landmark,0,150 m south-west of Water Tank. search within ~330 m around the pin
AD000235,AC000188,T3,-3565.3,-778.7,33.0,DIRECT_VISIT,visit_1,visits,1,No mapped landmark within 200 m; Green Park Layout. search within ~30 m
AD000236,AC000189,T1,2615.0,-2013.0,35.0,DIRECT_VISIT,visit_1,visits,1,"Park hattira, ~170 m north-west. ~40 m olage huduki"
AD000237,AC000189,T1,-3272.5,1114.0,36.0,DIRECT_VISIT,visit_1,visits,1,No mapped landmark within 200 m. ~40 m olage huduki
AD000238,AC000190,T1,-2863.3,994.9,15.0,DIRECT_VISIT,visits_agree,visits,8,"Post Office hattira, ~120 m north-west. ~20 m olage huduki"
AD000239,AC000191,T3,1069.9,-664.9,13.0,DIRECT_VISIT,visits_disagree,visits,5,No mapped landmark within 200 m; Teachers Colony. Agents report: behind Masjid. search within ~10 m
AD000240,AC000192,T2,1451.5,-1820.4,358.0,VISIT_WITH_HINT,prior_only,neighbours,0,"Girja Ghar ke paas, ~160 m uttar. pin ke aas-paas ~360 m ke andar dhoondo"
AD000241,AC000193,T2,1134.5,857.9,255.0,VISIT_WITH_HINT,prior_only,baseline_street,0,No mapped landmark within 200 m; Gandhi Basti. pin ke aas-paas ~260 m ke andar dhoondo
AD000242,AC000193,T2,2518.0,1452.5,127.0,VISIT_WITH_HINT,prior_only,landmark,0,"Park ke paas, ~180 m paschim. pin ke aas-paas ~130 m ke andar dhoondo"
AD000243,AC000194,T3,1161.8,-656.6,198.0,VISIT_WITH_HINT,prior_only,baseline_street,0,No mapped landmark within 200 m; Teachers Colony. search within ~200 m around the pin
AD000244,AC000194,T3,-3688.3,-530.1,243.0,VISIT_WITH_HINT,prior_only,landmark,0,No mapped landmark within 200 m; Green Park Layout. search within ~240 m around the pin
AD000245,AC000195,T1,1964.2,-1824.7,2278.0,VERIFY_FIRST,prior_only,pincode_area,0,No mapped landmark within 200 m. Location uncertain - verify by phone before visiting
AD000246,AC000195,T1,-1922.0,2463.6,569.0,VERIFY_FIRST,prior_only,locality,0,"Ganapathi Gudi hattira, ~130 m south-east. Location uncertain - verify by phone before visiting"
AD000247,AC000196,T1,820.0,-579.6,17.0,DIRECT_VISIT,visits_agree,visits,3,No mapped landmark within 200 m. Agents report: Anjaneya Gudi hinde. ~20 m olage huduki
AD000248,AC000197,T3,1349.5,-3574.7,329.0,VISIT_WITH_HINT,prior_only,landmark,0,110 m west of Medical Store. search within ~330 m around the pin
AD000249,AC000198,T3,1310.7,-749.0,202.0,VISIT_WITH_HINT,prior_only,baseline_street,0,140 m north of Medical Store. search within ~200 m around the pin
AD000250,AC000199,T2,965.8,2853.7,368.0,VISIT_WITH_HINT,prior_only,neighbours,0,No mapped landmark within 200 m; Azad Mohalla. pin ke aas-paas ~370 m ke andar dhoondo
AD000251,AC000200,T1,-1498.6,569.8,145.0,VISIT_WITH_HINT,visits_disagree,visits,1,"Church hattira, ~90 m south-east. pin suttha ~140 m olage huduki"
AD000252,AC000201,T3,3732.6,414.0,710.0,VERIFY_FIRST,prior_only,landmark,0,60 m west of Bus Stop. Location uncertain - verify by phone before visiting
AD000253,AC000202,T1,540.2,-2857.1,35.0,DIRECT_VISIT,visits_agree,visits,4,"Bus Stop hattira, ~120 m north. Agents report: Bus Stop hattira. ~40 m olage huduki"
AD000254,AC000202,T1,-593.1,-1357.7,329.0,VISIT_WITH_HINT,prior_only,landmark,0,"Church hattira, ~40 m north-west. pin suttha ~330 m olage huduki"
AD000255,AC000203,T1,2363.5,908.2,27.0,DIRECT_VISIT,visits_agree,visits,3,"Sarkari Shale hattira, ~170 m north-east. ~30 m olage huduki"
AD000256,AC000203,T1,-322.3,-1207.0,215.0,VISIT_WITH_HINT,prior_only,landmark,0,"Haalina Dairy hattira, ~100 m south. pin suttha ~220 m olage huduki"
AD000257,AC000204,T1,3054.1,-2283.8,75.0,DIRECT_VISIT,visits_disagree,visits,1,"Ration Angadi hattira, ~130 m south. ~80 m olage huduki"
AD000258,AC000205,T3,-672.8,-3400.8,42.0,DIRECT_VISIT,visits_agree,visits,2,50 m south-west of Hanuman Temple. Agents report: near Hanuman Temple. search within ~40 m
AD000259,AC000206,T1,2834.8,-2357.2,32.0,DIRECT_VISIT,visit_1,visits,1,"Anjaneya Gudi hattira, ~40 m west. ~30 m olage huduki"
AD000260,AC000207,T1,1026.0,-445.5,40.0,DIRECT_VISIT,visits_disagree,visits,2,"Anjaneya Gudi hattira, ~70 m west. ~40 m olage huduki"
AD000261,AC000208,T2,1149.1,-58.5,403.0,VISIT_WITH_HINT,prior_only,locality,0,"Bus Stop ke paas, ~170 m uttar. pin ke aas-paas ~400 m ke andar dhoondo"
AD000262,AC000208,OUT,,,,CANNOT_GEOCODE,out_of_territory,out_of_territory,0,Outside service area - verify address
AD000263,AC000209,T2,945.3,2621.4,329.0,VISIT_WITH_HINT,prior_only,landmark,0,"Sarkari School ke paas, ~50 m uttar-purab. pin ke aas-paas ~330 m ke andar dhoondo"
AD000264,AC000209,T2,3067.9,461.2,387.0,VISIT_WITH_HINT,prior_only,neighbours,0,No mapped landmark within 200 m; Nehru Colony. pin ke aas-paas ~390 m ke andar dhoondo
AD000265,AC000210,T1,2793.0,769.4,255.0,VISIT_WITH_HINT,prior_only,baseline_street,0,"Ration Angadi hattira, ~50 m west. pin suttha ~260 m olage huduki"
AD000266,AC000211,T2,2516.1,1178.0,437.0,VISIT_WITH_HINT,prior_only,locality,0,No mapped landmark within 200 m; Ram Nagar. pin ke aas-paas ~440 m ke andar dhoondo
AD000267,AC000212,T2,2464.8,-1135.8,34.0,DIRECT_VISIT,visit_1,visits,1,"Daakghar ke paas, ~60 m uttar. Agents report: Daakghar ke paas. ~30 m ke andar dhoondo"
AD000268,AC000213,T2,975.0,3040.0,31.0,DIRECT_VISIT,visits_agree,visits,2,"Petrol Pump ke paas, ~100 m dakshin-purab. ~30 m ke andar dhoondo"
AD000269,AC000214,T1,-2069.9,-2224.5,329.0,VISIT_WITH_HINT,prior_only,landmark,0,"Bus Stop hattira, ~70 m south-west. pin suttha ~330 m olage huduki"
AD000270,AC000215,T3,916.2,-837.5,569.0,VERIFY_FIRST,prior_only,locality,0,No mapped landmark within 200 m; Teachers Colony. Location uncertain - verify by phone before visiting
AD000271,AC000215,OUT,,,,CANNOT_GEOCODE,out_of_territory,out_of_territory,0,Outside service area - verify address
AD000272,AC000216,T3,-2367.0,-524.9,41.0,DIRECT_VISIT,visit_1,visits,1,100 m south-west of Post Office. Agents report: opposite Post Office. search within ~40 m
AD000273,AC000216,T3,-1435.0,-1537.7,9110.0,VERIFY_FIRST,prior_only,pincode_area,0,180 m north-west of Hanuman Temple. Location uncertain - verify by phone before visiting
AD000274,AC000217,T1,88.2,-3090.1,133.0,VISIT_WITH_HINT,prior_only,neighbours,0,No mapped landmark within 200 m; Basava Nagar. pin suttha ~130 m olage huduki
AD000275,AC000218,T2,1713.0,-2106.1,51.0,DIRECT_VISIT,visit_1,visits,1,No mapped landmark within 200 m. Agents report: Dawai ki Dukaan ke saamne. ~50 m ke andar dhoondo
AD000276,AC000219,T1,406.6,2307.7,569.0,VERIFY_FIRST,prior_only,locality,0,"Ganapathi Gudi hattira, ~160 m south. Location uncertain - verify by phone before visiting"
AD000277,AC000219,T1,-1050.4,-3254.3,569.0,VERIFY_FIRST,prior_only,locality,0,"Sarkari Shale hattira, ~160 m north-east. Location uncertain - verify by phone before visiting"
AD000278,AC000220,T2,-1876.0,-2731.2,255.0,VISIT_WITH_HINT,prior_only,baseline_street,0,"Sarkari School ke paas, ~70 m dakshin. pin ke aas-paas ~260 m ke andar dhoondo"
AD000279,AC000221,T3,-4056.3,-680.0,79.0,DIRECT_VISIT,visit_1,visits,1,170 m south-west of Community Hall. search within ~80 m
AD000280,AC000221,T3,1261.2,-1087.1,78.0,DIRECT_VISIT,visit_1,visits,1,No mapped landmark within 200 m; Teachers Colony. search within ~80 m
AD000281,AC000222,T1,991.1,-2735.6,55.0,DIRECT_VISIT,visit_1,visits,1,No mapped landmark within 200 m; Gandhi Nagar. Agents report: Ration Angadi hattira. ~60 m olage huduki
AD000282,AC000223,T3,766.6,-3964.0,255.0,VISIT_WITH_HINT,prior_only,baseline_street,0,110 m south of Petrol Bunk. search within ~260 m around the pin
AD000283,AC000223,OUT,,,,CANNOT_GEOCODE,out_of_territory,out_of_territory,0,Outside service area - verify address
AD000284,AC000224,T2,-445.5,3062.5,16.0,DIRECT_VISIT,visits_disagree,visits,5,No mapped landmark within 200 m; Ambedkar Nagar. Agents report: Sarkari School ke paas. ~20 m ke andar dhoondo
AD000285,AC000225,T1,368.8,2789.5,26.0,DIRECT_VISIT,visits_agree,visits,2,"Church hattira, ~110 m north-east. Agents report: Church eduru. ~30 m olage huduki"
AD000286,AC000226,T1,409.9,-3325.2,21.0,DIRECT_VISIT,visits_agree,visits,5,No mapped landmark within 200 m; Gandhi Nagar. Agents report: Church hinde. ~20 m olage huduki
AD000287,AC000227,T1,2773.6,-2407.4,25.0,DIRECT_VISIT,visits_disagree,visits,5,"Anjaneya Gudi hattira, ~110 m south-west. Agents report: Anjaneya Gudi hattira. ~20 m olage huduki"
AD000288,AC000228,T3,-3029.5,-595.5,22.0,DIRECT_VISIT,visits_agree,visits,3,180 m west of Bus Stop. Agents report: near Medical Store. search within ~20 m
AD000289,AC000228,OUT,,,,CANNOT_GEOCODE,out_of_territory,out_of_territory,0,Outside service area - verify address
AD000290,AC000229,T2,2826.2,143.7,16.0,DIRECT_VISIT,visits_disagree,visits,6,"Samudayik Bhavan ke paas, ~150 m dakshin-paschim. Agents report: Samudayik Bhavan ke right side. Look for: blue gate. ~20 m ke andar dhoondo"
AD000291,AC000230,T3,3446.8,512.8,243.0,VISIT_WITH_HINT,prior_only,landmark,0,70 m south-west of Milk Dairy. search within ~240 m around the pin
AD000292,AC000231,T1,433.6,2325.6,29.0,DIRECT_VISIT,visit_1,visits,1,"Ganapathi Gudi hattira, ~160 m south-east. Agents report: Ganapathi Gudi hattira. ~30 m olage huduki"
AD000293,AC000232,T1,2581.4,624.1,20.0,DIRECT_VISIT,visit_1,visits,1,No mapped landmark within 200 m; Vidya Nagar. ~20 m olage huduki
AD000294,AC000233,T2,896.7,-1892.3,2278.0,VERIFY_FIRST,prior_only,pincode_area,0,"Ration ki Dukaan ke paas, ~150 m paschim. Location uncertain - verify by phone before visiting"
AD000295,AC000234,T2,1382.9,-2343.0,196.0,VISIT_WITH_HINT,prior_only,landmark,0,"Masjid ke paas, ~180 m uttar. pin ke aas-paas ~200 m ke andar dhoondo"
AD000296,AC000234,T2,2832.8,566.8,274.0,VISIT_WITH_HINT,prior_only,landmark,0,"Bus Stop ke paas, ~180 m purab. pin ke aas-paas ~270 m ke andar dhoondo"
AD000297,AC000235,T1,2856.9,-2354.6,126.0,VISIT_WITH_HINT,prior_only,neighbours,0,"Anjaneya Gudi hattira, ~20 m south-west. pin suttha ~130 m olage huduki"
AD000298,AC000235,T1,51.9,2722.6,255.0,VISIT_WITH_HINT,prior_only,baseline_street,0,"Sarkari Shale hattira, ~120 m west. pin suttha ~260 m olage huduki"
AD000299,AC000236,T1,1673.2,-1466.2,2278.0,VERIFY_FIRST,prior_only,pincode_area,0,No mapped landmark within 200 m. Location uncertain - verify by phone before visiting
AD000300,AC000237,T3,-2651.0,1495.5,231.0,VISIT_WITH_HINT,prior_only,neighbours,0,No mapped landmark within 200 m; Railway Colony. search within ~230 m around the pin
AD000301,AC000238,T2,-565.1,-421.5,285.0,VISIT_WITH_HINT,prior_only,landmark,0,"Paani ki Tanki ke paas, ~120 m uttar-purab. pin ke aas-paas ~280 m ke andar dhoondo"
AD000302,AC000239,T1,1104.1,-240.4,837.0,VERIFY_FIRST,prior_only,locality,0,"Anjaneya Gudi hattira, ~180 m north. Location uncertain - verify by phone before visiting"
AD000303,AC000240,T3,3577.4,607.2,37.0,DIRECT_VISIT,visits_disagree,visits,3,60 m north-west of Ration Shop. Agents report: near Ration Shop. search within ~40 m
AD000304,AC000241,T2,665.0,2624.8,274.0,VISIT_WITH_HINT,prior_only,landmark,0,"Samudayik Bhavan ke paas, ~170 m purab. pin ke aas-paas ~270 m ke andar dhoondo"
AD000305,AC000242,T3,-2533.8,1569.6,569.0,VERIFY_FIRST,prior_only,locality,0,70 m west of Bus Stop. Location uncertain - verify by phone before visiting
AD000306,AC000243,T3,3702.5,490.7,227.0,VISIT_WITH_HINT,prior_only,neighbours,0,110 m south-east of Ration Shop. search within ~230 m around the pin
AD000307,AC000244,T1,-2834.0,997.2,65.0,DIRECT_VISIT,visit_1,visits,1,"Post Office hattira, ~110 m north. ~60 m olage huduki"
AD000308,AC000245,T3,3795.4,261.2,175.0,VISIT_WITH_HINT,prior_only,neighbours,0,150 m south of Bus Stop. search within ~180 m around the pin
AD000309,AC000246,T1,2775.7,-1817.0,117.0,VISIT_WITH_HINT,visits_disagree,visits,4,No mapped landmark within 200 m; Nehru Colony. Agents report: Ganapathi Gudi eduru. pin suttha ~120 m olage huduki
AD000310,AC000247,T1,-2316.7,-2315.0,396.0,VISIT_WITH_HINT,prior_only,landmark,0,"Neerina Tank hattira, ~30 m east. pin suttha ~400 m olage huduki"
AD000311,AC000248,T2,985.4,2690.9,569.0,VERIFY_FIRST,prior_only,locality,0,"Bus Stop ke paas, ~120 m paschim. Location uncertain - verify by phone before visiting"
AD000312,AC000249,T3,458.0,1551.8,329.0,VISIT_WITH_HINT,prior_only,landmark,0,30 m east of Bus Stop. search within ~330 m around the pin
AD000313,AC000249,T3,-2338.2,-423.6,175.0,VISIT_WITH_HINT,prior_only,neighbours,0,90 m north-west of Post Office. search within ~180 m around the pin
AD000314,AC000250,T1,2536.8,-2130.5,25.0,DIRECT_VISIT,visits_agree,visits,3,No mapped landmark within 200 m; Nehru Colony. Agents report: Park hinde. ~20 m olage huduki
AD000315,AC000250,T1,-1024.7,-3255.9,255.0,VISIT_WITH_HINT,prior_only,baseline_street,0,"Sarkari Shale hattira, ~170 m north-east. pin suttha ~260 m olage huduki"
AD000316,AC000251,T1,2396.9,-2149.3,19.0,DIRECT_VISIT,visits_disagree,visits,5,No mapped landmark within 200 m; Nehru Colony. ~20 m olage huduki
AD000317,AC000251,T1,-3047.6,1408.8,396.0,VISIT_WITH_HINT,prior_only,landmark,0,"Samudaya Bhavana hattira, ~40 m east. pin suttha ~400 m olage huduki"
AD000318,AC000252,T1,1201.0,-175.6,140.0,VISIT_WITH_HINT,prior_only,neighbours,0,No mapped landmark within 200 m; Kuvempu Layout. pin suttha ~140 m olage huduki
AD000319,AC000253,T1,2753.1,-2076.6,837.0,VERIFY_FIRST,prior_only,locality,0,"Medical Store hattira, ~50 m north-west. Location uncertain - verify by phone before visiting"
AD000320,AC000253,T1,2021.5,-916.3,55.0,DIRECT_VISIT,visit_1,visits,1,"Park hattira, ~110 m west. ~60 m olage huduki"
AD000321,AC000254,T1,-2299.4,-2351.0,329.0,VISIT_WITH_HINT,prior_only,landmark,0,"Neerina Tank hattira, ~60 m south-east. pin suttha ~330 m olage huduki"
AD000322,AC000255,T1,3075.0,-2146.8,175.0,VISIT_WITH_HINT,visits_disagree,visits,1,"Ration Angadi hattira, ~30 m north-east. Agents report: Bus Stop eduru. pin suttha ~180 m olage huduki"
AD000323,AC000256,T3,-2527.0,1866.8,91.0,DIRECT_VISIT,visits_agree,visits,5,170 m south-east of Govt School. search within ~90 m
AD000324,AC000257,T3,-2645.0,1718.0,20.0,DIRECT_VISIT,visits_agree,visits,8,No mapped landmark within 200 m; Railway Colony. Agents report: right side of Petrol Bunk. Look for: blue gate. search within ~20 m
AD000325,AC000257,T3,-3131.9,-577.2,304.0,VISIT_WITH_HINT,prior_only,neighbours,0,No mapped landmark within 200 m; Green Park Layout. search within ~300 m around the pin
AD000326,AC000258,T3,-2815.3,-593.8,396.0,VISIT_WITH_HINT,prior_only,landmark,0,40 m south-east of Bus Stop. search within ~400 m around the pin
AD000327,AC000259,T1,898.3,57.7,329.0,VISIT_WITH_HINT,prior_only,landmark,0,"Ration Angadi hattira, ~140 m south-east. pin suttha ~330 m olage huduki"
AD000328,AC000260,T1,314.0,-2880.0,17.0,DIRECT_VISIT,visits_agree,visits,5,"Neerina Tank hattira, ~190 m north. ~20 m olage huduki"
AD000329,AC000260,OUT,,,,CANNOT_GEOCODE,out_of_territory,out_of_territory,0,Outside service area - verify address
AD000330,AC000261,T2,2659.9,-1165.9,44.0,DIRECT_VISIT,visit_1,visits,1,"Paani ki Tanki ke paas, ~170 m uttar-purab. Agents report: Paani ki Tanki ke peeche. ~40 m ke andar dhoondo"
AD000331,AC000261,T2,3106.5,708.8,403.0,VISIT_WITH_HINT,prior_only,locality,0,No mapped landmark within 200 m; Nehru Colony. pin ke aas-paas ~400 m ke andar dhoondo
AD000332,AC000262,T2,-567.3,3234.9,279.0,VISIT_WITH_HINT,prior_only,landmark,0,"Hanuman Mandir ke paas, ~160 m dakshin. pin ke aas-paas ~280 m ke andar dhoondo"
AD000333,AC000263,T2,952.7,2643.7,285.0,VISIT_WITH_HINT,prior_only,landmark,0,"Sarkari School ke paas, ~70 m uttar-purab. pin ke aas-paas ~280 m ke andar dhoondo"
AD000334,AC000264,T1,760.5,-3061.4,329.0,VISIT_WITH_HINT,prior_only,landmark,0,"Samudaya Bhavana hattira, ~30 m north-east. pin suttha ~330 m olage huduki"
AD000335,AC000265,T3,3325.0,-1715.3,329.0,VISIT_WITH_HINT,prior_only,landmark,0,110 m south-east of Ration Shop. search within ~330 m around the pin
AD000336,AC000266,T2,1158.7,-2030.3,24.0,DIRECT_VISIT,visits_agree,visits,3,"Sarkari School ke paas, ~30 m uttar-paschim. ~20 m ke andar dhoondo"
AD000337,AC000266,T2,1453.5,-2017.1,42.0,DIRECT_VISIT,visits_agree,visits,3,"Girja Ghar ke paas, ~30 m dakshin. ~40 m ke andar dhoondo"
AD000338,AC000267,T2,1214.1,-2013.8,24.0,DIRECT_VISIT,visits_agree,visits,3,"Sarkari School ke paas, ~40 m uttar-purab. ~20 m ke andar dhoondo"
AD000339,AC000268,T2,1485.4,-1822.2,358.0,VISIT_WITH_HINT,prior_only,neighbours,0,"Girja Ghar ke paas, ~170 m uttar. pin ke aas-paas ~360 m ke andar dhoondo"
AD000340,AC000269,T1,-782.2,-1266.2,329.0,VISIT_WITH_HINT,prior_only,landmark,0,"Ration Angadi hattira, ~100 m east. pin suttha ~330 m olage huduki"
AD000341,AC000270,T1,473.6,2310.7,133.0,VISIT_WITH_HINT,prior_only,neighbours,0,"Ganapathi Gudi hattira, ~190 m south-east. pin suttha ~130 m olage huduki"
AD000342,AC000271,T3,3558.9,-37.0,39.0,DIRECT_VISIT,visits_agree,visits,2,No mapped landmark within 200 m; Lakeview Phase 2. Agents report: behind Bus Stop. search within ~40 m
AD000343,AC000272,T2,2970.9,632.7,437.0,VISIT_WITH_HINT,prior_only,locality,0,"Paani ki Tanki ke paas, ~190 m dakshin-purab. pin ke aas-paas ~440 m ke andar dhoondo"
AD000344,AC000273,T1,-1167.5,-3257.9,329.0,VISIT_WITH_HINT,prior_only,landmark,0,"Medical Store hattira, ~100 m north-east. pin suttha ~330 m olage huduki"
AD000345,AC000274,T1,593.8,-2982.5,837.0,VERIFY_FIRST,prior_only,locality,0,"Bus Stop hattira, ~50 m east. Location uncertain - verify by phone before visiting"
AD000346,AC000275,T1,-1495.7,262.4,215.0,VISIT_WITH_HINT,prior_only,landmark,0,"Petrol Bunk hattira, ~120 m south-west. pin suttha ~220 m olage huduki"
AD000347,AC000276,T3,1448.8,-3567.5,396.0,VISIT_WITH_HINT,prior_only,landmark,0,40 m north of Medical Store. search within ~400 m around the pin
AD000348,AC000277,T3,-820.2,-902.3,46.0,DIRECT_VISIT,visits_agree,visits,2,190 m south of Milk Dairy. Agents report: near Milk Dairy. search within ~50 m
AD000349,AC000278,T2,811.4,2664.5,403.0,VISIT_WITH_HINT,prior_only,locality,0,"Sarkari School ke paas, ~120 m uttar-paschim. pin ke aas-paas ~400 m ke andar dhoondo"
AD000350,AC000278,T2,-319.1,1029.0,396.0,VISIT_WITH_HINT,prior_only,landmark,0,"Masjid ke paas, ~40 m uttar. pin ke aas-paas ~400 m ke andar dhoondo"
AD000351,AC000279,T3,-157.5,2758.3,161.0,VISIT_WITH_HINT,prior_only,neighbours,0,No mapped landmark within 200 m; Sunrise Enclave. search within ~160 m around the pin
AD000352,AC000280,T2,2986.4,610.2,437.0,VISIT_WITH_HINT,prior_only,locality,0,No mapped landmark within 200 m; Nehru Colony. pin ke aas-paas ~440 m ke andar dhoondo
AD000353,AC000280,T2,2178.8,2028.6,329.0,VISIT_WITH_HINT,prior_only,landmark,0,"Sarkari School ke paas, ~130 m dakshin-purab. pin ke aas-paas ~330 m ke andar dhoondo"
AD000354,AC000281,T3,965.5,-1038.4,53.0,DIRECT_VISIT,visits_disagree,visits,2,No mapped landmark within 200 m; Teachers Colony. Agents report: behind Govt School. search within ~50 m
AD000355,AC000282,T2,693.7,-3291.5,25.0,DIRECT_VISIT,visits_disagree,visits,6,"Bus Stop ke paas, ~30 m uttar-paschim. Agents report: Bus Stop ke right side. Look for: blue gate. ~20 m ke andar dhoondo"
AD000356,AC000283,T3,1180.5,-3645.9,329.0,VISIT_WITH_HINT,prior_only,landmark,0,20 m east of Water Tank. search within ~330 m around the pin
AD000357,AC000284,T3,408.6,1479.2,257.0,VISIT_WITH_HINT,prior_only,landmark,0,70 m south of Bus Stop. search within ~260 m around the pin
AD000358,AC000285,T2,682.9,-142.0,137.0,VISIT_WITH_HINT,visits_disagree,visits,2,No mapped landmark within 200 m; Indira Colony. Agents report: Sarkari School ke saamne. pin ke aas-paas ~140 m ke andar dhoondo
AD000359,AC000286,T1,-2457.3,-2639.0,24.0,DIRECT_VISIT,visits_agree,visits,3,No mapped landmark within 200 m; Shanthi Nagar. ~20 m olage huduki
AD000360,AC000287,T1,3066.4,-2378.0,23.0,DIRECT_VISIT,visits_disagree,visits,5,"Anjaneya Gudi hattira, ~200 m east. Agents report: Ration Angadi eduru. ~20 m olage huduki"
AD000361,AC000288,T1,-1023.0,-3075.9,569.0,VERIFY_FIRST,prior_only,locality,0,No mapped landmark within 200 m; Basava Nagar. Location uncertain - verify by phone before visiting
AD000362,AC000288,T1,-2206.3,-2435.0,569.0,VERIFY_FIRST,prior_only,locality,0,"Sarkari Shale hattira, ~40 m south-west. Location uncertain - verify by phone before visiting"
AD000363,AC000289,T1,2713.8,-2619.2,20.0,DIRECT_VISIT,visits_agree,visits,4,No mapped landmark within 200 m; Siddeshwara Colony. ~20 m olage huduki
AD000364,AC000290,T2,877.3,-3391.8,38.0,DIRECT_VISIT,visit_1,visits,1,"Bus Stop ke paas, ~180 m dakshin-purab. ~40 m ke andar dhoondo"
AD000365,AC000291,T2,3082.7,541.1,49.0,DIRECT_VISIT,visits_agree,visits,2,No mapped landmark within 200 m. Agents report: Dawai ki Dukaan ke right side. Look for: blue gate. ~50 m ke andar dhoondo
AD000366,AC000292,T1,1432.5,209.6,215.0,VISIT_WITH_HINT,prior_only,landmark,0,No mapped landmark within 200 m; Kuvempu Layout. pin suttha ~220 m olage huduki
AD000367,AC000293,T3,-2968.9,-244.6,194.0,VISIT_WITH_HINT,prior_only,neighbours,0,No mapped landmark within 200 m; Silver Oak Layout. search within ~190 m around the pin
AD000368,AC000293,T3,-2437.7,1703.6,231.0,VISIT_WITH_HINT,prior_only,neighbours,0,120 m north of Bus Stop. search within ~230 m around the pin
AD000369,AC000294,T1,714.9,-3220.6,19.0,DIRECT_VISIT,visits_disagree,visits,6,"Samudaya Bhavana hattira, ~150 m south. Agents report: Samudaya Bhavana eduru. ~20 m olage huduki"
AD000370,AC000294,T1,3052.1,-1970.9,140.0,VISIT_WITH_HINT,prior_only,neighbours,0,"Ration Angadi hattira, ~190 m north. pin suttha ~140 m olage huduki"
AD000371,AC000295,T1,793.6,-3250.3,133.0,VISIT_WITH_HINT,prior_only,neighbours,0,"Samudaya Bhavana hattira, ~180 m south. pin suttha ~130 m olage huduki"
AD000372,AC000296,T1,718.5,-3073.8,569.0,VERIFY_FIRST,prior_only,locality,0,"Samudaya Bhavana hattira, ~20 m west. Location uncertain - verify by phone before visiting"
AD000373,AC000296,OUT,,,,CANNOT_GEOCODE,out_of_territory,out_of_territory,0,Outside service area - verify address
AD000374,AC000297,T3,1081.0,-1172.9,161.0,VISIT_WITH_HINT,prior_only,neighbours,0,No mapped landmark within 200 m; Teachers Colony. search within ~160 m around the pin
AD000375,AC000297,T3,-786.0,-2130.7,126.0,VISIT_WITH_HINT,prior_only,landmark,0,No mapped landmark within 200 m; Defence Colony. search within ~130 m around the pin
AD000376,AC000298,T2,1856.7,1637.7,3348.0,VERIFY_FIRST,prior_only,pincode_area,0,"Masjid ke paas, ~100 m dakshin-paschim. Location uncertain - verify by phone before visiting"
AD000377,AC000299,T1,-1035.5,-3128.7,569.0,VERIFY_FIRST,prior_only,locality,0,No mapped landmark within 200 m; Basava Nagar. Location uncertain - verify by phone before visiting
AD000378,AC000300,T1,-860.0,-1391.8,120.0,VISIT_WITH_HINT,prior_only,neighbours,0,"Ration Angadi hattira, ~110 m south. pin suttha ~120 m olage huduki"
AD000379,AC000301,T2,-1947.4,-2483.2,25.0,DIRECT_VISIT,visits_disagree,visits,3,"Ration ki Dukaan ke paas, ~70 m paschim. Agents report: Ration ki Dukaan ke saamne. ~20 m ke andar dhoondo"
AD000380,AC000302,T3,-2674.5,1672.1,231.0,VISIT_WITH_HINT,prior_only,neighbours,0,No mapped landmark within 200 m; Railway Colony. search within ~230 m around the pin
AD000381,AC000303,T2,450.2,-3172.3,372.0,VISIT_WITH_HINT,prior_only,neighbours,0,"Ration ki Dukaan ke paas, ~90 m uttar. pin ke aas-paas ~370 m ke andar dhoondo"
AD000382,AC000304,T2,3112.3,683.9,403.0,VISIT_WITH_HINT,prior_only,locality,0,No mapped landmark within 200 m; Nehru Colony. pin ke aas-paas ~400 m ke andar dhoondo
AD000383,AC000305,T2,238.6,1311.7,255.0,VISIT_WITH_HINT,prior_only,baseline_street,0,"Ration ki Dukaan ke paas, ~150 m uttar-purab. pin ke aas-paas ~260 m ke andar dhoondo"
AD000384,AC000306,T1,-2311.8,-2317.9,329.0,VISIT_WITH_HINT,prior_only,landmark,0,"Neerina Tank hattira, ~40 m east. pin suttha ~330 m olage huduki"
AD000385,AC000307,T2,2645.8,-1183.1,43.0,DIRECT_VISIT,visits_agree,visits,2,"Paani ki Tanki ke paas, ~150 m uttar-purab. Agents report: Paani ki Tanki ke saamne. ~40 m ke andar dhoondo"
AD000386,AC000308,T2,1345.7,155.7,44.0,DIRECT_VISIT,visits_agree,visits,2,"Hanuman Mandir ke paas, ~140 m dakshin. Agents report: Hanuman Mandir ke peeche. ~40 m ke andar dhoondo"
AD000387,AC000308,T2,-385.4,1683.3,125.0,VISIT_WITH_HINT,visits_disagree,visits,3,No mapped landmark within 200 m; Tilak Nagar. Agents report: Hanuman Mandir ke right side. Look for: blue gate. pin ke aas-paas ~120 m ke andar dhoondo
AD000388,AC000309,T3,834.2,-1115.0,149.0,VISIT_WITH_HINT,prior_only,neighbours,0,110 m south-east of Church. search within ~150 m around the pin
AD000389,AC000310,T1,2828.6,-1776.5,41.0,DIRECT_VISIT,visits_agree,visits,3,No mapped landmark within 200 m. ~40 m olage huduki
AD000390,AC000311,T1,1995.7,-1201.8,329.0,VISIT_WITH_HINT,prior_only,landmark,0,"Anjaneya Gudi hattira, ~40 m north. pin suttha ~330 m olage huduki"
AD000391,AC000311,T1,789.1,-2640.3,140.0,VISIT_WITH_HINT,prior_only,neighbours,0,"Ration Angadi hattira, ~180 m north-east. pin suttha ~140 m olage huduki"
AD000392,AC000312,T2,364.2,-3034.9,396.0,VISIT_WITH_HINT,prior_only,landmark,0,"Ganesh Mandir ke paas, ~60 m uttar-purab. pin ke aas-paas ~400 m ke andar dhoondo"
AD000393,AC000313,T3,1824.7,1521.5,2278.0,VERIFY_FIRST,prior_only,pincode_area,0,No mapped landmark within 200 m. Location uncertain - verify by phone before visiting
AD000394,AC000314,T2,671.7,2658.2,329.0,VISIT_WITH_HINT,prior_only,landmark,0,"Samudayik Bhavan ke paas, ~180 m purab. pin ke aas-paas ~330 m ke andar dhoondo"
AD000395,AC000315,T3,3648.4,533.9,275.0,VISIT_WITH_HINT,prior_only,neighbours,0,40 m south-east of Ration Shop. search within ~280 m around the pin
AD000396,AC000315,T3,-719.2,-422.9,234.0,VISIT_WITH_HINT,prior_only,landmark,0,70 m north-east of Post Office. search within ~230 m around the pin
AD000397,AC000316,T3,3115.5,-1948.5,25.0,DIRECT_VISIT,visits_agree,visits,5,No mapped landmark within 200 m; Palm Meadows. Agents report: near Post Office. search within ~20 m
AD000398,AC000317,T3,-2287.0,1348.6,32.0,DIRECT_VISIT,visit_1,visits,1,100 m south-west of Community Hall. search within ~30 m
AD000399,AC000317,T3,3326.2,-2158.1,175.0,VISIT_WITH_HINT,prior_only,neighbours,0,160 m south-west of Water Tank. search within ~180 m around the pin
AD000400,AC000318,T2,-1956.8,-2726.4,31.0,DIRECT_VISIT,visit_1,visits,1,"Sarkari School ke paas, ~110 m dakshin-paschim. ~30 m ke andar dhoondo"
AD000401,AC000319,T3,-2244.9,1684.1,411.0,VISIT_WITH_HINT,prior_only,neighbours,0,150 m north-west of Ganesh Temple. search within ~410 m around the pin
AD000402,AC000320,T3,-2581.8,1800.8,149.0,VISIT_WITH_HINT,prior_only,neighbours,0,No mapped landmark within 200 m; Railway Colony. search within ~150 m around the pin
AD000403,AC000320,T3,-2744.9,1631.0,329.0,VISIT_WITH_HINT,prior_only,landmark,0,130 m east of Milk Dairy. search within ~330 m around the pin
AD000404,AC000321,T2,2982.4,985.6,37.0,DIRECT_VISIT,visits_agree,visits,2,"Ration ki Dukaan ke paas, ~90 m uttar-purab. ~40 m ke andar dhoondo"
AD000405,AC000322,T2,2413.8,2034.9,329.0,VISIT_WITH_HINT,prior_only,landmark,0,"Hanuman Mandir ke paas, ~50 m uttar-paschim. pin ke aas-paas ~330 m ke andar dhoondo"
AD000406,AC000323,T1,2726.2,836.7,329.0,VISIT_WITH_HINT,prior_only,landmark,0,"Ration Angadi hattira, ~140 m north-west. pin suttha ~330 m olage huduki"
AD000407,AC000324,T2,2430.3,-767.2,51.0,DIRECT_VISIT,visit_1,visits,1,No mapped landmark within 200 m; Krishna Puri. ~50 m ke andar dhoondo
AD000408,AC000324,T2,2543.5,-1182.8,276.0,VISIT_WITH_HINT,prior_only,landmark,0,"Daakghar ke paas, ~100 m purab. pin ke aas-paas ~280 m ke andar dhoondo"
AD000409,AC000325,T3,807.4,-1008.9,329.0,VISIT_WITH_HINT,prior_only,landmark,0,80 m east of Govt School. search within ~330 m around the pin
AD000410,AC000325,T3,1461.3,-3576.9,396.0,VISIT_WITH_HINT,prior_only,landmark,0,40 m north of Medical Store. search within ~400 m around the pin
AD000411,AC000326,T3,3745.8,441.7,1230.0,VERIFY_FIRST,prior_only,locality,0,50 m north-west of Bus Stop. Location uncertain - verify by phone before visiting
AD000412,AC000327,T2,1230.5,-2089.0,36.0,DIRECT_VISIT,visits_disagree,visits,3,"Doodh Dairy ke paas, ~60 m dakshin-paschim. Agents report: Doodh Dairy ke saamne. ~40 m ke andar dhoondo"
AD000413,AC000327,OUT,,,,CANNOT_GEOCODE,out_of_territory,out_of_territory,0,Outside service area - verify address
AD000414,AC000328,T3,-1042.8,-515.9,175.0,VISIT_WITH_HINT,prior_only,neighbours,0,20 m north-west of Govt School. search within ~180 m around the pin
AD000415,AC000328,OUT,,,,CANNOT_GEOCODE,out_of_territory,out_of_territory,0,Outside service area - verify address
AD000416,AC000329,T1,-717.4,-1553.7,255.0,VISIT_WITH_HINT,prior_only,baseline_street,0,No mapped landmark within 200 m; Hosa Badavane. pin suttha ~260 m olage huduki
AD000417,AC000330,T3,-2602.0,1348.5,149.0,VISIT_WITH_HINT,prior_only,neighbours,0,No mapped landmark within 200 m; Railway Colony. search within ~150 m around the pin
AD000418,AC000331,T2,2917.6,732.0,329.0,VISIT_WITH_HINT,prior_only,landmark,0,"Paani ki Tanki ke paas, ~90 m dakshin-purab. pin ke aas-paas ~330 m ke andar dhoondo"
AD000419,AC000332,T2,1923.8,-2314.7,44.0,DIRECT_VISIT,visits_agree,visits,2,No mapped landmark within 200 m; Patel Nagar. ~40 m ke andar dhoondo
AD000420,AC000333,T2,3047.6,-1256.5,56.0,DIRECT_VISIT,visits_agree,visits,4,No mapped landmark within 200 m; Krishna Puri. ~60 m ke andar dhoondo
AD000421,AC000334,T3,-3669.9,-800.0,194.0,VISIT_WITH_HINT,prior_only,neighbours,0,No mapped landmark within 200 m; Green Park Layout. search within ~190 m around the pin
AD000422,AC000334,T3,-1285.6,-2235.7,191.0,VISIT_WITH_HINT,prior_only,landmark,0,80 m north-west of Church. search within ~190 m around the pin
AD000423,AC000335,T1,-1134.8,357.3,329.0,VISIT_WITH_HINT,prior_only,landmark,0,"Ganapathi Gudi hattira, ~30 m north-west. pin suttha ~330 m olage huduki"
AD000424,AC000336,T2,2905.0,330.6,26.0,DIRECT_VISIT,visits_disagree,visits,8,"Samudayik Bhavan ke paas, ~130 m uttar-paschim. Agents report: Samudayik Bhavan ke saamne. ~30 m ke andar dhoondo"
AD000425,AC000336,OUT,,,,CANNOT_GEOCODE,out_of_territory,out_of_territory,0,Outside service area - verify address
AD000426,AC000337,T3,835.1,-1185.8,50.0,DIRECT_VISIT,visits_agree,visits,2,160 m south-east of Church. Agents report: behind Ration Shop. search within ~50 m
AD000427,AC000337,T3,-1125.2,-331.1,65.0,DIRECT_VISIT,visit_1,visits,1,No mapped landmark within 200 m; HMT Colony. search within ~60 m
AD000428,AC000338,T1,2891.1,-2706.4,38.0,DIRECT_VISIT,visits_agree,visits,3,No mapped landmark within 200 m; Nehru Colony. ~40 m olage huduki
AD000429,AC000338,T1,704.2,-3083.6,329.0,VISIT_WITH_HINT,prior_only,landmark,0,"Samudaya Bhavana hattira, ~40 m west. pin suttha ~330 m olage huduki"
AD000430,AC000339,T2,1710.2,-1990.4,166.0,VISIT_WITH_HINT,visits_disagree,visits,2,No mapped landmark within 200 m; Patel Nagar. Agents report: Girja Ghar ke right side. Look for: blue gate. pin ke aas-paas ~170 m ke andar dhoondo
AD000431,AC000339,OUT,,,,CANNOT_GEOCODE,out_of_territory,out_of_territory,0,Outside service area - verify address
AD000432,AC000340,T2,1427.4,-1972.2,372.0,VISIT_WITH_HINT,prior_only,neighbours,0,"Girja Ghar ke paas, ~20 m uttar-paschim. pin ke aas-paas ~370 m ke andar dhoondo"
AD000433,AC000341,T3,3841.9,181.8,56.0,DIRECT_VISIT,visits_disagree,visits,1,No mapped landmark within 200 m. search within ~60 m
AD000434,AC000342,T3,-419.2,-365.9,243.0,VISIT_WITH_HINT,prior_only,landmark,0,140 m south-west of Hanuman Temple. search within ~240 m around the pin
AD000435,AC000343,T1,-1807.2,2285.1,329.0,VISIT_WITH_HINT,prior_only,landmark,0,"Sarkari Shale hattira, ~60 m east. pin suttha ~330 m olage huduki"
AD000436,AC000344,T3,2015.1,1058.7,2278.0,VERIFY_FIRST,prior_only,pincode_area,0,No mapped landmark within 200 m. Location uncertain - verify by phone before visiting
AD000437,AC000345,T2,-683.2,3217.2,215.0,VISIT_WITH_HINT,prior_only,landmark,0,No mapped landmark within 200 m; Ambedkar Nagar. pin ke aas-paas ~220 m ke andar dhoondo
AD000438,AC000346,T2,821.9,2510.8,569.0,VERIFY_FIRST,prior_only,neighbours,0,"Sarkari School ke paas, ~110 m dakshin-paschim. Location uncertain - verify by phone before visiting"
AD000439,AC000346,T2,1221.6,191.3,279.0,VISIT_WITH_HINT,prior_only,landmark,0,"Hanuman Mandir ke paas, ~130 m dakshin-paschim. pin ke aas-paas ~280 m ke andar dhoondo"
AD000440,AC000347,T1,1959.9,-977.4,569.0,VERIFY_FIRST,prior_only,locality,0,"Park hattira, ~190 m west. Location uncertain - verify by phone before visiting"
AD000441,AC000348,T1,2564.7,924.2,37.0,DIRECT_VISIT,visit_1,visits,1,"Masjid hattira, ~70 m south-west. ~40 m olage huduki"
AD000442,AC000348,T1,-474.1,-1255.4,569.0,VERIFY_FIRST,prior_only,locality,0,"Church hattira, ~160 m north-east. Location uncertain - verify by phone before visiting"
AD000443,AC000349,T2,1765.2,-1820.0,40.0,DIRECT_VISIT,visits_agree,visits,3,No mapped landmark within 200 m; Shivaji Nagar. ~40 m ke andar dhoondo
AD000444,AC000349,T2,2629.1,-1674.2,34.0,DIRECT_VISIT,visit_1,visits,1,"Ration ki Dukaan ke paas, ~140 m uttar. ~30 m ke andar dhoondo"
AD000445,AC000350,T1,2583.4,-1708.4,255.0,VISIT_WITH_HINT,prior_only,baseline_street,0,No mapped landmark within 200 m; Nehru Colony. pin suttha ~260 m olage huduki
AD000446,AC000351,T3,-636.0,-3757.5,46.0,DIRECT_VISIT,visit_1,visits,1,No mapped landmark within 200 m; Orchid Enclave. search within ~50 m
AD000447,AC000352,T1,144.3,2569.6,133.0,VISIT_WITH_HINT,prior_only,neighbours,0,"Sarkari Shale hattira, ~160 m south. pin suttha ~130 m olage huduki"
AD000448,AC000353,T3,-601.5,-3414.8,237.0,VISIT_WITH_HINT,prior_only,landmark,0,60 m south-east of Hanuman Temple. search within ~240 m around the pin
AD000449,AC000354,T3,-246.0,2741.4,67.0,DIRECT_VISIT,visit_1,visits,1,No mapped landmark within 200 m; Sunrise Enclave. search within ~70 m
AD000450,AC000355,T2,2614.7,-1229.7,556.0,VERIFY_FIRST,prior_only,neighbours,0,"Paani ki Tanki ke paas, ~100 m uttar. Location uncertain - verify by phone before visiting"
AD000451,AC000356,T3,1000.5,-490.8,26.0,DIRECT_VISIT,visits_agree,visits,5,90 m south of Masjid. Agents report: right side of Masjid. Look for: blue gate. search within ~30 m
AD000452,AC000357,T3,722.6,-937.8,226.0,VISIT_WITH_HINT,prior_only,neighbours,0,100 m north of Govt School. search within ~230 m around the pin
AD000453,AC000358,T3,-2917.4,-49.9,175.0,VISIT_WITH_HINT,prior_only,neighbours,0,20 m south-west of Water Tank. search within ~180 m around the pin
AD000454,AC000358,OUT,,,,CANNOT_GEOCODE,out_of_territory,out_of_territory,0,Outside service area - verify address
AD000455,AC000359,T2,-309.6,1167.1,329.0,VISIT_WITH_HINT,prior_only,landmark,0,"Masjid ke paas, ~180 m uttar. pin ke aas-paas ~330 m ke andar dhoondo"
AD000456,AC000360,T2,-217.8,-371.9,35.0,DIRECT_VISIT,visit_1,visits,1,"Doodh Dairy ke paas, ~110 m dakshin-purab. Agents report: Doodh Dairy ke paas. ~40 m ke andar dhoondo"
AD000457,AC000361,T3,-2590.2,1820.6,175.0,VISIT_WITH_HINT,prior_only,neighbours,0,190 m south of Govt School. search within ~180 m around the pin
AD000458,AC000362,T3,-2668.4,-165.9,194.0,VISIT_WITH_HINT,prior_only,neighbours,0,180 m south-west of Govt School. search within ~190 m around the pin
AD000459,AC000363,T2,-1530.6,-2917.3,285.0,VISIT_WITH_HINT,prior_only,landmark,0,"Doodh Dairy ke paas, ~100 m purab. pin ke aas-paas ~280 m ke andar dhoondo"
AD000460,AC000364,T2,2832.2,-1282.8,20.0,DIRECT_VISIT,visits_agree,visits,6,No mapped landmark within 200 m; Krishna Puri. Agents report: Ganesh Mandir ke right side. Look for: blue gate. ~20 m ke andar dhoondo
AD000461,AC000364,T2,3005.4,343.2,279.0,VISIT_WITH_HINT,prior_only,landmark,0,"Samudayik Bhavan ke paas, ~140 m uttar. pin ke aas-paas ~280 m ke andar dhoondo"
AD000462,AC000365,T1,-771.1,-1296.7,329.0,VISIT_WITH_HINT,prior_only,landmark,0,"Ration Angadi hattira, ~110 m east. pin suttha ~330 m olage huduki"
AD000463,AC000365,OUT,,,,CANNOT_GEOCODE,out_of_territory,out_of_territory,0,Outside service area - verify address
AD000464,AC000366,T3,1271.6,-829.8,286.0,VISIT_WITH_HINT,prior_only,neighbours,0,110 m north-west of Medical Store. search within ~290 m around the pin
AD000465,AC000367,T3,-2655.6,-57.5,34.0,DIRECT_VISIT,visits_agree,visits,2,150 m west of Govt School. Agents report: opposite Govt School. search within ~30 m
AD000466,AC000368,T1,1211.5,-157.0,569.0,VERIFY_FIRST,prior_only,locality,0,No mapped landmark within 200 m; Kuvempu Layout. Location uncertain - verify by phone before visiting
AD000467,AC000369,T1,-881.1,-3312.0,41.0,DIRECT_VISIT,visit_1,visits,1,No mapped landmark within 200 m; Basava Nagar. Agents report: Haalina Dairy eduru. ~40 m olage huduki
AD000468,AC000370,T3,-236.5,3242.1,237.0,VISIT_WITH_HINT,prior_only,landmark,0,170 m east of Water Tank. search within ~240 m around the pin
AD000469,AC000371,T1,767.4,-2763.0,43.0,DIRECT_VISIT,visit_1,visits,1,"Ration Angadi hattira, ~90 m east. Agents report: Ration Angadi hinde. ~40 m olage huduki"
AD000470,AC000371,OUT,,,,CANNOT_GEOCODE,out_of_territory,out_of_territory,0,Outside service area - verify address
AD000471,AC000372,T3,-3828.4,-1132.5,47.0,DIRECT_VISIT,visit_1,visits,1,170 m east of Hanuman Temple. search within ~50 m
AD000472,AC000373,T2,-314.6,-103.9,33.0,DIRECT_VISIT,visits_disagree,visits,4,"Hanuman Mandir ke paas, ~40 m dakshin-purab. Agents report: Hanuman Mandir ke saamne. ~30 m ke andar dhoondo"
AD000473,AC000374,T2,1420.8,-1898.8,25.0,DIRECT_VISIT,visits_agree,visits,2,"Girja Ghar ke paas, ~90 m uttar. ~20 m ke andar dhoondo"
AD000474,AC000374,OUT,,,,CANNOT_GEOCODE,out_of_territory,out_of_territory,0,Outside service area - verify address
AD000475,AC000375,T1,2589.5,-2244.3,23.0,DIRECT_VISIT,visits_disagree,visits,5,"Park hattira, ~190 m south-west. Agents report: Park hinde. ~20 m olage huduki"
AD000476,AC000375,OUT,,,,CANNOT_GEOCODE,out_of_territory,out_of_territory,0,Outside service area - verify address
AD000477,AC000376,T1,-2068.0,-2043.0,31.0,DIRECT_VISIT,visits_agree,visits,2,"Masjid hattira, ~130 m south-west. Agents report: Ganapathi Gudi hinde. ~30 m olage huduki"
AD000478,AC000376,T1,1133.9,-3165.8,140.0,VISIT_WITH_HINT,prior_only,neighbours,0,No mapped landmark within 200 m; Gandhi Nagar. pin suttha ~140 m olage huduki
AD000479,AC000377,T2,-1771.4,-2652.0,276.0,VISIT_WITH_HINT,prior_only,landmark,0,"Sarkari School ke paas, ~100 m purab. pin ke aas-paas ~280 m ke andar dhoondo"
AD000480,AC000378,T2,1451.9,-2036.1,569.0,VERIFY_FIRST,prior_only,locality,0,"Girja Ghar ke paas, ~50 m dakshin. Location uncertain - verify by phone before visiting"
AD000481,AC000379,T3,-2426.2,1771.3,569.0,VERIFY_FIRST,prior_only,locality,0,190 m north of Bus Stop. Location uncertain - verify by phone before visiting
AD000482,AC000379,T3,-509.4,-476.5,243.0,VISIT_WITH_HINT,prior_only,landmark,0,80 m north of Water Tank. search within ~240 m around the pin
AD000483,AC000380,T3,-1076.5,-2020.7,569.0,VERIFY_FIRST,prior_only,locality,0,70 m south-east of Ganesh Temple. Location uncertain - verify by phone before visiting
AD000484,AC000381,T3,-2042.8,1690.4,33.0,DIRECT_VISIT,visits_agree,visits,3,100 m north-east of Ganesh Temple. Agents report: behind Post Office. search within ~30 m
AD000485,AC000382,T2,840.8,-2721.5,201.0,VISIT_WITH_HINT,prior_only,landmark,0,"Samudayik Bhavan ke paas, ~120 m uttar. pin ke aas-paas ~200 m ke andar dhoondo"
AD000486,AC000382,T2,2932.5,-988.0,129.0,VISIT_WITH_HINT,prior_only,baseline_rooftop,0,No mapped landmark within 200 m; Krishna Puri. pin ke aas-paas ~130 m ke andar dhoondo
AD000487,AC000383,T2,2415.1,-1199.0,396.0,VISIT_WITH_HINT,prior_only,landmark,0,"Daakghar ke paas, ~30 m paschim. pin ke aas-paas ~400 m ke andar dhoondo"
AD000488,AC000384,T1,1239.0,215.5,11.0,DIRECT_VISIT,visits_agree,visits,6,"Haalina Dairy hattira, ~170 m north. Agents report: Haalina Dairy hattira. ~10 m olage huduki"
AD000489,AC000385,T3,-2391.0,-229.0,76.0,DIRECT_VISIT,visit_1,visits,1,180 m south-east of Govt School. search within ~80 m
AD000490,AC000385,OUT,,,,CANNOT_GEOCODE,out_of_territory,out_of_territory,0,Outside service area - verify address
AD000491,AC000386,T2,543.1,-3017.4,205.0,VISIT_WITH_HINT,prior_only,landmark,0,"Girja Ghar ke paas, ~70 m uttar-purab. pin ke aas-paas ~200 m ke andar dhoondo"
AD000492,AC000386,T2,1071.4,2707.5,569.0,VERIFY_FIRST,prior_only,locality,0,"Bus Stop ke paas, ~60 m uttar-paschim. Location uncertain - verify by phone before visiting"
AD000493,AC000387,T3,3156.8,-1983.3,569.0,VERIFY_FIRST,prior_only,locality,0,No mapped landmark within 200 m; Palm Meadows. Location uncertain - verify by phone before visiting
AD000494,AC000387,OUT,,,,CANNOT_GEOCODE,out_of_territory,out_of_territory,0,Outside service area - verify address
AD000495,AC000388,T2,2867.2,-1351.3,41.0,DIRECT_VISIT,visits_agree,visits,2,No mapped landmark within 200 m; Krishna Puri. Agents report: Ganesh Mandir ke right side. Look for: blue gate. ~40 m ke andar dhoondo
AD000496,AC000388,OUT,,,,CANNOT_GEOCODE,out_of_territory,out_of_territory,0,Outside service area - verify address
AD000497,AC000389,T1,-2665.6,1742.5,57.0,DIRECT_VISIT,visits_disagree,visits,1,No mapped landmark within 200 m; Vinayaka Nagar. ~60 m olage huduki
AD000498,AC000390,T2,975.0,-349.5,35.0,DIRECT_VISIT,visit_1,visits,1,"Park ke paas, ~90 m paschim. ~40 m ke andar dhoondo"
AD000499,AC000391,T3,-3866.2,-829.6,396.0,VISIT_WITH_HINT,prior_only,landmark,0,130 m east of Medical Store. search within ~400 m around the pin
AD000500,AC000391,T3,-367.7,-3266.5,149.0,VISIT_WITH_HINT,prior_only,neighbours,0,No mapped landmark within 200 m; Orchid Enclave. search within ~150 m around the pin
AD000501,AC000392,T3,-980.2,-1940.8,329.0,VISIT_WITH_HINT,prior_only,landmark,0,50 m south-west of Water Tank. search within ~330 m around the pin
AD000502,AC000393,T2,1657.2,-2427.1,224.0,VISIT_WITH_HINT,prior_only,baseline_street,0,"Dawai ki Dukaan ke paas, ~110 m dakshin-paschim. pin ke aas-paas ~220 m ke andar dhoondo"
AD000503,AC000394,T2,1056.6,-144.0,403.0,VISIT_WITH_HINT,prior_only,locality,0,"Bus Stop ke paas, ~160 m uttar-paschim. pin ke aas-paas ~400 m ke andar dhoondo"
AD000504,AC000395,T1,2933.3,-2069.0,33.0,DIRECT_VISIT,visits_disagree,visits,2,"Ration Angadi hattira, ~150 m north-west. Agents report: Ration Angadi hinde. ~30 m olage huduki"
AD000505,AC000396,T3,-2482.0,-127.1,396.0,VISIT_WITH_HINT,prior_only,landmark,0,40 m south-east of Govt School. search within ~400 m around the pin
AD000506,AC000397,T2,3209.8,416.3,232.0,VISIT_WITH_HINT,prior_only,baseline_street,0,No mapped landmark within 200 m; Nehru Colony. pin ke aas-paas ~230 m ke andar dhoondo
AD000507,AC000397,T2,3212.3,906.8,239.0,VISIT_WITH_HINT,prior_only,baseline_street,0,No mapped landmark within 200 m; Nehru Colony. pin ke aas-paas ~240 m ke andar dhoondo
AD000508,AC000398,T3,-2119.1,1720.4,33.0,DIRECT_VISIT,visit_1,visits,1,100 m north of Ganesh Temple. search within ~30 m
AD000509,AC000399,T2,921.1,2633.4,196.0,VISIT_WITH_HINT,prior_only,landmark,0,"Sarkari School ke paas, ~50 m uttar. pin ke aas-paas ~200 m ke andar dhoondo"
AD000510,AC000400,T3,-2955.1,-555.4,175.0,VISIT_WITH_HINT,prior_only,neighbours,0,110 m west of Bus Stop. search within ~180 m around the pin
AD000511,AC000401,T3,-166.6,3227.5,175.0,VISIT_WITH_HINT,prior_only,neighbours,0,No mapped landmark within 200 m; Sunrise Enclave. search within ~180 m around the pin
AD000512,AC000401,T3,-3071.0,-124.7,194.0,VISIT_WITH_HINT,prior_only,neighbours,0,180 m south-west of Water Tank. search within ~190 m around the pin
AD000513,AC000402,T1,-2712.5,1275.2,62.0,DIRECT_VISIT,visit_1,visits,1,"Bus Stop hattira, ~50 m north-west. ~60 m olage huduki"
AD000514,AC000402,OUT,,,,CANNOT_GEOCODE,out_of_territory,out_of_territory,0,Outside service area - verify address
AD000515,AC000403,T2,2622.5,-1311.5,365.0,VISIT_WITH_HINT,prior_only,neighbours,0,"Paani ki Tanki ke paas, ~50 m purab. pin ke aas-paas ~360 m ke andar dhoondo"
AD000516,AC000403,OUT,,,,CANNOT_GEOCODE,out_of_territory,out_of_territory,0,Outside service area - verify address
AD000517,AC000404,T1,2105.3,619.0,33.0,DIRECT_VISIT,visits_agree,visits,3,"Ganapathi Gudi hattira, ~20 m west. Agents report: Ganapathi Gudi hinde. ~30 m olage huduki"
AD000518,AC000404,T1,217.9,2626.9,329.0,VISIT_WITH_HINT,prior_only,landmark,0,"Sarkari Shale hattira, ~100 m south-east. pin suttha ~330 m olage huduki"
AD000519,AC000405,T3,-186.1,2837.5,111.0,VISIT_WITH_HINT,prior_only,baseline_rooftop,0,No mapped landmark within 200 m; Sunrise Enclave. search within ~110 m around the pin
AD000520,AC000405,OUT,,,,CANNOT_GEOCODE,out_of_territory,out_of_territory,0,Outside service area - verify address
AD000521,AC000406,T3,-852.8,-3859.5,29.0,DIRECT_VISIT,visit_1,visits,1,No mapped landmark within 200 m; Orchid Enclave. Agents report: behind Ration Shop. search within ~30 m
AD000522,AC000407,T2,2914.5,859.3,296.0,VISIT_WITH_HINT,prior_only,landmark,0,"Ration ki Dukaan ke paas, ~80 m dakshin. pin ke aas-paas ~300 m ke andar dhoondo"
AD000523,AC000407,T2,2436.2,-1243.8,329.0,VISIT_WITH_HINT,prior_only,landmark,0,Sarkari School ke paas. pin ke aas-paas ~330 m ke andar dhoondo
AD000524,AC000408,T1,2605.9,-1662.1,14.0,DIRECT_VISIT,visits_agree,visits,8,No mapped landmark within 200 m; Nehru Colony. Agents report: Ganapathi Gudi hattira. ~10 m olage huduki
AD000525,AC000409,T3,-883.4,-406.0,230.0,VISIT_WITH_HINT,prior_only,neighbours,0,140 m north-west of Post Office. search within ~230 m around the pin
AD000526,AC000410,T3,1163.5,-555.0,32.0,DIRECT_VISIT,visits_agree,visits,4,No mapped landmark within 200 m; Teachers Colony. search within ~30 m
AD000527,AC000411,T2,1000.0,2603.1,569.0,VERIFY_FIRST,prior_only,locality,0,"Ration ki Dukaan ke paas, ~80 m uttar-purab. Location uncertain - verify by phone before visiting"
AD000528,AC000412,T3,-2670.8,-504.7,161.0,VISIT_WITH_HINT,prior_only,neighbours,0,40 m north of Church. search within ~160 m around the pin
AD000529,AC000413,T1,2819.8,-2093.2,18.0,DIRECT_VISIT,visits_agree,visits,5,"Medical Store hattira, ~30 m north-east. Agents report: Medical Store eduru. ~20 m olage huduki"
AD000530,AC000413,T1,-1137.4,-3087.3,41.0,DIRECT_VISIT,visits_agree,visits,3,No mapped landmark within 200 m; Basava Nagar. Agents report: Neerina Tank eduru. ~40 m olage huduki
AD000531,AC000414,T2,1289.0,-2464.7,41.0,DIRECT_VISIT,visits_agree,visits,3,"Masjid ke paas, ~80 m uttar-paschim. ~40 m ke andar dhoondo"
AD000532,AC000415,T3,1404.0,-756.5,26.0,DIRECT_VISIT,visits_agree,visits,3,130 m north of Medical Store. Agents report: opposite Water Tank. search within ~30 m
AD000533,AC000415,T3,-2603.3,-169.0,65.0,DIRECT_VISIT,visit_1,visits,1,120 m south-west of Govt School. Agents report: behind Govt School. search within ~60 m
AD000534,AC000416,T3,3962.5,724.5,38.0,DIRECT_VISIT,visits_agree,visits,3,No mapped landmark within 200 m. search within ~40 m
AD000535,AC000416,T3,3705.0,105.0,40.0,DIRECT_VISIT,visits_agree,visits,2,No mapped landmark within 200 m; Lakeview Phase 2. search within ~40 m
AD000536,AC000417,T1,-3077.1,1249.4,215.0,VISIT_WITH_HINT,prior_only,landmark,0,"Ration Angadi hattira, ~40 m east. pin suttha ~220 m olage huduki"
AD000537,AC000417,T1,2698.8,-2123.2,396.0,VISIT_WITH_HINT,prior_only,landmark,0,"Park hattira, ~40 m west. pin suttha ~400 m olage huduki"
AD000538,AC000418,T2,1283.2,-1764.8,23.0,DIRECT_VISIT,visits_agree,visits,4,No mapped landmark within 200 m; Patel Nagar. ~20 m ke andar dhoondo
AD000539,AC000418,T2,2579.8,-1025.9,20.0,DIRECT_VISIT,visits_disagree,visits,1,No mapped landmark within 200 m. Agents report: Daakghar ke paas. ~20 m ke andar dhoondo
AD000540,AC000419,T2,1204.0,1356.8,215.0,VISIT_WITH_HINT,prior_only,landmark,0,"Dawai ki Dukaan ke paas, ~120 m dakshin. pin ke aas-paas ~220 m ke andar dhoondo"
AD000541,AC000420,T1,2595.1,-2479.9,22.0,DIRECT_VISIT,visits_agree,visits,7,No mapped landmark within 200 m; Nehru Colony. Agents report: Anjaneya Gudi eduru. ~20 m olage huduki
AD000542,AC000421,T3,-682.0,3161.5,396.0,VISIT_WITH_HINT,prior_only,landmark,0,40 m south-west of Community Hall. search within ~400 m around the pin
AD000543,AC000422,T1,708.2,-2934.9,133.0,VISIT_WITH_HINT,prior_only,neighbours,0,"Samudaya Bhavana hattira, ~150 m north. pin suttha ~130 m olage huduki"
AD000544,AC000423,T1,-385.9,-1211.1,215.0,VISIT_WITH_HINT,prior_only,landmark,0,"Haalina Dairy hattira, ~130 m south-west. pin suttha ~220 m olage huduki"
AD000545,AC000424,T3,-3840.8,-966.7,569.0,VERIFY_FIRST,prior_only,locality,0,190 m north-east of Hanuman Temple. Location uncertain - verify by phone before visiting
AD000546,AC000424,OUT,,,,CANNOT_GEOCODE,out_of_territory,out_of_territory,0,Outside service area - verify address
AD000547,AC000425,T1,-1132.6,-3126.1,133.0,VISIT_WITH_HINT,prior_only,neighbours,0,No mapped landmark within 200 m; Basava Nagar. pin suttha ~130 m olage huduki
AD000548,AC000426,T2,1234.0,2631.8,201.0,VISIT_WITH_HINT,prior_only,landmark,0,"Dawai ki Dukaan ke paas, ~110 m uttar. pin ke aas-paas ~200 m ke andar dhoondo"
AD000549,AC000426,T2,-691.8,-686.9,285.0,VISIT_WITH_HINT,prior_only,landmark,0,"Masjid ke paas, ~100 m uttar-paschim. pin ke aas-paas ~280 m ke andar dhoondo"
AD000550,AC000427,T2,864.6,-3087.8,33.0,DIRECT_VISIT,visit_1,visits,1,"Hanuman Mandir ke paas, ~140 m paschim. ~30 m ke andar dhoondo"
AD000551,AC000428,T1,687.1,-2799.0,120.0,VISIT_WITH_HINT,prior_only,neighbours,0,"Ration Angadi hattira, ~20 m south-east. pin suttha ~120 m olage huduki"
AD000552,AC000429,T2,821.8,1203.0,205.0,VISIT_WITH_HINT,prior_only,landmark,0,No mapped landmark within 200 m; Gandhi Basti. pin ke aas-paas ~200 m ke andar dhoondo
AD000553,AC000430,T2,1663.5,-1600.2,61.0,DIRECT_VISIT,visit_1,visits,1,No mapped landmark within 200 m; Patel Nagar. Agents report: Ganesh Mandir ke paas. ~60 m ke andar dhoondo
AD000554,AC000431,T3,898.5,-672.3,175.0,VISIT_WITH_HINT,prior_only,neighbours,0,No mapped landmark within 200 m; Teachers Colony. search within ~180 m around the pin
AD000555,AC000431,T3,-105.7,3281.2,175.0,VISIT_WITH_HINT,prior_only,neighbours,0,No mapped landmark within 200 m; Sunrise Enclave. search within ~180 m around the pin
AD000556,AC000432,T3,3816.8,200.9,41.0,DIRECT_VISIT,visit_1,visits,1,No mapped landmark within 200 m; Lakeview Phase 2. search within ~40 m
AD000557,AC000433,T1,712.3,-2944.3,43.0,DIRECT_VISIT,visit_1,visits,1,"Samudaya Bhavana hattira, ~140 m north. ~40 m olage huduki"
AD000558,AC000434,T2,2512.8,-1268.4,285.0,VISIT_WITH_HINT,prior_only,landmark,0,"Sarkari School ke paas, ~70 m purab. pin ke aas-paas ~280 m ke andar dhoondo"
AD000559,AC000434,OUT,,,,CANNOT_GEOCODE,out_of_territory,out_of_territory,0,Outside service area - verify address
AD000560,AC000435,T2,1291.4,-2462.1,21.0,DIRECT_VISIT,visits_agree,visits,5,"Masjid ke paas, ~80 m uttar-paschim. Agents report: Masjid ke right side. Look for: blue gate. ~20 m ke andar dhoondo"
AD000561,AC000436,T1,-634.0,-3114.5,35.0,DIRECT_VISIT,visit_1,visits,1,No mapped landmark within 200 m. ~40 m olage huduki
AD000562,AC000436,T1,-744.5,-3256.0,55.0,DIRECT_VISIT,visit_1,visits,1,No mapped landmark within 200 m; Basava Nagar. ~60 m olage huduki
AD000563,AC000437,T1,2995.0,-2507.5,32.0,DIRECT_VISIT,visit_1,visits,1,No mapped landmark within 200 m; Nehru Colony. ~30 m olage huduki
AD000564,AC000437,OUT,,,,CANNOT_GEOCODE,out_of_territory,out_of_territory,0,Outside service area - verify address
AD000565,AC000438,T2,1477.3,219.0,44.0,DIRECT_VISIT,visit_1,visits,1,"Hanuman Mandir ke paas, ~180 m dakshin-purab. ~40 m ke andar dhoondo"
AD000566,AC000439,T2,2554.2,-1181.3,279.0,VISIT_WITH_HINT,prior_only,landmark,0,"Daakghar ke paas, ~110 m purab. pin ke aas-paas ~280 m ke andar dhoondo"
AD000567,AC000440,T3,-2827.9,1520.9,231.0,VISIT_WITH_HINT,prior_only,neighbours,0,110 m south-east of Milk Dairy. search within ~230 m around the pin
AD000568,AC000441,T1,1160.2,-572.9,215.0,VISIT_WITH_HINT,prior_only,landmark,0,"Anjaneya Gudi hattira, ~170 m south-east. pin suttha ~220 m olage huduki"
AD000569,AC000442,T1,2868.7,-2126.5,22.0,DIRECT_VISIT,visits_agree,visits,6,"Samudaya Bhavana hattira, ~80 m east. Agents report: Samudaya Bhavana hinde. ~20 m olage huduki"
AD000570,AC000443,T3,612.0,-917.5,52.0,DIRECT_VISIT,visits_disagree,visits,1,170 m south of Bus Stop. search within ~50 m
AD000571,AC000443,OUT,,,,CANNOT_GEOCODE,out_of_territory,out_of_territory,0,Outside service area - verify address
AD000572,AC000444,T3,-1122.6,-1957.8,569.0,VERIFY_FIRST,prior_only,locality,0,40 m north-east of Ganesh Temple. Location uncertain - verify by phone before visiting
AD000573,AC000445,T2,1641.3,-1693.6,26.0,DIRECT_VISIT,visits_agree,visits,2,No mapped landmark within 200 m; Patel Nagar. Agents report: Ganesh Mandir ke paas. ~30 m ke andar dhoondo
AD000574,AC000446,T3,-64.5,-3836.0,42.0,DIRECT_VISIT,visit_1,visits,1,90 m south-east of Ganesh Temple. search within ~40 m
AD000575,AC000446,T3,875.0,-3760.7,51.0,DIRECT_VISIT,visit_1,visits,1,130 m north-east of Petrol Bunk. search within ~50 m
AD000576,AC000447,T3,-483.2,-3687.2,31.0,DIRECT_VISIT,visits_agree,visits,5,100 m south of Masjid. Agents report: opposite Masjid. search within ~30 m
AD000577,AC000447,T3,3418.3,495.2,175.0,VISIT_WITH_HINT,prior_only,neighbours,0,40 m north-east of Community Hall. search within ~180 m around the pin
AD000578,AC000448,T1,1070.6,-193.9,569.0,VERIFY_FIRST,prior_only,locality,0,"Ganapathi Gudi hattira, ~180 m south-east. Location uncertain - verify by phone before visiting"
AD000579,AC000449,T2,-411.6,-622.8,12.0,DIRECT_VISIT,visits_agree,visits,4,No mapped landmark within 200 m. ~10 m ke andar dhoondo
AD000580,AC000450,T3,-957.5,-1907.1,396.0,VISIT_WITH_HINT,prior_only,landmark,0,30 m west of Water Tank. search within ~400 m around the pin
AD000581,AC000451,T2,731.0,-3434.5,60.0,DIRECT_VISIT,visit_1,visits,1,"Bus Stop ke paas, ~120 m dakshin. Agents report: Bus Stop ke peeche. ~60 m ke andar dhoondo"
AD000582,AC000451,OUT,,,,CANNOT_GEOCODE,out_of_territory,out_of_territory,0,Outside service area - verify address
AD000583,AC000452,T3,3081.5,-2360.0,175.0,VISIT_WITH_HINT,prior_only,neighbours,0,50 m south-east of Milk Dairy. search within ~180 m around the pin
AD000584,AC000453,T3,-179.4,3406.8,329.0,VISIT_WITH_HINT,prior_only,landmark,0,180 m south-west of Masjid. search within ~330 m around the pin
AD000585,AC000454,T2,1714.9,-1907.5,225.0,VISIT_WITH_HINT,prior_only,baseline_street,0,No mapped landmark within 200 m; Patel Nagar. pin ke aas-paas ~220 m ke andar dhoondo
AD000586,AC000455,T1,363.2,2711.0,66.0,DIRECT_VISIT,visit_1,visits,1,"Church hattira, ~60 m east. Agents report: Church hinde. ~70 m olage huduki"
AD000587,AC000456,T3,1261.5,-470.9,58.0,DIRECT_VISIT,visit_1,visits,1,No mapped landmark within 200 m; Teachers Colony. Agents report: near Masjid. search within ~60 m
AD000588,AC000457,T2,1041.4,-39.5,232.0,VISIT_WITH_HINT,prior_only,baseline_street,0,No mapped landmark within 200 m; Indira Colony. pin ke aas-paas ~230 m ke andar dhoondo
AD000589,AC000458,T1,2679.0,-1864.5,28.0,DIRECT_VISIT,visits_disagree,visits,5,No mapped landmark within 200 m; Nehru Colony. ~30 m olage huduki
AD000590,AC000459,T3,-272.1,-3760.0,280.0,VISIT_WITH_HINT,prior_only,neighbours,0,140 m west of Ganesh Temple. search within ~280 m around the pin
AD000591,AC000459,T3,-738.1,-426.0,234.0,VISIT_WITH_HINT,prior_only,landmark,0,50 m north-east of Post Office. search within ~230 m around the pin
AD000592,AC000460,T3,-2793.2,-536.2,194.0,VISIT_WITH_HINT,prior_only,neighbours,0,60 m north-east of Bus Stop. search within ~190 m around the pin
AD000593,AC000461,T1,-1125.3,140.2,215.0,VISIT_WITH_HINT,prior_only,landmark,0,"Ganapathi Gudi hattira, ~190 m south. pin suttha ~220 m olage huduki"
AD000594,AC000462,T1,-1303.7,-7.6,396.0,VISIT_WITH_HINT,prior_only,landmark,0,"Medical Store hattira, ~40 m north-west. pin suttha ~400 m olage huduki"
AD000595,AC000463,T3,-2234.3,1231.1,149.0,VISIT_WITH_HINT,prior_only,neighbours,0,160 m south of Community Hall. search within ~150 m around the pin
AD000596,AC000464,T3,683.3,-706.0,24.0,DIRECT_VISIT,visits_disagree,visits,2,90 m north-east of Bus Stop. search within ~20 m
AD000597,AC000464,T3,3371.0,-2143.6,234.0,VISIT_WITH_HINT,prior_only,landmark,0,120 m south-west of Water Tank. search within ~230 m around the pin
AD000598,AC000465,T2,1606.7,-2328.3,23.0,DIRECT_VISIT,visits_agree,visits,2,"Dawai ki Dukaan ke paas, ~120 m paschim. ~20 m ke andar dhoondo"
AD000599,AC000466,T1,-1132.8,-2473.9,9110.0,VERIFY_FIRST,prior_only,pincode_area,0,No mapped landmark within 200 m. Location uncertain - verify by phone before visiting
AD000600,AC000467,T2,1762.5,-2429.0,24.0,DIRECT_VISIT,visits_agree,visits,6,"Dawai ki Dukaan ke paas, ~100 m dakshin-purab. Agents report: Dawai ki Dukaan ke right side. Look for: blue gate. ~20 m ke andar dhoondo"
AD000601,AC000468,T2,-1843.9,-2464.9,396.0,VISIT_WITH_HINT,prior_only,landmark,0,"Ration ki Dukaan ke paas, ~40 m uttar-purab. pin ke aas-paas ~400 m ke andar dhoondo"
AD000602,AC000469,T1,2968.6,-1911.0,23.0,DIRECT_VISIT,visits_disagree,visits,6,No mapped landmark within 200 m; Nehru Colony. Agents report: Bus Stop hinde. ~20 m olage huduki
AD000603,AC000470,T2,3068.8,644.0,837.0,VERIFY_FIRST,prior_only,locality,0,No mapped landmark within 200 m; Nehru Colony. Location uncertain - verify by phone before visiting
AD000604,AC000471,T1,655.0,-2989.0,569.0,VERIFY_FIRST,prior_only,locality,0,"Bus Stop hattira, ~110 m east. Location uncertain - verify by phone before visiting"
AD000605,AC000472,T3,-2644.3,-494.7,56.0,DIRECT_VISIT,visit_1,visits,1,60 m north-east of Church. search within ~60 m
AD000606,AC000473,T3,-570.2,3293.1,38.0,DIRECT_VISIT,visit_1,visits,1,140 m north-east of Community Hall. search within ~40 m
AD000607,AC000474,T3,-836.8,-3854.4,15.0,DIRECT_VISIT,visits_agree,visits,8,No mapped landmark within 200 m; Orchid Enclave. Agents report: right side of Ration Shop. Look for: blue gate. search within ~20 m
AD000608,AC000475,T1,919.8,-3349.2,15.0,DIRECT_VISIT,visits_agree,visits,9,No mapped landmark within 200 m; Gandhi Nagar. ~20 m olage huduki
AD000609,AC000476,T2,-1513.0,-2904.3,285.0,VISIT_WITH_HINT,prior_only,landmark,0,"Hanuman Mandir ke paas, ~90 m dakshin. pin ke aas-paas ~280 m ke andar dhoondo"
AD000610,AC000476,T2,2131.8,2171.3,215.0,VISIT_WITH_HINT,prior_only,landmark,0,"Sarkari School ke paas, ~100 m uttar-purab. pin ke aas-paas ~220 m ke andar dhoondo"
AD000611,AC000477,T2,2628.8,-1133.9,387.0,VISIT_WITH_HINT,prior_only,neighbours,0,"Daakghar ke paas, ~190 m purab. pin ke aas-paas ~390 m ke andar dhoondo"
AD000612,AC000477,T2,922.7,986.5,374.0,VISIT_WITH_HINT,prior_only,baseline_street,0,No mapped landmark within 200 m; Gandhi Basti. pin ke aas-paas ~370 m ke andar dhoondo
AD000613,AC000478,T2,2778.5,370.3,41.0,DIRECT_VISIT,visits_agree,visits,4,"Bus Stop ke paas, ~180 m dakshin-purab. Agents report: Bus Stop ke saamne. ~40 m ke andar dhoondo"
AD000614,AC000479,T3,-2488.7,1398.0,62.0,DIRECT_VISIT,visit_1,visits,1,110 m west of Masjid. search within ~60 m
AD000615,AC000479,T3,-452.4,2977.6,175.0,VISIT_WITH_HINT,prior_only,neighbours,0,No mapped landmark within 200 m; Sunrise Enclave. search within ~180 m around the pin
AD000616,AC000480,T3,-1159.0,-1970.8,396.0,VISIT_WITH_HINT,prior_only,landmark,0,30 m north-west of Ganesh Temple. search within ~400 m around the pin
AD000617,AC000481,T3,-2976.7,-24.0,32.0,DIRECT_VISIT,visits_agree,visits,5,70 m west of Water Tank. Agents report: behind Water Tank. search within ~30 m
AD000618,AC000481,OUT,,,,CANNOT_GEOCODE,out_of_territory,out_of_territory,0,Outside service area - verify address
AD000619,AC000482,T1,-1215.2,322.4,569.0,VERIFY_FIRST,prior_only,locality,0,"Ganapathi Gudi hattira, ~90 m west. Location uncertain - verify by phone before visiting"
AD000620,AC000483,T2,712.9,1135.5,205.0,VISIT_WITH_HINT,prior_only,landmark,0,"Petrol Pump ke paas, ~150 m uttar-purab. pin ke aas-paas ~200 m ke andar dhoondo"
AD000621,AC000483,T2,648.9,1254.5,215.0,VISIT_WITH_HINT,prior_only,landmark,0,"Daakghar ke paas, ~190 m dakshin. pin ke aas-paas ~220 m ke andar dhoondo"
AD000622,AC000484,T1,2491.5,-2518.0,28.0,DIRECT_VISIT,visits_disagree,visits,5,No mapped landmark within 200 m; Nehru Colony. ~30 m olage huduki
AD000623,AC000484,T1,2240.0,1218.3,28.0,DIRECT_VISIT,visits_agree,visits,3,"Bus Stop hattira, ~120 m south-east. Agents report: Bus Stop hinde. ~30 m olage huduki"
AD000624,AC000485,T2,137.1,-474.5,195.0,VISIT_WITH_HINT,visits_disagree,visits,1,No mapped landmark within 200 m. pin ke aas-paas ~200 m ke andar dhoondo
AD000625,AC000486,T2,1925.4,1712.5,396.0,VISIT_WITH_HINT,prior_only,landmark,0,Masjid ke paas. pin ke aas-paas ~400 m ke andar dhoondo
AD000626,AC000486,T2,-1685.7,-2668.0,378.0,VISIT_WITH_HINT,prior_only,neighbours,0,"Sarkari School ke paas, ~180 m purab. pin ke aas-paas ~380 m ke andar dhoondo"
AD000627,AC000487,T3,-637.2,-3804.2,77.0,DIRECT_VISIT,visit_1,visits,1,No mapped landmark within 200 m; Orchid Enclave. search within ~80 m
AD000628,AC000488,T3,-744.6,3299.7,182.0,VISIT_WITH_HINT,prior_only,landmark,0,140 m north-west of Community Hall. search within ~180 m around the pin
AD000629,AC000488,T3,-2716.4,1595.9,329.0,VISIT_WITH_HINT,prior_only,landmark,0,160 m east of Milk Dairy. search within ~330 m around the pin
AD000630,AC000489,T1,2844.8,-1899.2,75.0,DIRECT_VISIT,visits_agree,visits,2,No mapped landmark within 200 m; Nehru Colony. ~80 m olage huduki
AD000631,AC000490,T3,-2855.0,-142.2,38.0,DIRECT_VISIT,visits_disagree,visits,6,120 m south-east of Water Tank. Agents report: near Milk Dairy. search within ~40 m
AD000632,AC000491,T3,-882.0,-3850.6,19.0,DIRECT_VISIT,visits_agree,visits,4,No mapped landmark within 200 m; Orchid Enclave. search within ~20 m
AD000633,AC000492,T2,2518.5,-1415.5,403.0,VISIT_WITH_HINT,prior_only,locality,0,"Hanuman Mandir ke paas, ~100 m dakshin-purab. pin ke aas-paas ~400 m ke andar dhoondo"
AD000634,AC000493,T2,1812.0,-1570.0,32.0,DIRECT_VISIT,visits_agree,visits,4,No mapped landmark within 200 m; Patel Nagar. ~30 m ke andar dhoondo
AD000635,AC000494,T1,1481.3,-684.1,46.0,DIRECT_VISIT,visit_1,visits,1,"Haalina Dairy hattira, ~190 m north-west. ~50 m olage huduki"
AD000636,AC000494,T1,-2316.4,-2312.5,396.0,VISIT_WITH_HINT,prior_only,landmark,0,"Neerina Tank hattira, ~30 m east. pin suttha ~400 m olage huduki"
AD000637,AC000495,T1,581.8,-2931.3,396.0,VISIT_WITH_HINT,prior_only,landmark,0,"Bus Stop hattira, ~60 m north-east. pin suttha ~400 m olage huduki"
AD000638,AC000496,T1,2401.9,-1290.9,38.0,DIRECT_VISIT,visit_1,visits,1,No mapped landmark within 200 m; Siddeshwara Colony. ~40 m olage huduki
AD000639,AC000497,T3,1087.5,-962.8,23.0,DIRECT_VISIT,visits_disagree,visits,5,No mapped landmark within 200 m; Teachers Colony. Agents report: behind Medical Store. search within ~20 m
AD000640,AC000497,OUT,,,,CANNOT_GEOCODE,out_of_territory,out_of_territory,0,Outside service area - verify address
AD000641,AC000498,T1,2977.4,-2281.2,117.0,VISIT_WITH_HINT,visits_disagree,visits,1,"Anjaneya Gudi hattira, ~130 m north-east. pin suttha ~120 m olage huduki"
AD000642,AC000499,T2,687.5,-315.5,50.0,DIRECT_VISIT,visits_agree,visits,2,No mapped landmark within 200 m; Indira Colony. ~50 m ke andar dhoondo
AD000643,AC000499,OUT,,,,CANNOT_GEOCODE,out_of_territory,out_of_territory,0,Outside service area - verify address
AD000644,AC000500,T3,-2969.4,-174.1,175.0,VISIT_WITH_HINT,prior_only,neighbours,0,150 m south-west of Water Tank. search within ~180 m around the pin
AD000645,AC000501,T3,3553.0,-88.5,18.0,DIRECT_VISIT,visits_agree,visits,6,No mapped landmark within 200 m; Lakeview Phase 2. search within ~20 m
AD000646,AC000502,T1,2439.9,-2254.7,57.0,DIRECT_VISIT,visit_1,visits,1,"Masjid hattira, ~180 m north-east. ~60 m olage huduki"
AD000647,AC000503,T3,-173.7,-3339.8,19.0,DIRECT_VISIT,visit_1,visits,1,No mapped landmark within 200 m; Orchid Enclave. search within ~20 m
AD000648,AC000503,T3,-674.5,-3303.0,396.0,VISIT_WITH_HINT,prior_only,landmark,0,70 m north-west of Hanuman Temple. search within ~400 m around the pin
AD000649,AC000504,T1,-2507.0,903.0,170.0,VISIT_WITH_HINT,visits_disagree,visits,1,No mapped landmark within 200 m; Vinayaka Nagar. pin suttha ~170 m olage huduki
AD000650,AC000505,T3,3951.1,207.4,278.0,VISIT_WITH_HINT,prior_only,neighbours,0,No mapped landmark within 200 m; Lakeview Phase 2. search within ~280 m around the pin
AD000651,AC000505,T3,3467.1,537.7,175.0,VISIT_WITH_HINT,prior_only,neighbours,0,40 m west of Milk Dairy. search within ~180 m around the pin
AD000652,AC000506,T1,2854.0,-2273.2,15.0,DIRECT_VISIT,visits_agree,visits,9,"Anjaneya Gudi hattira, ~70 m north. Agents report: Anjaneya Gudi hattira. ~20 m olage huduki"
AD000653,AC000507,T1,2018.5,-744.9,329.0,VISIT_WITH_HINT,prior_only,landmark,0,"Sarkari Shale hattira, ~110 m south. pin suttha ~330 m olage huduki"
AD000654,AC000508,T3,-231.0,3235.5,52.0,DIRECT_VISIT,visit_1,visits,1,170 m east of Water Tank. Agents report: behind Water Tank. search within ~50 m
AD000655,AC000509,T1,-855.8,-1442.4,126.0,VISIT_WITH_HINT,prior_only,neighbours,0,"Ration Angadi hattira, ~160 m south. pin suttha ~130 m olage huduki"
AD000656,AC000510,T1,2466.1,969.3,837.0,VERIFY_FIRST,prior_only,locality,0,"Masjid hattira, ~160 m west. Location uncertain - verify by phone before visiting"
AD000657,AC000510,T1,-2313.9,-2343.0,569.0,VERIFY_FIRST,prior_only,locality,0,"Neerina Tank hattira, ~40 m south-east. Location uncertain - verify by phone before visiting"
AD000658,AC000511,T1,2444.0,-2249.1,21.0,DIRECT_VISIT,visits_disagree,visits,6,"Masjid hattira, ~180 m north-east. Agents report: Masjid hinde. ~20 m olage huduki"
AD000659,AC000511,OUT,,,,CANNOT_GEOCODE,out_of_territory,out_of_territory,0,Outside service area - verify address
AD000660,AC000512,T2,-1568.9,-2432.8,32.0,DIRECT_VISIT,visits_disagree,visits,1,"Masjid ke paas, ~170 m dakshin-purab. Agents report: Hanuman Mandir ke paas. ~30 m ke andar dhoondo"
AD000661,AC000512,OUT,,,,CANNOT_GEOCODE,out_of_territory,out_of_territory,0,Outside service area - verify address
AD000662,AC000513,T3,-578.5,3421.0,31.0,DIRECT_VISIT,visits_disagree,visits,3,190 m west of Milk Dairy. Agents report: near Park. search within ~30 m
AD000663,AC000514,T1,2090.2,989.0,46.0,DIRECT_VISIT,visit_1,visits,1,"Anjaneya Gudi hattira, ~130 m south. ~50 m olage huduki"
AD000664,AC000514,T1,-1233.0,429.9,569.0,VERIFY_FIRST,prior_only,locality,0,"Ganapathi Gudi hattira, ~150 m north-west. Location uncertain - verify by phone before visiting"
AD000665,AC000515,T1,-887.6,-3302.3,140.0,VISIT_WITH_HINT,prior_only,neighbours,0,No mapped landmark within 200 m; Basava Nagar. pin suttha ~140 m olage huduki
AD000666,AC000516,T3,-2649.0,-492.0,28.0,DIRECT_VISIT,visits_agree,visits,5,60 m north-east of Church. Agents report: opposite Church. search within ~30 m
AD000667,AC000517,T1,2298.0,-2343.5,29.0,DIRECT_VISIT,visits_disagree,visits,3,"Masjid hattira, ~50 m north-west. Agents report: Masjid hattira. ~30 m olage huduki"
AD000668,AC000518,T1,2324.0,918.2,17.0,DIRECT_VISIT,visits_agree,visits,7,"Sarkari Shale hattira, ~160 m north-east. Agents report: Medical Store hattira. ~20 m olage huduki"
AD000669,AC000519,T1,2256.7,620.8,20.0,DIRECT_VISIT,visits_agree,visits,6,"Post Office hattira, ~100 m south-west. ~20 m olage huduki"
AD000670,AC000519,OUT,,,,CANNOT_GEOCODE,out_of_territory,out_of_territory,0,Outside service area - verify address
AD000671,AC000520,T3,1288.4,-832.5,46.0,DIRECT_VISIT,visits_agree,visits,2,90 m north-west of Medical Store. Agents report: right side of Medical Store. Look for: blue gate. search within ~50 m
AD000672,AC000521,T2,941.2,2636.8,21.0,DIRECT_VISIT,visits_disagree,visits,6,"Sarkari School ke paas, ~60 m uttar-purab. Agents report: Sarkari School ke paas. ~20 m ke andar dhoondo"
AD000673,AC000522,T2,507.2,-3213.3,396.0,VISIT_WITH_HINT,prior_only,landmark,0,"Ration ki Dukaan ke paas, ~60 m uttar-purab. pin ke aas-paas ~400 m ke andar dhoondo"
AD000674,AC000523,T2,931.0,-2918.5,43.0,DIRECT_VISIT,visit_1,visits,1,"Samudayik Bhavan ke paas, ~140 m dakshin-purab. Agents report: Samudayik Bhavan ke peeche. ~40 m ke andar dhoondo"
AD000675,AC000523,T2,2721.8,-1396.9,215.0,VISIT_WITH_HINT,visits_disagree,visits,1,"Paani ki Tanki ke paas, ~160 m dakshin-purab. Agents report: Ganesh Mandir ke paas. pin ke aas-paas ~220 m ke andar dhoondo"
AD000676,AC000524,T2,838.7,-2803.5,396.0,VISIT_WITH_HINT,prior_only,landmark,0,"Samudayik Bhavan ke paas, ~40 m uttar-purab. pin ke aas-paas ~400 m ke andar dhoondo"
AD000677,AC000524,T2,2439.6,1997.5,329.0,VISIT_WITH_HINT,prior_only,landmark,0,Hanuman Mandir ke paas. pin ke aas-paas ~330 m ke andar dhoondo
AD000678,AC000525,T3,840.3,-810.3,42.0,DIRECT_VISIT,visit_1,visits,1,No mapped landmark within 200 m; Teachers Colony. Agents report: near Govt School. search within ~40 m
AD000679,AC000526,T3,1288.3,-851.4,234.0,VISIT_WITH_HINT,prior_only,landmark,0,80 m west of Medical Store. search within ~230 m around the pin
AD000680,AC000527,T2,-662.7,2836.0,32.0,DIRECT_VISIT,visits_agree,visits,2,"Ganesh Mandir ke paas, ~160 m paschim. Agents report: Ganesh Mandir ke paas. ~30 m ke andar dhoondo"
AD000681,AC000528,T3,194.4,1819.9,132.0,VISIT_WITH_HINT,prior_only,baseline_rooftop,0,120 m south-west of Ration Shop. search within ~130 m around the pin
AD000682,AC000528,T3,1139.1,-634.3,194.0,VISIT_WITH_HINT,prior_only,neighbours,0,No mapped landmark within 200 m; Teachers Colony. search within ~190 m around the pin
AD000683,AC000529,T1,345.4,2258.4,569.0,VERIFY_FIRST,prior_only,locality,0,"Ganapathi Gudi hattira, ~200 m south. Location uncertain - verify by phone before visiting"
AD000684,AC000529,T1,3023.0,-2430.7,140.0,VISIT_WITH_HINT,prior_only,neighbours,0,"Anjaneya Gudi hattira, ~170 m south-east. pin suttha ~140 m olage huduki"
AD000685,AC000530,T2,775.5,-3290.8,36.0,DIRECT_VISIT,visit_1,visits,1,"Bus Stop ke paas, ~70 m uttar-purab. Agents report: Hanuman Mandir ke peeche. ~40 m ke andar dhoondo"
AD000686,AC000531,T2,2802.6,834.3,29.0,DIRECT_VISIT,visits_agree,visits,2,"Paani ki Tanki ke paas, ~70 m uttar-paschim. Agents report: Paani ki Tanki ke peeche. ~30 m ke andar dhoondo"
AD000687,AC000532,T1,2719.2,835.2,329.0,VISIT_WITH_HINT,prior_only,landmark,0,"Ration Angadi hattira, ~150 m north-west. pin suttha ~330 m olage huduki"
AD000688,AC000533,T1,1159.0,-3069.6,126.0,VISIT_WITH_HINT,prior_only,neighbours,0,No mapped landmark within 200 m; Gandhi Nagar. pin suttha ~130 m olage huduki
AD000689,AC000534,T1,2768.1,-2132.3,329.0,VISIT_WITH_HINT,prior_only,landmark,0,"Samudaya Bhavana hattira, ~30 m west. pin suttha ~330 m olage huduki"
AD000690,AC000535,T1,-1423.7,565.5,329.0,VISIT_WITH_HINT,prior_only,landmark,0,"Church hattira, ~150 m south-east. pin suttha ~330 m olage huduki"
AD000691,AC000535,OUT,,,,CANNOT_GEOCODE,out_of_territory,out_of_territory,0,Outside service area - verify address
AD000692,AC000536,T3,-1402.9,-1732.5,255.0,VISIT_WITH_HINT,prior_only,baseline_street,0,120 m west of Ration Shop. search within ~260 m around the pin
AD000693,AC000537,T1,833.8,-281.0,255.0,VISIT_WITH_HINT,prior_only,baseline_street,0,"Ganapathi Gudi hattira, ~190 m south-west. pin suttha ~260 m olage huduki"
AD000694,AC000538,T2,-1626.8,-2866.0,378.0,VISIT_WITH_HINT,prior_only,neighbours,0,"Doodh Dairy ke paas, ~90 m uttar. pin ke aas-paas ~380 m ke andar dhoondo"
AD000695,AC000538,T2,-432.7,-183.9,285.0,VISIT_WITH_HINT,prior_only,landmark,0,"Hanuman Mandir ke paas, ~130 m dakshin-paschim. pin ke aas-paas ~280 m ke andar dhoondo"
AD000696,AC000539,T1,2341.8,1081.0,38.0,DIRECT_VISIT,visit_1,visits,1,No mapped landmark within 200 m; Vidya Nagar. ~40 m olage huduki
AD000697,AC000540,T2,-693.4,2747.8,296.0,VISIT_WITH_HINT,prior_only,landmark,0,"Dawai ki Dukaan ke paas, ~190 m uttar. pin ke aas-paas ~300 m ke andar dhoondo"
AD000698,AC000540,T2,748.1,1382.1,329.0,VISIT_WITH_HINT,prior_only,landmark,0,"Park ke paas, ~70 m dakshin. pin ke aas-paas ~330 m ke andar dhoondo"
AD000699,AC000541,T1,3204.7,-2025.5,37.0,DIRECT_VISIT,visit_1,visits,1,No mapped landmark within 200 m. ~40 m olage huduki
AD000700,AC000542,T1,33.1,2409.8,215.0,VISIT_WITH_HINT,prior_only,landmark,0,"Samudaya Bhavana hattira, ~140 m south-east. pin suttha ~220 m olage huduki"
AD000701,AC000543,T2,1040.2,-24.9,569.0,VERIFY_FIRST,prior_only,locality,0,No mapped landmark within 200 m; Indira Colony. Location uncertain - verify by phone before visiting
AD000702,AC000544,T1,2743.0,-2534.2,140.0,VISIT_WITH_HINT,prior_only,neighbours,0,No mapped landmark within 200 m; Nehru Colony. pin suttha ~140 m olage huduki
AD000703,AC000545,T2,1277.3,150.4,38.0,DIRECT_VISIT,visit_1,visits,1,"Hanuman Mandir ke paas, ~140 m dakshin. ~40 m ke andar dhoondo"
AD000704,AC000546,T2,2482.5,-1477.4,592.0,VERIFY_FIRST,prior_only,locality,0,"Hanuman Mandir ke paas, ~150 m dakshin. Location uncertain - verify by phone before visiting"
AD000705,AC000547,T3,3293.8,-2215.0,55.0,DIRECT_VISIT,visit_1,visits,1,No mapped landmark within 200 m; Palm Meadows. search within ~60 m
AD000706,AC000547,T3,-246.2,3181.2,182.0,VISIT_WITH_HINT,prior_only,landmark,0,160 m east of Water Tank. search within ~180 m around the pin
AD000707,AC000548,T2,-599.6,-528.6,569.0,VERIFY_FIRST,prior_only,locality,0,Daakghar ke paas. Location uncertain - verify by phone before visiting
AD000708,AC000549,T2,2902.0,394.3,372.0,VISIT_WITH_HINT,prior_only,neighbours,0,"Samudayik Bhavan ke paas, ~190 m uttar. pin ke aas-paas ~370 m ke andar dhoondo"
AD000709,AC000549,T2,536.5,-2964.7,569.0,VERIFY_FIRST,prior_only,locality,0,"Girja Ghar ke paas, ~120 m uttar. Location uncertain - verify by phone before visiting"
AD000710,AC000550,T2,1208.0,1049.4,43.0,DIRECT_VISIT,visits_agree,visits,2,"Bus Stop ke paas, ~190 m paschim. Agents report: Bus Stop ke right side. Look for: blue gate. ~40 m ke andar dhoondo"
AD000711,AC000551,T2,772.0,2470.7,25.0,DIRECT_VISIT,visits_disagree,visits,4,"Sarkari School ke paas, ~180 m dakshin-paschim. Agents report: Ration ki Dukaan ke right side. Look for: blue gate. ~20 m ke andar dhoondo"
AD000712,AC000552,T2,-1627.8,-2840.1,296.0,VISIT_WITH_HINT,prior_only,landmark,0,"Hanuman Mandir ke paas, ~100 m paschim. pin ke aas-paas ~300 m ke andar dhoondo"
AD000713,AC000553,T2,834.2,2547.8,387.0,VISIT_WITH_HINT,prior_only,neighbours,0,"Sarkari School ke paas, ~80 m dakshin-paschim. pin ke aas-paas ~390 m ke andar dhoondo"
AD000714,AC000553,OUT,,,,CANNOT_GEOCODE,out_of_territory,out_of_territory,0,Outside service area - verify address
AD000715,AC000554,T2,1488.0,-1955.0,272.0,VISIT_WITH_HINT,prior_only,landmark,0,"Girja Ghar ke paas, ~60 m uttar-purab. pin ke aas-paas ~270 m ke andar dhoondo"
AD000716,AC000554,OUT,,,,CANNOT_GEOCODE,out_of_territory,out_of_territory,0,Outside service area - verify address
AD000717,AC000555,T3,-680.1,-604.8,231.0,VISIT_WITH_HINT,prior_only,neighbours,0,160 m south-east of Post Office. search within ~230 m around the pin
AD000718,AC000556,T2,908.5,2739.1,533.0,VERIFY_FIRST,prior_only,neighbours,0,"Sarkari School ke paas, ~150 m uttar. Location uncertain - verify by phone before visiting"
AD000719,AC000557,T1,2760.2,-1819.4,14.0,DIRECT_VISIT,visits_disagree,visits,6,No mapped landmark within 200 m; Nehru Colony. Agents report: Ganapathi Gudi hattira. ~10 m olage huduki
AD000720,AC000558,T2,988.4,-41.0,403.0,VISIT_WITH_HINT,prior_only,locality,0,No mapped landmark within 200 m; Indira Colony. pin ke aas-paas ~400 m ke andar dhoondo
AD000721,AC000559,T3,-3037.0,-116.1,103.0,VISIT_WITH_HINT,visits_disagree,visits,2,150 m south-west of Water Tank. Agents report: near Milk Dairy. search within ~100 m around the pin
AD000722,AC000560,T3,4030.1,321.7,43.0,DIRECT_VISIT,visits_disagree,visits,5,No mapped landmark within 200 m; Lakeview Phase 2. Agents report: near Hanuman Temple. search within ~40 m
AD000723,AC000561,T1,-2818.6,954.0,329.0,VISIT_WITH_HINT,prior_only,landmark,0,"Post Office hattira, ~60 m north. pin suttha ~330 m olage huduki"
AD000724,AC000561,OUT,,,,CANNOT_GEOCODE,out_of_territory,out_of_territory,0,Outside service area - verify address
AD000725,AC000562,T2,-850.4,2631.5,215.0,VISIT_WITH_HINT,prior_only,landmark,0,"Dawai ki Dukaan ke paas, ~130 m uttar-paschim. pin ke aas-paas ~220 m ke andar dhoondo"
AD000726,AC000562,OUT,,,,CANNOT_GEOCODE,out_of_territory,out_of_territory,0,Outside service area - verify address
AD000727,AC000563,T3,-2688.0,-490.5,26.0,DIRECT_VISIT,visits_agree,visits,8,50 m north of Church. search within ~30 m
AD000728,AC000564,T1,-697.0,-3325.2,255.0,VISIT_WITH_HINT,prior_only,baseline_street,0,No mapped landmark within 200 m; Basava Nagar. pin suttha ~260 m olage huduki
AD000729,AC000564,OUT,,,,CANNOT_GEOCODE,out_of_territory,out_of_territory,0,Outside service area - verify address
AD000730,AC000565,T2,987.5,-17.2,378.0,VISIT_WITH_HINT,prior_only,neighbours,0,No mapped landmark within 200 m; Indira Colony. pin ke aas-paas ~380 m ke andar dhoondo
AD000731,AC000566,T1,2748.3,-2324.5,569.0,VERIFY_FIRST,prior_only,locality,0,"Anjaneya Gudi hattira, ~120 m west. Location uncertain - verify by phone before visiting"
AD000732,AC000567,T3,-1334.4,-1998.7,333.0,VISIT_WITH_HINT,prior_only,neighbours,0,200 m west of Ganesh Temple. search within ~330 m around the pin
AD000733,AC000568,T1,2853.3,-2272.0,20.0,DIRECT_VISIT,visits_disagree,visits,6,"Anjaneya Gudi hattira, ~80 m north. Agents report: Anjaneya Gudi hinde. ~20 m olage huduki"
AD000734,AC000569,T3,3860.6,537.3,149.0,VISIT_WITH_HINT,prior_only,neighbours,0,150 m north-east of Bus Stop. search within ~150 m around the pin
AD000735,AC000570,T1,2676.6,-2364.4,12.0,DIRECT_VISIT,visits_agree,visits,7,"Anjaneya Gudi hattira, ~190 m west. Agents report: Anjaneya Gudi eduru. ~10 m olage huduki"
AD000736,AC000571,T1,2508.5,999.9,569.0,VERIFY_FIRST,prior_only,locality,0,"Masjid hattira, ~130 m west. Location uncertain - verify by phone before visiting"
AD000737,AC000571,T1,-659.2,-2947.9,35.0,DIRECT_VISIT,visit_1,visits,1,"Church hattira, ~180 m east. ~40 m olage huduki"
AD000738,AC000572,T1,-361.8,-940.4,25.0,DIRECT_VISIT,visits_agree,visits,3,"Sarkari Shale hattira, ~130 m west. ~20 m olage huduki"
AD000739,AC000573,T1,710.8,-3293.8,26.0,DIRECT_VISIT,visits_agree,visits,2,No mapped landmark within 200 m; Gandhi Nagar. Agents report: Samudaya Bhavana eduru. ~30 m olage huduki
AD000740,AC000573,T1,1975.6,-911.1,37.0,DIRECT_VISIT,visit_1,visits,1,"Park hattira, ~160 m west. Agents report: Park hinde. ~40 m olage huduki"
AD000741,AC000574,T3,-844.0,2855.6,21.0,DIRECT_VISIT,visits_disagree,visits,4,40 m south of Ration Shop. search within ~20 m
AD000742,AC000575,T1,403.8,2388.8,569.0,VERIFY_FIRST,prior_only,locality,0,"Ganapathi Gudi hattira, ~90 m south-east. Location uncertain - verify by phone before visiting"
AD000743,AC000576,T1,-655.0,-2887.3,49.0,DIRECT_VISIT,visit_1,visits,1,No mapped landmark within 200 m; Shanthi Nagar. Agents report: Church hattira. ~50 m olage huduki
AD000744,AC000577,T3,1325.8,-1116.6,51.0,DIRECT_VISIT,visit_1,visits,1,No mapped landmark within 200 m; Teachers Colony. search within ~50 m
AD000745,AC000578,T2,-1606.4,-2798.6,296.0,VISIT_WITH_HINT,prior_only,landmark,0,"Hanuman Mandir ke paas, ~80 m paschim. pin ke aas-paas ~300 m ke andar dhoondo"
AD000746,AC000579,T2,2745.6,905.0,124.0,VISIT_WITH_HINT,prior_only,landmark,0,"Ganesh Mandir ke paas, ~150 m paschim. pin ke aas-paas ~120 m ke andar dhoondo"
AD000747,AC000579,OUT,,,,CANNOT_GEOCODE,out_of_territory,out_of_territory,0,Outside service area - verify address
AD000748,AC000580,T1,1201.1,-180.8,140.0,VISIT_WITH_HINT,prior_only,neighbours,0,No mapped landmark within 200 m; Kuvempu Layout. pin suttha ~140 m olage huduki
AD000749,AC000581,T3,-175.2,-3417.9,35.0,DIRECT_VISIT,visits_agree,visits,3,No mapped landmark within 200 m; Orchid Enclave. search within ~40 m
AD000750,AC000581,T3,-52.2,3155.0,57.0,DIRECT_VISIT,visit_1,visits,1,No mapped landmark within 200 m; Sunrise Enclave. search within ~60 m
AD000751,AC000582,T2,1189.2,1424.6,329.0,VISIT_WITH_HINT,prior_only,landmark,0,"Dawai ki Dukaan ke paas, ~70 m dakshin-paschim. pin ke aas-paas ~330 m ke andar dhoondo"
AD000752,AC000582,T2,-677.7,2733.8,296.0,VISIT_WITH_HINT,prior_only,landmark,0,"Dawai ki Dukaan ke paas, ~180 m uttar. pin ke aas-paas ~300 m ke andar dhoondo"
AD000753,AC000583,T1,2778.4,-2569.4,29.0,DIRECT_VISIT,visits_agree,visits,4,No mapped landmark within 200 m; Nehru Colony. ~30 m olage huduki
AD000754,AC000584,T2,2307.0,1913.1,396.0,VISIT_WITH_HINT,prior_only,landmark,0,"Ganesh Mandir ke paas, ~20 m paschim. pin ke aas-paas ~400 m ke andar dhoondo"
AD000755,AC000585,T2,665.8,-2907.6,272.0,VISIT_WITH_HINT,prior_only,landmark,0,"Doodh Dairy ke paas, ~100 m dakshin-purab. pin ke aas-paas ~270 m ke andar dhoondo"
AD000756,AC000586,T2,1348.2,-2070.1,23.0,DIRECT_VISIT,visits_disagree,visits,3,"Doodh Dairy ke paas, ~80 m purab. Agents report: Doodh Dairy ke right side. Look for: blue gate. ~20 m ke andar dhoondo"
AD000757,AC000587,T2,2563.0,-1017.3,403.0,VISIT_WITH_HINT,prior_only,locality,0,No mapped landmark within 200 m; Krishna Puri. pin ke aas-paas ~400 m ke andar dhoondo
AD000758,AC000588,T2,616.6,-3015.3,569.0,VERIFY_FIRST,prior_only,locality,0,"Girja Ghar ke paas, ~120 m uttar-purab. Location uncertain - verify by phone before visiting"
AD000759,AC000589,T2,3138.7,562.4,36.0,DIRECT_VISIT,visits_agree,visits,2,No mapped landmark within 200 m; Nehru Colony. Agents report: Dawai ki Dukaan ke right side. Look for: blue gate. ~40 m ke andar dhoondo
AD000760,AC000590,T1,2746.1,-2443.3,140.0,VISIT_WITH_HINT,prior_only,neighbours,0,"Anjaneya Gudi hattira, ~160 m south-west. pin suttha ~140 m olage huduki"
AD000761,AC000590,T1,2695.0,1078.0,52.0,DIRECT_VISIT,visit_1,visits,1,"Masjid hattira, ~130 m north-east. Agents report: Masjid hinde. ~50 m olage huduki"
AD000762,AC000591,T3,-2555.4,-509.6,178.0,VISIT_WITH_HINT,prior_only,landmark,0,80 m north-west of Masjid. search within ~180 m around the pin
AD000763,AC000591,T3,2992.5,-1806.5,175.0,VISIT_WITH_HINT,prior_only,neighbours,0,No mapped landmark within 200 m; Palm Meadows. search within ~180 m around the pin
AD000764,AC000592,T1,583.5,-2861.7,133.0,VISIT_WITH_HINT,prior_only,neighbours,0,"Bus Stop hattira, ~120 m north. pin suttha ~130 m olage huduki"
AD000765,AC000593,T3,-755.0,-714.9,175.0,VISIT_WITH_HINT,prior_only,neighbours,0,40 m east of Milk Dairy. search within ~180 m around the pin
AD000766,AC000593,T3,3171.7,-1768.4,329.0,VISIT_WITH_HINT,prior_only,landmark,0,90 m south of Post Office. search within ~330 m around the pin
AD000767,AC000594,T1,774.9,-2844.2,374.0,VISIT_WITH_HINT,prior_only,baseline_street,0,"Ration Angadi hattira, ~120 m south-east. pin suttha ~370 m olage huduki"
AD000768,AC000595,T2,2644.0,-1595.6,21.0,DIRECT_VISIT,visits_agree,visits,7,No mapped landmark within 200 m; Krishna Puri. Agents report: Ration ki Dukaan ke paas. Look for: blue gate. ~20 m ke andar dhoondo
AD000769,AC000596,T2,-470.5,1503.4,296.0,VISIT_WITH_HINT,prior_only,landmark,0,"Petrol Pump ke paas, ~170 m purab. pin ke aas-paas ~300 m ke andar dhoondo"
AD000770,AC000597,T2,2521.9,-599.4,232.0,VISIT_WITH_HINT,prior_only,baseline_street,0,No mapped landmark within 200 m; Krishna Puri. pin ke aas-paas ~230 m ke andar dhoondo
AD000771,AC000598,T3,832.8,-713.9,38.0,DIRECT_VISIT,visits_agree,visits,2,No mapped landmark within 200 m; Teachers Colony. search within ~40 m
AD000772,AC000598,T3,-317.7,3023.8,231.0,VISIT_WITH_HINT,prior_only,neighbours,0,No mapped landmark within 200 m; Sunrise Enclave. search within ~230 m around the pin
AD000773,AC000599,T2,1443.9,-2423.5,274.0,VISIT_WITH_HINT,prior_only,landmark,0,"Masjid ke paas, ~140 m uttar-purab. pin ke aas-paas ~270 m ke andar dhoondo"
AD000774,AC000600,T3,-2668.4,1721.7,32.0,DIRECT_VISIT,visits_agree,visits,5,No mapped landmark within 200 m; Railway Colony. search within ~30 m
AD000775,AC000601,T3,-634.2,-337.6,58.0,DIRECT_VISIT,visit_1,visits,1,150 m south-west of Medical Store. search within ~60 m
AD000776,AC000602,T3,3487.8,127.7,45.0,DIRECT_VISIT,visit_1,visits,1,No mapped landmark within 200 m; Lakeview Phase 2. search within ~40 m
AD000777,AC000602,OUT,,,,CANNOT_GEOCODE,out_of_territory,out_of_territory,0,Outside service area - verify address
AD000778,AC000603,T1,1928.5,-921.8,569.0,VERIFY_FIRST,prior_only,locality,0,No mapped landmark within 200 m; Siddeshwara Colony. Location uncertain - verify by phone before visiting
AD000779,AC000604,T1,2201.8,848.3,19.0,DIRECT_VISIT,visits_disagree,visits,5,"Sarkari Shale hattira, ~90 m north-west. Agents report: Sarkari Shale eduru. ~20 m olage huduki"
AD000780,AC000604,T1,801.8,-3280.8,140.0,VISIT_WITH_HINT,prior_only,neighbours,0,No mapped landmark within 200 m; Gandhi Nagar. pin suttha ~140 m olage huduki
AD000781,AC000605,T3,3755.8,504.0,35.0,DIRECT_VISIT,visits_agree,visits,5,100 m north of Bus Stop. Agents report: opposite Bus Stop. search within ~40 m
AD000782,AC000606,T1,659.9,-2621.4,29.0,DIRECT_VISIT,visits_agree,visits,2,"Ration Angadi hattira, ~160 m north. Agents report: Sarkari Shale hattira. ~30 m olage huduki"
AD000783,AC000606,T1,767.5,-2606.5,30.0,DIRECT_VISIT,visit_1,visits,1,"Ration Angadi hattira, ~190 m north-east. Agents report: Sarkari Shale hattira. ~30 m olage huduki"
AD000784,AC000607,T3,-1324.4,-2054.3,333.0,VISIT_WITH_HINT,prior_only,neighbours,0,200 m west of Ganesh Temple. search within ~330 m around the pin
AD000785,AC000608,T1,2441.1,-2256.1,16.0,DIRECT_VISIT,visits_agree,visits,4,"Masjid hattira, ~180 m north-east. ~20 m olage huduki"
AD000786,AC000608,OUT,,,,CANNOT_GEOCODE,out_of_territory,out_of_territory,0,Outside service area - verify address
AD000787,AC000609,T3,1093.5,-1174.1,28.0,DIRECT_VISIT,visits_agree,visits,4,No mapped landmark within 200 m; Teachers Colony. search within ~30 m
AD000788,AC000610,T1,1290.5,-59.5,50.0,DIRECT_VISIT,visits_disagree,visits,1,"Sarkari Shale hattira, ~110 m south. ~50 m olage huduki"
AD000789,AC000611,T3,-2637.2,-120.6,194.0,VISIT_WITH_HINT,prior_only,neighbours,0,130 m west of Govt School. search within ~190 m around the pin
AD000790,AC000612,T2,1037.6,2712.4,285.0,VISIT_WITH_HINT,prior_only,landmark,0,"Bus Stop ke paas, ~80 m uttar-paschim. pin ke aas-paas ~280 m ke andar dhoondo"
AD000791,AC000613,T1,3026.8,-2293.1,120.0,VISIT_WITH_HINT,prior_only,neighbours,0,"Ration Angadi hattira, ~140 m south. pin suttha ~120 m olage huduki"
AD000792,AC000614,T2,931.1,2479.3,26.0,DIRECT_VISIT,visits_agree,visits,4,"Ration ki Dukaan ke paas, ~70 m dakshin. ~30 m ke andar dhoondo"
AD000793,AC000614,T2,-269.0,1098.4,329.0,VISIT_WITH_HINT,prior_only,landmark,0,"Masjid ke paas, ~120 m uttar. pin ke aas-paas ~330 m ke andar dhoondo"
AD000794,AC000615,T2,2150.5,2165.4,215.0,VISIT_WITH_HINT,prior_only,landmark,0,"Sarkari School ke paas, ~100 m uttar-purab. pin ke aas-paas ~220 m ke andar dhoondo"
AD000795,AC000616,T3,-2885.9,186.5,62.0,DIRECT_VISIT,visit_1,visits,1,No mapped landmark within 200 m; Silver Oak Layout. Agents report: right side of Water Tank. Look for: blue gate. search within ~60 m
AD000796,AC000616,OUT,,,,CANNOT_GEOCODE,out_of_territory,out_of_territory,0,Outside service area - verify address
AD000797,AC000617,T2,2494.0,-1149.0,12.0,DIRECT_VISIT,visits_agree,visits,7,"Daakghar ke paas, ~60 m uttar-purab. Agents report: Daakghar ke paas. ~10 m ke andar dhoondo"
AD000798,AC000618,T2,916.5,1285.9,569.0,VERIFY_FIRST,prior_only,locality,0,"Sarkari School ke paas, ~120 m dakshin-paschim. Location uncertain - verify by phone before visiting"
AD000799,AC000618,T2,1283.0,-233.3,30.0,DIRECT_VISIT,visits_agree,visits,2,"Bus Stop ke paas, ~90 m purab. ~30 m ke andar dhoondo"
AD000800,AC000619,T1,1016.9,-429.8,140.0,VISIT_WITH_HINT,prior_only,neighbours,0,"Anjaneya Gudi hattira, ~80 m west. pin suttha ~140 m olage huduki"
AD000801,AC000620,T3,1204.4,-531.7,48.0,DIRECT_VISIT,visit_1,visits,1,No mapped landmark within 200 m; Teachers Colony. search within ~50 m
AD000802,AC000621,T1,1541.7,-242.5,29.0,DIRECT_VISIT,visits_agree,visits,2,No mapped landmark within 200 m; Kuvempu Layout. ~30 m olage huduki
AD000803,AC000621,T1,-355.1,-1397.6,54.0,DIRECT_VISIT,visit_1,visits,1,"Park hattira, ~200 m east. ~50 m olage huduki"
AD000804,AC000622,T3,-2356.1,-65.9,198.0,VISIT_WITH_HINT,prior_only,baseline_street,0,150 m east of Govt School. search within ~200 m around the pin
AD000805,AC000622,T3,-2658.2,-150.8,194.0,VISIT_WITH_HINT,prior_only,neighbours,0,160 m west of Govt School. search within ~190 m around the pin
AD000806,AC000623,T2,2300.4,1864.0,569.0,VERIFY_FIRST,prior_only,locality,0,"Ganesh Mandir ke paas, ~60 m dakshin-paschim. Location uncertain - verify by phone before visiting"
AD000807,AC000624,T3,-1205.6,-2153.2,329.0,VISIT_WITH_HINT,prior_only,landmark,0,120 m north-west of Milk Dairy. search within ~330 m around the pin
AD000808,AC000625,T3,-711.1,3387.2,28.0,DIRECT_VISIT,visits_agree,visits,4,110 m south-east of Bus Stop. search within ~30 m
AD000809,AC000626,T1,669.8,83.5,27.0,DIRECT_VISIT,visits_agree,visits,5,"Bus Stop hattira, ~20 m west. Agents report: Bus Stop hattira. ~30 m olage huduki"
AD000810,AC000627,T1,1146.5,-3176.0,34.0,DIRECT_VISIT,visits_agree,visits,3,No mapped landmark within 200 m; Gandhi Nagar. ~30 m olage huduki
AD000811,AC000627,OUT,,,,CANNOT_GEOCODE,out_of_territory,out_of_territory,0,Outside service area - verify address
AD000812,AC000628,T1,-1245.3,-2708.3,22.0,DIRECT_VISIT,visits_agree,visits,4,No mapped landmark within 200 m. Agents report: Anjaneya Gudi eduru. ~20 m olage huduki
AD000813,AC000629,T1,3057.6,-2280.7,26.0,DIRECT_VISIT,visits_agree,visits,3,"Ration Angadi hattira, ~120 m south. Agents report: Ration Angadi hattira. ~30 m olage huduki"
AD000814,AC000630,T1,-1239.3,-2270.1,2278.0,VERIFY_FIRST,prior_only,pincode_area,0,No mapped landmark within 200 m. Location uncertain - verify by phone before visiting
AD000815,AC000631,T3,3042.4,-2480.5,59.0,DIRECT_VISIT,visits_disagree,visits,2,160 m south of Milk Dairy. search within ~60 m
AD000816,AC000632,T2,1047.9,2716.6,285.0,VISIT_WITH_HINT,prior_only,landmark,0,"Bus Stop ke paas, ~80 m uttar-paschim. pin ke aas-paas ~280 m ke andar dhoondo"
AD000817,AC000633,T2,1300.5,-1926.2,40.0,DIRECT_VISIT,visits_disagree,visits,4,"Doodh Dairy ke paas, ~120 m uttar. ~40 m ke andar dhoondo"
AD000818,AC000634,T2,962.6,-191.6,403.0,VISIT_WITH_HINT,prior_only,locality,0,"Park ke paas, ~170 m uttar-paschim. pin ke aas-paas ~400 m ke andar dhoondo"
AD000819,AC000634,T2,2951.8,-1167.9,225.0,VISIT_WITH_HINT,prior_only,baseline_street,0,No mapped landmark within 200 m; Krishna Puri. pin ke aas-paas ~220 m ke andar dhoondo
AD000820,AC000635,T1,2427.1,-2004.8,132.0,VISIT_WITH_HINT,prior_only,baseline_rooftop,0,No mapped landmark within 200 m; Nehru Colony. pin suttha ~130 m olage huduki
AD000821,AC000636,T2,1446.4,-1972.0,372.0,VISIT_WITH_HINT,prior_only,neighbours,0,Girja Ghar ke paas. pin ke aas-paas ~370 m ke andar dhoondo
AD000822,AC000637,T1,440.4,-2877.7,50.0,DIRECT_VISIT,visits_disagree,visits,4,"Bus Stop hattira, ~150 m north-west. Agents report: Bus Stop hinde. ~50 m olage huduki"
AD000823,AC000637,T1,-3068.0,1449.5,133.0,VISIT_WITH_HINT,prior_only,neighbours,0,"Samudaya Bhavana hattira, ~40 m north-east. pin suttha ~130 m olage huduki"
AD000824,AC000638,T3,1675.6,-2029.1,9110.0,VERIFY_FIRST,prior_only,pincode_area,0,No mapped landmark within 200 m. Location uncertain - verify by phone before visiting
AD000825,AC000639,T3,-2212.5,1138.5,50.0,DIRECT_VISIT,visits_agree,visits,3,No mapped landmark within 200 m; Railway Colony. search within ~50 m
AD000826,AC000640,T1,-785.9,-3313.4,140.0,VISIT_WITH_HINT,prior_only,neighbours,0,No mapped landmark within 200 m; Basava Nagar. pin suttha ~140 m olage huduki
AD000827,AC000641,T3,3136.5,-2457.0,57.0,DIRECT_VISIT,visit_1,visits,1,160 m south-east of Milk Dairy. search within ~60 m
AD000828,AC000641,T3,-1772.7,-1409.0,4921.0,VERIFY_FIRST,prior_only,pincode_area,0,No mapped landmark within 200 m. Location uncertain - verify by phone before visiting
AD000829,AC000642,T2,2274.7,1860.7,396.0,VISIT_WITH_HINT,prior_only,landmark,0,"Ganesh Mandir ke paas, ~80 m dakshin-paschim. pin ke aas-paas ~400 m ke andar dhoondo"
AD000830,AC000643,T1,2506.0,628.7,42.0,DIRECT_VISIT,visits_agree,visits,2,No mapped landmark within 200 m; Vidya Nagar. ~40 m olage huduki
AD000831,AC000644,T1,-1462.4,477.4,215.0,VISIT_WITH_HINT,prior_only,landmark,0,"Petrol Bunk hattira, ~170 m north-west. pin suttha ~220 m olage huduki"
AD000832,AC000645,T1,3288.8,-2147.0,47.0,DIRECT_VISIT,visit_1,visits,1,No mapped landmark within 200 m; Nehru Colony. ~50 m olage huduki
AD000833,AC000646,T3,-2713.8,-475.2,227.0,VISIT_WITH_HINT,prior_only,neighbours,0,80 m north-west of Church. search within ~230 m around the pin
AD000834,AC000647,T3,2992.3,-2026.6,194.0,VISIT_WITH_HINT,prior_only,neighbours,0,No mapped landmark within 200 m; Palm Meadows. search within ~190 m around the pin
AD000835,AC000648,T2,938.3,-126.0,403.0,VISIT_WITH_HINT,prior_only,locality,0,No mapped landmark within 200 m; Indira Colony. pin ke aas-paas ~400 m ke andar dhoondo
AD000836,AC000649,T1,819.3,-581.3,25.0,DIRECT_VISIT,visits_agree,visits,5,No mapped landmark within 200 m; Kuvempu Layout. Agents report: Anjaneya Gudi hinde. ~20 m olage huduki
AD000837,AC000650,T1,-1292.4,-3539.8,50.0,DIRECT_VISIT,visit_1,visits,1,"Bus Stop hattira, ~40 m south-east. ~50 m olage huduki"
AD000838,AC000650,T1,-2675.6,1423.9,126.0,VISIT_WITH_HINT,prior_only,neighbours,0,"Bus Stop hattira, ~180 m north. pin suttha ~130 m olage huduki"
AD000839,AC000651,T2,1028.7,2750.0,569.0,VERIFY_FIRST,prior_only,locality,0,"Bus Stop ke paas, ~120 m uttar-paschim. Location uncertain - verify by phone before visiting"
AD000840,AC000652,T1,3083.1,-2465.6,31.0,DIRECT_VISIT,visits_agree,visits,2,No mapped landmark within 200 m. ~30 m olage huduki
AD000841,AC000653,T2,1818.5,-2350.1,31.0,DIRECT_VISIT,visits_agree,visits,2,"Dawai ki Dukaan ke paas, ~100 m purab. Agents report: Dawai ki Dukaan ke right side. Look for: blue gate. ~30 m ke andar dhoondo"
AD000842,AC000653,T2,848.5,1317.4,51.0,DIRECT_VISIT,visit_1,visits,1,"Sarkari School ke paas, ~140 m dakshin-paschim. ~50 m ke andar dhoondo"
AD000843,AC000654,T1,2714.0,-2613.0,30.0,DIRECT_VISIT,visits_agree,visits,2,No mapped landmark within 200 m. ~30 m olage huduki
AD000844,AC000655,T1,1982.1,-1157.5,329.0,VISIT_WITH_HINT,prior_only,landmark,0,"Anjaneya Gudi hattira, ~80 m north. pin suttha ~330 m olage huduki"
AD000845,AC000655,T1,1451.4,-1753.8,2278.0,VERIFY_FIRST,prior_only,pincode_area,0,No mapped landmark within 200 m. Location uncertain - verify by phone before visiting
AD000846,AC000656,T2,-1863.0,-3257.5,16.0,DIRECT_VISIT,visits_agree,visits,6,No mapped landmark within 200 m. Agents report: Daakghar ke saamne. ~20 m ke andar dhoondo
AD000847,AC000657,T1,628.9,-3131.8,569.0,VERIFY_FIRST,prior_only,locality,0,"Samudaya Bhavana hattira, ~120 m south-west. Location uncertain - verify by phone before visiting"
AD000848,AC000658,T3,-495.8,-3490.9,175.0,VISIT_WITH_HINT,prior_only,neighbours,0,100 m north of Masjid. search within ~180 m around the pin
AD000849,AC000658,T3,-3866.2,-684.2,329.0,VISIT_WITH_HINT,prior_only,landmark,0,120 m south-east of Community Hall. search within ~330 m around the pin
AD000850,AC000659,T3,3753.0,225.0,29.0,DIRECT_VISIT,visits_agree,visits,5,190 m south of Bus Stop. search within ~30 m
AD000851,AC000660,T2,2929.2,260.3,285.0,VISIT_WITH_HINT,prior_only,landmark,0,"Samudayik Bhavan ke paas, ~50 m uttar-paschim. pin ke aas-paas ~280 m ke andar dhoondo"
AD000852,AC000661,T3,-2726.9,-8.1,51.0,DIRECT_VISIT,visit_1,visits,1,190 m east of Water Tank. Agents report: near Water Tank. search within ~50 m
AD000853,AC000661,T3,-4114.9,-1041.0,194.0,VISIT_WITH_HINT,prior_only,neighbours,0,50 m south-west of Water Tank. search within ~190 m around the pin
AD000854,AC000662,T2,1290.3,-2463.5,20.0,DIRECT_VISIT,visits_agree,visits,5,"Masjid ke paas, ~80 m uttar-paschim. ~20 m ke andar dhoondo"
AD000855,AC000662,T2,927.4,2623.3,271.0,VISIT_WITH_HINT,prior_only,landmark,0,"Sarkari School ke paas, ~40 m uttar-purab. pin ke aas-paas ~270 m ke andar dhoondo"
AD000856,AC000663,T3,-574.7,-866.5,40.0,DIRECT_VISIT,visits_agree,visits,2,No mapped landmark within 200 m; HMT Colony. Agents report: opposite Masjid. search within ~40 m
AD000857,AC000664,T2,1118.0,-282.5,279.0,VISIT_WITH_HINT,prior_only,landmark,0,"Park ke paas, ~70 m uttar-purab. pin ke aas-paas ~280 m ke andar dhoondo"
AD000858,AC000665,T3,-1221.3,-1983.5,215.0,VISIT_WITH_HINT,prior_only,landmark,0,80 m west of Ganesh Temple. search within ~220 m around the pin
AD000859,AC000665,OUT,,,,CANNOT_GEOCODE,out_of_territory,out_of_territory,0,Outside service area - verify address
AD000860,AC000666,T2,1342.7,-1838.8,12.0,DIRECT_VISIT,visits_agree,visits,7,"Girja Ghar ke paas, ~180 m uttar-paschim. ~10 m ke andar dhoondo"
AD000861,AC000667,T2,2941.6,735.1,437.0,VISIT_WITH_HINT,prior_only,locality,0,"Paani ki Tanki ke paas, ~110 m dakshin-purab. pin ke aas-paas ~440 m ke andar dhoondo"
AD000862,AC000668,T1,-1722.8,2603.6,329.0,VISIT_WITH_HINT,prior_only,landmark,0,"Neerina Tank hattira, ~140 m south-west. pin suttha ~330 m olage huduki"
AD000863,AC000669,T2,1759.8,-1686.1,225.0,VISIT_WITH_HINT,prior_only,baseline_street,0,No mapped landmark within 200 m; Patel Nagar. pin ke aas-paas ~220 m ke andar dhoondo
AD000864,AC000670,T2,-1477.2,-2800.9,403.0,VISIT_WITH_HINT,prior_only,locality,0,"Hanuman Mandir ke paas, ~50 m purab. pin ke aas-paas ~400 m ke andar dhoondo"
AD000865,AC000671,T3,-2383.4,1821.7,194.0,VISIT_WITH_HINT,prior_only,neighbours,0,170 m south of Water Tank. search within ~190 m around the pin
AD000866,AC000672,T2,1560.3,-1972.3,33.0,DIRECT_VISIT,visits_disagree,visits,1,"Girja Ghar ke paas, ~120 m purab. Agents report: Dawai ki Dukaan ke right side. Look for: blue gate. ~30 m ke andar dhoondo"
AD000867,AC000673,T1,2908.6,-2512.5,46.0,DIRECT_VISIT,visits_agree,visits,4,"Anjaneya Gudi hattira, ~170 m south. ~50 m olage huduki"
AD000868,AC000674,T2,847.7,411.3,40.0,DIRECT_VISIT,visits_agree,visits,2,"Daakghar ke paas, ~140 m uttar-paschim. Agents report: Daakghar ke paas. ~40 m ke andar dhoondo"
AD000869,AC000675,T3,-2048.4,1559.5,27.0,DIRECT_VISIT,visits_disagree,visits,5,80 m south-east of Ganesh Temple. Agents report: opposite Ganesh Temple. search within ~30 m
AD000870,AC000676,T3,3333.9,-2390.0,24.0,DIRECT_VISIT,visits_agree,visits,4,No mapped landmark within 200 m; Palm Meadows. Agents report: opposite Park. search within ~20 m
AD000871,AC000677,T2,2463.8,-1213.4,276.0,VISIT_WITH_HINT,prior_only,landmark,0,"Daakghar ke paas, ~30 m dakshin-purab. pin ke aas-paas ~280 m ke andar dhoondo"
AD000872,AC000677,T2,2120.4,2093.4,124.0,VISIT_WITH_HINT,prior_only,landmark,0,"Sarkari School ke paas, ~50 m purab. pin ke aas-paas ~120 m ke andar dhoondo"
AD000873,AC000678,T1,-2840.0,1192.8,569.0,VERIFY_FIRST,prior_only,locality,0,"Bus Stop hattira, ~170 m west. Location uncertain - verify by phone before visiting"
AD000874,AC000679,T3,-3865.5,-578.8,54.0,DIRECT_VISIT,visits_agree,visits,2,60 m east of Community Hall. Agents report: opposite Community Hall. search within ~50 m
AD000875,AC000680,T3,3974.1,228.6,278.0,VISIT_WITH_HINT,prior_only,neighbours,0,No mapped landmark within 200 m; Lakeview Phase 2. search within ~280 m around the pin
AD000876,AC000681,T3,-3919.4,-856.2,396.0,VISIT_WITH_HINT,prior_only,landmark,0,80 m east of Medical Store. search within ~400 m around the pin
AD000877,AC000682,T3,3369.3,-1935.5,396.0,VISIT_WITH_HINT,prior_only,landmark,0,60 m west of Masjid. search within ~400 m around the pin
AD000878,AC000683,T1,-1857.2,2353.4,329.0,VISIT_WITH_HINT,prior_only,landmark,0,"Sarkari Shale hattira, ~60 m north. pin suttha ~330 m olage huduki"
AD000879,AC000684,T3,-459.5,-3399.9,194.0,VISIT_WITH_HINT,prior_only,neighbours,0,170 m south-east of Park. search within ~190 m around the pin
AD000880,AC000685,T1,2403.3,-2173.0,133.0,VISIT_WITH_HINT,prior_only,neighbours,0,No mapped landmark within 200 m; Nehru Colony. pin suttha ~130 m olage huduki
AD000881,AC000686,T1,422.1,2301.7,569.0,VERIFY_FIRST,prior_only,locality,0,"Ganapathi Gudi hattira, ~170 m south-east. Location uncertain - verify by phone before visiting"
AD000882,AC000686,T1,355.8,2436.7,329.0,VISIT_WITH_HINT,prior_only,landmark,0,"Ganapathi Gudi hattira, ~20 m south-east. pin suttha ~330 m olage huduki"
AD000883,AC000687,T2,3164.4,647.7,403.0,VISIT_WITH_HINT,prior_only,locality,0,No mapped landmark within 200 m; Nehru Colony. pin ke aas-paas ~400 m ke andar dhoondo
AD000884,AC000688,T2,909.5,2745.0,45.0,DIRECT_VISIT,visit_1,visits,1,"Sarkari School ke paas, ~160 m uttar. ~40 m ke andar dhoondo"
AD000885,AC000689,T3,3200.4,-2340.5,69.0,DIRECT_VISIT,visit_1,visits,1,150 m east of Milk Dairy. search within ~70 m
AD000886,AC000690,T2,748.2,117.3,38.0,DIRECT_VISIT,visit_1,visits,1,No mapped landmark within 200 m; Indira Colony. ~40 m ke andar dhoondo
AD000887,AC000690,OUT,,,,CANNOT_GEOCODE,out_of_territory,out_of_territory,0,Outside service area - verify address
AD000888,AC000691,T1,749.5,-3052.9,329.0,VISIT_WITH_HINT,prior_only,landmark,0,"Samudaya Bhavana hattira, ~30 m north. pin suttha ~330 m olage huduki"
AD000889,AC000691,T1,2977.0,-2481.6,140.0,VISIT_WITH_HINT,prior_only,neighbours,0,"Anjaneya Gudi hattira, ~170 m south-east. pin suttha ~140 m olage huduki"
AD000890,AC000692,T2,-589.4,3320.3,198.0,VISIT_WITH_HINT,prior_only,landmark,0,"Hanuman Mandir ke paas, ~90 m dakshin-paschim. pin ke aas-paas ~200 m ke andar dhoondo"
AD000891,AC000692,T2,-618.3,-571.4,396.0,VISIT_WITH_HINT,prior_only,landmark,0,"Daakghar ke paas, ~40 m dakshin-paschim. pin ke aas-paas ~400 m ke andar dhoondo"
AD000892,AC000693,T3,-342.7,-3273.5,200.0,VISIT_WITH_HINT,prior_only,baseline_street,0,No mapped landmark within 200 m; Orchid Enclave. search within ~200 m around the pin
AD000893,AC000693,OUT,,,,CANNOT_GEOCODE,out_of_territory,out_of_territory,0,Outside service area - verify address
AD000894,AC000694,T3,1171.8,-1083.4,198.0,VISIT_WITH_HINT,prior_only,baseline_street,0,No mapped landmark within 200 m; Teachers Colony. search within ~200 m around the pin
AD000895,AC000695,T1,462.7,2354.6,42.0,DIRECT_VISIT,visits_agree,visits,2,"Ganapathi Gudi hattira, ~150 m south-east. ~40 m olage huduki"
AD000896,AC000695,OUT,,,,CANNOT_GEOCODE,out_of_territory,out_of_territory,0,Outside service area - verify address
AD000897,AC000696,T2,1656.4,-2536.8,69.0,DIRECT_VISIT,visits_agree,visits,2,No mapped landmark within 200 m; Patel Nagar. Agents report: Dawai ki Dukaan ke right side. Look for: blue gate. ~70 m ke andar dhoondo
AD000898,AC000697,T1,1171.9,-3321.3,44.0,DIRECT_VISIT,visit_1,visits,1,No mapped landmark within 200 m; Gandhi Nagar. Agents report: Ganapathi Gudi hattira. ~40 m olage huduki
AD000899,AC000698,T3,3017.9,-2311.5,396.0,VISIT_WITH_HINT,prior_only,landmark,0,30 m west of Milk Dairy. search within ~400 m around the pin
AD000900,AC000698,T3,-2433.2,-124.7,227.0,VISIT_WITH_HINT,prior_only,neighbours,0,80 m south-east of Govt School. search within ~230 m around the pin
AD000901,AC000699,T2,1882.3,-2148.6,43.0,DIRECT_VISIT,visit_1,visits,1,No mapped landmark within 200 m; Patel Nagar. Agents report: Dawai ki Dukaan ke saamne. ~40 m ke andar dhoondo
AD000902,AC000700,T2,770.8,2982.7,42.0,DIRECT_VISIT,visit_1,visits,1,"Petrol Pump ke paas, ~180 m dakshin-paschim. ~40 m ke andar dhoondo"
AD000903,AC000701,T1,2979.1,-2751.0,33.0,DIRECT_VISIT,visits_disagree,visits,3,No mapped landmark within 200 m; Nehru Colony. Agents report: Haalina Dairy hattira. ~30 m olage huduki
AD000904,AC000701,T1,901.0,-2893.5,41.0,DIRECT_VISIT,visits_agree,visits,3,No mapped landmark within 200 m; Gandhi Nagar. Agents report: Ganapathi Gudi hinde. ~40 m olage huduki
AD000905,AC000702,T3,384.1,1751.2,215.0,VISIT_WITH_HINT,prior_only,landmark,0,No mapped landmark within 200 m; Royal Gardens. search within ~220 m around the pin
AD000906,AC000702,T3,3692.5,465.5,194.0,VISIT_WITH_HINT,prior_only,neighbours,0,110 m north-west of Bus Stop. search within ~190 m around the pin
AD000907,AC000703,T3,3498.1,-2201.8,237.0,VISIT_WITH_HINT,prior_only,landmark,0,110 m north-west of Park. search within ~240 m around the pin
AD000908,AC000704,T2,2316.9,1933.7,569.0,VERIFY_FIRST,prior_only,locality,0,"Ganesh Mandir ke paas, ~20 m uttar-paschim. Location uncertain - verify by phone before visiting"
AD000909,AC000704,OUT,,,,CANNOT_GEOCODE,out_of_territory,out_of_territory,0,Outside service area - verify address
AD000910,AC000705,T1,2626.9,-2355.6,120.0,VISIT_WITH_HINT,prior_only,neighbours,0,No mapped landmark within 200 m; Nehru Colony. pin suttha ~120 m olage huduki
AD000911,AC000705,T1,-568.6,-1393.2,329.0,VISIT_WITH_HINT,prior_only,landmark,0,Church hattira. pin suttha ~330 m olage huduki
AD000912,AC000706,T2,1443.0,-1665.7,38.0,DIRECT_VISIT,visit_1,visits,1,No mapped landmark within 200 m; Patel Nagar. ~40 m ke andar dhoondo
AD000913,AC000707,T3,629.3,-841.6,48.0,DIRECT_VISIT,visit_1,visits,1,100 m south of Bus Stop. Agents report: behind Bus Stop. search within ~50 m
AD000914,AC000708,T2,1610.3,-2201.9,363.0,VISIT_WITH_HINT,prior_only,neighbours,0,"Dawai ki Dukaan ke paas, ~180 m uttar-paschim. pin ke aas-paas ~360 m ke andar dhoondo"
AD000915,AC000709,T3,-753.9,-771.4,39.0,DIRECT_VISIT,visits_agree,visits,2,60 m south-east of Milk Dairy. Agents report: behind Milk Dairy. search within ~40 m
AD000916,AC000710,T1,1977.6,-876.9,569.0,VERIFY_FIRST,prior_only,locality,0,"Park hattira, ~160 m west. Location uncertain - verify by phone before visiting"
AD000917,AC000711,T2,1028.5,2416.5,81.0,DIRECT_VISIT,visits_disagree,visits,2,"Ration ki Dukaan ke paas, ~160 m dakshin-purab. Agents report: Ration ki Dukaan ke right side. Look for: blue gate. ~80 m ke andar dhoondo"
AD000918,AC000711,T2,2135.7,1706.9,31.0,DIRECT_VISIT,visits_agree,visits,2,"Samudayik Bhavan ke paas, ~100 m uttar-purab. Agents report: Samudayik Bhavan ke saamne. ~30 m ke andar dhoondo"
AD000919,AC000712,T1,2991.1,-2341.6,100.0,DIRECT_VISIT,visits_disagree,visits,2,"Anjaneya Gudi hattira, ~120 m east. Agents report: Haalina Dairy hattira. ~100 m olage huduki"
AD000920,AC000712,T1,-1289.3,474.1,227.0,VISIT_WITH_HINT,visits_disagree,landmark,1,"Petrol Bunk hattira, ~180 m north-east. pin suttha ~230 m olage huduki"
AD000921,AC000713,T2,1713.0,-2297.8,38.0,DIRECT_VISIT,visit_1,visits,1,"Dawai ki Dukaan ke paas, ~40 m uttar. ~40 m ke andar dhoondo"
AD000922,AC000713,T2,-1570.0,-2795.8,569.0,VERIFY_FIRST,prior_only,locality,0,"Hanuman Mandir ke paas, ~40 m uttar-paschim. Location uncertain - verify by phone before visiting"
AD000923,AC000714,T1,547.0,-3399.3,45.0,DIRECT_VISIT,visits_agree,visits,2,No mapped landmark within 200 m; Gandhi Nagar. ~40 m olage huduki
AD000924,AC000715,T2,504.8,-2715.6,19.0,DIRECT_VISIT,visits_disagree,visits,7,"Doodh Dairy ke paas, ~160 m uttar-paschim. ~20 m ke andar dhoondo"
AD000925,AC000716,T2,1237.4,-1705.9,127.0,VISIT_WITH_HINT,prior_only,baseline_rooftop,0,No mapped landmark within 200 m; Patel Nagar. pin ke aas-paas ~130 m ke andar dhoondo
AD000926,AC000717,T3,1118.9,-554.4,149.0,VISIT_WITH_HINT,prior_only,neighbours,0,180 m south-east of Masjid. search within ~150 m around the pin
AD000927,AC000718,T2,2575.8,-1288.0,329.0,VISIT_WITH_HINT,prior_only,landmark,0,"Paani ki Tanki ke paas, ~30 m uttar. pin ke aas-paas ~330 m ke andar dhoondo"
AD000928,AC000719,T1,2737.9,828.7,329.0,VISIT_WITH_HINT,prior_only,landmark,0,"Ration Angadi hattira, ~130 m north-west. pin suttha ~330 m olage huduki"
AD000929,AC000720,T1,1678.3,-1665.3,2278.0,VERIFY_FIRST,prior_only,pincode_area,0,No mapped landmark within 200 m. Location uncertain - verify by phone before visiting
AD000930,AC000721,T1,-2604.8,1544.8,25.0,DIRECT_VISIT,visit_1,visits,1,No mapped landmark within 200 m; Vinayaka Nagar. ~20 m olage huduki
AD000931,AC000721,OUT,,,,CANNOT_GEOCODE,out_of_territory,out_of_territory,0,Outside service area - verify address
AD000932,AC000722,T3,-3717.9,-982.7,569.0,VERIFY_FIRST,prior_only,locality,0,No mapped landmark within 200 m; Green Park Layout. Location uncertain - verify by phone before visiting
AD000933,AC000723,T2,1434.9,-2039.0,271.0,VISIT_WITH_HINT,prior_only,landmark,0,"Girja Ghar ke paas, ~50 m dakshin. pin ke aas-paas ~270 m ke andar dhoondo"
AD000934,AC000724,T2,668.9,2571.2,279.0,VISIT_WITH_HINT,prior_only,landmark,0,"Samudayik Bhavan ke paas, ~190 m dakshin-purab. pin ke aas-paas ~280 m ke andar dhoondo"
AD000935,AC000725,T3,-232.5,-3341.1,161.0,VISIT_WITH_HINT,prior_only,neighbours,0,No mapped landmark within 200 m; Orchid Enclave. search within ~160 m around the pin
AD000936,AC000726,T1,1009.3,-2967.0,18.0,DIRECT_VISIT,visits_disagree,visits,6,No mapped landmark within 200 m; Gandhi Nagar. ~20 m olage huduki
AD000937,AC000727,T2,-633.6,2911.4,569.0,VERIFY_FIRST,prior_only,locality,0,"Ganesh Mandir ke paas, ~160 m uttar-paschim. Location uncertain - verify by phone before visiting"
AD000938,AC000728,T1,1991.7,-1346.9,133.0,VISIT_WITH_HINT,prior_only,neighbours,0,"Anjaneya Gudi hattira, ~110 m south. pin suttha ~130 m olage huduki"
AD000939,AC000728,T1,2648.8,1430.3,140.0,VISIT_WITH_HINT,prior_only,neighbours,0,No mapped landmark within 200 m; Vidya Nagar. pin suttha ~140 m olage huduki
AD000940,AC000729,T1,446.5,-2890.0,45.0,DIRECT_VISIT,visits_disagree,visits,2,"Bus Stop hattira, ~140 m north-west. Agents report: Bus Stop hinde. ~40 m olage huduki"
AD000941,AC000729,OUT,,,,CANNOT_GEOCODE,out_of_territory,out_of_territory,0,Outside service area - verify address
AD000942,AC000730,T2,796.1,3231.9,39.0,DIRECT_VISIT,visits_agree,visits,2,"Petrol Pump ke paas, ~170 m uttar-paschim. ~40 m ke andar dhoondo"
AD000943,AC000731,T3,-2594.8,-473.2,50.0,DIRECT_VISIT,visit_1,visits,1,110 m north-east of Church. Agents report: near Church. search within ~50 m
AD000944,AC000732,T3,-2341.8,1335.5,29.0,DIRECT_VISIT,visits_agree,visits,2,100 m south of Masjid. search within ~30 m
AD000945,AC000733,T1,2741.6,835.2,329.0,VISIT_WITH_HINT,prior_only,landmark,0,"Ration Angadi hattira, ~130 m north-west. pin suttha ~330 m olage huduki"
AD000946,AC000733,T1,-2860.2,1097.1,569.0,VERIFY_FIRST,prior_only,locality,0,No mapped landmark within 200 m; Vinayaka Nagar. Location uncertain - verify by phone before visiting
AD000947,AC000734,T2,947.0,2756.1,272.0,VISIT_WITH_HINT,prior_only,landmark,0,"Sarkari School ke paas, ~170 m uttar. pin ke aas-paas ~270 m ke andar dhoondo"
AD000948,AC000735,T3,1006.3,-699.4,215.0,VISIT_WITH_HINT,visits_disagree,visits,2,No mapped landmark within 200 m; Teachers Colony. Agents report: behind Masjid. search within ~220 m around the pin
AD000949,AC000736,T3,-795.6,-419.4,175.0,VISIT_WITH_HINT,prior_only,neighbours,0,60 m north-west of Post Office. search within ~180 m around the pin
AD000950,AC000737,T3,-3017.0,-239.4,22.0,DIRECT_VISIT,visits_agree,visits,5,No mapped landmark within 200 m; Silver Oak Layout. Agents report: opposite Milk Dairy. search within ~20 m
AD000951,AC000738,T2,1134.9,-58.3,403.0,VISIT_WITH_HINT,prior_only,locality,0,"Bus Stop ke paas, ~170 m uttar. pin ke aas-paas ~400 m ke andar dhoondo"
AD000952,AC000738,T2,-481.6,3095.4,378.0,VISIT_WITH_HINT,prior_only,neighbours,0,No mapped landmark within 200 m; Ambedkar Nagar. pin ke aas-paas ~380 m ke andar dhoondo
AD000953,AC000739,T2,209.5,-3165.0,33.0,DIRECT_VISIT,visits_disagree,visits,3,"Ganesh Mandir ke paas, ~150 m dakshin-paschim. Agents report: Ganesh Mandir ke peeche. ~30 m ke andar dhoondo"
AD000954,AC000740,T3,-2484.0,1172.0,109.0,VISIT_WITH_HINT,visits_disagree,visits,1,No mapped landmark within 200 m; Railway Colony. search within ~110 m around the pin
AD000955,AC000741,T1,3145.2,-1917.8,13.0,DIRECT_VISIT,visits_agree,visits,9,No mapped landmark within 200 m; Nehru Colony. Agents report: Bus Stop hattira. ~10 m olage huduki
AD000956,AC000741,OUT,,,,CANNOT_GEOCODE,out_of_territory,out_of_territory,0,Outside service area - verify address
AD000957,AC000742,T2,2783.3,134.2,55.0,DIRECT_VISIT,visit_1,visits,1,"Samudayik Bhavan ke paas, ~190 m dakshin-paschim. ~60 m ke andar dhoondo"
AD000958,AC000742,T2,2447.7,-1110.8,228.0,VISIT_WITH_HINT,prior_only,baseline_street,0,"Daakghar ke paas, ~80 m uttar. pin ke aas-paas ~230 m ke andar dhoondo"
AD000959,AC000743,T1,2925.5,-2722.3,31.0,DIRECT_VISIT,visit_1,visits,1,No mapped landmark within 200 m; Nehru Colony. ~30 m olage huduki
AD000960,AC000743,OUT,,,,CANNOT_GEOCODE,out_of_territory,out_of_territory,0,Outside service area - verify address
AD000961,AC000744,T2,2971.8,725.0,285.0,VISIT_WITH_HINT,prior_only,landmark,0,"Paani ki Tanki ke paas, ~140 m purab. pin ke aas-paas ~280 m ke andar dhoondo"
AD000962,AC000745,T2,2695.2,272.0,38.0,DIRECT_VISIT,visits_agree,visits,2,No mapped landmark within 200 m; Ram Nagar. ~40 m ke andar dhoondo
AD000963,AC000746,T1,1832.0,-1737.5,37.0,DIRECT_VISIT,visits_disagree,visits,2,No mapped landmark within 200 m. ~40 m olage huduki
AD000964,AC000747,T2,1074.4,-1891.4,28.0,DIRECT_VISIT,visits_agree,visits,2,"Ration ki Dukaan ke paas, ~50 m dakshin-purab. ~30 m ke andar dhoondo"
AD000965,AC000748,T1,-1926.8,-2548.9,329.0,VISIT_WITH_HINT,prior_only,landmark,0,"Ration Angadi hattira, ~70 m west. pin suttha ~330 m olage huduki"
AD000966,AC000748,OUT,,,,CANNOT_GEOCODE,out_of_territory,out_of_territory,0,Outside service area - verify address
AD000967,AC000749,T3,-2517.1,-463.2,329.0,VISIT_WITH_HINT,prior_only,landmark,0,90 m north-west of Masjid. search within ~330 m around the pin
AD000968,AC000750,T3,-2592.8,1422.0,194.0,VISIT_WITH_HINT,prior_only,neighbours,0,No mapped landmark within 200 m; Railway Colony. search within ~190 m around the pin
AD000969,AC000751,T1,2160.8,994.7,17.0,DIRECT_VISIT,visits_agree,visits,5,"Anjaneya Gudi hattira, ~150 m south-east. ~20 m olage huduki"
AD000970,AC000751,T1,2694.5,1452.8,27.0,DIRECT_VISIT,visits_agree,visits,3,No mapped landmark within 200 m; Vidya Nagar. ~30 m olage huduki
AD000971,AC000752,T1,818.7,-2988.3,31.0,DIRECT_VISIT,visits_agree,visits,3,"Samudaya Bhavana hattira, ~120 m north-east. Agents report: Ganapathi Gudi hinde. ~30 m olage huduki"
AD000972,AC000753,T3,-827.4,-734.8,396.0,VISIT_WITH_HINT,prior_only,landmark,0,40 m south-east of Ration Shop. search within ~400 m around the pin
AD000973,AC000754,T3,3721.3,326.4,569.0,VERIFY_FIRST,prior_only,locality,0,110 m south-west of Bus Stop. Location uncertain - verify by phone before visiting
AD000974,AC000755,T3,3382.1,-1656.4,396.0,VISIT_WITH_HINT,prior_only,landmark,0,50 m west of Ganesh Temple. search within ~400 m around the pin
AD000975,AC000756,T2,-840.0,-541.2,50.0,DIRECT_VISIT,visits_disagree,visits,1,"Paani ki Tanki ke paas, ~180 m paschim. ~50 m ke andar dhoondo"
AD000976,AC000757,T1,-1083.7,-3092.5,569.0,VERIFY_FIRST,prior_only,locality,0,No mapped landmark within 200 m; Basava Nagar. Location uncertain - verify by phone before visiting
AD000977,AC000757,OUT,,,,CANNOT_GEOCODE,out_of_territory,out_of_territory,0,Outside service area - verify address
AD000978,AC000758,T3,-1195.2,-612.0,23.0,DIRECT_VISIT,visits_disagree,visits,5,180 m south-west of Govt School. search within ~20 m
AD000979,AC000759,T2,892.9,2553.5,1148.0,VERIFY_FIRST,prior_only,pincode_area,0,"Sarkari School ke paas, ~40 m dakshin-paschim. Location uncertain - verify by phone before visiting"
AD000980,AC000760,T2,1369.6,-0.6,23.0,DIRECT_VISIT,visits_agree,visits,4,No mapped landmark within 200 m; Indira Colony. Agents report: Ration ki Dukaan ke right side. Look for: blue gate. ~20 m ke andar dhoondo
AD000981,AC000761,T3,-2669.8,-141.3,68.0,DIRECT_VISIT,visit_1,visits,1,170 m west of Govt School. search within ~70 m
AD000982,AC000762,T3,4005.7,786.2,46.0,DIRECT_VISIT,visits_agree,visits,2,No mapped landmark within 200 m; Lakeview Phase 2. search within ~50 m
AD000983,AC000762,OUT,,,,CANNOT_GEOCODE,out_of_territory,out_of_territory,0,Outside service area - verify address
AD000984,AC000763,T1,-2364.3,-2259.0,37.0,DIRECT_VISIT,visit_1,visits,1,"Neerina Tank hattira, ~60 m north. ~40 m olage huduki"
AD000985,AC000764,T3,-2442.3,-149.8,227.0,VISIT_WITH_HINT,prior_only,neighbours,0,90 m south-east of Govt School. search within ~230 m around the pin
AD000986,AC000765,T2,1191.0,2510.1,20.0,DIRECT_VISIT,visits_agree,visits,4,"Dawai ki Dukaan ke paas, ~30 m dakshin-paschim. ~20 m ke andar dhoondo"
AD000987,AC000766,T1,2915.0,1169.5,34.0,DIRECT_VISIT,visit_1,visits,1,No mapped landmark within 200 m; Vidya Nagar. ~30 m olage huduki
AD000988,AC000767,T1,-2917.1,1108.8,569.0,VERIFY_FIRST,prior_only,locality,0,No mapped landmark within 200 m; Vinayaka Nagar. Location uncertain - verify by phone before visiting
AD000989,AC000768,T2,2460.3,-1022.5,403.0,VISIT_WITH_HINT,prior_only,locality,0,"Daakghar ke paas, ~170 m uttar. pin ke aas-paas ~400 m ke andar dhoondo"
AD000990,AC000768,T2,1301.1,183.1,232.0,VISIT_WITH_HINT,prior_only,baseline_street,0,"Hanuman Mandir ke paas, ~110 m dakshin. pin ke aas-paas ~230 m ke andar dhoondo"
AD000991,AC000769,T2,-672.2,3279.8,135.0,VISIT_WITH_HINT,visits_disagree,visits,1,"Hanuman Mandir ke paas, ~180 m dakshin-paschim. Agents report: Sarkari School ke right side. Look for: blue gate. pin ke aas-paas ~140 m ke andar dhoondo"
AD000992,AC000769,T2,2588.4,-1304.2,36.0,DIRECT_VISIT,visit_1,visits,1,"Paani ki Tanki ke paas, ~20 m uttar-purab. Agents report: Paani ki Tanki ke paas. ~40 m ke andar dhoondo"
AD000993,AC000770,T1,2735.5,-2121.2,569.0,VERIFY_FIRST,prior_only,locality,0,Park hattira. Location uncertain - verify by phone before visiting
AD000994,AC000771,T2,-644.2,2890.3,437.0,VISIT_WITH_HINT,prior_only,locality,0,"Ganesh Mandir ke paas, ~160 m uttar-paschim. pin ke aas-paas ~440 m ke andar dhoondo"
AD000995,AC000771,T2,783.3,-2750.3,201.0,VISIT_WITH_HINT,prior_only,landmark,0,"Samudayik Bhavan ke paas, ~100 m uttar. pin ke aas-paas ~200 m ke andar dhoondo"
AD000996,AC000772,T2,1500.6,-2093.2,569.0,VERIFY_FIRST,prior_only,locality,0,"Girja Ghar ke paas, ~120 m dakshin-purab. Location uncertain - verify by phone before visiting"
AD000997,AC000773,T2,-1469.7,-2632.9,239.0,VISIT_WITH_HINT,prior_only,baseline_street,0,"Hanuman Mandir ke paas, ~190 m uttar. pin ke aas-paas ~240 m ke andar dhoondo"
AD000998,AC000773,T2,-633.1,3078.5,569.0,VERIFY_FIRST,prior_only,locality,0,No mapped landmark within 200 m; Ambedkar Nagar. Location uncertain - verify by phone before visiting
AD000999,AC000774,T3,-33.6,-3535.7,35.0,DIRECT_VISIT,visit_1,visits,1,No mapped landmark within 200 m; Orchid Enclave. search within ~40 m
AD001000,AC000775,T1,2244.0,-1297.2,22.0,DIRECT_VISIT,visit_1,visits,1,No mapped landmark within 200 m; Siddeshwara Colony. ~20 m olage huduki
AD001001,AC000776,T3,3615.9,595.1,36.0,DIRECT_VISIT,visit_1,visits,1,40 m north of Ration Shop. Agents report: near Ration Shop. search within ~40 m
AD001002,AC000776,T3,-2262.5,1677.1,175.0,VISIT_WITH_HINT,prior_only,neighbours,0,160 m west of Ganesh Temple. search within ~180 m around the pin
AD001003,AC000777,T2,-594.6,-248.9,28.0,DIRECT_VISIT,visits_disagree,visits,1,No mapped landmark within 200 m; Shastri Nagar. Agents report: Sarkari School ke saamne. ~30 m ke andar dhoondo
AD001004,AC000778,T1,1117.4,-336.4,329.0,VISIT_WITH_HINT,prior_only,landmark,0,"Anjaneya Gudi hattira, ~90 m north. pin suttha ~330 m olage huduki"
AD001005,AC000779,T1,-360.6,-1143.0,396.0,VISIT_WITH_HINT,prior_only,landmark,0,"Haalina Dairy hattira, ~60 m south-west. pin suttha ~400 m olage huduki"
AD001006,AC000780,T3,1198.7,-1157.3,45.0,DIRECT_VISIT,visit_1,visits,1,No mapped landmark within 200 m; Teachers Colony. search within ~40 m
AD001007,AC000781,T1,-2818.2,1002.8,374.0,VISIT_WITH_HINT,prior_only,baseline_street,0,"Post Office hattira, ~110 m north. pin suttha ~370 m olage huduki"
AD001008,AC000782,T1,-2057.1,2326.0,215.0,VISIT_WITH_HINT,prior_only,landmark,0,"Sarkari Shale hattira, ~190 m west. pin suttha ~220 m olage huduki"
AD001009,AC000783,T2,1639.0,-2308.5,42.0,DIRECT_VISIT,visit_1,visits,1,"Dawai ki Dukaan ke paas, ~90 m paschim. ~40 m ke andar dhoondo"
AD001010,AC000784,T2,973.5,-157.3,403.0,VISIT_WITH_HINT,prior_only,locality,0,"Park ke paas, ~200 m uttar-paschim. pin ke aas-paas ~400 m ke andar dhoondo"
AD001011,AC000785,T2,-792.6,3039.7,329.0,VISIT_WITH_HINT,prior_only,landmark,0,"Doodh Dairy ke paas, ~100 m dakshin-purab. pin ke aas-paas ~330 m ke andar dhoondo"
AD001012,AC000786,T1,813.0,-3293.0,17.0,DIRECT_VISIT,visits_agree,visits,6,No mapped landmark within 200 m; Gandhi Nagar. Agents report: Samudaya Bhavana eduru. ~20 m olage huduki
AD001013,AC000787,T2,1336.8,-2068.2,30.0,DIRECT_VISIT,visits_agree,visits,7,"Doodh Dairy ke paas, ~70 m purab. Agents report: Doodh Dairy ke peeche. ~30 m ke andar dhoondo"
AD001014,AC000787,OUT,,,,CANNOT_GEOCODE,out_of_territory,out_of_territory,0,Outside service area - verify address
AD001015,AC000788,T3,3411.4,380.1,185.0,VISIT_WITH_HINT,prior_only,landmark,0,90 m south of Community Hall. search within ~180 m around the pin
AD001016,AC000788,T3,500.9,1820.3,329.0,VISIT_WITH_HINT,prior_only,landmark,0,110 m south of Water Tank. search within ~330 m around the pin
AD001017,AC000789,T3,-934.6,-724.5,27.0,DIRECT_VISIT,visit_1,visits,1,80 m west of Ration Shop. search within ~30 m
AD001018,AC000790,T3,-1108.0,-584.4,175.0,VISIT_WITH_HINT,prior_only,neighbours,0,90 m south-west of Govt School. search within ~180 m around the pin
AD001019,AC000791,T2,3064.7,577.8,569.0,VERIFY_FIRST,prior_only,locality,0,No mapped landmark within 200 m; Nehru Colony. Location uncertain - verify by phone before visiting
AD001020,AC000792,T1,2521.1,-1731.2,255.0,VISIT_WITH_HINT,prior_only,baseline_street,0,No mapped landmark within 200 m; Nehru Colony. pin suttha ~260 m olage huduki
AD001021,AC000793,T1,-280.8,-1189.1,51.0,DIRECT_VISIT,visit_1,visits,1,"Haalina Dairy hattira, ~90 m south-east. Agents report: Sarkari Shale hinde. ~50 m olage huduki"
AD001022,AC000793,T1,1924.5,-1146.6,329.0,VISIT_WITH_HINT,prior_only,landmark,0,"Anjaneya Gudi hattira, ~110 m north-west. pin suttha ~330 m olage huduki"
AD001023,AC000794,T3,-2811.8,-596.9,396.0,VISIT_WITH_HINT,prior_only,landmark,0,40 m south-east of Bus Stop. search within ~400 m around the pin
AD001024,AC000795,T3,783.1,1726.2,329.0,VISIT_WITH_HINT,prior_only,landmark,0,130 m west of Govt School. search within ~330 m around the pin
AD001025,AC000796,T2,-462.3,-644.5,437.0,VISIT_WITH_HINT,prior_only,locality,0,"Daakghar ke paas, ~170 m dakshin-purab. pin ke aas-paas ~440 m ke andar dhoondo"
AD001026,AC000797,T2,762.5,2302.7,18.0,DIRECT_VISIT,visits_agree,visits,4,No mapped landmark within 200 m; Azad Mohalla. Agents report: Ration ki Dukaan ke saamne. ~20 m ke andar dhoondo
AD001027,AC000797,T2,1004.1,2927.7,296.0,VISIT_WITH_HINT,prior_only,landmark,0,No mapped landmark within 200 m; Azad Mohalla. pin ke aas-paas ~300 m ke andar dhoondo
AD001028,AC000798,T2,986.8,1407.9,396.0,VISIT_WITH_HINT,prior_only,landmark,0,"Sarkari School ke paas, ~20 m uttar-purab. pin ke aas-paas ~400 m ke andar dhoondo"
AD001029,AC000799,T2,878.9,2543.1,279.0,VISIT_WITH_HINT,prior_only,landmark,0,"Sarkari School ke paas, ~50 m dakshin-paschim. pin ke aas-paas ~280 m ke andar dhoondo"
AD001030,AC000799,OUT,,,,CANNOT_GEOCODE,out_of_territory,out_of_territory,0,Outside service area - verify address
AD001031,AC000800,T2,1448.0,-2121.0,37.0,DIRECT_VISIT,visits_disagree,visits,5,"Girja Ghar ke paas, ~140 m dakshin. ~40 m ke andar dhoondo"
AD001032,AC000801,T2,-628.9,-225.6,387.0,VISIT_WITH_HINT,prior_only,neighbours,0,No mapped landmark within 200 m; Shastri Nagar. pin ke aas-paas ~390 m ke andar dhoondo
AD001033,AC000802,T1,-1347.7,-3352.0,47.0,DIRECT_VISIT,visit_1,visits,1,"Medical Store hattira, ~100 m west. ~50 m olage huduki"
AD001034,AC000803,T1,3161.5,-2002.3,14.0,DIRECT_VISIT,visits_agree,visits,4,"Ration Angadi hattira, ~190 m north-east. Agents report: Bus Stop eduru. ~10 m olage huduki"
AD001035,AC000804,T1,970.0,-468.2,40.0,DIRECT_VISIT,visits_disagree,visits,4,"Anjaneya Gudi hattira, ~130 m west. ~40 m olage huduki"
AD001036,AC000805,T3,-2501.8,1719.3,54.0,DIRECT_VISIT,visits_disagree,visits,2,140 m north of Bus Stop. Agents report: behind Petrol Bunk. search within ~50 m
AD001037,AC000806,T3,-2558.7,1742.8,231.0,VISIT_WITH_HINT,prior_only,neighbours,0,190 m north-west of Bus Stop. search within ~230 m around the pin
AD001038,AC000806,OUT,,,,CANNOT_GEOCODE,out_of_territory,out_of_territory,0,Outside service area - verify address
AD001039,AC000807,T3,2956.4,-2373.2,68.0,DIRECT_VISIT,visit_1,visits,1,110 m south-west of Milk Dairy. search within ~70 m
AD001040,AC000808,T3,855.0,-1114.3,20.0,DIRECT_VISIT,visits_agree,visits,6,130 m east of Church. search within ~20 m
AD001041,AC000809,T1,2596.1,982.4,396.0,VISIT_WITH_HINT,prior_only,landmark,0,"Masjid hattira, ~40 m north-west. pin suttha ~400 m olage huduki"
AD001042,AC000810,T1,-2985.2,803.6,12.0,DIRECT_VISIT,visits_agree,visits,6,"Ganapathi Gudi hattira, ~170 m east. ~10 m olage huduki"
AD001043,AC000810,T1,-2572.5,1094.2,43.0,DIRECT_VISIT,visits_agree,visits,2,"Bus Stop hattira, ~180 m south-east. ~40 m olage huduki"
AD001044,AC000811,T1,2721.2,-2220.3,569.0,VERIFY_FIRST,prior_only,locality,0,"Park hattira, ~90 m south. Location uncertain - verify by phone before visiting"
AD001045,AC000812,T1,2624.2,1461.0,27.0,DIRECT_VISIT,visits_agree,visits,4,No mapped landmark within 200 m; Vidya Nagar. ~30 m olage huduki
AD001046,AC000813,T3,-2994.3,-196.8,194.0,VISIT_WITH_HINT,prior_only,neighbours,0,180 m south-west of Water Tank. search within ~190 m around the pin
AD001047,AC000814,T1,2902.6,-1732.1,45.0,DIRECT_VISIT,visit_1,visits,1,No mapped landmark within 200 m; Nehru Colony. ~40 m olage huduki
AD001048,AC000814,T1,2672.5,-2098.5,32.0,DIRECT_VISIT,visit_1,visits,1,"Park hattira, ~70 m north-west. Agents report: Masjid hattira. ~30 m olage huduki"
AD001049,AC000815,T3,-991.2,-368.8,175.0,VISIT_WITH_HINT,prior_only,neighbours,0,170 m north of Govt School. search within ~180 m around the pin
AD001050,AC000816,T2,3022.2,578.0,569.0,VERIFY_FIRST,prior_only,locality,0,No mapped landmark within 200 m; Nehru Colony. Location uncertain - verify by phone before visiting
AD001051,AC000816,OUT,,,,CANNOT_GEOCODE,out_of_territory,out_of_territory,0,Outside service area - verify address
AD001052,AC000817,T1,2776.4,-2203.0,569.0,VERIFY_FIRST,prior_only,locality,0,"Samudaya Bhavana hattira, ~80 m south. Location uncertain - verify by phone before visiting"
AD001053,AC000818,T3,899.5,-721.5,22.0,DIRECT_VISIT,visits_agree,visits,7,No mapped landmark within 200 m; Teachers Colony. search within ~20 m
AD001054,AC000819,T3,-99.3,2792.3,47.0,DIRECT_VISIT,visit_1,visits,1,No mapped landmark within 200 m; Sunrise Enclave. search within ~50 m
AD001055,AC000820,T2,344.4,-3211.6,20.0,DIRECT_VISIT,visits_agree,visits,5,"Ganesh Mandir ke paas, ~130 m dakshin. Agents report: Ganesh Mandir ke paas. ~20 m ke andar dhoondo"
AD001056,AC000820,OUT,,,,CANNOT_GEOCODE,out_of_territory,out_of_territory,0,Outside service area - verify address
AD001057,AC000821,T1,1082.3,-2882.0,26.0,DIRECT_VISIT,visits_agree,visits,2,No mapped landmark within 200 m; Gandhi Nagar. Agents report: Ganapathi Gudi hinde. ~30 m olage huduki
AD001058,AC000821,T1,2939.9,-2700.3,140.0,VISIT_WITH_HINT,prior_only,neighbours,0,No mapped landmark within 200 m; Nehru Colony. pin suttha ~140 m olage huduki
AD001059,AC000822,T2,1021.7,-99.1,569.0,VERIFY_FIRST,prior_only,locality,0,No mapped landmark within 200 m; Indira Colony. Location uncertain - verify by phone before visiting
AD001060,AC000823,T2,1004.5,-1660.5,59.0,DIRECT_VISIT,visit_1,visits,1,"Ration ki Dukaan ke paas, ~200 m uttar. Agents report: Doodh Dairy ke paas. ~60 m ke andar dhoondo"
AD001061,AC000823,OUT,,,,CANNOT_GEOCODE,out_of_territory,out_of_territory,0,Outside service area - verify address
AD001062,AC000824,T3,3470.4,514.5,304.0,VISIT_WITH_HINT,prior_only,neighbours,0,50 m south-west of Milk Dairy. search within ~300 m around the pin
AD001063,AC000825,T1,3127.2,-1908.1,34.0,DIRECT_VISIT,visit_1,visits,1,No mapped landmark within 200 m; Nehru Colony. ~30 m olage huduki
AD001064,AC000826,T3,-2976.8,-23.6,21.0,DIRECT_VISIT,visits_agree,visits,6,70 m west of Water Tank. Agents report: opposite Water Tank. search within ~20 m
AD001065,AC000827,T1,2756.3,-2092.3,396.0,VISIT_WITH_HINT,prior_only,landmark,0,"Park hattira, ~40 m north-east. pin suttha ~400 m olage huduki"
AD001066,AC000828,T3,-2824.6,-656.5,333.0,VISIT_WITH_HINT,prior_only,neighbours,0,90 m south of Bus Stop. search within ~330 m around the pin
AD001067,AC000829,T1,1100.6,-2782.6,46.0,DIRECT_VISIT,visit_1,visits,1,No mapped landmark within 200 m. ~50 m olage huduki
AD001068,AC000830,T3,634.0,1410.7,333.0,VISIT_WITH_HINT,prior_only,neighbours,0,No mapped landmark within 200 m; Royal Gardens. search within ~330 m around the pin
AD001069,AC000830,T3,479.2,1514.8,396.0,VISIT_WITH_HINT,prior_only,landmark,0,60 m south-east of Bus Stop. search within ~400 m around the pin
AD001070,AC000831,T1,-2087.6,-2232.0,329.0,VISIT_WITH_HINT,prior_only,landmark,0,"Bus Stop hattira, ~90 m south-west. pin suttha ~330 m olage huduki"
AD001071,AC000832,T3,-1144.7,-578.7,83.0,DIRECT_VISIT,visits_disagree,visits,1,120 m west of Govt School. Agents report: near Ration Shop. search within ~80 m
AD001072,AC000832,OUT,,,,CANNOT_GEOCODE,out_of_territory,out_of_territory,0,Outside service area - verify address
AD001073,AC000833,T3,1296.7,-837.6,234.0,VISIT_WITH_HINT,prior_only,landmark,0,80 m north-west of Medical Store. search within ~230 m around the pin
AD001074,AC000834,T1,2541.0,-1882.2,35.0,DIRECT_VISIT,visit_1,visits,1,No mapped landmark within 200 m; Nehru Colony. Agents report: Ganapathi Gudi hattira. ~40 m olage huduki
AD001075,AC000835,T1,-3120.9,1041.1,215.0,VISIT_WITH_HINT,prior_only,landmark,0,No mapped landmark within 200 m; Vinayaka Nagar. pin suttha ~220 m olage huduki
AD001076,AC000836,T3,-666.2,-349.7,329.0,VISIT_WITH_HINT,prior_only,landmark,0,160 m north-east of Post Office. search within ~330 m around the pin
AD001077,AC000836,OUT,,,,CANNOT_GEOCODE,out_of_territory,out_of_territory,0,Outside service area - verify address
AD001078,AC000837,T3,2948.3,-2042.0,35.0,DIRECT_VISIT,visits_disagree,visits,5,No mapped landmark within 200 m; Palm Meadows. Agents report: behind Hanuman Temple. search within ~40 m
AD001079,AC000838,T3,-2456.8,-96.4,26.0,DIRECT_VISIT,visits_agree,visits,3,50 m east of Govt School. search within ~30 m
AD001080,AC000838,T3,-2348.7,-175.3,38.0,DIRECT_VISIT,visits_agree,visits,3,180 m south-east of Govt School. search within ~40 m
AD001081,AC000839,T2,1019.5,-74.9,378.0,VISIT_WITH_HINT,prior_only,neighbours,0,No mapped landmark within 200 m; Indira Colony. pin ke aas-paas ~380 m ke andar dhoondo
AD001082,AC000839,T2,894.9,2530.2,279.0,VISIT_WITH_HINT,prior_only,landmark,0,"Ration ki Dukaan ke paas, ~50 m paschim. pin ke aas-paas ~280 m ke andar dhoondo"
AD001083,AC000840,T1,802.7,-3286.8,14.0,DIRECT_VISIT,visits_agree,visits,8,No mapped landmark within 200 m; Gandhi Nagar. ~10 m olage huduki
AD001084,AC000841,T2,-1796.9,-2702.9,296.0,VISIT_WITH_HINT,prior_only,landmark,0,"Sarkari School ke paas, ~80 m dakshin-purab. pin ke aas-paas ~300 m ke andar dhoondo"
AD001085,AC000841,OUT,,,,CANNOT_GEOCODE,out_of_territory,out_of_territory,0,Outside service area - verify address
AD001086,AC000842,T3,-497.4,-400.7,304.0,VISIT_WITH_HINT,prior_only,neighbours,0,160 m north of Water Tank. search within ~300 m around the pin
AD001087,AC000843,T1,981.5,-2663.5,29.0,DIRECT_VISIT,visits_agree,visits,3,No mapped landmark within 200 m. Agents report: Sarkari Shale hinde. ~30 m olage huduki
AD001088,AC000844,T1,1333.5,-221.9,26.0,DIRECT_VISIT,visits_agree,visits,3,No mapped landmark within 200 m; Kuvempu Layout. ~30 m olage huduki
AD001089,AC000845,T3,3566.7,459.4,329.0,VISIT_WITH_HINT,prior_only,landmark,0,100 m south-east of Milk Dairy. search within ~330 m around the pin
AD001090,AC000845,OUT,,,,CANNOT_GEOCODE,out_of_territory,out_of_territory,0,Outside service area - verify address
AD001091,AC000846,T3,-3691.6,-718.5,60.0,DIRECT_VISIT,visits_agree,visits,2,No mapped landmark within 200 m; Green Park Layout. search within ~60 m
AD001092,AC000847,T3,-981.1,-410.8,230.0,VISIT_WITH_HINT,prior_only,neighbours,0,140 m north of Govt School. search within ~230 m around the pin
AD001093,AC000847,OUT,,,,CANNOT_GEOCODE,out_of_territory,out_of_territory,0,Outside service area - verify address
AD001094,AC000848,T3,-2466.7,1761.1,23.0,DIRECT_VISIT,visits_agree,visits,3,180 m north of Bus Stop. search within ~20 m
AD001095,AC000849,T2,1330.8,-1654.4,7235.0,VERIFY_FIRST,prior_only,pincode_area,0,No mapped landmark within 200 m. Location uncertain - verify by phone before visiting
AD001096,AC000850,T1,2708.1,939.1,18.0,DIRECT_VISIT,visits_agree,visits,4,"Masjid hattira, ~80 m east. Agents report: Masjid hattira. ~20 m olage huduki"
AD001097,AC000850,T1,1971.1,-1155.6,329.0,VISIT_WITH_HINT,prior_only,landmark,0,"Anjaneya Gudi hattira, ~90 m north. pin suttha ~330 m olage huduki"
AD001098,AC000851,T3,1987.7,-1870.5,3348.0,VERIFY_FIRST,prior_only,pincode_area,0,No mapped landmark within 200 m. Location uncertain - verify by phone before visiting
AD001099,AC000852,T3,-2665.0,-136.9,194.0,VISIT_WITH_HINT,prior_only,neighbours,0,170 m west of Govt School. search within ~190 m around the pin
AD001100,AC000853,T1,2892.5,-2553.0,27.0,DIRECT_VISIT,visits_agree,visits,4,No mapped landmark within 200 m; Nehru Colony. Agents report: Haalina Dairy hinde. ~30 m olage huduki
AD001101,AC000854,T1,575.8,-2953.7,569.0,VERIFY_FIRST,prior_only,locality,0,"Bus Stop hattira, ~40 m north-east. Location uncertain - verify by phone before visiting"
AD001102,AC000855,T2,978.1,2589.6,279.0,VISIT_WITH_HINT,prior_only,landmark,0,"Ration ki Dukaan ke paas, ~60 m uttar-purab. pin ke aas-paas ~280 m ke andar dhoondo"
AD001103,AC000856,T1,537.3,-2896.6,396.0,VISIT_WITH_HINT,prior_only,landmark,0,"Bus Stop hattira, ~80 m north. pin suttha ~400 m olage huduki"
AD001104,AC000856,T1,388.4,2431.7,396.0,VISIT_WITH_HINT,prior_only,landmark,0,"Ganapathi Gudi hattira, ~50 m south-east. pin suttha ~400 m olage huduki"
AD001105,AC000857,T1,2919.5,-2536.5,34.0,DIRECT_VISIT,visits_disagree,visits,2,"Anjaneya Gudi hattira, ~200 m south. Agents report: Anjaneya Gudi hattira. ~30 m olage huduki"
AD001106,AC000857,OUT,,,,CANNOT_GEOCODE,out_of_territory,out_of_territory,0,Outside service area - verify address
AD001107,AC000858,T1,1107.2,-456.4,396.0,VISIT_WITH_HINT,prior_only,landmark,0,"Anjaneya Gudi hattira, ~40 m south. pin suttha ~400 m olage huduki"
AD001108,AC000858,T1,314.7,2540.4,34.0,DIRECT_VISIT,visits_disagree,visits,1,"Ganapathi Gudi hattira, ~90 m north. ~30 m olage huduki"
AD001109,AC000859,T3,-2534.0,-163.0,329.0,VISIT_WITH_HINT,prior_only,landmark,0,80 m south of Govt School. search within ~330 m around the pin
AD001110,AC000860,T1,-393.8,-1191.4,39.0,DIRECT_VISIT,visit_1,visits,1,"Haalina Dairy hattira, ~120 m south-west. Agents report: Haalina Dairy hattira. ~40 m olage huduki"
AD001111,AC000860,OUT,,,,CANNOT_GEOCODE,out_of_territory,out_of_territory,0,Outside service area - verify address
AD001112,AC000861,T3,-1135.0,-2007.9,329.0,VISIT_WITH_HINT,prior_only,landmark,0,20 m south of Ganesh Temple. search within ~330 m around the pin
AD001113,AC000861,T3,802.4,-731.7,175.0,VISIT_WITH_HINT,prior_only,neighbours,0,200 m east of Bus Stop. search within ~180 m around the pin
AD001114,AC000862,T2,2683.2,-1299.1,272.0,VISIT_WITH_HINT,prior_only,landmark,0,"Paani ki Tanki ke paas, ~110 m purab. pin ke aas-paas ~270 m ke andar dhoondo"
AD001115,AC000863,T2,-519.7,3253.9,276.0,VISIT_WITH_HINT,prior_only,landmark,0,"Hanuman Mandir ke paas, ~140 m dakshin. pin ke aas-paas ~280 m ke andar dhoondo"
AD001116,AC000864,T3,3117.3,-1946.3,27.0,DIRECT_VISIT,visits_disagree,visits,3,No mapped landmark within 200 m; Palm Meadows. search within ~30 m
AD001117,AC000865,T2,2513.0,-981.2,403.0,VISIT_WITH_HINT,prior_only,locality,0,No mapped landmark within 200 m; Krishna Puri. pin ke aas-paas ~400 m ke andar dhoondo
AD001118,AC000866,T3,-2309.7,1204.2,194.0,VISIT_WITH_HINT,prior_only,neighbours,0,No mapped landmark within 200 m; Railway Colony. search within ~190 m around the pin
AD001119,AC000866,T3,3864.8,508.0,194.0,VISIT_WITH_HINT,prior_only,neighbours,0,120 m north-east of Bus Stop. search within ~190 m around the pin
AD001120,AC000867,T3,-3883.8,-1025.5,231.0,VISIT_WITH_HINT,prior_only,neighbours,0,120 m north-east of Hanuman Temple. search within ~230 m around the pin
AD001121,AC000868,T3,3737.6,645.4,37.0,DIRECT_VISIT,visits_agree,visits,3,150 m north-east of Ration Shop. search within ~40 m
AD001122,AC000869,T3,3388.5,510.1,24.0,DIRECT_VISIT,visits_agree,visits,5,40 m north of Community Hall. search within ~20 m
AD001123,AC000870,T3,-2924.3,-45.4,194.0,VISIT_WITH_HINT,prior_only,neighbours,0,20 m south-west of Water Tank. search within ~190 m around the pin
AD001124,AC000871,T2,1209.5,-1669.2,71.0,DIRECT_VISIT,visit_1,visits,1,No mapped landmark within 200 m; Patel Nagar. ~70 m ke andar dhoondo
AD001125,AC000872,T2,1287.0,1135.4,215.0,VISIT_WITH_HINT,prior_only,landmark,0,"Bus Stop ke paas, ~100 m paschim. pin ke aas-paas ~220 m ke andar dhoondo"
AD001126,AC000872,T2,3041.2,664.3,437.0,VISIT_WITH_HINT,prior_only,locality,0,No mapped landmark within 200 m; Nehru Colony. pin ke aas-paas ~440 m ke andar dhoondo
AD001127,AC000873,T2,626.6,-3373.0,55.0,DIRECT_VISIT,visits_disagree,visits,5,"Bus Stop ke paas, ~100 m dakshin-paschim. ~60 m ke andar dhoondo"
AD001128,AC000874,T3,854.1,-1372.0,57.0,DIRECT_VISIT,visits_agree,visits,3,No mapped landmark within 200 m; Teachers Colony. search within ~60 m
AD001129,AC000875,T2,-692.3,3220.8,229.0,VISIT_WITH_HINT,prior_only,baseline_street,0,No mapped landmark within 200 m; Ambedkar Nagar. pin ke aas-paas ~230 m ke andar dhoondo
AD001130,AC000876,T1,-768.7,-3324.4,18.0,DIRECT_VISIT,visits_disagree,visits,5,No mapped landmark within 200 m; Basava Nagar. ~20 m olage huduki
AD001131,AC000877,T2,1120.7,-1749.5,41.0,DIRECT_VISIT,visits_agree,visits,2,"Ration ki Dukaan ke paas, ~130 m uttar-purab. ~40 m ke andar dhoondo"
AD001132,AC000877,T2,2573.0,-1770.1,201.0,VISIT_WITH_HINT,prior_only,landmark,0,"Ration ki Dukaan ke paas, ~100 m uttar-paschim. pin ke aas-paas ~200 m ke andar dhoondo"
AD001133,AC000878,T2,2388.1,-1267.2,21.0,DIRECT_VISIT,visits_agree,visits,4,"Bus Stop ke paas, ~20 m uttar-purab. ~20 m ke andar dhoondo"
AD001134,AC000878,T2,506.9,-3134.1,372.0,VISIT_WITH_HINT,prior_only,neighbours,0,"Girja Ghar ke paas, ~50 m dakshin. pin ke aas-paas ~370 m ke andar dhoondo"
AD001135,AC000879,T2,-885.6,2966.5,21.0,DIRECT_VISIT,visits_disagree,visits,5,"Doodh Dairy ke paas, ~140 m dakshin. Agents report: Doodh Dairy ke saamne. ~20 m ke andar dhoondo"
AD001136,AC000880,T2,829.0,-264.2,30.0,DIRECT_VISIT,visits_agree,visits,4,No mapped landmark within 200 m; Indira Colony. Agents report: Park ke peeche. ~30 m ke andar dhoondo
AD001137,AC000880,T2,-844.1,3068.6,396.0,VISIT_WITH_HINT,prior_only,landmark,0,"Doodh Dairy ke paas, ~40 m dakshin-purab. pin ke aas-paas ~400 m ke andar dhoondo"
AD001138,AC000881,T3,-368.5,-3301.5,35.0,DIRECT_VISIT,visits_agree,visits,2,No mapped landmark within 200 m; Orchid Enclave. Agents report: near Govt School. search within ~40 m
AD001139,AC000882,T1,2698.1,-2121.3,396.0,VISIT_WITH_HINT,prior_only,landmark,0,"Park hattira, ~40 m west. pin suttha ~400 m olage huduki"
AD001140,AC000882,T1,-400.8,-1158.6,329.0,VISIT_WITH_HINT,prior_only,landmark,0,"Haalina Dairy hattira, ~100 m south-west. pin suttha ~330 m olage huduki"
AD001141,AC000883,T3,-190.4,-3525.9,194.0,VISIT_WITH_HINT,prior_only,neighbours,0,No mapped landmark within 200 m; Orchid Enclave. search within ~190 m around the pin
AD001142,AC000883,T3,-911.8,-242.8,194.0,VISIT_WITH_HINT,prior_only,neighbours,0,No mapped landmark within 200 m; HMT Colony. search within ~190 m around the pin
AD001143,AC000884,T3,3339.1,-1783.8,230.0,VISIT_WITH_HINT,prior_only,neighbours,0,160 m south-east of Ration Shop. search within ~230 m around the pin
AD001144,AC000885,T1,-597.9,-1283.5,215.0,VISIT_WITH_HINT,prior_only,landmark,0,"Church hattira, ~110 m north. pin suttha ~220 m olage huduki"
AD001145,AC000886,T1,594.6,2301.8,23.0,DIRECT_VISIT,visits_disagree,visits,3,No mapped landmark within 200 m; Anjaneya Badavane. ~20 m olage huduki
AD001146,AC000887,T3,-445.4,-3491.8,396.0,VISIT_WITH_HINT,prior_only,landmark,0,100 m north of Masjid. search within ~400 m around the pin
AD001147,AC000888,T3,-2437.7,1606.9,396.0,VISIT_WITH_HINT,prior_only,landmark,0,40 m north-east of Bus Stop. search within ~400 m around the pin
AD001148,AC000889,T1,-1213.0,442.8,569.0,VERIFY_FIRST,prior_only,locality,0,"Ganapathi Gudi hattira, ~150 m north-west. Location uncertain - verify by phone before visiting"
AD001149,AC000890,T2,1649.0,-1613.7,33.0,DIRECT_VISIT,visits_disagree,visits,3,No mapped landmark within 200 m; Patel Nagar. Agents report: Ganesh Mandir ke saamne. ~30 m ke andar dhoondo
AD001150,AC000890,T2,775.2,1442.6,396.0,VISIT_WITH_HINT,prior_only,landmark,0,"Park ke paas, ~30 m purab. pin ke aas-paas ~400 m ke andar dhoondo"
AD001151,AC000891,T1,665.4,-2918.3,17.0,DIRECT_VISIT,visits_disagree,visits,5,"Bus Stop hattira, ~130 m north-east. Agents report: Bus Stop eduru. ~20 m olage huduki"
AD001152,AC000892,T2,1490.5,365.4,18.0,DIRECT_VISIT,visits_agree,visits,6,"Hanuman Mandir ke paas, ~200 m uttar-purab. Agents report: Hanuman Mandir ke paas. ~20 m ke andar dhoondo"
AD001153,AC000892,T2,-528.4,3352.9,396.0,VISIT_WITH_HINT,prior_only,landmark,0,"Hanuman Mandir ke paas, ~40 m dakshin. pin ke aas-paas ~400 m ke andar dhoondo"
AD001154,AC000893,T1,-2607.3,1709.9,19.0,DIRECT_VISIT,visits_agree,visits,5,No mapped landmark within 200 m; Vinayaka Nagar. Agents report: Petrol Bunk hattira. ~20 m olage huduki
AD001155,AC000894,T2,938.1,1198.8,239.0,VISIT_WITH_HINT,prior_only,baseline_street,0,"Sarkari School ke paas, ~190 m dakshin. pin ke aas-paas ~240 m ke andar dhoondo"
AD001156,AC000895,T2,656.1,-312.6,24.0,DIRECT_VISIT,visits_disagree,visits,3,No mapped landmark within 200 m; Indira Colony. ~20 m ke andar dhoondo
AD001157,AC000895,T2,-1887.3,-2910.8,46.0,DIRECT_VISIT,visit_1,visits,1,No mapped landmark within 200 m; Subhash Nagar. ~50 m ke andar dhoondo
AD001158,AC000896,T2,915.9,2557.8,36.0,DIRECT_VISIT,visit_1,visits,1,"Ration ki Dukaan ke paas, ~30 m uttar-paschim. ~40 m ke andar dhoondo"
AD001159,AC000896,OUT,,,,CANNOT_GEOCODE,out_of_territory,out_of_territory,0,Outside service area - verify address
AD001160,AC000897,T1,-2714.8,1734.5,49.0,DIRECT_VISIT,visit_1,visits,1,No mapped landmark within 200 m; Vinayaka Nagar. Agents report: Petrol Bunk hinde. ~50 m olage huduki
AD001161,AC000898,T3,3428.6,446.7,185.0,VISIT_WITH_HINT,prior_only,landmark,0,40 m south-east of Community Hall. search within ~180 m around the pin
AD001162,AC000899,T3,-145.9,-3531.5,69.0,DIRECT_VISIT,visit_1,visits,1,No mapped landmark within 200 m; Orchid Enclave. search within ~70 m
AD001163,AC000900,T2,-1781.1,-2722.4,329.0,VISIT_WITH_HINT,prior_only,landmark,0,"Sarkari School ke paas, ~110 m dakshin-purab. pin ke aas-paas ~330 m ke andar dhoondo"
AD001164,AC000901,T3,-739.9,-485.8,329.0,VISIT_WITH_HINT,prior_only,landmark,0,30 m south-east of Post Office. search within ~330 m around the pin
AD001165,AC000902,T3,-186.5,2836.7,45.0,DIRECT_VISIT,visit_1,visits,1,No mapped landmark within 200 m; Sunrise Enclave. search within ~40 m
AD001166,AC000903,T1,-2711.3,1421.2,140.0,VISIT_WITH_HINT,prior_only,neighbours,0,"Bus Stop hattira, ~180 m north. pin suttha ~140 m olage huduki"
AD001167,AC000904,T1,1103.2,-452.7,396.0,VISIT_WITH_HINT,prior_only,landmark,0,"Anjaneya Gudi hattira, ~30 m south. pin suttha ~400 m olage huduki"
AD001168,AC000905,T2,-351.9,-372.8,329.0,VISIT_WITH_HINT,prior_only,landmark,0,"Doodh Dairy ke paas, ~120 m dakshin-paschim. pin ke aas-paas ~330 m ke andar dhoondo"
AD001169,AC000905,OUT,,,,CANNOT_GEOCODE,out_of_territory,out_of_territory,0,Outside service area - verify address
AD001170,AC000906,T3,3550.9,-1815.5,40.0,DIRECT_VISIT,visits_disagree,visits,4,170 m north-east of Bus Stop. search within ~40 m
AD001171,AC000907,T3,-2680.8,-627.4,47.0,DIRECT_VISIT,visit_1,visits,1,80 m south of Church. search within ~50 m
AD001172,AC000908,T1,2963.5,-2260.7,133.0,VISIT_WITH_HINT,prior_only,neighbours,0,"Anjaneya Gudi hattira, ~130 m north-east. pin suttha ~130 m olage huduki"
AD001173,AC000908,T1,2519.8,1001.4,569.0,VERIFY_FIRST,prior_only,locality,0,"Masjid hattira, ~110 m west. Location uncertain - verify by phone before visiting"
AD001174,AC000909,T1,2600.7,-1911.7,25.0,DIRECT_VISIT,visits_agree,visits,3,No mapped landmark within 200 m; Nehru Colony. ~20 m olage huduki
AD001175,AC000910,T3,934.7,-777.7,161.0,VISIT_WITH_HINT,prior_only,neighbours,0,No mapped landmark within 200 m; Teachers Colony. search within ~160 m around the pin
AD001176,AC000911,T3,3571.5,-35.7,30.0,DIRECT_VISIT,visits_disagree,visits,3,No mapped landmark within 200 m; Lakeview Phase 2. search within ~30 m
AD001177,AC000912,T2,936.5,2696.5,365.0,VISIT_WITH_HINT,prior_only,neighbours,0,"Sarkari School ke paas, ~110 m uttar. pin ke aas-paas ~360 m ke andar dhoondo"
AD001178,AC000913,T2,1802.2,-2197.6,42.0,DIRECT_VISIT,visits_agree,visits,2,"Dawai ki Dukaan ke paas, ~160 m uttar-purab. Agents report: Dawai ki Dukaan ke saamne. ~40 m ke andar dhoondo"
AD001179,AC000913,OUT,,,,CANNOT_GEOCODE,out_of_territory,out_of_territory,0,Outside service area - verify address
AD001180,AC000914,T3,1093.2,-3565.7,569.0,VERIFY_FIRST,prior_only,locality,0,100 m north-west of Water Tank. Location uncertain - verify by phone before visiting
AD001181,AC000914,T3,-802.7,-3810.6,194.0,VISIT_WITH_HINT,prior_only,neighbours,0,No mapped landmark within 200 m; Orchid Enclave. search within ~190 m around the pin
AD001182,AC000915,T2,944.5,1325.1,569.0,VERIFY_FIRST,prior_only,locality,0,"Sarkari School ke paas, ~70 m dakshin. Location uncertain - verify by phone before visiting"
AD001183,AC000916,T3,3641.0,618.5,175.0,VISIT_WITH_HINT,prior_only,neighbours,0,70 m north of Ration Shop. search within ~180 m around the pin
AD001184,AC000917,T3,834.3,-1134.6,175.0,VISIT_WITH_HINT,prior_only,neighbours,0,120 m south-east of Church. search within ~180 m around the pin
AD001185,AC000917,OUT,,,,CANNOT_GEOCODE,out_of_territory,out_of_territory,0,Outside service area - verify address
AD001186,AC000918,T1,2859.1,-2031.8,19.0,DIRECT_VISIT,visits_disagree,visits,6,"Medical Store hattira, ~110 m north-east. Agents report: Medical Store hattira. ~20 m olage huduki"
AD001187,AC000919,T1,1378.0,-295.8,26.0,DIRECT_VISIT,visits_agree,visits,2,No mapped landmark within 200 m; Kuvempu Layout. Agents report: Church eduru. ~30 m olage huduki
AD001188,AC000920,T3,3617.3,457.6,837.0,VERIFY_FIRST,prior_only,locality,0,100 m south of Ration Shop. Location uncertain - verify by phone before visiting
AD001189,AC000921,T2,-690.3,2939.0,569.0,VERIFY_FIRST,prior_only,locality,0,No mapped landmark within 200 m; Ambedkar Nagar. Location uncertain - verify by phone before visiting
AD001190,AC000921,T2,1036.1,171.6,387.0,VISIT_WITH_HINT,prior_only,neighbours,0,"Daakghar ke paas, ~160 m dakshin-purab. pin ke aas-paas ~390 m ke andar dhoondo"
AD001191,AC000922,T1,375.4,2793.0,48.0,DIRECT_VISIT,visit_1,visits,1,"Church hattira, ~120 m north-east. ~50 m olage huduki"
AD001192,AC000922,T1,-1304.1,-2973.5,329.0,VISIT_WITH_HINT,prior_only,landmark,0,"Masjid hattira, ~110 m east. pin suttha ~330 m olage huduki"
AD001193,AC000923,T2,-329.6,3148.2,276.0,VISIT_WITH_HINT,prior_only,landmark,0,"Ration ki Dukaan ke paas, ~170 m paschim. pin ke aas-paas ~280 m ke andar dhoondo"
AD001194,AC000924,T2,2582.0,-1300.3,271.0,VISIT_WITH_HINT,prior_only,landmark,0,"Paani ki Tanki ke paas, ~20 m uttar. pin ke aas-paas ~270 m ke andar dhoondo"
AD001195,AC000924,T2,2543.3,-1157.7,279.0,VISIT_WITH_HINT,prior_only,landmark,0,"Daakghar ke paas, ~100 m purab. pin ke aas-paas ~280 m ke andar dhoondo"
AD001196,AC000925,T1,2764.5,-2111.9,396.0,VISIT_WITH_HINT,prior_only,landmark,0,"Medical Store hattira, ~30 m west. pin suttha ~400 m olage huduki"
AD001197,AC000926,T3,814.2,-1252.3,70.0,DIRECT_VISIT,visit_1,visits,1,No mapped landmark within 200 m; Teachers Colony. search within ~70 m
AD001198,AC000927,T1,566.9,-2780.6,55.0,DIRECT_VISIT,visit_1,visits,1,"Ration Angadi hattira, ~110 m west. ~60 m olage huduki"
AD001199,AC000928,T1,1051.7,-277.8,569.0,VERIFY_FIRST,prior_only,locality,0,"Anjaneya Gudi hattira, ~150 m north. Location uncertain - verify by phone before visiting"
AD001200,AC000929,T1,-2825.0,846.7,22.0,DIRECT_VISIT,visits_agree,visits,4,"Post Office hattira, ~50 m south-west. Agents report: Post Office hinde. ~20 m olage huduki"
AD001201,AC000929,T1,657.7,-2619.2,48.0,DIRECT_VISIT,visit_1,visits,1,"Ration Angadi hattira, ~160 m north. ~50 m olage huduki"
AD001202,AC000930,T2,-1520.4,-2803.5,329.0,VISIT_WITH_HINT,prior_only,landmark,0,Hanuman Mandir ke paas. pin ke aas-paas ~330 m ke andar dhoondo
AD001203,AC000931,T3,-523.8,-3627.1,204.0,VISIT_WITH_HINT,prior_only,baseline_street,0,70 m south-west of Masjid. search within ~200 m around the pin
AD001204,AC000932,T2,1413.6,-2370.3,329.0,VISIT_WITH_HINT,prior_only,landmark,0,"Masjid ke paas, ~160 m uttar-purab. pin ke aas-paas ~330 m ke andar dhoondo"
AD001205,AC000932,OUT,,,,CANNOT_GEOCODE,out_of_territory,out_of_territory,0,Outside service area - verify address
AD001206,AC000933,T3,-2414.7,-110.8,175.0,VISIT_WITH_HINT,prior_only,neighbours,0,90 m east of Govt School. search within ~180 m around the pin
AD001207,AC000934,T1,2480.0,925.3,12.0,DIRECT_VISIT,visits_agree,visits,5,"Masjid hattira, ~150 m west. ~10 m olage huduki"
AD001208,AC000934,T1,1596.3,-1026.8,46.0,DIRECT_VISIT,visit_1,visits,1,"Medical Store hattira, ~170 m north-west. Agents report: Medical Store hattira. ~50 m olage huduki"
AD001209,AC000935,T2,-991.3,3120.6,255.0,VISIT_WITH_HINT,prior_only,baseline_street,0,"Doodh Dairy ke paas, ~120 m paschim. pin ke aas-paas ~260 m ke andar dhoondo"
AD001210,AC000936,T2,956.8,2960.5,296.0,VISIT_WITH_HINT,prior_only,landmark,0,"Petrol Pump ke paas, ~150 m dakshin. pin ke aas-paas ~300 m ke andar dhoondo"
AD001211,AC000936,T2,977.2,221.5,387.0,VISIT_WITH_HINT,prior_only,neighbours,0,"Daakghar ke paas, ~90 m dakshin-purab. pin ke aas-paas ~390 m ke andar dhoondo"
AD001212,AC000937,T3,-2965.1,1347.3,43.0,DIRECT_VISIT,visits_agree,visits,4,No mapped landmark within 200 m. search within ~40 m
AD001213,AC000937,T3,658.4,1337.5,194.0,VISIT_WITH_HINT,prior_only,neighbours,0,No mapped landmark within 200 m; Royal Gardens. search within ~190 m around the pin
AD001214,AC000938,T2,2804.4,-1616.0,53.0,DIRECT_VISIT,visit_1,visits,1,No mapped landmark within 200 m; Krishna Puri. ~50 m ke andar dhoondo
AD001215,AC000938,T2,2262.7,1750.9,569.0,VERIFY_FIRST,prior_only,locality,0,"Girja Ghar ke paas, ~100 m paschim. Location uncertain - verify by phone before visiting"
AD001216,AC000939,T3,978.3,-984.2,41.0,DIRECT_VISIT,visit_1,visits,1,No mapped landmark within 200 m; Teachers Colony. search within ~40 m
AD001217,AC000939,T3,1293.4,-836.4,234.0,VISIT_WITH_HINT,prior_only,landmark,0,90 m north-west of Medical Store. search within ~230 m around the pin
AD001218,AC000940,T1,-1225.0,394.5,569.0,VERIFY_FIRST,prior_only,locality,0,"Ganapathi Gudi hattira, ~120 m north-west. Location uncertain - verify by phone before visiting"
AD001219,AC000941,T3,-526.6,-3728.1,49.0,DIRECT_VISIT,visit_1,visits,1,150 m south-west of Masjid. search within ~50 m
AD001220,AC000942,T3,-2204.3,1741.7,36.0,DIRECT_VISIT,visits_agree,visits,2,160 m north-west of Ganesh Temple. search within ~40 m
AD001221,AC000942,OUT,,,,CANNOT_GEOCODE,out_of_territory,out_of_territory,0,Outside service area - verify address
AD001222,AC000943,T3,3652.4,424.9,569.0,VERIFY_FIRST,prior_only,locality,0,140 m south of Ration Shop. Location uncertain - verify by phone before visiting
AD001223,AC000944,T1,712.0,-3002.4,34.0,DIRECT_VISIT,visits_agree,visits,2,"Samudaya Bhavana hattira, ~80 m north. ~30 m olage huduki"
AD001224,AC000945,T1,2775.9,-2148.2,2277.0,VERIFY_FIRST,prior_only,locality,0,"Samudaya Bhavana hattira, ~30 m south-west. Location uncertain - verify by phone before visiting"
AD001225,AC000946,T2,439.6,-3046.2,285.0,VISIT_WITH_HINT,prior_only,landmark,0,"Girja Ghar ke paas, ~80 m uttar-paschim. pin ke aas-paas ~280 m ke andar dhoondo"
AD001226,AC000947,T2,1475.7,1169.6,2278.0,VERIFY_FIRST,prior_only,pincode_area,0,"Bus Stop ke paas, ~100 m uttar-purab. Location uncertain - verify by phone before visiting"
AD001227,AC000948,T3,3258.7,-1752.8,194.0,VISIT_WITH_HINT,prior_only,neighbours,0,90 m south-east of Post Office. search within ~190 m around the pin
AD001228,AC000949,T1,-1056.9,-3166.4,569.0,VERIFY_FIRST,prior_only,locality,0,No mapped landmark within 200 m; Basava Nagar. Location uncertain - verify by phone before visiting
AD001229,AC000949,OUT,,,,CANNOT_GEOCODE,out_of_territory,out_of_territory,0,Outside service area - verify address
AD001230,AC000950,T2,1176.5,1559.9,215.0,VISIT_WITH_HINT,prior_only,landmark,0,"Dawai ki Dukaan ke paas, ~110 m uttar-paschim. pin ke aas-paas ~220 m ke andar dhoondo"
AD001231,AC000951,T1,2993.0,-2164.6,20.0,DIRECT_VISIT,visits_agree,visits,2,"Ration Angadi hattira, ~60 m west. Agents report: Ration Angadi hattira. ~20 m olage huduki"
AD001232,AC000952,T2,386.6,-2973.1,22.0,DIRECT_VISIT,visits_disagree,visits,6,"Ganesh Mandir ke paas, ~120 m uttar-purab. Agents report: Ganesh Mandir ke peeche. ~20 m ke andar dhoondo"
AD001233,AC000953,T1,2519.5,-2363.9,29.0,DIRECT_VISIT,visits_agree,visits,5,"Masjid hattira, ~200 m east. Agents report: Masjid hattira. ~30 m olage huduki"
AD001234,AC000954,T3,-2642.6,-567.9,396.0,VISIT_WITH_HINT,prior_only,landmark,0,40 m south-east of Church. search within ~400 m around the pin
AD001235,AC000954,OUT,,,,CANNOT_GEOCODE,out_of_territory,out_of_territory,0,Outside service area - verify address
AD001236,AC000955,T1,2930.2,-2640.7,22.0,DIRECT_VISIT,visits_disagree,visits,5,No mapped landmark within 200 m; Nehru Colony. Agents report: Haalina Dairy hinde. ~20 m olage huduki
AD001237,AC000956,T2,2701.0,526.4,44.0,DIRECT_VISIT,visits_disagree,visits,1,"Bus Stop ke paas, ~40 m uttar-purab. ~40 m ke andar dhoondo"
AD001238,AC000956,T2,1431.4,-2010.7,271.0,VISIT_WITH_HINT,prior_only,landmark,0,"Girja Ghar ke paas, ~30 m dakshin. pin ke aas-paas ~270 m ke andar dhoondo"
AD001239,AC000957,T1,-719.0,-3102.0,34.0,DIRECT_VISIT,visits_agree,visits,3,"Church hattira, ~170 m south-east. Agents report: Church hinde. ~30 m olage huduki"
AD001240,AC000958,T1,1335.8,-219.6,11.0,DIRECT_VISIT,visits_disagree,visits,6,No mapped landmark within 200 m; Kuvempu Layout. ~10 m olage huduki
AD001241,AC000958,OUT,,,,CANNOT_GEOCODE,out_of_territory,out_of_territory,0,Outside service area - verify address
AD001242,AC000959,T2,1521.1,-1870.1,23.0,DIRECT_VISIT,visits_disagree,visits,6,"Girja Ghar ke paas, ~140 m uttar-purab. Agents report: Hanuman Mandir ke right side. Look for: blue gate. ~20 m ke andar dhoondo"
AD001243,AC000960,T1,2887.5,-2435.8,133.0,VISIT_WITH_HINT,prior_only,neighbours,0,"Anjaneya Gudi hattira, ~90 m south. pin suttha ~130 m olage huduki"
AD001244,AC000960,OUT,,,,CANNOT_GEOCODE,out_of_territory,out_of_territory,0,Outside service area - verify address
AD001245,AC000961,T2,1489.5,-2023.5,48.0,DIRECT_VISIT,visit_1,visits,1,"Girja Ghar ke paas, ~60 m dakshin-purab. ~50 m ke andar dhoondo"
AD001246,AC000962,T1,2783.8,-2244.3,837.0,VERIFY_FIRST,prior_only,locality,0,"Samudaya Bhavana hattira, ~120 m south. Location uncertain - verify by phone before visiting"
AD001247,AC000963,T3,-842.2,-391.4,32.0,DIRECT_VISIT,visit_1,visits,1,110 m north-west of Post Office. search within ~30 m
AD001248,AC000964,T3,1401.2,-805.6,49.0,DIRECT_VISIT,visit_1,visits,1,80 m north-east of Medical Store. search within ~50 m
AD001249,AC000965,T3,831.5,-1271.5,175.0,VISIT_WITH_HINT,prior_only,neighbours,0,No mapped landmark within 200 m; Teachers Colony. search within ~180 m around the pin
AD001250,AC000966,T1,2977.7,-2262.6,133.0,VISIT_WITH_HINT,prior_only,neighbours,0,"Ration Angadi hattira, ~130 m south-west. pin suttha ~130 m olage huduki"
AD001251,AC000966,T1,-1146.8,365.5,329.0,VISIT_WITH_HINT,prior_only,landmark,0,"Ganapathi Gudi hattira, ~50 m north-west. pin suttha ~330 m olage huduki"
AD001252,AC000967,T2,727.9,-2852.5,296.0,VISIT_WITH_HINT,prior_only,landmark,0,"Samudayik Bhavan ke paas, ~90 m paschim. pin ke aas-paas ~300 m ke andar dhoondo"
AD001253,AC000968,T1,-858.6,-3263.8,120.0,VISIT_WITH_HINT,prior_only,neighbours,0,No mapped landmark within 200 m; Basava Nagar. pin suttha ~120 m olage huduki
AD001254,AC000969,T2,2733.6,261.2,18.0,DIRECT_VISIT,visits_agree,visits,6,No mapped landmark within 200 m; Nehru Colony. Agents report: Bus Stop ke right side. Look for: blue gate. ~20 m ke andar dhoondo
AD001255,AC000970,T3,3606.4,545.6,161.0,VISIT_WITH_HINT,prior_only,neighbours,0,At Ration Shop. search within ~160 m around the pin
AD001256,AC000971,T1,3309.6,-1992.2,14.0,DIRECT_VISIT,visits_agree,visits,7,No mapped landmark within 200 m; Nehru Colony. Agents report: Bus Stop hattira. ~10 m olage huduki
AD001257,AC000972,T1,2320.1,1443.2,26.0,DIRECT_VISIT,visits_agree,visits,2,No mapped landmark within 200 m; Vidya Nagar. ~30 m olage huduki
AD001258,AC000972,T1,163.2,1878.7,64.0,DIRECT_VISIT,visit_1,visits,1,"Haalina Dairy hattira, ~120 m south-east. Agents report: Haalina Dairy hinde. ~60 m olage huduki"
AD001259,AC000973,T3,-2416.6,-400.9,329.0,VISIT_WITH_HINT,prior_only,landmark,0,150 m north-east of Masjid. search within ~330 m around the pin
AD001260,AC000974,T2,2507.9,-1320.3,483.0,VISIT_WITH_HINT,prior_only,landmark,0,"Hanuman Mandir ke paas, ~40 m purab. pin ke aas-paas ~480 m ke andar dhoondo"
AD001261,AC000975,T1,642.4,-3039.6,569.0,VERIFY_FIRST,prior_only,locality,0,"Samudaya Bhavana hattira, ~100 m west. Location uncertain - verify by phone before visiting"
AD001262,AC000976,T3,-978.6,-432.0,48.0,DIRECT_VISIT,visit_1,visits,1,120 m north-east of Govt School. search within ~50 m
AD001263,AC000977,T1,-2360.0,-2337.2,329.0,VISIT_WITH_HINT,prior_only,landmark,0,"Neerina Tank hattira, ~20 m south-west. pin suttha ~330 m olage huduki"
AD001264,AC000978,T3,-1196.8,-1977.2,569.0,VERIFY_FIRST,prior_only,locality,0,60 m west of Ganesh Temple. Location uncertain - verify by phone before visiting
AD001265,AC000978,T3,-1067.2,-1849.0,569.0,VERIFY_FIRST,prior_only,locality,0,150 m north-west of Water Tank. Location uncertain - verify by phone before visiting
AD001266,AC000979,T1,2426.0,-2316.8,329.0,VISIT_WITH_HINT,prior_only,landmark,0,"Masjid hattira, ~120 m north-east. pin suttha ~330 m olage huduki"
AD001267,AC000979,T1,-2378.5,-2102.5,56.0,DIRECT_VISIT,visit_1,visits,1,No mapped landmark within 200 m; Shanthi Nagar. ~60 m olage huduki
AD001268,AC000980,T3,-539.2,-774.6,37.0,DIRECT_VISIT,visits_disagree,visits,3,No mapped landmark within 200 m; HMT Colony. Agents report: opposite Masjid. search within ~40 m
AD001269,AC000981,T3,-2970.7,-210.4,62.0,DIRECT_VISIT,visit_1,visits,1,180 m south of Water Tank. search within ~60 m
AD001270,AC000982,T1,-563.8,-1342.9,569.0,VERIFY_FIRST,prior_only,locality,0,"Church hattira, ~50 m north. Location uncertain - verify by phone before visiting"
AD001271,AC000982,T1,2951.4,-1848.8,32.0,DIRECT_VISIT,visit_1,visits,1,No mapped landmark within 200 m; Nehru Colony. Agents report: Ganapathi Gudi eduru. ~30 m olage huduki
AD001272,AC000983,T3,3126.0,-2318.1,51.0,DIRECT_VISIT,visits_disagree,visits,4,70 m east of Milk Dairy. search within ~50 m
AD001273,AC000984,T1,2340.3,-2200.7,21.0,DIRECT_VISIT,visits_disagree,visits,3,"Masjid hattira, ~190 m north. ~20 m olage huduki"
AD001274,AC000985,T3,680.0,-927.7,48.0,DIRECT_VISIT,visit_1,visits,1,120 m north-west of Govt School. search within ~50 m
AD001275,AC000986,T3,-2676.5,-106.8,175.0,VISIT_WITH_HINT,prior_only,neighbours,0,170 m west of Govt School. search within ~180 m around the pin
AD001276,AC000987,T1,2383.6,-2211.8,39.0,DIRECT_VISIT,visit_1,visits,1,"Masjid hattira, ~190 m north. ~40 m olage huduki"
AD001277,AC000988,T2,2464.7,-1200.7,198.0,VISIT_WITH_HINT,prior_only,landmark,0,"Daakghar ke paas, ~20 m dakshin-purab. pin ke aas-paas ~200 m ke andar dhoondo"
AD001278,AC000989,T1,259.8,2274.4,569.0,VERIFY_FIRST,prior_only,locality,0,"Ganapathi Gudi hattira, ~200 m south-west. Location uncertain - verify by phone before visiting"
AD001279,AC000990,T2,1014.3,-72.9,52.0,DIRECT_VISIT,visit_1,visits,1,No mapped landmark within 200 m; Indira Colony. ~50 m ke andar dhoondo
AD001280,AC000991,T2,960.3,2839.6,368.0,VISIT_WITH_HINT,prior_only,neighbours,0,No mapped landmark within 200 m; Azad Mohalla. pin ke aas-paas ~370 m ke andar dhoondo
AD001281,AC000992,T2,1555.6,-2329.4,34.0,DIRECT_VISIT,visit_1,visits,1,"Dawai ki Dukaan ke paas, ~170 m paschim. ~30 m ke andar dhoondo"
AD001282,AC000993,T3,805.3,-1131.4,175.0,VISIT_WITH_HINT,prior_only,neighbours,0,100 m south-east of Church. search within ~180 m around the pin
AD001283,AC000994,T3,3956.8,647.1,194.0,VISIT_WITH_HINT,prior_only,neighbours,0,No mapped landmark within 200 m; Lakeview Phase 2. search within ~190 m around the pin
AD001284,AC000995,T2,1482.8,-2069.4,365.0,VISIT_WITH_HINT,prior_only,neighbours,0,"Girja Ghar ke paas, ~90 m dakshin-purab. pin ke aas-paas ~360 m ke andar dhoondo"
AD001285,AC000995,T2,-531.7,2871.1,569.0,VERIFY_FIRST,prior_only,locality,0,"Ganesh Mandir ke paas, ~60 m uttar-paschim. Location uncertain - verify by phone before visiting"
AD001286,AC000996,T3,1504.5,-4041.0,255.0,VISIT_WITH_HINT,prior_only,baseline_street,0,130 m east of Govt School. search within ~260 m around the pin
AD001287,AC000996,T3,-3125.1,-556.0,304.0,VISIT_WITH_HINT,prior_only,neighbours,0,No mapped landmark within 200 m; Green Park Layout. search within ~300 m around the pin
AD001288,AC000997,T1,1156.1,-332.1,140.0,VISIT_WITH_HINT,prior_only,neighbours,0,"Anjaneya Gudi hattira, ~110 m north-east. pin suttha ~140 m olage huduki"
AD001289,AC000998,T3,3985.7,664.4,111.0,VISIT_WITH_HINT,prior_only,baseline_rooftop,0,No mapped landmark within 200 m; Lakeview Phase 2. search within ~110 m around the pin
AD001290,AC000999,T3,978.5,-1033.2,55.0,DIRECT_VISIT,visits_agree,visits,2,No mapped landmark within 200 m; Teachers Colony. Agents report: behind Govt School. search within ~60 m
AD001291,AC001000,T3,892.3,-779.3,28.0,DIRECT_VISIT,visits_disagree,visits,3,No mapped landmark within 200 m; Teachers Colony. search within ~30 m
AD001292,AC001000,OUT,,,,CANNOT_GEOCODE,out_of_territory,out_of_territory,0,Outside service area - verify address
AD001293,AC001001,T3,-938.9,-200.5,89.0,DIRECT_VISIT,visit_1,visits,1,No mapped landmark within 200 m; HMT Colony. search within ~90 m
AD001294,AC001002,T1,2714.5,-2465.5,42.0,DIRECT_VISIT,visits_agree,visits,3,"Anjaneya Gudi hattira, ~200 m south-west. Agents report: Anjaneya Gudi eduru. ~40 m olage huduki"
AD001295,AC001003,T1,574.4,-2975.8,837.0,VERIFY_FIRST,prior_only,locality,0,"Bus Stop hattira, ~30 m east. Location uncertain - verify by phone before visiting"
AD001296,AC001004,T2,3136.6,691.0,403.0,VISIT_WITH_HINT,prior_only,locality,0,No mapped landmark within 200 m; Nehru Colony. pin ke aas-paas ~400 m ke andar dhoondo
AD001297,AC001004,T2,2289.7,1614.7,296.0,VISIT_WITH_HINT,prior_only,landmark,0,"Ration ki Dukaan ke paas, ~150 m uttar. pin ke aas-paas ~300 m ke andar dhoondo"
AD001298,AC001005,T1,-846.0,-3041.6,47.0,DIRECT_VISIT,visit_1,visits,1,"Church hattira, ~60 m south. ~50 m olage huduki"
AD001299,AC001005,T1,-565.0,-1333.3,329.0,VISIT_WITH_HINT,prior_only,landmark,0,"Church hattira, ~60 m north. pin suttha ~330 m olage huduki"
AD001300,AC001006,T2,1592.9,-2225.9,122.0,VISIT_WITH_HINT,prior_only,landmark,0,"Dawai ki Dukaan ke paas, ~170 m uttar-paschim. pin ke aas-paas ~120 m ke andar dhoondo"
AD001301,AC001007,T2,-1813.3,-2984.2,232.0,VISIT_WITH_HINT,prior_only,baseline_street,0,"Doodh Dairy ke paas, ~190 m paschim. pin ke aas-paas ~230 m ke andar dhoondo"
AD001302,AC001008,T3,-3990.9,-933.1,243.0,VISIT_WITH_HINT,prior_only,landmark,0,90 m south of Medical Store. search within ~240 m around the pin
AD001303,AC001009,T2,2338.3,-1211.3,228.0,VISIT_WITH_HINT,prior_only,baseline_street,0,"Bus Stop ke paas, ~80 m uttar-paschim. pin ke aas-paas ~230 m ke andar dhoondo"
AD001304,AC001010,T1,-1946.3,-2679.2,215.0,VISIT_WITH_HINT,prior_only,landmark,0,"Ration Angadi hattira, ~160 m south-west. pin suttha ~220 m olage huduki"
AD001305,AC001011,T3,-2657.3,-465.4,329.0,VISIT_WITH_HINT,prior_only,landmark,0,80 m north of Church. search within ~330 m around the pin
AD001306,AC001012,T1,2713.0,-2293.5,49.0,DIRECT_VISIT,visit_1,visits,1,"Park hattira, ~170 m south. Agents report: Park eduru. ~50 m olage huduki"
AD001307,AC001012,T1,372.3,-3110.4,40.0,DIRECT_VISIT,visits_agree,visits,2,"Neerina Tank hattira, ~50 m south-east. Agents report: Neerina Tank hattira. ~40 m olage huduki"
AD001308,AC001013,T1,-2777.7,1345.0,215.0,VISIT_WITH_HINT,prior_only,landmark,0,"Bus Stop hattira, ~150 m north-west. pin suttha ~220 m olage huduki"
AD001309,AC001013,T1,-641.5,-1425.3,569.0,VERIFY_FIRST,prior_only,locality,0,"Church hattira, ~90 m south-west. Location uncertain - verify by phone before visiting"
AD001310,AC001014,T2,2355.5,1908.0,437.0,VISIT_WITH_HINT,prior_only,locality,0,"Ganesh Mandir ke paas, ~30 m purab. pin ke aas-paas ~440 m ke andar dhoondo"
AD001311,AC001015,T1,-3092.6,933.6,329.0,VISIT_WITH_HINT,prior_only,landmark,0,"Ganapathi Gudi hattira, ~130 m north-east. pin suttha ~330 m olage huduki"
AD001312,AC001016,T1,-2475.7,1194.2,140.0,VISIT_WITH_HINT,prior_only,neighbours,0,No mapped landmark within 200 m; Vinayaka Nagar. pin suttha ~140 m olage huduki
AD001313,AC001016,OUT,,,,CANNOT_GEOCODE,out_of_territory,out_of_territory,0,Outside service area - verify address
AD001314,AC001017,T1,-2441.4,1280.0,17.0,DIRECT_VISIT,visits_disagree,visits,8,No mapped landmark within 200 m; Vinayaka Nagar. Agents report: Sarkari Shale hinde. ~20 m olage huduki
AD001315,AC001018,T1,-3074.4,953.4,329.0,VISIT_WITH_HINT,prior_only,landmark,0,"Ganapathi Gudi hattira, ~150 m north-east. pin suttha ~330 m olage huduki"
AD001316,AC001018,T1,-941.8,-3036.9,329.0,VISIT_WITH_HINT,prior_only,landmark,0,"Church hattira, ~120 m south-west. pin suttha ~330 m olage huduki"
AD001317,AC001019,T1,1921.7,-1140.5,255.0,VISIT_WITH_HINT,prior_only,baseline_street,0,"Anjaneya Gudi hattira, ~120 m north-west. pin suttha ~260 m olage huduki"
AD001318,AC001020,T2,1211.8,-199.9,173.0,VISIT_WITH_HINT,visits_disagree,visits,2,"Bus Stop ke paas, ~30 m uttar-purab. pin ke aas-paas ~170 m ke andar dhoondo"
AD001319,AC001021,T3,-655.5,3378.5,329.0,VISIT_WITH_HINT,prior_only,landmark,0,150 m south-east of Park. search within ~330 m around the pin
AD001320,AC001022,T1,-591.4,-1112.2,120.0,VISIT_WITH_HINT,prior_only,neighbours,0,No mapped landmark within 200 m; Hosa Badavane. pin suttha ~120 m olage huduki
AD001321,AC001022,T1,541.8,2289.5,255.0,VISIT_WITH_HINT,prior_only,baseline_street,0,No mapped landmark within 200 m; Anjaneya Badavane. pin suttha ~260 m olage huduki
AD001322,AC001023,T1,67.7,1994.8,48.0,DIRECT_VISIT,visit_1,visits,1,"Haalina Dairy hattira, ~30 m north-west. ~50 m olage huduki"
AD001323,AC001024,T1,696.0,-2771.5,36.0,DIRECT_VISIT,visit_1,visits,1,"Ration Angadi hattira, ~20 m east. ~40 m olage huduki"
AD001324,AC001025,T1,2629.3,-1926.4,20.0,DIRECT_VISIT,visits_agree,visits,7,No mapped landmark within 200 m; Nehru Colony. ~20 m olage huduki
AD001325,AC001026,T2,-1468.5,-2801.8,403.0,VISIT_WITH_HINT,prior_only,locality,0,"Hanuman Mandir ke paas, ~60 m purab. pin ke aas-paas ~400 m ke andar dhoondo"
AD001326,AC001026,T2,799.4,1375.3,329.0,VISIT_WITH_HINT,prior_only,landmark,0,"Park ke paas, ~90 m dakshin-purab. pin ke aas-paas ~330 m ke andar dhoondo"
AD001327,AC001027,T2,1418.0,-1917.1,372.0,VISIT_WITH_HINT,prior_only,neighbours,0,"Girja Ghar ke paas, ~70 m uttar. pin ke aas-paas ~370 m ke andar dhoondo"
AD001328,AC001027,T2,960.1,2698.5,569.0,VERIFY_FIRST,prior_only,locality,0,"Sarkari School ke paas, ~120 m uttar-purab. Location uncertain - verify by phone before visiting"
AD001329,AC001028,T3,918.3,-658.6,175.0,VISIT_WITH_HINT,prior_only,neighbours,0,No mapped landmark within 200 m; Teachers Colony. search within ~180 m around the pin
AD001330,AC001029,T3,-2353.4,-531.7,23.0,DIRECT_VISIT,visits_agree,visits,4,90 m south-west of Post Office. Agents report: right side of Post Office. Look for: blue gate. search within ~20 m
AD001331,AC001030,T3,-2937.9,-64.3,37.0,DIRECT_VISIT,visit_1,visits,1,40 m south-west of Water Tank. search within ~40 m
AD001332,AC001030,T3,-1132.7,-1958.1,569.0,VERIFY_FIRST,prior_only,locality,0,30 m north of Ganesh Temple. Location uncertain - verify by phone before visiting
AD001333,AC001031,T3,-2895.7,-217.7,51.0,DIRECT_VISIT,visits_disagree,visits,1,180 m north-west of Petrol Bunk. search within ~50 m
AD001334,AC001031,OUT,,,,CANNOT_GEOCODE,out_of_territory,out_of_territory,0,Outside service area - verify address
AD001335,AC001032,T1,868.7,-2937.9,31.0,DIRECT_VISIT,visit_1,visits,1,"Samudaya Bhavana hattira, ~190 m north-east. ~30 m olage huduki"
AD001336,AC001033,T1,2699.2,-1797.1,14.0,DIRECT_VISIT,visits_agree,visits,8,No mapped landmark within 200 m; Nehru Colony. Agents report: Ganapathi Gudi hattira. ~10 m olage huduki
AD001337,AC001034,T2,1368.0,-2514.0,39.0,DIRECT_VISIT,visit_1,visits,1,"Masjid ke paas, ~20 m purab. ~40 m ke andar dhoondo"
AD001338,AC001035,T2,2852.4,627.6,41.0,DIRECT_VISIT,visits_agree,visits,2,"Paani ki Tanki ke paas, ~150 m dakshin. Agents report: Paani ki Tanki ke paas. ~40 m ke andar dhoondo"
AD001339,AC001036,T2,734.0,2831.7,29.0,DIRECT_VISIT,visits_disagree,visits,3,No mapped landmark within 200 m; Azad Mohalla. ~30 m ke andar dhoondo
AD001340,AC001037,T2,1009.2,2679.3,271.0,VISIT_WITH_HINT,prior_only,landmark,0,"Bus Stop ke paas, ~90 m paschim. pin ke aas-paas ~270 m ke andar dhoondo"
AD001341,AC001038,T3,-993.9,-1768.5,255.0,VISIT_WITH_HINT,prior_only,baseline_street,0,160 m north of Water Tank. search within ~260 m around the pin
AD001342,AC001039,T2,3042.6,478.8,387.0,VISIT_WITH_HINT,prior_only,neighbours,0,No mapped landmark within 200 m; Nehru Colony. pin ke aas-paas ~390 m ke andar dhoondo
AD001343,AC001040,T3,-1269.1,-501.1,31.0,DIRECT_VISIT,visit_1,visits,1,No mapped landmark within 200 m; HMT Colony. search within ~30 m
AD001344,AC001041,T3,-1212.0,-1825.3,569.0,VERIFY_FIRST,prior_only,locality,0,90 m south-east of Ration Shop. Location uncertain - verify by phone before visiting
AD001345,AC001041,OUT,,,,CANNOT_GEOCODE,out_of_territory,out_of_territory,0,Outside service area - verify address
AD001346,AC001042,T2,-797.5,-721.5,45.0,DIRECT_VISIT,visit_1,visits,1,"Masjid ke paas, ~160 m paschim. ~40 m ke andar dhoondo"
AD001347,AC001042,OUT,,,,CANNOT_GEOCODE,out_of_territory,out_of_territory,0,Outside service area - verify address
AD001348,AC001043,T1,2674.7,-2231.8,569.0,VERIFY_FIRST,prior_only,locality,0,"Park hattira, ~120 m south-west. Location uncertain - verify by phone before visiting"
AD001349,AC001044,T1,2000.4,-1346.7,120.0,VISIT_WITH_HINT,prior_only,neighbours,0,"Anjaneya Gudi hattira, ~110 m south. pin suttha ~120 m olage huduki"
AD001350,AC001045,T2,-1674.4,-2701.4,569.0,VERIFY_FIRST,prior_only,locality,0,"Hanuman Mandir ke paas, ~180 m uttar-paschim. Location uncertain - verify by phone before visiting"
AD001351,AC001045,T2,1502.0,352.0,55.0,DIRECT_VISIT,visit_1,visits,1,No mapped landmark within 200 m; Indira Colony. Agents report: Hanuman Mandir ke right side. Look for: blue gate. ~60 m ke andar dhoondo
AD001352,AC001046,T3,3933.5,285.0,26.0,DIRECT_VISIT,visits_disagree,visits,4,190 m south-east of Bus Stop. Agents report: right side of Bus Stop. Look for: blue gate. search within ~30 m
AD001353,AC001047,T3,3472.0,514.0,447.0,VISIT_WITH_HINT,prior_only,neighbours,0,50 m south-west of Milk Dairy. search within ~450 m around the pin
AD001354,AC001048,T1,2952.5,-2079.1,23.0,DIRECT_VISIT,visits_disagree,visits,2,"Ration Angadi hattira, ~120 m north-west. Agents report: Ration Angadi eduru. ~20 m olage huduki"
AD001355,AC001049,T1,637.8,-2621.0,32.0,DIRECT_VISIT,visit_1,visits,1,"Ration Angadi hattira, ~160 m north. Agents report: Sarkari Shale hinde. ~30 m olage huduki"
AD001356,AC001049,T1,311.6,2369.1,569.0,VERIFY_FIRST,prior_only,locality,0,"Ganapathi Gudi hattira, ~90 m south. Location uncertain - verify by phone before visiting"
AD001357,AC001050,T3,-569.0,3374.1,60.0,DIRECT_VISIT,visits_agree,visits,2,190 m west of Milk Dairy. Agents report: behind Community Hall. search within ~60 m
AD001358,AC001050,OUT,,,,CANNOT_GEOCODE,out_of_territory,out_of_territory,0,Outside service area - verify address
AD001359,AC001051,T2,-713.9,2708.8,329.0,VISIT_WITH_HINT,prior_only,landmark,0,"Dawai ki Dukaan ke paas, ~150 m uttar. pin ke aas-paas ~330 m ke andar dhoondo"
AD001360,AC001052,T3,-2310.1,1217.2,31.0,DIRECT_VISIT,visits_agree,visits,2,No mapped landmark within 200 m; Railway Colony. search within ~30 m
AD001361,AC001053,T1,-442.6,-2771.0,34.0,DIRECT_VISIT,visit_1,visits,1,No mapped landmark within 200 m; Basava Nagar. ~30 m olage huduki
AD001362,AC001054,T1,-3053.7,1457.7,51.0,DIRECT_VISIT,visit_1,visits,1,"Samudaya Bhavana hattira, ~50 m north-east. Agents report: Samudaya Bhavana eduru. ~50 m olage huduki"
AD001363,AC001055,T1,2917.0,-1805.5,22.0,DIRECT_VISIT,visits_agree,visits,3,No mapped landmark within 200 m; Nehru Colony. ~20 m olage huduki
AD001364,AC001056,T1,2954.5,-2509.1,45.0,DIRECT_VISIT,visits_agree,visits,2,"Anjaneya Gudi hattira, ~180 m south-east. ~40 m olage huduki"
AD001365,AC001057,T2,366.7,-3040.7,396.0,VISIT_WITH_HINT,prior_only,landmark,0,"Ganesh Mandir ke paas, ~60 m uttar-purab. pin ke aas-paas ~400 m ke andar dhoondo"
AD001366,AC001058,T1,1724.6,-864.0,329.0,VISIT_WITH_HINT,prior_only,landmark,0,"Haalina Dairy hattira, ~110 m south-east. pin suttha ~330 m olage huduki"
AD001367,AC001058,T1,288.3,2394.7,569.0,VERIFY_FIRST,prior_only,locality,0,"Ganapathi Gudi hattira, ~80 m south-west. Location uncertain - verify by phone before visiting"
AD001368,AC001059,T2,970.3,2750.2,403.0,VISIT_WITH_HINT,prior_only,locality,0,"Bus Stop ke paas, ~160 m uttar-paschim. pin ke aas-paas ~400 m ke andar dhoondo"
AD001369,AC001060,T3,-511.6,-496.2,185.0,VISIT_WITH_HINT,prior_only,landmark,0,60 m north of Water Tank. search within ~180 m around the pin
AD001370,AC001061,T1,2125.8,1308.7,396.0,VISIT_WITH_HINT,prior_only,landmark,0,"Bus Stop hattira, ~20 m west. pin suttha ~400 m olage huduki"
AD001371,AC001062,T3,-2828.5,-678.7,33.0,DIRECT_VISIT,visits_disagree,visits,2,110 m south of Bus Stop. search within ~30 m
AD001372,AC001063,T1,2994.4,-2501.9,21.0,DIRECT_VISIT,visits_agree,visits,5,"Anjaneya Gudi hattira, ~200 m south-east. ~20 m olage huduki"
AD001373,AC001064,T2,2649.4,1165.0,437.0,VISIT_WITH_HINT,prior_only,locality,0,No mapped landmark within 200 m; Ram Nagar. pin ke aas-paas ~440 m ke andar dhoondo
AD001374,AC001065,T1,1961.7,-1136.9,329.0,VISIT_WITH_HINT,prior_only,landmark,0,"Anjaneya Gudi hattira, ~110 m north. pin suttha ~330 m olage huduki"
AD001375,AC001065,T1,-3013.1,881.1,329.0,VISIT_WITH_HINT,prior_only,landmark,0,"Ganapathi Gudi hattira, ~150 m east. pin suttha ~330 m olage huduki"
AD001376,AC001066,T3,-797.1,-886.6,194.0,VISIT_WITH_HINT,prior_only,neighbours,0,170 m south of Milk Dairy. search within ~190 m around the pin
AD001377,AC001066,T3,919.7,-1172.8,149.0,VISIT_WITH_HINT,prior_only,neighbours,0,No mapped landmark within 200 m; Teachers Colony. search within ~150 m around the pin
AD001378,AC001067,T1,1941.1,-919.2,569.0,VERIFY_FIRST,prior_only,locality,0,"Park hattira, ~200 m west. Location uncertain - verify by phone before visiting"
AD001379,AC001067,OUT,,,,CANNOT_GEOCODE,out_of_territory,out_of_territory,0,Outside service area - verify address
AD001380,AC001068,T2,1399.0,-1890.9,15.0,DIRECT_VISIT,visits_agree,visits,8,"Girja Ghar ke paas, ~100 m uttar-paschim. ~20 m ke andar dhoondo"
AD001381,AC001068,T2,1034.5,-437.6,23.0,DIRECT_VISIT,visit_1,visits,1,"Park ke paas, ~110 m dakshin. Agents report: Park ke right side. Look for: blue gate. ~20 m ke andar dhoondo"
AD001382,AC001069,T3,-390.0,-3392.0,69.0,DIRECT_VISIT,visit_1,visits,1,No mapped landmark within 200 m; Orchid Enclave. Agents report: right side of Govt School. Look for: blue gate. search within ~70 m
AD001383,AC001070,T1,2844.0,-2344.3,36.0,DIRECT_VISIT,visit_1,visits,1,"Anjaneya Gudi hattira, ~30 m west. ~40 m olage huduki"
AD001384,AC001071,T3,-2710.7,-472.2,26.0,DIRECT_VISIT,visits_agree,visits,2,80 m north-west of Church. search within ~30 m
AD001385,AC001071,T3,1148.5,-3503.8,569.0,VERIFY_FIRST,prior_only,locality,0,130 m north of Water Tank. Location uncertain - verify by phone before visiting
AD001386,AC001072,T3,-400.2,-3396.8,17.0,DIRECT_VISIT,visits_agree,visits,8,No mapped landmark within 200 m; Orchid Enclave. Agents report: right side of Govt School. Look for: blue gate. search within ~20 m
AD001387,AC001073,T1,3329.6,-1990.7,20.0,DIRECT_VISIT,visits_agree,visits,2,No mapped landmark within 200 m; Nehru Colony. ~20 m olage huduki
AD001388,AC001073,T1,1807.4,-1519.4,3348.0,VERIFY_FIRST,prior_only,pincode_area,0,No mapped landmark within 200 m. Location uncertain - verify by phone before visiting
AD001389,AC001074,T1,599.1,2373.7,57.0,DIRECT_VISIT,visit_1,visits,1,No mapped landmark within 200 m; Anjaneya Badavane. ~60 m olage huduki
AD001390,AC001075,T3,-574.7,-3438.8,293.0,VISIT_WITH_HINT,prior_only,neighbours,0,100 m south-east of Hanuman Temple. search within ~290 m around the pin
AD001391,AC001076,T3,-2628.4,-53.0,49.0,DIRECT_VISIT,visits_agree,visits,3,130 m west of Govt School. Agents report: right side of Govt School. Look for: blue gate. search within ~50 m
AD001392,AC001076,T3,-3115.6,-572.6,304.0,VISIT_WITH_HINT,prior_only,neighbours,0,No mapped landmark within 200 m; Green Park Layout. search within ~300 m around the pin
AD001393,AC001077,T1,-1370.7,533.7,35.0,DIRECT_VISIT,visit_1,visits,1,No mapped landmark within 200 m; Ashoka Layout. ~40 m olage huduki
AD001394,AC001078,T3,3119.4,-2350.3,175.0,VISIT_WITH_HINT,prior_only,neighbours,0,80 m south-east of Milk Dairy. search within ~180 m around the pin
AD001395,AC001079,T3,1352.5,-1064.7,19.0,DIRECT_VISIT,visits_disagree,visits,6,180 m south of Medical Store. Agents report: opposite Medical Store. search within ~20 m
AD001396,AC001079,T3,-651.5,-3390.5,69.0,DIRECT_VISIT,visit_1,visits,1,30 m south-west of Hanuman Temple. search within ~70 m
AD001397,AC001080,T2,1694.8,-1675.7,20.0,DIRECT_VISIT,visits_agree,visits,4,No mapped landmark within 200 m; Patel Nagar. Agents report: Ganesh Mandir ke right side. Look for: blue gate. ~20 m ke andar dhoondo
AD001398,AC001080,OUT,,,,CANNOT_GEOCODE,out_of_territory,out_of_territory,0,Outside service area - verify address
AD001399,AC001081,T3,-2091.7,1768.4,161.0,VISIT_WITH_HINT,prior_only,neighbours,0,150 m north of Ganesh Temple. search within ~160 m around the pin
AD001400,AC001081,OUT,,,,CANNOT_GEOCODE,out_of_territory,out_of_territory,0,Outside service area - verify address
AD001401,AC001082,T1,-1204.7,-3271.5,329.0,VISIT_WITH_HINT,prior_only,landmark,0,"Medical Store hattira, ~60 m north-east. pin suttha ~330 m olage huduki"
AD001402,AC001082,T1,48.2,2485.7,329.0,VISIT_WITH_HINT,prior_only,landmark,0,"Samudaya Bhavana hattira, ~130 m east. pin suttha ~330 m olage huduki"
AD001403,AC001083,T2,1046.3,-66.3,378.0,VISIT_WITH_HINT,prior_only,neighbours,0,No mapped landmark within 200 m; Indira Colony. pin ke aas-paas ~380 m ke andar dhoondo
AD001404,AC001083,T2,-1641.5,-2982.5,239.0,VISIT_WITH_HINT,prior_only,baseline_street,0,"Doodh Dairy ke paas, ~30 m dakshin-paschim. pin ke aas-paas ~240 m ke andar dhoondo"
AD001405,AC001084,T3,-3121.8,-593.5,304.0,VISIT_WITH_HINT,prior_only,neighbours,0,No mapped landmark within 200 m; Green Park Layout. search within ~300 m around the pin
AD001406,AC001084,T3,-2849.5,-111.5,194.0,VISIT_WITH_HINT,prior_only,neighbours,0,100 m south-east of Water Tank. search within ~190 m around the pin
AD001407,AC001085,T3,-470.3,2930.7,194.0,VISIT_WITH_HINT,prior_only,neighbours,0,No mapped landmark within 200 m; Sunrise Enclave. search within ~190 m around the pin
AD001408,AC001086,T1,2629.2,931.7,17.0,DIRECT_VISIT,visits_agree,visits,6,"Masjid hattira, ~30 m south. Agents report: Masjid hattira. ~20 m olage huduki"
AD001409,AC001087,T2,-1615.5,-2916.3,569.0,VERIFY_FIRST,prior_only,locality,0,"Doodh Dairy ke paas, ~40 m uttar. Location uncertain - verify by phone before visiting"
AD001410,AC001087,T2,-770.5,2916.6,255.0,VISIT_WITH_HINT,prior_only,baseline_street,0,No mapped landmark within 200 m; Ambedkar Nagar. pin ke aas-paas ~260 m ke andar dhoondo
AD001411,AC001088,T1,2990.4,-2408.1,215.0,VISIT_WITH_HINT,prior_only,landmark,0,"Anjaneya Gudi hattira, ~140 m south-east. pin suttha ~220 m olage huduki"
AD001412,AC001089,T1,-2844.2,1003.2,140.0,VISIT_WITH_HINT,prior_only,neighbours,0,"Post Office hattira, ~120 m north. pin suttha ~140 m olage huduki"
AD001413,AC001089,T1,-3037.4,916.9,329.0,VISIT_WITH_HINT,prior_only,landmark,0,"Ganapathi Gudi hattira, ~150 m north-east. pin suttha ~330 m olage huduki"
AD001414,AC001090,T1,560.5,-2630.0,36.0,DIRECT_VISIT,visit_1,visits,1,"Ration Angadi hattira, ~190 m north-west. ~40 m olage huduki"
AD001415,AC001090,T1,2629.4,1013.6,329.0,VISIT_WITH_HINT,prior_only,landmark,0,"Masjid hattira, ~50 m north. pin suttha ~330 m olage huduki"
AD001416,AC001091,T1,2605.3,-1655.0,22.0,DIRECT_VISIT,visits_agree,visits,4,No mapped landmark within 200 m; Nehru Colony. ~20 m olage huduki
AD001417,AC001092,T2,1203.8,-447.1,997.0,VERIFY_FIRST,visits_disagree,visits,4,"Park ke paas, ~180 m dakshin-purab. Location uncertain - verify by phone before visiting"
AD001418,AC001092,OUT,,,,CANNOT_GEOCODE,out_of_territory,out_of_territory,0,Outside service area - verify address
AD001419,AC001093,T1,1430.2,-1550.0,4921.0,VERIFY_FIRST,prior_only,pincode_area,0,No mapped landmark within 200 m. Location uncertain - verify by phone before visiting
AD001420,AC001093,T1,-2042.0,-2085.1,60.0,DIRECT_VISIT,visit_1,visits,1,"Bus Stop hattira, ~90 m north. ~60 m olage huduki"
AD001421,AC001094,T3,-2644.6,-460.2,194.0,VISIT_WITH_HINT,prior_only,neighbours,0,90 m north of Church. search within ~190 m around the pin
AD001422,AC001095,T3,3987.1,674.5,28.0,DIRECT_VISIT,visits_disagree,visits,5,No mapped landmark within 200 m; Lakeview Phase 2. search within ~30 m
AD001423,AC001095,OUT,,,,CANNOT_GEOCODE,out_of_territory,out_of_territory,0,Outside service area - verify address
AD001424,AC001096,T2,651.9,2472.5,90.0,DIRECT_VISIT,visits_disagree,visits,1,No mapped landmark within 200 m; Azad Mohalla. ~90 m ke andar dhoondo
AD001425,AC001096,T2,798.0,-3260.5,46.0,DIRECT_VISIT,visit_1,visits,1,"Bus Stop ke paas, ~110 m uttar-purab. ~50 m ke andar dhoondo"
AD001426,AC001097,T1,-2199.3,1332.2,2278.0,VERIFY_FIRST,prior_only,pincode_area,0,No mapped landmark within 200 m. Location uncertain - verify by phone before visiting
AD001427,AC001098,T3,793.0,-1105.3,175.0,VISIT_WITH_HINT,prior_only,neighbours,0,70 m south-east of Church. search within ~180 m around the pin
AD001428,AC001099,T1,-2830.9,986.2,329.0,VISIT_WITH_HINT,prior_only,landmark,0,"Post Office hattira, ~100 m north. pin suttha ~330 m olage huduki"
AD001429,AC001099,OUT,,,,CANNOT_GEOCODE,out_of_territory,out_of_territory,0,Outside service area - verify address
AD001430,AC001100,T2,1287.0,2873.8,24.0,DIRECT_VISIT,visits_agree,visits,2,No mapped landmark within 200 m; Azad Mohalla. Agents report: Bus Stop ke paas. ~20 m ke andar dhoondo
AD001431,AC001101,T1,1098.2,-319.6,329.0,VISIT_WITH_HINT,prior_only,landmark,0,"Anjaneya Gudi hattira, ~100 m north. pin suttha ~330 m olage huduki"
AD001432,AC001102,T3,-519.7,-3365.7,50.0,DIRECT_VISIT,visit_1,visits,1,110 m south-east of Park. search within ~50 m
AD001433,AC001103,T1,2732.1,-2466.7,16.0,DIRECT_VISIT,visits_agree,visits,8,"Anjaneya Gudi hattira, ~180 m south-west. Agents report: Anjaneya Gudi hattira. ~20 m olage huduki"
AD001434,AC001104,T3,710.9,-876.2,54.0,DIRECT_VISIT,visit_1,visits,1,160 m north of Govt School. search within ~50 m
AD001435,AC001104,T3,-292.2,2940.4,283.0,VISIT_WITH_HINT,prior_only,neighbours,0,No mapped landmark within 200 m; Sunrise Enclave. search within ~280 m around the pin
AD001436,AC001105,T3,-2320.3,1225.5,20.0,DIRECT_VISIT,visits_agree,visits,6,No mapped landmark within 200 m; Railway Colony. Agents report: behind Community Hall. search within ~20 m
AD001437,AC001106,T3,-2423.1,-618.2,32.0,DIRECT_VISIT,visits_agree,visits,3,90 m south-east of Masjid. Agents report: behind Masjid. search within ~30 m
AD001438,AC001107,T3,-2701.4,1324.5,194.0,VISIT_WITH_HINT,prior_only,neighbours,0,No mapped landmark within 200 m; Railway Colony. search within ~190 m around the pin
AD001439,AC001108,T3,-408.9,-3737.6,293.0,VISIT_WITH_HINT,prior_only,neighbours,0,160 m south of Masjid. search within ~290 m around the pin
AD001440,AC001108,T3,-920.5,-245.4,194.0,VISIT_WITH_HINT,prior_only,neighbours,0,No mapped landmark within 200 m; HMT Colony. search within ~190 m around the pin
AD001441,AC001109,T3,3636.7,93.3,67.0,DIRECT_VISIT,visit_1,visits,1,No mapped landmark within 200 m; Lakeview Phase 2. search within ~70 m
AD001442,AC001110,T1,1272.5,-5.5,396.0,VISIT_WITH_HINT,prior_only,landmark,0,"Sarkari Shale hattira, ~50 m south. pin suttha ~400 m olage huduki"
AD001443,AC001111,T3,-683.2,-3260.0,22.0,DIRECT_VISIT,visits_agree,visits,6,120 m north of Hanuman Temple. search within ~20 m
AD001444,AC001112,T1,755.2,-283.6,28.0,DIRECT_VISIT,visits_agree,visits,2,No mapped landmark within 200 m; Kuvempu Layout. ~30 m olage huduki
AD001445,AC001113,T2,1002.2,1102.5,837.0,VERIFY_FIRST,prior_only,locality,0,No mapped landmark within 200 m; Gandhi Basti. Location uncertain - verify by phone before visiting
AD001446,AC001113,T2,1713.3,-2327.9,396.0,VISIT_WITH_HINT,prior_only,landmark,0,"Dawai ki Dukaan ke paas, ~20 m uttar-paschim. pin ke aas-paas ~400 m ke andar dhoondo"
AD001447,AC001114,T2,-1335.9,-2866.7,27.0,DIRECT_VISIT,visits_disagree,visits,7,No mapped landmark within 200 m; Subhash Nagar. Agents report: Dawai ki Dukaan ke right side. Look for: blue gate. ~30 m ke andar dhoondo
AD001448,AC001115,T3,-2655.1,-474.7,227.0,VISIT_WITH_HINT,prior_only,neighbours,0,70 m north of Church. search within ~230 m around the pin
AD001449,AC001116,T1,2753.2,-2114.4,396.0,VISIT_WITH_HINT,prior_only,landmark,0,"Park hattira, ~20 m north-east. pin suttha ~400 m olage huduki"
AD001450,AC001117,T2,2484.7,-1053.8,13.0,DIRECT_VISIT,visits_disagree,visits,6,"Daakghar ke paas, ~140 m uttar. ~10 m ke andar dhoondo"
AD001451,AC001118,T2,-587.4,-608.2,199.0,VISIT_WITH_HINT,prior_only,landmark,0,"Daakghar ke paas, ~70 m dakshin. pin ke aas-paas ~200 m ke andar dhoondo"
AD001452,AC001118,OUT,,,,CANNOT_GEOCODE,out_of_territory,out_of_territory,0,Outside service area - verify address
AD001453,AC001119,T3,-2590.9,1702.2,283.0,VISIT_WITH_HINT,prior_only,neighbours,0,170 m north-west of Bus Stop. search within ~280 m around the pin
AD001454,AC001120,T1,-837.2,-2777.7,133.0,VISIT_WITH_HINT,prior_only,neighbours,0,No mapped landmark within 200 m; Basava Nagar. pin suttha ~130 m olage huduki
AD001455,AC001121,T2,1353.4,-2032.4,196.0,VISIT_WITH_HINT,prior_only,landmark,0,"Doodh Dairy ke paas, ~90 m purab. pin ke aas-paas ~200 m ke andar dhoondo"
AD001456,AC001121,T2,978.0,11.2,569.0,VERIFY_FIRST,prior_only,locality,0,No mapped landmark within 200 m; Indira Colony. Location uncertain - verify by phone before visiting
AD001457,AC001122,T2,1023.0,2581.7,16.0,DIRECT_VISIT,visits_agree,visits,2,"Ration ki Dukaan ke paas, ~90 m uttar-purab. Agents report: Sarkari School ke right side. Look for: blue gate. ~20 m ke andar dhoondo"
AD001458,AC001123,T3,-2860.7,-453.7,24.0,DIRECT_VISIT,visits_disagree,visits,4,120 m north of Bus Stop. Agents report: near Bus Stop. search within ~20 m
AD001459,AC001123,OUT,,,,CANNOT_GEOCODE,out_of_territory,out_of_territory,0,Outside service area - verify address
AD001460,AC001124,T3,3177.3,-1899.1,149.0,VISIT_WITH_HINT,prior_only,neighbours,0,No mapped landmark within 200 m; Palm Meadows. search within ~150 m around the pin
AD001461,AC001125,T1,-2777.8,946.6,483.0,VISIT_WITH_HINT,prior_only,landmark,0,"Post Office hattira, ~60 m north. pin suttha ~480 m olage huduki"
AD001462,AC001126,T1,959.5,-3347.5,23.0,DIRECT_VISIT,visits_agree,visits,5,No mapped landmark within 200 m; Gandhi Nagar. ~20 m olage huduki
AD001463,AC001127,T3,-2317.3,1496.4,329.0,VISIT_WITH_HINT,prior_only,landmark,0,90 m north-east of Masjid. search within ~330 m around the pin
AD001464,AC001127,OUT,,,,CANNOT_GEOCODE,out_of_territory,out_of_territory,0,Outside service area - verify address
AD001465,AC001128,T2,-785.2,-747.2,38.0,DIRECT_VISIT,visits_agree,visits,3,"Masjid ke paas, ~140 m paschim. Agents report: Masjid ke paas. ~40 m ke andar dhoondo"
AD001466,AC001129,T3,3634.0,-18.7,30.0,DIRECT_VISIT,visits_agree,visits,4,No mapped landmark within 200 m; Lakeview Phase 2. Agents report: opposite Bus Stop. search within ~30 m
AD001467,AC001130,T3,3077.0,-1810.5,229.0,VISIT_WITH_HINT,prior_only,neighbours,0,180 m south-west of Post Office. search within ~230 m around the pin
AD001468,AC001131,T1,362.6,-2696.2,44.0,DIRECT_VISIT,visit_1,visits,1,"Anjaneya Gudi hattira, ~150 m east. ~40 m olage huduki"
AD001469,AC001132,T3,-2622.0,1441.4,26.0,DIRECT_VISIT,visits_agree,visits,5,No mapped landmark within 200 m; Railway Colony. Agents report: near Masjid. search within ~30 m
AD001470,AC001132,T3,298.5,1982.2,215.0,VISIT_WITH_HINT,prior_only,landmark,0,30 m north-west of Milk Dairy. search within ~220 m around the pin
AD001471,AC001133,T1,3045.1,-1990.7,133.0,VISIT_WITH_HINT,prior_only,neighbours,0,"Ration Angadi hattira, ~170 m north. pin suttha ~130 m olage huduki"
AD001472,AC001134,T3,-422.5,-3926.4,30.0,DIRECT_VISIT,visits_disagree,visits,4,No mapped landmark within 200 m; Unity Nagar. Agents report: behind Ganesh Temple. search within ~30 m
AD001473,AC001134,T3,678.2,1291.5,84.0,DIRECT_VISIT,visit_1,visits,1,No mapped landmark within 200 m; Royal Gardens. search within ~80 m
AD001474,AC001135,T2,1304.9,-2033.0,271.0,VISIT_WITH_HINT,prior_only,landmark,0,"Doodh Dairy ke paas, ~40 m purab. pin ke aas-paas ~270 m ke andar dhoondo"
AD001475,AC001135,T2,1109.4,9.4,569.0,VERIFY_FIRST,prior_only,locality,0,No mapped landmark within 200 m; Indira Colony. Location uncertain - verify by phone before visiting
AD001476,AC001136,T3,-694.1,3392.5,175.0,VISIT_WITH_HINT,prior_only,neighbours,0,120 m south-east of Park. search within ~180 m around the pin
AD001477,AC001137,T1,-683.9,-1337.8,569.0,VERIFY_FIRST,prior_only,locality,0,"Church hattira, ~130 m north-west. Location uncertain - verify by phone before visiting"
AD001478,AC001138,T2,-260.1,1141.7,329.0,VISIT_WITH_HINT,prior_only,landmark,0,"Masjid ke paas, ~160 m uttar. pin ke aas-paas ~330 m ke andar dhoondo"
AD001479,AC001139,T1,2985.5,-2495.4,22.0,DIRECT_VISIT,visits_disagree,visits,6,"Anjaneya Gudi hattira, ~190 m south-east. Agents report: Haalina Dairy eduru. ~20 m olage huduki"
AD001480,AC001140,T3,3705.1,-2227.5,33.0,DIRECT_VISIT,visits_agree,visits,3,170 m north-east of Park. Agents report: opposite Park. search within ~30 m
AD001481,AC001141,T3,2871.8,-1831.5,26.0,DIRECT_VISIT,visits_agree,visits,6,No mapped landmark within 200 m; Palm Meadows. Agents report: opposite Post Office. search within ~30 m
AD001482,AC001142,T3,3381.0,-1772.7,329.0,VISIT_WITH_HINT,prior_only,landmark,0,140 m south of Ganesh Temple. search within ~330 m around the pin
AD001483,AC001143,T3,-718.4,2944.8,243.0,VISIT_WITH_HINT,prior_only,landmark,0,30 m south of Church. search within ~240 m around the pin
AD001484,AC001144,T1,2737.6,-2279.2,1230.0,VERIFY_FIRST,prior_only,locality,0,"Anjaneya Gudi hattira, ~150 m north-west. Location uncertain - verify by phone before visiting"
AD001485,AC001144,T1,769.8,-3141.1,569.0,VERIFY_FIRST,prior_only,locality,0,"Samudaya Bhavana hattira, ~70 m south-east. Location uncertain - verify by phone before visiting"
AD001486,AC001145,T3,-451.0,-3486.4,396.0,VISIT_WITH_HINT,prior_only,landmark,0,100 m north of Masjid. search within ~400 m around the pin
AD001487,AC001146,T2,1689.5,-1849.5,55.0,DIRECT_VISIT,visit_1,visits,1,No mapped landmark within 200 m; Patel Nagar. ~60 m ke andar dhoondo
AD001488,AC001146,T2,-1513.3,-2857.9,39.0,DIRECT_VISIT,visits_agree,visits,2,"Hanuman Mandir ke paas, ~50 m dakshin. Agents report: Hanuman Mandir ke right side. Look for: blue gate. ~40 m ke andar dhoondo"
AD001489,AC001147,T2,1285.5,-1774.0,27.0,DIRECT_VISIT,visits_agree,visits,2,No mapped landmark within 200 m; Patel Nagar. ~30 m ke andar dhoondo
AD001490,AC001148,T1,-1603.9,405.0,43.0,DIRECT_VISIT,visits_agree,visits,2,No mapped landmark within 200 m; Ashoka Layout. Agents report: Church hinde. ~40 m olage huduki
AD001491,AC001149,T3,3594.7,-2233.6,149.0,VISIT_WITH_HINT,prior_only,neighbours,0,80 m north-east of Park. search within ~150 m around the pin
AD001492,AC001149,OUT,,,,CANNOT_GEOCODE,out_of_territory,out_of_territory,0,Outside service area - verify address
AD001493,AC001150,T2,659.9,-2909.0,25.0,DIRECT_VISIT,visits_agree,visits,3,"Doodh Dairy ke paas, ~90 m dakshin-purab. Agents report: Doodh Dairy ke saamne. ~20 m ke andar dhoondo"
AD001494,AC001150,T2,725.4,-3044.2,54.0,DIRECT_VISIT,visit_1,visits,1,No mapped landmark within 200 m; Shivaji Nagar. ~50 m ke andar dhoondo
AD001495,AC001151,T2,1258.0,-1853.6,16.0,DIRECT_VISIT,visits_agree,visits,9,"Doodh Dairy ke paas, ~190 m uttar. Agents report: Samudayik Bhavan ke paas. ~20 m ke andar dhoondo"
AD001496,AC001152,T1,1816.3,-1306.1,22.0,DIRECT_VISIT,visit_1,visits,1,"Anjaneya Gudi hattira, ~180 m west. ~20 m olage huduki"
AD001497,AC001153,T2,1435.4,-2062.5,365.0,VISIT_WITH_HINT,prior_only,neighbours,0,"Girja Ghar ke paas, ~80 m dakshin. pin ke aas-paas ~360 m ke andar dhoondo"
AD001498,AC001154,T1,2886.4,-2454.7,133.0,VISIT_WITH_HINT,prior_only,neighbours,0,"Anjaneya Gudi hattira, ~110 m south. pin suttha ~130 m olage huduki"
AD001499,AC001155,T3,3516.2,-2.8,25.0,DIRECT_VISIT,visits_disagree,visits,7,No mapped landmark within 200 m; Lakeview Phase 2. Agents report: opposite Community Hall. search within ~20 m
AD001500,AC001156,T3,-2827.6,1420.2,149.0,VISIT_WITH_HINT,prior_only,neighbours,0,No mapped landmark within 200 m; Railway Colony. search within ~150 m around the pin
AD001501,AC001156,T3,3159.6,-1694.2,396.0,VISIT_WITH_HINT,prior_only,landmark,0,50 m west of Post Office. search within ~400 m around the pin
AD001502,AC001157,T3,-1166.0,-1974.3,396.0,VISIT_WITH_HINT,prior_only,landmark,0,30 m north-west of Ganesh Temple. search within ~400 m around the pin
AD001503,AC001158,T2,2895.7,-1492.6,16.0,DIRECT_VISIT,visits_disagree,visits,5,No mapped landmark within 200 m; Krishna Puri. Agents report: Ganesh Mandir ke paas. ~20 m ke andar dhoondo
AD001504,AC001159,T2,1009.4,2897.9,378.0,VISIT_WITH_HINT,prior_only,neighbours,0,No mapped landmark within 200 m; Azad Mohalla. pin ke aas-paas ~380 m ke andar dhoondo
AD001505,AC001160,T2,1064.6,2657.5,25.0,DIRECT_VISIT,visits_agree,visits,7,"Bus Stop ke paas, ~30 m paschim. Agents report: Bus Stop ke paas. ~20 m ke andar dhoondo"
AD001506,AC001160,T2,-692.3,3153.4,387.0,VISIT_WITH_HINT,prior_only,neighbours,0,"Doodh Dairy ke paas, ~180 m purab. pin ke aas-paas ~390 m ke andar dhoondo"
AD001507,AC001161,T3,-2516.1,1733.3,569.0,VERIFY_FIRST,prior_only,locality,0,160 m north of Bus Stop. Location uncertain - verify by phone before visiting
AD001508,AC001162,T1,-2229.2,-2361.8,329.0,VISIT_WITH_HINT,prior_only,landmark,0,"Sarkari Shale hattira, ~60 m north-west. pin suttha ~330 m olage huduki"
AD001509,AC001163,T1,3106.5,-2561.4,20.0,DIRECT_VISIT,visits_agree,visits,7,No mapped landmark within 200 m; Nehru Colony. Agents report: Haalina Dairy hinde. ~20 m olage huduki
AD001510,AC001164,T2,1000.6,-159.9,403.0,VISIT_WITH_HINT,prior_only,locality,0,"Park ke paas, ~180 m uttar. pin ke aas-paas ~400 m ke andar dhoondo"
AD001511,AC001165,T2,863.6,1371.7,276.0,VISIT_WITH_HINT,prior_only,landmark,0,"Sarkari School ke paas, ~110 m paschim. pin ke aas-paas ~280 m ke andar dhoondo"
AD001512,AC001166,T3,-795.6,-415.0,175.0,VISIT_WITH_HINT,prior_only,neighbours,0,60 m north-west of Post Office. search within ~180 m around the pin
AD001513,AC001166,T3,552.6,1695.0,569.0,VERIFY_FIRST,prior_only,locality,0,130 m north-east of Ganesh Temple. Location uncertain - verify by phone before visiting
AD001514,AC001167,T1,-2324.4,-2318.4,396.0,VISIT_WITH_HINT,prior_only,landmark,0,"Neerina Tank hattira, ~30 m east. pin suttha ~400 m olage huduki"
AD001515,AC001168,T2,1649.8,-2284.8,269.0,VISIT_WITH_HINT,prior_only,landmark,0,"Dawai ki Dukaan ke paas, ~90 m uttar-paschim. pin ke aas-paas ~270 m ke andar dhoondo"
AD001516,AC001169,T1,673.7,-2629.5,10.0,DIRECT_VISIT,visits_agree,visits,6,"Ration Angadi hattira, ~150 m north. ~10 m olage huduki"
AD001517,AC001170,T1,1157.8,-3078.5,126.0,VISIT_WITH_HINT,prior_only,neighbours,0,No mapped landmark within 200 m; Gandhi Nagar. pin suttha ~130 m olage huduki
AD001518,AC001170,OUT,,,,CANNOT_GEOCODE,out_of_territory,out_of_territory,0,Outside service area - verify address
AD001519,AC001171,T3,1297.1,-3964.8,329.0,VISIT_WITH_HINT,prior_only,landmark,0,150 m north-west of Govt School. search within ~330 m around the pin
AD001520,AC001172,T3,-627.0,-3705.4,28.0,DIRECT_VISIT,visits_disagree,visits,7,No mapped landmark within 200 m; Orchid Enclave. Agents report: opposite Masjid. search within ~30 m
AD001521,AC001173,T3,-724.4,3289.3,25.0,DIRECT_VISIT,visits_agree,visits,6,120 m north-west of Community Hall. Agents report: opposite Community Hall. search within ~20 m
AD001522,AC001173,OUT,,,,CANNOT_GEOCODE,out_of_territory,out_of_territory,0,Outside service area - verify address
AD001523,AC001174,T2,2947.1,262.3,27.0,DIRECT_VISIT,visits_agree,visits,4,"Samudayik Bhavan ke paas, ~50 m uttar. ~30 m ke andar dhoondo"
AD001524,AC001175,T3,4233.2,156.3,46.0,DIRECT_VISIT,visits_agree,visits,6,No mapped landmark within 200 m; Lakeview Phase 2. Agents report: behind Church. search within ~50 m
AD001525,AC001175,T3,-829.2,-800.2,180.0,VISIT_WITH_HINT,prior_only,landmark,0,90 m south-west of Milk Dairy. search within ~180 m around the pin
AD001526,AC001176,T2,975.0,-2829.5,57.0,DIRECT_VISIT,visit_1,visits,1,"Samudayik Bhavan ke paas, ~160 m purab. ~60 m ke andar dhoondo"
AD001527,AC001176,OUT,,,,CANNOT_GEOCODE,out_of_territory,out_of_territory,0,Outside service area - verify address
AD001528,AC001177,T2,1235.1,-2536.6,46.0,DIRECT_VISIT,visits_disagree,visits,2,"Masjid ke paas, ~110 m paschim. ~50 m ke andar dhoondo"
AD001529,AC001177,OUT,,,,CANNOT_GEOCODE,out_of_territory,out_of_territory,0,Outside service area - verify address
AD001530,AC001178,T1,1159.0,-345.0,36.0,DIRECT_VISIT,visit_1,visits,1,"Anjaneya Gudi hattira, ~100 m north-east. Agents report: Church hattira. ~40 m olage huduki"
AD001531,AC001178,T1,-1143.8,366.7,396.0,VISIT_WITH_HINT,prior_only,landmark,0,"Ganapathi Gudi hattira, ~40 m north-west. pin suttha ~400 m olage huduki"
AD001532,AC001179,T1,-1389.4,-2146.8,2278.0,VERIFY_FIRST,prior_only,pincode_area,0,No mapped landmark within 200 m. Location uncertain - verify by phone before visiting
AD001533,AC001180,T1,703.4,-3036.8,569.0,VERIFY_FIRST,prior_only,locality,0,"Samudaya Bhavana hattira, ~50 m north-west. Location uncertain - verify by phone before visiting"
AD001534,AC001181,T3,-2578.3,-188.5,30.0,DIRECT_VISIT,visits_agree,visits,6,120 m south-west of Govt School. search within ~30 m
AD001535,AC001181,T3,-458.9,2914.8,194.0,VISIT_WITH_HINT,prior_only,neighbours,0,No mapped landmark within 200 m; Sunrise Enclave. search within ~190 m around the pin
AD001536,AC001182,T3,-2447.0,1673.9,569.0,VERIFY_FIRST,prior_only,locality,0,90 m north of Bus Stop. Location uncertain - verify by phone before visiting
AD001537,AC001183,T2,-1599.1,-2707.1,276.0,VISIT_WITH_HINT,prior_only,landmark,0,"Hanuman Mandir ke paas, ~130 m uttar-paschim. pin ke aas-paas ~280 m ke andar dhoondo"
AD001538,AC001183,T2,1066.4,1717.8,255.0,VISIT_WITH_HINT,prior_only,baseline_street,0,No mapped landmark within 200 m; Gandhi Basti. pin ke aas-paas ~260 m ke andar dhoondo
AD001539,AC001184,T1,247.6,1988.3,23.0,DIRECT_VISIT,visits_agree,visits,3,"Haalina Dairy hattira, ~170 m east. Agents report: Haalina Dairy eduru. ~20 m olage huduki"
AD001540,AC001185,T3,-2369.7,1822.0,35.0,DIRECT_VISIT,visits_agree,visits,3,170 m south of Water Tank. Agents report: opposite Petrol Bunk. search within ~40 m
AD001541,AC001186,T1,-1997.0,2502.5,329.0,VISIT_WITH_HINT,prior_only,landmark,0,"Ganapathi Gudi hattira, ~50 m south-east. pin suttha ~330 m olage huduki"
AD001542,AC001187,T3,-721.0,-3387.9,204.0,VISIT_WITH_HINT,prior_only,baseline_street,0,80 m west of Hanuman Temple. search within ~200 m around the pin
AD001543,AC001188,T2,2550.2,-1231.6,276.0,VISIT_WITH_HINT,prior_only,landmark,0,"Paani ki Tanki ke paas, ~90 m uttar. pin ke aas-paas ~280 m ke andar dhoondo"
AD001544,AC001189,T3,-470.4,2953.2,286.0,VISIT_WITH_HINT,prior_only,neighbours,0,No mapped landmark within 200 m; Sunrise Enclave. search within ~290 m around the pin
AD001545,AC001189,T3,3508.5,-2205.1,237.0,VISIT_WITH_HINT,prior_only,landmark,0,100 m north-west of Park. search within ~240 m around the pin
AD001546,AC001190,T1,-1280.0,-3540.7,36.0,DIRECT_VISIT,visit_1,visits,1,"Bus Stop hattira, ~50 m south-east. Agents report: Bus Stop hattira. ~40 m olage huduki"
AD001547,AC001190,OUT,,,,CANNOT_GEOCODE,out_of_territory,out_of_territory,0,Outside service area - verify address
AD001548,AC001191,T1,1847.7,-960.8,569.0,VERIFY_FIRST,prior_only,locality,0,No mapped landmark within 200 m; Siddeshwara Colony. Location uncertain - verify by phone before visiting
AD001549,AC001192,T2,2299.6,-1308.0,40.0,DIRECT_VISIT,visits_agree,visits,2,"Bus Stop ke paas, ~80 m paschim. ~40 m ke andar dhoondo"
AD001550,AC001192,OUT,,,,CANNOT_GEOCODE,out_of_territory,out_of_territory,0,Outside service area - verify address
AD001551,AC001193,T2,1742.2,-2436.0,35.0,DIRECT_VISIT,visits_disagree,visits,1,"Dawai ki Dukaan ke paas, ~100 m dakshin. ~40 m ke andar dhoondo"
AD001552,AC001194,T1,2728.1,831.7,329.0,VISIT_WITH_HINT,prior_only,landmark,0,"Ration Angadi hattira, ~140 m north-west. pin suttha ~330 m olage huduki"
AD001553,AC001195,T2,1051.2,2734.6,437.0,VISIT_WITH_HINT,prior_only,locality,0,"Bus Stop ke paas, ~90 m uttar-paschim. pin ke aas-paas ~440 m ke andar dhoondo"
AD001554,AC001196,T1,2700.8,-2138.1,91.0,DIRECT_VISIT,visits_agree,visits,4,"Park hattira, ~40 m west. Agents report: Park hattira. ~90 m olage huduki"
AD001555,AC001197,T3,-2590.7,1798.5,25.0,DIRECT_VISIT,visits_agree,visits,6,No mapped landmark within 200 m; Railway Colony. search within ~20 m
AD001556,AC001198,T2,1034.0,2592.9,21.0,DIRECT_VISIT,visits_agree,visits,7,"Bus Stop ke paas, ~90 m dakshin-paschim. ~20 m ke andar dhoondo"
AD001557,AC001199,T2,1612.7,-1801.2,365.0,VISIT_WITH_HINT,prior_only,neighbours,0,No mapped landmark within 200 m; Patel Nagar. pin ke aas-paas ~360 m ke andar dhoondo
AD001558,AC001199,T2,2813.3,799.8,396.0,VISIT_WITH_HINT,prior_only,landmark,0,"Paani ki Tanki ke paas, ~40 m uttar-paschim. pin ke aas-paas ~400 m ke andar dhoondo"
AD001559,AC001200,T2,2559.6,-1480.9,403.0,VISIT_WITH_HINT,prior_only,locality,0,"Paani ki Tanki ke paas, ~160 m dakshin. pin ke aas-paas ~400 m ke andar dhoondo"
AD001560,AC001201,T3,-3956.7,-1051.7,175.0,VISIT_WITH_HINT,prior_only,neighbours,0,50 m north-east of Hanuman Temple. search within ~180 m around the pin
AD001561,AC001202,T1,1131.2,-88.9,569.0,VERIFY_FIRST,prior_only,locality,0,"Haalina Dairy hattira, ~180 m south-west. Location uncertain - verify by phone before visiting"
AD001562,AC001202,OUT,,,,CANNOT_GEOCODE,out_of_territory,out_of_territory,0,Outside service area - verify address
AD001563,AC001203,T3,-706.6,-742.8,21.0,DIRECT_VISIT,visits_agree,visits,4,90 m east of Milk Dairy. Agents report: opposite Milk Dairy. search within ~20 m
AD001564,AC001204,T3,-225.5,-3290.8,61.0,DIRECT_VISIT,visit_1,visits,1,No mapped landmark within 200 m; Orchid Enclave. search within ~60 m
AD001565,AC001204,T3,-150.7,3178.7,293.0,VISIT_WITH_HINT,prior_only,neighbours,0,No mapped landmark within 200 m; Sunrise Enclave. search within ~290 m around the pin
AD001566,AC001205,T2,1442.1,-2070.5,365.0,VISIT_WITH_HINT,prior_only,neighbours,0,"Girja Ghar ke paas, ~90 m dakshin. pin ke aas-paas ~360 m ke andar dhoondo"
AD001567,AC001206,T1,2857.8,-2186.8,18.0,DIRECT_VISIT,visits_disagree,visits,5,"Samudaya Bhavana hattira, ~90 m south-east. ~20 m olage huduki"
AD001568,AC001207,T1,2949.6,-1927.8,140.0,VISIT_WITH_HINT,prior_only,neighbours,0,No mapped landmark within 200 m; Nehru Colony. pin suttha ~140 m olage huduki
AD001569,AC001208,T3,3388.0,-1378.0,85.0,DIRECT_VISIT,visit_1,visits,1,No mapped landmark within 200 m. search within ~80 m
AD001570,AC001209,T1,2622.4,1233.6,35.0,DIRECT_VISIT,visit_1,visits,1,No mapped landmark within 200 m; Vidya Nagar. ~40 m olage huduki
AD001571,AC001210,T1,2230.3,1102.6,255.0,VISIT_WITH_HINT,prior_only,baseline_street,0,"Anjaneya Gudi hattira, ~160 m east. pin suttha ~260 m olage huduki"
AD001572,AC001211,T3,-592.2,-1718.6,255.0,VISIT_WITH_HINT,prior_only,baseline_street,0,No mapped landmark within 200 m; Defence Colony. search within ~260 m around the pin
AD001573,AC001211,T3,1109.3,-586.4,175.0,VISIT_WITH_HINT,prior_only,neighbours,0,No mapped landmark within 200 m; Teachers Colony. search within ~180 m around the pin
AD001574,AC001212,T3,3963.7,55.4,23.0,DIRECT_VISIT,visits_disagree,visits,3,No mapped landmark within 200 m; Lakeview Phase 2. search within ~20 m
AD001575,AC001213,T2,923.9,-2681.1,39.0,DIRECT_VISIT,visit_1,visits,1,"Samudayik Bhavan ke paas, ~190 m uttar-purab. Agents report: Samudayik Bhavan ke paas. ~40 m ke andar dhoondo"
AD001576,AC001214,T1,825.0,-3209.0,255.0,VISIT_WITH_HINT,prior_only,baseline_street,0,"Samudaya Bhavana hattira, ~160 m south-east. pin suttha ~260 m olage huduki"
AD001577,AC001215,T2,930.2,404.9,20.0,DIRECT_VISIT,visits_disagree,visits,6,"Daakghar ke paas, ~110 m uttar. ~20 m ke andar dhoondo"
AD001578,AC001216,T3,-2265.2,1709.0,21.0,DIRECT_VISIT,visits_disagree,visits,6,180 m north-west of Ganesh Temple. Agents report: opposite Ganesh Temple. search within ~20 m
AD001579,AC001217,T1,2498.3,-2324.1,46.0,DIRECT_VISIT,visits_agree,visits,2,"Masjid hattira, ~190 m east. ~50 m olage huduki"
AD001580,AC001217,OUT,,,,CANNOT_GEOCODE,out_of_territory,out_of_territory,0,Outside service area - verify address
AD001581,AC001218,T1,2734.8,-1812.4,17.0,DIRECT_VISIT,visits_agree,visits,5,No mapped landmark within 200 m; Nehru Colony. Agents report: Ganapathi Gudi hinde. ~20 m olage huduki
AD001582,AC001219,T3,851.1,-1149.2,194.0,VISIT_WITH_HINT,prior_only,neighbours,0,140 m south-east of Church. search within ~190 m around the pin
AD001583,AC001220,T3,-674.4,-528.1,175.0,VISIT_WITH_HINT,prior_only,neighbours,0,110 m south-east of Post Office. search within ~180 m around the pin
AD001584,AC001221,T2,1277.0,-2001.0,19.0,DIRECT_VISIT,visits_disagree,visits,5,"Doodh Dairy ke paas, ~40 m uttar. Agents report: Doodh Dairy ke saamne. ~20 m ke andar dhoondo"
AD001585,AC001222,T3,991.9,-530.6,329.0,VISIT_WITH_HINT,prior_only,landmark,0,130 m south of Masjid. search within ~330 m around the pin
AD001586,AC001223,T2,1569.9,-1863.5,26.0,DIRECT_VISIT,visits_disagree,visits,5,"Girja Ghar ke paas, ~180 m uttar-purab. ~30 m ke andar dhoondo"
AD001587,AC001224,T3,-810.1,2989.8,33.0,DIRECT_VISIT,visits_agree,visits,3,90 m west of Church. Agents report: right side of Church. Look for: blue gate. search within ~30 m
AD001588,AC001225,T1,-157.2,-203.4,2278.0,VERIFY_FIRST,prior_only,pincode_area,0,No mapped landmark within 200 m. Location uncertain - verify by phone before visiting
AD001589,AC001226,T2,690.8,3118.8,27.0,DIRECT_VISIT,visits_agree,visits,2,No mapped landmark within 200 m; Azad Mohalla. ~30 m ke andar dhoondo
AD001590,AC001227,T3,-506.8,-3333.2,329.0,VISIT_WITH_HINT,prior_only,landmark,0,90 m south-east of Park. search within ~330 m around the pin
AD001591,AC001228,T2,-1702.1,-2946.0,114.0,VISIT_WITH_HINT,visits_disagree,visits,1,"Doodh Dairy ke paas, ~80 m paschim. Agents report: Doodh Dairy ke paas. pin ke aas-paas ~110 m ke andar dhoondo"
AD001592,AC001229,T2,1529.7,-2454.5,44.0,DIRECT_VISIT,visits_agree,visits,2,"Masjid ke paas, ~190 m purab. ~40 m ke andar dhoondo"
AD001593,AC001230,T3,-901.2,-2211.2,126.0,VISIT_WITH_HINT,prior_only,landmark,0,No mapped landmark within 200 m; Defence Colony. search within ~130 m around the pin
AD001594,AC001231,T2,961.9,2721.8,285.0,VISIT_WITH_HINT,prior_only,landmark,0,"Sarkari School ke paas, ~150 m uttar. pin ke aas-paas ~280 m ke andar dhoondo"
AD001595,AC001231,OUT,,,,CANNOT_GEOCODE,out_of_territory,out_of_territory,0,Outside service area - verify address
AD001596,AC001232,T1,743.3,-3230.8,33.0,DIRECT_VISIT,visits_agree,visits,4,"Samudaya Bhavana hattira, ~150 m south. Agents report: Samudaya Bhavana eduru. ~30 m olage huduki"
AD001597,AC001233,T2,592.7,-2977.6,279.0,VISIT_WITH_HINT,prior_only,landmark,0,"Girja Ghar ke paas, ~130 m uttar-purab. pin ke aas-paas ~280 m ke andar dhoondo"
AD001598,AC001234,T3,3388.6,-1933.5,396.0,VISIT_WITH_HINT,prior_only,landmark,0,40 m west of Masjid. search within ~400 m around the pin
AD001599,AC001234,OUT,,,,CANNOT_GEOCODE,out_of_territory,out_of_territory,0,Outside service area - verify address
AD001600,AC001235,T2,1370.7,-2074.7,329.0,VISIT_WITH_HINT,prior_only,landmark,0,"Doodh Dairy ke paas, ~110 m purab. pin ke aas-paas ~330 m ke andar dhoondo"
AD001601,AC001236,T2,-467.6,1530.5,329.0,VISIT_WITH_HINT,prior_only,landmark,0,"Petrol Pump ke paas, ~180 m purab. pin ke aas-paas ~330 m ke andar dhoondo"
AD001602,AC001237,T1,2758.7,-2107.5,396.0,VISIT_WITH_HINT,prior_only,landmark,0,"Park hattira, ~30 m north-east. pin suttha ~400 m olage huduki"
AD001603,AC001237,T1,1199.2,164.1,133.0,VISIT_WITH_HINT,prior_only,neighbours,0,"Haalina Dairy hattira, ~130 m north-west. pin suttha ~130 m olage huduki"
AD001604,AC001238,T1,-1857.2,2324.5,329.0,VISIT_WITH_HINT,prior_only,landmark,0,"Sarkari Shale hattira, ~40 m north. pin suttha ~330 m olage huduki"
AD001605,AC001239,T3,3648.0,553.5,40.0,DIRECT_VISIT,visits_agree,visits,4,30 m east of Ration Shop. Agents report: behind Ration Shop. search within ~40 m
AD001606,AC001240,T3,-2454.7,-452.7,178.0,VISIT_WITH_HINT,prior_only,landmark,0,90 m north of Masjid. search within ~180 m around the pin
AD001607,AC001240,T3,3233.5,-1948.8,569.0,VERIFY_FIRST,prior_only,locality,0,200 m west of Masjid. Location uncertain - verify by phone before visiting
AD001608,AC001241,T2,-527.4,2797.4,569.0,VERIFY_FIRST,prior_only,locality,0,"Ganesh Mandir ke paas, ~30 m dakshin-paschim. Location uncertain - verify by phone before visiting"
AD001609,AC001242,T2,2321.7,1863.6,329.0,VISIT_WITH_HINT,prior_only,landmark,0,"Ganesh Mandir ke paas, ~50 m dakshin. pin ke aas-paas ~330 m ke andar dhoondo"
AD001610,AC001243,T1,-1254.4,-3405.4,329.0,VISIT_WITH_HINT,prior_only,landmark,0,"Medical Store hattira, ~90 m south. pin suttha ~330 m olage huduki"
AD001611,AC001244,T2,418.8,-2778.6,232.0,VISIT_WITH_HINT,prior_only,baseline_street,0,"Doodh Dairy ke paas, ~190 m paschim. pin ke aas-paas ~230 m ke andar dhoondo"
AD001612,AC001245,T2,1079.6,-362.9,396.0,VISIT_WITH_HINT,prior_only,landmark,0,"Park ke paas, ~30 m dakshin-purab. pin ke aas-paas ~400 m ke andar dhoondo"
AD001613,AC001245,T2,976.6,73.1,403.0,VISIT_WITH_HINT,prior_only,locality,0,No mapped landmark within 200 m; Indira Colony. pin ke aas-paas ~400 m ke andar dhoondo
AD001614,AC001246,T2,2745.7,-1226.5,368.0,VISIT_WITH_HINT,prior_only,neighbours,0,"Paani ki Tanki ke paas, ~190 m uttar-purab. pin ke aas-paas ~370 m ke andar dhoondo"
AD001615,AC001247,T1,-1869.4,2390.0,329.0,VISIT_WITH_HINT,prior_only,landmark,0,"Sarkari Shale hattira, ~100 m north. pin suttha ~330 m olage huduki"
AD001616,AC001248,T1,2515.8,1376.4,17.0,DIRECT_VISIT,visits_disagree,visits,2,No mapped landmark within 200 m; Vidya Nagar. ~20 m olage huduki
AD001617,AC001248,T1,112.7,1974.3,40.0,DIRECT_VISIT,visit_1,visits,1,"Haalina Dairy hattira, ~30 m east. ~40 m olage huduki"
AD001618,AC001249,T3,1161.8,-386.0,46.0,DIRECT_VISIT,visit_1,visits,1,150 m east of Masjid. search within ~50 m
AD001619,AC001250,T2,2653.6,-1085.7,34.0,DIRECT_VISIT,visits_agree,visits,4,No mapped landmark within 200 m; Krishna Puri. Agents report: Paani ki Tanki ke peeche. ~30 m ke andar dhoondo
AD001620,AC001251,T3,-19.9,-3368.5,27.0,DIRECT_VISIT,visits_agree,visits,5,No mapped landmark within 200 m; Orchid Enclave. Agents report: opposite Community Hall. search within ~30 m
AD001621,AC001252,T3,-60.0,3221.6,49.0,DIRECT_VISIT,visit_1,visits,1,No mapped landmark within 200 m; Sunrise Enclave. search within ~50 m
AD001622,AC001253,T3,965.5,-1048.4,60.0,DIRECT_VISIT,visit_1,visits,1,No mapped landmark within 200 m; Teachers Colony. Agents report: opposite Govt School. search within ~60 m
AD001623,AC001254,T1,3087.1,-2514.2,140.0,VISIT_WITH_HINT,prior_only,neighbours,0,No mapped landmark within 200 m; Nehru Colony. pin suttha ~140 m olage huduki
AD001624,AC001254,T1,-2850.7,978.3,329.0,VISIT_WITH_HINT,prior_only,landmark,0,"Post Office hattira, ~100 m north-west. pin suttha ~330 m olage huduki"
AD001625,AC001255,T1,-2806.4,1241.3,52.0,DIRECT_VISIT,visit_1,visits,1,"Bus Stop hattira, ~130 m west. ~50 m olage huduki"
AD001626,AC001255,T1,-738.6,-3032.5,39.0,DIRECT_VISIT,visit_1,visits,1,"Church hattira, ~110 m south-east. ~40 m olage huduki"
AD001627,AC001256,T2,1320.7,-2071.6,49.0,DIRECT_VISIT,visits_agree,visits,4,"Doodh Dairy ke paas, ~60 m dakshin-purab. ~50 m ke andar dhoondo"
AD001628,AC001257,T2,682.6,2936.6,38.0,DIRECT_VISIT,visit_1,visits,1,No mapped landmark within 200 m; Azad Mohalla. ~40 m ke andar dhoondo
AD001629,AC001258,T1,525.4,-2991.2,169.0,VISIT_WITH_HINT,visits_disagree,visits,1,"Bus Stop hattira, ~20 m south-west. pin suttha ~170 m olage huduki"
AD001630,AC001258,T1,591.1,2845.5,28.0,DIRECT_VISIT,visits_disagree,visits,4,No mapped landmark within 200 m; Anjaneya Badavane. Agents report: Church hattira. ~30 m olage huduki
AD001631,AC001259,T2,2710.6,496.4,21.0,DIRECT_VISIT,visits_agree,visits,4,"Bus Stop ke paas, ~50 m purab. ~20 m ke andar dhoondo"
AD001632,AC001259,OUT,,,,CANNOT_GEOCODE,out_of_territory,out_of_territory,0,Outside service area - verify address
AD001633,AC001260,T1,1566.8,-553.6,63.0,DIRECT_VISIT,visit_1,visits,1,No mapped landmark within 200 m; Siddeshwara Colony. ~60 m olage huduki
AD001634,AC001261,T1,568.7,-2879.9,133.0,VISIT_WITH_HINT,prior_only,neighbours,0,"Bus Stop hattira, ~100 m north. pin suttha ~130 m olage huduki"
AD001635,AC001262,T3,-2410.9,1761.0,283.0,VISIT_WITH_HINT,prior_only,neighbours,0,190 m north of Bus Stop. search within ~280 m around the pin
AD001636,AC001262,OUT,,,,CANNOT_GEOCODE,out_of_territory,out_of_territory,0,Outside service area - verify address
AD001637,AC001263,T2,635.1,-2958.7,276.0,VISIT_WITH_HINT,prior_only,landmark,0,"Doodh Dairy ke paas, ~120 m dakshin. pin ke aas-paas ~280 m ke andar dhoondo"
AD001638,AC001264,T1,902.9,-2895.7,23.0,DIRECT_VISIT,visits_disagree,visits,4,No mapped landmark within 200 m; Gandhi Nagar. Agents report: Ganapathi Gudi hattira. ~20 m olage huduki
AD001639,AC001265,T1,353.0,2434.1,569.0,VERIFY_FIRST,prior_only,locality,0,"Ganapathi Gudi hattira, ~20 m south. Location uncertain - verify by phone before visiting"
AD001640,AC001266,T3,1195.2,-3682.8,569.0,VERIFY_FIRST,prior_only,locality,0,60 m south-east of Water Tank. Location uncertain - verify by phone before visiting
AD001641,AC001267,T3,3467.7,491.1,243.0,VISIT_WITH_HINT,prior_only,landmark,0,60 m south-west of Milk Dairy. search within ~240 m around the pin
AD001642,AC001268,T1,3005.7,-2140.4,396.0,VISIT_WITH_HINT,prior_only,landmark,0,"Ration Angadi hattira, ~50 m west. pin suttha ~400 m olage huduki"
AD001643,AC001269,T2,1643.6,-2133.3,363.0,VISIT_WITH_HINT,prior_only,neighbours,0,No mapped landmark within 200 m; Patel Nagar. pin ke aas-paas ~360 m ke andar dhoondo
AD001644,AC001270,T2,806.1,2663.2,569.0,VERIFY_FIRST,prior_only,locality,0,"Sarkari School ke paas, ~130 m uttar-paschim. Location uncertain - verify by phone before visiting"
AD001645,AC001271,T1,2269.8,-1979.4,255.0,VISIT_WITH_HINT,prior_only,baseline_street,0,No mapped landmark within 200 m; Nehru Colony. pin suttha ~260 m olage huduki
AD001646,AC001271,T1,1223.8,199.7,95.0,DIRECT_VISIT,prior_only,landmark,0,"Haalina Dairy hattira, ~160 m north. ~100 m olage huduki"
AD001647,AC001272,T2,-1640.6,-2906.8,17.0,DIRECT_VISIT,visits_disagree,visits,7,"Doodh Dairy ke paas, ~50 m uttar. Agents report: Doodh Dairy ke peeche. ~20 m ke andar dhoondo"
AD001648,AC001272,OUT,,,,CANNOT_GEOCODE,out_of_territory,out_of_territory,0,Outside service area - verify address
AD001649,AC001273,T1,2322.5,-2431.6,27.0,DIRECT_VISIT,visits_disagree,visits,3,"Masjid hattira, ~40 m south. ~30 m olage huduki"
AD001650,AC001273,OUT,,,,CANNOT_GEOCODE,out_of_territory,out_of_territory,0,Outside service area - verify address
AD001651,AC001274,T1,-849.2,-2874.5,144.0,VISIT_WITH_HINT,visits_disagree,visits,1,"Church hattira, ~110 m north. Agents report: Church hinde. pin suttha ~140 m olage huduki"
AD001652,AC001275,T2,1216.7,-2476.3,35.0,DIRECT_VISIT,visits_agree,visits,2,"Masjid ke paas, ~140 m paschim. ~40 m ke andar dhoondo"
AD001653,AC001276,T1,946.8,227.5,31.0,DIRECT_VISIT,visit_1,visits,1,"Ration Angadi hattira, ~140 m north-east. Agents report: Ration Angadi eduru. ~30 m olage huduki"
AD001654,AC001277,T2,1059.8,2410.5,31.0,DIRECT_VISIT,visits_disagree,visits,4,"Ration ki Dukaan ke paas, ~180 m dakshin-purab. Agents report: Ration ki Dukaan ke peeche. ~30 m ke andar dhoondo"
AD001655,AC001278,T1,-2311.9,-2373.2,329.0,VISIT_WITH_HINT,prior_only,landmark,0,"Neerina Tank hattira, ~70 m south-east. pin suttha ~330 m olage huduki"
AD001656,AC001279,T2,1243.3,-68.0,51.0,DIRECT_VISIT,visit_1,visits,1,"Bus Stop ke paas, ~160 m uttar. ~50 m ke andar dhoondo"
AD001657,AC001279,T2,785.2,1457.1,396.0,VISIT_WITH_HINT,prior_only,landmark,0,"Park ke paas, ~30 m purab. pin ke aas-paas ~400 m ke andar dhoondo"
AD001658,AC001280,T3,-120.9,3282.9,237.0,VISIT_WITH_HINT,prior_only,landmark,0,No mapped landmark within 200 m; Sunrise Enclave. search within ~240 m around the pin
AD001659,AC001280,T3,-2671.2,1907.6,175.0,VISIT_WITH_HINT,prior_only,neighbours,0,110 m south-west of Govt School. search within ~180 m around the pin
AD001660,AC001281,T2,557.6,2682.4,38.0,DIRECT_VISIT,visit_1,visits,1,"Samudayik Bhavan ke paas, ~70 m uttar-purab. ~40 m ke andar dhoondo"
AD001661,AC001281,OUT,,,,CANNOT_GEOCODE,out_of_territory,out_of_territory,0,Outside service area - verify address
AD001662,AC001282,T2,-473.6,3167.7,18.0,DIRECT_VISIT,visits_agree,visits,6,No mapped landmark within 200 m; Ambedkar Nagar. Agents report: Hanuman Mandir ke right side. Look for: blue gate. ~20 m ke andar dhoondo
AD001663,AC001282,T2,-632.0,-655.0,296.0,VISIT_WITH_HINT,prior_only,landmark,0,"Daakghar ke paas, ~120 m dakshin. pin ke aas-paas ~300 m ke andar dhoondo"
AD001664,AC001283,T2,1646.4,-1843.6,59.0,DIRECT_VISIT,visit_1,visits,1,No mapped landmark within 200 m; Patel Nagar. ~60 m ke andar dhoondo
AD001665,AC001284,T3,-405.4,3328.2,329.0,VISIT_WITH_HINT,prior_only,landmark,0,100 m south of Milk Dairy. search within ~330 m around the pin
AD001666,AC001284,T3,3118.4,-2205.2,329.0,VISIT_WITH_HINT,prior_only,landmark,0,130 m north-east of Milk Dairy. search within ~330 m around the pin
AD001667,AC001285,T3,334.0,1846.2,329.0,VISIT_WITH_HINT,prior_only,landmark,0,110 m south of Milk Dairy. search within ~330 m around the pin
AD001668,AC001285,OUT,,,,CANNOT_GEOCODE,out_of_territory,out_of_territory,0,Outside service area - verify address
AD001669,AC001286,T1,2806.7,-2113.9,569.0,VERIFY_FIRST,prior_only,locality,0,Medical Store hattira. Location uncertain - verify by phone before visiting
AD001670,AC001286,OUT,,,,CANNOT_GEOCODE,out_of_territory,out_of_territory,0,Outside service area - verify address
AD001671,AC001287,T1,2506.4,1049.5,569.0,VERIFY_FIRST,prior_only,locality,0,"Masjid hattira, ~150 m north-west. Location uncertain - verify by phone before visiting"
AD001672,AC001287,OUT,,,,CANNOT_GEOCODE,out_of_territory,out_of_territory,0,Outside service area - verify address
AD001673,AC001288,T2,1078.5,-1735.8,15.0,DIRECT_VISIT,visits_agree,visits,7,"Ration ki Dukaan ke paas, ~130 m uttar. ~20 m ke andar dhoondo"
AD001674,AC001289,T3,3151.9,-2366.7,161.0,VISIT_WITH_HINT,prior_only,neighbours,0,110 m south-east of Milk Dairy. search within ~160 m around the pin
AD001675,AC001289,OUT,,,,CANNOT_GEOCODE,out_of_territory,out_of_territory,0,Outside service area - verify address
AD001676,AC001290,T1,1081.5,-3412.5,34.0,DIRECT_VISIT,visits_disagree,visits,3,No mapped landmark within 200 m. Agents report: Ganapathi Gudi hattira. ~30 m olage huduki
AD001677,AC001290,T1,-819.4,-2720.9,52.0,DIRECT_VISIT,visit_1,visits,1,No mapped landmark within 200 m; Basava Nagar. Agents report: Church hinde. ~50 m olage huduki
AD001678,AC001291,T2,1005.7,-121.3,403.0,VISIT_WITH_HINT,prior_only,locality,0,No mapped landmark within 200 m; Indira Colony. pin ke aas-paas ~400 m ke andar dhoondo
AD001679,AC001292,T2,-1671.1,-2903.5,198.0,VISIT_WITH_HINT,prior_only,landmark,0,"Doodh Dairy ke paas, ~70 m uttar-paschim. pin ke aas-paas ~200 m ke andar dhoondo"
AD001680,AC001293,T2,1431.7,-2393.6,54.0,DIRECT_VISIT,visit_1,visits,1,"Masjid ke paas, ~150 m uttar-purab. ~50 m ke andar dhoondo"
AD001681,AC001294,T3,-436.1,3204.5,396.0,VISIT_WITH_HINT,prior_only,landmark,0,40 m south-west of Water Tank. search within ~400 m around the pin
AD001682,AC001295,T2,-638.0,-314.5,15.0,DIRECT_VISIT,visits_agree,visits,7,"Paani ki Tanki ke paas, ~160 m uttar. Agents report: Sarkari School ke saamne. ~20 m ke andar dhoondo"
AD001683,AC001296,T2,2705.8,-1381.9,21.0,DIRECT_VISIT,visits_agree,visits,5,"Paani ki Tanki ke paas, ~140 m dakshin-purab. Agents report: Paani ki Tanki ke paas. Look for: blue gate. ~20 m ke andar dhoondo"
AD001684,AC001296,T2,1020.7,2861.5,378.0,VISIT_WITH_HINT,prior_only,neighbours,0,No mapped landmark within 200 m; Azad Mohalla. pin ke aas-paas ~380 m ke andar dhoondo
AD001685,AC001297,T3,462.1,1576.8,329.0,VISIT_WITH_HINT,prior_only,landmark,0,40 m west of Ganesh Temple. search within ~330 m around the pin
AD001686,AC001297,T3,543.3,1623.4,569.0,VERIFY_FIRST,prior_only,locality,0,70 m north-east of Ganesh Temple. Location uncertain - verify by phone before visiting
AD001687,AC001298,T3,-2740.0,1281.0,46.0,DIRECT_VISIT,visits_agree,visits,3,No mapped landmark within 200 m; Railway Colony. search within ~50 m
AD001688,AC001298,OUT,,,,CANNOT_GEOCODE,out_of_territory,out_of_territory,0,Outside service area - verify address
AD001689,AC001299,T2,-314.4,-726.0,36.0,DIRECT_VISIT,visits_agree,visits,4,No mapped landmark within 200 m; Shastri Nagar. Agents report: Girja Ghar ke peeche. Look for: blue gate. ~40 m ke andar dhoondo
AD001690,AC001300,T2,549.1,-3094.8,569.0,VERIFY_FIRST,prior_only,locality,0,"Girja Ghar ke paas, ~40 m purab. Location uncertain - verify by phone before visiting"
AD001691,AC001301,T3,802.1,-3692.3,329.0,VISIT_WITH_HINT,prior_only,landmark,0,110 m south-west of Hanuman Temple. search within ~330 m around the pin
AD001692,AC001302,T3,-2906.7,1414.1,24.0,DIRECT_VISIT,visits_agree,visits,2,No mapped landmark within 200 m; Railway Colony. search within ~20 m
AD001693,AC001303,T2,-610.5,3417.2,36.0,DIRECT_VISIT,visit_1,visits,1,"Hanuman Mandir ke paas, ~80 m paschim. Agents report: Hanuman Mandir ke peeche. ~40 m ke andar dhoondo"
AD001694,AC001304,T2,1752.4,-2197.7,30.0,DIRECT_VISIT,visits_agree,visits,3,"Dawai ki Dukaan ke paas, ~150 m uttar. Agents report: Dawai ki Dukaan ke peeche. ~30 m ke andar dhoondo"
AD001695,AC001305,T1,2370.8,-2109.3,51.0,DIRECT_VISIT,visits_agree,visits,2,No mapped landmark within 200 m; Nehru Colony. ~50 m olage huduki
AD001696,AC001306,T3,-2130.3,1785.3,161.0,VISIT_WITH_HINT,prior_only,neighbours,0,170 m north of Ganesh Temple. search within ~160 m around the pin
AD001697,AC001307,T2,837.3,3209.9,17.0,DIRECT_VISIT,visits_disagree,visits,7,"Petrol Pump ke paas, ~130 m uttar-paschim. Agents report: Petrol Pump ke right side. Look for: blue gate. ~20 m ke andar dhoondo"
AD001698,AC001308,T1,1087.0,-357.8,329.0,VISIT_WITH_HINT,prior_only,landmark,0,"Anjaneya Gudi hattira, ~60 m north. pin suttha ~330 m olage huduki"
AD001699,AC001308,T1,-1472.2,681.0,255.0,VISIT_WITH_HINT,prior_only,baseline_street,0,"Samudaya Bhavana hattira, ~80 m south. pin suttha ~260 m olage huduki"
AD001700,AC001309,T2,2973.5,425.3,163.0,VISIT_WITH_HINT,visits_disagree,visits,2,No mapped landmark within 200 m; Nehru Colony. pin ke aas-paas ~160 m ke andar dhoondo
AD001701,AC001310,T3,384.0,1470.6,257.0,VISIT_WITH_HINT,prior_only,landmark,0,90 m south-west of Bus Stop. search within ~260 m around the pin
AD001702,AC001311,T1,2457.5,-2263.0,21.0,DIRECT_VISIT,visits_agree,visits,4,"Masjid hattira, ~180 m north-east. ~20 m olage huduki"
AD001703,AC001312,T2,-1620.3,-2830.8,228.0,VISIT_WITH_HINT,prior_only,baseline_street,0,"Hanuman Mandir ke paas, ~90 m paschim. pin ke aas-paas ~230 m ke andar dhoondo"
AD001704,AC001312,T2,-440.4,-533.0,569.0,VERIFY_FIRST,prior_only,locality,0,"Daakghar ke paas, ~160 m purab. Location uncertain - verify by phone before visiting"
AD001705,AC001313,T3,-986.2,-1904.5,329.0,VISIT_WITH_HINT,prior_only,landmark,0,50 m west of Water Tank. search within ~330 m around the pin
AD001706,AC001314,T3,3393.3,-2273.6,15.0,DIRECT_VISIT,visits_agree,visits,5,160 m west of Park. search within ~20 m
AD001707,AC001315,T2,-527.6,2597.3,126.0,VISIT_WITH_HINT,prior_only,landmark,0,No mapped landmark within 200 m; Ambedkar Nagar. pin ke aas-paas ~130 m ke andar dhoondo
AD001708,AC001315,OUT,,,,CANNOT_GEOCODE,out_of_territory,out_of_territory,0,Outside service area - verify address
AD001709,AC001316,T1,-947.4,-3007.7,329.0,VISIT_WITH_HINT,prior_only,landmark,0,"Church hattira, ~120 m west. pin suttha ~330 m olage huduki"
AD001710,AC001317,T2,-267.9,1153.4,329.0,VISIT_WITH_HINT,prior_only,landmark,0,"Masjid ke paas, ~170 m uttar. pin ke aas-paas ~330 m ke andar dhoondo"
AD001711,AC001318,T1,726.9,-3073.4,569.0,VERIFY_FIRST,prior_only,locality,0,Samudaya Bhavana hattira. Location uncertain - verify by phone before visiting
AD001712,AC001319,T2,3011.4,757.3,11.0,DIRECT_VISIT,visits_agree,visits,7,"Paani ki Tanki ke paas, ~170 m purab. Agents report: Dawai ki Dukaan ke saamne. ~10 m ke andar dhoondo"
AD001713,AC001320,T2,1730.8,-2055.8,16.0,DIRECT_VISIT,visits_agree,visits,7,No mapped landmark within 200 m; Patel Nagar. ~20 m ke andar dhoondo
AD001714,AC001320,T2,2389.3,2156.4,26.0,DIRECT_VISIT,visit_1,visits,1,"Dawai ki Dukaan ke paas, ~130 m uttar-paschim. ~30 m ke andar dhoondo"
AD001715,AC001321,T3,-307.2,-3404.3,30.0,DIRECT_VISIT,visits_agree,visits,5,No mapped landmark within 200 m. Agents report: opposite Govt School. search within ~30 m
AD001716,AC001322,T2,1483.5,-1933.0,365.0,VISIT_WITH_HINT,prior_only,neighbours,0,"Girja Ghar ke paas, ~70 m uttar-purab. pin ke aas-paas ~360 m ke andar dhoondo"
AD001717,AC001322,T2,2417.2,1969.1,329.0,VISIT_WITH_HINT,prior_only,landmark,0,"Hanuman Mandir ke paas, ~40 m dakshin-paschim. pin ke aas-paas ~330 m ke andar dhoondo"
AD001718,AC001323,T3,-465.0,3309.7,257.0,VISIT_WITH_HINT,prior_only,landmark,0,100 m north-west of Water Tank. search within ~260 m around the pin
AD001719,AC001324,T3,-282.2,2921.3,194.0,VISIT_WITH_HINT,prior_only,neighbours,0,No mapped landmark within 200 m; Sunrise Enclave. search within ~190 m around the pin
AD001720,AC001325,T2,792.6,337.6,34.0,DIRECT_VISIT,visit_1,visits,1,"Daakghar ke paas, ~150 m paschim. Agents report: Daakghar ke saamne. ~30 m ke andar dhoondo"
AD001721,AC001326,T1,680.2,-3146.9,837.0,VERIFY_FIRST,prior_only,locality,0,"Samudaya Bhavana hattira, ~90 m south-west. Location uncertain - verify by phone before visiting"
AD001722,AC001327,T3,-2241.1,1295.9,38.0,DIRECT_VISIT,visits_disagree,visits,4,100 m south of Community Hall. search within ~40 m
AD001723,AC001328,T3,808.7,-1227.5,149.0,VISIT_WITH_HINT,prior_only,neighbours,0,180 m south-east of Church. search within ~150 m around the pin
AD001724,AC001329,T1,1965.3,-1028.5,837.0,VERIFY_FIRST,prior_only,locality,0,No mapped landmark within 200 m; Siddeshwara Colony. Location uncertain - verify by phone before visiting
AD001725,AC001330,T1,2965.6,-2159.6,51.0,DIRECT_VISIT,visit_1,visits,1,"Ration Angadi hattira, ~80 m west. Agents report: Ration Angadi eduru. ~50 m olage huduki"
AD001726,AC001331,T2,2923.4,880.2,18.0,DIRECT_VISIT,visits_disagree,visits,5,"Ration ki Dukaan ke paas, ~60 m dakshin. ~20 m ke andar dhoondo"
AD001727,AC001332,T1,1175.9,1775.9,3348.0,VERIFY_FIRST,prior_only,pincode_area,0,No mapped landmark within 200 m. Location uncertain - verify by phone before visiting
AD001728,AC001332,OUT,,,,CANNOT_GEOCODE,out_of_territory,out_of_territory,0,Outside service area - verify address
AD001729,AC001333,T3,-1350.4,-1799.1,255.0,VISIT_WITH_HINT,prior_only,baseline_street,0,70 m south-west of Ration Shop. search within ~260 m around the pin
AD001730,AC001334,T1,-2954.2,1121.8,569.0,VERIFY_FIRST,prior_only,locality,0,"Ration Angadi hattira, ~200 m south-east. Location uncertain - verify by phone before visiting"
AD001731,AC001335,T2,1258.9,-1925.1,28.0,DIRECT_VISIT,visits_disagree,visits,4,"Doodh Dairy ke paas, ~120 m uttar. ~30 m ke andar dhoondo"
AD001732,AC001336,T1,-2001.8,-2747.9,33.0,DIRECT_VISIT,visit_1,visits,1,No mapped landmark within 200 m; Shanthi Nagar. Agents report: Ration Angadi hinde. ~30 m olage huduki
AD001733,AC001337,T2,-1596.5,-2806.8,296.0,VISIT_WITH_HINT,prior_only,landmark,0,"Hanuman Mandir ke paas, ~70 m paschim. pin ke aas-paas ~300 m ke andar dhoondo"
AD001734,AC001338,T3,-2904.6,1422.0,29.0,DIRECT_VISIT,visits_agree,visits,3,No mapped landmark within 200 m; Railway Colony. search within ~30 m
AD001735,AC001339,T1,-2853.6,1052.8,569.0,VERIFY_FIRST,prior_only,locality,0,"Post Office hattira, ~170 m north. Location uncertain - verify by phone before visiting"
AD001736,AC001340,T1,-349.7,-1093.1,329.0,VISIT_WITH_HINT,prior_only,landmark,0,"Haalina Dairy hattira, ~30 m west. pin suttha ~330 m olage huduki"
AD001737,AC001340,OUT,,,,CANNOT_GEOCODE,out_of_territory,out_of_territory,0,Outside service area - verify address
AD001738,AC001341,T1,-844.3,-1402.7,20.0,DIRECT_VISIT,visits_agree,visits,5,"Ration Angadi hattira, ~120 m south. Agents report: Ration Angadi eduru. ~20 m olage huduki"
AD001739,AC001342,T1,48.4,-266.8,2278.0,VERIFY_FIRST,prior_only,pincode_area,0,No mapped landmark within 200 m. Location uncertain - verify by phone before visiting
AD001740,AC001342,T1,319.2,2405.9,569.0,VERIFY_FIRST,prior_only,locality,0,"Ganapathi Gudi hattira, ~60 m south-west. Location uncertain - verify by phone before visiting"
AD001741,AC001343,T2,1573.0,-1867.7,20.0,DIRECT_VISIT,visits_agree,visits,6,"Girja Ghar ke paas, ~180 m uttar-purab. ~20 m ke andar dhoondo"
AD001742,AC001344,T1,-1437.7,-3081.1,44.0,DIRECT_VISIT,visits_agree,visits,2,"Masjid hattira, ~150 m south. Agents report: Masjid eduru. ~40 m olage huduki"
AD001743,AC001345,T2,1258.0,2807.0,39.0,DIRECT_VISIT,visits_agree,visits,3,No mapped landmark within 200 m; Azad Mohalla. Agents report: Bus Stop ke paas. ~40 m ke andar dhoondo
AD001744,AC001346,T3,-2411.2,1748.6,283.0,VISIT_WITH_HINT,prior_only,neighbours,0,170 m north of Bus Stop. search within ~280 m around the pin
AD001745,AC001347,T3,-513.7,-3535.2,161.0,VISIT_WITH_HINT,prior_only,neighbours,0,80 m north-west of Masjid. search within ~160 m around the pin
AD001746,AC001348,T1,3024.4,-2192.3,20.0,DIRECT_VISIT,visits_disagree,visits,6,"Ration Angadi hattira, ~40 m south-west. Agents report: Ration Angadi hinde. ~20 m olage huduki"
AD001747,AC001349,T3,-922.5,-1656.5,132.0,VISIT_WITH_HINT,prior_only,baseline_rooftop,0,No mapped landmark within 200 m; Defence Colony. search within ~130 m around the pin
AD001748,AC001350,T3,3888.0,136.2,35.0,DIRECT_VISIT,visits_agree,visits,3,No mapped landmark within 200 m; Lakeview Phase 2. Agents report: near Church. search within ~40 m
AD001749,AC001350,T3,2535.2,902.4,3348.0,VERIFY_FIRST,prior_only,pincode_area,0,No mapped landmark within 200 m. Location uncertain - verify by phone before visiting
AD001750,AC001351,T2,954.9,1297.0,569.0,VERIFY_FIRST,prior_only,locality,0,"Sarkari School ke paas, ~100 m dakshin. Location uncertain - verify by phone before visiting"
AD001751,AC001352,T3,-384.3,-882.6,208.0,VISIT_WITH_HINT,prior_only,baseline_street,0,No mapped landmark within 200 m; HMT Colony. search within ~210 m around the pin
AD001752,AC001353,T2,1463.7,-2267.4,11.0,DIRECT_VISIT,visits_agree,visits,7,No mapped landmark within 200 m; Patel Nagar. Agents report: Dawai ki Dukaan ke paas. ~10 m ke andar dhoondo
AD001753,AC001354,T1,922.3,-2892.5,15.0,DIRECT_VISIT,visits_agree,visits,8,No mapped landmark within 200 m; Gandhi Nagar. Agents report: Ganapathi Gudi hattira. ~20 m olage huduki
AD001754,AC001355,T3,-2378.3,-89.9,14.0,DIRECT_VISIT,visits_disagree,visits,5,130 m east of Govt School. search within ~10 m
AD001755,AC001356,T3,597.0,-865.1,35.0,DIRECT_VISIT,visits_agree,visits,2,120 m south of Bus Stop. search within ~40 m
AD001756,AC001356,T3,-1434.4,-2113.2,29.0,DIRECT_VISIT,visit_1,visits,1,No mapped landmark within 200 m; Defence Colony. Agents report: behind Church. search within ~30 m
AD001757,AC001357,T1,-2262.4,-2437.1,569.0,VERIFY_FIRST,prior_only,locality,0,"Sarkari Shale hattira, ~80 m west. Location uncertain - verify by phone before visiting"
AD001758,AC001358,T1,-363.4,-1635.9,126.0,VISIT_WITH_HINT,prior_only,landmark,0,"Medical Store hattira, ~80 m south-west. pin suttha ~130 m olage huduki"
AD001759,AC001358,T1,-2996.4,1294.8,329.0,VISIT_WITH_HINT,prior_only,landmark,0,"Ration Angadi hattira, ~130 m north-east. pin suttha ~330 m olage huduki"
AD001760,AC001359,T1,3173.5,-2424.2,24.0,DIRECT_VISIT,visits_agree,visits,3,No mapped landmark within 200 m; Nehru Colony. Agents report: Ration Angadi hinde. ~20 m olage huduki
AD001761,AC001360,T2,-1761.6,-2632.5,36.0,DIRECT_VISIT,visits_disagree,visits,1,"Sarkari School ke paas, ~110 m purab. ~40 m ke andar dhoondo"
AD001762,AC001360,OUT,,,,CANNOT_GEOCODE,out_of_territory,out_of_territory,0,Outside service area - verify address
AD001763,AC001361,T3,-2377.8,-472.0,228.0,VISIT_WITH_HINT,prior_only,neighbours,0,100 m west of Post Office. search within ~230 m around the pin
AD001764,AC001362,T1,-2682.2,1706.3,140.0,VISIT_WITH_HINT,prior_only,neighbours,0,No mapped landmark within 200 m; Vinayaka Nagar. pin suttha ~140 m olage huduki
AD001765,AC001363,T2,2255.7,-1091.5,24.0,DIRECT_VISIT,visits_agree,visits,6,No mapped landmark within 200 m; Krishna Puri. Agents report: Daakghar ke saamne. ~20 m ke andar dhoondo
AD001766,AC001364,T3,3022.7,-1866.7,409.0,VISIT_WITH_HINT,prior_only,neighbours,0,No mapped landmark within 200 m; Palm Meadows. search within ~410 m around the pin
AD001767,AC001365,T2,804.1,2513.8,172.0,VISIT_WITH_HINT,visits_disagree,visits,1,"Sarkari School ke paas, ~130 m dakshin-paschim. pin ke aas-paas ~170 m ke andar dhoondo"
AD001768,AC001366,T2,784.5,2292.5,33.0,DIRECT_VISIT,visit_1,visits,1,No mapped landmark within 200 m; Azad Mohalla. Agents report: Ration ki Dukaan ke paas. ~30 m ke andar dhoondo
AD001769,AC001367,T2,1157.4,84.0,387.0,VISIT_WITH_HINT,prior_only,neighbours,0,No mapped landmark within 200 m; Indira Colony. pin ke aas-paas ~390 m ke andar dhoondo
AD001770,AC001368,T1,2507.6,-2358.0,16.0,DIRECT_VISIT,visits_agree,visits,7,"Masjid hattira, ~190 m east. Agents report: Masjid eduru. ~20 m olage huduki"
AD001771,AC001369,T2,1097.0,182.6,279.0,VISIT_WITH_HINT,prior_only,landmark,0,No mapped landmark within 200 m; Indira Colony. pin ke aas-paas ~280 m ke andar dhoondo
AD001772,AC001370,T1,2726.6,-2225.2,569.0,VERIFY_FIRST,prior_only,locality,0,"Park hattira, ~100 m south. Location uncertain - verify by phone before visiting"
AD001773,AC001370,T1,1885.6,-1207.3,215.0,VISIT_WITH_HINT,prior_only,landmark,0,"Anjaneya Gudi hattira, ~100 m west. pin suttha ~220 m olage huduki"
AD001774,AC001371,T3,-2254.8,1201.7,149.0,VISIT_WITH_HINT,prior_only,neighbours,0,200 m south of Community Hall. search within ~150 m around the pin
AD001775,AC001372,T1,2904.0,-2380.1,22.0,DIRECT_VISIT,visits_disagree,visits,5,"Anjaneya Gudi hattira, ~50 m south-east. Agents report: Anjaneya Gudi hattira. ~20 m olage huduki"
AD001776,AC001373,T3,-2519.0,-42.4,34.0,DIRECT_VISIT,visits_agree,visits,2,50 m north of Govt School. Agents report: opposite Govt School. search within ~30 m
AD001777,AC001374,T2,-1611.4,-2763.5,569.0,VERIFY_FIRST,prior_only,locality,0,"Hanuman Mandir ke paas, ~100 m uttar-paschim. Location uncertain - verify by phone before visiting"
AD001778,AC001375,T3,-242.7,-3762.5,280.0,VISIT_WITH_HINT,prior_only,neighbours,0,110 m west of Ganesh Temple. search within ~280 m around the pin
AD001779,AC001376,T3,3069.2,-1824.4,35.0,DIRECT_VISIT,visits_agree,visits,3,190 m south-west of Post Office. search within ~40 m
AD001780,AC001377,T3,-3147.0,-588.5,304.0,VISIT_WITH_HINT,prior_only,neighbours,0,No mapped landmark within 200 m; Green Park Layout. search within ~300 m around the pin
AD001781,AC001377,T3,-267.7,-3808.7,175.0,VISIT_WITH_HINT,prior_only,neighbours,0,130 m west of Ganesh Temple. search within ~180 m around the pin
AD001782,AC001378,T1,1096.7,-2674.9,255.0,VISIT_WITH_HINT,prior_only,baseline_street,0,No mapped landmark within 200 m; Gandhi Nagar. pin suttha ~260 m olage huduki
AD001783,AC001378,T1,-298.8,-1595.7,255.0,VISIT_WITH_HINT,prior_only,baseline_street,0,Medical Store hattira. pin suttha ~260 m olage huduki
AD001784,AC001379,T2,2408.6,1927.7,329.0,VISIT_WITH_HINT,prior_only,landmark,0,"Hanuman Mandir ke paas, ~80 m dakshin-paschim. pin ke aas-paas ~330 m ke andar dhoondo"
AD001785,AC001380,T3,1129.5,-485.9,177.0,VISIT_WITH_HINT,prior_only,landmark,0,140 m south-east of Masjid. search within ~180 m around the pin
AD001786,AC001381,T3,-4011.3,-1016.4,304.0,VISIT_WITH_HINT,prior_only,neighbours,0,60 m east of Water Tank. search within ~300 m around the pin
AD001787,AC001382,T3,-720.8,2989.9,329.0,VISIT_WITH_HINT,prior_only,landmark,0,20 m north of Church. search within ~330 m around the pin
AD001788,AC001383,T1,-1235.0,762.9,102.0,VISIT_WITH_HINT,visits_disagree,visits,2,"Neerina Tank hattira, ~170 m west. Agents report: Neerina Tank hattira. pin suttha ~100 m olage huduki"
AD001789,AC001384,T1,-842.8,-3180.2,77.0,DIRECT_VISIT,visit_1,visits,1,No mapped landmark within 200 m; Basava Nagar. ~80 m olage huduki
AD001790,AC001385,T1,-3116.7,1536.2,41.0,DIRECT_VISIT,visits_agree,visits,3,"Samudaya Bhavana hattira, ~130 m north. Agents report: Samudaya Bhavana hinde. ~40 m olage huduki"
AD001791,AC001386,T1,-2724.5,1219.0,329.0,VISIT_WITH_HINT,prior_only,landmark,0,"Bus Stop hattira, ~60 m south-west. pin suttha ~330 m olage huduki"
AD001792,AC001387,T3,-2782.7,-481.9,34.0,DIRECT_VISIT,visits_disagree,visits,5,110 m north-east of Bus Stop. search within ~30 m
AD001793,AC001387,OUT,,,,CANNOT_GEOCODE,out_of_territory,out_of_territory,0,Outside service area - verify address
AD001794,AC001388,T2,931.2,-2909.2,26.0,DIRECT_VISIT,visits_agree,visits,5,"Samudayik Bhavan ke paas, ~130 m dakshin-purab. Agents report: Samudayik Bhavan ke right side. Look for: blue gate. ~30 m ke andar dhoondo"
AD001795,AC001389,T2,2074.7,1631.2,396.0,VISIT_WITH_HINT,prior_only,landmark,0,Samudayik Bhavan ke paas. pin ke aas-paas ~400 m ke andar dhoondo
AD001796,AC001389,OUT,,,,CANNOT_GEOCODE,out_of_territory,out_of_territory,0,Outside service area - verify address
AD001797,AC001390,T1,2501.3,-2179.1,133.0,VISIT_WITH_HINT,prior_only,neighbours,0,No mapped landmark within 200 m; Nehru Colony. pin suttha ~130 m olage huduki
AD001798,AC001391,T3,-3974.8,-1073.5,50.0,DIRECT_VISIT,visit_1,visits,1,20 m north-east of Hanuman Temple. search within ~50 m
AD001799,AC001392,T1,3191.3,-2180.0,28.0,DIRECT_VISIT,visits_agree,visits,3,"Ration Angadi hattira, ~140 m east. Agents report: Ration Angadi hinde. ~30 m olage huduki"
AD001800,AC001393,T1,2563.1,-2311.6,31.0,DIRECT_VISIT,visit_1,visits,1,No mapped landmark within 200 m; Nehru Colony. ~30 m olage huduki
AD001801,AC001394,T3,3584.6,25.5,194.0,VISIT_WITH_HINT,prior_only,neighbours,0,No mapped landmark within 200 m; Lakeview Phase 2. search within ~190 m around the pin
AD001802,AC001395,T3,3262.6,-1714.2,36.0,DIRECT_VISIT,visits_agree,visits,3,60 m south-east of Ration Shop. Agents report: behind Ration Shop. search within ~40 m
AD001803,AC001396,T1,-2865.7,1098.7,569.0,VERIFY_FIRST,prior_only,locality,0,No mapped landmark within 200 m; Vinayaka Nagar. Location uncertain - verify by phone before visiting
AD001804,AC001397,T1,336.7,2349.0,569.0,VERIFY_FIRST,prior_only,locality,0,"Ganapathi Gudi hattira, ~110 m south. Location uncertain - verify by phone before visiting"
AD001805,AC001398,T2,2430.0,-767.5,64.0,DIRECT_VISIT,visit_1,visits,1,No mapped landmark within 200 m; Krishna Puri. Agents report: Daakghar ke right side. Look for: blue gate. ~60 m ke andar dhoondo
AD001806,AC001398,T2,964.8,222.5,329.0,VISIT_WITH_HINT,prior_only,landmark,0,"Daakghar ke paas, ~80 m dakshin. pin ke aas-paas ~330 m ke andar dhoondo"
AD001807,AC001399,T2,1004.5,3117.5,35.0,DIRECT_VISIT,visits_agree,visits,2,"Petrol Pump ke paas, ~110 m purab. ~40 m ke andar dhoondo"
AD001808,AC001400,T1,980.0,-3196.5,22.0,DIRECT_VISIT,visits_disagree,visits,4,No mapped landmark within 200 m; Gandhi Nagar. ~20 m olage huduki
AD001809,AC001401,T2,1291.5,311.4,122.0,VISIT_WITH_HINT,prior_only,landmark,0,"Hanuman Mandir ke paas, ~30 m uttar-paschim. pin ke aas-paas ~120 m ke andar dhoondo"
AD001810,AC001402,T2,1024.2,2701.6,329.0,VISIT_WITH_HINT,prior_only,landmark,0,"Bus Stop ke paas, ~90 m uttar-paschim. pin ke aas-paas ~330 m ke andar dhoondo"
AD001811,AC001403,T2,893.5,3093.4,30.0,DIRECT_VISIT,visits_agree,visits,4,Petrol Pump ke paas. ~30 m ke andar dhoondo
AD001812,AC001404,T3,3842.8,580.8,49.0,DIRECT_VISIT,visits_disagree,visits,3,180 m north of Bus Stop. Agents report: near Bus Stop. search within ~50 m
AD001813,AC001405,T3,3449.8,-2148.7,293.0,VISIT_WITH_HINT,prior_only,neighbours,0,70 m south of Water Tank. search within ~290 m around the pin
AD001814,AC001405,OUT,,,,CANNOT_GEOCODE,out_of_territory,out_of_territory,0,Outside service area - verify address
AD001815,AC001406,T1,-2480.5,1024.0,16.0,DIRECT_VISIT,visits_disagree,visits,7,No mapped landmark within 200 m; Vinayaka Nagar. ~20 m olage huduki
AD001816,AC001407,T1,-3051.7,1414.4,396.0,VISIT_WITH_HINT,prior_only,landmark,0,"Samudaya Bhavana hattira, ~30 m east. pin suttha ~400 m olage huduki"
AD001817,AC001408,T1,-1986.5,2432.8,569.0,VERIFY_FIRST,prior_only,locality,0,"Ganapathi Gudi hattira, ~120 m south. Location uncertain - verify by phone before visiting"
AD001818,AC001409,T1,2550.7,921.3,396.0,VISIT_WITH_HINT,prior_only,landmark,0,"Masjid hattira, ~90 m south-west. pin suttha ~400 m olage huduki"
AD001819,AC001409,OUT,,,,CANNOT_GEOCODE,out_of_territory,out_of_territory,0,Outside service area - verify address
AD001820,AC001410,T1,-1837.4,2254.6,329.0,VISIT_WITH_HINT,prior_only,landmark,0,"Sarkari Shale hattira, ~50 m south-east. pin suttha ~330 m olage huduki"
AD001821,AC001411,T1,2477.0,-2434.0,20.0,DIRECT_VISIT,visits_agree,visits,5,"Masjid hattira, ~160 m east. ~20 m olage huduki"
AD001822,AC001412,T3,-2666.0,-485.5,125.0,VISIT_WITH_HINT,visits_disagree,visits,1,60 m north of Church. search within ~120 m around the pin
AD001823,AC001413,T3,2045.9,-1893.3,2278.0,VERIFY_FIRST,prior_only,pincode_area,0,No mapped landmark within 200 m. Location uncertain - verify by phone before visiting
AD001824,AC001414,T3,-2436.7,-475.1,228.0,VISIT_WITH_HINT,prior_only,neighbours,0,80 m north-east of Masjid. search within ~230 m around the pin
AD001825,AC001415,T2,2945.2,717.6,296.0,VISIT_WITH_HINT,prior_only,landmark,0,"Paani ki Tanki ke paas, ~120 m dakshin-purab. pin ke aas-paas ~300 m ke andar dhoondo"
AD001826,AC001415,OUT,,,,CANNOT_GEOCODE,out_of_territory,out_of_territory,0,Outside service area - verify address
AD001827,AC001416,T3,1163.4,-3639.3,329.0,VISIT_WITH_HINT,prior_only,landmark,0,At Water Tank. search within ~330 m around the pin
AD001828,AC001416,OUT,,,,CANNOT_GEOCODE,out_of_territory,out_of_territory,0,Outside service area - verify address
AD001829,AC001417,T2,2168.5,2162.9,215.0,VISIT_WITH_HINT,prior_only,landmark,0,"Sarkari School ke paas, ~120 m uttar-purab. pin ke aas-paas ~220 m ke andar dhoondo"
AD001830,AC001418,T2,1063.5,2914.7,14.0,DIRECT_VISIT,visits_agree,visits,9,No mapped landmark within 200 m; Azad Mohalla. Agents report: Ganesh Mandir ke peeche. ~10 m ke andar dhoondo
AD001831,AC001419,T1,-1560.8,2355.1,120.0,VISIT_WITH_HINT,prior_only,neighbours,0,"Masjid hattira, ~100 m south-east. pin suttha ~120 m olage huduki"
AD001832,AC001420,T3,4041.2,119.4,94.0,DIRECT_VISIT,visits_agree,visits,6,No mapped landmark within 200 m; Lakeview Phase 2. search within ~90 m
AD001833,AC001421,T2,1533.8,-2409.2,15.0,DIRECT_VISIT,visits_agree,visits,7,No mapped landmark within 200 m; Patel Nagar. Agents report: Dawai ki Dukaan ke right side. Look for: blue gate. ~20 m ke andar dhoondo
AD001834,AC001422,T1,599.5,-3103.3,569.0,VERIFY_FIRST,prior_only,locality,0,"Bus Stop hattira, ~130 m south-east. Location uncertain - verify by phone before visiting"
AD001835,AC001423,T2,833.1,2603.5,387.0,VISIT_WITH_HINT,prior_only,neighbours,0,"Sarkari School ke paas, ~80 m paschim. pin ke aas-paas ~390 m ke andar dhoondo"
AD001836,AC001424,T1,-2703.3,1432.3,36.0,DIRECT_VISIT,visit_1,visits,1,"Bus Stop hattira, ~190 m north. ~40 m olage huduki"
AD001837,AC001424,T1,-1529.8,2321.4,30.0,DIRECT_VISIT,visits_agree,visits,2,"Masjid hattira, ~150 m south-east. Agents report: Masjid eduru. ~30 m olage huduki"
AD001838,AC001425,T3,-480.0,-3652.9,194.0,VISIT_WITH_HINT,prior_only,neighbours,0,70 m south of Masjid. search within ~190 m around the pin
AD001839,AC001426,T2,-517.2,-581.6,437.0,VISIT_WITH_HINT,prior_only,locality,0,"Daakghar ke paas, ~90 m dakshin-purab. pin ke aas-paas ~440 m ke andar dhoondo"
AD001840,AC001427,T3,688.8,-867.2,175.0,VISIT_WITH_HINT,prior_only,neighbours,0,150 m south-east of Bus Stop. search within ~180 m around the pin
AD001841,AC001427,T3,3938.7,652.9,194.0,VISIT_WITH_HINT,prior_only,neighbours,0,No mapped landmark within 200 m; Lakeview Phase 2. search within ~190 m around the pin
AD001842,AC001428,T3,-3659.0,-737.0,46.0,DIRECT_VISIT,visit_1,visits,1,No mapped landmark within 200 m; Green Park Layout. Agents report: right side of Bus Stop. Look for: blue gate. search within ~50 m
AD001843,AC001428,OUT,,,,CANNOT_GEOCODE,out_of_territory,out_of_territory,0,Outside service area - verify address
AD001844,AC001429,T2,-586.8,-11.0,27.0,DIRECT_VISIT,visits_disagree,visits,2,No mapped landmark within 200 m; Shastri Nagar. Agents report: Hanuman Mandir ke right side. Look for: blue gate. ~30 m ke andar dhoondo
AD001845,AC001430,T3,3599.8,26.5,23.0,DIRECT_VISIT,visits_agree,visits,3,No mapped landmark within 200 m; Lakeview Phase 2. search within ~20 m
AD001846,AC001430,T3,-3693.2,-843.0,1230.0,VERIFY_FIRST,prior_only,locality,0,No mapped landmark within 200 m; Green Park Layout. Location uncertain - verify by phone before visiting
AD001847,AC001431,T3,-2409.5,1149.0,70.0,DIRECT_VISIT,visit_1,visits,1,No mapped landmark within 200 m; Railway Colony. search within ~70 m
AD001848,AC001431,T3,-2404.2,-103.0,194.0,VISIT_WITH_HINT,prior_only,neighbours,0,100 m east of Govt School. search within ~190 m around the pin
AD001849,AC001432,T1,437.4,2774.0,49.0,DIRECT_VISIT,visit_1,visits,1,"Church hattira, ~150 m north-east. ~50 m olage huduki"
AD001850,AC001433,T1,-1097.1,-3133.4,569.0,VERIFY_FIRST,prior_only,locality,0,No mapped landmark within 200 m; Basava Nagar. Location uncertain - verify by phone before visiting
AD001851,AC001434,T2,961.0,-2831.5,50.0,DIRECT_VISIT,visit_1,visits,1,"Samudayik Bhavan ke paas, ~150 m purab. ~50 m ke andar dhoondo"
AD001852,AC001435,T2,690.6,-3289.9,19.0,DIRECT_VISIT,visits_agree,visits,2,"Bus Stop ke paas, ~30 m uttar-paschim. ~20 m ke andar dhoondo"
AD001853,AC001435,T2,-626.2,-506.0,569.0,VERIFY_FIRST,prior_only,locality,0,"Daakghar ke paas, ~40 m uttar-paschim. Location uncertain - verify by phone before visiting"
AD001854,AC001436,T3,890.0,-790.5,37.0,DIRECT_VISIT,visits_agree,visits,2,No mapped landmark within 200 m; Teachers Colony. search within ~40 m
AD001855,AC001437,T2,2434.2,-1204.8,15.0,DIRECT_VISIT,visits_agree,visits,8,"Daakghar ke paas, ~20 m dakshin-paschim. Agents report: Sarkari School ke saamne. ~20 m ke andar dhoondo"
AD001856,AC001438,T3,-1015.7,-302.2,70.0,DIRECT_VISIT,visit_1,visits,1,No mapped landmark within 200 m; HMT Colony. search within ~70 m
AD001857,AC001439,T2,1647.4,-2230.3,22.0,DIRECT_VISIT,visits_agree,visits,4,"Dawai ki Dukaan ke paas, ~130 m uttar-paschim. Agents report: Dawai ki Dukaan ke paas. ~20 m ke andar dhoondo"
AD001858,AC001440,T2,2549.0,-1327.7,396.0,VISIT_WITH_HINT,prior_only,landmark,0,"Paani ki Tanki ke paas, ~30 m paschim. pin ke aas-paas ~400 m ke andar dhoondo"
AD001859,AC001441,T3,-299.1,2924.2,283.0,VISIT_WITH_HINT,prior_only,neighbours,0,No mapped landmark within 200 m; Sunrise Enclave. search within ~280 m around the pin
AD001860,AC001442,T3,-2563.4,-517.1,149.0,VISIT_WITH_HINT,prior_only,neighbours,0,90 m west of Masjid. search within ~150 m around the pin
AD001861,AC001442,T3,2909.8,-1845.8,199.0,VISIT_WITH_HINT,prior_only,baseline_street,0,No mapped landmark within 200 m; Palm Meadows. search within ~200 m around the pin
AD001862,AC001443,T1,-3277.6,1267.1,27.0,DIRECT_VISIT,visits_disagree,visits,3,"Masjid hattira, ~150 m east. Agents report: Medical Store hinde. ~30 m olage huduki"
AD001863,AC001444,T2,-1606.1,-2908.7,396.0,VISIT_WITH_HINT,prior_only,landmark,0,"Doodh Dairy ke paas, ~50 m uttar-purab. pin ke aas-paas ~400 m ke andar dhoondo"
AD001864,AC001445,T3,-184.7,-3906.7,29.0,DIRECT_VISIT,visits_disagree,visits,4,130 m south of Ganesh Temple. search within ~30 m
AD001865,AC001445,T3,421.0,1323.3,37.0,DIRECT_VISIT,visits_agree,visits,3,No mapped landmark within 200 m; Royal Gardens. Agents report: opposite Bus Stop. search within ~40 m
AD001866,AC001446,T2,549.2,-3469.6,36.0,DIRECT_VISIT,visit_1,visits,1,No mapped landmark within 200 m; Shivaji Nagar. ~40 m ke andar dhoondo
AD001867,AC001447,T1,2710.8,1416.8,168.0,VISIT_WITH_HINT,visits_disagree,visits,1,No mapped landmark within 200 m; Vidya Nagar. pin suttha ~170 m olage huduki
AD001868,AC001448,T3,-2223.6,-175.0,75.0,DIRECT_VISIT,visits_disagree,visits,5,No mapped landmark within 200 m; Silver Oak Layout. search within ~80 m
AD001869,AC001448,OUT,,,,CANNOT_GEOCODE,out_of_territory,out_of_territory,0,Outside service area - verify address
AD001870,AC001449,T1,1370.7,1655.4,4921.0,VERIFY_FIRST,prior_only,pincode_area,0,No mapped landmark within 200 m. Location uncertain - verify by phone before visiting
AD001871,AC001450,T1,2749.2,-2107.3,396.0,VISIT_WITH_HINT,prior_only,landmark,0,"Park hattira, ~20 m north. pin suttha ~400 m olage huduki"
AD001872,AC001451,T3,-2378.0,-152.6,194.0,VISIT_WITH_HINT,prior_only,neighbours,0,140 m south-east of Govt School. search within ~190 m around the pin
AD001873,AC001451,T3,-782.3,-2178.1,376.0,VISIT_WITH_HINT,visits_disagree,baseline_rooftop,1,No mapped landmark within 200 m; Defence Colony. search within ~380 m around the pin
AD001874,AC001452,T2,-588.1,-515.5,285.0,VISIT_WITH_HINT,prior_only,landmark,0,"Daakghar ke paas, ~30 m uttar-purab. pin ke aas-paas ~280 m ke andar dhoondo"
AD001875,AC001453,T2,2824.7,-1763.0,232.0,VISIT_WITH_HINT,prior_only,baseline_street,0,"Ration ki Dukaan ke paas, ~170 m purab. pin ke aas-paas ~230 m ke andar dhoondo"
AD001876,AC001453,T2,-326.7,1357.6,569.0,VERIFY_FIRST,prior_only,locality,0,No mapped landmark within 200 m; Tilak Nagar. Location uncertain - verify by phone before visiting
AD001877,AC001454,T2,2497.0,-959.0,403.0,VISIT_WITH_HINT,prior_only,locality,0,No mapped landmark within 200 m; Krishna Puri. pin ke aas-paas ~400 m ke andar dhoondo
AD001878,AC001455,T1,-2811.2,984.8,329.0,VISIT_WITH_HINT,prior_only,landmark,0,"Post Office hattira, ~90 m north. pin suttha ~330 m olage huduki"
AD001879,AC001456,T1,560.6,-2855.6,25.0,DIRECT_VISIT,visits_agree,visits,3,"Bus Stop hattira, ~130 m north. ~20 m olage huduki"
AD001880,AC001457,T3,3490.8,125.2,31.0,DIRECT_VISIT,visit_1,visits,1,No mapped landmark within 200 m; Lakeview Phase 2. search within ~30 m
AD001881,AC001458,T1,709.0,19.5,36.0,DIRECT_VISIT,visit_1,visits,1,"Samudaya Bhavana hattira, ~60 m south-west. ~40 m olage huduki"
AD001882,AC001458,T1,710.6,-3012.1,38.0,DIRECT_VISIT,visits_agree,visits,2,"Samudaya Bhavana hattira, ~70 m north-west. ~40 m olage huduki"
AD001883,AC001459,T1,2973.4,-2049.6,140.0,VISIT_WITH_HINT,prior_only,neighbours,0,"Ration Angadi hattira, ~130 m north-west. pin suttha ~140 m olage huduki"
AD001884,AC001460,T3,1050.2,-3604.1,569.0,VERIFY_FIRST,prior_only,locality,0,110 m west of Water Tank. Location uncertain - verify by phone before visiting
AD001885,AC001461,T3,-3872.8,-827.0,396.0,VISIT_WITH_HINT,prior_only,landmark,0,120 m east of Medical Store. search within ~400 m around the pin
AD001886,AC001462,T3,3538.7,-2135.0,31.0,DIRECT_VISIT,visits_agree,visits,4,90 m south-east of Water Tank. Agents report: near Water Tank. search within ~30 m
AD001887,AC001462,OUT,,,,CANNOT_GEOCODE,out_of_territory,out_of_territory,0,Outside service area - verify address
AD001888,AC001463,T1,-549.1,-1337.8,569.0,VERIFY_FIRST,prior_only,locality,0,"Church hattira, ~50 m north. Location uncertain - verify by phone before visiting"
AD001889,AC001464,T1,-2243.6,-2396.8,569.0,VERIFY_FIRST,prior_only,locality,0,"Sarkari Shale hattira, ~60 m west. Location uncertain - verify by phone before visiting"
AD001890,AC001465,T3,1108.9,-484.1,18.0,DIRECT_VISIT,visits_disagree,visits,4,120 m south-east of Masjid. search within ~20 m
AD001891,AC001466,T3,-2958.5,-22.7,53.0,DIRECT_VISIT,visits_disagree,visits,2,50 m west of Water Tank. Agents report: right side of Water Tank. Look for: blue gate. search within ~50 m
AD001892,AC001467,T3,-643.7,-345.5,234.0,VISIT_WITH_HINT,prior_only,landmark,0,170 m south-west of Medical Store. search within ~230 m around the pin
AD001893,AC001467,OUT,,,,CANNOT_GEOCODE,out_of_territory,out_of_territory,0,Outside service area - verify address
AD001894,AC001468,T2,2981.8,495.3,387.0,VISIT_WITH_HINT,prior_only,neighbours,0,No mapped landmark within 200 m; Nehru Colony. pin ke aas-paas ~390 m ke andar dhoondo
AD001895,AC001469,T3,799.7,-3683.8,329.0,VISIT_WITH_HINT,prior_only,landmark,0,100 m south-west of Hanuman Temple. search within ~330 m around the pin
AD001896,AC001470,T3,-2608.2,-114.5,69.0,DIRECT_VISIT,visit_1,visits,1,100 m west of Govt School. search within ~70 m
AD001897,AC001470,T3,-222.4,-3730.8,179.0,VISIT_WITH_HINT,prior_only,landmark,0,100 m north-west of Ganesh Temple. search within ~180 m around the pin
AD001898,AC001471,T2,1763.9,1615.2,2278.0,VERIFY_FIRST,prior_only,pincode_area,0,"Masjid ke paas, ~190 m dakshin-paschim. Location uncertain - verify by phone before visiting"
AD001899,AC001472,T1,3016.5,-2614.8,44.0,DIRECT_VISIT,visit_1,visits,1,No mapped landmark within 200 m; Nehru Colony. Agents report: Haalina Dairy hinde. ~40 m olage huduki
AD001900,AC001473,T1,700.6,-2697.6,11.0,DIRECT_VISIT,visits_agree,visits,7,"Ration Angadi hattira, ~80 m north. Agents report: Sarkari Shale hinde. ~10 m olage huduki"
AD001901,AC001474,T3,-3659.6,-782.7,49.0,DIRECT_VISIT,visits_agree,visits,2,No mapped landmark within 200 m; Green Park Layout. Agents report: right side of Bus Stop. Look for: blue gate. search within ~50 m
AD001902,AC001474,T3,-1059.0,-589.4,283.0,VISIT_WITH_HINT,prior_only,neighbours,0,60 m south-west of Govt School. search within ~280 m around the pin
AD001903,AC001475,T1,2803.8,789.0,396.0,VISIT_WITH_HINT,prior_only,landmark,0,"Ration Angadi hattira, ~50 m north-west. pin suttha ~400 m olage huduki"
AD001904,AC001476,T1,-1061.7,-3125.5,569.0,VERIFY_FIRST,prior_only,locality,0,No mapped landmark within 200 m; Basava Nagar. Location uncertain - verify by phone before visiting
AD001905,AC001477,T2,964.2,-148.2,403.0,VISIT_WITH_HINT,prior_only,locality,0,No mapped landmark within 200 m; Indira Colony. pin ke aas-paas ~400 m ke andar dhoondo
AD001906,AC001478,T3,-2813.6,-595.9,396.0,VISIT_WITH_HINT,prior_only,landmark,0,40 m south-east of Bus Stop. search within ~400 m around the pin
AD001907,AC001479,T2,2806.3,-1655.8,205.0,VISIT_WITH_HINT,prior_only,landmark,0,No mapped landmark within 200 m; Krishna Puri. pin ke aas-paas ~200 m ke andar dhoondo
AD001908,AC001480,T3,-2459.1,-116.5,178.0,VISIT_WITH_HINT,prior_only,landmark,0,50 m south-east of Govt School. search within ~180 m around the pin
AD001909,AC001481,T1,-2026.8,1359.9,2278.0,VERIFY_FIRST,prior_only,pincode_area,0,No mapped landmark within 200 m. Location uncertain - verify by phone before visiting
AD001910,AC001481,T1,-595.9,-1233.0,569.0,VERIFY_FIRST,prior_only,locality,0,"Church hattira, ~160 m north. Location uncertain - verify by phone before visiting"
AD001911,AC001482,T2,1083.5,-367.1,396.0,VISIT_WITH_HINT,prior_only,landmark,0,"Park ke paas, ~40 m dakshin-purab. pin ke aas-paas ~400 m ke andar dhoondo"
AD001912,AC001483,T2,2997.3,640.8,569.0,VERIFY_FIRST,prior_only,locality,0,No mapped landmark within 200 m; Nehru Colony. Location uncertain - verify by phone before visiting
AD001913,AC001483,T2,-1499.3,-2780.0,215.0,VISIT_WITH_HINT,prior_only,landmark,0,"Hanuman Mandir ke paas, ~40 m uttar-purab. pin ke aas-paas ~220 m ke andar dhoondo"
AD001914,AC001484,T2,868.1,985.6,27.0,DIRECT_VISIT,visits_agree,visits,2,No mapped landmark within 200 m; Tilak Nagar. ~30 m ke andar dhoondo
AD001915,AC001484,OUT,,,,CANNOT_GEOCODE,out_of_territory,out_of_territory,0,Outside service area - verify address
AD001916,AC001485,T2,-423.8,-224.2,329.0,VISIT_WITH_HINT,prior_only,landmark,0,"Doodh Dairy ke paas, ~150 m paschim. pin ke aas-paas ~330 m ke andar dhoondo"
AD001917,AC001485,T2,1092.6,-112.6,285.0,VISIT_WITH_HINT,prior_only,landmark,0,"Bus Stop ke paas, ~150 m uttar-paschim. pin ke aas-paas ~280 m ke andar dhoondo"
AD001918,AC001486,T2,-363.9,3096.3,329.0,VISIT_WITH_HINT,prior_only,landmark,0,No mapped landmark within 200 m; Ambedkar Nagar. pin ke aas-paas ~330 m ke andar dhoondo
AD001919,AC001487,T3,-224.1,-3368.2,283.0,VISIT_WITH_HINT,prior_only,neighbours,0,No mapped landmark within 200 m; Orchid Enclave. search within ~280 m around the pin
AD001920,AC001488,T3,3592.0,624.9,37.0,DIRECT_VISIT,visits_disagree,visits,2,70 m north of Ration Shop. Agents report: behind Ration Shop. search within ~40 m
AD001921,AC001489,T3,1049.9,-478.2,175.0,VISIT_WITH_HINT,prior_only,neighbours,0,80 m south-east of Masjid. search within ~180 m around the pin
AD001922,AC001490,T3,-827.8,-3726.7,67.0,DIRECT_VISIT,visit_1,visits,1,No mapped landmark within 200 m; Orchid Enclave. search within ~70 m
AD001923,AC001491,T2,939.9,2926.1,42.0,DIRECT_VISIT,visits_disagree,visits,2,"Petrol Pump ke paas, ~180 m dakshin. ~40 m ke andar dhoondo"
AD001924,AC001491,T2,1235.7,1202.8,329.0,VISIT_WITH_HINT,prior_only,landmark,0,"Bus Stop ke paas, ~180 m uttar-paschim. pin ke aas-paas ~330 m ke andar dhoondo"
AD001925,AC001492,T3,-676.3,-3721.8,161.0,VISIT_WITH_HINT,prior_only,neighbours,0,No mapped landmark within 200 m; Orchid Enclave. search within ~160 m around the pin
AD001926,AC001492,T3,644.8,1385.3,333.0,VISIT_WITH_HINT,prior_only,neighbours,0,No mapped landmark within 200 m; Royal Gardens. search within ~330 m around the pin
AD001927,AC001493,T2,1063.0,2409.3,25.0,DIRECT_VISIT,visits_agree,visits,5,"Ration ki Dukaan ke paas, ~180 m dakshin-purab. ~20 m ke andar dhoondo"
AD001928,AC001493,T2,839.5,2723.9,196.0,VISIT_WITH_HINT,prior_only,landmark,0,"Sarkari School ke paas, ~150 m uttar-paschim. pin ke aas-paas ~200 m ke andar dhoondo"
AD001929,AC001494,T2,3091.4,236.2,41.0,DIRECT_VISIT,visit_1,visits,1,"Samudayik Bhavan ke paas, ~140 m purab. ~40 m ke andar dhoondo"
AD001930,AC001495,T1,2718.2,-2486.0,255.0,VISIT_WITH_HINT,prior_only,baseline_street,0,No mapped landmark within 200 m; Nehru Colony. pin suttha ~260 m olage huduki
AD001931,AC001496,T2,-1056.1,-1456.1,2278.0,VERIFY_FIRST,prior_only,pincode_area,0,No mapped landmark within 200 m. Location uncertain - verify by phone before visiting
AD001932,AC001497,T3,-461.1,-3363.4,149.0,VISIT_WITH_HINT,prior_only,neighbours,0,140 m south-east of Park. search within ~150 m around the pin
AD001933,AC001498,T3,3534.0,-2229.2,39.0,DIRECT_VISIT,visit_1,visits,1,70 m north of Park. Agents report: opposite Park. search within ~40 m
AD001934,AC001498,T3,-3020.8,-690.5,39.0,DIRECT_VISIT,visits_agree,visits,2,No mapped landmark within 200 m; Silver Oak Layout. search within ~40 m
AD001935,AC001499,T1,-3064.5,939.8,329.0,VISIT_WITH_HINT,prior_only,landmark,0,"Ganapathi Gudi hattira, ~150 m north-east. pin suttha ~330 m olage huduki"
AD001936,AC001499,OUT,,,,CANNOT_GEOCODE,out_of_territory,out_of_territory,0,Outside service area - verify address
AD001937,AC001500,T2,748.5,3086.7,14.0,DIRECT_VISIT,visits_agree,visits,8,"Petrol Pump ke paas, ~150 m paschim. ~10 m ke andar dhoondo"
AD001938,AC001501,T2,-780.3,-603.7,403.0,VISIT_WITH_HINT,prior_only,locality,0,"Paani ki Tanki ke paas, ~170 m dakshin-paschim. pin ke aas-paas ~400 m ke andar dhoondo"
AD001939,AC001502,T3,-3752.2,-908.5,569.0,VERIFY_FIRST,prior_only,locality,0,No mapped landmark within 200 m; Green Park Layout. Location uncertain - verify by phone before visiting
AD001940,AC001503,T1,2417.7,1099.0,569.0,VERIFY_FIRST,prior_only,locality,0,No mapped landmark within 200 m; Vidya Nagar. Location uncertain - verify by phone before visiting
AD001941,AC001503,T1,124.1,2120.1,329.0,VISIT_WITH_HINT,prior_only,landmark,0,"Haalina Dairy hattira, ~160 m north. pin suttha ~330 m olage huduki"
AD001942,AC001504,T2,-410.4,-366.3,329.0,VISIT_WITH_HINT,prior_only,landmark,0,"Doodh Dairy ke paas, ~160 m dakshin-paschim. pin ke aas-paas ~330 m ke andar dhoondo"
AD001943,AC001505,T3,3133.2,-1913.1,283.0,VISIT_WITH_HINT,prior_only,neighbours,0,No mapped landmark within 200 m; Palm Meadows. search within ~280 m around the pin
AD001944,AC001506,T2,2489.0,-710.5,38.0,DIRECT_VISIT,visits_agree,visits,4,No mapped landmark within 200 m; Krishna Puri. ~40 m ke andar dhoondo
AD001945,AC001507,T1,-3016.4,713.2,18.0,DIRECT_VISIT,visits_disagree,visits,4,"Ganapathi Gudi hattira, ~180 m south-east. ~20 m olage huduki"
AD001946,AC001508,T3,-662.9,-733.6,243.0,VISIT_WITH_HINT,prior_only,landmark,0,130 m east of Milk Dairy. search within ~240 m around the pin
AD001947,AC001509,T3,-458.1,-3786.3,46.0,DIRECT_VISIT,visit_1,visits,1,200 m south of Masjid. search within ~50 m
AD001948,AC001510,T2,-607.9,-602.6,378.0,VISIT_WITH_HINT,prior_only,neighbours,0,"Daakghar ke paas, ~60 m dakshin. pin ke aas-paas ~380 m ke andar dhoondo"
AD001949,AC001511,T1,2695.7,-2105.8,569.0,VERIFY_FIRST,prior_only,locality,0,"Park hattira, ~50 m north-west. Location uncertain - verify by phone before visiting"
AD001950,AC001512,T2,1304.7,-2025.3,329.0,VISIT_WITH_HINT,prior_only,landmark,0,"Doodh Dairy ke paas, ~40 m uttar-purab. pin ke aas-paas ~330 m ke andar dhoondo"
AD001951,AC001513,T2,-258.7,1492.1,569.0,VERIFY_FIRST,prior_only,locality,0,No mapped landmark within 200 m; Tilak Nagar. Location uncertain - verify by phone before visiting
AD001952,AC001514,T2,958.5,2633.9,42.0,DIRECT_VISIT,visit_1,visits,1,"Sarkari School ke paas, ~70 m uttar-purab. ~40 m ke andar dhoondo"
AD001953,AC001515,T2,-366.0,-61.3,232.0,VISIT_WITH_HINT,prior_only,baseline_street,0,"Hanuman Mandir ke paas, ~30 m uttar-paschim. pin ke aas-paas ~230 m ke andar dhoondo"
AD001954,AC001516,T2,1118.5,-1883.1,17.0,DIRECT_VISIT,visits_disagree,visits,6,"Ration ki Dukaan ke paas, ~80 m purab. Agents report: Ration ki Dukaan ke saamne. ~20 m ke andar dhoondo"
AD001955,AC001516,T2,3090.4,664.4,403.0,VISIT_WITH_HINT,prior_only,locality,0,No mapped landmark within 200 m; Nehru Colony. pin ke aas-paas ~400 m ke andar dhoondo
AD001956,AC001517,T3,654.5,-3841.2,255.0,VISIT_WITH_HINT,prior_only,baseline_street,0,120 m west of Petrol Bunk. search within ~260 m around the pin
AD001957,AC001518,T3,1072.1,-1033.1,276.0,VISIT_WITH_HINT,prior_only,neighbours,0,No mapped landmark within 200 m; Teachers Colony. search within ~280 m around the pin
AD001958,AC001519,T3,3637.4,557.2,227.0,VISIT_WITH_HINT,prior_only,neighbours,0,20 m east of Ration Shop. search within ~230 m around the pin
AD001959,AC001520,T1,2059.6,-1313.6,215.0,VISIT_WITH_HINT,prior_only,landmark,0,"Anjaneya Gudi hattira, ~110 m south-east. pin suttha ~220 m olage huduki"
AD001960,AC001521,T1,2597.2,-2072.2,48.0,DIRECT_VISIT,visit_1,visits,1,"Park hattira, ~150 m west. ~50 m olage huduki"
AD001961,AC001522,T1,-2624.1,1521.0,140.0,VISIT_WITH_HINT,prior_only,neighbours,0,No mapped landmark within 200 m; Vinayaka Nagar. pin suttha ~140 m olage huduki
AD001962,AC001523,T2,1397.2,-1971.0,21.0,DIRECT_VISIT,visits_agree,visits,4,"Girja Ghar ke paas, ~50 m paschim. ~20 m ke andar dhoondo"
AD001963,AC001524,T2,-318.3,-732.7,40.0,DIRECT_VISIT,visits_disagree,visits,4,No mapped landmark within 200 m; Shastri Nagar. ~40 m ke andar dhoondo
AD001964,AC001525,T3,3164.3,-1843.3,231.0,VISIT_WITH_HINT,prior_only,neighbours,0,160 m south of Post Office. search within ~230 m around the pin
AD001965,AC001526,T2,1135.7,1388.3,329.0,VISIT_WITH_HINT,prior_only,landmark,0,"Dawai ki Dukaan ke paas, ~130 m dakshin-paschim. pin ke aas-paas ~330 m ke andar dhoondo"
AD001966,AC001526,T2,2446.6,-1299.7,329.0,VISIT_WITH_HINT,prior_only,landmark,0,"Hanuman Mandir ke paas, ~40 m uttar-paschim. pin ke aas-paas ~330 m ke andar dhoondo"
AD001967,AC001527,T1,-1827.7,2442.8,569.0,VERIFY_FIRST,prior_only,locality,0,"Sarkari Shale hattira, ~160 m north. Location uncertain - verify by phone before visiting"
AD001968,AC001528,T2,2866.4,719.9,329.0,VISIT_WITH_HINT,prior_only,landmark,0,"Paani ki Tanki ke paas, ~60 m dakshin. pin ke aas-paas ~330 m ke andar dhoondo"
AD001969,AC001529,T2,-1282.8,-3078.7,39.0,DIRECT_VISIT,visit_1,visits,1,"Bus Stop ke paas, ~150 m purab. ~40 m ke andar dhoondo"
AD001970,AC001530,T1,-3046.0,934.8,329.0,VISIT_WITH_HINT,prior_only,landmark,0,"Ganapathi Gudi hattira, ~160 m north-east. pin suttha ~330 m olage huduki"
AD001971,AC001531,T2,2813.6,-1270.3,40.0,DIRECT_VISIT,visits_disagree,visits,2,No mapped landmark within 200 m; Krishna Puri. Agents report: Ganesh Mandir ke right side. Look for: blue gate. ~40 m ke andar dhoondo
AD001972,AC001532,T1,698.4,-2847.2,17.0,DIRECT_VISIT,visits_agree,visits,6,"Ration Angadi hattira, ~70 m south. ~20 m olage huduki"
AD001973,AC001533,T1,883.0,-405.4,18.0,DIRECT_VISIT,visits_disagree,visits,6,No mapped landmark within 200 m. Agents report: Church hinde. ~20 m olage huduki
AD001974,AC001534,T2,925.4,1321.5,198.0,VISIT_WITH_HINT,prior_only,landmark,0,"Sarkari School ke paas, ~80 m dakshin-paschim. pin ke aas-paas ~200 m ke andar dhoondo"
AD001975,AC001534,OUT,,,,CANNOT_GEOCODE,out_of_territory,out_of_territory,0,Outside service area - verify address
AD001976,AC001535,T3,3364.0,-1776.0,63.0,DIRECT_VISIT,visit_1,visits,1,150 m south-west of Ganesh Temple. search within ~60 m
AD001977,AC001536,T3,3713.7,474.0,37.0,DIRECT_VISIT,visits_agree,visits,2,100 m north-west of Bus Stop. search within ~40 m
AD001978,AC001537,T1,3061.4,-2536.7,16.0,DIRECT_VISIT,visits_agree,visits,2,No mapped landmark within 200 m; Nehru Colony. ~20 m olage huduki
AD001979,AC001537,OUT,,,,CANNOT_GEOCODE,out_of_territory,out_of_territory,0,Outside service area - verify address
AD001980,AC001538,T2,648.6,-2758.0,329.0,VISIT_WITH_HINT,prior_only,landmark,0,"Doodh Dairy ke paas, ~90 m uttar-purab. pin ke aas-paas ~330 m ke andar dhoondo"
AD001981,AC001538,OUT,,,,CANNOT_GEOCODE,out_of_territory,out_of_territory,0,Outside service area - verify address
AD001982,AC001539,T3,-2514.4,-488.4,22.0,DIRECT_VISIT,visits_agree,visits,5,60 m north-west of Masjid. search within ~20 m
AD001983,AC001540,T3,3705.8,403.8,569.0,VERIFY_FIRST,prior_only,locality,0,80 m west of Bus Stop. Location uncertain - verify by phone before visiting
AD001984,AC001540,T3,-983.7,-1916.8,329.0,VISIT_WITH_HINT,prior_only,landmark,0,50 m west of Water Tank. search within ~330 m around the pin
AD001985,AC001541,T3,-123.3,-3352.4,175.0,VISIT_WITH_HINT,prior_only,neighbours,0,No mapped landmark within 200 m; Orchid Enclave. search within ~180 m around the pin
AD001986,AC001541,T3,3005.7,-2308.7,396.0,VISIT_WITH_HINT,prior_only,landmark,0,50 m west of Milk Dairy. search within ~400 m around the pin
AD001987,AC001542,T2,1350.9,-2488.8,396.0,VISIT_WITH_HINT,prior_only,landmark,0,"Masjid ke paas, ~30 m uttar. pin ke aas-paas ~400 m ke andar dhoondo"
AD001988,AC001543,T3,-2078.1,1735.5,161.0,VISIT_WITH_HINT,prior_only,neighbours,0,120 m north of Ganesh Temple. search within ~160 m around the pin
AD001989,AC001543,T3,3117.1,-2274.0,276.0,VISIT_WITH_HINT,prior_only,neighbours,0,80 m north-east of Milk Dairy. search within ~280 m around the pin
AD001990,AC001544,T3,-2911.8,1541.5,71.0,DIRECT_VISIT,visit_1,visits,1,90 m south-west of Milk Dairy. search within ~70 m
AD001991,AC001545,T1,349.5,-3263.5,18.0,DIRECT_VISIT,visits_agree,visits,5,"Neerina Tank hattira, ~190 m south. Agents report: Church hattira. ~20 m olage huduki"
AD001992,AC001546,T1,2950.1,-2155.3,329.0,VISIT_WITH_HINT,prior_only,landmark,0,"Ration Angadi hattira, ~100 m west. pin suttha ~330 m olage huduki"
AD001993,AC001546,T1,1209.5,-3329.9,49.0,DIRECT_VISIT,visit_1,visits,1,No mapped landmark within 200 m; Gandhi Nagar. Agents report: Ganapathi Gudi eduru. ~50 m olage huduki
AD001994,AC001547,T3,3144.8,-2437.8,161.0,VISIT_WITH_HINT,prior_only,neighbours,0,150 m south-east of Milk Dairy. search within ~160 m around the pin
AD001995,AC001548,T3,1016.0,-691.2,219.0,VISIT_WITH_HINT,visits_disagree,visits,1,No mapped landmark within 200 m; Teachers Colony. search within ~220 m around the pin
AD001996,AC001549,T2,1639.8,-1769.1,25.0,DIRECT_VISIT,visits_disagree,visits,3,No mapped landmark within 200 m. Agents report: Ganesh Mandir ke paas. ~20 m ke andar dhoondo
AD001997,AC001549,OUT,,,,CANNOT_GEOCODE,out_of_territory,out_of_territory,0,Outside service area - verify address
AD001998,AC001550,T2,2744.9,1631.8,128.0,VISIT_WITH_HINT,prior_only,baseline_rooftop,0,"Park ke paas, ~200 m uttar. pin ke aas-paas ~130 m ke andar dhoondo"
AD001999,AC001551,T1,-2778.3,903.3,396.0,VISIT_WITH_HINT,prior_only,landmark,0,"Post Office hattira, ~20 m north-east. pin suttha ~400 m olage huduki"
AD002000,AC001552,T3,-2779.1,-449.5,329.0,VISIT_WITH_HINT,prior_only,landmark,0,100 m south of Petrol Bunk. search within ~330 m around the pin
AD002001,AC001552,T3,-1140.1,-1868.2,569.0,VERIFY_FIRST,prior_only,locality,0,120 m north of Ganesh Temple. Location uncertain - verify by phone before visiting
AD002002,AC001553,T2,740.1,-3195.1,296.0,VISIT_WITH_HINT,prior_only,landmark,0,"Bus Stop ke paas, ~130 m uttar. pin ke aas-paas ~300 m ke andar dhoondo"
AD002003,AC001554,T2,-1550.7,-2475.6,198.0,VISIT_WITH_HINT,prior_only,landmark,0,No mapped landmark within 200 m; Subhash Nagar. pin ke aas-paas ~200 m ke andar dhoondo
AD002004,AC001554,T2,3098.9,246.7,201.0,VISIT_WITH_HINT,prior_only,landmark,0,"Samudayik Bhavan ke paas, ~140 m purab. pin ke aas-paas ~200 m ke andar dhoondo"
AD002005,AC001555,T2,-92.0,3132.0,56.0,DIRECT_VISIT,visit_1,visits,1,"Ration ki Dukaan ke paas, ~110 m dakshin-purab. ~60 m ke andar dhoondo"
AD002006,AC001555,OUT,,,,CANNOT_GEOCODE,out_of_territory,out_of_territory,0,Outside service area - verify address
AD002007,AC001556,T2,1174.8,-2104.7,31.0,DIRECT_VISIT,visits_agree,visits,5,"Sarkari School ke paas, ~60 m dakshin. ~30 m ke andar dhoondo"
AD002008,AC001557,T3,407.5,1409.9,333.0,VISIT_WITH_HINT,prior_only,neighbours,0,140 m south of Bus Stop. search within ~330 m around the pin
AD002009,AC001558,T3,-1173.5,-704.5,48.0,DIRECT_VISIT,visits_agree,visits,2,No mapped landmark within 200 m; HMT Colony. search within ~50 m
AD002010,AC001558,OUT,,,,CANNOT_GEOCODE,out_of_territory,out_of_territory,0,Outside service area - verify address
AD002011,AC001559,T1,-581.1,-1414.5,396.0,VISIT_WITH_HINT,prior_only,landmark,0,"Church hattira, ~30 m south-west. pin suttha ~400 m olage huduki"
AD002012,AC001559,OUT,,,,CANNOT_GEOCODE,out_of_territory,out_of_territory,0,Outside service area - verify address
AD002013,AC001560,T1,2487.5,934.1,569.0,VERIFY_FIRST,prior_only,locality,0,"Masjid hattira, ~140 m west. Location uncertain - verify by phone before visiting"
AD002014,AC001560,T1,-2473.1,-2232.1,215.0,VISIT_WITH_HINT,prior_only,landmark,0,"Neerina Tank hattira, ~150 m north-west. pin suttha ~220 m olage huduki"
AD002015,AC001561,T1,-1406.0,-2713.0,40.0,DIRECT_VISIT,visit_1,visits,1,No mapped landmark within 200 m; Basava Nagar. ~40 m olage huduki
AD002016,AC001562,T1,2770.3,-2319.5,15.0,DIRECT_VISIT,visits_agree,visits,4,"Anjaneya Gudi hattira, ~100 m west. Agents report: Anjaneya Gudi hinde. ~20 m olage huduki"
AD002017,AC001562,OUT,,,,CANNOT_GEOCODE,out_of_territory,out_of_territory,0,Outside service area - verify address
AD002018,AC001563,T2,950.9,1379.8,329.0,VISIT_WITH_HINT,prior_only,landmark,0,"Sarkari School ke paas, ~20 m dakshin-paschim. pin ke aas-paas ~330 m ke andar dhoondo"
AD002019,AC001564,T2,1144.7,-1961.5,19.0,DIRECT_VISIT,visit_1,visits,1,"Sarkari School ke paas, ~90 m uttar-paschim. ~20 m ke andar dhoondo"
AD002020,AC001564,OUT,,,,CANNOT_GEOCODE,out_of_territory,out_of_territory,0,Outside service area - verify address
AD002021,AC001565,T1,3148.6,-2466.4,43.0,DIRECT_VISIT,visit_1,visits,1,No mapped landmark within 200 m; Nehru Colony. ~40 m olage huduki
AD002022,AC001566,T3,-703.0,-699.9,243.0,VISIT_WITH_HINT,prior_only,landmark,0,90 m east of Milk Dairy. search within ~240 m around the pin
AD002023,AC001567,T3,-2775.4,1750.1,27.0,DIRECT_VISIT,visits_agree,visits,5,160 m north-east of Milk Dairy. search within ~30 m
AD002024,AC001568,T1,1807.6,-986.7,569.0,VERIFY_FIRST,prior_only,locality,0,No mapped landmark within 200 m; Siddeshwara Colony. Location uncertain - verify by phone before visiting
AD002025,AC001569,T3,-2306.2,1213.0,194.0,VISIT_WITH_HINT,prior_only,neighbours,0,No mapped landmark within 200 m; Railway Colony. search within ~190 m around the pin
AD002026,AC001570,T2,-1678.6,-2736.8,569.0,VERIFY_FIRST,prior_only,locality,0,"Hanuman Mandir ke paas, ~170 m uttar-paschim. Location uncertain - verify by phone before visiting"
AD002027,AC001571,T2,-379.4,-627.7,18.0,DIRECT_VISIT,visits_agree,visits,8,No mapped landmark within 200 m; Shastri Nagar. Agents report: Girja Ghar ke peeche. ~20 m ke andar dhoondo
AD002028,AC001572,T2,-485.3,1471.4,329.0,VISIT_WITH_HINT,prior_only,landmark,0,"Petrol Pump ke paas, ~160 m purab. pin ke aas-paas ~330 m ke andar dhoondo"
AD002029,AC001573,T1,2698.0,1455.3,28.0,DIRECT_VISIT,visits_agree,visits,2,No mapped landmark within 200 m; Vidya Nagar. ~30 m olage huduki
AD002030,AC001574,T2,2327.8,1803.1,569.0,VERIFY_FIRST,prior_only,locality,0,"Girja Ghar ke paas, ~70 m uttar-paschim. Location uncertain - verify by phone before visiting"
AD002031,AC001575,T3,3914.1,726.9,149.0,VISIT_WITH_HINT,prior_only,neighbours,0,No mapped landmark within 200 m; Lakeview Phase 2. search within ~150 m around the pin
AD002032,AC001575,OUT,,,,CANNOT_GEOCODE,out_of_territory,out_of_territory,0,Outside service area - verify address
AD002033,AC001576,T3,-2897.4,-529.4,42.0,DIRECT_VISIT,visit_1,visits,1,60 m north-west of Bus Stop. search within ~40 m
AD002034,AC001577,T2,2324.5,-1041.8,25.0,DIRECT_VISIT,visits_disagree,visits,2,"Daakghar ke paas, ~190 m uttar-paschim. Agents report: Daakghar ke right side. Look for: blue gate. ~20 m ke andar dhoondo"
AD002035,AC001578,T3,-1079.1,-598.2,283.0,VISIT_WITH_HINT,prior_only,neighbours,0,80 m south-west of Govt School. search within ~280 m around the pin
AD002036,AC001579,T3,-1199.1,-2151.0,329.0,VISIT_WITH_HINT,prior_only,landmark,0,120 m north-west of Milk Dairy. search within ~330 m around the pin
AD002037,AC001580,T3,915.7,-3813.6,329.0,VISIT_WITH_HINT,prior_only,landmark,0,140 m east of Petrol Bunk. search within ~330 m around the pin
AD002038,AC001581,T1,3038.9,-2449.2,38.0,DIRECT_VISIT,visits_agree,visits,3,"Anjaneya Gudi hattira, ~200 m south-east. Agents report: Haalina Dairy eduru. ~40 m olage huduki"
AD002039,AC001582,T1,2765.0,-2481.4,48.0,DIRECT_VISIT,visit_1,visits,1,"Anjaneya Gudi hattira, ~170 m south-west. ~50 m olage huduki"
AD002040,AC001583,T3,-3588.9,-484.4,304.0,VISIT_WITH_HINT,prior_only,neighbours,0,No mapped landmark within 200 m; Green Park Layout. search within ~300 m around the pin
AD002041,AC001583,OUT,,,,CANNOT_GEOCODE,out_of_territory,out_of_territory,0,Outside service area - verify address
AD002042,AC001584,T3,-2434.0,-583.3,194.0,VISIT_WITH_HINT,prior_only,neighbours,0,60 m south-east of Masjid. search within ~190 m around the pin
AD002043,AC001585,T2,2905.0,93.0,43.0,DIRECT_VISIT,visits_agree,visits,2,"Samudayik Bhavan ke paas, ~130 m dakshin-paschim. ~40 m ke andar dhoondo"
AD002044,AC001586,T3,3230.6,-2187.0,26.0,DIRECT_VISIT,visits_agree,visits,4,No mapped landmark within 200 m; Palm Meadows. search within ~30 m
AD002045,AC001587,T2,-942.9,-678.5,22.0,DIRECT_VISIT,visits_disagree,visits,4,No mapped landmark within 200 m; Shastri Nagar. Agents report: Masjid ke paas. ~20 m ke andar dhoondo
AD002046,AC001588,T1,-1008.3,-3546.4,48.0,DIRECT_VISIT,visits_agree,visits,2,"Sarkari Shale hattira, ~180 m south-east. ~50 m olage huduki"
AD002047,AC001589,T3,-2830.0,-126.0,329.0,VISIT_WITH_HINT,prior_only,landmark,0,120 m south-east of Water Tank. search within ~330 m around the pin
AD002048,AC001590,T3,1341.4,-804.8,194.0,VISIT_WITH_HINT,prior_only,neighbours,0,80 m north of Medical Store. search within ~190 m around the pin
AD002049,AC001590,T3,4056.9,89.1,72.0,DIRECT_VISIT,visit_1,visits,1,No mapped landmark within 200 m; Lakeview Phase 2. search within ~70 m
AD002050,AC001591,T2,-755.8,2991.0,296.0,VISIT_WITH_HINT,prior_only,landmark,0,"Doodh Dairy ke paas, ~160 m dakshin-purab. pin ke aas-paas ~300 m ke andar dhoondo"
AD002051,AC001592,T3,-283.5,-3815.0,52.0,DIRECT_VISIT,visit_1,visits,1,150 m west of Ganesh Temple. search within ~50 m
AD002052,AC001593,T2,-462.0,1477.2,329.0,VISIT_WITH_HINT,prior_only,landmark,0,"Petrol Pump ke paas, ~180 m purab. pin ke aas-paas ~330 m ke andar dhoondo"
AD002053,AC001593,T2,-322.0,1483.7,437.0,VISIT_WITH_HINT,prior_only,locality,0,No mapped landmark within 200 m; Tilak Nagar. pin ke aas-paas ~440 m ke andar dhoondo
AD002054,AC001594,T2,1071.9,-17.9,403.0,VISIT_WITH_HINT,prior_only,locality,0,No mapped landmark within 200 m; Indira Colony. pin ke aas-paas ~400 m ke andar dhoondo
AD002055,AC001594,T2,2796.9,490.9,285.0,VISIT_WITH_HINT,prior_only,landmark,0,"Bus Stop ke paas, ~130 m purab. pin ke aas-paas ~280 m ke andar dhoondo"
AD002056,AC001595,T2,3144.9,631.9,403.0,VISIT_WITH_HINT,prior_only,locality,0,No mapped landmark within 200 m; Nehru Colony. pin ke aas-paas ~400 m ke andar dhoondo
AD002057,AC001596,T2,1037.5,2930.0,201.0,VISIT_WITH_HINT,visits_disagree,visits,2,No mapped landmark within 200 m. Agents report: Ganesh Mandir ke saamne. pin ke aas-paas ~200 m ke andar dhoondo
AD002058,AC001596,OUT,,,,CANNOT_GEOCODE,out_of_territory,out_of_territory,0,Outside service area - verify address
AD002059,AC001597,T2,1215.5,-2024.6,18.0,DIRECT_VISIT,visits_disagree,visits,8,"Sarkari School ke paas, ~40 m uttar-purab. Agents report: Sarkari School ke right side. Look for: blue gate. ~20 m ke andar dhoondo"
AD002060,AC001598,T1,760.4,-353.0,24.0,DIRECT_VISIT,visits_agree,visits,4,No mapped landmark within 200 m; Kuvempu Layout. Agents report: Ganapathi Gudi eduru. ~20 m olage huduki
AD002061,AC001599,T1,784.3,-2995.5,20.0,DIRECT_VISIT,visits_disagree,visits,6,"Samudaya Bhavana hattira, ~90 m north-east. ~20 m olage huduki"
AD002062,AC001600,T1,904.3,-90.6,25.0,DIRECT_VISIT,visits_agree,visits,2,"Ganapathi Gudi hattira, ~20 m north-west. Agents report: Ganapathi Gudi eduru. ~20 m olage huduki"
AD002063,AC001601,T2,1085.8,-276.5,279.0,VISIT_WITH_HINT,prior_only,landmark,0,"Park ke paas, ~60 m uttar. pin ke aas-paas ~280 m ke andar dhoondo"
AD002064,AC001602,T2,231.4,-3244.1,25.0,DIRECT_VISIT,visits_agree,visits,2,"Ganesh Mandir ke paas, ~190 m dakshin-paschim. ~20 m ke andar dhoondo"
AD002065,AC001603,T2,2821.7,868.6,205.0,VISIT_WITH_HINT,prior_only,landmark,0,"Paani ki Tanki ke paas, ~100 m uttar. pin ke aas-paas ~200 m ke andar dhoondo"
AD002066,AC001604,T2,1418.4,-2283.0,20.0,DIRECT_VISIT,visits_agree,visits,3,No mapped landmark within 200 m; Patel Nagar. ~20 m ke andar dhoondo
AD002067,AC001605,T1,1038.9,-371.8,26.0,DIRECT_VISIT,visits_disagree,visits,4,"Anjaneya Gudi hattira, ~70 m north-west. ~30 m olage huduki"
AD002068,AC001606,T3,-2059.0,1513.5,23.0,DIRECT_VISIT,visits_agree,visits,5,120 m south-east of Ganesh Temple. search within ~20 m
AD002069,AC001607,T3,3835.3,533.3,44.0,DIRECT_VISIT,visits_agree,visits,4,130 m north of Bus Stop. search within ~40 m
AD002070,AC001607,T3,-278.3,-3847.5,78.0,DIRECT_VISIT,visit_1,visits,1,160 m south-west of Ganesh Temple. search within ~80 m
AD002071,AC001608,T3,3674.7,-2266.1,123.0,VISIT_WITH_HINT,prior_only,baseline_rooftop,0,130 m east of Park. search within ~120 m around the pin
AD002072,AC001608,T3,-607.8,-3392.5,237.0,VISIT_WITH_HINT,prior_only,landmark,0,40 m south-east of Hanuman Temple. search within ~240 m around the pin
AD002073,AC001609,T1,-2319.2,-2352.5,255.0,VISIT_WITH_HINT,prior_only,baseline_street,0,"Neerina Tank hattira, ~50 m south-east. pin suttha ~260 m olage huduki"
AD002074,AC001610,T2,1759.2,-1654.0,26.0,DIRECT_VISIT,visits_agree,visits,6,No mapped landmark within 200 m; Patel Nagar. ~30 m ke andar dhoondo
AD002075,AC001611,T2,1600.0,-2188.8,361.0,VISIT_WITH_HINT,prior_only,neighbours,0,"Dawai ki Dukaan ke paas, ~200 m uttar-paschim. pin ke aas-paas ~360 m ke andar dhoondo"
AD002076,AC001611,OUT,,,,CANNOT_GEOCODE,out_of_territory,out_of_territory,0,Outside service area - verify address
AD002077,AC001612,T3,945.1,-3467.7,396.0,VISIT_WITH_HINT,prior_only,landmark,0,50 m north-east of Church. search within ~400 m around the pin
AD002078,AC001612,T3,967.1,-1052.1,228.0,VISIT_WITH_HINT,prior_only,neighbours,0,No mapped landmark within 200 m; Teachers Colony. search within ~230 m around the pin
AD002079,AC001613,T1,-2066.6,-2057.3,133.0,VISIT_WITH_HINT,prior_only,neighbours,0,"Bus Stop hattira, ~130 m north. pin suttha ~130 m olage huduki"
AD002080,AC001613,T1,592.2,-2932.8,140.0,VISIT_WITH_HINT,prior_only,neighbours,0,"Bus Stop hattira, ~70 m north-east. pin suttha ~140 m olage huduki"
AD002081,AC001614,T3,914.7,-1261.8,35.0,DIRECT_VISIT,visit_1,visits,1,No mapped landmark within 200 m; Teachers Colony. search within ~40 m
AD002082,AC001614,T3,3033.8,-2411.3,161.0,VISIT_WITH_HINT,prior_only,neighbours,0,100 m south of Milk Dairy. search within ~160 m around the pin
AD002083,AC001615,T3,-425.9,-3924.6,44.0,DIRECT_VISIT,visits_agree,visits,3,No mapped landmark within 200 m; Orchid Enclave. search within ~40 m
AD002084,AC001615,OUT,,,,CANNOT_GEOCODE,out_of_territory,out_of_territory,0,Outside service area - verify address
AD002085,AC001616,T3,3451.7,582.3,60.0,DIRECT_VISIT,visit_1,visits,1,70 m north-west of Milk Dairy. search within ~60 m
AD002086,AC001616,T3,3183.9,-1678.5,396.0,VISIT_WITH_HINT,prior_only,landmark,0,20 m west of Post Office. search within ~400 m around the pin
AD002087,AC001617,T3,-561.2,-3328.8,329.0,VISIT_WITH_HINT,prior_only,landmark,0,60 m south of Park. search within ~330 m around the pin
AD002088,AC001618,T1,2939.4,-2179.0,329.0,VISIT_WITH_HINT,prior_only,landmark,0,"Ration Angadi hattira, ~110 m west. pin suttha ~330 m olage huduki"
AD002089,AC001619,T2,1026.8,244.4,35.0,DIRECT_VISIT,visits_agree,visits,3,"Daakghar ke paas, ~110 m dakshin-purab. ~40 m ke andar dhoondo"
AD002090,AC001620,T1,1210.5,-3079.6,57.0,DIRECT_VISIT,visits_disagree,visits,1,No mapped landmark within 200 m; Gandhi Nagar. Agents report: Ganapathi Gudi eduru. ~60 m olage huduki
AD002091,AC001621,T2,1771.0,-2199.0,25.0,DIRECT_VISIT,visits_agree,visits,4,"Dawai ki Dukaan ke paas, ~150 m uttar. ~20 m ke andar dhoondo"
AD002092,AC001622,T3,3733.9,436.4,569.0,VERIFY_FIRST,prior_only,locality,0,60 m north-west of Bus Stop. Location uncertain - verify by phone before visiting
AD002093,AC001622,OUT,,,,CANNOT_GEOCODE,out_of_territory,out_of_territory,0,Outside service area - verify address
AD002094,AC001623,T3,-2237.0,1640.5,175.0,VISIT_WITH_HINT,prior_only,neighbours,0,130 m west of Ganesh Temple. search within ~180 m around the pin
AD002095,AC001624,T3,-3834.3,-583.5,185.0,VISIT_WITH_HINT,prior_only,landmark,0,90 m east of Community Hall. search within ~180 m around the pin
AD002096,AC001625,T3,3581.5,627.0,34.0,DIRECT_VISIT,visits_agree,visits,7,80 m north-west of Ration Shop. Agents report: opposite Ration Shop. search within ~30 m
AD002097,AC001626,T1,1086.7,-355.8,329.0,VISIT_WITH_HINT,prior_only,landmark,0,"Anjaneya Gudi hattira, ~60 m north. pin suttha ~330 m olage huduki"
AD002098,AC001627,T3,-3861.6,-1047.7,231.0,VISIT_WITH_HINT,prior_only,neighbours,0,130 m east of Hanuman Temple. search within ~230 m around the pin
AD002099,AC001627,T3,-1066.5,-1866.2,569.0,VERIFY_FIRST,prior_only,locality,0,140 m west of Water Tank. Location uncertain - verify by phone before visiting
AD002100,AC001628,T3,-2812.9,-587.7,396.0,VISIT_WITH_HINT,prior_only,landmark,0,40 m south-east of Bus Stop. search within ~400 m around the pin
AD002101,AC001628,T3,-545.2,3254.5,216.0,VISIT_WITH_HINT,prior_only,baseline_street,0,130 m north-east of Community Hall. search within ~220 m around the pin
AD002102,AC001629,T3,2956.0,-1811.5,21.0,DIRECT_VISIT,visits_agree,visits,5,No mapped landmark within 200 m; Palm Meadows. search within ~20 m
AD002103,AC001630,T1,296.0,-2742.0,17.0,DIRECT_VISIT,visits_disagree,visits,6,"Anjaneya Gudi hattira, ~110 m south-east. ~20 m olage huduki"
AD002104,AC001631,T1,2698.8,816.4,329.0,VISIT_WITH_HINT,prior_only,landmark,0,"Ration Angadi hattira, ~160 m west. pin suttha ~330 m olage huduki"
AD002105,AC001632,T2,2922.8,843.6,296.0,VISIT_WITH_HINT,prior_only,landmark,0,"Ration ki Dukaan ke paas, ~100 m dakshin. pin ke aas-paas ~300 m ke andar dhoondo"
AD002106,AC001632,T2,2530.2,-1243.5,329.0,VISIT_WITH_HINT,prior_only,landmark,0,"Sarkari School ke paas, ~90 m purab. pin ke aas-paas ~330 m ke andar dhoondo"
AD002107,AC001633,T1,-796.6,-1276.9,329.0,VISIT_WITH_HINT,prior_only,landmark,0,"Ration Angadi hattira, ~80 m east. pin suttha ~330 m olage huduki"
AD002108,AC001634,T1,2282.7,-2412.7,33.0,DIRECT_VISIT,visits_agree,visits,2,"Masjid hattira, ~50 m south-west. ~30 m olage huduki"
AD002109,AC001634,OUT,,,,CANNOT_GEOCODE,out_of_territory,out_of_territory,0,Outside service area - verify address
AD002110,AC001635,T1,1992.7,-1381.6,27.0,DIRECT_VISIT,visits_agree,visits,2,"Anjaneya Gudi hattira, ~140 m south. ~30 m olage huduki"
AD002111,AC001636,T2,3075.2,-1254.6,24.0,DIRECT_VISIT,visits_agree,visits,3,No mapped landmark within 200 m. ~20 m ke andar dhoondo
AD002112,AC001637,T2,-362.4,3285.0,16.0,DIRECT_VISIT,visits_disagree,visits,6,"Hanuman Mandir ke paas, ~200 m dakshin-purab. ~20 m ke andar dhoondo"
AD002113,AC001638,T1,721.7,-3063.5,329.0,VISIT_WITH_HINT,prior_only,landmark,0,"Samudaya Bhavana hattira, ~20 m north-west. pin suttha ~330 m olage huduki"
AD002114,AC001639,T3,-988.1,-371.7,175.0,VISIT_WITH_HINT,prior_only,neighbours,0,170 m north of Govt School. search within ~180 m around the pin
AD002115,AC001639,T3,-325.3,-3707.9,230.0,VISIT_WITH_HINT,prior_only,neighbours,0,180 m south-east of Masjid. search within ~230 m around the pin
AD002116,AC001640,T1,838.1,-3138.1,16.0,DIRECT_VISIT,visits_agree,visits,3,"Samudaya Bhavana hattira, ~120 m south-east. Agents report: Ganapathi Gudi hinde. ~20 m olage huduki"
AD002117,AC001641,T2,2247.3,1476.3,296.0,VISIT_WITH_HINT,prior_only,landmark,0,"Ration ki Dukaan ke paas, ~90 m paschim. pin ke aas-paas ~300 m ke andar dhoondo"
AD002118,AC001642,T2,1908.3,-2235.3,71.0,DIRECT_VISIT,visit_1,visits,1,No mapped landmark within 200 m; Patel Nagar. ~70 m ke andar dhoondo
AD002119,AC001643,T2,-665.5,-790.6,396.0,VISIT_WITH_HINT,prior_only,landmark,0,"Masjid ke paas, ~20 m dakshin-paschim. pin ke aas-paas ~400 m ke andar dhoondo"
AD002120,AC001643,T2,724.0,2746.5,59.0,DIRECT_VISIT,visit_1,visits,1,No mapped landmark within 200 m; Azad Mohalla. ~60 m ke andar dhoondo
AD002121,AC001644,T1,2940.3,-2489.6,140.0,VISIT_WITH_HINT,prior_only,neighbours,0,"Anjaneya Gudi hattira, ~160 m south-east. pin suttha ~140 m olage huduki"
AD002122,AC001645,T3,843.0,-729.0,194.0,VISIT_WITH_HINT,prior_only,neighbours,0,No mapped landmark within 200 m; Teachers Colony. search within ~190 m around the pin
AD002123,AC001646,T2,1130.6,551.1,44.0,DIRECT_VISIT,visits_disagree,visits,2,No mapped landmark within 200 m; Indira Colony. Agents report: Girja Ghar ke right side. Look for: blue gate. ~40 m ke andar dhoondo
AD002124,AC001647,T1,2371.5,-2291.2,29.0,DIRECT_VISIT,visits_agree,visits,2,"Masjid hattira, ~110 m north-east. Agents report: Masjid hattira. ~30 m olage huduki"
AD002125,AC001647,T1,1233.8,-247.8,53.0,DIRECT_VISIT,visit_1,visits,1,No mapped landmark within 200 m; Kuvempu Layout. Agents report: Church eduru. ~50 m olage huduki
AD002126,AC001648,T2,2239.6,-1539.3,28.0,DIRECT_VISIT,visits_agree,visits,3,No mapped landmark within 200 m; Krishna Puri. Agents report: Samudayik Bhavan ke saamne. ~30 m ke andar dhoondo
AD002127,AC001648,T2,2443.8,1991.9,329.0,VISIT_WITH_HINT,prior_only,landmark,0,Hanuman Mandir ke paas. pin ke aas-paas ~330 m ke andar dhoondo
AD002128,AC001649,T1,-2702.0,1250.7,120.0,VISIT_WITH_HINT,prior_only,neighbours,0,"Bus Stop hattira, ~30 m west. pin suttha ~120 m olage huduki"
AD002129,AC001649,T1,1021.0,-299.0,38.0,DIRECT_VISIT,visit_1,visits,1,"Anjaneya Gudi hattira, ~140 m north-west. Agents report: Church hattira. ~40 m olage huduki"
AD002130,AC001650,T3,-154.6,3293.8,204.0,VISIT_WITH_HINT,prior_only,baseline_street,0,No mapped landmark within 200 m; Sunrise Enclave. search within ~200 m around the pin
AD002131,AC001651,T2,-1525.0,-2454.2,19.0,DIRECT_VISIT,visits_agree,visits,4,No mapped landmark within 200 m; Subhash Nagar. Agents report: Masjid ke peeche. ~20 m ke andar dhoondo
AD002132,AC001651,T2,2321.6,1607.6,329.0,VISIT_WITH_HINT,prior_only,landmark,0,"Ration ki Dukaan ke paas, ~130 m uttar. pin ke aas-paas ~330 m ke andar dhoondo"
AD002133,AC001652,T1,-1350.3,384.5,215.0,VISIT_WITH_HINT,prior_only,landmark,0,"Petrol Bunk hattira, ~70 m north-east. pin suttha ~220 m olage huduki"
AD002134,AC001653,T3,3128.4,-1901.0,24.0,DIRECT_VISIT,visits_agree,visits,5,No mapped landmark within 200 m; Palm Meadows. search within ~20 m
AD002135,AC001654,T3,1255.7,-855.7,483.0,VISIT_WITH_HINT,prior_only,landmark,0,110 m west of Medical Store. search within ~480 m around the pin
AD002136,AC001655,T2,1703.2,-2365.9,121.0,VISIT_WITH_HINT,visits_disagree,visits,1,"Dawai ki Dukaan ke paas, ~30 m dakshin-paschim. pin ke aas-paas ~120 m ke andar dhoondo"
AD002137,AC001655,OUT,,,,CANNOT_GEOCODE,out_of_territory,out_of_territory,0,Outside service area - verify address
AD002138,AC001656,T3,3879.1,596.2,52.0,DIRECT_VISIT,visits_disagree,visits,3,No mapped landmark within 200 m; Lakeview Phase 2. search within ~50 m
AD002139,AC001656,T3,-3788.8,-729.9,2887.0,VERIFY_FIRST,visits_disagree,visits,1,No mapped landmark within 200 m; Green Park Layout. Location uncertain - verify by phone before visiting
AD002140,AC001657,T2,950.2,-118.4,40.0,DIRECT_VISIT,visits_agree,visits,2,No mapped landmark within 200 m; Indira Colony. Agents report: Sarkari School ke peeche. ~40 m ke andar dhoondo
AD002141,AC001657,T2,-1788.7,-2733.6,39.0,DIRECT_VISIT,visits_agree,visits,2,"Sarkari School ke paas, ~110 m dakshin-purab. Agents report: Sarkari School ke peeche. ~40 m ke andar dhoondo"
AD002142,AC001658,T1,-816.7,-3139.0,42.0,DIRECT_VISIT,visits_agree,visits,2,"Church hattira, ~160 m south. Agents report: Neerina Tank eduru. ~40 m olage huduki"
AD002143,AC001659,T3,-2613.6,1348.1,25.0,DIRECT_VISIT,visits_agree,visits,7,No mapped landmark within 200 m; Railway Colony. search within ~20 m
AD002144,AC001659,OUT,,,,CANNOT_GEOCODE,out_of_territory,out_of_territory,0,Outside service area - verify address
AD002145,AC001660,T3,-385.1,3265.0,569.0,VERIFY_FIRST,prior_only,locality,0,40 m north-east of Water Tank. Location uncertain - verify by phone before visiting
AD002146,AC001660,T3,1792.4,1190.1,2278.0,VERIFY_FIRST,prior_only,pincode_area,0,No mapped landmark within 200 m. Location uncertain - verify by phone before visiting
AD002147,AC001661,T1,-1297.7,52.9,120.0,VISIT_WITH_HINT,prior_only,neighbours,0,"Medical Store hattira, ~100 m north. pin suttha ~120 m olage huduki"
AD002148,AC001662,T1,-1221.7,398.5,569.0,VERIFY_FIRST,prior_only,locality,0,"Ganapathi Gudi hattira, ~120 m north-west. Location uncertain - verify by phone before visiting"
AD002149,AC001663,T2,1068.7,1323.3,239.0,VISIT_WITH_HINT,prior_only,baseline_street,0,"Sarkari School ke paas, ~120 m dakshin-purab. pin ke aas-paas ~240 m ke andar dhoondo"
AD002150,AC001664,T3,4005.7,546.0,22.0,DIRECT_VISIT,visits_agree,visits,5,No mapped landmark within 200 m; Lakeview Phase 2. Agents report: behind Hanuman Temple. search within ~20 m
AD002151,AC001665,T1,1169.7,-3104.3,51.0,DIRECT_VISIT,visit_1,visits,1,No mapped landmark within 200 m; Gandhi Nagar. Agents report: Ganapathi Gudi eduru. ~50 m olage huduki
AD002152,AC001665,T1,-393.0,-1487.1,329.0,VISIT_WITH_HINT,prior_only,landmark,0,"Medical Store hattira, ~160 m north-west. pin suttha ~330 m olage huduki"
AD002153,AC001666,T3,3441.6,-1750.8,23.0,DIRECT_VISIT,visits_disagree,visits,4,110 m south of Ganesh Temple. Agents report: opposite Ganesh Temple. search within ~20 m
AD002154,AC001667,T1,754.6,-2686.0,15.0,DIRECT_VISIT,visits_agree,visits,8,"Ration Angadi hattira, ~120 m north-east. Agents report: Sarkari Shale eduru. ~20 m olage huduki"
AD002155,AC001668,T3,-2482.3,1410.6,231.0,VISIT_WITH_HINT,prior_only,neighbours,0,110 m west of Masjid. search within ~230 m around the pin
AD002156,AC001668,OUT,,,,CANNOT_GEOCODE,out_of_territory,out_of_territory,0,Outside service area - verify address
AD002157,AC001669,T3,748.0,-769.6,27.0,DIRECT_VISIT,visits_disagree,visits,4,150 m east of Bus Stop. search within ~30 m
AD002158,AC001670,T1,3006.1,-2134.6,396.0,VISIT_WITH_HINT,prior_only,landmark,0,"Ration Angadi hattira, ~50 m north-west. pin suttha ~400 m olage huduki"
AD002159,AC001671,T2,-525.1,3251.6,276.0,VISIT_WITH_HINT,prior_only,landmark,0,"Hanuman Mandir ke paas, ~140 m dakshin. pin ke aas-paas ~280 m ke andar dhoondo"
AD002160,AC001671,T2,-259.9,1494.9,437.0,VISIT_WITH_HINT,prior_only,locality,0,No mapped landmark within 200 m; Tilak Nagar. pin ke aas-paas ~440 m ke andar dhoondo
AD002161,AC001672,T1,2056.0,-780.0,41.0,DIRECT_VISIT,visit_1,visits,1,"Sarkari Shale hattira, ~140 m south. ~40 m olage huduki"
AD002162,AC001673,T2,1518.9,-2023.8,569.0,VERIFY_FIRST,prior_only,locality,0,"Girja Ghar ke paas, ~90 m dakshin-purab. Location uncertain - verify by phone before visiting"
AD002163,AC001674,T2,1442.8,-1971.1,396.0,VISIT_WITH_HINT,prior_only,landmark,0,Girja Ghar ke paas. pin ke aas-paas ~400 m ke andar dhoondo
AD002164,AC001675,T3,-210.7,-3918.0,54.0,DIRECT_VISIT,visit_1,visits,1,160 m south-west of Ganesh Temple. search within ~50 m
AD002165,AC001675,T3,-2858.9,-113.6,329.0,VISIT_WITH_HINT,prior_only,landmark,0,90 m south-east of Water Tank. search within ~330 m around the pin
AD002166,AC001676,T2,-980.4,3031.3,16.0,DIRECT_VISIT,visits_agree,visits,8,"Doodh Dairy ke paas, ~130 m dakshin-paschim. Agents report: Doodh Dairy ke saamne. Look for: blue gate. ~20 m ke andar dhoondo"
AD002167,AC001677,T2,-714.9,2890.3,569.0,VERIFY_FIRST,prior_only,locality,0,No mapped landmark within 200 m; Ambedkar Nagar. Location uncertain - verify by phone before visiting
AD002168,AC001677,OUT,,,,CANNOT_GEOCODE,out_of_territory,out_of_territory,0,Outside service area - verify address
AD002169,AC001678,T1,1178.0,-158.5,120.0,VISIT_WITH_HINT,prior_only,neighbours,0,No mapped landmark within 200 m; Kuvempu Layout. pin suttha ~120 m olage huduki
AD002170,AC001678,T1,2713.6,-2115.3,329.0,VISIT_WITH_HINT,prior_only,landmark,0,"Park hattira, ~30 m north-west. pin suttha ~330 m olage huduki"
AD002171,AC001679,T1,432.4,-3472.2,38.0,DIRECT_VISIT,visits_disagree,visits,3,No mapped landmark within 200 m; Gandhi Nagar. Agents report: Church hattira. ~40 m olage huduki
AD002172,AC001680,T2,980.4,2671.0,285.0,VISIT_WITH_HINT,prior_only,landmark,0,"Sarkari School ke paas, ~110 m uttar-purab. pin ke aas-paas ~280 m ke andar dhoondo"
AD002173,AC001681,T3,3134.8,-2349.6,175.0,VISIT_WITH_HINT,prior_only,neighbours,0,90 m east of Milk Dairy. search within ~180 m around the pin
AD002174,AC001681,T3,-710.8,-547.8,569.0,VERIFY_FIRST,prior_only,locality,0,90 m south-east of Post Office. Location uncertain - verify by phone before visiting
AD002175,AC001682,T3,869.6,-1129.5,276.0,VISIT_WITH_HINT,prior_only,neighbours,0,150 m south-east of Church. search within ~280 m around the pin
AD002176,AC001683,T2,773.0,2473.8,31.0,DIRECT_VISIT,visits_agree,visits,3,"Sarkari School ke paas, ~180 m dakshin-paschim. ~30 m ke andar dhoondo"
AD002177,AC001683,T2,-1477.1,-2954.6,437.0,VISIT_WITH_HINT,prior_only,locality,0,"Doodh Dairy ke paas, ~150 m purab. pin ke aas-paas ~440 m ke andar dhoondo"
AD002178,AC001684,T3,2965.5,-2420.3,53.0,DIRECT_VISIT,visit_1,visits,1,130 m south-west of Milk Dairy. search within ~50 m
AD002179,AC001685,T1,1188.6,-1646.0,59.0,DIRECT_VISIT,visit_1,visits,1,No mapped landmark within 200 m. ~60 m olage huduki
AD002180,AC001685,T1,785.7,-2690.7,47.0,DIRECT_VISIT,visit_1,visits,1,"Ration Angadi hattira, ~140 m north-east. ~50 m olage huduki"
AD002181,AC001686,T3,-2460.3,-1.5,52.0,DIRECT_VISIT,visits_disagree,visits,2,100 m north-east of Govt School. search within ~50 m
AD002182,AC001687,T1,2841.9,-2291.9,329.0,VISIT_WITH_HINT,prior_only,landmark,0,"Anjaneya Gudi hattira, ~60 m north-west. pin suttha ~330 m olage huduki"
AD002183,AC001688,T1,-2194.3,-2433.7,329.0,VISIT_WITH_HINT,prior_only,landmark,0,"Sarkari Shale hattira, ~30 m south. pin suttha ~330 m olage huduki"
AD002184,AC001688,T1,-2068.5,-2466.1,37.0,DIRECT_VISIT,visit_1,visits,1,"Sarkari Shale hattira, ~130 m south-east. Agents report: Sarkari Shale hattira. ~40 m olage huduki"
AD002185,AC001689,T3,-2385.6,1829.4,194.0,VISIT_WITH_HINT,prior_only,neighbours,0,160 m south of Water Tank. search within ~190 m around the pin
AD002186,AC001690,T2,972.2,-15.6,403.0,VISIT_WITH_HINT,prior_only,locality,0,No mapped landmark within 200 m; Indira Colony. pin ke aas-paas ~400 m ke andar dhoondo
AD002187,AC001691,T3,-4061.4,-934.8,208.0,VISIT_WITH_HINT,prior_only,baseline_street,0,80 m north of Water Tank. search within ~210 m around the pin
AD002188,AC001692,T3,-206.0,-3286.0,55.0,DIRECT_VISIT,visits_disagree,visits,2,No mapped landmark within 200 m; Orchid Enclave. search within ~60 m
AD002189,AC001693,T1,378.0,-3003.1,56.0,DIRECT_VISIT,visit_1,visits,1,"Neerina Tank hattira, ~80 m north-east. Agents report: Bus Stop hinde. ~60 m olage huduki"
AD002190,AC001694,T1,-1174.2,359.9,569.0,VERIFY_FIRST,prior_only,locality,0,"Ganapathi Gudi hattira, ~60 m north-west. Location uncertain - verify by phone before visiting"
AD002191,AC001694,T1,2823.5,-2167.8,569.0,VERIFY_FIRST,prior_only,locality,0,"Samudaya Bhavana hattira, ~50 m south-east. Location uncertain - verify by phone before visiting"
AD002192,AC001695,T2,-690.6,2900.9,569.0,VERIFY_FIRST,prior_only,locality,0,No mapped landmark within 200 m; Ambedkar Nagar. Location uncertain - verify by phone before visiting
AD002193,AC001696,T2,1502.4,-1889.1,271.0,VISIT_WITH_HINT,prior_only,landmark,0,"Girja Ghar ke paas, ~110 m uttar-purab. pin ke aas-paas ~270 m ke andar dhoondo"
AD002194,AC001697,T2,1721.1,-1750.5,21.0,DIRECT_VISIT,visits_agree,visits,5,No mapped landmark within 200 m; Patel Nagar. Agents report: Ganesh Mandir ke paas. ~20 m ke andar dhoondo
AD002195,AC001698,T1,-1362.1,-2241.4,2278.0,VERIFY_FIRST,prior_only,pincode_area,0,No mapped landmark within 200 m. Location uncertain - verify by phone before visiting
AD002196,AC001699,T1,209.9,2274.6,175.0,VISIT_WITH_HINT,visits_disagree,visits,1,No mapped landmark within 200 m; Anjaneya Badavane. Agents report: Ganapathi Gudi eduru. pin suttha ~180 m olage huduki
AD002197,AC001700,T2,893.2,-275.0,22.0,DIRECT_VISIT,visits_agree,visits,5,"Park ke paas, ~180 m paschim. ~20 m ke andar dhoondo"
AD002198,AC001701,T1,2748.4,-2488.7,255.0,VISIT_WITH_HINT,prior_only,baseline_street,0,"Anjaneya Gudi hattira, ~190 m south-west. pin suttha ~260 m olage huduki"
AD002199,AC001701,T1,584.2,-2929.6,396.0,VISIT_WITH_HINT,prior_only,landmark,0,"Bus Stop hattira, ~60 m north-east. pin suttha ~400 m olage huduki"
AD002200,AC001702,T2,2914.5,549.5,232.0,VISIT_WITH_HINT,prior_only,baseline_street,0,No mapped landmark within 200 m; Nehru Colony. pin ke aas-paas ~230 m ke andar dhoondo
AD002201,AC001702,T2,-192.7,1294.4,437.0,VISIT_WITH_HINT,prior_only,locality,0,No mapped landmark within 200 m; Tilak Nagar. pin ke aas-paas ~440 m ke andar dhoondo
AD002202,AC001703,T1,-2065.8,-2236.6,329.0,VISIT_WITH_HINT,prior_only,landmark,0,"Bus Stop hattira, ~80 m south-west. pin suttha ~330 m olage huduki"
AD002203,AC001703,OUT,,,,CANNOT_GEOCODE,out_of_territory,out_of_territory,0,Outside service area - verify address
AD002204,AC001704,T3,783.7,-1110.8,228.0,VISIT_WITH_HINT,prior_only,neighbours,0,70 m south-east of Church. search within ~230 m around the pin
AD002205,AC001704,T3,-711.6,-416.6,286.0,VISIT_WITH_HINT,prior_only,neighbours,0,80 m north-east of Post Office. search within ~290 m around the pin
AD002206,AC001705,T2,1038.8,2918.5,23.0,DIRECT_VISIT,visits_agree,visits,4,No mapped landmark within 200 m; Azad Mohalla. ~20 m ke andar dhoondo
AD002207,AC001706,T1,-348.9,-1137.6,396.0,VISIT_WITH_HINT,prior_only,landmark,0,"Haalina Dairy hattira, ~50 m south-west. pin suttha ~400 m olage huduki"
AD002208,AC001706,OUT,,,,CANNOT_GEOCODE,out_of_territory,out_of_territory,0,Outside service area - verify address
AD002209,AC001707,T3,-63.2,-3841.6,47.0,DIRECT_VISIT,visits_agree,visits,2,90 m south-east of Ganesh Temple. Agents report: opposite Ganesh Temple. search within ~50 m
AD002210,AC001708,T2,1637.9,-1605.7,34.0,DIRECT_VISIT,visits_agree,visits,5,No mapped landmark within 200 m; Patel Nagar. Agents report: Ganesh Mandir ke peeche. ~30 m ke andar dhoondo
AD002211,AC001709,T2,1121.7,2616.0,396.0,VISIT_WITH_HINT,prior_only,landmark,0,"Bus Stop ke paas, ~50 m dakshin-purab. pin ke aas-paas ~400 m ke andar dhoondo"
AD002212,AC001710,T1,-1406.2,613.1,329.0,VISIT_WITH_HINT,prior_only,landmark,0,"Anjaneya Gudi hattira, ~150 m east. pin suttha ~330 m olage huduki"
AD002213,AC001711,T2,2843.6,673.7,65.0,DIRECT_VISIT,visits_agree,visits,3,"Paani ki Tanki ke paas, ~100 m dakshin. ~60 m ke andar dhoondo"
AD002214,AC001712,T3,912.2,-3776.3,329.0,VISIT_WITH_HINT,prior_only,landmark,0,150 m north-east of Petrol Bunk. search within ~330 m around the pin
AD002215,AC001713,T1,395.0,-3062.3,56.0,DIRECT_VISIT,visits_disagree,visits,1,"Neerina Tank hattira, ~60 m east. ~60 m olage huduki"
AD002216,AC001714,T2,2840.4,184.0,226.0,VISIT_WITH_HINT,prior_only,baseline_street,0,"Samudayik Bhavan ke paas, ~120 m paschim. pin ke aas-paas ~230 m ke andar dhoondo"
AD002217,AC001715,T1,-873.7,-3085.4,17.0,DIRECT_VISIT,visits_agree,visits,6,"Church hattira, ~110 m south. Agents report: Neerina Tank hinde. ~20 m olage huduki"
AD002218,AC001716,T2,1022.5,2580.5,57.0,DIRECT_VISIT,visit_1,visits,1,"Ration ki Dukaan ke paas, ~90 m purab. ~60 m ke andar dhoondo"
AD002219,AC001716,OUT,,,,CANNOT_GEOCODE,out_of_territory,out_of_territory,0,Outside service area - verify address
AD002220,AC001717,T2,-718.2,2965.1,62.0,DIRECT_VISIT,visit_1,visits,1,No mapped landmark within 200 m; Ambedkar Nagar. ~60 m ke andar dhoondo
AD002221,AC001718,T1,2569.7,965.3,329.0,VISIT_WITH_HINT,prior_only,landmark,0,"Masjid hattira, ~60 m west. pin suttha ~330 m olage huduki"
AD002222,AC001719,T1,-1564.8,664.8,396.0,VISIT_WITH_HINT,prior_only,landmark,0,"Anjaneya Gudi hattira, ~20 m north-west. pin suttha ~400 m olage huduki"
AD002223,AC001719,T1,1183.5,-39.0,329.0,VISIT_WITH_HINT,prior_only,landmark,0,"Haalina Dairy hattira, ~110 m south-west. pin suttha ~330 m olage huduki"
AD002224,AC001720,T2,1629.5,-1856.0,20.0,DIRECT_VISIT,visit_1,visits,1,No mapped landmark within 200 m. ~20 m ke andar dhoondo
AD002225,AC001720,T2,-933.4,-616.7,18.0,DIRECT_VISIT,visits_agree,visits,2,No mapped landmark within 200 m; Shastri Nagar. ~20 m ke andar dhoondo
AD002226,AC001721,T2,-737.5,2956.5,437.0,VISIT_WITH_HINT,prior_only,locality,0,"Doodh Dairy ke paas, ~200 m dakshin-purab. pin ke aas-paas ~440 m ke andar dhoondo"
AD002227,AC001722,T3,-1079.7,-473.1,194.0,VISIT_WITH_HINT,prior_only,neighbours,0,80 m north-west of Govt School. search within ~190 m around the pin
AD002228,AC001723,T3,-678.5,3111.9,175.0,VISIT_WITH_HINT,prior_only,neighbours,0,80 m south of Community Hall. search within ~180 m around the pin
AD002229,AC001724,T3,-2343.3,1313.3,32.0,DIRECT_VISIT,visits_agree,visits,3,120 m south of Masjid. Agents report: right side of Masjid. Look for: blue gate. search within ~30 m
AD002230,AC001725,T3,3397.5,-1819.6,19.0,DIRECT_VISIT,visits_agree,visits,7,120 m north of Masjid. Agents report: behind Masjid. search within ~20 m
AD002231,AC001726,T1,2630.5,1450.1,53.0,DIRECT_VISIT,visit_1,visits,1,No mapped landmark within 200 m; Vidya Nagar. Agents report: Masjid eduru. ~50 m olage huduki
AD002232,AC001726,T1,-751.0,-3098.7,215.0,VISIT_WITH_HINT,prior_only,landmark,0,"Church hattira, ~150 m south-east. pin suttha ~220 m olage huduki"
AD002233,AC001727,T3,-2562.6,-530.5,17.0,DIRECT_VISIT,visits_agree,visits,6,90 m west of Masjid. search within ~20 m
AD002234,AC001728,T3,-390.4,-3436.6,25.0,DIRECT_VISIT,visits_disagree,visits,5,170 m north-east of Masjid. Agents report: right side of Govt School. Look for: blue gate. search within ~20 m
AD002235,AC001729,T2,3165.5,990.8,226.0,VISIT_WITH_HINT,prior_only,baseline_street,0,No mapped landmark within 200 m; Nehru Colony. pin ke aas-paas ~230 m ke andar dhoondo
AD002236,AC001730,T2,-579.0,-503.7,403.0,VISIT_WITH_HINT,prior_only,locality,0,"Daakghar ke paas, ~40 m uttar-purab. pin ke aas-paas ~400 m ke andar dhoondo"
AD002237,AC001731,T2,1631.4,-2384.3,41.0,DIRECT_VISIT,visit_1,visits,1,"Dawai ki Dukaan ke paas, ~100 m dakshin-paschim. ~40 m ke andar dhoondo"
AD002238,AC001732,T1,-2876.3,1150.5,569.0,VERIFY_FIRST,prior_only,locality,0,No mapped landmark within 200 m; Vinayaka Nagar. Location uncertain - verify by phone before visiting
AD002239,AC001733,T1,2133.7,1310.2,396.0,VISIT_WITH_HINT,prior_only,landmark,0,"Bus Stop hattira, ~20 m north-west. pin suttha ~400 m olage huduki"
AD002240,AC001733,T1,1145.5,-3019.5,38.0,DIRECT_VISIT,visit_1,visits,1,No mapped landmark within 200 m; Gandhi Nagar. ~40 m olage huduki
AD002241,AC001734,T1,-190.3,-1128.3,255.0,VISIT_WITH_HINT,prior_only,baseline_street,0,"Haalina Dairy hattira, ~130 m east. pin suttha ~260 m olage huduki"
AD002242,AC001735,T2,-393.4,-214.4,329.0,VISIT_WITH_HINT,prior_only,landmark,0,"Doodh Dairy ke paas, ~130 m uttar-paschim. pin ke aas-paas ~330 m ke andar dhoondo"
AD002243,AC001735,T2,-1782.1,-2564.2,329.0,VISIT_WITH_HINT,prior_only,landmark,0,"Ration ki Dukaan ke paas, ~120 m dakshin-purab. pin ke aas-paas ~330 m ke andar dhoondo"
AD002244,AC001736,T2,1237.6,-1851.3,20.0,DIRECT_VISIT,visits_disagree,visits,5,"Doodh Dairy ke paas, ~200 m uttar. ~20 m ke andar dhoondo"
AD002245,AC001737,T1,2784.9,-1922.9,34.0,DIRECT_VISIT,visits_agree,visits,2,"Medical Store hattira, ~190 m north. Agents report: Ganapathi Gudi hinde. ~30 m olage huduki"
AD002246,AC001738,T1,2445.1,-2338.3,19.0,DIRECT_VISIT,visits_agree,visits,7,"Masjid hattira, ~130 m east. ~20 m olage huduki"
AD002247,AC001739,T1,2667.2,-1768.6,30.0,DIRECT_VISIT,visits_agree,visits,2,No mapped landmark within 200 m; Siddeshwara Colony. Agents report: Ganapathi Gudi hattira. ~30 m olage huduki
AD002248,AC001740,T3,887.1,-3409.1,396.0,VISIT_WITH_HINT,prior_only,landmark,0,100 m north of Church. search within ~400 m around the pin
AD002249,AC001741,T3,564.0,1737.0,569.0,VERIFY_FIRST,prior_only,locality,0,180 m north of Ganesh Temple. Location uncertain - verify by phone before visiting
AD002250,AC001742,T1,-1974.0,-2498.5,329.0,VISIT_WITH_HINT,prior_only,landmark,0,"Ration Angadi hattira, ~130 m north-west. pin suttha ~330 m olage huduki"
AD002251,AC001743,T3,-4166.0,-1063.5,62.0,DIRECT_VISIT,visits_agree,visits,2,100 m south-west of Water Tank. Agents report: right side of Milk Dairy. Look for: blue gate. search within ~60 m
AD002252,AC001744,T3,-2919.3,-596.2,33.0,DIRECT_VISIT,visits_agree,visits,3,80 m west of Bus Stop. Agents report: near Bus Stop. search within ~30 m
AD002253,AC001745,T3,-2321.8,-427.5,24.0,DIRECT_VISIT,visits_agree,visits,7,70 m north-west of Post Office. Agents report: right side of Post Office. Look for: blue gate. search within ~20 m
AD002254,AC001746,T3,-443.9,-296.8,56.0,DIRECT_VISIT,visits_agree,visits,4,90 m south-east of Medical Store. search within ~60 m
AD002255,AC001747,T2,658.8,2583.9,279.0,VISIT_WITH_HINT,prior_only,landmark,0,"Samudayik Bhavan ke paas, ~180 m purab. pin ke aas-paas ~280 m ke andar dhoondo"
AD002256,AC001748,T1,-1095.4,489.0,837.0,VERIFY_FIRST,prior_only,locality,0,"Ganapathi Gudi hattira, ~160 m north. Location uncertain - verify by phone before visiting"
AD002257,AC001748,T1,191.8,2753.6,38.0,DIRECT_VISIT,visit_1,visits,1,"Sarkari Shale hattira, ~40 m north-east. Agents report: Sarkari Shale hattira. ~40 m olage huduki"
AD002258,AC001749,T3,1006.2,-985.4,149.0,VISIT_WITH_HINT,prior_only,neighbours,0,No mapped landmark within 200 m; Teachers Colony. search within ~150 m around the pin
AD002259,AC001750,T3,3038.0,-1870.5,278.0,VISIT_WITH_HINT,prior_only,neighbours,0,No mapped landmark within 200 m; Palm Meadows. search within ~280 m around the pin
AD002260,AC001751,T1,1601.5,-1235.5,34.0,DIRECT_VISIT,visit_1,visits,1,"Masjid hattira, ~110 m south-east. Agents report: Masjid hattira. ~30 m olage huduki"
AD002261,AC001752,T2,2675.3,243.8,30.0,DIRECT_VISIT,visits_agree,visits,5,No mapped landmark within 200 m; Nehru Colony. Agents report: Bus Stop ke paas. ~30 m ke andar dhoondo
AD002262,AC001753,T2,2612.0,-1667.5,28.0,DIRECT_VISIT,visits_disagree,visits,6,"Ration ki Dukaan ke paas, ~150 m uttar. ~30 m ke andar dhoondo"
AD002263,AC001754,T2,1686.4,-2440.2,71.0,DIRECT_VISIT,visit_1,visits,1,"Dawai ki Dukaan ke paas, ~110 m dakshin. ~70 m ke andar dhoondo"
AD002264,AC001755,T2,888.3,2402.9,143.0,VISIT_WITH_HINT,visits_disagree,visits,2,"Ration ki Dukaan ke paas, ~150 m dakshin. pin ke aas-paas ~140 m ke andar dhoondo"
AD002265,AC001756,T1,358.0,-3104.0,35.0,DIRECT_VISIT,visit_1,visits,1,"Neerina Tank hattira, ~40 m south-east. ~40 m olage huduki"
AD002266,AC001756,T1,-1895.7,2474.8,569.0,VERIFY_FIRST,prior_only,locality,0,"Ganapathi Gudi hattira, ~150 m south-east. Location uncertain - verify by phone before visiting"
AD002267,AC001757,T2,947.5,2813.7,403.0,VISIT_WITH_HINT,prior_only,locality,0,No mapped landmark within 200 m; Azad Mohalla. pin ke aas-paas ~400 m ke andar dhoondo
AD002268,AC001757,OUT,,,,CANNOT_GEOCODE,out_of_territory,out_of_territory,0,Outside service area - verify address
AD002269,AC001758,T1,1130.3,-125.0,569.0,VERIFY_FIRST,prior_only,locality,0,No mapped landmark within 200 m; Kuvempu Layout. Location uncertain - verify by phone before visiting
AD002270,AC001759,T1,582.5,-2928.5,42.0,DIRECT_VISIT,visits_disagree,visits,4,"Bus Stop hattira, ~60 m north-east. Agents report: Bus Stop hinde. ~40 m olage huduki"
AD002271,AC001760,T2,1498.1,-2307.0,372.0,VISIT_WITH_HINT,prior_only,neighbours,0,No mapped landmark within 200 m; Patel Nagar. pin ke aas-paas ~370 m ke andar dhoondo
AD002272,AC001761,T2,2823.4,572.7,296.0,VISIT_WITH_HINT,prior_only,landmark,0,"Bus Stop ke paas, ~170 m purab. pin ke aas-paas ~300 m ke andar dhoondo"
AD002273,AC001761,T2,2521.1,-1170.3,285.0,VISIT_WITH_HINT,prior_only,landmark,0,"Daakghar ke paas, ~80 m purab. pin ke aas-paas ~280 m ke andar dhoondo"
AD002274,AC001762,T2,644.2,-2788.0,215.0,VISIT_WITH_HINT,prior_only,landmark,0,"Doodh Dairy ke paas, ~70 m uttar-purab. pin ke aas-paas ~220 m ke andar dhoondo"
AD002275,AC001762,T2,1062.2,2701.6,296.0,VISIT_WITH_HINT,prior_only,landmark,0,"Bus Stop ke paas, ~60 m uttar-paschim. pin ke aas-paas ~300 m ke andar dhoondo"
AD002276,AC001763,T1,-2710.5,927.7,140.0,VISIT_WITH_HINT,prior_only,neighbours,0,"Post Office hattira, ~100 m east. pin suttha ~140 m olage huduki"
AD002277,AC001764,T2,1922.3,-2094.1,31.0,DIRECT_VISIT,visits_agree,visits,2,No mapped landmark within 200 m; Patel Nagar. ~30 m ke andar dhoondo
AD002278,AC001764,T2,912.0,1326.5,569.0,VERIFY_FIRST,prior_only,locality,0,"Sarkari School ke paas, ~90 m dakshin-paschim. Location uncertain - verify by phone before visiting"
AD002279,AC001765,T1,-711.9,-1449.5,215.0,VISIT_WITH_HINT,prior_only,landmark,0,"Church hattira, ~160 m west. pin suttha ~220 m olage huduki"
AD002280,AC001765,T1,756.1,-2787.6,133.0,VISIT_WITH_HINT,prior_only,neighbours,0,"Ration Angadi hattira, ~80 m east. pin suttha ~130 m olage huduki"
AD002281,AC001766,T1,-2604.7,997.2,34.0,DIRECT_VISIT,visits_agree,visits,3,No mapped landmark within 200 m; Vinayaka Nagar. ~30 m olage huduki
AD002282,AC001767,T3,-861.2,-540.0,569.0,VERIFY_FIRST,prior_only,locality,0,120 m south-west of Post Office. Location uncertain - verify by phone before visiting
AD002283,AC001767,T3,-614.1,-3758.9,194.0,VISIT_WITH_HINT,prior_only,neighbours,0,No mapped landmark within 200 m; Orchid Enclave. search within ~190 m around the pin
AD002284,AC001768,T2,679.6,-22.7,41.0,DIRECT_VISIT,visit_1,visits,1,No mapped landmark within 200 m; Indira Colony. ~40 m ke andar dhoondo
AD002285,AC001768,OUT,,,,CANNOT_GEOCODE,out_of_territory,out_of_territory,0,Outside service area - verify address
AD002286,AC001769,T2,2192.9,1698.6,329.0,VISIT_WITH_HINT,prior_only,landmark,0,"Samudayik Bhavan ke paas, ~130 m uttar-purab. pin ke aas-paas ~330 m ke andar dhoondo"
AD002287,AC001770,T2,1656.5,-2000.0,39.0,DIRECT_VISIT,visits_agree,visits,2,No mapped landmark within 200 m; Patel Nagar. ~40 m ke andar dhoondo
AD002288,AC001771,T1,1266.8,3.1,396.0,VISIT_WITH_HINT,prior_only,landmark,0,"Sarkari Shale hattira, ~50 m south. pin suttha ~400 m olage huduki"
AD002289,AC001772,T1,2822.5,-2302.3,329.0,VISIT_WITH_HINT,prior_only,landmark,0,"Anjaneya Gudi hattira, ~60 m north-west. pin suttha ~330 m olage huduki"
AD002290,AC001772,OUT,,,,CANNOT_GEOCODE,out_of_territory,out_of_territory,0,Outside service area - verify address
AD002291,AC001773,T2,-1665.9,-3177.4,239.0,VISIT_WITH_HINT,prior_only,baseline_street,0,No mapped landmark within 200 m; Subhash Nagar. pin ke aas-paas ~240 m ke andar dhoondo
AD002292,AC001774,T3,-3393.5,-813.7,124.0,VISIT_WITH_HINT,prior_only,baseline_rooftop,0,No mapped landmark within 200 m; Green Park Layout. search within ~120 m around the pin
AD002293,AC001774,T3,-786.4,-991.7,73.0,DIRECT_VISIT,visit_1,visits,1,No mapped landmark within 200 m; HMT Colony. search within ~70 m
AD002294,AC001775,T2,1151.5,-1865.5,35.0,DIRECT_VISIT,visits_agree,visits,2,"Ration ki Dukaan ke paas, ~110 m purab. ~40 m ke andar dhoondo"
AD002295,AC001776,T3,-1494.1,-1455.4,2278.0,VERIFY_FIRST,prior_only,pincode_area,0,No mapped landmark within 200 m. Location uncertain - verify by phone before visiting
AD002296,AC001777,T3,3253.2,-1942.4,569.0,VERIFY_FIRST,prior_only,locality,0,180 m west of Masjid. Location uncertain - verify by phone before visiting
AD002297,AC001778,T1,1983.5,-1148.5,329.0,VISIT_WITH_HINT,prior_only,landmark,0,"Anjaneya Gudi hattira, ~90 m north. pin suttha ~330 m olage huduki"
AD002298,AC001779,T3,2956.0,-2053.0,33.0,DIRECT_VISIT,visit_1,visits,1,No mapped landmark within 200 m; Palm Meadows. search within ~30 m
AD002299,AC001780,T2,940.8,2304.4,19.0,DIRECT_VISIT,visits_agree,visits,8,No mapped landmark within 200 m; Azad Mohalla. Agents report: Ration ki Dukaan ke paas. ~20 m ke andar dhoondo
AD002300,AC001781,T2,3065.0,547.2,437.0,VISIT_WITH_HINT,prior_only,locality,0,No mapped landmark within 200 m; Nehru Colony. pin ke aas-paas ~440 m ke andar dhoondo
AD002301,AC001782,T2,1457.8,-2356.9,269.0,VISIT_WITH_HINT,prior_only,landmark,0,"Masjid ke paas, ~200 m uttar-purab. pin ke aas-paas ~270 m ke andar dhoondo"
AD002302,AC001783,T2,1069.0,2567.0,58.0,DIRECT_VISIT,visit_1,visits,1,"Bus Stop ke paas, ~90 m dakshin. ~60 m ke andar dhoondo"
AD002303,AC001784,T1,-1262.1,-2503.4,2278.0,VERIFY_FIRST,prior_only,pincode_area,0,No mapped landmark within 200 m. Location uncertain - verify by phone before visiting
AD002304,AC001785,T1,2990.8,-2042.7,49.0,DIRECT_VISIT,visits_disagree,visits,1,"Ration Angadi hattira, ~130 m north-west. ~50 m olage huduki"
AD002305,AC001786,T1,2198.1,936.3,39.0,DIRECT_VISIT,visit_1,visits,1,"Sarkari Shale hattira, ~170 m north. ~40 m olage huduki"
AD002306,AC001787,T1,2792.7,-2003.4,25.0,DIRECT_VISIT,visits_agree,visits,3,"Medical Store hattira, ~110 m north. ~20 m olage huduki"
AD002307,AC001788,T1,2444.4,-2339.4,46.0,DIRECT_VISIT,visits_disagree,visits,3,"Masjid hattira, ~130 m east. ~50 m olage huduki"
AD002308,AC001789,T1,2879.4,-2432.0,49.0,DIRECT_VISIT,visits_disagree,visits,2,"Anjaneya Gudi hattira, ~90 m south. Agents report: Anjaneya Gudi eduru. ~50 m olage huduki"
AD002309,AC001790,T3,2394.5,852.4,3348.0,VERIFY_FIRST,prior_only,pincode_area,0,No mapped landmark within 200 m. Location uncertain - verify by phone before visiting
AD002310,AC001791,T1,2482.0,663.2,133.0,VISIT_WITH_HINT,prior_only,neighbours,0,"Post Office hattira, ~190 m east. pin suttha ~130 m olage huduki"
AD002311,AC001792,T3,3127.2,-1860.8,837.0,VERIFY_FIRST,prior_only,locality,0,190 m south-west of Post Office. Location uncertain - verify by phone before visiting
AD002312,AC001793,T2,998.6,-244.7,285.0,VISIT_WITH_HINT,prior_only,landmark,0,"Park ke paas, ~110 m uttar-paschim. pin ke aas-paas ~280 m ke andar dhoondo"
AD002313,AC001793,OUT,,,,CANNOT_GEOCODE,out_of_territory,out_of_territory,0,Outside service area - verify address
AD002314,AC001794,T1,-961.9,-3063.2,569.0,VERIFY_FIRST,prior_only,locality,0,"Church hattira, ~150 m south-west. Location uncertain - verify by phone before visiting"
AD002315,AC001794,T1,354.1,2690.9,133.0,VISIT_WITH_HINT,prior_only,neighbours,0,"Church hattira, ~50 m east. pin suttha ~130 m olage huduki"
AD002316,AC001795,T1,1920.6,-975.1,569.0,VERIFY_FIRST,prior_only,locality,0,No mapped landmark within 200 m; Siddeshwara Colony. Location uncertain - verify by phone before visiting
AD002317,AC001796,T1,-2386.5,-2021.8,25.0,DIRECT_VISIT,visits_agree,visits,4,No mapped landmark within 200 m; Shanthi Nagar. Agents report: Neerina Tank eduru. ~20 m olage huduki
AD002318,AC001797,T2,-86.3,952.3,255.0,VISIT_WITH_HINT,prior_only,baseline_street,0,No mapped landmark within 200 m; Tilak Nagar. pin ke aas-paas ~260 m ke andar dhoondo
AD002319,AC001798,T1,2784.6,-2137.0,569.0,VERIFY_FIRST,prior_only,locality,0,Samudaya Bhavana hattira. Location uncertain - verify by phone before visiting
AD002320,AC001798,OUT,,,,CANNOT_GEOCODE,out_of_territory,out_of_territory,0,Outside service area - verify address
AD002321,AC001799,T3,3512.3,-2091.4,55.0,DIRECT_VISIT,visits_disagree,visits,1,40 m east of Water Tank. search within ~60 m
AD002322,AC001800,T2,1026.5,2657.9,329.0,VISIT_WITH_HINT,prior_only,landmark,0,"Bus Stop ke paas, ~70 m paschim. pin ke aas-paas ~330 m ke andar dhoondo"
AD002323,AC001801,T2,-374.6,2018.5,3348.0,VERIFY_FIRST,prior_only,pincode_area,0,No mapped landmark within 200 m. Location uncertain - verify by phone before visiting
AD002324,AC001801,T2,-1663.6,-2506.8,329.0,VISIT_WITH_HINT,prior_only,landmark,0,"Masjid ke paas, ~180 m dakshin. pin ke aas-paas ~330 m ke andar dhoondo"
AD002325,AC001802,T2,2987.0,460.9,387.0,VISIT_WITH_HINT,prior_only,neighbours,0,No mapped landmark within 200 m; Nehru Colony. pin ke aas-paas ~390 m ke andar dhoondo
AD002326,AC001802,OUT,,,,CANNOT_GEOCODE,out_of_territory,out_of_territory,0,Outside service area - verify address
AD002327,AC001803,T2,1626.5,1450.5,3348.0,VERIFY_FIRST,prior_only,pincode_area,0,No mapped landmark within 200 m. Location uncertain - verify by phone before visiting
AD002328,AC001804,T3,-207.2,-3849.4,175.0,VISIT_WITH_HINT,prior_only,neighbours,0,100 m south-west of Ganesh Temple. search within ~180 m around the pin
AD002329,AC001804,OUT,,,,CANNOT_GEOCODE,out_of_territory,out_of_territory,0,Outside service area - verify address
AD002330,AC001805,T2,1487.6,-2087.7,272.0,VISIT_WITH_HINT,prior_only,landmark,0,"Girja Ghar ke paas, ~110 m dakshin-purab. pin ke aas-paas ~270 m ke andar dhoondo"
AD002331,AC001805,OUT,,,,CANNOT_GEOCODE,out_of_territory,out_of_territory,0,Outside service area - verify address
AD002332,AC001806,T1,3120.7,-2073.5,26.0,DIRECT_VISIT,visits_agree,visits,6,"Ration Angadi hattira, ~110 m north-east. Agents report: Bus Stop hinde. ~30 m olage huduki"
AD002333,AC001807,T3,-2270.4,-520.2,24.0,DIRECT_VISIT,visits_agree,visits,5,30 m south of Post Office. Agents report: behind Post Office. search within ~20 m
AD002334,AC001808,T3,-2757.4,1697.9,62.0,DIRECT_VISIT,visit_1,visits,1,140 m north-east of Milk Dairy. Agents report: opposite Milk Dairy. search within ~60 m
AD002335,AC001809,T3,3170.2,-724.5,194.0,VISIT_WITH_HINT,prior_only,neighbours,0,No mapped landmark within 200 m; Palm Meadows. search within ~190 m around the pin
AD002336,AC001810,T3,3930.3,760.3,48.0,DIRECT_VISIT,visit_1,visits,1,No mapped landmark within 200 m; Lakeview Phase 2. search within ~50 m
AD002337,AC001811,T2,1981.1,1567.8,132.0,VISIT_WITH_HINT,prior_only,baseline_rooftop,0,"Samudayik Bhavan ke paas, ~120 m dakshin-paschim. pin ke aas-paas ~130 m ke andar dhoondo"
AD002338,AC001811,OUT,,,,CANNOT_GEOCODE,out_of_territory,out_of_territory,0,Outside service area - verify address
AD002339,AC001812,T2,1100.7,2984.8,24.0,DIRECT_VISIT,visits_agree,visits,4,No mapped landmark within 200 m; Azad Mohalla. Agents report: Ganesh Mandir ke saamne. Look for: blue gate. ~20 m ke andar dhoondo
AD002340,AC001812,T2,1132.8,2626.4,396.0,VISIT_WITH_HINT,prior_only,landmark,0,"Bus Stop ke paas, ~50 m dakshin-purab. pin ke aas-paas ~400 m ke andar dhoondo"
AD002341,AC001813,T2,-754.8,2722.2,20.0,DIRECT_VISIT,visits_disagree,visits,5,"Dawai ki Dukaan ke paas, ~160 m uttar. Agents report: Park ke right side. Look for: blue gate. ~20 m ke andar dhoondo"
AD002342,AC001814,T2,-132.3,1571.1,329.0,VISIT_WITH_HINT,prior_only,landmark,0,"Sarkari School ke paas, ~100 m dakshin. pin ke aas-paas ~330 m ke andar dhoondo"
AD002343,AC001815,T3,-681.9,3162.5,396.0,VISIT_WITH_HINT,prior_only,landmark,0,30 m south-west of Community Hall. search within ~400 m around the pin
AD002344,AC001816,T2,2349.3,1741.4,396.0,VISIT_WITH_HINT,prior_only,landmark,0,Girja Ghar ke paas. pin ke aas-paas ~400 m ke andar dhoondo
AD002345,AC001817,T2,859.2,1384.0,329.0,VISIT_WITH_HINT,prior_only,landmark,0,"Sarkari School ke paas, ~110 m paschim. pin ke aas-paas ~330 m ke andar dhoondo"
AD002346,AC001818,T3,698.6,-844.8,175.0,VISIT_WITH_HINT,prior_only,neighbours,0,140 m south-east of Bus Stop. search within ~180 m around the pin
AD002347,AC001818,T3,-207.1,-3765.1,230.0,VISIT_WITH_HINT,prior_only,neighbours,0,70 m west of Ganesh Temple. search within ~230 m around the pin
AD002348,AC001819,T1,1019.0,-2778.1,255.0,VISIT_WITH_HINT,prior_only,baseline_street,0,No mapped landmark within 200 m; Gandhi Nagar. pin suttha ~260 m olage huduki
AD002349,AC001820,T2,-634.9,-789.0,201.0,VISIT_WITH_HINT,prior_only,landmark,0,"Masjid ke paas, ~20 m dakshin-purab. pin ke aas-paas ~200 m ke andar dhoondo"
AD002350,AC001821,T3,-3602.2,-508.4,304.0,VISIT_WITH_HINT,prior_only,neighbours,0,No mapped landmark within 200 m; Green Park Layout. search within ~300 m around the pin
AD002351,AC001821,T3,3382.2,-1786.9,230.0,VISIT_WITH_HINT,prior_only,neighbours,0,150 m south of Ganesh Temple. search within ~230 m around the pin
AD002352,AC001822,T1,-33.5,2666.5,39.0,DIRECT_VISIT,visit_1,visits,1,"Samudaya Bhavana hattira, ~170 m north. Agents report: Samudaya Bhavana hinde. ~40 m olage huduki"
AD002353,AC001823,T1,-661.1,221.1,31.0,DIRECT_VISIT,visits_agree,visits,2,No mapped landmark within 200 m; Ashoka Layout. ~30 m olage huduki
AD002354,AC001824,T1,-2823.4,945.4,329.0,VISIT_WITH_HINT,prior_only,landmark,0,"Post Office hattira, ~60 m north-west. pin suttha ~330 m olage huduki"
AD002355,AC001825,T1,2968.8,-2173.3,329.0,VISIT_WITH_HINT,prior_only,landmark,0,"Ration Angadi hattira, ~80 m west. pin suttha ~330 m olage huduki"
AD002356,AC001825,T1,-2088.1,1145.8,2278.0,VERIFY_FIRST,prior_only,pincode_area,0,No mapped landmark within 200 m. Location uncertain - verify by phone before visiting
AD002357,AC001826,T2,1031.3,314.0,17.0,DIRECT_VISIT,visits_agree,visits,8,"Daakghar ke paas, ~100 m purab. Agents report: Daakghar ke saamne. Look for: blue gate. ~20 m ke andar dhoondo"
AD002358,AC001827,T3,484.5,1533.3,396.0,VISIT_WITH_HINT,prior_only,landmark,0,40 m south of Ganesh Temple. search within ~400 m around the pin
AD002359,AC001828,T2,1650.9,-1603.5,11.0,DIRECT_VISIT,visits_disagree,visits,6,No mapped landmark within 200 m; Patel Nagar. Agents report: Ganesh Mandir ke right side. Look for: blue gate. ~10 m ke andar dhoondo
AD002360,AC001829,T2,-486.2,3121.2,378.0,VISIT_WITH_HINT,prior_only,neighbours,0,No mapped landmark within 200 m; Ambedkar Nagar. pin ke aas-paas ~380 m ke andar dhoondo
AD002361,AC001829,T2,533.0,-3033.3,296.0,VISIT_WITH_HINT,prior_only,landmark,0,"Girja Ghar ke paas, ~50 m uttar. pin ke aas-paas ~300 m ke andar dhoondo"
AD002362,AC001830,T1,2521.6,-2127.7,32.0,DIRECT_VISIT,visits_agree,visits,7,No mapped landmark within 200 m; Nehru Colony. ~30 m olage huduki
AD002363,AC001831,T3,3384.4,-1804.0,175.0,VISIT_WITH_HINT,prior_only,neighbours,0,130 m north of Masjid. search within ~180 m around the pin
AD002364,AC001832,T2,2425.3,1976.5,329.0,VISIT_WITH_HINT,prior_only,landmark,0,"Hanuman Mandir ke paas, ~30 m dakshin-paschim. pin ke aas-paas ~330 m ke andar dhoondo"
AD002365,AC001833,T3,850.6,-737.2,149.0,VISIT_WITH_HINT,prior_only,neighbours,0,No mapped landmark within 200 m; Teachers Colony. search within ~150 m around the pin
AD002366,AC001833,T3,1250.0,-3589.6,569.0,VERIFY_FIRST,prior_only,locality,0,100 m north-east of Water Tank. Location uncertain - verify by phone before visiting
AD002367,AC001834,T1,2103.9,761.8,17.0,DIRECT_VISIT,visits_agree,visits,6,"Park hattira, ~30 m east. Agents report: Park hinde. ~20 m olage huduki"
AD002368,AC001835,T3,1183.5,-507.7,149.0,VISIT_WITH_HINT,prior_only,neighbours,0,200 m south-east of Masjid. search within ~150 m around the pin
AD002369,AC001836,T2,-1652.4,-2665.9,378.0,VISIT_WITH_HINT,prior_only,neighbours,0,"Hanuman Mandir ke paas, ~190 m uttar-paschim. pin ke aas-paas ~380 m ke andar dhoondo"
AD002370,AC001837,T3,-2171.0,1681.6,179.0,VISIT_WITH_HINT,prior_only,landmark,0,90 m north-west of Ganesh Temple. search within ~180 m around the pin
AD002371,AC001838,T2,962.8,222.3,279.0,VISIT_WITH_HINT,prior_only,landmark,0,"Daakghar ke paas, ~80 m dakshin. pin ke aas-paas ~280 m ke andar dhoondo"
AD002372,AC001839,T3,2890.7,-1617.2,49.0,DIRECT_VISIT,visit_1,visits,1,No mapped landmark within 200 m; Palm Meadows. search within ~50 m
AD002373,AC001840,T2,-1473.4,-2649.8,205.0,VISIT_WITH_HINT,prior_only,landmark,0,"Hanuman Mandir ke paas, ~170 m uttar. pin ke aas-paas ~200 m ke andar dhoondo"
AD002374,AC001841,T1,2662.3,1475.4,126.0,VISIT_WITH_HINT,prior_only,neighbours,0,No mapped landmark within 200 m; Vidya Nagar. pin suttha ~130 m olage huduki
AD002375,AC001842,T3,1370.7,-3573.9,255.0,VISIT_WITH_HINT,prior_only,baseline_street,0,90 m north-west of Medical Store. search within ~260 m around the pin
AD002376,AC001843,T1,-1150.8,366.3,329.0,VISIT_WITH_HINT,prior_only,landmark,0,"Ganapathi Gudi hattira, ~50 m north-west. pin suttha ~330 m olage huduki"
AD002377,AC001844,T3,1195.8,-3582.6,329.0,VISIT_WITH_HINT,prior_only,landmark,0,70 m north-east of Water Tank. search within ~330 m around the pin
AD002378,AC001845,T1,-2839.6,995.5,48.0,DIRECT_VISIT,visit_1,visits,1,"Post Office hattira, ~110 m north. ~50 m olage huduki"
AD002379,AC001845,OUT,,,,CANNOT_GEOCODE,out_of_territory,out_of_territory,0,Outside service area - verify address
AD002380,AC001846,T3,3071.0,-2429.2,31.0,DIRECT_VISIT,visits_agree,visits,3,110 m south of Milk Dairy. Agents report: near Milk Dairy. search within ~30 m
AD002381,AC001847,T2,936.9,-315.8,201.0,VISIT_WITH_HINT,prior_only,landmark,0,"Park ke paas, ~130 m paschim. pin ke aas-paas ~200 m ke andar dhoondo"
AD002382,AC001848,T2,1157.2,-262.2,232.0,VISIT_WITH_HINT,prior_only,baseline_street,0,"Bus Stop ke paas, ~50 m dakshin-paschim. pin ke aas-paas ~230 m ke andar dhoondo"
AD002383,AC001849,T3,-416.5,-3537.1,569.0,VERIFY_FIRST,prior_only,locality,0,70 m north-east of Masjid. Location uncertain - verify by phone before visiting
AD002384,AC001850,T2,-590.0,-661.1,378.0,VISIT_WITH_HINT,prior_only,neighbours,0,"Daakghar ke paas, ~120 m dakshin. pin ke aas-paas ~380 m ke andar dhoondo"
AD002385,AC001851,T2,-611.8,-578.7,403.0,VISIT_WITH_HINT,prior_only,locality,0,"Daakghar ke paas, ~40 m dakshin. pin ke aas-paas ~400 m ke andar dhoondo"
AD002386,AC001851,OUT,,,,CANNOT_GEOCODE,out_of_territory,out_of_territory,0,Outside service area - verify address
AD002387,AC001852,T2,-1646.6,-2357.3,43.0,DIRECT_VISIT,visit_1,visits,1,"Masjid ke paas, ~60 m dakshin-purab. ~40 m ke andar dhoondo"
AD002388,AC001852,T2,2444.4,-1341.4,396.0,VISIT_WITH_HINT,prior_only,landmark,0,"Hanuman Mandir ke paas, ~30 m dakshin-paschim. pin ke aas-paas ~400 m ke andar dhoondo"
AD002389,AC001853,T2,-130.1,1690.5,396.0,VISIT_WITH_HINT,prior_only,landmark,0,"Sarkari School ke paas, ~20 m uttar. pin ke aas-paas ~400 m ke andar dhoondo"
AD002390,AC001853,OUT,,,,CANNOT_GEOCODE,out_of_territory,out_of_territory,0,Outside service area - verify address
AD002391,AC001854,T3,-121.6,3296.8,237.0,VISIT_WITH_HINT,prior_only,landmark,0,No mapped landmark within 200 m; Sunrise Enclave. search within ~240 m around the pin
AD002392,AC001855,T1,2307.5,827.7,329.0,VISIT_WITH_HINT,prior_only,landmark,0,"Sarkari Shale hattira, ~70 m north-east. pin suttha ~330 m olage huduki"
AD002393,AC001856,T1,483.4,-2871.5,31.0,DIRECT_VISIT,visits_disagree,visits,1,"Bus Stop hattira, ~130 m north-west. ~30 m olage huduki"
AD002394,AC001856,T1,-1975.2,2533.6,329.0,VISIT_WITH_HINT,prior_only,landmark,0,"Ganapathi Gudi hattira, ~50 m east. pin suttha ~330 m olage huduki"
AD002395,AC001857,T3,-412.6,-904.0,208.0,VISIT_WITH_HINT,prior_only,baseline_street,0,No mapped landmark within 200 m; HMT Colony. search within ~210 m around the pin
AD002396,AC001858,T2,2679.1,-1257.1,569.0,VERIFY_FIRST,prior_only,locality,0,"Paani ki Tanki ke paas, ~120 m uttar-purab. Location uncertain - verify by phone before visiting"
AD002397,AC001859,T3,-3951.0,-975.7,329.0,VISIT_WITH_HINT,prior_only,landmark,0,120 m north of Hanuman Temple. search within ~330 m around the pin
AD002398,AC001859,T3,668.1,-915.9,61.0,DIRECT_VISIT,visit_1,visits,1,140 m north-west of Govt School. Agents report: behind Govt School. search within ~60 m
AD002399,AC001860,T3,1166.5,-3517.0,255.0,VISIT_WITH_HINT,prior_only,baseline_street,0,120 m north of Water Tank. search within ~260 m around the pin
AD002400,AC001861,T3,-2292.2,1253.1,175.0,VISIT_WITH_HINT,prior_only,neighbours,0,170 m south-west of Community Hall. search within ~180 m around the pin
AD002401,AC001862,T2,612.3,-3462.5,26.0,DIRECT_VISIT,visits_agree,visits,3,"Bus Stop ke paas, ~170 m dakshin-paschim. Agents report: Bus Stop ke paas. ~30 m ke andar dhoondo"
AD002402,AC001863,T3,-276.8,-3851.7,47.0,DIRECT_VISIT,visits_agree,visits,2,160 m south-west of Ganesh Temple. search within ~50 m
AD002403,AC001864,T1,2332.5,919.3,48.0,DIRECT_VISIT,visit_1,visits,1,"Sarkari Shale hattira, ~160 m north-east. ~50 m olage huduki"
AD002404,AC001865,T1,3069.4,-1957.5,19.0,DIRECT_VISIT,visits_disagree,visits,6,No mapped landmark within 200 m; Nehru Colony. ~20 m olage huduki
AD002405,AC001866,T3,-852.7,-858.9,180.0,VISIT_WITH_HINT,prior_only,landmark,0,150 m south of Ration Shop. search within ~180 m around the pin
AD002406,AC001866,OUT,,,,CANNOT_GEOCODE,out_of_territory,out_of_territory,0,Outside service area - verify address
AD002407,AC001867,T3,3987.0,330.3,194.0,VISIT_WITH_HINT,prior_only,neighbours,0,No mapped landmark within 200 m; Lakeview Phase 2. search within ~190 m around the pin
AD002408,AC001868,T1,-1270.3,139.7,215.0,VISIT_WITH_HINT,prior_only,landmark,0,"Medical Store hattira, ~190 m north. pin suttha ~220 m olage huduki"
AD002409,AC001868,OUT,,,,CANNOT_GEOCODE,out_of_territory,out_of_territory,0,Outside service area - verify address
AD002410,AC001869,T3,1190.0,-1091.8,194.0,VISIT_WITH_HINT,prior_only,neighbours,0,No mapped landmark within 200 m; Teachers Colony. search within ~190 m around the pin
AD002411,AC001869,T3,1196.2,-1234.0,75.0,DIRECT_VISIT,visit_1,visits,1,No mapped landmark within 200 m; Teachers Colony. search within ~80 m
AD002412,AC001870,T3,-2669.0,-142.2,37.0,DIRECT_VISIT,visits_disagree,visits,4,170 m west of Govt School. Agents report: opposite Govt School. search within ~40 m
AD002413,AC001871,T1,2966.7,-1912.6,18.0,DIRECT_VISIT,visits_agree,visits,5,No mapped landmark within 200 m; Nehru Colony. Agents report: Bus Stop hinde. ~20 m olage huduki
AD002414,AC001872,T1,2908.7,-1795.3,19.0,DIRECT_VISIT,visits_agree,visits,7,No mapped landmark within 200 m; Nehru Colony. ~20 m olage huduki
AD002415,AC001873,T3,-2689.6,-47.3,32.0,DIRECT_VISIT,visits_agree,visits,3,190 m west of Govt School. search within ~30 m
AD002416,AC001873,T3,-152.3,-3827.7,68.0,DIRECT_VISIT,visit_1,visits,1,50 m south of Ganesh Temple. search within ~70 m
AD002417,AC001874,T1,-379.4,-1504.2,329.0,VISIT_WITH_HINT,prior_only,landmark,0,"Medical Store hattira, ~130 m north-west. pin suttha ~330 m olage huduki"
AD002418,AC001874,T1,2997.8,-2137.0,396.0,VISIT_WITH_HINT,prior_only,landmark,0,"Ration Angadi hattira, ~60 m west. pin suttha ~400 m olage huduki"
AD002419,AC001875,T1,2769.9,-2323.5,23.0,DIRECT_VISIT,visits_agree,visits,3,"Anjaneya Gudi hattira, ~100 m west. ~20 m olage huduki"
AD002420,AC001875,OUT,,,,CANNOT_GEOCODE,out_of_territory,out_of_territory,0,Outside service area - verify address
AD002421,AC001876,T2,598.1,-2978.9,569.0,VERIFY_FIRST,prior_only,locality,0,"Girja Ghar ke paas, ~130 m uttar-purab. Location uncertain - verify by phone before visiting"
AD002422,AC001877,T3,850.1,-3666.0,329.0,VISIT_WITH_HINT,prior_only,landmark,0,60 m south-west of Hanuman Temple. search within ~330 m around the pin
AD002423,AC001878,T3,-2769.4,1380.4,40.0,DIRECT_VISIT,visit_1,visits,1,No mapped landmark within 200 m; Railway Colony. search within ~40 m
AD002424,AC001879,T3,-513.7,-3322.6,63.0,DIRECT_VISIT,visits_agree,visits,2,70 m south-east of Park. search within ~60 m
AD002425,AC001880,T3,-3383.2,-277.4,149.0,VISIT_WITH_HINT,prior_only,neighbours,0,No mapped landmark within 200 m; Green Park Layout. search within ~150 m around the pin
AD002426,AC001880,OUT,,,,CANNOT_GEOCODE,out_of_territory,out_of_territory,0,Outside service area - verify address
AD002427,AC001881,T3,-449.6,-3394.1,194.0,VISIT_WITH_HINT,prior_only,neighbours,0,170 m south-east of Park. search within ~190 m around the pin
AD002428,AC001882,T2,1150.6,-157.0,329.0,VISIT_WITH_HINT,prior_only,landmark,0,"Bus Stop ke paas, ~80 m uttar-paschim. pin ke aas-paas ~330 m ke andar dhoondo"
AD002429,AC001883,T1,2334.1,836.2,329.0,VISIT_WITH_HINT,prior_only,landmark,0,"Sarkari Shale hattira, ~100 m north-east. pin suttha ~330 m olage huduki"
AD002430,AC001883,T1,2657.0,-1998.0,120.0,VISIT_WITH_HINT,prior_only,neighbours,0,"Park hattira, ~160 m north-west. pin suttha ~120 m olage huduki"
AD002431,AC001884,T2,2853.8,-1207.7,28.0,DIRECT_VISIT,visit_1,visits,1,No mapped landmark within 200 m; Krishna Puri. ~30 m ke andar dhoondo
AD002432,AC001884,T2,781.3,2514.3,226.0,VISIT_WITH_HINT,prior_only,baseline_street,0,"Sarkari School ke paas, ~150 m dakshin-paschim. pin ke aas-paas ~230 m ke andar dhoondo"
AD002433,AC001885,T2,600.2,-2762.1,296.0,VISIT_WITH_HINT,prior_only,landmark,0,"Doodh Dairy ke paas, ~80 m uttar. pin ke aas-paas ~300 m ke andar dhoondo"
AD002434,AC001886,T1,-2859.9,1007.8,140.0,VISIT_WITH_HINT,prior_only,neighbours,0,"Post Office hattira, ~130 m north-west. pin suttha ~140 m olage huduki"
AD002435,AC001886,T1,2202.8,-1274.0,133.0,VISIT_WITH_HINT,prior_only,neighbours,0,No mapped landmark within 200 m; Siddeshwara Colony. pin suttha ~130 m olage huduki
AD002436,AC001887,T2,644.7,2805.2,196.0,VISIT_WITH_HINT,prior_only,landmark,0,No mapped landmark within 200 m; Azad Mohalla. pin ke aas-paas ~200 m ke andar dhoondo
AD002437,AC001887,T2,1443.1,-2051.0,271.0,VISIT_WITH_HINT,prior_only,landmark,0,"Girja Ghar ke paas, ~70 m dakshin. pin ke aas-paas ~270 m ke andar dhoondo"
AD002438,AC001888,T1,2700.8,879.2,329.0,VISIT_WITH_HINT,prior_only,landmark,0,"Masjid hattira, ~110 m south-east. pin suttha ~330 m olage huduki"
AD002439,AC001889,T1,2743.8,829.6,329.0,VISIT_WITH_HINT,prior_only,landmark,0,"Ration Angadi hattira, ~120 m north-west. pin suttha ~330 m olage huduki"
AD002440,AC001890,T2,1130.7,-1807.8,24.0,DIRECT_VISIT,visits_agree,visits,3,"Ration ki Dukaan ke paas, ~100 m uttar-purab. Agents report: Ration ki Dukaan ke peeche. ~20 m ke andar dhoondo"
AD002441,AC001890,T2,-464.6,-535.8,53.0,DIRECT_VISIT,visit_1,visits,1,"Daakghar ke paas, ~140 m purab. ~50 m ke andar dhoondo"
AD002442,AC001891,T1,-2775.6,1171.0,569.0,VERIFY_FIRST,prior_only,locality,0,"Bus Stop hattira, ~130 m south-west. Location uncertain - verify by phone before visiting"
AD002443,AC001891,OUT,,,,CANNOT_GEOCODE,out_of_territory,out_of_territory,0,Outside service area - verify address
AD002444,AC001892,T1,-3012.2,1093.2,198.0,VISIT_WITH_HINT,visits_disagree,visits,1,"Ration Angadi hattira, ~180 m south-east. pin suttha ~200 m olage huduki"
AD002445,AC001893,T3,845.1,-706.9,44.0,DIRECT_VISIT,visit_1,visits,1,No mapped landmark within 200 m; Teachers Colony. search within ~40 m
AD002446,AC001893,OUT,,,,CANNOT_GEOCODE,out_of_territory,out_of_territory,0,Outside service area - verify address
AD002447,AC001894,T3,883.2,-789.5,194.0,VISIT_WITH_HINT,prior_only,neighbours,0,No mapped landmark within 200 m; Teachers Colony. search within ~190 m around the pin
AD002448,AC001894,T3,3713.0,474.2,194.0,VISIT_WITH_HINT,prior_only,neighbours,0,100 m north-west of Bus Stop. search within ~190 m around the pin
AD002449,AC001895,T2,2164.4,1681.1,329.0,VISIT_WITH_HINT,prior_only,landmark,0,"Samudayik Bhavan ke paas, ~100 m uttar-purab. pin ke aas-paas ~330 m ke andar dhoondo"
AD002450,AC001895,T2,1068.0,-255.1,201.0,VISIT_WITH_HINT,prior_only,landmark,0,"Park ke paas, ~80 m uttar. pin ke aas-paas ~200 m ke andar dhoondo"
AD002451,AC001896,T1,-1252.3,334.1,569.0,VERIFY_FIRST,prior_only,locality,0,"Ganapathi Gudi hattira, ~130 m west. Location uncertain - verify by phone before visiting"
AD002452,AC001896,T1,-1166.0,-3203.3,569.0,VERIFY_FIRST,prior_only,locality,0,"Medical Store hattira, ~140 m north-east. Location uncertain - verify by phone before visiting"
AD002453,AC001897,T2,1373.7,-1855.5,56.0,DIRECT_VISIT,visit_1,visits,1,"Girja Ghar ke paas, ~150 m uttar-paschim. ~60 m ke andar dhoondo"
AD002454,AC001898,T3,-2226.6,1223.2,175.0,VISIT_WITH_HINT,prior_only,neighbours,0,170 m south of Community Hall. search within ~180 m around the pin
AD002455,AC001898,OUT,,,,CANNOT_GEOCODE,out_of_territory,out_of_territory,0,Outside service area - verify address
AD002456,AC001899,T1,2219.1,-1200.0,215.0,VISIT_WITH_HINT,prior_only,landmark,0,No mapped landmark within 200 m; Siddeshwara Colony. pin suttha ~220 m olage huduki
AD002457,AC001900,T1,2446.7,-1848.0,31.0,DIRECT_VISIT,visits_disagree,visits,1,No mapped landmark within 200 m; Nehru Colony. Agents report: Ganapathi Gudi eduru. ~30 m olage huduki
AD002458,AC001901,T2,1026.3,-3120.7,43.0,DIRECT_VISIT,visits_disagree,visits,2,"Hanuman Mandir ke paas, ~30 m purab. ~40 m ke andar dhoondo"
AD002459,AC001902,T2,1662.0,-2149.6,24.0,DIRECT_VISIT,visits_agree,visits,3,No mapped landmark within 200 m; Patel Nagar. Agents report: Dawai ki Dukaan ke saamne. ~20 m ke andar dhoondo
AD002460,AC001902,OUT,,,,CANNOT_GEOCODE,out_of_territory,out_of_territory,0,Outside service area - verify address
AD002461,AC001903,T1,2481.5,-2348.5,37.0,DIRECT_VISIT,visit_1,visits,1,"Masjid hattira, ~160 m east. Agents report: Masjid hattira. ~40 m olage huduki"
AD002462,AC001904,T1,2463.1,-2441.7,45.0,DIRECT_VISIT,visit_1,visits,1,"Masjid hattira, ~150 m east. ~40 m olage huduki"
AD002463,AC001905,T2,706.7,-3303.7,276.0,VISIT_WITH_HINT,prior_only,landmark,0,"Bus Stop ke paas, ~20 m uttar. pin ke aas-paas ~280 m ke andar dhoondo"
AD002464,AC001906,T2,2952.6,315.4,274.0,VISIT_WITH_HINT,prior_only,landmark,0,"Samudayik Bhavan ke paas, ~100 m uttar. pin ke aas-paas ~270 m ke andar dhoondo"
AD002465,AC001906,T2,1957.2,1866.9,2278.0,VERIFY_FIRST,prior_only,pincode_area,0,"Masjid ke paas, ~160 m uttar. Location uncertain - verify by phone before visiting"
AD002466,AC001907,T2,1859.7,-2104.2,41.0,DIRECT_VISIT,visits_disagree,visits,7,No mapped landmark within 200 m; Patel Nagar. Agents report: Dawai ki Dukaan ke saamne. ~40 m ke andar dhoondo
AD002467,AC001908,T3,2972.7,-2040.1,42.0,DIRECT_VISIT,visit_1,visits,1,No mapped landmark within 200 m; Palm Meadows. search within ~40 m
AD002468,AC001909,T1,-3074.0,1472.7,28.0,DIRECT_VISIT,visits_disagree,visits,4,"Samudaya Bhavana hattira, ~60 m north. Agents report: Samudaya Bhavana eduru. ~30 m olage huduki"
AD002469,AC001910,T3,-636.5,3155.6,175.0,VISIT_WITH_HINT,prior_only,neighbours,0,40 m south-east of Community Hall. search within ~180 m around the pin
AD002470,AC001911,T2,2667.3,-1610.4,296.0,VISIT_WITH_HINT,prior_only,landmark,0,No mapped landmark within 200 m; Krishna Puri. pin ke aas-paas ~300 m ke andar dhoondo
AD002471,AC001912,T3,3421.4,-2357.5,16.0,DIRECT_VISIT,visits_agree,visits,3,140 m south-west of Park. Agents report: near Park. search within ~20 m
AD002472,AC001913,T3,-3222.8,-821.7,208.0,VISIT_WITH_HINT,prior_only,baseline_street,0,No mapped landmark within 200 m; Green Park Layout. search within ~210 m around the pin
AD002473,AC001914,T2,1515.2,-1821.5,358.0,VISIT_WITH_HINT,prior_only,neighbours,0,"Girja Ghar ke paas, ~180 m uttar-purab. pin ke aas-paas ~360 m ke andar dhoondo"
AD002474,AC001915,T2,2801.1,836.9,53.0,DIRECT_VISIT,visit_1,visits,1,"Paani ki Tanki ke paas, ~80 m uttar-paschim. Agents report: Paani ki Tanki ke right side. Look for: blue gate. ~50 m ke andar dhoondo"
AD002475,AC001916,T2,1020.6,1253.1,569.0,VERIFY_FIRST,prior_only,locality,0,"Sarkari School ke paas, ~150 m dakshin. Location uncertain - verify by phone before visiting"
AD002476,AC001916,T2,1218.3,1174.3,329.0,VISIT_WITH_HINT,prior_only,landmark,0,"Bus Stop ke paas, ~180 m paschim. pin ke aas-paas ~330 m ke andar dhoondo"
AD002477,AC001917,T3,-2788.2,1459.3,283.0,VISIT_WITH_HINT,prior_only,neighbours,0,190 m south-east of Milk Dairy. search within ~280 m around the pin
AD002478,AC001917,T3,-794.1,-476.1,181.0,VISIT_WITH_HINT,prior_only,landmark,0,30 m west of Post Office. search within ~180 m around the pin
AD002479,AC001918,T1,2845.1,-2186.4,61.0,DIRECT_VISIT,visit_1,visits,1,"Samudaya Bhavana hattira, ~80 m south-east. ~60 m olage huduki"
AD002480,AC001919,T2,1658.7,-2070.5,38.0,DIRECT_VISIT,visit_1,visits,1,No mapped landmark within 200 m; Patel Nagar. Agents report: Girja Ghar ke paas. ~40 m ke andar dhoondo
AD002481,AC001920,T3,1268.5,-824.5,286.0,VISIT_WITH_HINT,prior_only,neighbours,0,110 m north-west of Medical Store. search within ~290 m around the pin
AD002482,AC001920,T3,-553.3,-3185.1,396.0,VISIT_WITH_HINT,prior_only,landmark,0,90 m north of Park. search within ~400 m around the pin
AD002483,AC001921,T2,781.6,-2787.3,33.0,DIRECT_VISIT,visits_disagree,visits,3,"Samudayik Bhavan ke paas, ~60 m uttar-paschim. Agents report: Samudayik Bhavan ke peeche. ~30 m ke andar dhoondo"
AD002484,AC001922,T1,2802.5,-2163.1,569.0,VERIFY_FIRST,prior_only,locality,0,"Samudaya Bhavana hattira, ~40 m south. Location uncertain - verify by phone before visiting"
AD002485,AC001923,T3,-2681.7,-142.5,58.0,DIRECT_VISIT,visits_disagree,visits,2,180 m west of Govt School. search within ~60 m
AD002486,AC001924,T3,3292.1,-1955.0,569.0,VERIFY_FIRST,prior_only,locality,0,140 m west of Masjid. Location uncertain - verify by phone before visiting
AD002487,AC001925,T2,1173.7,2766.7,34.0,DIRECT_VISIT,visit_1,visits,1,"Bus Stop ke paas, ~140 m uttar-purab. ~30 m ke andar dhoondo"
AD002488,AC001925,T2,1009.5,-351.9,43.0,DIRECT_VISIT,visits_agree,visits,2,"Park ke paas, ~60 m paschim. Agents report: Park ke right side. Look for: blue gate. ~40 m ke andar dhoondo"
AD002489,AC001926,T2,-379.5,-399.4,22.0,DIRECT_VISIT,visits_disagree,visits,3,"Doodh Dairy ke paas, ~160 m dakshin-paschim. ~20 m ke andar dhoondo"
AD002490,AC001927,T1,-837.0,-1414.0,42.0,DIRECT_VISIT,visits_agree,visits,4,"Ration Angadi hattira, ~130 m south. ~40 m olage huduki"
AD002491,AC001927,T1,-73.8,2560.7,215.0,VISIT_WITH_HINT,prior_only,landmark,0,"Samudaya Bhavana hattira, ~60 m north. pin suttha ~220 m olage huduki"
AD002492,AC001928,T2,-1041.1,-304.5,61.0,DIRECT_VISIT,visit_1,visits,1,No mapped landmark within 200 m; Shastri Nagar. Agents report: Sarkari School ke paas. ~60 m ke andar dhoondo
AD002493,AC001929,T3,-2434.3,-107.1,175.0,VISIT_WITH_HINT,prior_only,neighbours,0,70 m east of Govt School. search within ~180 m around the pin
AD002494,AC001930,T1,-721.6,-1133.3,26.0,DIRECT_VISIT,visits_agree,visits,4,No mapped landmark within 200 m; Hosa Badavane. ~30 m olage huduki
AD002495,AC001931,T1,-1596.8,-2209.3,2278.0,VERIFY_FIRST,prior_only,pincode_area,0,No mapped landmark within 200 m. Location uncertain - verify by phone before visiting
AD002496,AC001931,T1,-1104.2,-3300.8,329.0,VISIT_WITH_HINT,prior_only,landmark,0,"Sarkari Shale hattira, ~100 m north. pin suttha ~330 m olage huduki"
AD002497,AC001932,T3,-676.3,-715.7,243.0,VISIT_WITH_HINT,prior_only,landmark,0,120 m east of Milk Dairy. search within ~240 m around the pin
AD002498,AC001932,T3,1180.4,-3720.4,569.0,VERIFY_FIRST,prior_only,locality,0,90 m south of Water Tank. Location uncertain - verify by phone before visiting
AD002499,AC001933,T2,849.3,2781.3,22.0,DIRECT_VISIT,visits_agree,visits,5,No mapped landmark within 200 m; Azad Mohalla. Agents report: Sarkari School ke right side. Look for: blue gate. ~20 m ke andar dhoondo
AD002500,AC001934,T3,900.7,1611.6,161.0,VISIT_WITH_HINT,prior_only,neighbours,0,160 m south of Govt School. search within ~160 m around the pin
AD002501,AC001935,T2,632.7,3037.8,50.0,DIRECT_VISIT,visit_1,visits,1,No mapped landmark within 200 m; Azad Mohalla. ~50 m ke andar dhoondo
AD002502,AC001936,T1,923.1,-3421.1,36.0,DIRECT_VISIT,visit_1,visits,1,No mapped landmark within 200 m; Gandhi Nagar. ~40 m olage huduki
AD002503,AC001936,OUT,,,,CANNOT_GEOCODE,out_of_territory,out_of_territory,0,Outside service area - verify address
AD002504,AC001937,T3,-2283.6,1303.8,29.0,DIRECT_VISIT,visits_agree,visits,4,120 m south-west of Community Hall. search within ~30 m
AD002505,AC001938,T1,2942.8,-2655.8,36.0,DIRECT_VISIT,visits_agree,visits,2,No mapped landmark within 200 m; Nehru Colony. ~40 m olage huduki
AD002506,AC001939,T3,868.1,-869.3,56.0,DIRECT_VISIT,visit_1,visits,1,No mapped landmark within 200 m; Teachers Colony. search within ~60 m
AD002507,AC001939,OUT,,,,CANNOT_GEOCODE,out_of_territory,out_of_territory,0,Outside service area - verify address
AD002508,AC001940,T1,280.9,2320.8,569.0,VERIFY_FIRST,prior_only,locality,0,"Ganapathi Gudi hattira, ~150 m south-west. Location uncertain - verify by phone before visiting"
AD002509,AC001941,T3,-2424.8,-619.2,20.0,DIRECT_VISIT,visits_agree,visits,7,90 m south-east of Masjid. Agents report: near Masjid. search within ~20 m
AD002510,AC001942,T1,-2781.5,1580.8,43.0,DIRECT_VISIT,visit_1,visits,1,No mapped landmark within 200 m; Kalyana Nagar. ~40 m olage huduki
AD002511,AC001943,T3,3395.2,-1949.8,396.0,VISIT_WITH_HINT,prior_only,landmark,0,40 m south-west of Masjid. search within ~400 m around the pin
AD002512,AC001943,T3,3698.0,449.9,569.0,VERIFY_FIRST,prior_only,locality,0,100 m north-west of Bus Stop. Location uncertain - verify by phone before visiting
AD002513,AC001944,T3,-762.6,-387.1,31.0,DIRECT_VISIT,visits_agree,visits,2,80 m north of Post Office. Agents report: right side of Post Office. Look for: blue gate. search within ~30 m
AD002514,AC001945,T1,746.5,-3288.5,33.0,DIRECT_VISIT,visits_disagree,visits,2,No mapped landmark within 200 m. ~30 m olage huduki
AD002515,AC001945,T1,1806.4,-716.0,40.0,DIRECT_VISIT,visits_agree,visits,2,"Haalina Dairy hattira, ~190 m north-east. ~40 m olage huduki"
AD002516,AC001946,T2,740.6,2672.3,285.0,VISIT_WITH_HINT,prior_only,landmark,0,"Sarkari School ke paas, ~190 m uttar-paschim. pin ke aas-paas ~280 m ke andar dhoondo"
AD002517,AC001946,T2,985.9,1346.8,569.0,VERIFY_FIRST,prior_only,locality,0,"Sarkari School ke paas, ~50 m dakshin. Location uncertain - verify by phone before visiting"
AD002518,AC001947,T3,-468.4,-3647.7,194.0,VISIT_WITH_HINT,prior_only,neighbours,0,60 m south of Masjid. search within ~190 m around the pin
AD002519,AC001947,T3,-248.0,2877.0,46.0,DIRECT_VISIT,visit_1,visits,1,No mapped landmark within 200 m; Sunrise Enclave. search within ~50 m
AD002520,AC001948,T3,622.9,-860.8,50.0,DIRECT_VISIT,visits_agree,visits,2,110 m south of Bus Stop. search within ~50 m
AD002521,AC001949,T2,1577.2,-2387.7,28.0,DIRECT_VISIT,visits_agree,visits,5,"Dawai ki Dukaan ke paas, ~150 m paschim. ~30 m ke andar dhoondo"
AD002522,AC001950,T3,-2323.0,-92.2,48.0,DIRECT_VISIT,visits_agree,visits,2,180 m east of Govt School. Agents report: near Govt School. search within ~50 m
AD002523,AC001951,T3,3437.8,-2194.2,293.0,VISIT_WITH_HINT,prior_only,neighbours,0,110 m south of Water Tank. search within ~290 m around the pin
AD002524,AC001952,T3,575.5,1656.6,569.0,VERIFY_FIRST,prior_only,locality,0,120 m north-east of Ganesh Temple. Location uncertain - verify by phone before visiting
AD002525,AC001953,T2,1084.4,3002.2,54.0,DIRECT_VISIT,visit_1,visits,1,No mapped landmark within 200 m; Azad Mohalla. ~50 m ke andar dhoondo
AD002526,AC001954,T2,1406.5,-2118.9,40.0,DIRECT_VISIT,visits_agree,visits,2,"Girja Ghar ke paas, ~140 m dakshin. ~40 m ke andar dhoondo"
AD002527,AC001954,T2,964.9,2737.5,569.0,VERIFY_FIRST,prior_only,locality,0,"Bus Stop ke paas, ~160 m uttar-paschim. Location uncertain - verify by phone before visiting"
AD002528,AC001955,T3,-2991.0,-643.5,53.0,DIRECT_VISIT,visit_1,visits,1,160 m south-west of Bus Stop. search within ~50 m
AD002529,AC001956,T3,480.8,1530.9,396.0,VISIT_WITH_HINT,prior_only,landmark,0,40 m south of Ganesh Temple. search within ~400 m around the pin
AD002530,AC001957,T1,2880.4,-2281.7,22.0,DIRECT_VISIT,visits_agree,visits,3,"Anjaneya Gudi hattira, ~70 m north. ~20 m olage huduki"
AD002531,AC001958,T2,1080.3,189.7,83.0,DIRECT_VISIT,visits_disagree,visits,2,"Daakghar ke paas, ~180 m dakshin-purab. Agents report: Girja Ghar ke right side. Look for: blue gate. ~80 m ke andar dhoondo"
AD002532,AC001959,T3,-2393.3,1634.0,131.0,VISIT_WITH_HINT,visits_disagree,visits,1,90 m north-east of Bus Stop. Agents report: behind Bus Stop. search within ~130 m around the pin
AD002533,AC001960,T2,910.7,2768.6,196.0,VISIT_WITH_HINT,prior_only,landmark,0,"Sarkari School ke paas, ~180 m uttar. pin ke aas-paas ~200 m ke andar dhoondo"
AD002534,AC001960,T2,979.0,-65.5,378.0,VISIT_WITH_HINT,prior_only,neighbours,0,No mapped landmark within 200 m; Indira Colony. pin ke aas-paas ~380 m ke andar dhoondo
AD002535,AC001961,T2,2992.4,986.9,39.0,DIRECT_VISIT,visits_agree,visits,5,"Ration ki Dukaan ke paas, ~100 m uttar-purab. Agents report: Ganesh Mandir ke paas. ~40 m ke andar dhoondo"
AD002536,AC001962,T1,2722.6,950.8,120.0,VISIT_WITH_HINT,prior_only,neighbours,0,"Masjid hattira, ~100 m east. pin suttha ~120 m olage huduki"
AD002537,AC001963,T1,2747.3,-2394.4,40.0,DIRECT_VISIT,visits_disagree,visits,2,"Anjaneya Gudi hattira, ~130 m west. Agents report: Anjaneya Gudi eduru. ~40 m olage huduki"
AD002538,AC001963,OUT,,,,CANNOT_GEOCODE,out_of_territory,out_of_territory,0,Outside service area - verify address
AD002539,AC001964,T1,-2485.3,1260.3,37.0,DIRECT_VISIT,visit_1,visits,1,"Bus Stop hattira, ~190 m east. ~40 m olage huduki"
AD002540,AC001965,T2,2481.5,-1583.5,28.0,DIRECT_VISIT,visits_disagree,visits,5,No mapped landmark within 200 m; Krishna Puri. Agents report: Ration ki Dukaan ke peeche. ~30 m ke andar dhoondo
AD002541,AC001966,T2,1285.0,156.2,20.0,DIRECT_VISIT,visits_disagree,visits,6,"Hanuman Mandir ke paas, ~140 m dakshin. ~20 m ke andar dhoondo"
AD002542,AC001967,T3,3070.8,-2397.9,175.0,VISIT_WITH_HINT,prior_only,neighbours,0,80 m south of Milk Dairy. search within ~180 m around the pin
AD002543,AC001968,T1,-635.6,-1257.8,569.0,VERIFY_FIRST,prior_only,locality,0,"Church hattira, ~150 m north-west. Location uncertain - verify by phone before visiting"
AD002544,AC001969,T1,662.7,-2761.4,35.0,DIRECT_VISIT,visits_disagree,visits,2,"Ration Angadi hattira, ~20 m north-west. Agents report: Ration Angadi hinde. ~40 m olage huduki"
AD002545,AC001969,T1,-2557.1,1436.8,65.0,DIRECT_VISIT,visit_1,visits,1,No mapped landmark within 200 m. Agents report: Bus Stop hattira. ~60 m olage huduki
AD002546,AC001970,T3,-2310.3,-425.1,31.0,DIRECT_VISIT,visits_agree,visits,2,70 m north-west of Post Office. Agents report: behind Post Office. search within ~30 m
AD002547,AC001970,T3,325.7,1309.9,71.0,DIRECT_VISIT,visit_1,visits,1,No mapped landmark within 200 m; Royal Gardens. search within ~70 m
AD002548,AC001971,T1,731.2,-2922.2,39.0,DIRECT_VISIT,visit_1,visits,1,"Ration Angadi hattira, ~150 m south. Agents report: Ganapathi Gudi eduru. ~40 m olage huduki"
AD002549,AC001972,T3,845.7,-1269.7,175.0,VISIT_WITH_HINT,prior_only,neighbours,0,No mapped landmark within 200 m; Teachers Colony. search within ~180 m around the pin
AD002550,AC001973,T2,2896.8,573.5,41.0,DIRECT_VISIT,visits_agree,visits,2,No mapped landmark within 200 m; Nehru Colony. ~40 m ke andar dhoondo
AD002551,AC001974,T3,3448.2,531.6,18.0,DIRECT_VISIT,visits_agree,visits,4,60 m west of Milk Dairy. search within ~20 m
AD002552,AC001975,T3,-2215.6,1334.3,20.0,DIRECT_VISIT,visits_agree,visits,2,60 m south of Community Hall. search within ~20 m
AD002553,AC001976,T3,3530.0,-2253.4,175.0,VISIT_WITH_HINT,prior_only,neighbours,0,50 m north-west of Park. search within ~180 m around the pin
AD002554,AC001976,OUT,,,,CANNOT_GEOCODE,out_of_territory,out_of_territory,0,Outside service area - verify address
AD002555,AC001977,T2,2266.8,-1197.9,26.0,DIRECT_VISIT,visits_agree,visits,3,"Bus Stop ke paas, ~140 m uttar-paschim. Agents report: Samudayik Bhavan ke paas. ~30 m ke andar dhoondo"
AD002556,AC001978,T1,-578.1,-1391.2,329.0,VISIT_WITH_HINT,prior_only,landmark,0,Church hattira. pin suttha ~330 m olage huduki
AD002557,AC001979,T3,1336.2,-3625.5,329.0,VISIT_WITH_HINT,prior_only,landmark,0,110 m west of Medical Store. search within ~330 m around the pin
AD002558,AC001980,T1,2403.9,-2167.4,108.0,VISIT_WITH_HINT,visits_disagree,visits,1,No mapped landmark within 200 m; Siddeshwara Colony. Agents report: Masjid hinde. pin suttha ~110 m olage huduki
AD002559,AC001980,T1,-1856.2,2463.3,569.0,VERIFY_FIRST,prior_only,locality,0,"Sarkari Shale hattira, ~170 m north. Location uncertain - verify by phone before visiting"
AD002560,AC001981,T2,3212.9,712.1,60.0,DIRECT_VISIT,visit_1,visits,1,No mapped landmark within 200 m; Nehru Colony. ~60 m ke andar dhoondo
AD002561,AC001982,T2,-512.1,1556.5,205.0,VISIT_WITH_HINT,prior_only,landmark,0,"Petrol Pump ke paas, ~140 m purab. pin ke aas-paas ~200 m ke andar dhoondo"
AD002562,AC001983,T3,1266.2,-1062.2,41.0,DIRECT_VISIT,visits_disagree,visits,2,No mapped landmark within 200 m; Teachers Colony. search within ~40 m
AD002563,AC001984,T3,-227.2,-3650.4,200.0,VISIT_WITH_HINT,prior_only,baseline_street,0,160 m north-west of Ganesh Temple. search within ~200 m around the pin
AD002564,AC001985,T3,-463.2,2886.8,50.0,DIRECT_VISIT,visits_disagree,visits,2,No mapped landmark within 200 m; Sunrise Enclave. Agents report: near Church. search within ~50 m
AD002565,AC001986,T1,2489.3,1339.3,215.0,VISIT_WITH_HINT,prior_only,landmark,0,No mapped landmark within 200 m; Vidya Nagar. pin suttha ~220 m olage huduki
AD002566,AC001987,T3,-2627.0,-98.2,19.0,DIRECT_VISIT,visits_agree,visits,8,120 m west of Govt School. search within ~20 m
AD002567,AC001988,T3,-589.2,-542.9,329.0,VISIT_WITH_HINT,prior_only,landmark,0,80 m west of Water Tank. search within ~330 m around the pin
AD002568,AC001989,T2,3162.5,337.5,36.0,DIRECT_VISIT,visits_agree,visits,4,No mapped landmark within 200 m; Nehru Colony. Agents report: Samudayik Bhavan ke saamne. ~40 m ke andar dhoondo
AD002569,AC001990,T1,562.7,2959.4,45.0,DIRECT_VISIT,visit_1,visits,1,No mapped landmark within 200 m; Anjaneya Badavane. Agents report: Church hattira. ~40 m olage huduki
AD002570,AC001991,T2,2239.3,1738.3,437.0,VISIT_WITH_HINT,prior_only,locality,0,"Girja Ghar ke paas, ~120 m paschim. pin ke aas-paas ~440 m ke andar dhoondo"
AD002571,AC001992,T1,-2078.9,-2383.4,149.0,VISIT_WITH_HINT,visit_1,landmark,1,"Sarkari Shale hattira, ~110 m east. pin suttha ~150 m olage huduki"
AD002572,AC001993,T2,1194.1,1345.0,329.0,VISIT_WITH_HINT,prior_only,landmark,0,"Dawai ki Dukaan ke paas, ~140 m dakshin. pin ke aas-paas ~330 m ke andar dhoondo"
AD002573,AC001994,T1,-2815.0,1115.0,569.0,VERIFY_FIRST,prior_only,locality,0,"Bus Stop hattira, ~190 m south-west. Location uncertain - verify by phone before visiting"
AD002574,AC001995,T2,1803.5,-2199.7,17.0,DIRECT_VISIT,visits_agree,visits,7,"Dawai ki Dukaan ke paas, ~160 m uttar-purab. Agents report: Dawai ki Dukaan ke right side. Look for: blue gate. ~20 m ke andar dhoondo"
AD002575,AC001996,T2,2544.8,-1268.4,276.0,VISIT_WITH_HINT,prior_only,landmark,0,"Paani ki Tanki ke paas, ~60 m uttar-paschim. pin ke aas-paas ~280 m ke andar dhoondo"
AD002576,AC001997,T2,1443.0,-2347.0,19.0,DIRECT_VISIT,visits_agree,visits,6,"Masjid ke paas, ~200 m uttar-purab. Agents report: Masjid ke paas. ~20 m ke andar dhoondo"
AD002577,AC001998,T3,-265.6,3160.9,237.0,VISIT_WITH_HINT,prior_only,landmark,0,150 m south-east of Water Tank. search within ~240 m around the pin
AD002578,AC001998,T3,-2148.3,1540.9,175.0,VISIT_WITH_HINT,prior_only,neighbours,0,90 m south-west of Ganesh Temple. search within ~180 m around the pin
AD002579,AC001999,T1,-2004.2,-2588.5,41.0,DIRECT_VISIT,visits_agree,visits,3,"Ration Angadi hattira, ~150 m west. ~40 m olage huduki"
AD002580,AC002000,T2,-1712.6,-2938.2,437.0,VISIT_WITH_HINT,prior_only,locality,0,"Doodh Dairy ke paas, ~90 m paschim. pin ke aas-paas ~440 m ke andar dhoondo"
AD002581,AC002001,T3,-530.9,3296.5,333.0,VISIT_WITH_HINT,prior_only,neighbours,0,140 m north-west of Water Tank. search within ~330 m around the pin
AD002582,AC002001,T3,-2363.4,1691.2,34.0,DIRECT_VISIT,visit_1,visits,1,150 m north-east of Bus Stop. Agents report: near Bus Stop. search within ~30 m
AD002583,AC002002,T2,3399.3,554.1,30.0,DIRECT_VISIT,visits_agree,visits,5,No mapped landmark within 200 m; Nehru Colony. Agents report: Doodh Dairy ke right side. Look for: blue gate. ~30 m ke andar dhoondo
AD002584,AC002002,T2,1969.0,2072.2,51.0,DIRECT_VISIT,visit_1,visits,1,"Sarkari School ke paas, ~110 m paschim. ~50 m ke andar dhoondo"
AD002585,AC002003,T2,2409.3,1405.0,215.0,VISIT_WITH_HINT,prior_only,landmark,0,"Ration ki Dukaan ke paas, ~100 m dakshin-purab. pin ke aas-paas ~220 m ke andar dhoondo"
AD002586,AC002004,T3,876.8,-789.8,175.0,VISIT_WITH_HINT,prior_only,neighbours,0,No mapped landmark within 200 m; Teachers Colony. search within ~180 m around the pin
AD002587,AC002004,T3,3324.0,-2217.7,286.0,VISIT_WITH_HINT,prior_only,neighbours,0,200 m south-west of Water Tank. search within ~290 m around the pin
AD002588,AC002005,T2,650.8,-3295.9,21.0,DIRECT_VISIT,visit_1,visits,1,"Bus Stop ke paas, ~60 m paschim. Agents report: Bus Stop ke saamne. ~20 m ke andar dhoondo"
AD002589,AC002005,OUT,,,,CANNOT_GEOCODE,out_of_territory,out_of_territory,0,Outside service area - verify address
AD002590,AC002006,T3,-2318.0,-261.0,58.0,DIRECT_VISIT,visit_1,visits,1,No mapped landmark within 200 m; Silver Oak Layout. search within ~60 m
AD002591,AC002006,T3,-816.1,2842.4,149.0,VISIT_WITH_HINT,prior_only,neighbours,0,60 m south-east of Ration Shop. search within ~150 m around the pin
AD002592,AC002007,T3,3972.4,181.0,278.0,VISIT_WITH_HINT,prior_only,neighbours,0,No mapped landmark within 200 m; Lakeview Phase 2. search within ~280 m around the pin
AD002593,AC002008,T1,2344.3,1223.8,27.0,DIRECT_VISIT,visits_agree,visits,3,No mapped landmark within 200 m; Vidya Nagar. ~30 m olage huduki
AD002594,AC002009,T3,-1396.3,-2088.5,194.0,VISIT_WITH_HINT,prior_only,neighbours,0,No mapped landmark within 200 m; Defence Colony. search within ~190 m around the pin
AD002595,AC002010,T2,-614.6,-486.5,329.0,VISIT_WITH_HINT,prior_only,landmark,0,"Daakghar ke paas, ~60 m uttar. pin ke aas-paas ~330 m ke andar dhoondo"
AD002596,AC002011,T3,-789.3,2806.9,33.0,DIRECT_VISIT,visits_agree,visits,2,110 m south-east of Ration Shop. Agents report: opposite Ration Shop. search within ~30 m
AD002597,AC002011,OUT,,,,CANNOT_GEOCODE,out_of_territory,out_of_territory,0,Outside service area - verify address
AD002598,AC002012,T2,1335.4,-2037.8,271.0,VISIT_WITH_HINT,prior_only,landmark,0,"Doodh Dairy ke paas, ~70 m purab. pin ke aas-paas ~270 m ke andar dhoondo"
AD002599,AC002013,T3,971.5,-1043.1,228.0,VISIT_WITH_HINT,prior_only,neighbours,0,No mapped landmark within 200 m; Teachers Colony. search within ~230 m around the pin
AD002600,AC002013,T3,-2932.9,-599.3,175.0,VISIT_WITH_HINT,prior_only,neighbours,0,90 m west of Bus Stop. search within ~180 m around the pin
AD002601,AC002014,T2,1109.8,-41.2,569.0,VERIFY_FIRST,prior_only,locality,0,"Bus Stop ke paas, ~200 m uttar-paschim. Location uncertain - verify by phone before visiting"
AD002602,AC002015,T2,-812.7,-736.1,205.0,VISIT_WITH_HINT,prior_only,landmark,0,"Masjid ke paas, ~170 m paschim. pin ke aas-paas ~200 m ke andar dhoondo"
AD002603,AC002016,T3,3721.9,118.8,18.0,DIRECT_VISIT,visits_agree,visits,3,No mapped landmark within 200 m. search within ~20 m
AD002604,AC002016,OUT,,,,CANNOT_GEOCODE,out_of_territory,out_of_territory,0,Outside service area - verify address
AD002605,AC002017,T3,-3557.6,-512.0,304.0,VISIT_WITH_HINT,prior_only,neighbours,0,No mapped landmark within 200 m; Green Park Layout. search within ~300 m around the pin
AD002606,AC002018,T1,1216.9,-181.9,24.0,DIRECT_VISIT,visits_disagree,visits,3,No mapped landmark within 200 m; Kuvempu Layout. Agents report: Church hattira. ~20 m olage huduki
AD002607,AC002019,T1,-1147.5,353.0,396.0,VISIT_WITH_HINT,prior_only,landmark,0,"Ganapathi Gudi hattira, ~40 m north-west. pin suttha ~400 m olage huduki"
AD002608,AC002019,T1,-546.0,-1294.8,837.0,VERIFY_FIRST,prior_only,locality,0,"Church hattira, ~100 m north. Location uncertain - verify by phone before visiting"
AD002609,AC002020,T3,1012.7,-482.0,44.0,DIRECT_VISIT,visits_agree,visits,2,80 m south of Masjid. Agents report: near Masjid. search within ~40 m
AD002610,AC002020,T3,3409.6,-2249.4,149.0,VISIT_WITH_HINT,prior_only,neighbours,0,150 m west of Park. search within ~150 m around the pin
AD002611,AC002021,T2,2920.5,732.3,329.0,VISIT_WITH_HINT,prior_only,landmark,0,"Paani ki Tanki ke paas, ~90 m dakshin-purab. pin ke aas-paas ~330 m ke andar dhoondo"
AD002612,AC002022,T1,-1117.0,-3097.7,140.0,VISIT_WITH_HINT,prior_only,neighbours,0,No mapped landmark within 200 m; Basava Nagar. pin suttha ~140 m olage huduki
AD002613,AC002023,T2,727.8,-3428.2,37.0,DIRECT_VISIT,visit_1,visits,1,"Bus Stop ke paas, ~110 m dakshin. ~40 m ke andar dhoondo"
AD002614,AC002024,T3,665.2,-819.1,14.0,DIRECT_VISIT,visits_agree,visits,5,90 m south-east of Bus Stop. Agents report: near Bus Stop. search within ~10 m
AD002615,AC002025,T3,1153.0,-3654.6,329.0,VISIT_WITH_HINT,prior_only,landmark,0,20 m south of Water Tank. search within ~330 m around the pin
AD002616,AC002026,T1,-600.8,-1339.8,329.0,VISIT_WITH_HINT,prior_only,landmark,0,"Church hattira, ~60 m north-west. pin suttha ~330 m olage huduki"
AD002617,AC002027,T3,-2169.7,1176.7,42.0,DIRECT_VISIT,visits_disagree,visits,1,No mapped landmark within 200 m; Railway Colony. Agents report: behind Community Hall. search within ~40 m
AD002618,AC002028,T2,2906.2,-1243.7,34.0,DIRECT_VISIT,visit_1,visits,1,No mapped landmark within 200 m; Krishna Puri. Agents report: Ganesh Mandir ke paas. ~30 m ke andar dhoondo
AD002619,AC002029,T2,1009.6,1272.5,569.0,VERIFY_FIRST,prior_only,locality,0,"Sarkari School ke paas, ~120 m dakshin. Location uncertain - verify by phone before visiting"
AD002620,AC002030,T3,-602.8,-761.7,304.0,VISIT_WITH_HINT,prior_only,neighbours,0,190 m east of Milk Dairy. search within ~300 m around the pin
AD002621,AC002031,T1,815.5,-3141.5,30.0,DIRECT_VISIT,visits_disagree,visits,6,"Samudaya Bhavana hattira, ~100 m south-east. ~30 m olage huduki"
AD002622,AC002032,T2,-535.5,-639.8,279.0,VISIT_WITH_HINT,prior_only,landmark,0,"Daakghar ke paas, ~120 m dakshin-purab. pin ke aas-paas ~280 m ke andar dhoondo"
AD002623,AC002033,T1,2907.0,-1794.4,15.0,DIRECT_VISIT,visits_agree,visits,3,No mapped landmark within 200 m. Agents report: Ganapathi Gudi hattira. ~20 m olage huduki
AD002624,AC002034,T1,528.4,-3472.2,40.0,DIRECT_VISIT,visits_disagree,visits,4,No mapped landmark within 200 m; Gandhi Nagar. ~40 m olage huduki
AD002625,AC002034,OUT,,,,CANNOT_GEOCODE,out_of_territory,out_of_territory,0,Outside service area - verify address
AD002626,AC002035,T2,3138.3,466.0,18.0,DIRECT_VISIT,visits_agree,visits,7,No mapped landmark within 200 m; Nehru Colony. ~20 m ke andar dhoondo
AD002627,AC002036,T3,111.2,-327.6,2278.0,VERIFY_FIRST,prior_only,pincode_area,0,No mapped landmark within 200 m. Location uncertain - verify by phone before visiting
AD002628,AC002037,T2,588.4,-3046.1,403.0,VISIT_WITH_HINT,prior_only,locality,0,"Girja Ghar ke paas, ~80 m uttar-purab. pin ke aas-paas ~400 m ke andar dhoondo"
AD002629,AC002038,T3,981.5,-3595.2,329.0,VISIT_WITH_HINT,prior_only,landmark,0,110 m east of Hanuman Temple. search within ~330 m around the pin
AD002630,AC002038,OUT,,,,CANNOT_GEOCODE,out_of_territory,out_of_territory,0,Outside service area - verify address
AD002631,AC002039,T1,418.1,-3095.5,215.0,VISIT_WITH_HINT,prior_only,landmark,0,"Neerina Tank hattira, ~80 m east. pin suttha ~220 m olage huduki"
AD002632,AC002040,T3,715.5,-1192.5,40.0,DIRECT_VISIT,visits_agree,visits,2,90 m south-east of Ration Shop. Agents report: behind Ration Shop. search within ~40 m
AD002633,AC002041,T2,3177.1,730.0,22.0,DIRECT_VISIT,visits_agree,visits,5,No mapped landmark within 200 m; Nehru Colony. ~20 m ke andar dhoondo
AD002634,AC002041,T2,285.3,-3383.3,63.0,DIRECT_VISIT,visit_1,visits,1,No mapped landmark within 200 m; Shivaji Nagar. ~60 m ke andar dhoondo
AD002635,AC002042,T3,3245.2,-2180.5,26.0,DIRECT_VISIT,visits_disagree,visits,4,No mapped landmark within 200 m; Palm Meadows. Agents report: behind Water Tank. search within ~30 m
AD002636,AC002042,T3,-2397.3,1687.6,45.0,DIRECT_VISIT,visit_1,visits,1,120 m north-east of Bus Stop. Agents report: behind Bus Stop. search within ~40 m
AD002637,AC002043,T1,-1088.1,-3242.0,40.0,DIRECT_VISIT,visits_disagree,visits,2,"Sarkari Shale hattira, ~160 m north. ~40 m olage huduki"
AD002638,AC002044,T2,2524.7,-1234.2,569.0,VERIFY_FIRST,prior_only,locality,0,"Sarkari School ke paas, ~90 m purab. Location uncertain - verify by phone before visiting"
AD002639,AC002044,T2,1019.8,2882.0,378.0,VISIT_WITH_HINT,prior_only,neighbours,0,No mapped landmark within 200 m; Azad Mohalla. pin ke aas-paas ~380 m ke andar dhoondo
AD002640,AC002045,T1,578.0,-2943.4,120.0,VISIT_WITH_HINT,prior_only,neighbours,0,"Bus Stop hattira, ~50 m north-east. pin suttha ~120 m olage huduki"
AD002641,AC002046,T1,-2819.7,847.0,20.0,DIRECT_VISIT,visits_disagree,visits,3,"Post Office hattira, ~50 m south-west. Agents report: Post Office eduru. ~20 m olage huduki"
AD002642,AC002047,T2,2654.5,-1479.2,232.0,VISIT_WITH_HINT,prior_only,baseline_street,0,"Paani ki Tanki ke paas, ~180 m dakshin-purab. pin ke aas-paas ~230 m ke andar dhoondo"
AD002643,AC002048,T3,-1128.8,-2108.5,329.0,VISIT_WITH_HINT,prior_only,landmark,0,110 m north of Milk Dairy. search within ~330 m around the pin
AD002644,AC002048,OUT,,,,CANNOT_GEOCODE,out_of_territory,out_of_territory,0,Outside service area - verify address
AD002645,AC002049,T1,2826.4,1016.0,25.0,DIRECT_VISIT,visits_agree,visits,2,No mapped landmark within 200 m; Vidya Nagar. ~20 m olage huduki
AD002646,AC002049,OUT,,,,CANNOT_GEOCODE,out_of_territory,out_of_territory,0,Outside service area - verify address
AD002647,AC002050,T3,902.3,-3570.1,396.0,VISIT_WITH_HINT,prior_only,landmark,0,50 m north-east of Hanuman Temple. search within ~400 m around the pin
AD002648,AC002051,T3,3013.9,-1865.3,278.0,VISIT_WITH_HINT,prior_only,neighbours,0,No mapped landmark within 200 m; Palm Meadows. search within ~280 m around the pin
AD002649,AC002051,T3,-647.1,3237.7,237.0,VISIT_WITH_HINT,prior_only,landmark,0,50 m north of Community Hall. search within ~240 m around the pin
AD002650,AC002052,T2,1750.0,-1671.5,28.0,DIRECT_VISIT,visits_agree,visits,3,No mapped landmark within 200 m; Patel Nagar. ~30 m ke andar dhoondo
AD002651,AC002053,T3,-913.0,3388.5,43.0,DIRECT_VISIT,visit_1,visits,1,130 m south-west of Bus Stop. search within ~40 m
AD002652,AC002053,T3,-1001.2,-800.2,55.0,DIRECT_VISIT,visits_agree,visits,2,170 m south-west of Ration Shop. search within ~60 m
AD002653,AC002054,T2,602.5,1466.5,215.0,VISIT_WITH_HINT,prior_only,landmark,0,"Daakghar ke paas, ~80 m paschim. pin ke aas-paas ~220 m ke andar dhoondo"
AD002654,AC002055,T3,3818.0,198.6,41.0,DIRECT_VISIT,visit_1,visits,1,No mapped landmark within 200 m; Lakeview Phase 2. search within ~40 m
AD002655,AC002056,T3,-2944.0,-18.0,68.0,DIRECT_VISIT,visits_agree,visits,3,40 m north-west of Water Tank. search within ~70 m
AD002656,AC002057,T3,-2308.8,2064.5,69.0,DIRECT_VISIT,visit_1,visits,1,110 m north-east of Water Tank. Agents report: behind Petrol Bunk. search within ~70 m
AD002657,AC002058,T2,1514.6,-2301.8,372.0,VISIT_WITH_HINT,prior_only,neighbours,0,No mapped landmark within 200 m; Patel Nagar. pin ke aas-paas ~370 m ke andar dhoondo
AD002658,AC002059,T3,-1108.8,-727.8,149.0,VISIT_WITH_HINT,prior_only,neighbours,0,No mapped landmark within 200 m; HMT Colony. search within ~150 m around the pin
AD002659,AC002060,T3,-648.1,-381.1,234.0,VISIT_WITH_HINT,prior_only,landmark,0,150 m north-east of Post Office. search within ~230 m around the pin
AD002660,AC002061,T1,-2304.0,-2323.6,329.0,VISIT_WITH_HINT,prior_only,landmark,0,"Neerina Tank hattira, ~50 m east. pin suttha ~330 m olage huduki"
AD002661,AC002062,T2,1759.4,-1735.5,18.0,DIRECT_VISIT,visits_agree,visits,9,No mapped landmark within 200 m. Agents report: Ganesh Mandir ke right side. Look for: blue gate. ~20 m ke andar dhoondo
AD002662,AC002063,T3,-2855.8,-668.5,333.0,VISIT_WITH_HINT,prior_only,neighbours,0,100 m south of Bus Stop. search within ~330 m around the pin
AD002663,AC002064,T2,1582.3,-1942.8,36.0,DIRECT_VISIT,visits_disagree,visits,3,"Girja Ghar ke paas, ~150 m purab. ~40 m ke andar dhoondo"
AD002664,AC002065,T2,1222.4,-2400.0,31.0,DIRECT_VISIT,visits_disagree,visits,4,"Masjid ke paas, ~170 m uttar-paschim. ~30 m ke andar dhoondo"
AD002665,AC002065,T2,-141.3,1123.1,39.0,DIRECT_VISIT,visits_agree,visits,2,No mapped landmark within 200 m; Tilak Nagar. ~40 m ke andar dhoondo
AD002666,AC002066,T3,-952.0,-1906.5,396.0,VISIT_WITH_HINT,prior_only,landmark,0,20 m north-west of Water Tank. search within ~400 m around the pin
AD002667,AC002067,T3,-1144.5,-628.9,32.0,DIRECT_VISIT,visits_disagree,visits,1,150 m south-west of Govt School. Agents report: opposite Govt School. search within ~30 m
AD002668,AC002068,T1,-1200.1,351.1,329.0,VISIT_WITH_HINT,prior_only,landmark,0,"Ganapathi Gudi hattira, ~80 m west. pin suttha ~330 m olage huduki"
AD002669,AC002069,T2,685.9,2606.8,27.0,DIRECT_VISIT,visits_agree,visits,2,"Samudayik Bhavan ke paas, ~200 m purab. Agents report: Park ke saamne. ~30 m ke andar dhoondo"
AD002670,AC002070,T2,3162.8,172.4,26.0,DIRECT_VISIT,visit_1,visits,1,No mapped landmark within 200 m; Ram Nagar. ~30 m ke andar dhoondo
AD002671,AC002070,T2,-296.1,1143.0,137.0,VISIT_WITH_HINT,visit_1,visits,1,"Masjid ke paas, ~150 m uttar. Agents report: Masjid ke paas. pin ke aas-paas ~140 m ke andar dhoondo"
AD002672,AC002071,T1,2117.6,773.9,133.0,VISIT_WITH_HINT,prior_only,neighbours,0,"Park hattira, ~40 m north-east. pin suttha ~130 m olage huduki"
AD002673,AC002072,T1,2610.0,-2319.6,52.0,DIRECT_VISIT,visits_agree,visits,7,No mapped landmark within 200 m; Nehru Colony. ~50 m olage huduki
AD002674,AC002073,T3,-2480.7,-119.1,396.0,VISIT_WITH_HINT,prior_only,landmark,0,40 m south-east of Govt School. search within ~400 m around the pin
AD002675,AC002074,T3,-654.8,3198.0,26.0,DIRECT_VISIT,visits_agree,visits,4,At Community Hall. search within ~30 m
AD002676,AC002075,T3,3673.4,466.7,20.0,DIRECT_VISIT,visits_agree,visits,6,110 m south-east of Ration Shop. search within ~20 m
AD002677,AC002075,OUT,,,,CANNOT_GEOCODE,out_of_territory,out_of_territory,0,Outside service area - verify address
AD002678,AC002076,T3,-2515.8,-565.8,194.0,VISIT_WITH_HINT,prior_only,neighbours,0,40 m south-west of Masjid. search within ~190 m around the pin
AD002679,AC002076,OUT,,,,CANNOT_GEOCODE,out_of_territory,out_of_territory,0,Outside service area - verify address
AD002680,AC002077,T3,-1160.6,-1977.6,396.0,VISIT_WITH_HINT,prior_only,landmark,0,30 m north-west of Ganesh Temple. search within ~400 m around the pin
AD002681,AC002078,T1,2713.8,-1714.2,47.0,DIRECT_VISIT,visit_1,visits,1,No mapped landmark within 200 m; Nehru Colony. ~50 m olage huduki
AD002682,AC002079,T2,746.2,2471.2,199.0,VISIT_WITH_HINT,prior_only,landmark,0,"Sarkari School ke paas, ~200 m dakshin-paschim. pin ke aas-paas ~200 m ke andar dhoondo"
AD002683,AC002080,T1,1187.4,-2683.7,255.0,VISIT_WITH_HINT,prior_only,baseline_street,0,No mapped landmark within 200 m; Gandhi Nagar. pin suttha ~260 m olage huduki
AD002684,AC002081,T3,-2650.4,-476.5,175.0,VISIT_WITH_HINT,prior_only,neighbours,0,70 m north of Church. search within ~180 m around the pin
AD002685,AC002082,T3,3872.6,592.7,177.0,VISIT_WITH_HINT,visits_disagree,visits,1,No mapped landmark within 200 m; Lakeview Phase 2. Agents report: behind Bus Stop. search within ~180 m around the pin
AD002686,AC002082,OUT,,,,CANNOT_GEOCODE,out_of_territory,out_of_territory,0,Outside service area - verify address
AD002687,AC002083,T1,80.2,2638.4,37.0,DIRECT_VISIT,visit_1,visits,1,"Sarkari Shale hattira, ~130 m south-west. ~40 m olage huduki"
AD002688,AC002084,T2,1675.5,-2289.5,31.0,DIRECT_VISIT,visits_agree,visits,2,"Dawai ki Dukaan ke paas, ~70 m uttar-paschim. ~30 m ke andar dhoondo"
AD002689,AC002084,T2,-1763.7,-2697.6,329.0,VISIT_WITH_HINT,prior_only,landmark,0,"Sarkari School ke paas, ~110 m purab. pin ke aas-paas ~330 m ke andar dhoondo"
AD002690,AC002085,T2,1582.0,-2083.1,16.0,DIRECT_VISIT,visits_agree,visits,3,"Girja Ghar ke paas, ~170 m dakshin-purab. ~20 m ke andar dhoondo"
AD002691,AC002086,T1,3181.8,-2092.5,26.0,DIRECT_VISIT,visits_disagree,visits,5,"Ration Angadi hattira, ~150 m north-east. ~30 m olage huduki"
AD002692,AC002087,T3,-457.8,-3398.6,194.0,VISIT_WITH_HINT,prior_only,neighbours,0,170 m south-east of Park. search within ~190 m around the pin
AD002693,AC002088,T2,-441.8,-190.2,285.0,VISIT_WITH_HINT,prior_only,landmark,0,"Hanuman Mandir ke paas, ~140 m dakshin-paschim. pin ke aas-paas ~280 m ke andar dhoondo"
AD002694,AC002089,T2,2426.4,-1198.7,396.0,VISIT_WITH_HINT,prior_only,landmark,0,"Daakghar ke paas, ~20 m paschim. pin ke aas-paas ~400 m ke andar dhoondo"
AD002695,AC002089,T2,2930.3,754.2,226.0,VISIT_WITH_HINT,prior_only,baseline_street,0,"Paani ki Tanki ke paas, ~90 m purab. pin ke aas-paas ~230 m ke andar dhoondo"
AD002696,AC002090,T3,-2554.6,1235.7,31.0,DIRECT_VISIT,visits_disagree,visits,5,No mapped landmark within 200 m; Railway Colony. Agents report: opposite Masjid. search within ~30 m
AD002697,AC002091,T1,825.5,2125.5,64.0,DIRECT_VISIT,visit_1,visits,1,"Medical Store hattira, ~100 m north-east. ~60 m olage huduki"
AD002698,AC002091,T1,-1819.2,2023.8,255.0,VISIT_WITH_HINT,prior_only,baseline_street,0,"Petrol Bunk hattira, ~170 m south. pin suttha ~260 m olage huduki"
AD002699,AC002092,T2,1161.9,-266.1,387.0,VISIT_WITH_HINT,prior_only,neighbours,0,"Bus Stop ke paas, ~50 m dakshin-paschim. pin ke aas-paas ~390 m ke andar dhoondo"
AD002700,AC002093,T3,-1409.5,-2120.1,191.0,VISIT_WITH_HINT,prior_only,landmark,0,No mapped landmark within 200 m; Defence Colony. search within ~190 m around the pin
AD002701,AC002094,T2,808.6,2956.5,21.0,DIRECT_VISIT,visits_agree,visits,2,"Petrol Pump ke paas, ~170 m dakshin-paschim. ~20 m ke andar dhoondo"
AD002702,AC002094,T2,304.1,-3232.3,57.0,DIRECT_VISIT,visit_1,visits,1,"Ganesh Mandir ke paas, ~150 m dakshin. ~60 m ke andar dhoondo"
AD002703,AC002095,T2,443.8,-3209.0,239.0,VISIT_WITH_HINT,prior_only,baseline_street,0,"Ration ki Dukaan ke paas, ~60 m uttar-paschim. pin ke aas-paas ~240 m ke andar dhoondo"
AD002704,AC002096,T2,905.0,103.5,23.0,DIRECT_VISIT,visit_1,visits,1,"Daakghar ke paas, ~200 m dakshin. ~20 m ke andar dhoondo"
AD002705,AC002096,T2,-480.9,3124.1,378.0,VISIT_WITH_HINT,prior_only,neighbours,0,No mapped landmark within 200 m; Ambedkar Nagar. pin ke aas-paas ~380 m ke andar dhoondo
AD002706,AC002097,T1,1206.7,202.0,36.0,DIRECT_VISIT,visit_1,visits,1,"Haalina Dairy hattira, ~160 m north. ~40 m olage huduki"
AD002707,AC002098,T1,2434.0,-2346.4,42.0,DIRECT_VISIT,visits_agree,visits,5,"Masjid hattira, ~120 m east. ~40 m olage huduki"
AD002708,AC002099,T3,-1177.9,-615.8,29.0,DIRECT_VISIT,visits_agree,visits,3,170 m south-west of Govt School. Agents report: behind Govt School. search within ~30 m
AD002709,AC002100,T1,2444.0,-2334.5,35.0,DIRECT_VISIT,visit_1,visits,1,"Masjid hattira, ~130 m north-east. ~40 m olage huduki"
AD002710,AC002101,T3,-1151.7,-1949.1,329.0,VISIT_WITH_HINT,prior_only,landmark,0,40 m north of Ganesh Temple. search within ~330 m around the pin
AD002711,AC002102,T1,1179.8,-3169.8,27.0,DIRECT_VISIT,visits_disagree,visits,3,No mapped landmark within 200 m; Gandhi Nagar. Agents report: Ganapathi Gudi eduru. ~30 m olage huduki
AD002712,AC002103,T3,-753.0,-3728.6,28.0,DIRECT_VISIT,visits_agree,visits,5,No mapped landmark within 200 m; Orchid Enclave. Agents report: behind Ration Shop. search within ~30 m
AD002713,AC002103,T3,-2623.8,-150.5,275.0,VISIT_WITH_HINT,prior_only,neighbours,0,130 m south-west of Govt School. search within ~280 m around the pin
AD002714,AC002104,T3,3436.9,-2159.0,293.0,VISIT_WITH_HINT,prior_only,neighbours,0,80 m south-west of Water Tank. search within ~290 m around the pin
AD002715,AC002105,T1,626.2,-3047.1,569.0,VERIFY_FIRST,prior_only,locality,0,"Bus Stop hattira, ~100 m south-east. Location uncertain - verify by phone before visiting"
AD002716,AC002106,T2,-1412.1,-3090.7,396.0,VISIT_WITH_HINT,prior_only,landmark,0,"Bus Stop ke paas, ~40 m uttar. pin ke aas-paas ~400 m ke andar dhoondo"
AD002717,AC002106,T2,2550.8,-1154.2,569.0,VERIFY_FIRST,prior_only,locality,0,"Daakghar ke paas, ~110 m purab. Location uncertain - verify by phone before visiting"
AD002718,AC002107,T3,-197.6,2813.1,194.0,VISIT_WITH_HINT,prior_only,neighbours,0,No mapped landmark within 200 m; Sunrise Enclave. search within ~190 m around the pin
AD002719,AC002108,T2,-704.0,-427.3,51.0,DIRECT_VISIT,visit_1,visits,1,"Paani ki Tanki ke paas, ~60 m uttar-paschim. ~50 m ke andar dhoondo"
AD002720,AC002109,T3,-731.0,-3645.8,26.0,DIRECT_VISIT,visits_disagree,visits,2,No mapped landmark within 200 m; Orchid Enclave. Agents report: near Ration Shop. search within ~30 m
AD002721,AC002110,T1,-1827.4,2265.6,329.0,VISIT_WITH_HINT,prior_only,landmark,0,"Sarkari Shale hattira, ~50 m south-east. pin suttha ~330 m olage huduki"
AD002722,AC002111,T3,-895.9,-3796.2,93.0,DIRECT_VISIT,visits_disagree,visits,1,No mapped landmark within 200 m. search within ~90 m
AD002723,AC002112,T2,-1206.3,-2725.3,148.0,VISIT_WITH_HINT,visits_disagree,visits,1,No mapped landmark within 200 m; Subhash Nagar. Agents report: Hanuman Mandir ke paas. pin ke aas-paas ~150 m ke andar dhoondo
AD002724,AC002113,T2,-1900.6,-3183.8,19.0,DIRECT_VISIT,visit_1,visits,1,No mapped landmark within 200 m; Subhash Nagar. ~20 m ke andar dhoondo
AD002725,AC002114,T2,938.3,2815.3,368.0,VISIT_WITH_HINT,prior_only,neighbours,0,No mapped landmark within 200 m; Azad Mohalla. pin ke aas-paas ~370 m ke andar dhoondo
AD002726,AC002114,T2,987.3,1220.8,569.0,VERIFY_FIRST,prior_only,locality,0,"Sarkari School ke paas, ~170 m dakshin. Location uncertain - verify by phone before visiting"
AD002727,AC002115,T1,823.7,159.2,60.0,DIRECT_VISIT,visit_1,visits,1,Ration Angadi hattira. ~60 m olage huduki
AD002728,AC002116,T2,775.5,3067.6,68.0,DIRECT_VISIT,visits_agree,visits,5,"Petrol Pump ke paas, ~130 m paschim. ~70 m ke andar dhoondo"
AD002729,AC002117,T1,283.9,2294.9,569.0,VERIFY_FIRST,prior_only,locality,0,"Ganapathi Gudi hattira, ~170 m south. Location uncertain - verify by phone before visiting"
AD002730,AC002118,T3,1286.5,688.5,54.0,DIRECT_VISIT,visit_1,visits,1,No mapped landmark within 200 m. search within ~50 m
AD002731,AC002118,T3,852.0,1604.5,13.0,DIRECT_VISIT,visits_agree,visits,4,180 m south of Govt School. Agents report: opposite Church. search within ~10 m
AD002732,AC002119,T2,-144.9,1611.6,329.0,VISIT_WITH_HINT,prior_only,landmark,0,"Sarkari School ke paas, ~60 m dakshin. pin ke aas-paas ~330 m ke andar dhoondo"
AD002733,AC002120,T2,888.5,2826.8,569.0,VERIFY_FIRST,prior_only,locality,0,No mapped landmark within 200 m; Azad Mohalla. Location uncertain - verify by phone before visiting
AD002734,AC002120,T2,759.9,2657.7,271.0,VISIT_WITH_HINT,prior_only,landmark,0,"Sarkari School ke paas, ~160 m uttar-paschim. pin ke aas-paas ~270 m ke andar dhoondo"
AD002735,AC002121,T3,3702.1,-37.4,35.0,DIRECT_VISIT,visits_disagree,visits,2,No mapped landmark within 200 m; Lakeview Phase 2. search within ~40 m
AD002736,AC002122,T3,1301.1,-3952.5,329.0,VISIT_WITH_HINT,prior_only,landmark,0,160 m north-west of Govt School. search within ~330 m around the pin
AD002737,AC002123,T3,3601.0,168.3,35.0,DIRECT_VISIT,visits_agree,visits,5,No mapped landmark within 200 m; Lakeview Phase 2. search within ~40 m
AD002738,AC002124,T1,-1263.0,135.1,329.0,VISIT_WITH_HINT,prior_only,landmark,0,"Medical Store hattira, ~180 m north. pin suttha ~330 m olage huduki"
AD002739,AC002125,T3,725.6,-764.6,329.0,VISIT_WITH_HINT,prior_only,landmark,0,120 m east of Bus Stop. search within ~330 m around the pin
AD002740,AC002126,T1,-2973.1,1080.0,569.0,VERIFY_FIRST,prior_only,locality,0,No mapped landmark within 200 m; Vinayaka Nagar. Location uncertain - verify by phone before visiting
AD002741,AC002127,T2,743.8,-130.6,42.0,DIRECT_VISIT,visit_1,visits,1,No mapped landmark within 200 m; Indira Colony. ~40 m ke andar dhoondo
AD002742,AC002127,T2,604.0,-2750.5,296.0,VISIT_WITH_HINT,prior_only,landmark,0,"Doodh Dairy ke paas, ~90 m uttar. pin ke aas-paas ~300 m ke andar dhoondo"
AD002743,AC002128,T3,-1126.0,-1941.9,329.0,VISIT_WITH_HINT,prior_only,landmark,0,50 m north of Ganesh Temple. search within ~330 m around the pin
AD002744,AC002129,T1,2141.0,843.5,48.0,DIRECT_VISIT,visits_agree,visits,2,"Park hattira, ~110 m north-east. ~50 m olage huduki"
AD002745,AC002129,OUT,,,,CANNOT_GEOCODE,out_of_territory,out_of_territory,0,Outside service area - verify address
AD002746,AC002130,T1,2587.3,-2300.9,133.0,VISIT_WITH_HINT,prior_only,neighbours,0,No mapped landmark within 200 m; Nehru Colony. pin suttha ~130 m olage huduki
AD002747,AC002130,OUT,,,,CANNOT_GEOCODE,out_of_territory,out_of_territory,0,Outside service area - verify address
AD002748,AC002131,T2,1157.7,-1875.3,30.0,DIRECT_VISIT,visits_agree,visits,6,"Ration ki Dukaan ke paas, ~120 m purab. Agents report: Ration ki Dukaan ke paas. ~30 m ke andar dhoondo"
AD002749,AC002131,T2,-1000.9,-804.8,43.0,DIRECT_VISIT,visit_1,visits,1,No mapped landmark within 200 m; Shastri Nagar. ~40 m ke andar dhoondo
AD002750,AC002132,T2,606.7,2900.4,39.0,DIRECT_VISIT,visit_1,visits,1,No mapped landmark within 200 m; Azad Mohalla. Agents report: Girja Ghar ke paas. ~40 m ke andar dhoondo
AD002751,AC002133,T2,3106.9,460.5,21.0,DIRECT_VISIT,visits_disagree,visits,5,No mapped landmark within 200 m; Nehru Colony. Agents report: Samudayik Bhavan ke right side. Look for: blue gate. ~20 m ke andar dhoondo
AD002752,AC002133,T2,1273.8,1178.1,329.0,VISIT_WITH_HINT,prior_only,landmark,0,"Bus Stop ke paas, ~130 m uttar-paschim. pin ke aas-paas ~330 m ke andar dhoondo"
AD002753,AC002134,T3,3921.5,592.9,175.0,VISIT_WITH_HINT,prior_only,neighbours,0,No mapped landmark within 200 m; Lakeview Phase 2. search within ~180 m around the pin
AD002754,AC002134,T3,-111.3,3282.4,175.0,VISIT_WITH_HINT,prior_only,neighbours,0,No mapped landmark within 200 m; Sunrise Enclave. search within ~180 m around the pin
AD002755,AC002135,T3,-3815.9,-1048.1,29.0,DIRECT_VISIT,visit_1,visits,1,180 m east of Hanuman Temple. Agents report: behind Hanuman Temple. search within ~30 m
AD002756,AC002136,T3,-2545.7,1415.0,40.0,DIRECT_VISIT,visits_agree,visits,3,170 m west of Masjid. search within ~40 m
AD002757,AC002137,T1,2394.5,-2148.5,12.0,DIRECT_VISIT,visits_agree,visits,5,No mapped landmark within 200 m; Nehru Colony. ~10 m olage huduki
AD002758,AC002138,T3,-2838.2,-540.2,229.0,VISIT_WITH_HINT,prior_only,neighbours,0,30 m north of Bus Stop. search within ~230 m around the pin
AD002759,AC002138,T3,1158.7,-3606.3,569.0,VERIFY_FIRST,prior_only,locality,0,30 m north of Water Tank. Location uncertain - verify by phone before visiting
AD002760,AC002139,T3,-476.7,-3655.5,175.0,VISIT_WITH_HINT,prior_only,neighbours,0,70 m south of Masjid. search within ~180 m around the pin
AD002761,AC002139,T3,-3613.7,-817.3,75.0,DIRECT_VISIT,visit_1,visits,1,No mapped landmark within 200 m; Green Park Layout. search within ~80 m
AD002762,AC002140,T1,-1261.3,65.7,52.0,DIRECT_VISIT,visit_1,visits,1,"Medical Store hattira, ~110 m north. Agents report: Medical Store hinde. ~50 m olage huduki"
AD002763,AC002141,T2,1803.2,-2199.4,41.0,DIRECT_VISIT,visits_agree,visits,3,"Dawai ki Dukaan ke paas, ~160 m uttar-purab. ~40 m ke andar dhoondo"
AD002764,AC002142,T1,498.7,-3305.8,396.0,VISIT_WITH_HINT,visits_disagree,baseline_rooftop,1,No mapped landmark within 200 m; Gandhi Nagar. pin suttha ~400 m olage huduki
AD002765,AC002142,T1,895.5,-469.7,44.0,DIRECT_VISIT,visit_1,visits,1,No mapped landmark within 200 m; Kuvempu Layout. ~40 m olage huduki
AD002766,AC002143,T1,2782.0,-1912.6,26.0,DIRECT_VISIT,visits_agree,visits,2,No mapped landmark within 200 m; Nehru Colony. Agents report: Ganapathi Gudi hattira. ~30 m olage huduki
AD002767,AC002144,T1,-2163.3,1432.4,9110.0,VERIFY_FIRST,prior_only,pincode_area,0,No mapped landmark within 200 m. Location uncertain - verify by phone before visiting
AD002768,AC002145,T3,-95.4,-3317.1,149.0,VISIT_WITH_HINT,prior_only,neighbours,0,190 m south of Medical Store. search within ~150 m around the pin
AD002769,AC002145,T3,505.7,1701.4,569.0,VERIFY_FIRST,prior_only,locality,0,130 m north of Ganesh Temple. Location uncertain - verify by phone before visiting
AD002770,AC002146,T2,-1673.0,-2876.0,556.0,VERIFY_FIRST,prior_only,neighbours,0,"Doodh Dairy ke paas, ~90 m uttar-paschim. Location uncertain - verify by phone before visiting"
AD002771,AC002147,T1,2381.3,-2228.7,23.0,DIRECT_VISIT,visits_disagree,visits,4,"Masjid hattira, ~170 m north. Agents report: Masjid eduru. ~20 m olage huduki"
AD002772,AC002148,T2,2531.6,-918.0,17.0,DIRECT_VISIT,visits_agree,visits,5,No mapped landmark within 200 m; Krishna Puri. Agents report: Daakghar ke peeche. ~20 m ke andar dhoondo
AD002773,AC002149,T1,-1015.9,-3159.2,569.0,VERIFY_FIRST,prior_only,locality,0,No mapped landmark within 200 m; Basava Nagar. Location uncertain - verify by phone before visiting
AD002774,AC002150,T1,1134.0,-115.8,569.0,VERIFY_FIRST,prior_only,locality,0,No mapped landmark within 200 m; Kuvempu Layout. Location uncertain - verify by phone before visiting
AD002775,AC002150,T1,679.2,-3022.7,569.0,VERIFY_FIRST,prior_only,locality,0,"Samudaya Bhavana hattira, ~80 m north-west. Location uncertain - verify by phone before visiting"
AD002776,AC002151,T3,-957.8,-1903.5,329.0,VISIT_WITH_HINT,prior_only,landmark,0,30 m north-west of Water Tank. search within ~330 m around the pin
AD002777,AC002152,T2,983.4,803.2,255.0,VISIT_WITH_HINT,prior_only,baseline_street,0,No mapped landmark within 200 m; Gandhi Basti. pin ke aas-paas ~260 m ke andar dhoondo
AD002778,AC002153,T3,-542.4,2993.3,37.0,DIRECT_VISIT,visit_1,visits,1,180 m east of Church. search within ~40 m
AD002779,AC002154,T1,-2175.1,-2415.1,329.0,VISIT_WITH_HINT,prior_only,landmark,0,Sarkari Shale hattira. pin suttha ~330 m olage huduki
AD002780,AC002154,OUT,,,,CANNOT_GEOCODE,out_of_territory,out_of_territory,0,Outside service area - verify address
AD002781,AC002155,T1,2712.1,-2069.0,569.0,VERIFY_FIRST,prior_only,locality,0,"Park hattira, ~70 m north-west. Location uncertain - verify by phone before visiting"
AD002782,AC002156,T3,1224.2,-3677.8,569.0,VERIFY_FIRST,prior_only,locality,0,80 m south-east of Water Tank. Location uncertain - verify by phone before visiting
AD002783,AC002157,T1,2803.2,-2293.4,483.0,VISIT_WITH_HINT,prior_only,landmark,0,"Anjaneya Gudi hattira, ~90 m north-west. pin suttha ~480 m olage huduki"
AD002784,AC002158,T2,-484.2,-360.3,51.0,DIRECT_VISIT,visits_disagree,visits,1,No mapped landmark within 200 m; Shastri Nagar. ~50 m ke andar dhoondo
AD002785,AC002159,T3,2987.4,-2037.8,194.0,VISIT_WITH_HINT,prior_only,neighbours,0,No mapped landmark within 200 m; Palm Meadows. search within ~190 m around the pin
AD002786,AC002159,T3,-2757.2,1587.7,329.0,VISIT_WITH_HINT,prior_only,landmark,0,130 m east of Milk Dairy. search within ~330 m around the pin
AD002787,AC002160,T2,874.1,-3123.7,329.0,VISIT_WITH_HINT,prior_only,landmark,0,"Hanuman Mandir ke paas, ~130 m paschim. pin ke aas-paas ~330 m ke andar dhoondo"
AD002788,AC002160,T2,573.0,2564.5,36.0,DIRECT_VISIT,visit_1,visits,1,"Samudayik Bhavan ke paas, ~120 m dakshin-purab. Agents report: Samudayik Bhavan ke paas. ~40 m ke andar dhoondo"
AD002789,AC002161,T3,-2574.0,1782.0,194.0,VISIT_WITH_HINT,prior_only,neighbours,0,No mapped landmark within 200 m; Railway Colony. search within ~190 m around the pin
AD002790,AC002161,OUT,,,,CANNOT_GEOCODE,out_of_territory,out_of_territory,0,Outside service area - verify address
AD002791,AC002162,T3,2960.7,-2046.7,80.0,DIRECT_VISIT,visit_1,visits,1,No mapped landmark within 200 m. search within ~80 m
AD002792,AC002163,T1,-1053.9,932.7,61.0,DIRECT_VISIT,visit_1,visits,1,"Masjid hattira, ~70 m north. ~60 m olage huduki"
AD002793,AC002164,T1,-836.7,-126.2,60.0,DIRECT_VISIT,visit_1,visits,1,No mapped landmark within 200 m. Agents report: Ganapathi Gudi hattira. ~60 m olage huduki
AD002794,AC002165,T2,1625.8,-2313.5,16.0,DIRECT_VISIT,visits_agree,visits,7,"Dawai ki Dukaan ke paas, ~100 m paschim. Agents report: Dawai ki Dukaan ke paas. ~20 m ke andar dhoondo"
AD002795,AC002166,T1,352.7,2692.6,133.0,VISIT_WITH_HINT,prior_only,neighbours,0,"Church hattira, ~50 m east. pin suttha ~130 m olage huduki"
AD002796,AC002167,T2,840.7,3203.0,59.0,DIRECT_VISIT,visits_disagree,visits,1,"Petrol Pump ke paas, ~120 m uttar-paschim. ~60 m ke andar dhoondo"
AD002797,AC002167,OUT,,,,CANNOT_GEOCODE,out_of_territory,out_of_territory,0,Outside service area - verify address
AD002798,AC002168,T2,1354.3,2759.3,44.0,DIRECT_VISIT,visits_agree,visits,2,No mapped landmark within 200 m; Azad Mohalla. ~40 m ke andar dhoondo
AD002799,AC002169,T3,3478.9,-23.8,25.0,DIRECT_VISIT,visits_agree,visits,4,No mapped landmark within 200 m; Lakeview Phase 2. search within ~20 m
AD002800,AC002170,T3,-4028.1,-1025.1,149.0,VISIT_WITH_HINT,prior_only,neighbours,0,40 m east of Water Tank. search within ~150 m around the pin
AD002801,AC002171,T1,-750.6,-1698.0,27.0,DIRECT_VISIT,visits_agree,visits,2,No mapped landmark within 200 m; Hosa Badavane. Agents report: Park eduru. ~30 m olage huduki
AD002802,AC002172,T1,690.4,-2778.3,22.0,DIRECT_VISIT,visits_agree,visits,4,Ration Angadi hattira. Agents report: Ration Angadi hattira. ~20 m olage huduki
AD002803,AC002172,T1,-292.1,-1407.7,329.0,VISIT_WITH_HINT,prior_only,landmark,0,"Medical Store hattira, ~190 m north. pin suttha ~330 m olage huduki"
AD002804,AC002173,T3,-505.2,3118.4,569.0,VERIFY_FIRST,prior_only,locality,0,150 m south-west of Water Tank. Location uncertain - verify by phone before visiting
AD002805,AC002173,OUT,,,,CANNOT_GEOCODE,out_of_territory,out_of_territory,0,Outside service area - verify address
AD002806,AC002174,T1,2847.8,-1788.1,30.0,DIRECT_VISIT,visits_agree,visits,5,No mapped landmark within 200 m; Nehru Colony. Agents report: Ganapathi Gudi eduru. ~30 m olage huduki
AD002807,AC002174,T1,1590.5,-1015.5,36.0,DIRECT_VISIT,visit_1,visits,1,"Medical Store hattira, ~180 m north-west. ~40 m olage huduki"
AD002808,AC002175,T1,2456.0,-2256.5,39.0,DIRECT_VISIT,visits_disagree,visits,3,"Masjid hattira, ~190 m north-east. Agents report: Masjid hinde. ~40 m olage huduki"
AD002809,AC002176,T1,2176.8,-921.2,40.0,DIRECT_VISIT,visits_agree,visits,2,"Park hattira, ~40 m east. ~40 m olage huduki"
AD002810,AC002176,OUT,,,,CANNOT_GEOCODE,out_of_territory,out_of_territory,0,Outside service area - verify address
AD002811,AC002177,T2,-757.0,2723.7,62.0,DIRECT_VISIT,visit_1,visits,1,"Dawai ki Dukaan ke paas, ~160 m uttar. ~60 m ke andar dhoondo"
AD002812,AC002178,T1,-1047.2,-1002.7,22.0,DIRECT_VISIT,visits_agree,visits,4,No mapped landmark within 200 m; Hosa Badavane. ~20 m olage huduki
AD002813,AC002178,T1,-1093.3,155.7,38.0,DIRECT_VISIT,visit_1,visits,1,"Ganapathi Gudi hattira, ~170 m south. Agents report: Ganapathi Gudi hinde. ~40 m olage huduki"
AD002814,AC002179,T1,-881.0,-3547.9,12.0,DIRECT_VISIT,visits_disagree,visits,5,No mapped landmark within 200 m; Basava Nagar. ~10 m olage huduki
AD002815,AC002180,T1,579.7,-2945.6,396.0,VISIT_WITH_HINT,prior_only,landmark,0,"Bus Stop hattira, ~50 m north-east. pin suttha ~400 m olage huduki"
AD002816,AC002181,T3,-2349.1,1458.6,396.0,VISIT_WITH_HINT,prior_only,landmark,0,40 m north-east of Masjid. search within ~400 m around the pin
AD002817,AC002181,T3,1210.8,-857.9,329.0,VISIT_WITH_HINT,prior_only,landmark,0,160 m west of Medical Store. search within ~330 m around the pin
AD002818,AC002182,T1,689.1,2363.1,163.0,VISIT_WITH_HINT,visits_disagree,visits,1,No mapped landmark within 200 m; Anjaneya Badavane. pin suttha ~160 m olage huduki
AD002819,AC002183,T3,1330.0,-912.8,35.0,DIRECT_VISIT,visits_disagree,visits,4,50 m south-west of Medical Store. Agents report: near Medical Store. search within ~40 m
AD002820,AC002184,T2,1882.8,-1871.0,24.0,DIRECT_VISIT,visits_agree,visits,4,No mapped landmark within 200 m; Patel Nagar. ~20 m ke andar dhoondo
AD002821,AC002185,T2,1306.0,-2221.7,41.0,DIRECT_VISIT,visits_disagree,visits,6,"Doodh Dairy ke paas, ~180 m dakshin. ~40 m ke andar dhoondo"
AD002822,AC002186,T3,933.2,-615.4,197.0,VISIT_WITH_HINT,prior_only,baseline_street,0,No mapped landmark within 200 m; Teachers Colony. search within ~200 m around the pin
AD002823,AC002187,T2,-1552.9,-2895.9,569.0,VERIFY_FIRST,prior_only,locality,0,"Hanuman Mandir ke paas, ~90 m dakshin. Location uncertain - verify by phone before visiting"
AD002824,AC002187,T2,1042.9,2687.2,329.0,VISIT_WITH_HINT,prior_only,landmark,0,"Bus Stop ke paas, ~60 m uttar-paschim. pin ke aas-paas ~330 m ke andar dhoondo"
AD002825,AC002188,T1,740.2,-3135.5,32.0,DIRECT_VISIT,visits_agree,visits,2,"Samudaya Bhavana hattira, ~60 m south. Agents report: Samudaya Bhavana hinde. ~30 m olage huduki"
AD002826,AC002189,T2,-10.2,1548.0,296.0,VISIT_WITH_HINT,prior_only,landmark,0,"Park ke paas, ~160 m uttar. pin ke aas-paas ~300 m ke andar dhoondo"
AD002827,AC002190,T1,-1348.2,629.8,329.0,VISIT_WITH_HINT,prior_only,landmark,0,"Samudaya Bhavana hattira, ~190 m south-east. pin suttha ~330 m olage huduki"
AD002828,AC002191,T1,-2987.9,726.1,35.0,DIRECT_VISIT,visit_1,visits,1,"Ganapathi Gudi hattira, ~190 m south-east. Agents report: Ganapathi Gudi eduru. ~40 m olage huduki"
AD002829,AC002192,T3,-2377.4,-122.0,62.0,DIRECT_VISIT,visit_1,visits,1,130 m east of Govt School. Agents report: opposite Govt School. search within ~60 m
AD002830,AC002193,T3,3377.1,-2198.1,234.0,VISIT_WITH_HINT,prior_only,landmark,0,150 m south-west of Water Tank. search within ~230 m around the pin
AD002831,AC002194,T2,892.1,2542.1,279.0,VISIT_WITH_HINT,prior_only,landmark,0,"Sarkari School ke paas, ~50 m dakshin. pin ke aas-paas ~280 m ke andar dhoondo"
AD002832,AC002195,T2,2693.1,-1016.8,22.0,DIRECT_VISIT,visits_agree,visits,3,No mapped landmark within 200 m; Krishna Puri. Agents report: Paani ki Tanki ke paas. ~20 m ke andar dhoondo
AD002833,AC002195,T2,-191.9,1344.9,66.0,DIRECT_VISIT,visit_1,visits,1,No mapped landmark within 200 m; Tilak Nagar. ~70 m ke andar dhoondo
AD002834,AC002196,T2,2306.7,1909.8,396.0,VISIT_WITH_HINT,prior_only,landmark,0,"Ganesh Mandir ke paas, ~20 m paschim. pin ke aas-paas ~400 m ke andar dhoondo"
AD002835,AC002197,T1,2746.3,-2197.5,569.0,VERIFY_FIRST,prior_only,locality,0,"Park hattira, ~70 m south. Location uncertain - verify by phone before visiting"
AD002836,AC002197,T1,3004.4,-2139.9,396.0,VISIT_WITH_HINT,prior_only,landmark,0,"Ration Angadi hattira, ~50 m west. pin suttha ~400 m olage huduki"
AD002837,AC002198,T1,725.9,-3269.2,133.0,VISIT_WITH_HINT,prior_only,neighbours,0,"Samudaya Bhavana hattira, ~190 m south. pin suttha ~130 m olage huduki"
AD002838,AC002199,T2,2708.1,-1149.5,199.0,VISIT_WITH_HINT,prior_only,landmark,0,No mapped landmark within 200 m; Krishna Puri. pin ke aas-paas ~200 m ke andar dhoondo
AD002839,AC002199,T2,-443.8,-458.0,569.0,VERIFY_FIRST,prior_only,locality,0,"Daakghar ke paas, ~180 m uttar-purab. Location uncertain - verify by phone before visiting"
AD002840,AC002200,T1,1074.9,-211.8,569.0,VERIFY_FIRST,prior_only,locality,0,"Ganapathi Gudi hattira, ~190 m south-east. Location uncertain - verify by phone before visiting"
AD002841,AC002201,T1,2380.0,-622.0,27.0,DIRECT_VISIT,visits_agree,visits,2,No mapped landmark within 200 m; Siddeshwara Colony. Agents report: Petrol Bunk hinde. ~30 m olage huduki
AD002842,AC002202,T2,-864.0,-2.0,47.0,DIRECT_VISIT,visit_1,visits,1,No mapped landmark within 200 m; Shastri Nagar. ~50 m ke andar dhoondo
AD002843,AC002203,T2,-206.3,-574.6,229.0,VISIT_WITH_HINT,prior_only,baseline_street,0,No mapped landmark within 200 m; Shastri Nagar. pin ke aas-paas ~230 m ke andar dhoondo
AD002844,AC002203,T2,681.6,-3069.5,569.0,VERIFY_FIRST,prior_only,locality,0,"Girja Ghar ke paas, ~170 m purab. Location uncertain - verify by phone before visiting"
AD002845,AC002204,T1,-2269.7,-2736.0,255.0,VISIT_WITH_HINT,prior_only,baseline_street,0,No mapped landmark within 200 m; Shanthi Nagar. pin suttha ~260 m olage huduki
AD002846,AC002204,T1,2521.2,1034.5,569.0,VERIFY_FIRST,prior_only,locality,0,"Masjid hattira, ~130 m north-west. Location uncertain - verify by phone before visiting"
AD002847,AC002205,T3,1314.6,-998.6,175.0,VISIT_WITH_HINT,prior_only,neighbours,0,130 m south-west of Medical Store. search within ~180 m around the pin
AD002848,AC002206,T3,978.0,-773.0,23.0,DIRECT_VISIT,visits_disagree,visits,4,No mapped landmark within 200 m; Teachers Colony. search within ~20 m
AD002849,AC002207,T2,1666.5,-2379.9,32.0,DIRECT_VISIT,visits_disagree,visits,5,"Dawai ki Dukaan ke paas, ~70 m dakshin-paschim. Agents report: Dawai ki Dukaan ke saamne. ~30 m ke andar dhoondo"
AD002850,AC002208,T1,627.9,2912.7,255.0,VISIT_WITH_HINT,prior_only,baseline_street,0,No mapped landmark within 200 m; Anjaneya Badavane. pin suttha ~260 m olage huduki
AD002851,AC002209,T2,-492.3,-317.7,205.0,VISIT_WITH_HINT,prior_only,landmark,0,No mapped landmark within 200 m; Shastri Nagar. pin ke aas-paas ~200 m ke andar dhoondo
AD002852,AC002210,T3,-287.3,2832.0,75.0,DIRECT_VISIT,visit_1,visits,1,No mapped landmark within 200 m; Sunrise Enclave. Agents report: opposite Water Tank. search within ~80 m
AD002853,AC002211,T2,-202.3,1370.9,437.0,VISIT_WITH_HINT,prior_only,locality,0,No mapped landmark within 200 m; Tilak Nagar. pin ke aas-paas ~440 m ke andar dhoondo
AD002854,AC002212,T2,1543.8,-2046.2,272.0,VISIT_WITH_HINT,prior_only,landmark,0,"Girja Ghar ke paas, ~120 m dakshin-purab. pin ke aas-paas ~270 m ke andar dhoondo"
AD002855,AC002213,T1,2587.6,1007.7,329.0,VISIT_WITH_HINT,prior_only,landmark,0,"Masjid hattira, ~60 m north-west. pin suttha ~330 m olage huduki"
AD002856,AC002214,T1,2758.3,-2112.7,396.0,VISIT_WITH_HINT,prior_only,landmark,0,"Park hattira, ~30 m north-east. pin suttha ~400 m olage huduki"
AD002857,AC002215,T3,1273.8,-827.0,286.0,VISIT_WITH_HINT,prior_only,neighbours,0,110 m north-west of Medical Store. search within ~290 m around the pin
AD002858,AC002216,T1,1162.8,-2870.0,13.0,DIRECT_VISIT,visits_agree,visits,9,No mapped landmark within 200 m; Gandhi Nagar. ~10 m olage huduki
AD002859,AC002217,T2,967.0,2835.0,569.0,VERIFY_FIRST,prior_only,locality,0,No mapped landmark within 200 m; Azad Mohalla. Location uncertain - verify by phone before visiting
AD002860,AC002218,T3,3962.9,234.1,278.0,VISIT_WITH_HINT,prior_only,neighbours,0,No mapped landmark within 200 m; Lakeview Phase 2. search within ~280 m around the pin
AD002861,AC002219,T1,128.2,2571.4,38.0,DIRECT_VISIT,visit_1,visits,1,"Sarkari Shale hattira, ~160 m south. ~40 m olage huduki"
AD002862,AC002220,T3,3382.4,-1869.9,34.0,DIRECT_VISIT,visits_agree,visits,3,80 m north-west of Masjid. search within ~30 m
AD002863,AC002221,T3,-309.9,-3288.9,175.0,VISIT_WITH_HINT,prior_only,neighbours,0,No mapped landmark within 200 m; Orchid Enclave. search within ~180 m around the pin
AD002864,AC002221,T3,-696.8,-3258.0,73.0,DIRECT_VISIT,visit_1,visits,1,120 m north-west of Hanuman Temple. search within ~70 m
AD002865,AC002222,T3,-3035.9,-246.8,34.0,DIRECT_VISIT,visit_1,visits,1,No mapped landmark within 200 m; Silver Oak Layout. search within ~30 m
AD002866,AC002223,T3,4011.2,646.5,26.0,DIRECT_VISIT,visit_1,visits,1,No mapped landmark within 200 m; Lakeview Phase 2. Agents report: right side of Hanuman Temple. Look for: blue gate. search within ~30 m
AD002867,AC002224,T3,-2335.0,1720.0,13.0,DIRECT_VISIT,visits_agree,visits,6,190 m north-east of Bus Stop. search within ~10 m
AD002868,AC002225,T1,-361.7,-1093.8,329.0,VISIT_WITH_HINT,prior_only,landmark,0,"Haalina Dairy hattira, ~40 m west. pin suttha ~330 m olage huduki"
AD002869,AC002226,T3,-1040.5,-511.7,175.0,VISIT_WITH_HINT,prior_only,neighbours,0,30 m north of Govt School. search within ~180 m around the pin
AD002870,AC002227,T2,1494.0,-2259.8,17.0,DIRECT_VISIT,visits_agree,visits,7,No mapped landmark within 200 m; Patel Nagar. Agents report: Dawai ki Dukaan ke peeche. ~20 m ke andar dhoondo
AD002871,AC002228,T3,854.4,-1186.8,161.0,VISIT_WITH_HINT,prior_only,neighbours,0,170 m south-east of Church. search within ~160 m around the pin
AD002872,AC002229,T2,3288.8,290.9,29.0,DIRECT_VISIT,visits_disagree,visits,3,No mapped landmark within 200 m; Nehru Colony. Agents report: Doodh Dairy ke saamne. ~30 m ke andar dhoondo
AD002873,AC002230,T3,-2647.6,-470.0,227.0,VISIT_WITH_HINT,prior_only,neighbours,0,80 m north-east of Church. search within ~230 m around the pin
AD002874,AC002230,T3,3583.0,21.8,194.0,VISIT_WITH_HINT,prior_only,neighbours,0,No mapped landmark within 200 m; Lakeview Phase 2. search within ~190 m around the pin
AD002875,AC002231,T1,1397.5,256.2,38.0,DIRECT_VISIT,visits_disagree,visits,2,No mapped landmark within 200 m; Kuvempu Layout. ~40 m olage huduki
AD002876,AC002232,T1,567.8,-3343.1,133.0,VISIT_WITH_HINT,prior_only,neighbours,0,No mapped landmark within 200 m; Gandhi Nagar. pin suttha ~130 m olage huduki
AD002877,AC002233,T3,-630.2,-485.3,46.0,DIRECT_VISIT,visit_1,visits,1,140 m east of Post Office. search within ~50 m
AD002878,AC002234,T2,2464.3,-704.2,22.0,DIRECT_VISIT,visits_agree,visits,3,No mapped landmark within 200 m; Krishna Puri. Agents report: Daakghar ke saamne. ~20 m ke andar dhoondo
AD002879,AC002235,T2,2589.2,-1415.0,437.0,VISIT_WITH_HINT,prior_only,locality,0,"Paani ki Tanki ke paas, ~100 m dakshin. pin ke aas-paas ~440 m ke andar dhoondo"
AD002880,AC002236,T3,-452.0,2927.4,28.0,DIRECT_VISIT,visits_agree,visits,4,No mapped landmark within 200 m; Sunrise Enclave. Agents report: opposite Water Tank. search within ~30 m
AD002881,AC002237,T1,2135.1,1309.6,396.0,VISIT_WITH_HINT,prior_only,landmark,0,"Bus Stop hattira, ~20 m north-west. pin suttha ~400 m olage huduki"
AD002882,AC002238,T1,1201.0,-327.0,22.0,DIRECT_VISIT,visits_agree,visits,6,"Anjaneya Gudi hattira, ~140 m north-east. Agents report: Church hinde. ~20 m olage huduki"
AD002883,AC002239,T1,676.0,-2977.5,569.0,VERIFY_FIRST,prior_only,locality,0,"Samudaya Bhavana hattira, ~120 m north-west. Location uncertain - verify by phone before visiting"
AD002884,AC002240,T3,-379.8,-3305.2,48.0,DIRECT_VISIT,visit_1,visits,1,190 m east of Park. search within ~50 m
AD002885,AC002240,OUT,,,,CANNOT_GEOCODE,out_of_territory,out_of_territory,0,Outside service area - verify address
AD002886,AC002241,T1,586.9,-3051.1,569.0,VERIFY_FIRST,prior_only,locality,0,"Bus Stop hattira, ~80 m south-east. Location uncertain - verify by phone before visiting"
AD002887,AC002241,T1,2576.6,982.9,329.0,VISIT_WITH_HINT,prior_only,landmark,0,"Masjid hattira, ~60 m west. pin suttha ~330 m olage huduki"
AD002888,AC002242,T2,2917.4,824.5,296.0,VISIT_WITH_HINT,prior_only,landmark,0,"Paani ki Tanki ke paas, ~90 m uttar-purab. pin ke aas-paas ~300 m ke andar dhoondo"
AD002889,AC002243,T3,4090.5,106.2,17.0,DIRECT_VISIT,visits_disagree,visits,4,No mapped landmark within 200 m; Lakeview Phase 2. search within ~20 m
AD002890,AC002243,T3,-2362.1,1239.0,27.0,DIRECT_VISIT,visit_1,visits,1,190 m south of Masjid. search within ~30 m
AD002891,AC002244,T3,526.1,-937.1,58.0,DIRECT_VISIT,visits_agree,visits,2,No mapped landmark within 200 m; Teachers Colony. search within ~60 m
AD002892,AC002245,T3,-2264.5,1638.5,194.0,VISIT_WITH_HINT,prior_only,neighbours,0,160 m west of Ganesh Temple. search within ~190 m around the pin
AD002893,AC002246,T2,1638.0,-2343.8,274.0,VISIT_WITH_HINT,prior_only,landmark,0,"Dawai ki Dukaan ke paas, ~80 m paschim. pin ke aas-paas ~270 m ke andar dhoondo"
AD002894,AC002247,T3,409.7,1461.0,257.0,VISIT_WITH_HINT,prior_only,landmark,0,90 m south of Bus Stop. search within ~260 m around the pin
AD002895,AC002247,OUT,,,,CANNOT_GEOCODE,out_of_territory,out_of_territory,0,Outside service area - verify address
AD002896,AC002248,T3,1061.1,-451.9,20.0,DIRECT_VISIT,visits_agree,visits,4,60 m south-east of Masjid. search within ~20 m
AD002897,AC002248,OUT,,,,CANNOT_GEOCODE,out_of_territory,out_of_territory,0,Outside service area - verify address
AD002898,AC002249,T3,-560.3,-3419.0,293.0,VISIT_WITH_HINT,prior_only,neighbours,0,90 m south-east of Hanuman Temple. search within ~290 m around the pin
AD002899,AC002250,T2,3032.5,650.3,437.0,VISIT_WITH_HINT,prior_only,locality,0,No mapped landmark within 200 m; Nehru Colony. pin ke aas-paas ~440 m ke andar dhoondo
AD002900,AC002251,T3,3369.8,-1868.1,280.0,VISIT_WITH_HINT,prior_only,neighbours,0,90 m north-west of Masjid. search within ~280 m around the pin
AD002901,AC002252,T3,910.2,-1234.0,70.0,DIRECT_VISIT,visits_disagree,visits,1,No mapped landmark within 200 m; Teachers Colony. Agents report: behind Ration Shop. search within ~70 m
AD002902,AC002253,T3,-274.4,2932.0,283.0,VISIT_WITH_HINT,prior_only,neighbours,0,No mapped landmark within 200 m; Sunrise Enclave. search within ~280 m around the pin
AD002903,AC002254,T3,-2246.3,1649.8,14.0,DIRECT_VISIT,visits_agree,visits,6,140 m west of Ganesh Temple. search within ~10 m
AD002904,AC002255,T1,2811.5,-1977.5,110.0,VISIT_WITH_HINT,visits_disagree,visits,1,"Medical Store hattira, ~140 m north. pin suttha ~110 m olage huduki"
AD002905,AC002256,T3,1165.8,-676.6,227.0,VISIT_WITH_HINT,prior_only,neighbours,0,No mapped landmark within 200 m; Teachers Colony. search within ~230 m around the pin
AD002906,AC002257,T2,-340.2,-651.6,58.0,DIRECT_VISIT,visit_1,visits,1,No mapped landmark within 200 m; Shastri Nagar. ~60 m ke andar dhoondo
AD002907,AC002257,T2,1110.3,2696.7,176.0,VISIT_WITH_HINT,visits_disagree,visits,1,"Bus Stop ke paas, ~40 m uttar. pin ke aas-paas ~180 m ke andar dhoondo"
AD002908,AC002258,T1,2831.7,-2359.9,120.0,VISIT_WITH_HINT,prior_only,neighbours,0,"Anjaneya Gudi hattira, ~40 m west. pin suttha ~120 m olage huduki"
AD002909,AC002258,OUT,,,,CANNOT_GEOCODE,out_of_territory,out_of_territory,0,Outside service area - verify address
AD002910,AC002259,T1,-610.4,-1206.8,569.0,VERIFY_FIRST,prior_only,locality,0,"Church hattira, ~190 m north. Location uncertain - verify by phone before visiting"
AD002911,AC002260,T1,2903.9,-2208.9,16.0,DIRECT_VISIT,visits_disagree,visits,7,"Samudaya Bhavana hattira, ~140 m south-east. Agents report: Samudaya Bhavana eduru. ~20 m olage huduki"
AD002912,AC002261,T2,2622.0,403.5,36.0,DIRECT_VISIT,visits_disagree,visits,1,"Bus Stop ke paas, ~110 m dakshin. Agents report: Bus Stop ke right side. Look for: blue gate. ~40 m ke andar dhoondo"
AD002913,AC002261,T2,-491.4,1504.2,47.0,DIRECT_VISIT,visit_1,visits,1,"Petrol Pump ke paas, ~150 m purab. ~50 m ke andar dhoondo"
AD002914,AC002262,T1,-590.4,-1779.8,56.0,DIRECT_VISIT,visit_1,visits,1,No mapped landmark within 200 m; Ashoka Layout. ~60 m olage huduki
AD002915,AC002263,T2,-317.9,-280.8,329.0,VISIT_WITH_HINT,prior_only,landmark,0,"Doodh Dairy ke paas, ~40 m paschim. pin ke aas-paas ~330 m ke andar dhoondo"
AD002916,AC002264,T3,-346.9,-3802.8,63.0,DIRECT_VISIT,visits_agree,visits,2,No mapped landmark within 200 m; Orchid Enclave. Agents report: opposite Ganesh Temple. search within ~60 m
AD002917,AC002265,T1,-867.1,-3029.0,329.0,VISIT_WITH_HINT,prior_only,landmark,0,"Church hattira, ~60 m south-west. pin suttha ~330 m olage huduki"
AD002918,AC002266,T1,2717.5,-2159.0,329.0,VISIT_WITH_HINT,prior_only,landmark,0,"Park hattira, ~40 m south-west. pin suttha ~330 m olage huduki"
AD002919,AC002266,OUT,,,,CANNOT_GEOCODE,out_of_territory,out_of_territory,0,Outside service area - verify address
AD002920,AC002267,T1,2738.1,-2555.3,30.0,DIRECT_VISIT,visits_agree,visits,2,No mapped landmark within 200 m; Nehru Colony. ~30 m olage huduki
AD002921,AC002268,T3,-2712.9,1319.7,194.0,VISIT_WITH_HINT,prior_only,neighbours,0,No mapped landmark within 200 m; Railway Colony. search within ~190 m around the pin
AD002922,AC002269,T1,767.1,-2692.7,34.0,DIRECT_VISIT,visits_disagree,visits,2,"Ration Angadi hattira, ~120 m north-east. Agents report: Sarkari Shale hattira. ~30 m olage huduki"
AD002923,AC002270,T1,2462.0,-2325.7,140.0,VISIT_WITH_HINT,prior_only,neighbours,0,"Masjid hattira, ~150 m north-east. pin suttha ~140 m olage huduki"
AD002924,AC002271,T1,1830.9,-1050.1,569.0,VERIFY_FIRST,prior_only,locality,0,"Medical Store hattira, ~180 m north-east. Location uncertain - verify by phone before visiting"
AD002925,AC002272,T1,2584.0,-1986.4,17.0,DIRECT_VISIT,visits_agree,visits,5,No mapped landmark within 200 m; Nehru Colony. Agents report: Park eduru. ~20 m olage huduki
AD002926,AC002273,T3,-3985.2,-993.9,304.0,VISIT_WITH_HINT,prior_only,neighbours,0,90 m east of Water Tank. search within ~300 m around the pin
AD002927,AC002274,T3,-2820.1,-584.0,396.0,VISIT_WITH_HINT,prior_only,landmark,0,30 m south-east of Bus Stop. search within ~400 m around the pin
AD002928,AC002275,T1,1165.3,-3175.8,15.0,DIRECT_VISIT,visits_agree,visits,7,No mapped landmark within 200 m; Gandhi Nagar. Agents report: Ganapathi Gudi eduru. ~20 m olage huduki
AD002929,AC002275,T1,1065.5,-313.5,329.0,VISIT_WITH_HINT,prior_only,landmark,0,"Anjaneya Gudi hattira, ~110 m north. pin suttha ~330 m olage huduki"
AD002930,AC002276,T2,-873.4,2911.4,329.0,VISIT_WITH_HINT,prior_only,landmark,0,"Paani ki Tanki ke paas, ~150 m purab. pin ke aas-paas ~330 m ke andar dhoondo"
AD002931,AC002277,T2,2509.3,-1036.0,403.0,VISIT_WITH_HINT,prior_only,locality,0,"Daakghar ke paas, ~170 m uttar. pin ke aas-paas ~400 m ke andar dhoondo"
AD002932,AC002278,T3,-610.2,-3439.8,46.0,DIRECT_VISIT,visits_disagree,visits,4,80 m south of Hanuman Temple. Agents report: opposite Hanuman Temple. search within ~50 m
AD002933,AC002279,T3,913.6,-715.4,22.0,DIRECT_VISIT,visits_agree,visits,5,No mapped landmark within 200 m; Teachers Colony. Agents report: right side of Ganesh Temple. Look for: blue gate. search within ~20 m
AD002934,AC002280,T3,943.0,-3463.2,396.0,VISIT_WITH_HINT,prior_only,landmark,0,50 m north-east of Church. search within ~400 m around the pin
AD002935,AC002281,T3,-447.3,-3397.3,194.0,VISIT_WITH_HINT,prior_only,neighbours,0,170 m south-east of Park. search within ~190 m around the pin
AD002936,AC002282,T2,1130.2,2973.0,19.0,DIRECT_VISIT,visits_agree,visits,6,No mapped landmark within 200 m; Azad Mohalla. Agents report: Ganesh Mandir ke paas. ~20 m ke andar dhoondo
AD002937,AC002282,OUT,,,,CANNOT_GEOCODE,out_of_territory,out_of_territory,0,Outside service area - verify address
AD002938,AC002283,T1,2124.6,996.6,27.0,DIRECT_VISIT,visits_agree,visits,3,"Anjaneya Gudi hattira, ~140 m south. ~30 m olage huduki"
AD002939,AC002284,T3,-2343.5,1623.4,569.0,VERIFY_FIRST,prior_only,locality,0,130 m east of Bus Stop. Location uncertain - verify by phone before visiting
AD002940,AC002285,T1,-559.0,-1291.0,569.0,VERIFY_FIRST,prior_only,locality,0,"Church hattira, ~100 m north. Location uncertain - verify by phone before visiting"
AD002941,AC002285,T1,612.8,-3022.6,569.0,VERIFY_FIRST,prior_only,locality,0,"Bus Stop hattira, ~80 m south-east. Location uncertain - verify by phone before visiting"
AD002942,AC002286,T2,1196.7,1550.7,228.0,VISIT_WITH_HINT,prior_only,baseline_street,0,"Dawai ki Dukaan ke paas, ~90 m uttar-paschim. pin ke aas-paas ~230 m ke andar dhoondo"
AD002943,AC002287,T3,-2334.2,-86.8,42.0,DIRECT_VISIT,visit_1,visits,1,170 m east of Govt School. Agents report: opposite Govt School. search within ~40 m
AD002944,AC002287,T3,-2612.9,-163.5,275.0,VISIT_WITH_HINT,prior_only,neighbours,0,130 m south-west of Govt School. search within ~280 m around the pin
AD002945,AC002288,T2,2704.5,-28.8,47.0,DIRECT_VISIT,visit_1,visits,1,No mapped landmark within 200 m; Nehru Colony. Agents report: Samudayik Bhavan ke paas. ~50 m ke andar dhoondo
AD002946,AC002288,OUT,,,,CANNOT_GEOCODE,out_of_territory,out_of_territory,0,Outside service area - verify address
AD002947,AC002289,T2,1089.0,221.7,279.0,VISIT_WITH_HINT,prior_only,landmark,0,"Daakghar ke paas, ~170 m dakshin-purab. pin ke aas-paas ~280 m ke andar dhoondo"
AD002948,AC002290,T2,2509.9,-1173.0,569.0,VERIFY_FIRST,prior_only,locality,0,"Daakghar ke paas, ~70 m purab. Location uncertain - verify by phone before visiting"
AD002949,AC002290,T2,1086.6,-33.8,569.0,VERIFY_FIRST,prior_only,locality,0,No mapped landmark within 200 m; Indira Colony. Location uncertain - verify by phone before visiting
AD002950,AC002291,T1,-1030.9,-3194.8,569.0,VERIFY_FIRST,prior_only,locality,0,No mapped landmark within 200 m; Basava Nagar. Location uncertain - verify by phone before visiting
AD002951,AC002291,OUT,,,,CANNOT_GEOCODE,out_of_territory,out_of_territory,0,Outside service area - verify address
AD002952,AC002292,T1,1721.2,-892.8,329.0,VISIT_WITH_HINT,prior_only,landmark,0,"Haalina Dairy hattira, ~130 m south-east. pin suttha ~330 m olage huduki"
AD002953,AC002293,T2,2417.7,-1777.4,35.0,DIRECT_VISIT,visits_disagree,visits,1,No mapped landmark within 200 m. ~40 m ke andar dhoondo
AD002954,AC002294,T1,-893.6,-3299.1,140.0,VISIT_WITH_HINT,prior_only,neighbours,0,No mapped landmark within 200 m; Basava Nagar. pin suttha ~140 m olage huduki
AD002955,AC002294,T1,1510.2,-1201.6,396.0,VISIT_WITH_HINT,prior_only,landmark,0,"Masjid hattira, ~20 m south-east. pin suttha ~400 m olage huduki"
AD002956,AC002295,T3,-3034.5,-133.1,59.0,DIRECT_VISIT,visits_agree,visits,2,160 m south-west of Water Tank. search within ~60 m
AD002957,AC002296,T2,565.8,-2873.1,437.0,VISIT_WITH_HINT,prior_only,locality,0,"Doodh Dairy ke paas, ~50 m dakshin-paschim. pin ke aas-paas ~440 m ke andar dhoondo"
AD002958,AC002296,T2,1118.4,2628.1,396.0,VISIT_WITH_HINT,prior_only,landmark,0,"Bus Stop ke paas, ~30 m dakshin-purab. pin ke aas-paas ~400 m ke andar dhoondo"
AD002959,AC002297,T3,-2446.0,-525.0,51.0,DIRECT_VISIT,visits_disagree,visits,4,40 m north-east of Masjid. search within ~50 m
AD002960,AC002298,T3,-407.2,-3462.6,161.0,VISIT_WITH_HINT,prior_only,neighbours,0,140 m north-east of Masjid. search within ~160 m around the pin
AD002961,AC002299,T2,974.7,2640.3,403.0,VISIT_WITH_HINT,prior_only,locality,0,"Sarkari School ke paas, ~90 m uttar-purab. pin ke aas-paas ~400 m ke andar dhoondo"
AD002962,AC002300,T2,976.6,3136.5,18.0,DIRECT_VISIT,visits_agree,visits,6,"Petrol Pump ke paas, ~80 m uttar-purab. Agents report: Petrol Pump ke paas. Look for: blue gate. ~20 m ke andar dhoondo"
AD002963,AC002300,OUT,,,,CANNOT_GEOCODE,out_of_territory,out_of_territory,0,Outside service area - verify address
AD002964,AC002301,T3,-2712.7,1918.1,59.0,DIRECT_VISIT,visits_agree,visits,2,130 m south-west of Govt School. search within ~60 m
AD002965,AC002302,T1,-649.3,-1286.2,569.0,VERIFY_FIRST,prior_only,locality,0,"Church hattira, ~130 m north-west. Location uncertain - verify by phone before visiting"
AD002966,AC002303,T2,415.2,2577.5,32.0,DIRECT_VISIT,visits_agree,visits,5,"Samudayik Bhavan ke paas, ~110 m dakshin-paschim. ~30 m ke andar dhoondo"
AD002967,AC002304,T1,-1247.3,-2.6,38.0,DIRECT_VISIT,visits_agree,visits,3,"Medical Store hattira, ~60 m north-east. Agents report: Medical Store eduru. ~40 m olage huduki"
AD002968,AC002305,T3,3933.4,714.6,29.0,DIRECT_VISIT,visits_agree,visits,2,No mapped landmark within 200 m; Lakeview Phase 2. search within ~30 m
AD002969,AC002306,T3,1081.4,-3763.9,569.0,VERIFY_FIRST,prior_only,locality,0,150 m south-west of Water Tank. Location uncertain - verify by phone before visiting
AD002970,AC002306,T3,-1284.5,-2148.9,257.0,VISIT_WITH_HINT,prior_only,landmark,0,160 m north of Church. search within ~260 m around the pin
AD002971,AC002307,T2,2230.3,-1317.7,329.0,VISIT_WITH_HINT,prior_only,landmark,0,"Bus Stop ke paas, ~150 m paschim. pin ke aas-paas ~330 m ke andar dhoondo"
AD002972,AC002307,T2,2141.6,1667.6,296.0,VISIT_WITH_HINT,prior_only,landmark,0,"Samudayik Bhavan ke paas, ~70 m uttar-purab. pin ke aas-paas ~300 m ke andar dhoondo"
AD002973,AC002308,T2,1159.2,-2175.9,26.0,DIRECT_VISIT,visits_disagree,visits,4,"Sarkari School ke paas, ~140 m dakshin. Agents report: Sarkari School ke peeche. ~30 m ke andar dhoondo"
AD002974,AC002309,T2,1503.6,-1999.1,272.0,VISIT_WITH_HINT,prior_only,landmark,0,"Girja Ghar ke paas, ~60 m purab. pin ke aas-paas ~270 m ke andar dhoondo"
AD002975,AC002310,T2,2326.0,1917.0,569.0,VERIFY_FIRST,prior_only,locality,0,Ganesh Mandir ke paas. Location uncertain - verify by phone before visiting
AD002976,AC002311,T2,1377.7,-1672.7,35.0,DIRECT_VISIT,visit_1,visits,1,No mapped landmark within 200 m; Patel Nagar. Agents report: Samudayik Bhavan ke paas. ~40 m ke andar dhoondo
AD002977,AC002312,T3,-2666.0,-491.8,23.0,DIRECT_VISIT,visits_agree,visits,6,50 m north of Church. search within ~20 m
AD002978,AC002313,T1,2786.0,-2388.3,37.0,DIRECT_VISIT,visits_agree,visits,2,"Anjaneya Gudi hattira, ~90 m south-west. ~40 m olage huduki"
AD002979,AC002314,T1,1363.5,165.8,26.0,DIRECT_VISIT,visits_agree,visits,2,"Sarkari Shale hattira, ~150 m north-east. Agents report: Sarkari Shale eduru. ~30 m olage huduki"
AD002980,AC002315,T1,668.1,-3139.2,569.0,VERIFY_FIRST,prior_only,locality,0,"Samudaya Bhavana hattira, ~100 m south-west. Location uncertain - verify by phone before visiting"
AD002981,AC002316,T3,3927.8,523.2,35.0,DIRECT_VISIT,visits_agree,visits,2,180 m north-east of Bus Stop. search within ~40 m
AD002982,AC002317,T3,3058.5,-2330.8,29.0,DIRECT_VISIT,visits_agree,visits,3,20 m south-east of Milk Dairy. Agents report: behind Milk Dairy. search within ~30 m
AD002983,AC002318,T1,-2815.2,848.0,40.0,DIRECT_VISIT,visits_disagree,visits,3,"Post Office hattira, ~50 m south. ~40 m olage huduki"
AD002984,AC002319,T2,961.5,2784.5,403.0,VISIT_WITH_HINT,prior_only,locality,0,"Bus Stop ke paas, ~190 m uttar-paschim. pin ke aas-paas ~400 m ke andar dhoondo"
AD002985,AC002319,OUT,,,,CANNOT_GEOCODE,out_of_territory,out_of_territory,0,Outside service area - verify address
AD002986,AC002320,T3,3789.2,102.4,41.0,DIRECT_VISIT,visit_1,visits,1,No mapped landmark within 200 m; Lakeview Phase 2. Agents report: near Bus Stop. search within ~40 m
AD002987,AC002321,T1,730.4,-3301.6,34.0,DIRECT_VISIT,visit_1,visits,1,No mapped landmark within 200 m; Gandhi Nagar. Agents report: Samudaya Bhavana hinde. ~30 m olage huduki
AD002988,AC002322,T3,3135.0,-2407.5,226.0,VISIT_WITH_HINT,visits_disagree,visits,1,120 m south-east of Milk Dairy. Agents report: opposite Milk Dairy. search within ~230 m around the pin
AD002989,AC002323,T3,-2628.9,1730.9,71.0,DIRECT_VISIT,visit_1,visits,1,No mapped landmark within 200 m; Railway Colony. search within ~70 m
AD002990,AC002324,T3,-963.6,-311.3,43.0,DIRECT_VISIT,visit_1,visits,1,No mapped landmark within 200 m; HMT Colony. Agents report: right side of Govt School. Look for: blue gate. search within ~40 m
AD002991,AC002325,T1,2549.5,-2212.1,31.0,DIRECT_VISIT,visits_agree,visits,2,No mapped landmark within 200 m; Nehru Colony. ~30 m olage huduki
AD002992,AC002326,T2,-705.9,-669.9,285.0,VISIT_WITH_HINT,prior_only,landmark,0,"Masjid ke paas, ~120 m uttar-paschim. pin ke aas-paas ~280 m ke andar dhoondo"
AD002993,AC002327,T1,270.4,-2711.5,39.0,DIRECT_VISIT,visits_agree,visits,2,"Anjaneya Gudi hattira, ~70 m south-east. Agents report: Anjaneya Gudi hattira. ~40 m olage huduki"
AD002994,AC002328,T1,-2059.2,-2243.5,329.0,VISIT_WITH_HINT,prior_only,landmark,0,"Bus Stop hattira, ~80 m south-west. pin suttha ~330 m olage huduki"
AD002995,AC002329,T1,976.4,233.6,23.0,DIRECT_VISIT,visit_1,visits,1,"Ration Angadi hattira, ~170 m east. ~20 m olage huduki"
AD002996,AC002330,T1,-749.4,-1524.2,25.0,DIRECT_VISIT,visits_agree,visits,4,No mapped landmark within 200 m; Hosa Badavane. Agents report: Samudaya Bhavana eduru. ~20 m olage huduki
AD002997,AC002331,T3,2885.2,-2015.9,32.0,DIRECT_VISIT,visits_agree,visits,2,No mapped landmark within 200 m; Palm Meadows. Agents report: near Hanuman Temple. search within ~30 m
AD002998,AC002331,OUT,,,,CANNOT_GEOCODE,out_of_territory,out_of_territory,0,Outside service area - verify address
AD002999,AC002332,T2,-1056.4,3129.4,239.0,VISIT_WITH_HINT,prior_only,baseline_street,0,"Doodh Dairy ke paas, ~190 m paschim. pin ke aas-paas ~240 m ke andar dhoondo"
AD003000,AC002333,T1,912.2,56.5,329.0,VISIT_WITH_HINT,prior_only,landmark,0,"Ration Angadi hattira, ~150 m south-east. pin suttha ~330 m olage huduki"
AD003001,AC002333,OUT,,,,CANNOT_GEOCODE,out_of_territory,out_of_territory,0,Outside service area - verify address
AD003002,AC002334,T2,1728.0,-1906.3,36.0,DIRECT_VISIT,visit_1,visits,1,No mapped landmark within 200 m; Patel Nagar. ~40 m ke andar dhoondo
AD003003,AC002335,T2,1492.1,-1310.1,2278.0,VERIFY_FIRST,prior_only,pincode_area,0,No mapped landmark within 200 m. Location uncertain - verify by phone before visiting
AD003004,AC002336,T1,2989.5,-2510.1,25.0,DIRECT_VISIT,visits_disagree,visits,5,No mapped landmark within 200 m; Nehru Colony. Agents report: Haalina Dairy hinde. ~20 m olage huduki
AD003005,AC002336,T1,-2075.8,-2215.4,69.0,DIRECT_VISIT,visit_1,visits,1,"Bus Stop hattira, ~70 m south-west. ~70 m olage huduki"
AD003006,AC002337,T1,577.9,-3151.2,569.0,VERIFY_FIRST,prior_only,locality,0,"Bus Stop hattira, ~170 m south. Location uncertain - verify by phone before visiting"
AD003007,AC002338,T2,884.0,2753.0,36.0,DIRECT_VISIT,visit_1,visits,1,"Sarkari School ke paas, ~170 m uttar. ~40 m ke andar dhoondo"
AD003008,AC002338,T2,1403.3,-81.7,37.0,DIRECT_VISIT,visit_1,visits,1,No mapped landmark within 200 m; Indira Colony. Agents report: Dawai ki Dukaan ke paas. ~40 m ke andar dhoondo
AD003009,AC002339,T3,-167.1,3340.9,182.0,VISIT_WITH_HINT,prior_only,landmark,0,No mapped landmark within 200 m; Sunrise Enclave. search within ~180 m around the pin
AD003010,AC002340,T1,-1120.2,-3097.5,42.0,DIRECT_VISIT,visits_agree,visits,4,No mapped landmark within 200 m; Basava Nagar. Agents report: Neerina Tank eduru. ~40 m olage huduki
AD003011,AC002340,T1,1741.0,-632.8,22.0,DIRECT_VISIT,visits_agree,visits,2,No mapped landmark within 200 m; Siddeshwara Colony. Agents report: Ration Angadi eduru. ~20 m olage huduki
AD003012,AC002341,T3,-654.2,-3836.1,25.0,DIRECT_VISIT,visits_agree,visits,3,No mapped landmark within 200 m; Orchid Enclave. search within ~20 m
AD003013,AC002342,T2,1526.1,-2485.0,13.0,DIRECT_VISIT,visits_disagree,visits,4,"Masjid ke paas, ~180 m purab. ~10 m ke andar dhoondo"
AD003014,AC002342,T2,3211.2,842.7,52.0,DIRECT_VISIT,visits_disagree,visits,1,No mapped landmark within 200 m; Nehru Colony. ~50 m ke andar dhoondo
AD003015,AC002343,T2,970.6,2456.8,17.0,DIRECT_VISIT,visits_agree,visits,7,"Ration ki Dukaan ke paas, ~90 m dakshin. ~20 m ke andar dhoondo"
AD003016,AC002344,T1,2451.5,631.7,39.0,DIRECT_VISIT,visits_disagree,visits,3,"Post Office hattira, ~180 m south-east. Agents report: Post Office eduru. ~40 m olage huduki"
AD003017,AC002345,T2,2583.9,-1282.2,569.0,VERIFY_FIRST,prior_only,locality,0,"Paani ki Tanki ke paas, ~40 m uttar. Location uncertain - verify by phone before visiting"
AD003018,AC002345,T2,956.8,2533.2,274.0,VISIT_WITH_HINT,prior_only,landmark,0,"Ration ki Dukaan ke paas, ~20 m dakshin-purab. pin ke aas-paas ~270 m ke andar dhoondo"
AD003019,AC002346,T2,669.4,2782.1,40.0,DIRECT_VISIT,visits_agree,visits,4,No mapped landmark within 200 m; Azad Mohalla. Agents report: Park ke paas. ~40 m ke andar dhoondo
AD003020,AC002347,T1,-434.0,-1415.4,837.0,VERIFY_FIRST,prior_only,locality,0,"Park hattira, ~120 m east. Location uncertain - verify by phone before visiting"
AD003021,AC002347,OUT,,,,CANNOT_GEOCODE,out_of_territory,out_of_territory,0,Outside service area - verify address
AD003022,AC002348,T3,844.4,-1276.3,175.0,VISIT_WITH_HINT,prior_only,neighbours,0,No mapped landmark within 200 m; Teachers Colony. search within ~180 m around the pin
AD003023,AC002348,OUT,,,,CANNOT_GEOCODE,out_of_territory,out_of_territory,0,Outside service area - verify address
AD003024,AC002349,T2,871.3,2771.8,533.0,VERIFY_FIRST,prior_only,neighbours,0,"Sarkari School ke paas, ~190 m uttar. Location uncertain - verify by phone before visiting"
AD003025,AC002349,T2,1363.2,-2416.4,224.0,VISIT_WITH_HINT,prior_only,baseline_street,0,"Masjid ke paas, ~110 m uttar. pin ke aas-paas ~220 m ke andar dhoondo"
AD003026,AC002350,T1,2903.8,-2464.5,27.0,DIRECT_VISIT,visits_agree,visits,5,"Anjaneya Gudi hattira, ~120 m south. ~30 m olage huduki"
AD003027,AC002351,T1,2109.4,1079.1,41.0,DIRECT_VISIT,visits_agree,visits,2,"Anjaneya Gudi hattira, ~50 m south-east. Agents report: Anjaneya Gudi eduru. ~40 m olage huduki"
AD003028,AC002352,T1,-1161.5,342.2,329.0,VISIT_WITH_HINT,prior_only,landmark,0,"Ganapathi Gudi hattira, ~40 m west. pin suttha ~330 m olage huduki"
AD003029,AC002353,T3,-600.7,-3433.2,175.0,VISIT_WITH_HINT,prior_only,neighbours,0,80 m south-east of Hanuman Temple. search within ~180 m around the pin
AD003030,AC002354,T1,2856.1,-1946.7,39.0,DIRECT_VISIT,visit_1,visits,1,"Medical Store hattira, ~180 m north. ~40 m olage huduki"
AD003031,AC002354,T1,-673.6,-1175.9,127.0,VISIT_WITH_HINT,prior_only,landmark,0,No mapped landmark within 200 m. pin suttha ~130 m olage huduki
AD003032,AC002355,T2,2541.1,-1163.0,279.0,VISIT_WITH_HINT,prior_only,landmark,0,"Daakghar ke paas, ~100 m purab. pin ke aas-paas ~280 m ke andar dhoondo"
AD003033,AC002355,OUT,,,,CANNOT_GEOCODE,out_of_territory,out_of_territory,0,Outside service area - verify address
AD003034,AC002356,T3,1171.8,-568.1,194.0,VISIT_WITH_HINT,prior_only,neighbours,0,No mapped landmark within 200 m; Teachers Colony. search within ~190 m around the pin
AD003035,AC002357,T1,2331.0,1450.7,32.0,DIRECT_VISIT,visits_agree,visits,2,No mapped landmark within 200 m; Vidya Nagar. Agents report: Bus Stop hinde. ~30 m olage huduki
AD003036,AC002357,T1,2471.0,1163.7,255.0,VISIT_WITH_HINT,prior_only,baseline_street,0,No mapped landmark within 200 m; Vidya Nagar. pin suttha ~260 m olage huduki
AD003037,AC002358,T2,2647.9,521.7,239.0,VISIT_WITH_HINT,prior_only,baseline_street,0,"Bus Stop ke paas, ~20 m uttar-paschim. pin ke aas-paas ~240 m ke andar dhoondo"
AD003038,AC002359,T2,3316.0,761.7,35.0,DIRECT_VISIT,visit_1,visits,1,No mapped landmark within 200 m; Nehru Colony. Agents report: Park ke paas. ~40 m ke andar dhoondo
AD003039,AC002360,T3,-2561.3,1611.4,569.0,VERIFY_FIRST,prior_only,locality,0,100 m west of Bus Stop. Location uncertain - verify by phone before visiting
AD003040,AC002361,T2,-1708.2,-2903.3,58.0,DIRECT_VISIT,visits_agree,visits,2,"Doodh Dairy ke paas, ~100 m uttar-paschim. ~60 m ke andar dhoondo"
AD003041,AC002362,T1,741.3,-217.3,29.0,DIRECT_VISIT,visits_agree,visits,4,No mapped landmark within 200 m; Kuvempu Layout. Agents report: Ganapathi Gudi eduru. ~30 m olage huduki
AD003042,AC002362,T1,1051.7,-88.6,569.0,VERIFY_FIRST,prior_only,locality,0,"Ganapathi Gudi hattira, ~140 m east. Location uncertain - verify by phone before visiting"
AD003043,AC002363,T1,321.9,2562.2,329.0,VISIT_WITH_HINT,prior_only,landmark,0,"Ganapathi Gudi hattira, ~110 m north. pin suttha ~330 m olage huduki"
AD003044,AC002364,T2,1213.4,-2557.3,10.0,DIRECT_VISIT,visits_disagree,visits,8,"Masjid ke paas, ~140 m paschim. ~10 m ke andar dhoondo"
AD003045,AC002365,T2,2943.3,-1263.0,17.0,DIRECT_VISIT,visits_agree,visits,7,No mapped landmark within 200 m; Krishna Puri. Agents report: Ganesh Mandir ke paas. ~20 m ke andar dhoondo
AD003046,AC002366,T3,-3993.0,-1024.5,243.0,VISIT_WITH_HINT,prior_only,landmark,0,60 m north of Hanuman Temple. search within ~240 m around the pin
AD003047,AC002366,T3,-3674.5,-793.3,280.0,VISIT_WITH_HINT,prior_only,neighbours,0,No mapped landmark within 200 m; Green Park Layout. search within ~280 m around the pin
AD003048,AC002367,T1,-2307.2,-2373.6,569.0,VERIFY_FIRST,prior_only,locality,0,"Neerina Tank hattira, ~70 m south-east. Location uncertain - verify by phone before visiting"
AD003049,AC002368,T1,-2440.7,-2422.0,215.0,VISIT_WITH_HINT,prior_only,landmark,0,"Neerina Tank hattira, ~140 m south-west. pin suttha ~220 m olage huduki"
AD003050,AC002369,T2,794.0,2623.1,20.0,DIRECT_VISIT,visits_agree,visits,6,"Sarkari School ke paas, ~120 m paschim. Agents report: Sarkari School ke peeche. ~20 m ke andar dhoondo"
AD003051,AC002370,T1,2699.6,-2353.5,133.0,VISIT_WITH_HINT,prior_only,neighbours,0,"Anjaneya Gudi hattira, ~170 m west. pin suttha ~130 m olage huduki"
AD003052,AC002371,T2,804.9,-3013.4,437.0,VISIT_WITH_HINT,prior_only,locality,0,"Samudayik Bhavan ke paas, ~170 m dakshin. pin ke aas-paas ~440 m ke andar dhoondo"
AD003053,AC002372,T1,3254.5,-2206.0,51.0,DIRECT_VISIT,visit_1,visits,1,No mapped landmark within 200 m; Nehru Colony. ~50 m olage huduki
AD003054,AC002372,T1,-2824.1,1147.4,569.0,VERIFY_FIRST,prior_only,locality,0,"Bus Stop hattira, ~180 m south-west. Location uncertain - verify by phone before visiting"
AD003055,AC002373,T3,3890.6,687.3,37.0,DIRECT_VISIT,visits_agree,visits,2,No mapped landmark within 200 m; Lakeview Phase 2. search within ~40 m
AD003056,AC002374,T1,-1889.7,-2394.7,2278.0,VERIFY_FIRST,prior_only,pincode_area,0,"Medical Store hattira, ~90 m south. Location uncertain - verify by phone before visiting"
AD003057,AC002375,T2,-228.9,1141.3,296.0,VISIT_WITH_HINT,prior_only,landmark,0,"Masjid ke paas, ~170 m uttar-purab. pin ke aas-paas ~300 m ke andar dhoondo"
AD003058,AC002376,T2,-464.4,1469.7,329.0,VISIT_WITH_HINT,prior_only,landmark,0,"Petrol Pump ke paas, ~180 m purab. pin ke aas-paas ~330 m ke andar dhoondo"
AD003059,AC002377,T1,2940.0,-2170.3,329.0,VISIT_WITH_HINT,prior_only,landmark,0,"Ration Angadi hattira, ~110 m west. pin suttha ~330 m olage huduki"
AD003060,AC002378,T2,852.8,2777.0,14.0,DIRECT_VISIT,visits_agree,visits,9,"Sarkari School ke paas, ~200 m uttar. Agents report: Sarkari School ke paas. ~10 m ke andar dhoondo"
AD003061,AC002378,OUT,,,,CANNOT_GEOCODE,out_of_territory,out_of_territory,0,Outside service area - verify address
AD003062,AC002379,T2,1139.4,-100.1,232.0,VISIT_WITH_HINT,prior_only,baseline_street,0,"Bus Stop ke paas, ~130 m uttar-paschim. pin ke aas-paas ~230 m ke andar dhoondo"
AD003063,AC002380,T3,801.6,-730.0,161.0,VISIT_WITH_HINT,prior_only,neighbours,0,200 m east of Bus Stop. search within ~160 m around the pin
AD003064,AC002380,T3,3154.6,-1860.5,175.0,VISIT_WITH_HINT,prior_only,neighbours,0,180 m south of Post Office. search within ~180 m around the pin
AD003065,AC002381,T2,699.6,2863.9,23.0,DIRECT_VISIT,visits_agree,visits,5,No mapped landmark within 200 m; Azad Mohalla. ~20 m ke andar dhoondo
AD003066,AC002381,T2,2375.2,-1177.8,38.0,DIRECT_VISIT,visits_agree,visits,3,"Daakghar ke paas, ~70 m paschim. Agents report: Daakghar ke right side. Look for: blue gate. ~40 m ke andar dhoondo"
AD003067,AC002382,T2,1402.7,-1821.2,18.0,DIRECT_VISIT,visits_agree,visits,7,"Girja Ghar ke paas, ~170 m uttar. Agents report: Hanuman Mandir ke paas. ~20 m ke andar dhoondo"
AD003068,AC002382,T2,-576.1,-621.6,569.0,VERIFY_FIRST,prior_only,locality,0,"Daakghar ke paas, ~90 m dakshin. Location uncertain - verify by phone before visiting"
AD003069,AC002383,T2,1103.3,1194.2,437.0,VISIT_WITH_HINT,prior_only,locality,0,No mapped landmark within 200 m; Gandhi Basti. pin ke aas-paas ~440 m ke andar dhoondo
AD003070,AC002384,T2,2318.7,1586.4,329.0,VISIT_WITH_HINT,prior_only,landmark,0,"Ration ki Dukaan ke paas, ~110 m uttar. pin ke aas-paas ~330 m ke andar dhoondo"
AD003071,AC002385,T3,-574.1,-3838.0,204.0,VISIT_WITH_HINT,prior_only,baseline_street,0,No mapped landmark within 200 m; Orchid Enclave. search within ~200 m around the pin
AD003072,AC002385,T3,-760.0,-775.0,38.0,DIRECT_VISIT,visit_1,visits,1,60 m south-east of Milk Dairy. search within ~40 m
AD003073,AC002386,T1,1375.4,-1369.2,7235.0,VERIFY_FIRST,prior_only,pincode_area,0,No mapped landmark within 200 m. Location uncertain - verify by phone before visiting
AD003074,AC002387,T2,1499.6,-2115.9,51.0,DIRECT_VISIT,visits_agree,visits,4,"Girja Ghar ke paas, ~140 m dakshin-purab. Agents report: Girja Ghar ke paas. ~50 m ke andar dhoondo"
AD003075,AC002388,T3,-676.2,-549.1,569.0,VERIFY_FIRST,prior_only,locality,0,120 m south-east of Post Office. Location uncertain - verify by phone before visiting
AD003076,AC002388,T3,-1073.8,-611.0,283.0,VISIT_WITH_HINT,prior_only,neighbours,0,90 m south-west of Govt School. search within ~280 m around the pin
AD003077,AC002389,T2,2924.2,-1521.2,42.0,DIRECT_VISIT,visits_disagree,visits,5,No mapped landmark within 200 m; Krishna Puri. ~40 m ke andar dhoondo
AD003078,AC002390,T2,2906.1,726.9,329.0,VISIT_WITH_HINT,prior_only,landmark,0,"Paani ki Tanki ke paas, ~80 m dakshin-purab. pin ke aas-paas ~330 m ke andar dhoondo"
AD003079,AC002390,OUT,,,,CANNOT_GEOCODE,out_of_territory,out_of_territory,0,Outside service area - verify address
AD003080,AC002391,T3,867.2,-655.4,226.0,VISIT_WITH_HINT,prior_only,neighbours,0,No mapped landmark within 200 m; Teachers Colony. search within ~230 m around the pin
AD003081,AC002392,T2,663.9,-3234.5,378.0,VISIT_WITH_HINT,prior_only,neighbours,0,"Bus Stop ke paas, ~100 m uttar-paschim. pin ke aas-paas ~380 m ke andar dhoondo"
AD003082,AC002393,T2,3034.4,676.3,437.0,VISIT_WITH_HINT,prior_only,locality,0,No mapped landmark within 200 m; Nehru Colony. pin ke aas-paas ~440 m ke andar dhoondo
AD003083,AC002394,T1,-1388.0,-2707.0,27.0,DIRECT_VISIT,visits_agree,visits,4,No mapped landmark within 200 m; Basava Nagar. Agents report: Masjid hattira. ~30 m olage huduki
AD003084,AC002395,T1,-2710.6,928.3,140.0,VISIT_WITH_HINT,prior_only,neighbours,0,"Post Office hattira, ~100 m east. pin suttha ~140 m olage huduki"
AD003085,AC002396,T1,3335.1,-2080.8,20.0,DIRECT_VISIT,visits_agree,visits,4,No mapped landmark within 200 m; Nehru Colony. ~20 m olage huduki
AD003086,AC002397,T3,703.2,-867.4,44.0,DIRECT_VISIT,visit_1,visits,1,160 m south-east of Bus Stop. search within ~40 m
AD003087,AC002398,T2,2671.2,-1354.6,23.0,DIRECT_VISIT,visits_disagree,visits,5,"Paani ki Tanki ke paas, ~100 m purab. ~20 m ke andar dhoondo"
AD003088,AC002399,T3,3178.1,-1836.8,231.0,VISIT_WITH_HINT,prior_only,neighbours,0,150 m south of Post Office. search within ~230 m around the pin
AD003089,AC002399,OUT,,,,CANNOT_GEOCODE,out_of_territory,out_of_territory,0,Outside service area - verify address
AD003090,AC002400,T1,959.8,-2976.6,40.0,DIRECT_VISIT,visits_agree,visits,2,No mapped landmark within 200 m; Gandhi Nagar. Agents report: Ganapathi Gudi eduru. ~40 m olage huduki
AD003091,AC001083,OUT,,,,CANNOT_GEOCODE,out_of_territory,out_of_territory,0,Outside service area - verify address
AD003092,AC001768,T2,2607.4,1150.7,437.0,VISIT_WITH_HINT,prior_only,locality,0,No mapped landmark within 200 m; Ram Nagar. pin ke aas-paas ~440 m ke andar dhoondo
AD003093,AC000317,OUT,,,,CANNOT_GEOCODE,out_of_territory,out_of_territory,0,Outside service area - verify address
AD003094,AC002225,T1,897.0,-170.5,163.0,VISIT_WITH_HINT,visits_disagree,visits,1,"Ganapathi Gudi hattira, ~60 m south. Agents report: Ganapathi Gudi hinde. pin suttha ~160 m olage huduki"
AD003095,AC002341,OUT,,,,CANNOT_GEOCODE,out_of_territory,out_of_territory,0,Outside service area - verify address
AD003096,AC001013,T1,-1804.9,2502.1,569.0,VERIFY_FIRST,prior_only,locality,0,No mapped landmark within 200 m; Kalyana Nagar. Location uncertain - verify by phone before visiting
AD003097,AC001191,OUT,,,,CANNOT_GEOCODE,out_of_territory,out_of_territory,0,Outside service area - verify address
AD003098,AC001529,T2,761.1,3085.8,39.0,DIRECT_VISIT,visits_disagree,visits,3,"Petrol Pump ke paas, ~140 m paschim. Agents report: Petrol Pump ke right side. Look for: blue gate. ~40 m ke andar dhoondo"
AD003099,AC001408,T1,2717.2,-2216.1,43.0,DIRECT_VISIT,visits_agree,visits,3,"Park hattira, ~90 m south. Agents report: Park hinde. ~40 m olage huduki"
AD003100,AC001748,T1,1011.8,237.3,34.0,DIRECT_VISIT,visits_agree,visits,2,No mapped landmark within 200 m; Kuvempu Layout. ~30 m olage huduki
AD003101,AC000232,OUT,,,,CANNOT_GEOCODE,out_of_territory,out_of_territory,0,Outside service area - verify address
AD003102,AC001232,T1,1002.8,-3180.2,83.0,DIRECT_VISIT,visits_disagree,visits,1,No mapped landmark within 200 m; Gandhi Nagar. Agents report: Ganapathi Gudi eduru. ~80 m olage huduki
AD003103,AC001162,OUT,,,,CANNOT_GEOCODE,out_of_territory,out_of_territory,0,Outside service area - verify address
AD003104,AC001882,T2,-500.0,1489.4,296.0,VISIT_WITH_HINT,prior_only,landmark,0,"Petrol Pump ke paas, ~150 m purab. pin ke aas-paas ~300 m ke andar dhoondo"
AD003105,AC001373,T3,-117.3,3050.8,31.0,DIRECT_VISIT,visits_disagree,visits,1,No mapped landmark within 200 m; Sunrise Enclave. Agents report: opposite Water Tank. search within ~30 m
AD003106,AC002288,T2,1370.9,220.7,29.0,DIRECT_VISIT,visits_agree,visits,2,"Hanuman Mandir ke paas, ~90 m dakshin-purab. ~30 m ke andar dhoondo"
AD003107,AC001202,T1,569.8,-2931.8,396.0,VISIT_WITH_HINT,prior_only,landmark,0,"Bus Stop hattira, ~50 m north-east. pin suttha ~400 m olage huduki"
AD003108,AC002174,OUT,,,,CANNOT_GEOCODE,out_of_territory,out_of_territory,0,Outside service area - verify address
AD003109,AC000775,OUT,,,,CANNOT_GEOCODE,out_of_territory,out_of_territory,0,Outside service area - verify address
AD003110,AC000542,T1,-566.3,-1288.7,569.0,VERIFY_FIRST,prior_only,locality,0,"Church hattira, ~100 m north. Location uncertain - verify by phone before visiting"
AD003111,AC000602,T3,-546.8,2970.6,234.0,VISIT_WITH_HINT,prior_only,landmark,0,170 m east of Church. search within ~230 m around the pin
AD003112,AC000523,OUT,,,,CANNOT_GEOCODE,out_of_territory,out_of_territory,0,Outside service area - verify address
AD003113,AC002368,T1,-1131.2,333.3,329.0,VISIT_WITH_HINT,prior_only,landmark,0,Ganapathi Gudi hattira. pin suttha ~330 m olage huduki
AD003114,AC000505,OUT,,,,CANNOT_GEOCODE,out_of_territory,out_of_territory,0,Outside service area - verify address
AD003115,AC001755,T2,901.9,-3134.4,329.0,VISIT_WITH_HINT,prior_only,landmark,0,"Hanuman Mandir ke paas, ~100 m paschim. pin ke aas-paas ~330 m ke andar dhoondo"
AD003116,AC002060,OUT,,,,CANNOT_GEOCODE,out_of_territory,out_of_territory,0,Outside service area - verify address
AD003117,AC000977,T1,1089.9,-1463.5,2278.0,VERIFY_FIRST,prior_only,pincode_area,0,No mapped landmark within 200 m. Location uncertain - verify by phone before visiting
