address_id,pin_x,pin_y,prior_sigma,source,landmark_poi,landmark_type,landmark_relation
AD000001,1241.2,-268.5,94.9,baseline_street,,,
AD000002,-2618.7,-2111.8,94.9,baseline_street,,,
AD000003,-3729.1,-900.1,212.1,locality,,,
AD000004,2682.6,-1267.9,212.1,locality,,,
AD000005,514.8,-3140.9,122.5,landmark,LM0117,ration_shop,BEHIND
AD000006,,,,out_of_territory,,,
AD000007,-16.1,1307.2,122.5,landmark,LM0212,ration_shop,NEAR
AD000008,-2907.4,1171.6,212.1,locality,,,
AD000009,2917.3,-2343.1,80.2,landmark,LM0097,hanuman_temple,NEAR
AD000010,-1309.4,2.6,147.7,landmark,LM0042,medical_store,NEAR
AD000011,3090.9,-2183.1,122.5,landmark,LM0300,milk_dairy,OPPOSITE
AD000012,-698.9,-663.7,80.2,landmark,LM0187,masjid,NEAR
AD000013,-893.6,2858.0,122.5,landmark,LM0134,water_tank,OPPOSITE
AD000014,-1009.6,2951.8,94.9,baseline_street,,,
AD000015,1108.0,-212.4,212.1,locality,,,
AD000016,864.0,2482.2,94.9,baseline_street,,,
AD000017,-939.7,2984.4,80.2,landmark,LM0134,water_tank,OPPOSITE
AD000018,331.1,2419.9,212.1,locality,,,
AD000019,-2789.4,-132.4,122.5,landmark,LM0267,water_tank,NEAR
AD000020,-1871.3,1228.1,848.5,pincode_area,,,
AD000021,4026.3,340.1,50.0,baseline_rooftop,,,
AD000022,1417.1,-227.4,80.2,landmark,LM0020,govt_school,NEAR
AD000023,-2601.9,-211.5,212.1,locality,,,
AD000024,-2253.2,1620.1,122.5,landmark,LM0273,ganesha_temple,NEAR
AD000025,-345.1,3057.4,212.1,locality,,,
AD000026,-2836.3,1031.0,212.1,locality,,,
AD000027,1078.9,2754.7,212.1,locality,,,
AD000028,-762.1,-1629.4,94.9,baseline_street,,,
AD000029,-873.5,2896.2,122.5,landmark,LM0134,water_tank,NEAR
AD000030,2800.4,-1672.4,94.9,baseline_street,,,
AD000031,3107.5,-2222.8,122.5,landmark,LM0300,milk_dairy,OPPOSITE
AD000032,1512.5,-2033.0,212.1,locality,,,
AD000033,2433.6,946.7,94.9,baseline_street,,,
AD000034,966.6,-111.4,122.5,landmark,LM0024,ganesha_temple,NEAR
AD000035,3105.1,-2217.0,122.5,landmark,LM0300,milk_dairy,BEHIND
AD000036,3354.8,476.7,80.2,landmark,LM0258,community_hall,OPPOSITE
AD000037,1571.2,-1927.1,848.5,pincode_area,,,
AD000038,,,,out_of_territory,,,
AD000039,-530.2,2578.7,80.2,landmark,LM0132,medical_store,NEAR
AD000040,-1020.4,-3146.6,212.1,locality,,,
AD000041,-614.0,-1138.1,80.2,landmark,LM0100,church,NEAR
AD000042,3709.3,425.2,212.1,locality,,,
AD000043,3977.2,699.9,94.9,baseline_street,,,
AD000044,,,,out_of_territory,,,
AD000045,-2519.5,-138.7,122.5,landmark,LM0265,govt_school,NEAR
AD000046,-705.0,3004.9,122.5,landmark,LM0228,ration_shop,OPPOSITE
AD000047,-2935.0,1174.0,212.1,locality,,,
AD000048,-1868.2,2466.6,212.1,locality,,,
AD000049,914.4,2617.2,122.5,landmark,LM0177,ration_shop,NEAR
AD000050,1099.3,-327.2,212.1,locality,,,
AD000051,,,,out_of_territory,,,
AD000052,414.4,-2805.5,94.9,baseline_street,,,
AD000053,1958.5,-1074.5,212.1,locality,,,
AD000054,-3048.3,908.5,122.5,landmark,LM0004,ganesha_temple,NEAR
AD000055,1218.8,-887.4,122.5,landmark,LM0280,medical_store,NEAR
AD000056,-3803.8,-893.5,212.1,locality,,,
AD000057,-2551.0,-154.9,122.5,landmark,LM0265,govt_school,NEAR
AD000058,-907.3,-549.2,122.5,landmark,LM0235,govt_school,NEAR
AD000059,-897.9,230.5,80.2,landmark,LM0037,ganesha_temple,NEAR
AD000060,3767.9,172.1,94.9,baseline_street,,,
AD000061,1460.4,-2033.2,122.5,landmark,LM0207,church,NEAR
AD000062,599.2,-3033.0,122.5,landmark,LM0028,bus_stop,OPPOSITE
AD000063,3161.8,508.6,80.2,landmark,LM0156,community_hall,NEAR
AD000064,-506.9,2791.9,147.7,landmark,LM0131,ganesha_temple,NEAR
AD000065,805.5,-993.1,122.5,landmark,LM0286,govt_school,NEAR
AD000066,969.5,-284.2,212.1,locality,,,
AD000067,3153.3,-1992.9,212.1,locality,,,
AD000068,3104.7,479.8,212.1,locality,,,
AD000069,606.9,-2994.6,212.1,locality,,,
AD000070,,,,out_of_territory,,,
AD000071,856.6,-3889.5,80.2,landmark,LM0323,petrol_bunk,OPPOSITE
AD000072,3375.0,-1944.1,147.7,landmark,LM0305,masjid,NEAR
AD000073,988.3,908.7,94.9,baseline_street,,,
AD000074,949.4,2783.6,212.1,locality,,,
AD000075,2826.9,-2267.0,122.5,landmark,LM0097,hanuman_temple,OPPOSITE
AD000076,932.5,1265.0,212.1,locality,,,
AD000077,3014.2,-2308.3,147.7,landmark,LM0300,milk_dairy,BEHIND
AD000078,-2535.5,-133.4,122.5,landmark,LM0265,govt_school,OPPOSITE
AD000079,807.1,-1151.1,80.2,landmark,LM0284,church,NEAR
AD000080,4259.8,432.1,94.9,baseline_street,,,
AD000081,-775.6,-643.5,122.5,landmark,LM0239,milk_dairy,NEAR
AD000082,3680.4,280.8,212.1,locality,,,
AD000083,-768.6,-499.0,122.5,landmark,LM0243,post_office,NEAR
AD000084,-478.1,-3524.9,122.5,landmark,LM0307,masjid,NEAR
AD000085,610.3,-3000.4,122.5,landmark,LM0028,bus_stop,NEAR
AD000086,2476.5,-1330.7,80.2,landmark,LM0194,water_tank,OPPOSITE
AD000087,817.3,1278.2,212.1,locality,,,
AD000088,-539.2,3223.1,80.2,landmark,LM0128,hanuman_temple,NEAR
AD000089,-563.1,3267.6,122.5,landmark,LM0128,hanuman_temple,NEAR
AD000090,-1547.3,-2816.7,122.5,landmark,LM0153,hanuman_temple,NEAR
AD000091,2359.6,-1300.7,147.7,landmark,LM0197,bus_stop,BEHIND
AD000092,3207.8,-1896.2,212.1,locality,,,
AD000093,-611.2,3174.9,122.5,landmark,LM0229,community_hall,BEHIND
AD000094,-2557.6,-134.7,122.5,landmark,LM0265,govt_school,NEAR
AD000095,,,,out_of_territory,,,
AD000096,3678.6,401.0,212.1,locality,,,
AD000097,-3943.7,-974.4,122.5,landmark,LM0224,water_tank,OPPOSITE
AD000098,-2470.4,1613.6,122.5,landmark,LM0276,bus_stop,NEAR
AD000099,-607.4,-296.5,122.5,landmark,LM0237,medical_store,NEAR
AD000100,2776.2,-2132.3,122.5,landmark,LM0092,park,NEAR
AD000101,-2403.3,1500.7,122.5,landmark,LM0277,masjid,NEAR
AD000102,606.7,2506.7,94.9,baseline_street,,,
AD000103,3160.0,-1916.2,212.1,locality,,,
AD000104,2440.6,998.7,212.1,locality,,,
AD000105,-480.4,-537.4,212.1,locality,,,
AD000106,-3061.0,917.1,122.5,landmark,LM0004,ganesha_temple,NEAR
AD000107,3638.7,400.6,212.1,locality,,,
AD000108,-1139.7,-1996.6,122.5,landmark,LM0245,ganesha_temple,NEAR
AD000109,1992.9,-1134.2,212.1,locality,,,
AD000110,,,,out_of_territory,,,
AD000111,2576.7,981.4,122.5,landmark,LM0071,masjid,NEAR
AD000112,734.8,-2961.3,212.1,locality,,,
AD000113,-662.4,3370.4,122.5,landmark,LM0233,park,OPPOSITE
AD000114,2773.8,-1894.0,94.9,baseline_street,,,
AD000115,-456.4,3236.3,212.1,locality,,,
AD000116,-966.7,-1904.0,147.7,landmark,LM0248,water_tank,BEHIND
AD000117,3377.1,-1967.6,122.5,landmark,LM0306,bus_stop,NEAR
AD000118,,,,out_of_territory,,,
AD000119,-1991.5,-2179.8,147.7,landmark,LM0077,bus_stop,NEAR
AD000120,3284.1,-1945.3,212.1,locality,,,
AD000121,-2736.2,-388.6,147.7,landmark,LM0262,petrol_bunk,NEAR
AD000122,1230.7,-833.4,122.5,landmark,LM0280,medical_store,OPPOSITE
AD000123,957.6,2615.8,122.5,landmark,LM0177,ration_shop,NEAR
AD000124,3183.3,-1917.5,212.1,locality,,,
AD000125,3762.1,401.8,122.5,landmark,LM0256,bus_stop,NEAR
AD000126,735.2,-3170.7,212.1,locality,,,
AD000127,838.0,-952.8,122.5,landmark,LM0286,govt_school,NEAR
AD000128,2614.5,-2156.2,212.1,locality,,,
AD000129,2755.9,-2130.9,122.5,landmark,LM0091,community_hall,NEAR
AD000130,1792.4,-1097.1,122.5,landmark,LM0047,medical_store,NEAR
AD000131,,,,out_of_territory,,,
AD000132,988.9,-584.6,122.5,landmark,LM0282,masjid,NEAR
AD000133,-3966.8,-1200.3,80.2,landmark,LM0219,hanuman_temple,NEAR
AD000134,1128.1,2443.4,94.9,baseline_street,,,
AD000135,842.0,-2804.9,94.9,baseline_street,,,
AD000136,1093.7,-105.5,212.1,locality,,,
AD000137,-2403.4,-414.1,122.5,landmark,LM0268,post_office,NEAR
AD000138,728.7,-2994.2,94.9,baseline_street,,,
AD000139,717.4,-2655.6,80.2,landmark,LM0113,medical_store,NEAR
AD000140,-496.6,1454.6,122.5,landmark,LM0216,petrol_bunk,NEAR
AD000141,1506.4,-1492.0,848.5,pincode_area,,,
AD000142,3811.9,741.2,94.9,baseline_street,,,
AD000143,,,,out_of_territory,,,
AD000144,-690.4,3343.9,122.5,landmark,LM0230,bus_stop,OPPOSITE
AD000145,-840.1,-650.4,122.5,landmark,LM0236,ration_shop,BEHIND
AD000146,373.5,2308.1,212.1,locality,,,
AD000147,958.3,1144.3,212.1,locality,,,
AD000148,-881.4,-3030.2,122.5,landmark,LM0013,church,NEAR
AD000149,943.0,1301.0,212.1,locality,,,
AD000150,2577.2,-1305.0,212.1,locality,,,
AD000151,-813.0,3362.7,94.9,baseline_street,,,
AD000152,2748.9,-1171.5,94.9,baseline_street,,,
AD000153,-2553.9,-150.6,122.5,landmark,LM0265,govt_school,NEAR
AD000154,3601.2,-2268.0,80.2,landmark,LM0298,park,NEAR
AD000155,1133.2,-589.3,94.9,baseline_street,,,
AD000156,1107.0,-459.8,147.7,landmark,LM0023,hanuman_temple,NEAR
AD000157,3400.5,-2016.3,122.5,landmark,LM0304,water_tank,NEAR
AD000158,,,,out_of_territory,,,
AD000159,-2888.8,-139.1,94.9,baseline_street,,,
AD000160,3488.9,452.2,122.5,landmark,LM0258,community_hall,OPPOSITE
AD000161,-2879.9,1108.2,212.1,locality,,,
AD000162,754.1,-3354.1,80.2,landmark,LM0115,church,NEAR
AD000163,-616.2,2899.7,212.1,locality,,,
AD000164,2704.6,444.5,49.3,baseline_rooftop,,,
AD000165,3006.1,551.8,212.1,locality,,,
AD000166,2844.9,952.8,94.9,baseline_street,,,
AD000167,744.3,-2910.2,122.5,landmark,LM0109,community_hall,NEAR
AD000168,-1869.4,2352.0,122.5,landmark,LM0085,govt_school,NEAR
AD000169,2678.3,-2174.5,212.1,locality,,,
AD000170,-3820.2,-837.2,212.1,locality,,,
AD000171,2552.5,926.2,147.7,landmark,LM0071,masjid,NEAR
AD000172,-2222.2,-2410.2,122.5,landmark,LM0079,govt_school,NEAR
AD000173,1404.8,-2374.2,122.5,landmark,LM0199,masjid,NEAR
AD000174,-21.8,1302.2,122.5,landmark,LM0212,ration_shop,BEHIND
AD000175,1482.2,-2153.2,212.1,locality,,,
AD000176,663.7,-2758.5,122.5,landmark,LM0113,medical_store,NEAR
AD000177,-420.8,3210.9,122.5,landmark,LM0231,water_tank,NEAR
AD000178,1049.2,-39.4,212.1,locality,,,
AD000179,2429.3,977.1,212.1,locality,,,
AD000180,-1944.4,-2534.0,122.5,landmark,LM0073,post_office,NEAR
AD000181,2929.6,611.6,212.1,locality,,,
AD000182,1027.0,2692.4,122.5,landmark,LM0179,bus_stop,OPPOSITE
AD000183,,,,out_of_territory,,,
AD000184,-2248.9,1642.9,122.5,landmark,LM0273,ganesha_temple,NEAR
AD000185,1044.7,-1057.2,80.2,landmark,LM0284,church,NEAR
AD000186,2310.6,1561.4,122.5,landmark,LM0139,ration_shop,OPPOSITE
AD000187,948.3,1329.9,122.5,landmark,LM0164,govt_school,NEAR
AD000188,685.9,-793.6,122.5,landmark,LM0283,bus_stop,BEHIND
AD000189,3767.6,402.7,122.5,landmark,LM0256,bus_stop,NEAR
AD000190,-807.2,-591.5,212.1,locality,,,
AD000191,-3772.7,-849.3,212.1,locality,,,
AD000192,1605.2,-1914.5,94.9,baseline_street,,,
AD000193,1630.2,-1473.6,848.5,pincode_area,,,
AD000194,-1068.5,-1493.5,848.5,pincode_area,,,
AD000195,2243.1,1194.7,122.5,landmark,LM0064,bus_stop,OPPOSITE
AD000196,966.1,2684.9,212.1,locality,,,
AD000197,-2556.2,-411.4,212.1,locality,,,
AD000198,-328.6,3107.3,122.5,landmark,LM0135,ration_shop,NEAR
AD000199,1107.1,-454.0,147.7,landmark,LM0023,hanuman_temple,NEAR
AD000200,2706.1,-2115.5,147.7,landmark,LM0092,park,NEAR
AD000201,987.9,-196.3,212.1,locality,,,
AD000202,3203.3,-1772.8,212.1,locality,,,
AD000203,2817.2,-2150.8,212.1,locality,,,
AD000204,973.4,2593.6,122.5,landmark,LM0177,ration_shop,OPPOSITE
AD000205,-3717.2,-889.5,212.1,locality,,,
AD000206,-1798.0,2443.7,212.1,locality,,,
AD000207,-1963.2,2396.1,212.1,locality,,,
AD000208,-799.9,2973.9,80.2,landmark,LM0232,church,OPPOSITE
AD000209,2729.9,836.1,122.5,landmark,LM0066,ration_shop,BEHIND
AD000210,-669.9,-470.1,212.1,locality,,,
AD000211,1350.2,-3636.4,80.2,landmark,LM0319,water_tank,BEHIND
AD000212,667.6,-3150.3,94.9,baseline_street,,,
AD000213,536.6,-3021.8,94.9,baseline_street,,,
AD000214,692.4,-3002.2,212.1,locality,,,
AD000215,,,,out_of_territory,,,
AD000216,-3765.8,-872.9,212.1,locality,,,
AD000217,1062.8,2658.0,122.5,landmark,LM0179,bus_stop,NEAR
AD000218,,,,out_of_territory,,,
AD000219,-2822.5,-465.1,122.5,landmark,LM0270,bus_stop,NEAR
AD000220,1161.1,-175.0,122.5,landmark,LM0118,bus_stop,NEAR
AD000221,717.7,-768.6,122.5,landmark,LM0283,bus_stop,BEHIND
AD000222,-754.4,3226.5,80.2,landmark,LM0133,milk_dairy,NEAR
AD000223,1621.2,-2030.0,212.1,locality,,,
AD000224,1439.2,257.0,94.9,baseline_street,,,
AD000225,2308.2,1087.9,80.2,landmark,LM0070,hanuman_temple,NEAR
AD000226,-1153.3,385.1,122.5,landmark,LM0037,ganesha_temple,NEAR
AD000227,871.5,-783.5,212.1,locality,,,
AD000228,3756.2,420.0,122.5,landmark,LM0256,bus_stop,NEAR
AD000229,-357.6,-1059.8,122.5,landmark,LM0101,govt_school,BEHIND
AD000230,3448.5,503.8,122.5,landmark,LM0258,community_hall,NEAR
AD000231,259.6,2404.6,212.1,locality,,,
AD000232,-780.8,519.9,80.2,landmark,LM0037,ganesha_temple,NEAR
AD000233,713.9,-744.1,122.5,landmark,LM0283,bus_stop,NEAR
AD000234,402.3,1838.5,122.5,landmark,LM0291,milk_dairy,NEAR
AD000235,-3751.5,-893.2,212.1,locality,,,
AD000236,2709.9,-2147.7,212.1,locality,,,
AD000237,-1311.2,-2.9,147.7,landmark,LM0042,medical_store,BEHIND
AD000238,-2739.0,1182.5,122.5,landmark,LM0007,bus_stop,NEAR
AD000239,1086.8,-651.7,80.2,landmark,LM0282,masjid,NEAR
AD000240,1464.6,-2051.6,212.1,locality,,,
AD000241,1134.5,857.9,94.9,baseline_street,,,
AD000242,2518.0,1452.5,47.4,landmark,LM0168,park,OPPOSITE
AD000243,1179.2,-752.6,94.9,baseline_street,,,
AD000244,-3831.9,-679.2,122.5,landmark,LM0220,community_hall,BEHIND
AD000245,1964.2,-1824.7,848.5,pincode_area,,,
AD000246,-1922.0,2463.6,212.1,locality,,,
AD000247,1113.4,-447.6,147.7,landmark,LM0023,hanuman_temple,NEAR
AD000248,1349.5,-3574.7,122.5,landmark,LM0317,medical_store,NEAR
AD000249,1271.7,-707.2,94.9,baseline_street,,,
AD000250,933.0,2758.3,212.1,locality,,,
AD000251,-1247.1,344.2,212.1,locality,,,
AD000252,3732.6,414.0,122.5,landmark,LM0256,bus_stop,NEAR
AD000253,581.7,-3001.5,122.5,landmark,LM0028,bus_stop,NEAR
AD000254,-593.1,-1357.7,122.5,landmark,LM0100,church,OPPOSITE
AD000255,2351.5,835.2,122.5,landmark,LM0065,post_office,NEAR
AD000256,-322.3,-1207.0,80.2,landmark,LM0100,church,NEAR
AD000257,3048.7,-2253.4,46.9,landmark,LM0098,ration_shop,NEAR
AD000258,-674.5,-3309.2,147.7,landmark,LM0310,hanuman_temple,OPPOSITE
AD000259,2840.7,-2356.2,46.9,landmark,LM0097,hanuman_temple,OPPOSITE
AD000260,1110.2,-276.2,80.2,landmark,LM0023,hanuman_temple,BEHIND
AD000261,1012.6,-16.9,212.1,locality,,,
AD000262,,,,out_of_territory,,,
AD000263,945.3,2621.4,122.5,landmark,LM0177,ration_shop,NEAR
AD000264,3022.7,605.0,212.1,locality,,,
AD000265,2793.0,769.4,94.9,baseline_street,,,
AD000266,2390.8,1811.5,212.1,locality,,,
AD000267,2672.9,-1132.3,212.1,locality,,,
AD000268,942.4,2711.4,212.1,locality,,,
AD000269,-2069.9,-2224.5,122.5,landmark,LM0077,bus_stop,BEHIND
AD000270,916.2,-837.5,212.1,locality,,,
AD000271,,,,out_of_territory,,,
AD000272,-2516.7,-423.9,122.5,landmark,LM0269,masjid,NEAR
AD000273,-1435.0,-1537.7,848.5,pincode_area,,,
AD000274,-1300.5,-3018.5,122.5,landmark,LM0016,masjid,NEAR
AD000275,-1271.8,-1557.1,848.5,pincode_area,,,
AD000276,406.6,2307.7,212.1,locality,,,
AD000277,-1050.4,-3254.3,212.1,locality,,,
AD000278,-1876.0,-2731.2,94.9,baseline_street,,,
AD000279,-3722.0,-936.6,212.1,locality,,,
AD000280,1229.6,-827.5,122.5,landmark,LM0280,medical_store,NEAR
AD000281,668.8,-2902.8,122.5,landmark,LM0030,ration_shop,NEAR
AD000282,766.6,-3964.0,94.9,baseline_street,,,
AD000283,,,,out_of_territory,,,
AD000284,-246.7,2984.1,94.9,baseline_street,,,
AD000285,307.4,2586.5,122.5,landmark,LM0059,church,OPPOSITE
AD000286,678.8,-3070.8,212.1,locality,,,
AD000287,2862.7,-2265.2,122.5,landmark,LM0097,hanuman_temple,NEAR
AD000288,-2646.8,-229.6,212.1,locality,,,
AD000289,,,,out_of_territory,,,
AD000290,2983.9,322.6,122.5,landmark,LM0156,community_hall,NEAR
AD000291,3469.1,484.9,122.5,landmark,LM0258,community_hall,OPPOSITE
AD000292,351.4,2386.4,122.5,landmark,LM0056,ganesha_temple,NEAR
AD000293,2333.4,877.6,122.5,landmark,LM0067,govt_school,NEAR
AD000294,896.7,-1892.3,848.5,pincode_area,,,
AD000295,1314.6,-2369.8,80.2,landmark,LM0199,masjid,NEAR
AD000296,2780.8,519.1,122.5,landmark,LM0161,bus_stop,BEHIND
AD000297,2711.5,-2276.0,94.9,baseline_street,,,
AD000298,51.9,2722.6,94.9,baseline_street,,,
AD000299,1673.2,-1466.2,848.5,pincode_area,,,
AD000300,-2749.3,1645.9,122.5,landmark,LM0272,milk_dairy,NEAR
AD000301,-618.0,-458.5,122.5,landmark,LM0183,water_tank,NEAR
AD000302,1104.1,-240.4,212.1,locality,,,
AD000303,3648.6,482.9,122.5,landmark,LM0255,ration_shop,BEHIND
AD000304,670.9,2692.2,122.5,landmark,LM0175,community_hall,NEAR
AD000305,-2533.8,1569.6,212.1,locality,,,
AD000306,3762.0,376.8,122.5,landmark,LM0256,bus_stop,OPPOSITE
AD000307,-2897.7,980.3,80.2,landmark,LM0008,post_office,NEAR
AD000308,3741.3,419.8,122.5,landmark,LM0256,bus_stop,NEAR
AD000309,2777.1,-2100.8,212.1,locality,,,
AD000310,-2316.7,-2315.0,147.7,landmark,LM0081,water_tank,BEHIND
AD000311,985.4,2690.9,212.1,locality,,,
AD000312,458.0,1551.8,122.5,landmark,LM0297,bus_stop,NEAR
AD000313,-2408.8,-417.6,122.5,landmark,LM0268,post_office,NEAR
AD000314,2713.7,-2102.2,122.5,landmark,LM0092,park,NEAR
AD000315,-1024.7,-3255.9,94.9,baseline_street,,,
AD000316,2374.0,-2240.1,80.2,landmark,LM0096,masjid,NEAR
AD000317,-3047.6,1408.8,147.7,landmark,LM0001,community_hall,NEAR
AD000318,1057.6,-77.9,212.1,locality,,,
AD000319,2753.1,-2076.6,212.1,locality,,,
AD000320,2709.8,-2111.8,147.7,landmark,LM0092,park,OPPOSITE
AD000321,-2299.4,-2351.0,122.5,landmark,LM0081,water_tank,NEAR
AD000322,3309.7,-2199.3,94.9,baseline_street,,,
AD000323,-2538.7,1848.8,94.9,baseline_street,,,
AD000324,-2370.3,1655.2,212.1,locality,,,
AD000325,-3771.8,-875.8,212.1,locality,,,
AD000326,-2815.3,-593.8,147.7,landmark,LM0270,bus_stop,OPPOSITE
AD000327,898.3,57.7,122.5,landmark,LM0019,ration_shop,NEAR
AD000328,589.5,-3007.8,212.1,locality,,,
AD000329,,,,out_of_territory,,,
AD000330,2588.1,-1318.4,122.5,landmark,LM0194,water_tank,NEAR
AD000331,2954.8,646.9,212.1,locality,,,
AD000332,-526.7,3217.5,122.5,landmark,LM0128,hanuman_temple,NEAR
AD000333,1043.1,2658.9,122.5,landmark,LM0179,bus_stop,NEAR
AD000334,760.5,-3061.4,122.5,landmark,LM0035,community_hall,NEAR
AD000335,3325.0,-1715.3,122.5,landmark,LM0301,ganesha_temple,OPPOSITE
AD000336,1300.8,-2028.5,122.5,landmark,LM0200,govt_school,NEAR
AD000337,1475.6,-1999.5,80.2,landmark,LM0207,church,OPPOSITE
AD000338,1309.2,-2060.1,122.5,landmark,LM0200,govt_school,NEAR
AD000339,1550.3,-2056.2,212.1,locality,,,
AD000340,-782.2,-1266.2,122.5,landmark,LM0104,ration_shop,NEAR
AD000341,558.5,2159.2,122.5,landmark,LM0061,petrol_bunk,NEAR
AD000342,3653.4,356.1,212.1,locality,,,
AD000343,2942.6,545.5,212.1,locality,,,
AD000344,-1167.5,-3257.9,122.5,landmark,LM0011,medical_store,NEAR
AD000345,593.8,-2982.5,212.1,locality,,,
AD000346,-1495.7,262.4,80.2,landmark,LM0040,petrol_bunk,BEHIND
AD000347,1448.8,-3567.5,147.7,landmark,LM0317,medical_store,NEAR
AD000348,-764.7,-675.9,122.5,landmark,LM0239,milk_dairy,NEAR
AD000349,941.6,2730.6,212.1,locality,,,
AD000350,-319.1,1029.0,147.7,landmark,LM0211,masjid,NEAR
AD000351,-134.5,2745.3,94.9,baseline_street,,,
AD000352,2968.9,507.4,212.1,locality,,,
AD000353,2178.8,2028.6,122.5,landmark,LM0140,govt_school,BEHIND
AD000354,808.6,-992.1,122.5,landmark,LM0284,church,NEAR
AD000355,707.5,-3219.4,122.5,landmark,LM0110,bus_stop,NEAR
AD000356,1180.5,-3645.9,122.5,landmark,LM0319,water_tank,NEAR
AD000357,461.9,1588.0,122.5,landmark,LM0297,bus_stop,NEAR
AD000358,1025.4,10.3,212.1,locality,,,
AD000359,-2177.8,-2489.8,212.1,locality,,,
AD000360,2942.8,-2170.3,122.5,landmark,LM0098,ration_shop,NEAR
AD000361,-1023.0,-3075.9,212.1,locality,,,
AD000362,-2206.3,-2435.0,212.1,locality,,,
AD000363,1755.6,-876.9,122.5,landmark,LM0051,milk_dairy,NEAR
AD000364,867.3,-3289.8,80.2,landmark,LM0110,bus_stop,NEAR
AD000365,2463.4,2034.2,147.7,landmark,LM0142,medical_store,NEAR
AD000366,1432.5,209.6,80.2,landmark,LM0020,govt_school,NEAR
AD000367,-2532.0,-257.2,212.1,locality,,,
AD000368,-2479.0,1582.7,122.5,landmark,LM0276,bus_stop,NEAR
AD000369,598.4,-3020.2,122.5,landmark,LM0028,bus_stop,NEAR
AD000370,2785.6,-2178.0,212.1,locality,,,
AD000371,720.1,-3046.8,122.5,landmark,LM0035,community_hall,NEAR
AD000372,718.5,-3073.8,212.1,locality,,,
AD000373,,,,out_of_territory,,,
AD000374,1061.9,-1171.2,94.9,baseline_street,,,
AD000375,-786.0,-2130.7,46.9,landmark,LM0246,milk_dairy,NEAR
AD000376,1856.7,1637.7,848.5,pincode_area,,,
AD000377,-1035.5,-3128.7,212.1,locality,,,
AD000378,-894.6,-1367.7,80.2,landmark,LM0104,ration_shop,NEAR
AD000379,-1512.5,-2837.3,212.1,locality,,,
AD000380,-2704.0,1612.2,122.5,landmark,LM0272,milk_dairy,NEAR
AD000381,591.8,-3091.9,212.1,locality,,,
AD000382,2966.5,597.2,212.1,locality,,,
AD000383,238.6,1311.7,94.9,baseline_street,,,
AD000384,-2311.8,-2317.9,122.5,landmark,LM0081,water_tank,NEAR
AD000385,2562.4,-1320.1,122.5,landmark,LM0194,water_tank,NEAR
AD000386,1246.5,176.9,122.5,landmark,LM0122,hanuman_temple,NEAR
AD000387,-139.0,1617.6,122.5,landmark,LM0208,govt_school,NEAR
AD000388,887.2,-1070.1,80.2,landmark,LM0284,church,BEHIND
AD000389,928.1,-149.6,147.7,landmark,LM0024,ganesha_temple,NEAR
AD000390,1995.7,-1201.8,122.5,landmark,LM0049,hanuman_temple,NEAR
AD000391,804.6,-3145.2,212.1,locality,,,
AD000392,364.2,-3034.9,147.7,landmark,LM0114,ganesha_temple,NEAR
AD000393,1824.7,1521.5,848.5,pincode_area,,,
AD000394,671.7,2658.2,122.5,landmark,LM0175,community_hall,NEAR
AD000395,3649.9,333.8,212.1,locality,,,
AD000396,-739.7,-456.1,122.5,landmark,LM0243,post_office,BEHIND
AD000397,3280.3,-1950.2,212.1,locality,,,
AD000398,-2473.6,1558.6,212.1,locality,,,
AD000399,3408.1,-2014.2,122.5,landmark,LM0304,water_tank,NEAR
AD000400,-1936.4,-2707.9,49.3,baseline_rooftop,,,
AD000401,-2463.9,1635.0,212.1,locality,,,
AD000402,-2572.1,1803.3,80.2,landmark,LM0276,bus_stop,NEAR
AD000403,-2744.9,1631.0,122.5,landmark,LM0272,milk_dairy,NEAR
AD000404,2922.5,833.7,122.5,landmark,LM0158,ganesha_temple,BEHIND
AD000405,2413.8,2034.9,122.5,landmark,LM0142,medical_store,NEAR
AD000406,2726.2,836.7,122.5,landmark,LM0066,ration_shop,OPPOSITE
AD000407,2384.1,-904.4,80.2,landmark,LM0198,post_office,NEAR
AD000408,2497.3,-1186.3,122.5,landmark,LM0198,post_office,BEHIND
AD000409,807.4,-1008.9,122.5,landmark,LM0284,church,NEAR
AD000410,1461.3,-3576.9,147.7,landmark,LM0317,medical_store,NEAR
AD000411,3745.8,441.7,212.1,locality,,,
AD000412,1397.6,-1936.3,80.2,landmark,LM0207,church,NEAR
AD000413,,,,out_of_territory,,,
AD000414,-837.5,-640.9,122.5,landmark,LM0236,ration_shop,NEAR
AD000415,,,,out_of_territory,,,
AD000416,-717.4,-1553.7,94.9,baseline_street,,,
AD000417,-2653.5,1470.9,80.2,landmark,LM0277,masjid,NEAR
AD000418,2917.6,732.0,122.5,landmark,LM0160,water_tank,OPPOSITE
AD000419,1534.5,-2025.2,212.1,locality,,,
AD000420,2600.7,-1296.6,212.1,locality,,,
AD000421,-3707.4,-931.6,212.1,locality,,,
AD000422,-1244.6,-2269.4,80.2,landmark,LM0250,church,OPPOSITE
AD000423,-1134.8,357.3,122.5,landmark,LM0037,ganesha_temple,NEAR
AD000424,2979.9,310.1,122.5,landmark,LM0156,community_hall,OPPOSITE
AD000425,,,,out_of_territory,,,
AD000426,741.3,-1033.1,122.5,landmark,LM0281,ration_shop,NEAR
AD000427,-646.1,-527.8,212.1,locality,,,
AD000428,2816.4,-2292.9,122.5,landmark,LM0097,hanuman_temple,NEAR
AD000429,704.2,-3083.6,122.5,landmark,LM0035,community_hall,NEAR
AD000430,1481.6,-1987.7,122.5,landmark,LM0207,church,NEAR
AD000431,,,,out_of_territory,,,
AD000432,1540.9,-2117.8,212.1,locality,,,
AD000433,2333.9,1229.5,848.5,pincode_area,,,
AD000434,-438.3,-371.0,122.5,landmark,LM0241,hanuman_temple,OPPOSITE
AD000435,-1807.2,2285.1,122.5,landmark,LM0086,petrol_bunk,NEAR
AD000436,2015.1,1058.7,848.5,pincode_area,,,
AD000437,-683.2,3217.2,80.2,landmark,LM0133,milk_dairy,NEAR
AD000438,890.9,2752.6,212.1,locality,,,
AD000439,1197.1,204.9,122.5,landmark,LM0122,hanuman_temple,NEAR
AD000440,1959.9,-977.4,212.1,locality,,,
AD000441,2601.6,956.7,122.5,landmark,LM0071,masjid,OPPOSITE
AD000442,-474.1,-1255.4,212.1,locality,,,
AD000443,890.7,-3083.4,122.5,landmark,LM0111,hanuman_temple,NEAR
AD000444,498.8,-3201.4,147.7,landmark,LM0117,ration_shop,NEAR
AD000445,2583.4,-1708.4,94.9,baseline_street,,,
AD000446,-461.6,-3556.0,122.5,landmark,LM0307,masjid,NEAR
AD000447,227.3,2560.5,122.5,landmark,LM0058,govt_school,OPPOSITE
AD000448,-593.4,-3437.4,122.5,landmark,LM0310,hanuman_temple,BEHIND
AD000449,-300.6,2846.6,94.9,baseline_street,,,
AD000450,2566.3,-1299.5,212.1,locality,,,
AD000451,995.7,-844.7,212.1,locality,,,
AD000452,769.8,-1023.3,122.5,landmark,LM0286,govt_school,NEAR
AD000453,-2813.4,-128.8,122.5,landmark,LM0267,water_tank,OPPOSITE
AD000454,,,,out_of_territory,,,
AD000455,-309.6,1167.1,122.5,landmark,LM0211,masjid,NEAR
AD000456,-378.1,-305.7,122.5,landmark,LM0182,milk_dairy,OPPOSITE
AD000457,-2588.9,1876.4,122.5,landmark,LM0278,govt_school,NEAR
AD000458,-2663.6,-364.4,212.1,locality,,,
AD000459,-1616.9,-2957.6,122.5,landmark,LM0149,milk_dairy,NEAR
AD000460,2579.9,-1307.2,122.5,landmark,LM0194,water_tank,NEAR
AD000461,2966.1,345.4,122.5,landmark,LM0156,community_hall,OPPOSITE
AD000462,-771.1,-1296.7,122.5,landmark,LM0104,ration_shop,NEAR
AD000463,,,,out_of_territory,,,
AD000464,961.2,-859.3,212.1,locality,,,
AD000465,-2831.7,-86.8,122.5,landmark,LM0267,water_tank,NEAR
AD000466,1211.5,-157.0,212.1,locality,,,
AD000467,-1081.0,-3342.7,122.5,landmark,LM0017,govt_school,NEAR
AD000468,-400.6,3323.1,122.5,landmark,LM0234,milk_dairy,NEAR
AD000469,647.2,-2680.7,80.2,landmark,LM0030,ration_shop,OPPOSITE
AD000470,,,,out_of_territory,,,
AD000471,-3974.8,-1000.6,122.5,landmark,LM0224,water_tank,NEAR
AD000472,-415.7,-217.8,122.5,landmark,LM0188,hanuman_temple,NEAR
AD000473,1447.9,-2102.8,212.1,locality,,,
AD000474,,,,out_of_territory,,,
AD000475,2770.2,-2116.6,122.5,landmark,LM0092,park,NEAR
AD000476,,,,out_of_territory,,,
AD000477,-2070.3,-2211.3,122.5,landmark,LM0077,bus_stop,OPPOSITE
AD000478,649.6,-3012.0,212.1,locality,,,
AD000479,-1816.2,-2697.9,122.5,landmark,LM0151,govt_school,BEHIND
AD000480,1451.9,-2036.1,212.1,locality,,,
AD000481,-2426.2,1771.3,212.1,locality,,,
AD000482,-603.9,-574.2,122.5,landmark,LM0242,water_tank,NEAR
AD000483,-1076.5,-2020.7,212.1,locality,,,
AD000484,-2440.4,1747.7,212.1,locality,,,
AD000485,834.4,-2724.9,80.2,landmark,LM0109,community_hall,NEAR
AD000486,2957.1,-1003.1,49.3,baseline_rooftop,,,
AD000487,2415.1,-1199.0,147.7,landmark,LM0198,post_office,OPPOSITE
AD000488,1257.6,5.0,147.7,landmark,LM0026,milk_dairy,NEAR
AD000489,-2601.7,-322.5,212.1,locality,,,
AD000490,,,,out_of_territory,,,
AD000491,504.3,-3028.2,80.2,landmark,LM0115,church,NEAR
AD000492,1071.4,2707.5,212.1,locality,,,
AD000493,3156.8,-1983.3,212.1,locality,,,
AD000494,,,,out_of_territory,,,
AD000495,2520.9,-1288.0,212.1,locality,,,
AD000496,,,,out_of_territory,,,
AD000497,-2848.4,1134.2,212.1,locality,,,
AD000498,1473.8,-1715.2,848.5,pincode_area,,,
AD000499,-3866.2,-829.6,147.7,landmark,LM0218,medical_store,NEAR
AD000500,-522.0,-3240.2,80.2,landmark,LM0307,masjid,NEAR
AD000501,-980.2,-1940.8,122.5,landmark,LM0248,water_tank,NEAR
AD000502,1666.6,-2461.0,94.9,baseline_street,,,
AD000503,1130.1,-100.5,212.1,locality,,,
AD000504,2703.7,-2100.3,212.1,locality,,,
AD000505,-2482.0,-127.1,147.7,landmark,LM0265,govt_school,NEAR
AD000506,3287.7,440.3,94.9,baseline_street,,,
AD000507,3269.9,900.8,94.9,baseline_street,,,
AD000508,-2226.1,1607.4,122.5,landmark,LM0273,ganesha_temple,BEHIND
AD000509,913.5,2633.3,80.2,landmark,LM0177,ration_shop,OPPOSITE
AD000510,-2766.7,-454.0,122.5,landmark,LM0270,bus_stop,NEAR
AD000511,-436.5,3242.4,122.5,landmark,LM0231,water_tank,OPPOSITE
AD000512,-3785.5,-891.5,212.1,locality,,,
AD000513,-2764.6,1187.6,122.5,landmark,LM0007,bus_stop,BEHIND
AD000514,,,,out_of_territory,,,
AD000515,2503.2,-1321.9,212.1,locality,,,
AD000516,,,,out_of_territory,,,
AD000517,2214.7,606.4,94.9,baseline_street,,,
AD000518,217.9,2626.9,122.5,landmark,LM0058,govt_school,NEAR
AD000519,-165.3,2838.8,49.3,baseline_rooftop,,,
AD000520,,,,out_of_territory,,,
AD000521,-923.3,-3823.2,94.9,baseline_street,,,
AD000522,2941.0,838.1,122.5,landmark,LM0159,ration_shop,BEHIND
AD000523,2436.2,-1243.8,122.5,landmark,LM0197,bus_stop,NEAR
AD000524,2673.2,-1833.1,94.9,baseline_street,,,
AD000525,-764.5,-494.6,122.5,landmark,LM0243,post_office,NEAR
AD000526,1215.1,-846.1,122.5,landmark,LM0280,medical_store,NEAR
AD000527,1000.0,2603.1,212.1,locality,,,
AD000528,-2707.4,-527.9,94.9,baseline_street,,,
AD000529,2774.3,-2127.4,122.5,landmark,LM0094,medical_store,NEAR
AD000530,-996.6,-3210.8,212.1,locality,,,
AD000531,625.5,-2796.3,147.7,landmark,LM0112,milk_dairy,NEAR
AD000532,1220.2,-893.0,122.5,landmark,LM0280,medical_store,BEHIND
AD000533,-2515.6,-329.3,212.1,locality,,,
AD000534,1974.9,1239.1,848.5,pincode_area,,,
AD000535,3631.1,506.1,122.5,landmark,LM0255,ration_shop,NEAR
AD000536,-3077.1,1249.4,80.2,landmark,LM0003,ration_shop,OPPOSITE
AD000537,2698.8,-2123.2,147.7,landmark,LM0092,park,NEAR
AD000538,1512.2,-2175.7,212.1,locality,,,
AD000539,2418.0,-1207.0,147.7,landmark,LM0198,post_office,NEAR
AD000540,1204.0,1356.8,80.2,landmark,LM0166,medical_store,NEAR
AD000541,2838.2,-2303.1,122.5,landmark,LM0097,hanuman_temple,NEAR
AD000542,-682.0,3161.5,147.7,landmark,LM0229,community_hall,NEAR
AD000543,589.6,-3000.2,122.5,landmark,LM0028,bus_stop,OPPOSITE
AD000544,-385.9,-1211.1,80.2,landmark,LM0103,milk_dairy,NEAR
AD000545,-3840.8,-966.7,212.1,locality,,,
AD000546,,,,out_of_territory,,,
AD000547,-1196.2,-3273.2,122.5,landmark,LM0011,medical_store,NEAR
AD000548,1264.7,2601.1,80.2,landmark,LM0173,medical_store,NEAR
AD000549,-600.3,-679.0,122.5,landmark,LM0187,masjid,BEHIND
AD000550,781.2,-3099.8,46.9,landmark,LM0115,church,NEAR
AD000551,673.6,-2852.8,80.2,landmark,LM0030,ration_shop,OPPOSITE
AD000552,810.9,1075.4,80.2,landmark,LM0165,petrol_bunk,OPPOSITE
AD000553,1537.8,-2125.6,212.1,locality,,,
AD000554,878.3,-557.0,122.5,landmark,LM0287,ganesha_temple,NEAR
AD000555,-221.4,3432.2,122.5,landmark,LM0226,masjid,NEAR
AD000556,3768.5,400.0,122.5,landmark,LM0256,bus_stop,NEAR
AD000557,660.7,-3029.2,212.1,locality,,,
AD000558,2589.1,-1273.6,122.5,landmark,LM0194,water_tank,NEAR
AD000559,,,,out_of_territory,,,
AD000560,1425.9,-2387.2,122.5,landmark,LM0199,masjid,OPPOSITE
AD000561,378.2,-3021.5,147.7,landmark,LM0031,water_tank,NEAR
AD000562,-916.1,-3009.6,122.5,landmark,LM0013,church,NEAR
AD000563,2621.5,-2252.1,212.1,locality,,,
AD000564,,,,out_of_territory,,,
AD000565,1403.8,213.5,80.2,landmark,LM0122,hanuman_temple,NEAR
AD000566,2500.4,-1245.0,122.5,landmark,LM0198,post_office,NEAR
AD000567,-2749.7,1629.8,122.5,landmark,LM0272,milk_dairy,NEAR
AD000568,1160.2,-572.9,80.2,landmark,LM0023,hanuman_temple,NEAR
AD000569,2755.7,-2159.7,122.5,landmark,LM0091,community_hall,OPPOSITE
AD000570,965.8,-536.7,122.5,landmark,LM0282,masjid,NEAR
AD000571,,,,out_of_territory,,,
AD000572,-1122.6,-1957.8,212.1,locality,,,
AD000573,1565.0,-2117.7,212.1,locality,,,
AD000574,-86.6,-3725.8,80.2,landmark,LM0309,ganesha_temple,BEHIND
AD000575,1053.7,-3641.8,212.1,locality,,,
AD000576,-439.9,-3571.9,122.5,landmark,LM0307,masjid,NEAR
AD000577,3493.7,457.5,122.5,landmark,LM0258,community_hall,OPPOSITE
AD000578,1070.6,-193.9,212.1,locality,,,
AD000579,2299.3,1694.2,147.7,landmark,LM0144,church,NEAR
AD000580,-957.5,-1907.1,147.7,landmark,LM0248,water_tank,OPPOSITE
AD000581,665.9,-3056.9,212.1,locality,,,
AD000582,,,,out_of_territory,,,
AD000583,3108.2,-2184.9,122.5,landmark,LM0300,milk_dairy,BEHIND
AD000584,-179.4,3406.8,122.5,landmark,LM0227,hanuman_temple,NEAR
AD000585,1820.1,-1874.2,94.9,baseline_street,,,
AD000586,273.6,2610.4,122.5,landmark,LM0059,church,OPPOSITE
AD000587,876.0,-558.2,122.5,landmark,LM0287,ganesha_temple,NEAR
AD000588,1057.4,-38.3,94.9,baseline_street,,,
AD000589,2737.2,-2159.3,212.1,locality,,,
AD000590,-505.5,-3503.7,212.1,locality,,,
AD000591,-777.1,-462.1,122.5,landmark,LM0243,post_office,NEAR
AD000592,-3758.7,-873.4,212.1,locality,,,
AD000593,-1125.3,140.2,80.2,landmark,LM0037,ganesha_temple,NEAR
AD000594,-1303.7,-7.6,147.7,landmark,LM0042,medical_store,BEHIND
AD000595,-2146.6,1241.7,80.2,landmark,LM0275,community_hall,NEAR
AD000596,839.0,-934.8,122.5,landmark,LM0286,govt_school,NEAR
AD000597,3380.3,-1974.4,122.5,landmark,LM0306,bus_stop,NEAR
AD000598,1645.5,-2265.8,122.5,landmark,LM0204,medical_store,NEAR
AD000599,-1132.8,-2473.9,848.5,pincode_area,,,
AD000600,1677.9,-2239.1,122.5,landmark,LM0204,medical_store,BEHIND
AD000601,-1843.9,-2464.9,147.7,landmark,LM0145,ration_shop,NEAR
AD000602,2739.4,-2134.7,212.1,locality,,,
AD000603,3068.8,644.0,212.1,locality,,,
AD000604,655.0,-2989.0,212.1,locality,,,
AD000605,-2669.7,-438.7,122.5,landmark,LM0263,church,BEHIND
AD000606,-593.1,3266.1,46.9,landmark,LM0229,community_hall,BEHIND
AD000607,-459.2,-3487.0,212.1,locality,,,
AD000608,709.8,-3110.4,122.5,landmark,LM0035,community_hall,NEAR
AD000609,-1593.4,-2940.3,122.5,landmark,LM0149,milk_dairy,OPPOSITE
AD000610,2131.8,2171.3,80.2,landmark,LM0140,govt_school,NEAR
AD000611,2554.2,-1270.0,212.1,locality,,,
AD000612,922.7,986.5,94.9,baseline_street,,,
AD000613,2799.9,495.3,122.5,landmark,LM0161,bus_stop,NEAR
AD000614,-2356.6,1512.2,122.5,landmark,LM0277,masjid,BEHIND
AD000615,-425.1,3207.4,122.5,landmark,LM0231,water_tank,NEAR
AD000616,-1159.0,-1970.8,147.7,landmark,LM0245,ganesha_temple,NEAR
AD000617,-2801.3,-106.5,122.5,landmark,LM0267,water_tank,BEHIND
AD000618,,,,out_of_territory,,,
AD000619,-1215.2,322.4,212.1,locality,,,
AD000620,691.1,1001.2,80.2,landmark,LM0165,petrol_bunk,NEAR
AD000621,648.9,1254.5,80.2,landmark,LM0167,post_office,NEAR
AD000622,2417.5,-2336.2,122.5,landmark,LM0096,masjid,NEAR
AD000623,2544.7,965.9,122.5,landmark,LM0071,masjid,NEAR
AD000624,-1400.5,-3083.0,147.7,landmark,LM0150,bus_stop,BEHIND
AD000625,1925.4,1712.5,147.7,landmark,LM0143,masjid,OPPOSITE
AD000626,-1711.5,-2825.8,212.1,locality,,,
AD000627,-371.1,-3463.3,212.1,locality,,,
AD000628,-758.0,3303.9,80.2,landmark,LM0230,bus_stop,NEAR
AD000629,-2716.4,1595.9,122.5,landmark,LM0272,milk_dairy,NEAR
AD000630,2865.9,-2111.3,212.1,locality,,,
AD000631,-2598.9,-252.6,212.1,locality,,,
AD000632,-377.9,-3588.8,212.1,locality,,,
AD000633,2610.7,-1228.2,212.1,locality,,,
AD000634,1535.9,-2109.2,212.1,locality,,,
AD000635,1109.6,-337.6,122.5,landmark,LM0023,hanuman_temple,NEAR
AD000636,-2316.4,-2312.5,147.7,landmark,LM0081,water_tank,NEAR
AD000637,581.8,-2931.3,147.7,landmark,LM0028,bus_stop,OPPOSITE
AD000638,1986.2,-1130.5,122.5,landmark,LM0049,hanuman_temple,NEAR
AD000639,1100.0,-928.5,80.2,landmark,LM0280,medical_store,NEAR
AD000640,,,,out_of_territory,,,
AD000641,2770.8,-2116.4,122.5,landmark,LM0091,community_hall,NEAR
AD000642,1112.5,25.1,212.1,locality,,,
AD000643,,,,out_of_territory,,,
AD000644,-2804.7,-101.9,122.5,landmark,LM0267,water_tank,NEAR
AD000645,3678.5,381.5,212.1,locality,,,
AD000646,2779.9,-2169.2,122.5,landmark,LM0094,medical_store,NEAR
AD000647,-546.5,-3449.4,212.1,locality,,,
AD000648,-674.5,-3303.0,147.7,landmark,LM0310,hanuman_temple,OPPOSITE
AD000649,-2706.9,972.9,94.9,baseline_street,,,
AD000650,3663.6,370.4,212.1,locality,,,
AD000651,3506.1,424.9,122.5,landmark,LM0258,community_hall,NEAR
AD000652,2818.5,-2292.2,122.5,landmark,LM0097,hanuman_temple,OPPOSITE
AD000653,2018.5,-744.9,122.5,landmark,LM0046,govt_school,OPPOSITE
AD000654,-416.6,3392.2,147.7,landmark,LM0234,milk_dairy,NEAR
AD000655,-891.3,-1565.1,94.9,baseline_street,,,
AD000656,2466.1,969.3,212.1,locality,,,
AD000657,-2313.9,-2343.0,212.1,locality,,,
AD000658,2842.7,-2109.1,212.1,locality,,,
AD000659,,,,out_of_territory,,,
AD000660,-1623.9,-2724.0,212.1,locality,,,
AD000661,,,,out_of_territory,,,
AD000662,-445.0,3344.3,122.5,landmark,LM0234,milk_dairy,NEAR
AD000663,2212.9,1111.1,122.5,landmark,LM0070,hanuman_temple,NEAR
AD000664,-1233.0,429.9,212.1,locality,,,
AD000665,-987.1,-3152.0,212.1,locality,,,
AD000666,-2665.6,-335.2,212.1,locality,,,
AD000667,2823.8,-2191.8,212.1,locality,,,
AD000668,2346.6,807.6,122.5,landmark,LM0065,post_office,NEAR
AD000669,2365.1,789.2,122.5,landmark,LM0065,post_office,BEHIND
AD000670,,,,out_of_territory,,,
AD000671,936.5,-840.4,212.1,locality,,,
AD000672,1148.0,2595.2,122.5,landmark,LM0173,medical_store,NEAR
AD000673,507.2,-3213.3,147.7,landmark,LM0117,ration_shop,NEAR
AD000674,834.3,-2806.2,147.7,landmark,LM0109,community_hall,NEAR
AD000675,2575.7,-1268.9,122.5,landmark,LM0194,water_tank,NEAR
AD000676,838.7,-2803.5,147.7,landmark,LM0109,community_hall,OPPOSITE
AD000677,2439.6,1997.5,122.5,landmark,LM0142,medical_store,NEAR
AD000678,956.6,-597.7,212.1,locality,,,
AD000679,1201.1,-882.5,122.5,landmark,LM0280,medical_store,BEHIND
AD000680,-512.9,2972.1,212.1,locality,,,
AD000681,194.4,1819.9,49.3,baseline_rooftop,,,
AD000682,953.6,-858.9,212.1,locality,,,
AD000683,345.4,2258.4,212.1,locality,,,
AD000684,2777.5,-2145.8,212.1,locality,,,
AD000685,602.3,-2970.5,212.1,locality,,,
AD000686,2919.8,708.1,122.5,landmark,LM0160,water_tank,NEAR
AD000687,2719.2,835.2,122.5,landmark,LM0066,ration_shop,NEAR
AD000688,1000.0,-3038.8,94.9,baseline_street,,,
AD000689,2768.1,-2132.3,122.5,landmark,LM0094,medical_store,NEAR
AD000690,-1423.7,565.5,122.5,landmark,LM0041,church,NEAR
AD000691,,,,out_of_territory,,,
AD000692,-1402.9,-1732.5,94.9,baseline_street,,,
AD000693,833.8,-281.0,94.9,baseline_street,,,
AD000694,-1570.4,-2817.4,212.1,locality,,,
AD000695,-426.5,-229.3,122.5,landmark,LM0188,hanuman_temple,NEAR
AD000696,2453.8,1032.9,212.1,locality,,,
AD000697,-700.5,2727.2,122.5,landmark,LM0132,medical_store,NEAR
AD000698,748.1,1382.1,122.5,landmark,LM0167,post_office,OPPOSITE
AD000699,1680.6,-1516.9,848.5,pincode_area,,,
AD000700,33.1,2409.8,80.2,landmark,LM0062,community_hall,NEAR
AD000701,1040.2,-24.9,212.1,locality,,,
AD000702,2818.9,-2208.8,212.1,locality,,,
AD000703,1117.6,-14.7,212.1,locality,,,
AD000704,2538.7,-1351.8,212.1,locality,,,
AD000705,3393.7,-2154.9,122.5,landmark,LM0298,park,NEAR
AD000706,-320.3,3191.6,80.2,landmark,LM0231,water_tank,NEAR
AD000707,-599.6,-528.6,212.1,locality,,,
AD000708,3003.4,605.9,212.1,locality,,,
AD000709,536.5,-2964.7,212.1,locality,,,
AD000710,936.4,1309.3,122.5,landmark,LM0164,govt_school,NEAR
AD000711,903.1,2618.1,122.5,landmark,LM0177,ration_shop,NEAR
AD000712,-1590.3,-2864.9,122.5,landmark,LM0149,milk_dairy,NEAR
AD000713,925.2,2700.3,212.1,locality,,,
AD000714,,,,out_of_territory,,,
AD000715,1466.4,-1995.0,122.5,landmark,LM0207,church,NEAR
AD000716,,,,out_of_territory,,,
AD000717,-598.5,-334.3,122.5,landmark,LM0237,medical_store,NEAR
AD000718,992.7,2680.4,212.1,locality,,,
AD000719,2846.0,-2129.8,212.1,locality,,,
AD000720,1015.2,-36.7,212.1,locality,,,
AD000721,-2522.0,-256.9,212.1,locality,,,
AD000722,3667.7,386.1,212.1,locality,,,
AD000723,-2818.6,954.0,122.5,landmark,LM0008,post_office,NEAR
AD000724,,,,out_of_territory,,,
AD000725,-850.4,2631.5,80.2,landmark,LM0132,medical_store,NEAR
AD000726,,,,out_of_territory,,,
AD000727,-2708.7,-356.9,122.5,landmark,LM0262,petrol_bunk,NEAR
AD000728,-697.0,-3325.2,94.9,baseline_street,,,
AD000729,,,,out_of_territory,,,
AD000730,994.2,87.8,212.1,locality,,,
AD000731,2748.3,-2324.5,212.1,locality,,,
AD000732,-1141.8,-1778.3,212.1,locality,,,
AD000733,2760.2,-2127.1,122.5,landmark,LM0091,community_hall,OPPOSITE
AD000734,3837.8,547.2,80.2,landmark,LM0256,bus_stop,BEHIND
AD000735,2928.9,-2352.3,94.9,baseline_street,,,
AD000736,2508.5,999.9,212.1,locality,,,
AD000737,-932.8,-3011.3,122.5,landmark,LM0013,church,NEAR
AD000738,-346.6,-1042.2,122.5,landmark,LM0101,govt_school,OPPOSITE
AD000739,751.3,-3086.0,122.5,landmark,LM0035,community_hall,NEAR
AD000740,2049.8,-930.0,122.5,landmark,LM0053,park,OPPOSITE
AD000741,-769.4,2926.1,94.9,baseline_street,,,
AD000742,403.8,2388.8,212.1,locality,,,
AD000743,-2089.0,-2341.5,212.1,locality,,,
AD000744,1279.8,-912.5,80.2,landmark,LM0280,medical_store,NEAR
AD000745,-1563.9,-2813.7,122.5,landmark,LM0153,hanuman_temple,NEAR
AD000746,2743.7,903.5,46.9,landmark,LM0159,ration_shop,OPPOSITE
AD000747,,,,out_of_territory,,,
AD000748,1059.5,-164.5,212.1,locality,,,
AD000749,-198.9,-3426.6,94.9,baseline_street,,,
AD000750,-160.1,3223.6,94.9,baseline_street,,,
AD000751,1189.2,1424.6,122.5,landmark,LM0166,medical_store,NEAR
AD000752,-681.2,2710.0,122.5,landmark,LM0132,medical_store,NEAR
AD000753,2774.5,-2169.9,212.1,locality,,,
AD000754,2307.0,1913.1,147.7,landmark,LM0138,ganesha_temple,BEHIND
AD000755,653.5,-2728.3,122.5,landmark,LM0113,medical_store,NEAR
AD000756,1270.1,-2021.1,80.2,landmark,LM0201,milk_dairy,OPPOSITE
AD000757,2649.1,-1326.2,212.1,locality,,,
AD000758,616.6,-3015.3,212.1,locality,,,
AD000759,3045.5,596.0,212.1,locality,,,
AD000760,2707.9,-1969.7,212.1,locality,,,
AD000761,2587.2,959.5,122.5,landmark,LM0071,masjid,NEAR
AD000762,-2511.6,-518.5,80.2,landmark,LM0268,post_office,NEAR
AD000763,3191.4,-1768.4,122.5,landmark,LM0302,post_office,NEAR
AD000764,701.1,-2893.3,122.5,landmark,LM0030,ration_shop,BEHIND
AD000765,-877.5,-644.4,122.5,landmark,LM0236,ration_shop,OPPOSITE
AD000766,3171.7,-1768.4,122.5,landmark,LM0302,post_office,NEAR
AD000767,774.9,-2844.2,94.9,baseline_street,,,
AD000768,2633.5,-1636.9,122.5,landmark,LM0193,ration_shop,NEAR
AD000769,-490.3,1461.4,122.5,landmark,LM0216,petrol_bunk,OPPOSITE
AD000770,2530.9,-577.9,94.9,baseline_street,,,
AD000771,798.6,-714.4,80.2,landmark,LM0283,bus_stop,NEAR
AD000772,-390.8,3219.5,122.5,landmark,LM0231,water_tank,NEAR
AD000773,1407.2,-2396.0,122.5,landmark,LM0199,masjid,NEAR
AD000774,-2576.5,1878.1,122.5,landmark,LM0278,govt_school,NEAR
AD000775,-756.8,-397.0,94.9,baseline_street,,,
AD000776,3699.6,287.5,212.1,locality,,,
AD000777,,,,out_of_territory,,,
AD000778,1928.5,-921.8,212.1,locality,,,
AD000779,2331.7,853.8,122.5,landmark,LM0067,govt_school,NEAR
AD000780,708.6,-3141.1,212.1,locality,,,
AD000781,3782.4,410.5,122.5,landmark,LM0256,bus_stop,NEAR
AD000782,612.0,-3039.8,212.1,locality,,,
AD000783,798.0,-2590.0,94.9,baseline_street,,,
AD000784,-1112.6,-1940.9,212.1,locality,,,
AD000785,1504.0,-1200.4,147.7,landmark,LM0050,masjid,NEAR
AD000786,,,,out_of_territory,,,
AD000787,1069.4,-1162.5,46.9,landmark,LM0284,church,NEAR
AD000788,890.5,-13.5,122.5,landmark,LM0025,community_hall,NEAR
AD000789,-2714.8,-290.4,212.1,locality,,,
AD000790,1044.0,2667.6,122.5,landmark,LM0179,bus_stop,NEAR
AD000791,2963.4,-2320.6,80.2,landmark,LM0097,hanuman_temple,NEAR
AD000792,999.2,1186.6,212.1,locality,,,
AD000793,-269.0,1098.4,122.5,landmark,LM0211,masjid,OPPOSITE
AD000794,2150.5,2165.4,80.2,landmark,LM0140,govt_school,NEAR
AD000795,-2847.1,-112.3,122.5,landmark,LM0267,water_tank,OPPOSITE
AD000796,,,,out_of_territory,,,
AD000797,2503.7,-1201.0,122.5,landmark,LM0198,post_office,OPPOSITE
AD000798,916.5,1285.9,212.1,locality,,,
AD000799,1145.7,-158.5,122.5,landmark,LM0118,bus_stop,BEHIND
AD000800,876.9,-187.8,212.1,locality,,,
AD000801,1001.7,-558.1,80.2,landmark,LM0282,masjid,NEAR
AD000802,1228.0,-27.5,122.5,landmark,LM0020,govt_school,NEAR
AD000803,-382.0,-1496.9,122.5,landmark,LM0105,medical_store,NEAR
AD000804,-2360.3,-29.1,94.9,baseline_street,,,
AD000805,-3714.7,-973.5,212.1,locality,,,
AD000806,2300.4,1864.0,212.1,locality,,,
AD000807,-1205.6,-2153.2,122.5,landmark,LM0250,church,OPPOSITE
AD000808,-644.8,3388.6,122.5,landmark,LM0233,park,OPPOSITE
AD000809,826.5,-5.4,122.5,landmark,LM0022,bus_stop,NEAR
AD000810,618.8,-2966.9,212.1,locality,,,
AD000811,,,,out_of_territory,,,
AD000812,-1678.6,-2570.6,147.7,landmark,LM0074,hanuman_temple,NEAR
AD000813,2875.3,-2199.3,80.2,landmark,LM0098,ration_shop,NEAR
AD000814,-1239.3,-2270.1,848.5,pincode_area,,,
AD000815,2831.4,-2212.6,94.9,baseline_street,,,
AD000816,1057.7,2673.2,122.5,landmark,LM0179,bus_stop,NEAR
AD000817,1357.5,-2048.9,122.5,landmark,LM0201,milk_dairy,BEHIND
AD000818,1091.9,-51.3,212.1,locality,,,
AD000819,2977.3,-1151.8,94.9,baseline_street,,,
AD000820,2427.1,-2004.8,49.3,baseline_rooftop,,,
AD000821,1585.2,-2117.3,212.1,locality,,,
AD000822,715.8,-2842.1,122.5,landmark,LM0030,ration_shop,NEAR
AD000823,-3037.2,1329.9,122.5,landmark,LM0001,community_hall,OPPOSITE
AD000824,1675.6,-2029.1,848.5,pincode_area,,,
AD000825,-2243.9,1216.8,80.2,landmark,LM0275,community_hall,NEAR
AD000826,-1051.0,-3143.9,212.1,locality,,,
AD000827,3084.0,-2216.9,122.5,landmark,LM0300,milk_dairy,OPPOSITE
AD000828,-1772.7,-1409.0,848.5,pincode_area,,,
AD000829,2274.7,1860.7,147.7,landmark,LM0138,ganesha_temple,NEAR
AD000830,2551.1,985.8,122.5,landmark,LM0071,masjid,NEAR
AD000831,-1462.4,477.4,80.2,landmark,LM0040,petrol_bunk,NEAR
AD000832,2666.3,-2128.9,212.1,locality,,,
AD000833,-2784.6,-458.5,122.5,landmark,LM0270,bus_stop,NEAR
AD000834,3267.7,-1880.9,212.1,locality,,,
AD000835,1015.2,17.2,212.1,locality,,,
AD000836,1084.0,-351.2,122.5,landmark,LM0023,hanuman_temple,NEAR
AD000837,-2006.2,-2181.5,147.7,landmark,LM0077,bus_stop,OPPOSITE
AD000838,-2590.1,1397.8,94.9,baseline_street,,,
AD000839,1028.7,2750.0,212.1,locality,,,
AD000840,1261.1,-4.0,147.7,landmark,LM0026,milk_dairy,NEAR
AD000841,1680.2,-2262.7,122.5,landmark,LM0204,medical_store,NEAR
AD000842,840.2,1225.9,94.9,baseline_street,,,
AD000843,1546.2,-1730.2,848.5,pincode_area,,,
AD000844,1982.1,-1157.5,122.5,landmark,LM0049,hanuman_temple,NEAR
AD000845,1451.4,-1753.8,848.5,pincode_area,,,
AD000846,-624.6,-578.4,147.7,landmark,LM0189,post_office,NEAR
AD000847,628.9,-3131.8,212.1,locality,,,
AD000848,-520.9,-3330.1,122.5,landmark,LM0311,park,NEAR
AD000849,-3866.2,-684.2,122.5,landmark,LM0220,community_hall,NEAR
AD000850,3696.6,457.7,212.1,locality,,,
AD000851,2959.2,336.2,122.5,landmark,LM0156,community_hall,NEAR
AD000852,-3819.8,-896.7,212.1,locality,,,
AD000853,-3727.4,-870.5,212.1,locality,,,
AD000854,1392.7,-2333.5,122.5,landmark,LM0199,masjid,NEAR
AD000855,912.6,2618.3,122.5,landmark,LM0172,govt_school,NEAR
AD000856,-640.3,-527.0,212.1,locality,,,
AD000857,1084.8,-218.7,122.5,landmark,LM0126,park,BEHIND
AD000858,-1221.3,-1983.5,80.2,landmark,LM0245,ganesha_temple,BEHIND
AD000859,,,,out_of_territory,,,
AD000860,1540.8,-2082.0,212.1,locality,,,
AD000861,3039.8,584.8,212.1,locality,,,
AD000862,-1722.8,2603.6,122.5,landmark,LM0087,water_tank,OPPOSITE
AD000863,1793.8,-1684.0,94.9,baseline_street,,,
AD000864,-1682.6,-2805.7,212.1,locality,,,
AD000865,-2487.4,1615.9,212.1,locality,,,
AD000866,1582.3,-1929.1,212.1,locality,,,
AD000867,2792.5,-2174.1,212.1,locality,,,
AD000868,927.5,-11.9,212.1,locality,,,
AD000869,-2204.8,1628.2,122.5,landmark,LM0273,ganesha_temple,NEAR
AD000870,3320.3,-2038.8,122.5,landmark,LM0304,water_tank,NEAR
AD000871,2476.1,-1234.5,122.5,landmark,LM0195,govt_school,NEAR
AD000872,2111.2,2091.2,46.9,landmark,LM0140,govt_school,OPPOSITE
AD000873,-2840.0,1192.8,212.1,locality,,,
AD000874,-3914.8,-850.0,122.5,landmark,LM0218,medical_store,NEAR
AD000875,3759.8,459.6,212.1,locality,,,
AD000876,-3919.4,-856.2,147.7,landmark,LM0218,medical_store,NEAR
AD000877,3369.3,-1935.5,147.7,landmark,LM0305,masjid,BEHIND
AD000878,-1857.2,2353.4,122.5,landmark,LM0085,govt_school,OPPOSITE
AD000879,-455.8,-3541.8,212.1,locality,,,
AD000880,2442.2,-2297.1,122.5,landmark,LM0096,masjid,NEAR
AD000881,422.1,2301.7,212.1,locality,,,
AD000882,355.8,2436.7,122.5,landmark,LM0056,ganesha_temple,OPPOSITE
AD000883,3070.4,525.0,212.1,locality,,,
AD000884,946.1,2631.9,122.5,landmark,LM0172,govt_school,NEAR
AD000885,3097.7,-2236.6,122.5,landmark,LM0300,milk_dairy,BEHIND
AD000886,528.4,213.2,94.9,baseline_street,,,
AD000887,,,,out_of_territory,,,
AD000888,749.5,-3052.9,122.5,landmark,LM0035,community_hall,OPPOSITE
AD000889,2708.5,-2168.8,212.1,locality,,,
AD000890,-620.4,3337.3,80.2,landmark,LM0128,hanuman_temple,NEAR
AD000891,-618.3,-571.4,147.7,landmark,LM0189,post_office,NEAR
AD000892,-288.5,-3205.9,94.9,baseline_street,,,
AD000893,,,,out_of_territory,,,
AD000894,1202.9,-1079.5,94.9,baseline_street,,,
AD000895,552.5,2529.3,94.9,baseline_street,,,
AD000896,,,,out_of_territory,,,
AD000897,1680.8,-2229.7,122.5,landmark,LM0204,medical_store,BEHIND
AD000898,1032.4,-3364.8,94.9,baseline_street,,,
AD000899,3017.9,-2311.5,147.7,landmark,LM0300,milk_dairy,NEAR
AD000900,-2524.5,-127.6,122.5,landmark,LM0265,govt_school,OPPOSITE
AD000901,1569.4,-2077.8,212.1,locality,,,
AD000902,949.8,2964.2,122.5,landmark,LM0180,petrol_bunk,NEAR
AD000903,2917.1,-2617.9,94.9,baseline_street,,,
AD000904,747.8,-3121.8,212.1,locality,,,
AD000905,384.1,1751.2,80.2,landmark,LM0294,ration_shop,NEAR
AD000906,3571.7,400.8,212.1,locality,,,
AD000907,3456.5,-2176.4,122.5,landmark,LM0298,park,OPPOSITE
AD000908,2316.9,1933.7,212.1,locality,,,
AD000909,,,,out_of_territory,,,
AD000910,2647.0,-2347.2,80.2,landmark,LM0097,hanuman_temple,NEAR
AD000911,-568.6,-1393.2,122.5,landmark,LM0108,park,NEAR
AD000912,1508.9,-2118.2,212.1,locality,,,
AD000913,751.7,-801.9,122.5,landmark,LM0283,bus_stop,NEAR
AD000914,1465.5,-2182.8,212.1,locality,,,
AD000915,-1008.4,-1859.9,212.1,locality,,,
AD000916,1977.6,-876.9,212.1,locality,,,
AD000917,901.6,2782.9,212.1,locality,,,
AD000918,2058.1,1797.3,80.2,landmark,LM0137,community_hall,BEHIND
AD000919,2827.2,-2293.1,122.5,landmark,LM0097,hanuman_temple,NEAR
AD000920,-1289.3,474.1,47.4,landmark,LM0040,petrol_bunk,NEAR
AD000921,1519.4,-2080.8,212.1,locality,,,
AD000922,-1570.0,-2795.8,212.1,locality,,,
AD000923,594.6,-3127.4,212.1,locality,,,
AD000924,662.1,-2757.3,122.5,landmark,LM0113,medical_store,NEAR
AD000925,1220.4,-1708.9,49.3,baseline_rooftop,,,
AD000926,1026.1,-579.0,80.2,landmark,LM0287,ganesha_temple,NEAR
AD000927,2575.8,-1288.0,122.5,landmark,LM0194,water_tank,NEAR
AD000928,2737.9,828.7,122.5,landmark,LM0066,ration_shop,OPPOSITE
AD000929,1678.3,-1665.3,848.5,pincode_area,,,
AD000930,-2608.8,1511.1,49.3,baseline_rooftop,,,
AD000931,,,,out_of_territory,,,
AD000932,-3717.9,-982.7,212.1,locality,,,
AD000933,1476.3,-2046.4,122.5,landmark,LM0207,church,NEAR
AD000934,632.6,2675.2,122.5,landmark,LM0175,community_hall,NEAR
AD000935,-260.7,-3424.8,94.9,baseline_street,,,
AD000936,720.4,-3172.3,212.1,locality,,,
AD000937,-633.6,2911.4,212.1,locality,,,
AD000938,1986.5,-1168.2,122.5,landmark,LM0049,hanuman_temple,NEAR
AD000939,2431.9,1063.2,212.1,locality,,,
AD000940,604.2,-2985.1,122.5,landmark,LM0028,bus_stop,NEAR
AD000941,,,,out_of_territory,,,
AD000942,747.2,3203.6,94.9,baseline_street,,,
AD000943,-2660.7,-414.9,122.5,landmark,LM0263,church,OPPOSITE
AD000944,-2408.4,1480.3,122.5,landmark,LM0277,masjid,BEHIND
AD000945,2741.6,835.2,122.5,landmark,LM0066,ration_shop,OPPOSITE
AD000946,-2860.2,1097.1,212.1,locality,,,
AD000947,927.4,2678.9,122.5,landmark,LM0172,govt_school,NEAR
AD000948,956.8,-542.4,94.9,baseline_street,,,
AD000949,-778.4,-495.6,122.5,landmark,LM0243,post_office,OPPOSITE
AD000950,-2598.2,-244.1,212.1,locality,,,
AD000951,984.3,-16.4,212.1,locality,,,
AD000952,-562.2,2929.5,212.1,locality,,,
AD000953,525.8,-3203.0,122.5,landmark,LM0117,ration_shop,NEAR
AD000954,-2469.2,1208.4,46.9,landmark,LM0277,masjid,NEAR
AD000955,2709.7,-2181.2,212.1,locality,,,
AD000956,,,,out_of_territory,,,
AD000957,2899.4,560.0,212.1,locality,,,
AD000958,2395.7,-1094.6,94.9,baseline_street,,,
AD000959,2796.2,-2152.5,212.1,locality,,,
AD000960,,,,out_of_territory,,,
AD000961,2876.5,709.8,122.5,landmark,LM0160,water_tank,NEAR
AD000962,2345.2,1914.1,212.1,locality,,,
AD000963,937.2,-154.3,147.7,landmark,LM0024,ganesha_temple,BEHIND
AD000964,1548.5,-1965.7,212.1,locality,,,
AD000965,-1926.8,-2548.9,122.5,landmark,LM0073,post_office,NEAR
AD000966,,,,out_of_territory,,,
AD000967,-2517.1,-463.2,122.5,landmark,LM0269,masjid,NEAR
AD000968,-2403.1,1628.8,212.1,locality,,,
AD000969,2368.4,990.7,212.1,locality,,,
AD000970,2491.3,963.5,212.1,locality,,,
AD000971,627.9,-2910.9,212.1,locality,,,
AD000972,-827.4,-734.8,147.7,landmark,LM0239,milk_dairy,NEAR
AD000973,3721.3,326.4,212.1,locality,,,
AD000974,3382.1,-1656.4,147.7,landmark,LM0301,ganesha_temple,BEHIND
AD000975,-390.8,-358.6,122.5,landmark,LM0182,milk_dairy,NEAR
AD000976,-1083.7,-3092.5,212.1,locality,,,
AD000977,,,,out_of_territory,,,
AD000978,-947.0,-536.3,122.5,landmark,LM0235,govt_school,NEAR
AD000979,892.9,2553.5,291.0,pincode_area,,,
AD000980,1150.6,-151.4,122.5,landmark,LM0118,bus_stop,NEAR
AD000981,-2530.5,-119.2,122.5,landmark,LM0265,govt_school,NEAR
AD000982,3956.0,805.6,94.9,baseline_street,,,
AD000983,,,,out_of_territory,,,
AD000984,-2320.2,-2339.0,122.5,landmark,LM0081,water_tank,NEAR
AD000985,-2543.6,-180.2,122.5,landmark,LM0265,govt_school,NEAR
AD000986,1175.0,2512.3,46.9,landmark,LM0173,medical_store,NEAR
AD000987,2574.3,1006.8,122.5,landmark,LM0071,masjid,NEAR
AD000988,-2917.1,1108.8,212.1,locality,,,
AD000989,2444.0,-1336.7,212.1,locality,,,
AD000990,1395.8,197.6,94.9,baseline_street,,,
AD000991,-788.9,3078.2,122.5,landmark,LM0133,milk_dairy,NEAR
AD000992,2578.1,-1329.7,122.5,landmark,LM0194,water_tank,OPPOSITE
AD000993,2735.5,-2121.2,212.1,locality,,,
AD000994,-631.3,2928.3,212.1,locality,,,
AD000995,768.7,-2757.8,80.2,landmark,LM0109,community_hall,NEAR
AD000996,1500.6,-2093.2,212.1,locality,,,
AD000997,-1425.0,-2618.8,94.9,baseline_street,,,
AD000998,-633.1,3078.5,212.1,locality,,,
AD000999,-370.5,-3422.1,212.1,locality,,,
AD001000,2067.8,-914.3,122.5,landmark,LM0053,park,NEAR
AD001001,3710.2,432.3,212.1,locality,,,
AD001002,-2247.3,1596.3,122.5,landmark,LM0273,ganesha_temple,BEHIND
AD001003,-514.1,-451.2,212.1,locality,,,
AD001004,1117.4,-336.4,122.5,landmark,LM0023,hanuman_temple,NEAR
AD001005,-360.6,-1143.0,147.7,landmark,LM0103,milk_dairy,NEAR
AD001006,948.4,-767.8,212.1,locality,,,
AD001007,-2818.2,1002.8,94.9,baseline_street,,,
AD001008,-2057.1,2326.0,80.2,landmark,LM0085,govt_school,NEAR
AD001009,1702.4,-2310.7,147.7,landmark,LM0204,medical_store,BEHIND
AD001010,1113.7,17.1,212.1,locality,,,
AD001011,-792.6,3039.7,122.5,landmark,LM0133,milk_dairy,NEAR
AD001012,840.7,-3178.1,80.2,landmark,LM0035,community_hall,NEAR
AD001013,1440.4,-1906.7,94.9,baseline_street,,,
AD001014,,,,out_of_territory,,,
AD001015,3408.3,320.6,80.2,landmark,LM0255,ration_shop,NEAR
AD001016,500.9,1820.3,122.5,landmark,LM0295,water_tank,NEAR
AD001017,-823.4,-632.2,122.5,landmark,LM0236,ration_shop,BEHIND
AD001018,-931.2,-505.1,122.5,landmark,LM0235,govt_school,NEAR
AD001019,3064.7,577.8,212.1,locality,,,
AD001020,2521.1,-1731.2,94.9,baseline_street,,,
AD001021,-369.4,-1085.9,122.5,landmark,LM0101,govt_school,OPPOSITE
AD001022,1924.5,-1146.6,122.5,landmark,LM0049,hanuman_temple,NEAR
AD001023,-2811.8,-596.9,147.7,landmark,LM0270,bus_stop,NEAR
AD001024,783.1,1726.2,122.5,landmark,LM0296,govt_school,BEHIND
AD001025,-565.7,-587.5,212.1,locality,,,
AD001026,685.9,2328.3,94.9,baseline_street,,,
AD001027,964.6,2965.2,122.5,landmark,LM0180,petrol_bunk,NEAR
AD001028,986.8,1407.9,147.7,landmark,LM0164,govt_school,NEAR
AD001029,924.0,2636.3,122.5,landmark,LM0172,govt_school,NEAR
AD001030,,,,out_of_territory,,,
AD001031,1572.6,-2256.9,80.2,landmark,LM0204,medical_store,NEAR
AD001032,-541.6,-410.7,212.1,locality,,,
AD001033,-1168.4,-3447.3,80.2,landmark,LM0017,govt_school,OPPOSITE
AD001034,2954.2,-2134.9,122.5,landmark,LM0098,ration_shop,NEAR
AD001035,1092.2,-290.7,122.5,landmark,LM0023,hanuman_temple,OPPOSITE
AD001036,-2663.0,-314.1,122.5,landmark,LM0262,petrol_bunk,NEAR
AD001037,-2723.3,1661.9,122.5,landmark,LM0272,milk_dairy,NEAR
AD001038,,,,out_of_territory,,,
AD001039,2994.8,-2310.6,94.9,baseline_street,,,
AD001040,782.8,-1023.6,80.2,landmark,LM0284,church,OPPOSITE
AD001041,2596.1,982.4,147.7,landmark,LM0071,masjid,NEAR
AD001042,-2958.4,853.2,94.9,baseline_street,,,
AD001043,-2839.8,1054.7,212.1,locality,,,
AD001044,2721.2,-2220.3,212.1,locality,,,
AD001045,2623.0,1648.2,94.9,baseline_street,,,
AD001046,-2689.4,-153.2,212.1,locality,,,
AD001047,2722.1,-1748.0,94.9,baseline_street,,,
AD001048,2476.2,-2330.5,122.5,landmark,LM0096,masjid,NEAR
AD001049,-929.2,-514.4,122.5,landmark,LM0235,govt_school,NEAR
AD001050,3022.2,578.0,212.1,locality,,,
AD001051,,,,out_of_territory,,,
AD001052,2776.4,-2203.0,212.1,locality,,,
AD001053,903.8,-770.9,80.2,landmark,LM0286,govt_school,NEAR
AD001054,-403.0,3130.8,212.1,locality,,,
AD001055,668.2,-3072.7,212.1,locality,,,
AD001056,,,,out_of_territory,,,
AD001057,655.5,-3104.9,212.1,locality,,,
AD001058,2748.7,-2139.5,212.1,locality,,,
AD001059,1021.7,-99.1,212.1,locality,,,
AD001060,1524.5,-2182.6,212.1,locality,,,
AD001061,,,,out_of_territory,,,
AD001062,3596.4,435.1,212.1,locality,,,
AD001063,2744.3,-2115.6,122.5,landmark,LM0091,community_hall,NEAR
AD001064,-3738.2,-887.0,212.1,locality,,,
AD001065,2756.3,-2092.3,147.7,landmark,LM0094,medical_store,NEAR
AD001066,-3732.1,-896.9,212.1,locality,,,
AD001067,1645.2,-1704.8,848.5,pincode_area,,,
AD001068,549.0,1640.4,212.1,locality,,,
AD001069,479.2,1514.8,147.7,landmark,LM0293,ganesha_temple,BEHIND
AD001070,-2087.6,-2232.0,122.5,landmark,LM0077,bus_stop,NEAR
AD001071,-759.1,-573.1,212.1,locality,,,
AD001072,,,,out_of_territory,,,
AD001073,1217.8,-855.2,122.5,landmark,LM0280,medical_store,NEAR
AD001074,2692.6,-2185.6,212.1,locality,,,
AD001075,-3120.9,1041.1,80.2,landmark,LM0008,post_office,NEAR
AD001076,-666.2,-349.7,122.5,landmark,LM0237,medical_store,BEHIND
AD001077,,,,out_of_territory,,,
AD001078,3231.8,-1781.2,122.5,landmark,LM0302,post_office,NEAR
AD001079,-2461.4,-107.7,47.4,landmark,LM0265,govt_school,OPPOSITE
AD001080,-2209.6,-219.1,94.9,baseline_street,,,
AD001081,1066.7,-43.1,212.1,locality,,,
AD001082,948.8,2574.2,122.5,landmark,LM0177,ration_shop,NEAR
AD001083,870.5,-3295.4,94.9,baseline_street,,,
AD001084,-1798.8,-2695.7,122.5,landmark,LM0151,govt_school,NEAR
AD001085,,,,out_of_territory,,,
AD001086,-750.5,-503.6,212.1,locality,,,
AD001087,944.4,-160.5,147.7,landmark,LM0024,ganesha_temple,NEAR
AD001088,1203.7,-2.4,122.5,landmark,LM0026,milk_dairy,NEAR
AD001089,3566.7,459.4,122.5,landmark,LM0254,milk_dairy,NEAR
AD001090,,,,out_of_territory,,,
AD001091,-3730.9,-832.4,212.1,locality,,,
AD001092,-964.4,-504.6,122.5,landmark,LM0235,govt_school,NEAR
AD001093,,,,out_of_territory,,,
AD001094,-2417.4,1893.0,122.5,landmark,LM0274,water_tank,NEAR
AD001095,1330.8,-1654.4,848.5,pincode_area,,,
AD001096,2556.5,1008.2,122.5,landmark,LM0071,masjid,NEAR
AD001097,1971.1,-1155.6,122.5,landmark,LM0049,hanuman_temple,NEAR
AD001098,1987.7,-1870.5,848.5,pincode_area,,,
AD001099,-3773.1,-853.9,212.1,locality,,,
AD001100,2745.5,-2156.8,212.1,locality,,,
AD001101,575.8,-2953.7,212.1,locality,,,
AD001102,1064.3,2656.7,122.5,landmark,LM0179,bus_stop,NEAR
AD001103,537.3,-2896.6,147.7,landmark,LM0028,bus_stop,NEAR
AD001104,388.4,2431.7,147.7,landmark,LM0056,ganesha_temple,BEHIND
AD001105,2806.4,-2282.6,122.5,landmark,LM0097,hanuman_temple,OPPOSITE
AD001106,,,,out_of_territory,,,
AD001107,1107.2,-456.4,147.7,landmark,LM0023,hanuman_temple,NEAR
AD001108,265.0,2565.1,80.2,landmark,LM0058,govt_school,NEAR
AD001109,-2534.0,-163.0,122.5,landmark,LM0265,govt_school,OPPOSITE
AD001110,-697.9,-1254.0,212.1,locality,,,
AD001111,,,,out_of_territory,,,
AD001112,-1135.0,-2007.9,122.5,landmark,LM0245,ganesha_temple,NEAR
AD001113,746.1,-776.6,122.5,landmark,LM0283,bus_stop,NEAR
AD001114,2600.9,-1333.2,122.5,landmark,LM0194,water_tank,NEAR
AD001115,-562.6,3265.6,122.5,landmark,LM0128,hanuman_temple,NEAR
AD001116,3183.7,-1779.0,122.5,landmark,LM0302,post_office,NEAR
AD001117,2549.2,-1254.1,212.1,locality,,,
AD001118,-2461.9,1517.7,212.1,locality,,,
AD001119,3737.3,354.3,212.1,locality,,,
AD001120,-3940.4,-976.6,122.5,landmark,LM0219,hanuman_temple,NEAR
AD001121,3678.8,670.0,80.2,landmark,LM0255,ration_shop,OPPOSITE
AD001122,3494.8,442.8,122.5,landmark,LM0258,community_hall,OPPOSITE
AD001123,-2664.5,-248.1,212.1,locality,,,
AD001124,1488.0,-1987.0,122.5,landmark,LM0207,church,NEAR
AD001125,1287.0,1135.4,80.2,landmark,LM0171,bus_stop,NEAR
AD001126,3062.0,599.2,212.1,locality,,,
AD001127,602.3,-3093.6,212.1,locality,,,
AD001128,744.1,-1025.8,122.5,landmark,LM0281,ration_shop,NEAR
AD001129,-697.0,3207.1,94.9,baseline_street,,,
AD001130,-692.9,-3288.1,94.9,baseline_street,,,
AD001131,1612.9,-2040.2,212.1,locality,,,
AD001132,2594.0,-1793.9,80.2,landmark,LM0193,ration_shop,NEAR
AD001133,2484.0,-1259.3,122.5,landmark,LM0195,govt_school,NEAR
AD001134,724.5,-3002.6,212.1,locality,,,
AD001135,-633.5,3027.3,212.1,locality,,,
AD001136,1111.8,-240.5,122.5,landmark,LM0126,park,NEAR
AD001137,-844.1,3068.6,147.7,landmark,LM0133,milk_dairy,NEAR
AD001138,-364.2,-3252.4,80.2,landmark,LM0311,park,NEAR
AD001139,2698.1,-2121.3,147.7,landmark,LM0092,park,NEAR
AD001140,-400.8,-1158.6,122.5,landmark,LM0103,milk_dairy,NEAR
AD001141,-527.9,-3483.2,212.1,locality,,,
AD001142,-706.0,-563.5,212.1,locality,,,
AD001143,3255.0,-1749.0,122.5,landmark,LM0299,ration_shop,NEAR
AD001144,-597.9,-1283.5,80.2,landmark,LM0100,church,NEAR
AD001145,520.4,2310.4,94.9,baseline_street,,,
AD001146,-445.4,-3491.8,147.7,landmark,LM0307,masjid,NEAR
AD001147,-2437.7,1606.9,147.7,landmark,LM0276,bus_stop,NEAR
AD001148,-1213.0,442.8,212.1,locality,,,
AD001149,1526.5,-2086.1,212.1,locality,,,
AD001150,775.2,1442.6,147.7,landmark,LM0168,park,NEAR
AD001151,614.4,-3015.9,122.5,landmark,LM0028,bus_stop,BEHIND
AD001152,1337.6,397.0,80.2,landmark,LM0122,hanuman_temple,NEAR
AD001153,-528.4,3352.9,147.7,landmark,LM0128,hanuman_temple,NEAR
AD001154,-2970.5,1051.4,212.1,locality,,,
AD001155,939.1,1019.5,94.9,baseline_street,,,
AD001156,858.7,-367.4,80.2,landmark,LM0126,park,NEAR
AD001157,-1838.3,-2897.3,94.9,baseline_street,,,
AD001158,919.3,2659.1,122.5,landmark,LM0172,govt_school,NEAR
AD001159,,,,out_of_territory,,,
AD001160,-2861.1,1159.0,212.1,locality,,,
AD001161,3431.7,411.1,80.2,landmark,LM0258,community_hall,NEAR
AD001162,-476.6,-3503.6,212.1,locality,,,
AD001163,-1781.1,-2722.4,122.5,landmark,LM0151,govt_school,NEAR
AD001164,-739.9,-485.8,122.5,landmark,LM0243,post_office,NEAR
AD001165,-479.7,3138.2,212.1,locality,,,
AD001166,-2834.8,1250.5,212.1,locality,,,
AD001167,1103.2,-452.7,147.7,landmark,LM0023,hanuman_temple,NEAR
AD001168,-351.9,-372.8,122.5,landmark,LM0182,milk_dairy,NEAR
AD001169,,,,out_of_territory,,,
AD001170,3302.8,-1937.7,212.1,locality,,,
AD001171,-2704.8,-321.8,122.5,landmark,LM0262,petrol_bunk,NEAR
AD001172,2892.0,-2155.3,122.5,landmark,LM0098,ration_shop,BEHIND
AD001173,2519.8,1001.4,212.1,locality,,,
AD001174,2598.8,-1937.8,49.3,baseline_rooftop,,,
AD001175,999.0,-775.2,94.9,baseline_street,,,
AD001176,3533.6,44.6,94.9,baseline_street,,,
AD001177,904.9,2786.1,212.1,locality,,,
AD001178,1514.1,-2002.2,212.1,locality,,,
AD001179,,,,out_of_territory,,,
AD001180,1093.2,-3565.7,212.1,locality,,,
AD001181,-422.4,-3478.2,212.1,locality,,,
AD001182,944.5,1325.1,212.1,locality,,,
AD001183,3550.4,599.0,122.5,landmark,LM0253,masjid,NEAR
AD001184,832.3,-1004.9,122.5,landmark,LM0284,church,NEAR
AD001185,,,,out_of_territory,,,
AD001186,2595.3,-2110.5,212.1,locality,,,
AD001187,1147.1,-208.7,212.1,locality,,,
AD001188,3617.3,457.6,212.1,locality,,,
AD001189,-690.3,2939.0,212.1,locality,,,
AD001190,1041.7,-21.2,212.1,locality,,,
AD001191,297.9,2619.4,122.5,landmark,LM0059,church,BEHIND
AD001192,-1304.1,-2973.5,122.5,landmark,LM0016,masjid,BEHIND
AD001193,-292.3,3115.2,122.5,landmark,LM0135,ration_shop,NEAR
AD001194,2522.8,-1298.4,122.5,landmark,LM0191,hanuman_temple,BEHIND
AD001195,2485.3,-1212.3,122.5,landmark,LM0198,post_office,NEAR
AD001196,2764.5,-2111.9,147.7,landmark,LM0091,community_hall,NEAR
AD001197,804.0,-992.8,122.5,landmark,LM0281,ration_shop,NEAR
AD001198,3000.1,-2152.2,147.7,landmark,LM0098,ration_shop,NEAR
AD001199,1051.7,-277.8,212.1,locality,,,
AD001200,-2727.0,1217.9,122.5,landmark,LM0007,bus_stop,NEAR
AD001201,605.1,-3089.7,212.1,locality,,,
AD001202,-1520.4,-2803.5,122.5,landmark,LM0153,hanuman_temple,NEAR
AD001203,-566.6,-3529.1,94.9,baseline_street,,,
AD001204,1413.6,-2370.3,122.5,landmark,LM0199,masjid,NEAR
AD001205,,,,out_of_territory,,,
AD001206,-2509.2,-157.7,122.5,landmark,LM0265,govt_school,NEAR
AD001207,2574.3,961.2,122.5,landmark,LM0071,masjid,NEAR
AD001208,1790.0,-1105.8,122.5,landmark,LM0047,medical_store,NEAR
AD001209,-991.3,3120.6,94.9,baseline_street,,,
AD001210,906.2,3005.7,122.5,landmark,LM0180,petrol_bunk,NEAR
AD001211,1031.9,8.5,212.1,locality,,,
AD001212,-417.3,3378.4,147.7,landmark,LM0234,milk_dairy,NEAR
AD001213,507.9,1686.2,212.1,locality,,,
AD001214,2799.6,-1587.5,80.2,landmark,LM0193,ration_shop,NEAR
AD001215,2262.7,1750.9,212.1,locality,,,
AD001216,770.8,-936.6,122.5,landmark,LM0286,govt_school,NEAR
AD001217,1211.3,-852.8,122.5,landmark,LM0280,medical_store,OPPOSITE
AD001218,-1225.0,394.5,212.1,locality,,,
AD001219,1174.2,-3531.0,212.1,locality,,,
AD001220,-2549.1,1611.8,212.1,locality,,,
AD001221,,,,out_of_territory,,,
AD001222,3652.4,424.9,212.1,locality,,,
AD001223,670.0,-3073.3,212.1,locality,,,
AD001224,2775.9,-2148.2,212.1,locality,,,
AD001225,430.4,-3026.8,122.5,landmark,LM0114,ganesha_temple,BEHIND
AD001226,1475.7,1169.6,848.5,pincode_area,,,
AD001227,3228.7,-2045.7,212.1,locality,,,
AD001228,-1056.9,-3166.4,212.1,locality,,,
AD001229,,,,out_of_territory,,,
AD001230,1176.5,1559.9,80.2,landmark,LM0166,medical_store,NEAR
AD001231,2732.8,-2245.7,212.1,locality,,,
AD001232,605.7,-3005.4,212.1,locality,,,
AD001233,2495.9,-2292.3,122.5,landmark,LM0096,masjid,NEAR
AD001234,-2642.6,-567.9,147.7,landmark,LM0263,church,NEAR
AD001235,,,,out_of_territory,,,
AD001236,2765.3,-2166.1,212.1,locality,,,
AD001237,3055.9,600.8,212.1,locality,,,
AD001238,1471.2,-2004.6,122.5,landmark,LM0207,church,NEAR
AD001239,-898.0,-3082.2,122.5,landmark,LM0013,church,NEAR
AD001240,1119.4,-157.4,212.1,locality,,,
AD001241,,,,out_of_territory,,,
AD001242,1577.0,-2038.6,212.1,locality,,,
AD001243,2803.8,-2287.8,122.5,landmark,LM0097,hanuman_temple,NEAR
AD001244,,,,out_of_territory,,,
AD001245,1574.4,-2069.5,80.2,landmark,LM0207,church,NEAR
AD001246,2783.8,-2244.3,212.1,locality,,,
AD001247,-720.1,-371.0,80.2,landmark,LM0243,post_office,NEAR
AD001248,1195.4,-865.8,122.5,landmark,LM0280,medical_store,NEAR
AD001249,774.2,-999.5,122.5,landmark,LM0286,govt_school,NEAR
AD001250,2979.1,-2167.0,122.5,landmark,LM0098,ration_shop,NEAR
AD001251,-1146.8,365.5,122.5,landmark,LM0037,ganesha_temple,NEAR
AD001252,658.3,-2789.9,122.5,landmark,LM0113,medical_store,NEAR
AD001253,-809.1,-3157.6,80.2,landmark,LM0013,church,NEAR
AD001254,2715.3,243.6,80.2,landmark,LM0161,bus_stop,NEAR
AD001255,3499.6,423.0,94.9,baseline_street,,,
AD001256,2778.5,-2179.6,212.1,locality,,,
AD001257,2457.1,988.3,212.1,locality,,,
AD001258,372.9,2460.2,212.1,locality,,,
AD001259,-2416.6,-400.9,122.5,landmark,LM0268,post_office,NEAR
AD001260,2507.9,-1320.3,122.5,landmark,LM0191,hanuman_temple,NEAR
AD001261,642.4,-3039.6,212.1,locality,,,
AD001262,-758.0,-491.6,212.1,locality,,,
AD001263,-2360.0,-2337.2,122.5,landmark,LM0081,water_tank,NEAR
AD001264,-1196.8,-1977.2,212.1,locality,,,
AD001265,-1067.2,-1849.0,212.1,locality,,,
AD001266,2426.0,-2316.8,122.5,landmark,LM0096,masjid,NEAR
AD001267,-2295.5,-2369.8,122.5,landmark,LM0081,water_tank,NEAR
AD001268,-742.9,-571.8,212.1,locality,,,
AD001269,-2692.0,-200.5,212.1,locality,,,
AD001270,-563.8,-1342.9,212.1,locality,,,
AD001271,2886.9,-1746.6,94.9,baseline_street,,,
AD001272,3115.4,-2190.7,122.5,landmark,LM0300,milk_dairy,NEAR
AD001273,2469.7,-2315.2,122.5,landmark,LM0096,masjid,NEAR
AD001274,849.8,-885.7,80.2,landmark,LM0286,govt_school,OPPOSITE
AD001275,-2801.7,-128.4,122.5,landmark,LM0267,water_tank,NEAR
AD001276,1854.9,-1106.7,212.1,locality,,,
AD001277,2470.2,-1207.4,80.2,landmark,LM0194,water_tank,NEAR
AD001278,259.8,2274.4,212.1,locality,,,
AD001279,1062.2,-174.9,94.9,baseline_street,,,
AD001280,919.8,2724.6,212.1,locality,,,
AD001281,1389.6,-2092.8,122.5,landmark,LM0201,milk_dairy,NEAR
AD001282,729.9,-993.7,122.5,landmark,LM0281,ration_shop,NEAR
AD001283,3726.5,438.8,212.1,locality,,,
AD001284,1532.6,-2041.4,212.1,locality,,,
AD001285,-531.7,2871.1,212.1,locality,,,
AD001286,1504.5,-4041.0,94.9,baseline_street,,,
AD001287,-3748.2,-801.5,212.1,locality,,,
AD001288,1111.2,-132.8,212.1,locality,,,
AD001289,3985.1,660.3,49.3,baseline_rooftop,,,
AD001290,997.5,-871.0,212.1,locality,,,
AD001291,776.3,-963.1,122.5,landmark,LM0286,govt_school,NEAR
AD001292,,,,out_of_territory,,,
AD001293,-944.3,-182.6,94.9,baseline_street,,,
AD001294,1102.7,-458.0,147.7,landmark,LM0023,hanuman_temple,NEAR
AD001295,574.4,-2975.8,212.1,locality,,,
AD001296,3015.0,611.4,212.1,locality,,,
AD001297,2325.6,1593.2,122.5,landmark,LM0139,ration_shop,NEAR
AD001298,-887.1,-3013.0,122.5,landmark,LM0013,church,NEAR
AD001299,-565.0,-1333.3,122.5,landmark,LM0100,church,BEHIND
AD001300,1584.6,-2226.7,46.9,landmark,LM0204,medical_store,BEHIND
AD001301,-1921.5,-3021.7,94.9,baseline_street,,,
AD001302,-3883.0,-845.5,122.5,landmark,LM0218,medical_store,BEHIND
AD001303,2313.9,-1223.5,94.9,baseline_street,,,
AD001304,-1946.3,-2679.2,80.2,landmark,LM0078,ration_shop,OPPOSITE
AD001305,-2657.3,-465.4,122.5,landmark,LM0263,church,BEHIND
AD001306,2793.4,-2151.1,122.5,landmark,LM0091,community_hall,NEAR
AD001307,484.9,-3088.3,80.2,landmark,LM0031,water_tank,NEAR
AD001308,-2777.7,1345.0,80.2,landmark,LM0007,bus_stop,NEAR
AD001309,-641.5,-1425.3,212.1,locality,,,
AD001310,2331.8,1734.3,212.1,locality,,,
AD001311,-3092.6,933.6,122.5,landmark,LM0004,ganesha_temple,OPPOSITE
AD001312,-2825.7,1120.2,212.1,locality,,,
AD001313,,,,out_of_territory,,,
AD001314,-2477.2,1377.7,94.9,baseline_street,,,
AD001315,-3074.4,953.4,122.5,landmark,LM0004,ganesha_temple,NEAR
AD001316,-941.8,-3036.9,122.5,landmark,LM0013,church,NEAR
AD001317,1921.7,-1140.5,94.9,baseline_street,,,
AD001318,1196.0,-98.8,80.2,landmark,LM0118,bus_stop,NEAR
AD001319,-655.5,3378.5,122.5,landmark,LM0233,park,NEAR
AD001320,-552.9,-1153.8,80.2,landmark,LM0100,church,NEAR
AD001321,541.8,2289.5,94.9,baseline_street,,,
AD001322,1573.2,1488.9,848.5,pincode_area,,,
AD001323,685.5,-2850.0,122.5,landmark,LM0030,ration_shop,NEAR
AD001324,2678.4,-2021.3,212.1,locality,,,
AD001325,-1665.3,-2807.5,212.1,locality,,,
AD001326,799.4,1375.3,122.5,landmark,LM0168,park,BEHIND
AD001327,1518.7,-1988.8,212.1,locality,,,
AD001328,960.1,2698.5,212.1,locality,,,
AD001329,948.0,-508.5,122.5,landmark,LM0282,masjid,NEAR
AD001330,-3773.1,-922.0,212.1,locality,,,
AD001331,-2570.8,-196.8,212.1,locality,,,
AD001332,-1132.7,-1958.1,212.1,locality,,,
AD001333,-2713.8,-335.4,122.5,landmark,LM0262,petrol_bunk,NEAR
AD001334,,,,out_of_territory,,,
AD001335,-2296.1,-2331.3,122.5,landmark,LM0081,water_tank,NEAR
AD001336,2708.8,-2153.8,212.1,locality,,,
AD001337,1385.5,-2386.9,122.5,landmark,LM0199,masjid,NEAR
AD001338,2905.8,723.4,122.5,landmark,LM0160,water_tank,BEHIND
AD001339,969.3,2659.8,212.1,locality,,,
AD001340,1033.4,2701.0,122.5,landmark,LM0179,bus_stop,NEAR
AD001341,-993.9,-1768.5,94.9,baseline_street,,,
AD001342,2967.8,642.9,212.1,locality,,,
AD001343,-987.7,-393.2,80.2,landmark,LM0235,govt_school,NEAR
AD001344,-1212.0,-1825.3,212.1,locality,,,
AD001345,,,,out_of_territory,,,
AD001346,-642.0,-658.5,122.5,landmark,LM0187,masjid,NEAR
AD001347,,,,out_of_territory,,,
AD001348,2674.7,-2231.8,212.1,locality,,,
AD001349,2017.3,-1269.7,80.2,landmark,LM0049,hanuman_temple,BEHIND
AD001350,-1674.4,-2701.4,212.1,locality,,,
AD001351,1197.1,186.5,122.5,landmark,LM0122,hanuman_temple,NEAR
AD001352,3762.1,395.0,122.5,landmark,LM0256,bus_stop,NEAR
AD001353,3602.2,433.2,212.1,locality,,,
AD001354,2745.6,-2191.9,212.1,locality,,,
AD001355,714.2,-3041.6,212.1,locality,,,
AD001356,311.6,2369.1,212.1,locality,,,
AD001357,-384.2,3230.9,212.1,locality,,,
AD001358,,,,out_of_territory,,,
AD001359,-713.9,2708.8,122.5,landmark,LM0132,medical_store,NEAR
AD001360,-2152.1,1241.5,80.2,landmark,LM0273,ganesha_temple,NEAR
AD001361,-923.4,-3071.1,122.5,landmark,LM0013,church,NEAR
AD001362,-1302.3,-11.0,147.7,landmark,LM0042,medical_store,NEAR
AD001363,2676.5,-2156.1,212.1,locality,,,
AD001364,2830.2,-2301.3,122.5,landmark,LM0097,hanuman_temple,BEHIND
AD001365,366.7,-3040.7,147.7,landmark,LM0114,ganesha_temple,BEHIND
AD001366,1724.6,-864.0,122.5,landmark,LM0051,milk_dairy,NEAR
AD001367,288.3,2394.7,212.1,locality,,,
AD001368,922.4,2653.7,212.1,locality,,,
AD001369,-552.9,-545.1,80.2,landmark,LM0242,water_tank,NEAR
AD001370,2125.8,1308.7,147.7,landmark,LM0064,bus_stop,NEAR
AD001371,-2528.1,-313.1,212.1,locality,,,
AD001372,2845.5,-2275.5,122.5,landmark,LM0097,hanuman_temple,NEAR
AD001373,2290.4,1859.1,212.1,locality,,,
AD001374,1961.7,-1136.9,122.5,landmark,LM0049,hanuman_temple,BEHIND
AD001375,-3013.1,881.1,122.5,landmark,LM0004,ganesha_temple,BEHIND
AD001376,-750.0,-550.8,212.1,locality,,,
AD001377,925.2,-1122.7,80.2,landmark,LM0286,govt_school,NEAR
AD001378,1941.1,-919.2,212.1,locality,,,
AD001379,,,,out_of_territory,,,
AD001380,1451.9,-2009.8,122.5,landmark,LM0207,church,BEHIND
AD001381,1053.2,-233.2,122.5,landmark,LM0126,park,OPPOSITE
AD001382,-518.4,-3308.0,122.5,landmark,LM0311,park,NEAR
AD001383,1789.0,-1823.5,848.5,pincode_area,,,
AD001384,-2647.0,-426.0,122.5,landmark,LM0263,church,NEAR
AD001385,1148.5,-3503.8,212.1,locality,,,
AD001386,-439.4,-3566.7,122.5,landmark,LM0307,masjid,NEAR
AD001387,2805.6,-2052.8,212.1,locality,,,
AD001388,1807.4,-1519.4,848.5,pincode_area,,,
AD001389,682.0,2333.7,94.9,baseline_street,,,
AD001390,-475.9,-3573.2,212.1,locality,,,
AD001391,-2532.8,-165.8,122.5,landmark,LM0265,govt_school,OPPOSITE
AD001392,-3714.8,-859.6,212.1,locality,,,
AD001393,-1293.9,423.6,212.1,locality,,,
AD001394,3079.8,-2205.5,122.5,landmark,LM0300,milk_dairy,BEHIND
AD001395,1259.0,-877.0,122.5,landmark,LM0280,medical_store,NEAR
AD001396,-427.9,-3563.3,212.1,locality,,,
AD001397,1596.0,-2119.8,212.1,locality,,,
AD001398,,,,out_of_territory,,,
AD001399,-2050.2,1841.3,94.9,baseline_street,,,
AD001400,,,,out_of_territory,,,
AD001401,-1204.7,-3271.5,122.5,landmark,LM0011,medical_store,NEAR
AD001402,48.2,2485.7,122.5,landmark,LM0062,community_hall,OPPOSITE
AD001403,1127.3,-23.5,212.1,locality,,,
AD001404,-1605.2,-2954.3,94.9,baseline_street,,,
AD001405,-3736.5,-933.0,212.1,locality,,,
AD001406,-3779.8,-896.1,212.1,locality,,,
AD001407,-524.5,3263.7,212.1,locality,,,
AD001408,2536.4,1007.9,122.5,landmark,LM0071,masjid,NEAR
AD001409,-1615.5,-2916.3,212.1,locality,,,
AD001410,-770.5,2916.6,94.9,baseline_street,,,
AD001411,2990.4,-2408.1,80.2,landmark,LM0097,hanuman_temple,BEHIND
AD001412,-2958.8,1108.8,212.1,locality,,,
AD001413,-3037.4,916.9,122.5,landmark,LM0004,ganesha_temple,NEAR
AD001414,625.8,-3057.7,212.1,locality,,,
AD001415,2629.4,1013.6,122.5,landmark,LM0071,masjid,NEAR
AD001416,2664.5,-1685.3,94.9,baseline_street,,,
AD001417,1070.4,-238.2,122.5,landmark,LM0126,park,NEAR
AD001418,,,,out_of_territory,,,
AD001419,1430.2,-1550.0,848.5,pincode_area,,,
AD001420,-2185.8,-2439.8,212.1,locality,,,
AD001421,-2628.8,-238.4,212.1,locality,,,
AD001422,3677.8,409.9,212.1,locality,,,
AD001423,,,,out_of_territory,,,
AD001424,898.0,2600.8,122.5,landmark,LM0172,govt_school,NEAR
AD001425,920.5,-3241.7,80.2,landmark,LM0111,hanuman_temple,NEAR
AD001426,-2199.3,1332.2,848.5,pincode_area,,,
AD001427,812.7,-975.9,122.5,landmark,LM0284,church,NEAR
AD001428,-2830.9,986.2,122.5,landmark,LM0008,post_office,OPPOSITE
AD001429,,,,out_of_territory,,,
AD001430,1032.6,2672.7,122.5,landmark,LM0179,bus_stop,NEAR
AD001431,1098.2,-319.6,122.5,landmark,LM0023,hanuman_temple,NEAR
AD001432,-493.9,-3500.7,212.1,locality,,,
AD001433,2743.6,-2456.3,80.2,landmark,LM0097,hanuman_temple,NEAR
AD001434,987.9,-834.9,212.1,locality,,,
AD001435,-433.7,3272.0,212.1,locality,,,
AD001436,-2417.2,1457.9,122.5,landmark,LM0277,masjid,NEAR
AD001437,-2526.0,-417.1,122.5,landmark,LM0269,masjid,OPPOSITE
AD001438,-2408.2,1654.3,212.1,locality,,,
AD001439,-302.3,-3555.8,212.1,locality,,,
AD001440,-781.1,-586.0,212.1,locality,,,
AD001441,3720.2,525.3,212.1,locality,,,
AD001442,1272.5,-5.5,147.7,landmark,LM0026,milk_dairy,OPPOSITE
AD001443,-584.0,-3391.1,122.5,landmark,LM0310,hanuman_temple,NEAR
AD001444,1023.5,-115.3,212.1,locality,,,
AD001445,1002.2,1102.5,212.1,locality,,,
AD001446,1713.3,-2327.9,147.7,landmark,LM0204,medical_store,NEAR
AD001447,-1418.3,-2983.6,80.2,landmark,LM0149,milk_dairy,NEAR
AD001448,-2661.7,-457.5,122.5,landmark,LM0263,church,OPPOSITE
AD001449,2753.2,-2114.4,147.7,landmark,LM0091,community_hall,NEAR
AD001450,2489.5,-1008.9,94.9,baseline_street,,,
AD001451,-621.9,-605.0,80.2,landmark,LM0189,post_office,NEAR
AD001452,,,,out_of_territory,,,
AD001453,-2423.9,1614.3,212.1,locality,,,
AD001454,-928.9,-3069.7,122.5,landmark,LM0013,church,NEAR
AD001455,1354.5,-2034.2,80.2,landmark,LM0201,milk_dairy,NEAR
AD001456,978.0,11.2,212.1,locality,,,
AD001457,954.0,2602.3,122.5,landmark,LM0172,govt_school,OPPOSITE
AD001458,-2617.1,-250.8,212.1,locality,,,
AD001459,,,,out_of_territory,,,
AD001460,3230.4,-1897.1,80.2,landmark,LM0302,post_office,NEAR
AD001461,-2777.8,946.6,122.5,landmark,LM0008,post_office,NEAR
AD001462,724.1,-3066.4,122.5,landmark,LM0035,community_hall,NEAR
AD001463,-2317.3,1496.4,122.5,landmark,LM0275,community_hall,NEAR
AD001464,,,,out_of_territory,,,
AD001465,-606.4,-657.9,122.5,landmark,LM0187,masjid,NEAR
AD001466,3646.5,403.2,212.1,locality,,,
AD001467,3205.9,-1788.1,122.5,landmark,LM0302,post_office,NEAR
AD001468,555.0,-2996.7,212.1,locality,,,
AD001469,-2434.9,1573.1,212.1,locality,,,
AD001470,298.5,1982.2,80.2,landmark,LM0294,ration_shop,OPPOSITE
AD001471,2919.8,-2161.8,122.5,landmark,LM0098,ration_shop,OPPOSITE
AD001472,1168.5,-3644.7,212.1,locality,,,
AD001473,584.0,1650.3,212.1,locality,,,
AD001474,1272.0,-2093.6,122.5,landmark,LM0200,govt_school,OPPOSITE
AD001475,1109.4,9.4,212.1,locality,,,
AD001476,-651.0,3405.9,122.5,landmark,LM0233,park,OPPOSITE
AD001477,-683.9,-1337.8,212.1,locality,,,
AD001478,-260.1,1141.7,122.5,landmark,LM0211,masjid,NEAR
AD001479,2791.0,-2067.8,212.1,locality,,,
AD001480,3330.1,-1900.9,122.5,landmark,LM0305,masjid,NEAR
AD001481,3180.4,-2044.1,212.1,locality,,,
AD001482,3381.0,-1772.7,122.5,landmark,LM0301,ganesha_temple,BEHIND
AD001483,-636.3,3039.8,122.5,landmark,LM0232,church,NEAR
AD001484,2737.6,-2279.2,212.1,locality,,,
AD001485,769.8,-3141.1,212.1,locality,,,
AD001486,-451.0,-3486.4,147.7,landmark,LM0307,masjid,NEAR
AD001487,1680.0,-2113.3,212.1,locality,,,
AD001488,-1640.5,-2714.3,212.1,locality,,,
AD001489,1443.7,-1971.2,122.5,landmark,LM0207,church,NEAR
AD001490,-1134.4,394.4,212.1,locality,,,
AD001491,3622.9,-2193.6,80.2,landmark,LM0298,park,BEHIND
AD001492,,,,out_of_territory,,,
AD001493,657.0,-3171.8,212.1,locality,,,
AD001494,577.3,-3067.9,122.5,landmark,LM0115,church,NEAR
AD001495,838.6,-2804.5,147.7,landmark,LM0109,community_hall,OPPOSITE
AD001496,1605.2,-1104.2,122.5,landmark,LM0050,masjid,NEAR
AD001497,1560.4,-2118.3,212.1,locality,,,
AD001498,2771.9,-2157.0,122.5,landmark,LM0091,community_hall,NEAR
AD001499,3605.4,55.9,94.9,baseline_street,,,
AD001500,-2744.1,1426.8,80.2,landmark,LM0272,milk_dairy,NEAR
AD001501,3159.6,-1694.2,147.7,landmark,LM0302,post_office,BEHIND
AD001502,-1166.0,-1974.3,147.7,landmark,LM0245,ganesha_temple,NEAR
AD001503,2855.2,-1622.1,94.9,baseline_street,,,
AD001504,973.4,2753.0,212.1,locality,,,
AD001505,1061.4,2686.1,122.5,landmark,LM0179,bus_stop,BEHIND
AD001506,-715.6,3006.5,212.1,locality,,,
AD001507,-2516.1,1733.3,212.1,locality,,,
AD001508,-2229.2,-2361.8,122.5,landmark,LM0079,govt_school,NEAR
AD001509,2692.7,-2168.0,212.1,locality,,,
AD001510,1018.1,-132.2,212.1,locality,,,
AD001511,803.4,1373.7,122.5,landmark,LM0167,post_office,NEAR
AD001512,-778.3,-480.0,122.5,landmark,LM0243,post_office,NEAR
AD001513,552.6,1695.0,212.1,locality,,,
AD001514,-2324.4,-2318.4,147.7,landmark,LM0081,water_tank,NEAR
AD001515,1646.5,-2233.7,122.5,landmark,LM0204,medical_store,BEHIND
AD001516,1289.3,-4.6,147.7,landmark,LM0020,govt_school,NEAR
AD001517,1121.0,-2998.9,94.9,baseline_street,,,
AD001518,,,,out_of_territory,,,
AD001519,1297.1,-3964.8,122.5,landmark,LM0320,govt_school,OPPOSITE
AD001520,-743.6,-3818.4,94.9,baseline_street,,,
AD001521,-574.9,3176.4,122.5,landmark,LM0229,community_hall,OPPOSITE
AD001522,,,,out_of_territory,,,
AD001523,2993.5,336.1,122.5,landmark,LM0156,community_hall,OPPOSITE
AD001524,3558.8,345.1,212.1,locality,,,
AD001525,-859.4,-769.7,80.2,landmark,LM0236,ration_shop,NEAR
AD001526,788.8,-2912.1,122.5,landmark,LM0109,community_hall,NEAR
AD001527,,,,out_of_territory,,,
AD001528,1382.9,-2384.7,122.5,landmark,LM0199,masjid,NEAR
AD001529,,,,out_of_territory,,,
AD001530,1050.3,-241.9,212.1,locality,,,
AD001531,-1143.8,366.7,147.7,landmark,LM0037,ganesha_temple,NEAR
AD001532,-1389.4,-2146.8,848.5,pincode_area,,,
AD001533,703.4,-3036.8,212.1,locality,,,
AD001534,-1759.9,-1519.3,848.5,pincode_area,,,
AD001535,-426.0,3126.9,212.1,locality,,,
AD001536,-2447.0,1673.9,212.1,locality,,,
AD001537,-1571.1,-2776.3,122.5,landmark,LM0153,hanuman_temple,NEAR
AD001538,1066.4,1717.8,94.9,baseline_street,,,
AD001539,103.4,2020.2,80.2,landmark,LM0057,milk_dairy,NEAR
AD001540,-2354.7,1647.8,94.9,baseline_street,,,
AD001541,-1997.0,2502.5,122.5,landmark,LM0082,ganesha_temple,NEAR
AD001542,-782.8,-3386.5,94.9,baseline_street,,,
AD001543,2599.1,-1260.4,122.5,landmark,LM0194,water_tank,NEAR
AD001544,-455.6,3082.2,212.1,locality,,,
AD001545,3476.6,-2182.7,122.5,landmark,LM0298,park,NEAR
AD001546,-1021.6,-3087.2,212.1,locality,,,
AD001547,,,,out_of_territory,,,
AD001548,1847.7,-960.8,212.1,locality,,,
AD001549,2509.0,-1283.4,122.5,landmark,LM0195,govt_school,NEAR
AD001550,,,,out_of_territory,,,
AD001551,1480.2,-1986.2,212.1,locality,,,
AD001552,2728.1,831.7,122.5,landmark,LM0066,ration_shop,NEAR
AD001553,965.5,2712.1,212.1,locality,,,
AD001554,2749.6,-2142.5,212.1,locality,,,
AD001555,-2492.3,1545.3,212.1,locality,,,
AD001556,1058.3,2663.1,122.5,landmark,LM0179,bus_stop,NEAR
AD001557,1571.7,-1955.2,212.1,locality,,,
AD001558,2813.3,799.8,147.7,landmark,LM0160,water_tank,OPPOSITE
AD001559,2692.8,-1358.7,212.1,locality,,,
AD001560,-3910.8,-996.6,122.5,landmark,LM0219,hanuman_temple,OPPOSITE
AD001561,1131.2,-88.9,212.1,locality,,,
AD001562,,,,out_of_territory,,,
AD001563,-790.7,-642.8,122.5,landmark,LM0239,milk_dairy,NEAR
AD001564,-564.1,-3384.4,122.5,landmark,LM0310,hanuman_temple,NEAR
AD001565,-403.4,3244.6,212.1,locality,,,
AD001566,1576.6,-2137.7,212.1,locality,,,
AD001567,2782.0,-2148.3,122.5,landmark,LM0091,community_hall,NEAR
AD001568,2656.7,-2186.7,212.1,locality,,,
AD001569,1742.3,-2583.4,848.5,pincode_area,,,
AD001570,2407.5,1032.9,212.1,locality,,,
AD001571,2230.3,1102.6,94.9,baseline_street,,,
AD001572,-592.2,-1718.6,94.9,baseline_street,,,
AD001573,972.2,-540.2,122.5,landmark,LM0282,masjid,NEAR
AD001574,3811.8,68.5,94.9,baseline_street,,,
AD001575,722.8,-2907.2,122.5,landmark,LM0109,community_hall,NEAR
AD001576,825.0,-3209.0,94.9,baseline_street,,,
AD001577,1214.9,-21.4,212.1,locality,,,
AD001578,-2210.6,1632.3,122.5,landmark,LM0273,ganesha_temple,NEAR
AD001579,2537.4,-2338.2,94.9,baseline_street,,,
AD001580,,,,out_of_territory,,,
AD001581,2813.0,-1929.5,80.2,landmark,LM0092,park,NEAR
AD001582,972.2,-871.6,212.1,locality,,,
AD001583,-786.2,-636.4,122.5,landmark,LM0239,milk_dairy,NEAR
AD001584,1556.8,-2126.9,212.1,locality,,,
AD001585,991.9,-530.6,122.5,landmark,LM0282,masjid,NEAR
AD001586,1359.1,-2039.5,122.5,landmark,LM0201,milk_dairy,NEAR
AD001587,-462.7,3240.0,212.1,locality,,,
AD001588,-157.2,-203.4,848.5,pincode_area,,,
AD001589,770.3,3073.3,80.2,landmark,LM0180,petrol_bunk,NEAR
AD001590,-506.8,-3333.2,122.5,landmark,LM0311,park,NEAR
AD001591,-1646.0,-2723.2,212.1,locality,,,
AD001592,1491.2,-2508.2,94.9,baseline_street,,,
AD001593,-901.2,-2211.2,46.9,landmark,LM0246,milk_dairy,NEAR
AD001594,943.1,2680.1,122.5,landmark,LM0172,govt_school,NEAR
AD001595,,,,out_of_territory,,,
AD001596,704.0,-3086.7,122.5,landmark,LM0035,community_hall,BEHIND
AD001597,444.6,-3035.0,122.5,landmark,LM0114,ganesha_temple,NEAR
AD001598,3388.6,-1933.5,147.7,landmark,LM0305,masjid,BEHIND
AD001599,,,,out_of_territory,,,
AD001600,1370.7,-2074.7,122.5,landmark,LM0201,milk_dairy,NEAR
AD001601,-467.6,1530.5,122.5,landmark,LM0216,petrol_bunk,OPPOSITE
AD001602,2758.7,-2107.5,147.7,landmark,LM0094,medical_store,NEAR
AD001603,1160.7,-31.0,122.5,landmark,LM0026,milk_dairy,BEHIND
AD001604,-1857.2,2324.5,122.5,landmark,LM0085,govt_school,NEAR
AD001605,3606.6,501.9,122.5,landmark,LM0255,ration_shop,OPPOSITE
AD001606,-2505.7,-420.3,80.2,landmark,LM0269,masjid,OPPOSITE
AD001607,3233.5,-1948.8,212.1,locality,,,
AD001608,-527.4,2797.4,212.1,locality,,,
AD001609,2321.7,1863.6,122.5,landmark,LM0138,ganesha_temple,NEAR
AD001610,-1254.4,-3405.4,122.5,landmark,LM0015,ration_shop,NEAR
AD001611,325.6,-2794.8,94.9,baseline_street,,,
AD001612,1079.6,-362.9,147.7,landmark,LM0126,park,OPPOSITE
AD001613,1126.2,35.9,212.1,locality,,,
AD001614,2585.9,-1227.7,212.1,locality,,,
AD001615,-1869.4,2390.0,122.5,landmark,LM0085,govt_school,NEAR
AD001616,2409.7,1322.4,80.2,landmark,LM0064,bus_stop,NEAR
AD001617,302.8,2310.2,212.1,locality,,,
AD001618,1004.6,-528.0,122.5,landmark,LM0282,masjid,OPPOSITE
AD001619,2518.3,-1199.7,122.5,landmark,LM0198,post_office,NEAR
AD001620,-464.8,-3375.7,212.1,locality,,,
AD001621,-478.7,3220.6,212.1,locality,,,
AD001622,1260.0,-832.8,122.5,landmark,LM0280,medical_store,NEAR
AD001623,2788.0,-2167.9,212.1,locality,,,
AD001624,-2850.7,978.3,122.5,landmark,LM0008,post_office,NEAR
AD001625,-2950.1,1173.2,212.1,locality,,,
AD001626,-1057.2,-3085.1,212.1,locality,,,
AD001627,628.0,-2803.7,147.7,landmark,LM0112,milk_dairy,NEAR
AD001628,740.2,2932.4,94.9,baseline_street,,,
AD001629,436.3,-3116.4,122.5,landmark,LM0031,water_tank,NEAR
AD001630,729.3,2874.2,94.9,baseline_street,,,
AD001631,2707.8,506.6,50.0,baseline_rooftop,,,
AD001632,,,,out_of_territory,,,
AD001633,1998.0,-947.2,212.1,locality,,,
AD001634,610.5,-3005.1,122.5,landmark,LM0028,bus_stop,BEHIND
AD001635,-2452.3,1574.6,212.1,locality,,,
AD001636,,,,out_of_territory,,,
AD001637,620.4,-2753.2,122.5,landmark,LM0113,medical_store,NEAR
AD001638,628.4,-3045.4,212.1,locality,,,
AD001639,353.0,2434.1,212.1,locality,,,
AD001640,1195.2,-3682.8,212.1,locality,,,
AD001641,3507.4,445.1,122.5,landmark,LM0258,community_hall,NEAR
AD001642,3005.7,-2140.4,147.7,landmark,LM0098,ration_shop,NEAR
AD001643,1547.5,-2013.7,212.1,locality,,,
AD001644,806.1,2663.2,212.1,locality,,,
AD001645,2269.8,-1979.4,94.9,baseline_street,,,
AD001646,1236.7,197.9,46.9,landmark,LM0026,milk_dairy,NEAR
AD001647,-1633.6,-2898.8,122.5,landmark,LM0149,milk_dairy,NEAR
AD001648,,,,out_of_territory,,,
AD001649,2745.2,-2057.9,212.1,locality,,,
AD001650,,,,out_of_territory,,,
AD001651,-1114.0,-3086.2,212.1,locality,,,
AD001652,1225.2,-2401.0,80.2,landmark,LM0199,masjid,OPPOSITE
AD001653,873.3,65.7,122.5,landmark,LM0019,ration_shop,NEAR
AD001654,987.3,2623.9,122.5,landmark,LM0177,ration_shop,NEAR
AD001655,-2311.9,-2373.2,122.5,landmark,LM0081,water_tank,NEAR
AD001656,1086.2,32.7,212.1,locality,,,
AD001657,785.2,1457.1,147.7,landmark,LM0168,park,BEHIND
AD001658,-177.5,3401.8,122.5,landmark,LM0227,hanuman_temple,NEAR
AD001659,-2566.1,1881.0,122.5,landmark,LM0278,govt_school,NEAR
AD001660,621.9,2645.2,94.9,baseline_street,,,
AD001661,,,,out_of_territory,,,
AD001662,-679.8,2916.9,212.1,locality,,,
AD001663,-596.3,-633.5,122.5,landmark,LM0187,masjid,NEAR
AD001664,1371.8,-2044.5,122.5,landmark,LM0201,milk_dairy,NEAR
AD001665,-405.4,3328.2,122.5,landmark,LM0234,milk_dairy,NEAR
AD001666,3118.4,-2205.2,122.5,landmark,LM0300,milk_dairy,NEAR
AD001667,334.0,1846.2,122.5,landmark,LM0294,ration_shop,NEAR
AD001668,,,,out_of_territory,,,
AD001669,2806.7,-2113.9,212.1,locality,,,
AD001670,,,,out_of_territory,,,
AD001671,2506.4,1049.5,212.1,locality,,,
AD001672,,,,out_of_territory,,,
AD001673,1273.0,-1837.6,94.9,baseline_street,,,
AD001674,3177.6,-2304.8,94.9,baseline_street,,,
AD001675,,,,out_of_territory,,,
AD001676,1856.3,-1714.3,848.5,pincode_area,,,
AD001677,-958.7,-2994.8,122.5,landmark,LM0013,church,NEAR
AD001678,1149.8,26.5,212.1,locality,,,
AD001679,-1671.1,-2903.3,80.2,landmark,LM0149,milk_dairy,OPPOSITE
AD001680,1441.7,-2447.3,80.2,landmark,LM0199,masjid,NEAR
AD001681,-436.1,3204.5,147.7,landmark,LM0231,water_tank,NEAR
AD001682,-670.8,-399.1,212.1,locality,,,
AD001683,2587.7,-1284.7,122.5,landmark,LM0194,water_tank,NEAR
AD001684,998.9,2670.5,212.1,locality,,,
AD001685,462.1,1576.8,122.5,landmark,LM0297,bus_stop,NEAR
AD001686,543.3,1623.4,212.1,locality,,,
AD001687,-2473.4,1575.1,212.1,locality,,,
AD001688,,,,out_of_territory,,,
AD001689,-401.0,-647.2,94.9,baseline_street,,,
AD001690,549.1,-3094.8,212.1,locality,,,
AD001691,802.1,-3692.3,122.5,landmark,LM0316,ration_shop,OPPOSITE
AD001692,-2833.1,1511.2,94.9,baseline_street,,,
AD001693,-548.1,3283.5,122.5,landmark,LM0128,hanuman_temple,OPPOSITE
AD001694,1638.5,-2225.2,122.5,landmark,LM0204,medical_store,OPPOSITE
AD001695,2886.0,-2194.0,212.1,locality,,,
AD001696,-2147.3,1883.8,94.9,baseline_street,,,
AD001697,840.3,3236.8,80.2,landmark,LM0180,petrol_bunk,OPPOSITE
AD001698,1087.0,-357.8,122.5,landmark,LM0023,hanuman_temple,NEAR
AD001699,-1472.2,681.0,94.9,baseline_street,,,
AD001700,2970.8,307.5,122.5,landmark,LM0156,community_hall,NEAR
AD001701,421.4,1573.8,122.5,landmark,LM0297,bus_stop,NEAR
AD001702,2442.9,-2287.4,80.2,landmark,LM0096,masjid,NEAR
AD001703,-1607.3,-2812.2,94.9,baseline_street,,,
AD001704,-440.4,-533.0,212.1,locality,,,
AD001705,-986.2,-1904.5,122.5,landmark,LM0248,water_tank,NEAR
AD001706,3384.6,-2033.9,122.5,landmark,LM0304,water_tank,NEAR
AD001707,-527.6,2597.3,46.9,landmark,LM0131,ganesha_temple,NEAR
AD001708,,,,out_of_territory,,,
AD001709,-947.4,-3007.7,122.5,landmark,LM0013,church,BEHIND
AD001710,-267.9,1153.4,122.5,landmark,LM0211,masjid,NEAR
AD001711,726.9,-3073.4,212.1,locality,,,
AD001712,3061.5,542.5,212.1,locality,,,
AD001713,1723.6,-2084.0,46.9,landmark,LM0204,medical_store,NEAR
AD001714,2275.8,1772.6,212.1,locality,,,
AD001715,-1773.9,-1305.7,848.5,pincode_area,,,
AD001716,1640.8,-1971.2,212.1,locality,,,
AD001717,2417.2,1969.1,122.5,landmark,LM0142,medical_store,NEAR
AD001718,-397.4,3320.4,122.5,landmark,LM0234,milk_dairy,NEAR
AD001719,-542.1,3257.2,212.1,locality,,,
AD001720,977.2,176.8,122.5,landmark,LM0125,post_office,NEAR
AD001721,680.2,-3146.9,212.1,locality,,,
AD001722,-1638.4,2488.7,848.5,pincode_area,,,
AD001723,802.8,-1200.7,80.2,landmark,LM0284,church,NEAR
AD001724,1965.3,-1028.5,212.1,locality,,,
AD001725,3003.9,-2145.1,147.7,landmark,LM0098,ration_shop,BEHIND
AD001726,2887.4,860.1,94.9,baseline_street,,,
AD001727,1175.9,1775.9,848.5,pincode_area,,,
AD001728,,,,out_of_territory,,,
AD001729,-1350.4,-1799.1,94.9,baseline_street,,,
AD001730,-2954.2,1121.8,212.1,locality,,,
AD001731,1325.9,-1906.1,94.9,baseline_street,,,
AD001732,-1937.6,-2593.2,80.2,landmark,LM0078,ration_shop,NEAR
AD001733,-1551.7,-2823.9,122.5,landmark,LM0153,hanuman_temple,BEHIND
AD001734,-2745.7,1599.8,122.5,landmark,LM0272,milk_dairy,NEAR
AD001735,-2853.6,1052.8,212.1,locality,,,
AD001736,-349.7,-1093.1,122.5,landmark,LM0101,govt_school,NEAR
AD001737,,,,out_of_territory,,,
AD001738,-588.3,-1347.5,122.5,landmark,LM0100,church,NEAR
AD001739,48.4,-266.8,848.5,pincode_area,,,
AD001740,319.2,2405.9,212.1,locality,,,
AD001741,1603.1,-2037.3,212.1,locality,,,
AD001742,-1301.2,-3004.5,122.5,landmark,LM0016,masjid,NEAR
AD001743,931.8,2776.1,212.1,locality,,,
AD001744,-2453.6,1524.1,212.1,locality,,,
AD001745,-555.9,-3505.9,94.9,baseline_street,,,
AD001746,2946.6,-2136.0,122.5,landmark,LM0098,ration_shop,NEAR
AD001747,-922.5,-1656.5,49.3,baseline_rooftop,,,
AD001748,3667.2,421.1,212.1,locality,,,
AD001749,2535.2,902.4,848.5,pincode_area,,,
AD001750,954.9,1297.0,212.1,locality,,,
AD001751,-297.0,-913.8,94.9,baseline_street,,,
AD001752,1381.6,-2417.0,122.5,landmark,LM0199,masjid,NEAR
AD001753,900.0,-2932.9,80.2,landmark,LM0035,community_hall,NEAR
AD001754,-2460.0,-64.7,94.9,baseline_street,,,
AD001755,3388.3,-1939.2,147.7,landmark,LM0306,bus_stop,NEAR
AD001756,-1199.0,-2148.8,122.5,landmark,LM0250,church,NEAR
AD001757,-2262.4,-2437.1,212.1,locality,,,
AD001758,-363.4,-1635.9,46.9,landmark,LM0105,medical_store,NEAR
AD001759,-2996.4,1294.8,122.5,landmark,LM0001,community_hall,BEHIND
AD001760,2977.4,-2149.9,122.5,landmark,LM0098,ration_shop,NEAR
AD001761,-1599.6,-2744.6,212.1,locality,,,
AD001762,,,,out_of_territory,,,
AD001763,-2413.8,-417.5,122.5,landmark,LM0268,post_office,NEAR
AD001764,-2939.0,1148.3,212.1,locality,,,
AD001765,2468.0,-1218.8,212.1,locality,,,
AD001766,3235.8,-1979.0,212.1,locality,,,
AD001767,902.4,2613.7,122.5,landmark,LM0172,govt_school,NEAR
AD001768,929.3,2684.1,122.5,landmark,LM0172,govt_school,NEAR
AD001769,1009.2,0.2,212.1,locality,,,
AD001770,2488.1,-2305.1,122.5,landmark,LM0096,masjid,NEAR
AD001771,990.9,167.8,122.5,landmark,LM0125,post_office,OPPOSITE
AD001772,2726.6,-2225.2,212.1,locality,,,
AD001773,1885.6,-1207.3,80.2,landmark,LM0049,hanuman_temple,OPPOSITE
AD001774,-2308.6,1272.3,80.2,landmark,LM0275,community_hall,NEAR
AD001775,2808.8,-2293.7,122.5,landmark,LM0097,hanuman_temple,NEAR
AD001776,-3658.7,-905.0,212.1,locality,,,
AD001777,-1611.4,-2763.5,212.1,locality,,,
AD001778,-383.6,-3513.9,212.1,locality,,,
AD001779,3197.8,-1896.5,212.1,locality,,,
AD001780,-3825.0,-915.4,212.1,locality,,,
AD001781,-240.8,-3710.4,122.5,landmark,LM0309,ganesha_temple,NEAR
AD001782,1096.7,-2674.9,94.9,baseline_street,,,
AD001783,-298.8,-1595.7,94.9,baseline_street,,,
AD001784,2408.6,1927.7,122.5,landmark,LM0141,hanuman_temple,NEAR
AD001785,1126.8,-474.0,80.2,landmark,LM0282,masjid,NEAR
AD001786,-3739.0,-962.2,212.1,locality,,,
AD001787,-720.8,2989.9,122.5,landmark,LM0228,ration_shop,NEAR
AD001788,-1114.7,646.3,122.5,landmark,LM0038,water_tank,NEAR
AD001789,-1056.2,-3097.8,212.1,locality,,,
AD001790,-3030.0,1327.4,122.5,landmark,LM0001,community_hall,NEAR
AD001791,-2724.5,1219.0,122.5,landmark,LM0007,bus_stop,NEAR
AD001792,-2702.7,-475.2,94.9,baseline_street,,,
AD001793,,,,out_of_territory,,,
AD001794,619.1,-2882.2,122.5,landmark,LM0112,milk_dairy,NEAR
AD001795,2074.7,1631.2,147.7,landmark,LM0137,community_hall,NEAR
AD001796,,,,out_of_territory,,,
AD001797,2474.9,-2319.1,122.5,landmark,LM0096,masjid,NEAR
AD001798,-3709.0,-879.2,212.1,locality,,,
AD001799,2958.4,-2170.4,122.5,landmark,LM0098,ration_shop,NEAR
AD001800,2716.9,-2145.6,122.5,landmark,LM0092,park,NEAR
AD001801,3698.5,490.0,212.1,locality,,,
AD001802,3179.7,-1718.8,80.2,landmark,LM0299,ration_shop,NEAR
AD001803,-2865.7,1098.7,212.1,locality,,,
AD001804,336.7,2349.0,212.1,locality,,,
AD001805,2585.5,-1233.5,212.1,locality,,,
AD001806,964.8,222.5,122.5,landmark,LM0125,post_office,OPPOSITE
AD001807,1136.7,3219.5,94.9,baseline_street,,,
AD001808,763.0,-3090.8,212.1,locality,,,
AD001809,1306.3,309.9,46.9,landmark,LM0122,hanuman_temple,NEAR
AD001810,1024.2,2701.6,122.5,landmark,LM0179,bus_stop,NEAR
AD001811,945.3,2974.3,122.5,landmark,LM0180,petrol_bunk,NEAR
AD001812,3711.7,403.4,122.5,landmark,LM0256,bus_stop,NEAR
AD001813,3190.8,-1924.3,212.1,locality,,,
AD001814,,,,out_of_territory,,,
AD001815,-2731.3,1197.5,122.5,landmark,LM0007,bus_stop,NEAR
AD001816,-3051.7,1414.4,147.7,landmark,LM0001,community_hall,BEHIND
AD001817,-1986.5,2432.8,212.1,locality,,,
AD001818,2550.7,921.3,147.7,landmark,LM0071,masjid,NEAR
AD001819,,,,out_of_territory,,,
AD001820,-1837.4,2254.6,122.5,landmark,LM0086,petrol_bunk,NEAR
AD001821,2419.8,-2365.3,80.2,landmark,LM0096,masjid,NEAR
AD001822,-2671.1,-467.8,80.2,landmark,LM0262,petrol_bunk,NEAR
AD001823,2045.9,-1893.3,848.5,pincode_area,,,
AD001824,-2536.4,-423.8,122.5,landmark,LM0269,masjid,NEAR
AD001825,2929.8,708.3,122.5,landmark,LM0160,water_tank,OPPOSITE
AD001826,,,,out_of_territory,,,
AD001827,1163.4,-3639.3,122.5,landmark,LM0319,water_tank,NEAR
AD001828,,,,out_of_territory,,,
AD001829,2168.5,2162.9,80.2,landmark,LM0140,govt_school,NEAR
AD001830,1234.9,2974.4,94.9,baseline_street,,,
AD001831,-1629.2,2429.3,80.2,landmark,LM0084,masjid,NEAR
AD001832,3944.8,162.4,94.9,baseline_street,,,
AD001833,1462.7,-2373.7,122.5,landmark,LM0199,masjid,NEAR
AD001834,599.5,-3103.3,212.1,locality,,,
AD001835,922.9,2820.8,212.1,locality,,,
AD001836,-2981.7,1084.5,212.1,locality,,,
AD001837,-1686.6,2429.5,122.5,landmark,LM0084,masjid,BEHIND
AD001838,-455.5,-3392.6,212.1,locality,,,
AD001839,-659.0,-480.7,212.1,locality,,,
AD001840,794.1,-960.4,122.5,landmark,LM0286,govt_school,NEAR
AD001841,3571.8,488.7,212.1,locality,,,
AD001842,-3817.9,-932.8,212.1,locality,,,
AD001843,,,,out_of_territory,,,
AD001844,-591.1,-197.0,80.2,landmark,LM0188,hanuman_temple,NEAR
AD001845,3731.0,461.8,212.1,locality,,,
AD001846,-3693.2,-843.0,212.1,locality,,,
AD001847,-2382.5,1319.3,80.2,landmark,LM0277,masjid,NEAR
AD001848,-3753.2,-885.8,212.1,locality,,,
AD001849,208.3,2581.4,122.5,landmark,LM0058,govt_school,NEAR
AD001850,-1097.1,-3133.4,212.1,locality,,,
AD001851,846.4,-2800.2,147.7,landmark,LM0109,community_hall,NEAR
AD001852,546.7,-3157.4,122.5,landmark,LM0117,ration_shop,NEAR
AD001853,-626.2,-506.0,212.1,locality,,,
AD001854,817.7,-947.2,122.5,landmark,LM0286,govt_school,NEAR
AD001855,2489.5,-1282.2,122.5,landmark,LM0195,govt_school,OPPOSITE
AD001856,-931.2,-525.1,122.5,landmark,LM0235,govt_school,NEAR
AD001857,1675.6,-2216.6,122.5,landmark,LM0204,medical_store,BEHIND
AD001858,2549.0,-1327.7,147.7,landmark,LM0194,water_tank,NEAR
AD001859,-461.5,3206.1,212.1,locality,,,
AD001860,-2473.1,-547.1,80.2,landmark,LM0268,post_office,NEAR
AD001861,2880.2,-1855.0,94.9,baseline_street,,,
AD001862,-1628.9,2406.1,147.7,landmark,LM0084,masjid,NEAR
AD001863,-1606.1,-2908.7,147.7,landmark,LM0149,milk_dairy,NEAR
AD001864,-193.5,-3891.9,49.3,baseline_rooftop,,,
AD001865,492.4,1552.7,122.5,landmark,LM0297,bus_stop,NEAR
AD001866,662.4,-2937.8,212.1,locality,,,
AD001867,2740.2,1265.2,94.9,baseline_street,,,
AD001868,-2372.3,-433.2,122.5,landmark,LM0268,post_office,NEAR
AD001869,,,,out_of_territory,,,
AD001870,1370.7,1655.4,848.5,pincode_area,,,
AD001871,2749.2,-2107.3,147.7,landmark,LM0094,medical_store,NEAR
AD001872,-2581.0,-311.9,212.1,locality,,,
AD001873,-782.3,-2178.1,49.3,baseline_rooftop,,,
AD001874,-566.7,-507.9,122.5,landmark,LM0189,post_office,NEAR
AD001875,2854.4,-1818.2,94.9,baseline_street,,,
AD001876,-326.7,1357.6,212.1,locality,,,
AD001877,2517.3,-1209.8,212.1,locality,,,
AD001878,-2811.2,984.8,122.5,landmark,LM0008,post_office,OPPOSITE
AD001879,618.6,-3100.2,212.1,locality,,,
AD001880,3629.0,235.3,80.2,landmark,LM0255,ration_shop,NEAR
AD001881,922.5,95.0,122.5,landmark,LM0019,ration_shop,NEAR
AD001882,689.8,-3113.9,212.1,locality,,,
AD001883,2705.0,-2155.5,212.1,locality,,,
AD001884,1050.2,-3604.1,212.1,locality,,,
AD001885,-3872.8,-827.0,147.7,landmark,LM0218,medical_store,NEAR
AD001886,3230.9,-1930.1,212.1,locality,,,
AD001887,,,,out_of_territory,,,
AD001888,-549.1,-1337.8,212.1,locality,,,
AD001889,-2243.6,-2396.8,212.1,locality,,,
AD001890,987.2,-692.8,212.1,locality,,,
AD001891,-2714.6,-310.1,122.5,landmark,LM0262,petrol_bunk,NEAR
AD001892,-589.9,-302.4,122.5,landmark,LM0237,medical_store,NEAR
AD001893,,,,out_of_territory,,,
AD001894,2991.4,576.6,212.1,locality,,,
AD001895,799.7,-3683.8,122.5,landmark,LM0316,ration_shop,BEHIND
AD001896,-2626.9,-251.6,212.1,locality,,,
AD001897,-233.5,-3681.0,80.2,landmark,LM0309,ganesha_temple,OPPOSITE
AD001898,1763.9,1615.2,848.5,pincode_area,,,
AD001899,2693.6,-2147.8,212.1,locality,,,
AD001900,-1101.0,-3305.8,122.5,landmark,LM0017,govt_school,OPPOSITE
AD001901,-3700.8,-678.1,80.2,landmark,LM0220,community_hall,NEAR
AD001902,-708.7,-468.6,212.1,locality,,,
AD001903,2803.8,789.0,147.7,landmark,LM0066,ration_shop,BEHIND
AD001904,-1061.7,-3125.5,212.1,locality,,,
AD001905,1095.2,35.2,212.1,locality,,,
AD001906,-2813.6,-595.9,147.7,landmark,LM0270,bus_stop,NEAR
AD001907,2822.5,-1661.8,80.2,landmark,LM0193,ration_shop,NEAR
AD001908,-2510.3,-113.9,80.2,landmark,LM0265,govt_school,NEAR
AD001909,-2026.8,1359.9,848.5,pincode_area,,,
AD001910,-595.9,-1233.0,212.1,locality,,,
AD001911,1083.5,-367.1,147.7,landmark,LM0126,park,NEAR
AD001912,2997.3,640.8,212.1,locality,,,
AD001913,-1499.3,-2780.0,80.2,landmark,LM0153,hanuman_temple,OPPOSITE
AD001914,-307.7,1119.4,122.5,landmark,LM0211,masjid,OPPOSITE
AD001915,,,,out_of_territory,,,
AD001916,-423.8,-224.2,122.5,landmark,LM0188,hanuman_temple,OPPOSITE
AD001917,1136.2,-134.9,122.5,landmark,LM0118,bus_stop,NEAR
AD001918,-363.9,3096.3,122.5,landmark,LM0135,ration_shop,BEHIND
AD001919,-378.3,-3367.2,212.1,locality,,,
AD001920,3655.3,496.9,122.5,landmark,LM0255,ration_shop,NEAR
AD001921,1021.6,-544.9,122.5,landmark,LM0282,masjid,NEAR
AD001922,-518.0,-3525.1,212.1,locality,,,
AD001923,976.2,2769.3,212.1,locality,,,
AD001924,1235.7,1202.8,122.5,landmark,LM0171,bus_stop,OPPOSITE
AD001925,-751.2,-3746.6,94.9,baseline_street,,,
AD001926,580.4,1565.8,212.1,locality,,,
AD001927,1111.9,2616.3,147.7,landmark,LM0179,bus_stop,NEAR
AD001928,837.1,2712.3,80.2,landmark,LM0172,govt_school,OPPOSITE
AD001929,3069.1,28.2,94.9,baseline_street,,,
AD001930,2718.2,-2486.0,94.9,baseline_street,,,
AD001931,-1056.1,-1456.1,848.5,pincode_area,,,
AD001932,-462.3,-3344.1,80.2,landmark,LM0311,park,BEHIND
AD001933,3409.5,-2186.8,122.5,landmark,LM0298,park,OPPOSITE
AD001934,-2603.4,-278.1,212.1,locality,,,
AD001935,-3064.5,939.8,122.5,landmark,LM0004,ganesha_temple,NEAR
AD001936,,,,out_of_territory,,,
AD001937,784.4,3082.8,80.2,landmark,LM0180,petrol_bunk,NEAR
AD001938,-594.0,-496.9,212.1,locality,,,
AD001939,-3752.2,-908.5,212.1,locality,,,
AD001940,2417.7,1099.0,212.1,locality,,,
AD001941,124.1,2120.1,122.5,landmark,LM0057,milk_dairy,NEAR
AD001942,-410.4,-366.3,122.5,landmark,LM0182,milk_dairy,NEAR
AD001943,3181.8,-1950.1,212.1,locality,,,
AD001944,2592.8,-1442.1,212.1,locality,,,
AD001945,-3058.0,906.8,122.5,landmark,LM0004,ganesha_temple,NEAR
AD001946,-750.3,-661.0,122.5,landmark,LM0239,milk_dairy,NEAR
AD001947,-374.3,-3529.8,212.1,locality,,,
AD001948,-566.2,-479.2,212.1,locality,,,
AD001949,2695.7,-2105.8,212.1,locality,,,
AD001950,1304.7,-2025.3,122.5,landmark,LM0200,govt_school,OPPOSITE
AD001951,-258.7,1492.1,212.1,locality,,,
AD001952,960.2,2733.2,212.1,locality,,,
AD001953,-348.9,-64.0,94.9,baseline_street,,,
AD001954,1584.8,-2049.5,212.1,locality,,,
AD001955,2922.8,558.2,212.1,locality,,,
AD001956,654.5,-3841.2,94.9,baseline_street,,,
AD001957,904.4,-850.8,212.1,locality,,,
AD001958,3625.9,515.9,122.5,landmark,LM0255,ration_shop,NEAR
AD001959,2059.6,-1313.6,80.2,landmark,LM0049,hanuman_temple,OPPOSITE
AD001960,2755.5,-2128.8,122.5,landmark,LM0092,park,NEAR
AD001961,-2922.3,1154.5,212.1,locality,,,
AD001962,1460.1,-2007.4,122.5,landmark,LM0207,church,NEAR
AD001963,-507.8,-397.9,212.1,locality,,,
AD001964,3212.3,-1784.5,122.5,landmark,LM0302,post_office,NEAR
AD001965,1135.7,1388.3,122.5,landmark,LM0166,medical_store,NEAR
AD001966,2446.6,-1299.7,122.5,landmark,LM0197,bus_stop,NEAR
AD001967,-1827.7,2442.8,212.1,locality,,,
AD001968,2866.4,719.9,122.5,landmark,LM0160,water_tank,OPPOSITE
AD001969,-1355.5,-3155.8,80.2,landmark,LM0150,bus_stop,BEHIND
AD001970,-3046.0,934.8,122.5,landmark,LM0004,ganesha_temple,NEAR
AD001971,2574.8,-1410.7,212.1,locality,,,
AD001972,637.8,-2890.1,94.9,baseline_street,,,
AD001973,1727.1,-1583.6,848.5,pincode_area,,,
AD001974,910.8,1313.2,80.2,landmark,LM0164,govt_school,BEHIND
AD001975,,,,out_of_territory,,,
AD001976,3403.2,-1863.5,80.2,landmark,LM0305,masjid,NEAR
AD001977,3700.0,340.0,212.1,locality,,,
AD001978,3061.7,-2528.9,49.3,baseline_rooftop,,,
AD001979,,,,out_of_territory,,,
AD001980,648.6,-2758.0,122.5,landmark,LM0113,medical_store,NEAR
AD001981,,,,out_of_territory,,,
AD001982,-2524.1,-448.6,122.5,landmark,LM0269,masjid,BEHIND
AD001983,3705.8,403.8,212.1,locality,,,
AD001984,-983.7,-1916.8,122.5,landmark,LM0248,water_tank,NEAR
AD001985,-184.4,-3246.1,122.5,landmark,LM0308,medical_store,NEAR
AD001986,3005.7,-2308.7,147.7,landmark,LM0300,milk_dairy,OPPOSITE
AD001987,1350.9,-2488.8,147.7,landmark,LM0199,masjid,NEAR
AD001988,-2015.8,1758.5,94.9,baseline_street,,,
AD001989,3276.8,-1897.2,212.1,locality,,,
AD001990,-2463.6,1522.8,212.1,locality,,,
AD001991,721.5,-3031.6,212.1,locality,,,
AD001992,2950.1,-2155.3,122.5,landmark,LM0098,ration_shop,OPPOSITE
AD001993,795.6,-3078.2,212.1,locality,,,
AD001994,3257.0,-2450.8,94.9,baseline_street,,,
AD001995,963.7,-508.6,122.5,landmark,LM0282,masjid,NEAR
AD001996,369.2,-3044.3,147.7,landmark,LM0114,ganesha_temple,NEAR
AD001997,,,,out_of_territory,,,
AD001998,2730.6,1707.5,49.3,baseline_rooftop,,,
AD001999,-2778.3,903.3,147.7,landmark,LM0008,post_office,NEAR
AD002000,-2779.1,-449.5,122.5,landmark,LM0270,bus_stop,OPPOSITE
AD002001,-1140.1,-1868.2,212.1,locality,,,
AD002002,673.3,-3212.5,122.5,landmark,LM0110,bus_stop,NEAR
AD002003,-1530.0,-2463.4,80.2,landmark,LM0152,masjid,NEAR
AD002004,3135.9,277.3,80.2,landmark,LM0156,community_hall,NEAR
AD002005,-338.0,3126.0,122.5,landmark,LM0135,ration_shop,OPPOSITE
AD002006,,,,out_of_territory,,,
AD002007,1324.6,-2024.6,122.5,landmark,LM0200,govt_school,OPPOSITE
AD002008,564.9,1602.5,212.1,locality,,,
AD002009,-792.7,-530.4,212.1,locality,,,
AD002010,,,,out_of_territory,,,
AD002011,-581.1,-1414.5,147.7,landmark,LM0100,church,NEAR
AD002012,,,,out_of_territory,,,
AD002013,2487.5,934.1,212.1,locality,,,
AD002014,-2473.1,-2232.1,80.2,landmark,LM0081,water_tank,NEAR
AD002015,-974.4,-3149.2,212.1,locality,,,
AD002016,2811.3,-2286.1,122.5,landmark,LM0097,hanuman_temple,NEAR
AD002017,,,,out_of_territory,,,
AD002018,950.9,1379.8,122.5,landmark,LM0164,govt_school,NEAR
AD002019,1287.6,-2028.6,122.5,landmark,LM0200,govt_school,NEAR
AD002020,,,,out_of_territory,,,
AD002021,2823.6,-2129.3,212.1,locality,,,
AD002022,-823.8,-599.1,122.5,landmark,LM0236,ration_shop,NEAR
AD002023,-2734.4,1640.6,122.5,landmark,LM0272,milk_dairy,NEAR
AD002024,1807.6,-986.7,212.1,locality,,,
AD002025,-2432.2,1593.4,212.1,locality,,,
AD002026,-1678.6,-2736.8,212.1,locality,,,
AD002027,-560.7,-485.2,212.1,locality,,,
AD002028,-485.3,1471.4,122.5,landmark,LM0216,petrol_bunk,NEAR
AD002029,2451.8,999.5,212.1,locality,,,
AD002030,2327.8,1803.1,212.1,locality,,,
AD002031,3893.6,746.5,80.2,landmark,LM0255,ration_shop,NEAR
AD002032,,,,out_of_territory,,,
AD002033,-2763.4,-427.1,122.5,landmark,LM0270,bus_stop,NEAR
AD002034,2421.4,-1218.0,147.7,landmark,LM0198,post_office,OPPOSITE
AD002035,-790.2,-504.2,212.1,locality,,,
AD002036,-1199.1,-2151.0,122.5,landmark,LM0250,church,NEAR
AD002037,915.7,-3813.6,122.5,landmark,LM0323,petrol_bunk,OPPOSITE
AD002038,2647.1,-2187.2,212.1,locality,,,
AD002039,2748.8,-2156.3,212.1,locality,,,
AD002040,-3770.2,-816.7,212.1,locality,,,
AD002041,,,,out_of_territory,,,
AD002042,-2503.9,-301.1,212.1,locality,,,
AD002043,2982.8,625.4,212.1,locality,,,
AD002044,3106.5,-2211.3,122.5,landmark,LM0300,milk_dairy,NEAR
AD002045,-666.2,-683.8,122.5,landmark,LM0187,masjid,NEAR
AD002046,-984.4,-3226.5,212.1,locality,,,
AD002047,-2830.0,-126.0,122.5,landmark,LM0267,water_tank,NEAR
AD002048,887.5,-798.9,212.1,locality,,,
AD002049,3690.2,376.6,212.1,locality,,,
AD002050,-777.5,3027.2,122.5,landmark,LM0133,milk_dairy,NEAR
AD002051,-428.0,-3490.4,212.1,locality,,,
AD002052,-462.0,1477.2,122.5,landmark,LM0216,petrol_bunk,NEAR
AD002053,-203.5,1469.3,212.1,locality,,,
AD002054,1182.1,9.4,212.1,locality,,,
AD002055,2789.4,555.7,122.5,landmark,LM0161,bus_stop,NEAR
AD002056,3031.5,493.4,212.1,locality,,,
AD002057,2306.1,1912.5,147.7,landmark,LM0138,ganesha_temple,NEAR
AD002058,,,,out_of_territory,,,
AD002059,1296.4,-2036.5,122.5,landmark,LM0200,govt_school,OPPOSITE
AD002060,775.6,-359.2,80.2,landmark,LM0023,hanuman_temple,NEAR
AD002061,690.9,-3105.9,94.9,baseline_street,,,
AD002062,2025.5,-1056.7,212.1,locality,,,
AD002063,1040.1,-210.4,122.5,landmark,LM0126,park,NEAR
AD002064,448.7,-3049.7,122.5,landmark,LM0114,ganesha_temple,NEAR
AD002065,2823.8,860.5,80.2,landmark,LM0159,ration_shop,NEAR
AD002066,1656.1,-2223.7,122.5,landmark,LM0204,medical_store,NEAR
AD002067,1127.9,-209.2,212.1,locality,,,
AD002068,-2394.6,1470.8,122.5,landmark,LM0277,masjid,NEAR
AD002069,3755.4,407.8,122.5,landmark,LM0256,bus_stop,OPPOSITE
AD002070,-344.6,-3541.4,212.1,locality,,,
AD002071,3694.6,-2271.6,49.3,baseline_rooftop,,,
AD002072,-605.5,-3394.4,122.5,landmark,LM0310,hanuman_temple,NEAR
AD002073,-2319.2,-2352.5,94.9,baseline_street,,,
AD002074,1712.8,-1724.7,94.9,baseline_street,,,
AD002075,1561.5,-2003.0,212.1,locality,,,
AD002076,,,,out_of_territory,,,
AD002077,945.1,-3467.7,147.7,landmark,LM0321,church,NEAR
AD002078,797.8,-1011.8,122.5,landmark,LM0281,ration_shop,NEAR
AD002079,-2059.2,-2130.8,122.5,landmark,LM0076,masjid,NEAR
AD002080,742.2,-2999.8,212.1,locality,,,
AD002081,738.1,-1018.8,122.5,landmark,LM0281,ration_shop,NEAR
AD002082,2977.3,-2384.2,94.9,baseline_street,,,
AD002083,-454.8,-3621.3,212.1,locality,,,
AD002084,,,,out_of_territory,,,
AD002085,3423.0,476.7,94.9,baseline_street,,,
AD002086,3183.9,-1678.5,147.7,landmark,LM0299,ration_shop,NEAR
AD002087,-561.2,-3328.8,122.5,landmark,LM0311,park,OPPOSITE
AD002088,2939.4,-2179.0,122.5,landmark,LM0098,ration_shop,BEHIND
AD002089,933.1,34.6,212.1,locality,,,
AD002090,706.4,-3141.0,212.1,locality,,,
AD002091,1561.5,-2071.7,212.1,locality,,,
AD002092,3733.9,436.4,212.1,locality,,,
AD002093,,,,out_of_territory,,,
AD002094,-2213.3,1617.0,122.5,landmark,LM0273,ganesha_temple,NEAR
AD002095,-3948.1,-666.5,80.2,landmark,LM0220,community_hall,OPPOSITE
AD002096,3532.4,695.9,80.2,landmark,LM0255,ration_shop,NEAR
AD002097,1086.7,-355.8,122.5,landmark,LM0023,hanuman_temple,NEAR
AD002098,-3895.5,-1021.3,122.5,landmark,LM0219,hanuman_temple,OPPOSITE
AD002099,-1066.5,-1866.2,212.1,locality,,,
AD002100,-2812.9,-587.7,147.7,landmark,LM0270,bus_stop,BEHIND
AD002101,-535.6,3239.6,94.9,baseline_street,,,
AD002102,3215.5,-1759.7,122.5,landmark,LM0302,post_office,NEAR
AD002103,724.8,-3023.5,212.1,locality,,,
AD002104,2698.8,816.4,122.5,landmark,LM0066,ration_shop,OPPOSITE
AD002105,2951.2,818.8,122.5,landmark,LM0159,ration_shop,NEAR
AD002106,2530.2,-1243.5,122.5,landmark,LM0195,govt_school,NEAR
AD002107,-796.6,-1276.9,122.5,landmark,LM0104,ration_shop,NEAR
AD002108,2465.7,-2333.7,122.5,landmark,LM0096,masjid,OPPOSITE
AD002109,,,,out_of_territory,,,
AD002110,1949.0,-1062.5,212.1,locality,,,
AD002111,369.6,-3032.9,147.7,landmark,LM0114,ganesha_temple,NEAR
AD002112,-421.3,3248.4,80.2,landmark,LM0128,hanuman_temple,NEAR
AD002113,721.7,-3063.5,122.5,landmark,LM0035,community_hall,NEAR
AD002114,-918.2,-524.4,122.5,landmark,LM0235,govt_school,NEAR
AD002115,-458.8,-3567.8,122.5,landmark,LM0307,masjid,NEAR
AD002116,689.0,-3085.8,212.1,locality,,,
AD002117,2033.8,1780.4,122.5,landmark,LM0143,masjid,NEAR
AD002118,1651.1,-2259.5,122.5,landmark,LM0204,medical_store,NEAR
AD002119,-665.5,-790.6,147.7,landmark,LM0187,masjid,BEHIND
AD002120,875.5,2761.5,212.1,locality,,,
AD002121,2720.8,-2188.5,212.1,locality,,,
AD002122,981.7,-843.6,212.1,locality,,,
AD002123,1099.4,-45.1,212.1,locality,,,
AD002124,2683.2,-2161.7,212.1,locality,,,
AD002125,946.0,-414.5,94.9,baseline_street,,,
AD002126,2585.4,-1297.5,212.1,locality,,,
AD002127,2443.8,1991.9,122.5,landmark,LM0142,medical_store,NEAR
AD002128,-2678.7,1196.5,80.2,landmark,LM0007,bus_stop,BEHIND
AD002129,1066.3,-195.8,212.1,locality,,,
AD002130,-207.3,3371.2,94.9,baseline_street,,,
AD002131,-1649.7,-2687.0,212.1,locality,,,
AD002132,2321.6,1607.6,122.5,landmark,LM0139,ration_shop,OPPOSITE
AD002133,-1350.3,384.5,80.2,landmark,LM0040,petrol_bunk,OPPOSITE
AD002134,3336.8,-1951.2,122.5,landmark,LM0306,bus_stop,NEAR
AD002135,1255.7,-855.7,122.5,landmark,LM0280,medical_store,NEAR
AD002136,1742.1,-2280.7,94.9,baseline_street,,,
AD002137,,,,out_of_territory,,,
AD002138,3934.3,461.7,80.2,landmark,LM0256,bus_stop,NEAR
AD002139,-3675.0,-818.8,212.1,locality,,,
AD002140,972.8,-18.4,212.1,locality,,,
AD002141,-1782.7,-2731.0,122.5,landmark,LM0151,govt_school,BEHIND
AD002142,-1014.8,-3054.5,212.1,locality,,,
AD002143,-2402.0,1503.3,122.5,landmark,LM0277,masjid,NEAR
AD002144,,,,out_of_territory,,,
AD002145,-385.1,3265.0,212.1,locality,,,
AD002146,1792.4,1190.1,848.5,pincode_area,,,
AD002147,-1378.0,24.7,80.2,landmark,LM0042,medical_store,OPPOSITE
AD002148,-1221.7,398.5,212.1,locality,,,
AD002149,1099.5,1324.1,94.9,baseline_street,,,
AD002150,3656.2,326.8,212.1,locality,,,
AD002151,1187.7,-3066.9,94.9,baseline_street,,,
AD002152,-393.0,-1487.1,122.5,landmark,LM0105,medical_store,NEAR
AD002153,3397.1,-2000.0,94.9,baseline_street,,,
AD002154,643.9,-3036.8,212.1,locality,,,
AD002155,-2408.6,1474.4,122.5,landmark,LM0277,masjid,NEAR
AD002156,,,,out_of_territory,,,
AD002157,934.6,-932.9,212.1,locality,,,
AD002158,3006.1,-2134.6,147.7,landmark,LM0098,ration_shop,NEAR
AD002159,-570.4,3262.3,122.5,landmark,LM0128,hanuman_temple,NEAR
AD002160,-172.2,1363.1,212.1,locality,,,
AD002161,2006.9,-774.6,122.5,landmark,LM0046,govt_school,BEHIND
AD002162,1518.9,-2023.8,212.1,locality,,,
AD002163,1442.8,-1971.1,147.7,landmark,LM0207,church,NEAR
AD002164,-309.9,-3437.0,212.1,locality,,,
AD002165,-2858.9,-113.6,122.5,landmark,LM0267,water_tank,NEAR
AD002166,-784.2,3074.6,122.5,landmark,LM0133,milk_dairy,NEAR
AD002167,-714.9,2890.3,212.1,locality,,,
AD002168,,,,out_of_territory,,,
AD002169,1106.6,-106.9,80.2,landmark,LM0026,milk_dairy,NEAR
AD002170,2713.6,-2115.3,122.5,landmark,LM0092,park,NEAR
AD002171,633.9,-3009.3,212.1,locality,,,
AD002172,1080.0,2695.3,122.5,landmark,LM0179,bus_stop,OPPOSITE
AD002173,3134.3,-2203.0,122.5,landmark,LM0300,milk_dairy,NEAR
AD002174,-710.8,-547.8,212.1,locality,,,
AD002175,950.6,-873.3,212.1,locality,,,
AD002176,908.6,2841.0,212.1,locality,,,
AD002177,-1612.9,-2867.8,212.1,locality,,,
AD002178,3010.7,-2348.9,80.2,landmark,LM0300,milk_dairy,BEHIND
AD002179,1274.6,-1.6,147.7,landmark,LM0020,govt_school,BEHIND
AD002180,683.1,-3008.4,212.1,locality,,,
AD002181,-2499.3,20.1,46.9,landmark,LM0267,water_tank,NEAR
AD002182,2841.9,-2291.9,122.5,landmark,LM0097,hanuman_temple,NEAR
AD002183,-2194.3,-2433.7,122.5,landmark,LM0079,govt_school,OPPOSITE
AD002184,-2182.3,-2409.9,122.5,landmark,LM0079,govt_school,OPPOSITE
AD002185,-2506.2,1682.2,212.1,locality,,,
AD002186,982.9,14.1,212.1,locality,,,
AD002187,-4032.0,-883.1,94.9,baseline_street,,,
AD002188,-221.0,-3300.5,94.9,baseline_street,,,
AD002189,654.7,-2954.7,212.1,locality,,,
AD002190,-1174.2,359.9,212.1,locality,,,
AD002191,2823.5,-2167.8,212.1,locality,,,
AD002192,-690.6,2900.9,212.1,locality,,,
AD002193,1436.1,-1982.5,122.5,landmark,LM0207,church,NEAR
AD002194,1496.5,-1970.2,212.1,locality,,,
AD002195,-1362.1,-2241.4,848.5,pincode_area,,,
AD002196,338.5,2355.0,212.1,locality,,,
AD002197,925.8,-263.9,80.2,landmark,LM0126,park,NEAR
AD002198,2748.4,-2488.7,94.9,baseline_street,,,
AD002199,584.2,-2929.6,147.7,landmark,LM0028,bus_stop,NEAR
AD002200,2845.8,505.3,94.9,baseline_street,,,
AD002201,-228.6,1414.1,212.1,locality,,,
AD002202,-2065.8,-2236.6,122.5,landmark,LM0077,bus_stop,NEAR
AD002203,,,,out_of_territory,,,
AD002204,717.9,-1005.0,122.5,landmark,LM0281,ration_shop,NEAR
AD002205,-750.5,-497.3,212.1,locality,,,
AD002206,953.0,2749.3,212.1,locality,,,
AD002207,-348.9,-1137.6,147.7,landmark,LM0103,milk_dairy,NEAR
AD002208,,,,out_of_territory,,,
AD002209,-448.9,-3403.0,212.1,locality,,,
AD002210,1490.3,-2082.6,212.1,locality,,,
AD002211,1121.7,2616.0,147.7,landmark,LM0179,bus_stop,NEAR
AD002212,-1406.2,613.1,122.5,landmark,LM0039,hanuman_temple,BEHIND
AD002213,2920.8,738.0,80.2,landmark,LM0160,water_tank,OPPOSITE
AD002214,912.2,-3776.3,122.5,landmark,LM0323,petrol_bunk,NEAR
AD002215,666.2,-3126.1,212.1,locality,,,
AD002216,2844.2,170.0,94.9,baseline_street,,,
AD002217,-1100.2,-3225.4,212.1,locality,,,
AD002218,931.7,2608.2,122.5,landmark,LM0172,govt_school,NEAR
AD002219,,,,out_of_territory,,,
AD002220,-822.4,3049.3,122.5,landmark,LM0133,milk_dairy,NEAR
AD002221,2569.7,965.3,122.5,landmark,LM0071,masjid,NEAR
AD002222,-1564.8,664.8,147.7,landmark,LM0041,church,NEAR
AD002223,1183.5,-39.0,122.5,landmark,LM0020,govt_school,NEAR
AD002224,2443.9,-1334.0,147.7,landmark,LM0191,hanuman_temple,BEHIND
AD002225,-509.7,-472.0,212.1,locality,,,
AD002226,-633.9,2949.5,212.1,locality,,,
AD002227,-745.1,-523.2,212.1,locality,,,
AD002228,-623.4,3040.7,122.5,landmark,LM0232,church,NEAR
AD002229,-2307.8,1279.9,80.2,landmark,LM0277,masjid,OPPOSITE
AD002230,3344.1,-1982.5,122.5,landmark,LM0305,masjid,BEHIND
AD002231,2499.2,1041.3,212.1,locality,,,
AD002232,-751.0,-3098.7,80.2,landmark,LM0013,church,NEAR
AD002233,-2698.8,-497.6,80.2,landmark,LM0270,bus_stop,NEAR
AD002234,-468.1,-3421.9,212.1,locality,,,
AD002235,3262.8,1032.7,94.9,baseline_street,,,
AD002236,-506.0,-469.0,212.1,locality,,,
AD002237,1720.5,-2307.6,147.7,landmark,LM0204,medical_store,OPPOSITE
AD002238,-2876.3,1150.5,212.1,locality,,,
AD002239,2133.7,1310.2,147.7,landmark,LM0064,bus_stop,NEAR
AD002240,751.9,-3069.0,212.1,locality,,,
AD002241,-190.3,-1128.3,94.9,baseline_street,,,
AD002242,-393.4,-214.4,122.5,landmark,LM0188,hanuman_temple,NEAR
AD002243,-1782.1,-2564.2,122.5,landmark,LM0145,ration_shop,NEAR
AD002244,789.0,-2873.8,122.5,landmark,LM0109,community_hall,BEHIND
AD002245,2793.9,-2036.4,94.9,baseline_street,,,
AD002246,2443.4,-2335.1,49.3,baseline_rooftop,,,
AD002247,1870.1,-874.8,212.1,locality,,,
AD002248,887.1,-3409.1,147.7,landmark,LM0321,church,NEAR
AD002249,564.0,1737.0,212.1,locality,,,
AD002250,-1974.0,-2498.5,122.5,landmark,LM0078,ration_shop,OPPOSITE
AD002251,-3774.6,-824.5,212.1,locality,,,
AD002252,-2604.1,-211.0,212.1,locality,,,
AD002253,-2659.2,-443.3,122.5,landmark,LM0263,church,NEAR
AD002254,-543.7,-440.5,80.2,landmark,LM0242,water_tank,NEAR
AD002255,618.6,2692.9,122.5,landmark,LM0175,community_hall,NEAR
AD002256,-1095.4,489.0,212.1,locality,,,
AD002257,206.2,2609.6,122.5,landmark,LM0058,govt_school,NEAR
AD002258,984.2,-963.5,80.2,landmark,LM0286,govt_school,NEAR
AD002259,3299.8,-1995.2,212.1,locality,,,
AD002260,2002.8,-1146.8,122.5,landmark,LM0049,hanuman_temple,NEAR
AD002261,2763.5,531.8,122.5,landmark,LM0161,bus_stop,NEAR
AD002262,2631.7,-1626.1,122.5,landmark,LM0193,ration_shop,NEAR
AD002263,1536.8,-1987.4,212.1,locality,,,
AD002264,938.3,2465.8,80.2,landmark,LM0177,ration_shop,NEAR
AD002265,-913.6,-3027.8,122.5,landmark,LM0013,church,NEAR
AD002266,-1895.7,2474.8,212.1,locality,,,
AD002267,876.8,2780.4,212.1,locality,,,
AD002268,,,,out_of_territory,,,
AD002269,1130.3,-125.0,212.1,locality,,,
AD002270,611.8,-2967.2,122.5,landmark,LM0028,bus_stop,NEAR
AD002271,1460.7,-2068.8,212.1,locality,,,
AD002272,2779.6,529.7,122.5,landmark,LM0161,bus_stop,NEAR
AD002273,2551.3,-1304.3,122.5,landmark,LM0194,water_tank,NEAR
AD002274,644.2,-2788.0,80.2,landmark,LM0113,medical_store,NEAR
AD002275,1036.2,2686.4,122.5,landmark,LM0179,bus_stop,NEAR
AD002276,-2905.7,1211.2,212.1,locality,,,
AD002277,1507.8,-2124.0,212.1,locality,,,
AD002278,912.0,1326.5,212.1,locality,,,
AD002279,-711.9,-1449.5,80.2,landmark,LM0104,ration_shop,NEAR
AD002280,698.1,-2914.5,122.5,landmark,LM0030,ration_shop,NEAR
AD002281,-2751.2,911.6,94.9,baseline_street,,,
AD002282,-861.2,-540.0,212.1,locality,,,
AD002283,-438.4,-3415.6,212.1,locality,,,
AD002284,648.6,-12.3,94.9,baseline_street,,,
AD002285,,,,out_of_territory,,,
AD002286,2192.9,1698.6,122.5,landmark,LM0137,community_hall,NEAR
AD002287,1490.8,-1990.0,122.5,landmark,LM0207,church,NEAR
AD002288,1266.8,3.1,147.7,landmark,LM0026,milk_dairy,NEAR
AD002289,2822.5,-2302.3,122.5,landmark,LM0097,hanuman_temple,NEAR
AD002290,,,,out_of_territory,,,
AD002291,-1719.5,-3191.2,94.9,baseline_street,,,
AD002292,-3463.5,-861.8,49.3,baseline_rooftop,,,
AD002293,-832.8,-856.9,80.2,landmark,LM0239,milk_dairy,NEAR
AD002294,1588.2,-2024.8,212.1,locality,,,
AD002295,-1494.1,-1455.4,848.5,pincode_area,,,
AD002296,3253.2,-1942.4,212.1,locality,,,
AD002297,1983.5,-1148.5,122.5,landmark,LM0049,hanuman_temple,NEAR
AD002298,3050.9,-2141.0,94.9,baseline_street,,,
AD002299,947.8,2717.9,212.1,locality,,,
AD002300,3013.4,536.6,212.1,locality,,,
AD002301,1374.3,-2378.4,122.5,landmark,LM0199,masjid,NEAR
AD002302,1021.1,2666.7,122.5,landmark,LM0179,bus_stop,OPPOSITE
AD002303,-1262.1,-2503.4,848.5,pincode_area,,,
AD002304,2823.5,-2280.5,122.5,landmark,LM0097,hanuman_temple,NEAR
AD002305,2272.4,1198.2,122.5,landmark,LM0064,bus_stop,BEHIND
AD002306,2768.2,-2166.7,212.1,locality,,,
AD002307,2437.8,-2293.2,122.5,landmark,LM0096,masjid,NEAR
AD002308,2801.6,-2262.6,122.5,landmark,LM0097,hanuman_temple,NEAR
AD002309,2394.5,852.4,848.5,pincode_area,,,
AD002310,2358.4,840.5,122.5,landmark,LM0065,post_office,NEAR
AD002311,3127.2,-1860.8,212.1,locality,,,
AD002312,1044.3,-236.4,122.5,landmark,LM0126,park,NEAR
AD002313,,,,out_of_territory,,,
AD002314,-961.9,-3063.2,212.1,locality,,,
AD002315,307.1,2587.7,122.5,landmark,LM0059,church,NEAR
AD002316,1920.6,-975.1,212.1,locality,,,
AD002317,-2160.5,-2419.0,212.1,locality,,,
AD002318,-86.3,952.3,94.9,baseline_street,,,
AD002319,2784.6,-2137.0,212.1,locality,,,
AD002320,,,,out_of_territory,,,
AD002321,3328.6,-1933.1,122.5,landmark,LM0306,bus_stop,OPPOSITE
AD002322,1026.5,2657.9,122.5,landmark,LM0179,bus_stop,NEAR
AD002323,-374.6,2018.5,848.5,pincode_area,,,
AD002324,-1663.6,-2506.8,122.5,landmark,LM0152,masjid,OPPOSITE
AD002325,3002.7,502.2,212.1,locality,,,
AD002326,,,,out_of_territory,,,
AD002327,1626.5,1450.5,848.5,pincode_area,,,
AD002328,-231.4,-3690.1,122.5,landmark,LM0309,ganesha_temple,NEAR
AD002329,,,,out_of_territory,,,
AD002330,1385.6,-2069.5,122.5,landmark,LM0201,milk_dairy,NEAR
AD002331,,,,out_of_territory,,,
AD002332,579.1,-2940.4,147.7,landmark,LM0028,bus_stop,NEAR
AD002333,-2409.4,-385.5,122.5,landmark,LM0268,post_office,BEHIND
AD002334,-2737.2,1608.0,122.5,landmark,LM0272,milk_dairy,BEHIND
AD002335,3175.6,-2103.0,212.1,locality,,,
AD002336,4013.2,772.8,94.9,baseline_street,,,
AD002337,1981.1,1567.8,49.3,baseline_rooftop,,,
AD002338,,,,out_of_territory,,,
AD002339,841.0,2747.8,212.1,locality,,,
AD002340,1132.8,2626.4,147.7,landmark,LM0179,bus_stop,NEAR
AD002341,943.0,2748.6,212.1,locality,,,
AD002342,-132.3,1571.1,122.5,landmark,LM0208,govt_school,NEAR
AD002343,-681.9,3162.5,147.7,landmark,LM0229,community_hall,NEAR
AD002344,2349.3,1741.4,147.7,landmark,LM0144,church,NEAR
AD002345,859.2,1384.0,122.5,landmark,LM0168,park,BEHIND
AD002346,687.0,-765.5,122.5,landmark,LM0283,bus_stop,NEAR
AD002347,-217.0,-3684.9,122.5,landmark,LM0309,ganesha_temple,NEAR
AD002348,1019.0,-2778.1,94.9,baseline_street,,,
AD002349,-587.6,-800.1,80.2,landmark,LM0187,masjid,BEHIND
AD002350,-3816.9,-900.8,212.1,locality,,,
AD002351,3343.2,-1755.3,122.5,landmark,LM0301,ganesha_temple,NEAR
AD002352,293.7,2387.2,212.1,locality,,,
AD002353,-1237.0,455.2,212.1,locality,,,
AD002354,-2823.4,945.4,122.5,landmark,LM0008,post_office,NEAR
AD002355,2968.8,-2173.3,122.5,landmark,LM0098,ration_shop,NEAR
AD002356,-2088.1,1145.8,848.5,pincode_area,,,
AD002357,1085.2,56.2,212.1,locality,,,
AD002358,484.5,1533.3,147.7,landmark,LM0297,bus_stop,NEAR
AD002359,1547.3,-1557.0,94.9,baseline_street,,,
AD002360,-572.5,2988.0,212.1,locality,,,
AD002361,440.1,-3062.3,122.5,landmark,LM0114,ganesha_temple,NEAR
AD002362,2707.9,-2124.4,122.5,landmark,LM0092,park,NEAR
AD002363,3351.3,-1764.6,122.5,landmark,LM0301,ganesha_temple,NEAR
AD002364,2425.3,1976.5,122.5,landmark,LM0142,medical_store,NEAR
AD002365,878.6,-762.5,80.2,landmark,LM0286,govt_school,NEAR
AD002366,1250.0,-3589.6,212.1,locality,,,
AD002367,2190.7,820.3,122.5,landmark,LM0069,park,OPPOSITE
AD002368,1160.8,-481.6,80.2,landmark,LM0282,masjid,NEAR
AD002369,-1636.2,-2821.2,212.1,locality,,,
AD002370,-2169.2,1673.5,80.2,landmark,LM0275,community_hall,NEAR
AD002371,936.3,177.6,122.5,landmark,LM0125,post_office,BEHIND
AD002372,3176.4,-2020.8,212.1,locality,,,
AD002373,-1441.9,-2641.4,80.2,landmark,LM0153,hanuman_temple,NEAR
AD002374,2660.7,1541.3,94.9,baseline_street,,,
AD002375,1370.7,-3573.9,94.9,baseline_street,,,
AD002376,-1150.8,366.3,122.5,landmark,LM0037,ganesha_temple,NEAR
AD002377,1195.8,-3582.6,122.5,landmark,LM0319,water_tank,NEAR
AD002378,-2792.0,940.3,122.5,landmark,LM0008,post_office,BEHIND
AD002379,,,,out_of_territory,,,
AD002380,2995.3,-2372.1,94.9,baseline_street,,,
AD002381,951.7,-313.5,80.2,landmark,LM0126,park,NEAR
AD002382,1221.9,-248.2,94.9,baseline_street,,,
AD002383,-416.5,-3537.1,212.1,locality,,,
AD002384,-525.5,-611.9,212.1,locality,,,
AD002385,-571.5,-618.7,212.1,locality,,,
AD002386,,,,out_of_territory,,,
AD002387,-1691.6,-2481.0,122.5,landmark,LM0152,masjid,OPPOSITE
AD002388,2444.4,-1341.4,147.7,landmark,LM0191,hanuman_temple,BEHIND
AD002389,-130.1,1690.5,147.7,landmark,LM0208,govt_school,NEAR
AD002390,,,,out_of_territory,,,
AD002391,-178.9,3428.5,122.5,landmark,LM0227,hanuman_temple,NEAR
AD002392,2307.5,827.7,122.5,landmark,LM0065,post_office,NEAR
AD002393,583.0,-3044.7,122.5,landmark,LM0028,bus_stop,OPPOSITE
AD002394,-1975.2,2533.6,122.5,landmark,LM0082,ganesha_temple,NEAR
AD002395,-339.4,-945.8,94.9,baseline_street,,,
AD002396,2679.1,-1257.1,212.1,locality,,,
AD002397,-3951.0,-975.7,122.5,landmark,LM0224,water_tank,NEAR
AD002398,776.3,-987.8,122.5,landmark,LM0286,govt_school,OPPOSITE
AD002399,1166.5,-3517.0,94.9,baseline_street,,,
AD002400,-2298.8,1481.6,122.5,landmark,LM0275,community_hall,NEAR
AD002401,690.8,-3220.0,122.5,landmark,LM0110,bus_stop,NEAR
AD002402,1160.0,-3635.0,212.1,locality,,,
AD002403,2356.6,975.9,80.2,landmark,LM0067,govt_school,NEAR
AD002404,2770.1,-2123.7,212.1,locality,,,
AD002405,-893.2,-854.0,80.2,landmark,LM0239,milk_dairy,NEAR
AD002406,,,,out_of_territory,,,
AD002407,3701.1,420.9,212.1,locality,,,
AD002408,-1270.3,139.7,80.2,landmark,LM0040,petrol_bunk,BEHIND
AD002409,,,,out_of_territory,,,
AD002410,867.5,-749.1,212.1,locality,,,
AD002411,865.4,-845.8,212.1,locality,,,
AD002412,-2547.4,-183.9,122.5,landmark,LM0265,govt_school,NEAR
AD002413,2709.9,-2127.3,212.1,locality,,,
AD002414,2880.3,-1869.3,94.9,baseline_street,,,
AD002415,-2703.8,-12.7,80.2,landmark,LM0265,govt_school,NEAR
AD002416,-202.7,-3635.6,122.5,landmark,LM0309,ganesha_temple,NEAR
AD002417,-379.4,-1504.2,122.5,landmark,LM0105,medical_store,NEAR
AD002418,2997.8,-2137.0,147.7,landmark,LM0098,ration_shop,NEAR
AD002419,2732.9,-2460.7,80.2,landmark,LM0097,hanuman_temple,BEHIND
AD002420,,,,out_of_territory,,,
AD002421,598.1,-2978.9,212.1,locality,,,
AD002422,850.1,-3666.0,122.5,landmark,LM0316,ration_shop,BEHIND
AD002423,-2681.6,1471.1,80.2,landmark,LM0277,masjid,NEAR
AD002424,-461.1,-3380.2,212.1,locality,,,
AD002425,-3824.0,-552.8,80.2,landmark,LM0220,community_hall,NEAR
AD002426,,,,out_of_territory,,,
AD002427,-371.4,-3491.3,212.1,locality,,,
AD002428,1150.6,-157.0,122.5,landmark,LM0118,bus_stop,NEAR
AD002429,2334.1,836.2,122.5,landmark,LM0065,post_office,NEAR
AD002430,2783.9,-1994.4,80.2,landmark,LM0092,park,NEAR
AD002431,2907.0,-1371.6,94.9,baseline_street,,,
AD002432,816.0,2525.2,94.9,baseline_street,,,
AD002433,622.4,-2772.9,122.5,landmark,LM0113,medical_store,NEAR
AD002434,-2807.0,1206.3,212.1,locality,,,
AD002435,1991.0,-1154.5,122.5,landmark,LM0049,hanuman_temple,NEAR
AD002436,580.4,2840.3,80.2,landmark,LM0175,community_hall,NEAR
AD002437,1440.7,-2032.8,122.5,landmark,LM0207,church,NEAR
AD002438,2700.8,879.2,122.5,landmark,LM0066,ration_shop,OPPOSITE
AD002439,2743.8,829.6,122.5,landmark,LM0066,ration_shop,BEHIND
AD002440,507.2,-3208.3,147.7,landmark,LM0117,ration_shop,NEAR
AD002441,-440.7,-516.8,80.2,landmark,LM0182,milk_dairy,NEAR
AD002442,-2775.6,1171.0,212.1,locality,,,
AD002443,,,,out_of_territory,,,
AD002444,-3020.0,1317.1,122.5,landmark,LM0001,community_hall,OPPOSITE
AD002445,928.1,-817.3,212.1,locality,,,
AD002446,,,,out_of_territory,,,
AD002447,814.4,-867.3,212.1,locality,,,
AD002448,3747.6,475.7,212.1,locality,,,
AD002449,2164.4,1681.1,122.5,landmark,LM0137,community_hall,NEAR
AD002450,1101.5,-244.1,80.2,landmark,LM0126,park,NEAR
AD002451,-1252.3,334.1,212.1,locality,,,
AD002452,-1166.0,-3203.3,212.1,locality,,,
AD002453,1613.8,-2101.2,212.1,locality,,,
AD002454,-2280.4,1442.0,122.5,landmark,LM0275,community_hall,NEAR
AD002455,,,,out_of_territory,,,
AD002456,2219.1,-1200.0,80.2,landmark,LM0049,hanuman_temple,NEAR
AD002457,2760.9,-2199.7,212.1,locality,,,
AD002458,891.1,-3093.9,122.5,landmark,LM0111,hanuman_temple,NEAR
AD002459,1723.1,-2109.9,80.2,landmark,LM0204,medical_store,NEAR
AD002460,,,,out_of_territory,,,
AD002461,1511.7,-1205.9,147.7,landmark,LM0050,masjid,NEAR
AD002462,2467.0,-2292.5,122.5,landmark,LM0096,masjid,BEHIND
AD002463,722.2,-3243.8,122.5,landmark,LM0110,bus_stop,NEAR
AD002464,3009.1,350.7,122.5,landmark,LM0156,community_hall,NEAR
AD002465,1957.2,1866.9,848.5,pincode_area,,,
AD002466,1673.2,-2257.3,122.5,landmark,LM0204,medical_store,NEAR
AD002467,3124.9,-2207.6,122.5,landmark,LM0300,milk_dairy,NEAR
AD002468,-2962.0,1121.4,212.1,locality,,,
AD002469,-475.1,3194.8,122.5,landmark,LM0231,water_tank,NEAR
AD002470,2672.7,-1613.9,122.5,landmark,LM0193,ration_shop,NEAR
AD002471,3307.4,-1854.7,212.1,locality,,,
AD002472,-3396.5,-1004.1,94.9,baseline_street,,,
AD002473,1625.7,-2054.5,212.1,locality,,,
AD002474,2909.5,727.9,122.5,landmark,LM0160,water_tank,OPPOSITE
AD002475,1020.6,1253.1,212.1,locality,,,
AD002476,1218.3,1174.3,122.5,landmark,LM0171,bus_stop,NEAR
AD002477,-2432.1,1597.7,212.1,locality,,,
AD002478,-834.4,-512.8,80.2,landmark,LM0243,post_office,OPPOSITE
AD002479,2768.6,-2123.4,122.5,landmark,LM0094,medical_store,NEAR
AD002480,1595.8,-2123.0,80.2,landmark,LM0207,church,NEAR
AD002481,948.9,-838.5,212.1,locality,,,
AD002482,-553.3,-3185.1,147.7,landmark,LM0311,park,NEAR
AD002483,723.5,-2909.8,122.5,landmark,LM0109,community_hall,BEHIND
AD002484,2802.5,-2163.1,212.1,locality,,,
AD002485,-2745.3,-382.1,147.7,landmark,LM0262,petrol_bunk,NEAR
AD002486,3292.1,-1955.0,212.1,locality,,,
AD002487,1243.5,2742.6,94.9,baseline_street,,,
AD002488,1117.7,35.2,212.1,locality,,,
AD002489,-403.4,-338.1,122.5,landmark,LM0182,milk_dairy,NEAR
AD002490,-544.9,-1252.9,212.1,locality,,,
AD002491,-73.8,2560.7,80.2,landmark,LM0062,community_hall,BEHIND
AD002492,-510.9,-410.1,212.1,locality,,,
AD002493,-2578.4,-144.9,122.5,landmark,LM0265,govt_school,NEAR
AD002494,-628.2,-1297.5,212.1,locality,,,
AD002495,-1596.8,-2209.3,848.5,pincode_area,,,
AD002496,-1104.2,-3300.8,122.5,landmark,LM0017,govt_school,NEAR
AD002497,-774.9,-628.1,122.5,landmark,LM0239,milk_dairy,NEAR
AD002498,1180.4,-3720.4,212.1,locality,,,
AD002499,916.7,2680.4,122.5,landmark,LM0172,govt_school,NEAR
AD002500,974.8,1622.4,94.9,baseline_street,,,
AD002501,891.3,2972.6,122.5,landmark,LM0180,petrol_bunk,NEAR
AD002502,866.6,-3275.9,80.2,landmark,LM0035,community_hall,NEAR
AD002503,,,,out_of_territory,,,
AD002504,-2268.3,1442.1,122.5,landmark,LM0275,community_hall,NEAR
AD002505,2831.9,-2282.5,122.5,landmark,LM0097,hanuman_temple,NEAR
AD002506,774.4,-975.7,122.5,landmark,LM0286,govt_school,OPPOSITE
AD002507,,,,out_of_territory,,,
AD002508,280.9,2320.8,212.1,locality,,,
AD002509,-2504.4,-641.5,80.2,landmark,LM0269,masjid,NEAR
AD002510,-1801.3,2275.1,122.5,landmark,LM0086,petrol_bunk,NEAR
AD002511,3395.2,-1949.8,147.7,landmark,LM0306,bus_stop,BEHIND
AD002512,3698.0,449.9,212.1,locality,,,
AD002513,-791.7,-372.0,80.2,landmark,LM0235,govt_school,NEAR
AD002514,950.2,-3165.4,47.4,landmark,LM0091,community_hall,NEAR
AD002515,2040.0,-743.9,122.5,landmark,LM0046,govt_school,NEAR
AD002516,669.4,2717.3,122.5,landmark,LM0175,community_hall,NEAR
AD002517,985.9,1346.8,212.1,locality,,,
AD002518,-356.4,-3348.4,212.1,locality,,,
AD002519,-428.0,3230.9,122.5,landmark,LM0231,water_tank,NEAR
AD002520,746.8,-1035.7,122.5,landmark,LM0281,ration_shop,NEAR
AD002521,1457.7,-1994.2,122.5,landmark,LM0207,church,NEAR
AD002522,-2535.9,-125.9,122.5,landmark,LM0265,govt_school,NEAR
AD002523,3145.2,-2096.6,212.1,locality,,,
AD002524,575.5,1656.6,212.1,locality,,,
AD002525,909.9,3011.0,122.5,landmark,LM0180,petrol_bunk,NEAR
AD002526,1353.0,-2071.4,122.5,landmark,LM0201,milk_dairy,NEAR
AD002527,964.9,2737.5,212.1,locality,,,
AD002528,-2557.1,-221.0,212.1,locality,,,
AD002529,480.8,1530.9,147.7,landmark,LM0297,bus_stop,NEAR
AD002530,1102.4,-466.5,147.7,landmark,LM0023,hanuman_temple,OPPOSITE
AD002531,976.5,1263.5,212.1,locality,,,
AD002532,-2440.9,1623.8,122.5,landmark,LM0276,bus_stop,NEAR
AD002533,923.2,2766.4,80.2,landmark,LM0172,govt_school,NEAR
AD002534,974.8,-21.8,212.1,locality,,,
AD002535,3072.1,606.7,212.1,locality,,,
AD002536,2818.9,740.7,80.2,landmark,LM0066,ration_shop,OPPOSITE
AD002537,2708.7,-2122.3,147.7,landmark,LM0092,park,NEAR
AD002538,,,,out_of_territory,,,
AD002539,-2856.5,1048.9,212.1,locality,,,
AD002540,2598.7,-1307.4,122.5,landmark,LM0194,water_tank,NEAR
AD002541,1204.5,210.7,122.5,landmark,LM0122,hanuman_temple,NEAR
AD002542,3142.6,-2188.8,122.5,landmark,LM0300,milk_dairy,BEHIND
AD002543,-635.6,-1257.8,212.1,locality,,,
AD002544,685.6,-2841.9,122.5,landmark,LM0030,ration_shop,OPPOSITE
AD002545,-1634.7,1066.3,848.5,pincode_area,,,
AD002546,-2413.6,-405.7,122.5,landmark,LM0268,post_office,OPPOSITE
AD002547,467.4,1572.4,122.5,landmark,LM0297,bus_stop,NEAR
AD002548,609.5,-2839.1,94.9,baseline_street,,,
AD002549,824.4,-993.2,122.5,landmark,LM0286,govt_school,NEAR
AD002550,2900.6,695.2,122.5,landmark,LM0160,water_tank,NEAR
AD002551,3332.0,-1937.5,122.5,landmark,LM0305,masjid,NEAR
AD002552,-2486.0,-460.0,122.5,landmark,LM0269,masjid,NEAR
AD002553,3432.1,-2210.3,122.5,landmark,LM0298,park,OPPOSITE
AD002554,,,,out_of_territory,,,
AD002555,2552.7,-1249.9,212.1,locality,,,
AD002556,-578.1,-1391.2,122.5,landmark,LM0108,park,NEAR
AD002557,1336.2,-3625.5,122.5,landmark,LM0317,medical_store,NEAR
AD002558,1626.5,-1099.0,122.5,landmark,LM0050,masjid,NEAR
AD002559,-1856.2,2463.3,212.1,locality,,,
AD002560,2964.4,538.9,212.1,locality,,,
AD002561,-524.8,1543.8,80.2,landmark,LM0216,petrol_bunk,BEHIND
AD002562,1228.0,-833.4,122.5,landmark,LM0280,medical_store,NEAR
AD002563,-245.7,-3530.3,94.9,baseline_street,,,
AD002564,-625.1,3061.3,122.5,landmark,LM0232,church,NEAR
AD002565,2489.3,1339.3,80.2,landmark,LM0064,bus_stop,NEAR
AD002566,-2722.8,-322.8,122.5,landmark,LM0262,petrol_bunk,NEAR
AD002567,-589.2,-542.9,122.5,landmark,LM0242,water_tank,NEAR
AD002568,2939.6,609.0,212.1,locality,,,
AD002569,284.4,2457.5,212.1,locality,,,
AD002570,2311.7,1760.3,212.1,locality,,,
AD002571,-2078.9,-2383.4,46.9,landmark,LM0079,govt_school,OPPOSITE
AD002572,1194.1,1345.0,122.5,landmark,LM0166,medical_store,NEAR
AD002573,-2815.0,1115.0,212.1,locality,,,
AD002574,1688.4,-2275.9,122.5,landmark,LM0204,medical_store,NEAR
AD002575,2591.4,-1312.7,122.5,landmark,LM0194,water_tank,NEAR
AD002576,1642.4,-1964.5,212.1,locality,,,
AD002577,-456.6,3166.4,122.5,landmark,LM0231,water_tank,NEAR
AD002578,-2401.0,1493.7,122.5,landmark,LM0277,masjid,NEAR
AD002579,-2214.4,-2395.1,212.1,locality,,,
AD002580,-1581.2,-2766.4,212.1,locality,,,
AD002581,-455.3,3303.1,212.1,locality,,,
AD002582,-2436.2,1603.0,212.1,locality,,,
AD002583,3060.3,555.9,212.1,locality,,,
AD002584,991.1,1404.5,147.7,landmark,LM0164,govt_school,NEAR
AD002585,2409.3,1405.0,80.2,landmark,LM0139,ration_shop,BEHIND
AD002586,801.4,-972.0,122.5,landmark,LM0284,church,NEAR
AD002587,3213.0,-1928.9,212.1,locality,,,
AD002588,679.3,-3237.5,122.5,landmark,LM0110,bus_stop,OPPOSITE
AD002589,,,,out_of_territory,,,
AD002590,-2573.0,-317.9,212.1,locality,,,
AD002591,-845.2,2881.0,80.2,landmark,LM0232,church,NEAR
AD002592,3752.8,260.0,212.1,locality,,,
AD002593,2501.7,986.3,212.1,locality,,,
AD002594,-1107.3,-1901.1,212.1,locality,,,
AD002595,-614.6,-486.5,122.5,landmark,LM0183,water_tank,NEAR
AD002596,-744.5,2792.6,80.2,landmark,LM0228,ration_shop,OPPOSITE
AD002597,,,,out_of_territory,,,
AD002598,1317.1,-2100.7,122.5,landmark,LM0201,milk_dairy,BEHIND
AD002599,806.9,-993.1,122.5,landmark,LM0286,govt_school,NEAR
AD002600,-2785.9,-487.6,122.5,landmark,LM0270,bus_stop,OPPOSITE
AD002601,1109.8,-41.2,212.1,locality,,,
AD002602,-815.5,-735.0,80.2,landmark,LM0187,masjid,NEAR
AD002603,484.7,1526.8,147.7,landmark,LM0297,bus_stop,NEAR
AD002604,,,,out_of_territory,,,
AD002605,-3660.3,-913.6,212.1,locality,,,
AD002606,1194.5,-131.1,212.1,locality,,,
AD002607,-1147.5,353.0,147.7,landmark,LM0037,ganesha_temple,BEHIND
AD002608,-546.0,-1294.8,212.1,locality,,,
AD002609,1935.6,-2147.6,848.5,pincode_area,,,
AD002610,3427.3,-2223.2,80.2,landmark,LM0298,park,NEAR
AD002611,2920.5,732.3,122.5,landmark,LM0160,water_tank,NEAR
AD002612,-1067.8,-3100.8,212.1,locality,,,
AD002613,543.8,-3195.0,122.5,landmark,LM0117,ration_shop,NEAR
AD002614,731.6,-774.1,122.5,landmark,LM0283,bus_stop,BEHIND
AD002615,1153.0,-3654.6,122.5,landmark,LM0319,water_tank,NEAR
AD002616,-600.8,-1339.8,122.5,landmark,LM0100,church,OPPOSITE
AD002617,-2458.1,1552.7,212.1,locality,,,
AD002618,2572.2,-1280.0,212.1,locality,,,
AD002619,1009.6,1272.5,212.1,locality,,,
AD002620,-714.0,-614.2,212.1,locality,,,
AD002621,796.6,-3149.0,94.9,baseline_street,,,
AD002622,-596.0,-644.5,122.5,landmark,LM0187,masjid,NEAR
AD002623,1633.1,-1521.1,848.5,pincode_area,,,
AD002624,454.1,-3023.4,122.5,landmark,LM0031,water_tank,NEAR
AD002625,,,,out_of_territory,,,
AD002626,2993.4,327.1,122.5,landmark,LM0156,community_hall,NEAR
AD002627,111.2,-327.6,848.5,pincode_area,,,
AD002628,708.9,-2987.8,212.1,locality,,,
AD002629,981.5,-3595.2,122.5,landmark,LM0324,hanuman_temple,NEAR
AD002630,,,,out_of_territory,,,
AD002631,418.1,-3095.5,80.2,landmark,LM0031,water_tank,OPPOSITE
AD002632,834.1,-850.6,212.1,locality,,,
AD002633,3189.3,805.5,94.9,baseline_street,,,
AD002634,621.9,-3018.2,212.1,locality,,,
AD002635,3137.0,-2169.8,122.5,landmark,LM0300,milk_dairy,NEAR
AD002636,-2411.1,1578.3,80.2,landmark,LM0276,bus_stop,BEHIND
AD002637,-1044.4,-3141.0,94.9,baseline_street,,,
AD002638,2524.7,-1234.2,212.1,locality,,,
AD002639,997.0,2716.8,212.1,locality,,,
AD002640,568.0,-2976.4,80.2,landmark,LM0028,bus_stop,OPPOSITE
AD002641,-2865.6,921.8,122.5,landmark,LM0008,post_office,NEAR
AD002642,2728.6,-1524.4,94.9,baseline_street,,,
AD002643,-1128.8,-2108.5,122.5,landmark,LM0246,milk_dairy,NEAR
AD002644,,,,out_of_territory,,,
AD002645,2626.4,1003.7,122.5,landmark,LM0071,masjid,NEAR
AD002646,,,,out_of_territory,,,
AD002647,902.3,-3570.1,147.7,landmark,LM0324,hanuman_temple,NEAR
AD002648,3198.9,-1973.4,212.1,locality,,,
AD002649,-587.7,3189.7,122.5,landmark,LM0229,community_hall,NEAR
AD002650,1603.2,-1925.4,212.1,locality,,,
AD002651,-665.6,3051.2,122.5,landmark,LM0232,church,NEAR
AD002652,-922.7,-840.9,80.2,landmark,LM0239,milk_dairy,NEAR
AD002653,602.5,1466.5,80.2,landmark,LM0167,post_office,BEHIND
AD002654,3757.7,440.3,122.5,landmark,LM0256,bus_stop,NEAR
AD002655,-2864.0,-95.8,80.2,landmark,LM0267,water_tank,NEAR
AD002656,-2466.0,1704.6,212.1,locality,,,
AD002657,1499.2,-2056.6,212.1,locality,,,
AD002658,-1038.6,-753.1,80.2,landmark,LM0236,ration_shop,NEAR
AD002659,-598.5,-373.1,122.5,landmark,LM0237,medical_store,NEAR
AD002660,-2304.0,-2323.6,122.5,landmark,LM0081,water_tank,NEAR
AD002661,1588.9,-1504.1,848.5,pincode_area,,,
AD002662,-3823.2,-931.9,212.1,locality,,,
AD002663,601.4,-3055.6,122.5,landmark,LM0115,church,BEHIND
AD002664,1300.2,-2477.9,94.9,baseline_street,,,
AD002665,-272.1,1124.8,122.5,landmark,LM0211,masjid,NEAR
AD002666,-952.0,-1906.5,147.7,landmark,LM0248,water_tank,BEHIND
AD002667,-926.7,-522.7,122.5,landmark,LM0235,govt_school,NEAR
AD002668,-1200.1,351.1,122.5,landmark,LM0037,ganesha_temple,NEAR
AD002669,105.8,173.5,848.5,pincode_area,,,
AD002670,2321.0,1712.2,212.1,locality,,,
AD002671,-296.1,1143.0,80.2,landmark,LM0211,masjid,NEAR
AD002672,2188.2,836.2,122.5,landmark,LM0069,park,OPPOSITE
AD002673,2745.3,-2135.7,122.5,landmark,LM0092,park,NEAR
AD002674,-2480.7,-119.1,147.7,landmark,LM0265,govt_school,NEAR
AD002675,-602.2,3217.9,122.5,landmark,LM0229,community_hall,NEAR
AD002676,3662.1,501.5,122.5,landmark,LM0255,ration_shop,NEAR
AD002677,,,,out_of_territory,,,
AD002678,-3747.8,-824.6,212.1,locality,,,
AD002679,,,,out_of_territory,,,
AD002680,-1160.6,-1977.6,147.7,landmark,LM0245,ganesha_temple,NEAR
AD002681,2853.2,-2132.1,212.1,locality,,,
AD002682,743.5,2499.2,80.2,landmark,LM0177,ration_shop,NEAR
AD002683,1187.4,-2683.7,94.9,baseline_street,,,
AD002684,-2659.8,-443.6,122.5,landmark,LM0263,church,BEHIND
AD002685,3763.0,423.3,122.5,landmark,LM0256,bus_stop,NEAR
AD002686,,,,out_of_territory,,,
AD002687,185.6,2591.7,122.5,landmark,LM0058,govt_school,NEAR
AD002688,1692.2,-2273.9,122.5,landmark,LM0204,medical_store,NEAR
AD002689,-1763.7,-2697.6,122.5,landmark,LM0151,govt_school,NEAR
AD002690,1581.8,-2047.7,212.1,locality,,,
AD002691,577.4,-2946.4,147.7,landmark,LM0028,bus_stop,BEHIND
AD002692,-441.5,-3530.6,212.1,locality,,,
AD002693,-438.6,-237.6,122.5,landmark,LM0188,hanuman_temple,OPPOSITE
AD002694,2426.4,-1198.7,147.7,landmark,LM0198,post_office,NEAR
AD002695,2925.3,775.8,94.9,baseline_street,,,
AD002696,-2401.6,1502.8,122.5,landmark,LM0277,masjid,NEAR
AD002697,310.2,2146.0,212.1,locality,,,
AD002698,-1819.2,2023.8,94.9,baseline_street,,,
AD002699,1113.3,-55.9,212.1,locality,,,
AD002700,-1402.7,-2122.0,80.2,landmark,LM0250,church,NEAR
AD002701,924.1,3053.4,147.7,landmark,LM0180,petrol_bunk,NEAR
AD002702,497.0,-3108.8,122.5,landmark,LM0114,ganesha_temple,OPPOSITE
AD002703,362.3,-3221.4,94.9,baseline_street,,,
AD002704,1075.8,-73.9,212.1,locality,,,
AD002705,-560.6,2994.7,212.1,locality,,,
AD002706,1111.8,-350.5,212.1,locality,,,
AD002707,1508.2,-1196.5,147.7,landmark,LM0050,masjid,NEAR
AD002708,-725.8,-486.2,212.1,locality,,,
AD002709,2392.2,-2319.9,80.2,landmark,LM0096,masjid,BEHIND
AD002710,-1151.7,-1949.1,122.5,landmark,LM0245,ganesha_temple,NEAR
AD002711,668.5,-3079.8,212.1,locality,,,
AD002712,-545.7,-3389.3,122.5,landmark,LM0310,hanuman_temple,NEAR
AD002713,-2563.8,-208.2,212.1,locality,,,
AD002714,3141.9,-1963.5,212.1,locality,,,
AD002715,626.2,-3047.1,212.1,locality,,,
AD002716,-1412.1,-3090.7,147.7,landmark,LM0150,bus_stop,NEAR
AD002717,2550.8,-1154.2,212.1,locality,,,
AD002718,-386.9,3164.2,212.1,locality,,,
AD002719,-632.1,-477.3,212.1,locality,,,
AD002720,-414.7,-3543.6,122.5,landmark,LM0307,masjid,NEAR
AD002721,-1827.4,2265.6,122.5,landmark,LM0086,petrol_bunk,NEAR
AD002722,-1302.7,-1758.9,147.7,landmark,LM0244,ration_shop,BEHIND
AD002723,-1622.9,-2758.1,212.1,locality,,,
AD002724,-1983.9,-3148.0,94.9,baseline_street,,,
AD002725,867.2,2666.4,212.1,locality,,,
AD002726,987.3,1220.8,212.1,locality,,,
AD002727,913.8,22.3,122.5,landmark,LM0019,ration_shop,BEHIND
AD002728,881.6,2937.6,122.5,landmark,LM0180,petrol_bunk,NEAR
AD002729,283.9,2294.9,212.1,locality,,,
AD002730,3389.1,-1931.9,147.7,landmark,LM0305,masjid,NEAR
AD002731,895.2,1632.6,94.9,baseline_street,,,
AD002732,-144.9,1611.6,122.5,landmark,LM0208,govt_school,NEAR
AD002733,888.5,2826.8,212.1,locality,,,
AD002734,665.0,2669.1,122.5,landmark,LM0175,community_hall,NEAR
AD002735,3749.9,304.2,212.1,locality,,,
AD002736,1301.1,-3952.5,122.5,landmark,LM0320,govt_school,NEAR
AD002737,3764.6,373.7,122.5,landmark,LM0256,bus_stop,NEAR
AD002738,-1263.0,135.1,122.5,landmark,LM0042,medical_store,NEAR
AD002739,725.6,-764.6,122.5,landmark,LM0283,bus_stop,BEHIND
AD002740,-2973.1,1080.0,212.1,locality,,,
AD002741,961.6,-38.8,212.1,locality,,,
AD002742,627.1,-2758.6,122.5,landmark,LM0113,medical_store,OPPOSITE
AD002743,-1126.0,-1941.9,122.5,landmark,LM0245,ganesha_temple,NEAR
AD002744,2522.8,1114.7,212.1,locality,,,
AD002745,,,,out_of_territory,,,
AD002746,2746.7,-2157.0,122.5,landmark,LM0092,park,NEAR
AD002747,,,,out_of_territory,,,
AD002748,1067.1,-1840.8,94.9,baseline_street,,,
AD002749,-623.3,-647.3,122.5,landmark,LM0187,masjid,NEAR
AD002750,1065.8,2741.2,212.1,locality,,,
AD002751,2966.0,330.5,122.5,landmark,LM0156,community_hall,NEAR
AD002752,1273.8,1178.1,122.5,landmark,LM0171,bus_stop,OPPOSITE
AD002753,3755.6,386.3,122.5,landmark,LM0256,bus_stop,NEAR
AD002754,-241.3,3436.3,122.5,landmark,LM0226,masjid,NEAR
AD002755,-3936.8,-1006.6,122.5,landmark,LM0219,hanuman_temple,NEAR
AD002756,-2440.3,1601.1,147.7,landmark,LM0276,bus_stop,NEAR
AD002757,2514.2,-2219.5,80.2,landmark,LM0096,masjid,NEAR
AD002758,-2775.2,-481.3,122.5,landmark,LM0270,bus_stop,OPPOSITE
AD002759,1158.7,-3606.3,212.1,locality,,,
AD002760,-460.1,-3575.1,122.5,landmark,LM0307,masjid,BEHIND
AD002761,-3668.1,-803.9,212.1,locality,,,
AD002762,-1269.8,76.7,122.5,landmark,LM0042,medical_store,NEAR
AD002763,1626.8,-2073.2,212.1,locality,,,
AD002764,498.7,-3305.8,49.3,baseline_rooftop,,,
AD002765,1053.2,-86.8,212.1,locality,,,
AD002766,2634.0,-2140.1,212.1,locality,,,
AD002767,-2163.3,1432.4,848.5,pincode_area,,,
AD002768,-10.4,-3292.4,80.2,landmark,LM0308,medical_store,NEAR
AD002769,505.7,1701.4,212.1,locality,,,
AD002770,-1675.1,-2840.1,212.1,locality,,,
AD002771,1506.2,-1200.9,147.7,landmark,LM0050,masjid,NEAR
AD002772,2462.6,-1219.7,122.5,landmark,LM0198,post_office,NEAR
AD002773,-1015.9,-3159.2,212.1,locality,,,
AD002774,1134.0,-115.8,212.1,locality,,,
AD002775,679.2,-3022.7,212.1,locality,,,
AD002776,-957.8,-1903.5,122.5,landmark,LM0248,water_tank,NEAR
AD002777,983.4,803.2,94.9,baseline_street,,,
AD002778,-639.7,3040.0,122.5,landmark,LM0232,church,NEAR
AD002779,-2175.1,-2415.1,122.5,landmark,LM0079,govt_school,NEAR
AD002780,,,,out_of_territory,,,
AD002781,2712.1,-2069.0,212.1,locality,,,
AD002782,1224.2,-3677.8,212.1,locality,,,
AD002783,2803.2,-2293.4,122.5,landmark,LM0097,hanuman_temple,NEAR
AD002784,-609.9,-649.7,122.5,landmark,LM0187,masjid,OPPOSITE
AD002785,3225.6,-1977.3,212.1,locality,,,
AD002786,-2757.2,1587.7,122.5,landmark,LM0272,milk_dairy,NEAR
AD002787,874.1,-3123.7,122.5,landmark,LM0111,hanuman_temple,BEHIND
AD002788,678.0,2674.9,122.5,landmark,LM0175,community_hall,OPPOSITE
AD002789,-2447.2,1657.1,212.1,locality,,,
AD002790,,,,out_of_territory,,,
AD002791,-16.9,-203.0,848.5,pincode_area,,,
AD002792,-1117.0,704.1,122.5,landmark,LM0045,masjid,NEAR
AD002793,-1151.6,355.6,147.7,landmark,LM0037,ganesha_temple,NEAR
AD002794,1660.1,-2240.9,122.5,landmark,LM0204,medical_store,NEAR
AD002795,298.6,2597.8,122.5,landmark,LM0059,church,OPPOSITE
AD002796,749.7,157.1,848.5,pincode_area,,,
AD002797,,,,out_of_territory,,,
AD002798,972.0,2653.6,212.1,locality,,,
AD002799,3465.9,12.2,94.9,baseline_street,,,
AD002800,-3978.6,-1038.7,80.2,landmark,LM0219,hanuman_temple,NEAR
AD002801,-545.6,-1361.8,122.5,landmark,LM0108,park,NEAR
AD002802,683.3,-2871.7,122.5,landmark,LM0030,ration_shop,OPPOSITE
AD002803,-292.1,-1407.7,122.5,landmark,LM0102,ganesha_temple,BEHIND
AD002804,-505.2,3118.4,212.1,locality,,,
AD002805,,,,out_of_territory,,,
AD002806,2834.7,-2262.2,212.1,locality,,,
AD002807,1520.6,-1106.7,94.9,baseline_street,,,
AD002808,2477.4,-2256.8,122.5,landmark,LM0096,masjid,NEAR
AD002809,2081.5,-908.8,122.5,landmark,LM0053,park,BEHIND
AD002810,,,,out_of_territory,,,
AD002811,-554.5,2976.1,212.1,locality,,,
AD002812,-573.8,-1362.6,212.1,locality,,,
AD002813,-1146.2,356.0,122.5,landmark,LM0037,ganesha_temple,NEAR
AD002814,-893.0,-3550.4,49.3,baseline_rooftop,,,
AD002815,579.7,-2945.6,147.7,landmark,LM0028,bus_stop,OPPOSITE
AD002816,-2349.1,1458.6,147.7,landmark,LM0277,masjid,NEAR
AD002817,1210.8,-857.9,122.5,landmark,LM0280,medical_store,NEAR
AD002818,358.1,2341.7,212.1,locality,,,
AD002819,1457.1,-3564.4,147.7,landmark,LM0317,medical_store,OPPOSITE
AD002820,1471.3,-2048.2,212.1,locality,,,
AD002821,1357.7,-2059.2,122.5,landmark,LM0201,milk_dairy,NEAR
AD002822,955.6,-510.4,94.9,baseline_street,,,
AD002823,-1552.9,-2895.9,212.1,locality,,,
AD002824,1042.9,2687.2,122.5,landmark,LM0179,bus_stop,OPPOSITE
AD002825,669.0,-3032.2,212.1,locality,,,
AD002826,56.5,1642.5,122.5,landmark,LM0215,water_tank,NEAR
AD002827,-1348.2,629.8,122.5,landmark,LM0043,community_hall,NEAR
AD002828,-1136.5,356.4,147.7,landmark,LM0037,ganesha_temple,NEAR
AD002829,-2543.8,-109.9,212.1,locality,,,
AD002830,3392.4,-2082.5,122.5,landmark,LM0304,water_tank,BEHIND
AD002831,944.9,2590.8,122.5,landmark,LM0177,ration_shop,NEAR
AD002832,2569.1,-1263.4,122.5,landmark,LM0194,water_tank,NEAR
AD002833,-254.4,1400.4,212.1,locality,,,
AD002834,2306.7,1909.8,147.7,landmark,LM0138,ganesha_temple,NEAR
AD002835,2746.3,-2197.5,212.1,locality,,,
AD002836,3004.4,-2139.9,147.7,landmark,LM0098,ration_shop,NEAR
AD002837,702.7,-3102.7,122.5,landmark,LM0035,community_hall,NEAR
AD002838,2710.6,-1171.5,80.2,landmark,LM0194,water_tank,NEAR
AD002839,-443.8,-458.0,212.1,locality,,,
AD002840,1074.9,-211.8,212.1,locality,,,
AD002841,1979.1,-1017.3,212.1,locality,,,
AD002842,-598.7,-349.1,212.1,locality,,,
AD002843,-166.1,-562.2,94.9,baseline_street,,,
AD002844,681.6,-3069.5,212.1,locality,,,
AD002845,-2269.7,-2736.0,94.9,baseline_street,,,
AD002846,2521.2,1034.5,212.1,locality,,,
AD002847,1218.6,-831.2,122.5,landmark,LM0280,medical_store,OPPOSITE
AD002848,800.2,-954.2,122.5,landmark,LM0286,govt_school,NEAR
AD002849,1635.1,-2243.6,122.5,landmark,LM0204,medical_store,OPPOSITE
AD002850,627.9,2912.7,94.9,baseline_street,,,
AD002851,-503.6,-309.5,80.2,landmark,LM0188,hanuman_temple,NEAR
AD002852,-366.4,2910.7,80.2,landmark,LM0231,water_tank,NEAR
AD002853,-136.7,1530.2,212.1,locality,,,
AD002854,1467.9,-2008.8,122.5,landmark,LM0207,church,NEAR
AD002855,2587.6,1007.7,122.5,landmark,LM0071,masjid,NEAR
AD002856,2758.3,-2112.7,147.7,landmark,LM0091,community_hall,NEAR
AD002857,969.7,-848.2,212.1,locality,,,
AD002858,676.7,-3096.5,212.1,locality,,,
AD002859,967.0,2835.0,212.1,locality,,,
AD002860,3712.7,482.4,212.1,locality,,,
AD002861,210.5,2597.7,122.5,landmark,LM0058,govt_school,NEAR
AD002862,3288.8,-1902.0,80.2,landmark,LM0305,masjid,NEAR
AD002863,-161.7,-3238.0,122.5,landmark,LM0308,medical_store,NEAR
AD002864,-671.4,-3315.2,147.7,landmark,LM0310,hanuman_temple,OPPOSITE
AD002865,-2924.0,-250.1,94.9,baseline_street,,,
AD002866,3620.3,423.0,212.1,locality,,,
AD002867,-2603.3,1563.6,212.1,locality,,,
AD002868,-361.7,-1093.8,122.5,landmark,LM0101,govt_school,NEAR
AD002869,-829.4,-626.0,122.5,landmark,LM0236,ration_shop,BEHIND
AD002870,1614.2,-2053.5,212.1,locality,,,
AD002871,915.4,-1087.3,94.9,baseline_street,,,
AD002872,2972.0,604.5,212.1,locality,,,
AD002873,-2646.1,-447.6,122.5,landmark,LM0263,church,BEHIND
AD002874,3684.9,457.7,212.1,locality,,,
AD002875,1397.5,198.0,80.2,landmark,LM0020,govt_school,NEAR
AD002876,674.9,-3053.9,122.5,landmark,LM0035,community_hall,NEAR
AD002877,-555.2,-586.1,122.5,landmark,LM0242,water_tank,BEHIND
AD002878,2696.9,-1351.0,212.1,locality,,,
AD002879,2550.8,-1288.7,212.1,locality,,,
AD002880,-465.3,3186.8,212.1,locality,,,
AD002881,2135.1,1309.6,147.7,landmark,LM0064,bus_stop,NEAR
AD002882,1557.3,-1768.6,848.5,pincode_area,,,
AD002883,676.0,-2977.5,212.1,locality,,,
AD002884,-378.8,-3304.9,49.3,baseline_rooftop,,,
AD002885,,,,out_of_territory,,,
AD002886,586.9,-3051.1,212.1,locality,,,
AD002887,2576.6,982.9,122.5,landmark,LM0071,masjid,NEAR
AD002888,2944.5,795.2,122.5,landmark,LM0159,ration_shop,NEAR
AD002889,3666.5,326.0,212.1,locality,,,
AD002890,-2432.7,1614.1,147.7,landmark,LM0276,bus_stop,NEAR
AD002891,561.7,-868.3,80.2,landmark,LM0283,bus_stop,NEAR
AD002892,-2402.8,1552.6,212.1,locality,,,
AD002893,1688.0,-2280.7,122.5,landmark,LM0204,medical_store,NEAR
AD002894,463.7,1558.0,122.5,landmark,LM0297,bus_stop,NEAR
AD002895,,,,out_of_territory,,,
AD002896,969.4,-536.0,122.5,landmark,LM0282,masjid,BEHIND
AD002897,,,,out_of_territory,,,
AD002898,-421.2,-3498.4,212.1,locality,,,
AD002899,3047.3,575.5,212.1,locality,,,
AD002900,3213.8,-2027.9,212.1,locality,,,
AD002901,813.9,-1218.9,80.2,landmark,LM0281,ration_shop,NEAR
AD002902,-361.1,3237.8,212.1,locality,,,
AD002903,-2302.2,1608.5,94.9,baseline_street,,,
AD002904,2787.6,-2081.3,212.1,locality,,,
AD002905,1199.3,-858.7,122.5,landmark,LM0280,medical_store,NEAR
AD002906,-540.2,-523.8,212.1,locality,,,
AD002907,954.9,2609.4,122.5,landmark,LM0177,ration_shop,NEAR
AD002908,2711.2,-2262.4,80.2,landmark,LM0097,hanuman_temple,NEAR
AD002909,,,,out_of_territory,,,
AD002910,-610.4,-1206.8,212.1,locality,,,
AD002911,2836.9,-2136.8,122.5,landmark,LM0091,community_hall,BEHIND
AD002912,1121.9,2622.8,147.7,landmark,LM0179,bus_stop,OPPOSITE
AD002913,-263.4,1299.2,212.1,locality,,,
AD002914,-1286.7,373.9,212.1,locality,,,
AD002915,-317.9,-280.8,122.5,landmark,LM0185,bus_stop,BEHIND
AD002916,-351.2,-3468.2,212.1,locality,,,
AD002917,-867.1,-3029.0,122.5,landmark,LM0013,church,NEAR
AD002918,2717.5,-2159.0,122.5,landmark,LM0092,park,NEAR
AD002919,,,,out_of_territory,,,
AD002920,2739.0,-2079.6,212.1,locality,,,
AD002921,-2507.6,1613.6,212.1,locality,,,
AD002922,720.8,-3044.2,212.1,locality,,,
AD002923,2739.0,-2132.1,212.1,locality,,,
AD002924,1830.9,-1050.1,212.1,locality,,,
AD002925,2767.1,-2157.5,122.5,landmark,LM0091,community_hall,NEAR
AD002926,-3647.7,-883.4,212.1,locality,,,
AD002927,-2820.1,-584.0,147.7,landmark,LM0270,bus_stop,OPPOSITE
AD002928,731.3,-3118.4,212.1,locality,,,
AD002929,1065.5,-313.5,122.5,landmark,LM0023,hanuman_temple,NEAR
AD002930,-873.4,2911.4,122.5,landmark,LM0134,water_tank,NEAR
AD002931,2588.2,-1303.8,212.1,locality,,,
AD002932,-538.0,-3411.1,122.5,landmark,LM0310,hanuman_temple,OPPOSITE
AD002933,846.0,-585.5,122.5,landmark,LM0287,ganesha_temple,NEAR
AD002934,943.0,-3463.2,147.7,landmark,LM0321,church,NEAR
AD002935,-350.9,-3519.5,212.1,locality,,,
AD002936,907.3,2811.1,212.1,locality,,,
AD002937,,,,out_of_territory,,,
AD002938,2224.2,824.3,122.5,landmark,LM0069,park,NEAR
AD002939,-2343.5,1623.4,212.1,locality,,,
AD002940,-559.0,-1291.0,212.1,locality,,,
AD002941,612.8,-3022.6,212.1,locality,,,
AD002942,1245.1,1597.2,94.9,baseline_street,,,
AD002943,-2587.4,-263.0,212.1,locality,,,
AD002944,-2517.3,-263.6,212.1,locality,,,
AD002945,2975.2,329.0,122.5,landmark,LM0156,community_hall,NEAR
AD002946,,,,out_of_territory,,,
AD002947,979.8,222.1,122.5,landmark,LM0125,post_office,BEHIND
AD002948,2509.9,-1173.0,212.1,locality,,,
AD002949,1086.6,-33.8,212.1,locality,,,
AD002950,-1030.9,-3194.8,212.1,locality,,,
AD002951,,,,out_of_territory,,,
AD002952,1721.2,-892.8,122.5,landmark,LM0051,milk_dairy,BEHIND
AD002953,2340.9,-1292.6,147.7,landmark,LM0197,bus_stop,NEAR
AD002954,-1087.2,-3099.8,212.1,locality,,,
AD002955,1510.2,-1201.6,147.7,landmark,LM0050,masjid,NEAR
AD002956,-2585.6,-259.2,212.1,locality,,,
AD002957,608.5,-2983.2,212.1,locality,,,
AD002958,1118.4,2628.1,147.7,landmark,LM0179,bus_stop,NEAR
AD002959,-2503.6,-514.6,80.2,landmark,LM0269,masjid,OPPOSITE
AD002960,-432.8,-3502.2,94.9,baseline_street,,,
AD002961,994.6,2743.2,212.1,locality,,,
AD002962,907.3,2725.5,212.1,locality,,,
AD002963,,,,out_of_territory,,,
AD002964,-2447.0,1624.9,212.1,locality,,,
AD002965,-649.3,-1286.2,212.1,locality,,,
AD002966,595.2,2743.3,122.5,landmark,LM0175,community_hall,OPPOSITE
AD002967,-1277.6,103.5,122.5,landmark,LM0042,medical_store,OPPOSITE
AD002968,3634.7,417.7,212.1,locality,,,
AD002969,1081.4,-3763.9,212.1,locality,,,
AD002970,-1188.2,-2171.8,122.5,landmark,LM0250,church,NEAR
AD002971,2230.3,-1317.7,122.5,landmark,LM0192,masjid,BEHIND
AD002972,2143.0,1658.4,122.5,landmark,LM0137,community_hall,BEHIND
AD002973,2415.6,-1258.4,147.7,landmark,LM0195,govt_school,BEHIND
AD002974,1489.3,-2059.5,122.5,landmark,LM0207,church,BEHIND
AD002975,2326.0,1917.0,212.1,locality,,,
AD002976,1579.2,-2051.5,212.1,locality,,,
AD002977,-3736.2,-858.1,212.1,locality,,,
AD002978,2826.9,-2272.3,122.5,landmark,LM0097,hanuman_temple,BEHIND
AD002979,-2117.7,-2343.0,147.7,landmark,LM0079,govt_school,BEHIND
AD002980,668.1,-3139.2,212.1,locality,,,
AD002981,3675.9,484.6,212.1,locality,,,
AD002982,3050.6,-2375.9,80.2,landmark,LM0300,milk_dairy,OPPOSITE
AD002983,-2648.0,1238.4,147.7,landmark,LM0007,bus_stop,NEAR
AD002984,904.8,2722.1,212.1,locality,,,
AD002985,,,,out_of_territory,,,
AD002986,3750.5,378.6,212.1,locality,,,
AD002987,698.3,-3077.0,122.5,landmark,LM0035,community_hall,NEAR
AD002988,3217.4,-1879.3,212.1,locality,,,
AD002989,-2595.6,1831.3,94.9,baseline_street,,,
AD002990,-771.6,-496.6,212.1,locality,,,
AD002991,2737.3,-2118.9,122.5,landmark,LM0092,park,NEAR
AD002992,-619.0,-656.3,122.5,landmark,LM0187,masjid,NEAR
AD002993,604.8,-3129.4,212.1,locality,,,
AD002994,-2059.2,-2243.5,122.5,landmark,LM0077,bus_stop,NEAR
AD002995,887.2,58.8,122.5,landmark,LM0019,ration_shop,NEAR
AD002996,-630.7,-1348.0,212.1,locality,,,
AD002997,3249.0,-2025.4,212.1,locality,,,
AD002998,,,,out_of_territory,,,
AD002999,-1111.5,3170.5,94.9,baseline_street,,,
AD003000,912.2,56.5,122.5,landmark,LM0019,ration_shop,NEAR
AD003001,,,,out_of_territory,,,
AD003002,1608.3,-2108.3,212.1,locality,,,
AD003003,1492.1,-1310.1,848.5,pincode_area,,,
AD003004,2783.3,-2178.6,212.1,locality,,,
AD003005,-1998.1,-2178.1,147.7,landmark,LM0077,bus_stop,OPPOSITE
AD003006,577.9,-3151.2,212.1,locality,,,
AD003007,904.4,2621.2,122.5,landmark,LM0172,govt_school,NEAR
AD003008,1088.4,12.3,212.1,locality,,,
AD003009,-209.8,3414.9,80.2,landmark,LM0227,hanuman_temple,NEAR
AD003010,-1087.4,-3080.8,212.1,locality,,,
AD003011,2069.0,-1012.6,212.1,locality,,,
AD003012,-317.1,-3523.8,212.1,locality,,,
AD003013,1640.6,-2254.4,122.5,landmark,LM0204,medical_store,NEAR
AD003014,3395.5,638.8,94.9,baseline_street,,,
AD003015,960.9,2636.6,122.5,landmark,LM0177,ration_shop,OPPOSITE
AD003016,2597.8,1014.4,122.5,landmark,LM0071,masjid,NEAR
AD003017,2583.9,-1282.2,212.1,locality,,,
AD003018,1092.9,2559.7,122.5,landmark,LM0173,medical_store,NEAR
AD003019,883.1,2762.6,212.1,locality,,,
AD003020,-434.0,-1415.4,212.1,locality,,,
AD003021,,,,out_of_territory,,,
AD003022,819.8,-1016.5,122.5,landmark,LM0284,church,NEAR
AD003023,,,,out_of_territory,,,
AD003024,901.0,2761.1,212.1,locality,,,
AD003025,1284.8,-2447.1,94.9,baseline_street,,,
AD003026,2929.5,-2152.7,122.5,landmark,LM0098,ration_shop,NEAR
AD003027,2431.2,1093.0,212.1,locality,,,
AD003028,-1161.5,342.2,122.5,landmark,LM0037,ganesha_temple,NEAR
AD003029,-576.7,-3416.6,122.5,landmark,LM0310,hanuman_temple,NEAR
AD003030,2770.0,-2129.6,122.5,landmark,LM0091,community_hall,NEAR
AD003031,-673.6,-1175.9,47.4,landmark,LM0077,bus_stop,NEAR
AD003032,2482.2,-1219.7,122.5,landmark,LM0198,post_office,NEAR
AD003033,,,,out_of_territory,,,
AD003034,924.4,-844.2,212.1,locality,,,
AD003035,2278.2,1207.9,122.5,landmark,LM0064,bus_stop,NEAR
AD003036,2471.0,1163.7,94.9,baseline_street,,,
AD003037,2579.2,516.0,94.9,baseline_street,,,
AD003038,3324.6,869.5,94.9,baseline_street,,,
AD003039,-2561.3,1611.4,212.1,locality,,,
AD003040,-1640.6,-2902.0,122.5,landmark,LM0149,milk_dairy,OPPOSITE
AD003041,848.1,-125.8,80.2,landmark,LM0024,ganesha_temple,NEAR
AD003042,1051.7,-88.6,212.1,locality,,,
AD003043,321.9,2562.2,122.5,landmark,LM0059,church,NEAR
AD003044,1245.3,-2539.4,46.9,landmark,LM0199,masjid,OPPOSITE
AD003045,2604.2,-1275.7,212.1,locality,,,
AD003046,-3887.0,-1013.2,122.5,landmark,LM0219,hanuman_temple,NEAR
AD003047,-3870.1,-998.8,212.1,locality,,,
AD003048,-2307.2,-2373.6,212.1,locality,,,
AD003049,-2440.7,-2422.0,80.2,landmark,LM0081,water_tank,NEAR
AD003050,1058.7,2683.4,122.5,landmark,LM0179,bus_stop,NEAR
AD003051,2817.7,-2297.2,122.5,landmark,LM0097,hanuman_temple,NEAR
AD003052,650.1,-2938.4,212.1,locality,,,
AD003053,3194.3,-2283.6,80.2,landmark,LM0098,ration_shop,NEAR
AD003054,-2824.1,1147.4,212.1,locality,,,
AD003055,3656.4,424.1,212.1,locality,,,
AD003056,-1889.7,-2394.7,848.5,pincode_area,,,
AD003057,-249.3,1145.6,122.5,landmark,LM0211,masjid,NEAR
AD003058,-464.4,1469.7,122.5,landmark,LM0216,petrol_bunk,NEAR
AD003059,2940.0,-2170.3,122.5,landmark,LM0098,ration_shop,NEAR
AD003060,923.5,2615.6,122.5,landmark,LM0172,govt_school,NEAR
AD003061,,,,out_of_territory,,,
AD003062,1201.8,-142.1,94.9,baseline_street,,,
AD003063,766.4,-754.4,94.9,baseline_street,,,
AD003064,3221.0,-1757.9,122.5,landmark,LM0299,ration_shop,NEAR
AD003065,1004.0,2670.1,212.1,locality,,,
AD003066,2494.3,-1200.6,122.5,landmark,LM0198,post_office,OPPOSITE
AD003067,1621.9,-1999.5,212.1,locality,,,
AD003068,-576.1,-621.6,212.1,locality,,,
AD003069,1030.1,1295.5,212.1,locality,,,
AD003070,2318.7,1586.4,122.5,landmark,LM0139,ration_shop,BEHIND
AD003071,-645.0,-3857.7,94.9,baseline_street,,,
AD003072,-856.9,-757.0,94.9,baseline_street,,,
AD003073,1375.4,-1369.2,848.5,pincode_area,,,
AD003074,1828.7,-1626.6,848.5,pincode_area,,,
AD003075,-676.2,-549.1,212.1,locality,,,
AD003076,-769.0,-556.1,212.1,locality,,,
AD003077,2623.5,-1313.3,212.1,locality,,,
AD003078,2906.1,726.9,122.5,landmark,LM0160,water_tank,NEAR
AD003079,,,,out_of_territory,,,
AD003080,831.3,-525.0,122.5,landmark,LM0287,ganesha_temple,NEAR
AD003081,656.2,-2967.6,212.1,locality,,,
AD003082,3050.5,619.7,212.1,locality,,,
AD003083,-1083.5,-3106.9,212.1,locality,,,
AD003084,-2907.4,1220.3,212.1,locality,,,
AD003085,3326.3,-2082.1,49.3,baseline_rooftop,,,
AD003086,937.9,-861.1,212.1,locality,,,
AD003087,2560.7,-1294.3,122.5,landmark,LM0194,water_tank,BEHIND
AD003088,3240.2,-1771.2,122.5,landmark,LM0299,ration_shop,NEAR
AD003089,,,,out_of_territory,,,
AD003090,745.0,-3065.5,122.5,landmark,LM0035,community_hall,NEAR
AD003091,,,,out_of_territory,,,
AD003092,2219.0,1834.8,212.1,locality,,,
AD003093,,,,out_of_territory,,,
AD003094,956.1,-124.1,122.5,landmark,LM0024,ganesha_temple,NEAR
AD003095,,,,out_of_territory,,,
AD003096,-1804.9,2502.1,212.1,locality,,,
AD003097,,,,out_of_territory,,,
AD003098,912.0,2948.8,122.5,landmark,LM0180,petrol_bunk,NEAR
AD003099,2759.2,-2135.0,122.5,landmark,LM0092,park,OPPOSITE
AD003100,1208.7,-1.1,122.5,landmark,LM0020,govt_school,NEAR
AD003101,,,,out_of_territory,,,
AD003102,781.7,-3117.1,212.1,locality,,,
AD003103,,,,out_of_territory,,,
AD003104,-502.0,1485.9,122.5,landmark,LM0216,petrol_bunk,OPPOSITE
AD003105,-437.5,3229.8,122.5,landmark,LM0231,water_tank,NEAR
AD003106,1286.4,100.3,94.9,baseline_street,,,
AD003107,569.8,-2931.8,147.7,landmark,LM0028,bus_stop,NEAR
AD003108,,,,out_of_territory,,,
AD003109,,,,out_of_territory,,,
AD003110,-566.3,-1288.7,212.1,locality,,,
AD003111,-617.2,3030.8,122.5,landmark,LM0232,church,NEAR
AD003112,,,,out_of_territory,,,
AD003113,-1131.2,333.3,122.5,landmark,LM0037,ganesha_temple,NEAR
AD003114,,,,out_of_territory,,,
AD003115,901.9,-3134.4,122.5,landmark,LM0111,hanuman_temple,OPPOSITE
AD003116,,,,out_of_territory,,,
AD003117,1089.9,-1463.5,848.5,pincode_area,,,
