address_id,action,radius_90,reason,dispatch_channel,dialer_campaign,voice_bot_prompt
AD000001,DIRECT_VISIT,25.0,3 agreeing visits; R90 25 m,FIELD_FORCE,,
AD000002,DIRECT_VISIT,33.0,1 good visit; R90 33 m,FIELD_FORCE,,
AD000003,VISIT_WITH_HINT,280.0,text only (neighbours); R90 280 m,FIELD_FORCE,,
AD000004,VISIT_WITH_HINT,387.0,text only (neighbours); R90 387 m,FIELD_FORCE,,
AD000005,VISIT_WITH_HINT,329.0,text only (landmark); R90 329 m,FIELD_FORCE,,
AD000006,CANNOT_GEOCODE,,outside service area,TELE_DIALER,ADDR_VERIFY_OUT_OF_AREA_HI,"Namaste, aapke ghar tak pahunchne ke liye thodi madad chahiye. Kripya bataiye: aapka ghar kaun si cross ya gali mein hai, sabse paas ka landmark kya hai (mandir, school, bus stop), aur aapke gate ka rang kya hai?"
AD000007,VISIT_WITH_HINT,329.0,text only (landmark); R90 329 m,FIELD_FORCE,,
AD000008,VERIFY_FIRST,569.0,text only (locality); too uncertain to visit blind; R90 569 m,TELE_DIALER,ADDR_VERIFY_LOW_CONFIDENCE_EN,"Hello, we need a little help to reach your home. Please tell us which cross or street your house is on, the nearest landmark (temple, school, bus stop), and the colour of your gate."
AD000009,DIRECT_VISIT,42.0,1 good visit; R90 42 m,FIELD_FORCE,,
AD000010,VISIT_WITH_HINT,396.0,text only (landmark); R90 396 m,FIELD_FORCE,,
AD000011,VISIT_WITH_HINT,175.0,text only (neighbours); R90 175 m,FIELD_FORCE,,
AD000012,DIRECT_VISIT,18.0,6 agreeing visits; R90 18 m,FIELD_FORCE,,
AD000013,VISIT_WITH_HINT,296.0,text only (landmark); R90 296 m,FIELD_FORCE,,
AD000014,VISIT_WITH_HINT,239.0,text only (baseline street); R90 239 m,FIELD_FORCE,,
AD000015,DIRECT_VISIT,36.0,1 good visit; R90 36 m,FIELD_FORCE,,
AD000016,DIRECT_VISIT,11.0,"visits disagree (n=8), largest cluster kept; R90 11 m",FIELD_FORCE,,
AD000017,DIRECT_VISIT,30.0,2 agreeing visits; R90 30 m,FIELD_FORCE,,
AD000018,DIRECT_VISIT,18.0,4 agreeing visits; R90 18 m,FIELD_FORCE,,
AD000019,DIRECT_VISIT,64.0,1 good visit; R90 64 m,FIELD_FORCE,,
AD000020,VERIFY_FIRST,2278.0,text only (pincode area); too uncertain to visit blind; R90 2278 m,TELE_DIALER,ADDR_VERIFY_LOW_CONFIDENCE_KN,"Namaskara, nimma manege baralu swalpa sahaya beku. Dayavittu heli: nimma mane yaava cross athava raste alli ide, hattirada landmark yavudu (gudi, shaale, bus stop), mattu nimma gate yaava banna?"
AD000021,VISIT_WITH_HINT,134.0,text only (baseline rooftop); R90 134 m,FIELD_FORCE,,
AD000022,VISIT_WITH_HINT,215.0,text only (landmark); R90 215 m,FIELD_FORCE,,
AD000023,DIRECT_VISIT,36.0,"visits disagree (n=5), largest cluster kept; R90 36 m",FIELD_FORCE,,
AD000024,VISIT_WITH_HINT,175.0,text only (neighbours); R90 175 m,FIELD_FORCE,,
AD000025,VISIT_WITH_HINT,304.0,text only (neighbours); R90 304 m,FIELD_FORCE,,
AD000026,VISIT_WITH_HINT,140.0,text only (neighbours); R90 140 m,FIELD_FORCE,,
AD000027,DIRECT_VISIT,22.0,"visits disagree (n=6), largest cluster kept; R90 22 m",FIELD_FORCE,,
AD000028,VISIT_WITH_HINT,255.0,text only (baseline street); R90 255 m,FIELD_FORCE,,
AD000029,VISIT_WITH_HINT,296.0,text only (landmark); R90 296 m,FIELD_FORCE,,
AD000030,VISIT_WITH_HINT,113.0,"visits disagree (n=1), largest cluster kept; R90 113 m",FIELD_FORCE,,
AD000031,DIRECT_VISIT,31.0,3 agreeing visits; R90 31 m,FIELD_FORCE,,
AD000032,DIRECT_VISIT,22.0,"visits disagree (n=5), largest cluster kept; R90 22 m",FIELD_FORCE,,
AD000033,VISIT_WITH_HINT,126.0,text only (neighbours); R90 126 m,FIELD_FORCE,,
AD000034,VISIT_WITH_HINT,329.0,text only (landmark); R90 329 m,FIELD_FORCE,,
AD000035,VISIT_WITH_HINT,175.0,text only (neighbours); R90 175 m,FIELD_FORCE,,
AD000036,VISIT_WITH_HINT,149.0,text only (neighbours); R90 149 m,FIELD_FORCE,,
AD000037,DIRECT_VISIT,44.0,"visits disagree (n=2), largest cluster kept; R90 44 m",FIELD_FORCE,,
AD000038,CANNOT_GEOCODE,,outside service area,TELE_DIALER,ADDR_VERIFY_OUT_OF_AREA_KN,"Namaskara, nimma manege baralu swalpa sahaya beku. Dayavittu heli: nimma mane yaava cross athava raste alli ide, hattirada landmark yavudu (gudi, shaale, bus stop), mattu nimma gate yaava banna?"
AD000039,DIRECT_VISIT,34.0,2 agreeing visits; R90 34 m,FIELD_FORCE,,
AD000040,DIRECT_VISIT,56.0,1 good visit; R90 56 m,FIELD_FORCE,,
AD000041,DIRECT_VISIT,49.0,1 good visit; R90 49 m,FIELD_FORCE,,
AD000042,VERIFY_FIRST,569.0,text only (locality); too uncertain to visit blind; R90 569 m,TELE_DIALER,ADDR_VERIFY_LOW_CONFIDENCE_EN,"Hello, we need a little help to reach your home. Please tell us which cross or street your house is on, the nearest landmark (temple, school, bus stop), and the colour of your gate."
AD000043,DIRECT_VISIT,16.0,6 agreeing visits; R90 16 m,FIELD_FORCE,,
AD000044,CANNOT_GEOCODE,,outside service area,TELE_DIALER,ADDR_VERIFY_OUT_OF_AREA_EN,"Hello, we need a little help to reach your home. Please tell us which cross or street your house is on, the nearest landmark (temple, school, bus stop), and the colour of your gate."
AD000045,VISIT_WITH_HINT,329.0,text only (landmark); R90 329 m,FIELD_FORCE,,
AD000046,VISIT_WITH_HINT,175.0,text only (neighbours); R90 175 m,FIELD_FORCE,,
AD000047,DIRECT_VISIT,16.0,8 agreeing visits; R90 16 m,FIELD_FORCE,,
AD000048,VERIFY_FIRST,569.0,text only (locality); too uncertain to visit blind; R90 569 m,TELE_DIALER,ADDR_VERIFY_LOW_CONFIDENCE_EN,"Hello, we need a little help to reach your home. Please tell us which cross or street your house is on, the nearest landmark (temple, school, bus stop), and the colour of your gate."
AD000049,DIRECT_VISIT,17.0,8 agreeing visits; R90 17 m,FIELD_FORCE,,
AD000050,VERIFY_FIRST,569.0,text only (locality); too uncertain to visit blind; R90 569 m,TELE_DIALER,ADDR_VERIFY_LOW_CONFIDENCE_KN,"Namaskara, nimma manege baralu swalpa sahaya beku. Dayavittu heli: nimma mane yaava cross athava raste alli ide, hattirada landmark yavudu (gudi, shaale, bus stop), mattu nimma gate yaava banna?"
AD000051,CANNOT_GEOCODE,,outside service area,TELE_DIALER,ADDR_VERIFY_OUT_OF_AREA_KN,"Namaskara, nimma manege baralu swalpa sahaya beku. Dayavittu heli: nimma mane yaava cross athava raste alli ide, hattirada landmark yavudu (gudi, shaale, bus stop), mattu nimma gate yaava banna?"
AD000052,VISIT_WITH_HINT,255.0,text only (baseline street); R90 255 m,FIELD_FORCE,,
AD000053,VERIFY_FIRST,569.0,text only (locality); too uncertain to visit blind; R90 569 m,TELE_DIALER,ADDR_VERIFY_LOW_CONFIDENCE_KN,"Namaskara, nimma manege baralu swalpa sahaya beku. Dayavittu heli: nimma mane yaava cross athava raste alli ide, hattirada landmark yavudu (gudi, shaale, bus stop), mattu nimma gate yaava banna?"
AD000054,VISIT_WITH_HINT,329.0,text only (landmark); R90 329 m,FIELD_FORCE,,
AD000055,VISIT_WITH_HINT,175.0,text only (neighbours); R90 175 m,FIELD_FORCE,,
AD000056,VISIT_WITH_HINT,304.0,text only (neighbours); R90 304 m,FIELD_FORCE,,
AD000057,VISIT_WITH_HINT,329.0,text only (landmark); R90 329 m,FIELD_FORCE,,
AD000058,VISIT_WITH_HINT,175.0,text only (neighbours); R90 175 m,FIELD_FORCE,,
AD000059,VISIT_WITH_HINT,215.0,text only (landmark); R90 215 m,FIELD_FORCE,,
AD000060,DIRECT_VISIT,54.0,4 agreeing visits; R90 54 m,FIELD_FORCE,,
AD000061,VISIT_WITH_HINT,271.0,text only (landmark); R90 271 m,FIELD_FORCE,,
AD000062,DIRECT_VISIT,22.0,"visits disagree (n=5), largest cluster kept; R90 22 m",FIELD_FORCE,,
AD000063,VISIT_WITH_HINT,205.0,text only (landmark); R90 205 m,FIELD_FORCE,,
AD000064,VISIT_WITH_HINT,396.0,text only (landmark); R90 396 m,FIELD_FORCE,,
AD000065,VISIT_WITH_HINT,228.0,text only (neighbours); R90 228 m,FIELD_FORCE,,
AD000066,DIRECT_VISIT,18.0,4 agreeing visits; R90 18 m,FIELD_FORCE,,
AD000067,VISIT_WITH_HINT,194.0,text only (neighbours); R90 194 m,FIELD_FORCE,,
AD000068,DIRECT_VISIT,35.0,2 agreeing visits; R90 35 m,FIELD_FORCE,,
AD000069,DIRECT_VISIT,16.0,"visits disagree (n=6), largest cluster kept; R90 16 m",FIELD_FORCE,,
AD000070,CANNOT_GEOCODE,,outside service area,TELE_DIALER,ADDR_VERIFY_OUT_OF_AREA_HI,"Namaste, aapke ghar tak pahunchne ke liye thodi madad chahiye. Kripya bataiye: aapka ghar kaun si cross ya gali mein hai, sabse paas ka landmark kya hai (mandir, school, bus stop), aur aapke gate ka rang kya hai?"
AD000071,VISIT_WITH_HINT,215.0,text only (landmark); R90 215 m,FIELD_FORCE,,
AD000072,VISIT_WITH_HINT,396.0,text only (landmark); R90 396 m,FIELD_FORCE,,
AD000073,VISIT_WITH_HINT,255.0,text only (baseline street); R90 255 m,FIELD_FORCE,,
AD000074,VERIFY_FIRST,569.0,text only (locality); too uncertain to visit blind; R90 569 m,TELE_DIALER,ADDR_VERIFY_LOW_CONFIDENCE_HI,"Namaste, aapke ghar tak pahunchne ke liye thodi madad chahiye. Kripya bataiye: aapka ghar kaun si cross ya gali mein hai, sabse paas ka landmark kya hai (mandir, school, bus stop), aur aapke gate ka rang kya hai?"
AD000075,DIRECT_VISIT,16.0,"visits disagree (n=4), largest cluster kept; R90 16 m",FIELD_FORCE,,
AD000076,DIRECT_VISIT,34.0,1 good visit; R90 34 m,FIELD_FORCE,,
AD000077,VISIT_WITH_HINT,396.0,text only (landmark); R90 396 m,FIELD_FORCE,,
AD000078,DIRECT_VISIT,20.0,"visits disagree (n=5), largest cluster kept; R90 20 m",FIELD_FORCE,,
AD000079,DIRECT_VISIT,37.0,2 agreeing visits; R90 37 m,FIELD_FORCE,,
AD000080,VISIT_WITH_HINT,199.0,text only (baseline street); R90 199 m,FIELD_FORCE,,
AD000081,DIRECT_VISIT,32.0,2 agreeing visits; R90 32 m,FIELD_FORCE,,
AD000082,DIRECT_VISIT,42.0,1 good visit; R90 42 m,FIELD_FORCE,,
AD000083,VISIT_WITH_HINT,243.0,text only (landmark); R90 243 m,FIELD_FORCE,,
AD000084,VISIT_WITH_HINT,175.0,text only (neighbours); R90 175 m,FIELD_FORCE,,
AD000085,DIRECT_VISIT,35.0,1 good visit; R90 35 m,FIELD_FORCE,,
AD000086,DIRECT_VISIT,29.0,3 agreeing visits; R90 29 m,FIELD_FORCE,,
AD000087,VERIFY_FIRST,569.0,text only (locality); too uncertain to visit blind; R90 569 m,TELE_DIALER,ADDR_VERIFY_LOW_CONFIDENCE_HI,"Namaste, aapke ghar tak pahunchne ke liye thodi madad chahiye. Kripya bataiye: aapka ghar kaun si cross ya gali mein hai, sabse paas ka landmark kya hai (mandir, school, bus stop), aur aapke gate ka rang kya hai?"
AD000088,DIRECT_VISIT,19.0,6 agreeing visits; R90 19 m,FIELD_FORCE,,
AD000089,VISIT_WITH_HINT,296.0,text only (landmark); R90 296 m,FIELD_FORCE,,
AD000090,VISIT_WITH_HINT,329.0,text only (landmark); R90 329 m,FIELD_FORCE,,
AD000091,VISIT_WITH_HINT,396.0,text only (landmark); R90 396 m,FIELD_FORCE,,
AD000092,VISIT_WITH_HINT,194.0,text only (neighbours); R90 194 m,FIELD_FORCE,,
AD000093,VISIT_WITH_HINT,257.0,text only (landmark); R90 257 m,FIELD_FORCE,,
AD000094,DIRECT_VISIT,31.0,5 agreeing visits; R90 31 m,FIELD_FORCE,,
AD000095,CANNOT_GEOCODE,,outside service area,TELE_DIALER,ADDR_VERIFY_OUT_OF_AREA_KN,"Namaskara, nimma manege baralu swalpa sahaya beku. Dayavittu heli: nimma mane yaava cross athava raste alli ide, hattirada landmark yavudu (gudi, shaale, bus stop), mattu nimma gate yaava banna?"
AD000096,DIRECT_VISIT,25.0,"visits disagree (n=6), largest cluster kept; R90 25 m",FIELD_FORCE,,
AD000097,VISIT_WITH_HINT,243.0,text only (landmark); R90 243 m,FIELD_FORCE,,
AD000098,DIRECT_VISIT,23.0,4 agreeing visits; R90 23 m,FIELD_FORCE,,
AD000099,DIRECT_VISIT,25.0,"visits disagree (n=4), largest cluster kept; R90 25 m",FIELD_FORCE,,
AD000100,DIRECT_VISIT,14.0,7 agreeing visits; R90 14 m,FIELD_FORCE,,
AD000101,VISIT_WITH_HINT,231.0,text only (neighbours); R90 231 m,FIELD_FORCE,,
AD000102,VISIT_WITH_HINT,126.0,text only (neighbours); R90 126 m,FIELD_FORCE,,
AD000103,VISIT_WITH_HINT,194.0,text only (neighbours); R90 194 m,FIELD_FORCE,,
AD000104,VERIFY_FIRST,569.0,text only (locality); too uncertain to visit blind; R90 569 m,TELE_DIALER,ADDR_VERIFY_LOW_CONFIDENCE_KN,"Namaskara, nimma manege baralu swalpa sahaya beku. Dayavittu heli: nimma mane yaava cross athava raste alli ide, hattirada landmark yavudu (gudi, shaale, bus stop), mattu nimma gate yaava banna?"
AD000105,DIRECT_VISIT,25.0,4 agreeing visits; R90 25 m,FIELD_FORCE,,
AD000106,DIRECT_VISIT,60.0,1 good visit; R90 60 m,FIELD_FORCE,,
AD000107,VISIT_WITH_HINT,194.0,text only (neighbours); R90 194 m,FIELD_FORCE,,
AD000108,VISIT_WITH_HINT,329.0,text only (landmark); R90 329 m,FIELD_FORCE,,
AD000109,VERIFY_FIRST,569.0,text only (locality); too uncertain to visit blind; R90 569 m,TELE_DIALER,ADDR_VERIFY_LOW_CONFIDENCE_HI,"Namaste, aapke ghar tak pahunchne ke liye thodi madad chahiye. Kripya bataiye: aapka ghar kaun si cross ya gali mein hai, sabse paas ka landmark kya hai (mandir, school, bus stop), aur aapke gate ka rang kya hai?"
AD000110,CANNOT_GEOCODE,,outside service area,TELE_DIALER,ADDR_VERIFY_OUT_OF_AREA_HI,"Namaste, aapke ghar tak pahunchne ke liye thodi madad chahiye. Kripya bataiye: aapka ghar kaun si cross ya gali mein hai, sabse paas ka landmark kya hai (mandir, school, bus stop), aur aapke gate ka rang kya hai?"
AD000111,VISIT_WITH_HINT,126.0,"visits disagree (n=1), largest cluster kept; R90 126 m",FIELD_FORCE,,
AD000112,VISIT_WITH_HINT,140.0,text only (neighbours); R90 140 m,FIELD_FORCE,,
AD000113,VISIT_WITH_HINT,175.0,text only (neighbours); R90 175 m,FIELD_FORCE,,
AD000114,DIRECT_VISIT,29.0,5 agreeing visits; R90 29 m,FIELD_FORCE,,
AD000115,VISIT_WITH_HINT,194.0,text only (neighbours); R90 194 m,FIELD_FORCE,,
AD000116,VISIT_WITH_HINT,396.0,text only (landmark); R90 396 m,FIELD_FORCE,,
AD000117,VISIT_WITH_HINT,329.0,text only (landmark); R90 329 m,FIELD_FORCE,,
AD000118,CANNOT_GEOCODE,,outside service area,TELE_DIALER,ADDR_VERIFY_OUT_OF_AREA_EN,"Hello, we need a little help to reach your home. Please tell us which cross or street your house is on, the nearest landmark (temple, school, bus stop), and the colour of your gate."
AD000119,VISIT_WITH_HINT,396.0,text only (landmark); R90 396 m,FIELD_FORCE,,
AD000120,VISIT_WITH_HINT,276.0,text only (neighbours); R90 276 m,FIELD_FORCE,,
AD000121,VISIT_WITH_HINT,396.0,text only (landmark); R90 396 m,FIELD_FORCE,,
AD000122,VISIT_WITH_HINT,175.0,text only (neighbours); R90 175 m,FIELD_FORCE,,
AD000123,VISIT_WITH_HINT,279.0,text only (landmark); R90 279 m,FIELD_FORCE,,
AD000124,VISIT_WITH_HINT,194.0,text only (neighbours); R90 194 m,FIELD_FORCE,,
AD000125,VISIT_WITH_HINT,175.0,text only (neighbours); R90 175 m,FIELD_FORCE,,
AD000126,DIRECT_VISIT,25.0,4 agreeing visits; R90 25 m,FIELD_FORCE,,
AD000127,VISIT_WITH_HINT,175.0,text only (neighbours); R90 175 m,FIELD_FORCE,,
AD000128,VISIT_WITH_HINT,140.0,text only (neighbours); R90 140 m,FIELD_FORCE,,
AD000129,DIRECT_VISIT,20.0,"visits disagree (n=6), largest cluster kept; R90 20 m",FIELD_FORCE,,
AD000130,DIRECT_VISIT,63.0,1 good visit; R90 63 m,FIELD_FORCE,,
AD000131,CANNOT_GEOCODE,,outside service area,TELE_DIALER,ADDR_VERIFY_OUT_OF_AREA_HI,"Namaste, aapke ghar tak pahunchne ke liye thodi madad chahiye. Kripya bataiye: aapka ghar kaun si cross ya gali mein hai, sabse paas ka landmark kya hai (mandir, school, bus stop), aur aapke gate ka rang kya hai?"
AD000132,VISIT_WITH_HINT,175.0,text only (neighbours); R90 175 m,FIELD_FORCE,,
AD000133,DIRECT_VISIT,53.0,1 good visit; R90 53 m,FIELD_FORCE,,
AD000134,VISIT_WITH_HINT,232.0,text only (baseline street); R90 232 m,FIELD_FORCE,,
AD000135,DIRECT_VISIT,13.0,"visits disagree (n=4), largest cluster kept; R90 13 m",FIELD_FORCE,,
AD000136,VERIFY_FIRST,569.0,text only (locality); too uncertain to visit blind; R90 569 m,TELE_DIALER,ADDR_VERIFY_LOW_CONFIDENCE_EN,"Hello, we need a little help to reach your home. Please tell us which cross or street your house is on, the nearest landmark (temple, school, bus stop), and the colour of your gate."
AD000137,DIRECT_VISIT,33.0,2 agreeing visits; R90 33 m,FIELD_FORCE,,
AD000138,DIRECT_VISIT,20.0,"visits disagree (n=7), largest cluster kept; R90 20 m",FIELD_FORCE,,
AD000139,VISIT_WITH_HINT,201.0,text only (landmark); R90 201 m,FIELD_FORCE,,
AD000140,VISIT_WITH_HINT,329.0,text only (landmark); R90 329 m,FIELD_FORCE,,
AD000141,VERIFY_FIRST,9110.0,text only (pincode area); too uncertain to visit blind; R90 9110 m,TELE_DIALER,ADDR_VERIFY_LOW_CONFIDENCE_EN,"Hello, we need a little help to reach your home. Please tell us which cross or street your house is on, the nearest landmark (temple, school, bus stop), and the colour of your gate."
AD000142,DIRECT_VISIT,25.0,"visits disagree (n=5), largest cluster kept; R90 25 m",FIELD_FORCE,,
AD000143,CANNOT_GEOCODE,,outside service area,TELE_DIALER,ADDR_VERIFY_OUT_OF_AREA_KN,"Namaskara, nimma manege baralu swalpa sahaya beku. Dayavittu heli: nimma mane yaava cross athava raste alli ide, hattirada landmark yavudu (gudi, shaale, bus stop), mattu nimma gate yaava banna?"
AD000144,VISIT_WITH_HINT,175.0,text only (neighbours); R90 175 m,FIELD_FORCE,,
AD000145,VISIT_WITH_HINT,231.0,text only (neighbours); R90 231 m,FIELD_FORCE,,
AD000146,DIRECT_VISIT,41.0,2 agreeing visits; R90 41 m,FIELD_FORCE,,
AD000147,DIRECT_VISIT,26.0,2 agreeing visits; R90 26 m,FIELD_FORCE,,
AD000148,VISIT_WITH_HINT,329.0,text only (landmark); R90 329 m,FIELD_FORCE,,
AD000149,VERIFY_FIRST,569.0,text only (locality); too uncertain to visit blind; R90 569 m,TELE_DIALER,ADDR_VERIFY_LOW_CONFIDENCE_HI,"Namaste, aapke ghar tak pahunchne ke liye thodi madad chahiye. Kripya bataiye: aapka ghar kaun si cross ya gali mein hai, sabse paas ka landmark kya hai (mandir, school, bus stop), aur aapke gate ka rang kya hai?"
AD000150,DIRECT_VISIT,40.0,"visits disagree (n=1), largest cluster kept; R90 40 m",FIELD_FORCE,,
AD000151,DIRECT_VISIT,47.0,2 agreeing visits; R90 47 m,FIELD_FORCE,,
AD000152,DIRECT_VISIT,17.0,2 agreeing visits; R90 17 m,FIELD_FORCE,,
AD000153,DIRECT_VISIT,67.0,"visits disagree (n=5), largest cluster kept; R90 67 m",FIELD_FORCE,,
AD000154,DIRECT_VISIT,39.0,3 agreeing visits; R90 39 m,FIELD_FORCE,,
AD000155,DIRECT_VISIT,23.0,6 agreeing visits; R90 23 m,FIELD_FORCE,,
AD000156,VISIT_WITH_HINT,396.0,text only (landmark); R90 396 m,FIELD_FORCE,,
AD000157,VISIT_WITH_HINT,230.0,text only (neighbours); R90 230 m,FIELD_FORCE,,
AD000158,CANNOT_GEOCODE,,outside service area,TELE_DIALER,ADDR_VERIFY_OUT_OF_AREA_EN,"Hello, we need a little help to reach your home. Please tell us which cross or street your house is on, the nearest landmark (temple, school, bus stop), and the colour of your gate."
AD000159,DIRECT_VISIT,16.0,3 agreeing visits; R90 16 m,FIELD_FORCE,,
AD000160,VISIT_WITH_HINT,175.0,text only (neighbours); R90 175 m,FIELD_FORCE,,
AD000161,VERIFY_FIRST,569.0,text only (locality); too uncertain to visit blind; R90 569 m,TELE_DIALER,ADDR_VERIFY_LOW_CONFIDENCE_KN,"Namaskara, nimma manege baralu swalpa sahaya beku. Dayavittu heli: nimma mane yaava cross athava raste alli ide, hattirada landmark yavudu (gudi, shaale, bus stop), mattu nimma gate yaava banna?"
AD000162,VISIT_WITH_HINT,198.0,text only (landmark); R90 198 m,FIELD_FORCE,,
AD000163,DIRECT_VISIT,37.0,2 agreeing visits; R90 37 m,FIELD_FORCE,,
AD000164,VISIT_WITH_HINT,130.0,text only (baseline rooftop); R90 130 m,FIELD_FORCE,,
AD000165,DIRECT_VISIT,39.0,1 good visit; R90 39 m,FIELD_FORCE,,
AD000166,DIRECT_VISIT,52.0,1 good visit; R90 52 m,FIELD_FORCE,,
AD000167,VISIT_WITH_HINT,272.0,text only (landmark); R90 272 m,FIELD_FORCE,,
AD000168,VISIT_WITH_HINT,329.0,text only (landmark); R90 329 m,FIELD_FORCE,,
AD000169,DIRECT_VISIT,37.0,"visits disagree (n=2), largest cluster kept; R90 37 m",FIELD_FORCE,,
AD000170,DIRECT_VISIT,76.0,1 good visit; R90 76 m,FIELD_FORCE,,
AD000171,VISIT_WITH_HINT,396.0,text only (landmark); R90 396 m,FIELD_FORCE,,
AD000172,DIRECT_VISIT,39.0,4 agreeing visits; R90 39 m,FIELD_FORCE,,
AD000173,DIRECT_VISIT,17.0,8 agreeing visits; R90 17 m,FIELD_FORCE,,
AD000174,VISIT_WITH_HINT,329.0,text only (landmark); R90 329 m,FIELD_FORCE,,
AD000175,DIRECT_VISIT,60.0,1 good visit; R90 60 m,FIELD_FORCE,,
AD000176,DIRECT_VISIT,45.0,2 agreeing visits; R90 45 m,FIELD_FORCE,,
AD000177,DIRECT_VISIT,52.0,1 good visit; R90 52 m,FIELD_FORCE,,
AD000178,DIRECT_VISIT,25.0,2 agreeing visits; R90 25 m,FIELD_FORCE,,
AD000179,VERIFY_FIRST,569.0,text only (locality); too uncertain to visit blind; R90 569 m,TELE_DIALER,ADDR_VERIFY_LOW_CONFIDENCE_KN,"Namaskara, nimma manege baralu swalpa sahaya beku. Dayavittu heli: nimma mane yaava cross athava raste alli ide, hattirada landmark yavudu (gudi, shaale, bus stop), mattu nimma gate yaava banna?"
AD000180,DIRECT_VISIT,35.0,1 good visit; R90 35 m,FIELD_FORCE,,
AD000181,DIRECT_VISIT,46.0,1 good visit; R90 46 m,FIELD_FORCE,,
AD000182,VISIT_WITH_HINT,126.0,"visits disagree (n=1), largest cluster kept; R90 126 m",FIELD_FORCE,,
AD000183,CANNOT_GEOCODE,,outside service area,TELE_DIALER,ADDR_VERIFY_OUT_OF_AREA_HI,"Namaste, aapke ghar tak pahunchne ke liye thodi madad chahiye. Kripya bataiye: aapka ghar kaun si cross ya gali mein hai, sabse paas ka landmark kya hai (mandir, school, bus stop), aur aapke gate ka rang kya hai?"
AD000184,VISIT_WITH_HINT,175.0,text only (neighbours); R90 175 m,FIELD_FORCE,,
AD000185,VISIT_WITH_HINT,149.0,text only (neighbours); R90 149 m,FIELD_FORCE,,
AD000186,VISIT_WITH_HINT,329.0,text only (landmark); R90 329 m,FIELD_FORCE,,
AD000187,DIRECT_VISIT,29.0,2 agreeing visits; R90 29 m,FIELD_FORCE,,
AD000188,VISIT_WITH_HINT,226.0,text only (neighbours); R90 226 m,FIELD_FORCE,,
AD000189,DIRECT_VISIT,40.0,1 good visit; R90 40 m,FIELD_FORCE,,
AD000190,VISIT_WITH_HINT,194.0,text only (neighbours); R90 194 m,FIELD_FORCE,,
AD000191,DIRECT_VISIT,27.0,1 good visit; R90 27 m,FIELD_FORCE,,
AD000192,DIRECT_VISIT,33.0,1 good visit; R90 33 m,FIELD_FORCE,,
AD000193,DIRECT_VISIT,55.0,"visits disagree (n=1), largest cluster kept; R90 55 m",FIELD_FORCE,,
AD000194,DIRECT_VISIT,23.0,1 good visit; R90 23 m,FIELD_FORCE,,
AD000195,DIRECT_VISIT,34.0,1 good visit; R90 34 m,FIELD_FORCE,,
AD000196,VISIT_WITH_HINT,403.0,text only (locality); R90 403 m,FIELD_FORCE,,
AD000197,DIRECT_VISIT,24.0,"visits disagree (n=6), largest cluster kept; R90 24 m",FIELD_FORCE,,
AD000198,DIRECT_VISIT,22.0,5 agreeing visits; R90 22 m,FIELD_FORCE,,
AD000199,DIRECT_VISIT,59.0,1 good visit; R90 59 m,FIELD_FORCE,,
AD000200,DIRECT_VISIT,55.0,1 good visit; R90 55 m,FIELD_FORCE,,
AD000201,DIRECT_VISIT,31.0,1 good visit; R90 31 m,FIELD_FORCE,,
AD000202,DIRECT_VISIT,57.0,1 good visit; R90 57 m,FIELD_FORCE,,
AD000203,DIRECT_VISIT,73.0,"visits disagree (n=1), largest cluster kept; R90 73 m",FIELD_FORCE,,
AD000204,DIRECT_VISIT,25.0,5 agreeing visits; R90 25 m,FIELD_FORCE,,
AD000205,VERIFY_FIRST,569.0,text only (locality); too uncertain to visit blind; R90 569 m,TELE_DIALER,ADDR_VERIFY_LOW_CONFIDENCE_HI,"Namaste, aapke ghar tak pahunchne ke liye thodi madad chahiye. Kripya bataiye: aapka ghar kaun si cross ya gali mein hai, sabse paas ka landmark kya hai (mandir, school, bus stop), aur aapke gate ka rang kya hai?"
AD000206,VERIFY_FIRST,569.0,text only (locality); too uncertain to visit blind; R90 569 m,TELE_DIALER,ADDR_VERIFY_LOW_CONFIDENCE_EN,"Hello, we need a little help to reach your home. Please tell us which cross or street your house is on, the nearest landmark (temple, school, bus stop), and the colour of your gate."
AD000207,VERIFY_FIRST,569.0,text only (locality); too uncertain to visit blind; R90 569 m,TELE_DIALER,ADDR_VERIFY_LOW_CONFIDENCE_EN,"Hello, we need a little help to reach your home. Please tell us which cross or street your house is on, the nearest landmark (temple, school, bus stop), and the colour of your gate."
AD000208,VISIT_WITH_HINT,185.0,text only (landmark); R90 185 m,FIELD_FORCE,,
AD000209,DIRECT_VISIT,52.0,1 good visit; R90 52 m,FIELD_FORCE,,
AD000210,VISIT_WITH_HINT,194.0,text only (neighbours); R90 194 m,FIELD_FORCE,,
AD000211,VISIT_WITH_HINT,215.0,text only (landmark); R90 215 m,FIELD_FORCE,,
AD000212,VISIT_WITH_HINT,255.0,text only (baseline street); R90 255 m,FIELD_FORCE,,
AD000213,VISIT_WITH_HINT,255.0,text only (baseline street); R90 255 m,FIELD_FORCE,,
AD000214,VISIT_WITH_HINT,140.0,text only (neighbours); R90 140 m,FIELD_FORCE,,
AD000215,CANNOT_GEOCODE,,outside service area,TELE_DIALER,ADDR_VERIFY_OUT_OF_AREA_KN,"Namaskara, nimma manege baralu swalpa sahaya beku. Dayavittu heli: nimma mane yaava cross athava raste alli ide, hattirada landmark yavudu (gudi, shaale, bus stop), mattu nimma gate yaava banna?"
AD000216,VISIT_WITH_HINT,219.0,"visits disagree (n=1), largest cluster kept; R90 219 m",FIELD_FORCE,,
AD000217,VISIT_WITH_HINT,296.0,text only (landmark); R90 296 m,FIELD_FORCE,,
AD000218,CANNOT_GEOCODE,,outside service area,TELE_DIALER,ADDR_VERIFY_OUT_OF_AREA_HI,"Namaste, aapke ghar tak pahunchne ke liye thodi madad chahiye. Kripya bataiye: aapka ghar kaun si cross ya gali mein hai, sabse paas ka landmark kya hai (mandir, school, bus stop), aur aapke gate ka rang kya hai?"
AD000219,VISIT_WITH_HINT,175.0,text only (neighbours); R90 175 m,FIELD_FORCE,,
AD000220,DIRECT_VISIT,21.0,6 agreeing visits; R90 21 m,FIELD_FORCE,,
AD000221,DIRECT_VISIT,75.0,"visits disagree (n=1), largest cluster kept; R90 75 m",FIELD_FORCE,,
AD000222,VISIT_WITH_HINT,215.0,text only (landmark); R90 215 m,FIELD_FORCE,,
AD000223,DIRECT_VISIT,27.0,"visits disagree (n=7), largest cluster kept; R90 27 m",FIELD_FORCE,,
AD000224,VISIT_WITH_HINT,229.0,text only (baseline street); R90 229 m,FIELD_FORCE,,
AD000225,VISIT_WITH_HINT,215.0,text only (landmark); R90 215 m,FIELD_FORCE,,
AD000226,VISIT_WITH_HINT,329.0,text only (landmark); R90 329 m,FIELD_FORCE,,
AD000227,DIRECT_VISIT,23.0,"visits disagree (n=5), largest cluster kept; R90 23 m",FIELD_FORCE,,
AD000228,DIRECT_VISIT,55.0,"visits disagree (n=2), largest cluster kept; R90 55 m",FIELD_FORCE,,
AD000229,VISIT_WITH_HINT,329.0,text only (landmark); R90 329 m,FIELD_FORCE,,
AD000230,VISIT_WITH_HINT,329.0,text only (landmark); R90 329 m,FIELD_FORCE,,
AD000231,DIRECT_VISIT,27.0,2 agreeing visits; R90 27 m,FIELD_FORCE,,
AD000232,VISIT_WITH_HINT,215.0,text only (landmark); R90 215 m,FIELD_FORCE,,
AD000233,DIRECT_VISIT,44.0,2 agreeing visits; R90 44 m,FIELD_FORCE,,
AD000234,VISIT_WITH_HINT,329.0,text only (landmark); R90 329 m,FIELD_FORCE,,
AD000235,DIRECT_VISIT,33.0,1 good visit; R90 33 m,FIELD_FORCE,,
AD000236,DIRECT_VISIT,35.0,1 good visit; R90 35 m,FIELD_FORCE,,
AD000237,DIRECT_VISIT,36.0,1 good visit; R90 36 m,FIELD_FORCE,,
AD000238,DIRECT_VISIT,15.0,8 agreeing visits; R90 15 m,FIELD_FORCE,,
AD000239,DIRECT_VISIT,13.0,"visits disagree (n=5), largest cluster kept; R90 13 m",FIELD_FORCE,,
AD000240,VISIT_WITH_HINT,358.0,text only (neighbours); R90 358 m,FIELD_FORCE,,
AD000241,VISIT_WITH_HINT,255.0,text only (baseline street); R90 255 m,FIELD_FORCE,,
AD000242,VISIT_WITH_HINT,127.0,text only (landmark); R90 127 m,FIELD_FORCE,,
AD000243,VISIT_WITH_HINT,198.0,text only (baseline street); R90 198 m,FIELD_FORCE,,
AD000244,VISIT_WITH_HINT,243.0,text only (landmark); R90 243 m,FIELD_FORCE,,
AD000245,VERIFY_FIRST,2278.0,text only (pincode area); too uncertain to visit blind; R90 2278 m,TELE_DIALER,ADDR_VERIFY_LOW_CONFIDENCE_KN,"Namaskara, nimma manege baralu swalpa sahaya beku. Dayavittu heli: nimma mane yaava cross athava raste alli ide, hattirada landmark yavudu (gudi, shaale, bus stop), mattu nimma gate yaava banna?"
AD000246,VERIFY_FIRST,569.0,text only (locality); too uncertain to visit blind; R90 569 m,TELE_DIALER,ADDR_VERIFY_LOW_CONFIDENCE_KN,"Namaskara, nimma manege baralu swalpa sahaya beku. Dayavittu heli: nimma mane yaava cross athava raste alli ide, hattirada landmark yavudu (gudi, shaale, bus stop), mattu nimma gate yaava banna?"
AD000247,DIRECT_VISIT,17.0,3 agreeing visits; R90 17 m,FIELD_FORCE,,
AD000248,VISIT_WITH_HINT,329.0,text only (landmark); R90 329 m,FIELD_FORCE,,
AD000249,VISIT_WITH_HINT,202.0,text only (baseline street); R90 202 m,FIELD_FORCE,,
AD000250,VISIT_WITH_HINT,368.0,text only (neighbours); R90 368 m,FIELD_FORCE,,
AD000251,VISIT_WITH_HINT,145.0,"visits disagree (n=1), largest cluster kept; R90 145 m",FIELD_FORCE,,
AD000252,VERIFY_FIRST,710.0,text only (landmark); too uncertain to visit blind; R90 710 m,TELE_DIALER,ADDR_VERIFY_NOT_TRACEABLE_HI,"Namaste, aapke ghar tak pahunchne ke liye thodi madad chahiye. Kripya bataiye: aapka ghar kaun si cross ya gali mein hai, sabse paas ka landmark kya hai (mandir, school, bus stop), aur aapke gate ka rang kya hai?"
AD000253,DIRECT_VISIT,35.0,4 agreeing visits; R90 35 m,FIELD_FORCE,,
AD000254,VISIT_WITH_HINT,329.0,text only (landmark); R90 329 m,FIELD_FORCE,,
AD000255,DIRECT_VISIT,27.0,3 agreeing visits; R90 27 m,FIELD_FORCE,,
AD000256,VISIT_WITH_HINT,215.0,text only (landmark); R90 215 m,FIELD_FORCE,,
AD000257,DIRECT_VISIT,75.0,"visits disagree (n=1), largest cluster kept; R90 75 m",FIELD_FORCE,,
AD000258,DIRECT_VISIT,42.0,2 agreeing visits; R90 42 m,FIELD_FORCE,,
AD000259,DIRECT_VISIT,32.0,1 good visit; R90 32 m,FIELD_FORCE,,
AD000260,DIRECT_VISIT,40.0,"visits disagree (n=2), largest cluster kept; R90 40 m",FIELD_FORCE,,
AD000261,VISIT_WITH_HINT,403.0,text only (locality); R90 403 m,FIELD_FORCE,,
AD000262,CANNOT_GEOCODE,,outside service area,TELE_DIALER,ADDR_VERIFY_OUT_OF_AREA_HI,"Namaste, aapke ghar tak pahunchne ke liye thodi madad chahiye. Kripya bataiye: aapka ghar kaun si cross ya gali mein hai, sabse paas ka landmark kya hai (mandir, school, bus stop), aur aapke gate ka rang kya hai?"
AD000263,VISIT_WITH_HINT,329.0,text only (landmark); R90 329 m,FIELD_FORCE,,
AD000264,VISIT_WITH_HINT,387.0,text only (neighbours); R90 387 m,FIELD_FORCE,,
AD000265,VISIT_WITH_HINT,255.0,text only (baseline street); R90 255 m,FIELD_FORCE,,
AD000266,VISIT_WITH_HINT,437.0,text only (locality); R90 437 m,FIELD_FORCE,,
AD000267,DIRECT_VISIT,34.0,1 good visit; R90 34 m,FIELD_FORCE,,
AD000268,DIRECT_VISIT,31.0,2 agreeing visits; R90 31 m,FIELD_FORCE,,
AD000269,VISIT_WITH_HINT,329.0,text only (landmark); R90 329 m,FIELD_FORCE,,
AD000270,VERIFY_FIRST,569.0,text only (locality); too uncertain to visit blind; R90 569 m,TELE_DIALER,ADDR_VERIFY_LOW_CONFIDENCE_KN,"Namaskara, nimma manege baralu swalpa sahaya beku. Dayavittu heli: nimma mane yaava cross athava raste alli ide, hattirada landmark yavudu (gudi, shaale, bus stop), mattu nimma gate yaava banna?"
AD000271,CANNOT_GEOCODE,,outside service area,TELE_DIALER,ADDR_VERIFY_OUT_OF_AREA_KN,"Namaskara, nimma manege baralu swalpa sahaya beku. Dayavittu heli: nimma mane yaava cross athava raste alli ide, hattirada landmark yavudu (gudi, shaale, bus stop), mattu nimma gate yaava banna?"
AD000272,DIRECT_VISIT,41.0,1 good visit; R90 41 m,FIELD_FORCE,,
AD000273,VERIFY_FIRST,9110.0,text only (pincode area); too uncertain to visit blind; R90 9110 m,TELE_DIALER,ADDR_VERIFY_LOW_CONFIDENCE_HI,"Namaste, aapke ghar tak pahunchne ke liye thodi madad chahiye. Kripya bataiye: aapka ghar kaun si cross ya gali mein hai, sabse paas ka landmark kya hai (mandir, school, bus stop), aur aapke gate ka rang kya hai?"
AD000274,VISIT_WITH_HINT,133.0,text only (neighbours); R90 133 m,FIELD_FORCE,,
AD000275,DIRECT_VISIT,51.0,1 good visit; R90 51 m,FIELD_FORCE,,
AD000276,VERIFY_FIRST,569.0,text only (locality); too uncertain to visit blind; R90 569 m,TELE_DIALER,ADDR_VERIFY_LOW_CONFIDENCE_EN,"Hello, we need a little help to reach your home. Please tell us which cross or street your house is on, the nearest landmark (temple, school, bus stop), and the colour of your gate."
AD000277,VERIFY_FIRST,569.0,text only (locality); too uncertain to visit blind; R90 569 m,TELE_DIALER,ADDR_VERIFY_LOW_CONFIDENCE_EN,"Hello, we need a little help to reach your home. Please tell us which cross or street your house is on, the nearest landmark (temple, school, bus stop), and the colour of your gate."
AD000278,VISIT_WITH_HINT,255.0,text only (baseline street); R90 255 m,FIELD_FORCE,,
AD000279,DIRECT_VISIT,79.0,1 good visit; R90 79 m,FIELD_FORCE,,
AD000280,DIRECT_VISIT,78.0,1 good visit; R90 78 m,FIELD_FORCE,,
AD000281,DIRECT_VISIT,55.0,1 good visit; R90 55 m,FIELD_FORCE,,
AD000282,VISIT_WITH_HINT,255.0,text only (baseline street); R90 255 m,FIELD_FORCE,,
AD000283,CANNOT_GEOCODE,,outside service area,TELE_DIALER,ADDR_VERIFY_OUT_OF_AREA_KN,"Namaskara, nimma manege baralu swalpa sahaya beku. Dayavittu heli: nimma mane yaava cross athava raste alli ide, hattirada landmark yavudu (gudi, shaale, bus stop), mattu nimma gate yaava banna?"
AD000284,DIRECT_VISIT,16.0,"visits disagree (n=5), largest cluster kept; R90 16 m",FIELD_FORCE,,
AD000285,DIRECT_VISIT,26.0,2 agreeing visits; R90 26 m,FIELD_FORCE,,
AD000286,DIRECT_VISIT,21.0,5 agreeing visits; R90 21 m,FIELD_FORCE,,
AD000287,DIRECT_VISIT,25.0,"visits disagree (n=5), largest cluster kept; R90 25 m",FIELD_FORCE,,
AD000288,DIRECT_VISIT,22.0,3 agreeing visits; R90 22 m,FIELD_FORCE,,
AD000289,CANNOT_GEOCODE,,outside service area,TELE_DIALER,ADDR_VERIFY_OUT_OF_AREA_HI,"Namaste, aapke ghar tak pahunchne ke liye thodi madad chahiye. Kripya bataiye: aapka ghar kaun si cross ya gali mein hai, sabse paas ka landmark kya hai (mandir, school, bus stop), aur aapke gate ka rang kya hai?"
AD000290,DIRECT_VISIT,16.0,"visits disagree (n=6), largest cluster kept; R90 16 m",FIELD_FORCE,,
AD000291,VISIT_WITH_HINT,243.0,text only (landmark); R90 243 m,FIELD_FORCE,,
AD000292,DIRECT_VISIT,29.0,1 good visit; R90 29 m,FIELD_FORCE,,
AD000293,DIRECT_VISIT,20.0,1 good visit; R90 20 m,FIELD_FORCE,,
AD000294,VERIFY_FIRST,2278.0,text only (pincode area); too uncertain to visit blind; R90 2278 m,TELE_DIALER,ADDR_VERIFY_LOW_CONFIDENCE_HI,"Namaste, aapke ghar tak pahunchne ke liye thodi madad chahiye. Kripya bataiye: aapka ghar kaun si cross ya gali mein hai, sabse paas ka landmark kya hai (mandir, school, bus stop), aur aapke gate ka rang kya hai?"
AD000295,VISIT_WITH_HINT,196.0,text only (landmark); R90 196 m,FIELD_FORCE,,
AD000296,VISIT_WITH_HINT,274.0,text only (landmark); R90 274 m,FIELD_FORCE,,
AD000297,VISIT_WITH_HINT,126.0,text only (neighbours); R90 126 m,FIELD_FORCE,,
AD000298,VISIT_WITH_HINT,255.0,text only (baseline street); R90 255 m,FIELD_FORCE,,
AD000299,VERIFY_FIRST,2278.0,text only (pincode area); too uncertain to visit blind; R90 2278 m,TELE_DIALER,ADDR_VERIFY_LOW_CONFIDENCE_HI,"Namaste, aapke ghar tak pahunchne ke liye thodi madad chahiye. Kripya bataiye: aapka ghar kaun si cross ya gali mein hai, sabse paas ka landmark kya hai (mandir, school, bus stop), aur aapke gate ka rang kya hai?"
AD000300,VISIT_WITH_HINT,231.0,text only (neighbours); R90 231 m,FIELD_FORCE,,
AD000301,VISIT_WITH_HINT,285.0,text only (landmark); R90 285 m,FIELD_FORCE,,
AD000302,VERIFY_FIRST,837.0,text only (locality); too uncertain to visit blind; R90 837 m,TELE_DIALER,ADDR_VERIFY_LOW_CONFIDENCE_KN,"Namaskara, nimma manege baralu swalpa sahaya beku. Dayavittu heli: nimma mane yaava cross athava raste alli ide, hattirada landmark yavudu (gudi, shaale, bus stop), mattu nimma gate yaava banna?"
AD000303,DIRECT_VISIT,37.0,"visits disagree (n=3), largest cluster kept; R90 37 m",FIELD_FORCE,,
AD000304,VISIT_WITH_HINT,274.0,text only (landmark); R90 274 m,FIELD_FORCE,,
AD000305,VERIFY_FIRST,569.0,text only (locality); too uncertain to visit blind; R90 569 m,TELE_DIALER,ADDR_VERIFY_LOW_CONFIDENCE_KN,"Namaskara, nimma manege baralu swalpa sahaya beku. Dayavittu heli: nimma mane yaava cross athava raste alli ide, hattirada landmark yavudu (gudi, shaale, bus stop), mattu nimma gate yaava banna?"
AD000306,VISIT_WITH_HINT,227.0,text only (neighbours); R90 227 m,FIELD_FORCE,,
AD000307,DIRECT_VISIT,65.0,1 good visit; R90 65 m,FIELD_FORCE,,
AD000308,VISIT_WITH_HINT,175.0,text only (neighbours); R90 175 m,FIELD_FORCE,,
AD000309,VISIT_WITH_HINT,117.0,"visits disagree (n=4), largest cluster kept; R90 117 m",FIELD_FORCE,,
AD000310,VISIT_WITH_HINT,396.0,text only (landmark); R90 396 m,FIELD_FORCE,,
AD000311,VERIFY_FIRST,569.0,text only (locality); too uncertain to visit blind; R90 569 m,TELE_DIALER,ADDR_VERIFY_LOW_CONFIDENCE_HI,"Namaste, aapke ghar tak pahunchne ke liye thodi madad chahiye. Kripya bataiye: aapka ghar kaun si cross ya gali mein hai, sabse paas ka landmark kya hai (mandir, school, bus stop), aur aapke gate ka rang kya hai?"
AD000312,VISIT_WITH_HINT,329.0,text only (landmark); R90 329 m,FIELD_FORCE,,
AD000313,VISIT_WITH_HINT,175.0,text only (neighbours); R90 175 m,FIELD_FORCE,,
AD000314,DIRECT_VISIT,25.0,3 agreeing visits; R90 25 m,FIELD_FORCE,,
AD000315,VISIT_WITH_HINT,255.0,text only (baseline street); R90 255 m,FIELD_FORCE,,
AD000316,DIRECT_VISIT,19.0,"visits disagree (n=5), largest cluster kept; R90 19 m",FIELD_FORCE,,
AD000317,VISIT_WITH_HINT,396.0,text only (landmark); R90 396 m,FIELD_FORCE,,
AD000318,VISIT_WITH_HINT,140.0,text only (neighbours); R90 140 m,FIELD_FORCE,,
AD000319,VERIFY_FIRST,837.0,text only (locality); too uncertain to visit blind; R90 837 m,TELE_DIALER,ADDR_VERIFY_LOW_CONFIDENCE_EN,"Hello, we need a little help to reach your home. Please tell us which cross or street your house is on, the nearest landmark (temple, school, bus stop), and the colour of your gate."
AD000320,DIRECT_VISIT,55.0,1 good visit; R90 55 m,FIELD_FORCE,,
AD000321,VISIT_WITH_HINT,329.0,text only (landmark); R90 329 m,FIELD_FORCE,,
AD000322,VISIT_WITH_HINT,175.0,"visits disagree (n=1), largest cluster kept; R90 175 m",FIELD_FORCE,,
AD000323,DIRECT_VISIT,91.0,5 agreeing visits; R90 91 m,FIELD_FORCE,,
AD000324,DIRECT_VISIT,20.0,8 agreeing visits; R90 20 m,FIELD_FORCE,,
AD000325,VISIT_WITH_HINT,304.0,text only (neighbours); R90 304 m,FIELD_FORCE,,
AD000326,VISIT_WITH_HINT,396.0,text only (landmark); R90 396 m,FIELD_FORCE,,
AD000327,VISIT_WITH_HINT,329.0,text only (landmark); R90 329 m,FIELD_FORCE,,
AD000328,DIRECT_VISIT,17.0,5 agreeing visits; R90 17 m,FIELD_FORCE,,
AD000329,CANNOT_GEOCODE,,outside service area,TELE_DIALER,ADDR_VERIFY_OUT_OF_AREA_EN,"Hello, we need a little help to reach your home. Please tell us which cross or street your house is on, the nearest landmark (temple, school, bus stop), and the colour of your gate."
AD000330,DIRECT_VISIT,44.0,1 good visit; R90 44 m,FIELD_FORCE,,
AD000331,VISIT_WITH_HINT,403.0,text only (locality); R90 403 m,FIELD_FORCE,,
AD000332,VISIT_WITH_HINT,279.0,text only (landmark); R90 279 m,FIELD_FORCE,,
AD000333,VISIT_WITH_HINT,285.0,text only (landmark); R90 285 m,FIELD_FORCE,,
AD000334,VISIT_WITH_HINT,329.0,text only (landmark); R90 329 m,FIELD_FORCE,,
AD000335,VISIT_WITH_HINT,329.0,text only (landmark); R90 329 m,FIELD_FORCE,,
AD000336,DIRECT_VISIT,24.0,3 agreeing visits; R90 24 m,FIELD_FORCE,,
AD000337,DIRECT_VISIT,42.0,3 agreeing visits; R90 42 m,FIELD_FORCE,,
AD000338,DIRECT_VISIT,24.0,3 agreeing visits; R90 24 m,FIELD_FORCE,,
AD000339,VISIT_WITH_HINT,358.0,text only (neighbours); R90 358 m,FIELD_FORCE,,
AD000340,VISIT_WITH_HINT,329.0,text only (landmark); R90 329 m,FIELD_FORCE,,
AD000341,VISIT_WITH_HINT,133.0,text only (neighbours); R90 133 m,FIELD_FORCE,,
AD000342,DIRECT_VISIT,39.0,2 agreeing visits; R90 39 m,FIELD_FORCE,,
AD000343,VISIT_WITH_HINT,437.0,text only (locality); R90 437 m,FIELD_FORCE,,
AD000344,VISIT_WITH_HINT,329.0,text only (landmark); R90 329 m,FIELD_FORCE,,
AD000345,VERIFY_FIRST,837.0,text only (locality); too uncertain to visit blind; R90 837 m,TELE_DIALER,ADDR_VERIFY_LOW_CONFIDENCE_KN,"Namaskara, nimma manege baralu swalpa sahaya beku. Dayavittu heli: nimma mane yaava cross athava raste alli ide, hattirada landmark yavudu (gudi, shaale, bus stop), mattu nimma gate yaava banna?"
AD000346,VISIT_WITH_HINT,215.0,text only (landmark); R90 215 m,FIELD_FORCE,,
AD000347,VISIT_WITH_HINT,396.0,text only (landmark); R90 396 m,FIELD_FORCE,,
AD000348,DIRECT_VISIT,46.0,2 agreeing visits; R90 46 m,FIELD_FORCE,,
AD000349,VISIT_WITH_HINT,403.0,text only (locality); R90 403 m,FIELD_FORCE,,
AD000350,VISIT_WITH_HINT,396.0,text only (landmark); R90 396 m,FIELD_FORCE,,
AD000351,VISIT_WITH_HINT,161.0,text only (neighbours); R90 161 m,FIELD_FORCE,,
AD000352,VISIT_WITH_HINT,437.0,text only (locality); R90 437 m,FIELD_FORCE,,
AD000353,VISIT_WITH_HINT,329.0,text only (landmark); R90 329 m,FIELD_FORCE,,
AD000354,DIRECT_VISIT,53.0,"visits disagree (n=2), largest cluster kept; R90 53 m",FIELD_FORCE,,
AD000355,DIRECT_VISIT,25.0,"visits disagree (n=6), largest cluster kept; R90 25 m",FIELD_FORCE,,
AD000356,VISIT_WITH_HINT,329.0,text only (landmark); R90 329 m,FIELD_FORCE,,
AD000357,VISIT_WITH_HINT,257.0,text only (landmark); R90 257 m,FIELD_FORCE,,
AD000358,VISIT_WITH_HINT,137.0,"visits disagree (n=2), largest cluster kept; R90 137 m",FIELD_FORCE,,
AD000359,DIRECT_VISIT,24.0,3 agreeing visits; R90 24 m,FIELD_FORCE,,
AD000360,DIRECT_VISIT,23.0,"visits disagree (n=5), largest cluster kept; R90 23 m",FIELD_FORCE,,
AD000361,VERIFY_FIRST,569.0,text only (locality); too uncertain to visit blind; R90 569 m,TELE_DIALER,ADDR_VERIFY_LOW_CONFIDENCE_HI,"Namaste, aapke ghar tak pahunchne ke liye thodi madad chahiye. Kripya bataiye: aapka ghar kaun si cross ya gali mein hai, sabse paas ka landmark kya hai (mandir, school, bus stop), aur aapke gate ka rang kya hai?"
AD000362,VERIFY_FIRST,569.0,text only (locality); too uncertain to visit blind; R90 569 m,TELE_DIALER,ADDR_VERIFY_LOW_CONFIDENCE_HI,"Namaste, aapke ghar tak pahunchne ke liye thodi madad chahiye. Kripya bataiye: aapka ghar kaun si cross ya gali mein hai, sabse paas ka landmark kya hai (mandir, school, bus stop), aur aapke gate ka rang kya hai?"
AD000363,DIRECT_VISIT,20.0,4 agreeing visits; R90 20 m,FIELD_FORCE,,
AD000364,DIRECT_VISIT,38.0,1 good visit; R90 38 m,FIELD_FORCE,,
AD000365,DIRECT_VISIT,49.0,2 agreeing visits; R90 49 m,FIELD_FORCE,,
AD000366,VISIT_WITH_HINT,215.0,text only (landmark); R90 215 m,FIELD_FORCE,,
AD000367,VISIT_WITH_HINT,194.0,text only (neighbours); R90 194 m,FIELD_FORCE,,
AD000368,VISIT_WITH_HINT,231.0,text only (neighbours); R90 231 m,FIELD_FORCE,,
AD000369,DIRECT_VISIT,19.0,"visits disagree (n=6), largest cluster kept; R90 19 m",FIELD_FORCE,,
AD000370,VISIT_WITH_HINT,140.0,text only (neighbours); R90 140 m,FIELD_FORCE,,
AD000371,VISIT_WITH_HINT,133.0,text only (neighbours); R90 133 m,FIELD_FORCE,,
AD000372,VERIFY_FIRST,569.0,text only (locality); too uncertain to visit blind; R90 569 m,TELE_DIALER,ADDR_VERIFY_LOW_CONFIDENCE_KN,"Namaskara, nimma manege baralu swalpa sahaya beku. Dayavittu heli: nimma mane yaava cross athava raste alli ide, hattirada landmark yavudu (gudi, shaale, bus stop), mattu nimma gate yaava banna?"
AD000373,CANNOT_GEOCODE,,outside service area,TELE_DIALER,ADDR_VERIFY_OUT_OF_AREA_KN,"Namaskara, nimma manege baralu swalpa sahaya beku. Dayavittu heli: nimma mane yaava cross athava raste alli ide, hattirada landmark yavudu (gudi, shaale, bus stop), mattu nimma gate yaava banna?"
AD000374,VISIT_WITH_HINT,161.0,text only (neighbours); R90 161 m,FIELD_FORCE,,
AD000375,VISIT_WITH_HINT,126.0,text only (landmark); R90 126 m,FIELD_FORCE,,
AD000376,VERIFY_FIRST,3348.0,text only (pincode area); too uncertain to visit blind; R90 3348 m,TELE_DIALER,ADDR_VERIFY_LOW_CONFIDENCE_HI,"Namaste, aapke ghar tak pahunchne ke liye thodi madad chahiye. Kripya bataiye: aapka ghar kaun si cross ya gali mein hai, sabse paas ka landmark kya hai (mandir, school, bus stop), aur aapke gate ka rang kya hai?"
AD000377,VERIFY_FIRST,569.0,text only (locality); too uncertain to visit blind; R90 569 m,TELE_DIALER,ADDR_VERIFY_LOW_CONFIDENCE_HI,"Namaste, aapke ghar tak pahunchne ke liye thodi madad chahiye. Kripya bataiye: aapka ghar kaun si cross ya gali mein hai, sabse paas ka landmark kya hai (mandir, school, bus stop), aur aapke gate ka rang kya hai?"
AD000378,VISIT_WITH_HINT,120.0,text only (neighbours); R90 120 m,FIELD_FORCE,,
AD000379,DIRECT_VISIT,25.0,"visits disagree (n=3), largest cluster kept; R90 25 m",FIELD_FORCE,,
AD000380,VISIT_WITH_HINT,231.0,text only (neighbours); R90 231 m,FIELD_FORCE,,
AD000381,VISIT_WITH_HINT,372.0,text only (neighbours); R90 372 m,FIELD_FORCE,,
AD000382,VISIT_WITH_HINT,403.0,text only (locality); R90 403 m,FIELD_FORCE,,
AD000383,VISIT_WITH_HINT,255.0,text only (baseline street); R90 255 m,FIELD_FORCE,,
AD000384,VISIT_WITH_HINT,329.0,text only (landmark); R90 329 m,FIELD_FORCE,,
AD000385,DIRECT_VISIT,43.0,2 agreeing visits; R90 43 m,FIELD_FORCE,,
AD000386,DIRECT_VISIT,44.0,2 agreeing visits; R90 44 m,FIELD_FORCE,,
AD000387,VISIT_WITH_HINT,125.0,"visits disagree (n=3), largest cluster kept; R90 125 m",FIELD_FORCE,,
AD000388,VISIT_WITH_HINT,149.0,text only (neighbours); R90 149 m,FIELD_FORCE,,
AD000389,DIRECT_VISIT,41.0,3 agreeing visits; R90 41 m,FIELD_FORCE,,
AD000390,VISIT_WITH_HINT,329.0,text only (landmark); R90 329 m,FIELD_FORCE,,
AD000391,VISIT_WITH_HINT,140.0,text only (neighbours); R90 140 m,FIELD_FORCE,,
AD000392,VISIT_WITH_HINT,396.0,text only (landmark); R90 396 m,FIELD_FORCE,,
AD000393,VERIFY_FIRST,2278.0,text only (pincode area); too uncertain to visit blind; R90 2278 m,TELE_DIALER,ADDR_VERIFY_LOW_CONFIDENCE_KN,"Namaskara, nimma manege baralu swalpa sahaya beku. Dayavittu heli: nimma mane yaava cross athava raste alli ide, hattirada landmark yavudu (gudi, shaale, bus stop), mattu nimma gate yaava banna?"
AD000394,VISIT_WITH_HINT,329.0,text only (landmark); R90 329 m,FIELD_FORCE,,
AD000395,VISIT_WITH_HINT,275.0,text only (neighbours); R90 275 m,FIELD_FORCE,,
AD000396,VISIT_WITH_HINT,234.0,text only (landmark); R90 234 m,FIELD_FORCE,,
AD000397,DIRECT_VISIT,25.0,5 agreeing visits; R90 25 m,FIELD_FORCE,,
AD000398,DIRECT_VISIT,32.0,1 good visit; R90 32 m,FIELD_FORCE,,
AD000399,VISIT_WITH_HINT,175.0,text only (neighbours); R90 175 m,FIELD_FORCE,,
AD000400,DIRECT_VISIT,31.0,1 good visit; R90 31 m,FIELD_FORCE,,
AD000401,VISIT_WITH_HINT,411.0,text only (neighbours); R90 411 m,FIELD_FORCE,,
AD000402,VISIT_WITH_HINT,149.0,text only (neighbours); R90 149 m,FIELD_FORCE,,
AD000403,VISIT_WITH_HINT,329.0,text only (landmark); R90 329 m,FIELD_FORCE,,
AD000404,DIRECT_VISIT,37.0,2 agreeing visits; R90 37 m,FIELD_FORCE,,
AD000405,VISIT_WITH_HINT,329.0,text only (landmark); R90 329 m,FIELD_FORCE,,
AD000406,VISIT_WITH_HINT,329.0,text only (landmark); R90 329 m,FIELD_FORCE,,
AD000407,DIRECT_VISIT,51.0,1 good visit; R90 51 m,FIELD_FORCE,,
AD000408,VISIT_WITH_HINT,276.0,text only (landmark); R90 276 m,FIELD_FORCE,,
AD000409,VISIT_WITH_HINT,329.0,text only (landmark); R90 329 m,FIELD_FORCE,,
AD000410,VISIT_WITH_HINT,396.0,text only (landmark); R90 396 m,FIELD_FORCE,,
AD000411,VERIFY_FIRST,1230.0,text only (locality); too uncertain to visit blind; R90 1230 m,TELE_DIALER,ADDR_VERIFY_LOW_CONFIDENCE_HI,"Namaste, aapke ghar tak pahunchne ke liye thodi madad chahiye. Kripya bataiye: aapka ghar kaun si cross ya gali mein hai, sabse paas ka landmark kya hai (mandir, school, bus stop), aur aapke gate ka rang kya hai?"
AD000412,DIRECT_VISIT,36.0,"visits disagree (n=3), largest cluster kept; R90 36 m",FIELD_FORCE,,
AD000413,CANNOT_GEOCODE,,outside service area,TELE_DIALER,ADDR_VERIFY_OUT_OF_AREA_HI,"Namaste, aapke ghar tak pahunchne ke liye thodi madad chahiye. Kripya bataiye: aapka ghar kaun si cross ya gali mein hai, sabse paas ka landmark kya hai (mandir, school, bus stop), aur aapke gate ka rang kya hai?"
AD000414,VISIT_WITH_HINT,175.0,text only (neighbours); R90 175 m,FIELD_FORCE,,
AD000415,CANNOT_GEOCODE,,outside service area,TELE_DIALER,ADDR_VERIFY_OUT_OF_AREA_EN,"Hello, we need a little help to reach your home. Please tell us which cross or street your house is on, the nearest landmark (temple, school, bus stop), and the colour of your gate."
AD000416,VISIT_WITH_HINT,255.0,text only (baseline street); R90 255 m,FIELD_FORCE,,
AD000417,VISIT_WITH_HINT,149.0,text only (neighbours); R90 149 m,FIELD_FORCE,,
AD000418,VISIT_WITH_HINT,329.0,text only (landmark); R90 329 m,FIELD_FORCE,,
AD000419,DIRECT_VISIT,44.0,2 agreeing visits; R90 44 m,FIELD_FORCE,,
AD000420,DIRECT_VISIT,56.0,4 agreeing visits; R90 56 m,FIELD_FORCE,,
AD000421,VISIT_WITH_HINT,194.0,text only (neighbours); R90 194 m,FIELD_FORCE,,
AD000422,VISIT_WITH_HINT,191.0,text only (landmark); R90 191 m,FIELD_FORCE,,
AD000423,VISIT_WITH_HINT,329.0,text only (landmark); R90 329 m,FIELD_FORCE,,
AD000424,DIRECT_VISIT,26.0,"visits disagree (n=8), largest cluster kept; R90 26 m",FIELD_FORCE,,
AD000425,CANNOT_GEOCODE,,outside service area,TELE_DIALER,ADDR_VERIFY_OUT_OF_AREA_HI,"Namaste, aapke ghar tak pahunchne ke liye thodi madad chahiye. Kripya bataiye: aapka ghar kaun si cross ya gali mein hai, sabse paas ka landmark kya hai (mandir, school, bus stop), aur aapke gate ka rang kya hai?"
AD000426,DIRECT_VISIT,50.0,2 agreeing visits; R90 50 m,FIELD_FORCE,,
AD000427,DIRECT_VISIT,65.0,1 good visit; R90 65 m,FIELD_FORCE,,
AD000428,DIRECT_VISIT,38.0,3 agreeing visits; R90 38 m,FIELD_FORCE,,
AD000429,VISIT_WITH_HINT,329.0,text only (landmark); R90 329 m,FIELD_FORCE,,
AD000430,VISIT_WITH_HINT,166.0,"visits disagree (n=2), largest cluster kept; R90 166 m",FIELD_FORCE,,
AD000431,CANNOT_GEOCODE,,outside service area,TELE_DIALER,ADDR_VERIFY_OUT_OF_AREA_HI,"Namaste, aapke ghar tak pahunchne ke liye thodi madad chahiye. Kripya bataiye: aapka ghar kaun si cross ya gali mein hai, sabse paas ka landmark kya hai (mandir, school, bus stop), aur aapke gate ka rang kya hai?"
AD000432,VISIT_WITH_HINT,372.0,text only (neighbours); R90 372 m,FIELD_FORCE,,
AD000433,DIRECT_VISIT,56.0,"visits disagree (n=1), largest cluster kept; R90 56 m",FIELD_FORCE,,
AD000434,VISIT_WITH_HINT,243.0,text only (landmark); R90 243 m,FIELD_FORCE,,
AD000435,VISIT_WITH_HINT,329.0,text only (landmark); R90 329 m,FIELD_FORCE,,
AD000436,VERIFY_FIRST,2278.0,text only (pincode area); too uncertain to visit blind; R90 2278 m,TELE_DIALER,ADDR_VERIFY_LOW_CONFIDENCE_HI,"Namaste, aapke ghar tak pahunchne ke liye thodi madad chahiye. Kripya bataiye: aapka ghar kaun si cross ya gali mein hai, sabse paas ka landmark kya hai (mandir, school, bus stop), aur aapke gate ka rang kya hai?"
AD000437,VISIT_WITH_HINT,215.0,text only (landmark); R90 215 m,FIELD_FORCE,,
AD000438,VERIFY_FIRST,569.0,text only (neighbours); too uncertain to visit blind; R90 569 m,TELE_DIALER,ADDR_VERIFY_NOT_TRACEABLE_HI,"Namaste, aapke ghar tak pahunchne ke liye thodi madad chahiye. Kripya bataiye: aapka ghar kaun si cross ya gali mein hai, sabse paas ka landmark kya hai (mandir, school, bus stop), aur aapke gate ka rang kya hai?"
AD000439,VISIT_WITH_HINT,279.0,text only (landmark); R90 279 m,FIELD_FORCE,,
AD000440,VERIFY_FIRST,569.0,text only (locality); too uncertain to visit blind; R90 569 m,TELE_DIALER,ADDR_VERIFY_LOW_CONFIDENCE_KN,"Namaskara, nimma manege baralu swalpa sahaya beku. Dayavittu heli: nimma mane yaava cross athava raste alli ide, hattirada landmark yavudu (gudi, shaale, bus stop), mattu nimma gate yaava banna?"
AD000441,DIRECT_VISIT,37.0,1 good visit; R90 37 m,FIELD_FORCE,,
AD000442,VERIFY_FIRST,569.0,text only (locality); too uncertain to visit blind; R90 569 m,TELE_DIALER,ADDR_VERIFY_LOW_CONFIDENCE_EN,"Hello, we need a little help to reach your home. Please tell us which cross or street your house is on, the nearest landmark (temple, school, bus stop), and the colour of your gate."
AD000443,DIRECT_VISIT,40.0,3 agreeing visits; R90 40 m,FIELD_FORCE,,
AD000444,DIRECT_VISIT,34.0,1 good visit; R90 34 m,FIELD_FORCE,,
AD000445,VISIT_WITH_HINT,255.0,text only (baseline street); R90 255 m,FIELD_FORCE,,
AD000446,DIRECT_VISIT,46.0,1 good visit; R90 46 m,FIELD_FORCE,,
AD000447,VISIT_WITH_HINT,133.0,text only (neighbours); R90 133 m,FIELD_FORCE,,
AD000448,VISIT_WITH_HINT,237.0,text only (landmark); R90 237 m,FIELD_FORCE,,
AD000449,DIRECT_VISIT,67.0,1 good visit; R90 67 m,FIELD_FORCE,,
AD000450,VERIFY_FIRST,556.0,text only (neighbours); too uncertain to visit blind; R90 556 m,TELE_DIALER,ADDR_VERIFY_LOW_CONFIDENCE_EN,"Hello, we need a little help to reach your home. Please tell us which cross or street your house is on, the nearest landmark (temple, school, bus stop), and the colour of your gate."
AD000451,DIRECT_VISIT,26.0,5 agreeing visits; R90 26 m,FIELD_FORCE,,
AD000452,VISIT_WITH_HINT,226.0,text only (neighbours); R90 226 m,FIELD_FORCE,,
AD000453,VISIT_WITH_HINT,175.0,text only (neighbours); R90 175 m,FIELD_FORCE,,
AD000454,CANNOT_GEOCODE,,outside service area,TELE_DIALER,ADDR_VERIFY_OUT_OF_AREA_KN,"Namaskara, nimma manege baralu swalpa sahaya beku. Dayavittu heli: nimma mane yaava cross athava raste alli ide, hattirada landmark yavudu (gudi, shaale, bus stop), mattu nimma gate yaava banna?"
AD000455,VISIT_WITH_HINT,329.0,text only (landmark); R90 329 m,FIELD_FORCE,,
AD000456,DIRECT_VISIT,35.0,1 good visit; R90 35 m,FIELD_FORCE,,
AD000457,VISIT_WITH_HINT,175.0,text only (neighbours); R90 175 m,FIELD_FORCE,,
AD000458,VISIT_WITH_HINT,194.0,text only (neighbours); R90 194 m,FIELD_FORCE,,
AD000459,VISIT_WITH_HINT,285.0,text only (landmark); R90 285 m,FIELD_FORCE,,
AD000460,DIRECT_VISIT,20.0,6 agreeing visits; R90 20 m,FIELD_FORCE,,
AD000461,VISIT_WITH_HINT,279.0,text only (landmark); R90 279 m,FIELD_FORCE,,
AD000462,VISIT_WITH_HINT,329.0,text only (landmark); R90 329 m,FIELD_FORCE,,
AD000463,CANNOT_GEOCODE,,outside service area,TELE_DIALER,ADDR_VERIFY_OUT_OF_AREA_KN,"Namaskara, nimma manege baralu swalpa sahaya beku. Dayavittu heli: nimma mane yaava cross athava raste alli ide, hattirada landmark yavudu (gudi, shaale, bus stop), mattu nimma gate yaava banna?"
AD000464,VISIT_WITH_HINT,286.0,text only (neighbours); R90 286 m,FIELD_FORCE,,
AD000465,DIRECT_VISIT,34.0,2 agreeing visits; R90 34 m,FIELD_FORCE,,
AD000466,VERIFY_FIRST,569.0,text only (locality); too uncertain to visit blind; R90 569 m,TELE_DIALER,ADDR_VERIFY_LOW_CONFIDENCE_KN,"Namaskara, nimma manege baralu swalpa sahaya beku. Dayavittu heli: nimma mane yaava cross athava raste alli ide, hattirada landmark yavudu (gudi, shaale, bus stop), mattu nimma gate yaava banna?"
AD000467,DIRECT_VISIT,41.0,1 good visit; R90 41 m,FIELD_FORCE,,
AD000468,VISIT_WITH_HINT,237.0,text only (landmark); R90 237 m,FIELD_FORCE,,
AD000469,DIRECT_VISIT,43.0,1 good visit; R90 43 m,FIELD_FORCE,,
AD000470,CANNOT_GEOCODE,,outside service area,TELE_DIALER,ADDR_VERIFY_OUT_OF_AREA_KN,"Namaskara, nimma manege baralu swalpa sahaya beku. Dayavittu heli: nimma mane yaava cross athava raste alli ide, hattirada landmark yavudu (gudi, shaale, bus stop), mattu nimma gate yaava banna?"
AD000471,DIRECT_VISIT,47.0,1 good visit; R90 47 m,FIELD_FORCE,,
AD000472,DIRECT_VISIT,33.0,"visits disagree (n=4), largest cluster kept; R90 33 m",FIELD_FORCE,,
AD000473,DIRECT_VISIT,25.0,2 agreeing visits; R90 25 m,FIELD_FORCE,,
AD000474,CANNOT_GEOCODE,,outside service area,TELE_DIALER,ADDR_VERIFY_OUT_OF_AREA_HI,"Namaste, aapke ghar tak pahunchne ke liye thodi madad chahiye. Kripya bataiye: aapka ghar kaun si cross ya gali mein hai, sabse paas ka landmark kya hai (mandir, school, bus stop), aur aapke gate ka rang kya hai?"
AD000475,DIRECT_VISIT,23.0,"visits disagree (n=5), largest cluster kept; R90 23 m",FIELD_FORCE,,
AD000476,CANNOT_GEOCODE,,outside service area,TELE_DIALER,ADDR_VERIFY_OUT_OF_AREA_KN,"Namaskara, nimma manege baralu swalpa sahaya beku. Dayavittu heli: nimma mane yaava cross athava raste alli ide, hattirada landmark yavudu (gudi, shaale, bus stop), mattu nimma gate yaava banna?"
AD000477,DIRECT_VISIT,31.0,2 agreeing visits; R90 31 m,FIELD_FORCE,,
AD000478,VISIT_WITH_HINT,140.0,text only (neighbours); R90 140 m,FIELD_FORCE,,
AD000479,VISIT_WITH_HINT,276.0,text only (landmark); R90 276 m,FIELD_FORCE,,
AD000480,VERIFY_FIRST,569.0,text only (locality); too uncertain to visit blind; R90 569 m,TELE_DIALER,ADDR_VERIFY_LOW_CONFIDENCE_HI,"Namaste, aapke ghar tak pahunchne ke liye thodi madad chahiye. Kripya bataiye: aapka ghar kaun si cross ya gali mein hai, sabse paas ka landmark kya hai (mandir, school, bus stop), aur aapke gate ka rang kya hai?"
AD000481,VERIFY_FIRST,569.0,text only (locality); too uncertain to visit blind; R90 569 m,TELE_DIALER,ADDR_VERIFY_LOW_CONFIDENCE_HI,"Namaste, aapke ghar tak pahunchne ke liye thodi madad chahiye. Kripya bataiye: aapka ghar kaun si cross ya gali mein hai, sabse paas ka landmark kya hai (mandir, school, bus stop), aur aapke gate ka rang kya hai?"
AD000482,VISIT_WITH_HINT,243.0,text only (landmark); R90 243 m,FIELD_FORCE,,
AD000483,VERIFY_FIRST,569.0,text only (locality); too uncertain to visit blind; R90 569 m,TELE_DIALER,ADDR_VERIFY_LOW_CONFIDENCE_KN,"Namaskara, nimma manege baralu swalpa sahaya beku. Dayavittu heli: nimma mane yaava cross athava raste alli ide, hattirada landmark yavudu (gudi, shaale, bus stop), mattu nimma gate yaava banna?"
AD000484,DIRECT_VISIT,33.0,3 agreeing visits; R90 33 m,FIELD_FORCE,,
AD000485,VISIT_WITH_HINT,201.0,text only (landmark); R90 201 m,FIELD_FORCE,,
AD000486,VISIT_WITH_HINT,129.0,text only (baseline rooftop); R90 129 m,FIELD_FORCE,,
AD000487,VISIT_WITH_HINT,396.0,text only (landmark); R90 396 m,FIELD_FORCE,,
AD000488,DIRECT_VISIT,11.0,6 agreeing visits; R90 11 m,FIELD_FORCE,,
AD000489,DIRECT_VISIT,76.0,1 good visit; R90 76 m,FIELD_FORCE,,
AD000490,CANNOT_GEOCODE,,outside service area,TELE_DIALER,ADDR_VERIFY_OUT_OF_AREA_HI,"Namaste, aapke ghar tak pahunchne ke liye thodi madad chahiye. Kripya bataiye: aapka ghar kaun si cross ya gali mein hai, sabse paas ka landmark kya hai (mandir, school, bus stop), aur aapke gate ka rang kya hai?"
AD000491,VISIT_WITH_HINT,205.0,text only (landmark); R90 205 m,FIELD_FORCE,,
AD000492,VERIFY_FIRST,569.0,text only (locality); too uncertain to visit blind; R90 569 m,TELE_DIALER,ADDR_VERIFY_LOW_CONFIDENCE_EN,"Hello, we need a little help to reach your home. Please tell us which cross or street your house is on, the nearest landmark (temple, school, bus stop), and the colour of your gate."
AD000493,VERIFY_FIRST,569.0,text only (locality); too uncertain to visit blind; R90 569 m,TELE_DIALER,ADDR_VERIFY_LOW_CONFIDENCE_KN,"Namaskara, nimma manege baralu swalpa sahaya beku. Dayavittu heli: nimma mane yaava cross athava raste alli ide, hattirada landmark yavudu (gudi, shaale, bus stop), mattu nimma gate yaava banna?"
AD000494,CANNOT_GEOCODE,,outside service area,TELE_DIALER,ADDR_VERIFY_OUT_OF_AREA_KN,"Namaskara, nimma manege baralu swalpa sahaya beku. Dayavittu heli: nimma mane yaava cross athava raste alli ide, hattirada landmark yavudu (gudi, shaale, bus stop), mattu nimma gate yaava banna?"
AD000495,DIRECT_VISIT,41.0,2 agreeing visits; R90 41 m,FIELD_FORCE,,
AD000496,CANNOT_GEOCODE,,outside service area,TELE_DIALER,ADDR_VERIFY_OUT_OF_AREA_HI,"Namaste, aapke ghar tak pahunchne ke liye thodi madad chahiye. Kripya bataiye: aapka ghar kaun si cross ya gali mein hai, sabse paas ka landmark kya hai (mandir, school, bus stop), aur aapke gate ka rang kya hai?"
AD000497,DIRECT_VISIT,57.0,"visits disagree (n=1), largest cluster kept; R90 57 m",FIELD_FORCE,,
AD000498,DIRECT_VISIT,35.0,1 good visit; R90 35 m,FIELD_FORCE,,
AD000499,VISIT_WITH_HINT,396.0,text only (landmark); R90 396 m,FIELD_FORCE,,
AD000500,VISIT_WITH_HINT,149.0,text only (neighbours); R90 149 m,FIELD_FORCE,,
AD000501,VISIT_WITH_HINT,329.0,text only (landmark); R90 329 m,FIELD_FORCE,,
AD000502,VISIT_WITH_HINT,224.0,text only (baseline street); R90 224 m,FIELD_FORCE,,
AD000503,VISIT_WITH_HINT,403.0,text only (locality); R90 403 m,FIELD_FORCE,,
AD000504,DIRECT_VISIT,33.0,"visits disagree (n=2), largest cluster kept; R90 33 m",FIELD_FORCE,,
AD000505,VISIT_WITH_HINT,396.0,text only (landmark); R90 396 m,FIELD_FORCE,,
AD000506,VISIT_WITH_HINT,232.0,text only (baseline street); R90 232 m,FIELD_FORCE,,
AD000507,VISIT_WITH_HINT,239.0,text only (baseline street); R90 239 m,FIELD_FORCE,,
AD000508,DIRECT_VISIT,33.0,1 good visit; R90 33 m,FIELD_FORCE,,
AD000509,VISIT_WITH_HINT,196.0,text only (landmark); R90 196 m,FIELD_FORCE,,
AD000510,VISIT_WITH_HINT,175.0,text only (neighbours); R90 175 m,FIELD_FORCE,,
AD000511,VISIT_WITH_HINT,175.0,text only (neighbours); R90 175 m,FIELD_FORCE,,
AD000512,VISIT_WITH_HINT,194.0,text only (neighbours); R90 194 m,FIELD_FORCE,,
AD000513,DIRECT_VISIT,62.0,1 good visit; R90 62 m,FIELD_FORCE,,
AD000514,CANNOT_GEOCODE,,outside service area,TELE_DIALER,ADDR_VERIFY_OUT_OF_AREA_KN,"Namaskara, nimma manege baralu swalpa sahaya beku. Dayavittu heli: nimma mane yaava cross athava raste alli ide, hattirada landmark yavudu (gudi, shaale, bus stop), mattu nimma gate yaava banna?"
AD000515,VISIT_WITH_HINT,365.0,text only (neighbours); R90 365 m,FIELD_FORCE,,
AD000516,CANNOT_GEOCODE,,outside service area,TELE_DIALER,ADDR_VERIFY_OUT_OF_AREA_HI,"Namaste, aapke ghar tak pahunchne ke liye thodi madad chahiye. Kripya bataiye: aapka ghar kaun si cross ya gali mein hai, sabse paas ka landmark kya hai (mandir, school, bus stop), aur aapke gate ka rang kya hai?"
AD000517,DIRECT_VISIT,33.0,3 agreeing visits; R90 33 m,FIELD_FORCE,,
AD000518,VISIT_WITH_HINT,329.0,text only (landmark); R90 329 m,FIELD_FORCE,,
AD000519,VISIT_WITH_HINT,111.0,text only (baseline rooftop); R90 111 m,FIELD_FORCE,,
AD000520,CANNOT_GEOCODE,,outside service area,TELE_DIALER,ADDR_VERIFY_OUT_OF_AREA_HI,"Namaste, aapke ghar tak pahunchne ke liye thodi madad chahiye. Kripya bataiye: aapka ghar kaun si cross ya gali mein hai, sabse paas ka landmark kya hai (mandir, school, bus stop), aur aapke gate ka rang kya hai?"
AD000521,DIRECT_VISIT,29.0,1 good visit; R90 29 m,FIELD_FORCE,,
AD000522,VISIT_WITH_HINT,296.0,text only (landmark); R90 296 m,FIELD_FORCE,,
AD000523,VISIT_WITH_HINT,329.0,text only (landmark); R90 329 m,FIELD_FORCE,,
AD000524,DIRECT_VISIT,14.0,8 agreeing visits; R90 14 m,FIELD_FORCE,,
AD000525,VISIT_WITH_HINT,230.0,text only (neighbours); R90 230 m,FIELD_FORCE,,
AD000526,DIRECT_VISIT,32.0,4 agreeing visits; R90 32 m,FIELD_FORCE,,
AD000527,VERIFY_FIRST,569.0,text only (locality); too uncertain to visit blind; R90 569 m,TELE_DIALER,ADDR_VERIFY_LOW_CONFIDENCE_HI,"Namaste, aapke ghar tak pahunchne ke liye thodi madad chahiye. Kripya bataiye: aapka ghar kaun si cross ya gali mein hai, sabse paas ka landmark kya hai (mandir, school, bus stop), aur aapke gate ka rang kya hai?"
AD000528,VISIT_WITH_HINT,161.0,text only (neighbours); R90 161 m,FIELD_FORCE,,
AD000529,DIRECT_VISIT,18.0,5 agreeing visits; R90 18 m,FIELD_FORCE,,
AD000530,DIRECT_VISIT,41.0,3 agreeing visits; R90 41 m,FIELD_FORCE,,
AD000531,DIRECT_VISIT,41.0,3 agreeing visits; R90 41 m,FIELD_FORCE,,
AD000532,DIRECT_VISIT,26.0,3 agreeing visits; R90 26 m,FIELD_FORCE,,
AD000533,DIRECT_VISIT,65.0,1 good visit; R90 65 m,FIELD_FORCE,,
AD000534,DIRECT_VISIT,38.0,3 agreeing visits; R90 38 m,FIELD_FORCE,,
AD000535,DIRECT_VISIT,40.0,2 agreeing visits; R90 40 m,FIELD_FORCE,,
AD000536,VISIT_WITH_HINT,215.0,text only (landmark); R90 215 m,FIELD_FORCE,,
AD000537,VISIT_WITH_HINT,396.0,text only (landmark); R90 396 m,FIELD_FORCE,,
AD000538,DIRECT_VISIT,23.0,4 agreeing visits; R90 23 m,FIELD_FORCE,,
AD000539,DIRECT_VISIT,20.0,"visits disagree (n=1), largest cluster kept; R90 20 m",FIELD_FORCE,,
AD000540,VISIT_WITH_HINT,215.0,text only (landmark); R90 215 m,FIELD_FORCE,,
AD000541,DIRECT_VISIT,22.0,7 agreeing visits; R90 22 m,FIELD_FORCE,,
AD000542,VISIT_WITH_HINT,396.0,text only (landmark); R90 396 m,FIELD_FORCE,,
AD000543,VISIT_WITH_HINT,133.0,text only (neighbours); R90 133 m,FIELD_FORCE,,
AD000544,VISIT_WITH_HINT,215.0,text only (landmark); R90 215 m,FIELD_FORCE,,
AD000545,VERIFY_FIRST,569.0,text only (locality); too uncertain to visit blind; R90 569 m,TELE_DIALER,ADDR_VERIFY_LOW_CONFIDENCE_KN,"Namaskara, nimma manege baralu swalpa sahaya beku. Dayavittu heli: nimma mane yaava cross athava raste alli ide, hattirada landmark yavudu (gudi, shaale, bus stop), mattu nimma gate yaava banna?"
AD000546,CANNOT_GEOCODE,,outside service area,TELE_DIALER,ADDR_VERIFY_OUT_OF_AREA_KN,"Namaskara, nimma manege baralu swalpa sahaya beku. Dayavittu heli: nimma mane yaava cross athava raste alli ide, hattirada landmark yavudu (gudi, shaale, bus stop), mattu nimma gate yaava banna?"
AD000547,VISIT_WITH_HINT,133.0,text only (neighbours); R90 133 m,FIELD_FORCE,,
AD000548,VISIT_WITH_HINT,201.0,text only (landmark); R90 201 m,FIELD_FORCE,,
AD000549,VISIT_WITH_HINT,285.0,text only (landmark); R90 285 m,FIELD_FORCE,,
AD000550,DIRECT_VISIT,33.0,1 good visit; R90 33 m,FIELD_FORCE,,
AD000551,VISIT_WITH_HINT,120.0,text only (neighbours); R90 120 m,FIELD_FORCE,,
AD000552,VISIT_WITH_HINT,205.0,text only (landmark); R90 205 m,FIELD_FORCE,,
AD000553,DIRECT_VISIT,61.0,1 good visit; R90 61 m,FIELD_FORCE,,
AD000554,VISIT_WITH_HINT,175.0,text only (neighbours); R90 175 m,FIELD_FORCE,,
AD000555,VISIT_WITH_HINT,175.0,text only (neighbours); R90 175 m,FIELD_FORCE,,
AD000556,DIRECT_VISIT,41.0,1 good visit; R90 41 m,FIELD_FORCE,,
AD000557,DIRECT_VISIT,43.0,1 good visit; R90 43 m,FIELD_FORCE,,
AD000558,VISIT_WITH_HINT,285.0,text only (landmark); R90 285 m,FIELD_FORCE,,
AD000559,CANNOT_GEOCODE,,outside service area,TELE_DIALER,ADDR_VERIFY_OUT_OF_AREA_HI,"Namaste, aapke ghar tak pahunchne ke liye thodi madad chahiye. Kripya bataiye: aapka ghar kaun si cross ya gali mein hai, sabse paas ka landmark kya hai (mandir, school, bus stop), aur aapke gate ka rang kya hai?"
AD000560,DIRECT_VISIT,21.0,5 agreeing visits; R90 21 m,FIELD_FORCE,,
AD000561,DIRECT_VISIT,35.0,1 good visit; R90 35 m,FIELD_FORCE,,
AD000562,DIRECT_VISIT,55.0,1 good visit; R90 55 m,FIELD_FORCE,,
AD000563,DIRECT_VISIT,32.0,1 good visit; R90 32 m,FIELD_FORCE,,
AD000564,CANNOT_GEOCODE,,outside service area,TELE_DIALER,ADDR_VERIFY_OUT_OF_AREA_KN,"Namaskara, nimma manege baralu swalpa sahaya beku. Dayavittu heli: nimma mane yaava cross athava raste alli ide, hattirada landmark yavudu (gudi, shaale, bus stop), mattu nimma gate yaava banna?"
AD000565,DIRECT_VISIT,44.0,1 good visit; R90 44 m,FIELD_FORCE,,
AD000566,VISIT_WITH_HINT,279.0,text only (landmark); R90 279 m,FIELD_FORCE,,
AD000567,VISIT_WITH_HINT,231.0,text only (neighbours); R90 231 m,FIELD_FORCE,,
AD000568,VISIT_WITH_HINT,215.0,text only (landmark); R90 215 m,FIELD_FORCE,,
AD000569,DIRECT_VISIT,22.0,6 agreeing visits; R90 22 m,FIELD_FORCE,,
AD000570,DIRECT_VISIT,52.0,"visits disagree (n=1), largest cluster kept; R90 52 m",FIELD_FORCE,,
AD000571,CANNOT_GEOCODE,,outside service area,TELE_DIALER,ADDR_VERIFY_OUT_OF_AREA_HI,"Namaste, aapke ghar tak pahunchne ke liye thodi madad chahiye. Kripya bataiye: aapka ghar kaun si cross ya gali mein hai, sabse paas ka landmark kya hai (mandir, school, bus stop), aur aapke gate ka rang kya hai?"
AD000572,VERIFY_FIRST,569.0,text only (locality); too uncertain to visit blind; R90 569 m,TELE_DIALER,ADDR_VERIFY_LOW_CONFIDENCE_EN,"Hello, we need a little help to reach your home. Please tell us which cross or street your house is on, the nearest landmark (temple, school, bus stop), and the colour of your gate."
AD000573,DIRECT_VISIT,26.0,2 agreeing visits; R90 26 m,FIELD_FORCE,,
AD000574,DIRECT_VISIT,42.0,1 good visit; R90 42 m,FIELD_FORCE,,
AD000575,DIRECT_VISIT,51.0,1 good visit; R90 51 m,FIELD_FORCE,,
AD000576,DIRECT_VISIT,31.0,5 agreeing visits; R90 31 m,FIELD_FORCE,,
AD000577,VISIT_WITH_HINT,175.0,text only (neighbours); R90 175 m,FIELD_FORCE,,
AD000578,VERIFY_FIRST,569.0,text only (locality); too uncertain to visit blind; R90 569 m,TELE_DIALER,ADDR_VERIFY_LOW_CONFIDENCE_KN,"Namaskara, nimma manege baralu swalpa sahaya beku. Dayavittu heli: nimma mane yaava cross athava raste alli ide, hattirada landmark yavudu (gudi, shaale, bus stop), mattu nimma gate yaava banna?"
AD000579,DIRECT_VISIT,12.0,4 agreeing visits; R90 12 m,FIELD_FORCE,,
AD000580,VISIT_WITH_HINT,396.0,text only (landmark); R90 396 m,FIELD_FORCE,,
AD000581,DIRECT_VISIT,60.0,1 good visit; R90 60 m,FIELD_FORCE,,
AD000582,CANNOT_GEOCODE,,outside service area,TELE_DIALER,ADDR_VERIFY_OUT_OF_AREA_HI,"Namaste, aapke ghar tak pahunchne ke liye thodi madad chahiye. Kripya bataiye: aapka ghar kaun si cross ya gali mein hai, sabse paas ka landmark kya hai (mandir, school, bus stop), aur aapke gate ka rang kya hai?"
AD000583,VISIT_WITH_HINT,175.0,text only (neighbours); R90 175 m,FIELD_FORCE,,
AD000584,VISIT_WITH_HINT,329.0,text only (landmark); R90 329 m,FIELD_FORCE,,
AD000585,VISIT_WITH_HINT,225.0,text only (baseline street); R90 225 m,FIELD_FORCE,,
AD000586,DIRECT_VISIT,66.0,1 good visit; R90 66 m,FIELD_FORCE,,
AD000587,DIRECT_VISIT,58.0,1 good visit; R90 58 m,FIELD_FORCE,,
AD000588,VISIT_WITH_HINT,232.0,text only (baseline street); R90 232 m,FIELD_FORCE,,
AD000589,DIRECT_VISIT,28.0,"visits disagree (n=5), largest cluster kept; R90 28 m",FIELD_FORCE,,
AD000590,VISIT_WITH_HINT,280.0,text only (neighbours); R90 280 m,FIELD_FORCE,,
AD000591,VISIT_WITH_HINT,234.0,text only (landmark); R90 234 m,FIELD_FORCE,,
AD000592,VISIT_WITH_HINT,194.0,text only (neighbours); R90 194 m,FIELD_FORCE,,
AD000593,VISIT_WITH_HINT,215.0,text only (landmark); R90 215 m,FIELD_FORCE,,
AD000594,VISIT_WITH_HINT,396.0,text only (landmark); R90 396 m,FIELD_FORCE,,
AD000595,VISIT_WITH_HINT,149.0,text only (neighbours); R90 149 m,FIELD_FORCE,,
AD000596,DIRECT_VISIT,24.0,"visits disagree (n=2), largest cluster kept; R90 24 m",FIELD_FORCE,,
AD000597,VISIT_WITH_HINT,234.0,text only (landmark); R90 234 m,FIELD_FORCE,,
AD000598,DIRECT_VISIT,23.0,2 agreeing visits; R90 23 m,FIELD_FORCE,,
AD000599,VERIFY_FIRST,9110.0,text only (pincode area); too uncertain to visit blind; R90 9110 m,TELE_DIALER,ADDR_VERIFY_NOT_TRACEABLE_HI,"Namaste, aapke ghar tak pahunchne ke liye thodi madad chahiye. Kripya bataiye: aapka ghar kaun si cross ya gali mein hai, sabse paas ka landmark kya hai (mandir, school, bus stop), aur aapke gate ka rang kya hai?"
AD000600,DIRECT_VISIT,24.0,6 agreeing visits; R90 24 m,FIELD_FORCE,,
AD000601,VISIT_WITH_HINT,396.0,text only (landmark); R90 396 m,FIELD_FORCE,,
AD000602,DIRECT_VISIT,23.0,"visits disagree (n=6), largest cluster kept; R90 23 m",FIELD_FORCE,,
AD000603,VERIFY_FIRST,837.0,text only (locality); too uncertain to visit blind; R90 837 m,TELE_DIALER,ADDR_VERIFY_LOW_CONFIDENCE_HI,"Namaste, aapke ghar tak pahunchne ke liye thodi madad chahiye. Kripya bataiye: aapka ghar kaun si cross ya gali mein hai, sabse paas ka landmark kya hai (mandir, school, bus stop), aur aapke gate ka rang kya hai?"
AD000604,VERIFY_FIRST,569.0,text only (locality); too uncertain to visit blind; R90 569 m,TELE_DIALER,ADDR_VERIFY_LOW_CONFIDENCE_HI,"Namaste, aapke ghar tak pahunchne ke liye thodi madad chahiye. Kripya bataiye: aapka ghar kaun si cross ya gali mein hai, sabse paas ka landmark kya hai (mandir, school, bus stop), aur aapke gate ka rang kya hai?"
AD000605,DIRECT_VISIT,56.0,1 good visit; R90 56 m,FIELD_FORCE,,
AD000606,DIRECT_VISIT,38.0,1 good visit; R90 38 m,FIELD_FORCE,,
AD000607,DIRECT_VISIT,15.0,8 agreeing visits; R90 15 m,FIELD_FORCE,,
AD000608,DIRECT_VISIT,15.0,9 agreeing visits; R90 15 m,FIELD_FORCE,,
AD000609,VISIT_WITH_HINT,285.0,text only (landmark); R90 285 m,FIELD_FORCE,,
AD000610,VISIT_WITH_HINT,215.0,text only (landmark); R90 215 m,FIELD_FORCE,,
AD000611,VISIT_WITH_HINT,387.0,text only (neighbours); R90 387 m,FIELD_FORCE,,
AD000612,VISIT_WITH_HINT,374.0,text only (baseline street); R90 374 m,FIELD_FORCE,,
AD000613,DIRECT_VISIT,41.0,4 agreeing visits; R90 41 m,FIELD_FORCE,,
AD000614,DIRECT_VISIT,62.0,1 good visit; R90 62 m,FIELD_FORCE,,
AD000615,VISIT_WITH_HINT,175.0,text only (neighbours); R90 175 m,FIELD_FORCE,,
AD000616,VISIT_WITH_HINT,396.0,text only (landmark); R90 396 m,FIELD_FORCE,,
AD000617,DIRECT_VISIT,32.0,5 agreeing visits; R90 32 m,FIELD_FORCE,,
AD000618,CANNOT_GEOCODE,,outside service area,TELE_DIALER,ADDR_VERIFY_OUT_OF_AREA_HI,"Namaste, aapke ghar tak pahunchne ke liye thodi madad chahiye. Kripya bataiye: aapka ghar kaun si cross ya gali mein hai, sabse paas ka landmark kya hai (mandir, school, bus stop), aur aapke gate ka rang kya hai?"
AD000619,VERIFY_FIRST,569.0,text only (locality); too uncertain to visit blind; R90 569 m,TELE_DIALER,ADDR_VERIFY_LOW_CONFIDENCE_HI,"Namaste, aapke ghar tak pahunchne ke liye thodi madad chahiye. Kripya bataiye: aapka ghar kaun si cross ya gali mein hai, sabse paas ka landmark kya hai (mandir, school, bus stop), aur aapke gate ka rang kya hai?"
AD000620,VISIT_WITH_HINT,205.0,text only (landmark); R90 205 m,FIELD_FORCE,,
AD000621,VISIT_WITH_HINT,215.0,text only (landmark); R90 215 m,FIELD_FORCE,,
AD000622,DIRECT_VISIT,28.0,"visits disagree (n=5), largest cluster kept; R90 28 m",FIELD_FORCE,,
AD000623,DIRECT_VISIT,28.0,3 agreeing visits; R90 28 m,FIELD_FORCE,,
AD000624,VISIT_WITH_HINT,195.0,"visits disagree (n=1), largest cluster kept; R90 195 m",FIELD_FORCE,,
AD000625,VISIT_WITH_HINT,396.0,text only (landmark); R90 396 m,FIELD_FORCE,,
AD000626,VISIT_WITH_HINT,378.0,text only (neighbours); R90 378 m,FIELD_FORCE,,
AD000627,DIRECT_VISIT,77.0,1 good visit; R90 77 m,FIELD_FORCE,,
AD000628,VISIT_WITH_HINT,182.0,text only (landmark); R90 182 m,FIELD_FORCE,,
AD000629,VISIT_WITH_HINT,329.0,text only (landmark); R90 329 m,FIELD_FORCE,,
AD000630,DIRECT_VISIT,75.0,2 agreeing visits; R90 75 m,FIELD_FORCE,,
AD000631,DIRECT_VISIT,38.0,"visits disagree (n=6), largest cluster kept; R90 38 m",FIELD_FORCE,,
AD000632,DIRECT_VISIT,19.0,4 agreeing visits; R90 19 m,FIELD_FORCE,,
AD000633,VISIT_WITH_HINT,403.0,text only (locality); R90 403 m,FIELD_FORCE,,
AD000634,DIRECT_VISIT,32.0,4 agreeing visits; R90 32 m,FIELD_FORCE,,
AD000635,DIRECT_VISIT,46.0,1 good visit; R90 46 m,FIELD_FORCE,,
AD000636,VISIT_WITH_HINT,396.0,text only (landmark); R90 396 m,FIELD_FORCE,,
AD000637,VISIT_WITH_HINT,396.0,text only (landmark); R90 396 m,FIELD_FORCE,,
AD000638,DIRECT_VISIT,38.0,1 good visit; R90 38 m,FIELD_FORCE,,
AD000639,DIRECT_VISIT,23.0,"visits disagree (n=5), largest cluster kept; R90 23 m",FIELD_FORCE,,
AD000640,CANNOT_GEOCODE,,outside service area,TELE_DIALER,ADDR_VERIFY_OUT_OF_AREA_HI,"Namaste, aapke ghar tak pahunchne ke liye thodi madad chahiye. Kripya bataiye: aapka ghar kaun si cross ya gali mein hai, sabse paas ka landmark kya hai (mandir, school, bus stop), aur aapke gate ka rang kya hai?"
AD000641,VISIT_WITH_HINT,117.0,"visits disagree (n=1), largest cluster kept; R90 117 m",FIELD_FORCE,,
AD000642,DIRECT_VISIT,50.0,2 agreeing visits; R90 50 m,FIELD_FORCE,,
AD000643,CANNOT_GEOCODE,,outside service area,TELE_DIALER,ADDR_VERIFY_OUT_OF_AREA_HI,"Namaste, aapke ghar tak pahunchne ke liye thodi madad chahiye. Kripya bataiye: aapka ghar kaun si cross ya gali mein hai, sabse paas ka landmark kya hai (mandir, school, bus stop), aur aapke gate ka rang kya hai?"
AD000644,VISIT_WITH_HINT,175.0,text only (neighbours); R90 175 m,FIELD_FORCE,,
AD000645,DIRECT_VISIT,18.0,6 agreeing visits; R90 18 m,FIELD_FORCE,,
AD000646,DIRECT_VISIT,57.0,1 good visit; R90 57 m,FIELD_FORCE,,
AD000647,DIRECT_VISIT,19.0,1 good visit; R90 19 m,FIELD_FORCE,,
AD000648,VISIT_WITH_HINT,396.0,text only (landmark); R90 396 m,FIELD_FORCE,,
AD000649,VISIT_WITH_HINT,170.0,"visits disagree (n=1), largest cluster kept; R90 170 m",FIELD_FORCE,,
AD000650,VISIT_WITH_HINT,278.0,text only (neighbours); R90 278 m,FIELD_FORCE,,
AD000651,VISIT_WITH_HINT,175.0,text only (neighbours); R90 175 m,FIELD_FORCE,,
AD000652,DIRECT_VISIT,15.0,9 agreeing visits; R90 15 m,FIELD_FORCE,,
AD000653,VISIT_WITH_HINT,329.0,text only (landmark); R90 329 m,FIELD_FORCE,,
AD000654,DIRECT_VISIT,52.0,1 good visit; R90 52 m,FIELD_FORCE,,
AD000655,VISIT_WITH_HINT,126.0,text only (neighbours); R90 126 m,FIELD_FORCE,,
AD000656,VERIFY_FIRST,837.0,text only (locality); too uncertain to visit blind; R90 837 m,TELE_DIALER,ADDR_VERIFY_LOW_CONFIDENCE_EN,"Hello, we need a little help to reach your home. Please tell us which cross or street your house is on, the nearest landmark (temple, school, bus stop), and the colour of your gate."
AD000657,VERIFY_FIRST,569.0,text only (locality); too uncertain to visit blind; R90 569 m,TELE_DIALER,ADDR_VERIFY_LOW_CONFIDENCE_EN,"Hello, we need a little help to reach your home. Please tell us which cross or street your house is on, the nearest landmark (temple, school, bus stop), and the colour of your gate."
AD000658,DIRECT_VISIT,21.0,"visits disagree (n=6), largest cluster kept; R90 21 m",FIELD_FORCE,,
AD000659,CANNOT_GEOCODE,,outside service area,TELE_DIALER,ADDR_VERIFY_OUT_OF_AREA_KN,"Namaskara, nimma manege baralu swalpa sahaya beku. Dayavittu heli: nimma mane yaava cross athava raste alli ide, hattirada landmark yavudu (gudi, shaale, bus stop), mattu nimma gate yaava banna?"
AD000660,DIRECT_VISIT,32.0,"visits disagree (n=1), largest cluster kept; R90 32 m",FIELD_FORCE,,
AD000661,CANNOT_GEOCODE,,outside service area,TELE_DIALER,ADDR_VERIFY_OUT_OF_AREA_HI,"Namaste, aapke ghar tak pahunchne ke liye thodi madad chahiye. Kripya bataiye: aapka ghar kaun si cross ya gali mein hai, sabse paas ka landmark kya hai (mandir, school, bus stop), aur aapke gate ka rang kya hai?"
AD000662,DIRECT_VISIT,31.0,"visits disagree (n=3), largest cluster kept; R90 31 m",FIELD_FORCE,,
AD000663,DIRECT_VISIT,46.0,1 good visit; R90 46 m,FIELD_FORCE,,
AD000664,VERIFY_FIRST,569.0,text only (locality); too uncertain to visit blind; R90 569 m,TELE_DIALER,ADDR_VERIFY_LOW_CONFIDENCE_KN,"Namaskara, nimma manege baralu swalpa sahaya beku. Dayavittu heli: nimma mane yaava cross athava raste alli ide, hattirada landmark yavudu (gudi, shaale, bus stop), mattu nimma gate yaava banna?"
AD000665,VISIT_WITH_HINT,140.0,text only (neighbours); R90 140 m,FIELD_FORCE,,
AD000666,DIRECT_VISIT,28.0,5 agreeing visits; R90 28 m,FIELD_FORCE,,
AD000667,DIRECT_VISIT,29.0,"visits disagree (n=3), largest cluster kept; R90 29 m",FIELD_FORCE,,
AD000668,DIRECT_VISIT,17.0,7 agreeing visits; R90 17 m,FIELD_FORCE,,
AD000669,DIRECT_VISIT,20.0,6 agreeing visits; R90 20 m,FIELD_FORCE,,
AD000670,CANNOT_GEOCODE,,outside service area,TELE_DIALER,ADDR_VERIFY_OUT_OF_AREA_HI,"Namaste, aapke ghar tak pahunchne ke liye thodi madad chahiye. Kripya bataiye: aapka ghar kaun si cross ya gali mein hai, sabse paas ka landmark kya hai (mandir, school, bus stop), aur aapke gate ka rang kya hai?"
AD000671,DIRECT_VISIT,46.0,2 agreeing visits; R90 46 m,FIELD_FORCE,,
AD000672,DIRECT_VISIT,21.0,"visits disagree (n=6), largest cluster kept; R90 21 m",FIELD_FORCE,,
AD000673,VISIT_WITH_HINT,396.0,text only (landmark); R90 396 m,FIELD_FORCE,,
AD000674,DIRECT_VISIT,43.0,1 good visit; R90 43 m,FIELD_FORCE,,
AD000675,VISIT_WITH_HINT,215.0,"visits disagree (n=1), largest cluster kept; R90 215 m",FIELD_FORCE,,
AD000676,VISIT_WITH_HINT,396.0,text only (landmark); R90 396 m,FIELD_FORCE,,
AD000677,VISIT_WITH_HINT,329.0,text only (landmark); R90 329 m,FIELD_FORCE,,
AD000678,DIRECT_VISIT,42.0,1 good visit; R90 42 m,FIELD_FORCE,,
AD000679,VISIT_WITH_HINT,234.0,text only (landmark); R90 234 m,FIELD_FORCE,,
AD000680,DIRECT_VISIT,32.0,2 agreeing visits; R90 32 m,FIELD_FORCE,,
AD000681,VISIT_WITH_HINT,132.0,text only (baseline rooftop); R90 132 m,FIELD_FORCE,,
AD000682,VISIT_WITH_HINT,194.0,text only (neighbours); R90 194 m,FIELD_FORCE,,
AD000683,VERIFY_FIRST,569.0,text only (locality); too uncertain to visit blind; R90 569 m,TELE_DIALER,ADDR_VERIFY_LOW_CONFIDENCE_KN,"Namaskara, nimma manege baralu swalpa sahaya beku. Dayavittu heli: nimma mane yaava cross athava raste alli ide, hattirada landmark yavudu (gudi, shaale, bus stop), mattu nimma gate yaava banna?"
AD000684,VISIT_WITH_HINT,140.0,text only (neighbours); R90 140 m,FIELD_FORCE,,
AD000685,DIRECT_VISIT,36.0,1 good visit; R90 36 m,FIELD_FORCE,,
AD000686,DIRECT_VISIT,29.0,2 agreeing visits; R90 29 m,FIELD_FORCE,,
AD000687,VISIT_WITH_HINT,329.0,text only (landmark); R90 329 m,FIELD_FORCE,,
AD000688,VISIT_WITH_HINT,126.0,text only (neighbours); R90 126 m,FIELD_FORCE,,
AD000689,VISIT_WITH_HINT,329.0,text only (landmark); R90 329 m,FIELD_FORCE,,
AD000690,VISIT_WITH_HINT,329.0,text only (landmark); R90 329 m,FIELD_FORCE,,
AD000691,CANNOT_GEOCODE,,outside service area,TELE_DIALER,ADDR_VERIFY_OUT_OF_AREA_HI,"Namaste, aapke ghar tak pahunchne ke liye thodi madad chahiye. Kripya bataiye: aapka ghar kaun si cross ya gali mein hai, sabse paas ka landmark kya hai (mandir, school, bus stop), aur aapke gate ka rang kya hai?"
AD000692,VISIT_WITH_HINT,255.0,text only (baseline street); R90 255 m,FIELD_FORCE,,
AD000693,VISIT_WITH_HINT,255.0,text only (baseline street); R90 255 m,FIELD_FORCE,,
AD000694,VISIT_WITH_HINT,378.0,text only (neighbours); R90 378 m,FIELD_FORCE,,
AD000695,VISIT_WITH_HINT,285.0,text only (landmark); R90 285 m,FIELD_FORCE,,
AD000696,DIRECT_VISIT,38.0,1 good visit; R90 38 m,FIELD_FORCE,,
AD000697,VISIT_WITH_HINT,296.0,text only (landmark); R90 296 m,FIELD_FORCE,,
AD000698,VISIT_WITH_HINT,329.0,text only (landmark); R90 329 m,FIELD_FORCE,,
AD000699,DIRECT_VISIT,37.0,1 good visit; R90 37 m,FIELD_FORCE,,
AD000700,VISIT_WITH_HINT,215.0,text only (landmark); R90 215 m,FIELD_FORCE,,
AD000701,VERIFY_FIRST,569.0,text only (locality); too uncertain to visit blind; R90 569 m,TELE_DIALER,ADDR_VERIFY_LOW_CONFIDENCE_HI,"Namaste, aapke ghar tak pahunchne ke liye thodi madad chahiye. Kripya bataiye: aapka ghar kaun si cross ya gali mein hai, sabse paas ka landmark kya hai (mandir, school, bus stop), aur aapke gate ka rang kya hai?"
AD000702,VISIT_WITH_HINT,140.0,text only (neighbours); R90 140 m,FIELD_FORCE,,
AD000703,DIRECT_VISIT,38.0,1 good visit; R90 38 m,FIELD_FORCE,,
AD000704,VERIFY_FIRST,592.0,text only (locality); too uncertain to visit blind; R90 592 m,TELE_DIALER,ADDR_VERIFY_NOT_TRACEABLE_HI,"Namaste, aapke ghar tak pahunchne ke liye thodi madad chahiye. Kripya bataiye: aapka ghar kaun si cross ya gali mein hai, sabse paas ka landmark kya hai (mandir, school, bus stop), aur aapke gate ka rang kya hai?"
AD000705,DIRECT_VISIT,55.0,1 good visit; R90 55 m,FIELD_FORCE,,
AD000706,VISIT_WITH_HINT,182.0,text only (landmark); R90 182 m,FIELD_FORCE,,
AD000707,VERIFY_FIRST,569.0,text only (locality); too uncertain to visit blind; R90 569 m,TELE_DIALER,ADDR_VERIFY_LOW_CONFIDENCE_HI,"Namaste, aapke ghar tak pahunchne ke liye thodi madad chahiye. Kripya bataiye: aapka ghar kaun si cross ya gali mein hai, sabse paas ka landmark kya hai (mandir, school, bus stop), aur aapke gate ka rang kya hai?"
AD000708,VISIT_WITH_HINT,372.0,text only (neighbours); R90 372 m,FIELD_FORCE,,
AD000709,VERIFY_FIRST,569.0,text only (locality); too uncertain to visit blind; R90 569 m,TELE_DIALER,ADDR_VERIFY_LOW_CONFIDENCE_EN,"Hello, we need a little help to reach your home. Please tell us which cross or street your house is on, the nearest landmark (temple, school, bus stop), and the colour of your gate."
AD000710,DIRECT_VISIT,43.0,2 agreeing visits; R90 43 m,FIELD_FORCE,,
AD000711,DIRECT_VISIT,25.0,"visits disagree (n=4), largest cluster kept; R90 25 m",FIELD_FORCE,,
AD000712,VISIT_WITH_HINT,296.0,text only (landmark); R90 296 m,FIELD_FORCE,,
AD000713,VISIT_WITH_HINT,387.0,text only (neighbours); R90 387 m,FIELD_FORCE,,
AD000714,CANNOT_GEOCODE,,outside service area,TELE_DIALER,ADDR_VERIFY_OUT_OF_AREA_HI,"Namaste, aapke ghar tak pahunchne ke liye thodi madad chahiye. Kripya bataiye: aapka ghar kaun si cross ya gali mein hai, sabse paas ka landmark kya hai (mandir, school, bus stop), aur aapke gate ka rang kya hai?"
AD000715,VISIT_WITH_HINT,272.0,text only (landmark); R90 272 m,FIELD_FORCE,,
AD000716,CANNOT_GEOCODE,,outside service area,TELE_DIALER,ADDR_VERIFY_OUT_OF_AREA_HI,"Namaste, aapke ghar tak pahunchne ke liye thodi madad chahiye. Kripya bataiye: aapka ghar kaun si cross ya gali mein hai, sabse paas ka landmark kya hai (mandir, school, bus stop), aur aapke gate ka rang kya hai?"
AD000717,VISIT_WITH_HINT,231.0,text only (neighbours); R90 231 m,FIELD_FORCE,,
AD000718,VERIFY_FIRST,533.0,text only (neighbours); too uncertain to visit blind; R90 533 m,TELE_DIALER,ADDR_VERIFY_LOW_CONFIDENCE_HI,"Namaste, aapke ghar tak pahunchne ke liye thodi madad chahiye. Kripya bataiye: aapka ghar kaun si cross ya gali mein hai, sabse paas ka landmark kya hai (mandir, school, bus stop), aur aapke gate ka rang kya hai?"
AD000719,DIRECT_VISIT,14.0,"visits disagree (n=6), largest cluster kept; R90 14 m",FIELD_FORCE,,
AD000720,VISIT_WITH_HINT,403.0,text only (locality); R90 403 m,FIELD_FORCE,,
AD000721,VISIT_WITH_HINT,103.0,"visits disagree (n=2), largest cluster kept; R90 103 m",FIELD_FORCE,,
AD000722,DIRECT_VISIT,43.0,"visits disagree (n=5), largest cluster kept; R90 43 m",FIELD_FORCE,,
AD000723,VISIT_WITH_HINT,329.0,text only (landmark); R90 329 m,FIELD_FORCE,,
AD000724,CANNOT_GEOCODE,,outside service area,TELE_DIALER,ADDR_VERIFY_OUT_OF_AREA_KN,"Namaskara, nimma manege baralu swalpa sahaya beku. Dayavittu heli: nimma mane yaava cross athava raste alli ide, hattirada landmark yavudu (gudi, shaale, bus stop), mattu nimma gate yaava banna?"
AD000725,VISIT_WITH_HINT,215.0,text only (landmark); R90 215 m,FIELD_FORCE,,
AD000726,CANNOT_GEOCODE,,outside service area,TELE_DIALER,ADDR_VERIFY_OUT_OF_AREA_HI,"Namaste, aapke ghar tak pahunchne ke liye thodi madad chahiye. Kripya bataiye: aapka ghar kaun si cross ya gali mein hai, sabse paas ka landmark kya hai (mandir, school, bus stop), aur aapke gate ka rang kya hai?"
AD000727,DIRECT_VISIT,26.0,8 agreeing visits; R90 26 m,FIELD_FORCE,,
AD000728,VISIT_WITH_HINT,255.0,text only (baseline street); R90 255 m,FIELD_FORCE,,
AD000729,CANNOT_GEOCODE,,outside service area,TELE_DIALER,ADDR_VERIFY_OUT_OF_AREA_HI,"Namaste, aapke ghar tak pahunchne ke liye thodi madad chahiye. Kripya bataiye: aapka ghar kaun si cross ya gali mein hai, sabse paas ka landmark kya hai (mandir, school, bus stop), aur aapke gate ka rang kya hai?"
AD000730,VISIT_WITH_HINT,378.0,text only (neighbours); R90 378 m,FIELD_FORCE,,
AD000731,VERIFY_FIRST,569.0,text only (locality); too uncertain to visit blind; R90 569 m,TELE_DIALER,ADDR_VERIFY_LOW_CONFIDENCE_KN,"Namaskara, nimma manege baralu swalpa sahaya beku. Dayavittu heli: nimma mane yaava cross athava raste alli ide, hattirada landmark yavudu (gudi, shaale, bus stop), mattu nimma gate yaava banna?"
AD000732,VISIT_WITH_HINT,333.0,text only (neighbours); R90 333 m,FIELD_FORCE,,
AD000733,DIRECT_VISIT,20.0,"visits disagree (n=6), largest cluster kept; R90 20 m",FIELD_FORCE,,
AD000734,VISIT_WITH_HINT,149.0,text only (neighbours); R90 149 m,FIELD_FORCE,,
AD000735,DIRECT_VISIT,12.0,7 agreeing visits; R90 12 m,FIELD_FORCE,,
AD000736,VERIFY_FIRST,569.0,text only (locality); too uncertain to visit blind; R90 569 m,TELE_DIALER,ADDR_VERIFY_LOW_CONFIDENCE_HI,"Namaste, aapke ghar tak pahunchne ke liye thodi madad chahiye. Kripya bataiye: aapka ghar kaun si cross ya gali mein hai, sabse paas ka landmark kya hai (mandir, school, bus stop), aur aapke gate ka rang kya hai?"
AD000737,DIRECT_VISIT,35.0,1 good visit; R90 35 m,FIELD_FORCE,,
AD000738,DIRECT_VISIT,25.0,3 agreeing visits; R90 25 m,FIELD_FORCE,,
AD000739,DIRECT_VISIT,26.0,2 agreeing visits; R90 26 m,FIELD_FORCE,,
AD000740,DIRECT_VISIT,37.0,1 good visit; R90 37 m,FIELD_FORCE,,
AD000741,DIRECT_VISIT,21.0,"visits disagree (n=4), largest cluster kept; R90 21 m",FIELD_FORCE,,
AD000742,VERIFY_FIRST,569.0,text only (locality); too uncertain to visit blind; R90 569 m,TELE_DIALER,ADDR_VERIFY_LOW_CONFIDENCE_KN,"Namaskara, nimma manege baralu swalpa sahaya beku. Dayavittu heli: nimma mane yaava cross athava raste alli ide, hattirada landmark yavudu (gudi, shaale, bus stop), mattu nimma gate yaava banna?"
AD000743,DIRECT_VISIT,49.0,1 good visit; R90 49 m,FIELD_FORCE,,
AD000744,DIRECT_VISIT,51.0,1 good visit; R90 51 m,FIELD_FORCE,,
AD000745,VISIT_WITH_HINT,296.0,text only (landmark); R90 296 m,FIELD_FORCE,,
AD000746,VISIT_WITH_HINT,124.0,text only (landmark); R90 124 m,FIELD_FORCE,,
AD000747,CANNOT_GEOCODE,,outside service area,TELE_DIALER,ADDR_VERIFY_OUT_OF_AREA_HI,"Namaste, aapke ghar tak pahunchne ke liye thodi madad chahiye. Kripya bataiye: aapka ghar kaun si cross ya gali mein hai, sabse paas ka landmark kya hai (mandir, school, bus stop), aur aapke gate ka rang kya hai?"
AD000748,VISIT_WITH_HINT,140.0,text only (neighbours); R90 140 m,FIELD_FORCE,,
AD000749,DIRECT_VISIT,35.0,3 agreeing visits; R90 35 m,FIELD_FORCE,,
AD000750,DIRECT_VISIT,57.0,1 good visit; R90 57 m,FIELD_FORCE,,
AD000751,VISIT_WITH_HINT,329.0,text only (landmark); R90 329 m,FIELD_FORCE,,
AD000752,VISIT_WITH_HINT,296.0,text only (landmark); R90 296 m,FIELD_FORCE,,
AD000753,DIRECT_VISIT,29.0,4 agreeing visits; R90 29 m,FIELD_FORCE,,
AD000754,VISIT_WITH_HINT,396.0,text only (landmark); R90 396 m,FIELD_FORCE,,
AD000755,VISIT_WITH_HINT,272.0,text only (landmark); R90 272 m,FIELD_FORCE,,
AD000756,DIRECT_VISIT,23.0,"visits disagree (n=3), largest cluster kept; R90 23 m",FIELD_FORCE,,
AD000757,VISIT_WITH_HINT,403.0,text only (locality); R90 403 m,FIELD_FORCE,,
AD000758,VERIFY_FIRST,569.0,text only (locality); too uncertain to visit blind; R90 569 m,TELE_DIALER,ADDR_VERIFY_LOW_CONFIDENCE_HI,"Namaste, aapke ghar tak pahunchne ke liye thodi madad chahiye. Kripya bataiye: aapka ghar kaun si cross ya gali mein hai, sabse paas ka landmark kya hai (mandir, school, bus stop), aur aapke gate ka rang kya hai?"
AD000759,DIRECT_VISIT,36.0,2 agreeing visits; R90 36 m,FIELD_FORCE,,
AD000760,VISIT_WITH_HINT,140.0,text only (neighbours); R90 140 m,FIELD_FORCE,,
AD000761,DIRECT_VISIT,52.0,1 good visit; R90 52 m,FIELD_FORCE,,
AD000762,VISIT_WITH_HINT,178.0,text only (landmark); R90 178 m,FIELD_FORCE,,
AD000763,VISIT_WITH_HINT,175.0,text only (neighbours); R90 175 m,FIELD_FORCE,,
AD000764,VISIT_WITH_HINT,133.0,text only (neighbours); R90 133 m,FIELD_FORCE,,
AD000765,VISIT_WITH_HINT,175.0,text only (neighbours); R90 175 m,FIELD_FORCE,,
AD000766,VISIT_WITH_HINT,329.0,text only (landmark); R90 329 m,FIELD_FORCE,,
AD000767,VISIT_WITH_HINT,374.0,text only (baseline street); R90 374 m,FIELD_FORCE,,
AD000768,DIRECT_VISIT,21.0,7 agreeing visits; R90 21 m,FIELD_FORCE,,
AD000769,VISIT_WITH_HINT,296.0,text only (landmark); R90 296 m,FIELD_FORCE,,
AD000770,VISIT_WITH_HINT,232.0,text only (baseline street); R90 232 m,FIELD_FORCE,,
AD000771,DIRECT_VISIT,38.0,2 agreeing visits; R90 38 m,FIELD_FORCE,,
AD000772,VISIT_WITH_HINT,231.0,text only (neighbours); R90 231 m,FIELD_FORCE,,
AD000773,VISIT_WITH_HINT,274.0,text only (landmark); R90 274 m,FIELD_FORCE,,
AD000774,DIRECT_VISIT,32.0,5 agreeing visits; R90 32 m,FIELD_FORCE,,
AD000775,DIRECT_VISIT,58.0,1 good visit; R90 58 m,FIELD_FORCE,,
AD000776,DIRECT_VISIT,45.0,1 good visit; R90 45 m,FIELD_FORCE,,
AD000777,CANNOT_GEOCODE,,outside service area,TELE_DIALER,ADDR_VERIFY_OUT_OF_AREA_HI,"Namaste, aapke ghar tak pahunchne ke liye thodi madad chahiye. Kripya bataiye: aapka ghar kaun si cross ya gali mein hai, sabse paas ka landmark kya hai (mandir, school, bus stop), aur aapke gate ka rang kya hai?"
AD000778,VERIFY_FIRST,569.0,text only (locality); too uncertain to visit blind; R90 569 m,TELE_DIALER,ADDR_VERIFY_LOW_CONFIDENCE_KN,"Namaskara, nimma manege baralu swalpa sahaya beku. Dayavittu heli: nimma mane yaava cross athava raste alli ide, hattirada landmark yavudu (gudi, shaale, bus stop), mattu nimma gate yaava banna?"
AD000779,DIRECT_VISIT,19.0,"visits disagree (n=5), largest cluster kept; R90 19 m",FIELD_FORCE,,
AD000780,VISIT_WITH_HINT,140.0,text only (neighbours); R90 140 m,FIELD_FORCE,,
AD000781,DIRECT_VISIT,35.0,5 agreeing visits; R90 35 m,FIELD_FORCE,,
AD000782,DIRECT_VISIT,29.0,2 agreeing visits; R90 29 m,FIELD_FORCE,,
AD000783,DIRECT_VISIT,30.0,1 good visit; R90 30 m,FIELD_FORCE,,
AD000784,VISIT_WITH_HINT,333.0,text only (neighbours); R90 333 m,FIELD_FORCE,,
AD000785,DIRECT_VISIT,16.0,4 agreeing visits; R90 16 m,FIELD_FORCE,,
AD000786,CANNOT_GEOCODE,,outside service area,TELE_DIALER,ADDR_VERIFY_OUT_OF_AREA_EN,"Hello, we need a little help to reach your home. Please tell us which cross or street your house is on, the nearest landmark (temple, school, bus stop), and the colour of your gate."
AD000787,DIRECT_VISIT,28.0,4 agreeing visits; R90 28 m,FIELD_FORCE,,
AD000788,DIRECT_VISIT,50.0,"visits disagree (n=1), largest cluster kept; R90 50 m",FIELD_FORCE,,
AD000789,VISIT_WITH_HINT,194.0,text only (neighbours); R90 194 m,FIELD_FORCE,,
AD000790,VISIT_WITH_HINT,285.0,text only (landmark); R90 285 m,FIELD_FORCE,,
AD000791,VISIT_WITH_HINT,120.0,text only (neighbours); R90 120 m,FIELD_FORCE,,
AD000792,DIRECT_VISIT,26.0,4 agreeing visits; R90 26 m,FIELD_FORCE,,
AD000793,VISIT_WITH_HINT,329.0,text only (landmark); R90 329 m,FIELD_FORCE,,
AD000794,VISIT_WITH_HINT,215.0,text only (landmark); R90 215 m,FIELD_FORCE,,
AD000795,DIRECT_VISIT,62.0,1 good visit; R90 62 m,FIELD_FORCE,,
AD000796,CANNOT_GEOCODE,,outside service area,TELE_DIALER,ADDR_VERIFY_OUT_OF_AREA_HI,"Namaste, aapke ghar tak pahunchne ke liye thodi madad chahiye. Kripya bataiye: aapka ghar kaun si cross ya gali mein hai, sabse paas ka landmark kya hai (mandir, school, bus stop), aur aapke gate ka rang kya hai?"
AD000797,DIRECT_VISIT,12.0,7 agreeing visits; R90 12 m,FIELD_FORCE,,
AD000798,VERIFY_FIRST,569.0,text only (locality); too uncertain to visit blind; R90 569 m,TELE_DIALER,ADDR_VERIFY_LOW_CONFIDENCE_HI,"Namaste, aapke ghar tak pahunchne ke liye thodi madad chahiye. Kripya bataiye: aapka ghar kaun si cross ya gali mein hai, sabse paas ka landmark kya hai (mandir, school, bus stop), aur aapke gate ka rang kya hai?"
AD000799,DIRECT_VISIT,30.0,2 agreeing visits; R90 30 m,FIELD_FORCE,,
AD000800,VISIT_WITH_HINT,140.0,text only (neighbours); R90 140 m,FIELD_FORCE,,
AD000801,DIRECT_VISIT,48.0,1 good visit; R90 48 m,FIELD_FORCE,,
AD000802,DIRECT_VISIT,29.0,2 agreeing visits; R90 29 m,FIELD_FORCE,,
AD000803,DIRECT_VISIT,54.0,1 good visit; R90 54 m,FIELD_FORCE,,
AD000804,VISIT_WITH_HINT,198.0,text only (baseline street); R90 198 m,FIELD_FORCE,,
AD000805,VISIT_WITH_HINT,194.0,text only (neighbours); R90 194 m,FIELD_FORCE,,
AD000806,VERIFY_FIRST,569.0,text only (locality); too uncertain to visit blind; R90 569 m,TELE_DIALER,ADDR_VERIFY_LOW_CONFIDENCE_HI,"Namaste, aapke ghar tak pahunchne ke liye thodi madad chahiye. Kripya bataiye: aapka ghar kaun si cross ya gali mein hai, sabse paas ka landmark kya hai (mandir, school, bus stop), aur aapke gate ka rang kya hai?"
AD000807,VISIT_WITH_HINT,329.0,text only (landmark); R90 329 m,FIELD_FORCE,,
AD000808,DIRECT_VISIT,28.0,4 agreeing visits; R90 28 m,FIELD_FORCE,,
AD000809,DIRECT_VISIT,27.0,5 agreeing visits; R90 27 m,FIELD_FORCE,,
AD000810,DIRECT_VISIT,34.0,3 agreeing visits; R90 34 m,FIELD_FORCE,,
AD000811,CANNOT_GEOCODE,,outside service area,TELE_DIALER,ADDR_VERIFY_OUT_OF_AREA_KN,"Namaskara, nimma manege baralu swalpa sahaya beku. Dayavittu heli: nimma mane yaava cross athava raste alli ide, hattirada landmark yavudu (gudi, shaale, bus stop), mattu nimma gate yaava banna?"
AD000812,DIRECT_VISIT,22.0,4 agreeing visits; R90 22 m,FIELD_FORCE,,
AD000813,DIRECT_VISIT,26.0,3 agreeing visits; R90 26 m,FIELD_FORCE,,
AD000814,VERIFY_FIRST,2278.0,text only (pincode area); too uncertain to visit blind; R90 2278 m,TELE_DIALER,ADDR_VERIFY_LOW_CONFIDENCE_EN,"Hello, we need a little help to reach your home. Please tell us which cross or street your house is on, the nearest landmark (temple, school, bus stop), and the colour of your gate."
AD000815,DIRECT_VISIT,59.0,"visits disagree (n=2), largest cluster kept; R90 59 m",FIELD_FORCE,,
AD000816,VISIT_WITH_HINT,285.0,text only (landmark); R90 285 m,FIELD_FORCE,,
AD000817,DIRECT_VISIT,40.0,"visits disagree (n=4), largest cluster kept; R90 40 m",FIELD_FORCE,,
AD000818,VISIT_WITH_HINT,403.0,text only (locality); R90 403 m,FIELD_FORCE,,
AD000819,VISIT_WITH_HINT,225.0,text only (baseline street); R90 225 m,FIELD_FORCE,,
AD000820,VISIT_WITH_HINT,132.0,text only (baseline rooftop); R90 132 m,FIELD_FORCE,,
AD000821,VISIT_WITH_HINT,372.0,text only (neighbours); R90 372 m,FIELD_FORCE,,
AD000822,DIRECT_VISIT,50.0,"visits disagree (n=4), largest cluster kept; R90 50 m",FIELD_FORCE,,
AD000823,VISIT_WITH_HINT,133.0,text only (neighbours); R90 133 m,FIELD_FORCE,,
AD000824,VERIFY_FIRST,9110.0,text only (pincode area); too uncertain to visit blind; R90 9110 m,TELE_DIALER,ADDR_VERIFY_NOT_TRACEABLE_KN,"Namaskara, nimma manege baralu swalpa sahaya beku. Dayavittu heli: nimma mane yaava cross athava raste alli ide, hattirada landmark yavudu (gudi, shaale, bus stop), mattu nimma gate yaava banna?"
AD000825,DIRECT_VISIT,50.0,3 agreeing visits; R90 50 m,FIELD_FORCE,,
AD000826,VISIT_WITH_HINT,140.0,text only (neighbours); R90 140 m,FIELD_FORCE,,
AD000827,DIRECT_VISIT,57.0,1 good visit; R90 57 m,FIELD_FORCE,,
AD000828,VERIFY_FIRST,4921.0,text only (pincode area); too uncertain to visit blind; R90 4921 m,TELE_DIALER,ADDR_VERIFY_LOW_CONFIDENCE_EN,"Hello, we need a little help to reach your home. Please tell us which cross or street your house is on, the nearest landmark (temple, school, bus stop), and the colour of your gate."
AD000829,VISIT_WITH_HINT,396.0,text only (landmark); R90 396 m,FIELD_FORCE,,
AD000830,DIRECT_VISIT,42.0,2 agreeing visits; R90 42 m,FIELD_FORCE,,
AD000831,VISIT_WITH_HINT,215.0,text only (landmark); R90 215 m,FIELD_FORCE,,
AD000832,DIRECT_VISIT,47.0,1 good visit; R90 47 m,FIELD_FORCE,,
AD000833,VISIT_WITH_HINT,227.0,text only (neighbours); R90 227 m,FIELD_FORCE,,
AD000834,VISIT_WITH_HINT,194.0,text only (neighbours); R90 194 m,FIELD_FORCE,,
AD000835,VISIT_WITH_HINT,403.0,text only (locality); R90 403 m,FIELD_FORCE,,
AD000836,DIRECT_VISIT,25.0,5 agreeing visits; R90 25 m,FIELD_FORCE,,
AD000837,DIRECT_VISIT,50.0,1 good visit; R90 50 m,FIELD_FORCE,,
AD000838,VISIT_WITH_HINT,126.0,text only (neighbours); R90 126 m,FIELD_FORCE,,
AD000839,VERIFY_FIRST,569.0,text only (locality); too uncertain to visit blind; R90 569 m,TELE_DIALER,ADDR_VERIFY_LOW_CONFIDENCE_HI,"Namaste, aapke ghar tak pahunchne ke liye thodi madad chahiye. Kripya bataiye: aapka ghar kaun si cross ya gali mein hai, sabse paas ka landmark kya hai (mandir, school, bus stop), aur aapke gate ka rang kya hai?"
AD000840,DIRECT_VISIT,31.0,2 agreeing visits; R90 31 m,FIELD_FORCE,,
AD000841,DIRECT_VISIT,31.0,2 agreeing visits; R90 31 m,FIELD_FORCE,,
AD000842,DIRECT_VISIT,51.0,1 good visit; R90 51 m,FIELD_FORCE,,
AD000843,DIRECT_VISIT,30.0,2 agreeing visits; R90 30 m,FIELD_FORCE,,
AD000844,VISIT_WITH_HINT,329.0,text only (landmark); R90 329 m,FIELD_FORCE,,
AD000845,VERIFY_FIRST,2278.0,text only (pincode area); too uncertain to visit blind; R90 2278 m,TELE_DIALER,ADDR_VERIFY_LOW_CONFIDENCE_KN,"Namaskara, nimma manege baralu swalpa sahaya beku. Dayavittu heli: nimma mane yaava cross athava raste alli ide, hattirada landmark yavudu (gudi, shaale, bus stop), mattu nimma gate yaava banna?"
AD000846,DIRECT_VISIT,16.0,6 agreeing visits; R90 16 m,FIELD_FORCE,,
AD000847,VERIFY_FIRST,569.0,text only (locality); too uncertain to visit blind; R90 569 m,TELE_DIALER,ADDR_VERIFY_LOW_CONFIDENCE_KN,"Namaskara, nimma manege baralu swalpa sahaya beku. Dayavittu heli: nimma mane yaava cross athava raste alli ide, hattirada landmark yavudu (gudi, shaale, bus stop), mattu nimma gate yaava banna?"
AD000848,VISIT_WITH_HINT,175.0,text only (neighbours); R90 175 m,FIELD_FORCE,,
AD000849,VISIT_WITH_HINT,329.0,text only (landmark); R90 329 m,FIELD_FORCE,,
AD000850,DIRECT_VISIT,29.0,5 agreeing visits; R90 29 m,FIELD_FORCE,,
AD000851,VISIT_WITH_HINT,285.0,text only (landmark); R90 285 m,FIELD_FORCE,,
AD000852,DIRECT_VISIT,51.0,1 good visit; R90 51 m,FIELD_FORCE,,
AD000853,VISIT_WITH_HINT,194.0,text only (neighbours); R90 194 m,FIELD_FORCE,,
AD000854,DIRECT_VISIT,20.0,5 agreeing visits; R90 20 m,FIELD_FORCE,,
AD000855,VISIT_WITH_HINT,271.0,text only (landmark); R90 271 m,FIELD_FORCE,,
AD000856,DIRECT_VISIT,40.0,2 agreeing visits; R90 40 m,FIELD_FORCE,,
AD000857,VISIT_WITH_HINT,279.0,text only (landmark); R90 279 m,FIELD_FORCE,,
AD000858,VISIT_WITH_HINT,215.0,text only (landmark); R90 215 m,FIELD_FORCE,,
AD000859,CANNOT_GEOCODE,,outside service area,TELE_DIALER,ADDR_VERIFY_OUT_OF_AREA_EN,"Hello, we need a little help to reach your home. Please tell us which cross or street your house is on, the nearest landmark (temple, school, bus stop), and the colour of your gate."
AD000860,DIRECT_VISIT,12.0,7 agreeing visits; R90 12 m,FIELD_FORCE,,
AD000861,VISIT_WITH_HINT,437.0,text only (locality); R90 437 m,FIELD_FORCE,,
AD000862,VISIT_WITH_HINT,329.0,text only (landmark); R90 329 m,FIELD_FORCE,,
AD000863,VISIT_WITH_HINT,225.0,text only (baseline street); R90 225 m,FIELD_FORCE,,
AD000864,VISIT_WITH_HINT,403.0,text only (locality); R90 403 m,FIELD_FORCE,,
AD000865,VISIT_WITH_HINT,194.0,text only (neighbours); R90 194 m,FIELD_FORCE,,
AD000866,DIRECT_VISIT,33.0,"visits disagree (n=1), largest cluster kept; R90 33 m",FIELD_FORCE,,
AD000867,DIRECT_VISIT,46.0,4 agreeing visits; R90 46 m,FIELD_FORCE,,
AD000868,DIRECT_VISIT,40.0,2 agreeing visits; R90 40 m,FIELD_FORCE,,
AD000869,DIRECT_VISIT,27.0,"visits disagree (n=5), largest cluster kept; R90 27 m",FIELD_FORCE,,
AD000870,DIRECT_VISIT,24.0,4 agreeing visits; R90 24 m,FIELD_FORCE,,
AD000871,VISIT_WITH_HINT,276.0,text only (landmark); R90 276 m,FIELD_FORCE,,
AD000872,VISIT_WITH_HINT,124.0,text only (landmark); R90 124 m,FIELD_FORCE,,
AD000873,VERIFY_FIRST,569.0,text only (locality); too uncertain to visit blind; R90 569 m,TELE_DIALER,ADDR_VERIFY_LOW_CONFIDENCE_HI,"Namaste, aapke ghar tak pahunchne ke liye thodi madad chahiye. Kripya bataiye: aapka ghar kaun si cross ya gali mein hai, sabse paas ka landmark kya hai (mandir, school, bus stop), aur aapke gate ka rang kya hai?"
AD000874,DIRECT_VISIT,54.0,2 agreeing visits; R90 54 m,FIELD_FORCE,,
AD000875,VISIT_WITH_HINT,278.0,text only (neighbours); R90 278 m,FIELD_FORCE,,
AD000876,VISIT_WITH_HINT,396.0,text only (landmark); R90 396 m,FIELD_FORCE,,
AD000877,VISIT_WITH_HINT,396.0,text only (landmark); R90 396 m,FIELD_FORCE,,
AD000878,VISIT_WITH_HINT,329.0,text only (landmark); R90 329 m,FIELD_FORCE,,
AD000879,VISIT_WITH_HINT,194.0,text only (neighbours); R90 194 m,FIELD_FORCE,,
AD000880,VISIT_WITH_HINT,133.0,text only (neighbours); R90 133 m,FIELD_FORCE,,
AD000881,VERIFY_FIRST,569.0,text only (locality); too uncertain to visit blind; R90 569 m,TELE_DIALER,ADDR_VERIFY_LOW_CONFIDENCE_HI,"Namaste, aapke ghar tak pahunchne ke liye thodi madad chahiye. Kripya bataiye: aapka ghar kaun si cross ya gali mein hai, sabse paas ka landmark kya hai (mandir, school, bus stop), aur aapke gate ka rang kya hai?"
AD000882,VISIT_WITH_HINT,329.0,text only (landmark); R90 329 m,FIELD_FORCE,,
AD000883,VISIT_WITH_HINT,403.0,text only (locality); R90 403 m,FIELD_FORCE,,
AD000884,DIRECT_VISIT,45.0,1 good visit; R90 45 m,FIELD_FORCE,,
AD000885,DIRECT_VISIT,69.0,1 good visit; R90 69 m,FIELD_FORCE,,
AD000886,DIRECT_VISIT,38.0,1 good visit; R90 38 m,FIELD_FORCE,,
AD000887,CANNOT_GEOCODE,,outside service area,TELE_DIALER,ADDR_VERIFY_OUT_OF_AREA_HI,"Namaste, aapke ghar tak pahunchne ke liye thodi madad chahiye. Kripya bataiye: aapka ghar kaun si cross ya gali mein hai, sabse paas ka landmark kya hai (mandir, school, bus stop), aur aapke gate ka rang kya hai?"
AD000888,VISIT_WITH_HINT,329.0,text only (landmark); R90 329 m,FIELD_FORCE,,
AD000889,VISIT_WITH_HINT,140.0,text only (neighbours); R90 140 m,FIELD_FORCE,,
AD000890,VISIT_WITH_HINT,198.0,text only (landmark); R90 198 m,FIELD_FORCE,,
AD000891,VISIT_WITH_HINT,396.0,text only (landmark); R90 396 m,FIELD_FORCE,,
AD000892,VISIT_WITH_HINT,200.0,text only (baseline street); R90 200 m,FIELD_FORCE,,
AD000893,CANNOT_GEOCODE,,outside service area,TELE_DIALER,ADDR_VERIFY_OUT_OF_AREA_KN,"Namaskara, nimma manege baralu swalpa sahaya beku. Dayavittu heli: nimma mane yaava cross athava raste alli ide, hattirada landmark yavudu (gudi, shaale, bus stop), mattu nimma gate yaava banna?"
AD000894,VISIT_WITH_HINT,198.0,text only (baseline street); R90 198 m,FIELD_FORCE,,
AD000895,DIRECT_VISIT,42.0,2 agreeing visits; R90 42 m,FIELD_FORCE,,
AD000896,CANNOT_GEOCODE,,outside service area,TELE_DIALER,ADDR_VERIFY_OUT_OF_AREA_HI,"Namaste, aapke ghar tak pahunchne ke liye thodi madad chahiye. Kripya bataiye: aapka ghar kaun si cross ya gali mein hai, sabse paas ka landmark kya hai (mandir, school, bus stop), aur aapke gate ka rang kya hai?"
AD000897,DIRECT_VISIT,69.0,2 agreeing visits; R90 69 m,FIELD_FORCE,,
AD000898,DIRECT_VISIT,44.0,1 good visit; R90 44 m,FIELD_FORCE,,
AD000899,VISIT_WITH_HINT,396.0,text only (landmark); R90 396 m,FIELD_FORCE,,
AD000900,VISIT_WITH_HINT,227.0,text only (neighbours); R90 227 m,FIELD_FORCE,,
AD000901,DIRECT_VISIT,43.0,1 good visit; R90 43 m,FIELD_FORCE,,
AD000902,DIRECT_VISIT,42.0,1 good visit; R90 42 m,FIELD_FORCE,,
AD000903,DIRECT_VISIT,33.0,"visits disagree (n=3), largest cluster kept; R90 33 m",FIELD_FORCE,,
AD000904,DIRECT_VISIT,41.0,3 agreeing visits; R90 41 m,FIELD_FORCE,,
AD000905,VISIT_WITH_HINT,215.0,text only (landmark); R90 215 m,FIELD_FORCE,,
AD000906,VISIT_WITH_HINT,194.0,text only (neighbours); R90 194 m,FIELD_FORCE,,
AD000907,VISIT_WITH_HINT,237.0,text only (landmark); R90 237 m,FIELD_FORCE,,
AD000908,VERIFY_FIRST,569.0,text only (locality); too uncertain to visit blind; R90 569 m,TELE_DIALER,ADDR_VERIFY_LOW_CONFIDENCE_EN,"Hello, we need a little help to reach your home. Please tell us which cross or street your house is on, the nearest landmark (temple, school, bus stop), and the colour of your gate."
AD000909,CANNOT_GEOCODE,,outside service area,TELE_DIALER,ADDR_VERIFY_OUT_OF_AREA_EN,"Hello, we need a little help to reach your home. Please tell us which cross or street your house is on, the nearest landmark (temple, school, bus stop), and the colour of your gate."
AD000910,VISIT_WITH_HINT,120.0,text only (neighbours); R90 120 m,FIELD_FORCE,,
AD000911,VISIT_WITH_HINT,329.0,text only (landmark); R90 329 m,FIELD_FORCE,,
AD000912,DIRECT_VISIT,38.0,1 good visit; R90 38 m,FIELD_FORCE,,
AD000913,DIRECT_VISIT,48.0,1 good visit; R90 48 m,FIELD_FORCE,,
AD000914,VISIT_WITH_HINT,363.0,text only (neighbours); R90 363 m,FIELD_FORCE,,
AD000915,DIRECT_VISIT,39.0,2 agreeing visits; R90 39 m,FIELD_FORCE,,
AD000916,VERIFY_FIRST,569.0,text only (locality); too uncertain to visit blind; R90 569 m,TELE_DIALER,ADDR_VERIFY_LOW_CONFIDENCE_KN,"Namaskara, nimma manege baralu swalpa sahaya beku. Dayavittu heli: nimma mane yaava cross athava raste alli ide, hattirada landmark yavudu (gudi, shaale, bus stop), mattu nimma gate yaava banna?"
AD000917,DIRECT_VISIT,81.0,"visits disagree (n=2), largest cluster kept; R90 81 m",FIELD_FORCE,,
AD000918,DIRECT_VISIT,31.0,2 agreeing visits; R90 31 m,FIELD_FORCE,,
AD000919,DIRECT_VISIT,100.0,"visits disagree (n=2), largest cluster kept; R90 100 m",FIELD_FORCE,,
AD000920,VISIT_WITH_HINT,227.0,"visits disagree (n=1), largest cluster kept; R90 227 m",FIELD_FORCE,,
AD000921,DIRECT_VISIT,38.0,1 good visit; R90 38 m,FIELD_FORCE,,
AD000922,VERIFY_FIRST,569.0,text only (locality); too uncertain to visit blind; R90 569 m,TELE_DIALER,ADDR_VERIFY_LOW_CONFIDENCE_HI,"Namaste, aapke ghar tak pahunchne ke liye thodi madad chahiye. Kripya bataiye: aapka ghar kaun si cross ya gali mein hai, sabse paas ka landmark kya hai (mandir, school, bus stop), aur aapke gate ka rang kya hai?"
AD000923,DIRECT_VISIT,45.0,2 agreeing visits; R90 45 m,FIELD_FORCE,,
AD000924,DIRECT_VISIT,19.0,"visits disagree (n=7), largest cluster kept; R90 19 m",FIELD_FORCE,,
AD000925,VISIT_WITH_HINT,127.0,text only (baseline rooftop); R90 127 m,FIELD_FORCE,,
AD000926,VISIT_WITH_HINT,149.0,text only (neighbours); R90 149 m,FIELD_FORCE,,
AD000927,VISIT_WITH_HINT,329.0,text only (landmark); R90 329 m,FIELD_FORCE,,
AD000928,VISIT_WITH_HINT,329.0,text only (landmark); R90 329 m,FIELD_FORCE,,
AD000929,VERIFY_FIRST,2278.0,text only (pincode area); too uncertain to visit blind; R90 2278 m,TELE_DIALER,ADDR_VERIFY_LOW_CONFIDENCE_HI,"Namaste, aapke ghar tak pahunchne ke liye thodi madad chahiye. Kripya bataiye: aapka ghar kaun si cross ya gali mein hai, sabse paas ka landmark kya hai (mandir, school, bus stop), aur aapke gate ka rang kya hai?"
AD000930,DIRECT_VISIT,25.0,1 good visit; R90 25 m,FIELD_FORCE,,
AD000931,CANNOT_GEOCODE,,outside service area,TELE_DIALER,ADDR_VERIFY_OUT_OF_AREA_EN,"Hello, we need a little help to reach your home. Please tell us which cross or street your house is on, the nearest landmark (temple, school, bus stop), and the colour of your gate."
AD000932,VERIFY_FIRST,569.0,text only (locality); too uncertain to visit blind; R90 569 m,TELE_DIALER,ADDR_VERIFY_LOW_CONFIDENCE_EN,"Hello, we need a little help to reach your home. Please tell us which cross or street your house is on, the nearest landmark (temple, school, bus stop), and the colour of your gate."
AD000933,VISIT_WITH_HINT,271.0,text only (landmark); R90 271 m,FIELD_FORCE,,
AD000934,VISIT_WITH_HINT,279.0,text only (landmark); R90 279 m,FIELD_FORCE,,
AD000935,VISIT_WITH_HINT,161.0,text only (neighbours); R90 161 m,FIELD_FORCE,,
AD000936,DIRECT_VISIT,18.0,"visits disagree (n=6), largest cluster kept; R90 18 m",FIELD_FORCE,,
AD000937,VERIFY_FIRST,569.0,text only (locality); too uncertain to visit blind; R90 569 m,TELE_DIALER,ADDR_VERIFY_LOW_CONFIDENCE_HI,"Namaste, aapke ghar tak pahunchne ke liye thodi madad chahiye. Kripya bataiye: aapka ghar kaun si cross ya gali mein hai, sabse paas ka landmark kya hai (mandir, school, bus stop), aur aapke gate ka rang kya hai?"
AD000938,VISIT_WITH_HINT,133.0,text only (neighbours); R90 133 m,FIELD_FORCE,,
AD000939,VISIT_WITH_HINT,140.0,text only (neighbours); R90 140 m,FIELD_FORCE,,
AD000940,DIRECT_VISIT,45.0,"visits disagree (n=2), largest cluster kept; R90 45 m",FIELD_FORCE,,
AD000941,CANNOT_GEOCODE,,outside service area,TELE_DIALER,ADDR_VERIFY_OUT_OF_AREA_HI,"Namaste, aapke ghar tak pahunchne ke liye thodi madad chahiye. Kripya bataiye: aapka ghar kaun si cross ya gali mein hai, sabse paas ka landmark kya hai (mandir, school, bus stop), aur aapke gate ka rang kya hai?"
AD000942,DIRECT_VISIT,39.0,2 agreeing visits; R90 39 m,FIELD_FORCE,,
AD000943,DIRECT_VISIT,50.0,1 good visit; R90 50 m,FIELD_FORCE,,
AD000944,DIRECT_VISIT,29.0,2 agreeing visits; R90 29 m,FIELD_FORCE,,
AD000945,VISIT_WITH_HINT,329.0,text only (landmark); R90 329 m,FIELD_FORCE,,
AD000946,VERIFY_FIRST,569.0,text only (locality); too uncertain to visit blind; R90 569 m,TELE_DIALER,ADDR_VERIFY_LOW_CONFIDENCE_KN,"Namaskara, nimma manege baralu swalpa sahaya beku. Dayavittu heli: nimma mane yaava cross athava raste alli ide, hattirada landmark yavudu (gudi, shaale, bus stop), mattu nimma gate yaava banna?"
AD000947,VISIT_WITH_HINT,272.0,text only (landmark); R90 272 m,FIELD_FORCE,,
AD000948,VISIT_WITH_HINT,215.0,"visits disagree (n=2), largest cluster kept; R90 215 m",FIELD_FORCE,,
AD000949,VISIT_WITH_HINT,175.0,text only (neighbours); R90 175 m,FIELD_FORCE,,
AD000950,DIRECT_VISIT,22.0,5 agreeing visits; R90 22 m,FIELD_FORCE,,
AD000951,VISIT_WITH_HINT,403.0,text only (locality); R90 403 m,FIELD_FORCE,,
AD000952,VISIT_WITH_HINT,378.0,text only (neighbours); R90 378 m,FIELD_FORCE,,
AD000953,DIRECT_VISIT,33.0,"visits disagree (n=3), largest cluster kept; R90 33 m",FIELD_FORCE,,
AD000954,VISIT_WITH_HINT,109.0,"visits disagree (n=1), largest cluster kept; R90 109 m",FIELD_FORCE,,
AD000955,DIRECT_VISIT,13.0,9 agreeing visits; R90 13 m,FIELD_FORCE,,
AD000956,CANNOT_GEOCODE,,outside service area,TELE_DIALER,ADDR_VERIFY_OUT_OF_AREA_KN,"Namaskara, nimma manege baralu swalpa sahaya beku. Dayavittu heli: nimma mane yaava cross athava raste alli ide, hattirada landmark yavudu (gudi, shaale, bus stop), mattu nimma gate yaava banna?"
AD000957,DIRECT_VISIT,55.0,1 good visit; R90 55 m,FIELD_FORCE,,
AD000958,VISIT_WITH_HINT,228.0,text only (baseline street); R90 228 m,FIELD_FORCE,,
AD000959,DIRECT_VISIT,31.0,1 good visit; R90 31 m,FIELD_FORCE,,
AD000960,CANNOT_GEOCODE,,outside service area,TELE_DIALER,ADDR_VERIFY_OUT_OF_AREA_EN,"Hello, we need a little help to reach your home. Please tell us which cross or street your house is on, the nearest landmark (temple, school, bus stop), and the colour of your gate."
AD000961,VISIT_WITH_HINT,285.0,text only (landmark); R90 285 m,FIELD_FORCE,,
AD000962,DIRECT_VISIT,38.0,2 agreeing visits; R90 38 m,FIELD_FORCE,,
AD000963,DIRECT_VISIT,37.0,"visits disagree (n=2), largest cluster kept; R90 37 m",FIELD_FORCE,,
AD000964,DIRECT_VISIT,28.0,2 agreeing visits; R90 28 m,FIELD_FORCE,,
AD000965,VISIT_WITH_HINT,329.0,text only (landmark); R90 329 m,FIELD_FORCE,,
AD000966,CANNOT_GEOCODE,,outside service area,TELE_DIALER,ADDR_VERIFY_OUT_OF_AREA_KN,"Namaskara, nimma manege baralu swalpa sahaya beku. Dayavittu heli: nimma mane yaava cross athava raste alli ide, hattirada landmark yavudu (gudi, shaale, bus stop), mattu nimma gate yaava banna?"
AD000967,VISIT_WITH_HINT,329.0,text only (landmark); R90 329 m,FIELD_FORCE,,
AD000968,VISIT_WITH_HINT,194.0,text only (neighbours); R90 194 m,FIELD_FORCE,,
AD000969,DIRECT_VISIT,17.0,5 agreeing visits; R90 17 m,FIELD_FORCE,,
AD000970,DIRECT_VISIT,27.0,3 agreeing visits; R90 27 m,FIELD_FORCE,,
AD000971,DIRECT_VISIT,31.0,3 agreeing visits; R90 31 m,FIELD_FORCE,,
AD000972,VISIT_WITH_HINT,396.0,text only (landmark); R90 396 m,FIELD_FORCE,,
AD000973,VERIFY_FIRST,569.0,text only (locality); too uncertain to visit blind; R90 569 m,TELE_DIALER,ADDR_VERIFY_LOW_CONFIDENCE_HI,"Namaste, aapke ghar tak pahunchne ke liye thodi madad chahiye. Kripya bataiye: aapka ghar kaun si cross ya gali mein hai, sabse paas ka landmark kya hai (mandir, school, bus stop), aur aapke gate ka rang kya hai?"
AD000974,VISIT_WITH_HINT,396.0,text only (landmark); R90 396 m,FIELD_FORCE,,
AD000975,DIRECT_VISIT,50.0,"visits disagree (n=1), largest cluster kept; R90 50 m",FIELD_FORCE,,
AD000976,VERIFY_FIRST,569.0,text only (locality); too uncertain to visit blind; R90 569 m,TELE_DIALER,ADDR_VERIFY_LOW_CONFIDENCE_KN,"Namaskara, nimma manege baralu swalpa sahaya beku. Dayavittu heli: nimma mane yaava cross athava raste alli ide, hattirada landmark yavudu (gudi, shaale, bus stop), mattu nimma gate yaava banna?"
AD000977,CANNOT_GEOCODE,,outside service area,TELE_DIALER,ADDR_VERIFY_OUT_OF_AREA_KN,"Namaskara, nimma manege baralu swalpa sahaya beku. Dayavittu heli: nimma mane yaava cross athava raste alli ide, hattirada landmark yavudu (gudi, shaale, bus stop), mattu nimma gate yaava banna?"
AD000978,DIRECT_VISIT,23.0,"visits disagree (n=5), largest cluster kept; R90 23 m",FIELD_FORCE,,
AD000979,VERIFY_FIRST,1148.0,text only (pincode area); too uncertain to visit blind; R90 1148 m,TELE_DIALER,ADDR_VERIFY_LOW_CONFIDENCE_HI,"Namaste, aapke ghar tak pahunchne ke liye thodi madad chahiye. Kripya bataiye: aapka ghar kaun si cross ya gali mein hai, sabse paas ka landmark kya hai (mandir, school, bus stop), aur aapke gate ka rang kya hai?"
AD000980,DIRECT_VISIT,23.0,4 agreeing visits; R90 23 m,FIELD_FORCE,,
AD000981,DIRECT_VISIT,68.0,1 good visit; R90 68 m,FIELD_FORCE,,
AD000982,DIRECT_VISIT,46.0,2 agreeing visits; R90 46 m,FIELD_FORCE,,
AD000983,CANNOT_GEOCODE,,outside service area,TELE_DIALER,ADDR_VERIFY_OUT_OF_AREA_EN,"Hello, we need a little help to reach your home. Please tell us which cross or street your house is on, the nearest landmark (temple, school, bus stop), and the colour of your gate."
AD000984,DIRECT_VISIT,37.0,1 good visit; R90 37 m,FIELD_FORCE,,
AD000985,VISIT_WITH_HINT,227.0,text only (neighbours); R90 227 m,FIELD_FORCE,,
AD000986,DIRECT_VISIT,20.0,4 agreeing visits; R90 20 m,FIELD_FORCE,,
AD000987,DIRECT_VISIT,34.0,1 good visit; R90 34 m,FIELD_FORCE,,
AD000988,VERIFY_FIRST,569.0,text only (locality); too uncertain to visit blind; R90 569 m,TELE_DIALER,ADDR_VERIFY_LOW_CONFIDENCE_KN,"Namaskara, nimma manege baralu swalpa sahaya beku. Dayavittu heli: nimma mane yaava cross athava raste alli ide, hattirada landmark yavudu (gudi, shaale, bus stop), mattu nimma gate yaava banna?"
AD000989,VISIT_WITH_HINT,403.0,text only (locality); R90 403 m,FIELD_FORCE,,
AD000990,VISIT_WITH_HINT,232.0,text only (baseline street); R90 232 m,FIELD_FORCE,,
AD000991,VISIT_WITH_HINT,135.0,"visits disagree (n=1), largest cluster kept; R90 135 m",FIELD_FORCE,,
AD000992,DIRECT_VISIT,36.0,1 good visit; R90 36 m,FIELD_FORCE,,
AD000993,VERIFY_FIRST,569.0,text only (locality); too uncertain to visit blind; R90 569 m,TELE_DIALER,ADDR_VERIFY_LOW_CONFIDENCE_EN,"Hello, we need a little help to reach your home. Please tell us which cross or street your house is on, the nearest landmark (temple, school, bus stop), and the colour of your gate."
AD000994,VISIT_WITH_HINT,437.0,text only (locality); R90 437 m,FIELD_FORCE,,
AD000995,VISIT_WITH_HINT,201.0,text only (landmark); R90 201 m,FIELD_FORCE,,
AD000996,VERIFY_FIRST,569.0,text only (locality); too uncertain to visit blind; R90 569 m,TELE_DIALER,ADDR_VERIFY_LOW_CONFIDENCE_HI,"Namaste, aapke ghar tak pahunchne ke liye thodi madad chahiye. Kripya bataiye: aapka ghar kaun si cross ya gali mein hai, sabse paas ka landmark kya hai (mandir, school, bus stop), aur aapke gate ka rang kya hai?"
AD000997,VISIT_WITH_HINT,239.0,text only (baseline street); R90 239 m,FIELD_FORCE,,
AD000998,VERIFY_FIRST,569.0,text only (locality); too uncertain to visit blind; R90 569 m,TELE_DIALER,ADDR_VERIFY_LOW_CONFIDENCE_HI,"Namaste, aapke ghar tak pahunchne ke liye thodi madad chahiye. Kripya bataiye: aapka ghar kaun si cross ya gali mein hai, sabse paas ka landmark kya hai (mandir, school, bus stop), aur aapke gate ka rang kya hai?"
AD000999,DIRECT_VISIT,35.0,1 good visit; R90 35 m,FIELD_FORCE,,
AD001000,DIRECT_VISIT,22.0,1 good visit; R90 22 m,FIELD_FORCE,,
AD001001,DIRECT_VISIT,36.0,1 good visit; R90 36 m,FIELD_FORCE,,
AD001002,VISIT_WITH_HINT,175.0,text only (neighbours); R90 175 m,FIELD_FORCE,,
AD001003,DIRECT_VISIT,28.0,"visits disagree (n=1), largest cluster kept; R90 28 m",FIELD_FORCE,,
AD001004,VISIT_WITH_HINT,329.0,text only (landmark); R90 329 m,FIELD_FORCE,,
AD001005,VISIT_WITH_HINT,396.0,text only (landmark); R90 396 m,FIELD_FORCE,,
AD001006,DIRECT_VISIT,45.0,1 good visit; R90 45 m,FIELD_FORCE,,
AD001007,VISIT_WITH_HINT,374.0,text only (baseline street); R90 374 m,FIELD_FORCE,,
AD001008,VISIT_WITH_HINT,215.0,text only (landmark); R90 215 m,FIELD_FORCE,,
AD001009,DIRECT_VISIT,42.0,1 good visit; R90 42 m,FIELD_FORCE,,
AD001010,VISIT_WITH_HINT,403.0,text only (locality); R90 403 m,FIELD_FORCE,,
AD001011,VISIT_WITH_HINT,329.0,text only (landmark); R90 329 m,FIELD_FORCE,,
AD001012,DIRECT_VISIT,17.0,6 agreeing visits; R90 17 m,FIELD_FORCE,,
AD001013,DIRECT_VISIT,30.0,7 agreeing visits; R90 30 m,FIELD_FORCE,,
AD001014,CANNOT_GEOCODE,,outside service area,TELE_DIALER,ADDR_VERIFY_OUT_OF_AREA_HI,"Namaste, aapke ghar tak pahunchne ke liye thodi madad chahiye. Kripya bataiye: aapka ghar kaun si cross ya gali mein hai, sabse paas ka landmark kya hai (mandir, school, bus stop), aur aapke gate ka rang kya hai?"
AD001015,VISIT_WITH_HINT,185.0,text only (landmark); R90 185 m,FIELD_FORCE,,
AD001016,VISIT_WITH_HINT,329.0,text only (landmark); R90 329 m,FIELD_FORCE,,
AD001017,DIRECT_VISIT,27.0,1 good visit; R90 27 m,FIELD_FORCE,,
AD001018,VISIT_WITH_HINT,175.0,text only (neighbours); R90 175 m,FIELD_FORCE,,
AD001019,VERIFY_FIRST,569.0,text only (locality); too uncertain to visit blind; R90 569 m,TELE_DIALER,ADDR_VERIFY_LOW_CONFIDENCE_HI,"Namaste, aapke ghar tak pahunchne ke liye thodi madad chahiye. Kripya bataiye: aapka ghar kaun si cross ya gali mein hai, sabse paas ka landmark kya hai (mandir, school, bus stop), aur aapke gate ka rang kya hai?"
AD001020,VISIT_WITH_HINT,255.0,text only (baseline street); R90 255 m,FIELD_FORCE,,
AD001021,DIRECT_VISIT,51.0,1 good visit; R90 51 m,FIELD_FORCE,,
AD001022,VISIT_WITH_HINT,329.0,text only (landmark); R90 329 m,FIELD_FORCE,,
AD001023,VISIT_WITH_HINT,396.0,text only (landmark); R90 396 m,FIELD_FORCE,,
AD001024,VISIT_WITH_HINT,329.0,text only (landmark); R90 329 m,FIELD_FORCE,,
AD001025,VISIT_WITH_HINT,437.0,text only (locality); R90 437 m,FIELD_FORCE,,
AD001026,DIRECT_VISIT,18.0,4 agreeing visits; R90 18 m,FIELD_FORCE,,
AD001027,VISIT_WITH_HINT,296.0,text only (landmark); R90 296 m,FIELD_FORCE,,
AD001028,VISIT_WITH_HINT,396.0,text only (landmark); R90 396 m,FIELD_FORCE,,
AD001029,VISIT_WITH_HINT,279.0,text only (landmark); R90 279 m,FIELD_FORCE,,
AD001030,CANNOT_GEOCODE,,outside service area,TELE_DIALER,ADDR_VERIFY_OUT_OF_AREA_HI,"Namaste, aapke ghar tak pahunchne ke liye thodi madad chahiye. Kripya bataiye: aapka ghar kaun si cross ya gali mein hai, sabse paas ka landmark kya hai (mandir, school, bus stop), aur aapke gate ka rang kya hai?"
AD001031,DIRECT_VISIT,37.0,"visits disagree (n=5), largest cluster kept; R90 37 m",FIELD_FORCE,,
AD001032,VISIT_WITH_HINT,387.0,text only (neighbours); R90 387 m,FIELD_FORCE,,
AD001033,DIRECT_VISIT,47.0,1 good visit; R90 47 m,FIELD_FORCE,,
AD001034,DIRECT_VISIT,14.0,4 agreeing visits; R90 14 m,FIELD_FORCE,,
AD001035,DIRECT_VISIT,40.0,"visits disagree (n=4), largest cluster kept; R90 40 m",FIELD_FORCE,,
AD001036,DIRECT_VISIT,54.0,"visits disagree (n=2), largest cluster kept; R90 54 m",FIELD_FORCE,,
AD001037,VISIT_WITH_HINT,231.0,text only (neighbours); R90 231 m,FIELD_FORCE,,
AD001038,CANNOT_GEOCODE,,outside service area,TELE_DIALER,ADDR_VERIFY_OUT_OF_AREA_KN,"Namaskara, nimma manege baralu swalpa sahaya beku. Dayavittu heli: nimma mane yaava cross athava raste alli ide, hattirada landmark yavudu (gudi, shaale, bus stop), mattu nimma gate yaava banna?"
AD001039,DIRECT_VISIT,68.0,1 good visit; R90 68 m,FIELD_FORCE,,
AD001040,DIRECT_VISIT,20.0,6 agreeing visits; R90 20 m,FIELD_FORCE,,
AD001041,VISIT_WITH_HINT,396.0,text only (landmark); R90 396 m,FIELD_FORCE,,
AD001042,DIRECT_VISIT,12.0,6 agreeing visits; R90 12 m,FIELD_FORCE,,
AD001043,DIRECT_VISIT,43.0,2 agreeing visits; R90 43 m,FIELD_FORCE,,
AD001044,VERIFY_FIRST,569.0,text only (locality); too uncertain to visit blind; R90 569 m,TELE_DIALER,ADDR_VERIFY_LOW_CONFIDENCE_KN,"Namaskara, nimma manege baralu swalpa sahaya beku. Dayavittu heli: nimma mane yaava cross athava raste alli ide, hattirada landmark yavudu (gudi, shaale, bus stop), mattu nimma gate yaava banna?"
AD001045,DIRECT_VISIT,27.0,4 agreeing visits; R90 27 m,FIELD_FORCE,,
AD001046,VISIT_WITH_HINT,194.0,text only (neighbours); R90 194 m,FIELD_FORCE,,
AD001047,DIRECT_VISIT,45.0,1 good visit; R90 45 m,FIELD_FORCE,,
AD001048,DIRECT_VISIT,32.0,1 good visit; R90 32 m,FIELD_FORCE,,
AD001049,VISIT_WITH_HINT,175.0,text only (neighbours); R90 175 m,FIELD_FORCE,,
AD001050,VERIFY_FIRST,569.0,text only (locality); too uncertain to visit blind; R90 569 m,TELE_DIALER,ADDR_VERIFY_LOW_CONFIDENCE_HI,"Namaste, aapke ghar tak pahunchne ke liye thodi madad chahiye. Kripya bataiye: aapka ghar kaun si cross ya gali mein hai, sabse paas ka landmark kya hai (mandir, school, bus stop), aur aapke gate ka rang kya hai?"
AD001051,CANNOT_GEOCODE,,outside service area,TELE_DIALER,ADDR_VERIFY_OUT_OF_AREA_HI,"Namaste, aapke ghar tak pahunchne ke liye thodi madad chahiye. Kripya bataiye: aapka ghar kaun si cross ya gali mein hai, sabse paas ka landmark kya hai (mandir, school, bus stop), aur aapke gate ka rang kya hai?"
AD001052,VERIFY_FIRST,569.0,text only (locality); too uncertain to visit blind; R90 569 m,TELE_DIALER,ADDR_VERIFY_LOW_CONFIDENCE_KN,"Namaskara, nimma manege baralu swalpa sahaya beku. Dayavittu heli: nimma mane yaava cross athava raste alli ide, hattirada landmark yavudu (gudi, shaale, bus stop), mattu nimma gate yaava banna?"
AD001053,DIRECT_VISIT,22.0,7 agreeing visits; R90 22 m,FIELD_FORCE,,
AD001054,DIRECT_VISIT,47.0,1 good visit; R90 47 m,FIELD_FORCE,,
AD001055,DIRECT_VISIT,20.0,5 agreeing visits; R90 20 m,FIELD_FORCE,,
AD001056,CANNOT_GEOCODE,,outside service area,TELE_DIALER,ADDR_VERIFY_OUT_OF_AREA_HI,"Namaste, aapke ghar tak pahunchne ke liye thodi madad chahiye. Kripya bataiye: aapka ghar kaun si cross ya gali mein hai, sabse paas ka landmark kya hai (mandir, school, bus stop), aur aapke gate ka rang kya hai?"
AD001057,DIRECT_VISIT,26.0,2 agreeing visits; R90 26 m,FIELD_FORCE,,
AD001058,VISIT_WITH_HINT,140.0,text only (neighbours); R90 140 m,FIELD_FORCE,,
AD001059,VERIFY_FIRST,569.0,text only (locality); too uncertain to visit blind; R90 569 m,TELE_DIALER,ADDR_VERIFY_LOW_CONFIDENCE_HI,"Namaste, aapke ghar tak pahunchne ke liye thodi madad chahiye. Kripya bataiye: aapka ghar kaun si cross ya gali mein hai, sabse paas ka landmark kya hai (mandir, school, bus stop), aur aapke gate ka rang kya hai?"
AD001060,DIRECT_VISIT,59.0,1 good visit; R90 59 m,FIELD_FORCE,,
AD001061,CANNOT_GEOCODE,,outside service area,TELE_DIALER,ADDR_VERIFY_OUT_OF_AREA_HI,"Namaste, aapke ghar tak pahunchne ke liye thodi madad chahiye. Kripya bataiye: aapka ghar kaun si cross ya gali mein hai, sabse paas ka landmark kya hai (mandir, school, bus stop), aur aapke gate ka rang kya hai?"
AD001062,VISIT_WITH_HINT,304.0,text only (neighbours); R90 304 m,FIELD_FORCE,,
AD001063,DIRECT_VISIT,34.0,1 good visit; R90 34 m,FIELD_FORCE,,
AD001064,DIRECT_VISIT,21.0,6 agreeing visits; R90 21 m,FIELD_FORCE,,
AD001065,VISIT_WITH_HINT,396.0,text only (landmark); R90 396 m,FIELD_FORCE,,
AD001066,VISIT_WITH_HINT,333.0,text only (neighbours); R90 333 m,FIELD_FORCE,,
AD001067,DIRECT_VISIT,46.0,1 good visit; R90 46 m,FIELD_FORCE,,
AD001068,VISIT_WITH_HINT,333.0,text only (neighbours); R90 333 m,FIELD_FORCE,,
AD001069,VISIT_WITH_HINT,396.0,text only (landmark); R90 396 m,FIELD_FORCE,,
AD001070,VISIT_WITH_HINT,329.0,text only (landmark); R90 329 m,FIELD_FORCE,,
AD001071,DIRECT_VISIT,83.0,"visits disagree (n=1), largest cluster kept; R90 83 m",FIELD_FORCE,,
AD001072,CANNOT_GEOCODE,,outside service area,TELE_DIALER,ADDR_VERIFY_OUT_OF_AREA_KN,"Namaskara, nimma manege baralu swalpa sahaya beku. Dayavittu heli: nimma mane yaava cross athava raste alli ide, hattirada landmark yavudu (gudi, shaale, bus stop), mattu nimma gate yaava banna?"
AD001073,VISIT_WITH_HINT,234.0,text only (landmark); R90 234 m,FIELD_FORCE,,
AD001074,DIRECT_VISIT,35.0,1 good visit; R90 35 m,FIELD_FORCE,,
AD001075,VISIT_WITH_HINT,215.0,text only (landmark); R90 215 m,FIELD_FORCE,,
AD001076,VISIT_WITH_HINT,329.0,text only (landmark); R90 329 m,FIELD_FORCE,,
AD001077,CANNOT_GEOCODE,,outside service area,TELE_DIALER,ADDR_VERIFY_OUT_OF_AREA_EN,"Hello, we need a little help to reach your home. Please tell us which cross or street your house is on, the nearest landmark (temple, school, bus stop), and the colour of your gate."
AD001078,DIRECT_VISIT,35.0,"visits disagree (n=5), largest cluster kept; R90 35 m",FIELD_FORCE,,
AD001079,DIRECT_VISIT,26.0,3 agreeing visits; R90 26 m,FIELD_FORCE,,
AD001080,DIRECT_VISIT,38.0,3 agreeing visits; R90 38 m,FIELD_FORCE,,
AD001081,VISIT_WITH_HINT,378.0,text only (neighbours); R90 378 m,FIELD_FORCE,,
AD001082,VISIT_WITH_HINT,279.0,text only (landmark); R90 279 m,FIELD_FORCE,,
AD001083,DIRECT_VISIT,14.0,8 agreeing visits; R90 14 m,FIELD_FORCE,,
AD001084,VISIT_WITH_HINT,296.0,text only (landmark); R90 296 m,FIELD_FORCE,,
AD001085,CANNOT_GEOCODE,,outside service area,TELE_DIALER,ADDR_VERIFY_OUT_OF_AREA_HI,"Namaste, aapke ghar tak pahunchne ke liye thodi madad chahiye. Kripya bataiye: aapka ghar kaun si cross ya gali mein hai, sabse paas ka landmark kya hai (mandir, school, bus stop), aur aapke gate ka rang kya hai?"
AD001086,VISIT_WITH_HINT,304.0,text only (neighbours); R90 304 m,FIELD_FORCE,,
AD001087,DIRECT_VISIT,29.0,3 agreeing visits; R90 29 m,FIELD_FORCE,,
AD001088,DIRECT_VISIT,26.0,3 agreeing visits; R90 26 m,FIELD_FORCE,,
AD001089,VISIT_WITH_HINT,329.0,text only (landmark); R90 329 m,FIELD_FORCE,,
AD001090,CANNOT_GEOCODE,,outside service area,TELE_DIALER,ADDR_VERIFY_OUT_OF_AREA_HI,"Namaste, aapke ghar tak pahunchne ke liye thodi madad chahiye. Kripya bataiye: aapka ghar kaun si cross ya gali mein hai, sabse paas ka landmark kya hai (mandir, school, bus stop), aur aapke gate ka rang kya hai?"
AD001091,DIRECT_VISIT,60.0,2 agreeing visits; R90 60 m,FIELD_FORCE,,
AD001092,VISIT_WITH_HINT,230.0,text only (neighbours); R90 230 m,FIELD_FORCE,,
AD001093,CANNOT_GEOCODE,,outside service area,TELE_DIALER,ADDR_VERIFY_OUT_OF_AREA_KN,"Namaskara, nimma manege baralu swalpa sahaya beku. Dayavittu heli: nimma mane yaava cross athava raste alli ide, hattirada landmark yavudu (gudi, shaale, bus stop), mattu nimma gate yaava banna?"
AD001094,DIRECT_VISIT,23.0,3 agreeing visits; R90 23 m,FIELD_FORCE,,
AD001095,VERIFY_FIRST,7235.0,text only (pincode area); too uncertain to visit blind; R90 7235 m,TELE_DIALER,ADDR_VERIFY_LOW_CONFIDENCE_HI,"Namaste, aapke ghar tak pahunchne ke liye thodi madad chahiye. Kripya bataiye: aapka ghar kaun si cross ya gali mein hai, sabse paas ka landmark kya hai (mandir, school, bus stop), aur aapke gate ka rang kya hai?"
AD001096,DIRECT_VISIT,18.0,4 agreeing visits; R90 18 m,FIELD_FORCE,,
AD001097,VISIT_WITH_HINT,329.0,text only (landmark); R90 329 m,FIELD_FORCE,,
AD001098,VERIFY_FIRST,3348.0,text only (pincode area); too uncertain to visit blind; R90 3348 m,TELE_DIALER,ADDR_VERIFY_LOW_CONFIDENCE_KN,"Namaskara, nimma manege baralu swalpa sahaya beku. Dayavittu heli: nimma mane yaava cross athava raste alli ide, hattirada landmark yavudu (gudi, shaale, bus stop), mattu nimma gate yaava banna?"
AD001099,VISIT_WITH_HINT,194.0,text only (neighbours); R90 194 m,FIELD_FORCE,,
AD001100,DIRECT_VISIT,27.0,4 agreeing visits; R90 27 m,FIELD_FORCE,,
AD001101,VERIFY_FIRST,569.0,text only (locality); too uncertain to visit blind; R90 569 m,TELE_DIALER,ADDR_VERIFY_LOW_CONFIDENCE_KN,"Namaskara, nimma manege baralu swalpa sahaya beku. Dayavittu heli: nimma mane yaava cross athava raste alli ide, hattirada landmark yavudu (gudi, shaale, bus stop), mattu nimma gate yaava banna?"
AD001102,VISIT_WITH_HINT,279.0,text only (landmark); R90 279 m,FIELD_FORCE,,
AD001103,VISIT_WITH_HINT,396.0,text only (landmark); R90 396 m,FIELD_FORCE,,
AD001104,VISIT_WITH_HINT,396.0,text only (landmark); R90 396 m,FIELD_FORCE,,
AD001105,DIRECT_VISIT,34.0,"visits disagree (n=2), largest cluster kept; R90 34 m",FIELD_FORCE,,
AD001106,CANNOT_GEOCODE,,outside service area,TELE_DIALER,ADDR_VERIFY_OUT_OF_AREA_KN,"Namaskara, nimma manege baralu swalpa sahaya beku. Dayavittu heli: nimma mane yaava cross athava raste alli ide, hattirada landmark yavudu (gudi, shaale, bus stop), mattu nimma gate yaava banna?"
AD001107,VISIT_WITH_HINT,396.0,text only (landmark); R90 396 m,FIELD_FORCE,,
AD001108,DIRECT_VISIT,34.0,"visits disagree (n=1), largest cluster kept; R90 34 m",FIELD_FORCE,,
AD001109,VISIT_WITH_HINT,329.0,text only (landmark); R90 329 m,FIELD_FORCE,,
AD001110,DIRECT_VISIT,39.0,1 good visit; R90 39 m,FIELD_FORCE,,
AD001111,CANNOT_GEOCODE,,outside service area,TELE_DIALER,ADDR_VERIFY_OUT_OF_AREA_KN,"Namaskara, nimma manege baralu swalpa sahaya beku. Dayavittu heli: nimma mane yaava cross athava raste alli ide, hattirada landmark yavudu (gudi, shaale, bus stop), mattu nimma gate yaava banna?"
AD001112,VISIT_WITH_HINT,329.0,text only (landmark); R90 329 m,FIELD_FORCE,,
AD001113,VISIT_WITH_HINT,175.0,text only (neighbours); R90 175 m,FIELD_FORCE,,
AD001114,VISIT_WITH_HINT,272.0,text only (landmark); R90 272 m,FIELD_FORCE,,
AD001115,VISIT_WITH_HINT,276.0,text only (landmark); R90 276 m,FIELD_FORCE,,
AD001116,DIRECT_VISIT,27.0,"visits disagree (n=3), largest cluster kept; R90 27 m",FIELD_FORCE,,
AD001117,VISIT_WITH_HINT,403.0,text only (locality); R90 403 m,FIELD_FORCE,,
AD001118,VISIT_WITH_HINT,194.0,text only (neighbours); R90 194 m,FIELD_FORCE,,
AD001119,VISIT_WITH_HINT,194.0,text only (neighbours); R90 194 m,FIELD_FORCE,,
AD001120,VISIT_WITH_HINT,231.0,text only (neighbours); R90 231 m,FIELD_FORCE,,
AD001121,DIRECT_VISIT,37.0,3 agreeing visits; R90 37 m,FIELD_FORCE,,
AD001122,DIRECT_VISIT,24.0,5 agreeing visits; R90 24 m,FIELD_FORCE,,
AD001123,VISIT_WITH_HINT,194.0,text only (neighbours); R90 194 m,FIELD_FORCE,,
AD001124,DIRECT_VISIT,71.0,1 good visit; R90 71 m,FIELD_FORCE,,
AD001125,VISIT_WITH_HINT,215.0,text only (landmark); R90 215 m,FIELD_FORCE,,
AD001126,VISIT_WITH_HINT,437.0,text only (locality); R90 437 m,FIELD_FORCE,,
AD001127,DIRECT_VISIT,55.0,"visits disagree (n=5), largest cluster kept; R90 55 m",FIELD_FORCE,,
AD001128,DIRECT_VISIT,57.0,3 agreeing visits; R90 57 m,FIELD_FORCE,,
AD001129,VISIT_WITH_HINT,229.0,text only (baseline street); R90 229 m,FIELD_FORCE,,
AD001130,DIRECT_VISIT,18.0,"visits disagree (n=5), largest cluster kept; R90 18 m",FIELD_FORCE,,
AD001131,DIRECT_VISIT,41.0,2 agreeing visits; R90 41 m,FIELD_FORCE,,
AD001132,VISIT_WITH_HINT,201.0,text only (landmark); R90 201 m,FIELD_FORCE,,
AD001133,DIRECT_VISIT,21.0,4 agreeing visits; R90 21 m,FIELD_FORCE,,
AD001134,VISIT_WITH_HINT,372.0,text only (neighbours); R90 372 m,FIELD_FORCE,,
AD001135,DIRECT_VISIT,21.0,"visits disagree (n=5), largest cluster kept; R90 21 m",FIELD_FORCE,,
AD001136,DIRECT_VISIT,30.0,4 agreeing visits; R90 30 m,FIELD_FORCE,,
AD001137,VISIT_WITH_HINT,396.0,text only (landmark); R90 396 m,FIELD_FORCE,,
AD001138,DIRECT_VISIT,35.0,2 agreeing visits; R90 35 m,FIELD_FORCE,,
AD001139,VISIT_WITH_HINT,396.0,text only (landmark); R90 396 m,FIELD_FORCE,,
AD001140,VISIT_WITH_HINT,329.0,text only (landmark); R90 329 m,FIELD_FORCE,,
AD001141,VISIT_WITH_HINT,194.0,text only (neighbours); R90 194 m,FIELD_FORCE,,
AD001142,VISIT_WITH_HINT,194.0,text only (neighbours); R90 194 m,FIELD_FORCE,,
AD001143,VISIT_WITH_HINT,230.0,text only (neighbours); R90 230 m,FIELD_FORCE,,
AD001144,VISIT_WITH_HINT,215.0,text only (landmark); R90 215 m,FIELD_FORCE,,
AD001145,DIRECT_VISIT,23.0,"visits disagree (n=3), largest cluster kept; R90 23 m",FIELD_FORCE,,
AD001146,VISIT_WITH_HINT,396.0,text only (landmark); R90 396 m,FIELD_FORCE,,
AD001147,VISIT_WITH_HINT,396.0,text only (landmark); R90 396 m,FIELD_FORCE,,
AD001148,VERIFY_FIRST,569.0,text only (locality); too uncertain to visit blind; R90 569 m,TELE_DIALER,ADDR_VERIFY_LOW_CONFIDENCE_HI,"Namaste, aapke ghar tak pahunchne ke liye thodi madad chahiye. Kripya bataiye: aapka ghar kaun si cross ya gali mein hai, sabse paas ka landmark kya hai (mandir, school, bus stop), aur aapke gate ka rang kya hai?"
AD001149,DIRECT_VISIT,33.0,"visits disagree (n=3), largest cluster kept; R90 33 m",FIELD_FORCE,,
AD001150,VISIT_WITH_HINT,396.0,text only (landmark); R90 396 m,FIELD_FORCE,,
AD001151,DIRECT_VISIT,17.0,"visits disagree (n=5), largest cluster kept; R90 17 m",FIELD_FORCE,,
AD001152,DIRECT_VISIT,18.0,6 agreeing visits; R90 18 m,FIELD_FORCE,,
AD001153,VISIT_WITH_HINT,396.0,text only (landmark); R90 396 m,FIELD_FORCE,,
AD001154,DIRECT_VISIT,19.0,5 agreeing visits; R90 19 m,FIELD_FORCE,,
AD001155,VISIT_WITH_HINT,239.0,text only (baseline street); R90 239 m,FIELD_FORCE,,
AD001156,DIRECT_VISIT,24.0,"visits disagree (n=3), largest cluster kept; R90 24 m",FIELD_FORCE,,
AD001157,DIRECT_VISIT,46.0,1 good visit; R90 46 m,FIELD_FORCE,,
AD001158,DIRECT_VISIT,36.0,1 good visit; R90 36 m,FIELD_FORCE,,
AD001159,CANNOT_GEOCODE,,outside service area,TELE_DIALER,ADDR_VERIFY_OUT_OF_AREA_HI,"Namaste, aapke ghar tak pahunchne ke liye thodi madad chahiye. Kripya bataiye: aapka ghar kaun si cross ya gali mein hai, sabse paas ka landmark kya hai (mandir, school, bus stop), aur aapke gate ka rang kya hai?"
AD001160,DIRECT_VISIT,49.0,1 good visit; R90 49 m,FIELD_FORCE,,
AD001161,VISIT_WITH_HINT,185.0,text only (landmark); R90 185 m,FIELD_FORCE,,
AD001162,DIRECT_VISIT,69.0,1 good visit; R90 69 m,FIELD_FORCE,,
AD001163,VISIT_WITH_HINT,329.0,text only (landmark); R90 329 m,FIELD_FORCE,,
AD001164,VISIT_WITH_HINT,329.0,text only (landmark); R90 329 m,FIELD_FORCE,,
AD001165,DIRECT_VISIT,45.0,1 good visit; R90 45 m,FIELD_FORCE,,
AD001166,VISIT_WITH_HINT,140.0,text only (neighbours); R90 140 m,FIELD_FORCE,,
AD001167,VISIT_WITH_HINT,396.0,text only (landmark); R90 396 m,FIELD_FORCE,,
AD001168,VISIT_WITH_HINT,329.0,text only (landmark); R90 329 m,FIELD_FORCE,,
AD001169,CANNOT_GEOCODE,,outside service area,TELE_DIALER,ADDR_VERIFY_OUT_OF_AREA_HI,"Namaste, aapke ghar tak pahunchne ke liye thodi madad chahiye. Kripya bataiye: aapka ghar kaun si cross ya gali mein hai, sabse paas ka landmark kya hai (mandir, school, bus stop), aur aapke gate ka rang kya hai?"
AD001170,DIRECT_VISIT,40.0,"visits disagree (n=4), largest cluster kept; R90 40 m",FIELD_FORCE,,
AD001171,DIRECT_VISIT,47.0,1 good visit; R90 47 m,FIELD_FORCE,,
AD001172,VISIT_WITH_HINT,133.0,text only (neighbours); R90 133 m,FIELD_FORCE,,
AD001173,VERIFY_FIRST,569.0,text only (locality); too uncertain to visit blind; R90 569 m,TELE_DIALER,ADDR_VERIFY_LOW_CONFIDENCE_KN,"Namaskara, nimma manege baralu swalpa sahaya beku. Dayavittu heli: nimma mane yaava cross athava raste alli ide, hattirada landmark yavudu (gudi, shaale, bus stop), mattu nimma gate yaava banna?"
AD001174,DIRECT_VISIT,25.0,3 agreeing visits; R90 25 m,FIELD_FORCE,,
AD001175,VISIT_WITH_HINT,161.0,text only (neighbours); R90 161 m,FIELD_FORCE,,
AD001176,DIRECT_VISIT,30.0,"visits disagree (n=3), largest cluster kept; R90 30 m",FIELD_FORCE,,
AD001177,VISIT_WITH_HINT,365.0,text only (neighbours); R90 365 m,FIELD_FORCE,,
AD001178,DIRECT_VISIT,42.0,2 agreeing visits; R90 42 m,FIELD_FORCE,,
AD001179,CANNOT_GEOCODE,,outside service area,TELE_DIALER,ADDR_VERIFY_OUT_OF_AREA_HI,"Namaste, aapke ghar tak pahunchne ke liye thodi madad chahiye. Kripya bataiye: aapka ghar kaun si cross ya gali mein hai, sabse paas ka landmark kya hai (mandir, school, bus stop), aur aapke gate ka rang kya hai?"
AD001180,VERIFY_FIRST,569.0,text only (locality); too uncertain to visit blind; R90 569 m,TELE_DIALER,ADDR_VERIFY_LOW_CONFIDENCE_HI,"Namaste, aapke ghar tak pahunchne ke liye thodi madad chahiye. Kripya bataiye: aapka ghar kaun si cross ya gali mein hai, sabse paas ka landmark kya hai (mandir, school, bus stop), aur aapke gate ka rang kya hai?"
AD001181,VISIT_WITH_HINT,194.0,text only (neighbours); R90 194 m,FIELD_FORCE,,
AD001182,VERIFY_FIRST,569.0,text only (locality); too uncertain to visit blind; R90 569 m,TELE_DIALER,ADDR_VERIFY_LOW_CONFIDENCE_HI,"Namaste, aapke ghar tak pahunchne ke liye thodi madad chahiye. Kripya bataiye: aapka ghar kaun si cross ya gali mein hai, sabse paas ka landmark kya hai (mandir, school, bus stop), aur aapke gate ka rang kya hai?"
AD001183,VISIT_WITH_HINT,175.0,text only (neighbours); R90 175 m,FIELD_FORCE,,
AD001184,VISIT_WITH_HINT,175.0,text only (neighbours); R90 175 m,FIELD_FORCE,,
AD001185,CANNOT_GEOCODE,,outside service area,TELE_DIALER,ADDR_VERIFY_OUT_OF_AREA_KN,"Namaskara, nimma manege baralu swalpa sahaya beku. Dayavittu heli: nimma mane yaava cross athava raste alli ide, hattirada landmark yavudu (gudi, shaale, bus stop), mattu nimma gate yaava banna?"
AD001186,DIRECT_VISIT,19.0,"visits disagree (n=6), largest cluster kept; R90 19 m",FIELD_FORCE,,
AD001187,DIRECT_VISIT,26.0,2 agreeing visits; R90 26 m,FIELD_FORCE,,
AD001188,VERIFY_FIRST,837.0,text only (locality); too uncertain to visit blind; R90 837 m,TELE_DIALER,ADDR_VERIFY_LOW_CONFIDENCE_HI,"Namaste, aapke ghar tak pahunchne ke liye thodi madad chahiye. Kripya bataiye: aapka ghar kaun si cross ya gali mein hai, sabse paas ka landmark kya hai (mandir, school, bus stop), aur aapke gate ka rang kya hai?"
AD001189,VERIFY_FIRST,569.0,text only (locality); too uncertain to visit blind; R90 569 m,TELE_DIALER,ADDR_VERIFY_LOW_CONFIDENCE_HI,"Namaste, aapke ghar tak pahunchne ke liye thodi madad chahiye. Kripya bataiye: aapka ghar kaun si cross ya gali mein hai, sabse paas ka landmark kya hai (mandir, school, bus stop), aur aapke gate ka rang kya hai?"
AD001190,VISIT_WITH_HINT,387.0,text only (neighbours); R90 387 m,FIELD_FORCE,,
AD001191,DIRECT_VISIT,48.0,1 good visit; R90 48 m,FIELD_FORCE,,
AD001192,VISIT_WITH_HINT,329.0,text only (landmark); R90 329 m,FIELD_FORCE,,
AD001193,VISIT_WITH_HINT,276.0,text only (landmark); R90 276 m,FIELD_FORCE,,
AD001194,VISIT_WITH_HINT,271.0,text only (landmark); R90 271 m,FIELD_FORCE,,
AD001195,VISIT_WITH_HINT,279.0,text only (landmark); R90 279 m,FIELD_FORCE,,
AD001196,VISIT_WITH_HINT,396.0,text only (landmark); R90 396 m,FIELD_FORCE,,
AD001197,DIRECT_VISIT,70.0,1 good visit; R90 70 m,FIELD_FORCE,,
AD001198,DIRECT_VISIT,55.0,1 good visit; R90 55 m,FIELD_FORCE,,
AD001199,VERIFY_FIRST,569.0,text only (locality); too uncertain to visit blind; R90 569 m,TELE_DIALER,ADDR_VERIFY_LOW_CONFIDENCE_KN,"Namaskara, nimma manege baralu swalpa sahaya beku. Dayavittu heli: nimma mane yaava cross athava raste alli ide, hattirada landmark yavudu (gudi, shaale, bus stop), mattu nimma gate yaava banna?"
AD001200,DIRECT_VISIT,22.0,4 agreeing visits; R90 22 m,FIELD_FORCE,,
AD001201,DIRECT_VISIT,48.0,1 good visit; R90 48 m,FIELD_FORCE,,
AD001202,VISIT_WITH_HINT,329.0,text only (landmark); R90 329 m,FIELD_FORCE,,
AD001203,VISIT_WITH_HINT,204.0,text only (baseline street); R90 204 m,FIELD_FORCE,,
AD001204,VISIT_WITH_HINT,329.0,text only (landmark); R90 329 m,FIELD_FORCE,,
AD001205,CANNOT_GEOCODE,,outside service area,TELE_DIALER,ADDR_VERIFY_OUT_OF_AREA_HI,"Namaste, aapke ghar tak pahunchne ke liye thodi madad chahiye. Kripya bataiye: aapka ghar kaun si cross ya gali mein hai, sabse paas ka landmark kya hai (mandir, school, bus stop), aur aapke gate ka rang kya hai?"
AD001206,VISIT_WITH_HINT,175.0,text only (neighbours); R90 175 m,FIELD_FORCE,,
AD001207,DIRECT_VISIT,12.0,5 agreeing visits; R90 12 m,FIELD_FORCE,,
AD001208,DIRECT_VISIT,46.0,1 good visit; R90 46 m,FIELD_FORCE,,
AD001209,VISIT_WITH_HINT,255.0,text only (baseline street); R90 255 m,FIELD_FORCE,,
AD001210,VISIT_WITH_HINT,296.0,text only (landmark); R90 296 m,FIELD_FORCE,,
AD001211,VISIT_WITH_HINT,387.0,text only (neighbours); R90 387 m,FIELD_FORCE,,
AD001212,DIRECT_VISIT,43.0,4 agreeing visits; R90 43 m,FIELD_FORCE,,
AD001213,VISIT_WITH_HINT,194.0,text only (neighbours); R90 194 m,FIELD_FORCE,,
AD001214,DIRECT_VISIT,53.0,1 good visit; R90 53 m,FIELD_FORCE,,
AD001215,VERIFY_FIRST,569.0,text only (locality); too uncertain to visit blind; R90 569 m,TELE_DIALER,ADDR_VERIFY_LOW_CONFIDENCE_HI,"Namaste, aapke ghar tak pahunchne ke liye thodi madad chahiye. Kripya bataiye: aapka ghar kaun si cross ya gali mein hai, sabse paas ka landmark kya hai (mandir, school, bus stop), aur aapke gate ka rang kya hai?"
AD001216,DIRECT_VISIT,41.0,1 good visit; R90 41 m,FIELD_FORCE,,
AD001217,VISIT_WITH_HINT,234.0,text only (landmark); R90 234 m,FIELD_FORCE,,
AD001218,VERIFY_FIRST,569.0,text only (locality); too uncertain to visit blind; R90 569 m,TELE_DIALER,ADDR_VERIFY_LOW_CONFIDENCE_KN,"Namaskara, nimma manege baralu swalpa sahaya beku. Dayavittu heli: nimma mane yaava cross athava raste alli ide, hattirada landmark yavudu (gudi, shaale, bus stop), mattu nimma gate yaava banna?"
AD001219,DIRECT_VISIT,49.0,1 good visit; R90 49 m,FIELD_FORCE,,
AD001220,DIRECT_VISIT,36.0,2 agreeing visits; R90 36 m,FIELD_FORCE,,
AD001221,CANNOT_GEOCODE,,outside service area,TELE_DIALER,ADDR_VERIFY_OUT_OF_AREA_EN,"Hello, we need a little help to reach your home. Please tell us which cross or street your house is on, the nearest landmark (temple, school, bus stop), and the colour of your gate."
AD001222,VERIFY_FIRST,569.0,text only (locality); too uncertain to visit blind; R90 569 m,TELE_DIALER,ADDR_VERIFY_LOW_CONFIDENCE_HI,"Namaste, aapke ghar tak pahunchne ke liye thodi madad chahiye. Kripya bataiye: aapka ghar kaun si cross ya gali mein hai, sabse paas ka landmark kya hai (mandir, school, bus stop), aur aapke gate ka rang kya hai?"
AD001223,DIRECT_VISIT,34.0,2 agreeing visits; R90 34 m,FIELD_FORCE,,
AD001224,VERIFY_FIRST,2277.0,text only (locality); too uncertain to visit blind; R90 2277 m,TELE_DIALER,ADDR_VERIFY_NOT_TRACEABLE_EN,"Hello, we need a little help to reach your home. Please tell us which cross or street your house is on, the nearest landmark (temple, school, bus stop), and the colour of your gate."
AD001225,VISIT_WITH_HINT,285.0,text only (landmark); R90 285 m,FIELD_FORCE,,
AD001226,VERIFY_FIRST,2278.0,text only (pincode area); too uncertain to visit blind; R90 2278 m,TELE_DIALER,ADDR_VERIFY_LOW_CONFIDENCE_HI,"Namaste, aapke ghar tak pahunchne ke liye thodi madad chahiye. Kripya bataiye: aapka ghar kaun si cross ya gali mein hai, sabse paas ka landmark kya hai (mandir, school, bus stop), aur aapke gate ka rang kya hai?"
AD001227,VISIT_WITH_HINT,194.0,text only (neighbours); R90 194 m,FIELD_FORCE,,
AD001228,VERIFY_FIRST,569.0,text only (locality); too uncertain to visit blind; R90 569 m,TELE_DIALER,ADDR_VERIFY_LOW_CONFIDENCE_KN,"Namaskara, nimma manege baralu swalpa sahaya beku. Dayavittu heli: nimma mane yaava cross athava raste alli ide, hattirada landmark yavudu (gudi, shaale, bus stop), mattu nimma gate yaava banna?"
AD001229,CANNOT_GEOCODE,,outside service area,TELE_DIALER,ADDR_VERIFY_OUT_OF_AREA_KN,"Namaskara, nimma manege baralu swalpa sahaya beku. Dayavittu heli: nimma mane yaava cross athava raste alli ide, hattirada landmark yavudu (gudi, shaale, bus stop), mattu nimma gate yaava banna?"
AD001230,VISIT_WITH_HINT,215.0,text only (landmark); R90 215 m,FIELD_FORCE,,
AD001231,DIRECT_VISIT,20.0,2 agreeing visits; R90 20 m,FIELD_FORCE,,
AD001232,DIRECT_VISIT,22.0,"visits disagree (n=6), largest cluster kept; R90 22 m",FIELD_FORCE,,
AD001233,DIRECT_VISIT,29.0,5 agreeing visits; R90 29 m,FIELD_FORCE,,
AD001234,VISIT_WITH_HINT,396.0,text only (landmark); R90 396 m,FIELD_FORCE,,
AD001235,CANNOT_GEOCODE,,outside service area,TELE_DIALER,ADDR_VERIFY_OUT_OF_AREA_KN,"Namaskara, nimma manege baralu swalpa sahaya beku. Dayavittu heli: nimma mane yaava cross athava raste alli ide, hattirada landmark yavudu (gudi, shaale, bus stop), mattu nimma gate yaava banna?"
AD001236,DIRECT_VISIT,22.0,"visits disagree (n=5), largest cluster kept; R90 22 m",FIELD_FORCE,,
AD001237,DIRECT_VISIT,44.0,"visits disagree (n=1), largest cluster kept; R90 44 m",FIELD_FORCE,,
AD001238,VISIT_WITH_HINT,271.0,text only (landmark); R90 271 m,FIELD_FORCE,,
AD001239,DIRECT_VISIT,34.0,3 agreeing visits; R90 34 m,FIELD_FORCE,,
AD001240,DIRECT_VISIT,11.0,"visits disagree (n=6), largest cluster kept; R90 11 m",FIELD_FORCE,,
AD001241,CANNOT_GEOCODE,,outside service area,TELE_DIALER,ADDR_VERIFY_OUT_OF_AREA_KN,"Namaskara, nimma manege baralu swalpa sahaya beku. Dayavittu heli: nimma mane yaava cross athava raste alli ide, hattirada landmark yavudu (gudi, shaale, bus stop), mattu nimma gate yaava banna?"
AD001242,DIRECT_VISIT,23.0,"visits disagree (n=6), largest cluster kept; R90 23 m",FIELD_FORCE,,
AD001243,VISIT_WITH_HINT,133.0,text only (neighbours); R90 133 m,FIELD_FORCE,,
AD001244,CANNOT_GEOCODE,,outside service area,TELE_DIALER,ADDR_VERIFY_OUT_OF_AREA_KN,"Namaskara, nimma manege baralu swalpa sahaya beku. Dayavittu heli: nimma mane yaava cross athava raste alli ide, hattirada landmark yavudu (gudi, shaale, bus stop), mattu nimma gate yaava banna?"
AD001245,DIRECT_VISIT,48.0,1 good visit; R90 48 m,FIELD_FORCE,,
AD001246,VERIFY_FIRST,837.0,text only (locality); too uncertain to visit blind; R90 837 m,TELE_DIALER,ADDR_VERIFY_LOW_CONFIDENCE_KN,"Namaskara, nimma manege baralu swalpa sahaya beku. Dayavittu heli: nimma mane yaava cross athava raste alli ide, hattirada landmark yavudu (gudi, shaale, bus stop), mattu nimma gate yaava banna?"
AD001247,DIRECT_VISIT,32.0,1 good visit; R90 32 m,FIELD_FORCE,,
AD001248,DIRECT_VISIT,49.0,1 good visit; R90 49 m,FIELD_FORCE,,
AD001249,VISIT_WITH_HINT,175.0,text only (neighbours); R90 175 m,FIELD_FORCE,,
AD001250,VISIT_WITH_HINT,133.0,text only (neighbours); R90 133 m,FIELD_FORCE,,
AD001251,VISIT_WITH_HINT,329.0,text only (landmark); R90 329 m,FIELD_FORCE,,
AD001252,VISIT_WITH_HINT,296.0,text only (landmark); R90 296 m,FIELD_FORCE,,
AD001253,VISIT_WITH_HINT,120.0,text only (neighbours); R90 120 m,FIELD_FORCE,,
AD001254,DIRECT_VISIT,18.0,6 agreeing visits; R90 18 m,FIELD_FORCE,,
AD001255,VISIT_WITH_HINT,161.0,text only (neighbours); R90 161 m,FIELD_FORCE,,
AD001256,DIRECT_VISIT,14.0,7 agreeing visits; R90 14 m,FIELD_FORCE,,
AD001257,DIRECT_VISIT,26.0,2 agreeing visits; R90 26 m,FIELD_FORCE,,
AD001258,DIRECT_VISIT,64.0,1 good visit; R90 64 m,FIELD_FORCE,,
AD001259,VISIT_WITH_HINT,329.0,text only (landmark); R90 329 m,FIELD_FORCE,,
AD001260,VISIT_WITH_HINT,483.0,text only (landmark); R90 483 m,FIELD_FORCE,,
AD001261,VERIFY_FIRST,569.0,text only (locality); too uncertain to visit blind; R90 569 m,TELE_DIALER,ADDR_VERIFY_LOW_CONFIDENCE_KN,"Namaskara, nimma manege baralu swalpa sahaya beku. Dayavittu heli: nimma mane yaava cross athava raste alli ide, hattirada landmark yavudu (gudi, shaale, bus stop), mattu nimma gate yaava banna?"
AD001262,DIRECT_VISIT,48.0,1 good visit; R90 48 m,FIELD_FORCE,,
AD001263,VISIT_WITH_HINT,329.0,text only (landmark); R90 329 m,FIELD_FORCE,,
AD001264,VERIFY_FIRST,569.0,text only (locality); too uncertain to visit blind; R90 569 m,TELE_DIALER,ADDR_VERIFY_LOW_CONFIDENCE_EN,"Hello, we need a little help to reach your home. Please tell us which cross or street your house is on, the nearest landmark (temple, school, bus stop), and the colour of your gate."
AD001265,VERIFY_FIRST,569.0,text only (locality); too uncertain to visit blind; R90 569 m,TELE_DIALER,ADDR_VERIFY_LOW_CONFIDENCE_EN,"Hello, we need a little help to reach your home. Please tell us which cross or street your house is on, the nearest landmark (temple, school, bus stop), and the colour of your gate."
AD001266,VISIT_WITH_HINT,329.0,text only (landmark); R90 329 m,FIELD_FORCE,,
AD001267,DIRECT_VISIT,56.0,1 good visit; R90 56 m,FIELD_FORCE,,
AD001268,DIRECT_VISIT,37.0,"visits disagree (n=3), largest cluster kept; R90 37 m",FIELD_FORCE,,
AD001269,DIRECT_VISIT,62.0,1 good visit; R90 62 m,FIELD_FORCE,,
AD001270,VERIFY_FIRST,569.0,text only (locality); too uncertain to visit blind; R90 569 m,TELE_DIALER,ADDR_VERIFY_LOW_CONFIDENCE_KN,"Namaskara, nimma manege baralu swalpa sahaya beku. Dayavittu heli: nimma mane yaava cross athava raste alli ide, hattirada landmark yavudu (gudi, shaale, bus stop), mattu nimma gate yaava banna?"
AD001271,DIRECT_VISIT,32.0,1 good visit; R90 32 m,FIELD_FORCE,,
AD001272,DIRECT_VISIT,51.0,"visits disagree (n=4), largest cluster kept; R90 51 m",FIELD_FORCE,,
AD001273,DIRECT_VISIT,21.0,"visits disagree (n=3), largest cluster kept; R90 21 m",FIELD_FORCE,,
AD001274,DIRECT_VISIT,48.0,1 good visit; R90 48 m,FIELD_FORCE,,
AD001275,VISIT_WITH_HINT,175.0,text only (neighbours); R90 175 m,FIELD_FORCE,,
AD001276,DIRECT_VISIT,39.0,1 good visit; R90 39 m,FIELD_FORCE,,
AD001277,VISIT_WITH_HINT,198.0,text only (landmark); R90 198 m,FIELD_FORCE,,
AD001278,VERIFY_FIRST,569.0,text only (locality); too uncertain to visit blind; R90 569 m,TELE_DIALER,ADDR_VERIFY_LOW_CONFIDENCE_KN,"Namaskara, nimma manege baralu swalpa sahaya beku. Dayavittu heli: nimma mane yaava cross athava raste alli ide, hattirada landmark yavudu (gudi, shaale, bus stop), mattu nimma gate yaava banna?"
AD001279,DIRECT_VISIT,52.0,1 good visit; R90 52 m,FIELD_FORCE,,
AD001280,VISIT_WITH_HINT,368.0,text only (neighbours); R90 368 m,FIELD_FORCE,,
AD001281,DIRECT_VISIT,34.0,1 good visit; R90 34 m,FIELD_FORCE,,
AD001282,VISIT_WITH_HINT,175.0,text only (neighbours); R90 175 m,FIELD_FORCE,,
AD001283,VISIT_WITH_HINT,194.0,text only (neighbours); R90 194 m,FIELD_FORCE,,
AD001284,VISIT_WITH_HINT,365.0,text only (neighbours); R90 365 m,FIELD_FORCE,,
AD001285,VERIFY_FIRST,569.0,text only (locality); too uncertain to visit blind; R90 569 m,TELE_DIALER,ADDR_VERIFY_LOW_CONFIDENCE_HI,"Namaste, aapke ghar tak pahunchne ke liye thodi madad chahiye. Kripya bataiye: aapka ghar kaun si cross ya gali mein hai, sabse paas ka landmark kya hai (mandir, school, bus stop), aur aapke gate ka rang kya hai?"
AD001286,VISIT_WITH_HINT,255.0,text only (baseline street); R90 255 m,FIELD_FORCE,,
AD001287,VISIT_WITH_HINT,304.0,text only (neighbours); R90 304 m,FIELD_FORCE,,
AD001288,VISIT_WITH_HINT,140.0,text only (neighbours); R90 140 m,FIELD_FORCE,,
AD001289,VISIT_WITH_HINT,111.0,text only (baseline rooftop); R90 111 m,FIELD_FORCE,,
AD001290,DIRECT_VISIT,55.0,2 agreeing visits; R90 55 m,FIELD_FORCE,,
AD001291,DIRECT_VISIT,28.0,"visits disagree (n=3), largest cluster kept; R90 28 m",FIELD_FORCE,,
AD001292,CANNOT_GEOCODE,,outside service area,TELE_DIALER,ADDR_VERIFY_OUT_OF_AREA_KN,"Namaskara, nimma manege baralu swalpa sahaya beku. Dayavittu heli: nimma mane yaava cross athava raste alli ide, hattirada landmark yavudu (gudi, shaale, bus stop), mattu nimma gate yaava banna?"
AD001293,DIRECT_VISIT,89.0,1 good visit; R90 89 m,FIELD_FORCE,,
AD001294,DIRECT_VISIT,42.0,3 agreeing visits; R90 42 m,FIELD_FORCE,,
AD001295,VERIFY_FIRST,837.0,text only (locality); too uncertain to visit blind; R90 837 m,TELE_DIALER,ADDR_VERIFY_LOW_CONFIDENCE_KN,"Namaskara, nimma manege baralu swalpa sahaya beku. Dayavittu heli: nimma mane yaava cross athava raste alli ide, hattirada landmark yavudu (gudi, shaale, bus stop), mattu nimma gate yaava banna?"
AD001296,VISIT_WITH_HINT,403.0,text only (locality); R90 403 m,FIELD_FORCE,,
AD001297,VISIT_WITH_HINT,296.0,text only (landmark); R90 296 m,FIELD_FORCE,,
AD001298,DIRECT_VISIT,47.0,1 good visit; R90 47 m,FIELD_FORCE,,
AD001299,VISIT_WITH_HINT,329.0,text only (landmark); R90 329 m,FIELD_FORCE,,
AD001300,VISIT_WITH_HINT,122.0,text only (landmark); R90 122 m,FIELD_FORCE,,
AD001301,VISIT_WITH_HINT,232.0,text only (baseline street); R90 232 m,FIELD_FORCE,,
AD001302,VISIT_WITH_HINT,243.0,text only (landmark); R90 243 m,FIELD_FORCE,,
AD001303,VISIT_WITH_HINT,228.0,text only (baseline street); R90 228 m,FIELD_FORCE,,
AD001304,VISIT_WITH_HINT,215.0,text only (landmark); R90 215 m,FIELD_FORCE,,
AD001305,VISIT_WITH_HINT,329.0,text only (landmark); R90 329 m,FIELD_FORCE,,
AD001306,DIRECT_VISIT,49.0,1 good visit; R90 49 m,FIELD_FORCE,,
AD001307,DIRECT_VISIT,40.0,2 agreeing visits; R90 40 m,FIELD_FORCE,,
AD001308,VISIT_WITH_HINT,215.0,text only (landmark); R90 215 m,FIELD_FORCE,,
AD001309,VERIFY_FIRST,569.0,text only (locality); too uncertain to visit blind; R90 569 m,TELE_DIALER,ADDR_VERIFY_LOW_CONFIDENCE_HI,"Namaste, aapke ghar tak pahunchne ke liye thodi madad chahiye. Kripya bataiye: aapka ghar kaun si cross ya gali mein hai, sabse paas ka landmark kya hai (mandir, school, bus stop), aur aapke gate ka rang kya hai?"
AD001310,VISIT_WITH_HINT,437.0,text only (locality); R90 437 m,FIELD_FORCE,,
AD001311,VISIT_WITH_HINT,329.0,text only (landmark); R90 329 m,FIELD_FORCE,,
AD001312,VISIT_WITH_HINT,140.0,text only (neighbours); R90 140 m,FIELD_FORCE,,
AD001313,CANNOT_GEOCODE,,outside service area,TELE_DIALER,ADDR_VERIFY_OUT_OF_AREA_KN,"Namaskara, nimma manege baralu swalpa sahaya beku. Dayavittu heli: nimma mane yaava cross athava raste alli ide, hattirada landmark yavudu (gudi, shaale, bus stop), mattu nimma gate yaava banna?"
AD001314,DIRECT_VISIT,17.0,"visits disagree (n=8), largest cluster kept; R90 17 m",FIELD_FORCE,,
AD001315,VISIT_WITH_HINT,329.0,text only (landmark); R90 329 m,FIELD_FORCE,,
AD001316,VISIT_WITH_HINT,329.0,text only (landmark); R90 329 m,FIELD_FORCE,,
AD001317,VISIT_WITH_HINT,255.0,text only (baseline street); R90 255 m,FIELD_FORCE,,
AD001318,VISIT_WITH_HINT,173.0,"visits disagree (n=2), largest cluster kept; R90 173 m",FIELD_FORCE,,
AD001319,VISIT_WITH_HINT,329.0,text only (landmark); R90 329 m,FIELD_FORCE,,
AD001320,VISIT_WITH_HINT,120.0,text only (neighbours); R90 120 m,FIELD_FORCE,,
AD001321,VISIT_WITH_HINT,255.0,text only (baseline street); R90 255 m,FIELD_FORCE,,
AD001322,DIRECT_VISIT,48.0,1 good visit; R90 48 m,FIELD_FORCE,,
AD001323,DIRECT_VISIT,36.0,1 good visit; R90 36 m,FIELD_FORCE,,
AD001324,DIRECT_VISIT,20.0,7 agreeing visits; R90 20 m,FIELD_FORCE,,
AD001325,VISIT_WITH_HINT,403.0,text only (locality); R90 403 m,FIELD_FORCE,,
AD001326,VISIT_WITH_HINT,329.0,text only (landmark); R90 329 m,FIELD_FORCE,,
AD001327,VISIT_WITH_HINT,372.0,text only (neighbours); R90 372 m,FIELD_FORCE,,
AD001328,VERIFY_FIRST,569.0,text only (locality); too uncertain to visit blind; R90 569 m,TELE_DIALER,ADDR_VERIFY_LOW_CONFIDENCE_HI,"Namaste, aapke ghar tak pahunchne ke liye thodi madad chahiye. Kripya bataiye: aapka ghar kaun si cross ya gali mein hai, sabse paas ka landmark kya hai (mandir, school, bus stop), aur aapke gate ka rang kya hai?"
AD001329,VISIT_WITH_HINT,175.0,text only (neighbours); R90 175 m,FIELD_FORCE,,
AD001330,DIRECT_VISIT,23.0,4 agreeing visits; R90 23 m,FIELD_FORCE,,
AD001331,DIRECT_VISIT,37.0,1 good visit; R90 37 m,FIELD_FORCE,,
AD001332,VERIFY_FIRST,569.0,text only (locality); too uncertain to visit blind; R90 569 m,TELE_DIALER,ADDR_VERIFY_LOW_CONFIDENCE_EN,"Hello, we need a little help to reach your home. Please tell us which cross or street your house is on, the nearest landmark (temple, school, bus stop), and the colour of your gate."
AD001333,DIRECT_VISIT,51.0,"visits disagree (n=1), largest cluster kept; R90 51 m",FIELD_FORCE,,
AD001334,CANNOT_GEOCODE,,outside service area,TELE_DIALER,ADDR_VERIFY_OUT_OF_AREA_HI,"Namaste, aapke ghar tak pahunchne ke liye thodi madad chahiye. Kripya bataiye: aapka ghar kaun si cross ya gali mein hai, sabse paas ka landmark kya hai (mandir, school, bus stop), aur aapke gate ka rang kya hai?"
AD001335,DIRECT_VISIT,31.0,1 good visit; R90 31 m,FIELD_FORCE,,
AD001336,DIRECT_VISIT,14.0,8 agreeing visits; R90 14 m,FIELD_FORCE,,
AD001337,DIRECT_VISIT,39.0,1 good visit; R90 39 m,FIELD_FORCE,,
AD001338,DIRECT_VISIT,41.0,2 agreeing visits; R90 41 m,FIELD_FORCE,,
AD001339,DIRECT_VISIT,29.0,"visits disagree (n=3), largest cluster kept; R90 29 m",FIELD_FORCE,,
AD001340,VISIT_WITH_HINT,271.0,text only (landmark); R90 271 m,FIELD_FORCE,,
AD001341,VISIT_WITH_HINT,255.0,text only (baseline street); R90 255 m,FIELD_FORCE,,
AD001342,VISIT_WITH_HINT,387.0,text only (neighbours); R90 387 m,FIELD_FORCE,,
AD001343,DIRECT_VISIT,31.0,1 good visit; R90 31 m,FIELD_FORCE,,
AD001344,VERIFY_FIRST,569.0,text only (locality); too uncertain to visit blind; R90 569 m,TELE_DIALER,ADDR_VERIFY_LOW_CONFIDENCE_KN,"Namaskara, nimma manege baralu swalpa sahaya beku. Dayavittu heli: nimma mane yaava cross athava raste alli ide, hattirada landmark yavudu (gudi, shaale, bus stop), mattu nimma gate yaava banna?"
AD001345,CANNOT_GEOCODE,,outside service area,TELE_DIALER,ADDR_VERIFY_OUT_OF_AREA_KN,"Namaskara, nimma manege baralu swalpa sahaya beku. Dayavittu heli: nimma mane yaava cross athava raste alli ide, hattirada landmark yavudu (gudi, shaale, bus stop), mattu nimma gate yaava banna?"
AD001346,DIRECT_VISIT,45.0,1 good visit; R90 45 m,FIELD_FORCE,,
AD001347,CANNOT_GEOCODE,,outside service area,TELE_DIALER,ADDR_VERIFY_OUT_OF_AREA_HI,"Namaste, aapke ghar tak pahunchne ke liye thodi madad chahiye. Kripya bataiye: aapka ghar kaun si cross ya gali mein hai, sabse paas ka landmark kya hai (mandir, school, bus stop), aur aapke gate ka rang kya hai?"
AD001348,VERIFY_FIRST,569.0,text only (locality); too uncertain to visit blind; R90 569 m,TELE_DIALER,ADDR_VERIFY_LOW_CONFIDENCE_EN,"Hello, we need a little help to reach your home. Please tell us which cross or street your house is on, the nearest landmark (temple, school, bus stop), and the colour of your gate."
AD001349,VISIT_WITH_HINT,120.0,text only (neighbours); R90 120 m,FIELD_FORCE,,
AD001350,VERIFY_FIRST,569.0,text only (locality); too uncertain to visit blind; R90 569 m,TELE_DIALER,ADDR_VERIFY_LOW_CONFIDENCE_HI,"Namaste, aapke ghar tak pahunchne ke liye thodi madad chahiye. Kripya bataiye: aapka ghar kaun si cross ya gali mein hai, sabse paas ka landmark kya hai (mandir, school, bus stop), aur aapke gate ka rang kya hai?"
AD001351,DIRECT_VISIT,55.0,1 good visit; R90 55 m,FIELD_FORCE,,
AD001352,DIRECT_VISIT,26.0,"visits disagree (n=4), largest cluster kept; R90 26 m",FIELD_FORCE,,
AD001353,VISIT_WITH_HINT,447.0,text only (neighbours); R90 447 m,FIELD_FORCE,,
AD001354,DIRECT_VISIT,23.0,"visits disagree (n=2), largest cluster kept; R90 23 m",FIELD_FORCE,,
AD001355,DIRECT_VISIT,32.0,1 good visit; R90 32 m,FIELD_FORCE,,
AD001356,VERIFY_FIRST,569.0,text only (locality); too uncertain to visit blind; R90 569 m,TELE_DIALER,ADDR_VERIFY_LOW_CONFIDENCE_EN,"Hello, we need a little help to reach your home. Please tell us which cross or street your house is on, the nearest landmark (temple, school, bus stop), and the colour of your gate."
AD001357,DIRECT_VISIT,60.0,2 agreeing visits; R90 60 m,FIELD_FORCE,,
AD001358,CANNOT_GEOCODE,,outside service area,TELE_DIALER,ADDR_VERIFY_OUT_OF_AREA_HI,"Namaste, aapke ghar tak pahunchne ke liye thodi madad chahiye. Kripya bataiye: aapka ghar kaun si cross ya gali mein hai, sabse paas ka landmark kya hai (mandir, school, bus stop), aur aapke gate ka rang kya hai?"
AD001359,VISIT_WITH_HINT,329.0,text only (landmark); R90 329 m,FIELD_FORCE,,
AD001360,DIRECT_VISIT,31.0,2 agreeing visits; R90 31 m,FIELD_FORCE,,
AD001361,DIRECT_VISIT,34.0,1 good visit; R90 34 m,FIELD_FORCE,,
AD001362,DIRECT_VISIT,51.0,1 good visit; R90 51 m,FIELD_FORCE,,
AD001363,DIRECT_VISIT,22.0,3 agreeing visits; R90 22 m,FIELD_FORCE,,
AD001364,DIRECT_VISIT,45.0,2 agreeing visits; R90 45 m,FIELD_FORCE,,
AD001365,VISIT_WITH_HINT,396.0,text only (landmark); R90 396 m,FIELD_FORCE,,
AD001366,VISIT_WITH_HINT,329.0,text only (landmark); R90 329 m,FIELD_FORCE,,
AD001367,VERIFY_FIRST,569.0,text only (locality); too uncertain to visit blind; R90 569 m,TELE_DIALER,ADDR_VERIFY_LOW_CONFIDENCE_KN,"Namaskara, nimma manege baralu swalpa sahaya beku. Dayavittu heli: nimma mane yaava cross athava raste alli ide, hattirada landmark yavudu (gudi, shaale, bus stop), mattu nimma gate yaava banna?"
AD001368,VISIT_WITH_HINT,403.0,text only (locality); R90 403 m,FIELD_FORCE,,
AD001369,VISIT_WITH_HINT,185.0,text only (landmark); R90 185 m,FIELD_FORCE,,
AD001370,VISIT_WITH_HINT,396.0,text only (landmark); R90 396 m,FIELD_FORCE,,
AD001371,DIRECT_VISIT,33.0,"visits disagree (n=2), largest cluster kept; R90 33 m",FIELD_FORCE,,
AD001372,DIRECT_VISIT,21.0,5 agreeing visits; R90 21 m,FIELD_FORCE,,
AD001373,VISIT_WITH_HINT,437.0,text only (locality); R90 437 m,FIELD_FORCE,,
AD001374,VISIT_WITH_HINT,329.0,text only (landmark); R90 329 m,FIELD_FORCE,,
AD001375,VISIT_WITH_HINT,329.0,text only (landmark); R90 329 m,FIELD_FORCE,,
AD001376,VISIT_WITH_HINT,194.0,text only (neighbours); R90 194 m,FIELD_FORCE,,
AD001377,VISIT_WITH_HINT,149.0,text only (neighbours); R90 149 m,FIELD_FORCE,,
AD001378,VERIFY_FIRST,569.0,text only (locality); too uncertain to visit blind; R90 569 m,TELE_DIALER,ADDR_VERIFY_LOW_CONFIDENCE_HI,"Namaste, aapke ghar tak pahunchne ke liye thodi madad chahiye. Kripya bataiye: aapka ghar kaun si cross ya gali mein hai, sabse paas ka landmark kya hai (mandir, school, bus stop), aur aapke gate ka rang kya hai?"
AD001379,CANNOT_GEOCODE,,outside service area,TELE_DIALER,ADDR_VERIFY_OUT_OF_AREA_HI,"Namaste, aapke ghar tak pahunchne ke liye thodi madad chahiye. Kripya bataiye: aapka ghar kaun si cross ya gali mein hai, sabse paas ka landmark kya hai (mandir, school, bus stop), aur aapke gate ka rang kya hai?"
AD001380,DIRECT_VISIT,15.0,8 agreeing visits; R90 15 m,FIELD_FORCE,,
AD001381,DIRECT_VISIT,23.0,1 good visit; R90 23 m,FIELD_FORCE,,
AD001382,DIRECT_VISIT,69.0,1 good visit; R90 69 m,FIELD_FORCE,,
AD001383,DIRECT_VISIT,36.0,1 good visit; R90 36 m,FIELD_FORCE,,
AD001384,DIRECT_VISIT,26.0,2 agreeing visits; R90 26 m,FIELD_FORCE,,
AD001385,VERIFY_FIRST,569.0,text only (locality); too uncertain to visit blind; R90 569 m,TELE_DIALER,ADDR_VERIFY_LOW_CONFIDENCE_HI,"Namaste, aapke ghar tak pahunchne ke liye thodi madad chahiye. Kripya bataiye: aapka ghar kaun si cross ya gali mein hai, sabse paas ka landmark kya hai (mandir, school, bus stop), aur aapke gate ka rang kya hai?"
AD001386,DIRECT_VISIT,17.0,8 agreeing visits; R90 17 m,FIELD_FORCE,,
AD001387,DIRECT_VISIT,20.0,2 agreeing visits; R90 20 m,FIELD_FORCE,,
AD001388,VERIFY_FIRST,3348.0,text only (pincode area); too uncertain to visit blind; R90 3348 m,TELE_DIALER,ADDR_VERIFY_LOW_CONFIDENCE_KN,"Namaskara, nimma manege baralu swalpa sahaya beku. Dayavittu heli: nimma mane yaava cross athava raste alli ide, hattirada landmark yavudu (gudi, shaale, bus stop), mattu nimma gate yaava banna?"
AD001389,DIRECT_VISIT,57.0,1 good visit; R90 57 m,FIELD_FORCE,,
AD001390,VISIT_WITH_HINT,293.0,text only (neighbours); R90 293 m,FIELD_FORCE,,
AD001391,DIRECT_VISIT,49.0,3 agreeing visits; R90 49 m,FIELD_FORCE,,
AD001392,VISIT_WITH_HINT,304.0,text only (neighbours); R90 304 m,FIELD_FORCE,,
AD001393,DIRECT_VISIT,35.0,1 good visit; R90 35 m,FIELD_FORCE,,
AD001394,VISIT_WITH_HINT,175.0,text only (neighbours); R90 175 m,FIELD_FORCE,,
AD001395,DIRECT_VISIT,19.0,"visits disagree (n=6), largest cluster kept; R90 19 m",FIELD_FORCE,,
AD001396,DIRECT_VISIT,69.0,1 good visit; R90 69 m,FIELD_FORCE,,
AD001397,DIRECT_VISIT,20.0,4 agreeing visits; R90 20 m,FIELD_FORCE,,
AD001398,CANNOT_GEOCODE,,outside service area,TELE_DIALER,ADDR_VERIFY_OUT_OF_AREA_HI,"Namaste, aapke ghar tak pahunchne ke liye thodi madad chahiye. Kripya bataiye: aapka ghar kaun si cross ya gali mein hai, sabse paas ka landmark kya hai (mandir, school, bus stop), aur aapke gate ka rang kya hai?"
AD001399,VISIT_WITH_HINT,161.0,text only (neighbours); R90 161 m,FIELD_FORCE,,
AD001400,CANNOT_GEOCODE,,outside service area,TELE_DIALER,ADDR_VERIFY_OUT_OF_AREA_EN,"Hello, we need a little help to reach your home. Please tell us which cross or street your house is on, the nearest landmark (temple, school, bus stop), and the colour of your gate."
AD001401,VISIT_WITH_HINT,329.0,text only (landmark); R90 329 m,FIELD_FORCE,,
AD001402,VISIT_WITH_HINT,329.0,text only (landmark); R90 329 m,FIELD_FORCE,,
AD001403,VISIT_WITH_HINT,378.0,text only (neighbours); R90 378 m,FIELD_FORCE,,
AD001404,VISIT_WITH_HINT,239.0,text only (baseline street); R90 239 m,FIELD_FORCE,,
AD001405,VISIT_WITH_HINT,304.0,text only (neighbours); R90 304 m,FIELD_FORCE,,
AD001406,VISIT_WITH_HINT,194.0,text only (neighbours); R90 194 m,FIELD_FORCE,,
AD001407,VISIT_WITH_HINT,194.0,text only (neighbours); R90 194 m,FIELD_FORCE,,
AD001408,DIRECT_VISIT,17.0,6 agreeing visits; R90 17 m,FIELD_FORCE,,
AD001409,VERIFY_FIRST,569.0,text only (locality); too uncertain to visit blind; R90 569 m,TELE_DIALER,ADDR_VERIFY_LOW_CONFIDENCE_HI,"Namaste, aapke ghar tak pahunchne ke liye thodi madad chahiye. Kripya bataiye: aapka ghar kaun si cross ya gali mein hai, sabse paas ka landmark kya hai (mandir, school, bus stop), aur aapke gate ka rang kya hai?"
AD001410,VISIT_WITH_HINT,255.0,text only (baseline street); R90 255 m,FIELD_FORCE,,
AD001411,VISIT_WITH_HINT,215.0,text only (landmark); R90 215 m,FIELD_FORCE,,
AD001412,VISIT_WITH_HINT,140.0,text only (neighbours); R90 140 m,FIELD_FORCE,,
AD001413,VISIT_WITH_HINT,329.0,text only (landmark); R90 329 m,FIELD_FORCE,,
AD001414,DIRECT_VISIT,36.0,1 good visit; R90 36 m,FIELD_FORCE,,
AD001415,VISIT_WITH_HINT,329.0,text only (landmark); R90 329 m,FIELD_FORCE,,
AD001416,DIRECT_VISIT,22.0,4 agreeing visits; R90 22 m,FIELD_FORCE,,
AD001417,VERIFY_FIRST,997.0,"visits disagree (n=4), largest cluster kept; too uncertain to visit blind; R90 997 m",TELE_DIALER,ADDR_VERIFY_LOW_CONFIDENCE_HI,"Namaste, aapke ghar tak pahunchne ke liye thodi madad chahiye. Kripya bataiye: aapka ghar kaun si cross ya gali mein hai, sabse paas ka landmark kya hai (mandir, school, bus stop), aur aapke gate ka rang kya hai?"
AD001418,CANNOT_GEOCODE,,outside service area,TELE_DIALER,ADDR_VERIFY_OUT_OF_AREA_HI,"Namaste, aapke ghar tak pahunchne ke liye thodi madad chahiye. Kripya bataiye: aapka ghar kaun si cross ya gali mein hai, sabse paas ka landmark kya hai (mandir, school, bus stop), aur aapke gate ka rang kya hai?"
AD001419,VERIFY_FIRST,4921.0,text only (pincode area); too uncertain to visit blind; R90 4921 m,TELE_DIALER,ADDR_VERIFY_LOW_CONFIDENCE_KN,"Namaskara, nimma manege baralu swalpa sahaya beku. Dayavittu heli: nimma mane yaava cross athava raste alli ide, hattirada landmark yavudu (gudi, shaale, bus stop), mattu nimma gate yaava banna?"
AD001420,DIRECT_VISIT,60.0,1 good visit; R90 60 m,FIELD_FORCE,,
AD001421,VISIT_WITH_HINT,194.0,text only (neighbours); R90 194 m,FIELD_FORCE,,
AD001422,DIRECT_VISIT,28.0,"visits disagree (n=5), largest cluster kept; R90 28 m",FIELD_FORCE,,
AD001423,CANNOT_GEOCODE,,outside service area,TELE_DIALER,ADDR_VERIFY_OUT_OF_AREA_HI,"Namaste, aapke ghar tak pahunchne ke liye thodi madad chahiye. Kripya bataiye: aapka ghar kaun si cross ya gali mein hai, sabse paas ka landmark kya hai (mandir, school, bus stop), aur aapke gate ka rang kya hai?"
AD001424,DIRECT_VISIT,90.0,"visits disagree (n=1), largest cluster kept; R90 90 m",FIELD_FORCE,,
AD001425,DIRECT_VISIT,46.0,1 good visit; R90 46 m,FIELD_FORCE,,
AD001426,VERIFY_FIRST,2278.0,text only (pincode area); too uncertain to visit blind; R90 2278 m,TELE_DIALER,ADDR_VERIFY_LOW_CONFIDENCE_HI,"Namaste, aapke ghar tak pahunchne ke liye thodi madad chahiye. Kripya bataiye: aapka ghar kaun si cross ya gali mein hai, sabse paas ka landmark kya hai (mandir, school, bus stop), aur aapke gate ka rang kya hai?"
AD001427,VISIT_WITH_HINT,175.0,text only (neighbours); R90 175 m,FIELD_FORCE,,
AD001428,VISIT_WITH_HINT,329.0,text only (landmark); R90 329 m,FIELD_FORCE,,
AD001429,CANNOT_GEOCODE,,outside service area,TELE_DIALER,ADDR_VERIFY_OUT_OF_AREA_KN,"Namaskara, nimma manege baralu swalpa sahaya beku. Dayavittu heli: nimma mane yaava cross athava raste alli ide, hattirada landmark yavudu (gudi, shaale, bus stop), mattu nimma gate yaava banna?"
AD001430,DIRECT_VISIT,24.0,2 agreeing visits; R90 24 m,FIELD_FORCE,,
AD001431,VISIT_WITH_HINT,329.0,text only (landmark); R90 329 m,FIELD_FORCE,,
AD001432,DIRECT_VISIT,50.0,1 good visit; R90 50 m,FIELD_FORCE,,
AD001433,DIRECT_VISIT,16.0,8 agreeing visits; R90 16 m,FIELD_FORCE,,
AD001434,DIRECT_VISIT,54.0,1 good visit; R90 54 m,FIELD_FORCE,,
AD001435,VISIT_WITH_HINT,283.0,text only (neighbours); R90 283 m,FIELD_FORCE,,
AD001436,DIRECT_VISIT,20.0,6 agreeing visits; R90 20 m,FIELD_FORCE,,
AD001437,DIRECT_VISIT,32.0,3 agreeing visits; R90 32 m,FIELD_FORCE,,
AD001438,VISIT_WITH_HINT,194.0,text only (neighbours); R90 194 m,FIELD_FORCE,,
AD001439,VISIT_WITH_HINT,293.0,text only (neighbours); R90 293 m,FIELD_FORCE,,
AD001440,VISIT_WITH_HINT,194.0,text only (neighbours); R90 194 m,FIELD_FORCE,,
AD001441,DIRECT_VISIT,67.0,1 good visit; R90 67 m,FIELD_FORCE,,
AD001442,VISIT_WITH_HINT,396.0,text only (landmark); R90 396 m,FIELD_FORCE,,
AD001443,DIRECT_VISIT,22.0,6 agreeing visits; R90 22 m,FIELD_FORCE,,
AD001444,DIRECT_VISIT,28.0,2 agreeing visits; R90 28 m,FIELD_FORCE,,
AD001445,VERIFY_FIRST,837.0,text only (locality); too uncertain to visit blind; R90 837 m,TELE_DIALER,ADDR_VERIFY_LOW_CONFIDENCE_HI,"Namaste, aapke ghar tak pahunchne ke liye thodi madad chahiye. Kripya bataiye: aapka ghar kaun si cross ya gali mein hai, sabse paas ka landmark kya hai (mandir, school, bus stop), aur aapke gate ka rang kya hai?"
AD001446,VISIT_WITH_HINT,396.0,text only (landmark); R90 396 m,FIELD_FORCE,,
AD001447,DIRECT_VISIT,27.0,"visits disagree (n=7), largest cluster kept; R90 27 m",FIELD_FORCE,,
AD001448,VISIT_WITH_HINT,227.0,text only (neighbours); R90 227 m,FIELD_FORCE,,
AD001449,VISIT_WITH_HINT,396.0,text only (landmark); R90 396 m,FIELD_FORCE,,
AD001450,DIRECT_VISIT,13.0,"visits disagree (n=6), largest cluster kept; R90 13 m",FIELD_FORCE,,
AD001451,VISIT_WITH_HINT,199.0,text only (landmark); R90 199 m,FIELD_FORCE,,
AD001452,CANNOT_GEOCODE,,outside service area,TELE_DIALER,ADDR_VERIFY_OUT_OF_AREA_HI,"Namaste, aapke ghar tak pahunchne ke liye thodi madad chahiye. Kripya bataiye: aapka ghar kaun si cross ya gali mein hai, sabse paas ka landmark kya hai (mandir, school, bus stop), aur aapke gate ka rang kya hai?"
AD001453,VISIT_WITH_HINT,283.0,text only (neighbours); R90 283 m,FIELD_FORCE,,
AD001454,VISIT_WITH_HINT,133.0,text only (neighbours); R90 133 m,FIELD_FORCE,,
AD001455,VISIT_WITH_HINT,196.0,text only (landmark); R90 196 m,FIELD_FORCE,,
AD001456,VERIFY_FIRST,569.0,text only (locality); too uncertain to visit blind; R90 569 m,TELE_DIALER,ADDR_VERIFY_LOW_CONFIDENCE_HI,"Namaste, aapke ghar tak pahunchne ke liye thodi madad chahiye. Kripya bataiye: aapka ghar kaun si cross ya gali mein hai, sabse paas ka landmark kya hai (mandir, school, bus stop), aur aapke gate ka rang kya hai?"
AD001457,DIRECT_VISIT,16.0,2 agreeing visits; R90 16 m,FIELD_FORCE,,
AD001458,DIRECT_VISIT,24.0,"visits disagree (n=4), largest cluster kept; R90 24 m",FIELD_FORCE,,
AD001459,CANNOT_GEOCODE,,outside service area,TELE_DIALER,ADDR_VERIFY_OUT_OF_AREA_KN,"Namaskara, nimma manege baralu swalpa sahaya beku. Dayavittu heli: nimma mane yaava cross athava raste alli ide, hattirada landmark yavudu (gudi, shaale, bus stop), mattu nimma gate yaava banna?"
AD001460,VISIT_WITH_HINT,149.0,text only (neighbours); R90 149 m,FIELD_FORCE,,
AD001461,VISIT_WITH_HINT,483.0,text only (landmark); R90 483 m,FIELD_FORCE,,
AD001462,DIRECT_VISIT,23.0,5 agreeing visits; R90 23 m,FIELD_FORCE,,
AD001463,VISIT_WITH_HINT,329.0,text only (landmark); R90 329 m,FIELD_FORCE,,
AD001464,CANNOT_GEOCODE,,outside service area,TELE_DIALER,ADDR_VERIFY_OUT_OF_AREA_HI,"Namaste, aapke ghar tak pahunchne ke liye thodi madad chahiye. Kripya bataiye: aapka ghar kaun si cross ya gali mein hai, sabse paas ka landmark kya hai (mandir, school, bus stop), aur aapke gate ka rang kya hai?"
AD001465,DIRECT_VISIT,38.0,3 agreeing visits; R90 38 m,FIELD_FORCE,,
AD001466,DIRECT_VISIT,30.0,4 agreeing visits; R90 30 m,FIELD_FORCE,,
AD001467,VISIT_WITH_HINT,229.0,text only (neighbours); R90 229 m,FIELD_FORCE,,
AD001468,DIRECT_VISIT,44.0,1 good visit; R90 44 m,FIELD_FORCE,,
AD001469,DIRECT_VISIT,26.0,5 agreeing visits; R90 26 m,FIELD_FORCE,,
AD001470,VISIT_WITH_HINT,215.0,text only (landmark); R90 215 m,FIELD_FORCE,,
AD001471,VISIT_WITH_HINT,133.0,text only (neighbours); R90 133 m,FIELD_FORCE,,
AD001472,DIRECT_VISIT,30.0,"visits disagree (n=4), largest cluster kept; R90 30 m",FIELD_FORCE,,
AD001473,DIRECT_VISIT,84.0,1 good visit; R90 84 m,FIELD_FORCE,,
AD001474,VISIT_WITH_HINT,271.0,text only (landmark); R90 271 m,FIELD_FORCE,,
AD001475,VERIFY_FIRST,569.0,text only (locality); too uncertain to visit blind; R90 569 m,TELE_DIALER,ADDR_VERIFY_LOW_CONFIDENCE_HI,"Namaste, aapke ghar tak pahunchne ke liye thodi madad chahiye. Kripya bataiye: aapka ghar kaun si cross ya gali mein hai, sabse paas ka landmark kya hai (mandir, school, bus stop), aur aapke gate ka rang kya hai?"
AD001476,VISIT_WITH_HINT,175.0,text only (neighbours); R90 175 m,FIELD_FORCE,,
AD001477,VERIFY_FIRST,569.0,text only (locality); too uncertain to visit blind; R90 569 m,TELE_DIALER,ADDR_VERIFY_LOW_CONFIDENCE_KN,"Namaskara, nimma manege baralu swalpa sahaya beku. Dayavittu heli: nimma mane yaava cross athava raste alli ide, hattirada landmark yavudu (gudi, shaale, bus stop), mattu nimma gate yaava banna?"
AD001478,VISIT_WITH_HINT,329.0,text only (landmark); R90 329 m,FIELD_FORCE,,
AD001479,DIRECT_VISIT,22.0,"visits disagree (n=6), largest cluster kept; R90 22 m",FIELD_FORCE,,
AD001480,DIRECT_VISIT,33.0,3 agreeing visits; R90 33 m,FIELD_FORCE,,
AD001481,DIRECT_VISIT,26.0,6 agreeing visits; R90 26 m,FIELD_FORCE,,
AD001482,VISIT_WITH_HINT,329.0,text only (landmark); R90 329 m,FIELD_FORCE,,
AD001483,VISIT_WITH_HINT,243.0,text only (landmark); R90 243 m,FIELD_FORCE,,
AD001484,VERIFY_FIRST,1230.0,text only (locality); too uncertain to visit blind; R90 1230 m,TELE_DIALER,ADDR_VERIFY_NOT_TRACEABLE_EN,"Hello, we need a little help to reach your home. Please tell us which cross or street your house is on, the nearest landmark (temple, school, bus stop), and the colour of your gate."
AD001485,VERIFY_FIRST,569.0,text only (locality); too uncertain to visit blind; R90 569 m,TELE_DIALER,ADDR_VERIFY_LOW_CONFIDENCE_EN,"Hello, we need a little help to reach your home. Please tell us which cross or street your house is on, the nearest landmark (temple, school, bus stop), and the colour of your gate."
AD001486,VISIT_WITH_HINT,396.0,text only (landmark); R90 396 m,FIELD_FORCE,,
AD001487,DIRECT_VISIT,55.0,1 good visit; R90 55 m,FIELD_FORCE,,
AD001488,DIRECT_VISIT,39.0,2 agreeing visits; R90 39 m,FIELD_FORCE,,
AD001489,DIRECT_VISIT,27.0,2 agreeing visits; R90 27 m,FIELD_FORCE,,
AD001490,DIRECT_VISIT,43.0,2 agreeing visits; R90 43 m,FIELD_FORCE,,
AD001491,VISIT_WITH_HINT,149.0,text only (neighbours); R90 149 m,FIELD_FORCE,,
AD001492,CANNOT_GEOCODE,,outside service area,TELE_DIALER,ADDR_VERIFY_OUT_OF_AREA_KN,"Namaskara, nimma manege baralu swalpa sahaya beku. Dayavittu heli: nimma mane yaava cross athava raste alli ide, hattirada landmark yavudu (gudi, shaale, bus stop), mattu nimma gate yaava banna?"
AD001493,DIRECT_VISIT,25.0,3 agreeing visits; R90 25 m,FIELD_FORCE,,
AD001494,DIRECT_VISIT,54.0,1 good visit; R90 54 m,FIELD_FORCE,,
AD001495,DIRECT_VISIT,16.0,9 agreeing visits; R90 16 m,FIELD_FORCE,,
AD001496,DIRECT_VISIT,22.0,1 good visit; R90 22 m,FIELD_FORCE,,
AD001497,VISIT_WITH_HINT,365.0,text only (neighbours); R90 365 m,FIELD_FORCE,,
AD001498,VISIT_WITH_HINT,133.0,text only (neighbours); R90 133 m,FIELD_FORCE,,
AD001499,DIRECT_VISIT,25.0,"visits disagree (n=7), largest cluster kept; R90 25 m",FIELD_FORCE,,
AD001500,VISIT_WITH_HINT,149.0,text only (neighbours); R90 149 m,FIELD_FORCE,,
AD001501,VISIT_WITH_HINT,396.0,text only (landmark); R90 396 m,FIELD_FORCE,,
AD001502,VISIT_WITH_HINT,396.0,text only (landmark); R90 396 m,FIELD_FORCE,,
AD001503,DIRECT_VISIT,16.0,"visits disagree (n=5), largest cluster kept; R90 16 m",FIELD_FORCE,,
AD001504,VISIT_WITH_HINT,378.0,text only (neighbours); R90 378 m,FIELD_FORCE,,
AD001505,DIRECT_VISIT,25.0,7 agreeing visits; R90 25 m,FIELD_FORCE,,
AD001506,VISIT_WITH_HINT,387.0,text only (neighbours); R90 387 m,FIELD_FORCE,,
AD001507,VERIFY_FIRST,569.0,text only (locality); too uncertain to visit blind; R90 569 m,TELE_DIALER,ADDR_VERIFY_LOW_CONFIDENCE_HI,"Namaste, aapke ghar tak pahunchne ke liye thodi madad chahiye. Kripya bataiye: aapka ghar kaun si cross ya gali mein hai, sabse paas ka landmark kya hai (mandir, school, bus stop), aur aapke gate ka rang kya hai?"
AD001508,VISIT_WITH_HINT,329.0,text only (landmark); R90 329 m,FIELD_FORCE,,
AD001509,DIRECT_VISIT,20.0,7 agreeing visits; R90 20 m,FIELD_FORCE,,
AD001510,VISIT_WITH_HINT,403.0,text only (locality); R90 403 m,FIELD_FORCE,,
AD001511,VISIT_WITH_HINT,276.0,text only (landmark); R90 276 m,FIELD_FORCE,,
AD001512,VISIT_WITH_HINT,175.0,text only (neighbours); R90 175 m,FIELD_FORCE,,
AD001513,VERIFY_FIRST,569.0,text only (locality); too uncertain to visit blind; R90 569 m,TELE_DIALER,ADDR_VERIFY_LOW_CONFIDENCE_EN,"Hello, we need a little help to reach your home. Please tell us which cross or street your house is on, the nearest landmark (temple, school, bus stop), and the colour of your gate."
AD001514,VISIT_WITH_HINT,396.0,text only (landmark); R90 396 m,FIELD_FORCE,,
AD001515,VISIT_WITH_HINT,269.0,text only (landmark); R90 269 m,FIELD_FORCE,,
AD001516,DIRECT_VISIT,10.0,6 agreeing visits; R90 10 m,FIELD_FORCE,,
AD001517,VISIT_WITH_HINT,126.0,text only (neighbours); R90 126 m,FIELD_FORCE,,
AD001518,CANNOT_GEOCODE,,outside service area,TELE_DIALER,ADDR_VERIFY_OUT_OF_AREA_EN,"Hello, we need a little help to reach your home. Please tell us which cross or street your house is on, the nearest landmark (temple, school, bus stop), and the colour of your gate."
AD001519,VISIT_WITH_HINT,329.0,text only (landmark); R90 329 m,FIELD_FORCE,,
AD001520,DIRECT_VISIT,28.0,"visits disagree (n=7), largest cluster kept; R90 28 m",FIELD_FORCE,,
AD001521,DIRECT_VISIT,25.0,6 agreeing visits; R90 25 m,FIELD_FORCE,,
AD001522,CANNOT_GEOCODE,,outside service area,TELE_DIALER,ADDR_VERIFY_OUT_OF_AREA_EN,"Hello, we need a little help to reach your home. Please tell us which cross or street your house is on, the nearest landmark (temple, school, bus stop), and the colour of your gate."
AD001523,DIRECT_VISIT,27.0,4 agreeing visits; R90 27 m,FIELD_FORCE,,
AD001524,DIRECT_VISIT,46.0,6 agreeing visits; R90 46 m,FIELD_FORCE,,
AD001525,VISIT_WITH_HINT,180.0,text only (landmark); R90 180 m,FIELD_FORCE,,
AD001526,DIRECT_VISIT,57.0,1 good visit; R90 57 m,FIELD_FORCE,,
AD001527,CANNOT_GEOCODE,,outside service area,TELE_DIALER,ADDR_VERIFY_OUT_OF_AREA_HI,"Namaste, aapke ghar tak pahunchne ke liye thodi madad chahiye. Kripya bataiye: aapka ghar kaun si cross ya gali mein hai, sabse paas ka landmark kya hai (mandir, school, bus stop), aur aapke gate ka rang kya hai?"
AD001528,DIRECT_VISIT,46.0,"visits disagree (n=2), largest cluster kept; R90 46 m",FIELD_FORCE,,
AD001529,CANNOT_GEOCODE,,outside service area,TELE_DIALER,ADDR_VERIFY_OUT_OF_AREA_EN,"Hello, we need a little help to reach your home. Please tell us which cross or street your house is on, the nearest landmark (temple, school, bus stop), and the colour of your gate."
AD001530,DIRECT_VISIT,36.0,1 good visit; R90 36 m,FIELD_FORCE,,
AD001531,VISIT_WITH_HINT,396.0,text only (landmark); R90 396 m,FIELD_FORCE,,
AD001532,VERIFY_FIRST,2278.0,text only (pincode area); too uncertain to visit blind; R90 2278 m,TELE_DIALER,ADDR_VERIFY_LOW_CONFIDENCE_KN,"Namaskara, nimma manege baralu swalpa sahaya beku. Dayavittu heli: nimma mane yaava cross athava raste alli ide, hattirada landmark yavudu (gudi, shaale, bus stop), mattu nimma gate yaava banna?"
AD001533,VERIFY_FIRST,569.0,text only (locality); too uncertain to visit blind; R90 569 m,TELE_DIALER,ADDR_VERIFY_LOW_CONFIDENCE_KN,"Namaskara, nimma manege baralu swalpa sahaya beku. Dayavittu heli: nimma mane yaava cross athava raste alli ide, hattirada landmark yavudu (gudi, shaale, bus stop), mattu nimma gate yaava banna?"
AD001534,DIRECT_VISIT,30.0,6 agreeing visits; R90 30 m,FIELD_FORCE,,
AD001535,VISIT_WITH_HINT,194.0,text only (neighbours); R90 194 m,FIELD_FORCE,,
AD001536,VERIFY_FIRST,569.0,text only (locality); too uncertain to visit blind; R90 569 m,TELE_DIALER,ADDR_VERIFY_LOW_CONFIDENCE_EN,"Hello, we need a little help to reach your home. Please tell us which cross or street your house is on, the nearest landmark (temple, school, bus stop), and the colour of your gate."
AD001537,VISIT_WITH_HINT,276.0,text only (landmark); R90 276 m,FIELD_FORCE,,
AD001538,VISIT_WITH_HINT,255.0,text only (baseline street); R90 255 m,FIELD_FORCE,,
AD001539,DIRECT_VISIT,23.0,3 agreeing visits; R90 23 m,FIELD_FORCE,,
AD001540,DIRECT_VISIT,35.0,3 agreeing visits; R90 35 m,FIELD_FORCE,,
AD001541,VISIT_WITH_HINT,329.0,text only (landmark); R90 329 m,FIELD_FORCE,,
AD001542,VISIT_WITH_HINT,204.0,text only (baseline street); R90 204 m,FIELD_FORCE,,
AD001543,VISIT_WITH_HINT,276.0,text only (landmark); R90 276 m,FIELD_FORCE,,
AD001544,VISIT_WITH_HINT,286.0,text only (neighbours); R90 286 m,FIELD_FORCE,,
AD001545,VISIT_WITH_HINT,237.0,text only (landmark); R90 237 m,FIELD_FORCE,,
AD001546,DIRECT_VISIT,36.0,1 good visit; R90 36 m,FIELD_FORCE,,
AD001547,CANNOT_GEOCODE,,outside service area,TELE_DIALER,ADDR_VERIFY_OUT_OF_AREA_EN,"Hello, we need a little help to reach your home. Please tell us which cross or street your house is on, the nearest landmark (temple, school, bus stop), and the colour of your gate."
AD001548,VERIFY_FIRST,569.0,text only (locality); too uncertain to visit blind; R90 569 m,TELE_DIALER,ADDR_VERIFY_LOW_CONFIDENCE_KN,"Namaskara, nimma manege baralu swalpa sahaya beku. Dayavittu heli: nimma mane yaava cross athava raste alli ide, hattirada landmark yavudu (gudi, shaale, bus stop), mattu nimma gate yaava banna?"
AD001549,DIRECT_VISIT,40.0,2 agreeing visits; R90 40 m,FIELD_FORCE,,
AD001550,CANNOT_GEOCODE,,outside service area,TELE_DIALER,ADDR_VERIFY_OUT_OF_AREA_HI,"Namaste, aapke ghar tak pahunchne ke liye thodi madad chahiye. Kripya bataiye: aapka ghar kaun si cross ya gali mein hai, sabse paas ka landmark kya hai (mandir, school, bus stop), aur aapke gate ka rang kya hai?"
AD001551,DIRECT_VISIT,35.0,"visits disagree (n=1), largest cluster kept; R90 35 m",FIELD_FORCE,,
AD001552,VISIT_WITH_HINT,329.0,text only (landmark); R90 329 m,FIELD_FORCE,,
AD001553,VISIT_WITH_HINT,437.0,text only (locality); R90 437 m,FIELD_FORCE,,
AD001554,DIRECT_VISIT,91.0,4 agreeing visits; R90 91 m,FIELD_FORCE,,
AD001555,DIRECT_VISIT,25.0,6 agreeing visits; R90 25 m,FIELD_FORCE,,
AD001556,DIRECT_VISIT,21.0,7 agreeing visits; R90 21 m,FIELD_FORCE,,
AD001557,VISIT_WITH_HINT,365.0,text only (neighbours); R90 365 m,FIELD_FORCE,,
AD001558,VISIT_WITH_HINT,396.0,text only (landmark); R90 396 m,FIELD_FORCE,,
AD001559,VISIT_WITH_HINT,403.0,text only (locality); R90 403 m,FIELD_FORCE,,
AD001560,VISIT_WITH_HINT,175.0,text only (neighbours); R90 175 m,FIELD_FORCE,,
AD001561,VERIFY_FIRST,569.0,text only (locality); too uncertain to visit blind; R90 569 m,TELE_DIALER,ADDR_VERIFY_LOW_CONFIDENCE_EN,"Hello, we need a little help to reach your home. Please tell us which cross or street your house is on, the nearest landmark (temple, school, bus stop), and the colour of your gate."
AD001562,CANNOT_GEOCODE,,outside service area,TELE_DIALER,ADDR_VERIFY_OUT_OF_AREA_EN,"Hello, we need a little help to reach your home. Please tell us which cross or street your house is on, the nearest landmark (temple, school, bus stop), and the colour of your gate."
AD001563,DIRECT_VISIT,21.0,4 agreeing visits; R90 21 m,FIELD_FORCE,,
AD001564,DIRECT_VISIT,61.0,1 good visit; R90 61 m,FIELD_FORCE,,
AD001565,VISIT_WITH_HINT,293.0,text only (neighbours); R90 293 m,FIELD_FORCE,,
AD001566,VISIT_WITH_HINT,365.0,text only (neighbours); R90 365 m,FIELD_FORCE,,
AD001567,DIRECT_VISIT,18.0,"visits disagree (n=5), largest cluster kept; R90 18 m",FIELD_FORCE,,
AD001568,VISIT_WITH_HINT,140.0,text only (neighbours); R90 140 m,FIELD_FORCE,,
AD001569,DIRECT_VISIT,85.0,1 good visit; R90 85 m,FIELD_FORCE,,
AD001570,DIRECT_VISIT,35.0,1 good visit; R90 35 m,FIELD_FORCE,,
AD001571,VISIT_WITH_HINT,255.0,text only (baseline street); R90 255 m,FIELD_FORCE,,
AD001572,VISIT_WITH_HINT,255.0,text only (baseline street); R90 255 m,FIELD_FORCE,,
AD001573,VISIT_WITH_HINT,175.0,text only (neighbours); R90 175 m,FIELD_FORCE,,
AD001574,DIRECT_VISIT,23.0,"visits disagree (n=3), largest cluster kept; R90 23 m",FIELD_FORCE,,
AD001575,DIRECT_VISIT,39.0,1 good visit; R90 39 m,FIELD_FORCE,,
AD001576,VISIT_WITH_HINT,255.0,text only (baseline street); R90 255 m,FIELD_FORCE,,
AD001577,DIRECT_VISIT,20.0,"visits disagree (n=6), largest cluster kept; R90 20 m",FIELD_FORCE,,
AD001578,DIRECT_VISIT,21.0,"visits disagree (n=6), largest cluster kept; R90 21 m",FIELD_FORCE,,
AD001579,DIRECT_VISIT,46.0,2 agreeing visits; R90 46 m,FIELD_FORCE,,
AD001580,CANNOT_GEOCODE,,outside service area,TELE_DIALER,ADDR_VERIFY_OUT_OF_AREA_HI,"Namaste, aapke ghar tak pahunchne ke liye thodi madad chahiye. Kripya bataiye: aapka ghar kaun si cross ya gali mein hai, sabse paas ka landmark kya hai (mandir, school, bus stop), aur aapke gate ka rang kya hai?"
AD001581,DIRECT_VISIT,17.0,5 agreeing visits; R90 17 m,FIELD_FORCE,,
AD001582,VISIT_WITH_HINT,194.0,text only (neighbours); R90 194 m,FIELD_FORCE,,
AD001583,VISIT_WITH_HINT,175.0,text only (neighbours); R90 175 m,FIELD_FORCE,,
AD001584,DIRECT_VISIT,19.0,"visits disagree (n=5), largest cluster kept; R90 19 m",FIELD_FORCE,,
AD001585,VISIT_WITH_HINT,329.0,text only (landmark); R90 329 m,FIELD_FORCE,,
AD001586,DIRECT_VISIT,26.0,"visits disagree (n=5), largest cluster kept; R90 26 m",FIELD_FORCE,,
AD001587,DIRECT_VISIT,33.0,3 agreeing visits; R90 33 m,FIELD_FORCE,,
AD001588,VERIFY_FIRST,2278.0,text only (pincode area); too uncertain to visit blind; R90 2278 m,TELE_DIALER,ADDR_VERIFY_LOW_CONFIDENCE_KN,"Namaskara, nimma manege baralu swalpa sahaya beku. Dayavittu heli: nimma mane yaava cross athava raste alli ide, hattirada landmark yavudu (gudi, shaale, bus stop), mattu nimma gate yaava banna?"
AD001589,DIRECT_VISIT,27.0,2 agreeing visits; R90 27 m,FIELD_FORCE,,
AD001590,VISIT_WITH_HINT,329.0,text only (landmark); R90 329 m,FIELD_FORCE,,
AD001591,VISIT_WITH_HINT,114.0,"visits disagree (n=1), largest cluster kept; R90 114 m",FIELD_FORCE,,
AD001592,DIRECT_VISIT,44.0,2 agreeing visits; R90 44 m,FIELD_FORCE,,
AD001593,VISIT_WITH_HINT,126.0,text only (landmark); R90 126 m,FIELD_FORCE,,
AD001594,VISIT_WITH_HINT,285.0,text only (landmark); R90 285 m,FIELD_FORCE,,
AD001595,CANNOT_GEOCODE,,outside service area,TELE_DIALER,ADDR_VERIFY_OUT_OF_AREA_HI,"Namaste, aapke ghar tak pahunchne ke liye thodi madad chahiye. Kripya bataiye: aapka ghar kaun si cross ya gali mein hai, sabse paas ka landmark kya hai (mandir, school, bus stop), aur aapke gate ka rang kya hai?"
AD001596,DIRECT_VISIT,33.0,4 agreeing visits; R90 33 m,FIELD_FORCE,,
AD001597,VISIT_WITH_HINT,279.0,text only (landmark); R90 279 m,FIELD_FORCE,,
AD001598,VISIT_WITH_HINT,396.0,text only (landmark); R90 396 m,FIELD_FORCE,,
AD001599,CANNOT_GEOCODE,,outside service area,TELE_DIALER,ADDR_VERIFY_OUT_OF_AREA_KN,"Namaskara, nimma manege baralu swalpa sahaya beku. Dayavittu heli: nimma mane yaava cross athava raste alli ide, hattirada landmark yavudu (gudi, shaale, bus stop), mattu nimma gate yaava banna?"
AD001600,VISIT_WITH_HINT,329.0,text only (landmark); R90 329 m,FIELD_FORCE,,
AD001601,VISIT_WITH_HINT,329.0,text only (landmark); R90 329 m,FIELD_FORCE,,
AD001602,VISIT_WITH_HINT,396.0,text only (landmark); R90 396 m,FIELD_FORCE,,
AD001603,VISIT_WITH_HINT,133.0,text only (neighbours); R90 133 m,FIELD_FORCE,,
AD001604,VISIT_WITH_HINT,329.0,text only (landmark); R90 329 m,FIELD_FORCE,,
AD001605,DIRECT_VISIT,40.0,4 agreeing visits; R90 40 m,FIELD_FORCE,,
AD001606,VISIT_WITH_HINT,178.0,text only (landmark); R90 178 m,FIELD_FORCE,,
AD001607,VERIFY_FIRST,569.0,text only (locality); too uncertain to visit blind; R90 569 m,TELE_DIALER,ADDR_VERIFY_LOW_CONFIDENCE_HI,"Namaste, aapke ghar tak pahunchne ke liye thodi madad chahiye. Kripya bataiye: aapka ghar kaun si cross ya gali mein hai, sabse paas ka landmark kya hai (mandir, school, bus stop), aur aapke gate ka rang kya hai?"
AD001608,VERIFY_FIRST,569.0,text only (locality); too uncertain to visit blind; R90 569 m,TELE_DIALER,ADDR_VERIFY_LOW_CONFIDENCE_HI,"Namaste, aapke ghar tak pahunchne ke liye thodi madad chahiye. Kripya bataiye: aapka ghar kaun si cross ya gali mein hai, sabse paas ka landmark kya hai (mandir, school, bus stop), aur aapke gate ka rang kya hai?"
AD001609,VISIT_WITH_HINT,329.0,text only (landmark); R90 329 m,FIELD_FORCE,,
AD001610,VISIT_WITH_HINT,329.0,text only (landmark); R90 329 m,FIELD_FORCE,,
AD001611,VISIT_WITH_HINT,232.0,text only (baseline street); R90 232 m,FIELD_FORCE,,
AD001612,VISIT_WITH_HINT,396.0,text only (landmark); R90 396 m,FIELD_FORCE,,
AD001613,VISIT_WITH_HINT,403.0,text only (locality); R90 403 m,FIELD_FORCE,,
AD001614,VISIT_WITH_HINT,368.0,text only (neighbours); R90 368 m,FIELD_FORCE,,
AD001615,VISIT_WITH_HINT,329.0,text only (landmark); R90 329 m,FIELD_FORCE,,
AD001616,DIRECT_VISIT,17.0,"visits disagree (n=2), largest cluster kept; R90 17 m",FIELD_FORCE,,
AD001617,DIRECT_VISIT,40.0,1 good visit; R90 40 m,FIELD_FORCE,,
AD001618,DIRECT_VISIT,46.0,1 good visit; R90 46 m,FIELD_FORCE,,
AD001619,DIRECT_VISIT,34.0,4 agreeing visits; R90 34 m,FIELD_FORCE,,
AD001620,DIRECT_VISIT,27.0,5 agreeing visits; R90 27 m,FIELD_FORCE,,
AD001621,DIRECT_VISIT,49.0,1 good visit; R90 49 m,FIELD_FORCE,,
AD001622,DIRECT_VISIT,60.0,1 good visit; R90 60 m,FIELD_FORCE,,
AD001623,VISIT_WITH_HINT,140.0,text only (neighbours); R90 140 m,FIELD_FORCE,,
AD001624,VISIT_WITH_HINT,329.0,text only (landmark); R90 329 m,FIELD_FORCE,,
AD001625,DIRECT_VISIT,52.0,1 good visit; R90 52 m,FIELD_FORCE,,
AD001626,DIRECT_VISIT,39.0,1 good visit; R90 39 m,FIELD_FORCE,,
AD001627,DIRECT_VISIT,49.0,4 agreeing visits; R90 49 m,FIELD_FORCE,,
AD001628,DIRECT_VISIT,38.0,1 good visit; R90 38 m,FIELD_FORCE,,
AD001629,VISIT_WITH_HINT,169.0,"visits disagree (n=1), largest cluster kept; R90 169 m",FIELD_FORCE,,
AD001630,DIRECT_VISIT,28.0,"visits disagree (n=4), largest cluster kept; R90 28 m",FIELD_FORCE,,
AD001631,DIRECT_VISIT,21.0,4 agreeing visits; R90 21 m,FIELD_FORCE,,
AD001632,CANNOT_GEOCODE,,outside service area,TELE_DIALER,ADDR_VERIFY_OUT_OF_AREA_HI,"Namaste, aapke ghar tak pahunchne ke liye thodi madad chahiye. Kripya bataiye: aapka ghar kaun si cross ya gali mein hai, sabse paas ka landmark kya hai (mandir, school, bus stop), aur aapke gate ka rang kya hai?"
AD001633,DIRECT_VISIT,63.0,1 good visit; R90 63 m,FIELD_FORCE,,
AD001634,VISIT_WITH_HINT,133.0,text only (neighbours); R90 133 m,FIELD_FORCE,,
AD001635,VISIT_WITH_HINT,283.0,text only (neighbours); R90 283 m,FIELD_FORCE,,
AD001636,CANNOT_GEOCODE,,outside service area,TELE_DIALER,ADDR_VERIFY_OUT_OF_AREA_HI,"Namaste, aapke ghar tak pahunchne ke liye thodi madad chahiye. Kripya bataiye: aapka ghar kaun si cross ya gali mein hai, sabse paas ka landmark kya hai (mandir, school, bus stop), aur aapke gate ka rang kya hai?"
AD001637,VISIT_WITH_HINT,276.0,text only (landmark); R90 276 m,FIELD_FORCE,,
AD001638,DIRECT_VISIT,23.0,"visits disagree (n=4), largest cluster kept; R90 23 m",FIELD_FORCE,,
AD001639,VERIFY_FIRST,569.0,text only (locality); too uncertain to visit blind; R90 569 m,TELE_DIALER,ADDR_VERIFY_LOW_CONFIDENCE_KN,"Namaskara, nimma manege baralu swalpa sahaya beku. Dayavittu heli: nimma mane yaava cross athava raste alli ide, hattirada landmark yavudu (gudi, shaale, bus stop), mattu nimma gate yaava banna?"
AD001640,VERIFY_FIRST,569.0,text only (locality); too uncertain to visit blind; R90 569 m,TELE_DIALER,ADDR_VERIFY_LOW_CONFIDENCE_KN,"Namaskara, nimma manege baralu swalpa sahaya beku. Dayavittu heli: nimma mane yaava cross athava raste alli ide, hattirada landmark yavudu (gudi, shaale, bus stop), mattu nimma gate yaava banna?"
AD001641,VISIT_WITH_HINT,243.0,text only (landmark); R90 243 m,FIELD_FORCE,,
AD001642,VISIT_WITH_HINT,396.0,text only (landmark); R90 396 m,FIELD_FORCE,,
AD001643,VISIT_WITH_HINT,363.0,text only (neighbours); R90 363 m,FIELD_FORCE,,
AD001644,VERIFY_FIRST,569.0,text only (locality); too uncertain to visit blind; R90 569 m,TELE_DIALER,ADDR_VERIFY_LOW_CONFIDENCE_HI,"Namaste, aapke ghar tak pahunchne ke liye thodi madad chahiye. Kripya bataiye: aapka ghar kaun si cross ya gali mein hai, sabse paas ka landmark kya hai (mandir, school, bus stop), aur aapke gate ka rang kya hai?"
AD001645,VISIT_WITH_HINT,255.0,text only (baseline street); R90 255 m,FIELD_FORCE,,
AD001646,DIRECT_VISIT,95.0,text only (landmark); R90 95 m,FIELD_FORCE,,
AD001647,DIRECT_VISIT,17.0,"visits disagree (n=7), largest cluster kept; R90 17 m",FIELD_FORCE,,
AD001648,CANNOT_GEOCODE,,outside service area,TELE_DIALER,ADDR_VERIFY_OUT_OF_AREA_HI,"Namaste, aapke ghar tak pahunchne ke liye thodi madad chahiye. Kripya bataiye: aapka ghar kaun si cross ya gali mein hai, sabse paas ka landmark kya hai (mandir, school, bus stop), aur aapke gate ka rang kya hai?"
AD001649,DIRECT_VISIT,27.0,"visits disagree (n=3), largest cluster kept; R90 27 m",FIELD_FORCE,,
AD001650,CANNOT_GEOCODE,,outside service area,TELE_DIALER,ADDR_VERIFY_OUT_OF_AREA_HI,"Namaste, aapke ghar tak pahunchne ke liye thodi madad chahiye. Kripya bataiye: aapka ghar kaun si cross ya gali mein hai, sabse paas ka landmark kya hai (mandir, school, bus stop), aur aapke gate ka rang kya hai?"
AD001651,VISIT_WITH_HINT,144.0,"visits disagree (n=1), largest cluster kept; R90 144 m",FIELD_FORCE,,
AD001652,DIRECT_VISIT,35.0,2 agreeing visits; R90 35 m,FIELD_FORCE,,
AD001653,DIRECT_VISIT,31.0,1 good visit; R90 31 m,FIELD_FORCE,,
AD001654,DIRECT_VISIT,31.0,"visits disagree (n=4), largest cluster kept; R90 31 m",FIELD_FORCE,,
AD001655,VISIT_WITH_HINT,329.0,text only (landmark); R90 329 m,FIELD_FORCE,,
AD001656,DIRECT_VISIT,51.0,1 good visit; R90 51 m,FIELD_FORCE,,
AD001657,VISIT_WITH_HINT,396.0,text only (landmark); R90 396 m,FIELD_FORCE,,
AD001658,VISIT_WITH_HINT,237.0,text only (landmark); R90 237 m,FIELD_FORCE,,
AD001659,VISIT_WITH_HINT,175.0,text only (neighbours); R90 175 m,FIELD_FORCE,,
AD001660,DIRECT_VISIT,38.0,1 good visit; R90 38 m,FIELD_FORCE,,
AD001661,CANNOT_GEOCODE,,outside service area,TELE_DIALER,ADDR_VERIFY_OUT_OF_AREA_EN,"Hello, we need a little help to reach your home. Please tell us which cross or street your house is on, the nearest landmark (temple, school, bus stop), and the colour of your gate."
AD001662,DIRECT_VISIT,18.0,6 agreeing visits; R90 18 m,FIELD_FORCE,,
AD001663,VISIT_WITH_HINT,296.0,text only (landmark); R90 296 m,FIELD_FORCE,,
AD001664,DIRECT_VISIT,59.0,1 good visit; R90 59 m,FIELD_FORCE,,
AD001665,VISIT_WITH_HINT,329.0,text only (landmark); R90 329 m,FIELD_FORCE,,
AD001666,VISIT_WITH_HINT,329.0,text only (landmark); R90 329 m,FIELD_FORCE,,
AD001667,VISIT_WITH_HINT,329.0,text only (landmark); R90 329 m,FIELD_FORCE,,
AD001668,CANNOT_GEOCODE,,outside service area,TELE_DIALER,ADDR_VERIFY_OUT_OF_AREA_EN,"Hello, we need a little help to reach your home. Please tell us which cross or street your house is on, the nearest landmark (temple, school, bus stop), and the colour of your gate."
AD001669,VERIFY_FIRST,569.0,text only (locality); too uncertain to visit blind; R90 569 m,TELE_DIALER,ADDR_VERIFY_LOW_CONFIDENCE_HI,"Namaste, aapke ghar tak pahunchne ke liye thodi madad chahiye. Kripya bataiye: aapka ghar kaun si cross ya gali mein hai, sabse paas ka landmark kya hai (mandir, school, bus stop), aur aapke gate ka rang kya hai?"
AD001670,CANNOT_GEOCODE,,outside service area,TELE_DIALER,ADDR_VERIFY_OUT_OF_AREA_HI,"Namaste, aapke ghar tak pahunchne ke liye thodi madad chahiye. Kripya bataiye: aapka ghar kaun si cross ya gali mein hai, sabse paas ka landmark kya hai (mandir, school, bus stop), aur aapke gate ka rang kya hai?"
AD001671,VERIFY_FIRST,569.0,text only (locality); too uncertain to visit blind; R90 569 m,TELE_DIALER,ADDR_VERIFY_LOW_CONFIDENCE_EN,"Hello, we need a little help to reach your home. Please tell us which cross or street your house is on, the nearest landmark (temple, school, bus stop), and the colour of your gate."
AD001672,CANNOT_GEOCODE,,outside service area,TELE_DIALER,ADDR_VERIFY_OUT_OF_AREA_EN,"Hello, we need a little help to reach your home. Please tell us which cross or street your house is on, the nearest landmark (temple, school, bus stop), and the colour of your gate."
AD001673,DIRECT_VISIT,15.0,7 agreeing visits; R90 15 m,FIELD_FORCE,,
AD001674,VISIT_WITH_HINT,161.0,text only (neighbours); R90 161 m,FIELD_FORCE,,
AD001675,CANNOT_GEOCODE,,outside service area,TELE_DIALER,ADDR_VERIFY_OUT_OF_AREA_HI,"Namaste, aapke ghar tak pahunchne ke liye thodi madad chahiye. Kripya bataiye: aapka ghar kaun si cross ya gali mein hai, sabse paas ka landmark kya hai (mandir, school, bus stop), aur aapke gate ka rang kya hai?"
AD001676,DIRECT_VISIT,34.0,"visits disagree (n=3), largest cluster kept; R90 34 m",FIELD_FORCE,,
AD001677,DIRECT_VISIT,52.0,1 good visit; R90 52 m,FIELD_FORCE,,
AD001678,VISIT_WITH_HINT,403.0,text only (locality); R90 403 m,FIELD_FORCE,,
AD001679,VISIT_WITH_HINT,198.0,text only (landmark); R90 198 m,FIELD_FORCE,,
AD001680,DIRECT_VISIT,54.0,1 good visit; R90 54 m,FIELD_FORCE,,
AD001681,VISIT_WITH_HINT,396.0,text only (landmark); R90 396 m,FIELD_FORCE,,
AD001682,DIRECT_VISIT,15.0,7 agreeing visits; R90 15 m,FIELD_FORCE,,
AD001683,DIRECT_VISIT,21.0,5 agreeing visits; R90 21 m,FIELD_FORCE,,
AD001684,VISIT_WITH_HINT,378.0,text only (neighbours); R90 378 m,FIELD_FORCE,,
AD001685,VISIT_WITH_HINT,329.0,text only (landmark); R90 329 m,FIELD_FORCE,,
AD001686,VERIFY_FIRST,569.0,text only (locality); too uncertain to visit blind; R90 569 m,TELE_DIALER,ADDR_VERIFY_LOW_CONFIDENCE_EN,"Hello, we need a little help to reach your home. Please tell us which cross or street your house is on, the nearest landmark (temple, school, bus stop), and the colour of your gate."
AD001687,DIRECT_VISIT,46.0,3 agreeing visits; R90 46 m,FIELD_FORCE,,
AD001688,CANNOT_GEOCODE,,outside service area,TELE_DIALER,ADDR_VERIFY_OUT_OF_AREA_EN,"Hello, we need a little help to reach your home. Please tell us which cross or street your house is on, the nearest landmark (temple, school, bus stop), and the colour of your gate."
AD001689,DIRECT_VISIT,36.0,4 agreeing visits; R90 36 m,FIELD_FORCE,,
AD001690,VERIFY_FIRST,569.0,text only (locality); too uncertain to visit blind; R90 569 m,TELE_DIALER,ADDR_VERIFY_LOW_CONFIDENCE_HI,"Namaste, aapke ghar tak pahunchne ke liye thodi madad chahiye. Kripya bataiye: aapka ghar kaun si cross ya gali mein hai, sabse paas ka landmark kya hai (mandir, school, bus stop), aur aapke gate ka rang kya hai?"
AD001691,VISIT_WITH_HINT,329.0,text only (landmark); R90 329 m,FIELD_FORCE,,
AD001692,DIRECT_VISIT,24.0,2 agreeing visits; R90 24 m,FIELD_FORCE,,
AD001693,DIRECT_VISIT,36.0,1 good visit; R90 36 m,FIELD_FORCE,,
AD001694,DIRECT_VISIT,30.0,3 agreeing visits; R90 30 m,FIELD_FORCE,,
AD001695,DIRECT_VISIT,51.0,2 agreeing visits; R90 51 m,FIELD_FORCE,,
AD001696,VISIT_WITH_HINT,161.0,text only (neighbours); R90 161 m,FIELD_FORCE,,
AD001697,DIRECT_VISIT,17.0,"visits disagree (n=7), largest cluster kept; R90 17 m",FIELD_FORCE,,
AD001698,VISIT_WITH_HINT,329.0,text only (landmark); R90 329 m,FIELD_FORCE,,
AD001699,VISIT_WITH_HINT,255.0,text only (baseline street); R90 255 m,FIELD_FORCE,,
AD001700,VISIT_WITH_HINT,163.0,"visits disagree (n=2), largest cluster kept; R90 163 m",FIELD_FORCE,,
AD001701,VISIT_WITH_HINT,257.0,text only (landmark); R90 257 m,FIELD_FORCE,,
AD001702,DIRECT_VISIT,21.0,4 agreeing visits; R90 21 m,FIELD_FORCE,,
AD001703,VISIT_WITH_HINT,228.0,text only (baseline street); R90 228 m,FIELD_FORCE,,
AD001704,VERIFY_FIRST,569.0,text only (locality); too uncertain to visit blind; R90 569 m,TELE_DIALER,ADDR_VERIFY_LOW_CONFIDENCE_HI,"Namaste, aapke ghar tak pahunchne ke liye thodi madad chahiye. Kripya bataiye: aapka ghar kaun si cross ya gali mein hai, sabse paas ka landmark kya hai (mandir, school, bus stop), aur aapke gate ka rang kya hai?"
AD001705,VISIT_WITH_HINT,329.0,text only (landmark); R90 329 m,FIELD_FORCE,,
AD001706,DIRECT_VISIT,15.0,5 agreeing visits; R90 15 m,FIELD_FORCE,,
AD001707,VISIT_WITH_HINT,126.0,text only (landmark); R90 126 m,FIELD_FORCE,,
AD001708,CANNOT_GEOCODE,,outside service area,TELE_DIALER,ADDR_VERIFY_OUT_OF_AREA_EN,"Hello, we need a little help to reach your home. Please tell us which cross or street your house is on, the nearest landmark (temple, school, bus stop), and the colour of your gate."
AD001709,VISIT_WITH_HINT,329.0,text only (landmark); R90 329 m,FIELD_FORCE,,
AD001710,VISIT_WITH_HINT,329.0,text only (landmark); R90 329 m,FIELD_FORCE,,
AD001711,VERIFY_FIRST,569.0,text only (locality); too uncertain to visit blind; R90 569 m,TELE_DIALER,ADDR_VERIFY_LOW_CONFIDENCE_EN,"Hello, we need a little help to reach your home. Please tell us which cross or street your house is on, the nearest landmark (temple, school, bus stop), and the colour of your gate."
AD001712,DIRECT_VISIT,11.0,7 agreeing visits; R90 11 m,FIELD_FORCE,,
AD001713,DIRECT_VISIT,16.0,7 agreeing visits; R90 16 m,FIELD_FORCE,,
AD001714,DIRECT_VISIT,26.0,1 good visit; R90 26 m,FIELD_FORCE,,
AD001715,DIRECT_VISIT,30.0,5 agreeing visits; R90 30 m,FIELD_FORCE,,
AD001716,VISIT_WITH_HINT,365.0,text only (neighbours); R90 365 m,FIELD_FORCE,,
AD001717,VISIT_WITH_HINT,329.0,text only (landmark); R90 329 m,FIELD_FORCE,,
AD001718,VISIT_WITH_HINT,257.0,text only (landmark); R90 257 m,FIELD_FORCE,,
AD001719,VISIT_WITH_HINT,194.0,text only (neighbours); R90 194 m,FIELD_FORCE,,
AD001720,DIRECT_VISIT,34.0,1 good visit; R90 34 m,FIELD_FORCE,,
AD001721,VERIFY_FIRST,837.0,text only (locality); too uncertain to visit blind; R90 837 m,TELE_DIALER,ADDR_VERIFY_LOW_CONFIDENCE_EN,"Hello, we need a little help to reach your home. Please tell us which cross or street your house is on, the nearest landmark (temple, school, bus stop), and the colour of your gate."
AD001722,DIRECT_VISIT,38.0,"visits disagree (n=4), largest cluster kept; R90 38 m",FIELD_FORCE,,
AD001723,VISIT_WITH_HINT,149.0,text only (neighbours); R90 149 m,FIELD_FORCE,,
AD001724,VERIFY_FIRST,837.0,text only (locality); too uncertain to visit blind; R90 837 m,TELE_DIALER,ADDR_VERIFY_LOW_CONFIDENCE_HI,"Namaste, aapke ghar tak pahunchne ke liye thodi madad chahiye. Kripya bataiye: aapka ghar kaun si cross ya gali mein hai, sabse paas ka landmark kya hai (mandir, school, bus stop), aur aapke gate ka rang kya hai?"
AD001725,DIRECT_VISIT,51.0,1 good visit; R90 51 m,FIELD_FORCE,,
AD001726,DIRECT_VISIT,18.0,"visits disagree (n=5), largest cluster kept; R90 18 m",FIELD_FORCE,,
AD001727,VERIFY_FIRST,3348.0,text only (pincode area); too uncertain to visit blind; R90 3348 m,TELE_DIALER,ADDR_VERIFY_LOW_CONFIDENCE_HI,"Namaste, aapke ghar tak pahunchne ke liye thodi madad chahiye. Kripya bataiye: aapka ghar kaun si cross ya gali mein hai, sabse paas ka landmark kya hai (mandir, school, bus stop), aur aapke gate ka rang kya hai?"
AD001728,CANNOT_GEOCODE,,outside service area,TELE_DIALER,ADDR_VERIFY_OUT_OF_AREA_HI,"Namaste, aapke ghar tak pahunchne ke liye thodi madad chahiye. Kripya bataiye: aapka ghar kaun si cross ya gali mein hai, sabse paas ka landmark kya hai (mandir, school, bus stop), aur aapke gate ka rang kya hai?"
AD001729,VISIT_WITH_HINT,255.0,text only (baseline street); R90 255 m,FIELD_FORCE,,
AD001730,VERIFY_FIRST,569.0,text only (locality); too uncertain to visit blind; R90 569 m,TELE_DIALER,ADDR_VERIFY_LOW_CONFIDENCE_KN,"Namaskara, nimma manege baralu swalpa sahaya beku. Dayavittu heli: nimma mane yaava cross athava raste alli ide, hattirada landmark yavudu (gudi, shaale, bus stop), mattu nimma gate yaava banna?"
AD001731,DIRECT_VISIT,28.0,"visits disagree (n=4), largest cluster kept; R90 28 m",FIELD_FORCE,,
AD001732,DIRECT_VISIT,33.0,1 good visit; R90 33 m,FIELD_FORCE,,
AD001733,VISIT_WITH_HINT,296.0,text only (landmark); R90 296 m,FIELD_FORCE,,
AD001734,DIRECT_VISIT,29.0,3 agreeing visits; R90 29 m,FIELD_FORCE,,
AD001735,VERIFY_FIRST,569.0,text only (locality); too uncertain to visit blind; R90 569 m,TELE_DIALER,ADDR_VERIFY_LOW_CONFIDENCE_EN,"Hello, we need a little help to reach your home. Please tell us which cross or street your house is on, the nearest landmark (temple, school, bus stop), and the colour of your gate."
AD001736,VISIT_WITH_HINT,329.0,text only (landmark); R90 329 m,FIELD_FORCE,,
AD001737,CANNOT_GEOCODE,,outside service area,TELE_DIALER,ADDR_VERIFY_OUT_OF_AREA_HI,"Namaste, aapke ghar tak pahunchne ke liye thodi madad chahiye. Kripya bataiye: aapka ghar kaun si cross ya gali mein hai, sabse paas ka landmark kya hai (mandir, school, bus stop), aur aapke gate ka rang kya hai?"
AD001738,DIRECT_VISIT,20.0,5 agreeing visits; R90 20 m,FIELD_FORCE,,
AD001739,VERIFY_FIRST,2278.0,text only (pincode area); too uncertain to visit blind; R90 2278 m,TELE_DIALER,ADDR_VERIFY_LOW_CONFIDENCE_EN,"Hello, we need a little help to reach your home. Please tell us which cross or street your house is on, the nearest landmark (temple, school, bus stop), and the colour of your gate."
AD001740,VERIFY_FIRST,569.0,text only (locality); too uncertain to visit blind; R90 569 m,TELE_DIALER,ADDR_VERIFY_LOW_CONFIDENCE_EN,"Hello, we need a little help to reach your home. Please tell us which cross or street your house is on, the nearest landmark (temple, school, bus stop), and the colour of your gate."
AD001741,DIRECT_VISIT,20.0,6 agreeing visits; R90 20 m,FIELD_FORCE,,
AD001742,DIRECT_VISIT,44.0,2 agreeing visits; R90 44 m,FIELD_FORCE,,
AD001743,DIRECT_VISIT,39.0,3 agreeing visits; R90 39 m,FIELD_FORCE,,
AD001744,VISIT_WITH_HINT,283.0,text only (neighbours); R90 283 m,FIELD_FORCE,,
AD001745,VISIT_WITH_HINT,161.0,text only (neighbours); R90 161 m,FIELD_FORCE,,
AD001746,DIRECT_VISIT,20.0,"visits disagree (n=6), largest cluster kept; R90 20 m",FIELD_FORCE,,
AD001747,VISIT_WITH_HINT,132.0,text only (baseline rooftop); R90 132 m,FIELD_FORCE,,
AD001748,DIRECT_VISIT,35.0,3 agreeing visits; R90 35 m,FIELD_FORCE,,
AD001749,VERIFY_FIRST,3348.0,text only (pincode area); too uncertain to visit blind; R90 3348 m,TELE_DIALER,ADDR_VERIFY_LOW_CONFIDENCE_HI,"Namaste, aapke ghar tak pahunchne ke liye thodi madad chahiye. Kripya bataiye: aapka ghar kaun si cross ya gali mein hai, sabse paas ka landmark kya hai (mandir, school, bus stop), aur aapke gate ka rang kya hai?"
AD001750,VERIFY_FIRST,569.0,text only (locality); too uncertain to visit blind; R90 569 m,TELE_DIALER,ADDR_VERIFY_LOW_CONFIDENCE_HI,"Namaste, aapke ghar tak pahunchne ke liye thodi madad chahiye. Kripya bataiye: aapka ghar kaun si cross ya gali mein hai, sabse paas ka landmark kya hai (mandir, school, bus stop), aur aapke gate ka rang kya hai?"
AD001751,VISIT_WITH_HINT,208.0,text only (baseline street); R90 208 m,FIELD_FORCE,,
AD001752,DIRECT_VISIT,11.0,7 agreeing visits; R90 11 m,FIELD_FORCE,,
AD001753,DIRECT_VISIT,15.0,8 agreeing visits; R90 15 m,FIELD_FORCE,,
AD001754,DIRECT_VISIT,14.0,"visits disagree (n=5), largest cluster kept; R90 14 m",FIELD_FORCE,,
AD001755,DIRECT_VISIT,35.0,2 agreeing visits; R90 35 m,FIELD_FORCE,,
AD001756,DIRECT_VISIT,29.0,1 good visit; R90 29 m,FIELD_FORCE,,
AD001757,VERIFY_FIRST,569.0,text only (locality); too uncertain to visit blind; R90 569 m,TELE_DIALER,ADDR_VERIFY_LOW_CONFIDENCE_EN,"Hello, we need a little help to reach your home. Please tell us which cross or street your house is on, the nearest landmark (temple, school, bus stop), and the colour of your gate."
AD001758,VISIT_WITH_HINT,126.0,text only (landmark); R90 126 m,FIELD_FORCE,,
AD001759,VISIT_WITH_HINT,329.0,text only (landmark); R90 329 m,FIELD_FORCE,,
AD001760,DIRECT_VISIT,24.0,3 agreeing visits; R90 24 m,FIELD_FORCE,,
AD001761,DIRECT_VISIT,36.0,"visits disagree (n=1), largest cluster kept; R90 36 m",FIELD_FORCE,,
AD001762,CANNOT_GEOCODE,,outside service area,TELE_DIALER,ADDR_VERIFY_OUT_OF_AREA_HI,"Namaste, aapke ghar tak pahunchne ke liye thodi madad chahiye. Kripya bataiye: aapka ghar kaun si cross ya gali mein hai, sabse paas ka landmark kya hai (mandir, school, bus stop), aur aapke gate ka rang kya hai?"
AD001763,VISIT_WITH_HINT,228.0,text only (neighbours); R90 228 m,FIELD_FORCE,,
AD001764,VISIT_WITH_HINT,140.0,text only (neighbours); R90 140 m,FIELD_FORCE,,
AD001765,DIRECT_VISIT,24.0,6 agreeing visits; R90 24 m,FIELD_FORCE,,
AD001766,VISIT_WITH_HINT,409.0,text only (neighbours); R90 409 m,FIELD_FORCE,,
AD001767,VISIT_WITH_HINT,172.0,"visits disagree (n=1), largest cluster kept; R90 172 m",FIELD_FORCE,,
AD001768,DIRECT_VISIT,33.0,1 good visit; R90 33 m,FIELD_FORCE,,
AD001769,VISIT_WITH_HINT,387.0,text only (neighbours); R90 387 m,FIELD_FORCE,,
AD001770,DIRECT_VISIT,16.0,7 agreeing visits; R90 16 m,FIELD_FORCE,,
AD001771,VISIT_WITH_HINT,279.0,text only (landmark); R90 279 m,FIELD_FORCE,,
AD001772,VERIFY_FIRST,569.0,text only (locality); too uncertain to visit blind; R90 569 m,TELE_DIALER,ADDR_VERIFY_LOW_CONFIDENCE_KN,"Namaskara, nimma manege baralu swalpa sahaya beku. Dayavittu heli: nimma mane yaava cross athava raste alli ide, hattirada landmark yavudu (gudi, shaale, bus stop), mattu nimma gate yaava banna?"
AD001773,VISIT_WITH_HINT,215.0,text only (landmark); R90 215 m,FIELD_FORCE,,
AD001774,VISIT_WITH_HINT,149.0,text only (neighbours); R90 149 m,FIELD_FORCE,,
AD001775,DIRECT_VISIT,22.0,"visits disagree (n=5), largest cluster kept; R90 22 m",FIELD_FORCE,,
AD001776,DIRECT_VISIT,34.0,2 agreeing visits; R90 34 m,FIELD_FORCE,,
AD001777,VERIFY_FIRST,569.0,text only (locality); too uncertain to visit blind; R90 569 m,TELE_DIALER,ADDR_VERIFY_LOW_CONFIDENCE_HI,"Namaste, aapke ghar tak pahunchne ke liye thodi madad chahiye. Kripya bataiye: aapka ghar kaun si cross ya gali mein hai, sabse paas ka landmark kya hai (mandir, school, bus stop), aur aapke gate ka rang kya hai?"
AD001778,VISIT_WITH_HINT,280.0,text only (neighbours); R90 280 m,FIELD_FORCE,,
AD001779,DIRECT_VISIT,35.0,3 agreeing visits; R90 35 m,FIELD_FORCE,,
AD001780,VISIT_WITH_HINT,304.0,text only (neighbours); R90 304 m,FIELD_FORCE,,
AD001781,VISIT_WITH_HINT,175.0,text only (neighbours); R90 175 m,FIELD_FORCE,,
AD001782,VISIT_WITH_HINT,255.0,text only (baseline street); R90 255 m,FIELD_FORCE,,
AD001783,VISIT_WITH_HINT,255.0,text only (baseline street); R90 255 m,FIELD_FORCE,,
AD001784,VISIT_WITH_HINT,329.0,text only (landmark); R90 329 m,FIELD_FORCE,,
AD001785,VISIT_WITH_HINT,177.0,text only (landmark); R90 177 m,FIELD_FORCE,,
AD001786,VISIT_WITH_HINT,304.0,text only (neighbours); R90 304 m,FIELD_FORCE,,
AD001787,VISIT_WITH_HINT,329.0,text only (landmark); R90 329 m,FIELD_FORCE,,
AD001788,VISIT_WITH_HINT,102.0,"visits disagree (n=2), largest cluster kept; R90 102 m",FIELD_FORCE,,
AD001789,DIRECT_VISIT,77.0,1 good visit; R90 77 m,FIELD_FORCE,,
AD001790,DIRECT_VISIT,41.0,3 agreeing visits; R90 41 m,FIELD_FORCE,,
AD001791,VISIT_WITH_HINT,329.0,text only (landmark); R90 329 m,FIELD_FORCE,,
AD001792,DIRECT_VISIT,34.0,"visits disagree (n=5), largest cluster kept; R90 34 m",FIELD_FORCE,,
AD001793,CANNOT_GEOCODE,,outside service area,TELE_DIALER,ADDR_VERIFY_OUT_OF_AREA_HI,"Namaste, aapke ghar tak pahunchne ke liye thodi madad chahiye. Kripya bataiye: aapka ghar kaun si cross ya gali mein hai, sabse paas ka landmark kya hai (mandir, school, bus stop), aur aapke gate ka rang kya hai?"
AD001794,DIRECT_VISIT,26.0,5 agreeing visits; R90 26 m,FIELD_FORCE,,
AD001795,VISIT_WITH_HINT,396.0,text only (landmark); R90 396 m,FIELD_FORCE,,
AD001796,CANNOT_GEOCODE,,outside service area,TELE_DIALER,ADDR_VERIFY_OUT_OF_AREA_HI,"Namaste, aapke ghar tak pahunchne ke liye thodi madad chahiye. Kripya bataiye: aapka ghar kaun si cross ya gali mein hai, sabse paas ka landmark kya hai (mandir, school, bus stop), aur aapke gate ka rang kya hai?"
AD001797,VISIT_WITH_HINT,133.0,text only (neighbours); R90 133 m,FIELD_FORCE,,
AD001798,DIRECT_VISIT,50.0,1 good visit; R90 50 m,FIELD_FORCE,,
AD001799,DIRECT_VISIT,28.0,3 agreeing visits; R90 28 m,FIELD_FORCE,,
AD001800,DIRECT_VISIT,31.0,1 good visit; R90 31 m,FIELD_FORCE,,
AD001801,VISIT_WITH_HINT,194.0,text only (neighbours); R90 194 m,FIELD_FORCE,,
AD001802,DIRECT_VISIT,36.0,3 agreeing visits; R90 36 m,FIELD_FORCE,,
AD001803,VERIFY_FIRST,569.0,text only (locality); too uncertain to visit blind; R90 569 m,TELE_DIALER,ADDR_VERIFY_LOW_CONFIDENCE_KN,"Namaskara, nimma manege baralu swalpa sahaya beku. Dayavittu heli: nimma mane yaava cross athava raste alli ide, hattirada landmark yavudu (gudi, shaale, bus stop), mattu nimma gate yaava banna?"
AD001804,VERIFY_FIRST,569.0,text only (locality); too uncertain to visit blind; R90 569 m,TELE_DIALER,ADDR_VERIFY_LOW_CONFIDENCE_EN,"Hello, we need a little help to reach your home. Please tell us which cross or street your house is on, the nearest landmark (temple, school, bus stop), and the colour of your gate."
AD001805,DIRECT_VISIT,64.0,1 good visit; R90 64 m,FIELD_FORCE,,
AD001806,VISIT_WITH_HINT,329.0,text only (landmark); R90 329 m,FIELD_FORCE,,
AD001807,DIRECT_VISIT,35.0,2 agreeing visits; R90 35 m,FIELD_FORCE,,
AD001808,DIRECT_VISIT,22.0,"visits disagree (n=4), largest cluster kept; R90 22 m",FIELD_FORCE,,
AD001809,VISIT_WITH_HINT,122.0,text only (landmark); R90 122 m,FIELD_FORCE,,
AD001810,VISIT_WITH_HINT,329.0,text only (landmark); R90 329 m,FIELD_FORCE,,
AD001811,DIRECT_VISIT,30.0,4 agreeing visits; R90 30 m,FIELD_FORCE,,
AD001812,DIRECT_VISIT,49.0,"visits disagree (n=3), largest cluster kept; R90 49 m",FIELD_FORCE,,
AD001813,VISIT_WITH_HINT,293.0,text only (neighbours); R90 293 m,FIELD_FORCE,,
AD001814,CANNOT_GEOCODE,,outside service area,TELE_DIALER,ADDR_VERIFY_OUT_OF_AREA_KN,"Namaskara, nimma manege baralu swalpa sahaya beku. Dayavittu heli: nimma mane yaava cross athava raste alli ide, hattirada landmark yavudu (gudi, shaale, bus stop), mattu nimma gate yaava banna?"
AD001815,DIRECT_VISIT,16.0,"visits disagree (n=7), largest cluster kept; R90 16 m",FIELD_FORCE,,
AD001816,VISIT_WITH_HINT,396.0,text only (landmark); R90 396 m,FIELD_FORCE,,
AD001817,VERIFY_FIRST,569.0,text only (locality); too uncertain to visit blind; R90 569 m,TELE_DIALER,ADDR_VERIFY_LOW_CONFIDENCE_EN,"Hello, we need a little help to reach your home. Please tell us which cross or street your house is on, the nearest landmark (temple, school, bus stop), and the colour of your gate."
AD001818,VISIT_WITH_HINT,396.0,text only (landmark); R90 396 m,FIELD_FORCE,,
AD001819,CANNOT_GEOCODE,,outside service area,TELE_DIALER,ADDR_VERIFY_OUT_OF_AREA_KN,"Namaskara, nimma manege baralu swalpa sahaya beku. Dayavittu heli: nimma mane yaava cross athava raste alli ide, hattirada landmark yavudu (gudi, shaale, bus stop), mattu nimma gate yaava banna?"
AD001820,VISIT_WITH_HINT,329.0,text only (landmark); R90 329 m,FIELD_FORCE,,
AD001821,DIRECT_VISIT,20.0,5 agreeing visits; R90 20 m,FIELD_FORCE,,
AD001822,VISIT_WITH_HINT,125.0,"visits disagree (n=1), largest cluster kept; R90 125 m",FIELD_FORCE,,
AD001823,VERIFY_FIRST,2278.0,text only (pincode area); too uncertain to visit blind; R90 2278 m,TELE_DIALER,ADDR_VERIFY_LOW_CONFIDENCE_EN,"Hello, we need a little help to reach your home. Please tell us which cross or street your house is on, the nearest landmark (temple, school, bus stop), and the colour of your gate."
AD001824,VISIT_WITH_HINT,228.0,text only (neighbours); R90 228 m,FIELD_FORCE,,
AD001825,VISIT_WITH_HINT,296.0,text only (landmark); R90 296 m,FIELD_FORCE,,
AD001826,CANNOT_GEOCODE,,outside service area,TELE_DIALER,ADDR_VERIFY_OUT_OF_AREA_HI,"Namaste, aapke ghar tak pahunchne ke liye thodi madad chahiye. Kripya bataiye: aapka ghar kaun si cross ya gali mein hai, sabse paas ka landmark kya hai (mandir, school, bus stop), aur aapke gate ka rang kya hai?"
AD001827,VISIT_WITH_HINT,329.0,text only (landmark); R90 329 m,FIELD_FORCE,,
AD001828,CANNOT_GEOCODE,,outside service area,TELE_DIALER,ADDR_VERIFY_OUT_OF_AREA_HI,"Namaste, aapke ghar tak pahunchne ke liye thodi madad chahiye. Kripya bataiye: aapka ghar kaun si cross ya gali mein hai, sabse paas ka landmark kya hai (mandir, school, bus stop), aur aapke gate ka rang kya hai?"
AD001829,VISIT_WITH_HINT,215.0,text only (landmark); R90 215 m,FIELD_FORCE,,
AD001830,DIRECT_VISIT,14.0,9 agreeing visits; R90 14 m,FIELD_FORCE,,
AD001831,VISIT_WITH_HINT,120.0,text only (neighbours); R90 120 m,FIELD_FORCE,,
AD001832,DIRECT_VISIT,94.0,6 agreeing visits; R90 94 m,FIELD_FORCE,,
AD001833,DIRECT_VISIT,15.0,7 agreeing visits; R90 15 m,FIELD_FORCE,,
AD001834,VERIFY_FIRST,569.0,text only (locality); too uncertain to visit blind; R90 569 m,TELE_DIALER,ADDR_VERIFY_LOW_CONFIDENCE_KN,"Namaskara, nimma manege baralu swalpa sahaya beku. Dayavittu heli: nimma mane yaava cross athava raste alli ide, hattirada landmark yavudu (gudi, shaale, bus stop), mattu nimma gate yaava banna?"
AD001835,VISIT_WITH_HINT,387.0,text only (neighbours); R90 387 m,FIELD_FORCE,,
AD001836,DIRECT_VISIT,36.0,1 good visit; R90 36 m,FIELD_FORCE,,
AD001837,DIRECT_VISIT,30.0,2 agreeing visits; R90 30 m,FIELD_FORCE,,
AD001838,VISIT_WITH_HINT,194.0,text only (neighbours); R90 194 m,FIELD_FORCE,,
AD001839,VISIT_WITH_HINT,437.0,text only (locality); R90 437 m,FIELD_FORCE,,
AD001840,VISIT_WITH_HINT,175.0,text only (neighbours); R90 175 m,FIELD_FORCE,,
AD001841,VISIT_WITH_HINT,194.0,text only (neighbours); R90 194 m,FIELD_FORCE,,
AD001842,DIRECT_VISIT,46.0,1 good visit; R90 46 m,FIELD_FORCE,,
AD001843,CANNOT_GEOCODE,,outside service area,TELE_DIALER,ADDR_VERIFY_OUT_OF_AREA_EN,"Hello, we need a little help to reach your home. Please tell us which cross or street your house is on, the nearest landmark (temple, school, bus stop), and the colour of your gate."
AD001844,DIRECT_VISIT,27.0,"visits disagree (n=2), largest cluster kept; R90 27 m",FIELD_FORCE,,
AD001845,DIRECT_VISIT,23.0,3 agreeing visits; R90 23 m,FIELD_FORCE,,
AD001846,VERIFY_FIRST,1230.0,text only (locality); too uncertain to visit blind; R90 1230 m,TELE_DIALER,ADDR_VERIFY_NOT_TRACEABLE_HI,"Namaste, aapke ghar tak pahunchne ke liye thodi madad chahiye. Kripya bataiye: aapka ghar kaun si cross ya gali mein hai, sabse paas ka landmark kya hai (mandir, school, bus stop), aur aapke gate ka rang kya hai?"
AD001847,DIRECT_VISIT,70.0,1 good visit; R90 70 m,FIELD_FORCE,,
AD001848,VISIT_WITH_HINT,194.0,text only (neighbours); R90 194 m,FIELD_FORCE,,
AD001849,DIRECT_VISIT,49.0,1 good visit; R90 49 m,FIELD_FORCE,,
AD001850,VERIFY_FIRST,569.0,text only (locality); too uncertain to visit blind; R90 569 m,TELE_DIALER,ADDR_VERIFY_LOW_CONFIDENCE_KN,"Namaskara, nimma manege baralu swalpa sahaya beku. Dayavittu heli: nimma mane yaava cross athava raste alli ide, hattirada landmark yavudu (gudi, shaale, bus stop), mattu nimma gate yaava banna?"
AD001851,DIRECT_VISIT,50.0,1 good visit; R90 50 m,FIELD_FORCE,,
AD001852,DIRECT_VISIT,19.0,2 agreeing visits; R90 19 m,FIELD_FORCE,,
AD001853,VERIFY_FIRST,569.0,text only (locality); too uncertain to visit blind; R90 569 m,TELE_DIALER,ADDR_VERIFY_LOW_CONFIDENCE_HI,"Namaste, aapke ghar tak pahunchne ke liye thodi madad chahiye. Kripya bataiye: aapka ghar kaun si cross ya gali mein hai, sabse paas ka landmark kya hai (mandir, school, bus stop), aur aapke gate ka rang kya hai?"
AD001854,DIRECT_VISIT,37.0,2 agreeing visits; R90 37 m,FIELD_FORCE,,
AD001855,DIRECT_VISIT,15.0,8 agreeing visits; R90 15 m,FIELD_FORCE,,
AD001856,DIRECT_VISIT,70.0,1 good visit; R90 70 m,FIELD_FORCE,,
AD001857,DIRECT_VISIT,22.0,4 agreeing visits; R90 22 m,FIELD_FORCE,,
AD001858,VISIT_WITH_HINT,396.0,text only (landmark); R90 396 m,FIELD_FORCE,,
AD001859,VISIT_WITH_HINT,283.0,text only (neighbours); R90 283 m,FIELD_FORCE,,
AD001860,VISIT_WITH_HINT,149.0,text only (neighbours); R90 149 m,FIELD_FORCE,,
AD001861,VISIT_WITH_HINT,199.0,text only (baseline street); R90 199 m,FIELD_FORCE,,
AD001862,DIRECT_VISIT,27.0,"visits disagree (n=3), largest cluster kept; R90 27 m",FIELD_FORCE,,
AD001863,VISIT_WITH_HINT,396.0,text only (landmark); R90 396 m,FIELD_FORCE,,
AD001864,DIRECT_VISIT,29.0,"visits disagree (n=4), largest cluster kept; R90 29 m",FIELD_FORCE,,
AD001865,DIRECT_VISIT,37.0,3 agreeing visits; R90 37 m,FIELD_FORCE,,
AD001866,DIRECT_VISIT,36.0,1 good visit; R90 36 m,FIELD_FORCE,,
AD001867,VISIT_WITH_HINT,168.0,"visits disagree (n=1), largest cluster kept; R90 168 m",FIELD_FORCE,,
AD001868,DIRECT_VISIT,75.0,"visits disagree (n=5), largest cluster kept; R90 75 m",FIELD_FORCE,,
AD001869,CANNOT_GEOCODE,,outside service area,TELE_DIALER,ADDR_VERIFY_OUT_OF_AREA_EN,"Hello, we need a little help to reach your home. Please tell us which cross or street your house is on, the nearest landmark (temple, school, bus stop), and the colour of your gate."
AD001870,VERIFY_FIRST,4921.0,text only (pincode area); too uncertain to visit blind; R90 4921 m,TELE_DIALER,ADDR_VERIFY_LOW_CONFIDENCE_KN,"Namaskara, nimma manege baralu swalpa sahaya beku. Dayavittu heli: nimma mane yaava cross athava raste alli ide, hattirada landmark yavudu (gudi, shaale, bus stop), mattu nimma gate yaava banna?"
AD001871,VISIT_WITH_HINT,396.0,text only (landmark); R90 396 m,FIELD_FORCE,,
AD001872,VISIT_WITH_HINT,194.0,text only (neighbours); R90 194 m,FIELD_FORCE,,
AD001873,VISIT_WITH_HINT,376.0,"visits disagree (n=1), largest cluster kept; R90 376 m",FIELD_FORCE,,
AD001874,VISIT_WITH_HINT,285.0,text only (landmark); R90 285 m,FIELD_FORCE,,
AD001875,VISIT_WITH_HINT,232.0,text only (baseline street); R90 232 m,FIELD_FORCE,,
AD001876,VERIFY_FIRST,569.0,text only (locality); too uncertain to visit blind; R90 569 m,TELE_DIALER,ADDR_VERIFY_LOW_CONFIDENCE_HI,"Namaste, aapke ghar tak pahunchne ke liye thodi madad chahiye. Kripya bataiye: aapka ghar kaun si cross ya gali mein hai, sabse paas ka landmark kya hai (mandir, school, bus stop), aur aapke gate ka rang kya hai?"
AD001877,VISIT_WITH_HINT,403.0,text only (locality); R90 403 m,FIELD_FORCE,,
AD001878,VISIT_WITH_HINT,329.0,text only (landmark); R90 329 m,FIELD_FORCE,,
AD001879,DIRECT_VISIT,25.0,3 agreeing visits; R90 25 m,FIELD_FORCE,,
AD001880,DIRECT_VISIT,31.0,1 good visit; R90 31 m,FIELD_FORCE,,
AD001881,DIRECT_VISIT,36.0,1 good visit; R90 36 m,FIELD_FORCE,,
AD001882,DIRECT_VISIT,38.0,2 agreeing visits; R90 38 m,FIELD_FORCE,,
AD001883,VISIT_WITH_HINT,140.0,text only (neighbours); R90 140 m,FIELD_FORCE,,
AD001884,VERIFY_FIRST,569.0,text only (locality); too uncertain to visit blind; R90 569 m,TELE_DIALER,ADDR_VERIFY_LOW_CONFIDENCE_HI,"Namaste, aapke ghar tak pahunchne ke liye thodi madad chahiye. Kripya bataiye: aapka ghar kaun si cross ya gali mein hai, sabse paas ka landmark kya hai (mandir, school, bus stop), aur aapke gate ka rang kya hai?"
AD001885,VISIT_WITH_HINT,396.0,text only (landmark); R90 396 m,FIELD_FORCE,,
AD001886,DIRECT_VISIT,31.0,4 agreeing visits; R90 31 m,FIELD_FORCE,,
AD001887,CANNOT_GEOCODE,,outside service area,TELE_DIALER,ADDR_VERIFY_OUT_OF_AREA_KN,"Namaskara, nimma manege baralu swalpa sahaya beku. Dayavittu heli: nimma mane yaava cross athava raste alli ide, hattirada landmark yavudu (gudi, shaale, bus stop), mattu nimma gate yaava banna?"
AD001888,VERIFY_FIRST,569.0,text only (locality); too uncertain to visit blind; R90 569 m,TELE_DIALER,ADDR_VERIFY_LOW_CONFIDENCE_HI,"Namaste, aapke ghar tak pahunchne ke liye thodi madad chahiye. Kripya bataiye: aapka ghar kaun si cross ya gali mein hai, sabse paas ka landmark kya hai (mandir, school, bus stop), aur aapke gate ka rang kya hai?"
AD001889,VERIFY_FIRST,569.0,text only (locality); too uncertain to visit blind; R90 569 m,TELE_DIALER,ADDR_VERIFY_LOW_CONFIDENCE_KN,"Namaskara, nimma manege baralu swalpa sahaya beku. Dayavittu heli: nimma mane yaava cross athava raste alli ide, hattirada landmark yavudu (gudi, shaale, bus stop), mattu nimma gate yaava banna?"
AD001890,DIRECT_VISIT,18.0,"visits disagree (n=4), largest cluster kept; R90 18 m",FIELD_FORCE,,
AD001891,DIRECT_VISIT,53.0,"visits disagree (n=2), largest cluster kept; R90 53 m",FIELD_FORCE,,
AD001892,VISIT_WITH_HINT,234.0,text only (landmark); R90 234 m,FIELD_FORCE,,
AD001893,CANNOT_GEOCODE,,outside service area,TELE_DIALER,ADDR_VERIFY_OUT_OF_AREA_KN,"Namaskara, nimma manege baralu swalpa sahaya beku. Dayavittu heli: nimma mane yaava cross athava raste alli ide, hattirada landmark yavudu (gudi, shaale, bus stop), mattu nimma gate yaava banna?"
AD001894,VISIT_WITH_HINT,387.0,text only (neighbours); R90 387 m,FIELD_FORCE,,
AD001895,VISIT_WITH_HINT,329.0,text only (landmark); R90 329 m,FIELD_FORCE,,
AD001896,DIRECT_VISIT,69.0,1 good visit; R90 69 m,FIELD_FORCE,,
AD001897,VISIT_WITH_HINT,179.0,text only (landmark); R90 179 m,FIELD_FORCE,,
AD001898,VERIFY_FIRST,2278.0,text only (pincode area); too uncertain to visit blind; R90 2278 m,TELE_DIALER,ADDR_VERIFY_LOW_CONFIDENCE_HI,"Namaste, aapke ghar tak pahunchne ke liye thodi madad chahiye. Kripya bataiye: aapka ghar kaun si cross ya gali mein hai, sabse paas ka landmark kya hai (mandir, school, bus stop), aur aapke gate ka rang kya hai?"
AD001899,DIRECT_VISIT,44.0,1 good visit; R90 44 m,FIELD_FORCE,,
AD001900,DIRECT_VISIT,11.0,7 agreeing visits; R90 11 m,FIELD_FORCE,,
AD001901,DIRECT_VISIT,49.0,2 agreeing visits; R90 49 m,FIELD_FORCE,,
AD001902,VISIT_WITH_HINT,283.0,text only (neighbours); R90 283 m,FIELD_FORCE,,
AD001903,VISIT_WITH_HINT,396.0,text only (landmark); R90 396 m,FIELD_FORCE,,
AD001904,VERIFY_FIRST,569.0,text only (locality); too uncertain to visit blind; R90 569 m,TELE_DIALER,ADDR_VERIFY_LOW_CONFIDENCE_HI,"Namaste, aapke ghar tak pahunchne ke liye thodi madad chahiye. Kripya bataiye: aapka ghar kaun si cross ya gali mein hai, sabse paas ka landmark kya hai (mandir, school, bus stop), aur aapke gate ka rang kya hai?"
AD001905,VISIT_WITH_HINT,403.0,text only (locality); R90 403 m,FIELD_FORCE,,
AD001906,VISIT_WITH_HINT,396.0,text only (landmark); R90 396 m,FIELD_FORCE,,
AD001907,VISIT_WITH_HINT,205.0,text only (landmark); R90 205 m,FIELD_FORCE,,
AD001908,VISIT_WITH_HINT,178.0,text only (landmark); R90 178 m,FIELD_FORCE,,
AD001909,VERIFY_FIRST,2278.0,text only (pincode area); too uncertain to visit blind; R90 2278 m,TELE_DIALER,ADDR_VERIFY_LOW_CONFIDENCE_HI,"Namaste, aapke ghar tak pahunchne ke liye thodi madad chahiye. Kripya bataiye: aapka ghar kaun si cross ya gali mein hai, sabse paas ka landmark kya hai (mandir, school, bus stop), aur aapke gate ka rang kya hai?"
AD001910,VERIFY_FIRST,569.0,text only (locality); too uncertain to visit blind; R90 569 m,TELE_DIALER,ADDR_VERIFY_LOW_CONFIDENCE_HI,"Namaste, aapke ghar tak pahunchne ke liye thodi madad chahiye. Kripya bataiye: aapka ghar kaun si cross ya gali mein hai, sabse paas ka landmark kya hai (mandir, school, bus stop), aur aapke gate ka rang kya hai?"
AD001911,VISIT_WITH_HINT,396.0,text only (landmark); R90 396 m,FIELD_FORCE,,
AD001912,VERIFY_FIRST,569.0,text only (locality); too uncertain to visit blind; R90 569 m,TELE_DIALER,ADDR_VERIFY_LOW_CONFIDENCE_HI,"Namaste, aapke ghar tak pahunchne ke liye thodi madad chahiye. Kripya bataiye: aapka ghar kaun si cross ya gali mein hai, sabse paas ka landmark kya hai (mandir, school, bus stop), aur aapke gate ka rang kya hai?"
AD001913,VISIT_WITH_HINT,215.0,text only (landmark); R90 215 m,FIELD_FORCE,,
AD001914,DIRECT_VISIT,27.0,2 agreeing visits; R90 27 m,FIELD_FORCE,,
AD001915,CANNOT_GEOCODE,,outside service area,TELE_DIALER,ADDR_VERIFY_OUT_OF_AREA_HI,"Namaste, aapke ghar tak pahunchne ke liye thodi madad chahiye. Kripya bataiye: aapka ghar kaun si cross ya gali mein hai, sabse paas ka landmark kya hai (mandir, school, bus stop), aur aapke gate ka rang kya hai?"
AD001916,VISIT_WITH_HINT,329.0,text only (landmark); R90 329 m,FIELD_FORCE,,
AD001917,VISIT_WITH_HINT,285.0,text only (landmark); R90 285 m,FIELD_FORCE,,
AD001918,VISIT_WITH_HINT,329.0,text only (landmark); R90 329 m,FIELD_FORCE,,
AD001919,VISIT_WITH_HINT,283.0,text only (neighbours); R90 283 m,FIELD_FORCE,,
AD001920,DIRECT_VISIT,37.0,"visits disagree (n=2), largest cluster kept; R90 37 m",FIELD_FORCE,,
AD001921,VISIT_WITH_HINT,175.0,text only (neighbours); R90 175 m,FIELD_FORCE,,
AD001922,DIRECT_VISIT,67.0,1 good visit; R90 67 m,FIELD_FORCE,,
AD001923,DIRECT_VISIT,42.0,"visits disagree (n=2), largest cluster kept; R90 42 m",FIELD_FORCE,,
AD001924,VISIT_WITH_HINT,329.0,text only (landmark); R90 329 m,FIELD_FORCE,,
AD001925,VISIT_WITH_HINT,161.0,text only (neighbours); R90 161 m,FIELD_FORCE,,
AD001926,VISIT_WITH_HINT,333.0,text only (neighbours); R90 333 m,FIELD_FORCE,,
AD001927,DIRECT_VISIT,25.0,5 agreeing visits; R90 25 m,FIELD_FORCE,,
AD001928,VISIT_WITH_HINT,196.0,text only (landmark); R90 196 m,FIELD_FORCE,,
AD001929,DIRECT_VISIT,41.0,1 good visit; R90 41 m,FIELD_FORCE,,
AD001930,VISIT_WITH_HINT,255.0,text only (baseline street); R90 255 m,FIELD_FORCE,,
AD001931,VERIFY_FIRST,2278.0,text only (pincode area); too uncertain to visit blind; R90 2278 m,TELE_DIALER,ADDR_VERIFY_LOW_CONFIDENCE_HI,"Namaste, aapke ghar tak pahunchne ke liye thodi madad chahiye. Kripya bataiye: aapka ghar kaun si cross ya gali mein hai, sabse paas ka landmark kya hai (mandir, school, bus stop), aur aapke gate ka rang kya hai?"
AD001932,VISIT_WITH_HINT,149.0,text only (neighbours); R90 149 m,FIELD_FORCE,,
AD001933,DIRECT_VISIT,39.0,1 good visit; R90 39 m,FIELD_FORCE,,
AD001934,DIRECT_VISIT,39.0,2 agreeing visits; R90 39 m,FIELD_FORCE,,
AD001935,VISIT_WITH_HINT,329.0,text only (landmark); R90 329 m,FIELD_FORCE,,
AD001936,CANNOT_GEOCODE,,outside service area,TELE_DIALER,ADDR_VERIFY_OUT_OF_AREA_HI,"Namaste, aapke ghar tak pahunchne ke liye thodi madad chahiye. Kripya bataiye: aapka ghar kaun si cross ya gali mein hai, sabse paas ka landmark kya hai (mandir, school, bus stop), aur aapke gate ka rang kya hai?"
AD001937,DIRECT_VISIT,14.0,8 agreeing visits; R90 14 m,FIELD_FORCE,,
AD001938,VISIT_WITH_HINT,403.0,text only (locality); R90 403 m,FIELD_FORCE,,
AD001939,VERIFY_FIRST,569.0,text only (locality); too uncertain to visit blind; R90 569 m,TELE_DIALER,ADDR_VERIFY_LOW_CONFIDENCE_HI,"Namaste, aapke ghar tak pahunchne ke liye thodi madad chahiye. Kripya bataiye: aapka ghar kaun si cross ya gali mein hai, sabse paas ka landmark kya hai (mandir, school, bus stop), aur aapke gate ka rang kya hai?"
AD001940,VERIFY_FIRST,569.0,text only (locality); too uncertain to visit blind; R90 569 m,TELE_DIALER,ADDR_VERIFY_LOW_CONFIDENCE_KN,"Namaskara, nimma manege baralu swalpa sahaya beku. Dayavittu heli: nimma mane yaava cross athava raste alli ide, hattirada landmark yavudu (gudi, shaale, bus stop), mattu nimma gate yaava banna?"
AD001941,VISIT_WITH_HINT,329.0,text only (landmark); R90 329 m,FIELD_FORCE,,
AD001942,VISIT_WITH_HINT,329.0,text only (landmark); R90 329 m,FIELD_FORCE,,
AD001943,VISIT_WITH_HINT,283.0,text only (neighbours); R90 283 m,FIELD_FORCE,,
AD001944,DIRECT_VISIT,38.0,4 agreeing visits; R90 38 m,FIELD_FORCE,,
AD001945,DIRECT_VISIT,18.0,"visits disagree (n=4), largest cluster kept; R90 18 m",FIELD_FORCE,,
AD001946,VISIT_WITH_HINT,243.0,text only (landmark); R90 243 m,FIELD_FORCE,,
AD001947,DIRECT_VISIT,46.0,1 good visit; R90 46 m,FIELD_FORCE,,
AD001948,VISIT_WITH_HINT,378.0,text only (neighbours); R90 378 m,FIELD_FORCE,,
AD001949,VERIFY_FIRST,569.0,text only (locality); too uncertain to visit blind; R90 569 m,TELE_DIALER,ADDR_VERIFY_LOW_CONFIDENCE_EN,"Hello, we need a little help to reach your home. Please tell us which cross or street your house is on, the nearest landmark (temple, school, bus stop), and the colour of your gate."
AD001950,VISIT_WITH_HINT,329.0,text only (landmark); R90 329 m,FIELD_FORCE,,
AD001951,VERIFY_FIRST,569.0,text only (locality); too uncertain to visit blind; R90 569 m,TELE_DIALER,ADDR_VERIFY_LOW_CONFIDENCE_HI,"Namaste, aapke ghar tak pahunchne ke liye thodi madad chahiye. Kripya bataiye: aapka ghar kaun si cross ya gali mein hai, sabse paas ka landmark kya hai (mandir, school, bus stop), aur aapke gate ka rang kya hai?"
AD001952,DIRECT_VISIT,42.0,1 good visit; R90 42 m,FIELD_FORCE,,
AD001953,VISIT_WITH_HINT,232.0,text only (baseline street); R90 232 m,FIELD_FORCE,,
AD001954,DIRECT_VISIT,17.0,"visits disagree (n=6), largest cluster kept; R90 17 m",FIELD_FORCE,,
AD001955,VISIT_WITH_HINT,403.0,text only (locality); R90 403 m,FIELD_FORCE,,
AD001956,VISIT_WITH_HINT,255.0,text only (baseline street); R90 255 m,FIELD_FORCE,,
AD001957,VISIT_WITH_HINT,276.0,text only (neighbours); R90 276 m,FIELD_FORCE,,
AD001958,VISIT_WITH_HINT,227.0,text only (neighbours); R90 227 m,FIELD_FORCE,,
AD001959,VISIT_WITH_HINT,215.0,text only (landmark); R90 215 m,FIELD_FORCE,,
AD001960,DIRECT_VISIT,48.0,1 good visit; R90 48 m,FIELD_FORCE,,
AD001961,VISIT_WITH_HINT,140.0,text only (neighbours); R90 140 m,FIELD_FORCE,,
AD001962,DIRECT_VISIT,21.0,4 agreeing visits; R90 21 m,FIELD_FORCE,,
AD001963,DIRECT_VISIT,40.0,"visits disagree (n=4), largest cluster kept; R90 40 m",FIELD_FORCE,,
AD001964,VISIT_WITH_HINT,231.0,text only (neighbours); R90 231 m,FIELD_FORCE,,
AD001965,VISIT_WITH_HINT,329.0,text only (landmark); R90 329 m,FIELD_FORCE,,
AD001966,VISIT_WITH_HINT,329.0,text only (landmark); R90 329 m,FIELD_FORCE,,
AD001967,VERIFY_FIRST,569.0,text only (locality); too uncertain to visit blind; R90 569 m,TELE_DIALER,ADDR_VERIFY_LOW_CONFIDENCE_HI,"Namaste, aapke ghar tak pahunchne ke liye thodi madad chahiye. Kripya bataiye: aapka ghar kaun si cross ya gali mein hai, sabse paas ka landmark kya hai (mandir, school, bus stop), aur aapke gate ka rang kya hai?"
AD001968,VISIT_WITH_HINT,329.0,text only (landmark); R90 329 m,FIELD_FORCE,,
AD001969,DIRECT_VISIT,39.0,1 good visit; R90 39 m,FIELD_FORCE,,
AD001970,VISIT_WITH_HINT,329.0,text only (landmark); R90 329 m,FIELD_FORCE,,
AD001971,DIRECT_VISIT,40.0,"visits disagree (n=2), largest cluster kept; R90 40 m",FIELD_FORCE,,
AD001972,DIRECT_VISIT,17.0,6 agreeing visits; R90 17 m,FIELD_FORCE,,
AD001973,DIRECT_VISIT,18.0,"visits disagree (n=6), largest cluster kept; R90 18 m",FIELD_FORCE,,
AD001974,VISIT_WITH_HINT,198.0,text only (landmark); R90 198 m,FIELD_FORCE,,
AD001975,CANNOT_GEOCODE,,outside service area,TELE_DIALER,ADDR_VERIFY_OUT_OF_AREA_HI,"Namaste, aapke ghar tak pahunchne ke liye thodi madad chahiye. Kripya bataiye: aapka ghar kaun si cross ya gali mein hai, sabse paas ka landmark kya hai (mandir, school, bus stop), aur aapke gate ka rang kya hai?"
AD001976,DIRECT_VISIT,63.0,1 good visit; R90 63 m,FIELD_FORCE,,
AD001977,DIRECT_VISIT,37.0,2 agreeing visits; R90 37 m,FIELD_FORCE,,
AD001978,DIRECT_VISIT,16.0,2 agreeing visits; R90 16 m,FIELD_FORCE,,
AD001979,CANNOT_GEOCODE,,outside service area,TELE_DIALER,ADDR_VERIFY_OUT_OF_AREA_KN,"Namaskara, nimma manege baralu swalpa sahaya beku. Dayavittu heli: nimma mane yaava cross athava raste alli ide, hattirada landmark yavudu (gudi, shaale, bus stop), mattu nimma gate yaava banna?"
AD001980,VISIT_WITH_HINT,329.0,text only (landmark); R90 329 m,FIELD_FORCE,,
AD001981,CANNOT_GEOCODE,,outside service area,TELE_DIALER,ADDR_VERIFY_OUT_OF_AREA_HI,"Namaste, aapke ghar tak pahunchne ke liye thodi madad chahiye. Kripya bataiye: aapka ghar kaun si cross ya gali mein hai, sabse paas ka landmark kya hai (mandir, school, bus stop), aur aapke gate ka rang kya hai?"
AD001982,DIRECT_VISIT,22.0,5 agreeing visits; R90 22 m,FIELD_FORCE,,
AD001983,VERIFY_FIRST,569.0,text only (locality); too uncertain to visit blind; R90 569 m,TELE_DIALER,ADDR_VERIFY_LOW_CONFIDENCE_HI,"Namaste, aapke ghar tak pahunchne ke liye thodi madad chahiye. Kripya bataiye: aapka ghar kaun si cross ya gali mein hai, sabse paas ka landmark kya hai (mandir, school, bus stop), aur aapke gate ka rang kya hai?"
AD001984,VISIT_WITH_HINT,329.0,text only (landmark); R90 329 m,FIELD_FORCE,,
AD001985,VISIT_WITH_HINT,175.0,text only (neighbours); R90 175 m,FIELD_FORCE,,
AD001986,VISIT_WITH_HINT,396.0,text only (landmark); R90 396 m,FIELD_FORCE,,
AD001987,VISIT_WITH_HINT,396.0,text only (landmark); R90 396 m,FIELD_FORCE,,
AD001988,VISIT_WITH_HINT,161.0,text only (neighbours); R90 161 m,FIELD_FORCE,,
AD001989,VISIT_WITH_HINT,276.0,text only (neighbours); R90 276 m,FIELD_FORCE,,
AD001990,DIRECT_VISIT,71.0,1 good visit; R90 71 m,FIELD_FORCE,,
AD001991,DIRECT_VISIT,18.0,5 agreeing visits; R90 18 m,FIELD_FORCE,,
AD001992,VISIT_WITH_HINT,329.0,text only (landmark); R90 329 m,FIELD_FORCE,,
AD001993,DIRECT_VISIT,49.0,1 good visit; R90 49 m,FIELD_FORCE,,
AD001994,VISIT_WITH_HINT,161.0,text only (neighbours); R90 161 m,FIELD_FORCE,,
AD001995,VISIT_WITH_HINT,219.0,"visits disagree (n=1), largest cluster kept; R90 219 m",FIELD_FORCE,,
AD001996,DIRECT_VISIT,25.0,"visits disagree (n=3), largest cluster kept; R90 25 m",FIELD_FORCE,,
AD001997,CANNOT_GEOCODE,,outside service area,TELE_DIALER,ADDR_VERIFY_OUT_OF_AREA_HI,"Namaste, aapke ghar tak pahunchne ke liye thodi madad chahiye. Kripya bataiye: aapka ghar kaun si cross ya gali mein hai, sabse paas ka landmark kya hai (mandir, school, bus stop), aur aapke gate ka rang kya hai?"
AD001998,VISIT_WITH_HINT,128.0,text only (baseline rooftop); R90 128 m,FIELD_FORCE,,
AD001999,VISIT_WITH_HINT,396.0,text only (landmark); R90 396 m,FIELD_FORCE,,
AD002000,VISIT_WITH_HINT,329.0,text only (landmark); R90 329 m,FIELD_FORCE,,
AD002001,VERIFY_FIRST,569.0,text only (locality); too uncertain to visit blind; R90 569 m,TELE_DIALER,ADDR_VERIFY_LOW_CONFIDENCE_EN,"Hello, we need a little help to reach your home. Please tell us which cross or street your house is on, the nearest landmark (temple, school, bus stop), and the colour of your gate."
AD002002,VISIT_WITH_HINT,296.0,text only (landmark); R90 296 m,FIELD_FORCE,,
AD002003,VISIT_WITH_HINT,198.0,text only (landmark); R90 198 m,FIELD_FORCE,,
AD002004,VISIT_WITH_HINT,201.0,text only (landmark); R90 201 m,FIELD_FORCE,,
AD002005,DIRECT_VISIT,56.0,1 good visit; R90 56 m,FIELD_FORCE,,
AD002006,CANNOT_GEOCODE,,outside service area,TELE_DIALER,ADDR_VERIFY_OUT_OF_AREA_HI,"Namaste, aapke ghar tak pahunchne ke liye thodi madad chahiye. Kripya bataiye: aapka ghar kaun si cross ya gali mein hai, sabse paas ka landmark kya hai (mandir, school, bus stop), aur aapke gate ka rang kya hai?"
AD002007,DIRECT_VISIT,31.0,5 agreeing visits; R90 31 m,FIELD_FORCE,,
AD002008,VISIT_WITH_HINT,333.0,text only (neighbours); R90 333 m,FIELD_FORCE,,
AD002009,DIRECT_VISIT,48.0,2 agreeing visits; R90 48 m,FIELD_FORCE,,
AD002010,CANNOT_GEOCODE,,outside service area,TELE_DIALER,ADDR_VERIFY_OUT_OF_AREA_KN,"Namaskara, nimma manege baralu swalpa sahaya beku. Dayavittu heli: nimma mane yaava cross athava raste alli ide, hattirada landmark yavudu (gudi, shaale, bus stop), mattu nimma gate yaava banna?"
AD002011,VISIT_WITH_HINT,396.0,text only (landmark); R90 396 m,FIELD_FORCE,,
AD002012,CANNOT_GEOCODE,,outside service area,TELE_DIALER,ADDR_VERIFY_OUT_OF_AREA_HI,"Namaste, aapke ghar tak pahunchne ke liye thodi madad chahiye. Kripya bataiye: aapka ghar kaun si cross ya gali mein hai, sabse paas ka landmark kya hai (mandir, school, bus stop), aur aapke gate ka rang kya hai?"
AD002013,VERIFY_FIRST,569.0,text only (locality); too uncertain to visit blind; R90 569 m,TELE_DIALER,ADDR_VERIFY_LOW_CONFIDENCE_HI,"Namaste, aapke ghar tak pahunchne ke liye thodi madad chahiye. Kripya bataiye: aapka ghar kaun si cross ya gali mein hai, sabse paas ka landmark kya hai (mandir, school, bus stop), aur aapke gate ka rang kya hai?"
AD002014,VISIT_WITH_HINT,215.0,text only (landmark); R90 215 m,FIELD_FORCE,,
AD002015,DIRECT_VISIT,40.0,1 good visit; R90 40 m,FIELD_FORCE,,
AD002016,DIRECT_VISIT,15.0,4 agreeing visits; R90 15 m,FIELD_FORCE,,
AD002017,CANNOT_GEOCODE,,outside service area,TELE_DIALER,ADDR_VERIFY_OUT_OF_AREA_HI,"Namaste, aapke ghar tak pahunchne ke liye thodi madad chahiye. Kripya bataiye: aapka ghar kaun si cross ya gali mein hai, sabse paas ka landmark kya hai (mandir, school, bus stop), aur aapke gate ka rang kya hai?"
AD002018,VISIT_WITH_HINT,329.0,text only (landmark); R90 329 m,FIELD_FORCE,,
AD002019,DIRECT_VISIT,19.0,1 good visit; R90 19 m,FIELD_FORCE,,
AD002020,CANNOT_GEOCODE,,outside service area,TELE_DIALER,ADDR_VERIFY_OUT_OF_AREA_HI,"Namaste, aapke ghar tak pahunchne ke liye thodi madad chahiye. Kripya bataiye: aapka ghar kaun si cross ya gali mein hai, sabse paas ka landmark kya hai (mandir, school, bus stop), aur aapke gate ka rang kya hai?"
AD002021,DIRECT_VISIT,43.0,1 good visit; R90 43 m,FIELD_FORCE,,
AD002022,VISIT_WITH_HINT,243.0,text only (landmark); R90 243 m,FIELD_FORCE,,
AD002023,DIRECT_VISIT,27.0,5 agreeing visits; R90 27 m,FIELD_FORCE,,
AD002024,VERIFY_FIRST,569.0,text only (locality); too uncertain to visit blind; R90 569 m,TELE_DIALER,ADDR_VERIFY_LOW_CONFIDENCE_EN,"Hello, we need a little help to reach your home. Please tell us which cross or street your house is on, the nearest landmark (temple, school, bus stop), and the colour of your gate."
AD002025,VISIT_WITH_HINT,194.0,text only (neighbours); R90 194 m,FIELD_FORCE,,
AD002026,VERIFY_FIRST,569.0,text only (locality); too uncertain to visit blind; R90 569 m,TELE_DIALER,ADDR_VERIFY_LOW_CONFIDENCE_HI,"Namaste, aapke ghar tak pahunchne ke liye thodi madad chahiye. Kripya bataiye: aapka ghar kaun si cross ya gali mein hai, sabse paas ka landmark kya hai (mandir, school, bus stop), aur aapke gate ka rang kya hai?"
AD002027,DIRECT_VISIT,18.0,8 agreeing visits; R90 18 m,FIELD_FORCE,,
AD002028,VISIT_WITH_HINT,329.0,text only (landmark); R90 329 m,FIELD_FORCE,,
AD002029,DIRECT_VISIT,28.0,2 agreeing visits; R90 28 m,FIELD_FORCE,,
AD002030,VERIFY_FIRST,569.0,text only (locality); too uncertain to visit blind; R90 569 m,TELE_DIALER,ADDR_VERIFY_LOW_CONFIDENCE_EN,"Hello, we need a little help to reach your home. Please tell us which cross or street your house is on, the nearest landmark (temple, school, bus stop), and the colour of your gate."
AD002031,VISIT_WITH_HINT,149.0,text only (neighbours); R90 149 m,FIELD_FORCE,,
AD002032,CANNOT_GEOCODE,,outside service area,TELE_DIALER,ADDR_VERIFY_OUT_OF_AREA_KN,"Namaskara, nimma manege baralu swalpa sahaya beku. Dayavittu heli: nimma mane yaava cross athava raste alli ide, hattirada landmark yavudu (gudi, shaale, bus stop), mattu nimma gate yaava banna?"
AD002033,DIRECT_VISIT,42.0,1 good visit; R90 42 m,FIELD_FORCE,,
AD002034,DIRECT_VISIT,25.0,"visits disagree (n=2), largest cluster kept; R90 25 m",FIELD_FORCE,,
AD002035,VISIT_WITH_HINT,283.0,text only (neighbours); R90 283 m,FIELD_FORCE,,
AD002036,VISIT_WITH_HINT,329.0,text only (landmark); R90 329 m,FIELD_FORCE,,
AD002037,VISIT_WITH_HINT,329.0,text only (landmark); R90 329 m,FIELD_FORCE,,
AD002038,DIRECT_VISIT,38.0,3 agreeing visits; R90 38 m,FIELD_FORCE,,
AD002039,DIRECT_VISIT,48.0,1 good visit; R90 48 m,FIELD_FORCE,,
AD002040,VISIT_WITH_HINT,304.0,text only (neighbours); R90 304 m,FIELD_FORCE,,
AD002041,CANNOT_GEOCODE,,outside service area,TELE_DIALER,ADDR_VERIFY_OUT_OF_AREA_EN,"Hello, we need a little help to reach your home. Please tell us which cross or street your house is on, the nearest landmark (temple, school, bus stop), and the colour of your gate."
AD002042,VISIT_WITH_HINT,194.0,text only (neighbours); R90 194 m,FIELD_FORCE,,
AD002043,DIRECT_VISIT,43.0,2 agreeing visits; R90 43 m,FIELD_FORCE,,
AD002044,DIRECT_VISIT,26.0,4 agreeing visits; R90 26 m,FIELD_FORCE,,
AD002045,DIRECT_VISIT,22.0,"visits disagree (n=4), largest cluster kept; R90 22 m",FIELD_FORCE,,
AD002046,DIRECT_VISIT,48.0,2 agreeing visits; R90 48 m,FIELD_FORCE,,
AD002047,VISIT_WITH_HINT,329.0,text only (landmark); R90 329 m,FIELD_FORCE,,
AD002048,VISIT_WITH_HINT,194.0,text only (neighbours); R90 194 m,FIELD_FORCE,,
AD002049,DIRECT_VISIT,72.0,1 good visit; R90 72 m,FIELD_FORCE,,
AD002050,VISIT_WITH_HINT,296.0,text only (landmark); R90 296 m,FIELD_FORCE,,
AD002051,DIRECT_VISIT,52.0,1 good visit; R90 52 m,FIELD_FORCE,,
AD002052,VISIT_WITH_HINT,329.0,text only (landmark); R90 329 m,FIELD_FORCE,,
AD002053,VISIT_WITH_HINT,437.0,text only (locality); R90 437 m,FIELD_FORCE,,
AD002054,VISIT_WITH_HINT,403.0,text only (locality); R90 403 m,FIELD_FORCE,,
AD002055,VISIT_WITH_HINT,285.0,text only (landmark); R90 285 m,FIELD_FORCE,,
AD002056,VISIT_WITH_HINT,403.0,text only (locality); R90 403 m,FIELD_FORCE,,
AD002057,VISIT_WITH_HINT,201.0,"visits disagree (n=2), largest cluster kept; R90 201 m",FIELD_FORCE,,
AD002058,CANNOT_GEOCODE,,outside service area,TELE_DIALER,ADDR_VERIFY_OUT_OF_AREA_HI,"Namaste, aapke ghar tak pahunchne ke liye thodi madad chahiye. Kripya bataiye: aapka ghar kaun si cross ya gali mein hai, sabse paas ka landmark kya hai (mandir, school, bus stop), aur aapke gate ka rang kya hai?"
AD002059,DIRECT_VISIT,18.0,"visits disagree (n=8), largest cluster kept; R90 18 m",FIELD_FORCE,,
AD002060,DIRECT_VISIT,24.0,4 agreeing visits; R90 24 m,FIELD_FORCE,,
AD002061,DIRECT_VISIT,20.0,"visits disagree (n=6), largest cluster kept; R90 20 m",FIELD_FORCE,,
AD002062,DIRECT_VISIT,25.0,2 agreeing visits; R90 25 m,FIELD_FORCE,,
AD002063,VISIT_WITH_HINT,279.0,text only (landmark); R90 279 m,FIELD_FORCE,,
AD002064,DIRECT_VISIT,25.0,2 agreeing visits; R90 25 m,FIELD_FORCE,,
AD002065,VISIT_WITH_HINT,205.0,text only (landmark); R90 205 m,FIELD_FORCE,,
AD002066,DIRECT_VISIT,20.0,3 agreeing visits; R90 20 m,FIELD_FORCE,,
AD002067,DIRECT_VISIT,26.0,"visits disagree (n=4), largest cluster kept; R90 26 m",FIELD_FORCE,,
AD002068,DIRECT_VISIT,23.0,5 agreeing visits; R90 23 m,FIELD_FORCE,,
AD002069,DIRECT_VISIT,44.0,4 agreeing visits; R90 44 m,FIELD_FORCE,,
AD002070,DIRECT_VISIT,78.0,1 good visit; R90 78 m,FIELD_FORCE,,
AD002071,VISIT_WITH_HINT,123.0,text only (baseline rooftop); R90 123 m,FIELD_FORCE,,
AD002072,VISIT_WITH_HINT,237.0,text only (landmark); R90 237 m,FIELD_FORCE,,
AD002073,VISIT_WITH_HINT,255.0,text only (baseline street); R90 255 m,FIELD_FORCE,,
AD002074,DIRECT_VISIT,26.0,6 agreeing visits; R90 26 m,FIELD_FORCE,,
AD002075,VISIT_WITH_HINT,361.0,text only (neighbours); R90 361 m,FIELD_FORCE,,
AD002076,CANNOT_GEOCODE,,outside service area,TELE_DIALER,ADDR_VERIFY_OUT_OF_AREA_HI,"Namaste, aapke ghar tak pahunchne ke liye thodi madad chahiye. Kripya bataiye: aapka ghar kaun si cross ya gali mein hai, sabse paas ka landmark kya hai (mandir, school, bus stop), aur aapke gate ka rang kya hai?"
AD002077,VISIT_WITH_HINT,396.0,text only (landmark); R90 396 m,FIELD_FORCE,,
AD002078,VISIT_WITH_HINT,228.0,text only (neighbours); R90 228 m,FIELD_FORCE,,
AD002079,VISIT_WITH_HINT,133.0,text only (neighbours); R90 133 m,FIELD_FORCE,,
AD002080,VISIT_WITH_HINT,140.0,text only (neighbours); R90 140 m,FIELD_FORCE,,
AD002081,DIRECT_VISIT,35.0,1 good visit; R90 35 m,FIELD_FORCE,,
AD002082,VISIT_WITH_HINT,161.0,text only (neighbours); R90 161 m,FIELD_FORCE,,
AD002083,DIRECT_VISIT,44.0,3 agreeing visits; R90 44 m,FIELD_FORCE,,
AD002084,CANNOT_GEOCODE,,outside service area,TELE_DIALER,ADDR_VERIFY_OUT_OF_AREA_KN,"Namaskara, nimma manege baralu swalpa sahaya beku. Dayavittu heli: nimma mane yaava cross athava raste alli ide, hattirada landmark yavudu (gudi, shaale, bus stop), mattu nimma gate yaava banna?"
AD002085,DIRECT_VISIT,60.0,1 good visit; R90 60 m,FIELD_FORCE,,
AD002086,VISIT_WITH_HINT,396.0,text only (landmark); R90 396 m,FIELD_FORCE,,
AD002087,VISIT_WITH_HINT,329.0,text only (landmark); R90 329 m,FIELD_FORCE,,
AD002088,VISIT_WITH_HINT,329.0,text only (landmark); R90 329 m,FIELD_FORCE,,
AD002089,DIRECT_VISIT,35.0,3 agreeing visits; R90 35 m,FIELD_FORCE,,
AD002090,DIRECT_VISIT,57.0,"visits disagree (n=1), largest cluster kept; R90 57 m",FIELD_FORCE,,
AD002091,DIRECT_VISIT,25.0,4 agreeing visits; R90 25 m,FIELD_FORCE,,
AD002092,VERIFY_FIRST,569.0,text only (locality); too uncertain to visit blind; R90 569 m,TELE_DIALER,ADDR_VERIFY_LOW_CONFIDENCE_HI,"Namaste, aapke ghar tak pahunchne ke liye thodi madad chahiye. Kripya bataiye: aapka ghar kaun si cross ya gali mein hai, sabse paas ka landmark kya hai (mandir, school, bus stop), aur aapke gate ka rang kya hai?"
AD002093,CANNOT_GEOCODE,,outside service area,TELE_DIALER,ADDR_VERIFY_OUT_OF_AREA_HI,"Namaste, aapke ghar tak pahunchne ke liye thodi madad chahiye. Kripya bataiye: aapka ghar kaun si cross ya gali mein hai, sabse paas ka landmark kya hai (mandir, school, bus stop), aur aapke gate ka rang kya hai?"
AD002094,VISIT_WITH_HINT,175.0,text only (neighbours); R90 175 m,FIELD_FORCE,,
AD002095,VISIT_WITH_HINT,185.0,text only (landmark); R90 185 m,FIELD_FORCE,,
AD002096,DIRECT_VISIT,34.0,7 agreeing visits; R90 34 m,FIELD_FORCE,,
AD002097,VISIT_WITH_HINT,329.0,text only (landmark); R90 329 m,FIELD_FORCE,,
AD002098,VISIT_WITH_HINT,231.0,text only (neighbours); R90 231 m,FIELD_FORCE,,
AD002099,VERIFY_FIRST,569.0,text only (locality); too uncertain to visit blind; R90 569 m,TELE_DIALER,ADDR_VERIFY_LOW_CONFIDENCE_EN,"Hello, we need a little help to reach your home. Please tell us which cross or street your house is on, the nearest landmark (temple, school, bus stop), and the colour of your gate."
AD002100,VISIT_WITH_HINT,396.0,text only (landmark); R90 396 m,FIELD_FORCE,,
AD002101,VISIT_WITH_HINT,216.0,text only (baseline street); R90 216 m,FIELD_FORCE,,
AD002102,DIRECT_VISIT,21.0,5 agreeing visits; R90 21 m,FIELD_FORCE,,
AD002103,DIRECT_VISIT,17.0,"visits disagree (n=6), largest cluster kept; R90 17 m",FIELD_FORCE,,
AD002104,VISIT_WITH_HINT,329.0,text only (landmark); R90 329 m,FIELD_FORCE,,
AD002105,VISIT_WITH_HINT,296.0,text only (landmark); R90 296 m,FIELD_FORCE,,
AD002106,VISIT_WITH_HINT,329.0,text only (landmark); R90 329 m,FIELD_FORCE,,
AD002107,VISIT_WITH_HINT,329.0,text only (landmark); R90 329 m,FIELD_FORCE,,
AD002108,DIRECT_VISIT,33.0,2 agreeing visits; R90 33 m,FIELD_FORCE,,
AD002109,CANNOT_GEOCODE,,outside service area,TELE_DIALER,ADDR_VERIFY_OUT_OF_AREA_EN,"Hello, we need a little help to reach your home. Please tell us which cross or street your house is on, the nearest landmark (temple, school, bus stop), and the colour of your gate."
AD002110,DIRECT_VISIT,27.0,2 agreeing visits; R90 27 m,FIELD_FORCE,,
AD002111,DIRECT_VISIT,24.0,3 agreeing visits; R90 24 m,FIELD_FORCE,,
AD002112,DIRECT_VISIT,16.0,"visits disagree (n=6), largest cluster kept; R90 16 m",FIELD_FORCE,,
AD002113,VISIT_WITH_HINT,329.0,text only (landmark); R90 329 m,FIELD_FORCE,,
AD002114,VISIT_WITH_HINT,175.0,text only (neighbours); R90 175 m,FIELD_FORCE,,
AD002115,VISIT_WITH_HINT,230.0,text only (neighbours); R90 230 m,FIELD_FORCE,,
AD002116,DIRECT_VISIT,16.0,3 agreeing visits; R90 16 m,FIELD_FORCE,,
AD002117,VISIT_WITH_HINT,296.0,text only (landmark); R90 296 m,FIELD_FORCE,,
AD002118,DIRECT_VISIT,71.0,1 good visit; R90 71 m,FIELD_FORCE,,
AD002119,VISIT_WITH_HINT,396.0,text only (landmark); R90 396 m,FIELD_FORCE,,
AD002120,DIRECT_VISIT,59.0,1 good visit; R90 59 m,FIELD_FORCE,,
AD002121,VISIT_WITH_HINT,140.0,text only (neighbours); R90 140 m,FIELD_FORCE,,
AD002122,VISIT_WITH_HINT,194.0,text only (neighbours); R90 194 m,FIELD_FORCE,,
AD002123,DIRECT_VISIT,44.0,"visits disagree (n=2), largest cluster kept; R90 44 m",FIELD_FORCE,,
AD002124,DIRECT_VISIT,29.0,2 agreeing visits; R90 29 m,FIELD_FORCE,,
AD002125,DIRECT_VISIT,53.0,1 good visit; R90 53 m,FIELD_FORCE,,
AD002126,DIRECT_VISIT,28.0,3 agreeing visits; R90 28 m,FIELD_FORCE,,
AD002127,VISIT_WITH_HINT,329.0,text only (landmark); R90 329 m,FIELD_FORCE,,
AD002128,VISIT_WITH_HINT,120.0,text only (neighbours); R90 120 m,FIELD_FORCE,,
AD002129,DIRECT_VISIT,38.0,1 good visit; R90 38 m,FIELD_FORCE,,
AD002130,VISIT_WITH_HINT,204.0,text only (baseline street); R90 204 m,FIELD_FORCE,,
AD002131,DIRECT_VISIT,19.0,4 agreeing visits; R90 19 m,FIELD_FORCE,,
AD002132,VISIT_WITH_HINT,329.0,text only (landmark); R90 329 m,FIELD_FORCE,,
AD002133,VISIT_WITH_HINT,215.0,text only (landmark); R90 215 m,FIELD_FORCE,,
AD002134,DIRECT_VISIT,24.0,5 agreeing visits; R90 24 m,FIELD_FORCE,,
AD002135,VISIT_WITH_HINT,483.0,text only (landmark); R90 483 m,FIELD_FORCE,,
AD002136,VISIT_WITH_HINT,121.0,"visits disagree (n=1), largest cluster kept; R90 121 m",FIELD_FORCE,,
AD002137,CANNOT_GEOCODE,,outside service area,TELE_DIALER,ADDR_VERIFY_OUT_OF_AREA_EN,"Hello, we need a little help to reach your home. Please tell us which cross or street your house is on, the nearest landmark (temple, school, bus stop), and the colour of your gate."
AD002138,DIRECT_VISIT,52.0,"visits disagree (n=3), largest cluster kept; R90 52 m",FIELD_FORCE,,
AD002139,VERIFY_FIRST,2887.0,"visits disagree (n=1), largest cluster kept; too uncertain to visit blind; R90 2887 m",TELE_DIALER,ADDR_VERIFY_LOW_CONFIDENCE_HI,"Namaste, aapke ghar tak pahunchne ke liye thodi madad chahiye. Kripya bataiye: aapka ghar kaun si cross ya gali mein hai, sabse paas ka landmark kya hai (mandir, school, bus stop), aur aapke gate ka rang kya hai?"
AD002140,DIRECT_VISIT,40.0,2 agreeing visits; R90 40 m,FIELD_FORCE,,
AD002141,DIRECT_VISIT,39.0,2 agreeing visits; R90 39 m,FIELD_FORCE,,
AD002142,DIRECT_VISIT,42.0,2 agreeing visits; R90 42 m,FIELD_FORCE,,
AD002143,DIRECT_VISIT,25.0,7 agreeing visits; R90 25 m,FIELD_FORCE,,
AD002144,CANNOT_GEOCODE,,outside service area,TELE_DIALER,ADDR_VERIFY_OUT_OF_AREA_EN,"Hello, we need a little help to reach your home. Please tell us which cross or street your house is on, the nearest landmark (temple, school, bus stop), and the colour of your gate."
AD002145,VERIFY_FIRST,569.0,text only (locality); too uncertain to visit blind; R90 569 m,TELE_DIALER,ADDR_VERIFY_LOW_CONFIDENCE_HI,"Namaste, aapke ghar tak pahunchne ke liye thodi madad chahiye. Kripya bataiye: aapka ghar kaun si cross ya gali mein hai, sabse paas ka landmark kya hai (mandir, school, bus stop), aur aapke gate ka rang kya hai?"
AD002146,VERIFY_FIRST,2278.0,text only (pincode area); too uncertain to visit blind; R90 2278 m,TELE_DIALER,ADDR_VERIFY_LOW_CONFIDENCE_HI,"Namaste, aapke ghar tak pahunchne ke liye thodi madad chahiye. Kripya bataiye: aapka ghar kaun si cross ya gali mein hai, sabse paas ka landmark kya hai (mandir, school, bus stop), aur aapke gate ka rang kya hai?"
AD002147,VISIT_WITH_HINT,120.0,text only (neighbours); R90 120 m,FIELD_FORCE,,
AD002148,VERIFY_FIRST,569.0,text only (locality); too uncertain to visit blind; R90 569 m,TELE_DIALER,ADDR_VERIFY_LOW_CONFIDENCE_KN,"Namaskara, nimma manege baralu swalpa sahaya beku. Dayavittu heli: nimma mane yaava cross athava raste alli ide, hattirada landmark yavudu (gudi, shaale, bus stop), mattu nimma gate yaava banna?"
AD002149,VISIT_WITH_HINT,239.0,text only (baseline street); R90 239 m,FIELD_FORCE,,
AD002150,DIRECT_VISIT,22.0,5 agreeing visits; R90 22 m,FIELD_FORCE,,
AD002151,DIRECT_VISIT,51.0,1 good visit; R90 51 m,FIELD_FORCE,,
AD002152,VISIT_WITH_HINT,329.0,text only (landmark); R90 329 m,FIELD_FORCE,,
AD002153,DIRECT_VISIT,23.0,"visits disagree (n=4), largest cluster kept; R90 23 m",FIELD_FORCE,,
AD002154,DIRECT_VISIT,15.0,8 agreeing visits; R90 15 m,FIELD_FORCE,,
AD002155,VISIT_WITH_HINT,231.0,text only (neighbours); R90 231 m,FIELD_FORCE,,
AD002156,CANNOT_GEOCODE,,outside service area,TELE_DIALER,ADDR_VERIFY_OUT_OF_AREA_HI,"Namaste, aapke ghar tak pahunchne ke liye thodi madad chahiye. Kripya bataiye: aapka ghar kaun si cross ya gali mein hai, sabse paas ka landmark kya hai (mandir, school, bus stop), aur aapke gate ka rang kya hai?"
AD002157,DIRECT_VISIT,27.0,"visits disagree (n=4), largest cluster kept; R90 27 m",FIELD_FORCE,,
AD002158,VISIT_WITH_HINT,396.0,text only (landmark); R90 396 m,FIELD_FORCE,,
AD002159,VISIT_WITH_HINT,276.0,text only (landmark); R90 276 m,FIELD_FORCE,,
AD002160,VISIT_WITH_HINT,437.0,text only (locality); R90 437 m,FIELD_FORCE,,
AD002161,DIRECT_VISIT,41.0,1 good visit; R90 41 m,FIELD_FORCE,,
AD002162,VERIFY_FIRST,569.0,text only (locality); too uncertain to visit blind; R90 569 m,TELE_DIALER,ADDR_VERIFY_LOW_CONFIDENCE_EN,"Hello, we need a little help to reach your home. Please tell us which cross or street your house is on, the nearest landmark (temple, school, bus stop), and the colour of your gate."
AD002163,VISIT_WITH_HINT,396.0,text only (landmark); R90 396 m,FIELD_FORCE,,
AD002164,DIRECT_VISIT,54.0,1 good visit; R90 54 m,FIELD_FORCE,,
AD002165,VISIT_WITH_HINT,329.0,text only (landmark); R90 329 m,FIELD_FORCE,,
AD002166,DIRECT_VISIT,16.0,8 agreeing visits; R90 16 m,FIELD_FORCE,,
AD002167,VERIFY_FIRST,569.0,text only (locality); too uncertain to visit blind; R90 569 m,TELE_DIALER,ADDR_VERIFY_LOW_CONFIDENCE_EN,"Hello, we need a little help to reach your home. Please tell us which cross or street your house is on, the nearest landmark (temple, school, bus stop), and the colour of your gate."
AD002168,CANNOT_GEOCODE,,outside service area,TELE_DIALER,ADDR_VERIFY_OUT_OF_AREA_EN,"Hello, we need a little help to reach your home. Please tell us which cross or street your house is on, the nearest landmark (temple, school, bus stop), and the colour of your gate."
AD002169,VISIT_WITH_HINT,120.0,text only (neighbours); R90 120 m,FIELD_FORCE,,
AD002170,VISIT_WITH_HINT,329.0,text only (landmark); R90 329 m,FIELD_FORCE,,
AD002171,DIRECT_VISIT,38.0,"visits disagree (n=3), largest cluster kept; R90 38 m",FIELD_FORCE,,
AD002172,VISIT_WITH_HINT,285.0,text only (landmark); R90 285 m,FIELD_FORCE,,
AD002173,VISIT_WITH_HINT,175.0,text only (neighbours); R90 175 m,FIELD_FORCE,,
AD002174,VERIFY_FIRST,569.0,text only (locality); too uncertain to visit blind; R90 569 m,TELE_DIALER,ADDR_VERIFY_LOW_CONFIDENCE_EN,"Hello, we need a little help to reach your home. Please tell us which cross or street your house is on, the nearest landmark (temple, school, bus stop), and the colour of your gate."
AD002175,VISIT_WITH_HINT,276.0,text only (neighbours); R90 276 m,FIELD_FORCE,,
AD002176,DIRECT_VISIT,31.0,3 agreeing visits; R90 31 m,FIELD_FORCE,,
AD002177,VISIT_WITH_HINT,437.0,text only (locality); R90 437 m,FIELD_FORCE,,
AD002178,DIRECT_VISIT,53.0,1 good visit; R90 53 m,FIELD_FORCE,,
AD002179,DIRECT_VISIT,59.0,1 good visit; R90 59 m,FIELD_FORCE,,
AD002180,DIRECT_VISIT,47.0,1 good visit; R90 47 m,FIELD_FORCE,,
AD002181,DIRECT_VISIT,52.0,"visits disagree (n=2), largest cluster kept; R90 52 m",FIELD_FORCE,,
AD002182,VISIT_WITH_HINT,329.0,text only (landmark); R90 329 m,FIELD_FORCE,,
AD002183,VISIT_WITH_HINT,329.0,text only (landmark); R90 329 m,FIELD_FORCE,,
AD002184,DIRECT_VISIT,37.0,1 good visit; R90 37 m,FIELD_FORCE,,
AD002185,VISIT_WITH_HINT,194.0,text only (neighbours); R90 194 m,FIELD_FORCE,,
AD002186,VISIT_WITH_HINT,403.0,text only (locality); R90 403 m,FIELD_FORCE,,
AD002187,VISIT_WITH_HINT,208.0,text only (baseline street); R90 208 m,FIELD_FORCE,,
AD002188,DIRECT_VISIT,55.0,"visits disagree (n=2), largest cluster kept; R90 55 m",FIELD_FORCE,,
AD002189,DIRECT_VISIT,56.0,1 good visit; R90 56 m,FIELD_FORCE,,
AD002190,VERIFY_FIRST,569.0,text only (locality); too uncertain to visit blind; R90 569 m,TELE_DIALER,ADDR_VERIFY_LOW_CONFIDENCE_HI,"Namaste, aapke ghar tak pahunchne ke liye thodi madad chahiye. Kripya bataiye: aapka ghar kaun si cross ya gali mein hai, sabse paas ka landmark kya hai (mandir, school, bus stop), aur aapke gate ka rang kya hai?"
AD002191,VERIFY_FIRST,569.0,text only (locality); too uncertain to visit blind; R90 569 m,TELE_DIALER,ADDR_VERIFY_LOW_CONFIDENCE_HI,"Namaste, aapke ghar tak pahunchne ke liye thodi madad chahiye. Kripya bataiye: aapka ghar kaun si cross ya gali mein hai, sabse paas ka landmark kya hai (mandir, school, bus stop), aur aapke gate ka rang kya hai?"
AD002192,VERIFY_FIRST,569.0,text only (locality); too uncertain to visit blind; R90 569 m,TELE_DIALER,ADDR_VERIFY_LOW_CONFIDENCE_HI,"Namaste, aapke ghar tak pahunchne ke liye thodi madad chahiye. Kripya bataiye: aapka ghar kaun si cross ya gali mein hai, sabse paas ka landmark kya hai (mandir, school, bus stop), aur aapke gate ka rang kya hai?"
AD002193,VISIT_WITH_HINT,271.0,text only (landmark); R90 271 m,FIELD_FORCE,,
AD002194,DIRECT_VISIT,21.0,5 agreeing visits; R90 21 m,FIELD_FORCE,,
AD002195,VERIFY_FIRST,2278.0,text only (pincode area); too uncertain to visit blind; R90 2278 m,TELE_DIALER,ADDR_VERIFY_LOW_CONFIDENCE_HI,"Namaste, aapke ghar tak pahunchne ke liye thodi madad chahiye. Kripya bataiye: aapka ghar kaun si cross ya gali mein hai, sabse paas ka landmark kya hai (mandir, school, bus stop), aur aapke gate ka rang kya hai?"
AD002196,VISIT_WITH_HINT,175.0,"visits disagree (n=1), largest cluster kept; R90 175 m",FIELD_FORCE,,
AD002197,DIRECT_VISIT,22.0,5 agreeing visits; R90 22 m,FIELD_FORCE,,
AD002198,VISIT_WITH_HINT,255.0,text only (baseline street); R90 255 m,FIELD_FORCE,,
AD002199,VISIT_WITH_HINT,396.0,text only (landmark); R90 396 m,FIELD_FORCE,,
AD002200,VISIT_WITH_HINT,232.0,text only (baseline street); R90 232 m,FIELD_FORCE,,
AD002201,VISIT_WITH_HINT,437.0,text only (locality); R90 437 m,FIELD_FORCE,,
AD002202,VISIT_WITH_HINT,329.0,text only (landmark); R90 329 m,FIELD_FORCE,,
AD002203,CANNOT_GEOCODE,,outside service area,TELE_DIALER,ADDR_VERIFY_OUT_OF_AREA_KN,"Namaskara, nimma manege baralu swalpa sahaya beku. Dayavittu heli: nimma mane yaava cross athava raste alli ide, hattirada landmark yavudu (gudi, shaale, bus stop), mattu nimma gate yaava banna?"
AD002204,VISIT_WITH_HINT,228.0,text only (neighbours); R90 228 m,FIELD_FORCE,,
AD002205,VISIT_WITH_HINT,286.0,text only (neighbours); R90 286 m,FIELD_FORCE,,
AD002206,DIRECT_VISIT,23.0,4 agreeing visits; R90 23 m,FIELD_FORCE,,
AD002207,VISIT_WITH_HINT,396.0,text only (landmark); R90 396 m,FIELD_FORCE,,
AD002208,CANNOT_GEOCODE,,outside service area,TELE_DIALER,ADDR_VERIFY_OUT_OF_AREA_EN,"Hello, we need a little help to reach your home. Please tell us which cross or street your house is on, the nearest landmark (temple, school, bus stop), and the colour of your gate."
AD002209,DIRECT_VISIT,47.0,2 agreeing visits; R90 47 m,FIELD_FORCE,,
AD002210,DIRECT_VISIT,34.0,5 agreeing visits; R90 34 m,FIELD_FORCE,,
AD002211,VISIT_WITH_HINT,396.0,text only (landmark); R90 396 m,FIELD_FORCE,,
AD002212,VISIT_WITH_HINT,329.0,text only (landmark); R90 329 m,FIELD_FORCE,,
AD002213,DIRECT_VISIT,65.0,3 agreeing visits; R90 65 m,FIELD_FORCE,,
AD002214,VISIT_WITH_HINT,329.0,text only (landmark); R90 329 m,FIELD_FORCE,,
AD002215,DIRECT_VISIT,56.0,"visits disagree (n=1), largest cluster kept; R90 56 m",FIELD_FORCE,,
AD002216,VISIT_WITH_HINT,226.0,text only (baseline street); R90 226 m,FIELD_FORCE,,
AD002217,DIRECT_VISIT,17.0,6 agreeing visits; R90 17 m,FIELD_FORCE,,
AD002218,DIRECT_VISIT,57.0,1 good visit; R90 57 m,FIELD_FORCE,,
AD002219,CANNOT_GEOCODE,,outside service area,TELE_DIALER,ADDR_VERIFY_OUT_OF_AREA_HI,"Namaste, aapke ghar tak pahunchne ke liye thodi madad chahiye. Kripya bataiye: aapka ghar kaun si cross ya gali mein hai, sabse paas ka landmark kya hai (mandir, school, bus stop), aur aapke gate ka rang kya hai?"
AD002220,DIRECT_VISIT,62.0,1 good visit; R90 62 m,FIELD_FORCE,,
AD002221,VISIT_WITH_HINT,329.0,text only (landmark); R90 329 m,FIELD_FORCE,,
AD002222,VISIT_WITH_HINT,396.0,text only (landmark); R90 396 m,FIELD_FORCE,,
AD002223,VISIT_WITH_HINT,329.0,text only (landmark); R90 329 m,FIELD_FORCE,,
AD002224,DIRECT_VISIT,20.0,1 good visit; R90 20 m,FIELD_FORCE,,
AD002225,DIRECT_VISIT,18.0,2 agreeing visits; R90 18 m,FIELD_FORCE,,
AD002226,VISIT_WITH_HINT,437.0,text only (locality); R90 437 m,FIELD_FORCE,,
AD002227,VISIT_WITH_HINT,194.0,text only (neighbours); R90 194 m,FIELD_FORCE,,
AD002228,VISIT_WITH_HINT,175.0,text only (neighbours); R90 175 m,FIELD_FORCE,,
AD002229,DIRECT_VISIT,32.0,3 agreeing visits; R90 32 m,FIELD_FORCE,,
AD002230,DIRECT_VISIT,19.0,7 agreeing visits; R90 19 m,FIELD_FORCE,,
AD002231,DIRECT_VISIT,53.0,1 good visit; R90 53 m,FIELD_FORCE,,
AD002232,VISIT_WITH_HINT,215.0,text only (landmark); R90 215 m,FIELD_FORCE,,
AD002233,DIRECT_VISIT,17.0,6 agreeing visits; R90 17 m,FIELD_FORCE,,
AD002234,DIRECT_VISIT,25.0,"visits disagree (n=5), largest cluster kept; R90 25 m",FIELD_FORCE,,
AD002235,VISIT_WITH_HINT,226.0,text only (baseline street); R90 226 m,FIELD_FORCE,,
AD002236,VISIT_WITH_HINT,403.0,text only (locality); R90 403 m,FIELD_FORCE,,
AD002237,DIRECT_VISIT,41.0,1 good visit; R90 41 m,FIELD_FORCE,,
AD002238,VERIFY_FIRST,569.0,text only (locality); too uncertain to visit blind; R90 569 m,TELE_DIALER,ADDR_VERIFY_LOW_CONFIDENCE_EN,"Hello, we need a little help to reach your home. Please tell us which cross or street your house is on, the nearest landmark (temple, school, bus stop), and the colour of your gate."
AD002239,VISIT_WITH_HINT,396.0,text only (landmark); R90 396 m,FIELD_FORCE,,
AD002240,DIRECT_VISIT,38.0,1 good visit; R90 38 m,FIELD_FORCE,,
AD002241,VISIT_WITH_HINT,255.0,text only (baseline street); R90 255 m,FIELD_FORCE,,
AD002242,VISIT_WITH_HINT,329.0,text only (landmark); R90 329 m,FIELD_FORCE,,
AD002243,VISIT_WITH_HINT,329.0,text only (landmark); R90 329 m,FIELD_FORCE,,
AD002244,DIRECT_VISIT,20.0,"visits disagree (n=5), largest cluster kept; R90 20 m",FIELD_FORCE,,
AD002245,DIRECT_VISIT,34.0,2 agreeing visits; R90 34 m,FIELD_FORCE,,
AD002246,DIRECT_VISIT,19.0,7 agreeing visits; R90 19 m,FIELD_FORCE,,
AD002247,DIRECT_VISIT,30.0,2 agreeing visits; R90 30 m,FIELD_FORCE,,
AD002248,VISIT_WITH_HINT,396.0,text only (landmark); R90 396 m,FIELD_FORCE,,
AD002249,VERIFY_FIRST,569.0,text only (locality); too uncertain to visit blind; R90 569 m,TELE_DIALER,ADDR_VERIFY_LOW_CONFIDENCE_EN,"Hello, we need a little help to reach your home. Please tell us which cross or street your house is on, the nearest landmark (temple, school, bus stop), and the colour of your gate."
AD002250,VISIT_WITH_HINT,329.0,text only (landmark); R90 329 m,FIELD_FORCE,,
AD002251,DIRECT_VISIT,62.0,2 agreeing visits; R90 62 m,FIELD_FORCE,,
AD002252,DIRECT_VISIT,33.0,3 agreeing visits; R90 33 m,FIELD_FORCE,,
AD002253,DIRECT_VISIT,24.0,7 agreeing visits; R90 24 m,FIELD_FORCE,,
AD002254,DIRECT_VISIT,56.0,4 agreeing visits; R90 56 m,FIELD_FORCE,,
AD002255,VISIT_WITH_HINT,279.0,text only (landmark); R90 279 m,FIELD_FORCE,,
AD002256,VERIFY_FIRST,837.0,text only (locality); too uncertain to visit blind; R90 837 m,TELE_DIALER,ADDR_VERIFY_LOW_CONFIDENCE_KN,"Namaskara, nimma manege baralu swalpa sahaya beku. Dayavittu heli: nimma mane yaava cross athava raste alli ide, hattirada landmark yavudu (gudi, shaale, bus stop), mattu nimma gate yaava banna?"
AD002257,DIRECT_VISIT,38.0,1 good visit; R90 38 m,FIELD_FORCE,,
AD002258,VISIT_WITH_HINT,149.0,text only (neighbours); R90 149 m,FIELD_FORCE,,
AD002259,VISIT_WITH_HINT,278.0,text only (neighbours); R90 278 m,FIELD_FORCE,,
AD002260,DIRECT_VISIT,34.0,1 good visit; R90 34 m,FIELD_FORCE,,
AD002261,DIRECT_VISIT,30.0,5 agreeing visits; R90 30 m,FIELD_FORCE,,
AD002262,DIRECT_VISIT,28.0,"visits disagree (n=6), largest cluster kept; R90 28 m",FIELD_FORCE,,
AD002263,DIRECT_VISIT,71.0,1 good visit; R90 71 m,FIELD_FORCE,,
AD002264,VISIT_WITH_HINT,143.0,"visits disagree (n=2), largest cluster kept; R90 143 m",FIELD_FORCE,,
AD002265,DIRECT_VISIT,35.0,1 good visit; R90 35 m,FIELD_FORCE,,
AD002266,VERIFY_FIRST,569.0,text only (locality); too uncertain to visit blind; R90 569 m,TELE_DIALER,ADDR_VERIFY_LOW_CONFIDENCE_KN,"Namaskara, nimma manege baralu swalpa sahaya beku. Dayavittu heli: nimma mane yaava cross athava raste alli ide, hattirada landmark yavudu (gudi, shaale, bus stop), mattu nimma gate yaava banna?"
AD002267,VISIT_WITH_HINT,403.0,text only (locality); R90 403 m,FIELD_FORCE,,
AD002268,CANNOT_GEOCODE,,outside service area,TELE_DIALER,ADDR_VERIFY_OUT_OF_AREA_HI,"Namaste, aapke ghar tak pahunchne ke liye thodi madad chahiye. Kripya bataiye: aapka ghar kaun si cross ya gali mein hai, sabse paas ka landmark kya hai (mandir, school, bus stop), aur aapke gate ka rang kya hai?"
AD002269,VERIFY_FIRST,569.0,text only (locality); too uncertain to visit blind; R90 569 m,TELE_DIALER,ADDR_VERIFY_LOW_CONFIDENCE_KN,"Namaskara, nimma manege baralu swalpa sahaya beku. Dayavittu heli: nimma mane yaava cross athava raste alli ide, hattirada landmark yavudu (gudi, shaale, bus stop), mattu nimma gate yaava banna?"
AD002270,DIRECT_VISIT,42.0,"visits disagree (n=4), largest cluster kept; R90 42 m",FIELD_FORCE,,
AD002271,VISIT_WITH_HINT,372.0,text only (neighbours); R90 372 m,FIELD_FORCE,,
AD002272,VISIT_WITH_HINT,296.0,text only (landmark); R90 296 m,FIELD_FORCE,,
AD002273,VISIT_WITH_HINT,285.0,text only (landmark); R90 285 m,FIELD_FORCE,,
AD002274,VISIT_WITH_HINT,215.0,text only (landmark); R90 215 m,FIELD_FORCE,,
AD002275,VISIT_WITH_HINT,296.0,text only (landmark); R90 296 m,FIELD_FORCE,,
AD002276,VISIT_WITH_HINT,140.0,text only (neighbours); R90 140 m,FIELD_FORCE,,
AD002277,DIRECT_VISIT,31.0,2 agreeing visits; R90 31 m,FIELD_FORCE,,
AD002278,VERIFY_FIRST,569.0,text only (locality); too uncertain to visit blind; R90 569 m,TELE_DIALER,ADDR_VERIFY_LOW_CONFIDENCE_EN,"Hello, we need a little help to reach your home. Please tell us which cross or street your house is on, the nearest landmark (temple, school, bus stop), and the colour of your gate."
AD002279,VISIT_WITH_HINT,215.0,text only (landmark); R90 215 m,FIELD_FORCE,,
AD002280,VISIT_WITH_HINT,133.0,text only (neighbours); R90 133 m,FIELD_FORCE,,
AD002281,DIRECT_VISIT,34.0,3 agreeing visits; R90 34 m,FIELD_FORCE,,
AD002282,VERIFY_FIRST,569.0,text only (locality); too uncertain to visit blind; R90 569 m,TELE_DIALER,ADDR_VERIFY_LOW_CONFIDENCE_EN,"Hello, we need a little help to reach your home. Please tell us which cross or street your house is on, the nearest landmark (temple, school, bus stop), and the colour of your gate."
AD002283,VISIT_WITH_HINT,194.0,text only (neighbours); R90 194 m,FIELD_FORCE,,
AD002284,DIRECT_VISIT,41.0,1 good visit; R90 41 m,FIELD_FORCE,,
AD002285,CANNOT_GEOCODE,,outside service area,TELE_DIALER,ADDR_VERIFY_OUT_OF_AREA_HI,"Namaste, aapke ghar tak pahunchne ke liye thodi madad chahiye. Kripya bataiye: aapka ghar kaun si cross ya gali mein hai, sabse paas ka landmark kya hai (mandir, school, bus stop), aur aapke gate ka rang kya hai?"
AD002286,VISIT_WITH_HINT,329.0,text only (landmark); R90 329 m,FIELD_FORCE,,
AD002287,DIRECT_VISIT,39.0,2 agreeing visits; R90 39 m,FIELD_FORCE,,
AD002288,VISIT_WITH_HINT,396.0,text only (landmark); R90 396 m,FIELD_FORCE,,
AD002289,VISIT_WITH_HINT,329.0,text only (landmark); R90 329 m,FIELD_FORCE,,
AD002290,CANNOT_GEOCODE,,outside service area,TELE_DIALER,ADDR_VERIFY_OUT_OF_AREA_KN,"Namaskara, nimma manege baralu swalpa sahaya beku. Dayavittu heli: nimma mane yaava cross athava raste alli ide, hattirada landmark yavudu (gudi, shaale, bus stop), mattu nimma gate yaava banna?"
AD002291,VISIT_WITH_HINT,239.0,text only (baseline street); R90 239 m,FIELD_FORCE,,
AD002292,VISIT_WITH_HINT,124.0,text only (baseline rooftop); R90 124 m,FIELD_FORCE,,
AD002293,DIRECT_VISIT,73.0,1 good visit; R90 73 m,FIELD_FORCE,,
AD002294,DIRECT_VISIT,35.0,2 agreeing visits; R90 35 m,FIELD_FORCE,,
AD002295,VERIFY_FIRST,2278.0,text only (pincode area); too uncertain to visit blind; R90 2278 m,TELE_DIALER,ADDR_VERIFY_LOW_CONFIDENCE_HI,"Namaste, aapke ghar tak pahunchne ke liye thodi madad chahiye. Kripya bataiye: aapka ghar kaun si cross ya gali mein hai, sabse paas ka landmark kya hai (mandir, school, bus stop), aur aapke gate ka rang kya hai?"
AD002296,VERIFY_FIRST,569.0,text only (locality); too uncertain to visit blind; R90 569 m,TELE_DIALER,ADDR_VERIFY_LOW_CONFIDENCE_EN,"Hello, we need a little help to reach your home. Please tell us which cross or street your house is on, the nearest landmark (temple, school, bus stop), and the colour of your gate."
AD002297,VISIT_WITH_HINT,329.0,text only (landmark); R90 329 m,FIELD_FORCE,,
AD002298,DIRECT_VISIT,33.0,1 good visit; R90 33 m,FIELD_FORCE,,
AD002299,DIRECT_VISIT,19.0,8 agreeing visits; R90 19 m,FIELD_FORCE,,
AD002300,VISIT_WITH_HINT,437.0,text only (locality); R90 437 m,FIELD_FORCE,,
AD002301,VISIT_WITH_HINT,269.0,text only (landmark); R90 269 m,FIELD_FORCE,,
AD002302,DIRECT_VISIT,58.0,1 good visit; R90 58 m,FIELD_FORCE,,
AD002303,VERIFY_FIRST,2278.0,text only (pincode area); too uncertain to visit blind; R90 2278 m,TELE_DIALER,ADDR_VERIFY_LOW_CONFIDENCE_KN,"Namaskara, nimma manege baralu swalpa sahaya beku. Dayavittu heli: nimma mane yaava cross athava raste alli ide, hattirada landmark yavudu (gudi, shaale, bus stop), mattu nimma gate yaava banna?"
AD002304,DIRECT_VISIT,49.0,"visits disagree (n=1), largest cluster kept; R90 49 m",FIELD_FORCE,,
AD002305,DIRECT_VISIT,39.0,1 good visit; R90 39 m,FIELD_FORCE,,
AD002306,DIRECT_VISIT,25.0,3 agreeing visits; R90 25 m,FIELD_FORCE,,
AD002307,DIRECT_VISIT,46.0,"visits disagree (n=3), largest cluster kept; R90 46 m",FIELD_FORCE,,
AD002308,DIRECT_VISIT,49.0,"visits disagree (n=2), largest cluster kept; R90 49 m",FIELD_FORCE,,
AD002309,VERIFY_FIRST,3348.0,text only (pincode area); too uncertain to visit blind; R90 3348 m,TELE_DIALER,ADDR_VERIFY_LOW_CONFIDENCE_KN,"Namaskara, nimma manege baralu swalpa sahaya beku. Dayavittu heli: nimma mane yaava cross athava raste alli ide, hattirada landmark yavudu (gudi, shaale, bus stop), mattu nimma gate yaava banna?"
AD002310,VISIT_WITH_HINT,133.0,text only (neighbours); R90 133 m,FIELD_FORCE,,
AD002311,VERIFY_FIRST,837.0,text only (locality); too uncertain to visit blind; R90 837 m,TELE_DIALER,ADDR_VERIFY_LOW_CONFIDENCE_EN,"Hello, we need a little help to reach your home. Please tell us which cross or street your house is on, the nearest landmark (temple, school, bus stop), and the colour of your gate."
AD002312,VISIT_WITH_HINT,285.0,text only (landmark); R90 285 m,FIELD_FORCE,,
AD002313,CANNOT_GEOCODE,,outside service area,TELE_DIALER,ADDR_VERIFY_OUT_OF_AREA_EN,"Hello, we need a little help to reach your home. Please tell us which cross or street your house is on, the nearest landmark (temple, school, bus stop), and the colour of your gate."
AD002314,VERIFY_FIRST,569.0,text only (locality); too uncertain to visit blind; R90 569 m,TELE_DIALER,ADDR_VERIFY_LOW_CONFIDENCE_KN,"Namaskara, nimma manege baralu swalpa sahaya beku. Dayavittu heli: nimma mane yaava cross athava raste alli ide, hattirada landmark yavudu (gudi, shaale, bus stop), mattu nimma gate yaava banna?"
AD002315,VISIT_WITH_HINT,133.0,text only (neighbours); R90 133 m,FIELD_FORCE,,
AD002316,VERIFY_FIRST,569.0,text only (locality); too uncertain to visit blind; R90 569 m,TELE_DIALER,ADDR_VERIFY_LOW_CONFIDENCE_EN,"Hello, we need a little help to reach your home. Please tell us which cross or street your house is on, the nearest landmark (temple, school, bus stop), and the colour of your gate."
AD002317,DIRECT_VISIT,25.0,4 agreeing visits; R90 25 m,FIELD_FORCE,,
AD002318,VISIT_WITH_HINT,255.0,text only (baseline street); R90 255 m,FIELD_FORCE,,
AD002319,VERIFY_FIRST,569.0,text only (locality); too uncertain to visit blind; R90 569 m,TELE_DIALER,ADDR_VERIFY_LOW_CONFIDENCE_KN,"Namaskara, nimma manege baralu swalpa sahaya beku. Dayavittu heli: nimma mane yaava cross athava raste alli ide, hattirada landmark yavudu (gudi, shaale, bus stop), mattu nimma gate yaava banna?"
AD002320,CANNOT_GEOCODE,,outside service area,TELE_DIALER,ADDR_VERIFY_OUT_OF_AREA_KN,"Namaskara, nimma manege baralu swalpa sahaya beku. Dayavittu heli: nimma mane yaava cross athava raste alli ide, hattirada landmark yavudu (gudi, shaale, bus stop), mattu nimma gate yaava banna?"
AD002321,DIRECT_VISIT,55.0,"visits disagree (n=1), largest cluster kept; R90 55 m",FIELD_FORCE,,
AD002322,VISIT_WITH_HINT,329.0,text only (landmark); R90 329 m,FIELD_FORCE,,
AD002323,VERIFY_FIRST,3348.0,text only (pincode area); too uncertain to visit blind; R90 3348 m,TELE_DIALER,ADDR_VERIFY_LOW_CONFIDENCE_HI,"Namaste, aapke ghar tak pahunchne ke liye thodi madad chahiye. Kripya bataiye: aapka ghar kaun si cross ya gali mein hai, sabse paas ka landmark kya hai (mandir, school, bus stop), aur aapke gate ka rang kya hai?"
AD002324,VISIT_WITH_HINT,329.0,text only (landmark); R90 329 m,FIELD_FORCE,,
AD002325,VISIT_WITH_HINT,387.0,text only (neighbours); R90 387 m,FIELD_FORCE,,
AD002326,CANNOT_GEOCODE,,outside service area,TELE_DIALER,ADDR_VERIFY_OUT_OF_AREA_HI,"Namaste, aapke ghar tak pahunchne ke liye thodi madad chahiye. Kripya bataiye: aapka ghar kaun si cross ya gali mein hai, sabse paas ka landmark kya hai (mandir, school, bus stop), aur aapke gate ka rang kya hai?"
AD002327,VERIFY_FIRST,3348.0,text only (pincode area); too uncertain to visit blind; R90 3348 m,TELE_DIALER,ADDR_VERIFY_LOW_CONFIDENCE_HI,"Namaste, aapke ghar tak pahunchne ke liye thodi madad chahiye. Kripya bataiye: aapka ghar kaun si cross ya gali mein hai, sabse paas ka landmark kya hai (mandir, school, bus stop), aur aapke gate ka rang kya hai?"
AD002328,VISIT_WITH_HINT,175.0,text only (neighbours); R90 175 m,FIELD_FORCE,,
AD002329,CANNOT_GEOCODE,,outside service area,TELE_DIALER,ADDR_VERIFY_OUT_OF_AREA_HI,"Namaste, aapke ghar tak pahunchne ke liye thodi madad chahiye. Kripya bataiye: aapka ghar kaun si cross ya gali mein hai, sabse paas ka landmark kya hai (mandir, school, bus stop), aur aapke gate ka rang kya hai?"
AD002330,VISIT_WITH_HINT,272.0,text only (landmark); R90 272 m,FIELD_FORCE,,
AD002331,CANNOT_GEOCODE,,outside service area,TELE_DIALER,ADDR_VERIFY_OUT_OF_AREA_HI,"Namaste, aapke ghar tak pahunchne ke liye thodi madad chahiye. Kripya bataiye: aapka ghar kaun si cross ya gali mein hai, sabse paas ka landmark kya hai (mandir, school, bus stop), aur aapke gate ka rang kya hai?"
AD002332,DIRECT_VISIT,26.0,6 agreeing visits; R90 26 m,FIELD_FORCE,,
AD002333,DIRECT_VISIT,24.0,5 agreeing visits; R90 24 m,FIELD_FORCE,,
AD002334,DIRECT_VISIT,62.0,1 good visit; R90 62 m,FIELD_FORCE,,
AD002335,VISIT_WITH_HINT,194.0,text only (neighbours); R90 194 m,FIELD_FORCE,,
AD002336,DIRECT_VISIT,48.0,1 good visit; R90 48 m,FIELD_FORCE,,
AD002337,VISIT_WITH_HINT,132.0,text only (baseline rooftop); R90 132 m,FIELD_FORCE,,
AD002338,CANNOT_GEOCODE,,outside service area,TELE_DIALER,ADDR_VERIFY_OUT_OF_AREA_HI,"Namaste, aapke ghar tak pahunchne ke liye thodi madad chahiye. Kripya bataiye: aapka ghar kaun si cross ya gali mein hai, sabse paas ka landmark kya hai (mandir, school, bus stop), aur aapke gate ka rang kya hai?"
AD002339,DIRECT_VISIT,24.0,4 agreeing visits; R90 24 m,FIELD_FORCE,,
AD002340,VISIT_WITH_HINT,396.0,text only (landmark); R90 396 m,FIELD_FORCE,,
AD002341,DIRECT_VISIT,20.0,"visits disagree (n=5), largest cluster kept; R90 20 m",FIELD_FORCE,,
AD002342,VISIT_WITH_HINT,329.0,text only (landmark); R90 329 m,FIELD_FORCE,,
AD002343,VISIT_WITH_HINT,396.0,text only (landmark); R90 396 m,FIELD_FORCE,,
AD002344,VISIT_WITH_HINT,396.0,text only (landmark); R90 396 m,FIELD_FORCE,,
AD002345,VISIT_WITH_HINT,329.0,text only (landmark); R90 329 m,FIELD_FORCE,,
AD002346,VISIT_WITH_HINT,175.0,text only (neighbours); R90 175 m,FIELD_FORCE,,
AD002347,VISIT_WITH_HINT,230.0,text only (neighbours); R90 230 m,FIELD_FORCE,,
AD002348,VISIT_WITH_HINT,255.0,text only (baseline street); R90 255 m,FIELD_FORCE,,
AD002349,VISIT_WITH_HINT,201.0,text only (landmark); R90 201 m,FIELD_FORCE,,
AD002350,VISIT_WITH_HINT,304.0,text only (neighbours); R90 304 m,FIELD_FORCE,,
AD002351,VISIT_WITH_HINT,230.0,text only (neighbours); R90 230 m,FIELD_FORCE,,
AD002352,DIRECT_VISIT,39.0,1 good visit; R90 39 m,FIELD_FORCE,,
AD002353,DIRECT_VISIT,31.0,2 agreeing visits; R90 31 m,FIELD_FORCE,,
AD002354,VISIT_WITH_HINT,329.0,text only (landmark); R90 329 m,FIELD_FORCE,,
AD002355,VISIT_WITH_HINT,329.0,text only (landmark); R90 329 m,FIELD_FORCE,,
AD002356,VERIFY_FIRST,2278.0,text only (pincode area); too uncertain to visit blind; R90 2278 m,TELE_DIALER,ADDR_VERIFY_LOW_CONFIDENCE_KN,"Namaskara, nimma manege baralu swalpa sahaya beku. Dayavittu heli: nimma mane yaava cross athava raste alli ide, hattirada landmark yavudu (gudi, shaale, bus stop), mattu nimma gate yaava banna?"
AD002357,DIRECT_VISIT,17.0,8 agreeing visits; R90 17 m,FIELD_FORCE,,
AD002358,VISIT_WITH_HINT,396.0,text only (landmark); R90 396 m,FIELD_FORCE,,
AD002359,DIRECT_VISIT,11.0,"visits disagree (n=6), largest cluster kept; R90 11 m",FIELD_FORCE,,
AD002360,VISIT_WITH_HINT,378.0,text only (neighbours); R90 378 m,FIELD_FORCE,,
AD002361,VISIT_WITH_HINT,296.0,text only (landmark); R90 296 m,FIELD_FORCE,,
AD002362,DIRECT_VISIT,32.0,7 agreeing visits; R90 32 m,FIELD_FORCE,,
AD002363,VISIT_WITH_HINT,175.0,text only (neighbours); R90 175 m,FIELD_FORCE,,
AD002364,VISIT_WITH_HINT,329.0,text only (landmark); R90 329 m,FIELD_FORCE,,
AD002365,VISIT_WITH_HINT,149.0,text only (neighbours); R90 149 m,FIELD_FORCE,,
AD002366,VERIFY_FIRST,569.0,text only (locality); too uncertain to visit blind; R90 569 m,TELE_DIALER,ADDR_VERIFY_LOW_CONFIDENCE_HI,"Namaste, aapke ghar tak pahunchne ke liye thodi madad chahiye. Kripya bataiye: aapka ghar kaun si cross ya gali mein hai, sabse paas ka landmark kya hai (mandir, school, bus stop), aur aapke gate ka rang kya hai?"
AD002367,DIRECT_VISIT,17.0,6 agreeing visits; R90 17 m,FIELD_FORCE,,
AD002368,VISIT_WITH_HINT,149.0,text only (neighbours); R90 149 m,FIELD_FORCE,,
AD002369,VISIT_WITH_HINT,378.0,text only (neighbours); R90 378 m,FIELD_FORCE,,
AD002370,VISIT_WITH_HINT,179.0,text only (landmark); R90 179 m,FIELD_FORCE,,
AD002371,VISIT_WITH_HINT,279.0,text only (landmark); R90 279 m,FIELD_FORCE,,
AD002372,DIRECT_VISIT,49.0,1 good visit; R90 49 m,FIELD_FORCE,,
AD002373,VISIT_WITH_HINT,205.0,text only (landmark); R90 205 m,FIELD_FORCE,,
AD002374,VISIT_WITH_HINT,126.0,text only (neighbours); R90 126 m,FIELD_FORCE,,
AD002375,VISIT_WITH_HINT,255.0,text only (baseline street); R90 255 m,FIELD_FORCE,,
AD002376,VISIT_WITH_HINT,329.0,text only (landmark); R90 329 m,FIELD_FORCE,,
AD002377,VISIT_WITH_HINT,329.0,text only (landmark); R90 329 m,FIELD_FORCE,,
AD002378,DIRECT_VISIT,48.0,1 good visit; R90 48 m,FIELD_FORCE,,
AD002379,CANNOT_GEOCODE,,outside service area,TELE_DIALER,ADDR_VERIFY_OUT_OF_AREA_EN,"Hello, we need a little help to reach your home. Please tell us which cross or street your house is on, the nearest landmark (temple, school, bus stop), and the colour of your gate."
AD002380,DIRECT_VISIT,31.0,3 agreeing visits; R90 31 m,FIELD_FORCE,,
AD002381,VISIT_WITH_HINT,201.0,text only (landmark); R90 201 m,FIELD_FORCE,,
AD002382,VISIT_WITH_HINT,232.0,text only (baseline street); R90 232 m,FIELD_FORCE,,
AD002383,VERIFY_FIRST,569.0,text only (locality); too uncertain to visit blind; R90 569 m,TELE_DIALER,ADDR_VERIFY_LOW_CONFIDENCE_EN,"Hello, we need a little help to reach your home. Please tell us which cross or street your house is on, the nearest landmark (temple, school, bus stop), and the colour of your gate."
AD002384,VISIT_WITH_HINT,378.0,text only (neighbours); R90 378 m,FIELD_FORCE,,
AD002385,VISIT_WITH_HINT,403.0,text only (locality); R90 403 m,FIELD_FORCE,,
AD002386,CANNOT_GEOCODE,,outside service area,TELE_DIALER,ADDR_VERIFY_OUT_OF_AREA_HI,"Namaste, aapke ghar tak pahunchne ke liye thodi madad chahiye. Kripya bataiye: aapka ghar kaun si cross ya gali mein hai, sabse paas ka landmark kya hai (mandir, school, bus stop), aur aapke gate ka rang kya hai?"
AD002387,DIRECT_VISIT,43.0,1 good visit; R90 43 m,FIELD_FORCE,,
AD002388,VISIT_WITH_HINT,396.0,text only (landmark); R90 396 m,FIELD_FORCE,,
AD002389,VISIT_WITH_HINT,396.0,text only (landmark); R90 396 m,FIELD_FORCE,,
AD002390,CANNOT_GEOCODE,,outside service area,TELE_DIALER,ADDR_VERIFY_OUT_OF_AREA_HI,"Namaste, aapke ghar tak pahunchne ke liye thodi madad chahiye. Kripya bataiye: aapka ghar kaun si cross ya gali mein hai, sabse paas ka landmark kya hai (mandir, school, bus stop), aur aapke gate ka rang kya hai?"
AD002391,VISIT_WITH_HINT,237.0,text only (landmark); R90 237 m,FIELD_FORCE,,
AD002392,VISIT_WITH_HINT,329.0,text only (landmark); R90 329 m,FIELD_FORCE,,
AD002393,DIRECT_VISIT,31.0,"visits disagree (n=1), largest cluster kept; R90 31 m",FIELD_FORCE,,
AD002394,VISIT_WITH_HINT,329.0,text only (landmark); R90 329 m,FIELD_FORCE,,
AD002395,VISIT_WITH_HINT,208.0,text only (baseline street); R90 208 m,FIELD_FORCE,,
AD002396,VERIFY_FIRST,569.0,text only (locality); too uncertain to visit blind; R90 569 m,TELE_DIALER,ADDR_VERIFY_LOW_CONFIDENCE_HI,"Namaste, aapke ghar tak pahunchne ke liye thodi madad chahiye. Kripya bataiye: aapka ghar kaun si cross ya gali mein hai, sabse paas ka landmark kya hai (mandir, school, bus stop), aur aapke gate ka rang kya hai?"
AD002397,VISIT_WITH_HINT,329.0,text only (landmark); R90 329 m,FIELD_FORCE,,
AD002398,DIRECT_VISIT,61.0,1 good visit; R90 61 m,FIELD_FORCE,,
AD002399,VISIT_WITH_HINT,255.0,text only (baseline street); R90 255 m,FIELD_FORCE,,
AD002400,VISIT_WITH_HINT,175.0,text only (neighbours); R90 175 m,FIELD_FORCE,,
AD002401,DIRECT_VISIT,26.0,3 agreeing visits; R90 26 m,FIELD_FORCE,,
AD002402,DIRECT_VISIT,47.0,2 agreeing visits; R90 47 m,FIELD_FORCE,,
AD002403,DIRECT_VISIT,48.0,1 good visit; R90 48 m,FIELD_FORCE,,
AD002404,DIRECT_VISIT,19.0,"visits disagree (n=6), largest cluster kept; R90 19 m",FIELD_FORCE,,
AD002405,VISIT_WITH_HINT,180.0,text only (landmark); R90 180 m,FIELD_FORCE,,
AD002406,CANNOT_GEOCODE,,outside service area,TELE_DIALER,ADDR_VERIFY_OUT_OF_AREA_HI,"Namaste, aapke ghar tak pahunchne ke liye thodi madad chahiye. Kripya bataiye: aapka ghar kaun si cross ya gali mein hai, sabse paas ka landmark kya hai (mandir, school, bus stop), aur aapke gate ka rang kya hai?"
AD002407,VISIT_WITH_HINT,194.0,text only (neighbours); R90 194 m,FIELD_FORCE,,
AD002408,VISIT_WITH_HINT,215.0,text only (landmark); R90 215 m,FIELD_FORCE,,
AD002409,CANNOT_GEOCODE,,outside service area,TELE_DIALER,ADDR_VERIFY_OUT_OF_AREA_EN,"Hello, we need a little help to reach your home. Please tell us which cross or street your house is on, the nearest landmark (temple, school, bus stop), and the colour of your gate."
AD002410,VISIT_WITH_HINT,194.0,text only (neighbours); R90 194 m,FIELD_FORCE,,
AD002411,DIRECT_VISIT,75.0,1 good visit; R90 75 m,FIELD_FORCE,,
AD002412,DIRECT_VISIT,37.0,"visits disagree (n=4), largest cluster kept; R90 37 m",FIELD_FORCE,,
AD002413,DIRECT_VISIT,18.0,5 agreeing visits; R90 18 m,FIELD_FORCE,,
AD002414,DIRECT_VISIT,19.0,7 agreeing visits; R90 19 m,FIELD_FORCE,,
AD002415,DIRECT_VISIT,32.0,3 agreeing visits; R90 32 m,FIELD_FORCE,,
AD002416,DIRECT_VISIT,68.0,1 good visit; R90 68 m,FIELD_FORCE,,
AD002417,VISIT_WITH_HINT,329.0,text only (landmark); R90 329 m,FIELD_FORCE,,
AD002418,VISIT_WITH_HINT,396.0,text only (landmark); R90 396 m,FIELD_FORCE,,
AD002419,DIRECT_VISIT,23.0,3 agreeing visits; R90 23 m,FIELD_FORCE,,
AD002420,CANNOT_GEOCODE,,outside service area,TELE_DIALER,ADDR_VERIFY_OUT_OF_AREA_HI,"Namaste, aapke ghar tak pahunchne ke liye thodi madad chahiye. Kripya bataiye: aapka ghar kaun si cross ya gali mein hai, sabse paas ka landmark kya hai (mandir, school, bus stop), aur aapke gate ka rang kya hai?"
AD002421,VERIFY_FIRST,569.0,text only (locality); too uncertain to visit blind; R90 569 m,TELE_DIALER,ADDR_VERIFY_LOW_CONFIDENCE_HI,"Namaste, aapke ghar tak pahunchne ke liye thodi madad chahiye. Kripya bataiye: aapka ghar kaun si cross ya gali mein hai, sabse paas ka landmark kya hai (mandir, school, bus stop), aur aapke gate ka rang kya hai?"
AD002422,VISIT_WITH_HINT,329.0,text only (landmark); R90 329 m,FIELD_FORCE,,
AD002423,DIRECT_VISIT,40.0,1 good visit; R90 40 m,FIELD_FORCE,,
AD002424,DIRECT_VISIT,63.0,2 agreeing visits; R90 63 m,FIELD_FORCE,,
AD002425,VISIT_WITH_HINT,149.0,text only (neighbours); R90 149 m,FIELD_FORCE,,
AD002426,CANNOT_GEOCODE,,outside service area,TELE_DIALER,ADDR_VERIFY_OUT_OF_AREA_EN,"Hello, we need a little help to reach your home. Please tell us which cross or street your house is on, the nearest landmark (temple, school, bus stop), and the colour of your gate."
AD002427,VISIT_WITH_HINT,194.0,text only (neighbours); R90 194 m,FIELD_FORCE,,
AD002428,VISIT_WITH_HINT,329.0,text only (landmark); R90 329 m,FIELD_FORCE,,
AD002429,VISIT_WITH_HINT,329.0,text only (landmark); R90 329 m,FIELD_FORCE,,
AD002430,VISIT_WITH_HINT,120.0,text only (neighbours); R90 120 m,FIELD_FORCE,,
AD002431,DIRECT_VISIT,28.0,1 good visit; R90 28 m,FIELD_FORCE,,
AD002432,VISIT_WITH_HINT,226.0,text only (baseline street); R90 226 m,FIELD_FORCE,,
AD002433,VISIT_WITH_HINT,296.0,text only (landmark); R90 296 m,FIELD_FORCE,,
AD002434,VISIT_WITH_HINT,140.0,text only (neighbours); R90 140 m,FIELD_FORCE,,
AD002435,VISIT_WITH_HINT,133.0,text only (neighbours); R90 133 m,FIELD_FORCE,,
AD002436,VISIT_WITH_HINT,196.0,text only (landmark); R90 196 m,FIELD_FORCE,,
AD002437,VISIT_WITH_HINT,271.0,text only (landmark); R90 271 m,FIELD_FORCE,,
AD002438,VISIT_WITH_HINT,329.0,text only (landmark); R90 329 m,FIELD_FORCE,,
AD002439,VISIT_WITH_HINT,329.0,text only (landmark); R90 329 m,FIELD_FORCE,,
AD002440,DIRECT_VISIT,24.0,3 agreeing visits; R90 24 m,FIELD_FORCE,,
AD002441,DIRECT_VISIT,53.0,1 good visit; R90 53 m,FIELD_FORCE,,
AD002442,VERIFY_FIRST,569.0,text only (locality); too uncertain to visit blind; R90 569 m,TELE_DIALER,ADDR_VERIFY_LOW_CONFIDENCE_HI,"Namaste, aapke ghar tak pahunchne ke liye thodi madad chahiye. Kripya bataiye: aapka ghar kaun si cross ya gali mein hai, sabse paas ka landmark kya hai (mandir, school, bus stop), aur aapke gate ka rang kya hai?"
AD002443,CANNOT_GEOCODE,,outside service area,TELE_DIALER,ADDR_VERIFY_OUT_OF_AREA_HI,"Namaste, aapke ghar tak pahunchne ke liye thodi madad chahiye. Kripya bataiye: aapka ghar kaun si cross ya gali mein hai, sabse paas ka landmark kya hai (mandir, school, bus stop), aur aapke gate ka rang kya hai?"
AD002444,VISIT_WITH_HINT,198.0,"visits disagree (n=1), largest cluster kept; R90 198 m",FIELD_FORCE,,
AD002445,DIRECT_VISIT,44.0,1 good visit; R90 44 m,FIELD_FORCE,,
AD002446,CANNOT_GEOCODE,,outside service area,TELE_DIALER,ADDR_VERIFY_OUT_OF_AREA_EN,"Hello, we need a little help to reach your home. Please tell us which cross or street your house is on, the nearest landmark (temple, school, bus stop), and the colour of your gate."
AD002447,VISIT_WITH_HINT,194.0,text only (neighbours); R90 194 m,FIELD_FORCE,,
AD002448,VISIT_WITH_HINT,194.0,text only (neighbours); R90 194 m,FIELD_FORCE,,
AD002449,VISIT_WITH_HINT,329.0,text only (landmark); R90 329 m,FIELD_FORCE,,
AD002450,VISIT_WITH_HINT,201.0,text only (landmark); R90 201 m,FIELD_FORCE,,
AD002451,VERIFY_FIRST,569.0,text only (locality); too uncertain to visit blind; R90 569 m,TELE_DIALER,ADDR_VERIFY_LOW_CONFIDENCE_KN,"Namaskara, nimma manege baralu swalpa sahaya beku. Dayavittu heli: nimma mane yaava cross athava raste alli ide, hattirada landmark yavudu (gudi, shaale, bus stop), mattu nimma gate yaava banna?"
AD002452,VERIFY_FIRST,569.0,text only (locality); too uncertain to visit blind; R90 569 m,TELE_DIALER,ADDR_VERIFY_LOW_CONFIDENCE_KN,"Namaskara, nimma manege baralu swalpa sahaya beku. Dayavittu heli: nimma mane yaava cross athava raste alli ide, hattirada landmark yavudu (gudi, shaale, bus stop), mattu nimma gate yaava banna?"
AD002453,DIRECT_VISIT,56.0,1 good visit; R90 56 m,FIELD_FORCE,,
AD002454,VISIT_WITH_HINT,175.0,text only (neighbours); R90 175 m,FIELD_FORCE,,
AD002455,CANNOT_GEOCODE,,outside service area,TELE_DIALER,ADDR_VERIFY_OUT_OF_AREA_KN,"Namaskara, nimma manege baralu swalpa sahaya beku. Dayavittu heli: nimma mane yaava cross athava raste alli ide, hattirada landmark yavudu (gudi, shaale, bus stop), mattu nimma gate yaava banna?"
AD002456,VISIT_WITH_HINT,215.0,text only (landmark); R90 215 m,FIELD_FORCE,,
AD002457,DIRECT_VISIT,31.0,"visits disagree (n=1), largest cluster kept; R90 31 m",FIELD_FORCE,,
AD002458,DIRECT_VISIT,43.0,"visits disagree (n=2), largest cluster kept; R90 43 m",FIELD_FORCE,,
AD002459,DIRECT_VISIT,24.0,3 agreeing visits; R90 24 m,FIELD_FORCE,,
AD002460,CANNOT_GEOCODE,,outside service area,TELE_DIALER,ADDR_VERIFY_OUT_OF_AREA_HI,"Namaste, aapke ghar tak pahunchne ke liye thodi madad chahiye. Kripya bataiye: aapka ghar kaun si cross ya gali mein hai, sabse paas ka landmark kya hai (mandir, school, bus stop), aur aapke gate ka rang kya hai?"
AD002461,DIRECT_VISIT,37.0,1 good visit; R90 37 m,FIELD_FORCE,,
AD002462,DIRECT_VISIT,45.0,1 good visit; R90 45 m,FIELD_FORCE,,
AD002463,VISIT_WITH_HINT,276.0,text only (landmark); R90 276 m,FIELD_FORCE,,
AD002464,VISIT_WITH_HINT,274.0,text only (landmark); R90 274 m,FIELD_FORCE,,
AD002465,VERIFY_FIRST,2278.0,text only (pincode area); too uncertain to visit blind; R90 2278 m,TELE_DIALER,ADDR_VERIFY_LOW_CONFIDENCE_HI,"Namaste, aapke ghar tak pahunchne ke liye thodi madad chahiye. Kripya bataiye: aapka ghar kaun si cross ya gali mein hai, sabse paas ka landmark kya hai (mandir, school, bus stop), aur aapke gate ka rang kya hai?"
AD002466,DIRECT_VISIT,41.0,"visits disagree (n=7), largest cluster kept; R90 41 m",FIELD_FORCE,,
AD002467,DIRECT_VISIT,42.0,1 good visit; R90 42 m,FIELD_FORCE,,
AD002468,DIRECT_VISIT,28.0,"visits disagree (n=4), largest cluster kept; R90 28 m",FIELD_FORCE,,
AD002469,VISIT_WITH_HINT,175.0,text only (neighbours); R90 175 m,FIELD_FORCE,,
AD002470,VISIT_WITH_HINT,296.0,text only (landmark); R90 296 m,FIELD_FORCE,,
AD002471,DIRECT_VISIT,16.0,3 agreeing visits; R90 16 m,FIELD_FORCE,,
AD002472,VISIT_WITH_HINT,208.0,text only (baseline street); R90 208 m,FIELD_FORCE,,
AD002473,VISIT_WITH_HINT,358.0,text only (neighbours); R90 358 m,FIELD_FORCE,,
AD002474,DIRECT_VISIT,53.0,1 good visit; R90 53 m,FIELD_FORCE,,
AD002475,VERIFY_FIRST,569.0,text only (locality); too uncertain to visit blind; R90 569 m,TELE_DIALER,ADDR_VERIFY_LOW_CONFIDENCE_HI,"Namaste, aapke ghar tak pahunchne ke liye thodi madad chahiye. Kripya bataiye: aapka ghar kaun si cross ya gali mein hai, sabse paas ka landmark kya hai (mandir, school, bus stop), aur aapke gate ka rang kya hai?"
AD002476,VISIT_WITH_HINT,329.0,text only (landmark); R90 329 m,FIELD_FORCE,,
AD002477,VISIT_WITH_HINT,283.0,text only (neighbours); R90 283 m,FIELD_FORCE,,
AD002478,VISIT_WITH_HINT,181.0,text only (landmark); R90 181 m,FIELD_FORCE,,
AD002479,DIRECT_VISIT,61.0,1 good visit; R90 61 m,FIELD_FORCE,,
AD002480,DIRECT_VISIT,38.0,1 good visit; R90 38 m,FIELD_FORCE,,
AD002481,VISIT_WITH_HINT,286.0,text only (neighbours); R90 286 m,FIELD_FORCE,,
AD002482,VISIT_WITH_HINT,396.0,text only (landmark); R90 396 m,FIELD_FORCE,,
AD002483,DIRECT_VISIT,33.0,"visits disagree (n=3), largest cluster kept; R90 33 m",FIELD_FORCE,,
AD002484,VERIFY_FIRST,569.0,text only (locality); too uncertain to visit blind; R90 569 m,TELE_DIALER,ADDR_VERIFY_LOW_CONFIDENCE_EN,"Hello, we need a little help to reach your home. Please tell us which cross or street your house is on, the nearest landmark (temple, school, bus stop), and the colour of your gate."
AD002485,DIRECT_VISIT,58.0,"visits disagree (n=2), largest cluster kept; R90 58 m",FIELD_FORCE,,
AD002486,VERIFY_FIRST,569.0,text only (locality); too uncertain to visit blind; R90 569 m,TELE_DIALER,ADDR_VERIFY_LOW_CONFIDENCE_EN,"Hello, we need a little help to reach your home. Please tell us which cross or street your house is on, the nearest landmark (temple, school, bus stop), and the colour of your gate."
AD002487,DIRECT_VISIT,34.0,1 good visit; R90 34 m,FIELD_FORCE,,
AD002488,DIRECT_VISIT,43.0,2 agreeing visits; R90 43 m,FIELD_FORCE,,
AD002489,DIRECT_VISIT,22.0,"visits disagree (n=3), largest cluster kept; R90 22 m",FIELD_FORCE,,
AD002490,DIRECT_VISIT,42.0,4 agreeing visits; R90 42 m,FIELD_FORCE,,
AD002491,VISIT_WITH_HINT,215.0,text only (landmark); R90 215 m,FIELD_FORCE,,
AD002492,DIRECT_VISIT,61.0,1 good visit; R90 61 m,FIELD_FORCE,,
AD002493,VISIT_WITH_HINT,175.0,text only (neighbours); R90 175 m,FIELD_FORCE,,
AD002494,DIRECT_VISIT,26.0,4 agreeing visits; R90 26 m,FIELD_FORCE,,
AD002495,VERIFY_FIRST,2278.0,text only (pincode area); too uncertain to visit blind; R90 2278 m,TELE_DIALER,ADDR_VERIFY_LOW_CONFIDENCE_KN,"Namaskara, nimma manege baralu swalpa sahaya beku. Dayavittu heli: nimma mane yaava cross athava raste alli ide, hattirada landmark yavudu (gudi, shaale, bus stop), mattu nimma gate yaava banna?"
AD002496,VISIT_WITH_HINT,329.0,text only (landmark); R90 329 m,FIELD_FORCE,,
AD002497,VISIT_WITH_HINT,243.0,text only (landmark); R90 243 m,FIELD_FORCE,,
AD002498,VERIFY_FIRST,569.0,text only (locality); too uncertain to visit blind; R90 569 m,TELE_DIALER,ADDR_VERIFY_LOW_CONFIDENCE_EN,"Hello, we need a little help to reach your home. Please tell us which cross or street your house is on, the nearest landmark (temple, school, bus stop), and the colour of your gate."
AD002499,DIRECT_VISIT,22.0,5 agreeing visits; R90 22 m,FIELD_FORCE,,
AD002500,VISIT_WITH_HINT,161.0,text only (neighbours); R90 161 m,FIELD_FORCE,,
AD002501,DIRECT_VISIT,50.0,1 good visit; R90 50 m,FIELD_FORCE,,
AD002502,DIRECT_VISIT,36.0,1 good visit; R90 36 m,FIELD_FORCE,,
AD002503,CANNOT_GEOCODE,,outside service area,TELE_DIALER,ADDR_VERIFY_OUT_OF_AREA_KN,"Namaskara, nimma manege baralu swalpa sahaya beku. Dayavittu heli: nimma mane yaava cross athava raste alli ide, hattirada landmark yavudu (gudi, shaale, bus stop), mattu nimma gate yaava banna?"
AD002504,DIRECT_VISIT,29.0,4 agreeing visits; R90 29 m,FIELD_FORCE,,
AD002505,DIRECT_VISIT,36.0,2 agreeing visits; R90 36 m,FIELD_FORCE,,
AD002506,DIRECT_VISIT,56.0,1 good visit; R90 56 m,FIELD_FORCE,,
AD002507,CANNOT_GEOCODE,,outside service area,TELE_DIALER,ADDR_VERIFY_OUT_OF_AREA_HI,"Namaste, aapke ghar tak pahunchne ke liye thodi madad chahiye. Kripya bataiye: aapka ghar kaun si cross ya gali mein hai, sabse paas ka landmark kya hai (mandir, school, bus stop), aur aapke gate ka rang kya hai?"
AD002508,VERIFY_FIRST,569.0,text only (locality); too uncertain to visit blind; R90 569 m,TELE_DIALER,ADDR_VERIFY_LOW_CONFIDENCE_KN,"Namaskara, nimma manege baralu swalpa sahaya beku. Dayavittu heli: nimma mane yaava cross athava raste alli ide, hattirada landmark yavudu (gudi, shaale, bus stop), mattu nimma gate yaava banna?"
AD002509,DIRECT_VISIT,20.0,7 agreeing visits; R90 20 m,FIELD_FORCE,,
AD002510,DIRECT_VISIT,43.0,1 good visit; R90 43 m,FIELD_FORCE,,
AD002511,VISIT_WITH_HINT,396.0,text only (landmark); R90 396 m,FIELD_FORCE,,
AD002512,VERIFY_FIRST,569.0,text only (locality); too uncertain to visit blind; R90 569 m,TELE_DIALER,ADDR_VERIFY_LOW_CONFIDENCE_KN,"Namaskara, nimma manege baralu swalpa sahaya beku. Dayavittu heli: nimma mane yaava cross athava raste alli ide, hattirada landmark yavudu (gudi, shaale, bus stop), mattu nimma gate yaava banna?"
AD002513,DIRECT_VISIT,31.0,2 agreeing visits; R90 31 m,FIELD_FORCE,,
AD002514,DIRECT_VISIT,33.0,"visits disagree (n=2), largest cluster kept; R90 33 m",FIELD_FORCE,,
AD002515,DIRECT_VISIT,40.0,2 agreeing visits; R90 40 m,FIELD_FORCE,,
AD002516,VISIT_WITH_HINT,285.0,text only (landmark); R90 285 m,FIELD_FORCE,,
AD002517,VERIFY_FIRST,569.0,text only (locality); too uncertain to visit blind; R90 569 m,TELE_DIALER,ADDR_VERIFY_LOW_CONFIDENCE_HI,"Namaste, aapke ghar tak pahunchne ke liye thodi madad chahiye. Kripya bataiye: aapka ghar kaun si cross ya gali mein hai, sabse paas ka landmark kya hai (mandir, school, bus stop), aur aapke gate ka rang kya hai?"
AD002518,VISIT_WITH_HINT,194.0,text only (neighbours); R90 194 m,FIELD_FORCE,,
AD002519,DIRECT_VISIT,46.0,1 good visit; R90 46 m,FIELD_FORCE,,
AD002520,DIRECT_VISIT,50.0,2 agreeing visits; R90 50 m,FIELD_FORCE,,
AD002521,DIRECT_VISIT,28.0,5 agreeing visits; R90 28 m,FIELD_FORCE,,
AD002522,DIRECT_VISIT,48.0,2 agreeing visits; R90 48 m,FIELD_FORCE,,
AD002523,VISIT_WITH_HINT,293.0,text only (neighbours); R90 293 m,FIELD_FORCE,,
AD002524,VERIFY_FIRST,569.0,text only (locality); too uncertain to visit blind; R90 569 m,TELE_DIALER,ADDR_VERIFY_LOW_CONFIDENCE_KN,"Namaskara, nimma manege baralu swalpa sahaya beku. Dayavittu heli: nimma mane yaava cross athava raste alli ide, hattirada landmark yavudu (gudi, shaale, bus stop), mattu nimma gate yaava banna?"
AD002525,DIRECT_VISIT,54.0,1 good visit; R90 54 m,FIELD_FORCE,,
AD002526,DIRECT_VISIT,40.0,2 agreeing visits; R90 40 m,FIELD_FORCE,,
AD002527,VERIFY_FIRST,569.0,text only (locality); too uncertain to visit blind; R90 569 m,TELE_DIALER,ADDR_VERIFY_LOW_CONFIDENCE_HI,"Namaste, aapke ghar tak pahunchne ke liye thodi madad chahiye. Kripya bataiye: aapka ghar kaun si cross ya gali mein hai, sabse paas ka landmark kya hai (mandir, school, bus stop), aur aapke gate ka rang kya hai?"
AD002528,DIRECT_VISIT,53.0,1 good visit; R90 53 m,FIELD_FORCE,,
AD002529,VISIT_WITH_HINT,396.0,text only (landmark); R90 396 m,FIELD_FORCE,,
AD002530,DIRECT_VISIT,22.0,3 agreeing visits; R90 22 m,FIELD_FORCE,,
AD002531,DIRECT_VISIT,83.0,"visits disagree (n=2), largest cluster kept; R90 83 m",FIELD_FORCE,,
AD002532,VISIT_WITH_HINT,131.0,"visits disagree (n=1), largest cluster kept; R90 131 m",FIELD_FORCE,,
AD002533,VISIT_WITH_HINT,196.0,text only (landmark); R90 196 m,FIELD_FORCE,,
AD002534,VISIT_WITH_HINT,378.0,text only (neighbours); R90 378 m,FIELD_FORCE,,
AD002535,DIRECT_VISIT,39.0,5 agreeing visits; R90 39 m,FIELD_FORCE,,
AD002536,VISIT_WITH_HINT,120.0,text only (neighbours); R90 120 m,FIELD_FORCE,,
AD002537,DIRECT_VISIT,40.0,"visits disagree (n=2), largest cluster kept; R90 40 m",FIELD_FORCE,,
AD002538,CANNOT_GEOCODE,,outside service area,TELE_DIALER,ADDR_VERIFY_OUT_OF_AREA_KN,"Namaskara, nimma manege baralu swalpa sahaya beku. Dayavittu heli: nimma mane yaava cross athava raste alli ide, hattirada landmark yavudu (gudi, shaale, bus stop), mattu nimma gate yaava banna?"
AD002539,DIRECT_VISIT,37.0,1 good visit; R90 37 m,FIELD_FORCE,,
AD002540,DIRECT_VISIT,28.0,"visits disagree (n=5), largest cluster kept; R90 28 m",FIELD_FORCE,,
AD002541,DIRECT_VISIT,20.0,"visits disagree (n=6), largest cluster kept; R90 20 m",FIELD_FORCE,,
AD002542,VISIT_WITH_HINT,175.0,text only (neighbours); R90 175 m,FIELD_FORCE,,
AD002543,VERIFY_FIRST,569.0,text only (locality); too uncertain to visit blind; R90 569 m,TELE_DIALER,ADDR_VERIFY_LOW_CONFIDENCE_EN,"Hello, we need a little help to reach your home. Please tell us which cross or street your house is on, the nearest landmark (temple, school, bus stop), and the colour of your gate."
AD002544,DIRECT_VISIT,35.0,"visits disagree (n=2), largest cluster kept; R90 35 m",FIELD_FORCE,,
AD002545,DIRECT_VISIT,65.0,1 good visit; R90 65 m,FIELD_FORCE,,
AD002546,DIRECT_VISIT,31.0,2 agreeing visits; R90 31 m,FIELD_FORCE,,
AD002547,DIRECT_VISIT,71.0,1 good visit; R90 71 m,FIELD_FORCE,,
AD002548,DIRECT_VISIT,39.0,1 good visit; R90 39 m,FIELD_FORCE,,
AD002549,VISIT_WITH_HINT,175.0,text only (neighbours); R90 175 m,FIELD_FORCE,,
AD002550,DIRECT_VISIT,41.0,2 agreeing visits; R90 41 m,FIELD_FORCE,,
AD002551,DIRECT_VISIT,18.0,4 agreeing visits; R90 18 m,FIELD_FORCE,,
AD002552,DIRECT_VISIT,20.0,2 agreeing visits; R90 20 m,FIELD_FORCE,,
AD002553,VISIT_WITH_HINT,175.0,text only (neighbours); R90 175 m,FIELD_FORCE,,
AD002554,CANNOT_GEOCODE,,outside service area,TELE_DIALER,ADDR_VERIFY_OUT_OF_AREA_HI,"Namaste, aapke ghar tak pahunchne ke liye thodi madad chahiye. Kripya bataiye: aapka ghar kaun si cross ya gali mein hai, sabse paas ka landmark kya hai (mandir, school, bus stop), aur aapke gate ka rang kya hai?"
AD002555,DIRECT_VISIT,26.0,3 agreeing visits; R90 26 m,FIELD_FORCE,,
AD002556,VISIT_WITH_HINT,329.0,text only (landmark); R90 329 m,FIELD_FORCE,,
AD002557,VISIT_WITH_HINT,329.0,text only (landmark); R90 329 m,FIELD_FORCE,,
AD002558,VISIT_WITH_HINT,108.0,"visits disagree (n=1), largest cluster kept; R90 108 m",FIELD_FORCE,,
AD002559,VERIFY_FIRST,569.0,text only (locality); too uncertain to visit blind; R90 569 m,TELE_DIALER,ADDR_VERIFY_LOW_CONFIDENCE_KN,"Namaskara, nimma manege baralu swalpa sahaya beku. Dayavittu heli: nimma mane yaava cross athava raste alli ide, hattirada landmark yavudu (gudi, shaale, bus stop), mattu nimma gate yaava banna?"
AD002560,DIRECT_VISIT,60.0,1 good visit; R90 60 m,FIELD_FORCE,,
AD002561,VISIT_WITH_HINT,205.0,text only (landmark); R90 205 m,FIELD_FORCE,,
AD002562,DIRECT_VISIT,41.0,"visits disagree (n=2), largest cluster kept; R90 41 m",FIELD_FORCE,,
AD002563,VISIT_WITH_HINT,200.0,text only (baseline street); R90 200 m,FIELD_FORCE,,
AD002564,DIRECT_VISIT,50.0,"visits disagree (n=2), largest cluster kept; R90 50 m",FIELD_FORCE,,
AD002565,VISIT_WITH_HINT,215.0,text only (landmark); R90 215 m,FIELD_FORCE,,
AD002566,DIRECT_VISIT,19.0,8 agreeing visits; R90 19 m,FIELD_FORCE,,
AD002567,VISIT_WITH_HINT,329.0,text only (landmark); R90 329 m,FIELD_FORCE,,
AD002568,DIRECT_VISIT,36.0,4 agreeing visits; R90 36 m,FIELD_FORCE,,
AD002569,DIRECT_VISIT,45.0,1 good visit; R90 45 m,FIELD_FORCE,,
AD002570,VISIT_WITH_HINT,437.0,text only (locality); R90 437 m,FIELD_FORCE,,
AD002571,VISIT_WITH_HINT,149.0,1 good visit; R90 149 m,FIELD_FORCE,,
AD002572,VISIT_WITH_HINT,329.0,text only (landmark); R90 329 m,FIELD_FORCE,,
AD002573,VERIFY_FIRST,569.0,text only (locality); too uncertain to visit blind; R90 569 m,TELE_DIALER,ADDR_VERIFY_LOW_CONFIDENCE_KN,"Namaskara, nimma manege baralu swalpa sahaya beku. Dayavittu heli: nimma mane yaava cross athava raste alli ide, hattirada landmark yavudu (gudi, shaale, bus stop), mattu nimma gate yaava banna?"
AD002574,DIRECT_VISIT,17.0,7 agreeing visits; R90 17 m,FIELD_FORCE,,
AD002575,VISIT_WITH_HINT,276.0,text only (landmark); R90 276 m,FIELD_FORCE,,
AD002576,DIRECT_VISIT,19.0,6 agreeing visits; R90 19 m,FIELD_FORCE,,
AD002577,VISIT_WITH_HINT,237.0,text only (landmark); R90 237 m,FIELD_FORCE,,
AD002578,VISIT_WITH_HINT,175.0,text only (neighbours); R90 175 m,FIELD_FORCE,,
AD002579,DIRECT_VISIT,41.0,3 agreeing visits; R90 41 m,FIELD_FORCE,,
AD002580,VISIT_WITH_HINT,437.0,text only (locality); R90 437 m,FIELD_FORCE,,
AD002581,VISIT_WITH_HINT,333.0,text only (neighbours); R90 333 m,FIELD_FORCE,,
AD002582,DIRECT_VISIT,34.0,1 good visit; R90 34 m,FIELD_FORCE,,
AD002583,DIRECT_VISIT,30.0,5 agreeing visits; R90 30 m,FIELD_FORCE,,
AD002584,DIRECT_VISIT,51.0,1 good visit; R90 51 m,FIELD_FORCE,,
AD002585,VISIT_WITH_HINT,215.0,text only (landmark); R90 215 m,FIELD_FORCE,,
AD002586,VISIT_WITH_HINT,175.0,text only (neighbours); R90 175 m,FIELD_FORCE,,
AD002587,VISIT_WITH_HINT,286.0,text only (neighbours); R90 286 m,FIELD_FORCE,,
AD002588,DIRECT_VISIT,21.0,1 good visit; R90 21 m,FIELD_FORCE,,
AD002589,CANNOT_GEOCODE,,outside service area,TELE_DIALER,ADDR_VERIFY_OUT_OF_AREA_HI,"Namaste, aapke ghar tak pahunchne ke liye thodi madad chahiye. Kripya bataiye: aapka ghar kaun si cross ya gali mein hai, sabse paas ka landmark kya hai (mandir, school, bus stop), aur aapke gate ka rang kya hai?"
AD002590,DIRECT_VISIT,58.0,1 good visit; R90 58 m,FIELD_FORCE,,
AD002591,VISIT_WITH_HINT,149.0,text only (neighbours); R90 149 m,FIELD_FORCE,,
AD002592,VISIT_WITH_HINT,278.0,text only (neighbours); R90 278 m,FIELD_FORCE,,
AD002593,DIRECT_VISIT,27.0,3 agreeing visits; R90 27 m,FIELD_FORCE,,
AD002594,VISIT_WITH_HINT,194.0,text only (neighbours); R90 194 m,FIELD_FORCE,,
AD002595,VISIT_WITH_HINT,329.0,text only (landmark); R90 329 m,FIELD_FORCE,,
AD002596,DIRECT_VISIT,33.0,2 agreeing visits; R90 33 m,FIELD_FORCE,,
AD002597,CANNOT_GEOCODE,,outside service area,TELE_DIALER,ADDR_VERIFY_OUT_OF_AREA_EN,"Hello, we need a little help to reach your home. Please tell us which cross or street your house is on, the nearest landmark (temple, school, bus stop), and the colour of your gate."
AD002598,VISIT_WITH_HINT,271.0,text only (landmark); R90 271 m,FIELD_FORCE,,
AD002599,VISIT_WITH_HINT,228.0,text only (neighbours); R90 228 m,FIELD_FORCE,,
AD002600,VISIT_WITH_HINT,175.0,text only (neighbours); R90 175 m,FIELD_FORCE,,
AD002601,VERIFY_FIRST,569.0,text only (locality); too uncertain to visit blind; R90 569 m,TELE_DIALER,ADDR_VERIFY_LOW_CONFIDENCE_HI,"Namaste, aapke ghar tak pahunchne ke liye thodi madad chahiye. Kripya bataiye: aapka ghar kaun si cross ya gali mein hai, sabse paas ka landmark kya hai (mandir, school, bus stop), aur aapke gate ka rang kya hai?"
AD002602,VISIT_WITH_HINT,205.0,text only (landmark); R90 205 m,FIELD_FORCE,,
AD002603,DIRECT_VISIT,18.0,3 agreeing visits; R90 18 m,FIELD_FORCE,,
AD002604,CANNOT_GEOCODE,,outside service area,TELE_DIALER,ADDR_VERIFY_OUT_OF_AREA_EN,"Hello, we need a little help to reach your home. Please tell us which cross or street your house is on, the nearest landmark (temple, school, bus stop), and the colour of your gate."
AD002605,VISIT_WITH_HINT,304.0,text only (neighbours); R90 304 m,FIELD_FORCE,,
AD002606,DIRECT_VISIT,24.0,"visits disagree (n=3), largest cluster kept; R90 24 m",FIELD_FORCE,,
AD002607,VISIT_WITH_HINT,396.0,text only (landmark); R90 396 m,FIELD_FORCE,,
AD002608,VERIFY_FIRST,837.0,text only (locality); too uncertain to visit blind; R90 837 m,TELE_DIALER,ADDR_VERIFY_LOW_CONFIDENCE_KN,"Namaskara, nimma manege baralu swalpa sahaya beku. Dayavittu heli: nimma mane yaava cross athava raste alli ide, hattirada landmark yavudu (gudi, shaale, bus stop), mattu nimma gate yaava banna?"
AD002609,DIRECT_VISIT,44.0,2 agreeing visits; R90 44 m,FIELD_FORCE,,
AD002610,VISIT_WITH_HINT,149.0,text only (neighbours); R90 149 m,FIELD_FORCE,,
AD002611,VISIT_WITH_HINT,329.0,text only (landmark); R90 329 m,FIELD_FORCE,,
AD002612,VISIT_WITH_HINT,140.0,text only (neighbours); R90 140 m,FIELD_FORCE,,
AD002613,DIRECT_VISIT,37.0,1 good visit; R90 37 m,FIELD_FORCE,,
AD002614,DIRECT_VISIT,14.0,5 agreeing visits; R90 14 m,FIELD_FORCE,,
AD002615,VISIT_WITH_HINT,329.0,text only (landmark); R90 329 m,FIELD_FORCE,,
AD002616,VISIT_WITH_HINT,329.0,text only (landmark); R90 329 m,FIELD_FORCE,,
AD002617,DIRECT_VISIT,42.0,"visits disagree (n=1), largest cluster kept; R90 42 m",FIELD_FORCE,,
AD002618,DIRECT_VISIT,34.0,1 good visit; R90 34 m,FIELD_FORCE,,
AD002619,VERIFY_FIRST,569.0,text only (locality); too uncertain to visit blind; R90 569 m,TELE_DIALER,ADDR_VERIFY_LOW_CONFIDENCE_HI,"Namaste, aapke ghar tak pahunchne ke liye thodi madad chahiye. Kripya bataiye: aapka ghar kaun si cross ya gali mein hai, sabse paas ka landmark kya hai (mandir, school, bus stop), aur aapke gate ka rang kya hai?"
AD002620,VISIT_WITH_HINT,304.0,text only (neighbours); R90 304 m,FIELD_FORCE,,
AD002621,DIRECT_VISIT,30.0,"visits disagree (n=6), largest cluster kept; R90 30 m",FIELD_FORCE,,
AD002622,VISIT_WITH_HINT,279.0,text only (landmark); R90 279 m,FIELD_FORCE,,
AD002623,DIRECT_VISIT,15.0,3 agreeing visits; R90 15 m,FIELD_FORCE,,
AD002624,DIRECT_VISIT,40.0,"visits disagree (n=4), largest cluster kept; R90 40 m",FIELD_FORCE,,
AD002625,CANNOT_GEOCODE,,outside service area,TELE_DIALER,ADDR_VERIFY_OUT_OF_AREA_HI,"Namaste, aapke ghar tak pahunchne ke liye thodi madad chahiye. Kripya bataiye: aapka ghar kaun si cross ya gali mein hai, sabse paas ka landmark kya hai (mandir, school, bus stop), aur aapke gate ka rang kya hai?"
AD002626,DIRECT_VISIT,18.0,7 agreeing visits; R90 18 m,FIELD_FORCE,,
AD002627,VERIFY_FIRST,2278.0,text only (pincode area); too uncertain to visit blind; R90 2278 m,TELE_DIALER,ADDR_VERIFY_LOW_CONFIDENCE_HI,"Namaste, aapke ghar tak pahunchne ke liye thodi madad chahiye. Kripya bataiye: aapka ghar kaun si cross ya gali mein hai, sabse paas ka landmark kya hai (mandir, school, bus stop), aur aapke gate ka rang kya hai?"
AD002628,VISIT_WITH_HINT,403.0,text only (locality); R90 403 m,FIELD_FORCE,,
AD002629,VISIT_WITH_HINT,329.0,text only (landmark); R90 329 m,FIELD_FORCE,,
AD002630,CANNOT_GEOCODE,,outside service area,TELE_DIALER,ADDR_VERIFY_OUT_OF_AREA_EN,"Hello, we need a little help to reach your home. Please tell us which cross or street your house is on, the nearest landmark (temple, school, bus stop), and the colour of your gate."
AD002631,VISIT_WITH_HINT,215.0,text only (landmark); R90 215 m,FIELD_FORCE,,
AD002632,DIRECT_VISIT,40.0,2 agreeing visits; R90 40 m,FIELD_FORCE,,
AD002633,DIRECT_VISIT,22.0,5 agreeing visits; R90 22 m,FIELD_FORCE,,
AD002634,DIRECT_VISIT,63.0,1 good visit; R90 63 m,FIELD_FORCE,,
AD002635,DIRECT_VISIT,26.0,"visits disagree (n=4), largest cluster kept; R90 26 m",FIELD_FORCE,,
AD002636,DIRECT_VISIT,45.0,1 good visit; R90 45 m,FIELD_FORCE,,
AD002637,DIRECT_VISIT,40.0,"visits disagree (n=2), largest cluster kept; R90 40 m",FIELD_FORCE,,
AD002638,VERIFY_FIRST,569.0,text only (locality); too uncertain to visit blind; R90 569 m,TELE_DIALER,ADDR_VERIFY_LOW_CONFIDENCE_HI,"Namaste, aapke ghar tak pahunchne ke liye thodi madad chahiye. Kripya bataiye: aapka ghar kaun si cross ya gali mein hai, sabse paas ka landmark kya hai (mandir, school, bus stop), aur aapke gate ka rang kya hai?"
AD002639,VISIT_WITH_HINT,378.0,text only (neighbours); R90 378 m,FIELD_FORCE,,
AD002640,VISIT_WITH_HINT,120.0,text only (neighbours); R90 120 m,FIELD_FORCE,,
AD002641,DIRECT_VISIT,20.0,"visits disagree (n=3), largest cluster kept; R90 20 m",FIELD_FORCE,,
AD002642,VISIT_WITH_HINT,232.0,text only (baseline street); R90 232 m,FIELD_FORCE,,
AD002643,VISIT_WITH_HINT,329.0,text only (landmark); R90 329 m,FIELD_FORCE,,
AD002644,CANNOT_GEOCODE,,outside service area,TELE_DIALER,ADDR_VERIFY_OUT_OF_AREA_EN,"Hello, we need a little help to reach your home. Please tell us which cross or street your house is on, the nearest landmark (temple, school, bus stop), and the colour of your gate."
AD002645,DIRECT_VISIT,25.0,2 agreeing visits; R90 25 m,FIELD_FORCE,,
AD002646,CANNOT_GEOCODE,,outside service area,TELE_DIALER,ADDR_VERIFY_OUT_OF_AREA_EN,"Hello, we need a little help to reach your home. Please tell us which cross or street your house is on, the nearest landmark (temple, school, bus stop), and the colour of your gate."
AD002647,VISIT_WITH_HINT,396.0,text only (landmark); R90 396 m,FIELD_FORCE,,
AD002648,VISIT_WITH_HINT,278.0,text only (neighbours); R90 278 m,FIELD_FORCE,,
AD002649,VISIT_WITH_HINT,237.0,text only (landmark); R90 237 m,FIELD_FORCE,,
AD002650,DIRECT_VISIT,28.0,3 agreeing visits; R90 28 m,FIELD_FORCE,,
AD002651,DIRECT_VISIT,43.0,1 good visit; R90 43 m,FIELD_FORCE,,
AD002652,DIRECT_VISIT,55.0,2 agreeing visits; R90 55 m,FIELD_FORCE,,
AD002653,VISIT_WITH_HINT,215.0,text only (landmark); R90 215 m,FIELD_FORCE,,
AD002654,DIRECT_VISIT,41.0,1 good visit; R90 41 m,FIELD_FORCE,,
AD002655,DIRECT_VISIT,68.0,3 agreeing visits; R90 68 m,FIELD_FORCE,,
AD002656,DIRECT_VISIT,69.0,1 good visit; R90 69 m,FIELD_FORCE,,
AD002657,VISIT_WITH_HINT,372.0,text only (neighbours); R90 372 m,FIELD_FORCE,,
AD002658,VISIT_WITH_HINT,149.0,text only (neighbours); R90 149 m,FIELD_FORCE,,
AD002659,VISIT_WITH_HINT,234.0,text only (landmark); R90 234 m,FIELD_FORCE,,
AD002660,VISIT_WITH_HINT,329.0,text only (landmark); R90 329 m,FIELD_FORCE,,
AD002661,DIRECT_VISIT,18.0,9 agreeing visits; R90 18 m,FIELD_FORCE,,
AD002662,VISIT_WITH_HINT,333.0,text only (neighbours); R90 333 m,FIELD_FORCE,,
AD002663,DIRECT_VISIT,36.0,"visits disagree (n=3), largest cluster kept; R90 36 m",FIELD_FORCE,,
AD002664,DIRECT_VISIT,31.0,"visits disagree (n=4), largest cluster kept; R90 31 m",FIELD_FORCE,,
AD002665,DIRECT_VISIT,39.0,2 agreeing visits; R90 39 m,FIELD_FORCE,,
AD002666,VISIT_WITH_HINT,396.0,text only (landmark); R90 396 m,FIELD_FORCE,,
AD002667,DIRECT_VISIT,32.0,"visits disagree (n=1), largest cluster kept; R90 32 m",FIELD_FORCE,,
AD002668,VISIT_WITH_HINT,329.0,text only (landmark); R90 329 m,FIELD_FORCE,,
AD002669,DIRECT_VISIT,27.0,2 agreeing visits; R90 27 m,FIELD_FORCE,,
AD002670,DIRECT_VISIT,26.0,1 good visit; R90 26 m,FIELD_FORCE,,
AD002671,VISIT_WITH_HINT,137.0,1 good visit; R90 137 m,FIELD_FORCE,,
AD002672,VISIT_WITH_HINT,133.0,text only (neighbours); R90 133 m,FIELD_FORCE,,
AD002673,DIRECT_VISIT,52.0,7 agreeing visits; R90 52 m,FIELD_FORCE,,
AD002674,VISIT_WITH_HINT,396.0,text only (landmark); R90 396 m,FIELD_FORCE,,
AD002675,DIRECT_VISIT,26.0,4 agreeing visits; R90 26 m,FIELD_FORCE,,
AD002676,DIRECT_VISIT,20.0,6 agreeing visits; R90 20 m,FIELD_FORCE,,
AD002677,CANNOT_GEOCODE,,outside service area,TELE_DIALER,ADDR_VERIFY_OUT_OF_AREA_KN,"Namaskara, nimma manege baralu swalpa sahaya beku. Dayavittu heli: nimma mane yaava cross athava raste alli ide, hattirada landmark yavudu (gudi, shaale, bus stop), mattu nimma gate yaava banna?"
AD002678,VISIT_WITH_HINT,194.0,text only (neighbours); R90 194 m,FIELD_FORCE,,
AD002679,CANNOT_GEOCODE,,outside service area,TELE_DIALER,ADDR_VERIFY_OUT_OF_AREA_HI,"Namaste, aapke ghar tak pahunchne ke liye thodi madad chahiye. Kripya bataiye: aapka ghar kaun si cross ya gali mein hai, sabse paas ka landmark kya hai (mandir, school, bus stop), aur aapke gate ka rang kya hai?"
AD002680,VISIT_WITH_HINT,396.0,text only (landmark); R90 396 m,FIELD_FORCE,,
AD002681,DIRECT_VISIT,47.0,1 good visit; R90 47 m,FIELD_FORCE,,
AD002682,VISIT_WITH_HINT,199.0,text only (landmark); R90 199 m,FIELD_FORCE,,
AD002683,VISIT_WITH_HINT,255.0,text only (baseline street); R90 255 m,FIELD_FORCE,,
AD002684,VISIT_WITH_HINT,175.0,text only (neighbours); R90 175 m,FIELD_FORCE,,
AD002685,VISIT_WITH_HINT,177.0,"visits disagree (n=1), largest cluster kept; R90 177 m",FIELD_FORCE,,
AD002686,CANNOT_GEOCODE,,outside service area,TELE_DIALER,ADDR_VERIFY_OUT_OF_AREA_HI,"Namaste, aapke ghar tak pahunchne ke liye thodi madad chahiye. Kripya bataiye: aapka ghar kaun si cross ya gali mein hai, sabse paas ka landmark kya hai (mandir, school, bus stop), aur aapke gate ka rang kya hai?"
AD002687,DIRECT_VISIT,37.0,1 good visit; R90 37 m,FIELD_FORCE,,
AD002688,DIRECT_VISIT,31.0,2 agreeing visits; R90 31 m,FIELD_FORCE,,
AD002689,VISIT_WITH_HINT,329.0,text only (landmark); R90 329 m,FIELD_FORCE,,
AD002690,DIRECT_VISIT,16.0,3 agreeing visits; R90 16 m,FIELD_FORCE,,
AD002691,DIRECT_VISIT,26.0,"visits disagree (n=5), largest cluster kept; R90 26 m",FIELD_FORCE,,
AD002692,VISIT_WITH_HINT,194.0,text only (neighbours); R90 194 m,FIELD_FORCE,,
AD002693,VISIT_WITH_HINT,285.0,text only (landmark); R90 285 m,FIELD_FORCE,,
AD002694,VISIT_WITH_HINT,396.0,text only (landmark); R90 396 m,FIELD_FORCE,,
AD002695,VISIT_WITH_HINT,226.0,text only (baseline street); R90 226 m,FIELD_FORCE,,
AD002696,DIRECT_VISIT,31.0,"visits disagree (n=5), largest cluster kept; R90 31 m",FIELD_FORCE,,
AD002697,DIRECT_VISIT,64.0,1 good visit; R90 64 m,FIELD_FORCE,,
AD002698,VISIT_WITH_HINT,255.0,text only (baseline street); R90 255 m,FIELD_FORCE,,
AD002699,VISIT_WITH_HINT,387.0,text only (neighbours); R90 387 m,FIELD_FORCE,,
AD002700,VISIT_WITH_HINT,191.0,text only (landmark); R90 191 m,FIELD_FORCE,,
AD002701,DIRECT_VISIT,21.0,2 agreeing visits; R90 21 m,FIELD_FORCE,,
AD002702,DIRECT_VISIT,57.0,1 good visit; R90 57 m,FIELD_FORCE,,
AD002703,VISIT_WITH_HINT,239.0,text only (baseline street); R90 239 m,FIELD_FORCE,,
AD002704,DIRECT_VISIT,23.0,1 good visit; R90 23 m,FIELD_FORCE,,
AD002705,VISIT_WITH_HINT,378.0,text only (neighbours); R90 378 m,FIELD_FORCE,,
AD002706,DIRECT_VISIT,36.0,1 good visit; R90 36 m,FIELD_FORCE,,
AD002707,DIRECT_VISIT,42.0,5 agreeing visits; R90 42 m,FIELD_FORCE,,
AD002708,DIRECT_VISIT,29.0,3 agreeing visits; R90 29 m,FIELD_FORCE,,
AD002709,DIRECT_VISIT,35.0,1 good visit; R90 35 m,FIELD_FORCE,,
AD002710,VISIT_WITH_HINT,329.0,text only (landmark); R90 329 m,FIELD_FORCE,,
AD002711,DIRECT_VISIT,27.0,"visits disagree (n=3), largest cluster kept; R90 27 m",FIELD_FORCE,,
AD002712,DIRECT_VISIT,28.0,5 agreeing visits; R90 28 m,FIELD_FORCE,,
AD002713,VISIT_WITH_HINT,275.0,text only (neighbours); R90 275 m,FIELD_FORCE,,
AD002714,VISIT_WITH_HINT,293.0,text only (neighbours); R90 293 m,FIELD_FORCE,,
AD002715,VERIFY_FIRST,569.0,text only (locality); too uncertain to visit blind; R90 569 m,TELE_DIALER,ADDR_VERIFY_LOW_CONFIDENCE_KN,"Namaskara, nimma manege baralu swalpa sahaya beku. Dayavittu heli: nimma mane yaava cross athava raste alli ide, hattirada landmark yavudu (gudi, shaale, bus stop), mattu nimma gate yaava banna?"
AD002716,VISIT_WITH_HINT,396.0,text only (landmark); R90 396 m,FIELD_FORCE,,
AD002717,VERIFY_FIRST,569.0,text only (locality); too uncertain to visit blind; R90 569 m,TELE_DIALER,ADDR_VERIFY_LOW_CONFIDENCE_HI,"Namaste, aapke ghar tak pahunchne ke liye thodi madad chahiye. Kripya bataiye: aapka ghar kaun si cross ya gali mein hai, sabse paas ka landmark kya hai (mandir, school, bus stop), aur aapke gate ka rang kya hai?"
AD002718,VISIT_WITH_HINT,194.0,text only (neighbours); R90 194 m,FIELD_FORCE,,
AD002719,DIRECT_VISIT,51.0,1 good visit; R90 51 m,FIELD_FORCE,,
AD002720,DIRECT_VISIT,26.0,"visits disagree (n=2), largest cluster kept; R90 26 m",FIELD_FORCE,,
AD002721,VISIT_WITH_HINT,329.0,text only (landmark); R90 329 m,FIELD_FORCE,,
AD002722,DIRECT_VISIT,93.0,"visits disagree (n=1), largest cluster kept; R90 93 m",FIELD_FORCE,,
AD002723,VISIT_WITH_HINT,148.0,"visits disagree (n=1), largest cluster kept; R90 148 m",FIELD_FORCE,,
AD002724,DIRECT_VISIT,19.0,1 good visit; R90 19 m,FIELD_FORCE,,
AD002725,VISIT_WITH_HINT,368.0,text only (neighbours); R90 368 m,FIELD_FORCE,,
AD002726,VERIFY_FIRST,569.0,text only (locality); too uncertain to visit blind; R90 569 m,TELE_DIALER,ADDR_VERIFY_LOW_CONFIDENCE_EN,"Hello, we need a little help to reach your home. Please tell us which cross or street your house is on, the nearest landmark (temple, school, bus stop), and the colour of your gate."
AD002727,DIRECT_VISIT,60.0,1 good visit; R90 60 m,FIELD_FORCE,,
AD002728,DIRECT_VISIT,68.0,5 agreeing visits; R90 68 m,FIELD_FORCE,,
AD002729,VERIFY_FIRST,569.0,text only (locality); too uncertain to visit blind; R90 569 m,TELE_DIALER,ADDR_VERIFY_LOW_CONFIDENCE_KN,"Namaskara, nimma manege baralu swalpa sahaya beku. Dayavittu heli: nimma mane yaava cross athava raste alli ide, hattirada landmark yavudu (gudi, shaale, bus stop), mattu nimma gate yaava banna?"
AD002730,DIRECT_VISIT,54.0,1 good visit; R90 54 m,FIELD_FORCE,,
AD002731,DIRECT_VISIT,13.0,4 agreeing visits; R90 13 m,FIELD_FORCE,,
AD002732,VISIT_WITH_HINT,329.0,text only (landmark); R90 329 m,FIELD_FORCE,,
AD002733,VERIFY_FIRST,569.0,text only (locality); too uncertain to visit blind; R90 569 m,TELE_DIALER,ADDR_VERIFY_LOW_CONFIDENCE_HI,"Namaste, aapke ghar tak pahunchne ke liye thodi madad chahiye. Kripya bataiye: aapka ghar kaun si cross ya gali mein hai, sabse paas ka landmark kya hai (mandir, school, bus stop), aur aapke gate ka rang kya hai?"
AD002734,VISIT_WITH_HINT,271.0,text only (landmark); R90 271 m,FIELD_FORCE,,
AD002735,DIRECT_VISIT,35.0,"visits disagree (n=2), largest cluster kept; R90 35 m",FIELD_FORCE,,
AD002736,VISIT_WITH_HINT,329.0,text only (landmark); R90 329 m,FIELD_FORCE,,
AD002737,DIRECT_VISIT,35.0,5 agreeing visits; R90 35 m,FIELD_FORCE,,
AD002738,VISIT_WITH_HINT,329.0,text only (landmark); R90 329 m,FIELD_FORCE,,
AD002739,VISIT_WITH_HINT,329.0,text only (landmark); R90 329 m,FIELD_FORCE,,
AD002740,VERIFY_FIRST,569.0,text only (locality); too uncertain to visit blind; R90 569 m,TELE_DIALER,ADDR_VERIFY_LOW_CONFIDENCE_EN,"Hello, we need a little help to reach your home. Please tell us which cross or street your house is on, the nearest landmark (temple, school, bus stop), and the colour of your gate."
AD002741,DIRECT_VISIT,42.0,1 good visit; R90 42 m,FIELD_FORCE,,
AD002742,VISIT_WITH_HINT,296.0,text only (landmark); R90 296 m,FIELD_FORCE,,
AD002743,VISIT_WITH_HINT,329.0,text only (landmark); R90 329 m,FIELD_FORCE,,
AD002744,DIRECT_VISIT,48.0,2 agreeing visits; R90 48 m,FIELD_FORCE,,
AD002745,CANNOT_GEOCODE,,outside service area,TELE_DIALER,ADDR_VERIFY_OUT_OF_AREA_KN,"Namaskara, nimma manege baralu swalpa sahaya beku. Dayavittu heli: nimma mane yaava cross athava raste alli ide, hattirada landmark yavudu (gudi, shaale, bus stop), mattu nimma gate yaava banna?"
AD002746,VISIT_WITH_HINT,133.0,text only (neighbours); R90 133 m,FIELD_FORCE,,
AD002747,CANNOT_GEOCODE,,outside service area,TELE_DIALER,ADDR_VERIFY_OUT_OF_AREA_KN,"Namaskara, nimma manege baralu swalpa sahaya beku. Dayavittu heli: nimma mane yaava cross athava raste alli ide, hattirada landmark yavudu (gudi, shaale, bus stop), mattu nimma gate yaava banna?"
AD002748,DIRECT_VISIT,30.0,6 agreeing visits; R90 30 m,FIELD_FORCE,,
AD002749,DIRECT_VISIT,43.0,1 good visit; R90 43 m,FIELD_FORCE,,
AD002750,DIRECT_VISIT,39.0,1 good visit; R90 39 m,FIELD_FORCE,,
AD002751,DIRECT_VISIT,21.0,"visits disagree (n=5), largest cluster kept; R90 21 m",FIELD_FORCE,,
AD002752,VISIT_WITH_HINT,329.0,text only (landmark); R90 329 m,FIELD_FORCE,,
AD002753,VISIT_WITH_HINT,175.0,text only (neighbours); R90 175 m,FIELD_FORCE,,
AD002754,VISIT_WITH_HINT,175.0,text only (neighbours); R90 175 m,FIELD_FORCE,,
AD002755,DIRECT_VISIT,29.0,1 good visit; R90 29 m,FIELD_FORCE,,
AD002756,DIRECT_VISIT,40.0,3 agreeing visits; R90 40 m,FIELD_FORCE,,
AD002757,DIRECT_VISIT,12.0,5 agreeing visits; R90 12 m,FIELD_FORCE,,
AD002758,VISIT_WITH_HINT,229.0,text only (neighbours); R90 229 m,FIELD_FORCE,,
AD002759,VERIFY_FIRST,569.0,text only (locality); too uncertain to visit blind; R90 569 m,TELE_DIALER,ADDR_VERIFY_LOW_CONFIDENCE_EN,"Hello, we need a little help to reach your home. Please tell us which cross or street your house is on, the nearest landmark (temple, school, bus stop), and the colour of your gate."
AD002760,VISIT_WITH_HINT,175.0,text only (neighbours); R90 175 m,FIELD_FORCE,,
AD002761,DIRECT_VISIT,75.0,1 good visit; R90 75 m,FIELD_FORCE,,
AD002762,DIRECT_VISIT,52.0,1 good visit; R90 52 m,FIELD_FORCE,,
AD002763,DIRECT_VISIT,41.0,3 agreeing visits; R90 41 m,FIELD_FORCE,,
AD002764,VISIT_WITH_HINT,396.0,"visits disagree (n=1), largest cluster kept; R90 396 m",FIELD_FORCE,,
AD002765,DIRECT_VISIT,44.0,1 good visit; R90 44 m,FIELD_FORCE,,
AD002766,DIRECT_VISIT,26.0,2 agreeing visits; R90 26 m,FIELD_FORCE,,
AD002767,VERIFY_FIRST,9110.0,text only (pincode area); too uncertain to visit blind; R90 9110 m,TELE_DIALER,ADDR_VERIFY_NOT_TRACEABLE_HI,"Namaste, aapke ghar tak pahunchne ke liye thodi madad chahiye. Kripya bataiye: aapka ghar kaun si cross ya gali mein hai, sabse paas ka landmark kya hai (mandir, school, bus stop), aur aapke gate ka rang kya hai?"
AD002768,VISIT_WITH_HINT,149.0,text only (neighbours); R90 149 m,FIELD_FORCE,,
AD002769,VERIFY_FIRST,569.0,text only (locality); too uncertain to visit blind; R90 569 m,TELE_DIALER,ADDR_VERIFY_LOW_CONFIDENCE_KN,"Namaskara, nimma manege baralu swalpa sahaya beku. Dayavittu heli: nimma mane yaava cross athava raste alli ide, hattirada landmark yavudu (gudi, shaale, bus stop), mattu nimma gate yaava banna?"
AD002770,VERIFY_FIRST,556.0,text only (neighbours); too uncertain to visit blind; R90 556 m,TELE_DIALER,ADDR_VERIFY_LOW_CONFIDENCE_HI,"Namaste, aapke ghar tak pahunchne ke liye thodi madad chahiye. Kripya bataiye: aapka ghar kaun si cross ya gali mein hai, sabse paas ka landmark kya hai (mandir, school, bus stop), aur aapke gate ka rang kya hai?"
AD002771,DIRECT_VISIT,23.0,"visits disagree (n=4), largest cluster kept; R90 23 m",FIELD_FORCE,,
AD002772,DIRECT_VISIT,17.0,5 agreeing visits; R90 17 m,FIELD_FORCE,,
AD002773,VERIFY_FIRST,569.0,text only (locality); too uncertain to visit blind; R90 569 m,TELE_DIALER,ADDR_VERIFY_LOW_CONFIDENCE_KN,"Namaskara, nimma manege baralu swalpa sahaya beku. Dayavittu heli: nimma mane yaava cross athava raste alli ide, hattirada landmark yavudu (gudi, shaale, bus stop), mattu nimma gate yaava banna?"
AD002774,VERIFY_FIRST,569.0,text only (locality); too uncertain to visit blind; R90 569 m,TELE_DIALER,ADDR_VERIFY_LOW_CONFIDENCE_KN,"Namaskara, nimma manege baralu swalpa sahaya beku. Dayavittu heli: nimma mane yaava cross athava raste alli ide, hattirada landmark yavudu (gudi, shaale, bus stop), mattu nimma gate yaava banna?"
AD002775,VERIFY_FIRST,569.0,text only (locality); too uncertain to visit blind; R90 569 m,TELE_DIALER,ADDR_VERIFY_LOW_CONFIDENCE_KN,"Namaskara, nimma manege baralu swalpa sahaya beku. Dayavittu heli: nimma mane yaava cross athava raste alli ide, hattirada landmark yavudu (gudi, shaale, bus stop), mattu nimma gate yaava banna?"
AD002776,VISIT_WITH_HINT,329.0,text only (landmark); R90 329 m,FIELD_FORCE,,
AD002777,VISIT_WITH_HINT,255.0,text only (baseline street); R90 255 m,FIELD_FORCE,,
AD002778,DIRECT_VISIT,37.0,1 good visit; R90 37 m,FIELD_FORCE,,
AD002779,VISIT_WITH_HINT,329.0,text only (landmark); R90 329 m,FIELD_FORCE,,
AD002780,CANNOT_GEOCODE,,outside service area,TELE_DIALER,ADDR_VERIFY_OUT_OF_AREA_KN,"Namaskara, nimma manege baralu swalpa sahaya beku. Dayavittu heli: nimma mane yaava cross athava raste alli ide, hattirada landmark yavudu (gudi, shaale, bus stop), mattu nimma gate yaava banna?"
AD002781,VERIFY_FIRST,569.0,text only (locality); too uncertain to visit blind; R90 569 m,TELE_DIALER,ADDR_VERIFY_LOW_CONFIDENCE_KN,"Namaskara, nimma manege baralu swalpa sahaya beku. Dayavittu heli: nimma mane yaava cross athava raste alli ide, hattirada landmark yavudu (gudi, shaale, bus stop), mattu nimma gate yaava banna?"
AD002782,VERIFY_FIRST,569.0,text only (locality); too uncertain to visit blind; R90 569 m,TELE_DIALER,ADDR_VERIFY_LOW_CONFIDENCE_HI,"Namaste, aapke ghar tak pahunchne ke liye thodi madad chahiye. Kripya bataiye: aapka ghar kaun si cross ya gali mein hai, sabse paas ka landmark kya hai (mandir, school, bus stop), aur aapke gate ka rang kya hai?"
AD002783,VISIT_WITH_HINT,483.0,text only (landmark); R90 483 m,FIELD_FORCE,,
AD002784,DIRECT_VISIT,51.0,"visits disagree (n=1), largest cluster kept; R90 51 m",FIELD_FORCE,,
AD002785,VISIT_WITH_HINT,194.0,text only (neighbours); R90 194 m,FIELD_FORCE,,
AD002786,VISIT_WITH_HINT,329.0,text only (landmark); R90 329 m,FIELD_FORCE,,
AD002787,VISIT_WITH_HINT,329.0,text only (landmark); R90 329 m,FIELD_FORCE,,
AD002788,DIRECT_VISIT,36.0,1 good visit; R90 36 m,FIELD_FORCE,,
AD002789,VISIT_WITH_HINT,194.0,text only (neighbours); R90 194 m,FIELD_FORCE,,
AD002790,CANNOT_GEOCODE,,outside service area,TELE_DIALER,ADDR_VERIFY_OUT_OF_AREA_HI,"Namaste, aapke ghar tak pahunchne ke liye thodi madad chahiye. Kripya bataiye: aapka ghar kaun si cross ya gali mein hai, sabse paas ka landmark kya hai (mandir, school, bus stop), aur aapke gate ka rang kya hai?"
AD002791,DIRECT_VISIT,80.0,1 good visit; R90 80 m,FIELD_FORCE,,
AD002792,DIRECT_VISIT,61.0,1 good visit; R90 61 m,FIELD_FORCE,,
AD002793,DIRECT_VISIT,60.0,1 good visit; R90 60 m,FIELD_FORCE,,
AD002794,DIRECT_VISIT,16.0,7 agreeing visits; R90 16 m,FIELD_FORCE,,
AD002795,VISIT_WITH_HINT,133.0,text only (neighbours); R90 133 m,FIELD_FORCE,,
AD002796,DIRECT_VISIT,59.0,"visits disagree (n=1), largest cluster kept; R90 59 m",FIELD_FORCE,,
AD002797,CANNOT_GEOCODE,,outside service area,TELE_DIALER,ADDR_VERIFY_OUT_OF_AREA_HI,"Namaste, aapke ghar tak pahunchne ke liye thodi madad chahiye. Kripya bataiye: aapka ghar kaun si cross ya gali mein hai, sabse paas ka landmark kya hai (mandir, school, bus stop), aur aapke gate ka rang kya hai?"
AD002798,DIRECT_VISIT,44.0,2 agreeing visits; R90 44 m,FIELD_FORCE,,
AD002799,DIRECT_VISIT,25.0,4 agreeing visits; R90 25 m,FIELD_FORCE,,
AD002800,VISIT_WITH_HINT,149.0,text only (neighbours); R90 149 m,FIELD_FORCE,,
AD002801,DIRECT_VISIT,27.0,2 agreeing visits; R90 27 m,FIELD_FORCE,,
AD002802,DIRECT_VISIT,22.0,4 agreeing visits; R90 22 m,FIELD_FORCE,,
AD002803,VISIT_WITH_HINT,329.0,text only (landmark); R90 329 m,FIELD_FORCE,,
AD002804,VERIFY_FIRST,569.0,text only (locality); too uncertain to visit blind; R90 569 m,TELE_DIALER,ADDR_VERIFY_LOW_CONFIDENCE_EN,"Hello, we need a little help to reach your home. Please tell us which cross or street your house is on, the nearest landmark (temple, school, bus stop), and the colour of your gate."
AD002805,CANNOT_GEOCODE,,outside service area,TELE_DIALER,ADDR_VERIFY_OUT_OF_AREA_EN,"Hello, we need a little help to reach your home. Please tell us which cross or street your house is on, the nearest landmark (temple, school, bus stop), and the colour of your gate."
AD002806,DIRECT_VISIT,30.0,5 agreeing visits; R90 30 m,FIELD_FORCE,,
AD002807,DIRECT_VISIT,36.0,1 good visit; R90 36 m,FIELD_FORCE,,
AD002808,DIRECT_VISIT,39.0,"visits disagree (n=3), largest cluster kept; R90 39 m",FIELD_FORCE,,
AD002809,DIRECT_VISIT,40.0,2 agreeing visits; R90 40 m,FIELD_FORCE,,
AD002810,CANNOT_GEOCODE,,outside service area,TELE_DIALER,ADDR_VERIFY_OUT_OF_AREA_KN,"Namaskara, nimma manege baralu swalpa sahaya beku. Dayavittu heli: nimma mane yaava cross athava raste alli ide, hattirada landmark yavudu (gudi, shaale, bus stop), mattu nimma gate yaava banna?"
AD002811,DIRECT_VISIT,62.0,1 good visit; R90 62 m,FIELD_FORCE,,
AD002812,DIRECT_VISIT,22.0,4 agreeing visits; R90 22 m,FIELD_FORCE,,
AD002813,DIRECT_VISIT,38.0,1 good visit; R90 38 m,FIELD_FORCE,,
AD002814,DIRECT_VISIT,12.0,"visits disagree (n=5), largest cluster kept; R90 12 m",FIELD_FORCE,,
AD002815,VISIT_WITH_HINT,396.0,text only (landmark); R90 396 m,FIELD_FORCE,,
AD002816,VISIT_WITH_HINT,396.0,text only (landmark); R90 396 m,FIELD_FORCE,,
AD002817,VISIT_WITH_HINT,329.0,text only (landmark); R90 329 m,FIELD_FORCE,,
AD002818,VISIT_WITH_HINT,163.0,"visits disagree (n=1), largest cluster kept; R90 163 m",FIELD_FORCE,,
AD002819,DIRECT_VISIT,35.0,"visits disagree (n=4), largest cluster kept; R90 35 m",FIELD_FORCE,,
AD002820,DIRECT_VISIT,24.0,4 agreeing visits; R90 24 m,FIELD_FORCE,,
AD002821,DIRECT_VISIT,41.0,"visits disagree (n=6), largest cluster kept; R90 41 m",FIELD_FORCE,,
AD002822,VISIT_WITH_HINT,197.0,text only (baseline street); R90 197 m,FIELD_FORCE,,
AD002823,VERIFY_FIRST,569.0,text only (locality); too uncertain to visit blind; R90 569 m,TELE_DIALER,ADDR_VERIFY_LOW_CONFIDENCE_HI,"Namaste, aapke ghar tak pahunchne ke liye thodi madad chahiye. Kripya bataiye: aapka ghar kaun si cross ya gali mein hai, sabse paas ka landmark kya hai (mandir, school, bus stop), aur aapke gate ka rang kya hai?"
AD002824,VISIT_WITH_HINT,329.0,text only (landmark); R90 329 m,FIELD_FORCE,,
AD002825,DIRECT_VISIT,32.0,2 agreeing visits; R90 32 m,FIELD_FORCE,,
AD002826,VISIT_WITH_HINT,296.0,text only (landmark); R90 296 m,FIELD_FORCE,,
AD002827,VISIT_WITH_HINT,329.0,text only (landmark); R90 329 m,FIELD_FORCE,,
AD002828,DIRECT_VISIT,35.0,1 good visit; R90 35 m,FIELD_FORCE,,
AD002829,DIRECT_VISIT,62.0,1 good visit; R90 62 m,FIELD_FORCE,,
AD002830,VISIT_WITH_HINT,234.0,text only (landmark); R90 234 m,FIELD_FORCE,,
AD002831,VISIT_WITH_HINT,279.0,text only (landmark); R90 279 m,FIELD_FORCE,,
AD002832,DIRECT_VISIT,22.0,3 agreeing visits; R90 22 m,FIELD_FORCE,,
AD002833,DIRECT_VISIT,66.0,1 good visit; R90 66 m,FIELD_FORCE,,
AD002834,VISIT_WITH_HINT,396.0,text only (landmark); R90 396 m,FIELD_FORCE,,
AD002835,VERIFY_FIRST,569.0,text only (locality); too uncertain to visit blind; R90 569 m,TELE_DIALER,ADDR_VERIFY_LOW_CONFIDENCE_KN,"Namaskara, nimma manege baralu swalpa sahaya beku. Dayavittu heli: nimma mane yaava cross athava raste alli ide, hattirada landmark yavudu (gudi, shaale, bus stop), mattu nimma gate yaava banna?"
AD002836,VISIT_WITH_HINT,396.0,text only (landmark); R90 396 m,FIELD_FORCE,,
AD002837,VISIT_WITH_HINT,133.0,text only (neighbours); R90 133 m,FIELD_FORCE,,
AD002838,VISIT_WITH_HINT,199.0,text only (landmark); R90 199 m,FIELD_FORCE,,
AD002839,VERIFY_FIRST,569.0,text only (locality); too uncertain to visit blind; R90 569 m,TELE_DIALER,ADDR_VERIFY_LOW_CONFIDENCE_HI,"Namaste, aapke ghar tak pahunchne ke liye thodi madad chahiye. Kripya bataiye: aapka ghar kaun si cross ya gali mein hai, sabse paas ka landmark kya hai (mandir, school, bus stop), aur aapke gate ka rang kya hai?"
AD002840,VERIFY_FIRST,569.0,text only (locality); too uncertain to visit blind; R90 569 m,TELE_DIALER,ADDR_VERIFY_LOW_CONFIDENCE_HI,"Namaste, aapke ghar tak pahunchne ke liye thodi madad chahiye. Kripya bataiye: aapka ghar kaun si cross ya gali mein hai, sabse paas ka landmark kya hai (mandir, school, bus stop), aur aapke gate ka rang kya hai?"
AD002841,DIRECT_VISIT,27.0,2 agreeing visits; R90 27 m,FIELD_FORCE,,
AD002842,DIRECT_VISIT,47.0,1 good visit; R90 47 m,FIELD_FORCE,,
AD002843,VISIT_WITH_HINT,229.0,text only (baseline street); R90 229 m,FIELD_FORCE,,
AD002844,VERIFY_FIRST,569.0,text only (locality); too uncertain to visit blind; R90 569 m,TELE_DIALER,ADDR_VERIFY_LOW_CONFIDENCE_HI,"Namaste, aapke ghar tak pahunchne ke liye thodi madad chahiye. Kripya bataiye: aapka ghar kaun si cross ya gali mein hai, sabse paas ka landmark kya hai (mandir, school, bus stop), aur aapke gate ka rang kya hai?"
AD002845,VISIT_WITH_HINT,255.0,text only (baseline street); R90 255 m,FIELD_FORCE,,
AD002846,VERIFY_FIRST,569.0,text only (locality); too uncertain to visit blind; R90 569 m,TELE_DIALER,ADDR_VERIFY_LOW_CONFIDENCE_HI,"Namaste, aapke ghar tak pahunchne ke liye thodi madad chahiye. Kripya bataiye: aapka ghar kaun si cross ya gali mein hai, sabse paas ka landmark kya hai (mandir, school, bus stop), aur aapke gate ka rang kya hai?"
AD002847,VISIT_WITH_HINT,175.0,text only (neighbours); R90 175 m,FIELD_FORCE,,
AD002848,DIRECT_VISIT,23.0,"visits disagree (n=4), largest cluster kept; R90 23 m",FIELD_FORCE,,
AD002849,DIRECT_VISIT,32.0,"visits disagree (n=5), largest cluster kept; R90 32 m",FIELD_FORCE,,
AD002850,VISIT_WITH_HINT,255.0,text only (baseline street); R90 255 m,FIELD_FORCE,,
AD002851,VISIT_WITH_HINT,205.0,text only (landmark); R90 205 m,FIELD_FORCE,,
AD002852,DIRECT_VISIT,75.0,1 good visit; R90 75 m,FIELD_FORCE,,
AD002853,VISIT_WITH_HINT,437.0,text only (locality); R90 437 m,FIELD_FORCE,,
AD002854,VISIT_WITH_HINT,272.0,text only (landmark); R90 272 m,FIELD_FORCE,,
AD002855,VISIT_WITH_HINT,329.0,text only (landmark); R90 329 m,FIELD_FORCE,,
AD002856,VISIT_WITH_HINT,396.0,text only (landmark); R90 396 m,FIELD_FORCE,,
AD002857,VISIT_WITH_HINT,286.0,text only (neighbours); R90 286 m,FIELD_FORCE,,
AD002858,DIRECT_VISIT,13.0,9 agreeing visits; R90 13 m,FIELD_FORCE,,
AD002859,VERIFY_FIRST,569.0,text only (locality); too uncertain to visit blind; R90 569 m,TELE_DIALER,ADDR_VERIFY_LOW_CONFIDENCE_HI,"Namaste, aapke ghar tak pahunchne ke liye thodi madad chahiye. Kripya bataiye: aapka ghar kaun si cross ya gali mein hai, sabse paas ka landmark kya hai (mandir, school, bus stop), aur aapke gate ka rang kya hai?"
AD002860,VISIT_WITH_HINT,278.0,text only (neighbours); R90 278 m,FIELD_FORCE,,
AD002861,DIRECT_VISIT,38.0,1 good visit; R90 38 m,FIELD_FORCE,,
AD002862,DIRECT_VISIT,34.0,3 agreeing visits; R90 34 m,FIELD_FORCE,,
AD002863,VISIT_WITH_HINT,175.0,text only (neighbours); R90 175 m,FIELD_FORCE,,
AD002864,DIRECT_VISIT,73.0,1 good visit; R90 73 m,FIELD_FORCE,,
AD002865,DIRECT_VISIT,34.0,1 good visit; R90 34 m,FIELD_FORCE,,
AD002866,DIRECT_VISIT,26.0,1 good visit; R90 26 m,FIELD_FORCE,,
AD002867,DIRECT_VISIT,13.0,6 agreeing visits; R90 13 m,FIELD_FORCE,,
AD002868,VISIT_WITH_HINT,329.0,text only (landmark); R90 329 m,FIELD_FORCE,,
AD002869,VISIT_WITH_HINT,175.0,text only (neighbours); R90 175 m,FIELD_FORCE,,
AD002870,DIRECT_VISIT,17.0,7 agreeing visits; R90 17 m,FIELD_FORCE,,
AD002871,VISIT_WITH_HINT,161.0,text only (neighbours); R90 161 m,FIELD_FORCE,,
AD002872,DIRECT_VISIT,29.0,"visits disagree (n=3), largest cluster kept; R90 29 m",FIELD_FORCE,,
AD002873,VISIT_WITH_HINT,227.0,text only (neighbours); R90 227 m,FIELD_FORCE,,
AD002874,VISIT_WITH_HINT,194.0,text only (neighbours); R90 194 m,FIELD_FORCE,,
AD002875,DIRECT_VISIT,38.0,"visits disagree (n=2), largest cluster kept; R90 38 m",FIELD_FORCE,,
AD002876,VISIT_WITH_HINT,133.0,text only (neighbours); R90 133 m,FIELD_FORCE,,
AD002877,DIRECT_VISIT,46.0,1 good visit; R90 46 m,FIELD_FORCE,,
AD002878,DIRECT_VISIT,22.0,3 agreeing visits; R90 22 m,FIELD_FORCE,,
AD002879,VISIT_WITH_HINT,437.0,text only (locality); R90 437 m,FIELD_FORCE,,
AD002880,DIRECT_VISIT,28.0,4 agreeing visits; R90 28 m,FIELD_FORCE,,
AD002881,VISIT_WITH_HINT,396.0,text only (landmark); R90 396 m,FIELD_FORCE,,
AD002882,DIRECT_VISIT,22.0,6 agreeing visits; R90 22 m,FIELD_FORCE,,
AD002883,VERIFY_FIRST,569.0,text only (locality); too uncertain to visit blind; R90 569 m,TELE_DIALER,ADDR_VERIFY_LOW_CONFIDENCE_KN,"Namaskara, nimma manege baralu swalpa sahaya beku. Dayavittu heli: nimma mane yaava cross athava raste alli ide, hattirada landmark yavudu (gudi, shaale, bus stop), mattu nimma gate yaava banna?"
AD002884,DIRECT_VISIT,48.0,1 good visit; R90 48 m,FIELD_FORCE,,
AD002885,CANNOT_GEOCODE,,outside service area,TELE_DIALER,ADDR_VERIFY_OUT_OF_AREA_HI,"Namaste, aapke ghar tak pahunchne ke liye thodi madad chahiye. Kripya bataiye: aapka ghar kaun si cross ya gali mein hai, sabse paas ka landmark kya hai (mandir, school, bus stop), aur aapke gate ka rang kya hai?"
AD002886,VERIFY_FIRST,569.0,text only (locality); too uncertain to visit blind; R90 569 m,TELE_DIALER,ADDR_VERIFY_LOW_CONFIDENCE_KN,"Namaskara, nimma manege baralu swalpa sahaya beku. Dayavittu heli: nimma mane yaava cross athava raste alli ide, hattirada landmark yavudu (gudi, shaale, bus stop), mattu nimma gate yaava banna?"
AD002887,VISIT_WITH_HINT,329.0,text only (landmark); R90 329 m,FIELD_FORCE,,
AD002888,VISIT_WITH_HINT,296.0,text only (landmark); R90 296 m,FIELD_FORCE,,
AD002889,DIRECT_VISIT,17.0,"visits disagree (n=4), largest cluster kept; R90 17 m",FIELD_FORCE,,
AD002890,DIRECT_VISIT,27.0,1 good visit; R90 27 m,FIELD_FORCE,,
AD002891,DIRECT_VISIT,58.0,2 agreeing visits; R90 58 m,FIELD_FORCE,,
AD002892,VISIT_WITH_HINT,194.0,text only (neighbours); R90 194 m,FIELD_FORCE,,
AD002893,VISIT_WITH_HINT,274.0,text only (landmark); R90 274 m,FIELD_FORCE,,
AD002894,VISIT_WITH_HINT,257.0,text only (landmark); R90 257 m,FIELD_FORCE,,
AD002895,CANNOT_GEOCODE,,outside service area,TELE_DIALER,ADDR_VERIFY_OUT_OF_AREA_EN,"Hello, we need a little help to reach your home. Please tell us which cross or street your house is on, the nearest landmark (temple, school, bus stop), and the colour of your gate."
AD002896,DIRECT_VISIT,20.0,4 agreeing visits; R90 20 m,FIELD_FORCE,,
AD002897,CANNOT_GEOCODE,,outside service area,TELE_DIALER,ADDR_VERIFY_OUT_OF_AREA_HI,"Namaste, aapke ghar tak pahunchne ke liye thodi madad chahiye. Kripya bataiye: aapka ghar kaun si cross ya gali mein hai, sabse paas ka landmark kya hai (mandir, school, bus stop), aur aapke gate ka rang kya hai?"
AD002898,VISIT_WITH_HINT,293.0,text only (neighbours); R90 293 m,FIELD_FORCE,,
AD002899,VISIT_WITH_HINT,437.0,text only (locality); R90 437 m,FIELD_FORCE,,
AD002900,VISIT_WITH_HINT,280.0,text only (neighbours); R90 280 m,FIELD_FORCE,,
AD002901,DIRECT_VISIT,70.0,"visits disagree (n=1), largest cluster kept; R90 70 m",FIELD_FORCE,,
AD002902,VISIT_WITH_HINT,283.0,text only (neighbours); R90 283 m,FIELD_FORCE,,
AD002903,DIRECT_VISIT,14.0,6 agreeing visits; R90 14 m,FIELD_FORCE,,
AD002904,VISIT_WITH_HINT,110.0,"visits disagree (n=1), largest cluster kept; R90 110 m",FIELD_FORCE,,
AD002905,VISIT_WITH_HINT,227.0,text only (neighbours); R90 227 m,FIELD_FORCE,,
AD002906,DIRECT_VISIT,58.0,1 good visit; R90 58 m,FIELD_FORCE,,
AD002907,VISIT_WITH_HINT,176.0,"visits disagree (n=1), largest cluster kept; R90 176 m",FIELD_FORCE,,
AD002908,VISIT_WITH_HINT,120.0,text only (neighbours); R90 120 m,FIELD_FORCE,,
AD002909,CANNOT_GEOCODE,,outside service area,TELE_DIALER,ADDR_VERIFY_OUT_OF_AREA_HI,"Namaste, aapke ghar tak pahunchne ke liye thodi madad chahiye. Kripya bataiye: aapka ghar kaun si cross ya gali mein hai, sabse paas ka landmark kya hai (mandir, school, bus stop), aur aapke gate ka rang kya hai?"
AD002910,VERIFY_FIRST,569.0,text only (locality); too uncertain to visit blind; R90 569 m,TELE_DIALER,ADDR_VERIFY_LOW_CONFIDENCE_EN,"Hello, we need a little help to reach your home. Please tell us which cross or street your house is on, the nearest landmark (temple, school, bus stop), and the colour of your gate."
AD002911,DIRECT_VISIT,16.0,"visits disagree (n=7), largest cluster kept; R90 16 m",FIELD_FORCE,,
AD002912,DIRECT_VISIT,36.0,"visits disagree (n=1), largest cluster kept; R90 36 m",FIELD_FORCE,,
AD002913,DIRECT_VISIT,47.0,1 good visit; R90 47 m,FIELD_FORCE,,
AD002914,DIRECT_VISIT,56.0,1 good visit; R90 56 m,FIELD_FORCE,,
AD002915,VISIT_WITH_HINT,329.0,text only (landmark); R90 329 m,FIELD_FORCE,,
AD002916,DIRECT_VISIT,63.0,2 agreeing visits; R90 63 m,FIELD_FORCE,,
AD002917,VISIT_WITH_HINT,329.0,text only (landmark); R90 329 m,FIELD_FORCE,,
AD002918,VISIT_WITH_HINT,329.0,text only (landmark); R90 329 m,FIELD_FORCE,,
AD002919,CANNOT_GEOCODE,,outside service area,TELE_DIALER,ADDR_VERIFY_OUT_OF_AREA_KN,"Namaskara, nimma manege baralu swalpa sahaya beku. Dayavittu heli: nimma mane yaava cross athava raste alli ide, hattirada landmark yavudu (gudi, shaale, bus stop), mattu nimma gate yaava banna?"
AD002920,DIRECT_VISIT,30.0,2 agreeing visits; R90 30 m,FIELD_FORCE,,
AD002921,VISIT_WITH_HINT,194.0,text only (neighbours); R90 194 m,FIELD_FORCE,,
AD002922,DIRECT_VISIT,34.0,"visits disagree (n=2), largest cluster kept; R90 34 m",FIELD_FORCE,,
AD002923,VISIT_WITH_HINT,140.0,text only (neighbours); R90 140 m,FIELD_FORCE,,
AD002924,VERIFY_FIRST,569.0,text only (locality); too uncertain to visit blind; R90 569 m,TELE_DIALER,ADDR_VERIFY_LOW_CONFIDENCE_EN,"Hello, we need a little help to reach your home. Please tell us which cross or street your house is on, the nearest landmark (temple, school, bus stop), and the colour of your gate."
AD002925,DIRECT_VISIT,17.0,5 agreeing visits; R90 17 m,FIELD_FORCE,,
AD002926,VISIT_WITH_HINT,304.0,text only (neighbours); R90 304 m,FIELD_FORCE,,
AD002927,VISIT_WITH_HINT,396.0,text only (landmark); R90 396 m,FIELD_FORCE,,
AD002928,DIRECT_VISIT,15.0,7 agreeing visits; R90 15 m,FIELD_FORCE,,
AD002929,VISIT_WITH_HINT,329.0,text only (landmark); R90 329 m,FIELD_FORCE,,
AD002930,VISIT_WITH_HINT,329.0,text only (landmark); R90 329 m,FIELD_FORCE,,
AD002931,VISIT_WITH_HINT,403.0,text only (locality); R90 403 m,FIELD_FORCE,,
AD002932,DIRECT_VISIT,46.0,"visits disagree (n=4), largest cluster kept; R90 46 m",FIELD_FORCE,,
AD002933,DIRECT_VISIT,22.0,5 agreeing visits; R90 22 m,FIELD_FORCE,,
AD002934,VISIT_WITH_HINT,396.0,text only (landmark); R90 396 m,FIELD_FORCE,,
AD002935,VISIT_WITH_HINT,194.0,text only (neighbours); R90 194 m,FIELD_FORCE,,
AD002936,DIRECT_VISIT,19.0,6 agreeing visits; R90 19 m,FIELD_FORCE,,
AD002937,CANNOT_GEOCODE,,outside service area,TELE_DIALER,ADDR_VERIFY_OUT_OF_AREA_HI,"Namaste, aapke ghar tak pahunchne ke liye thodi madad chahiye. Kripya bataiye: aapka ghar kaun si cross ya gali mein hai, sabse paas ka landmark kya hai (mandir, school, bus stop), aur aapke gate ka rang kya hai?"
AD002938,DIRECT_VISIT,27.0,3 agreeing visits; R90 27 m,FIELD_FORCE,,
AD002939,VERIFY_FIRST,569.0,text only (locality); too uncertain to visit blind; R90 569 m,TELE_DIALER,ADDR_VERIFY_LOW_CONFIDENCE_KN,"Namaskara, nimma manege baralu swalpa sahaya beku. Dayavittu heli: nimma mane yaava cross athava raste alli ide, hattirada landmark yavudu (gudi, shaale, bus stop), mattu nimma gate yaava banna?"
AD002940,VERIFY_FIRST,569.0,text only (locality); too uncertain to visit blind; R90 569 m,TELE_DIALER,ADDR_VERIFY_LOW_CONFIDENCE_KN,"Namaskara, nimma manege baralu swalpa sahaya beku. Dayavittu heli: nimma mane yaava cross athava raste alli ide, hattirada landmark yavudu (gudi, shaale, bus stop), mattu nimma gate yaava banna?"
AD002941,VERIFY_FIRST,569.0,text only (locality); too uncertain to visit blind; R90 569 m,TELE_DIALER,ADDR_VERIFY_LOW_CONFIDENCE_KN,"Namaskara, nimma manege baralu swalpa sahaya beku. Dayavittu heli: nimma mane yaava cross athava raste alli ide, hattirada landmark yavudu (gudi, shaale, bus stop), mattu nimma gate yaava banna?"
AD002942,VISIT_WITH_HINT,228.0,text only (baseline street); R90 228 m,FIELD_FORCE,,
AD002943,DIRECT_VISIT,42.0,1 good visit; R90 42 m,FIELD_FORCE,,
AD002944,VISIT_WITH_HINT,275.0,text only (neighbours); R90 275 m,FIELD_FORCE,,
AD002945,DIRECT_VISIT,47.0,1 good visit; R90 47 m,FIELD_FORCE,,
AD002946,CANNOT_GEOCODE,,outside service area,TELE_DIALER,ADDR_VERIFY_OUT_OF_AREA_HI,"Namaste, aapke ghar tak pahunchne ke liye thodi madad chahiye. Kripya bataiye: aapka ghar kaun si cross ya gali mein hai, sabse paas ka landmark kya hai (mandir, school, bus stop), aur aapke gate ka rang kya hai?"
AD002947,VISIT_WITH_HINT,279.0,text only (landmark); R90 279 m,FIELD_FORCE,,
AD002948,VERIFY_FIRST,569.0,text only (locality); too uncertain to visit blind; R90 569 m,TELE_DIALER,ADDR_VERIFY_LOW_CONFIDENCE_EN,"Hello, we need a little help to reach your home. Please tell us which cross or street your house is on, the nearest landmark (temple, school, bus stop), and the colour of your gate."
AD002949,VERIFY_FIRST,569.0,text only (locality); too uncertain to visit blind; R90 569 m,TELE_DIALER,ADDR_VERIFY_LOW_CONFIDENCE_EN,"Hello, we need a little help to reach your home. Please tell us which cross or street your house is on, the nearest landmark (temple, school, bus stop), and the colour of your gate."
AD002950,VERIFY_FIRST,569.0,text only (locality); too uncertain to visit blind; R90 569 m,TELE_DIALER,ADDR_VERIFY_LOW_CONFIDENCE_KN,"Namaskara, nimma manege baralu swalpa sahaya beku. Dayavittu heli: nimma mane yaava cross athava raste alli ide, hattirada landmark yavudu (gudi, shaale, bus stop), mattu nimma gate yaava banna?"
AD002951,CANNOT_GEOCODE,,outside service area,TELE_DIALER,ADDR_VERIFY_OUT_OF_AREA_KN,"Namaskara, nimma manege baralu swalpa sahaya beku. Dayavittu heli: nimma mane yaava cross athava raste alli ide, hattirada landmark yavudu (gudi, shaale, bus stop), mattu nimma gate yaava banna?"
AD002952,VISIT_WITH_HINT,329.0,text only (landmark); R90 329 m,FIELD_FORCE,,
AD002953,DIRECT_VISIT,35.0,"visits disagree (n=1), largest cluster kept; R90 35 m",FIELD_FORCE,,
AD002954,VISIT_WITH_HINT,140.0,text only (neighbours); R90 140 m,FIELD_FORCE,,
AD002955,VISIT_WITH_HINT,396.0,text only (landmark); R90 396 m,FIELD_FORCE,,
AD002956,DIRECT_VISIT,59.0,2 agreeing visits; R90 59 m,FIELD_FORCE,,
AD002957,VISIT_WITH_HINT,437.0,text only (locality); R90 437 m,FIELD_FORCE,,
AD002958,VISIT_WITH_HINT,396.0,text only (landmark); R90 396 m,FIELD_FORCE,,
AD002959,DIRECT_VISIT,51.0,"visits disagree (n=4), largest cluster kept; R90 51 m",FIELD_FORCE,,
AD002960,VISIT_WITH_HINT,161.0,text only (neighbours); R90 161 m,FIELD_FORCE,,
AD002961,VISIT_WITH_HINT,403.0,text only (locality); R90 403 m,FIELD_FORCE,,
AD002962,DIRECT_VISIT,18.0,6 agreeing visits; R90 18 m,FIELD_FORCE,,
AD002963,CANNOT_GEOCODE,,outside service area,TELE_DIALER,ADDR_VERIFY_OUT_OF_AREA_HI,"Namaste, aapke ghar tak pahunchne ke liye thodi madad chahiye. Kripya bataiye: aapka ghar kaun si cross ya gali mein hai, sabse paas ka landmark kya hai (mandir, school, bus stop), aur aapke gate ka rang kya hai?"
AD002964,DIRECT_VISIT,59.0,2 agreeing visits; R90 59 m,FIELD_FORCE,,
AD002965,VERIFY_FIRST,569.0,text only (locality); too uncertain to visit blind; R90 569 m,TELE_DIALER,ADDR_VERIFY_LOW_CONFIDENCE_HI,"Namaste, aapke ghar tak pahunchne ke liye thodi madad chahiye. Kripya bataiye: aapka ghar kaun si cross ya gali mein hai, sabse paas ka landmark kya hai (mandir, school, bus stop), aur aapke gate ka rang kya hai?"
AD002966,DIRECT_VISIT,32.0,5 agreeing visits; R90 32 m,FIELD_FORCE,,
AD002967,DIRECT_VISIT,38.0,3 agreeing visits; R90 38 m,FIELD_FORCE,,
AD002968,DIRECT_VISIT,29.0,2 agreeing visits; R90 29 m,FIELD_FORCE,,
AD002969,VERIFY_FIRST,569.0,text only (locality); too uncertain to visit blind; R90 569 m,TELE_DIALER,ADDR_VERIFY_LOW_CONFIDENCE_EN,"Hello, we need a little help to reach your home. Please tell us which cross or street your house is on, the nearest landmark (temple, school, bus stop), and the colour of your gate."
AD002970,VISIT_WITH_HINT,257.0,text only (landmark); R90 257 m,FIELD_FORCE,,
AD002971,VISIT_WITH_HINT,329.0,text only (landmark); R90 329 m,FIELD_FORCE,,
AD002972,VISIT_WITH_HINT,296.0,text only (landmark); R90 296 m,FIELD_FORCE,,
AD002973,DIRECT_VISIT,26.0,"visits disagree (n=4), largest cluster kept; R90 26 m",FIELD_FORCE,,
AD002974,VISIT_WITH_HINT,272.0,text only (landmark); R90 272 m,FIELD_FORCE,,
AD002975,VERIFY_FIRST,569.0,text only (locality); too uncertain to visit blind; R90 569 m,TELE_DIALER,ADDR_VERIFY_LOW_CONFIDENCE_HI,"Namaste, aapke ghar tak pahunchne ke liye thodi madad chahiye. Kripya bataiye: aapka ghar kaun si cross ya gali mein hai, sabse paas ka landmark kya hai (mandir, school, bus stop), aur aapke gate ka rang kya hai?"
AD002976,DIRECT_VISIT,35.0,1 good visit; R90 35 m,FIELD_FORCE,,
AD002977,DIRECT_VISIT,23.0,6 agreeing visits; R90 23 m,FIELD_FORCE,,
AD002978,DIRECT_VISIT,37.0,2 agreeing visits; R90 37 m,FIELD_FORCE,,
AD002979,DIRECT_VISIT,26.0,2 agreeing visits; R90 26 m,FIELD_FORCE,,
AD002980,VERIFY_FIRST,569.0,text only (locality); too uncertain to visit blind; R90 569 m,TELE_DIALER,ADDR_VERIFY_LOW_CONFIDENCE_HI,"Namaste, aapke ghar tak pahunchne ke liye thodi madad chahiye. Kripya bataiye: aapka ghar kaun si cross ya gali mein hai, sabse paas ka landmark kya hai (mandir, school, bus stop), aur aapke gate ka rang kya hai?"
AD002981,DIRECT_VISIT,35.0,2 agreeing visits; R90 35 m,FIELD_FORCE,,
AD002982,DIRECT_VISIT,29.0,3 agreeing visits; R90 29 m,FIELD_FORCE,,
AD002983,DIRECT_VISIT,40.0,"visits disagree (n=3), largest cluster kept; R90 40 m",FIELD_FORCE,,
AD002984,VISIT_WITH_HINT,403.0,text only (locality); R90 403 m,FIELD_FORCE,,
AD002985,CANNOT_GEOCODE,,outside service area,TELE_DIALER,ADDR_VERIFY_OUT_OF_AREA_HI,"Namaste, aapke ghar tak pahunchne ke liye thodi madad chahiye. Kripya bataiye: aapka ghar kaun si cross ya gali mein hai, sabse paas ka landmark kya hai (mandir, school, bus stop), aur aapke gate ka rang kya hai?"
AD002986,DIRECT_VISIT,41.0,1 good visit; R90 41 m,FIELD_FORCE,,
AD002987,DIRECT_VISIT,34.0,1 good visit; R90 34 m,FIELD_FORCE,,
AD002988,VISIT_WITH_HINT,226.0,"visits disagree (n=1), largest cluster kept; R90 226 m",FIELD_FORCE,,
AD002989,DIRECT_VISIT,71.0,1 good visit; R90 71 m,FIELD_FORCE,,
AD002990,DIRECT_VISIT,43.0,1 good visit; R90 43 m,FIELD_FORCE,,
AD002991,DIRECT_VISIT,31.0,2 agreeing visits; R90 31 m,FIELD_FORCE,,
AD002992,VISIT_WITH_HINT,285.0,text only (landmark); R90 285 m,FIELD_FORCE,,
AD002993,DIRECT_VISIT,39.0,2 agreeing visits; R90 39 m,FIELD_FORCE,,
AD002994,VISIT_WITH_HINT,329.0,text only (landmark); R90 329 m,FIELD_FORCE,,
AD002995,DIRECT_VISIT,23.0,1 good visit; R90 23 m,FIELD_FORCE,,
AD002996,DIRECT_VISIT,25.0,4 agreeing visits; R90 25 m,FIELD_FORCE,,
AD002997,DIRECT_VISIT,32.0,2 agreeing visits; R90 32 m,FIELD_FORCE,,
AD002998,CANNOT_GEOCODE,,outside service area,TELE_DIALER,ADDR_VERIFY_OUT_OF_AREA_HI,"Namaste, aapke ghar tak pahunchne ke liye thodi madad chahiye. Kripya bataiye: aapka ghar kaun si cross ya gali mein hai, sabse paas ka landmark kya hai (mandir, school, bus stop), aur aapke gate ka rang kya hai?"
AD002999,VISIT_WITH_HINT,239.0,text only (baseline street); R90 239 m,FIELD_FORCE,,
AD003000,VISIT_WITH_HINT,329.0,text only (landmark); R90 329 m,FIELD_FORCE,,
AD003001,CANNOT_GEOCODE,,outside service area,TELE_DIALER,ADDR_VERIFY_OUT_OF_AREA_HI,"Namaste, aapke ghar tak pahunchne ke liye thodi madad chahiye. Kripya bataiye: aapka ghar kaun si cross ya gali mein hai, sabse paas ka landmark kya hai (mandir, school, bus stop), aur aapke gate ka rang kya hai?"
AD003002,DIRECT_VISIT,36.0,1 good visit; R90 36 m,FIELD_FORCE,,
AD003003,VERIFY_FIRST,2278.0,text only (pincode area); too uncertain to visit blind; R90 2278 m,TELE_DIALER,ADDR_VERIFY_LOW_CONFIDENCE_HI,"Namaste, aapke ghar tak pahunchne ke liye thodi madad chahiye. Kripya bataiye: aapka ghar kaun si cross ya gali mein hai, sabse paas ka landmark kya hai (mandir, school, bus stop), aur aapke gate ka rang kya hai?"
AD003004,DIRECT_VISIT,25.0,"visits disagree (n=5), largest cluster kept; R90 25 m",FIELD_FORCE,,
AD003005,DIRECT_VISIT,69.0,1 good visit; R90 69 m,FIELD_FORCE,,
AD003006,VERIFY_FIRST,569.0,text only (locality); too uncertain to visit blind; R90 569 m,TELE_DIALER,ADDR_VERIFY_LOW_CONFIDENCE_EN,"Hello, we need a little help to reach your home. Please tell us which cross or street your house is on, the nearest landmark (temple, school, bus stop), and the colour of your gate."
AD003007,DIRECT_VISIT,36.0,1 good visit; R90 36 m,FIELD_FORCE,,
AD003008,DIRECT_VISIT,37.0,1 good visit; R90 37 m,FIELD_FORCE,,
AD003009,VISIT_WITH_HINT,182.0,text only (landmark); R90 182 m,FIELD_FORCE,,
AD003010,DIRECT_VISIT,42.0,4 agreeing visits; R90 42 m,FIELD_FORCE,,
AD003011,DIRECT_VISIT,22.0,2 agreeing visits; R90 22 m,FIELD_FORCE,,
AD003012,DIRECT_VISIT,25.0,3 agreeing visits; R90 25 m,FIELD_FORCE,,
AD003013,DIRECT_VISIT,13.0,"visits disagree (n=4), largest cluster kept; R90 13 m",FIELD_FORCE,,
AD003014,DIRECT_VISIT,52.0,"visits disagree (n=1), largest cluster kept; R90 52 m",FIELD_FORCE,,
AD003015,DIRECT_VISIT,17.0,7 agreeing visits; R90 17 m,FIELD_FORCE,,
AD003016,DIRECT_VISIT,39.0,"visits disagree (n=3), largest cluster kept; R90 39 m",FIELD_FORCE,,
AD003017,VERIFY_FIRST,569.0,text only (locality); too uncertain to visit blind; R90 569 m,TELE_DIALER,ADDR_VERIFY_LOW_CONFIDENCE_HI,"Namaste, aapke ghar tak pahunchne ke liye thodi madad chahiye. Kripya bataiye: aapka ghar kaun si cross ya gali mein hai, sabse paas ka landmark kya hai (mandir, school, bus stop), aur aapke gate ka rang kya hai?"
AD003018,VISIT_WITH_HINT,274.0,text only (landmark); R90 274 m,FIELD_FORCE,,
AD003019,DIRECT_VISIT,40.0,4 agreeing visits; R90 40 m,FIELD_FORCE,,
AD003020,VERIFY_FIRST,837.0,text only (locality); too uncertain to visit blind; R90 837 m,TELE_DIALER,ADDR_VERIFY_LOW_CONFIDENCE_KN,"Namaskara, nimma manege baralu swalpa sahaya beku. Dayavittu heli: nimma mane yaava cross athava raste alli ide, hattirada landmark yavudu (gudi, shaale, bus stop), mattu nimma gate yaava banna?"
AD003021,CANNOT_GEOCODE,,outside service area,TELE_DIALER,ADDR_VERIFY_OUT_OF_AREA_KN,"Namaskara, nimma manege baralu swalpa sahaya beku. Dayavittu heli: nimma mane yaava cross athava raste alli ide, hattirada landmark yavudu (gudi, shaale, bus stop), mattu nimma gate yaava banna?"
AD003022,VISIT_WITH_HINT,175.0,text only (neighbours); R90 175 m,FIELD_FORCE,,
AD003023,CANNOT_GEOCODE,,outside service area,TELE_DIALER,ADDR_VERIFY_OUT_OF_AREA_EN,"Hello, we need a little help to reach your home. Please tell us which cross or street your house is on, the nearest landmark (temple, school, bus stop), and the colour of your gate."
AD003024,VERIFY_FIRST,533.0,text only (neighbours); too uncertain to visit blind; R90 533 m,TELE_DIALER,ADDR_VERIFY_LOW_CONFIDENCE_HI,"Namaste, aapke ghar tak pahunchne ke liye thodi madad chahiye. Kripya bataiye: aapka ghar kaun si cross ya gali mein hai, sabse paas ka landmark kya hai (mandir, school, bus stop), aur aapke gate ka rang kya hai?"
AD003025,VISIT_WITH_HINT,224.0,text only (baseline street); R90 224 m,FIELD_FORCE,,
AD003026,DIRECT_VISIT,27.0,5 agreeing visits; R90 27 m,FIELD_FORCE,,
AD003027,DIRECT_VISIT,41.0,2 agreeing visits; R90 41 m,FIELD_FORCE,,
AD003028,VISIT_WITH_HINT,329.0,text only (landmark); R90 329 m,FIELD_FORCE,,
AD003029,VISIT_WITH_HINT,175.0,text only (neighbours); R90 175 m,FIELD_FORCE,,
AD003030,DIRECT_VISIT,39.0,1 good visit; R90 39 m,FIELD_FORCE,,
AD003031,VISIT_WITH_HINT,127.0,text only (landmark); R90 127 m,FIELD_FORCE,,
AD003032,VISIT_WITH_HINT,279.0,text only (landmark); R90 279 m,FIELD_FORCE,,
AD003033,CANNOT_GEOCODE,,outside service area,TELE_DIALER,ADDR_VERIFY_OUT_OF_AREA_HI,"Namaste, aapke ghar tak pahunchne ke liye thodi madad chahiye. Kripya bataiye: aapka ghar kaun si cross ya gali mein hai, sabse paas ka landmark kya hai (mandir, school, bus stop), aur aapke gate ka rang kya hai?"
AD003034,VISIT_WITH_HINT,194.0,text only (neighbours); R90 194 m,FIELD_FORCE,,
AD003035,DIRECT_VISIT,32.0,2 agreeing visits; R90 32 m,FIELD_FORCE,,
AD003036,VISIT_WITH_HINT,255.0,text only (baseline street); R90 255 m,FIELD_FORCE,,
AD003037,VISIT_WITH_HINT,239.0,text only (baseline street); R90 239 m,FIELD_FORCE,,
AD003038,DIRECT_VISIT,35.0,1 good visit; R90 35 m,FIELD_FORCE,,
AD003039,VERIFY_FIRST,569.0,text only (locality); too uncertain to visit blind; R90 569 m,TELE_DIALER,ADDR_VERIFY_LOW_CONFIDENCE_KN,"Namaskara, nimma manege baralu swalpa sahaya beku. Dayavittu heli: nimma mane yaava cross athava raste alli ide, hattirada landmark yavudu (gudi, shaale, bus stop), mattu nimma gate yaava banna?"
AD003040,DIRECT_VISIT,58.0,2 agreeing visits; R90 58 m,FIELD_FORCE,,
AD003041,DIRECT_VISIT,29.0,4 agreeing visits; R90 29 m,FIELD_FORCE,,
AD003042,VERIFY_FIRST,569.0,text only (locality); too uncertain to visit blind; R90 569 m,TELE_DIALER,ADDR_VERIFY_LOW_CONFIDENCE_KN,"Namaskara, nimma manege baralu swalpa sahaya beku. Dayavittu heli: nimma mane yaava cross athava raste alli ide, hattirada landmark yavudu (gudi, shaale, bus stop), mattu nimma gate yaava banna?"
AD003043,VISIT_WITH_HINT,329.0,text only (landmark); R90 329 m,FIELD_FORCE,,
AD003044,DIRECT_VISIT,10.0,"visits disagree (n=8), largest cluster kept; R90 10 m",FIELD_FORCE,,
AD003045,DIRECT_VISIT,17.0,7 agreeing visits; R90 17 m,FIELD_FORCE,,
AD003046,VISIT_WITH_HINT,243.0,text only (landmark); R90 243 m,FIELD_FORCE,,
AD003047,VISIT_WITH_HINT,280.0,text only (neighbours); R90 280 m,FIELD_FORCE,,
AD003048,VERIFY_FIRST,569.0,text only (locality); too uncertain to visit blind; R90 569 m,TELE_DIALER,ADDR_VERIFY_LOW_CONFIDENCE_EN,"Hello, we need a little help to reach your home. Please tell us which cross or street your house is on, the nearest landmark (temple, school, bus stop), and the colour of your gate."
AD003049,VISIT_WITH_HINT,215.0,text only (landmark); R90 215 m,FIELD_FORCE,,
AD003050,DIRECT_VISIT,20.0,6 agreeing visits; R90 20 m,FIELD_FORCE,,
AD003051,VISIT_WITH_HINT,133.0,text only (neighbours); R90 133 m,FIELD_FORCE,,
AD003052,VISIT_WITH_HINT,437.0,text only (locality); R90 437 m,FIELD_FORCE,,
AD003053,DIRECT_VISIT,51.0,1 good visit; R90 51 m,FIELD_FORCE,,
AD003054,VERIFY_FIRST,569.0,text only (locality); too uncertain to visit blind; R90 569 m,TELE_DIALER,ADDR_VERIFY_LOW_CONFIDENCE_HI,"Namaste, aapke ghar tak pahunchne ke liye thodi madad chahiye. Kripya bataiye: aapka ghar kaun si cross ya gali mein hai, sabse paas ka landmark kya hai (mandir, school, bus stop), aur aapke gate ka rang kya hai?"
AD003055,DIRECT_VISIT,37.0,2 agreeing visits; R90 37 m,FIELD_FORCE,,
AD003056,VERIFY_FIRST,2278.0,text only (pincode area); too uncertain to visit blind; R90 2278 m,TELE_DIALER,ADDR_VERIFY_LOW_CONFIDENCE_HI,"Namaste, aapke ghar tak pahunchne ke liye thodi madad chahiye. Kripya bataiye: aapka ghar kaun si cross ya gali mein hai, sabse paas ka landmark kya hai (mandir, school, bus stop), aur aapke gate ka rang kya hai?"
AD003057,VISIT_WITH_HINT,296.0,text only (landmark); R90 296 m,FIELD_FORCE,,
AD003058,VISIT_WITH_HINT,329.0,text only (landmark); R90 329 m,FIELD_FORCE,,
AD003059,VISIT_WITH_HINT,329.0,text only (landmark); R90 329 m,FIELD_FORCE,,
AD003060,DIRECT_VISIT,14.0,9 agreeing visits; R90 14 m,FIELD_FORCE,,
AD003061,CANNOT_GEOCODE,,outside service area,TELE_DIALER,ADDR_VERIFY_OUT_OF_AREA_HI,"Namaste, aapke ghar tak pahunchne ke liye thodi madad chahiye. Kripya bataiye: aapka ghar kaun si cross ya gali mein hai, sabse paas ka landmark kya hai (mandir, school, bus stop), aur aapke gate ka rang kya hai?"
AD003062,VISIT_WITH_HINT,232.0,text only (baseline street); R90 232 m,FIELD_FORCE,,
AD003063,VISIT_WITH_HINT,161.0,text only (neighbours); R90 161 m,FIELD_FORCE,,
AD003064,VISIT_WITH_HINT,175.0,text only (neighbours); R90 175 m,FIELD_FORCE,,
AD003065,DIRECT_VISIT,23.0,5 agreeing visits; R90 23 m,FIELD_FORCE,,
AD003066,DIRECT_VISIT,38.0,3 agreeing visits; R90 38 m,FIELD_FORCE,,
AD003067,DIRECT_VISIT,18.0,7 agreeing visits; R90 18 m,FIELD_FORCE,,
AD003068,VERIFY_FIRST,569.0,text only (locality); too uncertain to visit blind; R90 569 m,TELE_DIALER,ADDR_VERIFY_LOW_CONFIDENCE_HI,"Namaste, aapke ghar tak pahunchne ke liye thodi madad chahiye. Kripya bataiye: aapka ghar kaun si cross ya gali mein hai, sabse paas ka landmark kya hai (mandir, school, bus stop), aur aapke gate ka rang kya hai?"
AD003069,VISIT_WITH_HINT,437.0,text only (locality); R90 437 m,FIELD_FORCE,,
AD003070,VISIT_WITH_HINT,329.0,text only (landmark); R90 329 m,FIELD_FORCE,,
AD003071,VISIT_WITH_HINT,204.0,text only (baseline street); R90 204 m,FIELD_FORCE,,
AD003072,DIRECT_VISIT,38.0,1 good visit; R90 38 m,FIELD_FORCE,,
AD003073,VERIFY_FIRST,7235.0,text only (pincode area); too uncertain to visit blind; R90 7235 m,TELE_DIALER,ADDR_VERIFY_LOW_CONFIDENCE_KN,"Namaskara, nimma manege baralu swalpa sahaya beku. Dayavittu heli: nimma mane yaava cross athava raste alli ide, hattirada landmark yavudu (gudi, shaale, bus stop), mattu nimma gate yaava banna?"
AD003074,DIRECT_VISIT,51.0,4 agreeing visits; R90 51 m,FIELD_FORCE,,
AD003075,VERIFY_FIRST,569.0,text only (locality); too uncertain to visit blind; R90 569 m,TELE_DIALER,ADDR_VERIFY_LOW_CONFIDENCE_EN,"Hello, we need a little help to reach your home. Please tell us which cross or street your house is on, the nearest landmark (temple, school, bus stop), and the colour of your gate."
AD003076,VISIT_WITH_HINT,283.0,text only (neighbours); R90 283 m,FIELD_FORCE,,
AD003077,DIRECT_VISIT,42.0,"visits disagree (n=5), largest cluster kept; R90 42 m",FIELD_FORCE,,
AD003078,VISIT_WITH_HINT,329.0,text only (landmark); R90 329 m,FIELD_FORCE,,
AD003079,CANNOT_GEOCODE,,outside service area,TELE_DIALER,ADDR_VERIFY_OUT_OF_AREA_HI,"Namaste, aapke ghar tak pahunchne ke liye thodi madad chahiye. Kripya bataiye: aapka ghar kaun si cross ya gali mein hai, sabse paas ka landmark kya hai (mandir, school, bus stop), aur aapke gate ka rang kya hai?"
AD003080,VISIT_WITH_HINT,226.0,text only (neighbours); R90 226 m,FIELD_FORCE,,
AD003081,VISIT_WITH_HINT,378.0,text only (neighbours); R90 378 m,FIELD_FORCE,,
AD003082,VISIT_WITH_HINT,437.0,text only (locality); R90 437 m,FIELD_FORCE,,
AD003083,DIRECT_VISIT,27.0,4 agreeing visits; R90 27 m,FIELD_FORCE,,
AD003084,VISIT_WITH_HINT,140.0,text only (neighbours); R90 140 m,FIELD_FORCE,,
AD003085,DIRECT_VISIT,20.0,4 agreeing visits; R90 20 m,FIELD_FORCE,,
AD003086,DIRECT_VISIT,44.0,1 good visit; R90 44 m,FIELD_FORCE,,
AD003087,DIRECT_VISIT,23.0,"visits disagree (n=5), largest cluster kept; R90 23 m",FIELD_FORCE,,
AD003088,VISIT_WITH_HINT,231.0,text only (neighbours); R90 231 m,FIELD_FORCE,,
AD003089,CANNOT_GEOCODE,,outside service area,TELE_DIALER,ADDR_VERIFY_OUT_OF_AREA_KN,"Namaskara, nimma manege baralu swalpa sahaya beku. Dayavittu heli: nimma mane yaava cross athava raste alli ide, hattirada landmark yavudu (gudi, shaale, bus stop), mattu nimma gate yaava banna?"
AD003090,DIRECT_VISIT,40.0,2 agreeing visits; R90 40 m,FIELD_FORCE,,
AD003091,CANNOT_GEOCODE,,outside service area,TELE_DIALER,ADDR_VERIFY_OUT_OF_AREA_HI,"Namaste, aapke ghar tak pahunchne ke liye thodi madad chahiye. Kripya bataiye: aapka ghar kaun si cross ya gali mein hai, sabse paas ka landmark kya hai (mandir, school, bus stop), aur aapke gate ka rang kya hai?"
AD003092,VISIT_WITH_HINT,437.0,text only (locality); R90 437 m,FIELD_FORCE,,
AD003093,CANNOT_GEOCODE,,outside service area,TELE_DIALER,ADDR_VERIFY_OUT_OF_AREA_HI,"Namaste, aapke ghar tak pahunchne ke liye thodi madad chahiye. Kripya bataiye: aapka ghar kaun si cross ya gali mein hai, sabse paas ka landmark kya hai (mandir, school, bus stop), aur aapke gate ka rang kya hai?"
AD003094,VISIT_WITH_HINT,163.0,"visits disagree (n=1), largest cluster kept; R90 163 m",FIELD_FORCE,,
AD003095,CANNOT_GEOCODE,,outside service area,TELE_DIALER,ADDR_VERIFY_OUT_OF_AREA_KN,"Namaskara, nimma manege baralu swalpa sahaya beku. Dayavittu heli: nimma mane yaava cross athava raste alli ide, hattirada landmark yavudu (gudi, shaale, bus stop), mattu nimma gate yaava banna?"
AD003096,VERIFY_FIRST,569.0,text only (locality); too uncertain to visit blind; R90 569 m,TELE_DIALER,ADDR_VERIFY_LOW_CONFIDENCE_HI,"Namaste, aapke ghar tak pahunchne ke liye thodi madad chahiye. Kripya bataiye: aapka ghar kaun si cross ya gali mein hai, sabse paas ka landmark kya hai (mandir, school, bus stop), aur aapke gate ka rang kya hai?"
AD003097,CANNOT_GEOCODE,,outside service area,TELE_DIALER,ADDR_VERIFY_OUT_OF_AREA_KN,"Namaskara, nimma manege baralu swalpa sahaya beku. Dayavittu heli: nimma mane yaava cross athava raste alli ide, hattirada landmark yavudu (gudi, shaale, bus stop), mattu nimma gate yaava banna?"
AD003098,DIRECT_VISIT,39.0,"visits disagree (n=3), largest cluster kept; R90 39 m",FIELD_FORCE,,
AD003099,DIRECT_VISIT,43.0,3 agreeing visits; R90 43 m,FIELD_FORCE,,
AD003100,DIRECT_VISIT,34.0,2 agreeing visits; R90 34 m,FIELD_FORCE,,
AD003101,CANNOT_GEOCODE,,outside service area,TELE_DIALER,ADDR_VERIFY_OUT_OF_AREA_EN,"Hello, we need a little help to reach your home. Please tell us which cross or street your house is on, the nearest landmark (temple, school, bus stop), and the colour of your gate."
AD003102,DIRECT_VISIT,83.0,"visits disagree (n=1), largest cluster kept; R90 83 m",FIELD_FORCE,,
AD003103,CANNOT_GEOCODE,,outside service area,TELE_DIALER,ADDR_VERIFY_OUT_OF_AREA_KN,"Namaskara, nimma manege baralu swalpa sahaya beku. Dayavittu heli: nimma mane yaava cross athava raste alli ide, hattirada landmark yavudu (gudi, shaale, bus stop), mattu nimma gate yaava banna?"
AD003104,VISIT_WITH_HINT,296.0,text only (landmark); R90 296 m,FIELD_FORCE,,
AD003105,DIRECT_VISIT,31.0,"visits disagree (n=1), largest cluster kept; R90 31 m",FIELD_FORCE,,
AD003106,DIRECT_VISIT,29.0,2 agreeing visits; R90 29 m,FIELD_FORCE,,
AD003107,VISIT_WITH_HINT,396.0,text only (landmark); R90 396 m,FIELD_FORCE,,
AD003108,CANNOT_GEOCODE,,outside service area,TELE_DIALER,ADDR_VERIFY_OUT_OF_AREA_HI,"Namaste, aapke ghar tak pahunchne ke liye thodi madad chahiye. Kripya bataiye: aapka ghar kaun si cross ya gali mein hai, sabse paas ka landmark kya hai (mandir, school, bus stop), aur aapke gate ka rang kya hai?"
AD003109,CANNOT_GEOCODE,,outside service area,TELE_DIALER,ADDR_VERIFY_OUT_OF_AREA_KN,"Namaskara, nimma manege baralu swalpa sahaya beku. Dayavittu heli: nimma mane yaava cross athava raste alli ide, hattirada landmark yavudu (gudi, shaale, bus stop), mattu nimma gate yaava banna?"
AD003110,VERIFY_FIRST,569.0,text only (locality); too uncertain to visit blind; R90 569 m,TELE_DIALER,ADDR_VERIFY_LOW_CONFIDENCE_EN,"Hello, we need a little help to reach your home. Please tell us which cross or street your house is on, the nearest landmark (temple, school, bus stop), and the colour of your gate."
AD003111,VISIT_WITH_HINT,234.0,text only (landmark); R90 234 m,FIELD_FORCE,,
AD003112,CANNOT_GEOCODE,,outside service area,TELE_DIALER,ADDR_VERIFY_OUT_OF_AREA_HI,"Namaste, aapke ghar tak pahunchne ke liye thodi madad chahiye. Kripya bataiye: aapka ghar kaun si cross ya gali mein hai, sabse paas ka landmark kya hai (mandir, school, bus stop), aur aapke gate ka rang kya hai?"
AD003113,VISIT_WITH_HINT,329.0,text only (landmark); R90 329 m,FIELD_FORCE,,
AD003114,CANNOT_GEOCODE,,outside service area,TELE_DIALER,ADDR_VERIFY_OUT_OF_AREA_HI,"Namaste, aapke ghar tak pahunchne ke liye thodi madad chahiye. Kripya bataiye: aapka ghar kaun si cross ya gali mein hai, sabse paas ka landmark kya hai (mandir, school, bus stop), aur aapke gate ka rang kya hai?"
AD003115,VISIT_WITH_HINT,329.0,text only (landmark); R90 329 m,FIELD_FORCE,,
AD003116,CANNOT_GEOCODE,,outside service area,TELE_DIALER,ADDR_VERIFY_OUT_OF_AREA_EN,"Hello, we need a little help to reach your home. Please tell us which cross or street your house is on, the nearest landmark (temple, school, bus stop), and the colour of your gate."
AD003117,VERIFY_FIRST,2278.0,text only (pincode area); too uncertain to visit blind; R90 2278 m,TELE_DIALER,ADDR_VERIFY_LOW_CONFIDENCE_KN,"Namaskara, nimma manege baralu swalpa sahaya beku. Dayavittu heli: nimma mane yaava cross athava raste alli ide, hattirada landmark yavudu (gudi, shaale, bus stop), mattu nimma gate yaava banna?"
