visit_id,address_id,account_id,outcome,original_checkin_x,original_checkin_y,canonical_dwell_x,canonical_dwell_y,shift_distance_m,dwell_duration_s,stationary_pts_count
VS000005,AD001186,AC000918,met_family,2864.1,-2032.0,2858.0,-2032.0,6.1,180.0,4.0
VS000006,AD000761,AC000590,met_borrower,2690.3,1062.0,2695.1,1080.9,19.5,540.0,10.0
VS000010,AD002362,AC001830,met_family,2518.6,-2132.4,2521.8,-2127.7,5.7,360.0,7.0
VS000012,AD000569,AC000442,met_borrower,2865.5,-2126.9,2868.1,-2127.9,2.8,540.0,10.0
VS000014,AD000652,AC000506,met_family,2866.8,-2265.9,2857.1,-2272.3,11.6,300.0,6.0
VS000020,AD001416,AC001091,met_family,2598.5,-1657.4,2605.3,-1654.6,7.4,420.0,8.0
VS000024,AD000904,AC000701,met_borrower,889.8,-2903.8,903.8,-2897.9,15.2,240.0,5.0
VS000025,AD002359,AC001828,neighbour_says_shifted,1661.9,-1602.3,1651.2,-1601.4,10.7,120.0,3.0
VS000028,AD001752,AC001353,neighbour_says_shifted,1427.8,-2199.8,1464.2,-2267.3,76.7,180.0,4.0
VS000030,AD002576,AC001997,met_family,1305.3,-2201.0,1442.0,-2348.3,201.0,120.0,3.0
VS000031,AD003074,AC002387,met_borrower,1507.7,-2091.0,1498.3,-2117.0,27.6,480.0,9.0
VS000032,AD001495,AC001151,met_family,1168.7,-1859.2,1255.1,-1854.8,86.5,360.0,7.0
VS000033,AD002059,AC001597,met_borrower,1152.5,-2022.1,1220.6,-2024.7,68.1,420.0,8.0
VS000035,AD002849,AC002207,met_borrower,1711.7,-2359.0,1709.5,-2365.4,6.8,540.0,10.0
VS000036,AD001013,AC000787,locked_premises,1331.2,-2070.4,1336.7,-2068.8,5.7,120.0,3.0
VS000038,AD001673,AC001288,neighbour_says_shifted,1058.5,-1724.2,1074.8,-1735.7,19.9,240.0,5.0
VS000041,AD001381,AC001068,neighbour_says_shifted,1029.7,-440.2,1034.5,-437.6,5.5,120.0,3.0
VS000045,AD003060,AC002378,met_family,852.9,2794.5,855.0,2780.8,13.9,120.0,3.0
VS000046,AD002299,AC001780,met_borrower,933.2,2298.6,941.2,2305.4,10.5,540.0,10.0
VS000048,AD001830,AC001418,met_family,917.2,2936.8,1063.5,2907.8,149.1,120.0,3.0
VS000049,AD000027,AC000023,met_borrower,977.5,2926.8,906.3,2915.6,72.1,120.0,3.0
VS000050,AD001080,AC000838,met_borrower,-2166.7,-144.4,-2348.7,-175.3,184.6,540.0,10.0
VS000051,AD001891,AC001466,met_borrower,-2969.2,-20.0,-2979.8,-22.7,10.9,120.0,3.0
VS000055,AD002485,AC001923,met_borrower,-2666.9,-127.9,-2681.7,-136.4,17.1,120.0,3.0
VS000063,AD000913,AC000707,met_borrower,622.6,-845.0,629.3,-841.6,7.5,360.0,7.0
VS000064,AD002731,AC002118,neighbour_says_shifted,850.8,1601.3,852.0,1604.5,3.4,180.0,4.0
VS000068,AD002096,AC001625,met_family,3608.4,622.3,3580.9,622.7,27.5,300.0,6.0
VS000069,AD002676,AC002075,met_family,3660.9,465.7,3668.0,466.4,7.1,360.0,7.0
VS000078,AD000955,AC000741,neighbour_says_shifted,3135.4,-1912.8,3138.7,-1916.9,5.3,240.0,5.0
VS000084,AD001509,AC001163,met_family,3096.6,-2564.7,3107.3,-2561.4,11.2,180.0,4.0
VS000087,AD000030,AC000026,met_borrower,2813.1,-1821.6,2809.9,-1834.9,13.7,120.0,3.0
VS000089,AD000524,AC000408,met_borrower,2610.2,-1663.7,2605.1,-1661.5,5.6,120.0,3.0
VS000090,AD001105,AC000857,met_borrower,2892.8,-2525.9,2920.8,-2537.3,30.2,480.0,9.0
VS000091,AD001581,AC001218,met_family,2893.2,-1721.6,2734.8,-1807.0,180.0,120.0,3.0
VS000092,AD001294,AC001002,met_family,2665.4,-2386.6,2712.3,-2460.1,87.2,120.0,3.0
VS000093,AD000138,AC000110,met_borrower,363.2,-2975.0,621.5,-3082.5,279.8,420.0,8.0
VS000094,AD002154,AC001667,locked_premises,751.5,-2682.6,755.8,-2686.3,5.7,120.0,3.0
VS000095,AD002858,AC002216,met_family,953.7,-3001.2,1163.0,-2869.9,247.1,480.0,9.0
VS000097,AD001355,AC001049,met_family,640.7,-2608.5,637.8,-2621.0,12.8,180.0,4.0
VS000100,AD001713,AC001320,met_borrower,1725.4,-2051.8,1731.3,-2057.0,7.9,360.0,7.0
VS000102,AD002821,AC002185,met_family,1288.6,-2239.9,1311.1,-2228.4,25.3,300.0,6.0
VS000105,AD000942,AC000730,met_borrower,796.5,3248.0,792.9,3236.4,12.1,240.0,5.0
VS000107,AD001697,AC001307,met_borrower,843.2,3211.5,834.6,3211.1,8.6,180.0,4.0
VS000115,AD002535,AC001961,met_borrower,3002.8,1048.3,2992.5,986.7,62.5,480.0,9.0
VS000118,AD000613,AC000478,met_borrower,2790.3,373.0,2778.5,370.2,12.1,540.0,10.0
VS000120,AD000639,AC000497,met_borrower,2332.4,-770.5,2345.0,-773.0,12.8,120.0,3.0
VS000126,AD001291,AC001000,met_family,-3724.5,-788.5,-3729.3,-785.6,5.6,180.0,4.0
VS000127,AD001582,AC001219,locked_premises,2325.1,-774.0,2327.9,-773.0,3.0,120.0,3.0
VS000129,AD001792,AC001387,met_borrower,-2876.7,-738.6,-2780.6,-506.6,251.1,240.0,5.0
VS000133,AD001458,AC001123,met_family,-3072.5,-528.4,-2853.2,-451.2,232.5,120.0,3.0
VS000135,AD001896,AC001470,address_not_traceable,1288.2,673.1,1288.4,683.9,10.8,180.0,4.0
VS000138,AD001481,AC001141,met_borrower,2828.1,-1740.2,2874.3,-1833.5,104.1,420.0,8.0
VS000151,AD000129,AC000103,locked_premises,3229.4,-1949.4,3228.4,-1943.6,5.9,120.0,3.0
VS000154,AD000608,AC000475,met_borrower,915.1,-3353.1,914.5,-3346.1,7.0,180.0,4.0
VS000155,AD000898,AC000697,met_family,1190.6,-3389.6,1171.9,-3321.3,70.8,180.0,4.0
VS000156,AD001462,AC001126,met_family,959.0,-3356.5,959.5,-3349.9,6.6,120.0,3.0
VS000158,AD000810,AC000627,met_family,1137.9,-3201.3,1146.5,-3176.0,26.7,360.0,7.0
VS000161,AD000936,AC000726,met_family,1021.0,-2975.6,1009.2,-2966.4,15.0,480.0,9.0
VS000163,AD000735,AC000570,met_family,2727.3,-2363.7,2675.3,-2364.4,52.0,240.0,5.0
VS000164,AD001074,AC000834,locked_premises,2533.3,-1888.0,2543.4,-1879.0,13.5,120.0,3.0
VS000169,AD002808,AC002175,met_borrower,2797.2,-2257.9,2797.3,-2267.7,9.8,540.0,10.0
VS000170,AD000009,AC000007,neighbour_says_shifted,2971.9,-2299.3,3055.6,-2277.8,86.4,120.0,3.0
VS000174,AD000330,AC000261,met_family,2726.5,-1166.8,2659.9,-1165.9,66.6,300.0,6.0
VS000179,AD001971,AC001531,met_borrower,2812.7,-1268.6,2814.3,-1269.6,1.9,540.0,10.0
VS000180,AD000267,AC000212,met_family,2468.3,-1135.3,2464.8,-1135.8,3.5,120.0,3.0
VS000181,AD002772,AC002148,met_family,2615.4,-1007.9,2531.6,-918.0,122.9,120.0,3.0
VS000183,AD000560,AC000435,met_borrower,1294.4,-2466.3,1291.6,-2463.5,4.0,600.0,11.0
VS000185,AD002074,AC001610,met_borrower,1726.1,-1645.7,1765.4,-1652.9,40.0,120.0,3.0
VS000186,AD000173,AC000138,locked_premises,1445.7,-2339.6,1443.4,-2346.4,7.2,120.0,3.0
VS000198,AD001152,AC000892,met_borrower,1503.1,361.7,1493.2,367.7,11.6,480.0,9.0
VS000203,AD000632,AC000491,met_family,-934.5,-3864.1,-882.0,-3849.9,54.4,300.0,6.0
VS000207,AD001386,AC001072,neighbour_says_shifted,-397.7,-3408.9,-403.7,-3398.4,12.1,300.0,6.0
VS000209,AD002423,AC001878,met_family,-2768.3,1382.6,-2769.4,1380.4,2.5,420.0,8.0
VS000211,AD001555,AC001197,met_family,-2597.4,1589.1,-2590.9,1799.8,210.8,420.0,8.0
VS000217,AD002551,AC001974,neighbour_says_shifted,3434.6,528.4,3448.2,531.6,14.0,120.0,2.0
VS000218,AD001466,AC001129,met_family,3625.3,-35.4,3630.7,-18.7,17.6,420.0,8.0
VS000219,AD001880,AC001457,met_family,3493.7,123.5,3490.8,125.2,3.4,120.0,3.0
VS000220,AD003090,AC002400,met_family,982.2,-2913.5,960.4,-2976.6,66.8,240.0,5.0
VS000221,AD001972,AC001532,met_family,690.4,-2849.8,697.1,-2846.2,7.6,360.0,7.0
VS000224,AD000923,AC000714,met_family,518.3,-3402.9,541.7,-3399.3,23.7,300.0,6.0
VS000226,AD001516,AC001169,neighbour_says_shifted,665.3,-2640.0,676.0,-2629.5,15.0,300.0,4.0
VS000230,AD002108,AC001634,neighbour_says_shifted,2264.9,-2401.5,2269.6,-2415.7,15.0,180.0,4.0
VS000231,AD002673,AC002072,met_family,2643.2,-2331.1,2604.9,-2319.6,40.0,420.0,8.0
VS000235,AD001083,AC000840,no_such_person,788.3,-3306.4,809.1,-3289.0,27.1,180.0,4.0
VS000245,AD001743,AC001345,met_borrower,1258.5,2790.8,1264.6,2806.2,16.6,120.0,3.0
VS000246,AD002525,AC001953,met_borrower,1077.9,2992.7,1084.4,3001.3,10.8,540.0,10.0
VS000250,AD001811,AC001403,met_borrower,906.2,3087.7,890.1,3093.9,17.3,360.0,7.0
VS000259,AD000176,AC000140,met_borrower,850.2,-2706.2,856.1,-2704.4,6.2,180.0,4.0
VS000261,AD001794,AC001388,met_borrower,928.2,-2908.4,932.0,-2909.7,4.0,540.0,10.0
VS000262,AD001664,AC001283,met_borrower,1419.3,-1684.3,1646.4,-1843.6,277.4,540.0,10.0
VS000268,AD002690,AC002085,neighbour_says_shifted,1596.2,-2069.0,1588.4,-2083.8,16.7,180.0,4.0
VS000273,AD002933,AC002279,met_borrower,830.6,-679.9,913.8,-717.6,91.3,240.0,5.0
VS000276,AD000354,AC000281,met_borrower,1074.3,-832.9,965.5,-1038.4,232.5,540.0,10.0
VS000277,AD001053,AC000818,met_family,887.2,-791.5,898.7,-719.9,72.5,120.0,3.0
VS000281,AD002234,AC001728,locked_premises,-379.6,-3453.1,-387.9,-3439.1,16.3,120.0,3.0
VS000282,AD001472,AC001134,met_family,-429.8,-3922.5,-424.7,-3924.7,5.6,240.0,4.0
VS000291,AD001499,AC001155,met_family,3257.2,-89.4,3515.1,-5.2,271.3,300.0,6.0
VS000293,AD000722,AC000560,met_family,4043.5,83.7,4030.1,323.9,240.6,300.0,6.0
VS000295,AD000602,AC000469,met_borrower,2954.7,-1893.7,2965.7,-1911.9,21.3,240.0,5.0
VS000297,AD002681,AC002078,met_borrower,2718.0,-1711.9,2713.9,-1714.3,4.8,540.0,10.0
VS000299,AD001978,AC001537,neighbour_says_shifted,2960.2,-2374.2,3061.4,-2536.7,191.4,120.0,3.0
VS000301,AD000589,AC000458,met_borrower,3031.3,-1493.9,2920.5,-1692.0,227.0,420.0,8.0
VS000304,AD000809,AC000626,met_borrower,666.3,64.6,666.9,86.5,21.9,180.0,4.0
VS000312,AD001973,AC001533,met_family,891.6,-409.2,884.2,-405.3,8.4,420.0,7.0
VS000313,AD001389,AC001074,met_borrower,652.6,2369.8,598.5,2374.0,54.3,480.0,9.0
VS000318,AD000018,AC000015,met_family,603.3,2344.3,646.1,2392.9,64.8,120.0,3.0
VS000319,AD001539,AC001184,met_family,256.7,1989.2,247.6,1987.7,9.2,360.0,7.0
VS000320,AD001145,AC000886,met_family,598.0,2292.4,592.6,2304.1,12.9,120.0,3.0
VS000323,AD002131,AC001651,met_family,-1540.0,-2452.0,-1526.2,-2454.1,14.0,300.0,6.0
VS000324,AD001647,AC001272,met_family,-1522.9,-3126.9,-1638.9,-2904.2,251.1,180.0,4.0
VS000326,AD001761,AC001360,met_family,-1760.5,-2638.7,-1761.6,-2632.5,6.3,240.0,5.0
VS000327,AD000379,AC000301,met_family,-1934.3,-2492.9,-1948.3,-2478.9,19.8,120.0,3.0
VS000328,AD002213,AC001711,met_family,2842.6,579.1,2843.6,617.2,38.1,120.0,3.0
VS000330,AD001726,AC001331,met_family,2903.1,883.2,2923.4,883.0,20.3,120.0,3.0
VS000332,AD000404,AC000321,met_family,2988.2,1013.7,2982.4,985.6,28.7,420.0,8.0
VS000335,AD002633,AC002041,locked_premises,3182.5,744.3,3179.3,730.1,14.6,120.0,3.0
VS000341,AD000711,AC000551,met_borrower,657.8,2598.6,770.6,2467.1,173.3,120.0,3.0
VS000344,AD002298,AC001779,met_family,2964.6,-2057.9,2956.0,-2053.0,9.9,300.0,6.0
VS000347,AD001039,AC000807,address_not_traceable,-3734.8,-776.2,-3741.6,-769.5,9.5,120.0,3.0
VS000350,AD000705,AC000547,met_borrower,3246.1,-2236.8,3295.5,-2213.7,54.5,360.0,7.0
VS000352,AD002321,AC001799,met_borrower,2319.6,-787.9,2329.4,-787.5,9.8,120.0,3.0
VS000353,AD002333,AC001807,met_family,-2309.1,-779.5,-2267.8,-524.4,258.4,120.0,3.0
VS000357,AD001754,AC001355,no_such_person,-2369.0,-80.7,-2373.5,-93.2,13.3,180.0,4.0
VS000365,AD002068,AC001606,cash_collected,-2072.8,1522.3,-2059.0,1512.4,17.0,540.0,10.0
VS000367,AD000323,AC000256,met_borrower,-2641.3,1771.4,-2573.1,1796.0,72.5,300.0,6.0
VS000368,AD002964,AC002301,met_borrower,-2764.3,1949.5,-2713.8,1918.1,59.5,480.0,9.0
VS000369,AD001879,AC001456,met_family,564.0,-2846.3,560.6,-2858.9,13.1,180.0,4.0
VS000370,AD001596,AC001232,met_borrower,733.3,-3228.3,745.6,-3231.7,12.8,540.0,10.0
VS000371,AD000040,AC000034,met_borrower,835.0,-2924.7,829.8,-2924.8,5.2,180.0,4.0
VS000372,AD000822,AC000637,met_family,482.9,-2881.3,440.4,-2877.7,42.7,180.0,4.0
VS000373,AD002928,AC002275,met_family,1169.3,-3166.2,1165.3,-3175.7,10.3,300.0,6.0
VS000374,AD000469,AC000371,met_family,715.9,-2724.8,767.4,-2763.0,64.1,300.0,6.0
VS000375,AD000062,AC000050,met_borrower,595.8,-3084.5,597.4,-3085.9,2.1,540.0,10.0
VS000379,AD003085,AC002396,met_family,3346.6,-2066.5,3335.1,-2077.1,15.6,300.0,6.0
VS000380,AD002414,AC001872,met_family,2828.2,-1551.5,2906.5,-1797.9,258.5,300.0,6.0
VS000381,AD002707,AC002098,met_family,2477.3,-2353.3,2476.1,-2350.5,3.0,300.0,6.0
VS000383,AD001770,AC001368,met_borrower,2511.5,-2348.7,2505.8,-2358.4,11.3,540.0,10.0
VS000388,AD000238,AC000190,met_family,-2873.1,991.0,-2861.5,996.6,12.9,360.0,7.0
VS000389,AD001042,AC000810,met_family,-2970.7,793.9,-2985.2,804.1,17.7,360.0,7.0
VS000393,AD002378,AC001845,met_borrower,-2852.2,992.7,-2839.6,995.5,12.9,540.0,10.0
VS000394,AD001790,AC001385,met_family,-3112.5,1541.0,-3118.1,1537.4,6.7,360.0,7.0
VS000395,AD002541,AC001966,met_family,1301.0,141.1,1282.1,157.5,25.0,240.0,5.0
VS000397,AD002123,AC001646,met_family,1113.4,175.3,1120.8,165.4,12.4,360.0,7.0
VS000399,AD001417,AC001092,met_family,1378.9,-258.5,1208.5,-447.1,254.2,300.0,6.0
VS000401,AD001963,AC001524,locked_premises,-311.1,-741.3,-310.2,-732.7,8.6,120.0,3.0
VS000403,AD000472,AC000373,met_family,-363.0,-115.4,-314.6,-103.9,49.7,360.0,7.0
VS000404,AD001465,AC001128,met_borrower,-779.8,-736.0,-783.5,-749.8,14.3,540.0,10.0
VS000407,AD000579,AC000449,neighbour_says_shifted,-408.5,-619.9,-411.6,-626.0,6.8,360.0,7.0
VS000408,AD000012,AC000009,met_family,-571.2,-623.6,-657.7,-544.2,117.4,120.0,3.0
VS000410,AD001855,AC001437,met_family,2438.3,-1201.9,2435.2,-1205.2,4.5,360.0,7.0
VS000411,AD003077,AC002389,met_borrower,2935.5,-1503.4,2926.0,-1523.0,21.8,540.0,10.0
VS000413,AD001944,AC001506,met_family,2561.2,-698.9,2488.0,-710.5,74.1,180.0,4.0
VS000414,AD001133,AC000878,met_family,2389.1,-1258.5,2388.1,-1263.2,4.8,300.0,6.0
VS000415,AD000978,AC000758,locked_premises,-1195.0,-594.7,-1195.3,-613.5,18.8,120.0,3.0
VS000416,AD001369,AC001060,address_not_traceable,-3728.6,-764.1,-3737.8,-789.1,26.6,120.0,3.0
VS000419,AD001247,AC000963,met_family,-825.3,-399.5,-842.2,-391.4,18.7,180.0,4.0
VS000422,AD000775,AC000601,met_borrower,-661.6,-272.4,-635.7,-339.6,72.0,300.0,6.0
VS000423,AD001563,AC001203,locked_premises,-714.2,-735.9,-705.2,-739.2,9.6,120.0,3.0
VS000424,AD002667,AC002067,met_family,-1144.9,-634.8,-1144.5,-628.9,5.9,420.0,8.0
VS000426,AD001901,AC001474,met_borrower,-3654.0,-777.0,-3663.2,-784.7,12.0,540.0,10.0
VS000429,AD000216,AC000173,met_family,-4073.5,-1011.5,-4073.8,-1012.5,1.0,360.0,7.0
VS000434,AD002819,AC002183,met_borrower,1326.2,-926.1,1327.9,-911.7,14.5,120.0,3.0
VS000439,AD000668,AC000518,locked_premises,2314.5,915.7,2326.6,918.3,12.4,120.0,3.0
VS000440,AD000669,AC000519,met_borrower,2251.1,608.5,2255.6,619.2,11.6,540.0,10.0
VS000442,AD001408,AC001086,met_borrower,2620.0,928.2,2632.3,936.8,15.0,240.0,5.0
VS000444,AD000970,AC000751,locked_premises,2705.2,1471.0,2696.3,1449.9,22.9,120.0,3.0
VS000446,AD001372,AC001063,met_family,2991.0,-2507.3,2994.5,-2502.1,6.3,360.0,7.0
VS000449,AD001336,AC001033,locked_premises,2690.6,-1787.9,2697.4,-1798.8,12.8,120.0,3.0
VS000450,AD001800,AC001393,locked_premises,2538.4,-2228.8,2544.1,-2210.8,18.9,120.0,3.0
VS000456,AD001738,AC001341,met_family,-781.5,-1195.2,-837.6,-1404.7,216.9,120.0,3.0
VS000462,AD002870,AC002227,met_borrower,1480.9,-2248.4,1500.1,-2266.6,26.5,120.0,3.0
VS000463,AD000756,AC000586,met_family,1345.0,-2066.0,1351.3,-2070.1,7.5,360.0,7.0
VS000464,AD002763,AC002141,met_borrower,1788.2,-2199.6,1799.6,-2199.7,11.4,540.0,10.0
VS000469,AD000918,AC000711,met_borrower,2163.2,1759.2,2134.0,1709.0,58.1,360.0,7.0
VS000471,AD001556,AC001198,met_family,1107.9,2440.8,1032.3,2589.1,166.5,300.0,6.0
VS000472,AD002499,AC001933,met_borrower,855.7,2779.0,851.3,2777.0,4.8,540.0,10.0
VS000473,AD000204,AC000164,met_family,1019.1,2516.7,993.4,2516.3,25.7,360.0,7.0
VS000476,AD001505,AC001160,met_family,1068.0,2644.2,1066.7,2652.1,8.0,180.0,4.0
VS000480,AD002458,AC001901,met_family,1858.0,-2053.5,1858.1,-2055.8,2.3,240.0,5.0
VS000482,AD001055,AC000820,met_family,285.4,-3216.4,341.4,-3219.9,56.1,120.0,3.0
VS000487,AD002596,AC002011,neighbour_says_shifted,-786.0,2769.1,-789.3,2806.9,37.9,180.0,4.0
VS000492,AD000741,AC000574,met_family,-845.7,2860.3,-844.5,2856.9,3.6,300.0,6.0
VS000495,AD001564,AC001204,no_such_person,-218.8,-3273.5,-224.9,-3294.8,22.2,120.0,3.0
VS000497,AD000521,AC000406,neighbour_says_shifted,-866.1,-3863.5,-852.8,-3859.5,13.9,180.0,4.0
VS000498,AD002209,AC001707,met_family,-14.2,-3821.2,-63.2,-3841.6,53.1,420.0,8.0
VS000499,AD003012,AC002341,met_family,-665.5,-3822.7,-652.7,-3836.1,18.5,240.0,5.0
VS000503,AD001845,AC001430,met_family,3597.6,23.8,3599.0,26.5,3.0,180.0,4.0
VS000514,AD002067,AC001605,met_borrower,869.4,-645.1,924.1,-673.9,61.8,480.0,9.0
VS000515,AD000001,AC000001,met_family,1211.1,-183.0,1210.3,-177.6,5.5,240.0,5.0
VS000518,AD002110,AC001635,met_family,1998.8,-1363.4,1992.7,-1389.2,26.5,180.0,4.0
VS000519,AD002809,AC002176,met_borrower,2175.8,-927.8,2177.2,-922.9,5.1,540.0,10.0
VS000521,AD000638,AC000496,met_family,2407.4,-1305.2,2401.9,-1290.9,15.3,480.0,9.0
VS000522,AD002260,AC001751,locked_premises,1602.9,-1230.7,1604.3,-1239.8,9.2,120.0,3.0
VS000528,AD002317,AC001796,locked_premises,-2380.4,-2015.9,-2383.7,-2020.2,5.4,120.0,3.0
VS000532,AD002184,AC001688,locked_premises,-2051.8,-2466.5,-2068.5,-2466.1,16.7,120.0,3.0
VS000538,AD002141,AC001657,no_such_person,-1801.4,-2733.3,-1787.0,-2735.3,14.5,180.0,4.0
VS000539,AD000886,AC000690,met_family,761.5,107.4,748.2,117.3,16.6,180.0,4.0
VS000540,AD000198,AC000159,met_family,-481.4,3165.9,-478.4,3169.6,4.8,180.0,4.0
VS000546,AD001662,AC001282,met_borrower,-380.8,2961.0,-478.0,3169.4,230.0,240.0,5.0
VS000547,AD001135,AC000879,met_family,-749.7,2879.2,-885.6,2969.4,163.1,300.0,6.0
VS000552,AD001591,AC001228,met_borrower,-1699.8,-2935.9,-1702.1,-2948.3,12.6,540.0,10.0
VS000554,AD002724,AC002113,neighbour_says_shifted,-1899.2,-3178.6,-1900.6,-3183.8,5.4,180.0,4.0
VS000558,AD000159,AC000126,neighbour_says_shifted,-2855.8,-126.2,-2837.8,-103.2,29.2,180.0,4.0
VS000560,AD000950,AC000737,met_family,-3029.5,-247.2,-3016.5,-238.8,15.5,240.0,5.0
VS000563,AD002865,AC002222,met_family,-3036.3,-257.3,-3035.9,-246.8,10.5,120.0,3.0
VS000564,AD001371,AC001062,locked_premises,2333.9,-762.4,2319.5,-763.3,14.4,120.0,3.0
VS000568,AD002552,AC001975,neighbour_says_shifted,-2229.0,1332.2,-2213.4,1337.8,16.6,180.0,3.0
VS000572,AD001692,AC001302,neighbour_says_shifted,-2868.6,1366.7,-2905.0,1414.3,59.9,120.0,3.0
VS000578,AD002848,AC002206,neighbour_says_shifted,1024.3,-821.9,987.1,-771.7,62.5,240.0,5.0
VS000584,AD002637,AC002043,met_family,-1093.3,-3238.9,-1092.5,-3242.0,3.2,120.0,3.0
VS000589,AD002142,AC001658,met_borrower,-811.0,-3152.1,-816.1,-3138.7,14.3,540.0,10.0
VS000590,AD002967,AC002304,locked_premises,-1256.4,208.4,-1249.9,0.2,208.3,120.0,3.0
VS000593,AD001788,AC001383,cash_collected,-1336.8,603.5,-1332.8,611.4,8.9,240.0,5.0
VS000598,AD002304,AC001785,no_such_person,2982.0,-2036.9,2991.5,-2042.5,11.0,180.0,4.0
VS000599,AD001324,AC001025,met_family,2583.3,-1950.2,2631.2,-1926.8,53.3,180.0,4.0
VS000606,AD000759,AC000589,met_family,3136.2,572.7,3138.7,562.4,10.6,360.0,7.0
VS000611,AD002671,AC002070,met_borrower,-297.6,1227.1,-223.6,1237.8,74.8,360.0,7.0
VS000613,AD000460,AC000364,met_borrower,2844.2,-1279.1,2832.6,-1282.3,12.0,540.0,10.0
VS000618,AD003045,AC002365,neighbour_says_shifted,2923.3,-1202.9,2942.9,-1265.5,65.6,180.0,4.0
VS000624,AD000710,AC000550,cash_collected,1179.5,1091.4,1207.1,1048.3,51.2,120.0,3.0
VS000625,AD001914,AC001484,met_family,842.9,989.9,868.1,985.6,25.6,360.0,7.0
VS000626,AD000187,AC000149,met_family,1178.3,1055.4,1003.6,1283.9,287.6,420.0,8.0
VS000628,AD000815,AC000631,met_borrower,2971.4,-2366.0,2951.0,-2318.6,51.6,480.0,9.0
VS000629,AD002635,AC002042,cash_collected,3232.3,-2181.3,3246.3,-2177.9,14.4,300.0,6.0
VS000639,AD000081,AC000065,met_family,-716.5,-849.4,-729.9,-881.1,34.4,120.0,3.0
VS000640,AD002009,AC001558,met_family,2353.2,-770.8,2343.0,-770.2,10.2,120.0,3.0
VS000646,AD000096,AC000075,met_family,3336.9,605.4,3363.9,541.8,69.1,120.0,3.0
VS000647,AD002150,AC001664,met_family,4042.4,252.7,4005.7,543.9,293.5,240.0,5.0
VS000650,AD000142,AC000113,met_family,3979.4,774.2,3976.6,776.3,3.5,300.0,6.0
VS000653,AD001433,AC001103,met_family,2712.5,-2469.2,2732.4,-2471.7,20.1,180.0,4.0
VS000659,AD002362,AC001830,cash_collected,2752.0,-2274.0,2525.7,-2128.1,269.3,180.0,4.0
VS000661,AD001307,AC001012,locked_premises,372.4,-3110.9,371.2,-3111.4,1.3,120.0,3.0
VS000663,AD000569,AC000442,met_family,2771.8,-1933.1,2867.9,-2126.4,215.9,240.0,5.0
VS000664,AD001267,AC000979,met_borrower,-2375.0,-2090.4,-2373.1,-2103.5,13.2,120.0,3.0
VS000667,AD002016,AC001562,neighbour_says_shifted,2920.7,-2282.8,2770.3,-2319.5,154.8,120.0,3.0
VS000671,AD000075,AC000060,met_family,2773.6,-2333.6,2769.5,-2327.2,7.6,120.0,3.0
VS000673,AD001416,AC001091,met_family,2603.8,-1655.6,2614.0,-1655.0,10.2,120.0,3.0
VS000675,AD000903,AC000701,met_borrower,2990.1,-2815.0,2975.4,-2747.6,69.0,480.0,9.0
VS000677,AD001627,AC001256,locked_premises,1319.9,-2072.8,1316.4,-2075.1,4.2,120.0,3.0
VS000678,AD000538,AC000418,locked_premises,1278.9,-1767.7,1284.9,-1766.6,6.1,120.0,3.0
VS000680,AD002359,AC001828,no_such_person,1628.7,-1613.9,1650.5,-1603.1,24.3,120.0,3.0
VS000682,AD002973,AC002308,met_borrower,1160.8,-2170.3,1156.6,-2176.6,7.6,540.0,10.0
VS000683,AD002849,AC002207,met_borrower,1727.7,-2110.8,1666.5,-2379.9,276.0,120.0,3.0
VS000687,AD000412,AC000327,met_borrower,1223.9,-2085.1,1230.5,-2090.0,8.2,480.0,9.0
VS000688,AD001673,AC001288,neighbour_says_shifted,1063.1,-1739.5,1078.5,-1735.8,15.8,120.0,3.0
VS000690,AD001380,AC001068,cash_collected,1414.9,-1895.9,1397.5,-1893.7,17.5,540.0,10.0
VS000692,AD001833,AC001421,locked_premises,1538.1,-2406.1,1534.8,-2407.5,3.6,120.0,3.0
VS000696,AD003002,AC002334,met_family,1749.4,-1897.5,1728.0,-1906.3,23.1,120.0,3.0
VS000697,AD002663,AC002064,met_borrower,1566.5,-1884.0,1582.3,-1943.7,61.8,480.0,8.0
VS000699,AD000197,AC000158,met_family,-2673.4,-144.0,-2678.7,-141.4,5.9,120.0,3.0
VS000701,AD000617,AC000481,met_family,-2955.3,-9.1,-2976.7,-24.0,26.1,420.0,8.0
VS000702,AD002233,AC001727,neighbour_says_shifted,-2562.0,-510.8,-2567.7,-518.2,9.3,120.0,3.0
VS000705,AD002566,AC001987,met_family,-2651.3,-84.7,-2624.7,-91.1,27.4,180.0,4.0
VS000706,AD002522,AC001950,neighbour_says_shifted,-2334.7,-106.6,-2323.0,-92.2,18.6,120.0,3.0
VS000707,AD000631,AC000490,met_borrower,-2866.9,-150.7,-2854.1,-143.8,14.5,360.0,7.0
VS000709,AD001040,AC000808,met_family,852.9,-1113.6,855.0,-1117.3,4.3,420.0,8.0
VS000710,AD001995,AC001548,met_borrower,1211.3,-710.2,1016.0,-691.2,196.2,540.0,10.0
VS000715,AD002562,AC001983,met_family,1260.4,-1052.7,1266.2,-1062.2,11.1,420.0,8.0
VS000717,AD002096,AC001625,address_not_traceable,2341.4,-752.4,2343.2,-754.6,2.8,180.0,4.0
VS000725,AD001649,AC001273,met_borrower,2344.3,-2445.1,2319.0,-2438.3,26.2,540.0,10.0
VS000726,AD000955,AC000741,neighbour_says_shifted,3167.1,-1896.7,3145.2,-1915.8,29.1,180.0,4.0
VS000731,AD000287,AC000227,met_family,2779.7,-2406.0,2773.6,-2407.4,6.3,240.0,5.0
VS000733,AD001581,AC001218,met_family,2735.7,-1808.2,2735.7,-1810.6,2.4,120.0,3.0
VS000740,AD001256,AC000971,met_family,3314.0,-1980.8,3310.0,-1986.8,7.2,180.0,4.0
VS000741,AD001294,AC001002,met_family,2704.4,-2473.8,2716.6,-2467.4,13.8,240.0,5.0
VS000742,AD000719,AC000557,neighbour_says_shifted,2747.8,-1829.0,2759.6,-1819.4,15.2,240.0,5.0
VS000743,AD000129,AC000103,met_borrower,3227.9,-1959.4,3229.9,-1945.3,14.2,240.0,5.0
VS000744,AD002808,AC002175,met_borrower,2448.3,-2256.6,2448.6,-2253.3,3.3,120.0,3.0
VS000746,AD001713,AC001320,met_family,1785.8,-2317.7,1730.8,-2056.6,266.8,540.0,10.0
VS000748,AD002664,AC002065,met_borrower,1232.1,-2396.9,1228.9,-2396.0,3.3,540.0,10.0
VS000749,AD002821,AC002185,cash_collected,1310.5,-2179.0,1317.6,-2229.2,50.7,120.0,3.0
VS000752,AD000173,AC000138,met_borrower,1315.3,-2283.1,1442.4,-2343.8,140.9,300.0,6.0
VS000756,AD003015,AC002343,locked_premises,975.6,2455.4,972.1,2458.6,4.7,120.0,3.0
VS000759,AD001830,AC001418,met_family,1070.9,2909.7,1062.2,2915.2,10.3,240.0,5.0
VS000760,AD003060,AC002378,met_family,844.8,2766.8,852.8,2777.0,13.0,180.0,4.0
VS000761,AD000027,AC000023,met_family,900.3,2900.9,908.6,2921.6,22.3,360.0,7.0
VS000762,AD000942,AC000730,met_borrower,800.7,3241.4,796.1,3231.9,10.6,240.0,5.0
VS000763,AD001697,AC001307,met_borrower,691.6,3007.2,837.3,3210.2,249.9,420.0,8.0
VS000765,AD000672,AC000521,locked_premises,951.2,2635.7,939.6,2635.4,11.6,120.0,3.0
VS000768,AD000424,AC000336,met_borrower,2907.0,327.0,2902.0,329.9,5.8,540.0,10.0
VS000774,AD000068,AC000055,met_family,3356.3,472.9,3351.6,453.9,19.6,180.0,4.0
VS000776,AD001755,AC001356,address_not_traceable,-3732.0,-778.2,-3733.2,-773.2,5.1,120.0,3.0
VS000777,AD000079,AC000064,locked_premises,2333.5,-781.9,2336.5,-777.8,5.1,180.0,4.0
VS000782,AD001290,AC000999,locked_premises,975.7,-1036.5,978.5,-1033.2,4.3,120.0,3.0
VS000786,AD000023,AC000020,met_borrower,-2951.8,-19.7,-2954.4,-18.0,3.1,540.0,10.0
VS000787,AD000727,AC000563,met_family,-2699.2,-568.6,-2689.8,-487.8,81.3,240.0,5.0
VS000793,AD002471,AC001912,neighbour_says_shifted,3407.8,-2353.9,3421.4,-2361.2,15.4,300.0,6.0
VS000796,AD002102,AC001629,met_family,2954.7,-1806.3,2956.1,-1809.8,3.8,480.0,9.0
VS000801,AD002154,AC001667,met_family,622.9,-2780.4,758.1,-2683.7,166.2,120.0,3.0
VS000808,AD001808,AC001400,met_borrower,948.3,-3230.6,979.8,-3195.4,47.2,480.0,9.0
VS000810,AD000810,AC000627,met_borrower,1151.6,-3187.0,1147.2,-3177.1,10.8,480.0,9.0
VS000811,AD003090,AC002400,met_borrower,953.8,-2970.2,958.0,-2976.2,7.3,540.0,10.0
VS000816,AD001479,AC001139,met_family,2972.4,-2491.7,2986.1,-2494.1,13.9,480.0,9.0
VS000817,AD000630,AC000489,met_borrower,2874.2,-1947.0,2842.8,-1938.4,32.6,240.0,5.0
VS000822,AD002690,AC002085,neighbour_says_shifted,1621.6,-2070.4,1582.0,-2083.1,41.6,120.0,3.0
VS000823,AD000032,AC000028,met_family,1772.1,-1924.1,1765.9,-1816.5,107.8,120.0,3.0
VS000825,AD003044,AC002364,neighbour_says_shifted,1215.4,-2849.8,1213.4,-2557.0,292.8,120.0,3.0
VS000826,AD000223,AC000179,met_borrower,1915.2,-2164.5,1912.0,-2174.6,10.6,480.0,9.0
VS000827,AD001060,AC000823,met_borrower,1013.0,-1642.5,1002.8,-1657.7,18.3,540.0,10.0
VS000830,AD002210,AC001708,met_family,1666.9,-1610.4,1652.8,-1603.8,15.6,240.0,5.0
VS000834,AD001743,AC001345,locked_premises,1259.2,2794.3,1266.1,2803.8,11.7,120.0,3.0
VS000835,AD003065,AC002381,met_family,769.8,2821.5,697.7,2861.6,82.5,180.0,4.0
VS000837,AD000986,AC000765,met_family,1198.7,2516.0,1186.0,2511.3,13.5,180.0,4.0
VS000838,AD002176,AC001683,met_borrower,770.8,2469.3,772.0,2472.5,3.4,540.0,10.0
VS000839,AD001767,AC001365,met_borrower,817.5,2511.6,804.1,2513.8,13.6,120.0,3.0
VS000840,AD002728,AC002116,met_borrower,807.3,3059.8,802.8,3067.9,9.3,540.0,10.0
VS000841,AD001494,AC001150,met_borrower,721.8,-3050.8,726.5,-3044.8,7.6,480.0,9.0
VS000846,AD000924,AC000715,met_family,505.3,-2713.5,504.8,-2716.4,2.9,300.0,6.0
VS000848,AD001520,AC001172,met_family,-569.1,-3663.1,-628.3,-3710.3,75.7,180.0,4.0
VS000852,AD000632,AC000491,neighbour_says_shifted,-888.2,-3833.5,-882.2,-3850.6,18.1,300.0,6.0
VS000853,AD000576,AC000447,locked_premises,-487.1,-3696.8,-486.1,-3690.1,6.8,120.0,3.0
VS000855,AD000781,AC000605,met_family,3757.7,516.5,3748.2,508.2,12.6,180.0,4.0
VS000857,AD001880,AC001457,met_family,2338.6,-790.3,2335.7,-792.5,3.6,120.0,3.0
VS000865,AD001864,AC001445,locked_premises,3.7,-3872.6,-180.8,-3917.2,189.8,120.0,3.0
VS000875,AD000369,AC000294,met_family,671.2,-3324.1,719.6,-3219.0,115.7,300.0,6.0
VS000876,AD002103,AC001630,met_borrower,290.3,-2696.4,303.2,-2743.0,48.4,480.0,9.0
VS000877,AD002911,AC002260,met_borrower,2896.6,-2131.3,2905.0,-2208.0,77.2,480.0,9.0
VS000880,AD001364,AC001056,cash_collected,2964.4,-2497.0,2955.9,-2508.6,14.4,540.0,10.0
VS000882,AD000646,AC000502,met_borrower,2433.3,-2248.8,2440.0,-2255.2,9.3,540.0,10.0
VS000884,AD000360,AC000287,locked_premises,2823.6,-2388.9,3066.4,-2378.0,243.0,120.0,3.0
VS000889,AD001191,AC000922,met_borrower,366.9,2806.8,374.6,2792.3,16.4,240.0,5.0
VS000890,AD002861,AC002219,met_family,140.0,2571.7,128.2,2571.4,11.8,180.0,4.0
VS000896,AD000768,AC000595,met_family,2647.8,-1552.5,2643.3,-1595.8,43.5,120.0,3.0
VS000905,AD000624,AC000485,met_borrower,-129.2,-247.7,-118.6,-256.5,13.8,300.0,6.0
VS000910,AD000386,AC000308,met_borrower,1270.7,128.3,1345.3,156.2,79.6,480.0,9.0
VS000912,AD002357,AC001826,met_family,888.5,545.7,1024.7,314.0,268.8,360.0,7.0
VS000913,AD001152,AC000892,met_family,1309.3,337.0,1489.0,366.4,182.1,360.0,7.0
VS000914,AD002284,AC001768,met_family,729.1,-41.5,679.6,-22.7,52.9,120.0,3.0
VS000916,AD001053,AC000818,met_family,957.1,-707.6,899.5,-722.1,59.4,240.0,5.0
VS000920,AD002896,AC002248,met_family,1115.6,-481.5,1068.9,-448.9,57.0,120.0,3.0
VS000923,AD000354,AC000281,met_family,971.6,-1034.8,967.8,-1041.5,7.7,180.0,4.0
VS000924,AD000801,AC000620,met_borrower,1199.0,-546.3,1204.9,-530.1,17.2,540.0,10.0
VS000925,AD002867,AC002224,neighbour_says_shifted,-2344.4,1720.9,-2333.5,1723.6,11.2,180.0,4.0
VS000933,AD000874,AC000679,met_family,-3857.9,-540.3,-3861.3,-583.6,43.4,120.0,3.0
VS000936,AD002293,AC001774,met_borrower,-769.0,-977.9,-786.4,-991.7,22.2,540.0,10.0
VS000941,AD000602,AC000469,met_borrower,2968.2,-1913.8,2968.6,-1910.1,3.7,540.0,10.0
VS000943,AD001063,AC000825,locked_premises,2911.4,-1833.7,3127.2,-1908.1,228.3,120.0,3.0
VS000944,AD000529,AC000413,met_family,2952.4,-1877.9,2820.1,-2101.4,259.7,240.0,5.0
VS000949,AD000475,AC000375,met_family,2593.3,-2256.9,2589.2,-2244.3,13.3,480.0,9.0
VS000954,AD001240,AC000958,neighbour_says_shifted,1349.7,-211.4,1335.3,-219.6,16.6,180.0,4.0
VS000958,AD001973,AC001533,met_family,895.5,-398.4,883.0,-406.8,15.1,360.0,7.0
VS000961,AD000286,AC000226,met_family,329.8,-3171.0,409.9,-3326.4,174.8,180.0,4.0
VS000965,AD002711,AC002102,cash_collected,1407.5,-3321.3,1425.5,-3313.6,19.6,540.0,10.0
VS000967,AD002987,AC002321,met_family,849.3,-3448.1,730.4,-3301.6,188.7,480.0,9.0
VS000969,AD002936,AC002282,locked_premises,1122.1,2974.2,1127.5,2977.2,6.2,120.0,3.0
VS000970,AD001927,AC001493,met_family,1053.4,2416.6,1059.7,2409.3,9.6,180.0,3.0
VS000979,AD002194,AC001697,met_borrower,1709.3,-1748.7,1720.8,-1749.8,11.6,540.0,10.0
VS000980,AD001954,AC001516,met_family,1098.6,-1892.0,1112.1,-1884.1,15.6,120.0,3.0
VS000981,AD002244,AC001736,met_family,1237.7,-1845.6,1239.1,-1851.3,5.9,480.0,9.0
VS000982,AD001731,AC001335,met_family,1229.5,-1897.1,1258.9,-1920.8,37.8,300.0,6.0
VS000983,AD001857,AC001439,met_family,1642.1,-2214.1,1643.5,-2232.8,18.8,120.0,3.0
VS000990,AD001447,AC001114,met_family,-1366.7,-2840.0,-1331.4,-2867.3,44.6,300.0,6.0
VS000991,AD002131,AC001651,met_family,-1539.2,-2450.6,-1524.9,-2454.2,14.7,240.0,5.0
VS000996,AD001458,AC001123,met_borrower,-3734.4,-762.5,-3743.5,-772.4,13.4,120.0,3.0
VS001008,AD001722,AC001327,met_family,-2288.6,1271.9,-2241.1,1296.9,53.7,360.0,7.0
VS001010,AD001212,AC000937,met_borrower,-2997.2,1380.8,-2965.8,1347.0,46.1,480.0,7.0
VS001012,AD000870,AC000676,met_family,3340.1,-2384.2,3333.9,-2390.0,8.5,360.0,7.0
VS001013,AD001078,AC000837,met_borrower,2934.4,-2084.4,2942.8,-2040.6,44.6,120.0,3.0
VS001019,AD001815,AC001406,met_family,-2481.9,1022.8,-2477.2,1021.4,4.9,180.0,4.0
VS001020,AD000238,AC000190,met_borrower,-2851.5,982.4,-2857.8,993.4,12.7,120.0,3.0
VS001023,AD001042,AC000810,met_family,-2954.9,885.0,-2986.8,803.4,87.6,420.0,8.0
VS001026,AD001200,AC000929,met_borrower,-2824.4,850.0,-2824.0,845.6,4.4,360.0,7.0
VS001029,AD000735,AC000570,met_borrower,2701.5,-2383.6,2684.0,-2372.7,20.6,120.0,3.0
VS001030,AD002414,AC001872,met_family,2902.1,-1790.1,2909.5,-1791.1,7.5,120.0,3.0
VS001034,AD002707,AC002098,locked_premises,2718.2,-2194.9,2476.3,-2345.7,285.1,120.0,3.0
VS001041,AD001742,AC001344,met_borrower,-1445.8,-3096.5,-1437.7,-3081.1,17.4,540.0,10.0
VS001042,AD000562,AC000436,met_borrower,-743.9,-3253.8,-746.4,-3254.8,2.7,300.0,6.0
VS001043,AD001130,AC000876,met_family,-784.8,-3314.6,-766.5,-3324.4,20.8,300.0,6.0
VS001045,AD001465,AC001128,met_borrower,-777.4,-740.1,-785.3,-746.5,10.2,360.0,7.0
VS001047,AD001963,AC001524,met_borrower,-316.7,-734.8,-313.9,-733.5,3.1,540.0,10.0
VS001049,AD001682,AC001295,neighbour_says_shifted,-630.0,-457.9,-637.0,-318.0,140.1,120.0,3.0
VS001051,AD002027,AC001571,cash_collected,-393.9,-423.0,-369.8,-637.8,216.1,540.0,10.0
VS001053,AD002751,AC002133,locked_premises,3082.2,450.0,3106.9,455.5,25.3,120.0,3.0
VS001054,AD000404,AC000321,met_borrower,2958.8,1035.5,2990.9,983.9,60.8,180.0,4.0
VS001055,AD002213,AC001711,cash_collected,2874.9,629.2,2847.8,624.5,27.5,480.0,9.0
VS001059,AD002634,AC002041,met_borrower,270.1,-3296.1,285.3,-3383.3,88.5,300.0,6.0
VS001071,AD000982,AC000762,met_family,4209.7,576.3,4005.7,786.2,292.7,360.0,7.0
VS001075,AD001574,AC001212,neighbour_says_shifted,3713.1,-58.4,3963.7,55.4,275.2,120.0,3.0
VS001077,AD002819,AC002183,met_family,3312.8,1374.4,3307.7,1372.2,5.6,180.0,4.0
VS001085,AD000258,AC000205,met_borrower,-670.9,-3384.7,-672.1,-3401.8,17.1,420.0,5.0
VS001095,AD000209,AC000168,no_such_person,2685.8,1032.4,2672.6,1043.6,17.3,120.0,3.0
VS001097,AD000669,AC000519,locked_premises,2270.7,612.7,2254.5,612.2,16.2,120.0,3.0
VS001098,AD001616,AC001248,locked_premises,410.2,2268.7,416.8,2275.0,9.1,120.0,3.0
VS001099,AD001408,AC001086,met_borrower,2602.5,956.1,2629.6,932.8,35.7,480.0,9.0
VS001100,AD001207,AC000934,neighbour_says_shifted,2490.1,904.0,2482.7,928.7,25.8,120.0,3.0
VS001102,AD001372,AC001063,met_borrower,2899.1,-2737.4,2994.2,-2501.1,254.7,600.0,11.0
VS001103,AD000733,AC000568,met_borrower,2865.7,-2273.3,2852.6,-2269.3,13.7,300.0,6.0
VS001106,AD002920,AC002267,met_family,2745.4,-2558.5,2738.1,-2555.3,8.0,480.0,9.0
VS001110,AD001821,AC001411,met_family,2485.4,-2381.9,2474.6,-2430.9,50.2,120.0,3.0
VS001111,AD002802,AC002172,met_family,695.6,-2790.3,690.4,-2778.3,13.1,180.0,4.0
VS001113,AD001753,AC001354,met_borrower,940.3,-2893.9,924.4,-2879.0,21.8,120.0,3.0
VS001115,AD001900,AC001473,neighbour_says_shifted,699.4,-2681.9,700.6,-2701.4,19.5,240.0,4.0
VS001117,AD000041,AC000034,met_borrower,-628.0,-1274.5,-608.9,-1093.3,182.2,420.0,8.0
VS001119,AD001339,AC001036,met_family,608.3,3028.8,723.5,2835.4,225.1,300.0,6.0
VS001121,AD001937,AC001500,met_borrower,740.4,3085.7,743.4,3087.0,3.3,540.0,10.0
VS001123,AD002499,AC001933,met_borrower,858.4,2773.5,852.2,2778.0,7.7,540.0,10.0
VS001133,AD001242,AC000959,no_such_person,1529.2,-2083.4,1526.7,-1863.5,219.9,180.0,4.0
VS001134,AD000338,AC000267,locked_premises,1205.3,-2016.5,1214.1,-2004.4,15.0,120.0,3.0
VS001135,AD001996,AC001549,met_family,1662.1,-1760.7,1643.6,-1767.4,19.7,240.0,5.0
VS001139,AD000581,AC000451,met_borrower,720.1,-3426.2,727.7,-3431.1,9.0,540.0,10.0
VS001140,AD001852,AC001435,neighbour_says_shifted,685.5,-3294.8,690.6,-3289.9,7.1,120.0,3.0
VS001142,AD002483,AC001921,neighbour_says_shifted,783.1,-2773.5,797.0,-2790.7,22.1,120.0,3.0
VS001143,AD000364,AC000290,met_family,950.8,-3476.6,877.3,-3391.8,112.2,420.0,8.0
VS001150,AD002402,AC001863,met_family,-236.3,-3862.8,-276.8,-3851.7,42.0,180.0,3.0
VS001151,AD003012,AC002341,met_family,-635.0,-3831.5,-650.7,-3830.1,15.8,180.0,4.0
VS001153,AD001922,AC001490,met_borrower,-816.9,-3739.9,-827.8,-3726.7,17.1,540.0,10.0
VS001154,AD002675,AC002074,met_family,-693.2,3159.5,-667.7,3193.3,42.3,120.0,3.0
VS001155,AD001587,AC001224,met_family,-815.9,2980.9,-810.1,2989.8,10.6,480.0,9.0
VS001156,AD002596,AC002011,no_such_person,-799.1,2801.6,-792.3,2804.3,7.3,180.0,4.0
VS001157,AD000808,AC000625,met_family,-704.1,3095.5,-711.8,3387.2,291.8,540.0,10.0
VS001158,AD001521,AC001173,met_borrower,-725.9,3281.9,-741.8,3285.9,16.4,120.0,3.0
VS001163,AD000099,AC000078,met_family,-341.2,-434.4,-349.0,-422.6,14.1,300.0,6.0
VS001166,AD002667,AC002067,met_borrower,-1418.7,-734.0,-1428.4,-736.1,9.9,300.0,6.0
VS001167,AD000856,AC000663,met_family,-581.9,-859.2,-574.7,-866.8,10.5,180.0,4.0
VS001168,AD001035,AC000804,met_family,1007.9,-409.3,978.4,-468.2,65.9,180.0,4.0
VS001169,AD000247,AC000196,neighbour_says_shifted,789.6,-594.7,820.0,-565.0,42.5,120.0,3.0
VS001170,AD002067,AC001605,met_family,1042.0,-389.9,1038.9,-371.8,18.4,180.0,4.0
VS001174,AD001088,AC000844,locked_premises,1478.1,-298.4,1333.5,-221.9,163.6,120.0,3.0
VS001175,AD002882,AC002238,met_borrower,1183.1,-326.3,1202.6,-329.0,19.7,240.0,4.0
VS001176,AD002060,AC001598,met_family,771.7,-348.7,760.4,-352.3,11.9,360.0,7.0
VS001177,AD002579,AC001999,met_family,-2009.7,-2592.2,-2003.3,-2588.5,7.4,360.0,7.0
VS001178,AD000359,AC000286,met_family,-2600.0,-2558.8,-2457.3,-2639.7,164.0,420.0,8.0
VS001179,AD000172,AC000137,met_family,-2222.4,-2670.5,-2204.4,-2686.8,24.3,180.0,4.0
VS001181,AD002317,AC001796,met_family,-2383.5,-2026.4,-2388.3,-2022.1,6.4,240.0,5.0
VS001183,AD000477,AC000376,met_borrower,-2042.2,-2073.2,-2082.0,-2042.8,50.1,360.0,7.0
VS001186,AD002367,AC001834,locked_premises,2101.2,761.6,2108.2,759.8,7.2,120.0,3.0
VS001188,AD000441,AC000348,met_family,2552.7,912.2,2564.7,924.2,17.0,120.0,3.0
VS001190,AD001096,AC000850,met_family,2712.2,943.5,2709.4,939.1,5.2,120.0,3.0
VS001192,AD000517,AC000404,met_borrower,2091.6,613.2,2102.0,616.7,11.0,540.0,10.0
VS001196,AD001683,AC001296,met_borrower,2712.3,-1364.9,2705.8,-1377.4,14.1,360.0,7.0
VS001198,AD001855,AC001437,met_family,2343.3,-1346.0,2431.8,-1204.8,166.6,480.0,9.0
VS001200,AD000198,AC000159,cash_collected,-501.7,3049.5,-487.0,3164.3,115.7,420.0,8.0
VS001201,AD002112,AC001637,met_family,-356.3,3278.7,-362.4,3285.6,9.2,480.0,9.0
VS001202,AD002341,AC001813,met_family,-770.0,2731.8,-755.9,2727.4,14.8,120.0,2.0
VS001203,AD000284,AC000224,neighbour_says_shifted,-436.6,3061.5,-445.5,3063.9,9.2,120.0,3.0
VS001205,AD000163,AC000130,no_such_person,-734.0,2698.3,-720.0,2704.3,15.2,180.0,4.0
VS001211,AD003087,AC002398,met_borrower,2658.8,-1351.7,2667.8,-1357.1,10.5,300.0,6.0
VS001212,AD002111,AC001636,met_family,3063.1,-1243.7,3078.2,-1255.0,18.9,480.0,9.0
VS001216,AD002416,AC001873,met_borrower,-131.6,-3801.0,-151.1,-3827.1,32.6,480.0,9.0
VS001218,AD002181,AC001686,met_borrower,-2708.8,166.1,-2718.4,168.2,9.8,240.0,5.0
VS001221,AD000981,AC000761,met_borrower,-2528.1,-202.8,-2669.8,-141.3,154.5,540.0,10.0
VS001226,AD001481,AC001141,locked_premises,2871.3,-1841.0,2876.9,-1834.5,8.6,120.0,3.0
VS001228,AD001272,AC000983,met_family,3124.9,-2317.2,3126.0,-2316.7,1.2,480.0,9.0
VS001232,AD001845,AC001430,met_borrower,3662.4,-45.7,3597.1,28.8,99.1,240.0,5.0
VS001233,AD001524,AC001175,neighbour_says_shifted,4236.0,148.1,4233.2,156.3,8.7,120.0,3.0
VS001234,AD001812,AC001404,met_borrower,3882.8,575.4,3848.0,580.8,35.2,420.0,8.0
VS001237,AD001122,AC000869,met_family,3389.4,498.4,3385.9,511.3,13.4,420.0,8.0
VS001241,AD002806,AC002174,no_such_person,2847.2,-1771.9,2846.8,-1784.6,12.7,180.0,4.0
VS001242,AD001307,AC001012,met_borrower,409.0,-3158.9,370.2,-3110.4,62.1,480.0,9.0
VS001244,AD000785,AC000608,met_borrower,2437.1,-2255.4,2432.2,-2251.4,6.3,540.0,10.0
VS001249,AD001108,AC000858,locked_premises,312.1,2546.9,314.7,2540.4,7.0,120.0,3.0
VS001251,AD001416,AC001091,met_borrower,2641.6,-1712.4,2603.8,-1656.0,67.9,480.0,9.0
VS001252,AD000075,AC000060,neighbour_says_shifted,2760.1,-2266.7,2775.3,-2331.1,66.2,180.0,4.0
VS001255,AD001186,AC000918,met_borrower,2922.1,-2013.1,2859.1,-2034.2,66.4,360.0,7.0
VS001259,AD000930,AC000721,neighbour_says_shifted,-2597.1,1574.2,-2604.8,1544.8,30.4,240.0,5.0
VS001261,AD000047,AC000038,met_borrower,-2418.3,1132.2,-2410.5,1192.2,60.5,480.0,9.0
VS001263,AD001862,AC001443,met_family,-3276.0,1255.3,-3277.0,1271.2,15.9,480.0,9.0
VS001266,AD002359,AC001828,neighbour_says_shifted,1650.6,-1618.9,1650.9,-1603.5,15.4,300.0,6.0
VS001267,AD000538,AC000418,address_not_traceable,586.6,-3120.2,584.2,-3133.9,13.9,120.0,3.0
VS001274,AD001495,AC001151,locked_premises,1266.3,-1846.9,1256.3,-1853.0,11.7,120.0,3.0
VS001275,AD001673,AC001288,locked_premises,1066.2,-1740.3,1071.7,-1730.9,10.9,120.0,3.0
VS001282,AD001135,AC000879,met_borrower,-893.8,2960.0,-884.7,2965.8,10.8,360.0,7.0
VS001283,AD002811,AC002177,met_borrower,-758.4,2718.7,-754.5,2722.1,5.2,540.0,10.0
VS001284,AD002220,AC001717,met_borrower,-721.8,2943.9,-718.2,2965.1,21.5,180.0,4.0
VS001285,AD000039,AC000033,locked_premises,-565.7,2542.2,-580.8,2531.2,18.7,120.0,3.0
VS001286,AD000197,AC000158,met_borrower,-2678.3,-126.1,-2679.5,-139.3,13.3,540.0,10.0
VS001287,AD002233,AC001727,locked_premises,-2648.0,-456.3,-2559.4,-527.6,113.7,120.0,3.0
VS001288,AD002566,AC001987,locked_premises,-2630.3,-82.3,-2629.7,-100.3,18.0,120.0,3.0
VS001297,AD002848,AC002206,locked_premises,976.0,-911.6,982.4,-774.9,136.8,120.0,3.0
VS001298,AD000948,AC000735,met_family,992.7,-690.7,1006.3,-699.4,16.1,360.0,7.0
VS001299,AD000227,AC000182,met_borrower,1161.6,-1182.7,1158.8,-1193.3,11.0,180.0,4.0
VS001301,AD000451,AC000356,cash_collected,1006.6,-489.2,999.0,-493.7,8.8,360.0,7.0
VS001302,AD000570,AC000443,no_such_person,638.9,-790.5,652.5,-796.1,14.7,120.0,3.0
VS001307,AD001343,AC001040,met_borrower,2333.1,-794.3,2324.1,-785.6,12.5,240.0,5.0
VS001310,AD001268,AC000980,met_borrower,-147.1,-850.7,-160.9,-846.9,14.3,540.0,10.0
VS001311,AD000081,AC000065,met_borrower,-756.1,-862.4,-734.7,-874.5,24.6,240.0,5.0
VS001314,AD002925,AC002272,met_family,2578.1,-1956.1,2584.0,-1995.5,39.8,240.0,5.0
VS001322,AD000316,AC000251,met_borrower,2385.4,-2176.7,2399.9,-2146.2,33.8,540.0,10.0
VS001325,AD002494,AC001930,met_family,-745.4,-940.3,-721.6,-1133.3,194.5,180.0,4.0
VS001330,AD002812,AC002178,locked_premises,-1030.5,-1008.3,-1044.9,-1004.8,14.8,120.0,3.0
VS001333,AD001145,AC000886,met_family,592.3,2228.1,594.6,2293.9,65.8,180.0,4.0
VS001334,AD000895,AC000695,met_family,489.7,2356.2,480.5,2354.6,9.3,120.0,3.0
VS001336,AD001849,AC001432,met_borrower,437.6,2786.9,437.4,2774.0,12.9,540.0,10.0
VS001338,AD000586,AC000455,cash_collected,420.7,2672.3,359.6,2708.1,70.8,480.0,9.0
VS001348,AD001712,AC001319,no_such_person,3062.6,544.9,3004.8,760.7,223.4,120.0,3.0
VS001350,AD001237,AC000956,cash_collected,2573.5,750.4,2574.3,761.5,11.1,540.0,10.0
VS001351,AD001700,AC001309,met_family,3016.6,470.4,2973.5,425.3,62.4,120.0,3.0
VS001354,AD001523,AC001174,met_family,2944.3,263.0,2946.6,262.3,2.4,360.0,7.0
VS001356,AD000076,AC000061,met_family,983.0,1451.1,986.0,1450.3,3.1,120.0,3.0
VS001357,AD000799,AC000618,locked_premises,1263.7,-238.7,1283.4,-233.5,20.4,120.0,3.0
VS001358,AD000710,AC000550,met_borrower,1193.1,1046.1,1208.5,1049.0,15.7,540.0,10.0
VS001359,AD001914,AC001484,met_family,893.5,992.9,868.7,983.7,26.5,420.0,8.0
VS001360,AD000187,AC000149,met_borrower,1116.3,1268.4,999.7,1278.8,117.1,180.0,4.0
VS001363,AD001578,AC001216,met_family,-2330.5,1655.4,-2265.2,1712.0,86.4,420.0,8.0
VS001367,AD000484,AC000381,met_family,-1933.0,1493.0,-2042.8,1690.4,225.9,120.0,3.0
VS001370,AD000774,AC000600,locked_premises,-2759.8,1775.8,-2668.4,1721.7,106.2,120.0,3.0
VS001374,AD002096,AC001625,met_borrower,3588.3,644.1,3583.3,625.4,19.4,420.0,8.0
VS001379,AD001352,AC001046,met_borrower,3931.5,280.0,3945.7,289.6,17.1,120.0,3.0
VS001383,AD002564,AC001985,address_not_traceable,2319.7,-779.3,2321.7,-780.8,2.5,180.0,4.0
VS001386,AD002880,AC002236,met_family,-443.9,2923.4,-448.5,2923.1,4.6,180.0,4.0
VS001388,AD000449,AC000354,locked_premises,-3725.0,-783.7,-3740.4,-780.0,15.8,120.0,3.0
VS001389,AD000667,AC000517,met_borrower,2326.8,-2371.3,2310.0,-2341.3,34.4,480.0,9.0
VS001395,AD003004,AC002336,met_borrower,2992.9,-2504.6,2984.7,-2513.8,12.3,120.0,3.0
VS001396,AD000524,AC000408,met_borrower,2614.8,-1647.6,2617.3,-1659.4,12.1,180.0,4.0
VS001397,AD000955,AC000741,neighbour_says_shifted,3112.0,-1923.1,3146.4,-1919.2,34.6,240.0,5.0
VS001398,AD002246,AC001738,met_borrower,2454.5,-2338.8,2448.1,-2337.2,6.6,180.0,4.0
VS001399,AD000541,AC000420,met_borrower,2492.6,-2346.6,2596.2,-2480.5,169.3,480.0,9.0
VS001403,AD001581,AC001218,met_family,2736.8,-1812.5,2732.0,-1812.4,4.8,120.0,3.0
VS001404,AD001638,AC001264,met_family,900.6,-2904.9,903.5,-2895.2,10.1,420.0,8.0
VS001411,AD000253,AC000202,met_family,502.9,-2870.8,540.2,-2855.6,40.3,240.0,5.0
VS001412,AD001627,AC001256,met_borrower,1321.6,-2078.0,1320.9,-2072.6,5.4,540.0,10.0
VS001414,AD002665,AC002065,neighbour_says_shifted,-137.2,1123.0,-141.3,1123.1,4.1,300.0,6.0
VS001415,AD001380,AC001068,met_borrower,1386.2,-1884.8,1398.1,-1893.3,14.6,300.0,6.0
VS001420,AD003007,AC002338,met_family,894.0,2754.0,884.0,2753.0,10.0,360.0,7.0
VS001423,AD002669,AC002069,met_family,706.8,2622.2,684.3,2611.5,24.9,360.0,4.0
VS001424,AD001697,AC001307,met_borrower,914.6,2975.3,920.0,2967.8,9.2,540.0,10.0
VS001428,AD003067,AC002382,met_borrower,1377.4,-1823.8,1403.7,-1818.7,26.8,180.0,4.0
VS001430,AD001713,AC001320,met_borrower,1705.1,-2261.4,1728.6,-2058.0,204.8,540.0,10.0
VS001431,AD000173,AC000138,locked_premises,1442.8,-2339.4,1441.7,-2344.8,5.5,120.0,3.0
VS001435,AD001741,AC001343,locked_premises,1559.9,-1857.1,1573.5,-1867.2,16.9,120.0,3.0
VS001436,AD000841,AC000653,met_family,1829.5,-2332.5,1818.5,-2350.1,20.8,300.0,6.0
VS001437,AD002663,AC002064,met_borrower,1589.7,-1933.1,1579.7,-1942.8,13.9,240.0,5.0
VS001440,AD001170,AC000906,met_family,3763.4,-1661.4,3555.9,-1815.5,258.5,120.0,3.0
VS001441,AD001886,AC001462,neighbour_says_shifted,3524.9,-2136.5,3542.8,-2135.0,18.0,120.0,3.0
VS001443,AD001480,AC001140,locked_premises,-3732.5,-762.3,-3729.4,-778.8,16.8,120.0,3.0
VS001448,AD000079,AC000064,met_family,1029.0,-1094.0,989.0,-1188.0,102.2,240.0,5.0
VS001449,AD001755,AC001356,met_family,597.2,-859.2,597.0,-857.1,2.1,300.0,6.0
VS001450,AD000639,AC000497,met_borrower,1061.7,-948.3,1063.8,-955.0,7.0,540.0,10.0
VS001452,AD001290,AC000999,met_borrower,995.0,-1058.1,975.5,-1033.5,31.4,240.0,5.0
VS001456,AD002253,AC001745,met_borrower,-2320.1,-429.9,-2319.5,-427.8,2.2,540.0,10.0
VS001457,AD000727,AC000563,met_borrower,-2687.9,-465.7,-2687.6,-487.8,22.1,360.0,7.0
VS001458,AD002509,AC001941,met_family,-2435.6,-620.9,-2426.2,-620.5,9.4,420.0,8.0
VS001462,AD001294,AC001002,met_borrower,2744.8,-2494.6,2712.3,-2461.4,46.5,180.0,3.0
VS001470,AD002154,AC001667,met_family,761.0,-2694.6,756.2,-2684.0,11.6,300.0,6.0
VS001471,AD002858,AC002216,met_borrower,1177.8,-2927.2,1158.5,-2870.4,60.0,180.0,4.0
VS001473,AD001462,AC001126,met_borrower,974.0,-3355.4,962.8,-3347.2,13.9,540.0,10.0
VS001475,AD000608,AC000475,met_borrower,940.7,-3356.7,919.9,-3345.4,23.7,240.0,5.0
VS001477,AD000623,AC000484,met_borrower,2280.6,1285.2,2259.4,1221.3,67.3,480.0,9.0
VS001478,AD002558,AC001980,locked_premises,2316.1,-2341.2,2541.5,-2294.7,230.1,120.0,3.0
VS001486,AD001743,AC001345,locked_premises,1257.4,2820.0,1259.9,2807.9,12.4,120.0,3.0
VS001488,AD002728,AC002116,met_borrower,761.4,2977.2,765.4,2985.3,9.0,540.0,10.0
VS001490,AD001767,AC001365,met_borrower,1016.9,2290.6,1008.4,2298.8,11.8,240.0,5.0
VS001491,AD001654,AC001277,neighbour_says_shifted,1111.4,2402.3,1065.2,2407.9,46.5,180.0,4.0
VS001492,AD002176,AC001683,met_family,755.0,2469.8,773.0,2473.8,18.4,240.0,5.0
VS001496,AD000634,AC000493,met_borrower,1866.2,-1596.4,1820.7,-1570.2,52.5,420.0,8.0
VS001500,AD000424,AC000336,met_borrower,2903.5,329.9,2904.3,331.5,1.8,540.0,10.0
VS001503,AD000613,AC000478,met_family,2875.8,101.1,2778.5,368.7,284.7,360.0,7.0
VS001506,AD000365,AC000291,met_family,3086.1,540.2,3084.0,541.1,2.3,180.0,4.0
VS001508,AD002670,AC002070,neighbour_says_shifted,3149.2,182.1,3162.8,172.4,16.7,180.0,3.0
VS001509,AD001520,AC001172,met_family,-652.3,-3634.0,-626.8,-3702.6,73.2,240.0,5.0
VS001511,AD001715,AC001321,met_family,-312.9,-3395.7,-307.2,-3407.6,13.2,360.0,4.0
VS001512,AD000607,AC000474,neighbour_says_shifted,-832.5,-3850.4,-836.7,-3854.5,5.9,240.0,5.0
VS001517,AD002551,AC001974,no_such_person,3314.0,535.4,3438.3,528.7,124.5,120.0,3.0
VS001519,AD001880,AC001457,locked_premises,2313.0,-785.3,2322.6,-770.2,17.9,120.0,3.0
VS001523,AD002968,AC002305,met_borrower,3937.3,724.0,3929.9,720.8,8.1,540.0,10.0
VS001524,AD000060,AC000048,met_family,3780.7,108.8,3802.2,97.2,24.4,120.0,3.0
VS001525,AD002424,AC001879,met_borrower,-516.2,-3331.9,-516.5,-3322.6,9.3,540.0,10.0
VS001526,AD002209,AC001707,met_borrower,-70.8,-3837.7,-71.5,-3830.8,6.9,180.0,4.0
VS001528,AD002864,AC002221,met_borrower,-689.1,-3257.6,-697.9,-3257.0,8.8,540.0,7.0
VS001532,AD000749,AC000581,met_family,-175.3,-3450.4,-178.4,-3427.7,22.9,120.0,3.0
VS001535,AD002673,AC002072,met_borrower,2604.6,-2328.3,2609.7,-2321.0,8.9,480.0,9.0
VS001539,AD001567,AC001206,neighbour_says_shifted,2856.8,-2194.9,2860.6,-2181.8,13.6,180.0,4.0
VS001541,AD001760,AC001359,met_family,3192.0,-2426.1,3173.5,-2424.2,18.6,180.0,4.0
VS001542,AD002404,AC001865,locked_premises,3050.4,-1948.5,3066.7,-1956.9,18.3,120.0,3.0
VS001544,AD000936,AC000726,met_borrower,1018.2,-2983.3,1008.6,-2966.7,19.2,480.0,9.0
VS001545,AD000037,AC000032,locked_premises,535.9,-3227.3,544.5,-3234.8,11.4,120.0,3.0
VS001547,AD001516,AC001169,neighbour_says_shifted,479.0,-2618.1,673.3,-2632.1,194.8,120.0,3.0
VS001549,AD002621,AC002031,met_borrower,755.3,-2994.3,815.7,-3138.9,156.7,630.0,12.0
VS001551,AD001151,AC000891,met_family,729.8,-2788.8,664.3,-2919.2,145.9,300.0,6.0
VS001552,AD002967,AC002304,met_borrower,-1255.1,-16.8,-1242.6,-3.9,18.0,540.0,10.0
VS001554,AD001788,AC001383,met_borrower,-1252.2,750.2,-1235.0,762.9,21.4,240.0,5.0
VS001556,AD001490,AC001148,met_family,-1592.4,475.3,-1603.9,405.0,71.2,180.0,4.0
VS001560,AD002762,AC002140,met_borrower,-1243.8,57.2,-1259.3,67.6,18.7,540.0,10.0
VS001561,AD002353,AC001823,met_borrower,-649.8,234.3,-643.8,224.2,11.7,540.0,10.0
VS001565,AD002357,AC001826,met_borrower,1018.2,333.6,1025.0,318.5,16.6,480.0,9.0
VS001568,AD000220,AC000176,neighbour_says_shifted,1462.4,-471.0,1451.0,-467.5,11.9,120.0,3.0
VS001569,AD002089,AC001619,met_borrower,1043.9,239.1,1027.1,249.4,19.7,360.0,7.0
VS001570,AD000012,AC000009,cash_collected,-659.2,-548.5,-656.8,-545.4,3.9,240.0,5.0
VS001572,AD000105,AC000084,met_borrower,-690.5,-40.8,-682.8,-60.5,21.2,540.0,10.0
VS001574,AD001003,AC000777,locked_premises,863.3,1144.3,858.4,1148.4,6.4,240.0,5.0
VS001577,AD000355,AC000282,locked_premises,700.5,-3282.7,692.6,-3295.0,14.6,120.0,3.0
VS001578,AD000069,AC000056,met_borrower,725.5,-3427.5,721.8,-3436.3,9.5,480.0,9.0
VS001579,AD001232,AC000952,met_borrower,237.5,-2837.4,385.9,-2979.8,205.7,420.0,8.0
VS001581,AD000924,AC000715,locked_premises,563.2,-2782.8,506.1,-2715.6,88.2,180.0,4.0
VS001584,AD000354,AC000281,met_borrower,1255.1,-845.0,1252.0,-832.1,13.3,540.0,10.0
VS001587,AD001890,AC001465,locked_premises,2334.5,-765.8,2327.9,-765.0,6.6,180.0,4.0
VS001589,AD002258,AC001749,locked_premises,-3717.8,-771.8,-3716.6,-769.2,2.9,240.0,5.0
VS001591,AD000191,AC000152,neighbour_says_shifted,-3520.2,-911.8,-3526.6,-916.3,7.8,180.0,4.0
VS001594,AD002251,AC001743,met_borrower,-4180.6,-1064.5,-4170.2,-1068.4,11.1,540.0,10.0
VS001595,AD002398,AC001859,met_borrower,678.7,-927.4,669.1,-915.2,15.5,540.0,10.0
VS001597,AD000874,AC000679,met_family,-3938.5,-525.8,-3865.5,-578.8,90.2,180.0,4.0
VS001598,AD002755,AC002135,neighbour_says_shifted,-3818.7,-1055.2,-3815.9,-1048.1,7.6,120.0,3.0
VS001599,AD001091,AC000846,cash_collected,-3681.4,-712.5,-3696.5,-718.3,16.2,540.0,10.0
VS001600,AD000216,AC000173,met_borrower,-4410.0,-818.5,-4412.7,-834.9,16.6,540.0,10.0
VS001602,AD000324,AC000257,locked_premises,-2641.5,1709.1,-2645.0,1717.4,9.0,120.0,3.0
VS001605,AD001692,AC001302,neighbour_says_shifted,-2875.5,1671.9,-2906.7,1414.1,259.7,360.0,7.0
VS001606,AD002552,AC001975,neighbour_says_shifted,-2216.1,1347.7,-2215.6,1334.3,13.4,180.0,4.0
VS001608,AD001734,AC001338,met_borrower,-2890.8,1442.0,-2911.5,1419.5,30.6,240.0,5.0
VS001609,AD001469,AC001132,met_family,-2621.2,1455.2,-2624.1,1441.4,14.1,240.0,5.0
VS001610,AD002656,AC002057,met_borrower,-2308.8,2067.8,-2309.7,2065.2,2.8,240.0,5.0
VS001611,AD002771,AC002147,met_borrower,2108.5,-1912.6,2392.1,-1992.8,294.7,480.0,9.0
VS001613,AD003085,AC002396,locked_premises,3343.6,-2088.0,3334.2,-2080.9,11.8,120.0,3.0
VS001614,AD000589,AC000458,met_borrower,2665.7,-1860.8,2677.7,-1864.9,12.7,360.0,7.0
VS001617,AD000735,AC000570,met_family,2680.5,-2367.3,2682.5,-2366.2,2.3,180.0,4.0
VS001620,AD002707,AC002098,met_borrower,2429.9,-2381.7,2434.3,-2360.5,21.7,300.0,5.0
VS001623,AD002979,AC002314,met_family,1372.1,175.3,1363.5,165.8,12.8,300.0,6.0
VS001625,AD000836,AC000649,met_borrower,806.6,-597.4,817.6,-581.3,19.5,540.0,10.0
VS001628,AD000488,AC000384,neighbour_says_shifted,1242.1,224.8,1240.7,221.6,3.5,180.0,4.0
VS001633,AD003010,AC002340,met_family,-1093.6,-3088.2,-1113.4,-3087.4,19.8,120.0,3.0
VS001634,AD002046,AC001588,met_borrower,-1062.3,-3495.7,-1012.0,-3546.4,71.4,300.0,6.0
VS001635,AD002217,AC001715,met_family,-683.9,-3074.4,-873.7,-3088.5,190.3,180.0,4.0
VS001637,AD001130,AC000876,locked_premises,-746.0,-3327.0,-768.3,-3323.7,22.5,120.0,3.0
VS001640,AD002194,AC001697,met_family,1657.2,-1701.1,1717.6,-1749.1,77.2,240.0,5.0
VS001641,AD002748,AC002131,met_borrower,1212.6,-1969.2,1157.2,-1877.0,107.6,180.0,4.0
VS001642,AD000860,AC000666,locked_premises,1341.0,-1837.1,1341.5,-1839.2,2.2,120.0,3.0
VS001643,AD000419,AC000332,neighbour_says_shifted,1919.5,-2324.9,1923.8,-2314.7,11.1,120.0,3.0
VS001644,AD002244,AC001736,met_borrower,1216.2,-1861.5,1238.2,-1849.9,24.9,540.0,10.0
VS001646,AD001551,AC001193,met_family,1601.6,-2255.1,1742.2,-2436.0,229.1,420.0,8.0
VS001647,AD001586,AC001223,met_borrower,1720.0,-1590.2,1557.2,-1671.4,181.9,240.0,5.0
VS001648,AD002299,AC001780,cash_collected,938.4,2286.7,941.1,2303.9,17.4,540.0,10.0
VS001649,AD002936,AC002282,met_borrower,1136.4,2977.6,1131.1,2972.0,7.7,540.0,10.0
VS001650,AD001927,AC001493,locked_premises,1067.9,2392.0,1062.2,2401.2,10.8,120.0,3.0
VS001651,AD001811,AC001403,met_borrower,993.9,3255.0,893.5,3093.4,190.2,120.0,3.0
VS001652,AD002796,AC002167,met_borrower,848.7,3205.0,843.2,3203.3,5.8,480.0,5.0
VS001653,AD003050,AC002369,met_family,742.3,2671.7,789.8,2622.5,68.4,420.0,8.0
VS001654,AD000711,AC000551,met_family,773.8,2478.7,768.2,2469.6,10.7,360.0,7.0
VS001655,AD001963,AC001524,met_family,-309.0,-737.7,-311.7,-730.5,7.7,480.0,9.0
VS001656,AD000975,AC000756,no_such_person,-561.2,-437.1,-573.1,-448.2,16.3,120.0,3.0
VS001658,AD001682,AC001295,neighbour_says_shifted,-606.1,-262.2,-640.2,-314.5,62.4,180.0,4.0
VS001659,AD000472,AC000373,met_borrower,-324.5,-101.4,-318.7,-105.8,7.3,540.0,10.0
VS001663,AD000456,AC000360,neighbour_says_shifted,-267.8,-378.5,-217.8,-371.9,50.4,180.0,4.0
VS001666,AD002333,AC001807,met_family,-2254.0,-536.1,-2262.6,-525.9,13.3,240.0,5.0
VS001668,AD001458,AC001123,locked_premises,-2860.6,-455.6,-2859.1,-459.5,4.2,120.0,3.0
VS001669,AD001384,AC001071,neighbour_says_shifted,-2715.5,-504.7,-2710.7,-495.2,10.6,180.0,4.0
VS001670,AD001064,AC000826,met_borrower,-2882.7,72.6,-2976.3,-24.9,135.2,480.0,9.0
VS001671,AD001868,AC001448,met_family,-2217.5,-178.7,-2223.6,-169.4,11.1,180.0,4.0
VS001674,AD001422,AC001095,met_borrower,3978.4,693.8,3987.3,678.0,18.1,300.0,6.0
VS001675,AD002737,AC002123,met_family,3607.2,167.7,3600.0,168.3,7.2,420.0,8.0
VS001677,AD000722,AC000560,met_borrower,4025.7,325.7,4028.6,322.2,4.5,240.0,5.0
VS001678,AD001499,AC001155,met_family,3510.3,4.2,3516.7,-6.7,12.6,120.0,3.0
VS001679,AD002102,AC001629,met_borrower,2968.0,-1824.8,2954.4,-1811.8,18.8,540.0,10.0
VS001680,AD000870,AC000676,address_not_traceable,-3757.8,-781.1,-3749.8,-779.5,8.2,120.0,3.0
VS001681,AD001078,AC000837,met_borrower,3061.6,-1848.8,3062.5,-1857.5,8.7,540.0,10.0
VS001683,AD002134,AC001653,met_family,3095.7,-1836.8,3128.4,-1897.9,69.3,240.0,5.0
VS001686,AD002982,AC002317,met_family,3041.4,-2337.1,3065.0,-2330.8,24.4,480.0,9.0
VS001692,AD000200,AC000161,met_borrower,363.2,-2875.2,374.5,-2878.9,11.9,540.0,8.0
VS001694,AD001900,AC001473,neighbour_says_shifted,699.6,-2696.1,707.4,-2697.6,7.9,180.0,4.0
VS001696,AD002270,AC001759,met_borrower,612.2,-2898.5,573.2,-2935.5,53.8,180.0,4.0
VS001697,AD001372,AC001063,met_family,2994.2,-2500.8,2994.4,-2501.9,1.1,180.0,4.0
VS001698,AD000658,AC000511,met_borrower,2135.1,-2115.4,2139.9,-2133.7,18.9,120.0,3.0
VS001703,AD000602,AC000469,met_family,3016.0,-1616.8,2968.6,-1911.0,298.0,180.0,4.0
VS001705,AD001815,AC001406,locked_premises,-2484.9,1025.5,-2482.1,1024.6,2.9,120.0,3.0
VS001706,AD000238,AC000190,met_family,-2865.4,1007.0,-2863.3,994.8,12.4,480.0,9.0
VS001707,AD001314,AC001017,cash_collected,-2432.5,1274.0,-2444.8,1281.0,14.2,360.0,7.0
VS001708,AD001042,AC000810,met_family,-2989.3,807.4,-2985.3,801.8,6.9,480.0,9.0
VS001715,AD001857,AC001439,met_family,1646.1,-2253.7,1648.9,-2230.2,23.7,360.0,7.0
VS001716,AD001397,AC001080,met_family,1692.5,-1696.4,1698.0,-1675.7,21.4,120.0,3.0
VS001718,AD000756,AC000586,met_borrower,1322.6,-2271.2,1467.9,-2225.8,152.2,240.0,5.0
VS001723,AD002966,AC002303,met_family,434.2,2611.5,418.0,2582.1,33.6,120.0,3.0
VS001725,AD002962,AC002300,met_borrower,996.0,3134.5,973.4,3136.1,22.7,180.0,4.0
VS001731,AD002019,AC001564,neighbour_says_shifted,1154.0,-1962.7,1144.7,-1961.5,9.4,240.0,5.0
VS001734,AD002521,AC001949,met_family,1764.0,-2526.9,1580.7,-2381.9,233.7,120.0,3.0
VS001735,AD002675,AC002074,locked_premises,-654.5,3200.4,-665.5,3200.3,11.0,120.0,3.0
VS001736,AD001587,AC001224,met_family,-812.4,2989.2,-808.7,3000.2,11.6,120.0,3.0
VS001738,AD000808,AC000625,met_family,-720.8,3385.8,-711.1,3387.9,9.9,480.0,9.0
VS001741,AD000606,AC000473,met_family,-577.7,3294.5,-570.2,3293.1,7.6,360.0,7.0
VS001743,AD002852,AC002210,met_borrower,-327.3,2839.8,-286.4,2831.5,41.7,480.0,9.0
VS001745,AD001395,AC001079,neighbour_says_shifted,1363.0,-1066.3,1353.7,-1062.4,10.1,240.0,5.0
VS001747,AD002819,AC002183,met_borrower,1329.7,-909.1,1330.9,-913.9,4.9,540.0,10.0
VS001748,AD000526,AC000410,met_borrower,1215.3,-598.1,1168.2,-557.3,62.3,360.0,7.0
VS001753,AD000647,AC000503,neighbour_says_shifted,-171.5,-3335.7,-173.7,-3339.8,4.7,180.0,4.0
VS001754,AD002712,AC002103,locked_premises,-739.2,-3702.1,-751.2,-3727.9,28.5,120.0,3.0
VS001758,AD002764,AC002142,met_borrower,533.8,-3288.3,515.2,-3267.2,28.1,480.0,9.0
VS001762,AD002711,AC002102,met_borrower,1461.2,-3343.4,1428.1,-3313.6,44.5,480.0,9.0
VS001764,AD000782,AC000606,met_borrower,676.2,-2465.6,652.9,-2631.4,167.4,360.0,7.0
VS001766,AD000126,AC000100,no_such_person,769.6,-3410.6,912.9,-3200.3,254.5,120.0,3.0
VS001774,AD000779,AC000604,met_family,2300.4,830.2,2205.0,851.0,97.6,120.0,3.0
VS001780,AD000668,AC000518,met_family,2325.8,925.2,2324.3,914.3,11.0,420.0,8.0
VS001785,AD002458,AC001901,met_borrower,1031.5,-3112.6,1029.8,-3120.0,7.6,240.0,5.0
VS001786,AD002401,AC001862,met_family,655.8,-3633.4,612.3,-3464.9,174.0,120.0,3.0
VS001788,AD002541,AC001966,met_borrower,1300.4,154.8,1283.5,156.0,16.9,300.0,6.0
VS001790,AD001417,AC001092,met_borrower,1203.3,-448.3,1203.7,-448.2,0.4,540.0,10.0
VS001794,AD002131,AC001651,met_family,-1509.9,-2438.4,-1525.0,-2453.3,21.2,120.0,3.0
VS001795,AD001647,AC001272,met_family,-1639.1,-2886.1,-1640.6,-2908.4,22.4,480.0,9.0
VS001796,AD001447,AC001114,met_borrower,-1254.7,-2708.2,-1178.2,-2847.7,159.1,240.0,5.0
VS001801,AD000400,AC000318,locked_premises,-2069.8,-2671.8,-1956.8,-2726.4,125.5,120.0,3.0
VS001802,AD001754,AC001355,neighbour_says_shifted,-2380.1,-92.2,-2378.3,-88.5,4.1,300.0,6.0
VS001810,AD001832,AC001420,address_not_traceable,-3715.4,-765.5,-3721.8,-762.3,7.2,120.0,3.0
VS001815,AD003088,AC002399,address_not_traceable,2335.2,-765.8,2341.3,-757.5,10.3,120.0,3.0
VS001817,AD002799,AC002169,met_family,3483.6,-21.5,3472.7,-23.8,11.1,240.0,5.0
VS001821,AD002068,AC001606,met_family,-2034.0,1433.2,-2060.6,1513.4,84.5,570.0,11.0
VS001822,AD001722,AC001327,met_borrower,-2243.5,1292.8,-2242.3,1294.9,2.4,540.0,10.0
VS001823,AD002964,AC002301,met_family,-2701.3,1925.4,-2716.2,1918.1,16.6,300.0,6.0
VS001824,AD000359,AC000286,met_borrower,-2470.0,-2648.2,-2459.7,-2638.7,14.0,540.0,10.0
VS001825,AD002579,AC001999,met_borrower,-2042.0,-2569.2,-2009.4,-2588.0,37.6,300.0,6.0
VS001827,AD002317,AC001796,locked_premises,-2395.7,-2023.0,-2382.2,-2020.9,13.7,120.0,3.0
VS001833,AD001867,AC001447,no_such_person,2850.0,1461.5,2872.0,1449.3,25.2,180.0,4.0
VS001835,AD002367,AC001834,met_family,2094.0,759.0,2107.0,762.7,13.5,120.0,3.0
VS001836,AD000969,AC000751,met_family,2174.9,1002.3,2160.8,994.7,16.0,240.0,5.0
VS001837,AD001045,AC000812,met_family,2615.2,1450.9,2624.1,1461.0,13.5,180.0,4.0
VS001838,AD001096,AC000850,met_family,2634.6,1151.5,2707.0,941.3,222.3,480.0,9.0
VS001840,AD001257,AC000972,met_family,2318.6,1449.6,2319.9,1445.2,4.6,480.0,9.0
VS001843,AD001035,AC000804,met_borrower,979.9,-494.4,974.7,-484.9,10.8,420.0,8.0
VS001845,AD001187,AC000919,locked_premises,1365.3,-304.6,1378.5,-297.9,14.8,120.0,3.0
VS001846,AD000001,AC000001,met_borrower,1221.2,-281.1,1207.2,-180.3,101.8,240.0,5.0
VS001848,AD002060,AC001598,met_borrower,760.6,-342.2,760.4,-354.2,12.0,540.0,10.0
VS001849,AD002067,AC001605,met_family,1028.0,-308.2,1039.2,-375.8,68.5,240.0,5.0
VS001850,AD002882,AC002238,met_borrower,1202.9,-333.4,1201.6,-328.1,5.5,540.0,8.0
VS001851,AD002606,AC002018,met_family,1224.9,-188.6,1217.2,-181.9,10.2,120.0,3.0
VS001857,AD000797,AC000617,neighbour_says_shifted,2586.7,-1122.4,2494.7,-1148.9,95.7,240.0,5.0
VS001859,AD001971,AC001531,met_borrower,2818.7,-1044.4,2813.6,-1270.3,226.0,360.0,7.0
VS001861,AD002772,AC002148,met_family,2534.6,-930.3,2532.4,-917.5,13.0,480.0,9.0
VS001862,AD001855,AC001437,locked_premises,2412.7,-1204.6,2434.6,-1203.6,21.9,120.0,3.0
VS001863,AD002262,AC001753,met_borrower,2610.9,-1650.6,2612.9,-1666.6,16.1,540.0,10.0
VS001866,AD000686,AC000531,locked_premises,2792.5,835.1,2802.0,835.2,9.5,120.0,3.0
VS001868,AD002751,AC002133,met_family,3094.8,405.1,3107.9,461.2,57.6,180.0,4.0
VS001870,AD001726,AC001331,locked_premises,2927.8,883.2,2920.8,881.2,7.3,120.0,3.0
VS001873,AD002415,AC001873,met_borrower,-2825.0,197.2,-2689.6,-53.2,284.7,180.0,4.0
VS001875,AD000721,AC000559,met_borrower,-3035.4,-140.9,-3038.6,-116.9,24.2,480.0,9.0
VS001876,AD000288,AC000228,address_not_traceable,2317.0,-771.1,2316.8,-770.3,0.8,120.0,3.0
VS001877,AD002590,AC002006,locked_premises,-3744.0,-785.6,-3734.4,-767.2,20.8,120.0,3.0
VS001879,AD001109,AC000859,address_not_traceable,-3743.7,-768.7,-3743.5,-768.2,0.5,120.0,3.0
VS001881,AD002977,AC002312,met_family,-2652.5,-496.2,-2666.0,-491.8,14.2,180.0,4.0
VS001890,AD000850,AC000659,met_borrower,3785.4,225.5,3750.6,227.0,34.8,180.0,4.0
VS001903,AD000785,AC000608,met_borrower,2446.0,-2317.7,2440.5,-2252.0,65.9,480.0,9.0
VS001905,AD001416,AC001091,met_borrower,2601.3,-1652.5,2605.5,-1654.1,4.5,540.0,10.0
VS001908,AD000075,AC000060,neighbour_says_shifted,2785.1,-2317.7,2769.6,-2331.3,20.6,240.0,5.0
VS001910,AD000904,AC000701,met_borrower,954.0,-2889.8,904.5,-2898.8,50.3,480.0,9.0
VS001911,AD001186,AC000918,met_borrower,2875.7,-2018.5,2860.2,-2032.1,20.6,300.0,6.0
VS001912,AD002304,AC001785,no_such_person,2786.0,-2052.9,2790.5,-2055.2,5.1,180.0,4.0
VS001914,AD000114,AC000091,met_family,2716.4,-1869.8,2706.0,-1873.7,11.1,420.0,8.0
VS001915,AD000529,AC000413,locked_premises,2816.5,-2095.5,2821.8,-2095.4,5.3,120.0,3.0
VS001920,AD002468,AC001909,met_family,-3049.4,1477.7,-3071.2,1473.5,22.2,420.0,8.0
VS001921,AD001790,AC001385,met_borrower,-3144.6,1510.0,-3117.0,1537.7,39.1,480.0,9.0
VS001924,AD001752,AC001353,no_such_person,1466.6,-2259.8,1462.9,-2264.9,6.3,180.0,4.0
VS001926,AD001495,AC001151,met_borrower,1266.5,-1832.2,1298.2,-1842.2,33.2,480.0,9.0
VS001927,AD003074,AC002387,met_family,1508.6,-2121.3,1493.5,-2117.4,15.6,120.0,3.0
VS001930,AD002849,AC002207,met_borrower,1721.6,-2413.9,1779.5,-2404.7,58.6,120.0,3.0
VS001935,AD002112,AC001637,met_family,-358.9,3274.8,-362.4,3285.0,10.8,480.0,9.0
VS001936,AD002166,AC001676,neighbour_says_shifted,-940.5,2990.1,-973.3,3029.0,50.9,120.0,3.0
VS001939,AD001135,AC000879,cash_collected,-732.6,2999.1,-727.8,2919.5,79.7,360.0,7.0
VS001942,AD001040,AC000808,locked_premises,617.2,-1232.4,851.8,-1116.5,261.7,180.0,4.0
VS001944,AD002614,AC002024,neighbour_says_shifted,802.7,-781.9,663.2,-819.1,144.4,180.0,4.0
VS001945,AD002731,AC002118,neighbour_says_shifted,764.0,1378.6,855.4,1601.5,240.9,300.0,6.0
VS001946,AD000227,AC000182,locked_premises,1166.7,-1190.1,1160.4,-1192.5,6.7,120.0,3.0
VS001948,AD002848,AC002206,no_such_person,1003.3,-774.6,988.8,-768.0,15.9,120.0,3.0
VS001949,AD001622,AC001253,met_borrower,1140.4,-1091.8,965.5,-1048.4,180.2,300.0,6.0
VS001951,AD002411,AC001869,met_borrower,1201.8,-1239.8,1196.7,-1234.8,7.1,240.0,5.0
VS001952,AD000570,AC000443,met_borrower,-3733.1,-752.3,-3725.7,-769.7,18.9,120.0,3.0
VS001956,AD000426,AC000337,met_family,838.1,-1179.5,835.1,-1186.0,7.2,240.0,5.0
VS001969,AD002920,AC002267,met_borrower,2743.2,-2544.0,2742.7,-2555.4,11.4,120.0,3.0
VS001970,AD000360,AC000287,met_borrower,3269.9,-2386.4,3301.0,-2460.0,79.9,480.0,9.0
VS001971,AD000316,AC000251,met_family,2317.5,-2130.3,2396.9,-2157.5,83.9,180.0,4.0
VS001972,AD002307,AC001788,met_borrower,2482.8,-2346.0,2479.7,-2359.1,13.5,300.0,6.0
VS001974,AD001105,AC000857,met_family,2818.6,-2258.0,2832.0,-2268.6,17.1,300.0,6.0
VS001975,AD002757,AC002137,neighbour_says_shifted,2408.1,-2151.8,2394.5,-2148.5,14.0,240.0,5.0
VS001979,AD001364,AC001056,met_borrower,2965.6,-2530.9,2955.7,-2509.2,23.9,480.0,9.0
VS001985,AD002494,AC001930,locked_premises,-743.8,-958.2,-722.9,-1132.4,175.4,120.0,3.0
VS001995,AD001523,AC001174,met_borrower,2940.4,271.5,2946.9,261.1,12.3,540.0,10.0
VS002001,AD002474,AC001915,met_borrower,2803.3,831.7,2801.5,837.3,5.9,540.0,10.0
VS002002,AD002261,AC001752,neighbour_says_shifted,2671.2,252.7,2678.3,244.1,11.2,240.0,5.0
VS002003,AD000412,AC000327,met_borrower,1168.8,-1889.3,1230.3,-2089.0,209.0,480.0,9.0
VS002008,AD000921,AC000713,locked_premises,1703.0,-2314.5,1712.0,-2294.5,21.9,120.0,3.0
VS002009,AD002820,AC002184,met_family,1838.2,-1602.1,1882.8,-1867.3,268.9,360.0,7.0
VS002010,AD002091,AC001621,met_family,1834.8,-2219.8,1777.2,-2195.6,62.5,120.0,3.0
VS002011,AD000338,AC000267,met_family,1216.6,-2012.5,1214.1,-2013.8,2.8,120.0,3.0
VS002012,AD002237,AC001731,met_family,1609.5,-2350.9,1631.4,-2384.3,39.9,240.0,4.0
VS002016,AD003087,AC002398,neighbour_says_shifted,2703.7,-1343.4,2670.5,-1356.2,35.6,240.0,5.0
VS002018,AD002832,AC002195,locked_premises,2692.6,-1033.3,2692.5,-1016.7,16.6,120.0,3.0
VS002020,AD003045,AC002365,neighbour_says_shifted,2951.0,-1271.5,2943.3,-1262.0,12.2,120.0,3.0
VS002022,AD002756,AC002136,met_borrower,-2542.9,1412.2,-2546.7,1414.7,4.5,540.0,10.0
VS002023,AD000323,AC000256,met_family,-2539.6,1871.9,-2527.0,1868.2,13.1,180.0,4.0
VS002026,AD001578,AC001216,met_family,-2263.9,1693.5,-2264.9,1710.3,16.8,420.0,8.0
VS002027,AD001094,AC000848,met_borrower,-2471.0,1745.6,-2465.6,1756.0,11.7,240.0,5.0
VS002028,AD001212,AC000937,met_borrower,-3127.8,1341.6,-2964.7,1347.6,163.2,240.0,5.0
VS002036,AD001333,AC001031,no_such_person,-2893.9,-220.7,-2897.1,-217.0,4.9,180.0,4.0
VS002047,AD001236,AC000955,locked_premises,2925.2,-2631.9,2932.4,-2643.6,13.7,120.0,3.0
VS002049,AD003005,AC002336,cash_collected,-2076.0,-2216.0,-2079.8,-2216.3,3.8,540.0,10.0
VS002053,AD002154,AC001667,met_borrower,756.1,-2663.4,755.8,-2682.6,19.2,180.0,4.0
VS002054,AD000138,AC000110,locked_premises,638.2,-3093.1,617.6,-3080.6,24.1,120.0,3.0
VS002055,AD001462,AC001126,met_borrower,938.3,-3404.6,963.6,-3350.6,59.6,480.0,9.0
VS002060,AD000309,AC000246,met_family,2841.9,-1644.6,2775.7,-1831.9,198.7,420.0,8.0
VS002062,AD000622,AC000484,locked_premises,2483.7,-2499.3,2474.7,-2519.9,22.5,120.0,3.0
VS002066,AD002574,AC001995,locked_premises,1814.8,-2203.6,1805.2,-2200.0,10.3,120.0,3.0
VS002067,AD002664,AC002065,met_borrower,1220.3,-2391.6,1228.3,-2396.8,9.5,540.0,10.0
VS002069,AD002821,AC002185,met_borrower,1311.9,-2242.2,1312.9,-2230.6,11.6,540.0,10.0
VS002071,AD001833,AC001421,neighbour_says_shifted,1526.9,-2386.5,1531.6,-2409.2,23.2,240.0,5.0
VS002072,AD001380,AC001068,met_family,1405.5,-1891.1,1400.8,-1889.5,5.0,120.0,3.0
VS002073,AD000560,AC000435,met_family,1276.3,-2461.3,1291.4,-2462.1,15.1,420.0,8.0
VS002074,AD001713,AC001320,met_family,1808.9,-2079.5,1732.8,-2053.7,80.4,180.0,4.0
VS002077,AD003060,AC002378,met_family,858.5,2781.8,851.1,2776.6,9.0,180.0,4.0
VS002080,AD000792,AC000614,met_family,923.8,2483.2,925.5,2477.6,5.9,360.0,6.0
VS002084,AD000173,AC000138,met_borrower,1457.3,-2341.3,1441.0,-2346.3,17.0,300.0,6.0
VS002091,AD001715,AC001321,met_borrower,-346.3,-3399.1,-305.7,-3403.0,40.8,480.0,9.0
VS002092,AD001620,AC001251,met_family,-39.1,-3371.8,-28.5,-3368.5,11.1,420.0,8.0
VS002096,AD000023,AC000020,met_family,-2953.6,-25.9,-2951.1,-17.3,9.0,120.0,3.0
VS002099,AD002547,AC001970,met_borrower,319.4,1329.5,325.7,1309.9,20.6,420.0,8.0
VS002101,AD000727,AC000563,met_family,-2698.9,-758.6,-2687.5,-490.5,268.3,420.0,8.0
VS002102,AD002509,AC001941,met_family,-2435.6,-614.5,-2422.8,-618.6,13.4,360.0,7.0
VS002104,AD000781,AC000605,cash_collected,3808.3,648.1,3756.7,505.5,151.6,540.0,10.0
VS002107,AD002889,AC002243,neighbour_says_shifted,4088.0,110.3,4090.5,106.2,4.8,180.0,4.0
VS002113,AD001638,AC001264,met_borrower,861.2,-3298.2,861.9,-3287.5,10.7,180.0,4.0
VS002115,AD000936,AC000726,locked_premises,1005.1,-2973.5,1007.9,-2968.3,5.9,120.0,3.0
VS002116,AD002061,AC001599,met_borrower,801.7,-2952.2,784.6,-2993.9,45.1,480.0,9.0
VS002117,AD001972,AC001532,met_family,693.0,-2829.0,698.6,-2849.0,20.8,480.0,9.0
VS002120,AD000037,AC000032,met_borrower,708.3,-3438.3,853.0,-3269.3,222.5,240.0,5.0
VS002124,AD000129,AC000103,met_family,3281.4,-1952.9,3225.6,-1948.1,56.0,180.0,4.0
VS002127,AD000363,AC000289,met_family,2462.2,-2539.4,2714.0,-2618.4,263.9,120.0,3.0
VS002128,AD000320,AC000253,met_borrower,2030.0,-913.0,2022.3,-917.1,8.7,540.0,10.0
VS002130,AD001567,AC001206,no_such_person,2871.1,-2172.7,2856.1,-2182.9,18.1,180.0,4.0
VS002134,AD002171,AC001679,met_borrower,424.7,-3439.9,432.8,-3470.1,31.3,300.0,6.0
VS002135,AD000253,AC000202,met_family,524.6,-2839.2,538.5,-2857.1,22.7,240.0,5.0
VS002140,AD000986,AC000765,met_family,1334.8,2536.2,1191.0,2510.1,146.1,420.0,8.0
VS002144,AD000032,AC000028,met_borrower,1786.3,-1829.0,1768.2,-1817.9,21.2,360.0,7.0
VS002145,AD000842,AC000653,met_borrower,846.2,1312.2,848.6,1316.9,5.3,540.0,10.0
VS002146,AD003044,AC002364,neighbour_says_shifted,1200.0,-2372.1,1211.0,-2560.7,188.9,240.0,5.0
VS002150,AD001996,AC001549,met_family,1709.5,-1819.6,1641.8,-1763.7,87.8,120.0,3.0
VS002152,AD000672,AC000521,locked_premises,930.5,2633.0,943.0,2633.4,12.5,120.0,3.0
VS002154,AD001505,AC001160,met_family,1068.0,2643.0,1064.6,2651.3,9.0,240.0,5.0
VS002155,AD001339,AC001036,met_borrower,550.0,2652.9,577.6,2648.8,27.9,420.0,8.0
VS002163,AD001291,AC001000,met_borrower,981.6,-836.6,955.2,-608.0,230.1,300.0,6.0
VS002164,AD000639,AC000497,met_borrower,717.2,-820.0,725.1,-818.2,8.1,240.0,5.0
VS002167,AD002933,AC002279,met_family,905.3,-720.4,913.6,-710.4,13.0,480.0,9.0
VS002168,AD001890,AC001465,neighbour_says_shifted,1095.4,-477.7,1107.9,-484.1,14.0,120.0,3.0
VS002170,AD000233,AC000187,met_borrower,796.3,-763.5,890.5,-778.8,95.4,540.0,10.0
VS002173,AD001555,AC001197,met_borrower,-2647.1,1797.2,-2585.9,1797.4,61.2,180.0,4.0
VS002176,AD002143,AC001659,locked_premises,2333.8,-756.7,2320.6,-768.7,17.8,180.0,4.0
VS002179,AD002229,AC001724,address_not_traceable,2325.1,-792.9,2331.8,-794.1,6.8,120.0,3.0
VS002180,AD001386,AC001072,neighbour_says_shifted,-534.7,-3511.4,-403.6,-3397.2,173.9,180.0,4.0
VS002182,AD002188,AC001692,met_borrower,-240.7,-3321.4,-206.4,-3286.1,49.2,480.0,9.0
VS002186,AD002246,AC001738,met_family,2439.9,-2330.3,2445.1,-2338.3,9.5,120.0,3.0
VS002187,AD002911,AC002260,met_family,2907.0,-2221.7,2913.1,-2215.2,8.9,120.0,3.0
VS002190,AD001760,AC001359,met_borrower,3170.1,-2461.2,3174.0,-2422.7,38.7,480.0,9.0
VS002194,AD001034,AC000803,neighbour_says_shifted,3182.1,-2003.2,3162.3,-2002.3,19.8,240.0,5.0
VS002195,AD002904,AC002255,no_such_person,2617.7,-1947.3,2621.6,-1946.8,3.9,180.0,4.0
VS002196,AD000062,AC000050,met_family,580.1,-3096.0,598.9,-3088.9,20.1,360.0,7.0
VS002198,AD002922,AC002269,met_borrower,780.4,-2699.9,779.9,-2691.0,8.9,420.0,8.0
VS002199,AD001468,AC001131,no_such_person,358.4,-2688.1,367.6,-2696.1,12.2,120.0,3.0
VS002200,AD002514,AC001945,met_borrower,748.0,-3276.3,747.6,-3290.5,14.2,540.0,10.0
VS002203,AD001151,AC000891,met_family,671.5,-2914.5,666.4,-2918.3,6.4,480.0,9.0
VS002205,AD001145,AC000886,met_family,593.9,2301.0,595.6,2301.8,1.9,480.0,9.0
VS002207,AD001322,AC001023,met_family,16.7,1989.0,67.7,1994.8,51.3,180.0,3.0
VS002210,AD002687,AC002083,met_family,69.8,2611.7,80.2,2638.4,28.7,180.0,4.0
VS002212,AD000337,AC000266,met_borrower,1478.3,-2033.8,1487.5,-2030.5,9.8,540.0,10.0
VS002213,AD000443,AC000349,met_borrower,1765.8,-1808.2,1765.2,-1818.9,10.7,540.0,8.0
VS002216,AD001694,AC001304,met_borrower,1757.5,-2215.3,1744.0,-2201.6,19.2,300.0,6.0
VS002217,AD001962,AC001523,met_borrower,1458.8,-1796.2,1395.2,-1976.3,191.0,480.0,9.0
VS002218,AD002535,AC001961,met_borrower,2991.1,979.8,2986.8,986.7,8.1,360.0,7.0
VS002219,AD000424,AC000336,met_borrower,2918.9,337.2,2905.4,329.3,15.6,540.0,10.0
VS002220,AD002583,AC002002,met_borrower,3393.4,553.8,3399.1,555.4,5.9,240.0,5.0
VS002223,AD002633,AC002041,met_borrower,3185.4,669.5,3179.3,732.6,63.4,360.0,7.0
VS002225,AD000642,AC000499,met_borrower,669.3,-346.7,682.6,-315.5,33.9,120.0,3.0
VS002227,AD001577,AC001215,neighbour_says_shifted,930.0,410.2,931.3,404.9,5.5,180.0,4.0
VS002234,AD000948,AC000735,cash_collected,1324.4,-505.1,1323.7,-503.1,2.1,420.0,8.0
VS002240,AD002520,AC001948,met_borrower,620.8,-867.2,622.9,-860.8,6.7,540.0,10.0
VS002243,AD002230,AC001725,locked_premises,3397.6,-1817.8,3395.4,-1819.6,2.8,120.0,3.0
VS002249,AD002178,AC001684,met_family,2956.4,-2421.9,2965.5,-2420.3,9.2,180.0,4.0
VS002251,AD001521,AC001173,met_borrower,-742.0,3279.7,-736.2,3289.8,11.6,420.0,8.0
VS002253,AD002880,AC002236,met_family,-507.2,2938.8,-452.2,2927.5,56.1,420.0,8.0
VS002254,AD000741,AC000574,met_borrower,-633.8,2732.5,-633.4,2726.7,5.8,540.0,10.0
VS002260,AD001054,AC000819,met_family,-133.5,2765.2,-99.3,2792.3,43.6,120.0,3.0
VS002261,AD002771,AC002147,locked_premises,2584.4,-2376.9,2381.3,-2224.9,253.7,120.0,3.0
VS002262,AD002414,AC001872,locked_premises,2909.7,-1803.4,2907.8,-1798.0,5.7,120.0,3.0
VS002263,AD000589,AC000458,met_borrower,2674.6,-1858.7,2682.2,-1861.9,8.2,540.0,10.0
VS002265,AD000867,AC000673,met_family,2980.0,-2544.8,2908.6,-2556.8,72.4,180.0,4.0
VS002268,AD003085,AC002396,met_borrower,3361.7,-2050.3,3328.0,-2110.3,68.8,420.0,8.0
VS002269,AD001725,AC001330,met_borrower,2967.0,-2148.1,2966.5,-2159.9,11.8,540.0,8.0
VS002270,AD000809,AC000626,locked_premises,667.5,87.7,671.4,81.3,7.5,120.0,3.0
VS002279,AD001973,AC001533,met_family,895.1,-400.9,885.5,-402.6,9.7,360.0,7.0
VS002281,AD002637,AC002043,met_borrower,-1099.6,-3241.0,-1088.1,-3245.4,12.3,120.0,3.0
VS002282,AD003083,AC002394,neighbour_says_shifted,-1572.0,-2635.5,-1390.2,-2706.4,195.1,120.0,3.0
VS002288,AD001963,AC001524,met_borrower,-319.3,-737.9,-313.5,-731.2,8.9,540.0,10.0
VS002289,AD001465,AC001128,met_family,-794.8,-758.2,-786.2,-747.2,14.0,240.0,5.0
VS002294,AD001682,AC001295,locked_premises,-545.4,-64.0,-638.0,-310.4,263.2,150.0,4.0
VS002297,AD001627,AC001256,met_borrower,1310.9,-1996.0,1322.2,-2070.8,75.6,480.0,9.0
VS002298,AD002194,AC001697,met_family,1723.6,-1750.4,1721.1,-1750.5,2.5,360.0,7.0
VS002301,AD002663,AC002064,met_borrower,1817.4,-1842.6,1819.4,-1829.2,13.5,240.0,5.0
VS002304,AD001178,AC000913,met_borrower,1803.6,-2195.5,1801.9,-2197.2,2.4,540.0,10.0
VS002307,AD002936,AC002282,met_family,1121.6,2984.6,1130.2,2970.3,16.7,240.0,5.0
VS002310,AD002206,AC001705,met_borrower,1042.1,2958.1,1039.4,2919.2,39.0,480.0,9.0
VS002312,AD000096,AC000075,met_family,3383.0,563.5,3367.0,543.8,25.4,480.0,9.0
VS002314,AD001499,AC001155,met_borrower,3471.4,-35.9,3516.7,-3.0,56.0,180.0,4.0
VS002316,AD002737,AC002123,met_borrower,3587.8,169.6,3598.6,168.8,10.8,480.0,9.0
VS002317,AD000043,AC000036,neighbour_says_shifted,3918.0,708.4,3934.7,713.6,17.5,120.0,3.0
VS002318,AD001812,AC001404,met_borrower,3859.5,582.3,3855.3,592.8,11.3,420.0,8.0
VS002321,AD002485,AC001923,locked_premises,2307.4,-787.4,2311.4,-794.4,8.1,180.0,4.0
VS002326,AD000154,AC000122,met_borrower,3507.9,-2260.0,3564.2,-2270.6,57.3,300.0,6.0
VS002330,AD001078,AC000837,met_borrower,2958.9,-2058.1,2944.9,-2046.6,18.1,420.0,8.0
VS002331,AD002134,AC001653,met_family,3121.6,-1912.9,3129.2,-1901.4,13.8,180.0,4.0
VS002332,AD002044,AC001586,met_family,3445.5,-1965.5,3230.6,-2187.0,308.6,300.0,6.0
VS002333,AD002380,AC001846,locked_premises,3086.2,-2423.8,3073.4,-2433.1,15.8,120.0,3.0
VS002337,AD001779,AC001376,met_family,3077.3,-1812.6,3069.2,-1824.4,14.3,420.0,8.0
VS002338,AD000733,AC000568,met_borrower,2801.7,-2241.2,2852.5,-2271.8,59.3,240.0,5.0
VS002339,AD000658,AC000511,met_borrower,2418.1,-2242.3,2442.7,-2250.4,25.9,540.0,10.0
VS002341,AD000602,AC000469,met_borrower,2966.6,-1909.7,2965.8,-1911.0,1.5,480.0,9.0
VS002344,AD000203,AC000163,met_borrower,2619.4,-2354.9,2615.8,-2358.3,5.0,540.0,10.0
VS002345,AD002530,AC001957,neighbour_says_shifted,2834.3,-2275.5,2880.4,-2281.7,46.5,180.0,3.0
VS002346,AD002991,AC002325,met_borrower,2540.9,-2207.9,2537.5,-2211.9,5.2,540.0,10.0
VS002348,AD001154,AC000893,met_family,-2578.9,1707.1,-2589.6,1707.5,10.7,300.0,6.0
VS002355,AD002983,AC002318,locked_premises,-2810.4,847.1,-2808.8,845.4,2.3,120.0,3.0
VS002357,AD002841,AC002201,met_family,2364.3,-614.6,2381.2,-617.5,17.1,180.0,4.0
VS002359,AD002809,AC002176,met_family,2183.6,-919.0,2176.8,-923.0,7.9,420.0,8.0
VS002360,AD002110,AC001635,met_family,1990.1,-1376.6,1998.4,-1381.6,9.7,360.0,7.0
VS002362,AD001496,AC001152,neighbour_says_shifted,1827.2,-1313.9,1816.3,-1306.1,13.4,120.0,3.0
VS002369,AD002521,AC001949,met_family,1566.4,-2400.1,1578.8,-2383.0,21.1,180.0,4.0
VS002370,AD002870,AC002227,met_borrower,1536.2,-2283.1,1493.0,-2260.0,49.0,480.0,9.0
VS002374,AD000912,AC000706,met_family,1639.9,-1719.4,1443.0,-1665.7,204.1,300.0,6.0
VS002375,AD000756,AC000586,met_borrower,1458.6,-2245.6,1474.0,-2221.9,28.3,120.0,3.0
VS002380,AD000553,AC000430,met_borrower,1671.1,-1622.2,1664.2,-1600.1,23.2,540.0,10.0
VS002381,AD002459,AC001902,met_family,1807.9,-2216.6,1662.0,-2149.6,160.5,120.0,3.0
VS002382,AD002650,AC002052,locked_premises,1744.7,-1683.7,1751.2,-1671.5,13.8,120.0,3.0
VS002384,AD000711,AC000551,met_borrower,1071.7,2367.3,1066.5,2386.0,19.4,120.0,3.0
VS002385,AD001811,AC001403,met_borrower,899.3,3084.2,894.4,3093.9,10.9,540.0,10.0
VS002389,AD000204,AC000164,met_family,1098.2,2494.0,992.2,2514.7,108.0,300.0,6.0
VS002394,AD001472,AC001134,met_family,-428.5,-3950.5,-422.5,-3926.6,24.6,240.0,5.0
VS002401,AD002819,AC002183,met_borrower,1332.3,-909.1,1330.2,-913.0,4.4,540.0,10.0
VS002403,AD002896,AC002248,address_not_traceable,-3747.2,-776.0,-3743.9,-768.4,8.3,240.0,5.0
VS002404,AD001395,AC001079,neighbour_says_shifted,1342.9,-1065.1,1352.5,-1064.7,9.6,300.0,6.0
VS002405,AD001534,AC001181,met_borrower,-2588.9,-191.6,-2579.0,-187.1,10.9,480.0,7.0
VS002407,AD000631,AC000490,met_borrower,-2846.3,-148.8,-2855.3,-147.6,9.1,240.0,5.0
VS002412,AD002858,AC002216,locked_premises,1154.2,-2868.4,1160.1,-2869.7,6.0,120.0,3.0
VS002414,AD001753,AC001354,met_family,917.1,-2860.3,932.9,-2893.8,37.0,120.0,3.0
VS002415,AD002802,AC002172,met_borrower,623.5,-2808.7,689.8,-2774.8,74.5,480.0,9.0
VS002423,AD001408,AC001086,met_borrower,2458.6,726.5,2627.5,930.1,264.5,420.0,8.0
VS002426,AD000255,AC000203,met_borrower,2374.4,934.7,2370.0,922.7,12.8,540.0,10.0
VS002427,AD003016,AC002344,met_borrower,2267.2,607.1,2215.9,615.6,52.0,480.0,9.0
VS002428,AD000293,AC000232,neighbour_says_shifted,2579.1,637.1,2581.4,624.1,13.2,120.0,3.0
VS002430,AD002938,AC002283,met_borrower,2129.0,979.5,2130.4,989.2,9.8,540.0,10.0
VS002431,AD003026,AC002350,met_borrower,2903.1,-2454.9,2906.2,-2465.7,11.2,120.0,3.0
VS002435,AD000389,AC000310,met_borrower,2833.7,-1785.7,2833.5,-1776.5,9.2,120.0,2.0
VS002437,AD000753,AC000583,met_family,2784.8,-2571.7,2782.2,-2571.0,2.7,180.0,4.0
VS002439,AD001273,AC000984,locked_premises,2366.3,-2212.7,2341.0,-2201.1,27.8,120.0,3.0
VS002440,AD000355,AC000282,met_borrower,757.1,-3375.7,728.8,-3308.0,73.4,480.0,9.0
VS002442,AD000069,AC000056,met_borrower,1102.7,-3523.0,1105.0,-3480.3,42.8,420.0,8.0
VS002445,AD000924,AC000715,met_family,520.3,-2714.6,505.1,-2716.1,15.3,420.0,8.0
VS002446,AD001794,AC001388,met_borrower,920.2,-2947.2,930.4,-2909.2,39.3,480.0,9.0
VS002447,AD000759,AC000589,met_borrower,3172.4,632.7,3137.3,568.2,73.4,360.0,7.0
VS002451,AD000068,AC000055,met_borrower,3345.4,462.6,3350.2,460.6,5.2,540.0,10.0
VS002453,AD000166,AC000132,met_borrower,2818.5,943.1,2801.0,950.0,18.8,540.0,10.0
VS002455,AD001700,AC001309,met_borrower,2888.3,535.3,2976.5,426.5,140.1,180.0,4.0
VS002458,AD002045,AC001587,met_family,-955.9,-693.1,-942.9,-678.5,19.5,180.0,4.0
VS002461,AD002120,AC001643,met_borrower,755.7,2775.5,721.1,2768.6,35.3,180.0,4.0
VS002462,AD000342,AC000271,met_borrower,3541.7,-73.7,3555.7,-35.7,40.5,480.0,9.0
VS002464,AD001832,AC001420,met_borrower,4122.5,82.6,4116.9,96.0,14.5,180.0,4.0
VS002466,AD000722,AC000560,met_borrower,4004.6,105.5,3993.2,111.2,12.7,480.0,9.0
VS002472,AD002068,AC001606,met_family,-2054.2,1524.5,-2057.0,1517.8,7.3,180.0,4.0
VS002477,AD001540,AC001185,met_family,-2365.2,1823.5,-2369.7,1822.0,4.7,480.0,9.0
VS002479,AD001754,AC001355,neighbour_says_shifted,-2363.8,-104.3,-2376.5,-91.1,18.3,300.0,6.0
VS002482,AD000465,AC000367,neighbour_says_shifted,-2669.2,-62.6,-2655.6,-56.4,14.9,120.0,3.0
VS002484,AD002959,AC002297,locked_premises,2338.0,-762.6,2343.1,-762.8,5.1,120.0,3.0
VS002486,AD000852,AC000661,address_not_traceable,2337.0,-792.4,2334.2,-789.2,4.3,120.0,3.0
VS002487,AD001233,AC000953,cash_collected,2384.4,-2151.3,2524.2,-2373.9,262.9,630.0,12.0
VS002489,AD000840,AC000652,met_family,3084.3,-2478.4,3083.1,-2465.6,12.9,120.0,2.0
VS002494,AD000969,AC000751,neighbour_says_shifted,2216.6,1030.7,2163.1,993.8,65.0,180.0,4.0
VS002500,AD000517,AC000404,met_borrower,2135.9,647.8,2104.3,615.8,45.0,420.0,8.0
VS002502,AD002691,AC002086,cash_collected,3168.1,-2137.1,3161.8,-2123.4,15.1,240.0,5.0
VS002509,AD000963,AC000746,no_such_person,1827.5,-1726.2,1834.6,-1732.5,9.5,120.0,3.0
VS002510,AD001765,AC001363,met_borrower,2259.8,-1098.8,2258.7,-1093.5,5.4,540.0,10.0
VS002511,AD000150,AC000120,neighbour_says_shifted,2467.1,-1152.0,2462.0,-1137.6,15.3,240.0,5.0
VS002512,AD000768,AC000595,met_family,2661.6,-1596.4,2644.5,-1595.6,17.1,240.0,5.0
VS002514,AD000797,AC000617,no_such_person,2495.3,-1146.9,2493.5,-1145.3,2.4,120.0,3.0
VS002519,AD000538,AC000418,met_borrower,1288.3,-1798.0,1280.2,-1763.7,35.2,120.0,3.0
VS002522,AD003074,AC002387,met_borrower,1420.6,-2082.7,1499.5,-2114.8,85.2,480.0,9.0
VS002523,AD001013,AC000787,neighbour_says_shifted,1403.0,-1964.9,1337.4,-2069.7,123.6,180.0,4.0
VS002525,AD002466,AC001907,met_borrower,1867.2,-2113.7,1860.1,-2105.5,10.8,540.0,10.0
VS002527,AD002059,AC001597,neighbour_says_shifted,1202.6,-2030.8,1215.2,-2024.6,14.0,180.0,4.0
VS002531,AD001133,AC000878,met_family,2372.8,-1247.3,2392.4,-1268.4,28.8,120.0,3.0
VS002534,AD001619,AC001250,met_borrower,2698.1,-1114.6,2656.9,-1088.8,48.6,240.0,5.0
VS002537,AD002138,AC001656,met_borrower,3865.6,545.2,3874.5,596.6,52.2,240.0,5.0
VS002540,AD000850,AC000659,met_family,3683.5,256.9,3752.4,228.6,74.5,180.0,4.0
VS002545,AD002848,AC002206,locked_premises,-3722.3,-776.2,-3723.0,-779.6,3.5,120.0,3.0
VS002558,AD000228,AC000183,met_borrower,3808.8,-120.4,3808.8,-113.1,7.3,540.0,10.0
VS002559,AD002537,AC001963,met_borrower,2747.1,-2402.5,2749.4,-2398.2,4.9,540.0,10.0
VS002560,AD000287,AC000227,met_borrower,2745.2,-2386.0,2771.4,-2409.0,34.9,540.0,10.0
VS002563,AD001324,AC001025,met_borrower,2642.5,-1930.0,2629.8,-1925.8,13.4,540.0,10.0
VS002569,AD000247,AC000196,neighbour_says_shifted,805.3,-539.2,821.4,-580.3,44.1,120.0,3.0
VS002571,AD002875,AC002231,met_family,1383.8,299.8,1398.0,256.2,45.9,180.0,4.0
VS002572,AD000802,AC000621,met_family,1569.4,-252.0,1576.0,-242.5,11.6,300.0,6.0
VS002574,AD000641,AC000498,met_borrower,3158.4,-2197.5,3146.3,-2165.3,34.4,480.0,9.0
VS002577,AD000832,AC000645,met_borrower,3536.4,-2072.5,3288.8,-2147.0,258.6,360.0,7.0
VS002578,AD000316,AC000251,locked_premises,2395.7,-2143.2,2400.6,-2149.3,7.8,120.0,3.0
VS002580,AD000686,AC000531,met_family,2785.1,796.0,2802.6,834.3,42.1,300.0,6.0
VS002583,AD001726,AC001331,met_family,2936.5,870.9,2921.0,879.3,17.6,360.0,7.0
VS002584,AD001254,AC000969,met_family,2769.8,317.6,2729.0,253.2,76.2,120.0,3.0
VS002586,AD002872,AC002229,met_family,3097.1,256.8,3288.8,296.5,195.8,120.0,3.0
VS002597,AD002074,AC001610,met_borrower,1769.0,-1670.2,1763.0,-1655.7,15.7,300.0,6.0
VS002599,AD002440,AC001890,met_borrower,1073.4,-1738.1,1137.7,-1814.8,100.1,180.0,4.0
VS002602,AD002066,AC001604,locked_premises,1310.1,-2170.8,1418.4,-2282.8,155.8,120.0,3.0
VS002604,AD000197,AC000158,locked_premises,-3736.3,-777.4,-3733.9,-783.1,6.2,180.0,4.0
VS002610,AD002181,AC001686,met_borrower,-2445.5,-13.5,-2457.1,-0.5,17.4,420.0,8.0
VS002617,AD001268,AC000980,locked_premises,-540.4,-761.3,-535.1,-776.5,16.1,120.0,3.0
VS002620,AD001481,AC001141,met_family,2901.3,-1946.5,2875.5,-1833.2,116.2,420.0,8.0
VS002624,AD002791,AC002162,met_borrower,2973.6,-2050.6,2960.1,-2046.7,14.1,300.0,3.0
VS002626,AD002321,AC001799,met_family,3536.4,-1798.6,3563.8,-1868.6,75.2,240.0,5.0
VS002628,AD001272,AC000983,met_borrower,3134.0,-2321.5,3128.3,-2318.1,6.6,240.0,5.0
VS002634,AD000047,AC000038,met_borrower,-2587.2,1286.2,-2454.3,1198.0,159.5,120.0,3.0
VS002636,AD001808,AC001400,locked_premises,923.2,-2986.6,980.0,-3200.8,221.6,180.0,4.0
VS002638,AD000286,AC000226,locked_premises,612.8,-3452.7,408.0,-3323.3,242.3,120.0,3.0
VS002639,AD000822,AC000637,met_borrower,551.2,-2865.8,437.2,-2881.5,115.1,120.0,3.0
VS002641,AD000085,AC000068,met_family,342.9,-3120.5,345.3,-3110.2,10.6,120.0,3.0
VS002648,AD002479,AC001918,cash_collected,2856.6,-2187.3,2845.6,-2186.0,11.1,540.0,10.0
VS002653,AD001447,AC001114,met_borrower,-1356.0,-2834.0,-1331.1,-2867.8,42.0,240.0,5.0
VS002655,AD000379,AC000301,cash_collected,-2126.8,-2658.9,-2122.8,-2657.7,4.2,180.0,4.0
VS002656,AD002723,AC002112,met_borrower,-1185.5,-2718.2,-1202.7,-2722.8,17.8,240.0,5.0
VS002658,AD000660,AC000512,neighbour_says_shifted,-1332.6,-2236.9,-1438.4,-2496.1,280.0,180.0,4.0
VS002659,AD002341,AC001813,locked_premises,-757.6,2714.3,-755.7,2723.6,9.5,120.0,3.0
VS002662,AD001662,AC001282,met_family,-526.5,3036.9,-468.9,3167.7,142.9,120.0,3.0
VS002663,AD000284,AC000224,no_such_person,-441.3,3060.5,-444.2,3062.5,3.5,120.0,3.0
VS002668,AD002701,AC002094,neighbour_says_shifted,801.0,2960.4,808.6,2956.5,8.5,240.0,4.0
VS002669,AD002962,AC002300,met_family,978.6,3130.5,976.6,3135.3,5.2,300.0,6.0
VS002671,AD002966,AC002303,met_borrower,415.9,2576.6,415.1,2579.6,3.1,540.0,10.0
VS002673,AD002609,AC002020,locked_premises,1002.5,-478.9,1011.0,-483.3,9.6,120.0,2.0
VS002675,AD000451,AC000356,met_borrower,1002.4,-495.2,999.9,-490.9,5.0,240.0,5.0
VS002679,AD000426,AC000337,met_borrower,847.5,-1190.7,836.8,-1185.4,11.9,540.0,10.0
VS002681,AD000771,AC000598,met_family,824.8,-711.4,824.7,-713.9,2.5,120.0,3.0
VS002686,AD002415,AC001873,met_borrower,2319.6,-790.0,2331.0,-792.9,11.8,120.0,3.0
VS002687,AD000137,AC000109,address_not_traceable,2339.7,-773.6,2337.0,-773.0,2.8,120.0,3.0
VS002688,AD001331,AC001030,met_family,-2948.6,-20.5,-2937.9,-64.3,45.1,300.0,6.0
VS002692,AD002696,AC002090,met_borrower,-2391.9,1190.5,-2554.6,1235.7,168.9,240.0,5.0
VS002693,AD002903,AC002254,neighbour_says_shifted,-2256.5,1635.8,-2241.8,1655.7,24.7,120.0,3.0
VS002695,AD001578,AC001216,met_borrower,-2183.7,1782.4,-2188.6,1788.0,7.4,540.0,10.0
VS002700,AD001433,AC001103,met_family,2673.7,-2498.2,2734.9,-2463.9,70.2,120.0,3.0
VS002704,AD000541,AC000420,met_borrower,2660.9,-2480.0,2597.9,-2478.3,63.0,180.0,4.0
VS002705,AD001746,AC001348,met_family,3008.7,-2169.4,3026.3,-2192.3,28.9,420.0,8.0
VS002713,AD000810,AC000627,met_borrower,1145.4,-3180.9,1149.8,-3179.2,4.7,360.0,7.0
VS002714,AD000971,AC000752,met_borrower,813.3,-2903.7,819.7,-2979.4,76.0,480.0,9.0
VS002717,AD002116,AC001640,neighbour_says_shifted,753.9,-2932.2,844.1,-3144.5,230.7,120.0,3.0
VS002719,AD001509,AC001163,met_family,3202.2,-2490.7,3099.4,-2567.6,128.4,240.0,5.0
VS002723,AD002808,AC002175,met_borrower,2495.9,-2299.2,2459.3,-2252.2,59.6,240.0,5.0
VS002728,AD002849,AC002207,met_borrower,1636.1,-2391.8,1665.2,-2388.2,29.3,180.0,4.0
VS002731,AD002661,AC002062,met_family,1759.2,-1748.0,1759.4,-1735.5,12.5,180.0,4.0
VS002734,AD003013,AC002342,neighbour_says_shifted,1530.1,-2474.8,1527.4,-2484.8,10.4,180.0,4.0
VS002735,AD001713,AC001320,met_family,1839.2,-2018.2,1731.8,-2055.2,113.6,480.0,9.0
VS002737,AD001380,AC001068,locked_premises,1395.7,-1882.9,1397.6,-1894.1,11.4,120.0,3.0
VS002738,AD000173,AC000138,met_borrower,1424.4,-2338.5,1442.6,-2344.3,19.1,420.0,8.0
VS002740,AD002820,AC002184,locked_premises,1938.1,-1975.5,1882.2,-1869.5,119.8,180.0,4.0
VS002743,AD003045,AC002365,locked_premises,2782.3,-1442.9,2945.7,-1263.4,242.7,120.0,3.0
VS002744,AD001549,AC001192,met_borrower,2292.2,-1317.7,2299.6,-1310.4,10.4,420.0,8.0
VS002746,AD000420,AC000333,cash_collected,3070.8,-1258.2,3076.5,-1258.3,5.7,540.0,10.0
VS002750,AD002034,AC001577,met_family,2328.1,-1046.1,2324.5,-1041.8,5.6,120.0,2.0
VS002753,AD002096,AC001625,met_family,3576.4,631.8,3580.8,625.1,8.0,360.0,7.0
VS002754,AD002676,AC002075,met_family,3535.7,671.3,3673.4,466.7,246.6,570.0,11.0
VS002757,AD001352,AC001046,met_borrower,4173.6,544.0,4174.9,552.8,8.9,240.0,5.0
VS002760,AD002889,AC002243,neighbour_says_shifted,4086.9,111.0,4091.0,104.5,7.7,180.0,4.0
VS002761,AD002685,AC002082,met_family,3895.1,604.5,3872.6,592.7,25.4,180.0,4.0
VS002764,AD000607,AC000474,neighbour_says_shifted,-840.4,-3856.0,-836.8,-3854.4,3.9,180.0,4.0
VS002766,AD001620,AC001251,locked_premises,2326.2,-782.0,2322.7,-780.8,3.7,180.0,4.0
VS002767,AD001947,AC001509,no_such_person,-459.2,-3775.9,-458.1,-3786.3,10.5,120.0,3.0
VS002768,AD000505,AC000396,address_not_traceable,2353.3,-763.2,2348.3,-768.3,7.1,240.0,5.0
VS002769,AD000575,AC000446,address_not_traceable,2337.0,-771.8,2345.0,-769.9,8.2,240.0,5.0
VS002772,AD002253,AC001745,met_family,-2326.1,-423.0,-2320.3,-429.3,8.6,420.0,8.0
VS002773,AD001792,AC001387,met_borrower,-3102.2,-423.4,-3045.5,-411.0,58.0,180.0,4.0
VS002775,AD000727,AC000563,met_borrower,-2698.3,-437.2,-2689.5,-488.2,51.8,480.0,9.0
VS002776,AD002956,AC002295,met_borrower,-3051.8,-203.1,-3034.2,-201.5,17.7,480.0,9.0
VS002780,AD001638,AC001264,met_borrower,892.2,-2896.7,903.0,-2896.9,10.8,540.0,10.0
VS002784,AD002061,AC001599,met_borrower,807.1,-3052.2,783.6,-2989.1,67.3,180.0,4.0
VS002785,AD001083,AC000840,neighbour_says_shifted,873.9,-3263.8,802.2,-3289.0,76.0,180.0,4.0
VS002786,AD002621,AC002031,met_family,992.3,-3367.5,815.5,-3142.5,286.2,360.0,7.0
VS002789,AD001596,AC001232,neighbour_says_shifted,746.9,-3203.9,743.3,-3219.1,15.6,240.0,5.0
VS002791,AD002103,AC001630,locked_premises,292.0,-2746.7,300.7,-2743.6,9.2,120.0,3.0
VS002796,AD002067,AC001605,met_borrower,1107.8,-358.1,1055.2,-366.1,53.2,480.0,9.0
VS002799,AD000260,AC000207,met_borrower,1037.8,-475.3,1032.4,-449.6,26.3,120.0,3.0
VS002801,AD002882,AC002238,met_family,1239.1,-308.0,1202.4,-327.0,41.3,240.0,5.0
VS002803,AD001653,AC001276,met_family,932.9,197.4,946.8,227.5,33.2,420.0,8.0
VS002805,AD002669,AC002069,met_family,702.0,2596.6,685.9,2606.8,19.1,300.0,6.0
VS002807,AD000027,AC000023,cash_collected,915.2,2921.6,911.1,2918.2,5.3,540.0,10.0
VS002808,AD003060,AC002378,met_family,848.8,2774.1,856.0,2783.1,11.5,180.0,4.0
VS002809,AD000049,AC000040,met_family,834.2,2612.4,755.8,2394.7,231.4,540.0,10.0
VS002811,AD002339,AC001812,met_borrower,1030.4,2997.1,1102.5,2983.8,73.3,120.0,3.0
VS002812,AD003065,AC002381,met_family,689.1,2872.1,699.6,2863.9,13.3,420.0,8.0
VS002814,AD000986,AC000765,met_borrower,1189.6,2504.3,1190.0,2509.1,4.8,540.0,10.0
VS002821,AD000032,AC000028,met_family,1778.0,-1819.5,1768.4,-1818.2,9.7,420.0,8.0
VS002823,AD000854,AC000662,met_family,1336.7,-2557.0,1290.3,-2463.5,104.4,570.0,11.0
VS002825,AD000841,AC000653,met_borrower,1738.6,-2333.1,1842.0,-2354.1,105.5,240.0,5.0
VS002828,AD000324,AC000257,locked_premises,-2646.4,1703.3,-2641.0,1722.1,19.6,120.0,3.0
VS002829,AD001555,AC001197,met_borrower,-2591.3,1800.0,-2588.5,1797.5,3.8,540.0,10.0
VS002831,AD002143,AC001659,met_borrower,-2634.2,1338.8,-2614.3,1345.7,21.1,540.0,10.0
VS002835,AD000079,AC000064,met_borrower,1006.2,-1203.7,986.8,-1191.4,23.0,480.0,9.0
VS002841,AD001890,AC001465,locked_premises,1123.2,-490.0,1110.4,-484.4,14.0,120.0,3.0
VS002844,AD001386,AC001072,neighbour_says_shifted,-470.3,-3390.2,-399.1,-3395.3,71.4,180.0,4.0
VS002852,AD001432,AC001102,locked_premises,-519.1,-3402.1,-520.4,-3364.0,38.1,120.0,3.0
VS002853,AD002016,AC001562,neighbour_says_shifted,2760.6,-2323.0,2772.7,-2325.1,12.3,120.0,3.0
VS002856,AD002911,AC002260,met_family,2800.5,-2073.2,2903.4,-2208.9,170.3,180.0,4.0
VS002857,AD000129,AC000103,met_borrower,3224.8,-1949.3,3224.8,-1943.4,5.9,420.0,8.0
VS002861,AD001479,AC001139,met_borrower,2987.0,-2499.9,2990.5,-2496.3,5.0,360.0,7.0
VS002862,AD001354,AC001048,met_family,3040.7,-1964.9,2952.5,-2082.0,146.6,420.0,8.0
VS002863,AD001105,AC000857,met_borrower,2828.8,-2273.7,2815.5,-2266.3,15.2,120.0,3.0
VS002864,AD002245,AC001737,met_borrower,2873.9,-2070.2,2790.9,-1922.9,169.1,540.0,10.0
VS002866,AD001567,AC001206,no_such_person,3078.8,-2024.3,2853.4,-2188.3,278.7,120.0,3.0
VS002867,AD000360,AC000287,met_borrower,3075.0,-2379.9,3066.1,-2377.9,9.1,540.0,10.0
VS002869,AD000669,AC000519,met_family,2242.3,647.4,2261.1,622.8,31.0,240.0,5.0
VS002870,AD001045,AC000812,met_borrower,2677.3,1419.7,2624.4,1459.1,66.0,480.0,9.0
VS002871,AD003035,AC002357,met_family,2322.5,1437.9,2331.0,1450.7,15.4,300.0,6.0
VS002874,AD002403,AC001864,met_borrower,2330.5,903.0,2332.5,921.3,18.4,420.0,8.0
VS002875,AD002593,AC002008,neighbour_says_shifted,2330.0,1220.3,2344.2,1223.8,14.6,120.0,3.0
VS002876,AD000387,AC000308,met_borrower,-282.4,1694.3,-385.4,1683.3,103.6,180.0,4.0
VS002877,AD002357,AC001826,met_family,1010.3,387.5,1023.6,317.0,71.7,120.0,3.0
VS002882,AD001127,AC000873,met_borrower,680.7,-3347.9,671.2,-3349.2,9.6,360.0,7.0
VS002888,AD002458,AC001901,met_borrower,1055.4,-3105.4,1026.6,-3120.7,32.6,480.0,9.0
VS002890,AD000424,AC000336,cash_collected,2905.4,325.9,2902.9,332.8,7.3,300.0,6.0
VS002891,AD000290,AC000229,neighbour_says_shifted,2841.2,138.3,2826.2,141.7,15.4,180.0,4.0
VS002892,AD000613,AC000478,met_family,2766.6,377.4,2780.3,368.4,16.4,240.0,5.0
VS002893,AD002583,AC002002,met_borrower,3411.4,549.7,3403.4,552.1,8.4,180.0,4.0
VS002896,AD001631,AC001259,neighbour_says_shifted,2667.9,484.3,2710.5,496.4,44.3,180.0,4.0
VS002897,AD002550,AC001973,neighbour_says_shifted,2899.5,554.0,2896.8,563.3,9.7,240.0,5.0
VS002900,AD002675,AC002074,locked_premises,-672.7,3200.6,-663.4,3194.3,11.2,120.0,3.0
VS002901,AD000808,AC000625,met_borrower,-720.8,3387.8,-712.0,3388.2,8.8,540.0,10.0
VS002907,AD002880,AC002236,met_family,-435.2,2942.3,-452.0,2927.4,22.5,240.0,5.0
VS002911,AD001170,AC000906,cash_collected,3558.7,-1806.4,3551.3,-1814.1,10.7,540.0,10.0
VS002917,AD002069,AC001607,met_family,3837.0,536.7,3845.2,535.2,8.3,240.0,5.0
VS002919,AD000433,AC000341,met_borrower,4052.5,127.6,4116.0,116.3,64.5,480.0,9.0
VS002921,AD002654,AC002055,met_family,3812.5,195.3,3818.0,198.6,6.4,240.0,5.0
VS002922,AD002735,AC002121,met_family,3758.2,-50.0,3702.6,-33.7,57.9,300.0,6.0
VS002923,AD002986,AC002320,met_family,3868.6,78.8,3789.2,102.4,82.8,180.0,4.0
VS002926,AD000735,AC000570,met_family,2686.5,-2412.3,2676.5,-2362.9,50.4,120.0,3.0
VS002927,AD000602,AC000469,met_family,2946.5,-1906.3,2968.4,-1911.2,22.4,240.0,5.0
VS002928,AD001775,AC001372,locked_premises,2939.4,-2490.0,2904.3,-2377.4,117.9,120.0,3.0
VS002933,AD001821,AC001411,met_family,2480.4,-2430.5,2477.7,-2429.4,2.9,480.0,9.0
VS002938,AD002217,AC001715,met_borrower,-867.1,-3076.6,-872.7,-3090.2,14.7,540.0,10.0
VS002940,AD001130,AC000876,locked_premises,-781.8,-3321.3,-766.9,-3322.1,14.9,120.0,3.0
VS002942,AD001742,AC001344,met_borrower,-1473.2,-3141.8,-1436.9,-3083.4,68.8,480.0,9.0
VS002943,AD002814,AC002179,neighbour_says_shifted,-851.4,-3557.3,-881.0,-3547.9,31.1,180.0,4.0
VS002946,AD000738,AC000572,locked_premises,-545.0,-990.4,-361.8,-940.4,189.9,120.0,3.0
VS002948,AD001738,AC001341,met_family,-847.5,-1401.2,-841.0,-1406.5,8.4,240.0,5.0
VS002949,AD002490,AC001927,met_borrower,-842.0,-1398.2,-839.9,-1408.2,10.2,420.0,8.0
VS002950,AD002812,AC002178,met_family,-1046.4,-1002.5,-1040.4,-1005.3,6.6,180.0,4.0
VS002953,AD002244,AC001736,met_family,1243.3,-1835.6,1237.6,-1849.7,15.2,420.0,8.0
VS002954,AD001954,AC001516,met_family,1125.4,-1880.7,1124.6,-1883.1,2.5,180.0,4.0
VS002956,AD002521,AC001949,met_family,1571.2,-2401.3,1577.2,-2387.7,14.9,120.0,3.0
VS002962,AD002210,AC001708,met_family,1661.0,-1593.4,1646.9,-1602.9,17.0,180.0,4.0
VS002963,AD000817,AC000633,cash_collected,1302.5,-1940.7,1300.4,-1925.1,15.7,540.0,10.0
VS002967,AD002299,AC001780,met_family,945.7,2313.6,937.2,2314.6,8.6,180.0,4.0
VS002968,AD002796,AC002167,met_borrower,885.4,3109.0,927.1,3110.5,41.7,240.0,5.0
VS002969,AD000711,AC000551,met_borrower,1055.7,2389.9,1069.8,2381.7,16.3,240.0,5.0
VS002973,AD001534,AC001181,met_family,-2564.2,-186.6,-2578.7,-188.5,14.6,120.0,3.0
VS002976,AD002485,AC001923,met_borrower,-2748.6,24.7,-2684.5,-129.4,166.9,150.0,4.0
VS002977,AD001064,AC000826,met_family,-3158.0,-260.5,-2979.4,-20.3,299.3,120.0,3.0
VS002980,AD002102,AC001629,address_not_traceable,-3754.2,-772.7,-3740.3,-762.2,17.4,120.0,3.0
VS002982,AD002134,AC001653,met_borrower,3147.5,-1878.6,3127.6,-1901.5,30.3,240.0,5.0
VS002983,AD002988,AC002322,met_borrower,3132.5,-2420.1,3128.2,-2406.1,14.6,540.0,10.0
VS002985,AD002044,AC001586,met_borrower,3251.1,-2189.1,3235.0,-2186.9,16.2,540.0,10.0
VS002987,AD000631,AC000490,met_borrower,-2883.4,-178.5,-2850.5,-148.6,44.5,120.0,3.0
VS002990,AD002509,AC001941,met_family,-2420.5,-630.9,-2424.7,-619.2,12.4,420.0,8.0
VS002992,AD001982,AC001539,locked_premises,-2512.2,-484.4,-2514.8,-485.5,2.8,120.0,3.0
VS002995,AD002858,AC002216,met_family,1150.3,-2837.1,1161.6,-2874.0,38.6,180.0,4.0
VS003000,AD000135,AC000107,neighbour_says_shifted,805.8,-2608.5,808.6,-2608.7,2.8,120.0,3.0
VS003001,AD000062,AC000050,met_borrower,669.1,-3103.8,600.0,-3087.1,71.1,300.0,6.0
VS003004,AD001012,AC000786,neighbour_says_shifted,694.4,-3063.1,811.1,-3284.3,250.1,120.0,3.0
VS003005,AD003026,AC002350,locked_premises,2916.8,-2479.2,2907.0,-2463.6,18.4,120.0,3.0
VS003006,AD000658,AC000511,met_borrower,2440.1,-2257.2,2446.2,-2252.8,7.5,600.0,11.0
VS003007,AD000753,AC000583,met_borrower,2842.7,-2599.3,2836.7,-2601.8,6.5,540.0,10.0
VS003009,AD001760,AC001359,met_family,3180.4,-2445.5,3174.2,-2425.7,20.7,180.0,4.0
VS003010,AD002673,AC002072,met_borrower,2656.4,-2319.2,2669.5,-2318.5,13.1,540.0,10.0
VS003011,AD001387,AC001073,locked_premises,3311.5,-2095.1,3330.8,-2001.4,95.7,120.0,3.0
VS003012,AD002038,AC001581,met_borrower,3022.9,-2503.2,3041.3,-2446.9,59.2,240.0,5.0
VS003015,AD001616,AC001248,neighbour_says_shifted,2348.3,1389.2,2515.8,1376.4,168.0,180.0,4.0
VS003016,AD001207,AC000934,neighbour_says_shifted,2559.5,705.8,2480.0,922.5,230.8,360.0,7.0
VS003017,AD000668,AC000518,met_family,2343.2,890.3,2321.7,922.6,38.8,180.0,4.0
VS003018,AD003016,AC002344,met_family,2449.6,633.3,2451.5,631.7,2.5,120.0,3.0
VS003019,AD000830,AC000643,met_borrower,2492.3,637.5,2504.0,625.2,17.0,240.0,5.0
VS003024,AD002907,AC002257,no_such_person,1115.5,2703.0,1107.2,2697.1,10.2,180.0,4.0
VS003025,AD000012,AC000009,met_family,-666.3,-550.8,-659.6,-544.4,9.3,120.0,3.0
VS003027,AD001551,AC001193,met_borrower,1928.1,-2694.0,1940.0,-2656.9,39.0,360.0,7.0
VS003028,AD001584,AC001221,neighbour_says_shifted,1211.9,-1998.0,1279.5,-2001.0,67.7,180.0,4.0
VS003031,AD001131,AC000877,met_borrower,1126.0,-1756.0,1122.4,-1730.6,25.7,420.0,8.0
VS003033,AD000175,AC000139,met_borrower,1839.7,-2155.9,1774.9,-2196.7,76.6,480.0,9.0
VS003035,AD000105,AC000084,met_borrower,-668.3,-73.8,-681.9,-61.2,18.5,540.0,10.0
VS003037,AD001689,AC001299,met_borrower,-302.4,-810.2,-318.3,-730.0,81.8,240.0,5.0
VS003041,AD002784,AC002158,no_such_person,-620.1,-745.8,-623.3,-750.3,5.5,180.0,4.0
VS003042,AD002842,AC002202,met_family,-897.0,27.2,-864.0,-2.0,44.1,480.0,9.0
VS003043,AD000096,AC000075,met_family,3372.7,544.5,3366.7,542.7,6.3,360.0,7.0
VS003044,AD001121,AC000868,met_borrower,3733.5,642.4,3735.4,644.0,2.5,360.0,7.0
VS003049,AD001832,AC001420,met_borrower,4050.7,68.8,4123.7,96.4,78.0,420.0,8.0
VS003051,AD001176,AC000911,met_family,3795.3,38.5,3569.6,-37.2,238.1,240.0,5.0
VS003054,AD002504,AC001937,locked_premises,2313.5,-777.6,2315.9,-783.0,5.9,240.0,5.0
VS003055,AD002068,AC001606,address_not_traceable,-3742.4,-767.4,-3732.1,-784.3,19.8,120.0,3.0
VS003056,AD001722,AC001327,met_family,-2214.2,1019.3,-2243.9,1294.4,276.7,300.0,6.0
VS003058,AD000825,AC000639,met_borrower,-2213.0,1141.4,-2212.5,1138.5,2.9,120.0,3.0
VS003063,AD000671,AC000520,met_borrower,1271.7,-837.8,1285.9,-833.5,14.8,540.0,10.0
VS003075,AD002983,AC002318,met_borrower,-2772.5,846.7,-2822.2,850.7,49.9,240.0,5.0
VS003076,AD000066,AC000053,met_family,1179.0,-190.9,1155.0,-187.9,24.2,180.0,4.0
VS003077,AD000809,AC000626,met_borrower,624.2,124.6,669.8,83.7,61.3,480.0,9.0
VS003085,AD001677,AC001290,met_borrower,-940.0,-2940.1,-819.4,-2720.9,250.2,420.0,8.0
VS003086,AD002711,AC002102,locked_premises,1175.1,-3175.5,1178.5,-3168.1,8.1,120.0,3.0
VS003091,AD001152,AC000892,met_family,1488.4,356.7,1491.1,364.6,8.3,300.0,6.0
VS003092,AD001156,AC000895,met_family,660.7,-319.4,658.2,-315.7,4.5,240.0,5.0
VS003093,AD002123,AC001646,met_family,1121.1,166.1,1119.3,168.0,2.6,480.0,9.0
VS003095,AD000220,AC000176,locked_premises,1453.9,-464.1,1448.9,-469.2,7.1,120.0,3.0
VS003101,AD003019,AC002346,met_borrower,603.7,2760.4,616.3,2807.0,48.3,480.0,9.0
VS003103,AD002704,AC002096,address_not_traceable,862.4,1144.7,859.7,1143.3,3.0,180.0,4.0
VS003106,AD001720,AC001325,met_family,791.8,346.8,792.6,337.6,9.2,300.0,6.0
VS003107,AD002141,AC001657,neighbour_says_shifted,-1793.8,-2738.4,-1788.7,-2733.6,7.0,240.0,5.0
VS003109,AD001754,AC001355,neighbour_says_shifted,-2593.1,-210.7,-2378.9,-89.9,245.9,120.0,3.0
VS003111,AD000852,AC000661,met_family,-2726.0,11.6,-2726.9,-8.1,19.7,180.0,4.0
VS003114,AD002546,AC001970,locked_premises,-2321.2,-436.0,-2314.0,-426.0,12.3,120.0,3.0
VS003116,AD001776,AC001373,locked_premises,-2526.1,54.4,-2519.0,-42.4,97.1,120.0,3.0
VS003120,AD000031,AC000027,met_family,2909.8,-2443.1,2969.7,-2455.5,61.2,360.0,7.0
VS003123,AD001802,AC001395,locked_premises,3252.5,-1710.0,3259.5,-1716.5,9.6,120.0,3.0
VS003127,AD001618,AC001249,met_family,1082.0,-369.6,1161.8,-386.0,81.5,240.0,5.0
VS003128,AD002896,AC002248,met_family,1066.6,-453.0,1061.1,-451.9,5.6,240.0,5.0
VS003133,AD001248,AC000964,met_borrower,1413.1,-821.8,1401.2,-805.6,20.1,420.0,8.0
VS003135,AD002806,AC002174,neighbour_says_shifted,2889.7,-1840.9,2853.4,-1788.1,64.1,120.0,3.0
VS003140,AD002691,AC002086,met_family,3110.3,-2093.7,3183.0,-2094.6,72.7,240.0,5.0
VS003142,AD001186,AC000918,met_borrower,2828.3,-1997.5,2856.8,-2033.5,45.9,360.0,7.0
VS003148,AD002367,AC001834,met_family,2181.7,959.3,2103.9,758.6,215.3,420.0,8.0
VS003149,AD001257,AC000972,met_family,2319.9,1438.9,2320.1,1443.2,4.3,420.0,8.0
VS003150,AD002744,AC002129,met_borrower,2155.6,890.5,2131.3,831.8,63.5,180.0,4.0
VS003152,AD000475,AC000375,met_borrower,2586.5,-2237.1,2587.7,-2243.8,6.8,540.0,10.0
VS003154,AD001770,AC001368,met_borrower,2503.3,-2353.0,2505.2,-2358.1,5.4,540.0,10.0
VS003155,AD002306,AC001787,met_family,2705.3,-1820.1,2792.7,-2003.4,203.1,120.0,3.0
VS003158,AD002124,AC001647,met_family,2358.8,-2342.8,2369.6,-2293.4,50.6,360.0,7.0
VS003159,AD000538,AC000418,met_family,1282.1,-1759.1,1283.2,-1770.1,11.1,180.0,4.0
VS003162,AD001495,AC001151,met_family,1275.2,-1850.3,1254.6,-1854.0,20.9,360.0,7.0
VS003166,AD001741,AC001343,met_family,1571.2,-1874.4,1576.2,-1864.5,11.1,240.0,5.0
VS003170,AD000768,AC000595,met_borrower,2661.7,-1608.6,2648.0,-1615.5,15.3,540.0,10.0
VS003174,AD001855,AC001437,met_borrower,2446.1,-1204.7,2433.1,-1204.0,13.0,540.0,10.0
VS003175,AD003077,AC002389,met_borrower,2922.0,-1524.9,2927.4,-1523.8,5.5,540.0,10.0
VS003177,AD000355,AC000282,met_borrower,692.6,-3298.6,691.8,-3291.1,7.5,540.0,10.0
VS003178,AD001493,AC001150,met_family,659.5,-2905.3,659.9,-2910.2,4.9,300.0,6.0
VS003179,AD001232,AC000952,met_borrower,370.9,-2842.5,386.7,-2973.2,131.7,360.0,7.0
VS003181,AD000924,AC000715,met_borrower,471.9,-2780.5,505.6,-2716.2,72.6,180.0,4.0
VS003182,AD000069,AC000056,met_family,713.0,-3440.1,721.4,-3435.5,9.6,420.0,8.0
VS003185,AD002064,AC001602,locked_premises,106.1,-2982.3,227.1,-3244.1,288.4,120.0,3.0
VS003189,AD002139,AC001656,met_borrower,-3792.1,-704.8,-3789.3,-727.0,22.4,120.0,3.0
VS003190,AD000142,AC000113,met_borrower,3912.3,805.3,3978.1,778.9,70.9,480.0,9.0
VS003200,AD000556,AC000432,met_family,3824.9,208.4,3816.8,200.9,11.0,120.0,3.0
VS003202,AD001040,AC000808,met_borrower,869.6,-1117.6,854.5,-1116.2,15.2,540.0,10.0
VS003204,AD002614,AC002024,neighbour_says_shifted,675.1,-799.5,665.2,-814.2,17.7,180.0,4.0
VS003210,AD002901,AC002252,met_family,854.2,-1179.2,910.2,-1234.0,78.4,420.0,8.0
VS003214,AD000529,AC000413,met_family,2816.5,-2100.7,2820.1,-2101.1,3.6,420.0,8.0
VS003216,AD000114,AC000091,met_borrower,2665.5,-1864.0,2700.3,-1871.2,35.5,180.0,4.0
VS003220,AD002579,AC001999,met_borrower,-2014.8,-2599.9,-2003.6,-2589.1,15.6,540.0,10.0
VS003221,AD000172,AC000137,met_borrower,-2154.2,-2638.4,-2203.5,-2691.8,72.7,480.0,9.0
VS003222,AD002317,AC001796,met_family,-2241.2,-2186.2,-2386.5,-2021.8,219.4,360.0,7.0
VS003225,AD000984,AC000763,met_family,-2387.8,-2247.0,-2364.3,-2259.0,26.4,480.0,9.0
VS003228,AD001732,AC001336,met_family,-2019.8,-2742.0,-2001.8,-2747.9,18.9,420.0,8.0
VS003232,AD001035,AC000804,cash_collected,1024.3,-608.0,929.4,-466.2,170.6,540.0,10.0
VS003234,AD002062,AC001600,met_family,910.7,-92.7,904.3,-90.6,6.7,180.0,3.0
VS003235,AD003094,AC002225,cash_collected,890.9,-178.9,899.9,-169.9,12.7,540.0,10.0
VS003237,AD002995,AC002329,neighbour_says_shifted,1011.3,240.1,976.4,233.6,35.5,180.0,4.0
VS003239,AD000860,AC000666,locked_premises,1402.3,-1776.7,1341.0,-1838.8,87.3,120.0,3.0
VS003240,AD002225,AC001720,neighbour_says_shifted,-895.9,-347.3,-933.4,-616.7,272.0,360.0,7.0
VS003241,AD002091,AC001621,no_such_person,1767.7,-2196.3,1771.3,-2199.1,4.6,120.0,3.0
VS003243,AD000337,AC000266,met_borrower,1554.5,-2000.2,1487.9,-2029.7,72.8,480.0,9.0
VS003244,AD002440,AC001890,met_family,1122.6,-1815.9,1130.7,-1807.7,11.5,300.0,6.0
VS003246,AD002751,AC002133,met_family,3080.5,447.0,3112.7,460.5,34.9,180.0,4.0
VS003249,AD001254,AC000969,met_family,2723.1,267.4,2733.6,262.9,11.4,240.0,5.0
VS003250,AD002872,AC002229,met_family,3254.0,284.6,3288.5,290.9,35.1,120.0,3.0
VS003252,AD001503,AC001158,neighbour_says_shifted,2887.1,-1496.2,2895.7,-1486.2,13.2,300.0,6.0
VS003260,AD000978,AC000758,neighbour_says_shifted,-1177.8,-604.3,-1186.3,-619.3,17.2,120.0,3.0
VS003261,AD002254,AC001746,cash_collected,-503.9,-333.1,-506.6,-330.2,4.0,540.0,10.0
VS003262,AD000099,AC000078,met_family,-344.8,-432.1,-356.4,-424.1,14.1,180.0,4.0
VS003264,AD001268,AC000980,cash_collected,-540.1,-769.4,-547.1,-778.2,11.2,120.0,3.0
VS003270,AD001079,AC000838,met_family,-2454.9,-94.7,-2456.8,-96.4,2.5,300.0,6.0
VS003275,AD000721,AC000559,met_family,-3742.1,-767.3,-3735.8,-768.4,6.4,120.0,3.0
VS003282,AD002997,AC002331,address_not_traceable,1273.8,685.3,1280.7,679.6,8.9,180.0,4.0
VS003283,AD001934,AC001498,neighbour_says_shifted,-2998.7,-721.4,-3020.8,-690.5,38.0,240.0,5.0
VS003285,AD001116,AC000864,met_family,3114.7,-1943.0,3117.3,-1946.3,4.2,420.0,8.0
VS003295,AD000649,AC000504,no_such_person,-2513.4,929.0,-2506.5,902.8,27.1,120.0,3.0
VS003298,AD002468,AC001909,neighbour_says_shifted,-3066.6,1493.4,-3072.2,1477.0,17.3,120.0,3.0
VS003300,AD001808,AC001400,met_family,968.6,-3197.7,981.6,-3196.5,13.1,120.0,3.0
VS003301,AD000369,AC000294,met_family,667.9,-3037.8,714.9,-3223.9,191.9,120.0,3.0
VS003302,AD002548,AC001971,met_family,696.5,-2940.3,731.2,-2922.2,39.1,300.0,6.0
VS003306,AD000126,AC000100,no_such_person,916.7,-3215.8,912.1,-3203.9,12.8,180.0,4.0
VS003307,AD001991,AC001545,met_family,335.6,-3277.5,349.9,-3262.6,20.7,120.0,3.0
VS003308,AD002502,AC001936,met_family,939.4,-3438.0,923.1,-3421.1,23.5,180.0,4.0
VS003316,AD000204,AC000164,met_borrower,982.7,2520.6,992.3,2517.2,10.2,360.0,7.0
VS003317,AD002488,AC001925,met_borrower,996.9,-364.3,1002.2,-354.3,11.3,240.0,5.0
VS003321,AD002466,AC001907,met_family,1864.7,-2110.4,1858.0,-2104.3,9.1,420.0,8.0
VS003322,AD002763,AC002141,met_borrower,1814.4,-2197.8,1803.2,-2199.1,11.3,540.0,10.0
VS003325,AD000444,AC000349,neighbour_says_shifted,2677.3,-1694.3,2629.1,-1674.2,52.2,180.0,3.0
VS003326,AD001489,AC001147,neighbour_says_shifted,1272.8,-1767.9,1280.7,-1772.2,9.0,300.0,6.0
VS003327,AD000473,AC000374,met_family,1408.2,-1889.5,1416.8,-1898.8,12.7,120.0,3.0
VS003328,AD002112,AC001637,met_family,-365.5,3278.7,-362.9,3279.6,2.8,120.0,3.0
VS003329,AD002341,AC001813,met_family,-754.9,2734.2,-754.0,2718.5,15.7,300.0,6.0
VS003331,AD000198,AC000159,met_borrower,-495.9,3201.9,-517.2,3191.7,23.6,240.0,5.0
VS003334,AD002903,AC002254,neighbour_says_shifted,-2251.1,1658.1,-2246.4,1649.8,9.5,240.0,5.0
VS003335,AD002696,AC002090,address_not_traceable,2325.9,-766.6,2322.0,-773.2,7.7,180.0,4.0
VS003337,AD001436,AC001105,locked_premises,2316.2,-746.1,2315.8,-771.9,25.8,120.0,3.0
VS003341,AD000950,AC000737,met_borrower,-3042.8,-231.3,-3018.4,-243.0,27.1,480.0,9.0
VS003343,AD002977,AC002312,met_family,-2660.8,-495.1,-2667.9,-491.0,8.2,480.0,9.0
VS003344,AD001437,AC001106,met_family,-2157.6,-509.1,-2423.1,-612.5,284.9,180.0,4.0
VS003350,AD002023,AC001567,met_family,-2841.3,1707.2,-2773.6,1743.9,77.0,120.0,3.0
VS003351,AD001578,AC001216,met_family,-2219.1,1724.0,-2264.0,1707.6,47.8,240.0,5.0
VS003356,AD001469,AC001132,met_family,-2617.8,1438.0,-2622.3,1437.9,4.5,300.0,6.0
VS003358,AD001540,AC001185,met_borrower,-2370.9,1808.8,-2371.1,1821.9,13.1,540.0,10.0
VS003361,AD000652,AC000506,met_family,2861.7,-2282.9,2855.7,-2273.2,11.4,120.0,3.0
VS003363,AD001746,AC001348,met_borrower,3000.3,-2183.9,3020.3,-2191.3,21.3,360.0,7.0
VS003364,AD001236,AC000955,met_borrower,2967.3,-2627.1,2932.6,-2639.4,36.8,300.0,6.0
VS003367,AD000138,AC000110,met_borrower,643.0,-3067.8,625.8,-3082.3,22.5,180.0,4.0
VS003368,AD001462,AC001126,met_borrower,964.0,-3342.5,962.6,-3346.1,3.9,540.0,10.0
VS003369,AD000608,AC000475,met_family,926.1,-3316.5,909.6,-3347.9,35.5,240.0,5.0
VS003377,AD000919,AC000712,met_borrower,3038.2,-2551.4,3005.0,-2518.7,46.6,480.0,9.0
VS003381,AD003004,AC002336,met_family,2992.2,-2512.6,2992.4,-2510.1,2.5,120.0,3.0
VS003382,AD000524,AC000408,met_family,2883.3,-1689.0,2607.0,-1656.7,278.2,300.0,6.0
VS003383,AD002332,AC001806,met_borrower,3128.9,-2094.1,3121.3,-2076.5,19.2,540.0,10.0
VS003384,AD003099,AC001408,met_family,2715.7,-2250.2,2717.2,-2216.1,34.1,420.0,8.0
VS003387,AD000173,AC000138,met_borrower,1421.4,-2342.4,1443.2,-2344.4,21.9,540.0,10.0
VS003388,AD002661,AC002062,met_family,1768.8,-1740.0,1765.8,-1738.4,3.4,120.0,3.0
VS003392,AD000560,AC000435,met_borrower,1280.3,-2457.5,1290.3,-2463.7,11.8,540.0,10.0
VS003393,AD000032,AC000028,met_borrower,2103.5,-1700.1,1861.6,-1609.8,258.2,480.0,9.0
VS003399,AD001697,AC001307,met_family,832.0,3243.3,829.8,3209.9,33.5,120.0,3.0
VS003401,AD002339,AC001812,met_family,1088.4,2967.4,1096.1,2984.7,18.9,180.0,4.0
VS003403,AD000846,AC000656,met_family,-1881.4,-3259.6,-1863.3,-3256.6,18.3,360.0,5.0
VS003408,AD000379,AC000301,met_borrower,-2111.5,-2652.7,-2124.5,-2656.8,13.6,420.0,8.0
VS003410,AD001520,AC001172,met_family,-617.4,-3693.6,-626.1,-3705.4,14.7,360.0,7.0
VS003413,AD001386,AC001072,neighbour_says_shifted,-403.1,-3393.0,-398.9,-3396.8,5.7,120.0,3.0
VS003418,AD002402,AC001863,met_borrower,-80.6,-3750.5,-282.8,-3860.3,230.1,180.0,4.0
VS003419,AD001755,AC001356,met_family,579.8,-877.1,593.7,-865.1,18.4,180.0,4.0
VS003428,AD000451,AC000356,met_family,1006.5,-506.8,996.1,-490.8,19.1,240.0,5.0
VS003429,AD002096,AC001625,cash_collected,3581.3,622.5,3580.9,622.1,0.6,540.0,10.0
VS003433,AD000645,AC000501,neighbour_says_shifted,3567.6,-90.0,3546.7,-88.8,20.9,240.0,5.0
VS003435,AD002246,AC001738,met_family,2436.5,-2340.0,2447.3,-2337.2,11.2,180.0,4.0
VS003437,AD000129,AC000103,met_family,3216.5,-1952.8,3227.5,-1943.9,14.1,480.0,9.0
VS003438,AD000363,AC000289,met_borrower,2715.3,-2626.0,2710.0,-2619.2,8.6,120.0,3.0
VS003441,AD001479,AC001139,met_borrower,2938.2,-2652.1,2944.7,-2669.4,18.5,240.0,5.0
VS003447,AD001638,AC001264,met_borrower,1074.8,-2805.8,900.0,-2895.1,196.3,150.0,4.0
VS003449,AD000782,AC000606,met_family,658.4,-2627.3,659.9,-2621.4,6.1,180.0,4.0
VS003451,AD002103,AC001630,met_family,308.5,-2740.2,303.0,-2744.9,7.2,120.0,3.0
VS003453,AD001223,AC000944,met_borrower,727.0,-2999.6,712.6,-3001.2,14.5,540.0,10.0
VS003454,AD001034,AC000803,neighbour_says_shifted,3164.6,-1992.7,3161.5,-2003.0,10.8,120.0,3.0
VS003457,AD001567,AC001206,neighbour_says_shifted,2877.7,-2179.8,2857.8,-2186.8,21.1,180.0,4.0
VS003458,AD002766,AC002143,locked_premises,2778.0,-1911.2,2782.0,-1914.5,5.2,120.0,3.0
VS003459,AD000322,AC000255,met_borrower,3019.2,-2449.0,3013.6,-2444.7,7.1,540.0,10.0
VS003461,AD000360,AC000287,met_borrower,3065.6,-2374.5,3067.5,-2376.6,2.8,540.0,10.0
VS003463,AD000424,AC000336,met_borrower,2901.6,343.5,2903.8,331.2,12.5,360.0,7.0
VS003466,AD000962,AC000745,met_family,2674.5,251.2,2695.2,272.0,29.3,300.0,4.0
VS003468,AD002633,AC002041,cash_collected,3177.7,718.9,3177.8,729.4,10.5,540.0,10.0
VS003472,AD003044,AC002364,neighbour_says_shifted,1107.0,-2800.3,1215.5,-2557.3,266.1,360.0,7.0
VS003474,AD001380,AC001068,locked_premises,1403.2,-1874.9,1394.1,-1889.9,17.5,120.0,3.0
VS003475,AD000223,AC000179,met_borrower,1903.0,-2182.6,1909.9,-2166.2,17.8,120.0,3.0
VS003476,AD000338,AC000267,met_borrower,1229.5,-2014.7,1209.0,-2020.7,21.4,300.0,6.0
VS003478,AD000672,AC000521,met_borrower,1265.2,2272.9,1074.5,2530.4,320.4,180.0,4.0
VS003479,AD001556,AC001198,met_family,893.7,2866.3,1034.0,2590.8,309.2,420.0,8.0
VS003481,AD001339,AC001036,met_family,726.0,2827.8,728.8,2831.9,5.0,240.0,5.0
VS003483,AD002962,AC002300,met_family,970.0,3133.7,976.0,3136.5,6.6,120.0,3.0
VS003486,AD000662,AC000513,met_family,-579.7,3417.9,-577.0,3418.2,2.7,240.0,5.0
VS003487,AD002651,AC002053,locked_premises,2329.5,-786.5,2332.3,-778.6,8.4,120.0,3.0
VS003490,AD001357,AC001050,met_family,-556.9,3376.0,-569.0,3374.1,12.2,420.0,8.0
VS003492,AD002582,AC002001,locked_premises,-2358.3,1692.1,-2364.7,1690.3,6.6,120.0,3.0
VS003494,AD001122,AC000869,met_borrower,3341.1,488.3,3376.3,510.0,41.4,120.0,3.0
VS003496,AD002735,AC002121,met_family,3482.9,149.5,3702.1,-37.4,288.1,360.0,7.0
VS003498,AD002150,AC001664,met_family,4010.4,549.5,4006.5,542.5,8.0,480.0,9.0
VS003500,AD002234,AC001728,neighbour_says_shifted,-385.6,-3446.6,-388.2,-3438.6,8.4,120.0,3.0
VS003507,AD002712,AC002103,met_family,-751.8,-3724.1,-751.7,-3733.0,8.9,240.0,5.0
VS003510,AD001045,AC000812,met_borrower,2617.4,1468.7,2623.5,1459.5,11.0,420.0,8.0
VS003511,AD002029,AC001573,locked_premises,2694.1,1453.4,2698.2,1455.5,4.6,120.0,3.0
VS003514,AD000987,AC000766,met_family,2827.6,1123.3,2915.0,1169.5,98.9,480.0,9.0
VS003521,AD001788,AC001383,met_borrower,-1297.1,712.6,-1234.2,760.3,78.9,480.0,9.0
VS003525,AD001539,AC001184,cash_collected,257.5,1981.0,248.4,1990.5,13.2,540.0,10.0
VS003529,AD000146,AC000116,met_borrower,664.3,2398.8,644.2,2394.9,20.5,480.0,9.0
VS003530,AD000231,AC000186,neighbour_says_shifted,192.2,2588.1,205.1,2583.6,13.7,240.0,5.0
VS003536,AD000756,AC000586,met_family,1349.7,-2074.3,1348.2,-2073.0,2.0,420.0,8.0
VS003539,AD000430,AC000339,met_borrower,1703.9,-1995.0,1708.0,-1992.9,4.6,120.0,3.0
VS003542,AD000460,AC000364,met_family,2840.7,-1266.3,2832.2,-1284.9,20.5,240.0,5.0
VS003543,AD003045,AC002365,no_such_person,2918.7,-1406.8,2948.9,-1263.0,146.9,180.0,4.0
VS003544,AD002555,AC001977,met_family,2273.5,-1209.2,2271.7,-1202.3,7.1,120.0,3.0
VS003545,AD001619,AC001250,met_borrower,2608.3,-1091.6,2655.2,-1086.0,47.2,480.0,9.0
VS003549,AD002126,AC001648,locked_premises,2256.9,-1533.3,2235.8,-1541.2,22.5,120.0,3.0
VS003554,AD001866,AC001446,locked_premises,541.8,-3464.0,549.2,-3467.8,8.3,120.0,3.0
VS003562,AD001094,AC000848,neighbour_says_shifted,-2463.5,1758.0,-2466.7,1761.1,4.5,120.0,3.0
VS003564,AD002143,AC001659,met_borrower,-2609.9,1354.4,-2613.4,1348.4,6.9,360.0,7.0
VS003567,AD000781,AC000605,met_borrower,3782.6,498.5,3755.4,504.7,27.9,300.0,6.0
VS003569,AD000650,AC000505,locked_premises,2344.1,-793.3,2338.5,-782.2,12.4,120.0,3.0
VS003576,AD002253,AC001745,met_borrower,-2323.2,-427.8,-2321.2,-431.9,4.6,540.0,10.0
VS003577,AD000023,AC000020,met_borrower,-2953.3,-22.1,-2953.6,-18.5,3.6,600.0,11.0
VS003581,AD001792,AC001387,met_family,-2797.0,-457.0,-2782.7,-506.0,51.0,240.0,5.0
VS003585,AD001509,AC001163,met_family,3163.8,-2553.7,3103.3,-2566.7,61.9,240.0,5.0
VS003586,AD000867,AC000673,met_borrower,2923.0,-2634.9,2908.3,-2554.9,81.3,480.0,9.0
VS003588,AD000735,AC000570,neighbour_says_shifted,2670.4,-2375.5,2676.6,-2361.8,15.0,180.0,4.0
VS003594,AD001130,AC000876,met_borrower,-766.4,-3307.8,-769.6,-3324.8,17.3,540.0,10.0
VS003603,AD000100,AC000079,neighbour_says_shifted,2836.6,-2104.8,2825.3,-2084.1,23.6,120.0,3.0
VS003604,AD001363,AC001055,met_family,2925.4,-1808.0,2919.5,-1805.1,6.6,120.0,3.0
VS003606,AD002359,AC001828,neighbour_says_shifted,1642.6,-1605.0,1650.6,-1604.4,8.0,240.0,5.0
VS003609,AD002870,AC002227,locked_premises,1481.3,-2276.6,1494.2,-2262.0,19.5,120.0,3.0
VS003610,AD000817,AC000633,met_borrower,1292.4,-1932.1,1299.6,-1924.1,10.8,540.0,10.0
VS003611,AD002521,AC001949,locked_premises,1507.5,-2228.0,1580.3,-2389.5,177.1,180.0,4.0
VS003614,AD003067,AC002382,met_family,1385.6,-1815.8,1402.7,-1817.0,17.1,300.0,6.0
VS003617,AD001830,AC001418,met_family,1060.3,2917.9,1065.5,2914.7,6.1,480.0,9.0
VS003625,AD001996,AC001549,met_borrower,1424.5,-1634.1,1436.6,-1613.8,23.6,420.0,8.0
VS003626,AD001731,AC001335,met_borrower,1361.5,-2073.7,1209.7,-1961.5,188.8,180.0,4.0
VS003627,AD000531,AC000414,met_family,1282.6,-2463.1,1290.1,-2465.0,7.7,120.0,3.0
VS003628,AD001178,AC000913,met_borrower,1729.1,-2177.0,1797.7,-2191.2,70.1,180.0,4.0
VS003632,AD002333,AC001807,met_family,-2265.3,-522.1,-2270.4,-520.2,5.4,240.0,5.0
VS003634,AD000153,AC000122,met_family,-2351.2,-129.7,-2351.3,-131.6,1.9,420.0,8.0
VS003636,AD001064,AC000826,met_family,-3016.5,-37.4,-2977.8,-22.5,41.5,180.0,4.0
VS003641,AD001480,AC001140,no_such_person,3691.2,-2076.2,3705.1,-2227.5,151.9,240.0,5.0
VS003644,AD001078,AC000837,cash_collected,2951.4,-2105.0,2947.4,-2042.4,62.7,180.0,4.0
VS003645,AD000631,AC000490,met_borrower,-2606.5,28.0,-2605.5,36.7,8.8,240.0,5.0
VS003646,AD002509,AC001941,met_family,-2412.8,-613.3,-2427.7,-621.7,17.1,240.0,5.0
VS003648,AD000137,AC000109,met_family,-2374.3,-534.0,-2368.4,-530.6,6.8,420.0,8.0
VS003650,AD001982,AC001539,neighbour_says_shifted,-2540.4,-479.2,-2517.5,-489.6,25.2,180.0,4.0
VS003651,AD002829,AC002192,met_borrower,-2388.8,-113.8,-2377.0,-121.6,14.1,540.0,10.0
VS003653,AD002181,AC001686,met_borrower,-2473.4,-3.2,-2460.2,-2.9,13.2,120.0,3.0
VS003654,AD000666,AC000516,met_borrower,-2650.5,-531.9,-2639.1,-521.0,15.8,540.0,10.0
VS003660,AD001753,AC001354,met_family,710.8,-2909.6,918.3,-2892.5,208.2,480.0,9.0
VS003663,AD000328,AC000260,neighbour_says_shifted,292.7,-2867.1,314.0,-2880.0,24.9,300.0,6.0
VS003666,AD002116,AC001640,neighbour_says_shifted,848.2,-2997.0,838.1,-3136.3,139.7,120.0,3.0
VS003672,AD000658,AC000511,met_borrower,2533.5,-2246.0,2439.3,-2254.7,94.6,540.0,10.0
VS003674,AD000169,AC000134,met_family,3296.6,-2155.0,3284.5,-2148.7,13.6,420.0,8.0
VS003676,AD001993,AC001546,met_borrower,1228.5,-3340.6,1210.4,-3329.8,21.1,540.0,10.0
VS003679,AD002038,AC001581,met_borrower,3045.0,-2457.2,3038.3,-2452.6,8.1,240.0,5.0
VS003681,AD002027,AC001571,met_family,-538.9,-703.4,-379.4,-632.5,174.5,480.0,9.0
VS003685,AD002906,AC002257,met_borrower,-346.6,-661.3,-341.5,-653.2,9.6,180.0,4.0
VS003688,AD002045,AC001587,met_borrower,-947.6,-684.4,-944.8,-686.1,3.3,540.0,10.0
VS003692,AD002719,AC002108,no_such_person,-706.7,-418.6,-702.2,-427.0,9.5,180.0,4.0
VS003696,AD002357,AC001826,met_borrower,999.1,313.3,1021.9,319.3,23.6,120.0,3.0
VS003697,AD001577,AC001215,neighbour_says_shifted,927.8,398.6,932.2,402.4,5.8,240.0,5.0
VS003700,AD002504,AC001937,met_borrower,-2286.8,1309.0,-2284.9,1299.7,9.5,540.0,10.0
VS003702,AD001722,AC001327,met_family,-2241.3,1294.3,-2240.1,1295.4,1.6,420.0,8.0
VS003707,AD000825,AC000639,met_borrower,-2159.8,1114.3,-2206.4,1134.9,51.0,480.0,9.0
VS003708,AD001847,AC001431,locked_premises,-3757.8,-798.2,-3729.8,-784.6,31.1,120.0,3.0
VS003712,AD000043,AC000036,no_such_person,3927.7,710.6,3932.4,702.8,9.1,120.0,3.0
VS003715,AD001832,AC001420,met_borrower,4063.3,136.3,4123.2,99.0,70.6,420.0,8.0
VS003719,AD002877,AC002233,met_family,-629.9,-482.0,-630.2,-485.3,3.3,180.0,4.0
VS003721,AD001071,AC000832,met_borrower,-833.6,-695.1,-844.2,-706.6,15.6,240.0,5.0
VS003722,AD001856,AC001438,met_borrower,-1095.7,-221.0,-1015.7,-302.2,114.0,300.0,6.0
VS003725,AD001314,AC001017,met_family,-2436.6,1276.8,-2442.2,1275.8,5.7,120.0,3.0
VS003726,AD001042,AC000810,neighbour_says_shifted,-2985.2,813.6,-2982.4,803.6,10.4,180.0,4.0
VS003728,AD001862,AC001443,met_family,-3468.1,1421.1,-3277.6,1267.1,245.0,180.0,4.0
VS003730,AD001201,AC000929,met_borrower,660.3,-2619.4,659.7,-2621.2,1.9,420.0,8.0
VS003731,AD000066,AC000053,met_family,1142.6,-199.8,1152.7,-184.5,18.3,240.0,5.0
VS003738,AD001973,AC001533,met_family,861.3,-391.7,884.4,-415.2,33.0,180.0,4.0
VS003739,AD000260,AC000207,met_borrower,1009.6,-451.0,1020.2,-447.8,11.1,120.0,3.0
VS003746,AD000182,AC000146,no_such_person,919.2,2586.6,907.2,2597.5,16.2,180.0,4.0
VS003747,AD000016,AC000013,neighbour_says_shifted,747.9,2404.4,756.5,2391.7,15.3,180.0,4.0
VS003749,AD003050,AC002369,locked_premises,778.6,2619.2,794.1,2628.7,18.2,120.0,3.0
VS003753,AD000711,AC000551,met_family,779.1,2470.4,763.7,2468.5,15.5,120.0,3.0
VS003755,AD001318,AC001020,no_such_person,1138.1,101.5,1147.1,92.5,12.7,180.0,4.0
VS003756,AD002123,AC001646,met_borrower,1126.5,547.2,1131.1,552.6,7.1,540.0,10.0
VS003757,AD000220,AC000176,neighbour_says_shifted,1444.5,-473.3,1453.2,-468.0,10.2,120.0,3.0
VS003759,AD002197,AC001700,met_family,893.1,-231.4,893.2,-268.9,37.5,240.0,5.0
VS003763,AD002140,AC001657,met_family,956.8,-131.8,947.8,-124.7,11.5,120.0,3.0
VS003764,AD001156,AC000895,met_family,641.5,-188.0,656.1,-312.6,125.5,480.0,9.0
VS003778,AD000159,AC000126,neighbour_says_shifted,-2843.2,-104.5,-2837.5,-104.2,5.7,300.0,6.0
VS003779,AD000489,AC000385,no_such_person,-2386.2,-224.7,-2392.3,-228.7,7.3,180.0,4.0
VS003782,AD001890,AC001465,neighbour_says_shifted,1108.5,-495.2,1108.9,-477.7,17.5,120.0,3.0
VS003785,AD001854,AC001436,locked_premises,2341.0,-780.9,2344.5,-787.2,7.2,120.0,3.0
VS003786,AD002562,AC001983,met_borrower,1205.9,-1025.7,1267.7,-1062.0,71.7,480.0,9.0
VS003788,AD002481,AC001920,locked_premises,-3747.7,-773.5,-3750.1,-779.9,6.8,120.0,3.0
VS003789,AD000840,AC000652,met_borrower,3085.8,-2452.3,3083.5,-2463.5,11.4,480.0,9.0
VS003794,AD002691,AC002086,met_family,3329.6,-1947.3,3176.1,-2092.5,211.3,180.0,3.0
VS003804,AD001324,AC001025,locked_premises,2662.7,-2043.6,2631.5,-1926.4,121.3,120.0,3.0
VS003806,AD001770,AC001368,met_family,2503.8,-2351.6,2507.6,-2358.7,8.1,120.0,3.0
VS003807,AD000541,AC000420,met_family,2872.1,-2532.7,2595.1,-2479.9,282.0,300.0,6.0
VS003814,AD000538,AC000418,met_borrower,1220.0,-2008.2,1285.7,-1764.8,252.1,240.0,5.0
VS003819,AD002059,AC001597,no_such_person,1283.8,-2085.2,1218.0,-2021.4,91.7,180.0,4.0
VS003823,AD001765,AC001363,cash_collected,2260.2,-1163.1,2256.8,-1092.8,70.4,300.0,6.0
VS003829,AD001855,AC001437,met_family,2292.3,-1213.3,2430.3,-1206.8,138.2,240.0,5.0
VS003830,AD002772,AC002148,met_family,2543.4,-914.5,2528.1,-918.7,15.9,300.0,6.0
VS003834,AD000860,AC000666,neighbour_says_shifted,1324.9,-1819.9,1336.4,-1838.8,22.1,180.0,4.0
VS003835,AD000336,AC000266,met_borrower,1202.3,-2014.3,1158.7,-2034.6,48.1,120.0,3.0
VS003838,AD000107,AC000086,locked_premises,2334.4,-765.7,2335.1,-765.3,0.8,120.0,3.0
VS003839,AD001466,AC001129,met_borrower,2338.9,-764.5,2336.7,-767.4,3.6,180.0,4.0
VS003840,AD001845,AC001430,met_family,3594.5,25.5,3599.8,26.5,5.4,300.0,6.0
VS003841,AD001524,AC001175,locked_premises,-3725.6,-774.8,-3719.4,-779.1,7.5,180.0,4.0
VS003842,AD002737,AC002123,met_borrower,3592.4,145.5,3606.9,144.2,14.6,180.0,4.0
VS003843,AD002603,AC002016,neighbour_says_shifted,3603.2,-34.7,3724.9,116.9,194.4,120.0,3.0
VS003844,AD001176,AC000911,met_family,3611.8,-53.1,3572.0,-35.7,43.4,180.0,4.0
VS003845,AD000142,AC000113,met_borrower,3983.1,788.8,3975.8,777.5,13.5,540.0,10.0
VS003846,AD002138,AC001656,met_family,3847.0,571.7,3879.1,597.5,41.2,360.0,7.0
VS003850,AD002614,AC002024,neighbour_says_shifted,659.3,-855.0,666.9,-819.1,36.7,120.0,3.0
VS003851,AD000787,AC000609,met_family,1135.4,-1210.1,1095.9,-1173.7,53.7,120.0,3.0
VS003852,AD001197,AC000926,met_borrower,719.5,-1491.5,814.2,-1252.3,257.3,180.0,4.0
VS003853,AD000239,AC000191,neighbour_says_shifted,872.9,-709.7,1075.4,-662.9,207.8,240.0,5.0
VS003854,AD002819,AC002183,met_borrower,1342.3,-899.1,1328.6,-911.7,18.6,540.0,10.0
VS003856,AD002520,AC001948,met_borrower,609.6,-860.7,613.4,-851.1,10.3,420.0,8.0
VS003858,AD002153,AC001666,met_family,3458.2,-1752.4,3441.6,-1748.8,17.0,120.0,3.0
VS003859,AD001481,AC001141,met_family,2854.9,-1823.4,2872.9,-1832.3,20.1,360.0,7.0
VS003869,AD002544,AC001969,met_borrower,617.6,-2924.9,676.9,-2764.8,170.7,180.0,4.0
VS003871,AD002711,AC002102,met_borrower,1197.8,-3165.6,1179.8,-3167.1,18.1,120.0,3.0
VS003878,AD001336,AC001033,met_family,2816.9,-1988.6,2698.5,-1797.1,225.1,240.0,5.0
VS003879,AD002623,AC002033,neighbour_says_shifted,2905.4,-1803.3,2907.0,-1794.4,9.0,120.0,3.0
VS003884,AD002925,AC002272,met_family,2615.8,-1936.4,2588.2,-1986.4,57.1,240.0,5.0
VS003888,AD000047,AC000038,met_borrower,-2420.0,1179.0,-2453.3,1199.0,38.8,180.0,4.0
VS003889,AD001945,AC001507,neighbour_says_shifted,-3020.0,712.1,-3019.0,711.5,1.2,240.0,5.0
VS003890,AD002468,AC001909,no_such_person,-3058.4,1466.4,-3072.9,1470.7,15.1,180.0,4.0
VS003894,AD001397,AC001080,met_family,1841.6,-1505.9,1694.8,-1682.6,229.7,180.0,4.0
VS003899,AD000204,AC000164,met_family,993.7,2519.7,993.4,2515.9,3.8,180.0,4.0
VS003901,AD003098,AC001529,met_borrower,780.2,3095.9,760.9,3086.6,21.4,480.0,9.0
VS003909,AD002540,AC001965,met_family,2479.7,-1591.7,2478.6,-1585.1,6.7,120.0,3.0
VS003910,AD001944,AC001506,met_borrower,2462.9,-668.0,2488.4,-707.2,46.8,300.0,6.0
VS003912,AD001683,AC001296,met_family,2696.6,-1371.9,2705.9,-1381.9,13.7,120.0,3.0
VS003915,AD002262,AC001753,met_borrower,2714.3,-1772.2,2705.8,-1771.3,8.5,540.0,10.0
VS003916,AD002832,AC002195,met_family,2689.6,-1013.5,2693.1,-1016.8,4.8,360.0,7.0
VS003917,AD001079,AC000838,met_family,-2570.4,-31.3,-2456.8,-94.9,130.2,420.0,8.0
VS003920,AD002233,AC001727,neighbour_says_shifted,-2574.1,-524.7,-2562.6,-530.7,13.0,180.0,4.0
VS003922,AD000197,AC000158,met_borrower,-2680.9,-139.7,-2678.7,-138.8,2.4,540.0,10.0
VS003923,AD000950,AC000737,met_family,-3032.1,-243.2,-3021.3,-239.4,11.4,120.0,3.0
VS003925,AD002415,AC001873,met_family,-2623.7,-71.8,-2685.0,-53.1,64.1,180.0,4.0
VS003927,AD002903,AC002254,locked_premises,-2263.3,1647.0,-2247.1,1652.8,17.2,120.0,3.0
VS003928,AD002696,AC002090,met_borrower,-2549.8,923.2,-2546.4,934.4,11.7,540.0,10.0
VS003929,AD000323,AC000256,met_borrower,-2575.9,1819.2,-2567.3,1796.9,23.9,120.0,3.0
VS003930,AD001873,AC001451,met_borrower,-706.7,-2194.0,-760.1,-2174.0,57.0,300.0,6.0
VS003934,AD002023,AC001567,met_family,-2729.4,1809.4,-2776.4,1751.9,74.3,240.0,5.0
VS003938,AD001812,AC001404,met_borrower,3574.5,468.6,3594.9,516.1,51.7,480.0,9.0
VS003940,AD001920,AC001488,met_family,3519.1,662.6,3592.0,626.8,81.2,120.0,3.0
VS003946,AD001408,AC001086,met_family,2627.6,942.9,2626.5,932.6,10.4,180.0,4.0
VS003947,AD000669,AC000519,met_borrower,2261.8,615.0,2256.9,619.6,6.7,540.0,10.0
VS003949,AD000970,AC000751,met_borrower,2723.2,1509.4,2689.5,1478.3,45.9,300.0,6.0
VS003954,AD002367,AC001834,met_borrower,2108.7,753.0,2099.5,762.0,12.9,540.0,10.0
VS003959,AD002151,AC001665,met_borrower,1395.9,-2921.4,1169.7,-3104.3,290.9,300.0,6.0
VS003964,AD001174,AC000909,neighbour_says_shifted,2592.6,-1920.3,2600.7,-1910.7,12.6,180.0,4.0
VS003965,AD002419,AC001875,met_family,2558.4,-2343.8,2769.9,-2323.5,212.5,180.0,4.0
VS003967,AD003053,AC002372,met_borrower,3289.1,-2185.5,3256.0,-2207.1,39.5,480.0,9.0
VS003973,AD001857,AC001439,met_family,1648.8,-2235.0,1647.4,-2230.3,4.9,480.0,9.0
VS003974,AD002441,AC001890,met_borrower,-419.6,-515.2,-465.0,-534.0,49.1,480.0,9.0
VS003976,AD000473,AC000374,met_family,1419.5,-1897.1,1420.8,-1894.5,2.9,180.0,4.0
VS003980,AD001584,AC001221,neighbour_says_shifted,1382.3,-1870.2,1277.0,-2001.0,167.9,120.0,3.0
VS003982,AD002526,AC001954,met_borrower,1409.2,-2130.7,1401.7,-2117.6,15.1,420.0,8.0
VS003988,AD001662,AC001282,met_family,-459.5,3152.7,-473.6,3167.4,20.4,480.0,9.0
VS003993,AD001654,AC001277,neighbour_says_shifted,1072.3,2470.9,1059.8,2410.5,61.7,240.0,5.0
VS003994,AD001158,AC000896,met_family,927.7,2564.5,915.9,2557.8,13.6,420.0,8.0
VS003996,AD001430,AC001100,met_family,1296.5,2878.4,1290.0,2874.0,7.8,180.0,4.0
VS003999,AD002218,AC001716,met_borrower,1007.8,2616.1,1032.5,2575.2,47.8,120.0,3.0
VS004010,AD000721,AC000559,met_borrower,-3061.2,-116.3,-3039.7,-117.0,21.5,540.0,10.0
VS004014,AD000078,AC000063,no_such_person,-2524.9,-149.1,-2532.5,-133.6,17.3,180.0,4.0
VS004017,AD002252,AC001744,met_family,-3040.2,-695.6,-2921.0,-596.2,155.2,420.0,8.0
VS004021,AD002083,AC001615,met_family,-264.8,-4122.6,-400.0,-3924.6,239.8,120.0,3.0
VS004024,AD000632,AC000491,neighbour_says_shifted,-918.3,-3860.8,-881.5,-3850.0,38.4,120.0,3.0
VS004027,AD001233,AC000953,met_borrower,2532.0,-2365.4,2518.5,-2362.7,13.8,540.0,10.0
VS004029,AD000667,AC000517,met_borrower,2265.3,-2342.6,2282.6,-2345.7,17.6,540.0,10.0
VS004031,AD000955,AC000741,neighbour_says_shifted,3079.0,-1899.8,3141.2,-1917.8,64.8,120.0,3.0
VS004034,AD000524,AC000408,met_family,2593.2,-1649.5,2604.2,-1659.7,15.0,180.0,4.0
VS004037,AD001256,AC000971,neighbour_says_shifted,3310.1,-1994.4,3308.5,-1993.7,1.7,120.0,3.0
VS004040,AD001240,AC000958,neighbour_says_shifted,1329.0,-221.5,1335.8,-216.6,8.4,180.0,4.0
VS004041,AD001035,AC000804,met_borrower,800.2,-347.5,808.7,-348.2,8.5,540.0,10.0
VS004048,AD001088,AC000844,cash_collected,1327.7,-221.4,1334.9,-214.8,9.8,300.0,6.0
VS004051,AD001833,AC001421,neighbour_says_shifted,1524.9,-2395.6,1536.8,-2390.5,12.9,120.0,3.0
VS004052,AD002661,AC002062,met_family,1770.1,-1738.1,1758.3,-1730.7,13.9,240.0,5.0
VS004053,AD000173,AC000138,met_family,1433.7,-2341.3,1442.3,-2342.9,8.7,240.0,5.0
VS004054,AD002794,AC002165,met_family,1676.6,-2291.9,1625.9,-2310.2,53.9,300.0,6.0
VS004057,AD000598,AC000465,neighbour_says_shifted,1599.9,-2337.5,1606.7,-2328.3,11.4,120.0,3.0
VS004063,AD000792,AC000614,locked_premises,928.1,2480.8,926.3,2478.7,2.8,120.0,3.0
VS004066,AD003066,AC002381,met_borrower,2379.7,-1173.3,2376.9,-1178.1,5.6,540.0,10.0
VS004079,AD000671,AC000520,met_family,1393.5,-955.7,1288.4,-832.5,161.9,420.0,8.0
VS004080,AD000155,AC000123,met_family,1158.3,-597.3,1167.8,-607.1,13.6,240.0,5.0
VS004081,AD002096,AC001625,met_borrower,3609.2,748.2,3583.8,627.0,123.8,480.0,9.0
VS004084,AD000645,AC000501,neighbour_says_shifted,3602.0,-3.3,3553.0,-99.4,107.9,120.0,3.0
VS004088,AD002933,AC002279,met_borrower,911.8,-717.0,911.2,-715.2,1.9,420.0,8.0
VS004095,AD002246,AC001738,met_borrower,2435.4,-2330.3,2449.9,-2338.4,16.6,480.0,9.0
VS004098,AD000363,AC000289,met_family,2708.2,-2620.4,2713.8,-2619.2,5.7,210.0,5.0
VS004099,AD002911,AC002260,met_borrower,3003.0,-2277.3,3050.8,-1997.7,283.7,540.0,10.0
VS004100,AD003004,AC002336,met_borrower,3000.1,-2507.0,2989.5,-2510.7,11.2,240.0,5.0
VS004101,AD000138,AC000110,met_borrower,315.6,-3034.1,370.9,-3038.6,55.5,480.0,9.0
VS004102,AD000608,AC000475,met_borrower,915.4,-3354.9,921.2,-3347.4,9.5,480.0,9.0
VS004105,AD002061,AC001599,met_borrower,1147.3,-2966.1,1141.9,-2952.2,14.9,540.0,10.0
VS004106,AD001083,AC000840,no_such_person,871.0,-3507.0,802.0,-3289.0,228.7,120.0,3.0
VS004110,AD002928,AC002275,met_family,1150.3,-3185.9,1166.8,-3175.8,19.3,240.0,5.0
VS004115,AD002757,AC002137,neighbour_says_shifted,2395.9,-2150.8,2394.5,-2148.2,3.0,240.0,5.0
VS004116,AD000203,AC000163,met_borrower,2668.4,-2477.8,2597.5,-2481.0,71.0,420.0,8.0
VS004117,AD001380,AC001068,met_family,1394.8,-1880.4,1399.1,-1893.4,13.7,480.0,9.0
VS004122,AD003044,AC002364,neighbour_says_shifted,1267.0,-2740.2,1212.7,-2557.8,190.3,300.0,6.0
VS004125,AD000846,AC000656,met_family,-1863.1,-3266.7,-1863.0,-3256.5,10.2,180.0,4.0
VS004126,AD001647,AC001272,met_family,-1644.6,-2897.4,-1641.0,-2906.8,10.1,180.0,4.0
VS004127,AD001447,AC001114,met_borrower,-1340.8,-2845.6,-1332.8,-2867.1,22.9,540.0,10.0
VS004128,AD000379,AC000301,met_borrower,-2105.0,-2709.7,-2125.3,-2652.4,60.8,180.0,4.0
VS004132,AD000672,AC000521,met_family,802.1,2617.6,939.8,2636.7,139.0,360.0,7.0
VS004133,AD001937,AC001500,met_family,749.9,3125.7,743.0,3086.7,39.6,360.0,7.0
VS004134,AD001556,AC001198,met_family,1028.3,2620.2,1031.7,2592.9,27.5,420.0,8.0
VS004135,AD003019,AC002346,met_borrower,773.2,2749.0,669.4,2782.1,108.9,540.0,10.0
VS004137,AD000147,AC000117,locked_premises,1011.1,2871.0,1007.8,2870.3,3.4,120.0,2.0
VS004138,AD001589,AC001226,locked_premises,687.8,3122.0,691.9,3116.3,7.0,120.0,3.0
VS004139,AD001520,AC001172,met_borrower,-732.6,-3714.5,-563.5,-3727.2,169.6,480.0,9.0
VS004140,AD002932,AC002278,neighbour_says_shifted,-614.0,-3438.4,-613.0,-3442.5,4.2,300.0,6.0
VS004145,AD001386,AC001072,neighbour_says_shifted,-407.0,-3396.3,-402.7,-3395.7,4.3,180.0,4.0
VS004147,AD001472,AC001134,met_family,-382.0,-3955.7,-425.9,-3926.4,52.8,180.0,4.0
VS004153,AD002651,AC002053,no_such_person,-921.3,3394.4,-914.9,3388.5,8.7,180.0,4.0
VS004158,AD000228,AC000183,met_family,3803.6,179.4,3815.4,194.4,19.1,180.0,4.0
VS004159,AD000535,AC000416,met_borrower,3701.7,111.3,3704.3,109.3,3.3,540.0,10.0
VS004165,AD003016,AC002344,met_borrower,2495.6,691.6,2453.4,673.7,45.8,180.0,4.0
VS004170,AD002444,AC001892,no_such_person,-2703.5,946.3,-2706.2,942.0,5.1,180.0,4.0
VS004175,AD002413,AC001871,met_family,2946.4,-1906.4,2968.0,-1912.6,22.5,480.0,9.0
VS004176,AD002306,AC001787,met_family,2792.1,-2000.0,2791.9,-2003.3,3.3,480.0,9.0
VS004179,AD002766,AC002143,neighbour_says_shifted,2785.7,-1840.7,2788.4,-1909.2,68.6,240.0,5.0
VS004180,AD000428,AC000338,no_such_person,3094.4,-2840.1,2891.1,-2706.4,243.3,120.0,3.0
VS004182,AD000355,AC000282,locked_premises,600.0,-3348.6,693.8,-3291.6,109.8,210.0,5.0
VS004185,AD000069,AC000056,neighbour_says_shifted,721.6,-3445.5,721.2,-3436.7,8.8,120.0,3.0
VS004186,AD001232,AC000952,met_borrower,391.8,-2967.6,387.8,-2971.3,5.4,540.0,10.0
VS004187,AD001794,AC001388,met_borrower,921.2,-2914.7,928.4,-2910.2,8.5,120.0,3.0
VS004188,AD003013,AC002342,neighbour_says_shifted,1527.8,-2493.9,1526.2,-2485.0,9.0,180.0,4.0
VS004189,AD002820,AC002184,met_family,1922.7,-1912.3,1882.3,-1871.0,57.8,420.0,8.0
VS004191,AD002118,AC001642,cash_collected,1895.1,-2205.5,1902.4,-2236.7,32.0,120.0,3.0
VS004195,AD001149,AC000890,met_borrower,1666.2,-1607.2,1649.6,-1612.1,17.3,300.0,6.0
VS004199,AD002633,AC002041,met_borrower,3181.4,733.1,3177.2,731.4,4.5,540.0,10.0
VS004200,AD000365,AC000291,met_borrower,3147.0,554.9,3084.5,536.5,65.2,120.0,3.0
VS004203,AD000324,AC000257,met_borrower,-2635.5,1704.9,-2642.9,1719.1,16.0,540.0,10.0
VS004205,AD001555,AC001197,met_borrower,-3722.1,-775.8,-3728.7,-784.1,10.6,120.0,3.0
VS004206,AD001220,AC000942,address_not_traceable,2336.6,-774.8,2341.0,-771.0,5.8,180.0,4.0
VS004207,AD001469,AC001132,met_borrower,-2622.6,1432.5,-2621.2,1441.8,9.4,540.0,10.0
VS004208,AD002143,AC001659,met_borrower,-2608.4,1347.7,-2613.9,1348.1,5.5,540.0,10.0
VS004211,AD000982,AC000762,met_borrower,4010.3,789.2,4006.6,787.7,4.0,540.0,10.0
VS004213,AD002150,AC001664,met_family,4002.1,542.3,4006.6,546.4,6.1,300.0,6.0
VS004218,AD001443,AC001111,met_family,-901.2,-3377.4,-681.4,-3259.3,249.5,480.0,9.0
VS004219,AD001715,AC001321,met_borrower,-489.9,-3483.3,-304.4,-3404.1,201.7,360.0,7.0
VS004220,AD002234,AC001728,neighbour_says_shifted,-376.1,-3428.2,-388.5,-3442.5,18.9,300.0,6.0
VS004224,AD002720,AC002109,neighbour_says_shifted,-435.4,-3668.1,-731.0,-3645.7,296.4,180.0,4.0
VS004225,AD002771,AC002147,met_family,2375.6,-2217.2,2370.9,-2228.7,12.4,180.0,4.0
VS004227,AD000903,AC000701,met_family,2946.4,-2681.5,2979.1,-2751.0,76.8,120.0,3.0
VS004228,AD000733,AC000568,met_family,2868.9,-2263.7,2854.2,-2271.8,16.8,120.0,3.0
VS004231,AD000735,AC000570,no_such_person,2551.5,-2217.6,2679.0,-2362.8,193.2,180.0,4.0
VS004233,AD001354,AC001048,met_family,2962.1,-2078.7,2955.5,-2079.1,6.6,240.0,5.0
VS004234,AD002858,AC002216,met_family,1153.8,-2873.8,1162.8,-2872.7,9.1,300.0,6.0
VS004235,AD001753,AC001354,met_borrower,948.5,-2892.2,926.9,-2896.5,22.0,420.0,8.0
VS004239,AD000253,AC000202,cash_collected,537.2,-2848.1,542.0,-2858.0,11.0,540.0,10.0
VS004240,AD000062,AC000050,met_family,620.2,-3085.0,599.1,-3080.8,21.5,120.0,3.0
VS004244,AD002802,AC002172,met_borrower,680.3,-2781.0,694.0,-2777.7,14.1,180.0,4.0
VS004247,AD001242,AC000959,locked_premises,1519.3,-1862.9,1520.6,-1867.0,4.3,120.0,3.0
VS004250,AD002748,AC002131,met_family,1208.8,-1902.1,1157.0,-1878.5,56.9,420.0,8.0
VS004254,AD002870,AC002227,met_family,1343.2,-2336.0,1493.8,-2259.8,168.8,420.0,8.0
VS004255,AD000531,AC000414,met_borrower,1281.9,-2467.4,1290.7,-2464.4,9.3,540.0,9.0
VS004256,AD002688,AC002084,neighbour_says_shifted,1782.2,-2311.2,1675.5,-2292.3,108.4,300.0,6.0
VS004257,AD001281,AC000992,met_family,1559.5,-2338.1,1555.6,-2329.4,9.5,480.0,9.0
VS004260,AD000975,AC000756,no_such_person,-451.3,-366.4,-462.8,-391.5,27.6,120.0,3.0
VS004262,AD002027,AC001571,met_family,-602.0,-529.0,-376.5,-625.6,245.3,300.0,6.0
VS004263,AD000472,AC000373,met_borrower,-343.8,-129.3,-315.9,-111.1,33.3,180.0,4.0
VS004266,AD000012,AC000009,locked_premises,-676.4,-682.4,-653.5,-548.1,136.2,150.0,4.0
VS004269,AD002253,AC001745,locked_premises,-2330.4,-433.9,-2318.9,-430.0,12.1,120.0,3.0
VS004271,AD000153,AC000122,met_borrower,-2342.4,-116.3,-2348.8,-125.2,11.0,120.0,3.0
VS004272,AD002485,AC001923,met_borrower,-2685.1,-138.4,-2679.3,-142.5,7.1,120.0,2.0
VS004273,AD002333,AC001807,met_borrower,-2268.0,-532.5,-2266.2,-522.8,9.9,300.0,6.0
VS004274,AD002504,AC001937,met_borrower,-2245.6,1264.5,-2283.6,1299.8,51.9,480.0,9.0
VS004282,AD001422,AC001095,met_borrower,4080.7,944.2,3986.9,677.8,282.4,540.0,10.0
VS004283,AD001499,AC001155,locked_premises,3735.1,40.0,3518.4,-2.8,220.9,120.0,3.0
VS004285,AD000722,AC000560,met_borrower,4010.6,386.9,3989.6,112.4,275.3,180.0,4.0
VS004286,AD001832,AC001420,met_borrower,4119.0,100.2,4121.1,97.2,3.7,420.0,8.0
VS004288,AD001605,AC001239,met_family,3642.6,545.7,3648.4,553.5,9.7,360.0,7.0
VS004292,AD000753,AC000583,met_borrower,2762.1,-2586.1,2773.0,-2569.1,20.2,540.0,10.0
VS004296,AD001554,AC001196,locked_premises,2642.3,-2179.9,2634.3,-2180.4,8.0,120.0,3.0
VS004299,AD000238,AC000190,locked_premises,-3008.8,788.2,-2860.7,994.8,254.2,120.0,3.0
VS004300,AD001043,AC000810,met_borrower,-2577.5,1076.9,-2568.5,1094.1,19.4,300.0,6.0
VS004302,AD001815,AC001406,met_family,-2281.3,914.8,-2480.5,1025.9,228.1,450.0,9.0
VS004304,AD002983,AC002318,met_borrower,-2585.3,952.5,-2815.2,848.0,252.5,360.0,7.0
VS004305,AD002281,AC001766,met_borrower,-2608.7,979.2,-2600.4,997.2,19.8,540.0,10.0
VS004307,AD002621,AC002031,met_borrower,1050.8,-3196.7,1060.5,-3173.4,25.2,120.0,3.0
VS004309,AD002393,AC001856,met_family,633.0,-3005.6,483.4,-2871.5,200.9,360.0,7.0
VS004310,AD001057,AC000821,met_family,1089.5,-2854.5,1082.0,-2874.8,21.6,180.0,4.0
VS004311,AD000328,AC000260,neighbour_says_shifted,319.5,-2871.4,314.7,-2881.9,11.5,180.0,4.0
VS004314,AD001830,AC001418,met_family,1066.3,2919.6,1065.5,2910.8,8.8,180.0,4.0
VS004315,AD002299,AC001780,met_family,935.7,2305.4,942.7,2302.2,7.7,240.0,5.0
VS004316,AD002339,AC001812,met_borrower,1093.3,2982.1,1102.2,2985.0,9.4,540.0,10.0
VS004319,AD003050,AC002369,met_family,1029.8,2572.1,795.6,2623.1,239.7,420.0,8.0
VS004320,AD000016,AC000013,neighbour_says_shifted,768.0,2429.7,756.5,2399.8,32.0,180.0,4.0
VS004322,AD002936,AC002282,locked_premises,1136.1,2967.3,1132.1,2974.6,8.3,120.0,3.0
VS004328,AD002541,AC001966,met_family,1297.9,155.2,1286.2,156.2,11.7,360.0,7.0
VS004329,AD001152,AC000892,met_family,1471.0,357.7,1490.5,365.4,21.0,300.0,6.0
VS004330,AD000460,AC000364,met_borrower,2866.2,-1270.5,2834.6,-1282.4,33.8,420.0,8.0
VS004332,AD000385,AC000307,met_borrower,2661.2,-1197.2,2660.2,-1167.0,30.2,360.0,7.0
VS004333,AD000420,AC000333,cash_collected,3067.7,-1271.6,3047.6,-1281.6,22.5,420.0,8.0
VS004334,AD002126,AC001648,locked_premises,2242.0,-1547.2,2238.4,-1534.9,12.8,120.0,3.0
VS004335,AD003087,AC002398,no_such_person,2670.6,-1353.4,2665.4,-1353.0,5.2,180.0,4.0
VS004340,AD000094,AC000074,locked_premises,-3737.6,-757.8,-3733.8,-767.9,10.8,180.0,4.0
VS004341,AD001064,AC000826,met_family,-2978.2,-11.0,-2976.8,-23.6,12.7,120.0,3.0
VS004343,AD000170,AC000135,locked_premises,-3693.3,-790.0,-3703.8,-784.3,11.9,180.0,4.0
VS004344,AD002412,AC001870,address_not_traceable,2349.4,-780.0,2356.6,-782.0,7.5,120.0,3.0
VS004345,AD001754,AC001355,locked_premises,2320.6,-782.7,2316.6,-780.3,4.7,120.0,3.0
VS004350,AD000427,AC000337,met_borrower,-1119.0,-317.8,-1126.2,-332.0,15.9,540.0,10.0
VS004357,AD001792,AC001387,met_family,-2777.1,-510.4,-2783.6,-502.0,10.6,300.0,6.0
VS004358,AD002959,AC002297,met_borrower,-2443.8,-543.1,-2448.0,-530.8,13.0,540.0,10.0
VS004359,AD001330,AC001029,neighbour_says_shifted,-2528.9,-558.5,-2352.8,-530.8,178.3,180.0,4.0
VS004360,AD000631,AC000490,cash_collected,-2808.5,-116.5,-2858.0,-150.1,59.8,480.0,9.0
VS004366,AD001096,AC000850,met_family,2710.8,1010.6,2709.2,938.3,72.3,300.0,6.0
VS004367,AD000255,AC000203,met_borrower,2396.3,932.2,2394.5,949.2,17.1,120.0,3.0
VS004370,AD000737,AC000571,locked_premises,-459.3,-2870.6,-659.2,-2947.9,214.3,180.0,4.0
VS004376,AD003011,AC002340,neighbour_says_shifted,1679.8,-409.5,1741.0,-632.8,231.5,120.0,3.0
VS004378,AD000812,AC000628,met_borrower,-1242.3,-2727.9,-1240.4,-2707.9,20.1,540.0,10.0
VS004379,AD000837,AC000650,no_such_person,-1292.8,-3549.2,-1292.1,-3539.9,9.3,120.0,3.0
VS004381,AD001973,AC001533,met_family,877.4,-413.0,880.7,-405.4,8.3,300.0,6.0
VS004383,AD001444,AC001112,met_family,758.0,-293.7,755.2,-283.6,10.5,180.0,4.0
VS004387,AD000803,AC000621,met_borrower,-352.4,-1405.2,-354.0,-1397.5,7.9,540.0,10.0
VS004389,AD000015,AC000012,met_family,1219.4,-161.4,1208.0,-178.9,20.9,360.0,7.0
VS004390,AD001713,AC001320,met_family,1725.9,-2071.3,1732.5,-2053.6,18.9,120.0,3.0
VS004391,AD000756,AC000586,met_borrower,1357.1,-2030.5,1348.2,-2026.6,9.7,540.0,10.0
VS004393,AD001694,AC001304,met_borrower,1781.1,-2218.7,1752.4,-2205.6,31.5,300.0,6.0
VS004394,AD002663,AC002064,met_borrower,1520.6,-1903.4,1583.8,-1942.1,74.1,480.0,9.0
VS004395,AD002066,AC001604,locked_premises,1470.8,-2446.5,1421.7,-2283.6,170.1,180.0,4.0
VS004396,AD000953,AC000739,met_borrower,204.7,-3167.1,207.1,-3172.0,5.5,540.0,10.0
VS004398,AD001055,AC000820,met_family,463.4,-3290.2,346.1,-3213.0,140.4,300.0,6.0
VS004399,AD002401,AC001862,locked_premises,619.0,-3450.4,613.7,-3466.4,16.9,120.0,3.0
VS004401,AD002483,AC001921,neighbour_says_shifted,795.5,-2773.1,794.2,-2787.3,14.3,240.0,5.0
VS004402,AD001852,AC001435,neighbour_says_shifted,720.8,-3291.4,690.4,-3292.4,30.4,180.0,4.0
VS004404,AD002064,AC001602,neighbour_says_shifted,235.2,-3247.5,231.4,-3246.2,4.0,180.0,4.0
VS004408,AD001844,AC001429,locked_premises,-601.7,-11.1,-587.7,-11.0,14.0,120.0,3.0
VS004410,AD001689,AC001299,met_borrower,-313.8,-806.7,-315.1,-735.4,71.3,300.0,6.0
VS004415,AD000099,AC000078,met_family,-353.7,-417.3,-351.8,-418.6,2.3,360.0,7.0
VS004422,AD001170,AC000906,met_borrower,3550.4,-1835.5,3544.5,-1812.2,24.0,180.0,4.0
VS004425,AD002102,AC001629,met_family,2966.2,-1850.7,2953.4,-1809.8,42.9,300.0,6.0
VS004426,AD001078,AC000837,met_borrower,3064.0,-1915.8,3063.8,-1860.1,55.7,480.0,9.0
VS004427,AD001802,AC001395,locked_premises,3259.6,-1714.1,3264.5,-1718.5,6.6,120.0,3.0
VS004430,AD000944,AC000732,met_family,-2331.7,1326.0,-2341.8,1310.3,18.7,120.0,3.0
VS004434,AD002691,AC002086,met_borrower,3185.7,-2087.9,3180.6,-2089.7,5.4,540.0,8.0
VS004436,AD000569,AC000442,met_borrower,2816.8,-2118.3,2868.1,-2121.7,51.4,240.0,5.0
VS004440,AD001186,AC000918,met_borrower,2882.7,-1859.3,2686.6,-1766.8,216.8,360.0,7.0
VS004442,AD001770,AC001368,met_family,2360.3,-2104.9,2510.3,-2358.2,294.4,300.0,6.0
VS004443,AD000530,AC000413,met_borrower,-1144.4,-3092.6,-1146.6,-3085.8,7.1,540.0,10.0
VS004450,AD001273,AC000984,neighbour_says_shifted,2328.9,-2212.8,2339.8,-2205.2,13.3,240.0,5.0
VS004451,AD002673,AC002072,met_borrower,2571.9,-2281.3,2570.7,-2277.4,4.1,540.0,10.0
VS004453,AD001105,AC000857,met_borrower,2822.3,-2276.8,2822.3,-2269.8,7.0,420.0,8.0
VS004454,AD002038,AC001581,met_borrower,3088.8,-2390.3,3038.9,-2449.2,77.2,300.0,6.0
VS004459,AD001231,AC000951,neighbour_says_shifted,2951.7,-2139.4,2987.9,-2166.9,45.5,120.0,3.0
VS004460,AD002707,AC002098,met_borrower,2478.1,-2340.2,2480.0,-2354.0,13.9,240.0,5.0
VS004464,AD001752,AC001353,neighbour_says_shifted,1671.7,-2420.4,1463.7,-2267.4,258.2,240.0,5.0
VS004465,AD002973,AC002308,met_family,955.5,-2323.8,1159.2,-2177.6,250.7,300.0,6.0
VS004473,AD001523,AC001174,met_borrower,2945.8,258.8,2947.3,261.8,3.4,540.0,10.0
VS004475,AD001338,AC001035,met_borrower,2849.8,625.5,2848.0,623.8,2.5,540.0,10.0
VS004476,AD002872,AC002229,met_family,3278.2,292.7,3291.2,290.9,13.1,180.0,4.0
VS004480,AD000860,AC000666,no_such_person,1351.3,-1847.1,1342.5,-1835.8,14.3,180.0,4.0
VS004482,AD002091,AC001621,locked_premises,1765.7,-2195.6,1770.5,-2196.9,5.0,120.0,3.0
VS004488,AD001592,AC001229,met_borrower,1495.8,-2483.8,1477.4,-2471.4,22.2,480.0,9.0
VS004490,AD002614,AC002024,no_such_person,707.2,-828.6,662.9,-818.1,45.5,120.0,3.0
VS004494,AD000239,AC000191,no_such_person,1033.5,-773.5,1070.3,-655.3,123.8,120.0,3.0
VS004498,AD001466,AC001129,met_family,3568.8,23.0,3634.3,-19.3,78.0,120.0,3.0
VS004502,AD001176,AC000911,met_family,3550.5,-312.6,3568.8,-35.3,277.9,120.0,3.0
VS004503,AD002603,AC002016,neighbour_says_shifted,3732.5,114.5,3721.9,118.8,11.4,120.0,2.0
VS004511,AD001837,AC001424,met_borrower,-1564.8,2318.0,-1550.8,2318.4,14.0,540.0,10.0
VS004515,AD000047,AC000038,locked_premises,-2688.8,1254.2,-2453.0,1200.0,241.9,120.0,3.0
VS004516,AD000497,AC000389,met_borrower,-2692.4,1469.7,-2756.4,1494.8,68.7,480.0,9.0
VS004518,AD002129,AC001649,locked_premises,1028.6,-322.5,1020.8,-299.1,24.7,120.0,3.0
VS004523,AD000389,AC000310,met_family,2929.2,-1796.4,2828.6,-1779.1,102.1,180.0,3.0
VS004525,AD001702,AC001311,met_family,2449.6,-2251.4,2458.4,-2261.2,13.2,180.0,4.0
VS004532,AD000286,AC000226,met_borrower,444.4,-3341.8,485.7,-3274.4,79.0,480.0,9.0
VS004534,AD000126,AC000100,locked_premises,700.5,-3095.1,909.3,-3205.0,236.0,120.0,3.0
VS004537,AD000557,AC000433,no_such_person,708.5,-2944.1,711.7,-2944.8,3.3,180.0,4.0
VS004538,AD002922,AC002269,met_borrower,404.1,-2475.7,544.4,-2384.3,167.4,300.0,6.0
VS004539,AD001765,AC001363,met_family,2262.6,-1082.1,2255.7,-1090.8,11.1,120.0,3.0
VS004542,AD000797,AC000617,neighbour_says_shifted,2506.7,-1130.7,2491.6,-1150.2,24.7,120.0,3.0
VS004544,AD001855,AC001437,met_family,2432.3,-1199.9,2435.6,-1202.1,4.0,120.0,3.0
VS004545,AD002540,AC001965,met_borrower,2483.2,-1571.6,2478.4,-1586.0,15.2,360.0,7.0
VS004546,AD002111,AC001636,neighbour_says_shifted,2897.8,-1401.5,3075.2,-1254.6,230.3,120.0,3.0
VS004547,AD003077,AC002389,met_borrower,2977.9,-1532.5,2979.0,-1529.0,3.7,240.0,5.0
VS004552,AD000711,AC000551,locked_premises,669.7,2524.8,772.0,2470.7,115.7,120.0,3.0
VS004558,AD002140,AC001657,met_borrower,943.1,-114.9,950.8,-121.6,10.2,480.0,9.0
VS004559,AD001417,AC001092,met_family,1207.3,-448.5,1203.8,-446.3,4.1,300.0,6.0
VS004560,AD003106,AC002288,met_family,1368.3,219.3,1370.9,220.7,3.0,360.0,7.0
VS004563,AD002123,AC001646,met_borrower,1142.2,545.3,1130.4,550.9,13.1,540.0,10.0
VS004564,AD000868,AC000674,met_family,831.3,393.7,846.6,411.3,23.3,240.0,5.0
VS004565,AD001080,AC000838,met_borrower,-2306.2,-188.3,-2349.5,-175.5,45.2,420.0,8.0
VS004566,AD000617,AC000481,met_borrower,-2981.2,3.7,-2978.9,-22.7,26.5,180.0,4.0
VS004567,AD002233,AC001727,locked_premises,-2563.4,-524.8,-2563.0,-528.6,3.8,120.0,3.0
VS004574,AD001920,AC001488,met_family,3618.5,590.3,3583.6,624.9,49.1,300.0,6.0
VS004575,AD001441,AC001109,met_borrower,3628.5,77.5,3638.9,93.0,18.7,540.0,10.0
VS004577,AD002696,AC002090,met_borrower,-2514.0,1267.6,-2557.5,1232.3,56.0,120.0,3.0
VS004579,AD001436,AC001105,met_family,-2315.0,1230.5,-2320.3,1225.5,7.3,180.0,4.0
VS004580,AD001872,AC001451,address_not_traceable,2344.9,-811.6,2337.9,-783.9,28.6,240.0,5.0
VS004585,AD001408,AC001086,met_borrower,2633.5,928.4,2627.4,930.7,6.5,240.0,5.0
VS004591,AD000668,AC000518,met_borrower,2334.4,909.9,2326.8,892.9,18.6,240.0,5.0
VS004593,AD000360,AC000287,met_family,3070.1,-2388.3,3061.7,-2380.2,11.7,180.0,4.0
VS004595,AD002247,AC001739,met_family,2668.7,-1779.4,2667.2,-1768.6,10.9,240.0,5.0
VS004597,AD001174,AC000909,neighbour_says_shifted,2604.1,-1926.1,2606.6,-1912.3,14.0,120.0,3.0
VS004599,AD002404,AC001865,neighbour_says_shifted,2917.1,-2016.3,3065.4,-1955.9,160.1,240.0,5.0
VS004601,AD001100,AC000853,met_family,2902.4,-2543.2,2903.8,-2547.0,4.0,480.0,9.0
VS004602,AD002814,AC002179,neighbour_says_shifted,-885.0,-3561.9,-881.5,-3548.4,13.9,300.0,6.0
VS004609,AD002112,AC001637,met_family,-362.8,3280.8,-354.8,3286.0,9.5,180.0,4.0
VS004611,AD001135,AC000879,met_family,-883.8,2980.1,-886.0,2966.5,13.8,420.0,8.0
VS004613,AD000088,AC000070,cash_collected,-483.9,3168.7,-480.3,3169.9,3.8,540.0,10.0
VS004615,AD000991,AC000769,locked_premises,-676.1,3283.3,-668.7,3279.2,8.5,120.0,3.0
VS004616,AD001693,AC001303,met_family,-601.5,3418.2,-610.5,3417.2,9.1,360.0,7.0
VS004622,AD000443,AC000349,met_family,1760.5,-1813.8,1768.7,-1819.2,9.8,180.0,3.0
VS004623,AD002966,AC002303,met_borrower,408.1,2582.6,417.2,2575.1,11.8,540.0,10.0
VS004629,AD001457,AC001122,neighbour_says_shifted,1029.4,2593.8,1023.0,2581.7,13.7,180.0,4.0
VS004632,AD002153,AC001666,met_family,3446.1,-1746.3,3437.9,-1753.4,10.8,300.0,6.0
VS004634,AD002044,AC001586,met_family,3233.0,-2169.6,3234.5,-2187.7,18.2,420.0,8.0
VS004635,AD002988,AC002322,cash_collected,3023.8,-1972.6,3028.2,-2030.2,57.8,480.0,9.0
VS004637,AD000197,AC000158,met_borrower,-2658.1,-138.4,-2679.3,-139.7,21.2,240.0,5.0
VS004640,AD001391,AC001076,met_borrower,-2628.0,-28.5,-2628.4,-49.8,21.3,300.0,6.0
VS004643,AD002997,AC002331,locked_premises,2890.7,-2022.4,2885.2,-2015.9,8.5,120.0,3.0
VS004644,AD002862,AC002220,neighbour_says_shifted,3390.7,-1916.5,3382.4,-1869.9,47.3,240.0,5.0
VS004650,AD001706,AC001314,neighbour_says_shifted,3392.6,-2265.0,3387.3,-2281.0,16.9,120.0,3.0
VS004653,AD001746,AC001348,met_family,3025.4,-2191.6,3024.4,-2191.4,1.0,120.0,3.0
VS004655,AD000955,AC000741,locked_premises,3139.9,-1914.9,3148.5,-1920.8,10.4,120.0,3.0
VS004656,AD001233,AC000953,met_borrower,2519.5,-2359.3,2518.6,-2362.3,3.1,540.0,10.0
VS004658,AD001256,AC000971,locked_premises,3310.6,-1997.6,3312.2,-1992.2,5.6,120.0,3.0
VS004659,AD000138,AC000110,cash_collected,610.4,-3070.3,622.7,-3087.4,21.1,300.0,6.0
VS004662,AD000936,AC000726,locked_premises,994.2,-2966.6,1009.2,-2963.6,15.3,120.0,3.0
VS004663,AD002624,AC002034,met_family,545.5,-3495.9,523.6,-3470.9,33.2,420.0,8.0
VS004665,AD001087,AC000843,met_borrower,1032.7,-2634.7,981.0,-2666.0,60.4,120.0,3.0
VS004667,AD000919,AC000712,met_family,3010.9,-2502.6,3001.6,-2515.7,16.1,240.0,5.0
VS004668,AD000129,AC000103,met_family,3213.6,-1943.3,3229.2,-1945.7,15.8,360.0,7.0
VS004674,AD002911,AC002260,locked_premises,2900.2,-2205.0,2903.8,-2208.0,4.7,120.0,3.0
VS004675,AD001479,AC001139,met_family,2995.3,-2492.2,2985.5,-2495.4,10.3,300.0,6.0
VS004678,AD002661,AC002062,met_borrower,1763.9,-1740.0,1760.5,-1734.0,6.9,540.0,10.0
VS004680,AD001380,AC001068,met_family,1398.7,-1890.6,1399.0,-1890.9,0.4,300.0,6.0
VS004681,AD002074,AC001610,cash_collected,1777.5,-1651.7,1759.2,-1659.8,20.0,360.0,7.0
VS004682,AD002794,AC002165,locked_premises,1508.4,-2128.3,1629.1,-2315.5,222.7,120.0,3.0
VS004686,AD003015,AC002343,met_borrower,1032.2,2430.6,975.9,2458.4,62.8,480.0,9.0
VS004688,AD000049,AC000040,met_borrower,711.3,2351.2,762.1,2388.3,62.9,180.0,4.0
VS004689,AD000792,AC000614,met_family,925.7,2486.1,931.1,2479.3,8.7,360.0,7.0
VS004690,AD003065,AC002381,met_borrower,714.0,3015.3,699.6,2865.9,150.1,240.0,5.0
VS004693,AD000032,AC000028,met_borrower,1791.7,-1820.2,1771.6,-1818.7,20.2,480.0,9.0
VS004695,AD000560,AC000435,met_family,1271.4,-2472.5,1291.7,-2467.6,20.9,180.0,4.0
VS004697,AD002466,AC001907,met_borrower,1863.0,-2095.6,1858.4,-2104.5,10.0,480.0,9.0
VS004698,AD003044,AC002364,neighbour_says_shifted,1332.5,-2429.7,1215.1,-2555.7,172.2,120.0,3.0
VS004700,AD000897,AC000696,met_borrower,1637.2,-2611.1,1653.3,-2604.4,17.4,540.0,10.0
VS004701,AD002526,AC001954,met_family,1425.2,-2268.0,1399.6,-2118.9,151.3,180.0,4.0
VS004702,AD000430,AC000339,met_family,1743.8,-1971.1,1710.2,-1990.4,38.7,360.0,7.0
VS004705,AD002311,AC001792,met_borrower,-3728.3,-788.6,-3722.5,-782.9,8.1,120.0,3.0
VS004708,AD002890,AC002243,neighbour_says_shifted,-2375.0,1242.0,-2362.1,1239.0,13.2,120.0,2.0
VS004710,AD001122,AC000869,met_family,3315.0,270.5,3388.5,509.9,250.4,300.0,6.0
VS004712,AD001520,AC001172,met_borrower,-629.0,-3692.5,-626.9,-3706.5,14.2,240.0,5.0
VS004715,AD001219,AC000941,met_family,-528.2,-3741.9,-526.6,-3728.1,13.9,300.0,4.0
VS004717,AD001620,AC001251,met_borrower,-17.2,-3390.0,-19.2,-3377.7,12.5,540.0,10.0
VS004721,AD000155,AC000123,cash_collected,1171.5,-625.9,1169.3,-598.5,27.5,180.0,4.0
VS004723,AD001396,AC001079,met_borrower,-636.3,-3371.2,-651.7,-3390.5,24.7,300.0,6.0
VS004727,AD002332,AC001806,met_borrower,3127.8,-2075.5,3119.9,-2074.2,8.0,540.0,10.0
VS004731,AD002413,AC001871,met_family,3155.8,-2082.4,2966.4,-1910.8,255.6,480.0,9.0
VS004735,AD000488,AC000384,neighbour_says_shifted,1232.1,221.4,1238.0,219.5,6.2,300.0,6.0
VS004737,AD001035,AC000804,met_borrower,803.0,-339.3,809.9,-350.8,13.4,540.0,10.0
VS004740,AD002882,AC002238,met_family,1267.0,-277.7,1201.1,-328.1,83.0,300.0,6.0
VS004741,AD002875,AC002231,met_borrower,1387.0,260.8,1374.0,265.7,13.9,540.0,10.0
VS004747,AD001258,AC000972,met_borrower,127.4,1822.5,163.7,1878.3,66.6,240.0,5.0
VS004750,AD002938,AC002283,met_family,2125.8,993.9,2124.6,996.6,3.0,120.0,3.0
VS004752,AD000424,AC000336,met_borrower,2891.0,289.2,2908.3,333.7,47.7,120.0,3.0
VS004762,AD000379,AC000301,cash_collected,-1950.6,-2474.5,-1949.9,-2481.7,7.2,540.0,10.0
VS004763,AD001447,AC001114,met_family,-1328.8,-2928.1,-1335.9,-2865.2,63.3,240.0,5.0
VS004767,AD001503,AC001158,neighbour_says_shifted,2959.8,-1470.9,2898.7,-1492.6,64.8,120.0,3.0
VS004768,AD002555,AC001977,met_family,2276.0,-1213.2,2266.2,-1197.9,18.2,300.0,6.0
VS004769,AD001450,AC001117,neighbour_says_shifted,2483.5,-1054.9,2484.7,-1054.4,1.3,180.0,4.0
VS004770,AD001683,AC001296,met_family,2693.1,-1380.2,2701.0,-1383.9,8.7,240.0,5.0
VS004774,AD000850,AC000659,met_borrower,3741.6,209.4,3753.0,229.1,22.8,180.0,4.0
VS004776,AD000534,AC000416,met_family,3957.2,716.0,3960.6,718.4,4.2,240.0,5.0
VS004777,AD001748,AC001350,met_borrower,3902.7,132.0,3899.6,136.2,5.2,540.0,10.0
VS004778,AD002799,AC002169,met_borrower,3467.7,-18.6,3472.9,-28.0,10.7,240.0,5.0
VS004779,AD000189,AC000151,neighbour_says_shifted,3646.8,93.2,3604.5,69.5,48.5,240.0,5.0
VS004781,AD002712,AC002103,met_family,-814.4,-3722.3,-750.6,-3729.1,64.2,180.0,4.0
VS004782,AD002916,AC002264,met_borrower,-337.2,-3720.6,-346.9,-3802.8,82.8,480.0,9.0
VS004783,AD001473,AC001134,met_borrower,668.0,1271.0,678.0,1291.3,22.6,420.0,8.0
VS004784,AD001864,AC001445,met_family,-159.9,-3912.5,-182.5,-3914.0,22.6,180.0,4.0
VS004785,AD000749,AC000581,met_family,-157.0,-3418.7,-175.2,-3417.9,18.2,120.0,3.0
VS004789,AD000869,AC000675,met_borrower,-2063.8,1555.5,-2048.6,1559.5,15.7,540.0,10.0
VS004791,AD001734,AC001338,locked_premises,-2903.5,1441.5,-2902.0,1420.2,21.4,120.0,3.0
VS004792,AD002143,AC001659,met_borrower,-2608.2,1336.0,-2613.3,1346.3,11.5,480.0,9.0
VS004793,AD001630,AC001258,cash_collected,579.0,2848.0,575.7,2849.1,3.5,540.0,10.0
VS004794,AD001972,AC001532,locked_premises,843.1,-2685.0,698.4,-2852.7,221.5,120.0,3.0
VS004795,AD003102,AC001232,met_borrower,1026.2,-3061.4,1004.9,-3040.8,29.6,180.0,4.0
VS004797,AD002515,AC001945,met_borrower,1803.7,-713.0,1805.0,-710.3,3.0,540.0,10.0
VS004803,AD000203,AC000163,met_borrower,2566.3,-2436.0,2594.7,-2484.0,55.8,480.0,9.0
VS004804,AD000257,AC000204,met_family,3139.1,-2096.0,3054.1,-2283.8,206.1,240.0,5.0
VS004805,AD002505,AC001938,cash_collected,2942.0,-2578.6,2946.1,-2643.5,65.0,420.0,8.0
VS004807,AD000259,AC000206,locked_premises,2826.0,-2473.0,2834.8,-2357.2,116.1,150.0,4.0
VS004808,AD000813,AC000629,neighbour_says_shifted,3009.2,-2238.5,3057.6,-2283.1,65.8,120.0,3.0
VS004810,AD002757,AC002137,neighbour_says_shifted,2381.1,-2154.1,2393.3,-2147.2,14.0,240.0,5.0
VS004816,AD000513,AC000402,met_borrower,-2677.9,1240.5,-2715.1,1278.0,52.8,240.0,5.0
VS004817,AD001626,AC001255,locked_premises,-808.5,-3198.0,-738.6,-3032.5,179.7,120.0,3.0
VS004819,AD001362,AC001054,met_borrower,-3060.6,1459.4,-3051.2,1458.2,9.5,420.0,6.0
VS004821,AD001586,AC001223,met_borrower,1549.5,-1856.9,1569.9,-1864.2,21.7,240.0,5.0
VS004822,AD003013,AC002342,neighbour_says_shifted,1507.7,-2473.8,1525.8,-2484.8,21.2,240.0,5.0
VS004824,AD001962,AC001523,locked_premises,1410.8,-1966.1,1398.5,-1971.0,13.2,120.0,3.0
VS004827,AD002459,AC001902,met_family,1385.1,-2220.8,1661.5,-2151.0,285.1,300.0,6.0
VS004828,AD001712,AC001319,neighbour_says_shifted,3012.3,758.5,3011.4,757.3,1.5,240.0,5.0
VS004830,AD002626,AC002035,met_borrower,3115.0,513.2,3134.7,477.4,40.9,420.0,8.0
VS004836,AD001493,AC001150,locked_premises,659.3,-2899.7,654.0,-2908.5,10.3,120.0,3.0
VS004837,AD001127,AC000873,met_borrower,626.8,-3388.2,625.5,-3386.4,2.2,540.0,10.0
VS004839,AD001232,AC000952,met_family,397.6,-2981.9,386.6,-2973.1,14.1,300.0,6.0
VS004840,AD000069,AC000056,locked_premises,630.4,-3327.6,721.6,-3436.7,142.2,120.0,3.0
VS004844,AD002564,AC001985,met_borrower,-467.5,2907.3,-452.7,2884.4,27.3,540.0,10.0
VS004845,AD000741,AC000574,neighbour_says_shifted,-847.1,2847.6,-844.0,2855.6,8.6,180.0,4.0
VS004846,AD002652,AC002053,met_borrower,-972.7,-857.0,-998.8,-802.5,60.4,480.0,9.0
VS004847,AD000666,AC000516,met_borrower,-2645.7,-482.5,-2646.7,-493.3,10.8,480.0,9.0
VS004856,AD000060,AC000048,met_family,3803.1,106.6,3796.8,101.1,8.4,420.0,8.0
VS004857,AD002150,AC001664,met_family,4001.8,566.2,4005.5,546.0,20.5,120.0,3.0
VS004858,AD002336,AC001810,met_borrower,3941.0,748.7,3926.9,760.4,18.3,540.0,10.0
VS004860,AD002309,AC001790,locked_premises,2326.1,-783.5,2335.0,-780.8,9.3,240.0,5.0
VS004861,AD000082,AC000066,neighbour_says_shifted,3973.1,369.9,4024.7,318.4,72.9,120.0,3.0
VS004862,AD001977,AC001536,met_borrower,3718.9,488.2,3714.2,480.5,9.0,540.0,10.0
VS004863,AD000776,AC000602,no_such_person,3493.7,134.7,3485.8,125.9,11.8,120.0,3.0
VS004864,AD002858,AC002216,met_family,1173.3,-2857.2,1163.7,-2868.6,14.9,360.0,7.0
VS004866,AD000135,AC000107,neighbour_says_shifted,809.8,-2626.0,805.5,-2607.8,18.7,300.0,6.0
VS004867,AD001753,AC001354,met_family,920.8,-2888.5,927.0,-2892.2,7.2,180.0,4.0
VS004869,AD002171,AC001679,met_family,467.9,-3408.6,431.2,-3472.2,73.4,300.0,6.0
VS004876,AD000735,AC000570,neighbour_says_shifted,2655.9,-2378.9,2676.2,-2367.9,23.1,180.0,4.0
VS004878,AD002414,AC001872,met_family,2914.1,-1685.8,2908.7,-1794.1,108.4,300.0,6.0
VS004880,AD001738,AC001341,met_family,-847.6,-1408.1,-844.3,-1402.7,6.3,300.0,6.0
VS004881,AD002812,AC002178,met_borrower,-1163.0,-932.5,-1040.2,-1003.3,141.7,240.0,5.0
VS004882,AD002996,AC002330,locked_premises,-755.7,-1529.2,-750.8,-1527.6,5.2,180.0,4.0
VS004883,AD001110,AC000860,locked_premises,-412.2,-1176.3,-393.8,-1191.4,23.8,120.0,3.0
VS004887,AD002359,AC001828,neighbour_says_shifted,1704.2,-1594.7,1651.5,-1605.8,53.9,180.0,4.0
VS004895,AD000672,AC000521,met_borrower,942.9,2648.3,941.3,2635.9,12.5,360.0,7.0
VS004896,AD001697,AC001307,cash_collected,1096.7,3023.1,919.1,2969.9,185.4,540.0,10.0
VS004898,AD003019,AC002346,met_family,670.9,2790.3,667.4,2782.5,8.5,240.0,5.0
VS004900,AD001556,AC001198,met_borrower,1030.0,2599.0,1034.8,2589.4,10.7,360.0,7.0
VS004901,AD002750,AC002132,met_family,603.1,2900.1,606.7,2900.4,3.6,180.0,4.0
VS004902,AD001660,AC001281,met_family,558.4,2667.6,557.6,2682.4,14.8,360.0,7.0
VS004903,AD001807,AC001399,met_borrower,1016.9,3097.3,1016.5,3112.2,14.9,540.0,10.0
VS004905,AD002262,AC001753,met_family,2618.5,-1660.4,2612.0,-1658.1,6.9,120.0,3.0
VS004907,AD002618,AC002028,met_family,2905.5,-1246.5,2906.2,-1243.7,2.9,420.0,8.0
VS004912,AD000096,AC000075,met_family,3372.3,548.7,3364.6,542.5,9.9,480.0,9.0
VS004914,AD001422,AC001095,met_family,3974.6,674.3,3987.7,674.5,13.1,120.0,3.0
VS004916,AD001832,AC001420,met_borrower,3978.7,154.1,4031.9,133.7,57.0,180.0,4.0
VS004917,AD001605,AC001239,met_borrower,3690.8,553.6,3651.2,553.1,39.6,480.0,9.0
VS004919,AD002229,AC001724,neighbour_says_shifted,-2358.1,1319.5,-2343.3,1313.3,16.0,180.0,4.0
VS004923,AD001540,AC001185,met_borrower,-2360.7,1755.3,-2368.9,1821.2,66.4,480.0,9.0
VS004925,AD001847,AC001431,met_borrower,-2409.5,1137.8,-2409.2,1149.0,11.2,540.0,10.0
VS004926,AD001534,AC001181,met_family,-2568.5,-178.1,-2579.5,-186.0,13.5,120.0,3.0
VS004928,AD000154,AC000122,met_borrower,3574.3,-2265.2,3569.6,-2277.5,13.2,540.0,10.0
VS004929,AD001458,AC001123,met_borrower,-2893.8,-455.9,-2854.8,-453.2,39.1,180.0,4.0
VS004932,AD000023,AC000020,met_borrower,-2922.4,-283.8,-2907.8,-285.2,14.7,540.0,10.0
VS004933,AD002977,AC002312,met_borrower,-2678.0,-540.1,-2666.3,-495.6,46.0,240.0,5.0
VS004935,AD001638,AC001264,locked_premises,384.3,2285.9,371.6,2284.1,12.8,120.0,3.0
VS004937,AD000328,AC000260,locked_premises,307.2,-2880.3,304.3,-2877.1,4.3,120.0,3.0
VS004941,AD000238,AC000190,met_family,-2852.0,1001.1,-2864.7,995.9,13.7,360.0,7.0
VS004944,AD001862,AC001443,met_borrower,-3282.1,926.5,-3284.0,926.8,1.9,120.0,3.0
VS004945,AD001815,AC001406,met_borrower,-2464.3,1024.4,-2474.6,1023.4,10.3,120.0,3.0
VS004947,AD002281,AC001766,met_family,-2639.3,887.4,-2604.7,1001.3,119.0,120.0,3.0
VS004948,AD002983,AC002318,met_borrower,-3144.1,907.4,-3142.6,891.8,15.7,180.0,4.0
VS004953,AD001530,AC001178,locked_premises,1167.0,-343.9,1158.1,-342.6,9.0,120.0,3.0
VS004955,AD000199,AC000160,met_borrower,1121.9,-542.2,1115.4,-558.6,17.6,120.0,3.0
VS004958,AD000182,AC000146,no_such_person,800.2,2780.7,793.0,2783.7,7.8,180.0,4.0
VS004961,AD001026,AC000797,neighbour_says_shifted,767.1,2306.3,762.5,2302.7,5.8,240.0,5.0
VS004963,AD002962,AC002300,met_borrower,984.0,3107.4,989.2,3114.2,8.6,540.0,10.0
VS004964,AD000016,AC000013,neighbour_says_shifted,788.4,2415.4,754.5,2396.6,38.8,240.0,5.0
VS004966,AD003045,AC002365,no_such_person,2977.5,-1042.6,2948.7,-1267.2,226.4,120.0,3.0
VS004968,AD001619,AC001250,met_borrower,2715.7,-818.4,2653.6,-1080.3,269.2,120.0,3.0
VS004971,AD000420,AC000333,met_borrower,3037.6,-1292.9,3074.8,-1253.9,53.9,480.0,9.0
VS004973,AD002748,AC002131,met_family,1169.6,-1885.4,1159.0,-1875.8,14.3,300.0,6.0
VS004974,AD000634,AC000493,met_borrower,1812.7,-1558.4,1812.8,-1570.1,11.7,540.0,10.0
VS004975,AD001673,AC001288,neighbour_says_shifted,1063.3,-1717.7,1076.9,-1731.2,19.2,120.0,3.0
VS004976,AD000573,AC000445,neighbour_says_shifted,1694.2,-1690.3,1644.8,-1693.6,49.5,120.0,3.0
VS004982,AD002509,AC001941,met_family,-2506.8,-696.9,-2424.8,-621.2,111.6,240.0,5.0
VS004988,AD001053,AC000818,met_borrower,889.0,-697.7,901.0,-720.3,25.6,180.0,4.0
VS004989,AD002896,AC002248,met_family,1021.0,-657.4,1064.9,-454.5,207.6,450.0,9.0
VS004990,AD000227,AC000182,locked_premises,1158.2,-1196.6,1155.4,-1192.6,4.9,120.0,3.0
VS004991,AD001274,AC000985,met_borrower,673.1,-933.9,680.6,-916.9,18.6,480.0,9.0
VS004992,AD001854,AC001436,met_borrower,889.7,-791.4,891.6,-783.5,8.1,180.0,4.0
VS004994,AD000233,AC000187,met_family,884.8,-779.9,889.8,-778.8,5.1,300.0,6.0
VS005002,AD001096,AC000850,met_family,2719.0,944.4,2708.1,937.0,13.2,300.0,6.0
VS005003,AD000830,AC000643,met_borrower,2531.8,613.7,2501.5,624.9,32.3,480.0,9.0
VS005005,AD003016,AC002344,met_borrower,2443.0,635.4,2452.2,629.0,11.2,480.0,9.0
VS005013,AD001088,AC000844,met_family,1276.3,-209.3,1337.0,-223.8,62.4,120.0,3.0
VS005019,AD003083,AC002394,locked_premises,-1375.5,-2705.4,-1383.6,-2714.2,12.0,120.0,3.0
VS005026,AD000579,AC000449,neighbour_says_shifted,-419.0,-613.0,-413.1,-620.8,9.8,120.0,3.0
VS005032,AD000386,AC000308,met_borrower,1348.1,160.5,1345.7,155.7,5.4,480.0,9.0
VS005037,AD002541,AC001966,met_family,1274.6,166.9,1285.0,155.3,15.6,480.0,9.0
VS005040,AD001794,AC001388,met_borrower,949.6,-2926.4,931.3,-2908.5,25.6,540.0,10.0
VS005041,AD000953,AC000739,met_borrower,285.8,-3179.9,206.2,-3171.4,80.1,480.0,9.0
VS005046,AD000978,AC000758,neighbour_says_shifted,-1185.3,-606.9,-1199.3,-610.7,14.5,120.0,3.0
VS005048,AD002708,AC002099,met_family,-1165.7,-633.7,-1176.8,-615.8,21.1,300.0,6.0
VS005049,AD000348,AC000277,no_such_person,-826.7,-926.9,-820.5,-943.3,17.5,180.0,4.0
VS005050,AD000915,AC000709,neighbour_says_shifted,-892.8,-668.4,-740.9,-771.4,183.5,180.0,4.0
VS005051,AD001268,AC000980,met_family,-546.4,-818.8,-539.2,-777.7,41.7,180.0,4.0
VS005053,AD000856,AC000663,met_family,-572.0,-839.6,-577.6,-866.5,27.5,240.0,5.0
VS005055,AD000774,AC000600,met_borrower,-2668.6,1726.2,-2664.2,1728.2,4.8,180.0,4.0
VS005056,AD000954,AC000740,address_not_traceable,2345.6,-770.0,2343.0,-779.5,9.8,180.0,4.0
VS005059,AD000508,AC000398,met_family,-2014.4,1656.8,-2119.1,1720.4,122.5,180.0,4.0
VS005063,AD001715,AC001321,met_borrower,-334.9,-3400.1,-335.0,-3400.9,0.8,420.0,8.0
VS005064,AD002083,AC001615,locked_premises,-625.0,-3858.3,-414.0,-3912.6,217.9,120.0,3.0
VS005066,AD000999,AC000774,neighbour_says_shifted,-40.5,-3534.5,-33.6,-3535.7,7.0,180.0,4.0
VS005067,AD000785,AC000608,neighbour_says_shifted,2449.3,-2260.5,2441.1,-2256.1,9.3,120.0,3.0
VS005068,AD002691,AC002086,met_borrower,3175.4,-2013.5,3183.0,-2090.5,77.4,240.0,5.0
VS005070,AD000287,AC000227,met_borrower,2780.6,-2380.6,2773.1,-2373.0,10.7,540.0,10.0
VS005073,AD000589,AC000458,met_borrower,1536.6,1204.7,1538.5,1205.7,2.1,120.0,3.0
VS005076,AD001336,AC001033,met_family,2715.0,-1803.5,2695.9,-1801.6,19.2,240.0,5.0
VS005078,AD000316,AC000251,met_borrower,2396.0,-2145.6,2397.2,-2148.9,3.5,420.0,8.0
VS005082,AD002623,AC002033,neighbour_says_shifted,2912.9,-1791.4,2907.9,-1794.7,6.0,180.0,4.0
VS005083,AD002461,AC001903,met_family,2504.5,-2326.7,2481.5,-2348.5,31.7,300.0,6.0
VS005084,AD001702,AC001311,met_borrower,2465.9,-2257.0,2457.5,-2259.4,8.7,540.0,10.0
VS005088,AD001324,AC001025,met_borrower,2641.6,-1927.4,2631.4,-1928.3,10.2,540.0,10.0
VS005089,AD000504,AC000395,neighbour_says_shifted,2927.8,-2067.1,2932.3,-2068.3,4.7,120.0,3.0
VS005093,AD000539,AC000418,neighbour_says_shifted,2580.7,-1024.6,2579.8,-1025.9,1.6,180.0,4.0
VS005094,AD002973,AC002308,locked_premises,1148.5,-2172.2,1159.0,-2175.4,11.0,120.0,3.0
VS005096,AD001495,AC001151,met_borrower,1275.4,-1859.8,1254.0,-1855.9,21.8,120.0,3.0
VS005098,AD001013,AC000787,no_such_person,1364.4,-2025.1,1338.5,-2068.6,50.6,120.0,3.0
VS005102,AD000336,AC000266,met_family,1158.2,-2028.8,1155.6,-2026.0,3.8,120.0,3.0
VS005103,AD001528,AC001177,met_borrower,1229.5,-2561.4,1235.1,-2561.1,5.6,180.0,4.0
VS005104,AD000600,AC000467,locked_premises,1760.5,-2435.6,1764.9,-2434.9,4.5,120.0,3.0
VS005105,AD000866,AC000672,no_such_person,1754.9,-2115.2,1733.6,-2123.7,22.9,120.0,3.0
VS005109,AD001694,AC001304,met_family,1733.9,-2212.5,1753.8,-2197.7,24.8,180.0,4.0
VS005115,AD001466,AC001129,met_borrower,3622.6,-26.5,3633.3,-22.4,11.5,300.0,6.0
VS005118,AD000342,AC000271,met_family,3573.3,-42.8,3558.9,-37.0,15.5,240.0,5.0
VS005119,AD001524,AC001175,locked_premises,4232.2,159.9,4230.0,163.7,4.4,120.0,3.0
VS005120,AD002139,AC001656,locked_premises,-553.8,3095.6,-552.8,3100.0,4.5,240.0,5.0
VS005128,AD000142,AC000113,met_family,4217.2,596.1,3981.7,778.1,297.6,180.0,4.0
VS005131,AD000239,AC000191,neighbour_says_shifted,990.2,-713.2,1069.9,-664.9,93.2,120.0,3.0
VS005132,AD001197,AC000926,met_family,-3696.2,-784.8,-3708.6,-771.9,17.9,120.0,3.0
VS005133,AD000787,AC000609,address_not_traceable,-3726.8,-762.3,-3717.0,-770.9,13.0,120.0,3.0
VS005134,AD000570,AC000443,no_such_person,615.4,-909.1,609.6,-910.4,5.9,120.0,3.0
VS005137,AD000569,AC000442,locked_premises,2670.1,-2052.7,2870.5,-2126.5,213.6,120.0,3.0
VS005138,AD002537,AC001963,met_borrower,2732.5,-2409.6,2748.0,-2394.4,21.7,120.0,3.0
VS005139,AD001770,AC001368,met_family,2504.6,-2352.9,2509.0,-2353.9,4.5,120.0,3.0
VS005141,AD001231,AC000951,neighbour_says_shifted,2914.5,-2195.6,2993.0,-2164.6,84.4,120.0,3.0
VS005143,AD002125,AC001647,met_borrower,1211.1,-251.7,1234.4,-247.1,23.7,540.0,10.0
VS005147,AD002154,AC001667,met_borrower,751.0,-2701.3,752.6,-2685.9,15.5,540.0,10.0
VS005150,AD001151,AC000891,met_family,683.0,-2930.4,667.8,-2921.3,17.7,240.0,5.0
VS005151,AD000286,AC000226,met_borrower,409.3,-3322.0,408.8,-3325.7,3.7,540.0,10.0
VS005158,AD002247,AC001739,met_family,2684.3,-1830.9,2666.8,-1765.5,67.7,420.0,8.0
VS005159,AD000475,AC000375,met_family,2583.9,-2231.3,2585.7,-2240.3,9.2,240.0,5.0
VS005160,AD000699,AC000541,met_family,3198.9,-2017.4,3204.7,-2025.5,10.0,480.0,8.0
VS005163,AD002673,AC002072,locked_premises,2607.9,-2315.8,2612.9,-2325.7,11.1,120.0,3.0
VS005164,AD002341,AC001813,met_family,-748.1,2702.4,-754.8,2722.2,20.9,120.0,3.0
VS005165,AD002112,AC001637,met_family,-358.9,3297.1,-363.7,3281.8,16.0,120.0,3.0
VS005167,AD001662,AC001282,met_family,-478.4,3159.2,-476.8,3167.8,8.7,420.0,8.0
VS005169,AD001135,AC000879,met_borrower,-743.6,2926.0,-736.9,2920.6,8.6,120.0,3.0
VS005172,AD000284,AC000224,neighbour_says_shifted,-438.9,3062.1,-443.3,3062.5,4.4,120.0,3.0
VS005174,AD002728,AC002116,locked_premises,771.9,3009.0,766.7,2985.6,24.0,120.0,3.0
VS005175,AD000918,AC000711,locked_premises,2021.5,1946.3,2135.7,1706.9,265.2,180.0,4.0
VS005176,AD000902,AC000700,met_family,755.2,2993.1,770.8,2982.7,18.7,120.0,3.0
VS005177,AD002206,AC001705,met_family,1040.8,2916.3,1038.8,2918.5,3.0,480.0,9.0
VS005178,AD003098,AC001529,met_borrower,759.0,3081.3,758.4,3083.5,2.3,240.0,5.0
VS005179,AD002702,AC002094,met_borrower,310.1,-3226.4,304.9,-3232.0,7.6,540.0,10.0
VS005180,AD002264,AC001755,met_family,891.9,2387.2,892.1,2402.9,15.7,180.0,4.0
VS005182,AD002798,AC002168,met_borrower,1344.8,2753.9,1353.4,2759.7,10.4,540.0,10.0
VS005186,AD001996,AC001549,met_family,1738.9,-1917.1,1639.8,-1769.1,178.1,480.0,9.0
VS005189,AD002277,AC001764,met_family,1954.8,-2123.0,1924.7,-2094.1,41.7,180.0,4.0
VS005190,AD001857,AC001439,met_borrower,1650.4,-2230.1,1648.4,-2232.2,2.9,540.0,10.0
VS005191,AD001741,AC001343,met_borrower,1605.9,-1873.1,1572.7,-1864.7,34.2,480.0,9.0
VS005194,AD002230,AC001725,met_borrower,3387.8,-1834.6,3395.3,-1818.7,17.6,360.0,7.0
VS005197,AD002153,AC001666,met_family,3301.1,-1910.4,3444.7,-1750.8,214.7,420.0,8.0
VS005198,AD001078,AC000837,neighbour_says_shifted,2951.9,-2004.1,2948.3,-2045.8,41.9,180.0,4.0
VS005199,AD002566,AC001987,met_family,-2605.9,-80.4,-2628.4,-96.3,27.6,360.0,7.0
VS005201,AD000617,AC000481,met_family,-2937.9,195.0,-2976.6,-24.6,223.0,120.0,3.0
VS005202,AD000727,AC000563,locked_premises,-2611.8,-419.1,-2688.2,-484.6,100.6,180.0,4.0
VS005203,AD000197,AC000158,met_borrower,-2675.6,-138.4,-2676.9,-137.2,1.8,420.0,8.0
VS005206,AD000631,AC000490,locked_premises,-2865.4,50.1,-2863.3,-145.1,195.2,120.0,3.0
VS005208,AD001212,AC000937,neighbour_says_shifted,-2962.3,1333.3,-2965.1,1345.4,12.4,180.0,4.0
VS005212,AD002023,AC001567,met_family,-2772.9,1761.8,-2775.4,1750.1,12.0,420.0,8.0
VS005213,AD000779,AC000604,met_family,1991.9,689.4,2201.8,847.3,262.7,420.0,8.0
VS005214,AD001408,AC001086,neighbour_says_shifted,2570.5,854.3,2629.2,931.7,97.1,180.0,4.0
VS005216,AD000669,AC000519,met_borrower,2252.6,615.2,2257.4,620.2,6.9,540.0,10.0
VS005219,AD000195,AC000156,locked_premises,2070.8,1351.1,2071.7,1355.9,4.9,120.0,3.0
VS005222,AD002814,AC002179,neighbour_says_shifted,-876.9,-3538.8,-880.9,-3546.5,8.7,180.0,4.0
VS005223,AD001033,AC000802,no_such_person,-1335.5,-3373.6,-1346.4,-3351.3,24.8,120.0,3.0
VS005226,AD001239,AC000957,met_borrower,-700.5,-3049.2,-724.9,-3104.0,60.0,480.0,9.0
VS005227,AD000467,AC000369,met_family,-894.9,-3286.7,-881.1,-3312.0,28.8,120.0,3.0
VS005228,AD002142,AC001658,met_borrower,-841.8,-3218.5,-849.4,-3171.0,48.1,480.0,9.0
VS005232,AD000251,AC000200,met_borrower,-1288.1,709.0,-1284.4,703.7,6.5,420.0,8.0
VS005233,AD002967,AC002304,met_borrower,-1249.1,11.5,-1246.7,-3.8,15.5,540.0,10.0
VS005234,AD001788,AC001383,met_borrower,-1355.2,609.3,-1331.6,616.3,24.6,540.0,10.0
VS005240,AD002197,AC001700,locked_premises,876.3,-289.9,888.9,-273.2,20.9,120.0,3.0
VS005250,AD002540,AC001965,met_family,2470.1,-1592.3,2480.2,-1588.3,10.9,240.0,5.0
VS005253,AD002126,AC001648,neighbour_says_shifted,2230.1,-1535.1,2245.3,-1539.3,15.8,120.0,3.0
VS005255,AD002584,AC002002,no_such_person,1981.2,2072.8,1971.0,2072.2,10.2,180.0,4.0
VS005261,AD000957,AC000742,met_borrower,2861.0,64.4,2783.3,134.2,104.4,540.0,10.0
VS005263,AD001338,AC001035,met_family,2849.9,632.9,2852.4,627.6,5.9,120.0,3.0
VS005264,AD002261,AC001752,neighbour_says_shifted,2664.4,178.8,2675.3,243.8,65.9,120.0,3.0
VS005268,AD000031,AC000027,met_family,2977.6,-2461.8,2970.1,-2451.2,13.0,180.0,4.0
VS005271,AD000272,AC000216,locked_premises,-2374.7,-544.0,-2367.0,-524.9,20.6,120.0,3.0
VS005275,AD000159,AC000126,neighbour_says_shifted,-2836.8,-111.6,-2841.7,-105.0,8.2,180.0,4.0
VS005279,AD001437,AC001106,met_family,-2430.5,-591.1,-2432.0,-625.1,34.0,180.0,4.0
VS005284,AD002380,AC001846,met_borrower,3084.3,-2430.3,3069.2,-2430.3,15.1,480.0,9.0
VS005289,AD002467,AC001908,met_family,2974.3,-2037.7,2972.7,-2040.1,2.9,420.0,8.0
VS005290,AD001433,AC001103,met_borrower,2723.7,-2461.4,2730.6,-2465.0,7.8,480.0,9.0
VS005291,AD000955,AC000741,no_such_person,3139.1,-1917.6,3143.3,-1915.3,4.8,120.0,3.0
VS005294,AD000920,AC000712,met_borrower,-1281.3,472.7,-1288.7,474.2,7.6,180.0,4.0
VS005298,AD000524,AC000408,met_family,2603.9,-1663.0,2605.9,-1662.1,2.2,240.0,5.0
VS005299,AD000608,AC000475,met_family,926.9,-3348.1,920.3,-3349.2,6.7,360.0,7.0
VS005301,AD002624,AC002034,met_borrower,518.3,-3473.3,527.5,-3472.9,9.2,240.0,5.0
VS005302,AD000936,AC000726,met_borrower,1088.7,-3078.1,1008.3,-2968.7,135.8,600.0,11.0
VS005304,AD002928,AC002275,locked_premises,1161.5,-3158.8,1160.9,-3180.6,21.8,120.0,3.0
VS005307,AD001256,AC000971,neighbour_says_shifted,3301.8,-1981.7,3312.0,-1992.2,14.6,240.0,5.0
VS005309,AD003004,AC002336,met_borrower,403.0,2295.9,424.8,2289.5,22.7,120.0,3.0
VS005313,AD002911,AC002260,met_borrower,2902.8,-2214.3,2903.9,-2208.7,5.7,480.0,9.0
VS005314,AD002306,AC001787,met_family,2798.1,-2050.8,2796.2,-2009.7,41.1,180.0,4.0
VS005317,AD003015,AC002343,met_family,968.7,2674.4,971.9,2454.8,219.6,120.0,3.0
VS005319,AD003060,AC002378,met_family,891.2,2712.0,854.6,2781.9,78.9,240.0,5.0
VS005320,AD000049,AC000040,met_borrower,751.4,2396.0,755.6,2394.1,4.6,600.0,11.0
VS005324,AD001752,AC001353,neighbour_says_shifted,1457.1,-2257.8,1466.5,-2267.5,13.5,180.0,4.0
VS005327,AD000173,AC000138,met_borrower,1473.4,-2373.8,1442.5,-2345.7,41.8,480.0,9.0
VS005329,AD001380,AC001068,met_borrower,1424.6,-1911.3,1401.5,-1891.2,30.6,120.0,3.0
VS005332,AD001937,AC001500,met_family,730.4,3079.0,742.4,3085.9,13.8,300.0,6.0
VS005334,AD001430,AC001100,locked_premises,1289.3,2883.3,1291.5,2876.8,6.9,120.0,3.0
VS005338,AD000079,AC000064,address_not_traceable,-3729.3,-757.5,-3740.1,-759.1,10.9,120.0,3.0
VS005339,AD000639,AC000497,met_family,1235.0,-1210.3,1090.0,-962.8,286.8,540.0,10.0
VS005341,AD000451,AC000356,locked_premises,-3739.3,-779.5,-3736.7,-775.5,4.8,180.0,4.0
VS005346,AD000596,AC000464,met_family,690.5,-702.0,683.3,-704.9,7.8,300.0,6.0
VS005349,AD001352,AC001046,locked_premises,3942.4,270.4,3940.7,283.2,12.9,120.0,3.0
VS005354,AD001122,AC000869,locked_premises,3405.1,496.1,3389.6,510.7,21.3,120.0,3.0
VS005359,AD002932,AC002278,neighbour_says_shifted,-598.4,-3446.3,-607.4,-3439.7,11.2,240.0,5.0
VS005360,AD000576,AC000447,met_borrower,-529.8,-3722.7,-504.9,-3698.1,35.0,180.0,4.0
VS005362,AD001386,AC001072,neighbour_says_shifted,-428.7,-3387.4,-400.2,-3399.6,31.0,120.0,3.0
VS005365,AD000632,AC000491,neighbour_says_shifted,-881.5,-3853.7,-881.9,-3850.9,2.8,120.0,3.0
VS005369,AD002332,AC001806,met_borrower,3126.2,-2061.2,3122.3,-2073.5,12.9,540.0,10.0
VS005372,AD003030,AC002354,met_family,2881.0,-1954.9,2856.1,-1946.7,26.2,120.0,3.0
VS005374,AD001276,AC000987,met_family,2377.4,-2214.7,2383.6,-2211.8,6.8,180.0,3.0
VS005378,AD000970,AC000751,met_borrower,2685.2,1435.8,2694.5,1454.5,20.9,540.0,10.0
VS005383,AD002938,AC002283,met_borrower,2123.4,979.5,2129.0,991.8,13.5,540.0,10.0
VS005384,AD003035,AC002357,met_family,2367.1,1404.9,2335.4,1450.7,55.7,300.0,6.0
VS005385,AD001570,AC001209,met_family,2746.5,1165.7,2622.4,1233.6,141.5,300.0,6.0
VS005387,AD001240,AC000958,neighbour_says_shifted,1317.5,-255.5,1336.3,-221.0,39.3,240.0,5.0
VS005390,AD002882,AC002238,locked_premises,1196.5,-328.7,1200.5,-326.0,4.8,120.0,2.0
VS005391,AD000247,AC000196,neighbour_says_shifted,818.4,-568.4,817.6,-579.6,11.2,120.0,3.0
VS005392,AD001035,AC000804,met_borrower,794.6,-336.8,810.1,-348.5,19.4,480.0,9.0
VS005396,AD001647,AC001272,met_family,-1641.6,-2900.5,-1642.2,-2908.9,8.4,300.0,6.0
VS005397,AD000379,AC000301,met_family,-1951.3,-2489.1,-1947.4,-2483.2,7.1,480.0,9.0
VS005400,AD000194,AC000155,neighbour_says_shifted,-1251.3,-2795.5,-1238.4,-2813.1,21.8,180.0,3.0
VS005401,AD001447,AC001114,met_borrower,-1323.4,-2857.0,-1332.2,-2868.6,14.6,540.0,10.0
VS005403,AD002074,AC001610,met_family,1810.2,-1674.8,1754.7,-1657.1,58.3,120.0,3.0
VS005407,AD002466,AC001907,locked_premises,1838.0,-2110.7,1858.7,-2105.4,21.4,120.0,3.0
VS005409,AD001503,AC001158,neighbour_says_shifted,2870.9,-1495.9,2895.2,-1487.7,25.6,240.0,5.0
VS005410,AD001683,AC001296,met_family,2587.3,-1431.5,2709.9,-1383.1,131.8,180.0,4.0
VS005411,AD001549,AC001192,locked_premises,2293.1,-1317.5,2297.9,-1306.9,11.6,120.0,3.0
VS005414,AD000407,AC000324,neighbour_says_shifted,2357.3,-728.4,2430.3,-767.2,82.7,120.0,3.0
VS005415,AD001450,AC001117,neighbour_says_shifted,2345.8,-1143.1,2483.9,-1053.8,164.5,300.0,6.0
VS005416,AD000324,AC000257,met_family,-2573.2,1699.7,-2646.2,1716.0,74.8,360.0,7.0
VS005417,AD000869,AC000675,met_borrower,-2050.4,1548.1,-2051.1,1561.3,13.2,540.0,10.0
VS005420,AD001734,AC001338,met_family,-2900.8,1419.2,-2903.4,1421.4,3.4,180.0,4.0
VS005421,AD002143,AC001659,met_borrower,-2595.3,1386.1,-2613.9,1348.6,41.9,480.0,9.0
VS005423,AD002334,AC001808,met_family,-2764.5,1756.2,-2757.4,1697.9,58.7,360.0,7.0
VS005426,AD003105,AC001373,met_borrower,-197.0,3182.0,-170.2,3179.0,27.0,360.0,7.0
VS005428,AD001621,AC001252,met_family,-6.9,3267.9,-60.0,3221.6,70.5,300.0,6.0
VS005432,AD000228,AC000183,met_borrower,3875.8,-94.5,3814.1,-114.6,64.9,180.0,4.0
VS005439,AD000047,AC000038,locked_premises,-2233.1,1082.8,-2455.9,1198.7,251.1,150.0,4.0
VS005443,AD001630,AC001258,met_borrower,571.0,2844.7,569.8,2848.8,4.3,240.0,5.0
VS005444,AD001516,AC001169,neighbour_says_shifted,556.5,-2601.8,673.5,-2631.2,120.6,300.0,6.0
VS005450,AD002116,AC001640,locked_premises,886.7,-2906.5,834.0,-3139.7,239.1,120.0,3.0
VS005451,AD000719,AC000557,neighbour_says_shifted,2733.0,-1750.4,2760.2,-1814.1,69.3,120.0,3.0
VS005452,AD001799,AC001392,met_family,3187.7,-2186.0,3191.3,-2187.0,3.7,120.0,3.0
VS005460,AD000424,AC000336,locked_premises,2783.2,545.8,2903.5,328.4,248.5,120.0,3.0
VS005464,AD002751,AC002133,met_borrower,3089.4,473.6,3108.4,458.9,24.0,300.0,6.0
VS005465,AD001712,AC001319,neighbour_says_shifted,3003.7,758.8,3012.0,758.4,8.3,300.0,6.0
VS005466,AD002626,AC002035,met_borrower,3091.2,486.1,3134.8,466.8,47.7,240.0,5.0
VS005467,AD000355,AC000282,met_family,675.9,-3252.4,692.1,-3291.5,42.3,300.0,6.0
VS005469,AD000924,AC000715,locked_premises,497.4,-2723.1,499.9,-2711.4,12.0,120.0,3.0
VS005470,AD001232,AC000952,cash_collected,375.5,-2977.4,388.6,-2971.2,14.5,540.0,10.0
VS005472,AD001127,AC000873,met_borrower,175.8,-3728.6,366.5,-3577.4,243.4,540.0,10.0
VS005474,AD002588,AC002005,neighbour_says_shifted,562.0,-3240.9,650.8,-3295.9,104.5,180.0,4.0
VS005475,AD001575,AC001213,met_family,767.6,-2632.7,923.9,-2681.1,163.6,240.0,5.0
VS005476,AD002613,AC002023,locked_premises,723.9,-3568.6,727.8,-3428.2,140.5,120.0,3.0
VS005477,AD003013,AC002342,neighbour_says_shifted,1273.0,-2543.9,1526.1,-2487.1,259.4,180.0,4.0
VS005481,AD001962,AC001523,met_family,1402.9,-1988.6,1397.2,-1978.3,11.8,120.0,3.0
VS005485,AD001592,AC001229,met_borrower,1586.8,-2424.2,1548.0,-2454.2,49.0,480.0,9.0
VS005491,AD002651,AC002053,met_borrower,2330.5,-758.2,2345.4,-763.3,15.7,240.0,5.0
VS005494,AD001620,AC001251,met_family,-32.2,-3373.5,-19.9,-3356.1,21.3,120.0,3.0
VS005495,AD001443,AC001111,met_family,-699.7,-3178.9,-679.0,-3260.9,84.6,180.0,4.0
VS005500,AD002884,AC002240,neighbour_says_shifted,-328.9,-3349.3,-379.8,-3305.2,67.3,240.0,5.0
VS005504,AD002990,AC002324,met_family,-909.1,-60.3,-963.6,-311.3,256.8,240.0,5.0
VS005508,AD000138,AC000110,met_family,617.0,-3083.7,617.4,-3084.3,0.7,120.0,3.0
VS005510,AD001972,AC001532,met_family,730.9,-2714.3,700.6,-2847.2,136.3,180.0,4.0
VS005515,AD001314,AC001017,met_family,-2464.4,1278.0,-2441.4,1280.0,23.1,360.0,7.0
VS005516,AD001043,AC000810,met_borrower,-2599.0,1069.1,-2569.1,1094.6,39.3,360.0,7.0
VS005517,AD001815,AC001406,met_borrower,-2516.7,968.4,-2484.9,1023.0,63.2,240.0,5.0
VS005519,AD001862,AC001443,met_family,-3259.2,1269.4,-3280.5,1266.3,21.5,180.0,4.0
VS005520,AD002641,AC002046,locked_premises,-2712.1,789.6,-2819.7,847.0,122.0,120.0,3.0
VS005526,AD003026,AC002350,met_family,2858.5,-2459.3,2909.0,-2471.5,52.0,120.0,3.0
VS005527,AD002304,AC001785,no_such_person,2669.2,-2320.1,2669.1,-2332.4,12.3,180.0,4.0
VS005529,AD001830,AC001418,met_borrower,1054.9,2942.8,1063.4,2913.5,30.5,240.0,5.0
VS005536,AD001697,AC001307,met_family,837.2,3208.4,835.5,3210.4,2.6,300.0,6.0
VS005538,AD002262,AC001753,locked_premises,2620.6,-1679.7,2610.5,-1669.9,14.1,120.0,3.0
VS005540,AD003045,AC002365,neighbour_says_shifted,2955.2,-1278.1,2945.4,-1265.7,15.8,240.0,5.0
VS005542,AD000086,AC000069,met_borrower,2547.1,-1433.0,2544.5,-1379.4,53.7,420.0,8.0
VS005544,AD000420,AC000333,met_family,2827.8,-1222.4,3077.3,-1253.7,251.5,480.0,9.0
VS005545,AD000152,AC000121,neighbour_says_shifted,2653.0,-1080.9,2669.9,-1090.7,19.5,180.0,4.0
VS005550,AD001026,AC000797,locked_premises,736.2,2295.6,770.7,2303.7,35.4,120.0,3.0
VS005551,AD002488,AC001925,met_borrower,1006.2,-350.2,1003.6,-353.0,3.8,540.0,10.0
VS005554,AD001534,AC001181,cash_collected,-2572.5,-189.3,-2578.0,-184.3,7.4,240.0,5.0
VS005557,AD001330,AC001029,neighbour_says_shifted,-2352.7,-521.6,-2353.4,-531.7,10.1,180.0,4.0
VS005558,AD002509,AC001941,met_borrower,-2464.6,-629.2,-2473.2,-651.4,23.8,300.0,6.0
VS005559,AD001064,AC000826,met_family,-2984.0,-11.1,-2976.4,-28.9,19.4,180.0,4.0
VS005561,AD002412,AC001870,met_borrower,-2670.7,-129.5,-2671.0,-140.2,10.7,540.0,10.0
VS005566,AD000078,AC000063,neighbour_says_shifted,-2529.5,-133.2,-2535.1,-132.9,5.6,180.0,4.0
VS005567,AD001822,AC001412,met_borrower,-2670.8,-476.8,-2666.0,-485.5,9.9,120.0,3.0
VS005568,AD000666,AC000516,cash_collected,-2640.1,-481.5,-2647.3,-495.6,15.8,540.0,10.0
VS005569,AD000023,AC000020,met_borrower,-2955.0,-18.0,-2954.8,-18.9,0.9,540.0,10.0
VS005578,AD000771,AC000598,met_borrower,813.7,-692.1,832.8,-703.9,22.5,180.0,4.0
