address_id,account_id,town_id,clean_door_no,clean_street,clean_locality,clean_pincode,final_pin_x,final_pin_y,evidence_tier,conformal_radius_r90,dispatch_action,landmark_nav_hint,visual_doorstep_cue,negative_search_visited_flag,last_updated_timestamp
AD000001,AC000001,T1,,6th cross; 5th main,Kuvempu Layout,960102,1210.3,-177.6,visits_agree,47.9,DIRECT_VISIT,,,False,2026-10-08T18:32:36.065012+00:00
AD000002,AC000001,T1,173,12th cross; 3rd main,Shanthi Nagar,960101,-2449.8,-2068.9,visit_1,77.4,DIRECT_VISIT,,,False,2026-10-08T18:32:36.065012+00:00
AD000003,AC000002,T3,367/3,e block; 2nd road,Green Park Layout,980301,-3692.1,-916.4,baseline_coarse,3710.3,VERIFY_FIRST,,,False,2026-10-08T18:32:36.065012+00:00
AD000004,AC000003,T2,,81 gali,Krishna Puri,970202,2775.9,-1262.8,baseline_coarse,3710.3,VERIFY_FIRST,,,False,2026-10-08T18:32:36.065012+00:00
AD000005,AC000004,T2,,,Shivaji Nagar,970202,471.9,-3260.2,landmark,357.8,VISIT_WITH_HINT,Behind Ration Shop (pin is a guess near this landmark),,False,2026-10-08T18:32:36.065012+00:00
AD000007,AC000005,T2,,,Tilak Nagar,970204,107.8,1245.9,landmark,357.8,VISIT_WITH_HINT,Near Ration Shop (pin is a guess near this landmark),,False,2026-10-08T18:32:36.065012+00:00
AD000008,AC000006,T1,,1st main,Vinayaka Nagar,960104,783.6,-216.0,cross_account_inferred,75.0,DIRECT_VISIT,,,False,2026-10-08T18:32:36.065012+00:00
AD000009,AC000007,T1,231/2,7th main,Nehru Colony,960102,3055.6,-2277.8,visit_1,77.4,DIRECT_VISIT,Near Hanuman Temple (about 200 m from pin),,False,2026-10-08T18:32:36.065012+00:00
AD000010,AC000007,T1,,6th x; 1st main,,960104,-2067.2,1732.8,baseline_coarse,3710.3,VERIFY_FIRST,,,False,2026-10-08T18:32:36.065012+00:00
AD000011,AC000008,T3,,,Palm Meadows,980302,3051.1,-2317.6,landmark,357.8,VISIT_WITH_HINT,Opposite Milk Dairy (pin is a guess near this landmark),,False,2026-10-08T18:32:36.065012+00:00
AD000012,AC000009,T2,52,52 gali,Shastri Nagar,970201,-653.5,-548.1,visits_agree,47.9,DIRECT_VISIT,,,False,2026-10-08T18:32:36.065012+00:00
AD000013,AC000010,T2,186,gali no. 4,Ambedkar Nagar,970204,-1016.5,2852.7,landmark,357.8,VISIT_WITH_HINT,Opposite Water Tank (pin is a guess near this landmark),,False,2026-10-08T18:32:36.065012+00:00
AD000014,AC000011,T2,458,,Ambedkar Nagar,,-1054.7,2946.9,baseline_street,162.1,VISIT_WITH_HINT,,,False,2026-10-08T18:32:36.065012+00:00
AD000015,AC000012,T1,356,,,960104,1208.0,-178.9,visit_1,77.4,DIRECT_VISIT,,,False,2026-10-08T18:32:36.065012+00:00
AD000016,AC000013,T2,86,gali 2,Azad Mohalla,970203,2850.9,142.7,cross_account_inferred,75.0,DIRECT_VISIT,,,False,2026-10-08T18:32:36.065012+00:00
AD000017,AC000014,T2,-4,,Ambedkar Nagar,970204,-1058.4,2983.7,visits_agree,47.9,DIRECT_VISIT,Opposite Water Tank (about 140 m from pin),,False,2026-10-08T18:32:36.065012+00:00
AD000018,AC000015,T1,,6th cross; 7th main,Anjaneya Badavane,,646.1,2392.9,visits_agree,47.9,DIRECT_VISIT,,,False,2026-10-08T18:32:36.065012+00:00
AD000019,AC000016,T3,,,Silver Oak Layout,980301,-3064.3,177.9,visit_1,77.4,DIRECT_VISIT,,,False,2026-10-08T18:32:36.065012+00:00
AD000020,AC000017,T1,25,3rd cross; 6th main,,960104,-1757.6,1140.6,baseline_coarse,3710.3,VERIFY_FIRST,,,False,2026-10-08T18:32:36.065012+00:00
AD000021,AC000018,T3,32,,,980303,4029.7,339.0,baseline_street,162.1,VISIT_WITH_HINT,,,False,2026-10-08T18:32:36.065012+00:00
AD000022,AC000019,T1,,4th cross; 8th main,Kuvempu Layout,960102,1516.8,-353.6,baseline_street,162.1,VISIT_WITH_HINT,,,False,2026-10-08T18:32:36.065012+00:00
AD000023,AC000020,T3,64,,Silver Oak Layout,980301,-2953.6,-18.5,visits_disagree,387.8,VISIT_WITH_HINT,,,True,2026-10-08T18:32:36.065012+00:00
AD000024,AC000021,T3,,f block; 5th road,Railway Colony,980304,-2110.2,1617.4,landmark,357.8,VISIT_WITH_HINT,Near Ganesh Temple (pin is a guess near this landmark),,False,2026-10-08T18:32:36.065012+00:00
AD000025,AC000021,T3,,,Sunrise Enclave,980304,-252.0,2905.8,baseline_coarse,3710.3,VERIFY_FIRST,,,False,2026-10-08T18:32:36.065012+00:00
AD000026,AC000022,T1,377,9th cross; 7th main,Vinayaka Nagar,960104,-2656.2,1426.5,cross_account_inferred,75.0,DIRECT_VISIT,,,True,2026-10-08T18:32:36.065012+00:00
AD000027,AC000023,T2,89/2,,Azad Mohalla,970203,907.5,2916.2,visits_disagree,387.8,VISIT_WITH_HINT,,,True,2026-10-08T18:32:36.065012+00:00
AD000028,AC000024,T3,,,,980302,-723.2,-1600.6,baseline_street,162.1,VISIT_WITH_HINT,,,False,2026-10-08T18:32:36.065012+00:00
AD000029,AC000025,T2,,gali 2,Ambedkar Nagar,970204,-1016.5,2852.7,landmark,357.8,VISIT_WITH_HINT,Near Water Tank (pin is a guess near this landmark),,False,2026-10-08T18:32:36.065012+00:00
AD000030,AC000026,T1,,11th cross; 3rd,Nehru Colony,960102,2944.0,-1697.5,visits_disagree,387.8,VISIT_WITH_HINT,,,True,2026-10-08T18:32:36.065012+00:00
AD000031,AC000027,T3,,,Palm Meadows,980302,2970.1,-2451.2,visits_agree,47.9,DIRECT_VISIT,Opposite Milk Dairy (about 160 m from pin),,False,2026-10-08T18:32:36.065012+00:00
AD000032,AC000028,T2,193,gali no. 9,Patel Nagar,970202,1463.7,-14.1,cross_account_inferred,75.0,DIRECT_VISIT,,,True,2026-10-08T18:32:36.065012+00:00
AD000033,AC000029,T1,,5th cross; 3rd main,Vidya Nagar,960103,2426.3,941.4,baseline_street,162.1,VISIT_WITH_HINT,,,False,2026-10-08T18:32:36.065012+00:00
AD000034,AC000029,T1,,,Kuvempu Layout,960102,916.1,-109.8,landmark,357.8,VISIT_WITH_HINT,Near Ganesh Temple (pin is a guess near this landmark),,False,2026-10-08T18:32:36.065012+00:00
AD000035,AC000030,T3,,a block; 2nd road,Palm Meadows,980302,3051.1,-2317.6,landmark,357.8,VISIT_WITH_HINT,Behind Milk Dairy (pin is a guess near this landmark),,False,2026-10-08T18:32:36.065012+00:00
AD000036,AC000031,T3,,d block; 5th road,Lakeview Phase 2,980303,3305.3,491.5,baseline_street,162.1,VISIT_WITH_HINT,Opposite Community Hall (about 90 m from pin),,False,2026-10-08T18:32:36.065012+00:00
AD000037,AC000032,T1,,4th cross,,960102,1509.8,-2718.0,cross_account_inferred,75.0,DIRECT_VISIT,,,True,2026-10-08T18:32:36.065012+00:00
AD000039,AC000033,T2,,gali 2,Ambedkar Nagar,970204,-580.8,2531.2,visits_agree,47.9,DIRECT_VISIT,,Blue gate house,True,2026-10-08T18:32:36.065012+00:00
AD000040,AC000034,T1,313/2,3rd; 8th main,Basava Nagar,,829.8,-2924.8,visit_1,77.4,DIRECT_VISIT,,,False,2026-10-08T18:32:36.065012+00:00
AD000041,AC000034,T1,,9th cross,Hosa Badavane,960101,-608.9,-1093.3,visit_1,77.4,DIRECT_VISIT,,,False,2026-10-08T18:32:36.065012+00:00
AD000042,AC000035,T3,217,,Lakeview Phase 2,980303,3765.0,483.2,baseline_coarse,3710.3,VERIFY_FIRST,,,False,2026-10-08T18:32:36.065012+00:00
AD000043,AC000036,T3,452,,Lakeview Phase 2,980303,3934.7,713.6,visits_agree,47.9,DIRECT_VISIT,,,True,2026-10-08T18:32:36.065012+00:00
AD000045,AC000037,T3,,,Silver Oak Layout,980301,-2505.6,-92.4,landmark,357.8,VISIT_WITH_HINT,Near Govt School (pin is a guess near this landmark),,False,2026-10-08T18:32:36.065012+00:00
AD000046,AC000037,T3,,,Sunrise Enclave,980304,-842.2,2899.6,landmark,357.8,VISIT_WITH_HINT,Opposite Ration Shop (pin is a guess near this landmark),,False,2026-10-08T18:32:36.065012+00:00
AD000047,AC000038,T1,353,5th x; 8th main,Vinayaka Nagar,960104,-2455.9,1198.7,visits_agree,47.9,DIRECT_VISIT,,,False,2026-10-08T18:32:36.065012+00:00
AD000048,AC000039,T1,,5th cross; 1st main,Kalyana Nagar,960104,-1850.9,2492.2,baseline_coarse,3710.3,VERIFY_FIRST,,,False,2026-10-08T18:32:36.065012+00:00
AD000049,AC000040,T2,178,,Azad Mohalla,970203,755.8,2394.7,visits_agree,47.9,DIRECT_VISIT,,,True,2026-10-08T18:32:36.065012+00:00
AD000050,AC000041,T1,197/1,4th cross; 8th main,,960104,1085.8,-457.7,baseline_coarse,3710.3,VERIFY_FIRST,,,False,2026-10-08T18:32:36.065012+00:00
AD000052,AC000042,T1,,10th cross; 1st main,Gandhi Nagar,960102,386.5,-2773.4,baseline_street,162.1,VISIT_WITH_HINT,,,False,2026-10-08T18:32:36.065012+00:00
AD000053,AC000043,T1,279,10th cross; 2nd main,Siddeshwara Colony,960102,1978.1,-1152.9,baseline_coarse,3710.3,VERIFY_FIRST,,,True,2026-10-08T18:32:36.065012+00:00
AD000054,AC000043,T1,,,Vinayaka Nagar,960104,-3155.2,823.8,landmark,357.8,VISIT_WITH_HINT,Near Ganesh Temple (pin is a guess near this landmark),,False,2026-10-08T18:32:36.065012+00:00
AD000055,AC000044,T3,60/3,1st road,Teachers Colony,980302,1325.8,-1116.6,cross_account_inferred,75.0,DIRECT_VISIT,,,False,2026-10-08T18:32:36.065012+00:00
AD000056,AC000044,T3,178,4th road,Green Park Layout,980301,-2522.6,-528.6,cross_account_inferred,75.0,DIRECT_VISIT,,,False,2026-10-08T18:32:36.065012+00:00
AD000057,AC000045,T3,441/3,,Silver Oak Layout,980301,-2505.6,-92.4,landmark,357.8,VISIT_WITH_HINT,Near Govt School (pin is a guess near this landmark),,False,2026-10-08T18:32:36.065012+00:00
AD000058,AC000046,T3,,6th rd,,980303,-596.5,-626.0,baseline_coarse,3710.3,VERIFY_FIRST,,,False,2026-10-08T18:32:36.065012+00:00
AD000059,AC000047,T1,197,3rd x; 6th main,Ashoka Layout,960104,-763.9,167.5,baseline_street,162.1,VISIT_WITH_HINT,,,False,2026-10-08T18:32:36.065012+00:00
AD000060,AC000048,T3,,3rd road,Lakeview Phase 2,980303,3796.8,101.1,visits_agree,47.9,DIRECT_VISIT,,,True,2026-10-08T18:32:36.065012+00:00
AD000061,AC000049,T2,,gali 7,Patel Nagar,970202,1440.8,-1984.6,landmark,357.8,VISIT_WITH_HINT,Near Church (pin is a guess near this landmark),,False,2026-10-08T18:32:36.065012+00:00
AD000062,AC000050,T1,339,3rd main,Gandhi Nagar,,597.4,-3085.9,visits_disagree,387.8,VISIT_WITH_HINT,Opposite Bus Stop (about 120 m from pin),,True,2026-10-08T18:32:36.065012+00:00
AD000063,AC000051,T2,,gali 6,Nehru Colony,970203,3267.0,631.8,baseline_street,162.1,VISIT_WITH_HINT,,,False,2026-10-08T18:32:36.065012+00:00
AD000064,AC000051,T2,192,192 gali,,970204,-623.0,1796.3,baseline_coarse,3710.3,VERIFY_FIRST,,,False,2026-10-08T18:32:36.065012+00:00
AD000065,AC000052,T3,164,b block; 3rd,Teachers Colony,980302,731.9,-1039.8,landmark,357.8,VISIT_WITH_HINT,Near Govt School (pin is a guess near this landmark),,False,2026-10-08T18:32:36.065012+00:00
AD000066,AC000053,T1,379/3,6th cross,Kuvempu Layout,960102,1183.9,-195.0,visits_agree,47.9,DIRECT_VISIT,,,True,2026-10-08T18:32:36.065012+00:00
AD000067,AC000054,T3,267,,,980303,3117.8,-2025.1,baseline_coarse,3710.3,VERIFY_FIRST,,,False,2026-10-08T18:32:36.065012+00:00
AD000068,AC000055,T2,93/3,,Nehru Colony,970230,3350.2,460.6,visits_agree,47.9,DIRECT_VISIT,,,False,2026-10-08T18:32:36.065012+00:00
AD000069,AC000056,T2,124,,Shivaji Nagar,970202,721.8,-3436.7,visits_disagree,387.8,VISIT_WITH_HINT,,,False,2026-10-08T18:32:36.065012+00:00
AD000071,AC000057,T3,19,,Unity Nagar,980302,858.3,-3936.9,baseline_street,162.1,VISIT_WITH_HINT,Near Petrol Bunk (about 120 m from pin),,False,2026-10-08T18:32:36.065012+00:00
AD000072,AC000058,T3,,d block; 4th rd,,980302,1600.0,-2585.2,baseline_coarse,3710.3,VERIFY_FIRST,,,False,2026-10-08T18:32:36.065012+00:00
AD000073,AC000059,T2,206,gali no. 2,Gandhi Basti,970203,988.4,868.5,baseline_street,162.1,VISIT_WITH_HINT,,,False,2026-10-08T18:32:36.065012+00:00
AD000074,AC000059,T2,,,,970202,912.5,2794.6,baseline_coarse,3710.3,VERIFY_FIRST,,,False,2026-10-08T18:32:36.065012+00:00
AD000075,AC000060,T1,326,5th cross; 5th main,Nehru Colony,960102,1064.2,-1693.4,cross_account_inferred,75.0,DIRECT_VISIT,,,True,2026-10-08T18:32:36.065012+00:00
AD000076,AC000061,T2,,gali 9,Gandhi Basti,970203,986.0,1450.3,visit_1,77.4,DIRECT_VISIT,,,True,2026-10-08T18:32:36.065012+00:00
AD000077,AC000062,T3,185/3,2nd rd,,980302,1031.3,-699.4,cross_account_inferred,75.0,DIRECT_VISIT,,,False,2026-10-08T18:32:36.065012+00:00
AD000078,AC000063,T3,167/3,,Silver Oak Layout,980301,-2535.1,-132.9,visits_disagree,387.8,VISIT_WITH_HINT,Opposite Govt School (about 50 m from pin),,False,2026-10-08T18:32:36.065012+00:00
AD000079,AC000064,T3,14,a block; 3rd rd,Teachers Colony,980302,986.8,-1191.4,visits_disagree,387.8,VISIT_WITH_HINT,,,True,2026-10-08T18:32:36.065012+00:00
AD000080,AC000064,T3,254,c block; 5th road,Lakeview Phase 2,980303,4327.2,439.3,baseline_street,162.1,VISIT_WITH_HINT,,,True,2026-10-08T18:32:36.065012+00:00
AD000081,AC000065,T3,,,HMT Colony,,-734.7,-874.5,visits_agree,47.9,DIRECT_VISIT,Near Milk Dairy (about 170 m from pin),,False,2026-10-08T18:32:36.065012+00:00
AD000082,AC000066,T3,2951,c block; 6th road,Lakeview Phase 2,980303,4024.7,318.4,visit_1,77.4,DIRECT_VISIT,,,False,2026-10-08T18:32:36.065012+00:00
AD000083,AC000066,T3,,,HMT Colony,980301,-764.5,-471.1,landmark,357.8,VISIT_WITH_HINT,Near Post Office (pin is a guess near this landmark),,False,2026-10-08T18:32:36.065012+00:00
AD000084,AC000067,T3,371,b block; 4th road,Orchid Enclave,980301,-460.7,-3589.7,landmark,357.8,VISIT_WITH_HINT,Near Masjid (pin is a guess near this landmark),,False,2026-10-08T18:32:36.065012+00:00
AD000085,AC000068,T1,283,,Gandhi Nagar,960102,345.3,-3110.2,visit_1,77.4,DIRECT_VISIT,,,True,2026-10-08T18:32:36.065012+00:00
AD000086,AC000069,T2,107,107 gali,Krishna Puri,,2544.5,-1379.4,visits_agree,47.9,DIRECT_VISIT,Opposite Water Tank (about 70 m from pin),,False,2026-10-08T18:32:36.065012+00:00
AD000087,AC000069,T2,11,423 gali,,970201,647.2,1285.8,baseline_coarse,3710.3,VERIFY_FIRST,,,False,2026-10-08T18:32:36.065012+00:00
AD000088,AC000070,T2,-10,,Ambedkar Nagar,970204,-429.0,3101.5,visits_agree,47.9,DIRECT_VISIT,,,False,2026-10-08T18:32:36.065012+00:00
AD000089,AC000071,T2,77/3,,Ambedkar Nagar,970204,-532.5,3389.7,landmark,357.8,VISIT_WITH_HINT,Near Hanuman Temple (pin is a guess near this landmark),,False,2026-10-08T18:32:36.065012+00:00
AD000090,AC000071,T2,324,,Subhash Nagar,970201,-1528.9,-2813.1,landmark,357.8,VISIT_WITH_HINT,Near Hanuman Temple (pin is a guess near this landmark),,False,2026-10-08T18:32:36.065012+00:00
AD000091,AC000072,T2,410,410 gali,,970202,2011.1,-2152.7,baseline_coarse,3710.3,VERIFY_FIRST,,,False,2026-10-08T18:32:36.065012+00:00
AD000092,AC000073,T3,,,Palm Meadows,980302,3226.9,-1831.6,baseline_coarse,3710.3,VERIFY_FIRST,,,False,2026-10-08T18:32:36.065012+00:00
AD000093,AC000073,T3,,1st rd,Sunrise Enclave,980304,-661.1,3190.5,landmark,357.8,VISIT_WITH_HINT,Near Community Hall (pin is a guess near this landmark),,False,2026-10-08T18:32:36.065012+00:00
AD000094,AC000074,T3,397,,Silver Oak Layout,980301,-2657.2,-180.7,visits_agree,47.9,DIRECT_VISIT,Near Govt School (about 180 m from pin),,True,2026-10-08T18:32:36.065012+00:00
AD000096,AC000075,T3,206,,Lakeview Phase 2,980303,3366.7,542.7,visits_disagree,387.8,VISIT_WITH_HINT,,,False,2026-10-08T18:32:36.065012+00:00
AD000097,AC000076,T3,,,Green Park Layout,980301,-4072.0,-1017.3,landmark,357.8,VISIT_WITH_HINT,Opposite Water Tank (pin is a guess near this landmark),,False,2026-10-08T18:32:36.065012+00:00
AD000098,AC000077,T3,,b block; 5th road,Railway Colony,980304,-452.0,2927.4,cross_account_inferred,75.0,DIRECT_VISIT,,,True,2026-10-08T18:32:36.065012+00:00
AD000099,AC000078,T3,107,,,980304,-351.8,-418.6,visits_disagree,387.8,VISIT_WITH_HINT,,,True,2026-10-08T18:32:36.065012+00:00
AD000100,AC000079,T1,,8th cross; 4th main,Nehru Colony,960102,2817.3,-2082.9,visits_agree,47.9,DIRECT_VISIT,Near Park (about 90 m from pin),,False,2026-10-08T18:32:36.065012+00:00
AD000101,AC000080,T3,13,,Railway Colony,980304,-2378.1,1427.1,landmark,357.8,VISIT_WITH_HINT,Near Masjid (pin is a guess near this landmark),,False,2026-10-08T18:32:36.065012+00:00
AD000102,AC000081,T1,,7th main,Anjaneya Badavane,960103,641.8,2525.7,baseline_street,162.1,VISIT_WITH_HINT,,,False,2026-10-08T18:32:36.065012+00:00
AD000103,AC000082,T3,180,,Palm Meadows,980302,3131.2,-1871.8,baseline_coarse,3710.3,VERIFY_FIRST,,,False,2026-10-08T18:32:36.065012+00:00
AD000104,AC000083,T1,372/2,,Vidya Nagar,,2382.0,1003.2,baseline_coarse,3710.3,VERIFY_FIRST,,,False,2026-10-08T18:32:36.065012+00:00
AD000105,AC000084,T2,336,,Shastri Nagar,970201,-681.9,-60.5,visits_agree,47.9,DIRECT_VISIT,,,True,2026-10-08T18:32:36.065012+00:00
AD000106,AC000085,T1,49,,Vinayaka Nagar,960104,-3155.2,823.8,landmark,357.8,VISIT_WITH_HINT,Near Ganesh Temple (pin is a guess near this landmark),,False,2026-10-08T18:32:36.065012+00:00
AD000107,AC000086,T3,,1st road,Lakeview Phase 2,980303,2335.1,-765.3,visit_1,77.4,DIRECT_VISIT,,,True,2026-10-08T18:32:36.065012+00:00
AD000108,AC000087,T3,182/2,,Defence Colony,980301,-1138.4,-1991.8,landmark,357.8,VISIT_WITH_HINT,Near Ganesh Temple (pin is a guess near this landmark),,False,2026-10-08T18:32:36.065012+00:00
AD000109,AC000088,T1,,5th x; 8th main,Siddeshwara Colony,960102,2046.8,-1272.3,baseline_coarse,3710.3,VERIFY_FIRST,,,False,2026-10-08T18:32:36.065012+00:00
AD000111,AC000089,T1,56,,Vidya Nagar,960103,2702.3,1144.4,visits_disagree,387.8,VISIT_WITH_HINT,,,True,2026-10-08T18:32:36.065012+00:00
AD000112,AC000089,T1,,5th cross; 5th main,,960103,2564.7,924.2,cross_account_inferred,75.0,DIRECT_VISIT,,,True,2026-10-08T18:32:36.065012+00:00
AD000113,AC000090,T3,,,Sunrise Enclave,980304,-768.2,3483.0,landmark,357.8,VISIT_WITH_HINT,Opposite Park (pin is a guess near this landmark),,False,2026-10-08T18:32:36.065012+00:00
AD000114,AC000091,T1,,2nd main,Nehru Colony,,2684.1,-1873.7,visits_agree,47.9,DIRECT_VISIT,,,False,2026-10-08T18:32:36.065012+00:00
AD000115,AC000092,T3,184/2,,,980303,-474.6,3263.8,baseline_coarse,3710.3,VERIFY_FIRST,,,False,2026-10-08T18:32:36.065012+00:00
AD000116,AC000093,T3,,,,980301,-2353.1,-1649.3,baseline_coarse,3710.3,VERIFY_FIRST,,,True,2026-10-08T18:32:36.065012+00:00
AD000117,AC000094,T3,105,,Palm Meadows,980302,3443.4,-1945.1,landmark,357.8,VISIT_WITH_HINT,Near Bus Stop (pin is a guess near this landmark),,False,2026-10-08T18:32:36.065012+00:00
AD000119,AC000095,T1,,2nd cross; 5th main,,960101,-968.8,-2481.6,baseline_coarse,3710.3,VERIFY_FIRST,,,False,2026-10-08T18:32:36.065012+00:00
AD000120,AC000096,T3,,,Palm Meadows,980302,3379.5,-1929.9,baseline_coarse,3710.3,VERIFY_FIRST,,,False,2026-10-08T18:32:36.065012+00:00
AD000121,AC000096,T3,,d block; 1st road,,980301,-978.6,-432.0,cross_account_inferred,75.0,DIRECT_VISIT,,,False,2026-10-08T18:32:36.065012+00:00
AD000122,AC000097,T3,,,Teachers Colony,980302,1365.9,-882.5,landmark,357.8,VISIT_WITH_HINT,Opposite Medical Store (pin is a guess near this landmark),,False,2026-10-08T18:32:36.065012+00:00
AD000123,AC000098,T2,241,,Azad Mohalla,970203,940.8,2546.9,landmark,357.8,VISIT_WITH_HINT,Near Ration Shop (pin is a guess near this landmark),,False,2026-10-08T18:32:36.065012+00:00
AD000124,AC000099,T3,,,Palm Meadows,980302,3433.8,-1644.8,landmark,357.8,VISIT_WITH_HINT,Near Ganesh Temple (pin is a guess near this landmark),,False,2026-10-08T18:32:36.065012+00:00
AD000125,AC000099,T3,129,,Lakeview Phase 2,980303,3788.5,411.2,landmark,357.8,VISIT_WITH_HINT,Near Bus Stop (pin is a guess near this landmark),,False,2026-10-08T18:32:36.065012+00:00
AD000126,AC000100,T1,227,,Gandhi Nagar,,909.3,-3205.0,visits_agree,47.9,DIRECT_VISIT,,,False,2026-10-08T18:32:36.065012+00:00
AD000127,AC000101,T3,,6th road,Teachers Colony,980302,731.9,-1039.8,landmark,357.8,VISIT_WITH_HINT,Near Govt School (pin is a guess near this landmark),,False,2026-10-08T18:32:36.065012+00:00
AD000128,AC000102,T1,471,10th cross; 2nd main,Nehru Colony,960102,2493.8,-2183.8,baseline_coarse,3710.3,VERIFY_FIRST,,,False,2026-10-08T18:32:36.065012+00:00
AD000129,AC000103,T1,,11th cross; 7th main,Nehru Colony,960102,988.3,-2664.9,cross_account_inferred,75.0,DIRECT_VISIT,,,True,2026-10-08T18:32:36.065012+00:00
AD000130,AC000104,T1,,,Siddeshwara Colony,960102,1690.6,-1164.5,landmark,357.8,VISIT_WITH_HINT,Near Medical Store (pin is a guess near this landmark),,False,2026-10-08T18:32:36.065012+00:00
AD000132,AC000105,T3,217/3,,Teachers Colony,980302,1014.3,-406.9,landmark,357.8,VISIT_WITH_HINT,Near Masjid (pin is a guess near this landmark),,False,2026-10-08T18:32:36.065012+00:00
AD000133,AC000105,T3,,,Green Park Layout,980301,-3978.6,-1286.0,baseline_street,162.1,VISIT_WITH_HINT,Near Hanuman Temple (about 200 m from pin),,False,2026-10-08T18:32:36.065012+00:00
AD000134,AC000106,T2,o,449 gali,Azad Mohalla,970203,1143.9,2406.8,baseline_street,162.1,VISIT_WITH_HINT,,,False,2026-10-08T18:32:36.065012+00:00
AD000135,AC000107,T1,15/3,5th main,Gandhi Nagar,960102,817.6,-2618.4,cross_account_inferred,75.0,DIRECT_VISIT,,,False,2026-10-08T18:32:36.065012+00:00
AD000136,AC000108,T1,382/3,,Kuvempu Layout,960102,1074.5,-14.3,baseline_coarse,3710.3,VERIFY_FIRST,,,False,2026-10-08T18:32:36.065012+00:00
AD000137,AC000109,T3,,c block; 4th rd,Silver Oak Layout,980301,-2368.4,-530.6,visits_agree,47.9,DIRECT_VISIT,Near Post Office (about 100 m from pin),,True,2026-10-08T18:32:36.065012+00:00
AD000138,AC000110,T1,,3rd main,,960104,621.5,-3082.5,visits_disagree,387.8,VISIT_WITH_HINT,,,True,2026-10-08T18:32:36.065012+00:00
AD000139,AC000111,T2,-10,,Shivaji Nagar,970202,751.7,-2626.5,baseline_street,162.1,VISIT_WITH_HINT,,,False,2026-10-08T18:32:36.065012+00:00
AD000140,AC000111,T2,227,gali 8,Tilak Nagar,970204,-643.5,1512.2,landmark,357.8,VISIT_WITH_HINT,Near Petrol Bunk (pin is a guess near this landmark),,False,2026-10-08T18:32:36.065012+00:00
AD000141,AC000112,T2,4,gali no. 4,,970202,1805.9,-2198.5,cross_account_inferred,75.0,DIRECT_VISIT,,,True,2026-10-08T18:32:36.065012+00:00
AD000142,AC000113,T3,,,Lakeview Phase 2,980303,3978.1,778.9,visits_agree,47.9,DIRECT_VISIT,,,True,2026-10-08T18:32:36.065012+00:00
AD000144,AC000114,T3,246,,Sunrise Enclave,980304,-800.4,3450.6,landmark,357.8,VISIT_WITH_HINT,Opposite Bus Stop (pin is a guess near this landmark),,False,2026-10-08T18:32:36.065012+00:00
AD000145,AC000115,T3,,3rd road,HMT Colony,980301,-853.4,-708.6,landmark,357.8,VISIT_WITH_HINT,Near Ration Shop (pin is a guess near this landmark),,False,2026-10-08T18:32:36.065012+00:00
AD000146,AC000116,T1,31,,Anjaneya Badavane,,717.9,2409.4,visits_agree,47.9,DIRECT_VISIT,,,True,2026-10-08T18:32:36.065012+00:00
AD000147,AC000117,T2,,,Gandhi Basti,970203,1007.8,2870.3,visits_agree,47.9,DIRECT_VISIT,,,True,2026-10-08T18:32:36.065012+00:00
AD000148,AC000118,T1,169,6th x,Basava Nagar,960101,-834.6,-2978.5,landmark,357.8,VISIT_WITH_HINT,Near Church (pin is a guess near this landmark),,False,2026-10-08T18:32:36.065012+00:00
AD000149,AC000119,T2,211,gali 2,Gandhi Basti,,898.6,1331.4,baseline_coarse,3710.3,VERIFY_FIRST,,,False,2026-10-08T18:32:36.065012+00:00
AD000150,AC000120,T2,170,gali no. 7,Krishna Puri,,2464.7,-1137.6,visits_disagree,387.8,VISIT_WITH_HINT,,,False,2026-10-08T18:32:36.065012+00:00
AD000151,AC000120,T2,257,gali no. 10,Ambedkar Nagar,970204,-749.2,3343.4,visits_agree,47.9,DIRECT_VISIT,,,False,2026-10-08T18:32:36.065012+00:00
AD000152,AC000121,T2,115,gali 9,Krishna Puri,970202,2669.9,-1090.7,visits_agree,47.9,DIRECT_VISIT,,,False,2026-10-08T18:32:36.065012+00:00
AD000153,AC000122,T3,,,Silver Oak Layout,980301,-2351.3,-131.6,visits_disagree,387.8,VISIT_WITH_HINT,Near Govt School (about 160 m from pin),,True,2026-10-08T18:32:36.065012+00:00
AD000154,AC000122,T3,244,c block; 2nd road,Palm Meadows,980302,3569.6,-2276.7,visits_agree,47.9,DIRECT_VISIT,Near Park (about 30 m from pin),,False,2026-10-08T18:32:36.065012+00:00
AD000155,AC000123,T3,,2nd road,Teachers Colony,980302,1167.8,-607.1,visits_agree,47.9,DIRECT_VISIT,,,True,2026-10-08T18:32:36.065012+00:00
AD000156,AC000124,T1,,1st cross; 4th main,,960102,1998.4,-1381.6,cross_account_inferred,75.0,DIRECT_VISIT,Near Hanuman Temple (about 140 m from pin),,False,2026-10-08T18:32:36.065012+00:00
AD000157,AC000125,T3,,,Palm Meadows,980302,3469.5,-2083.9,landmark,357.8,VISIT_WITH_HINT,Near Water Tank (pin is a guess near this landmark),,False,2026-10-08T18:32:36.065012+00:00
AD000159,AC000126,T3,432,,Silver Oak Layout,,-2837.5,-104.2,visits_agree,47.9,DIRECT_VISIT,,,False,2026-10-08T18:32:36.065012+00:00
AD000160,AC000127,T3,,6th road,,980304,-2369.7,1821.9,cross_account_inferred,75.0,DIRECT_VISIT,,,False,2026-10-08T18:32:36.065012+00:00
AD000161,AC000128,T1,44,5th cross; 6th main,Vinayaka Nagar,960104,-2895.9,1119.9,baseline_coarse,3710.3,VERIFY_FIRST,,,False,2026-10-08T18:32:36.065012+00:00
AD000162,AC000129,T2,191,,Shivaji Nagar,970202,868.5,-3513.3,baseline_street,162.1,VISIT_WITH_HINT,,,False,2026-10-08T18:32:36.065012+00:00
AD000163,AC000130,T2,467/2,,Ambedkar Nagar,970204,-717.4,2785.1,visit_1,77.4,DIRECT_VISIT,,,False,2026-10-08T18:32:36.065012+00:00
AD000164,AC000130,T2,68,,Nehru Colony,970203,2695.6,440.9,baseline_street,162.1,VISIT_WITH_HINT,,,False,2026-10-08T18:32:36.065012+00:00
AD000165,AC000131,T2,-7,,Nehru Colony,970203,3311.0,698.1,visit_1,77.4,DIRECT_VISIT,,,False,2026-10-08T18:32:36.065012+00:00
AD000166,AC000132,T2,370,,Nehru Colony,,2801.0,950.0,visit_1,77.4,DIRECT_VISIT,,,False,2026-10-08T18:32:36.065012+00:00
AD000167,AC000132,T2,236,gali no. 3,Shivaji Nagar,970202,815.5,-2841.7,landmark,357.8,VISIT_WITH_HINT,Near Community Hall (pin is a guess near this landmark),,False,2026-10-08T18:32:36.065012+00:00
AD000168,AC000133,T1,,3rd cross; 3rd main,Kalyana Nagar,960104,-1851.1,2503.5,baseline_coarse,3710.3,VERIFY_FIRST,,,False,2026-10-08T18:32:36.065012+00:00
AD000169,AC000134,T1,217,10th x,Nehru Colony,960102,3284.5,-2148.7,visits_disagree,387.8,VISIT_WITH_HINT,,,True,2026-10-08T18:32:36.065012+00:00
AD000170,AC000135,T3,,,Green Park Layout,980301,-3703.8,-784.3,visits_disagree,387.8,VISIT_WITH_HINT,,,True,2026-10-08T18:32:36.065012+00:00
AD000171,AC000136,T1,179,,,,330.4,46.5,baseline_coarse,3710.3,VERIFY_FIRST,,,False,2026-10-08T18:32:36.065012+00:00
AD000172,AC000137,T1,,3rd; 3rd main,Shanthi Nagar,960101,-2203.5,-2691.8,visits_agree,47.9,DIRECT_VISIT,,,False,2026-10-08T18:32:36.065012+00:00
AD000173,AC000138,T2,108,,Patel Nagar,970202,1442.3,-2344.8,visits_agree,47.9,DIRECT_VISIT,,,False,2026-10-08T18:32:36.065012+00:00
AD000174,AC000138,T2,470,gali 1,Tilak Nagar,970204,107.8,1245.9,landmark,357.8,VISIT_WITH_HINT,Behind Ration Shop (pin is a guess near this landmark),,True,2026-10-08T18:32:36.065012+00:00
AD000175,AC000139,T2,153,153 gali,Patel Nagar,970202,1774.9,-2196.7,visit_1,77.4,DIRECT_VISIT,,,True,2026-10-08T18:32:36.065012+00:00
AD000176,AC000140,T2,431,gali 10,Shivaji Nagar,970202,856.1,-2704.4,visits_agree,47.9,DIRECT_VISIT,,,True,2026-10-08T18:32:36.065012+00:00
AD000177,AC000141,T3,88,,Sunrise Enclave,980304,-487.5,2891.6,visit_1,77.4,DIRECT_VISIT,,,False,2026-10-08T18:32:36.065012+00:00
AD000178,AC000142,T2,46,gali 9,,970202,1113.4,169.5,visits_agree,47.9,DIRECT_VISIT,,,True,2026-10-08T18:32:36.065012+00:00
AD000179,AC000143,T1,,6th main,Vidya Nagar,960103,1628.6,2206.9,cross_account_inferred,75.0,DIRECT_VISIT,,,False,2026-10-08T18:32:36.065012+00:00
AD000180,AC000144,T1,,3rd cross; 3rd main,Shanthi Nagar,960101,-2231.4,-2703.7,visit_1,77.4,DIRECT_VISIT,,,True,2026-10-08T18:32:36.065012+00:00
AD000181,AC000145,T2,8,gali no. 8,Nehru Colony,970203,2949.1,651.6,visit_1,77.4,DIRECT_VISIT,,,False,2026-10-08T18:32:36.065012+00:00
AD000182,AC000146,T2,7,gali no. 7,Azad Mohalla,970203,1097.3,2655.1,landmark,357.8,VISIT_WITH_HINT,Opposite Bus Stop (pin is a guess near this landmark),,True,2026-10-08T18:32:36.065012+00:00
AD000184,AC000147,T3,,f block; 5th rd,Railway Colony,980304,-2110.2,1617.4,landmark,357.8,VISIT_WITH_HINT,Near Ganesh Temple (pin is a guess near this landmark),,False,2026-10-08T18:32:36.065012+00:00
AD000185,AC000147,T3,,b block; 1st road,Teachers Colony,980302,1196.4,-1078.7,baseline_street,162.1,VISIT_WITH_HINT,,,False,2026-10-08T18:32:36.065012+00:00
AD000186,AC000148,T2,77,,Ram Nagar,,2335.2,1476.5,landmark,357.8,VISIT_WITH_HINT,Opposite Ration Shop (pin is a guess near this landmark),,False,2026-10-08T18:32:36.065012+00:00
AD000187,AC000149,T2,117,,Gandhi Basti,970203,1003.6,1283.9,visits_agree,47.9,DIRECT_VISIT,Near Govt School (about 110 m from pin),,False,2026-10-08T18:32:36.065012+00:00
AD000188,AC000150,T3,450,,Teachers Colony,980302,603.1,-747.9,landmark,357.8,VISIT_WITH_HINT,Near Bus Stop (pin is a guess near this landmark),,False,2026-10-08T18:32:36.065012+00:00
AD000189,AC000151,T3,56,,Lakeview Phase 2,980303,3604.5,69.5,visit_1,77.4,DIRECT_VISIT,,,False,2026-10-08T18:32:36.065012+00:00
AD000190,AC000151,T3,310,4th rd,,980302,2341.1,-763.1,visit_1,77.4,DIRECT_VISIT,,,False,2026-10-08T18:32:36.065012+00:00
AD000191,AC000152,T3,50,,Green Park Layout,980301,-3526.6,-916.3,visit_1,77.4,DIRECT_VISIT,,,True,2026-10-08T18:32:36.065012+00:00
AD000192,AC000153,T2,9,gali no. 9,Patel Nagar,970202,1551.7,-183.9,visit_1,77.4,DIRECT_VISIT,,,False,2026-10-08T18:32:36.065012+00:00
AD000193,AC000154,T1,,1st x; 1st main,,960102,1647.3,-1343.3,baseline_coarse,3710.3,VERIFY_FIRST,,,True,2026-10-08T18:32:36.065012+00:00
AD000194,AC000155,T2,192,,,970201,-1238.4,-2813.1,visit_1,77.4,DIRECT_VISIT,,,True,2026-10-08T18:32:36.065012+00:00
AD000195,AC000156,T1,69,,Vidya Nagar,960103,2071.7,1355.9,visit_1,77.4,DIRECT_VISIT,Opposite Bus Stop (about 90 m from pin),,True,2026-10-08T18:32:36.065012+00:00
AD000196,AC000157,T2,455,455 gali,Azad Mohalla,970203,945.8,2597.2,baseline_coarse,3710.3,VERIFY_FIRST,,,False,2026-10-08T18:32:36.065012+00:00
AD000197,AC000158,T3,252,,Silver Oak Layout,980301,-2678.7,-139.7,visits_disagree,387.8,VISIT_WITH_HINT,,,False,2026-10-08T18:32:36.065012+00:00
AD000198,AC000159,T2,,,Ambedkar Nagar,,-478.4,3190.3,visits_agree,47.9,DIRECT_VISIT,,,False,2026-10-08T18:32:36.065012+00:00
AD000199,AC000160,T1,,,,960102,1115.4,-558.6,visit_1,77.4,DIRECT_VISIT,Near Hanuman Temple (about 140 m from pin),,True,2026-10-08T18:32:36.065012+00:00
AD000200,AC000161,T1,,,,960102,374.5,-2878.9,visit_1,77.4,DIRECT_VISIT,,,False,2026-10-08T18:32:36.065012+00:00
AD000201,AC000161,T1,328,4th cross; 3rd main,Kuvempu Layout,960102,1541.4,1225.3,visit_1,77.4,DIRECT_VISIT,,,False,2026-10-08T18:32:36.065012+00:00
AD000202,AC000162,T3,282,,Palm Meadows,980302,3562.0,-1789.0,visit_1,77.4,DIRECT_VISIT,,,True,2026-10-08T18:32:36.065012+00:00
AD000203,AC000163,T1,119,2nd cross; 4th main,Nehru Colony,960102,2597.5,-2481.0,visits_disagree,387.8,VISIT_WITH_HINT,,,False,2026-10-08T18:32:36.065012+00:00
AD000204,AC000164,T2,,,Azad Mohalla,970203,992.3,2515.9,visits_agree,47.9,DIRECT_VISIT,Opposite Ration Shop (about 60 m from pin),,False,2026-10-08T18:32:36.065012+00:00
AD000205,AC000165,T3,240,,Green Park Layout,980301,-3668.2,-895.0,baseline_coarse,3710.3,VERIFY_FIRST,,,False,2026-10-08T18:32:36.065012+00:00
AD000206,AC000166,T1,,5th main,Kalyana Nagar,960104,-1710.6,2446.3,baseline_coarse,3710.3,VERIFY_FIRST,,,False,2026-10-08T18:32:36.065012+00:00
AD000207,AC000166,T1,154,2nd cross; 8th main,Kalyana Nagar,960104,-2041.1,2351.0,baseline_coarse,3710.3,VERIFY_FIRST,,,False,2026-10-08T18:32:36.065012+00:00
AD000208,AC000167,T3,,6th road,Sunrise Enclave,,-875.5,2948.7,baseline_street,162.1,VISIT_WITH_HINT,Opposite Church (about 160 m from pin),,False,2026-10-08T18:32:36.065012+00:00
AD000209,AC000168,T1,,3rd cross; 8th main,Vidya Nagar,960103,2843.8,757.1,landmark,357.8,VISIT_WITH_HINT,Near Ration Shop (pin is a guess near this landmark),,True,2026-10-08T18:32:36.065012+00:00
AD000210,AC000169,T3,,d block; 1st road,HMT Colony,980301,-978.6,-432.0,cross_account_inferred,75.0,DIRECT_VISIT,,,False,2026-10-08T18:32:36.065012+00:00
AD000211,AC000169,T3,256/2,,Unity Nagar,980302,1457.6,-3638.9,baseline_street,162.1,VISIT_WITH_HINT,,,False,2026-10-08T18:32:36.065012+00:00
AD000212,AC000170,T1,,6th cross; 4th main,Gandhi Nagar,960102,667.9,-3156.5,baseline_street,162.1,VISIT_WITH_HINT,,,False,2026-10-08T18:32:36.065012+00:00
AD000213,AC000171,T1,,6th x; 2nd main,Gandhi Nagar,960102,522.3,-3013.7,baseline_street,162.1,VISIT_WITH_HINT,,,False,2026-10-08T18:32:36.065012+00:00
AD000214,AC000172,T1,160,9th cross; 1st main,Gandhi Nagar,960102,1429.0,-2380.5,cross_account_inferred,75.0,DIRECT_VISIT,,,False,2026-10-08T18:32:36.065012+00:00
AD000216,AC000173,T3,283,a block; 4th road,Green Park Layout,980301,-604.4,-3778.5,cross_account_inferred,75.0,DIRECT_VISIT,,,False,2026-10-08T18:32:36.065012+00:00
AD000217,AC000174,T2,283,gali no. 9,Azad Mohalla,970203,1097.3,2655.1,landmark,357.8,VISIT_WITH_HINT,Near Bus Stop (pin is a guess near this landmark),,False,2026-10-08T18:32:36.065012+00:00
AD000219,AC000175,T3,,3rd road,Silver Oak Layout,980301,-2847.1,-569.9,landmark,357.8,VISIT_WITH_HINT,Near Bus Stop (pin is a guess near this landmark),,False,2026-10-08T18:32:36.065012+00:00
AD000220,AC000176,T2,1,gali no. 1,Indira Colony,970202,1451.0,-468.0,visits_agree,47.9,DIRECT_VISIT,,,False,2026-10-08T18:32:36.065012+00:00
AD000221,AC000177,T3,315/1,,Teachers Colony,980302,691.8,-707.9,visits_disagree,387.8,VISIT_WITH_HINT,Behind Bus Stop (about 100 m from pin),,False,2026-10-08T18:32:36.065012+00:00
AD000222,AC000178,T2,192,,Ambedkar Nagar,970204,-720.3,3307.9,baseline_street,162.1,VISIT_WITH_HINT,,,False,2026-10-08T18:32:36.065012+00:00
AD000223,AC000179,T2,61/3,,Patel Nagar,970202,1930.1,-2161.8,visits_disagree,387.8,VISIT_WITH_HINT,,,True,2026-10-08T18:32:36.065012+00:00
AD000224,AC000180,T2,350,,Indira Colony,970202,1482.8,285.8,baseline_street,162.1,VISIT_WITH_HINT,,,False,2026-10-08T18:32:36.065012+00:00
AD000225,AC000181,T1,,4th main,Vidya Nagar,960103,2390.0,1082.8,baseline_street,162.1,VISIT_WITH_HINT,,,False,2026-10-08T18:32:36.065012+00:00
AD000226,AC000181,T1,463,,Ashoka Layout,960104,-1122.4,327.5,landmark,357.8,VISIT_WITH_HINT,Near Ganesh Temple (pin is a guess near this landmark),,False,2026-10-08T18:32:36.065012+00:00
AD000227,AC000182,T3,151/2,1st road,Teachers Colony,980302,1330.8,-1116.6,cross_account_inferred,75.0,DIRECT_VISIT,,,True,2026-10-08T18:32:36.065012+00:00
AD000228,AC000183,T3,146,b block; 5th road,,980301,-496.6,-3728.1,cross_account_inferred,75.0,DIRECT_VISIT,,,True,2026-10-08T18:32:36.065012+00:00
AD000229,AC000184,T1,90,8th main,Hosa Badavane,,-232.8,-956.2,landmark,357.8,VISIT_WITH_HINT,Behind Govt School (pin is a guess near this landmark),,True,2026-10-08T18:32:36.065012+00:00
AD000230,AC000185,T3,71/1,,Lakeview Phase 2,983003,3391.3,470.7,landmark,357.8,VISIT_WITH_HINT,Near Community Hall (pin is a guess near this landmark),,True,2026-10-08T18:32:36.065012+00:00
AD000231,AC000186,T1,,11th cross; 3rd main,Anjaneya Badavane,960103,205.1,2583.6,visits_agree,47.9,DIRECT_VISIT,,,False,2026-10-08T18:32:36.065012+00:00
AD000232,AC000186,T1,,6th cross,Ashoka Layout,960104,-581.7,617.7,baseline_street,162.1,VISIT_WITH_HINT,,,False,2026-10-08T18:32:36.065012+00:00
AD000233,AC000187,T3,,2nd road,Teachers Colony,980302,889.8,-778.8,visits_agree,47.9,DIRECT_VISIT,,,False,2026-10-08T18:32:36.065012+00:00
AD000234,AC000187,T3,,,Royal Gardens,,311.7,1955.9,landmark,357.8,VISIT_WITH_HINT,Near Milk Dairy (pin is a guess near this landmark),,False,2026-10-08T18:32:36.065012+00:00
AD000235,AC000188,T3,,,Green Park Layout,980301,-3557.8,-771.9,visit_1,77.4,DIRECT_VISIT,,,False,2026-10-08T18:32:36.065012+00:00
AD000236,AC000189,T1,261,8th cross; 2nd main,Nehru Colony,960102,2638.8,-1993.3,visit_1,77.4,DIRECT_VISIT,,,False,2026-10-08T18:32:36.065012+00:00
AD000237,AC000189,T1,,,,960104,-3259.5,1123.9,visit_1,77.4,DIRECT_VISIT,,,False,2026-10-08T18:32:36.065012+00:00
AD000238,AC000190,T1,433/2,5th cross,Vinayaka Nagar,960104,-2861.5,994.8,visits_agree,47.9,DIRECT_VISIT,,,False,2026-10-08T18:32:36.065012+00:00
AD000239,AC000191,T3,414,,Teachers Colony,980302,1069.9,-664.9,visits_disagree,387.8,VISIT_WITH_HINT,,,True,2026-10-08T18:32:36.065012+00:00
AD000240,AC000192,T2,-12,,Patel Nagar,970202,1351.7,-2043.6,baseline_coarse,3710.3,VERIFY_FIRST,,,True,2026-10-08T18:32:36.065012+00:00
AD000241,AC000193,T2,233,gali 2,Gandhi Basti,970203,1150.8,812.1,baseline_street,162.1,VISIT_WITH_HINT,,,False,2026-10-08T18:32:36.065012+00:00
AD000242,AC000193,T2,157/1,gali 1,Ram Nagar,970203,2715.6,1452.3,baseline_street,162.1,VISIT_WITH_HINT,Opposite Park (pin is at this landmark),,False,2026-10-08T18:32:36.065012+00:00
AD000243,AC000194,T3,,,Teachers Colony,980302,1206.9,-744.9,baseline_street,162.1,VISIT_WITH_HINT,,,False,2026-10-08T18:32:36.065012+00:00
AD000244,AC000194,T3,96,,Green Park Layout,980301,-3921.2,-577.0,landmark,357.8,VISIT_WITH_HINT,Near Community Hall (pin is a guess near this landmark),,False,2026-10-08T18:32:36.065012+00:00
AD000245,AC000195,T1,,4th main,,960102,1052.4,-1066.8,cross_account_inferred,75.0,DIRECT_VISIT,,,False,2026-10-08T18:32:36.065012+00:00
AD000246,AC000195,T1,134/2,6th x; 1st main,Kalyana Nagar,,-1958.5,2486.1,baseline_coarse,3710.3,VERIFY_FIRST,,,False,2026-10-08T18:32:36.065012+00:00
AD000247,AC000196,T1,285,1st main,,960102,817.6,-579.6,visits_agree,47.9,DIRECT_VISIT,,,True,2026-10-08T18:32:36.065012+00:00
AD000248,AC000197,T3,386,,Unity Nagar,980302,1448.4,-3612.2,landmark,357.8,VISIT_WITH_HINT,Near Medical Store (pin is a guess near this landmark),,False,2026-10-08T18:32:36.065012+00:00
AD000249,AC000198,T3,66,c block; 5th road,Teachers Colony,980302,1309.7,-694.4,baseline_street,162.1,VISIT_WITH_HINT,,,True,2026-10-08T18:32:36.065012+00:00
AD000250,AC000199,T2,-10,,Azad Mohalla,970203,879.7,2744.0,baseline_coarse,3710.3,VERIFY_FIRST,,,False,2026-10-08T18:32:36.065012+00:00
AD000251,AC000200,T1,468,9th cross; 5th main,Ashoka Layout,960104,-1498.6,569.8,visits_disagree,387.8,VISIT_WITH_HINT,,,True,2026-10-08T18:32:36.065012+00:00
AD000252,AC000201,T3,,,,980302,3587.9,471.9,baseline_coarse,3710.3,VERIFY_FIRST,,,True,2026-10-08T18:32:36.065012+00:00
AD000253,AC000202,T1,,,Gandhi Nagar,960102,538.5,-2857.1,visits_agree,47.9,DIRECT_VISIT,Near Bus Stop (about 120 m from pin),,False,2026-10-08T18:32:36.065012+00:00
AD000254,AC000202,T1,,5th cross; 4th main,Hosa Badavane,960101,-563.2,-1389.8,landmark,357.8,VISIT_WITH_HINT,Opposite Church (pin is a guess near this landmark),,False,2026-10-08T18:32:36.065012+00:00
AD000255,AC000203,T1,463,5th cross; 3rd main,Vidya Nagar,960103,2370.0,922.7,visits_agree,47.9,DIRECT_VISIT,,,False,2026-10-08T18:32:36.065012+00:00
AD000256,AC000203,T1,,7th main,Hosa Badavane,960101,-184.5,-1112.1,baseline_street,162.1,VISIT_WITH_HINT,,,False,2026-10-08T18:32:36.065012+00:00
AD000257,AC000204,T1,,7th cross; 7th main,,960103,3054.1,-2283.8,visits_disagree,387.8,VISIT_WITH_HINT,Near Ration Shop (about 130 m from pin),,False,2026-10-08T18:32:36.065012+00:00
AD000258,AC000205,T3,280/1,2nd rd,,980301,-672.1,-3401.8,visits_agree,47.9,DIRECT_VISIT,Opposite Hanuman Temple (about 50 m from pin),,True,2026-10-08T18:32:36.065012+00:00
AD000259,AC000206,T1,232/2,5th x; 5th main,,960101,2834.8,-2357.2,visit_1,77.4,DIRECT_VISIT,Opposite Hanuman Temple (about 40 m from pin),,False,2026-10-08T18:32:36.065012+00:00
AD000260,AC000207,T1,,3rd cross; 3rd main,Kuvempu Layout,960102,1032.4,-449.6,visits_agree,47.9,DIRECT_VISIT,Near Hanuman Temple (about 70 m from pin),,True,2026-10-08T18:32:36.065012+00:00
AD000261,AC000208,T2,-7,3 gali,Indira Colony,970202,899.6,-3087.8,cross_account_inferred,75.0,DIRECT_VISIT,,,False,2026-10-08T18:32:36.065012+00:00
AD000263,AC000209,T2,59,,Azad Mohalla,970203,940.8,2546.9,landmark,357.8,VISIT_WITH_HINT,Near Ration Shop (pin is a guess near this landmark),,True,2026-10-08T18:32:36.065012+00:00
AD000264,AC000209,T2,,gali 3,Nehru Colony,970203,3061.5,303.7,cross_account_inferred,75.0,DIRECT_VISIT,,,False,2026-10-08T18:32:36.065012+00:00
AD000265,AC000210,T1,321,7th main,Vidya Nagar,960103,2825.6,744.4,baseline_street,162.1,VISIT_WITH_HINT,,,False,2026-10-08T18:32:36.065012+00:00
AD000266,AC000211,T2,135,gali 4,Ram Nagar,970203,2472.7,1773.6,baseline_coarse,3710.3,VERIFY_FIRST,,,False,2026-10-08T18:32:36.065012+00:00
AD000267,AC000212,T2,359/1,,Krishna Puri,,2464.8,-1135.8,visit_1,77.4,DIRECT_VISIT,,,False,2026-10-08T18:32:36.065012+00:00
AD000268,AC000213,T2,,gali 11,Azad Mohalla,970203,956.7,3025.5,visits_agree,47.9,DIRECT_VISIT,,,True,2026-10-08T18:32:36.065012+00:00
AD000269,AC000214,T1,,9th cross,Shanthi Nagar,960101,-2018.6,-2173.4,landmark,357.8,VISIT_WITH_HINT,Behind Bus Stop (pin is a guess near this landmark),,False,2026-10-08T18:32:36.065012+00:00
AD000270,AC000215,T3,118,,Teachers Colony,980302,903.1,-852.7,baseline_coarse,3710.3,VERIFY_FIRST,,,False,2026-10-08T18:32:36.065012+00:00
AD000272,AC000216,T3,,c block; 4th road,Silver Oak Layout,980301,-2367.0,-524.9,visit_1,77.4,DIRECT_VISIT,Near Masjid (about 110 m from pin),,True,2026-10-08T18:32:36.065012+00:00
AD000273,AC000216,T3,428,,,980301,-1141.9,-1670.5,baseline_coarse,3710.3,VERIFY_FIRST,,,True,2026-10-08T18:32:36.065012+00:00
AD000274,AC000217,T1,,6th cross; 1st main,,960104,-1111.4,-3205.8,baseline_coarse,3710.3,VERIFY_FIRST,,,False,2026-10-08T18:32:36.065012+00:00
AD000275,AC000218,T2,,,,970201,1713.0,-2106.1,visit_1,77.4,DIRECT_VISIT,,,True,2026-10-08T18:32:36.065012+00:00
AD000276,AC000219,T1,319,8th cross; 7th main,Anjaneya Badavane,960103,522.5,2280.2,baseline_coarse,3710.3,VERIFY_FIRST,,,False,2026-10-08T18:32:36.065012+00:00
AD000277,AC000219,T1,205/3,,,960104,-1550.8,649.1,landmark,357.8,VISIT_WITH_HINT,Near Hanuman Temple (pin is a guess near this landmark),,False,2026-10-08T18:32:36.065012+00:00
AD000278,AC000220,T2,,,Subhash Nagar,970201,-1906.6,-2723.3,baseline_street,162.1,VISIT_WITH_HINT,,,False,2026-10-08T18:32:36.065012+00:00
AD000279,AC000221,T3,424,,Green Park Layout,980301,-4108.9,-675.7,visit_1,77.4,DIRECT_VISIT,,,False,2026-10-08T18:32:36.065012+00:00
AD000280,AC000221,T3,112,,Teachers Colony,980302,1261.2,-1087.1,visit_1,77.4,DIRECT_VISIT,,,False,2026-10-08T18:32:36.065012+00:00
AD000281,AC000222,T1,,10th cross; 7th main,Gandhi Nagar,960102,991.1,-2735.6,visit_1,77.4,DIRECT_VISIT,,,False,2026-10-08T18:32:36.065012+00:00
AD000282,AC000223,T3,,2nd road,Unity Nagar,980302,723.4,-4003.0,baseline_street,162.1,VISIT_WITH_HINT,,,False,2026-10-08T18:32:36.065012+00:00
AD000284,AC000224,T2,22,,Ambedkar Nagar,970204,-443.3,3062.5,visits_agree,47.9,DIRECT_VISIT,,,False,2026-10-08T18:32:36.065012+00:00
AD000285,AC000225,T1,,12th x; 5th main,Anjaneya Badavane,960103,362.5,2790.3,visits_agree,47.9,DIRECT_VISIT,,,False,2026-10-08T18:32:36.065012+00:00
AD000286,AC000226,T1,,3rd cross,Gandhi Nagar,960102,408.8,-3325.7,visits_agree,47.9,DIRECT_VISIT,,,True,2026-10-08T18:32:36.065012+00:00
AD000287,AC000227,T1,,,Nehru Colony,,2773.6,-2405.5,visits_disagree,387.8,VISIT_WITH_HINT,Near Hanuman Temple (about 110 m from pin),,True,2026-10-08T18:32:36.065012+00:00
AD000288,AC000228,T3,,a block; 3rd rd,Silver Oak Layout,980301,-3043.0,-595.3,visits_disagree,387.8,VISIT_WITH_HINT,,,True,2026-10-08T18:32:36.065012+00:00
AD000290,AC000229,T2,337/3,gali 2,Nehru Colony,970203,2820.9,142.7,visits_agree,47.9,DIRECT_VISIT,Near Community Hall (about 150 m from pin),Blue gate house,True,2026-10-08T18:32:36.065012+00:00
AD000291,AC000230,T3,,,Lakeview Phase 2,980303,3391.3,470.7,landmark,357.8,VISIT_WITH_HINT,Opposite Community Hall (pin is a guess near this landmark),,False,2026-10-08T18:32:36.065012+00:00
AD000292,AC000231,T1,404,6th cross; 5th main,Anjaneya Badavane,960103,433.6,2325.6,visit_1,77.4,DIRECT_VISIT,Near Ganesh Temple (about 160 m from pin),,True,2026-10-08T18:32:36.065012+00:00
AD000293,AC000232,T1,,1st cross; 5th main,Vidya Nagar,960103,2581.4,624.1,visit_1,77.4,DIRECT_VISIT,,,False,2026-10-08T18:32:36.065012+00:00
AD000294,AC000233,T2,1,gali no. 1,Ram Nagar,,317.9,-2199.1,baseline_coarse,3710.3,VERIFY_FIRST,,,False,2026-10-08T18:32:36.065012+00:00
AD000295,AC000234,T2,,,Patel Nagar,970202,1271.3,-2337.2,baseline_street,162.1,VISIT_WITH_HINT,Near Masjid (about 200 m from pin),,False,2026-10-08T18:32:36.065012+00:00
AD000296,AC000234,T2,421,,Nehru Colony,970203,2665.0,509.0,landmark,357.8,VISIT_WITH_HINT,Behind Bus Stop (pin is a guess near this landmark),,False,2026-10-08T18:32:36.065012+00:00
AD000297,AC000235,T1,,5th cross; 6th main,Nehru Colony,960102,2708.9,-2292.4,baseline_street,162.1,VISIT_WITH_HINT,,,False,2026-10-08T18:32:36.065012+00:00
AD000298,AC000235,T1,77,4th main,Anjaneya Badavane,960103,25.4,2765.6,baseline_street,162.1,VISIT_WITH_HINT,,,False,2026-10-08T18:32:36.065012+00:00
AD000299,AC000236,T1,,10th x; 6th main,,960102,1733.4,-1328.5,baseline_coarse,3710.3,VERIFY_FIRST,,,False,2026-10-08T18:32:36.065012+00:00
AD000300,AC000237,T3,399,,Railway Colony,980304,-2878.1,1621.2,landmark,357.8,VISIT_WITH_HINT,Near Milk Dairy (pin is a guess near this landmark),,False,2026-10-08T18:32:36.065012+00:00
AD000301,AC000238,T2,13,gali 9,Shastri Nagar,970201,-669.0,-472.4,landmark,357.8,VISIT_WITH_HINT,Near Water Tank (pin is a guess near this landmark),,False,2026-10-08T18:32:36.065012+00:00
AD000302,AC000239,T1,,3rd cross,Kuvempu Layout,960102,730.4,-3301.6,cross_account_inferred,75.0,DIRECT_VISIT,,,True,2026-10-08T18:32:36.065012+00:00
AD000303,AC000240,T3,268,,Lakeview Phase 2,980303,3577.4,623.4,visits_disagree,387.8,VISIT_WITH_HINT,,,True,2026-10-08T18:32:36.065012+00:00
AD000304,AC000241,T2,,,Azad Mohalla,970203,492.6,2650.8,landmark,357.8,VISIT_WITH_HINT,Near Community Hall (pin is a guess near this landmark),,False,2026-10-08T18:32:36.065012+00:00
AD000305,AC000242,T3,,,Railway Colony,980304,-2621.5,1526.0,baseline_coarse,3710.3,VERIFY_FIRST,,,False,2026-10-08T18:32:36.065012+00:00
AD000306,AC000243,T3,,,Lakeview Phase 2,980303,3788.5,411.2,landmark,357.8,VISIT_WITH_HINT,Opposite Bus Stop (pin is a guess near this landmark),,False,2026-10-08T18:32:36.065012+00:00
AD000307,AC000244,T1,,4th cross; 4th main,Vinayaka Nagar,960104,-2945.2,1006.0,baseline_street,162.1,VISIT_WITH_HINT,Near Post Office (about 180 m from pin),,False,2026-10-08T18:32:36.065012+00:00
AD000308,AC000245,T3,41/2,b block; 5th road,Lakeview Phase 2,980303,3788.5,411.2,landmark,357.8,VISIT_WITH_HINT,Near Bus Stop (pin is a guess near this landmark),,False,2026-10-08T18:32:36.065012+00:00
AD000309,AC000246,T1,,3rd main,Nehru Colony,960102,2634.3,-1818.2,cross_account_inferred,75.0,DIRECT_VISIT,,,True,2026-10-08T18:32:36.065012+00:00
AD000310,AC000247,T1,,3rd main,,960101,-1199.4,-2182.4,baseline_coarse,3710.3,VERIFY_FIRST,,,False,2026-10-08T18:32:36.065012+00:00
AD000311,AC000248,T2,,,Azad Mohalla,970203,984.5,2609.2,baseline_coarse,3710.3,VERIFY_FIRST,,,False,2026-10-08T18:32:36.065012+00:00
AD000312,AC000249,T3,415/2,1st road,Royal Gardens,980303,431.5,1548.7,landmark,357.8,VISIT_WITH_HINT,Near Bus Stop (pin is a guess near this landmark),,False,2026-10-08T18:32:36.065012+00:00
AD000313,AC000249,T3,189/1,6th road,Silver Oak Layout,980301,-2279.5,-487.4,landmark,357.8,VISIT_WITH_HINT,Near Post Office (pin is a guess near this landmark),,False,2026-10-08T18:32:36.065012+00:00
AD000314,AC000250,T1,,6th cross; 2nd main,Nehru Colony,960102,2527.7,-2131.0,visits_agree,47.9,DIRECT_VISIT,,,False,2026-10-08T18:32:36.065012+00:00
AD000315,AC000250,T1,,4th x,Basava Nagar,960101,-1021.5,-3266.2,baseline_street,162.1,VISIT_WITH_HINT,,,False,2026-10-08T18:32:36.065012+00:00
AD000316,AC000251,T1,240,5th cross; 1st main,Nehru Colony,960102,2397.2,-2149.3,visits_disagree,387.8,VISIT_WITH_HINT,,,False,2026-10-08T18:32:36.065012+00:00
AD000317,AC000251,T1,75,7th main,,960104,-2544.1,1094.6,cross_account_inferred,75.0,DIRECT_VISIT,,,True,2026-10-08T18:32:36.065012+00:00
AD000318,AC000252,T1,,6th cross; 5th main,Kuvempu Layout,960102,1616.3,-547.4,cross_account_inferred,75.0,DIRECT_VISIT,,,False,2026-10-08T18:32:36.065012+00:00
AD000319,AC000253,T1,281,8th main,Nehru Colony,,2771.2,-2024.6,baseline_coarse,3710.3,VERIFY_FIRST,,,True,2026-10-08T18:32:36.065012+00:00
AD000320,AC000253,T1,73,6th cross; 5th main,,960102,2022.3,-917.1,visit_1,77.4,DIRECT_VISIT,Opposite Park (about 110 m from pin),,False,2026-10-08T18:32:36.065012+00:00
AD000321,AC000254,T1,,7th cross; 3rd main,Shanthi Nagar,960101,-2350.3,-2317.5,landmark,357.8,VISIT_WITH_HINT,Near Water Tank (pin is a guess near this landmark),,False,2026-10-08T18:32:36.065012+00:00
AD000322,AC000255,T1,,8th main,Nehru Colony,960102,2212.9,-2655.7,cross_account_inferred,75.0,DIRECT_VISIT,,,False,2026-10-08T18:32:36.065012+00:00
AD000323,AC000256,T3,,e block; 6th road,Railway Colony,980304,-2525.3,1863.1,visits_agree,47.9,DIRECT_VISIT,,,False,2026-10-08T18:32:36.065012+00:00
AD000324,AC000257,T3,472,d block; 2nd road,Railway Colony,980304,-2643.8,1719.1,visits_agree,47.9,DIRECT_VISIT,,,False,2026-10-08T18:32:36.065012+00:00
AD000325,AC000257,T3,,,Green Park Layout,980301,-3777.4,-867.7,baseline_coarse,3710.3,VERIFY_FIRST,,,False,2026-10-08T18:32:36.065012+00:00
AD000326,AC000258,T3,,a block; 3rd rd,,980301,-1868.8,-1311.3,baseline_coarse,3710.3,VERIFY_FIRST,,,True,2026-10-08T18:32:36.065012+00:00
AD000327,AC000259,T1,,2nd cross,,960103,1006.3,-146.5,baseline_coarse,3710.3,VERIFY_FIRST,,,False,2026-10-08T18:32:36.065012+00:00
AD000328,AC000260,T1,41,9th cross; 1st main,Gandhi Nagar,960102,314.7,-2881.9,visits_agree,47.9,DIRECT_VISIT,,,False,2026-10-08T18:32:36.065012+00:00
AD000330,AC000261,T2,-8,,Krishna Puri,970202,2659.9,-1165.9,visit_1,77.4,DIRECT_VISIT,Near Water Tank (about 170 m from pin),,False,2026-10-08T18:32:36.065012+00:00
AD000331,AC000261,T2,7,gali no. 7,Nehru Colony,970203,2880.0,718.1,baseline_coarse,3710.3,VERIFY_FIRST,,,False,2026-10-08T18:32:36.065012+00:00
AD000332,AC000262,T2,10,gali no. 10,Ambedkar Nagar,970204,-532.5,3389.7,landmark,357.8,VISIT_WITH_HINT,Near Hanuman Temple (pin is a guess near this landmark),,False,2026-10-08T18:32:36.065012+00:00
AD000333,AC000263,T2,4,gali no. 4,Azad Mohalla,970203,1097.3,2655.1,landmark,357.8,VISIT_WITH_HINT,Near Bus Stop (pin is a guess near this landmark),,False,2026-10-08T18:32:36.065012+00:00
AD000334,AC000264,T1,,1st x; 4th main,Gandhi Nagar,960102,740.2,-3077.2,landmark,357.8,VISIT_WITH_HINT,Near Community Hall (pin is a guess near this landmark),,False,2026-10-08T18:32:36.065012+00:00
AD000335,AC000265,T3,176,,Palm Meadows,980302,3433.8,-1644.8,landmark,357.8,VISIT_WITH_HINT,Opposite Ganesh Temple (pin is a guess near this landmark),,False,2026-10-08T18:32:36.065012+00:00
AD000336,AC000266,T2,154,,Patel Nagar,970202,1155.6,-2026.0,visits_agree,47.9,DIRECT_VISIT,Near Govt School (about 30 m from pin),,True,2026-10-08T18:32:36.065012+00:00
AD000337,AC000266,T2,366,,Patel Nagar,970202,1487.5,-2030.5,visits_agree,47.9,DIRECT_VISIT,Opposite Church (about 70 m from pin),,False,2026-10-08T18:32:36.065012+00:00
AD000338,AC000267,T2,8,gali no. 8,Patel Nagar,970202,1214.1,-2013.8,visits_agree,47.9,DIRECT_VISIT,Near Govt School (about 40 m from pin),,False,2026-10-08T18:32:36.065012+00:00
AD000339,AC000268,T2,90,,Patel Nagar,970202,1523.2,-2053.0,baseline_coarse,3710.3,VERIFY_FIRST,,,False,2026-10-08T18:32:36.065012+00:00
AD000340,AC000269,T1,,9th x; 3rd main,Hosa Badavane,960101,-880.5,-1288.3,landmark,357.8,VISIT_WITH_HINT,Near Ration Shop (pin is a guess near this landmark),,False,2026-10-08T18:32:36.065012+00:00
AD000341,AC000270,T1,,6th cross; 5th main,Anjaneya Badavane,960103,422.0,2330.8,cross_account_inferred,75.0,DIRECT_VISIT,,,False,2026-10-08T18:32:36.065012+00:00
AD000342,AC000271,T3,,,Lakeview Phase 2,980303,3555.7,-35.7,visits_agree,47.9,DIRECT_VISIT,,,True,2026-10-08T18:32:36.065012+00:00
AD000343,AC000272,T2,176,176 gali,Nehru Colony,970203,2855.5,515.3,baseline_coarse,3710.3,VERIFY_FIRST,,,False,2026-10-08T18:32:36.065012+00:00
AD000344,AC000273,T1,,3rd cross; 2nd main,Basava Nagar,960101,-1249.4,-3317.3,landmark,357.8,VISIT_WITH_HINT,Near Medical Store (pin is a guess near this landmark),,False,2026-10-08T18:32:36.065012+00:00
AD000345,AC000274,T1,463,,Gandhi Nagar,960102,522.3,-2870.8,baseline_coarse,3710.3,VERIFY_FIRST,,,True,2026-10-08T18:32:36.065012+00:00
AD000346,AC000275,T1,,,Ashoka Layout,960104,-1574.7,217.8,baseline_street,162.1,VISIT_WITH_HINT,,,False,2026-10-08T18:32:36.065012+00:00
AD000347,AC000276,T3,78,c block; 4th road,,980302,1165.2,-2141.1,baseline_coarse,3710.3,VERIFY_FIRST,,,True,2026-10-08T18:32:36.065012+00:00
AD000348,AC000277,T3,,,HMT Colony,980301,-834.7,-870.0,visit_1,77.4,DIRECT_VISIT,Near Milk Dairy (about 160 m from pin),,True,2026-10-08T18:32:36.065012+00:00
AD000349,AC000278,T2,4,gali no. 4,Azad Mohalla,970203,946.3,1123.1,cross_account_inferred,75.0,DIRECT_VISIT,,,False,2026-10-08T18:32:36.065012+00:00
AD000350,AC000278,T2,,,Ram Nagar,,-765.8,2264.2,baseline_coarse,3710.3,VERIFY_FIRST,,,False,2026-10-08T18:32:36.065012+00:00
AD000351,AC000279,T3,146/1,,Sunrise Enclave,,-100.7,2693.8,baseline_street,162.1,VISIT_WITH_HINT,,,False,2026-10-08T18:32:36.065012+00:00
AD000352,AC000280,T2,-9,,Nehru Colony,970203,2908.2,439.2,baseline_coarse,3710.3,VERIFY_FIRST,,,False,2026-10-08T18:32:36.065012+00:00
AD000353,AC000280,T2,,gali 11,Ram Nagar,970203,2072.1,2097.3,landmark,357.8,VISIT_WITH_HINT,Near Govt School (pin is a guess near this landmark),,False,2026-10-08T18:32:36.065012+00:00
AD000354,AC000281,T3,276,,Teachers Colony,980302,967.8,-1038.4,visits_disagree,387.8,VISIT_WITH_HINT,,,False,2026-10-08T18:32:36.065012+00:00
AD000355,AC000282,T2,3,gali no. 3,Shivaji Nagar,,692.6,-3291.5,visits_disagree,387.8,VISIT_WITH_HINT,Near Bus Stop (about 30 m from pin),,False,2026-10-08T18:32:36.065012+00:00
AD000356,AC000283,T3,211,e block; 4th road,Unity Nagar,980302,1157.3,-3636.6,landmark,357.8,VISIT_WITH_HINT,Near Water Tank (pin is a guess near this landmark),,False,2026-10-08T18:32:36.065012+00:00
AD000357,AC000284,T3,,,Royal Gardens,980303,431.5,1548.7,landmark,357.8,VISIT_WITH_HINT,Near Bus Stop (pin is a guess near this landmark),,False,2026-10-08T18:32:36.065012+00:00
AD000358,AC000285,T2,312,,Indira Colony,970202,655.6,95.2,visit_1,77.4,DIRECT_VISIT,,,True,2026-10-08T18:32:36.065012+00:00
AD000359,AC000286,T1,165,5th cross; 1st main,,960103,-2457.3,-2639.7,visits_agree,47.9,DIRECT_VISIT,,,False,2026-10-08T18:32:36.065012+00:00
AD000360,AC000287,T1,,6th cross; 7th main,Nehru Colony,960102,3068.2,-2380.2,visits_disagree,387.8,VISIT_WITH_HINT,,,False,2026-10-08T18:32:36.065012+00:00
AD000361,AC000288,T1,,,Basava Nagar,960101,-992.7,-2988.7,baseline_coarse,3710.3,VERIFY_FIRST,,,False,2026-10-08T18:32:36.065012+00:00
AD000362,AC000288,T1,,8th cross,Shanthi Nagar,960101,-2217.3,-2491.4,baseline_coarse,3710.3,VERIFY_FIRST,,,False,2026-10-08T18:32:36.065012+00:00
AD000363,AC000289,T1,,5th main,Siddeshwara Colony,960102,2714.0,-2618.4,visits_agree,47.9,DIRECT_VISIT,,,True,2026-10-08T18:32:36.065012+00:00
AD000364,AC000290,T2,,gali 1,Shivaji Nagar,970202,877.3,-3391.8,visit_1,77.4,DIRECT_VISIT,Near Bus Stop (about 180 m from pin),,False,2026-10-08T18:32:36.065012+00:00
AD000365,AC000291,T2,170/3,gali 6,Ram Nagar,970203,3084.0,541.1,visits_agree,47.9,DIRECT_VISIT,,Blue gate house,True,2026-10-08T18:32:36.065012+00:00
AD000366,AC000292,T1,,12th x; 8th main,Kuvempu Layout,960102,1540.8,326.1,baseline_street,162.1,VISIT_WITH_HINT,,,True,2026-10-08T18:32:36.065012+00:00
AD000367,AC000293,T3,431,,Silver Oak Layout,980301,-2458.4,-252.4,baseline_coarse,3710.3,VERIFY_FIRST,,,False,2026-10-08T18:32:36.065012+00:00
AD000368,AC000293,T3,,e block; 1st road,Railway Colony,980304,-2463.3,1582.8,landmark,357.8,VISIT_WITH_HINT,Near Bus Stop (pin is a guess near this landmark),,False,2026-10-08T18:32:36.065012+00:00
AD000369,AC000294,T1,343/1,4th x,Gandhi Nagar,960102,719.6,-3219.0,visits_disagree,387.8,VISIT_WITH_HINT,,,False,2026-10-08T18:32:36.065012+00:00
AD000370,AC000294,T1,,11th cross; 6th main,Nehru Colony,960102,1212.1,201.9,cross_account_inferred,75.0,DIRECT_VISIT,,,False,2026-10-08T18:32:36.065012+00:00
AD000371,AC000295,T1,,3rd cross; 5th main,Gandhi Nagar,960102,2746.4,-2472.3,cross_account_inferred,75.0,DIRECT_VISIT,,,True,2026-10-08T18:32:36.065012+00:00
AD000372,AC000296,T1,,3rd cross,Gandhi Nagar,960102,730.4,-3301.6,cross_account_inferred,75.0,DIRECT_VISIT,,,True,2026-10-08T18:32:36.065012+00:00
AD000374,AC000297,T3,,,,980301,1076.6,-1210.0,baseline_street,162.1,VISIT_WITH_HINT,,,False,2026-10-08T18:32:36.065012+00:00
AD000375,AC000297,T3,467,,Defence Colony,980301,-741.8,-2128.2,baseline_street,162.1,VISIT_WITH_HINT,,,False,2026-10-08T18:32:36.065012+00:00
AD000376,AC000298,T2,414/3,,Ram Nagar,970203,1885.4,1658.3,baseline_coarse,3710.3,VERIFY_FIRST,,,True,2026-10-08T18:32:36.065012+00:00
AD000377,AC000299,T1,426/2,,Basava Nagar,960101,-1017.7,-3094.4,baseline_coarse,3710.3,VERIFY_FIRST,,,False,2026-10-08T18:32:36.065012+00:00
AD000378,AC000300,T1,,6th x; 1st main,Hosa Badavane,960101,-933.7,-1407.2,baseline_street,162.1,VISIT_WITH_HINT,Near Ration Shop (about 130 m from pin),,False,2026-10-08T18:32:36.065012+00:00
AD000379,AC000301,T2,68,,Subhash Nagar,970201,-1948.3,-2521.8,visits_disagree,387.8,VISIT_WITH_HINT,,,True,2026-10-08T18:32:36.065012+00:00
AD000380,AC000302,T3,413,d block; 1st road,Railway Colony,980304,-2878.1,1621.2,landmark,357.8,VISIT_WITH_HINT,Near Milk Dairy (pin is a guess near this landmark),,False,2026-10-08T18:32:36.065012+00:00
AD000381,AC000303,T2,366,gali 5,Shivaji Nagar,970202,1232.9,-2121.8,cross_account_inferred,75.0,DIRECT_VISIT,,,False,2026-10-08T18:32:36.065012+00:00
AD000382,AC000304,T2,34,gali no. 7,Nehru Colony,970203,2903.5,618.8,baseline_coarse,3710.3,VERIFY_FIRST,,,False,2026-10-08T18:32:36.065012+00:00
AD000383,AC000305,T2,-2,,,970201,287.4,1293.4,baseline_street,162.1,VISIT_WITH_HINT,,,False,2026-10-08T18:32:36.065012+00:00
AD000384,AC000306,T1,153/3,,Shanthi Nagar,960101,-2350.3,-2317.5,landmark,357.8,VISIT_WITH_HINT,Near Water Tank (pin is a guess near this landmark),,False,2026-10-08T18:32:36.065012+00:00
AD000385,AC000307,T2,462,,Krishna Puri,970202,2660.2,-1167.0,visits_agree,47.9,DIRECT_VISIT,Near Water Tank (about 170 m from pin),,True,2026-10-08T18:32:36.065012+00:00
AD000386,AC000308,T2,210,gali no. 9,Indira Colony,970202,1345.7,155.7,visits_agree,47.9,DIRECT_VISIT,Near Hanuman Temple (about 140 m from pin),,True,2026-10-08T18:32:36.065012+00:00
AD000387,AC000308,T2,287,gali 11,Tilak Nagar,970204,-309.3,1732.2,visits_disagree,387.8,VISIT_WITH_HINT,Near Govt School (about 190 m from pin),,False,2026-10-08T18:32:36.065012+00:00
AD000388,AC000309,T3,,,Teachers Colony,980302,951.3,-1098.8,baseline_street,162.1,VISIT_WITH_HINT,,,False,2026-10-08T18:32:36.065012+00:00
AD000389,AC000310,T1,366,12th cross; 3rd main,,960102,2833.5,-1777.0,visits_agree,47.9,DIRECT_VISIT,,,True,2026-10-08T18:32:36.065012+00:00
AD000390,AC000311,T1,,4th cross; 5th main,Siddeshwara Colony,960102,1982.8,-1241.6,landmark,357.8,VISIT_WITH_HINT,Near Hanuman Temple (pin is a guess near this landmark),,False,2026-10-08T18:32:36.065012+00:00
AD000391,AC000311,T1,57,12th cross; 5th main,Gandhi Nagar,960102,944.1,-3196.2,baseline_coarse,3710.3,VERIFY_FIRST,,,False,2026-10-08T18:32:36.065012+00:00
AD000392,AC000312,T2,,gali 9,,970202,1891.6,-460.6,cross_account_inferred,75.0,DIRECT_VISIT,,,True,2026-10-08T18:32:36.065012+00:00
AD000393,AC000313,T3,468,,,980303,1560.3,2054.3,baseline_coarse,3710.3,VERIFY_FIRST,,,False,2026-10-08T18:32:36.065012+00:00
AD000394,AC000314,T2,,,Azad Mohalla,970203,1073.2,2573.2,baseline_coarse,3710.3,VERIFY_FIRST,,,False,2026-10-08T18:32:36.065012+00:00
AD000395,AC000315,T3,,,Lakeview Phase 2,980303,3646.1,300.3,baseline_coarse,3710.3,VERIFY_FIRST,,,False,2026-10-08T18:32:36.065012+00:00
AD000396,AC000315,T3,283,,HMT Colony,,-764.5,-471.1,landmark,357.8,VISIT_WITH_HINT,Behind Post Office (pin is a guess near this landmark),,False,2026-10-08T18:32:36.065012+00:00
AD000397,AC000316,T3,401,e block; 2nd road,Palm Meadows,980302,3101.8,-1958.1,visits_agree,47.9,DIRECT_VISIT,,,True,2026-10-08T18:32:36.065012+00:00
AD000398,AC000317,T3,363,,Railway Colony,980304,-2287.0,1348.6,visit_1,77.4,DIRECT_VISIT,,,True,2026-10-08T18:32:36.065012+00:00
AD000399,AC000317,T3,279,b block; 5th rd,Palm Meadows,980302,3469.5,-2083.9,landmark,357.8,VISIT_WITH_HINT,Near Water Tank (pin is a guess near this landmark),,False,2026-10-08T18:32:36.065012+00:00
AD000400,AC000318,T2,430/3,gali 9,Subhash Nagar,970201,-1956.8,-2726.4,visit_1,77.4,DIRECT_VISIT,,,False,2026-10-08T18:32:36.065012+00:00
AD000401,AC000319,T3,,f block; 6th road,Railway Colony,980304,-2481.7,1656.7,baseline_coarse,3710.3,VERIFY_FIRST,,,True,2026-10-08T18:32:36.065012+00:00
AD000402,AC000320,T3,250,4th road,Railway Colony,980304,-2634.5,1922.4,baseline_street,162.1,VISIT_WITH_HINT,,,False,2026-10-08T18:32:36.065012+00:00
AD000403,AC000320,T3,383,,Railway Colony,980304,-2878.1,1621.2,landmark,357.8,VISIT_WITH_HINT,Near Milk Dairy (pin is a guess near this landmark),,False,2026-10-08T18:32:36.065012+00:00
AD000404,AC000321,T2,,,Nehru Colony,970203,2982.4,985.6,visits_agree,47.9,DIRECT_VISIT,Behind Ganesh Temple (about 100 m from pin),,False,2026-10-08T18:32:36.065012+00:00
AD000405,AC000322,T2,11,gali no. 11,Ram Nagar,970203,2471.8,2057.0,landmark,357.8,VISIT_WITH_HINT,Near Medical Store (pin is a guess near this landmark),,False,2026-10-08T18:32:36.065012+00:00
AD000406,AC000323,T1,,8th main,Vidya Nagar,,2843.8,757.1,landmark,357.8,VISIT_WITH_HINT,Opposite Ration Shop (pin is a guess near this landmark),,False,2026-10-08T18:32:36.065012+00:00
AD000407,AC000324,T2,360,360 gali,Krishna Puri,970202,2430.3,-767.2,visit_1,77.4,DIRECT_VISIT,,,False,2026-10-08T18:32:36.065012+00:00
AD000408,AC000324,T2,-8,202 gali,Krishna Puri,970202,2447.4,-1191.9,landmark,357.8,VISIT_WITH_HINT,Behind Post Office (pin is a guess near this landmark),,False,2026-10-08T18:32:36.065012+00:00
AD000409,AC000325,T3,213/2,,,980304,986.0,-961.5,baseline_coarse,3710.3,VERIFY_FIRST,,,False,2026-10-08T18:32:36.065012+00:00
AD000410,AC000325,T3,,,,980302,1993.1,-2762.0,baseline_coarse,3710.3,VERIFY_FIRST,,,True,2026-10-08T18:32:36.065012+00:00
AD000411,AC000326,T3,206,,Lakeview Phase 2,980303,3838.0,516.1,baseline_coarse,3710.3,VERIFY_FIRST,,,True,2026-10-08T18:32:36.065012+00:00
AD000412,AC000327,T2,6,gali no. 6,,970204,1339.6,-2136.4,visits_disagree,387.8,VISIT_WITH_HINT,Near Church (about 180 m from pin),,True,2026-10-08T18:32:36.065012+00:00
AD000414,AC000328,T3,,,HMT Colony,980301,-853.4,-708.6,landmark,357.8,VISIT_WITH_HINT,Near Ration Shop (pin is a guess near this landmark),,False,2026-10-08T18:32:36.065012+00:00
AD000416,AC000329,T1,,2nd main,Hosa Badavane,960101,-730.6,-1578.6,baseline_street,162.1,VISIT_WITH_HINT,,,False,2026-10-08T18:32:36.065012+00:00
AD000417,AC000330,T3,312,b block; 2nd road,Railway Colony,980304,-2798.9,1474.5,baseline_street,162.1,VISIT_WITH_HINT,,,False,2026-10-08T18:32:36.065012+00:00
AD000418,AC000331,T2,10,gali no. 10,Nehru Colony,970203,2844.3,775.5,landmark,357.8,VISIT_WITH_HINT,Opposite Water Tank (pin is a guess near this landmark),,False,2026-10-08T18:32:36.065012+00:00
AD000419,AC000332,T2,,gali 2,Patel Nagar,970202,1923.8,-2314.7,visit_1,77.4,DIRECT_VISIT,,,True,2026-10-08T18:32:36.065012+00:00
AD000420,AC000333,T2,10,gali no. 10,Krishna Puri,970202,3074.8,-1253.9,visits_agree,47.9,DIRECT_VISIT,,,False,2026-10-08T18:32:36.065012+00:00
AD000421,AC000334,T3,435/3,,Green Park Layout,980301,-3648.6,-979.3,baseline_coarse,3710.3,VERIFY_FIRST,,,False,2026-10-08T18:32:36.065012+00:00
AD000422,AC000334,T3,440,a block; 1st rd,Defence Colony,,-1261.7,-2299.0,baseline_street,162.1,VISIT_WITH_HINT,Opposite Church (pin is at this landmark),,False,2026-10-08T18:32:36.065012+00:00
AD000423,AC000335,T1,,4th cross,Ashoka Layout,960104,-1122.4,327.5,landmark,357.8,VISIT_WITH_HINT,Near Ganesh Temple (pin is a guess near this landmark),,False,2026-10-08T18:32:36.065012+00:00
AD000424,AC000336,T2,-4,156 gali,Nehru Colony,970203,2903.5,329.3,visits_disagree,387.8,VISIT_WITH_HINT,Opposite Community Hall (about 130 m from pin),,False,2026-10-08T18:32:36.065012+00:00
AD000426,AC000337,T3,2,,Teachers Colony,980302,835.1,-1186.0,visits_agree,47.9,DIRECT_VISIT,Near Ration Shop (about 190 m from pin),,True,2026-10-08T18:32:36.065012+00:00
AD000427,AC000337,T3,,4th rd,HMT Colony,980301,-1126.2,-332.0,visit_1,77.4,DIRECT_VISIT,,,False,2026-10-08T18:32:36.065012+00:00
AD000428,AC000338,T1,41/3,7th main,Nehru Colony,960102,2897.3,-2698.5,visits_agree,47.9,DIRECT_VISIT,,,True,2026-10-08T18:32:36.065012+00:00
AD000429,AC000338,T1,421,,Gandhi Nagar,960102,740.2,-3077.2,landmark,357.8,VISIT_WITH_HINT,Near Community Hall (pin is a guess near this landmark),,True,2026-10-08T18:32:36.065012+00:00
AD000430,AC000339,T2,402,,Patel Nagar,970202,1710.2,-1990.4,visits_disagree,387.8,VISIT_WITH_HINT,,Blue gate house,False,2026-10-08T18:32:36.065012+00:00
AD000432,AC000340,T2,-10,,Patel Nagar,970202,1504.4,-2176.0,baseline_coarse,3710.3,VERIFY_FIRST,,,False,2026-10-08T18:32:36.065012+00:00
AD000433,AC000341,T3,212,,,980303,4116.0,116.3,visits_disagree,387.8,VISIT_WITH_HINT,,,True,2026-10-08T18:32:36.065012+00:00
AD000434,AC000342,T3,31,,,980304,-685.7,-594.2,baseline_coarse,3710.3,VERIFY_FIRST,,,False,2026-10-08T18:32:36.065012+00:00
AD000435,AC000343,T1,134/3,,Kalyana Nagar,960104,-1869.3,2503.9,baseline_coarse,3710.3,VERIFY_FIRST,,,False,2026-10-08T18:32:36.065012+00:00
AD000436,AC000344,T3,,2nd road,,980303,3674.9,471.6,cross_account_inferred,75.0,DIRECT_VISIT,,,False,2026-10-08T18:32:36.065012+00:00
AD000437,AC000345,T2,262,gali no. 11,Ambedkar Nagar,970204,-609.5,3293.5,baseline_street,162.1,VISIT_WITH_HINT,,,False,2026-10-08T18:32:36.065012+00:00
AD000438,AC000346,T2,372,gali no. 1,Azad Mohalla,970203,1859.6,1201.2,cross_account_inferred,75.0,DIRECT_VISIT,,,True,2026-10-08T18:32:36.065012+00:00
AD000439,AC000346,T2,149,,Indira Colony,970202,1309.5,290.4,landmark,357.8,VISIT_WITH_HINT,Near Hanuman Temple (pin is a guess near this landmark),,False,2026-10-08T18:32:36.065012+00:00
AD000440,AC000347,T1,113/3,12th cross; 3rd main,Siddeshwara Colony,960102,2848.5,-1819.5,cross_account_inferred,75.0,DIRECT_VISIT,,,False,2026-10-08T18:32:36.065012+00:00
AD000441,AC000348,T1,136,5th cross; 5th main,Vidya Nagar,960103,2564.7,924.2,visit_1,77.4,DIRECT_VISIT,,,False,2026-10-08T18:32:36.065012+00:00
AD000442,AC000348,T1,287,,Hosa Badavane,960101,-349.5,-1181.0,baseline_coarse,3710.3,VERIFY_FIRST,,,False,2026-10-08T18:32:36.065012+00:00
AD000443,AC000349,T2,,,Shivaji Nagar,970202,1768.7,-1819.2,visits_agree,47.9,DIRECT_VISIT,,,True,2026-10-08T18:32:36.065012+00:00
AD000444,AC000349,T2,,gali 2,,970202,2629.1,-1674.2,visit_1,77.4,DIRECT_VISIT,Near Ration Shop (about 140 m from pin),,False,2026-10-08T18:32:36.065012+00:00
AD000445,AC000350,T1,,10th cross; 1st main,Nehru Colony,960102,2566.5,-1661.7,baseline_street,162.1,VISIT_WITH_HINT,,,False,2026-10-08T18:32:36.065012+00:00
AD000446,AC000351,T3,,a block; 4th road,Orchid Enclave,980301,-619.4,-3778.5,visit_1,77.4,DIRECT_VISIT,,,True,2026-10-08T18:32:36.065012+00:00
AD000447,AC000352,T1,470/3,10th cross; 3rd main,Anjaneya Badavane,960103,128.2,2571.4,cross_account_inferred,75.0,DIRECT_VISIT,,,False,2026-10-08T18:32:36.065012+00:00
AD000448,AC000353,T3,383/2,5th road,Orchid Enclave,980301,-639.9,-3367.2,landmark,357.8,VISIT_WITH_HINT,Behind Hanuman Temple (pin is a guess near this landmark),,False,2026-10-08T18:32:36.065012+00:00
AD000449,AC000354,T3,101,1st road,,980301,-3740.4,-780.0,visit_1,77.4,DIRECT_VISIT,,,False,2026-10-08T18:32:36.065012+00:00
AD000450,AC000355,T2,,gali 8,Krishna Puri,970202,1316.6,-2375.5,cross_account_inferred,75.0,DIRECT_VISIT,,,True,2026-10-08T18:32:36.065012+00:00
AD000451,AC000356,T3,435,f block; 6th road,Teachers Colony,980302,3413.0,-1378.0,cross_account_inferred,75.0,DIRECT_VISIT,,Blue gate house,True,2026-10-08T18:32:36.065012+00:00
AD000452,AC000357,T3,,d block; 1st road,Teachers Colony,980302,731.9,-1039.8,landmark,357.8,VISIT_WITH_HINT,Near Govt School (pin is a guess near this landmark),,False,2026-10-08T18:32:36.065012+00:00
AD000453,AC000358,T3,248,,Silver Oak Layout,980301,-2910.2,-36.3,landmark,357.8,VISIT_WITH_HINT,Opposite Water Tank (pin is a guess near this landmark),,False,2026-10-08T18:32:36.065012+00:00
AD000455,AC000359,T2,1,gali no. 1,Tilak Nagar,970204,-310.8,990.8,landmark,357.8,VISIT_WITH_HINT,Near Masjid (pin is a guess near this landmark),,False,2026-10-08T18:32:36.065012+00:00
AD000456,AC000360,T2,-9,,Shastri Nagar,970201,-217.8,-371.9,visit_1,77.4,DIRECT_VISIT,Opposite Milk Dairy (about 110 m from pin),,True,2026-10-08T18:32:36.065012+00:00
AD000457,AC000361,T3,,,Railway Colony,980304,-2618.5,2009.2,landmark,357.8,VISIT_WITH_HINT,Near Govt School (pin is a guess near this landmark),,False,2026-10-08T18:32:36.065012+00:00
AD000458,AC000362,T3,,,Silver Oak Layout,980301,-2721.6,-466.7,baseline_coarse,3710.3,VERIFY_FIRST,,,False,2026-10-08T18:32:36.065012+00:00
AD000459,AC000363,T2,-4,,Subhash Nagar,970201,-1625.7,-2955.8,landmark,357.8,VISIT_WITH_HINT,Near Milk Dairy (pin is a guess near this landmark),,False,2026-10-08T18:32:36.065012+00:00
AD000460,AC000364,T2,230,230 gali,Krishna Puri,970202,2832.6,-1282.3,visits_agree,47.9,DIRECT_VISIT,,,True,2026-10-08T18:32:36.065012+00:00
AD000461,AC000364,T2,-3,,Nehru Colony,970203,2958.1,214.7,landmark,357.8,VISIT_WITH_HINT,Opposite Community Hall (pin is a guess near this landmark),,True,2026-10-08T18:32:36.065012+00:00
AD000462,AC000365,T1,412,,Hosa Badavane,960101,-880.5,-1288.3,landmark,357.8,VISIT_WITH_HINT,Near Ration Shop (pin is a guess near this landmark),,False,2026-10-08T18:32:36.065012+00:00
AD000464,AC000366,T3,,3rd road,Teachers Colony,980302,3200.4,-2340.5,cross_account_inferred,75.0,DIRECT_VISIT,,,False,2026-10-08T18:32:36.065012+00:00
AD000465,AC000367,T3,,,Silver Oak Layout,,-2655.6,-56.4,visits_agree,47.9,DIRECT_VISIT,,,False,2026-10-08T18:32:36.065012+00:00
AD000466,AC000368,T1,,4th main,Kuvempu Layout,960102,1052.4,-1066.8,cross_account_inferred,75.0,DIRECT_VISIT,,,False,2026-10-08T18:32:36.065012+00:00
AD000467,AC000369,T1,263,6th main,Basava Nagar,960101,-881.1,-3312.0,visit_1,77.4,DIRECT_VISIT,,,False,2026-10-08T18:32:36.065012+00:00
AD000468,AC000370,T3,64,,Sunrise Enclave,980304,-386.8,3422.8,landmark,357.8,VISIT_WITH_HINT,Near Milk Dairy (pin is a guess near this landmark),,False,2026-10-08T18:32:36.065012+00:00
AD000469,AC000371,T1,458/1,10th cross; 5th main,Gandhi Nagar,960102,767.4,-2763.0,visit_1,77.4,DIRECT_VISIT,Opposite Ration Shop (about 90 m from pin),,False,2026-10-08T18:32:36.065012+00:00
AD000471,AC000372,T3,,,Green Park Layout,980301,-3828.4,-1132.5,visit_1,77.4,DIRECT_VISIT,,,True,2026-10-08T18:32:36.065012+00:00
AD000472,AC000373,T2,,gali 12,Shastri Nagar,970201,-318.7,-105.8,visits_disagree,387.8,VISIT_WITH_HINT,Near Hanuman Temple (about 40 m from pin),,True,2026-10-08T18:32:36.065012+00:00
AD000473,AC000374,T2,342,,Patel Nagar,,1420.8,-1894.5,visits_agree,47.9,DIRECT_VISIT,,,False,2026-10-08T18:32:36.065012+00:00
AD000475,AC000375,T1,471,5th cross; 3rd main,Nehru Colony,960102,2585.7,-2240.3,visits_disagree,387.8,VISIT_WITH_HINT,Near Park (about 190 m from pin),,False,2026-10-08T18:32:36.065012+00:00
AD000477,AC000376,T1,,6th main,Shanthi Nagar,960101,-2082.0,-2042.8,visits_agree,47.9,DIRECT_VISIT,Opposite Bus Stop (about 150 m from pin),,False,2026-10-08T18:32:36.065012+00:00
AD000478,AC000376,T1,17,8th main,Gandhi Nagar,960102,2247.9,-2655.7,cross_account_inferred,75.0,DIRECT_VISIT,,,False,2026-10-08T18:32:36.065012+00:00
AD000479,AC000377,T2,312,312 gali,Subhash Nagar,970201,-1869.6,-2662.9,landmark,357.8,VISIT_WITH_HINT,Behind Govt School (pin is a guess near this landmark),,False,2026-10-08T18:32:36.065012+00:00
AD000480,AC000378,T2,55/3,,Patel Nagar,970202,1326.4,-2012.8,baseline_coarse,3710.3,VERIFY_FIRST,,,False,2026-10-08T18:32:36.065012+00:00
AD000481,AC000379,T3,40/1,,Railway Colony,980304,-2406.1,1929.5,baseline_coarse,3710.3,VERIFY_FIRST,,,False,2026-10-08T18:32:36.065012+00:00
AD000482,AC000379,T3,479,,HMT Colony,980301,-513.7,-557.1,landmark,357.8,VISIT_WITH_HINT,Near Water Tank (pin is a guess near this landmark),,False,2026-10-08T18:32:36.065012+00:00
AD000483,AC000380,T3,,6th road,,980302,-1040.8,-2153.2,baseline_coarse,3710.3,VERIFY_FIRST,,,False,2026-10-08T18:32:36.065012+00:00
AD000484,AC000381,T3,,,Railway Colony,980304,-2033.2,1671.8,visits_disagree,387.8,VISIT_WITH_HINT,,,False,2026-10-08T18:32:36.065012+00:00
AD000485,AC000382,T2,,gali 10,Shivaji Nagar,970202,859.0,-2641.7,baseline_street,162.1,VISIT_WITH_HINT,,,False,2026-10-08T18:32:36.065012+00:00
AD000486,AC000382,T2,-12,,Krishna Puri,,2967.3,-995.6,baseline_street,162.1,VISIT_WITH_HINT,,,False,2026-10-08T18:32:36.065012+00:00
AD000487,AC000383,T2,301,,,970202,1287.5,-1265.5,baseline_coarse,3710.3,VERIFY_FIRST,,,False,2026-10-08T18:32:36.065012+00:00
AD000488,AC000384,T1,321,,,960102,1238.0,219.5,visits_agree,47.9,DIRECT_VISIT,Near Milk Dairy (about 170 m from pin),,True,2026-10-08T18:32:36.065012+00:00
AD000489,AC000385,T3,,,Silver Oak Layout,980301,-2597.7,-382.8,baseline_coarse,3710.3,VERIFY_FIRST,,,True,2026-10-08T18:32:36.065012+00:00
AD000491,AC000386,T2,,gali 7,Shivaji Nagar,970202,479.9,-3006.3,baseline_street,162.1,VISIT_WITH_HINT,Near Church (about 80 m from pin),,False,2026-10-08T18:32:36.065012+00:00
AD000492,AC000386,T2,376/2,,,970202,1156.6,2642.4,baseline_coarse,3710.3,VERIFY_FIRST,,,False,2026-10-08T18:32:36.065012+00:00
AD000493,AC000387,T3,,,Palm Meadows,980302,3124.7,-2006.0,baseline_coarse,3710.3,VERIFY_FIRST,,,False,2026-10-08T18:32:36.065012+00:00
AD000495,AC000388,T2,-9,,Krishna Puri,970202,2897.1,-1407.9,visit_1,77.4,DIRECT_VISIT,,,True,2026-10-08T18:32:36.065012+00:00
AD000497,AC000389,T1,393,10th cross,Vinayaka Nagar,960104,-2756.4,1494.8,visits_disagree,387.8,VISIT_WITH_HINT,,,True,2026-10-08T18:32:36.065012+00:00
AD000498,AC000390,T2,-2,311 gali,,970202,970.8,-341.6,visit_1,77.4,DIRECT_VISIT,,,False,2026-10-08T18:32:36.065012+00:00
AD000499,AC000391,T3,,,,,584.6,-381.1,baseline_coarse,3710.3,VERIFY_FIRST,,,False,2026-10-08T18:32:36.065012+00:00
AD000500,AC000391,T3,,,Orchid Enclave,980301,-559.1,-3059.6,baseline_street,162.1,VISIT_WITH_HINT,,,False,2026-10-08T18:32:36.065012+00:00
AD000501,AC000392,T3,271/3,3rd road,Defence Colony,980301,-933.1,-1915.8,landmark,357.8,VISIT_WITH_HINT,Near Water Tank (pin is a guess near this landmark),,False,2026-10-08T18:32:36.065012+00:00
AD000502,AC000393,T2,-3,,Patel Nagar,970202,1676.5,-2505.6,baseline_street,162.1,VISIT_WITH_HINT,,,False,2026-10-08T18:32:36.065012+00:00
AD000503,AC000394,T2,4,gali no. 4,Indira Colony,970202,1805.9,-2198.5,cross_account_inferred,75.0,DIRECT_VISIT,,,False,2026-10-08T18:32:36.065012+00:00
AD000504,AC000395,T1,155,9th cross; 5th main,Nehru Colony,960102,2932.3,-2068.3,visits_disagree,387.8,VISIT_WITH_HINT,,,True,2026-10-08T18:32:36.065012+00:00
AD000505,AC000396,T3,,,,980301,-1726.8,-1066.9,baseline_coarse,3710.3,VERIFY_FIRST,,,True,2026-10-08T18:32:36.065012+00:00
AD000506,AC000397,T2,-4,,Nehru Colony,970203,3316.4,425.3,baseline_street,162.1,VISIT_WITH_HINT,,,False,2026-10-08T18:32:36.065012+00:00
AD000507,AC000397,T2,-12,,Nehru Colony,970203,3296.6,936.9,baseline_street,162.1,VISIT_WITH_HINT,,,False,2026-10-08T18:32:36.065012+00:00
AD000508,AC000398,T3,288/3,,Railway Colony,980304,-2119.1,1720.4,visit_1,77.4,DIRECT_VISIT,Near Ganesh Temple (about 100 m from pin),,True,2026-10-08T18:32:36.065012+00:00
AD000509,AC000399,T2,,,Azad Mohalla,970203,893.3,2656.2,baseline_street,162.1,VISIT_WITH_HINT,Opposite Ration Shop (about 120 m from pin),,False,2026-10-08T18:32:36.065012+00:00
AD000510,AC000400,T3,,a block; 3rd rd,Silver Oak Layout,980301,-2847.1,-569.9,landmark,357.8,VISIT_WITH_HINT,Near Bus Stop (pin is a guess near this landmark),,False,2026-10-08T18:32:36.065012+00:00
AD000511,AC000401,T3,,,Sunrise Enclave,983004,-402.8,3230.6,landmark,357.8,VISIT_WITH_HINT,Opposite Water Tank (pin is a guess near this landmark),,True,2026-10-08T18:32:36.065012+00:00
AD000512,AC000401,T3,,d block; 5th rd,Green Park Layout,980301,-3804.8,-899.1,baseline_coarse,3710.3,VERIFY_FIRST,,,False,2026-10-08T18:32:36.065012+00:00
AD000513,AC000402,T1,,7th cross; 6th main,Vinayaka Nagar,960104,-2715.1,1278.0,visit_1,77.4,DIRECT_VISIT,Near Bus Stop (about 50 m from pin),,False,2026-10-08T18:32:36.065012+00:00
AD000515,AC000403,T2,-6,,Krishna Puri,970202,2417.2,-1370.7,baseline_coarse,3710.3,VERIFY_FIRST,,,False,2026-10-08T18:32:36.065012+00:00
AD000517,AC000404,T1,,1st cross; 1st main,Vidya Nagar,960103,2104.3,615.8,visits_agree,47.9,DIRECT_VISIT,,,False,2026-10-08T18:32:36.065012+00:00
AD000518,AC000404,T1,,10th cross,Anjaneya Badavane,960103,313.3,2537.1,baseline_coarse,3710.3,VERIFY_FIRST,,,False,2026-10-08T18:32:36.065012+00:00
AD000519,AC000405,T3,288,c block; 3rd road,,980302,-157.7,2828.5,baseline_street,162.1,VISIT_WITH_HINT,,,False,2026-10-08T18:32:36.065012+00:00
AD000521,AC000406,T3,131,a block; 1st road,Orchid Enclave,980301,-852.8,-3859.5,visit_1,77.4,DIRECT_VISIT,,,False,2026-10-08T18:32:36.065012+00:00
AD000522,AC000407,T2,49/1,gali 12,Nehru Colony,,2908.5,940.9,landmark,357.8,VISIT_WITH_HINT,Behind Ration Shop (pin is a guess near this landmark),,False,2026-10-08T18:32:36.065012+00:00
AD000523,AC000407,T2,,,Krishna Puri,970202,2378.9,-1282.9,landmark,357.8,VISIT_WITH_HINT,Near Bus Stop (pin is a guess near this landmark),,False,2026-10-08T18:32:36.065012+00:00
AD000524,AC000408,T1,310,1st main,Nehru Colony,960102,2607.0,-1659.7,visits_agree,47.9,DIRECT_VISIT,,,True,2026-10-08T18:32:36.065012+00:00
AD000525,AC000409,T3,268,3rd road,HMT Colony,980301,-764.5,-471.1,landmark,357.8,VISIT_WITH_HINT,Near Post Office (pin is a guess near this landmark),,False,2026-10-08T18:32:36.065012+00:00
AD000526,AC000410,T3,,,Teachers Colony,980302,1168.2,-557.3,visits_disagree,387.8,VISIT_WITH_HINT,,,False,2026-10-08T18:32:36.065012+00:00
AD000527,AC000411,T2,449,,Azad Mohalla,970203,1013.7,2433.6,baseline_coarse,3710.3,VERIFY_FIRST,,,False,2026-10-08T18:32:36.065012+00:00
AD000528,AC000412,T3,207,,Silver Oak Layout,980301,-2718.7,-557.4,baseline_street,162.1,VISIT_WITH_HINT,,,False,2026-10-08T18:32:36.065012+00:00
AD000529,AC000413,T1,,8th cross; 4th main,Nehru Colony,960102,2820.1,-2101.1,visits_agree,47.9,DIRECT_VISIT,Near Medical Store (about 30 m from pin),,False,2026-10-08T18:32:36.065012+00:00
AD000530,AC000413,T1,310/2,3rd,Basava Nagar,960101,-1137.4,-3087.3,visits_agree,47.9,DIRECT_VISIT,,,False,2026-10-08T18:32:36.065012+00:00
AD000531,AC000414,T2,103,,,970202,1322.8,-2447.5,visits_agree,47.9,DIRECT_VISIT,,,True,2026-10-08T18:32:36.065012+00:00
AD000532,AC000415,T3,,,Teachers Colony,980302,1366.7,-774.0,visits_agree,47.9,DIRECT_VISIT,Near Medical Store (about 110 m from pin),,True,2026-10-08T18:32:36.065012+00:00
AD000533,AC000415,T3,173,,Silver Oak Layout,980301,-2581.0,-176.7,visit_1,77.4,DIRECT_VISIT,,,False,2026-10-08T18:32:36.065012+00:00
AD000534,AC000416,T3,,f block; 5th road,,980303,3960.6,718.4,visits_agree,47.9,DIRECT_VISIT,,,False,2026-10-08T18:32:36.065012+00:00
AD000535,AC000416,T3,225,,Lakeview Phase 2,980303,3704.3,109.3,visits_agree,47.9,DIRECT_VISIT,,,False,2026-10-08T18:32:36.065012+00:00
AD000536,AC000417,T1,,2nd main,Vinayaka Nagar,960104,-3085.4,1269.4,baseline_street,162.1,VISIT_WITH_HINT,Opposite Ration Shop (about 40 m from pin),,False,2026-10-08T18:32:36.065012+00:00
AD000537,AC000417,T1,,1st cross; 1st main,,960102,1168.5,-2184.9,baseline_coarse,3710.3,VERIFY_FIRST,,,False,2026-10-08T18:32:36.065012+00:00
AD000538,AC000418,T2,-13,,Patel Nagar,970202,1285.7,-1764.8,visits_agree,47.9,DIRECT_VISIT,,,True,2026-10-08T18:32:36.065012+00:00
AD000539,AC000418,T2,174,gali no. 9,,970202,1468.7,-14.1,cross_account_inferred,75.0,DIRECT_VISIT,,,True,2026-10-08T18:32:36.065012+00:00
AD000540,AC000419,T2,386,gali 5,Gandhi Basti,970203,1211.7,1315.1,baseline_street,162.1,VISIT_WITH_HINT,Near Medical Store (about 160 m from pin),,False,2026-10-08T18:32:36.065012+00:00
AD000541,AC000420,T1,,,Nehru Colony,960102,2596.2,-2480.5,visits_agree,47.9,DIRECT_VISIT,,,True,2026-10-08T18:32:36.065012+00:00
AD000542,AC000421,T3,75,d block; 2nd road,,980304,-2618.8,1719.1,cross_account_inferred,75.0,DIRECT_VISIT,,,False,2026-10-08T18:32:36.065012+00:00
AD000543,AC000422,T1,158,8th cross; 4th main,Gandhi Nagar,960102,546.3,-2981.0,landmark,357.8,VISIT_WITH_HINT,Near Bus Stop (pin is a guess near this landmark),,False,2026-10-08T18:32:36.065012+00:00
AD000544,AC000423,T1,136,9th cross; 6th main,Hosa Badavane,960101,-391.5,-1246.1,baseline_street,162.1,VISIT_WITH_HINT,Near Milk Dairy (about 160 m from pin),,True,2026-10-08T18:32:36.065012+00:00
AD000545,AC000424,T3,74/3,,Green Park Layout,980301,-3915.5,-1049.4,baseline_coarse,3710.3,VERIFY_FIRST,,,False,2026-10-08T18:32:36.065012+00:00
AD000547,AC000425,T1,,,Basava Nagar,960101,-1249.4,-3317.3,landmark,357.8,VISIT_WITH_HINT,Near Medical Store (pin is a guess near this landmark),,False,2026-10-08T18:32:36.065012+00:00
AD000548,AC000426,T2,257,257 gali,Azad Mohalla,970203,1318.2,2616.1,baseline_street,162.1,VISIT_WITH_HINT,,,False,2026-10-08T18:32:36.065012+00:00
AD000549,AC000426,T2,364,gali no. 3,,970204,-463.2,-497.2,baseline_coarse,3710.3,VERIFY_FIRST,,,False,2026-10-08T18:32:36.065012+00:00
AD000550,AC000427,T2,-5,3 gali,Shivaji Nagar,970202,864.6,-3087.8,visit_1,77.4,DIRECT_VISIT,,,False,2026-10-08T18:32:36.065012+00:00
AD000551,AC000428,T1,69,10th cross,Gandhi Nagar,960102,672.7,-2859.3,baseline_street,162.1,VISIT_WITH_HINT,Opposite Ration Shop (about 80 m from pin),,False,2026-10-08T18:32:36.065012+00:00
AD000552,AC000429,T2,,gali 4,Gandhi Basti,970203,866.6,1084.6,baseline_street,162.1,VISIT_WITH_HINT,,,False,2026-10-08T18:32:36.065012+00:00
AD000553,AC000430,T2,466,466 gali,Patel Nagar,970202,1664.2,-1600.1,visit_1,77.4,DIRECT_VISIT,,,False,2026-10-08T18:32:36.065012+00:00
AD000554,AC000431,T3,,e block; 3rd rd,Teachers Colony,980302,823.0,-420.4,landmark,357.8,VISIT_WITH_HINT,Near Ganesh Temple (pin is a guess near this landmark),,False,2026-10-08T18:32:36.065012+00:00
AD000555,AC000431,T3,207,f block; 2nd road,Sunrise Enclave,980304,-107.4,3568.5,landmark,357.8,VISIT_WITH_HINT,Near Masjid (pin is a guess near this landmark),,False,2026-10-08T18:32:36.065012+00:00
AD000556,AC000432,T3,,b block; 5th rd,Lakeview Phase 2,980303,3816.8,200.9,visit_1,77.4,DIRECT_VISIT,,,False,2026-10-08T18:32:36.065012+00:00
AD000557,AC000433,T1,,3rd main,Gandhi Nagar,960102,2634.3,-1818.2,cross_account_inferred,75.0,DIRECT_VISIT,,,False,2026-10-08T18:32:36.065012+00:00
AD000558,AC000434,T2,4,2 gali,Krishna Puri,970202,2577.3,-1320.1,landmark,357.8,VISIT_WITH_HINT,Near Water Tank (pin is a guess near this landmark),,False,2026-10-08T18:32:36.065012+00:00
AD000560,AC000435,T2,,,Patel Nagar,970202,1291.6,-2463.5,visits_agree,47.9,DIRECT_VISIT,Opposite Masjid (about 80 m from pin),Blue gate house,True,2026-10-08T18:32:36.065012+00:00
AD000561,AC000436,T1,227/2,7th cross,,960102,-637.1,-3108.0,visit_1,77.4,DIRECT_VISIT,,,True,2026-10-08T18:32:36.065012+00:00
AD000562,AC000436,T1,463,,Basava Nagar,960101,-746.4,-3254.8,visit_1,77.4,DIRECT_VISIT,,,False,2026-10-08T18:32:36.065012+00:00
AD000563,AC000437,T1,353,4th cross; 7th main,Nehru Colony,960102,3004.2,-2521.5,visit_1,77.4,DIRECT_VISIT,,,True,2026-10-08T18:32:36.065012+00:00
AD000565,AC000438,T2,433,433 gali,Indira Colony,970202,1413.7,219.7,visit_1,77.4,DIRECT_VISIT,Near Hanuman Temple (about 130 m from pin),,False,2026-10-08T18:32:36.065012+00:00
AD000566,AC000439,T2,10,gali no. 10,Krishna Puri,970202,2447.4,-1191.9,landmark,357.8,VISIT_WITH_HINT,Near Post Office (pin is a guess near this landmark),,False,2026-10-08T18:32:36.065012+00:00
AD000567,AC000440,T3,461,,Railway Colony,,-2878.1,1621.2,landmark,357.8,VISIT_WITH_HINT,Near Milk Dairy (pin is a guess near this landmark),,False,2026-10-08T18:32:36.065012+00:00
AD000568,AC000441,T1,175,1st cross,Kuvempu Layout,,1195.7,-682.7,baseline_street,162.1,VISIT_WITH_HINT,,,True,2026-10-08T18:32:36.065012+00:00
AD000569,AC000442,T1,45,,Nehru Colony,960102,2870.5,-2126.5,visits_agree,47.9,DIRECT_VISIT,Opposite Community Hall (about 80 m from pin),,True,2026-10-08T18:32:36.065012+00:00
AD000570,AC000443,T3,163/1,,Teachers Colony,980302,-3725.7,-769.7,visit_1,77.4,DIRECT_VISIT,,,True,2026-10-08T18:32:36.065012+00:00
AD000572,AC000444,T3,189/1,6th road,Defence Colony,980301,-1133.0,-2027.4,baseline_coarse,3710.3,VERIFY_FIRST,,,False,2026-10-08T18:32:36.065012+00:00
AD000573,AC000445,T2,,gali 11,Patel Nagar,,1644.8,-1693.6,visits_agree,47.9,DIRECT_VISIT,,,False,2026-10-08T18:32:36.065012+00:00
AD000574,AC000446,T3,,,Orchid Enclave,980301,-67.0,-3856.9,visit_1,77.4,DIRECT_VISIT,Near Ganesh Temple (about 100 m from pin),,False,2026-10-08T18:32:36.065012+00:00
AD000575,AC000446,T3,171,,Unity Nagar,980302,883.9,-3762.9,visit_1,77.4,DIRECT_VISIT,,,True,2026-10-08T18:32:36.065012+00:00
AD000576,AC000447,T3,35,b block; 6th road,Orchid Enclave,980301,-481.5,-3675.9,visits_disagree,387.8,VISIT_WITH_HINT,Near Masjid (about 90 m from pin),,True,2026-10-08T18:32:36.065012+00:00
AD000577,AC000447,T3,307/3,5th road,,980301,-1385.8,-1915.4,cross_account_inferred,75.0,DIRECT_VISIT,,,False,2026-10-08T18:32:36.065012+00:00
AD000578,AC000448,T1,349,5th cross; 7th main,Kuvempu Layout,,1028.4,-191.1,baseline_coarse,3710.3,VERIFY_FIRST,,,False,2026-10-08T18:32:36.065012+00:00
AD000579,AC000449,T2,,gali 5,Ram Nagar,,-406.6,-628.5,visits_agree,47.9,DIRECT_VISIT,,,True,2026-10-08T18:32:36.065012+00:00
AD000580,AC000450,T3,110/3,d block; 4th road,,980301,-1747.0,-1849.7,baseline_coarse,3710.3,VERIFY_FIRST,,,False,2026-10-08T18:32:36.065012+00:00
AD000581,AC000451,T2,172/1,,Shivaji Nagar,970202,727.7,-3431.1,visit_1,77.4,DIRECT_VISIT,,,True,2026-10-08T18:32:36.065012+00:00
AD000583,AC000452,T3,,,Palm Meadows,980302,3051.1,-2317.6,landmark,357.8,VISIT_WITH_HINT,Behind Milk Dairy (pin is a guess near this landmark),,False,2026-10-08T18:32:36.065012+00:00
AD000584,AC000453,T3,302,,Sunrise Enclave,980304,-37.5,3542.0,landmark,357.8,VISIT_WITH_HINT,Near Hanuman Temple (pin is a guess near this landmark),,True,2026-10-08T18:32:36.065012+00:00
AD000585,AC000454,T2,,gali 7,Patel Nagar,970202,1847.1,-1853.6,baseline_street,162.1,VISIT_WITH_HINT,,,False,2026-10-08T18:32:36.065012+00:00
AD000586,AC000455,T1,271,,Anjaneya Badavane,960103,139.1,2515.1,baseline_coarse,3710.3,VERIFY_FIRST,,,False,2026-10-08T18:32:36.065012+00:00
AD000587,AC000456,T3,293,f block; 3rd road,Teachers Colony,980302,1261.5,-470.9,visit_1,77.4,DIRECT_VISIT,,,True,2026-10-08T18:32:36.065012+00:00
AD000588,AC000457,T2,3,,Indira Colony,970202,1058.6,-42.3,baseline_street,162.1,VISIT_WITH_HINT,,,False,2026-10-08T18:32:36.065012+00:00
AD000589,AC000458,T1,,10th x; 2nd main,,960101,2682.2,-1692.0,visits_disagree,387.8,VISIT_WITH_HINT,,,False,2026-10-08T18:32:36.065012+00:00
AD000590,AC000459,T3,228/3,,Orchid Enclave,980301,-577.4,-3539.9,baseline_coarse,3710.3,VERIFY_FIRST,,,False,2026-10-08T18:32:36.065012+00:00
AD000591,AC000459,T3,291,e block; 4th road,HMT Colony,980301,-764.5,-471.1,landmark,357.8,VISIT_WITH_HINT,Near Post Office (pin is a guess near this landmark),,False,2026-10-08T18:32:36.065012+00:00
AD000592,AC000460,T3,252,,Green Park Layout,980301,-3751.2,-862.8,baseline_coarse,3710.3,VERIFY_FIRST,,,True,2026-10-08T18:32:36.065012+00:00
AD000593,AC000461,T1,,1st cross; 4th main,Ashoka Layout,960104,-1117.6,27.0,baseline_street,162.1,VISIT_WITH_HINT,,,False,2026-10-08T18:32:36.065012+00:00
AD000594,AC000462,T1,355,3rd cross,,960104,-2575.4,997.2,cross_account_inferred,75.0,DIRECT_VISIT,,,False,2026-10-08T18:32:36.065012+00:00
AD000595,AC000463,T3,,,Railway Colony,980304,-2089.0,1133.5,baseline_street,162.1,VISIT_WITH_HINT,,,False,2026-10-08T18:32:36.065012+00:00
AD000596,AC000464,T3,,,Teachers Colony,980302,683.3,-704.9,visits_disagree,387.8,VISIT_WITH_HINT,,,True,2026-10-08T18:32:36.065012+00:00
AD000597,AC000464,T3,,,Palm Meadows,980302,3443.4,-1945.1,landmark,357.8,VISIT_WITH_HINT,Near Bus Stop (pin is a guess near this landmark),,False,2026-10-08T18:32:36.065012+00:00
AD000598,AC000465,T2,,,Patel Nagar,970202,1606.7,-2328.3,visits_agree,47.9,DIRECT_VISIT,,,False,2026-10-08T18:32:36.065012+00:00
AD000599,AC000466,T1,350,2nd x; 3rd main,,960101,-983.1,-2657.3,baseline_coarse,3710.3,VERIFY_FIRST,,,True,2026-10-08T18:32:36.065012+00:00
AD000600,AC000467,T2,,,Ram Nagar,970203,1800.3,-2456.3,visits_agree,47.9,DIRECT_VISIT,,Blue gate house,False,2026-10-08T18:32:36.065012+00:00
AD000601,AC000468,T2,193,193 gali,,970201,-789.6,-1921.2,baseline_coarse,3710.3,VERIFY_FIRST,,,False,2026-10-08T18:32:36.065012+00:00
AD000602,AC000469,T1,62,11th cross; 5th main,Nehru Colony,960102,2968.4,-1911.2,visits_disagree,387.8,VISIT_WITH_HINT,,,True,2026-10-08T18:32:36.065012+00:00
AD000603,AC000470,T2,247,gali 13,,970201,3108.0,712.4,baseline_coarse,3710.3,VERIFY_FIRST,,,True,2026-10-08T18:32:36.065012+00:00
AD000604,AC000471,T1,6,1st x; 8th main,Gandhi Nagar,960102,644.7,-2883.9,baseline_coarse,3710.3,VERIFY_FIRST,,,False,2026-10-08T18:32:36.065012+00:00
AD000605,AC000472,T3,,,Silver Oak Layout,980301,-2596.7,-457.9,visit_1,77.4,DIRECT_VISIT,Behind Church (about 120 m from pin),,False,2026-10-08T18:32:36.065012+00:00
AD000606,AC000473,T3,166/1,e block; 3rd road,Sunrise Enclave,980304,-570.2,3293.1,visit_1,77.4,DIRECT_VISIT,Behind Community Hall (about 140 m from pin),,False,2026-10-08T18:32:36.065012+00:00
AD000607,AC000474,T3,319,a block; 1st road,Orchid Enclave,980301,-807.8,-3859.5,cross_account_inferred,75.0,DIRECT_VISIT,,,True,2026-10-08T18:32:36.065012+00:00
AD000608,AC000475,T1,,2nd cross; 6th main,Gandhi Nagar,960102,919.9,-3347.4,visits_agree,47.9,DIRECT_VISIT,,,False,2026-10-08T18:32:36.065012+00:00
AD000609,AC000476,T2,128,gali 4,Subhash Nagar,970201,-1625.7,-2955.8,landmark,357.8,VISIT_WITH_HINT,Opposite Milk Dairy (pin is a guess near this landmark),,False,2026-10-08T18:32:36.065012+00:00
AD000610,AC000476,T2,11,gali no. 11,Ram Nagar,970203,2138.7,2240.0,baseline_street,162.1,VISIT_WITH_HINT,Near Govt School (about 160 m from pin),,False,2026-10-08T18:32:36.065012+00:00
AD000611,AC000477,T2,-10,,Krishna Puri,970202,2519.2,-1266.8,baseline_coarse,3710.3,VERIFY_FIRST,,,False,2026-10-08T18:32:36.065012+00:00
AD000612,AC000477,T2,75,gali no. 2,Gandhi Basti,970203,915.5,955.0,baseline_street,162.1,VISIT_WITH_HINT,,,True,2026-10-08T18:32:36.065012+00:00
AD000613,AC000478,T2,33,,Nehru Colony,970203,2778.5,368.7,visits_agree,47.9,DIRECT_VISIT,Near Bus Stop (about 180 m from pin),,True,2026-10-08T18:32:36.065012+00:00
AD000614,AC000479,T3,,,Railway Colony,980304,-2452.2,1354.7,visit_1,77.4,DIRECT_VISIT,Near Masjid (about 100 m from pin),,False,2026-10-08T18:32:36.065012+00:00
AD000615,AC000479,T3,292/3,6th road,,980301,-501.4,3112.9,baseline_coarse,3710.3,VERIFY_FIRST,Near Water Tank (about 150 m from pin),,False,2026-10-08T18:32:36.065012+00:00
AD000616,AC000480,T3,,,,980301,-1911.1,-1192.2,baseline_coarse,3710.3,VERIFY_FIRST,,,False,2026-10-08T18:32:36.065012+00:00
AD000617,AC000481,T3,51,,Silver Oak Layout,980301,-2976.7,-24.0,visits_disagree,387.8,VISIT_WITH_HINT,Near Water Tank (about 70 m from pin),,True,2026-10-08T18:32:36.065012+00:00
AD000619,AC000482,T1,,,Ashoka Layout,960104,-1224.7,235.7,baseline_coarse,3710.3,VERIFY_FIRST,,,False,2026-10-08T18:32:36.065012+00:00
AD000620,AC000483,T2,,gali 4,Gandhi Basti,,680.3,969.2,baseline_street,162.1,VISIT_WITH_HINT,Near Petrol Bunk (about 50 m from pin),,False,2026-10-08T18:32:36.065012+00:00
AD000621,AC000483,T2,5,gali no. 5,Gandhi Basti,970203,599.8,1168.5,baseline_street,162.1,VISIT_WITH_HINT,,,False,2026-10-08T18:32:36.065012+00:00
AD000622,AC000484,T1,252,1st cross; 3rd main,Nehru Colony,960102,2474.7,-2519.9,visits_disagree,387.8,VISIT_WITH_HINT,,,False,2026-10-08T18:32:36.065012+00:00
AD000623,AC000484,T1,303/2,,Vidya Nagar,,2259.4,1221.3,visits_agree,47.9,DIRECT_VISIT,,,False,2026-10-08T18:32:36.065012+00:00
AD000624,AC000485,T2,-11,1 gali,,970201,-118.6,-256.5,visits_disagree,387.8,VISIT_WITH_HINT,Near Bus Stop (about 110 m from pin),,False,2026-10-08T18:32:36.065012+00:00
AD000625,AC000486,T2,-4,,Ram Nagar,970203,2228.6,1618.5,baseline_coarse,3710.3,VERIFY_FIRST,,,True,2026-10-08T18:32:36.065012+00:00
AD000626,AC000486,T2,285,285 gali,Subhash Nagar,970201,-1822.7,-2849.8,baseline_coarse,3710.3,VERIFY_FIRST,,,False,2026-10-08T18:32:36.065012+00:00
AD000627,AC000487,T3,,a block; 3rd road,Orchid Enclave,,-637.2,-3804.2,visit_1,77.4,DIRECT_VISIT,,,True,2026-10-08T18:32:36.065012+00:00
AD000628,AC000488,T3,,,Sunrise Enclave,980304,-774.7,3249.2,baseline_street,162.1,VISIT_WITH_HINT,,,False,2026-10-08T18:32:36.065012+00:00
AD000629,AC000488,T3,13,,Railway Colony,980304,-2878.1,1621.2,landmark,357.8,VISIT_WITH_HINT,Near Milk Dairy (pin is a guess near this landmark),,False,2026-10-08T18:32:36.065012+00:00
AD000630,AC000489,T1,182,12th cross; 4th main,Nehru Colony,960102,2842.8,-1938.4,visits_agree,47.9,DIRECT_VISIT,,,False,2026-10-08T18:32:36.065012+00:00
AD000631,AC000490,T3,206,,Silver Oak Layout,980301,-2854.1,-143.8,visits_disagree,387.8,VISIT_WITH_HINT,,,False,2026-10-08T18:32:36.065012+00:00
AD000632,AC000491,T3,200,,Orchid Enclave,,-882.0,-3850.0,visits_agree,47.9,DIRECT_VISIT,,,False,2026-10-08T18:32:36.065012+00:00
AD000633,AC000492,T2,49,gali no. 1,Krishna Puri,,2632.1,-1183.3,baseline_coarse,3710.3,VERIFY_FIRST,,,True,2026-10-08T18:32:36.065012+00:00
AD000634,AC000493,T2,105,gali no. 14,,970204,1819.2,-1570.2,visits_agree,47.9,DIRECT_VISIT,,,False,2026-10-08T18:32:36.065012+00:00
AD000635,AC000494,T1,240,,Kuvempu Layout,,1481.3,-684.1,visit_1,77.4,DIRECT_VISIT,,,False,2026-10-08T18:32:36.065012+00:00
AD000636,AC000494,T1,,6th cross; 3rd main,,960101,-1179.0,-2013.5,baseline_coarse,3710.3,VERIFY_FIRST,,,False,2026-10-08T18:32:36.065012+00:00
AD000637,AC000495,T1,5/1,3rd main,,960102,2659.3,-1818.2,cross_account_inferred,75.0,DIRECT_VISIT,,,False,2026-10-08T18:32:36.065012+00:00
AD000638,AC000496,T1,17,2nd x,Siddeshwara Colony,960102,2401.9,-1290.9,visit_1,77.4,DIRECT_VISIT,,,False,2026-10-08T18:32:36.065012+00:00
AD000639,AC000497,T3,,b block; 6th road,Teachers Colony,980302,1090.0,-962.8,visits_disagree,387.8,VISIT_WITH_HINT,,,True,2026-10-08T18:32:36.065012+00:00
AD000641,AC000498,T1,,9th x; 7th main,Nehru Colony,960102,3146.3,-2165.3,visit_1,77.4,DIRECT_VISIT,,,True,2026-10-08T18:32:36.065012+00:00
AD000642,AC000499,T2,166/1,,Indira Colony,970202,674.2,-327.5,visits_agree,47.9,DIRECT_VISIT,,,True,2026-10-08T18:32:36.065012+00:00
AD000644,AC000500,T3,,,Silver Oak Layout,980301,-2910.2,-36.3,landmark,357.8,VISIT_WITH_HINT,Near Water Tank (pin is a guess near this landmark),,False,2026-10-08T18:32:36.065012+00:00
AD000645,AC000501,T3,,a block; 1st road,Lakeview Phase 2,980303,3546.7,-88.8,visits_agree,47.9,DIRECT_VISIT,,,True,2026-10-08T18:32:36.065012+00:00
AD000646,AC000502,T1,229,,Nehru Colony,960102,2440.0,-2255.2,visit_1,77.4,DIRECT_VISIT,,,True,2026-10-08T18:32:36.065012+00:00
AD000647,AC000503,T3,,5th road,Orchid Enclave,980301,-173.7,-3339.8,visit_1,77.4,DIRECT_VISIT,,,True,2026-10-08T18:32:36.065012+00:00
AD000648,AC000503,T3,,5th road,,980301,-1420.8,-1915.4,cross_account_inferred,75.0,DIRECT_VISIT,,,True,2026-10-08T18:32:36.065012+00:00
AD000649,AC000504,T1,34/1,3rd,,960102,-2689.4,959.2,baseline_street,162.1,VISIT_WITH_HINT,,,True,2026-10-08T18:32:36.065012+00:00
AD000650,AC000505,T3,445/3,c block; 5th rd,Lakeview Phase 2,980303,3673.5,373.4,baseline_coarse,3710.3,VERIFY_FIRST,,,True,2026-10-08T18:32:36.065012+00:00
AD000651,AC000505,T3,41,,Lakeview Phase 2,980303,3817.5,299.1,baseline_coarse,3710.3,VERIFY_FIRST,,,True,2026-10-08T18:32:36.065012+00:00
AD000652,AC000506,T1,,,Nehru Colony,960102,2854.3,-2273.2,visits_agree,47.9,DIRECT_VISIT,Opposite Hanuman Temple (about 70 m from pin),,False,2026-10-08T18:32:36.065012+00:00
AD000653,AC000507,T1,,12th cross; 4th main,,960101,-2383.7,-2020.9,cross_account_inferred,75.0,DIRECT_VISIT,,,False,2026-10-08T18:32:36.065012+00:00
AD000654,AC000508,T3,,,,980304,-219.8,3205.5,visits_disagree,387.8,VISIT_WITH_HINT,,,True,2026-10-08T18:32:36.065012+00:00
AD000655,AC000509,T1,108/3,6th x; 1st main,Hosa Badavane,960101,-923.8,-1591.3,baseline_street,162.1,VISIT_WITH_HINT,,,False,2026-10-08T18:32:36.065012+00:00
AD000656,AC000510,T1,,8th cross; 4th main,Vidya Nagar,960103,2432.9,944.5,baseline_coarse,3710.3,VERIFY_FIRST,,,True,2026-10-08T18:32:36.065012+00:00
AD000657,AC000510,T1,,,Shanthi Nagar,960101,-2432.3,-2307.3,baseline_coarse,3710.3,VERIFY_FIRST,,,False,2026-10-08T18:32:36.065012+00:00
AD000658,AC000511,T1,447,4th cross; 2nd main,Nehru Colony,960102,2439.3,-2254.7,visits_disagree,387.8,VISIT_WITH_HINT,,,False,2026-10-08T18:32:36.065012+00:00
AD000660,AC000512,T2,251,251 gali,Subhash Nagar,970201,-1552.6,-2496.1,visits_disagree,387.8,VISIT_WITH_HINT,,,False,2026-10-08T18:32:36.065012+00:00
AD000662,AC000513,T3,274,,Sunrise Enclave,980304,-577.0,3418.2,visits_disagree,387.8,VISIT_WITH_HINT,Near Milk Dairy (about 190 m from pin),,True,2026-10-08T18:32:36.065012+00:00
AD000663,AC000514,T1,,6th cross,Vidya Nagar,960103,2076.3,1122.7,landmark,357.8,VISIT_WITH_HINT,Near Hanuman Temple (pin is a guess near this landmark),,False,2026-10-08T18:32:36.065012+00:00
AD000664,AC000514,T1,,6th cross; 7th main,,960101,-1260.2,450.6,baseline_coarse,3710.3,VERIFY_FIRST,,,False,2026-10-08T18:32:36.065012+00:00
AD000665,AC000515,T1,440/1,4th x; 6th main,Basava Nagar,960101,-920.9,-3141.1,baseline_coarse,3710.3,VERIFY_FIRST,,,False,2026-10-08T18:32:36.065012+00:00
AD000666,AC000516,T3,109/1,,Silver Oak Layout,980301,-2646.7,-493.3,visits_agree,47.9,DIRECT_VISIT,,,False,2026-10-08T18:32:36.065012+00:00
AD000667,AC000517,T1,476/2,2nd cross; 1st main,Nehru Colony,960102,2282.6,-2341.3,visits_disagree,387.8,VISIT_WITH_HINT,,,True,2026-10-08T18:32:36.065012+00:00
AD000668,AC000518,T1,340,,Vidya Nagar,960103,2326.6,918.3,visits_agree,47.9,DIRECT_VISIT,,,True,2026-10-08T18:32:36.065012+00:00
AD000669,AC000519,T1,,1st cross; 2nd main,Vidya Nagar,960103,2257.4,620.2,visits_agree,47.9,DIRECT_VISIT,Behind Post Office (about 100 m from pin),,True,2026-10-08T18:32:36.065012+00:00
AD000671,AC000520,T3,425,c block; 6th rd,Teachers Colony,980302,1285.9,-833.5,visits_agree,47.9,DIRECT_VISIT,,,False,2026-10-08T18:32:36.065012+00:00
AD000672,AC000521,T2,-6,,Azad Mohalla,970203,939.8,2635.4,visits_disagree,387.8,VISIT_WITH_HINT,,,True,2026-10-08T18:32:36.065012+00:00
AD000673,AC000522,T2,230,,,970202,1795.1,-1840.6,baseline_coarse,3710.3,VERIFY_FIRST,,,False,2026-10-08T18:32:36.065012+00:00
AD000674,AC000523,T2,367,,,970202,935.4,-2908.1,visit_1,77.4,DIRECT_VISIT,Near Community Hall (about 140 m from pin),,True,2026-10-08T18:32:36.065012+00:00
AD000675,AC000523,T2,,,Krishna Puri,,3046.4,-1581.5,visits_disagree,387.8,VISIT_WITH_HINT,,,False,2026-10-08T18:32:36.065012+00:00
AD000676,AC000524,T2,440,,,970202,1686.0,-1575.7,baseline_coarse,3710.3,VERIFY_FIRST,,,True,2026-10-08T18:32:36.065012+00:00
AD000677,AC000524,T2,266,,Ram Nagar,970203,2441.6,1907.4,baseline_coarse,3710.3,VERIFY_FIRST,,,False,2026-10-08T18:32:36.065012+00:00
AD000678,AC000525,T3,,e block; 2nd road,Teachers Colony,980302,865.9,-758.4,visit_1,77.4,DIRECT_VISIT,,,False,2026-10-08T18:32:36.065012+00:00
AD000679,AC000526,T3,,,Teachers Colony,980302,1365.9,-882.5,landmark,357.8,VISIT_WITH_HINT,Near Medical Store (pin is a guess near this landmark),,False,2026-10-08T18:32:36.065012+00:00
AD000680,AC000527,T2,-5,,Ambedkar Nagar,,-649.7,2784.3,visits_agree,47.9,DIRECT_VISIT,,,False,2026-10-08T18:32:36.065012+00:00
AD000681,AC000528,T3,,,Royal Gardens,980303,185.2,1825.7,baseline_street,162.1,VISIT_WITH_HINT,,,False,2026-10-08T18:32:36.065012+00:00
AD000682,AC000528,T3,156,,Teachers Colony,980320,977.8,-895.5,baseline_coarse,3710.3,VERIFY_FIRST,,,False,2026-10-08T18:32:36.065012+00:00
AD000683,AC000529,T1,,10th cross,Anjaneya Badavane,960103,400.1,2181.6,baseline_coarse,3710.3,VERIFY_FIRST,,,False,2026-10-08T18:32:36.065012+00:00
AD000684,AC000529,T1,270,5th x; 7th main,Nehru Colony,960102,2819.9,-2162.9,baseline_coarse,3710.3,VERIFY_FIRST,,,False,2026-10-08T18:32:36.065012+00:00
AD000685,AC000530,T2,5,2 gali,Ram Nagar,970203,775.5,-3290.8,visit_1,77.4,DIRECT_VISIT,,,False,2026-10-08T18:32:36.065012+00:00
AD000686,AC000531,T2,343,gali no. 11,Nehru Colony,970203,2802.0,835.2,visits_agree,47.9,DIRECT_VISIT,Near Water Tank (about 70 m from pin),,True,2026-10-08T18:32:36.065012+00:00
AD000687,AC000532,T1,,,Vidya Nagar,960103,2843.8,757.1,landmark,357.8,VISIT_WITH_HINT,Near Ration Shop (pin is a guess near this landmark),,False,2026-10-08T18:32:36.065012+00:00
AD000688,AC000533,T1,,5th cross,Gandhi Nagar,960102,1037.2,-3032.6,baseline_street,162.1,VISIT_WITH_HINT,,,False,2026-10-08T18:32:36.065012+00:00
AD000689,AC000534,T1,,,Nehru Colony,960102,2791.9,-2113.9,landmark,357.8,VISIT_WITH_HINT,Near Medical Store (pin is a guess near this landmark),,True,2026-10-08T18:32:36.065012+00:00
AD000690,AC000535,T1,,10th cross; 2nd main,Ashoka Layout,960104,-1554.1,641.8,landmark,357.8,VISIT_WITH_HINT,Near Church (pin is a guess near this landmark),,False,2026-10-08T18:32:36.065012+00:00
AD000692,AC000536,T3,,5th road,Defence Colony,980301,-1435.2,-1715.2,baseline_street,162.1,VISIT_WITH_HINT,,,False,2026-10-08T18:32:36.065012+00:00
AD000693,AC000537,T1,35,4th cross; 2nd main,Kuvempu Layout,960102,802.8,-290.4,baseline_street,162.1,VISIT_WITH_HINT,,,False,2026-10-08T18:32:36.065012+00:00
AD000694,AC000538,T2,391,,Subhash Nagar,970201,-1540.6,-2833.0,baseline_coarse,3710.3,VERIFY_FIRST,,,False,2026-10-08T18:32:36.065012+00:00
AD000695,AC000538,T2,12,gali no. 12,Shastri Nagar,970201,-347.0,-84.0,landmark,357.8,VISIT_WITH_HINT,Near Hanuman Temple (pin is a guess near this landmark),,False,2026-10-08T18:32:36.065012+00:00
AD000696,AC000539,T1,85/1,7th cross; 3rd main,Vidya Nagar,960103,2355.8,1088.0,visit_1,77.4,DIRECT_VISIT,,,False,2026-10-08T18:32:36.065012+00:00
AD000697,AC000540,T2,56,56 gali,Ambedkar Nagar,970204,-639.1,3104.8,baseline_coarse,3710.3,VERIFY_FIRST,,,False,2026-10-08T18:32:36.065012+00:00
AD000698,AC000540,T2,,,Gandhi Basti,970203,674.9,1444.0,landmark,357.8,VISIT_WITH_HINT,Opposite Post Office (pin is a guess near this landmark),,False,2026-10-08T18:32:36.065012+00:00
AD000699,AC000541,T1,,,,960102,3204.7,-2025.5,visit_1,77.4,DIRECT_VISIT,,,False,2026-10-08T18:32:36.065012+00:00
AD000700,AC000542,T1,,2nd main,Anjaneya Badavane,960103,53.2,2377.8,baseline_street,162.1,VISIT_WITH_HINT,,,False,2026-10-08T18:32:36.065012+00:00
AD000701,AC000543,T2,b/h,,Indira Colony,970202,1033.5,-47.2,baseline_coarse,3710.3,VERIFY_FIRST,,,False,2026-10-08T18:32:36.065012+00:00
AD000702,AC000544,T1,,1st cross; 5th main,Nehru Colony,960102,2735.5,-2575.4,cross_account_inferred,75.0,DIRECT_VISIT,,,False,2026-10-08T18:32:36.065012+00:00
AD000703,AC000545,T2,197,,Indira Colony,970202,1277.3,150.4,visit_1,77.4,DIRECT_VISIT,,,True,2026-10-08T18:32:36.065012+00:00
AD000704,AC000546,T2,1,gali no. 1,Krishna Puri,970202,1247.7,-1454.1,cross_account_inferred,75.0,DIRECT_VISIT,,,True,2026-10-08T18:32:36.065012+00:00
AD000705,AC000547,T3,,b block; 5th rd,Palm Meadows,,3295.5,-2213.7,visit_1,77.4,DIRECT_VISIT,,,False,2026-10-08T18:32:36.065012+00:00
AD000706,AC000547,T3,6,,Sunrise Enclave,980304,-270.5,3172.4,baseline_street,162.1,VISIT_WITH_HINT,Near Water Tank (about 140 m from pin),,False,2026-10-08T18:32:36.065012+00:00
AD000707,AC000548,T2,,,Shastri Nagar,,-665.6,-572.6,baseline_coarse,3710.3,VERIFY_FIRST,,,False,2026-10-08T18:32:36.065012+00:00
AD000708,AC000549,T2,48/3,gali 2,Nehru Colony,970203,2860.9,142.7,cross_account_inferred,75.0,DIRECT_VISIT,,,False,2026-10-08T18:32:36.065012+00:00
AD000709,AC000549,T2,-2,,,970201,384.7,-2922.4,baseline_coarse,3710.3,VERIFY_FIRST,,,False,2026-10-08T18:32:36.065012+00:00
AD000710,AC000550,T2,,,,970204,1208.5,1049.0,visit_1,77.4,DIRECT_VISIT,,,False,2026-10-08T18:32:36.065012+00:00
AD000711,AC000551,T2,,,Azad Mohalla,970203,772.0,2468.5,visits_disagree,387.8,VISIT_WITH_HINT,Near Ration Shop (about 190 m from pin),,True,2026-10-08T18:32:36.065012+00:00
AD000712,AC000552,T2,314/2,,Subhash Nagar,970201,-1625.7,-2955.8,landmark,357.8,VISIT_WITH_HINT,Near Milk Dairy (pin is a guess near this landmark),,False,2026-10-08T18:32:36.065012+00:00
AD000713,AC000553,T2,7,7 gali,Azad Mohalla,970203,864.1,2628.1,baseline_coarse,3710.3,VERIFY_FIRST,,,False,2026-10-08T18:32:36.065012+00:00
AD000715,AC000554,T2,-9,,Patel Nagar,970202,1440.8,-1984.6,landmark,357.8,VISIT_WITH_HINT,Near Church (pin is a guess near this landmark),,False,2026-10-08T18:32:36.065012+00:00
AD000717,AC000555,T3,,3rd rd,HMT Colony,,-813.3,-513.1,baseline_coarse,3710.3,VERIFY_FIRST,,,False,2026-10-08T18:32:36.065012+00:00
AD000718,AC000556,T2,,gali 7,Azad Mohalla,970203,774.3,3008.7,cross_account_inferred,75.0,DIRECT_VISIT,,,True,2026-10-08T18:32:36.065012+00:00
AD000719,AC000557,T1,201/2,3rd main,Nehru Colony,960102,2759.6,-1818.2,visits_agree,47.9,DIRECT_VISIT,,,False,2026-10-08T18:32:36.065012+00:00
AD000720,AC000558,T2,115,,Indira Colony,,983.4,-70.8,baseline_coarse,3710.3,VERIFY_FIRST,,,False,2026-10-08T18:32:36.065012+00:00
AD000721,AC000559,T3,89,,Silver Oak Layout,980301,-3039.7,-116.9,visits_disagree,387.8,VISIT_WITH_HINT,,,True,2026-10-08T18:32:36.065012+00:00
AD000722,AC000560,T3,,c block; 6th road,Lakeview Phase 2,980303,4024.7,318.4,cross_account_inferred,75.0,DIRECT_VISIT,,,True,2026-10-08T18:32:36.065012+00:00
AD000723,AC000561,T1,,4th cross,Vinayaka Nagar,960104,-2799.4,893.5,landmark,357.8,VISIT_WITH_HINT,Near Post Office (pin is a guess near this landmark),,False,2026-10-08T18:32:36.065012+00:00
AD000725,AC000562,T2,101,101 gali,Ambedkar Nagar,,-926.8,2620.3,baseline_street,162.1,VISIT_WITH_HINT,Near Medical Store (about 190 m from pin),,False,2026-10-08T18:32:36.065012+00:00
AD000727,AC000563,T3,302/3,,Silver Oak Layout,980301,-2688.2,-487.8,visits_agree,47.9,DIRECT_VISIT,Near Petrol Bunk (about 160 m from pin),,False,2026-10-08T18:32:36.065012+00:00
AD000728,AC000564,T1,,1st cross; 8th main,Basava Nagar,960101,-657.4,-3343.2,baseline_street,162.1,VISIT_WITH_HINT,,,True,2026-10-08T18:32:36.065012+00:00
AD000730,AC000565,T2,395,,Indira Colony,970202,941.5,178.2,baseline_coarse,3710.3,VERIFY_FIRST,,,False,2026-10-08T18:32:36.065012+00:00
AD000731,AC000566,T1,338,2nd cross; 8th main,Nehru Colony,960102,1211.9,-3321.3,cross_account_inferred,75.0,DIRECT_VISIT,,,False,2026-10-08T18:32:36.065012+00:00
AD000732,AC000567,T3,4/2,,Defence Colony,980301,-1171.3,-1668.4,baseline_coarse,3710.3,VERIFY_FIRST,,,False,2026-10-08T18:32:36.065012+00:00
AD000733,AC000568,T1,187,6th cross; 5th main,Nehru Colony,960102,1651.3,-547.4,cross_account_inferred,75.0,DIRECT_VISIT,,,False,2026-10-08T18:32:36.065012+00:00
AD000734,AC000569,T3,,,Lakeview Phase 2,980303,3880.1,627.7,baseline_street,162.1,VISIT_WITH_HINT,,,False,2026-10-08T18:32:36.065012+00:00
AD000735,AC000570,T1,94,4th cross; 4th main,Nehru Colony,960102,2676.2,-2364.4,visits_agree,47.9,DIRECT_VISIT,,,True,2026-10-08T18:32:36.065012+00:00
AD000736,AC000571,T1,,2nd main,Vidya Nagar,960103,2517.8,1005.8,baseline_coarse,3710.3,VERIFY_FIRST,,,False,2026-10-08T18:32:36.065012+00:00
AD000737,AC000571,T1,67,,Basava Nagar,960101,-659.2,-2947.9,visit_1,77.4,DIRECT_VISIT,Near Church (about 180 m from pin),,False,2026-10-08T18:32:36.065012+00:00
AD000738,AC000572,T1,190/3,10th x; 7th main,Hosa Badavane,960101,-361.8,-940.4,visits_agree,47.9,DIRECT_VISIT,Opposite Govt School (about 130 m from pin),,True,2026-10-08T18:32:36.065012+00:00
AD000739,AC000573,T1,174/1,4th cross,Gandhi Nagar,960102,709.2,-3292.8,visits_agree,47.9,DIRECT_VISIT,,,False,2026-10-08T18:32:36.065012+00:00
AD000740,AC000573,T1,,,Siddeshwara Colony,960102,1975.6,-911.1,visit_1,77.4,DIRECT_VISIT,Opposite Park (about 160 m from pin),,False,2026-10-08T18:32:36.065012+00:00
AD000741,AC000574,T3,180,3rd road,Sunrise Enclave,980304,-844.0,2855.6,visits_disagree,387.8,VISIT_WITH_HINT,,,False,2026-10-08T18:32:36.065012+00:00
AD000742,AC000575,T1,213,4th cross; 6th main,Anjaneya Badavane,960103,517.0,2442.5,baseline_coarse,3710.3,VERIFY_FIRST,,,False,2026-10-08T18:32:36.065012+00:00
AD000743,AC000576,T1,307/1,10th cross,Shanthi Nagar,960101,-1982.6,-2304.3,baseline_coarse,3710.3,VERIFY_FIRST,,,True,2026-10-08T18:32:36.065012+00:00
AD000744,AC000577,T3,290,1st road,Teachers Colony,980302,1325.8,-1116.6,visit_1,77.4,DIRECT_VISIT,,,True,2026-10-08T18:32:36.065012+00:00
AD000745,AC000578,T2,,gali 8,Subhash Nagar,970201,-1528.9,-2813.1,landmark,357.8,VISIT_WITH_HINT,Near Hanuman Temple (pin is a guess near this landmark),,False,2026-10-08T18:32:36.065012+00:00
AD000746,AC000579,T2,71,,Nehru Colony,970203,2717.5,908.5,baseline_street,162.1,VISIT_WITH_HINT,Opposite Ration Shop (about 190 m from pin),,False,2026-10-08T18:32:36.065012+00:00
AD000748,AC000580,T1,138,5th main,Kuvempu Layout,960102,832.6,-2618.4,cross_account_inferred,75.0,DIRECT_VISIT,,,False,2026-10-08T18:32:36.065012+00:00
AD000749,AC000581,T3,330,,Orchid Enclave,980301,-178.4,-3427.7,visits_agree,47.9,DIRECT_VISIT,,,True,2026-10-08T18:32:36.065012+00:00
AD000750,AC000581,T3,,,Sunrise Enclave,980304,-52.2,3155.0,visit_1,77.4,DIRECT_VISIT,,,False,2026-10-08T18:32:36.065012+00:00
AD000751,AC000582,T2,388,,Gandhi Basti,970203,1185.1,1388.5,baseline_coarse,3710.3,VERIFY_FIRST,,,False,2026-10-08T18:32:36.065012+00:00
AD000752,AC000582,T2,472,gali 5,Ambedkar Nagar,970204,-740.1,2565.6,landmark,357.8,VISIT_WITH_HINT,Near Medical Store (pin is a guess near this landmark),,False,2026-10-08T18:32:36.065012+00:00
AD000753,AC000583,T1,13/1,,Nehru Colony,,2836.7,-2601.8,visits_agree,47.9,DIRECT_VISIT,,,True,2026-10-08T18:32:36.065012+00:00
AD000754,AC000584,T2,351,,,970203,1522.1,1955.0,baseline_coarse,3710.3,VERIFY_FIRST,,,False,2026-10-08T18:32:36.065012+00:00
AD000755,AC000585,T2,317,gali no. 3,Shivaji Nagar,970202,647.5,-2633.2,landmark,357.8,VISIT_WITH_HINT,Near Medical Store (pin is a guess near this landmark),,True,2026-10-08T18:32:36.065012+00:00
AD000756,AC000586,T2,263,263 gali,Patel Nagar,970202,1348.2,-2073.0,visits_disagree,387.8,VISIT_WITH_HINT,Opposite Milk Dairy (about 80 m from pin),,True,2026-10-08T18:32:36.065012+00:00
AD000757,AC000587,T2,12,gali no. 12,Krishna Puri,970202,1500.5,-1602.1,cross_account_inferred,75.0,DIRECT_VISIT,,,False,2026-10-08T18:32:36.065012+00:00
AD000758,AC000588,T2,,,Shivaji Nagar,970202,544.9,-3023.5,baseline_coarse,3710.3,VERIFY_FIRST,,,False,2026-10-08T18:32:36.065012+00:00
AD000759,AC000589,T2,,gali 6,Ram Nagar,970203,3138.7,562.4,visits_agree,47.9,DIRECT_VISIT,,,False,2026-10-08T18:32:36.065012+00:00
AD000760,AC000590,T1,,3rd cross; 5th main,Nehru Colony,960102,2746.4,-2472.3,cross_account_inferred,75.0,DIRECT_VISIT,,,True,2026-10-08T18:32:36.065012+00:00
AD000761,AC000590,T1,,7th x,Vidya Nagar,960103,2695.1,1080.9,visit_1,77.4,DIRECT_VISIT,Near Masjid (about 140 m from pin),,False,2026-10-08T18:32:36.065012+00:00
AD000762,AC000591,T3,,,Silver Oak Layout,980301,-2604.3,-560.8,baseline_street,162.1,VISIT_WITH_HINT,,,False,2026-10-08T18:32:36.065012+00:00
AD000763,AC000591,T3,162,,Palm Meadows,980302,3205.8,-1685.6,landmark,357.8,VISIT_WITH_HINT,Near Post Office (pin is a guess near this landmark),,False,2026-10-08T18:32:36.065012+00:00
AD000764,AC000592,T1,,9th cross; 3rd main,Gandhi Nagar,960102,677.7,-2777.8,landmark,357.8,VISIT_WITH_HINT,Behind Ration Shop (pin is a guess near this landmark),,False,2026-10-08T18:32:36.065012+00:00
AD000765,AC000593,T3,,,HMT Colony,980301,-853.4,-708.6,landmark,357.8,VISIT_WITH_HINT,Opposite Ration Shop (pin is a guess near this landmark),,False,2026-10-08T18:32:36.065012+00:00
AD000766,AC000593,T3,77,,Palm Meadows,980302,3205.8,-1685.6,landmark,357.8,VISIT_WITH_HINT,Near Post Office (pin is a guess near this landmark),,False,2026-10-08T18:32:36.065012+00:00
AD000767,AC000594,T1,36,8th cross; 5th main,Gandhi Nagar,960102,787.1,-2816.4,baseline_street,162.1,VISIT_WITH_HINT,,,True,2026-10-08T18:32:36.065012+00:00
AD000768,AC000595,T2,113,gali 3,Krishna Puri,970202,2644.5,-1595.6,visits_agree,47.9,DIRECT_VISIT,,,True,2026-10-08T18:32:36.065012+00:00
AD000769,AC000596,T2,476,,Tilak Nagar,970204,-643.5,1512.2,landmark,357.8,VISIT_WITH_HINT,Opposite Petrol Bunk (pin is a guess near this landmark),,False,2026-10-08T18:32:36.065012+00:00
AD000770,AC000597,T2,-12,,Krishna Puri,970202,2524.4,-500.7,baseline_street,162.1,VISIT_WITH_HINT,,,False,2026-10-08T18:32:36.065012+00:00
AD000771,AC000598,T3,,,Teachers Colony,980302,824.7,-713.9,visits_agree,47.9,DIRECT_VISIT,,,False,2026-10-08T18:32:36.065012+00:00
AD000772,AC000598,T3,,,Sunrise Enclave,980304,-402.8,3230.6,landmark,357.8,VISIT_WITH_HINT,Near Water Tank (pin is a guess near this landmark),,False,2026-10-08T18:32:36.065012+00:00
AD000773,AC000599,T2,-1,,Patel Nagar,970202,1346.4,-2520.7,landmark,357.8,VISIT_WITH_HINT,Near Masjid (pin is a guess near this landmark),,False,2026-10-08T18:32:36.065012+00:00
AD000774,AC000600,T3,107,d block; 2nd rd,Railway Colony,980304,-2664.2,1728.2,visits_agree,47.9,DIRECT_VISIT,,,False,2026-10-08T18:32:36.065012+00:00
AD000775,AC000601,T3,419,5th rd,HMT Colony,980301,-635.7,-339.6,visit_1,77.4,DIRECT_VISIT,,,False,2026-10-08T18:32:36.065012+00:00
AD000776,AC000602,T3,121,,Lakeview Phase 2,980303,3745.4,207.6,baseline_coarse,3710.3,VERIFY_FIRST,,,False,2026-10-08T18:32:36.065012+00:00
AD000778,AC000603,T1,476,6th main,Siddeshwara Colony,960102,2937.0,-2465.7,cross_account_inferred,75.0,DIRECT_VISIT,,,False,2026-10-08T18:32:36.065012+00:00
AD000779,AC000604,T1,,,Vidya Nagar,960103,2201.8,847.3,visits_disagree,387.8,VISIT_WITH_HINT,Near Govt School (about 90 m from pin),,True,2026-10-08T18:32:36.065012+00:00
AD000780,AC000604,T1,206,3rd; 5th main,Gandhi Nagar,960102,1792.9,-2883.6,cross_account_inferred,75.0,DIRECT_VISIT,,,False,2026-10-08T18:32:36.065012+00:00
AD000781,AC000605,T3,165,,Lakeview Phase 2,980303,3755.4,504.7,visits_agree,47.9,DIRECT_VISIT,Near Bus Stop (about 100 m from pin),,False,2026-10-08T18:32:36.065012+00:00
AD000782,AC000606,T1,33,4th main,Gandhi Nagar,960102,652.9,-2631.4,visits_agree,47.9,DIRECT_VISIT,,,True,2026-10-08T18:32:36.065012+00:00
AD000783,AC000606,T1,,5th main,Gandhi Nagar,960102,772.4,-2604.8,visit_1,77.4,DIRECT_VISIT,,,False,2026-10-08T18:32:36.065012+00:00
AD000784,AC000607,T3,,a block; 1st rd,Defence Colony,980301,-1113.1,-1993.6,baseline_coarse,3710.3,VERIFY_FIRST,,,False,2026-10-08T18:32:36.065012+00:00
AD000785,AC000608,T1,46,,,960102,2440.5,-2251.4,visits_agree,47.9,DIRECT_VISIT,Near Masjid (about 180 m from pin),,True,2026-10-08T18:32:36.065012+00:00
AD000787,AC000609,T3,232,b block; 2nd rd,Teachers Colony,980302,1077.0,-1175.3,visits_agree,47.9,DIRECT_VISIT,,,True,2026-10-08T18:32:36.065012+00:00
AD000788,AC000610,T1,102,10th cross; 3rd main,Kuvempu Layout,960102,747.1,70.2,landmark,357.8,VISIT_WITH_HINT,Near Community Hall (pin is a guess near this landmark),,True,2026-10-08T18:32:36.065012+00:00
AD000789,AC000611,T3,,,Silver Oak Layout,980301,-2824.0,-318.6,baseline_coarse,3710.3,VERIFY_FIRST,,,False,2026-10-08T18:32:36.065012+00:00
AD000790,AC000612,T2,8,gali no. 8,Azad Mohalla,970203,1097.3,2655.1,landmark,357.8,VISIT_WITH_HINT,Near Bus Stop (pin is a guess near this landmark),,True,2026-10-08T18:32:36.065012+00:00
AD000791,AC000613,T1,341/2,7th main,Nehru Colony,960102,3030.2,-2330.6,baseline_street,162.1,VISIT_WITH_HINT,Near Hanuman Temple (about 160 m from pin),,False,2026-10-08T18:32:36.065012+00:00
AD000792,AC000614,T2,4,gali no. 4,Gandhi Basti,970203,926.3,2478.7,visits_agree,47.9,DIRECT_VISIT,,,True,2026-10-08T18:32:36.065012+00:00
AD000793,AC000614,T2,2,gali no. 2,Tilak Nagar,970204,-310.8,990.8,landmark,357.8,VISIT_WITH_HINT,Opposite Masjid (pin is a guess near this landmark),,False,2026-10-08T18:32:36.065012+00:00
AD000794,AC000615,T2,11,gali no. 11,,970204,2167.8,2230.7,baseline_street,162.1,VISIT_WITH_HINT,Near Govt School (about 160 m from pin),,False,2026-10-08T18:32:36.065012+00:00
AD000795,AC000616,T3,,,Silver Oak Layout,980301,-2885.9,186.5,visit_1,77.4,DIRECT_VISIT,,,False,2026-10-08T18:32:36.065012+00:00
AD000797,AC000617,T2,7,1 gali,Krishna Puri,970202,2494.7,-1148.9,visits_agree,47.9,DIRECT_VISIT,Opposite Post Office (about 60 m from pin),,False,2026-10-08T18:32:36.065012+00:00
AD000798,AC000618,T2,37,,Gandhi Basti,970203,845.5,1301.3,baseline_coarse,3710.3,VERIFY_FIRST,,,False,2026-10-08T18:32:36.065012+00:00
AD000799,AC000618,T2,330,,Indira Colony,970202,1253.6,-276.9,visits_agree,47.9,DIRECT_VISIT,Behind Bus Stop (about 80 m from pin),,False,2026-10-08T18:32:36.065012+00:00
AD000800,AC000619,T1,,3rd; 3rd main,Kuvempu Layout,,641.1,-178.9,baseline_coarse,3710.3,VERIFY_FIRST,,,False,2026-10-08T18:32:36.065012+00:00
AD000801,AC000620,T3,,f block; 3rd road,Teachers Colony,980302,1204.9,-530.1,visit_1,77.4,DIRECT_VISIT,,,False,2026-10-08T18:32:36.065012+00:00
AD000802,AC000621,T1,185/3,,Kuvempu Layout,960102,1576.0,-242.5,visits_agree,47.9,DIRECT_VISIT,,,False,2026-10-08T18:32:36.065012+00:00
AD000803,AC000621,T1,422,4th cross; 5th main,Hosa Badavane,960101,-354.0,-1397.5,visit_1,77.4,DIRECT_VISIT,,,False,2026-10-08T18:32:36.065012+00:00
AD000804,AC000622,T3,,5th rd,Silver Oak Layout,980301,-2333.0,-3.2,baseline_street,162.1,VISIT_WITH_HINT,,,False,2026-10-08T18:32:36.065012+00:00
AD000805,AC000622,T3,313,,Green Park Layout,980301,-3663.3,-1063.1,baseline_coarse,3710.3,VERIFY_FIRST,,,False,2026-10-08T18:32:36.065012+00:00
AD000806,AC000623,T2,171,gali no. 3,Ram Nagar,970203,583.8,2597.4,cross_account_inferred,75.0,DIRECT_VISIT,,,False,2026-10-08T18:32:36.065012+00:00
AD000807,AC000624,T3,,4th rd,,980304,-1165.1,-1839.0,baseline_coarse,3710.3,VERIFY_FIRST,,,False,2026-10-08T18:32:36.065012+00:00
AD000808,AC000625,T3,,,Sunrise Enclave,980304,-711.1,3387.9,visits_agree,47.9,DIRECT_VISIT,Opposite Park (about 110 m from pin),,True,2026-10-08T18:32:36.065012+00:00
AD000809,AC000626,T1,335,1st main,Kuvempu Layout,960102,671.4,81.3,visits_agree,47.9,DIRECT_VISIT,Near Bus Stop (pin is at this landmark),,False,2026-10-08T18:32:36.065012+00:00
AD000810,AC000627,T1,67,4th cross; 8th main,Gandhi Nagar,960102,1147.2,-3177.1,visits_agree,47.9,DIRECT_VISIT,,,True,2026-10-08T18:32:36.065012+00:00
AD000812,AC000628,T1,209,2nd main,,960101,-1248.8,-2714.3,visits_agree,47.9,DIRECT_VISIT,,,False,2026-10-08T18:32:36.065012+00:00
AD000813,AC000629,T1,154/1,7th cross,Nehru Colony,960102,3057.6,-2283.1,visits_agree,47.9,DIRECT_VISIT,Near Ration Shop (about 130 m from pin),,False,2026-10-08T18:32:36.065012+00:00
AD000814,AC000630,T1,,10th cross; 1st main,,960101,-1196.1,-2249.7,baseline_coarse,3710.3,VERIFY_FIRST,,,False,2026-10-08T18:32:36.065012+00:00
AD000815,AC000631,T3,455,5th rd,Palm Meadows,980302,3556.8,-2221.6,cross_account_inferred,75.0,DIRECT_VISIT,,,False,2026-10-08T18:32:36.065012+00:00
AD000816,AC000632,T2,8,gali no. 8,Azad Mohalla,970203,1097.3,2655.1,landmark,357.8,VISIT_WITH_HINT,Near Bus Stop (pin is a guess near this landmark),,False,2026-10-08T18:32:36.065012+00:00
AD000817,AC000633,T2,,,Patel Nagar,970202,1299.6,-1924.1,visits_disagree,387.8,VISIT_WITH_HINT,Near Milk Dairy (about 120 m from pin),,True,2026-10-08T18:32:36.065012+00:00
AD000818,AC000634,T2,428,,Indira Colony,970220,1136.9,-100.0,baseline_coarse,3710.3,VERIFY_FIRST,,,False,2026-10-08T18:32:36.065012+00:00
AD000819,AC000634,T2,-9,,Krishna Puri,970202,3020.4,-1138.3,baseline_street,162.1,VISIT_WITH_HINT,,,False,2026-10-08T18:32:36.065012+00:00
AD000820,AC000635,T1,209,7th cross; 1st main,Nehru Colony,960102,2418.5,-2001.4,baseline_street,162.1,VISIT_WITH_HINT,,,False,2026-10-08T18:32:36.065012+00:00
AD000821,AC000636,T2,421,421 gali,Patel Nagar,,1041.5,-1855.2,landmark,357.8,VISIT_WITH_HINT,Opposite Ration Shop (pin is a guess near this landmark),,True,2026-10-08T18:32:36.065012+00:00
AD000822,AC000637,T1,,9th cross; 2nd main,Gandhi Nagar,960102,440.4,-2877.7,visits_agree,47.9,DIRECT_VISIT,,,False,2026-10-08T18:32:36.065012+00:00
AD000823,AC000637,T1,,11th cross; 3rd main,Vinayaka Nagar,960104,-3083.2,1414.7,landmark,357.8,VISIT_WITH_HINT,Opposite Community Hall (pin is a guess near this landmark),,False,2026-10-08T18:32:36.065012+00:00
AD000824,AC000638,T3,284,,,980302,1593.3,-1926.2,baseline_coarse,3710.3,VERIFY_FIRST,,,True,2026-10-08T18:32:36.065012+00:00
AD000825,AC000639,T3,,,Railway Colony,980304,-2212.5,1138.5,visits_agree,47.9,DIRECT_VISIT,,,True,2026-10-08T18:32:36.065012+00:00
AD000826,AC000640,T1,,4th cross; 7th main,Basava Nagar,960101,-1048.8,-3124.8,baseline_coarse,3710.3,VERIFY_FIRST,,,False,2026-10-08T18:32:36.065012+00:00
AD000827,AC000641,T3,,,,980303,3161.3,-2444.6,visit_1,77.4,DIRECT_VISIT,Opposite Milk Dairy (about 170 m from pin),,True,2026-10-08T18:32:36.065012+00:00
AD000828,AC000641,T3,129/1,e block; 6th road,,980301,-1817.4,-1413.1,baseline_coarse,3710.3,VERIFY_FIRST,,,True,2026-10-08T18:32:36.065012+00:00
AD000829,AC000642,T2,351,,Ram Nagar,,362.5,-0.4,baseline_coarse,3710.3,VERIFY_FIRST,,,False,2026-10-08T18:32:36.065012+00:00
AD000830,AC000643,T1,104,2nd x; 4th main,Vidya Nagar,960103,2501.5,624.9,visits_agree,47.9,DIRECT_VISIT,,,True,2026-10-08T18:32:36.065012+00:00
AD000831,AC000644,T1,,10th cross; 2nd main,Ashoka Layout,960104,-1522.9,552.2,baseline_street,162.1,VISIT_WITH_HINT,,,False,2026-10-08T18:32:36.065012+00:00
AD000832,AC000645,T1,454,8th main,Nehru Colony,,3288.8,-2147.0,visit_1,77.4,DIRECT_VISIT,,,True,2026-10-08T18:32:36.065012+00:00
AD000833,AC000646,T3,,1st road,Silver Oak Layout,980301,-2847.1,-569.9,landmark,357.8,VISIT_WITH_HINT,Near Bus Stop (pin is a guess near this landmark),,False,2026-10-08T18:32:36.065012+00:00
AD000834,AC000647,T3,297,,Palm Meadows,980302,3346.5,-1801.1,baseline_coarse,3710.3,VERIFY_FIRST,,,False,2026-10-08T18:32:36.065012+00:00
AD000835,AC000648,T2,187,gali no. 3,Indira Colony,970202,1650.6,-2312.0,cross_account_inferred,75.0,DIRECT_VISIT,,,False,2026-10-08T18:32:36.065012+00:00
AD000836,AC000649,T1,,,Kuvempu Layout,960102,821.2,-588.2,visits_agree,47.9,DIRECT_VISIT,,,True,2026-10-08T18:32:36.065012+00:00
AD000837,AC000650,T1,110,2nd main,,960101,-1248.8,-2714.3,cross_account_inferred,75.0,DIRECT_VISIT,,,True,2026-10-08T18:32:36.065012+00:00
AD000838,AC000650,T1,,9th cross; 7th main,Vinayaka Nagar,960104,-2559.7,1431.3,baseline_street,162.1,VISIT_WITH_HINT,,,False,2026-10-08T18:32:36.065012+00:00
AD000839,AC000651,T2,384/2,,Azad Mohalla,970203,1071.1,2727.5,baseline_coarse,3710.3,VERIFY_FIRST,,,False,2026-10-08T18:32:36.065012+00:00
AD000840,AC000652,T1,,5th cross; 8th main,,960102,3083.1,-2465.6,visits_agree,47.9,DIRECT_VISIT,,,True,2026-10-08T18:32:36.065012+00:00
AD000841,AC000653,T2,2,gali no. 2,Patel Nagar,,1842.0,-2354.1,visits_agree,47.9,DIRECT_VISIT,Near Medical Store (about 120 m from pin),,True,2026-10-08T18:32:36.065012+00:00
AD000842,AC000653,T2,135,gali 8,Gandhi Basti,970023,848.6,1316.9,visit_1,77.4,DIRECT_VISIT,,,False,2026-10-08T18:32:36.065012+00:00
AD000843,AC000654,T1,55,1st cross; 5th main,,960102,2732.8,-2595.5,visit_1,77.4,DIRECT_VISIT,,,True,2026-10-08T18:32:36.065012+00:00
AD000844,AC000655,T1,352,4th cross; 2nd main,Siddeshwara Colony,960102,1982.8,-1241.6,landmark,357.8,VISIT_WITH_HINT,Near Hanuman Temple (pin is a guess near this landmark),,False,2026-10-08T18:32:36.065012+00:00
AD000845,AC000655,T1,,8th x; 5th main,,960102,1289.8,-1903.6,baseline_coarse,3710.3,VERIFY_FIRST,,,False,2026-10-08T18:32:36.065012+00:00
AD000846,AC000656,T2,218,gali 2,,970201,-1855.9,-3256.5,visits_agree,47.9,DIRECT_VISIT,,,True,2026-10-08T18:32:36.065012+00:00
AD000847,AC000657,T1,,8th cross; 7th main,Gandhi Nagar,960102,592.5,-3169.5,baseline_coarse,3710.3,VERIFY_FIRST,,,False,2026-10-08T18:32:36.065012+00:00
AD000848,AC000658,T3,301/1,e block; 4th road,Orchid Enclave,980301,-568.0,-3271.2,landmark,357.8,VISIT_WITH_HINT,Near Park (pin is a guess near this landmark),,False,2026-10-08T18:32:36.065012+00:00
AD000849,AC000658,T3,,,Green Park Layout,980301,-3921.2,-577.0,landmark,357.8,VISIT_WITH_HINT,Near Community Hall (pin is a guess near this landmark),,False,2026-10-08T18:32:36.065012+00:00
AD000850,AC000659,T3,,,,980302,3761.8,228.6,visits_agree,47.9,DIRECT_VISIT,,,False,2026-10-08T18:32:36.065012+00:00
AD000851,AC000660,T2,41,,Nehru Colony,970203,2958.1,214.7,landmark,357.8,VISIT_WITH_HINT,Near Community Hall (pin is a guess near this landmark),,False,2026-10-08T18:32:36.065012+00:00
AD000852,AC000661,T3,115,,,980302,-2726.9,-8.1,visit_1,77.4,DIRECT_VISIT,,,True,2026-10-08T18:32:36.065012+00:00
AD000853,AC000661,T3,,,Green Park Layout,980301,-3688.7,-857.1,baseline_coarse,3710.3,VERIFY_FIRST,,,False,2026-10-08T18:32:36.065012+00:00
AD000854,AC000662,T2,,,Patel Nagar,970202,1290.3,-2463.5,visits_agree,47.9,DIRECT_VISIT,Near Masjid (about 80 m from pin),,True,2026-10-08T18:32:36.065012+00:00
AD000855,AC000662,T2,50,,Azad Mohalla,970203,907.5,2586.7,landmark,357.8,VISIT_WITH_HINT,Near Govt School (pin is a guess near this landmark),,False,2026-10-08T18:32:36.065012+00:00
AD000856,AC000663,T3,,c block; 4th road,HMT Colony,980301,-574.7,-866.8,visits_agree,47.9,DIRECT_VISIT,,,True,2026-10-08T18:32:36.065012+00:00
AD000857,AC000664,T2,1,61 gali,Indira Colony,970202,1063.8,-332.3,landmark,357.8,VISIT_WITH_HINT,Behind Park (pin is a guess near this landmark),,False,2026-10-08T18:32:36.065012+00:00
AD000858,AC000665,T3,,1st road,Defence Colony,980301,-1270.3,-1990.4,baseline_street,162.1,VISIT_WITH_HINT,Behind Ganesh Temple (about 130 m from pin),,False,2026-10-08T18:32:36.065012+00:00
AD000860,AC000666,T2,-10,,Patel Nagar,970202,1341.0,-1838.8,visits_agree,47.9,DIRECT_VISIT,,,False,2026-10-08T18:32:36.065012+00:00
AD000861,AC000667,T2,,,Nehru Colony,970203,3050.0,593.8,baseline_coarse,3710.3,VERIFY_FIRST,,,False,2026-10-08T18:32:36.065012+00:00
AD000862,AC000668,T1,259,,Kalyana Nagar,960104,-2012.6,2454.5,baseline_coarse,3710.3,VERIFY_FIRST,,,False,2026-10-08T18:32:36.065012+00:00
AD000863,AC000669,T2,-11,,Patel Nagar,970202,1817.8,-1642.3,baseline_street,162.1,VISIT_WITH_HINT,,,True,2026-10-08T18:32:36.065012+00:00
AD000864,AC000670,T2,366,,Subhash Nagar,970201,-1765.0,-2809.4,baseline_coarse,3710.3,VERIFY_FIRST,,,False,2026-10-08T18:32:36.065012+00:00
AD000865,AC000671,T3,,,Railway Colony,980304,-2528.7,1618.7,baseline_coarse,3710.3,VERIFY_FIRST,,,False,2026-10-08T18:32:36.065012+00:00
AD000866,AC000672,T2,-5,,Patel Nagar,970202,1560.3,-1972.3,visits_disagree,387.8,VISIT_WITH_HINT,,,False,2026-10-08T18:32:36.065012+00:00
AD000867,AC000673,T1,257/1,3rd; 7th main,Nehru Colony,960102,2908.6,-2554.9,visits_agree,47.9,DIRECT_VISIT,,,True,2026-10-08T18:32:36.065012+00:00
AD000868,AC000674,T2,-12,,Indira Colony,970202,811.5,354.9,visits_agree,47.9,DIRECT_VISIT,,,False,2026-10-08T18:32:36.065012+00:00
AD000869,AC000675,T3,,2nd road,Railway Colony,980304,-2048.6,1559.5,visits_disagree,387.8,VISIT_WITH_HINT,Near Ganesh Temple (about 80 m from pin),,True,2026-10-08T18:32:36.065012+00:00
AD000870,AC000676,T3,,,Palm Meadows,980302,3333.9,-2400.5,visits_agree,47.9,DIRECT_VISIT,,,True,2026-10-08T18:32:36.065012+00:00
AD000871,AC000677,T2,7,gali no. 7,Krishna Puri,970202,2441.1,-1253.6,landmark,357.8,VISIT_WITH_HINT,Near Govt School (pin is a guess near this landmark),,False,2026-10-08T18:32:36.065012+00:00
AD000872,AC000677,T2,207,,Ram Nagar,970203,2110.1,2097.2,baseline_street,162.1,VISIT_WITH_HINT,Opposite Govt School (about 40 m from pin),,False,2026-10-08T18:32:36.065012+00:00
AD000873,AC000678,T1,13,3rd cross,Vinayaka Nagar,960104,-2585.4,997.2,cross_account_inferred,75.0,DIRECT_VISIT,,,False,2026-10-08T18:32:36.065012+00:00
AD000874,AC000679,T3,,,Green Park Layout,980301,-3861.3,-583.6,visits_agree,47.9,DIRECT_VISIT,,,False,2026-10-08T18:32:36.065012+00:00
AD000875,AC000680,T3,,4th road,Lakeview Phase 2,980303,3866.0,551.9,baseline_coarse,3710.3,VERIFY_FIRST,,,False,2026-10-08T18:32:36.065012+00:00
AD000876,AC000681,T3,377,f block; 5th rd,,980301,-1367.6,-1285.1,baseline_coarse,3710.3,VERIFY_FIRST,,,False,2026-10-08T18:32:36.065012+00:00
AD000877,AC000682,T3,479,,,980302,1222.7,-2021.7,baseline_coarse,3710.3,VERIFY_FIRST,,,False,2026-10-08T18:32:36.065012+00:00
AD000878,AC000683,T1,250,5th cross; 5th main,Kalyana Nagar,960104,2769.9,-2321.9,cross_account_inferred,75.0,DIRECT_VISIT,Opposite Community Hall (about 200 m from pin),,False,2026-10-08T18:32:36.065012+00:00
AD000879,AC000684,T3,,,,980302,-478.1,-3616.1,baseline_coarse,3710.3,VERIFY_FIRST,,,False,2026-10-08T18:32:36.065012+00:00
AD000880,AC000685,T1,26,5th cross; 1st main,Nehru Colony,960102,2323.4,-2387.1,landmark,357.8,VISIT_WITH_HINT,Near Masjid (pin is a guess near this landmark),,False,2026-10-08T18:32:36.065012+00:00
AD000881,AC000686,T1,192,,Anjaneya Badavane,960103,553.6,2268.1,baseline_coarse,3710.3,VERIFY_FIRST,,,False,2026-10-08T18:32:36.065012+00:00
AD000882,AC000686,T1,370,,Anjaneya Badavane,960103,345.8,2454.5,landmark,357.8,VISIT_WITH_HINT,Opposite Ganesh Temple (pin is a guess near this landmark),,False,2026-10-08T18:32:36.065012+00:00
AD000883,AC000687,T2,89,gali no. 7,Nehru Colony,970203,3111.2,474.2,baseline_coarse,3710.3,VERIFY_FIRST,,,False,2026-10-08T18:32:36.065012+00:00
AD000884,AC000688,T2,467,,Azad Mohalla,970203,935.3,2747.0,visit_1,77.4,DIRECT_VISIT,Near Govt School (about 160 m from pin),,False,2026-10-08T18:32:36.065012+00:00
AD000885,AC000689,T3,,3rd road,Palm Meadows,980302,3200.4,-2340.5,visit_1,77.4,DIRECT_VISIT,Near Milk Dairy (about 150 m from pin),,False,2026-10-08T18:32:36.065012+00:00
AD000886,AC000690,T2,,gali 8,Indira Colony,,748.2,117.3,visit_1,77.4,DIRECT_VISIT,,,False,2026-10-08T18:32:36.065012+00:00
AD000888,AC000691,T1,264,6th cross; 4th main,Gandhi Nagar,960102,740.2,-3077.2,landmark,357.8,VISIT_WITH_HINT,Opposite Community Hall (pin is a guess near this landmark),,False,2026-10-08T18:32:36.065012+00:00
AD000889,AC000691,T1,411,4th cross; 7th main,Nehru Colony,960102,3004.2,-2511.3,cross_account_inferred,75.0,DIRECT_VISIT,,,False,2026-10-08T18:32:36.065012+00:00
AD000890,AC000692,T2,112/1,,Ambedkar Nagar,970204,-661.4,3352.0,baseline_street,162.1,VISIT_WITH_HINT,Near Hanuman Temple (about 130 m from pin),,False,2026-10-08T18:32:36.065012+00:00
AD000891,AC000692,T2,170,,,970201,-1316.2,-1522.3,baseline_coarse,3710.3,VERIFY_FIRST,,,False,2026-10-08T18:32:36.065012+00:00
AD000892,AC000693,T3,162,,Orchid Enclave,980301,-272.4,-3176.9,baseline_street,162.1,VISIT_WITH_HINT,,,False,2026-10-08T18:32:36.065012+00:00
AD000894,AC000694,T3,,,Teachers Colony,980302,1233.3,-1108.1,baseline_street,162.1,VISIT_WITH_HINT,,,False,2026-10-08T18:32:36.065012+00:00
AD000895,AC000695,T1,,6th cross; 5th main,Anjaneya Badavane,960103,410.3,2335.9,visits_agree,47.9,DIRECT_VISIT,,,True,2026-10-08T18:32:36.065012+00:00
AD000897,AC000696,T2,113,gali 2,Patel Nagar,970202,1606.0,-2536.8,visits_agree,47.9,DIRECT_VISIT,,Blue gate house,False,2026-10-08T18:32:36.065012+00:00
AD000898,AC000697,T1,,2nd cross; 8th main,Gandhi Nagar,960102,1171.9,-3321.3,visit_1,77.4,DIRECT_VISIT,,,False,2026-10-08T18:32:36.065012+00:00
AD000899,AC000698,T3,,6th road,,980302,2155.4,-2099.7,baseline_coarse,3710.3,VERIFY_FIRST,,,False,2026-10-08T18:32:36.065012+00:00
AD000900,AC000698,T3,252,1st road,Silver Oak Layout,980301,-2505.6,-92.4,landmark,357.8,VISIT_WITH_HINT,Near Govt School (pin is a guess near this landmark),,False,2026-10-08T18:32:36.065012+00:00
AD000901,AC000699,T2,,,Patel Nagar,970202,1882.3,-2148.6,visit_1,77.4,DIRECT_VISIT,,,False,2026-10-08T18:32:36.065012+00:00
AD000902,AC000700,T2,,,Azad Mohalla,970203,770.8,2982.7,visit_1,77.4,DIRECT_VISIT,Near Petrol Bunk (about 180 m from pin),,True,2026-10-08T18:32:36.065012+00:00
AD000903,AC000701,T1,,1st cross; 8th main,Nehru Colony,960012,2979.1,-2751.0,visits_disagree,387.8,VISIT_WITH_HINT,,,False,2026-10-08T18:32:36.065012+00:00
AD000904,AC000701,T1,267,10th cross; 6th main,Gandhi Nagar,960102,904.5,-2897.9,visits_agree,47.9,DIRECT_VISIT,,,False,2026-10-08T18:32:36.065012+00:00
AD000905,AC000702,T3,196,,Royal Gardens,980303,426.2,1688.8,baseline_street,162.1,VISIT_WITH_HINT,,,False,2026-10-08T18:32:36.065012+00:00
AD000906,AC000702,T3,319,,Lakeview Phase 2,980303,3489.7,434.3,baseline_coarse,3710.3,VERIFY_FIRST,,,False,2026-10-08T18:32:36.065012+00:00
AD000907,AC000703,T3,315,,Palm Meadows,980302,3348.3,-1913.4,baseline_coarse,3710.3,VERIFY_FIRST,,,False,2026-10-08T18:32:36.065012+00:00
AD000908,AC000704,T2,,,Ram Nagar,970203,2324.8,2017.9,baseline_coarse,3710.3,VERIFY_FIRST,,,False,2026-10-08T18:32:36.065012+00:00
AD000910,AC000705,T1,,2nd cross; 4th main,Nehru Colony,960102,2538.0,-2371.9,baseline_street,162.1,VISIT_WITH_HINT,,,False,2026-10-08T18:32:36.065012+00:00
AD000911,AC000705,T1,281,2nd cross; 1st main,Hosa Badavane,960101,-548.4,-1445.6,landmark,357.8,VISIT_WITH_HINT,Near Park (pin is a guess near this landmark),,False,2026-10-08T18:32:36.065012+00:00
AD000912,AC000706,T2,148,gali no. 12,Patel Nagar,,1443.0,-1665.7,visit_1,77.4,DIRECT_VISIT,,,False,2026-10-08T18:32:36.065012+00:00
AD000913,AC000707,T3,,,Teachers Colony,980302,629.3,-841.6,visit_1,77.4,DIRECT_VISIT,Near Bus Stop (about 100 m from pin),,False,2026-10-08T18:32:36.065012+00:00
AD000914,AC000708,T2,4,gali no. 4,Patel Nagar,970202,1805.9,-2198.5,cross_account_inferred,75.0,DIRECT_VISIT,,,False,2026-10-08T18:32:36.065012+00:00
AD000915,AC000709,T3,,,Defence Colony,980301,-740.9,-771.4,visits_agree,47.9,DIRECT_VISIT,,,True,2026-10-08T18:32:36.065012+00:00
AD000916,AC000710,T1,,11th cross; 1st main,Siddeshwara Colony,960102,2016.2,-757.8,baseline_coarse,3710.3,VERIFY_FIRST,,,False,2026-10-08T18:32:36.065012+00:00
AD000917,AC000711,T2,,gali 2,Azad Mohalla,970203,2820.9,142.7,cross_account_inferred,75.0,DIRECT_VISIT,,,True,2026-10-08T18:32:36.065012+00:00
AD000918,AC000711,T2,,gali 5,Ram Nagar,970203,2135.7,1706.9,visits_agree,47.9,DIRECT_VISIT,Behind Community Hall (about 100 m from pin),,True,2026-10-08T18:32:36.065012+00:00
AD000919,AC000712,T1,,,,960101,3005.0,-2518.7,visits_disagree,387.8,VISIT_WITH_HINT,,,True,2026-10-08T18:32:36.065012+00:00
AD000920,AC000712,T1,401,8th x; 4th main,,960104,-1419.5,580.8,visits_disagree,387.8,VISIT_WITH_HINT,,,False,2026-10-08T18:32:36.065012+00:00
AD000921,AC000713,T2,3,gali no. 3,Patel Nagar,970202,1712.0,-2294.5,visit_1,77.4,DIRECT_VISIT,,,True,2026-10-08T18:32:36.065012+00:00
AD000922,AC000713,T2,175/1,,Subhash Nagar,970201,-1539.7,-2789.7,baseline_coarse,3710.3,VERIFY_FIRST,,,True,2026-10-08T18:32:36.065012+00:00
AD000923,AC000714,T1,457,2nd cross; 2nd main,Gandhi Nagar,960102,541.7,-3399.3,visits_agree,47.9,DIRECT_VISIT,,,False,2026-10-08T18:32:36.065012+00:00
AD000924,AC000715,T2,220,,Shivaji Nagar,970202,505.6,-2716.2,visits_disagree,387.8,VISIT_WITH_HINT,Near Medical Store (about 160 m from pin),,False,2026-10-08T18:32:36.065012+00:00
AD000925,AC000716,T2,71,71 gali,Patel Nagar,970202,1210.5,-1699.2,baseline_street,162.1,VISIT_WITH_HINT,,,False,2026-10-08T18:32:36.065012+00:00
AD000926,AC000717,T3,,f block; 3rd road,Teachers Colony,980302,1127.1,-622.5,baseline_street,162.1,VISIT_WITH_HINT,,,False,2026-10-08T18:32:36.065012+00:00
AD000927,AC000718,T2,362,,Krishna Puri,970202,2577.3,-1320.1,landmark,357.8,VISIT_WITH_HINT,Near Water Tank (pin is a guess near this landmark),,False,2026-10-08T18:32:36.065012+00:00
AD000928,AC000719,T1,,6th main,Vidya Nagar,960103,2843.8,757.1,landmark,357.8,VISIT_WITH_HINT,Opposite Ration Shop (pin is a guess near this landmark),,False,2026-10-08T18:32:36.065012+00:00
AD000929,AC000720,T1,278,12th cross; 1st main,,960102,2145.7,-1099.4,cross_account_inferred,75.0,DIRECT_VISIT,,,False,2026-10-08T18:32:36.065012+00:00
AD000930,AC000721,T1,364/2,10th cross; 8th main,Vinayaka Nagar,960104,-2604.8,1544.8,visit_1,77.4,DIRECT_VISIT,,,False,2026-10-08T18:32:36.065012+00:00
AD000932,AC000722,T3,,,,980303,-3669.6,-1081.6,baseline_coarse,3710.3,VERIFY_FIRST,,,False,2026-10-08T18:32:36.065012+00:00
AD000933,AC000723,T2,-7,73 gali,Patel Nagar,,1440.8,-1984.6,landmark,357.8,VISIT_WITH_HINT,Near Church (pin is a guess near this landmark),,False,2026-10-08T18:32:36.065012+00:00
AD000934,AC000724,T2,1,gali no. 1,Azad Mohalla,970203,492.6,2650.8,landmark,357.8,VISIT_WITH_HINT,Near Community Hall (pin is a guess near this landmark),,False,2026-10-08T18:32:36.065012+00:00
AD000935,AC000725,T3,356/1,f block; 6th rd,Orchid Enclave,980301,-241.5,-3420.1,baseline_street,162.1,VISIT_WITH_HINT,,,False,2026-10-08T18:32:36.065012+00:00
AD000936,AC000726,T1,272,,Gandhi Nagar,960102,1009.2,-2966.4,visits_disagree,387.8,VISIT_WITH_HINT,,,True,2026-10-08T18:32:36.065012+00:00
AD000937,AC000727,T2,323/1,,Ambedkar Nagar,970204,-663.7,2826.8,baseline_coarse,3710.3,VERIFY_FIRST,,,False,2026-10-08T18:32:36.065012+00:00
AD000938,AC000728,T1,,1st cross; 4th main,Siddeshwara Colony,960102,1982.8,-1241.6,landmark,357.8,VISIT_WITH_HINT,Near Hanuman Temple (pin is a guess near this landmark),,False,2026-10-08T18:32:36.065012+00:00
AD000939,AC000728,T1,78,12th cross; 6th main,Vidya Nagar,960103,2670.5,1450.1,cross_account_inferred,75.0,DIRECT_VISIT,,,False,2026-10-08T18:32:36.065012+00:00
AD000940,AC000729,T1,,,Gandhi Nagar,960102,320.8,-3029.4,visits_disagree,387.8,VISIT_WITH_HINT,,,True,2026-10-08T18:32:36.065012+00:00
AD000942,AC000730,T2,261,,Azad Mohalla,970203,796.1,3231.9,visits_agree,47.9,DIRECT_VISIT,,,False,2026-10-08T18:32:36.065012+00:00
AD000943,AC000731,T3,,,Silver Oak Layout,980301,-2594.8,-473.2,visit_1,77.4,DIRECT_VISIT,Opposite Church (about 110 m from pin),,False,2026-10-08T18:32:36.065012+00:00
AD000944,AC000732,T3,,,Railway Colony,980304,-2341.8,1310.3,visits_agree,47.9,DIRECT_VISIT,Behind Masjid (about 120 m from pin),,True,2026-10-08T18:32:36.065012+00:00
AD000945,AC000733,T1,,2nd cross,Vidya Nagar,960103,2843.8,757.1,landmark,357.8,VISIT_WITH_HINT,Opposite Ration Shop (pin is a guess near this landmark),,False,2026-10-08T18:32:36.065012+00:00
AD000946,AC000733,T1,,5th main,Vinayaka Nagar,960104,-2856.5,1097.7,baseline_coarse,3710.3,VERIFY_FIRST,,,False,2026-10-08T18:32:36.065012+00:00
AD000947,AC000734,T2,51,,Azad Mohalla,970203,907.5,2586.7,landmark,357.8,VISIT_WITH_HINT,Near Govt School (pin is a guess near this landmark),,False,2026-10-08T18:32:36.065012+00:00
AD000948,AC000735,T3,15,2nd rd,Teachers Colony,980302,1006.3,-699.4,visit_1,77.4,DIRECT_VISIT,,,False,2026-10-08T18:32:36.065012+00:00
AD000949,AC000736,T3,300/1,,HMT Colony,980301,-764.5,-471.1,landmark,357.8,VISIT_WITH_HINT,Opposite Post Office (pin is a guess near this landmark),,False,2026-10-08T18:32:36.065012+00:00
AD000950,AC000737,T3,74,,Silver Oak Layout,980301,-3018.4,-239.4,visits_agree,47.9,DIRECT_VISIT,,,False,2026-10-08T18:32:36.065012+00:00
AD000951,AC000738,T2,252,,Indira Colony,970202,921.7,-30.1,baseline_coarse,3710.3,VERIFY_FIRST,,,False,2026-10-08T18:32:36.065012+00:00
AD000952,AC000738,T2,-12,,Ambedkar Nagar,970204,-521.0,2862.9,baseline_coarse,3710.3,VERIFY_FIRST,,,False,2026-10-08T18:32:36.065012+00:00
AD000953,AC000739,T2,,gali 6,Shivaji Nagar,970202,1731.3,-2056.6,cross_account_inferred,75.0,DIRECT_VISIT,,,True,2026-10-08T18:32:36.065012+00:00
AD000954,AC000740,T3,457/2,,,980303,-2490.9,1182.2,visits_disagree,387.8,VISIT_WITH_HINT,,,True,2026-10-08T18:32:36.065012+00:00
AD000955,AC000741,T1,249,,Nehru Colony,960102,3141.2,-1919.2,visits_agree,47.9,DIRECT_VISIT,,,False,2026-10-08T18:32:36.065012+00:00
AD000957,AC000742,T2,-2,,Nehru Colony,970203,2783.3,134.2,visit_1,77.4,DIRECT_VISIT,,,False,2026-10-08T18:32:36.065012+00:00
AD000958,AC000742,T2,438/3,gali 8,Krishna Puri,970202,2374.2,-1074.8,baseline_street,162.1,VISIT_WITH_HINT,,,False,2026-10-08T18:32:36.065012+00:00
AD000959,AC000743,T1,17/2,1st cross; 8th main,Nehru Colony,960102,2925.5,-2722.3,visit_1,77.4,DIRECT_VISIT,,,False,2026-10-08T18:32:36.065012+00:00
AD000961,AC000744,T2,,gali 7,Nehru Colony,970203,2844.3,775.5,landmark,357.8,VISIT_WITH_HINT,Near Water Tank (pin is a guess near this landmark),,False,2026-10-08T18:32:36.065012+00:00
AD000962,AC000745,T2,435,,Ram Nagar,970203,2695.2,272.0,visit_1,77.4,DIRECT_VISIT,,,True,2026-10-08T18:32:36.065012+00:00
AD000963,AC000746,T1,247,12th x; 3rd main,,960102,1610.8,-1555.4,baseline_coarse,3710.3,VERIFY_FIRST,,,True,2026-10-08T18:32:36.065012+00:00
AD000964,AC000747,T2,8,gali no. 8,Patel Nagar,970202,1032.9,-1837.5,visits_agree,47.9,DIRECT_VISIT,Opposite Ration Shop (pin is at this landmark),,True,2026-10-08T18:32:36.065012+00:00
AD000965,AC000748,T1,,3rd,Shanthi Nagar,960101,-1137.4,-3087.3,cross_account_inferred,75.0,DIRECT_VISIT,,,False,2026-10-08T18:32:36.065012+00:00
AD000967,AC000749,T3,,,Silver Oak Layout,980301,-2477.9,-542.1,landmark,357.8,VISIT_WITH_HINT,Near Masjid (pin is a guess near this landmark),,False,2026-10-08T18:32:36.065012+00:00
AD000968,AC000750,T3,,6th road,Railway Colony,980304,-2369.7,1821.9,cross_account_inferred,75.0,DIRECT_VISIT,,,False,2026-10-08T18:32:36.065012+00:00
AD000969,AC000751,T1,,1st main,Vidya Nagar,960103,2188.3,971.9,visits_agree,47.9,DIRECT_VISIT,,,False,2026-10-08T18:32:36.065012+00:00
AD000970,AC000751,T1,,6th main,Vidya Nagar,960103,2694.5,1454.5,visits_agree,47.9,DIRECT_VISIT,,,False,2026-10-08T18:32:36.065012+00:00
AD000971,AC000752,T1,197,7th cross,Gandhi Nagar,960102,819.7,-2979.4,visits_agree,47.9,DIRECT_VISIT,,,False,2026-10-08T18:32:36.065012+00:00
AD000972,AC000753,T3,275,,,980301,-2202.0,-1094.0,baseline_coarse,3710.3,VERIFY_FIRST,,,False,2026-10-08T18:32:36.065012+00:00
AD000973,AC000754,T3,252/3,,Lakeview Phase 2,980303,3789.0,285.5,baseline_coarse,3710.3,VERIFY_FIRST,,,False,2026-10-08T18:32:36.065012+00:00
AD000974,AC000755,T3,258,f block; 6th rd,,980302,1697.4,-1921.3,baseline_coarse,3710.3,VERIFY_FIRST,,,False,2026-10-08T18:32:36.065012+00:00
AD000975,AC000756,T2,48,gali 6,Shastri Nagar,970201,-280.8,-278.0,landmark,357.8,VISIT_WITH_HINT,Near Milk Dairy (pin is a guess near this landmark),,True,2026-10-08T18:32:36.065012+00:00
AD000976,AC000757,T1,,,Basava Nagar,960101,-1114.0,-3021.9,baseline_coarse,3710.3,VERIFY_FIRST,,,False,2026-10-08T18:32:36.065012+00:00
AD000978,AC000758,T3,47,,HMT Colony,980301,-1195.3,-613.5,visits_agree,47.9,DIRECT_VISIT,Near Govt School (about 180 m from pin),,True,2026-10-08T18:32:36.065012+00:00
AD000979,AC000759,T2,80,gali 7,Azad Mohalla,970203,774.3,3008.7,cross_account_inferred,75.0,DIRECT_VISIT,,,True,2026-10-08T18:32:36.065012+00:00
AD000980,AC000760,T2,378,gali 7,Indira Colony,970202,1373.7,4.8,visits_agree,47.9,DIRECT_VISIT,,,False,2026-10-08T18:32:36.065012+00:00
AD000981,AC000761,T3,42,3rd road,Silver Oak Layout,980301,-2669.8,-141.3,visit_1,77.4,DIRECT_VISIT,Near Govt School (about 170 m from pin),,False,2026-10-08T18:32:36.065012+00:00
AD000982,AC000762,T3,,,,980302,4006.6,787.7,visits_agree,47.9,DIRECT_VISIT,,,True,2026-10-08T18:32:36.065012+00:00
AD000984,AC000763,T1,417,,Shanthi Nagar,960101,-2364.3,-2259.0,visit_1,77.4,DIRECT_VISIT,Near Water Tank (about 60 m from pin),,False,2026-10-08T18:32:36.065012+00:00
AD000985,AC000764,T3,36,6th rd,Silver Oak Layout,980301,-2505.6,-92.4,landmark,357.8,VISIT_WITH_HINT,Near Govt School (pin is a guess near this landmark),,False,2026-10-08T18:32:36.065012+00:00
AD000986,AC000765,T2,6,2 gali,Azad Mohalla,970203,1191.0,2510.1,visits_agree,47.9,DIRECT_VISIT,,,True,2026-10-08T18:32:36.065012+00:00
AD000987,AC000766,T1,102,8th cross; 8th main,Vidya Nagar,960103,2915.0,1169.5,visit_1,77.4,DIRECT_VISIT,,,True,2026-10-08T18:32:36.065012+00:00
AD000988,AC000767,T1,,8th cross; 5th main,Vinayaka Nagar,960104,-2970.3,1121.1,baseline_coarse,3710.3,VERIFY_FIRST,,,False,2026-10-08T18:32:36.065012+00:00
AD000989,AC000768,T2,250,250 gali,Krishna Puri,970202,2298.9,-1400.3,baseline_coarse,3710.3,VERIFY_FIRST,,,False,2026-10-08T18:32:36.065012+00:00
AD000990,AC000768,T2,219,gali 8,Indira Colony,970202,1434.6,219.8,baseline_street,162.1,VISIT_WITH_HINT,,,False,2026-10-08T18:32:36.065012+00:00
AD000991,AC000769,T2,435,435 gali,Ambedkar Nagar,970204,-668.7,3279.2,visits_disagree,387.8,VISIT_WITH_HINT,,,True,2026-10-08T18:32:36.065012+00:00
AD000992,AC000769,T2,72,72 gali,Krishna Puri,970202,2588.6,-1304.9,visit_1,77.4,DIRECT_VISIT,Opposite Water Tank (pin is at this landmark),,False,2026-10-08T18:32:36.065012+00:00
AD000993,AC000770,T1,361/2,,Nehru Colony,960102,2736.0,-2113.7,baseline_coarse,3710.3,VERIFY_FIRST,,,False,2026-10-08T18:32:36.065012+00:00
AD000994,AC000771,T2,-5,,Ambedkar Nagar,970204,-659.1,2860.5,baseline_coarse,3710.3,VERIFY_FIRST,,,False,2026-10-08T18:32:36.065012+00:00
AD000995,AC000771,T2,252,gali no. 10,Ram Nagar,970203,756.8,-2692.8,baseline_street,162.1,VISIT_WITH_HINT,Near Community Hall (about 160 m from pin),,False,2026-10-08T18:32:36.065012+00:00
AD000996,AC000772,T2,394,,Patel Nagar,970202,1041.5,-1855.2,landmark,357.8,VISIT_WITH_HINT,Near Ration Shop (pin is a guess near this landmark),,False,2026-10-08T18:32:36.065012+00:00
AD000997,AC000773,T2,,gali 8,Subhash Nagar,970201,-1405.5,-2598.4,baseline_street,162.1,VISIT_WITH_HINT,,,False,2026-10-08T18:32:36.065012+00:00
AD000998,AC000773,T2,253,,Ambedkar Nagar,970204,-662.8,3160.9,baseline_coarse,3710.3,VERIFY_FIRST,,,False,2026-10-08T18:32:36.065012+00:00
AD000999,AC000774,T3,,,Orchid Enclave,980301,-33.6,-3535.7,visit_1,77.4,DIRECT_VISIT,,,False,2026-10-08T18:32:36.065012+00:00
AD001000,AC000775,T1,,,Siddeshwara Colony,960102,2249.6,-1284.1,visit_1,77.4,DIRECT_VISIT,,,True,2026-10-08T18:32:36.065012+00:00
AD001001,AC000776,T3,273,e block; 5th road,Lakeview Phase 2,980303,3615.9,595.1,visit_1,77.4,DIRECT_VISIT,,,False,2026-10-08T18:32:36.065012+00:00
AD001002,AC000776,T3,446/3,,Railway Colony,980304,-2110.2,1617.4,landmark,357.8,VISIT_WITH_HINT,Behind Ganesh Temple (pin is a guess near this landmark),,False,2026-10-08T18:32:36.065012+00:00
AD001003,AC000777,T2,258,gali no. 9,Shastri Nagar,970201,-1485.0,-2454.1,cross_account_inferred,75.0,DIRECT_VISIT,,,True,2026-10-08T18:32:36.065012+00:00
AD001004,AC000778,T1,,2nd cross; 2nd main,Kuvempu Layout,960102,1092.3,-419.8,landmark,357.8,VISIT_WITH_HINT,Near Hanuman Temple (pin is a guess near this landmark),,True,2026-10-08T18:32:36.065012+00:00
AD001005,AC000779,T1,,,,960101,-2027.7,-2565.4,baseline_coarse,3710.3,VERIFY_FIRST,,,False,2026-10-08T18:32:36.065012+00:00
AD001006,AC000780,T3,374/2,1st rd,Teachers Colony,980302,1203.0,-1158.9,visit_1,77.4,DIRECT_VISIT,,,False,2026-10-08T18:32:36.065012+00:00
AD001007,AC000781,T1,114/2,3rd,Vinayaka Nagar,960104,-2813.1,992.4,baseline_street,162.1,VISIT_WITH_HINT,,,True,2026-10-08T18:32:36.065012+00:00
AD001008,AC000782,T1,,2nd main,Kalyana Nagar,960104,-2159.4,2328.3,baseline_street,162.1,VISIT_WITH_HINT,,,False,2026-10-08T18:32:36.065012+00:00
AD001009,AC000783,T2,232,232 gali,,970202,1639.0,-2308.5,visit_1,77.4,DIRECT_VISIT,Behind Medical Store (about 90 m from pin),,False,2026-10-08T18:32:36.065012+00:00
AD001010,AC000784,T2,,gali 2,Indira Colony,970202,1606.0,-2314.7,cross_account_inferred,75.0,DIRECT_VISIT,,,False,2026-10-08T18:32:36.065012+00:00
AD001011,AC000785,T2,340,,Ambedkar Nagar,970204,-868.8,3100.8,landmark,357.8,VISIT_WITH_HINT,Near Milk Dairy (pin is a guess near this landmark),,False,2026-10-08T18:32:36.065012+00:00
AD001012,AC000786,T1,,3rd x,Gandhi Nagar,960102,802.2,-3287.1,visits_agree,47.9,DIRECT_VISIT,,,True,2026-10-08T18:32:36.065012+00:00
AD001013,AC000787,T2,7,gali no. 7,Patel Nagar,970202,1336.7,-2068.8,visits_agree,47.9,DIRECT_VISIT,,,True,2026-10-08T18:32:36.065012+00:00
AD001015,AC000788,T3,355/2,,Lakeview Phase 2,980303,3288.5,210.8,baseline_street,162.1,VISIT_WITH_HINT,,,False,2026-10-08T18:32:36.065012+00:00
AD001016,AC000788,T3,121,e block; 4th road,Royal Gardens,980303,518.8,1925.1,landmark,357.8,VISIT_WITH_HINT,Near Water Tank (pin is a guess near this landmark),,False,2026-10-08T18:32:36.065012+00:00
AD001017,AC000789,T3,b/h,,HMT Colony,980301,-934.6,-724.5,visit_1,77.4,DIRECT_VISIT,Near Ration Shop (about 80 m from pin),,True,2026-10-08T18:32:36.065012+00:00
AD001018,AC000790,T3,223,,,980303,-740.1,-361.6,baseline_coarse,3710.3,VERIFY_FIRST,,,False,2026-10-08T18:32:36.065012+00:00
AD001019,AC000791,T2,461,gali 10,Nehru Colony,970203,748.0,3086.7,cross_account_inferred,75.0,DIRECT_VISIT,,,False,2026-10-08T18:32:36.065012+00:00
AD001020,AC000792,T1,144/1,11th cross; 1st main,Nehru Colony,960102,2497.3,-1687.0,baseline_street,162.1,VISIT_WITH_HINT,,,False,2026-10-08T18:32:36.065012+00:00
AD001021,AC000793,T1,34/02,,Hosa Badavane,960101,-280.8,-1189.1,visit_1,77.4,DIRECT_VISIT,,,False,2026-10-08T18:32:36.065012+00:00
AD001022,AC000793,T1,103/2,5th main,Siddeshwara Colony,960102,1982.8,-1241.6,landmark,357.8,VISIT_WITH_HINT,Near Hanuman Temple (pin is a guess near this landmark),,False,2026-10-08T18:32:36.065012+00:00
AD001023,AC000794,T3,,,,980301,-1638.2,-1514.4,baseline_coarse,3710.3,VERIFY_FIRST,,,False,2026-10-08T18:32:36.065012+00:00
AD001024,AC000795,T3,111,,Royal Gardens,980303,574.4,1656.1,baseline_coarse,3710.3,VERIFY_FIRST,,,False,2026-10-08T18:32:36.065012+00:00
AD001025,AC000796,T2,425,gali no. 4,Shastri Nagar,970201,-597.7,-690.3,baseline_coarse,3710.3,VERIFY_FIRST,,,False,2026-10-08T18:32:36.065012+00:00
AD001026,AC000797,T2,,,Azad Mohalla,970203,762.5,2302.7,visits_agree,47.9,DIRECT_VISIT,,,False,2026-10-08T18:32:36.065012+00:00
AD001027,AC000797,T2,460,gali no. 9,Azad Mohalla,970203,900.0,3101.3,landmark,357.8,VISIT_WITH_HINT,Near Petrol Bunk (pin is a guess near this landmark),,False,2026-10-08T18:32:36.065012+00:00
AD001028,AC000798,T2,9,gali no. 9,Ram Nagar,970203,1215.8,2770.1,cross_account_inferred,75.0,DIRECT_VISIT,,,False,2026-10-08T18:32:36.065012+00:00
AD001029,AC000799,T2,268,268 gali,Azad Mohalla,970203,907.5,2586.7,landmark,357.8,VISIT_WITH_HINT,Near Govt School (pin is a guess near this landmark),,True,2026-10-08T18:32:36.065012+00:00
AD001031,AC000800,T2,-6,,Patel Nagar,970202,1435.4,-2121.0,visits_disagree,387.8,VISIT_WITH_HINT,,,False,2026-10-08T18:32:36.065012+00:00
AD001032,AC000801,T2,-11,,,970204,-549.5,-336.6,baseline_coarse,3710.3,VERIFY_FIRST,,,False,2026-10-08T18:32:36.065012+00:00
AD001033,AC000802,T1,195,1st cross; 3rd main,,960102,-1205.0,-3497.9,baseline_street,162.1,VISIT_WITH_HINT,Opposite Govt School (about 130 m from pin),,True,2026-10-08T18:32:36.065012+00:00
AD001034,AC000803,T1,22,11th x; 7th main,Nehru Colony,,3231.9,-1984.8,visits_agree,47.9,DIRECT_VISIT,,,True,2026-10-08T18:32:36.065012+00:00
AD001035,AC000804,T1,,,Kuvempu Layout,960102,810.1,-348.5,visits_disagree,387.8,VISIT_WITH_HINT,,,True,2026-10-08T18:32:36.065012+00:00
AD001036,AC000805,T3,63,,,980304,-2334.9,1811.3,visits_disagree,387.8,VISIT_WITH_HINT,,,True,2026-10-08T18:32:36.065012+00:00
AD001037,AC000806,T3,,e block; 1st rd,Railway Colony,980304,-2878.1,1621.2,landmark,357.8,VISIT_WITH_HINT,Near Milk Dairy (pin is a guess near this landmark),,False,2026-10-08T18:32:36.065012+00:00
AD001039,AC000807,T3,,a block; 4th road,Palm Meadows,980302,2977.4,-2372.7,visit_1,77.4,DIRECT_VISIT,,,True,2026-10-08T18:32:36.065012+00:00
AD001040,AC000808,T3,427,,Teachers Colony,,854.5,-1116.5,visits_disagree,387.8,VISIT_WITH_HINT,Opposite Church (about 130 m from pin),,False,2026-10-08T18:32:36.065012+00:00
AD001041,AC000809,T1,,6th cross; 5th main,,960103,422.0,2330.8,cross_account_inferred,75.0,DIRECT_VISIT,,,True,2026-10-08T18:32:36.065012+00:00
AD001042,AC000810,T1,,2nd cross; 2nd main,Vinayaka Nagar,960104,-2986.8,801.8,visits_agree,47.9,DIRECT_VISIT,,,False,2026-10-08T18:32:36.065012+00:00
AD001043,AC000810,T1,,7th main,Vinayaka Nagar,960104,-2569.1,1094.6,visits_agree,47.9,DIRECT_VISIT,,,True,2026-10-08T18:32:36.065012+00:00
AD001044,AC000811,T1,88,9th cross; 3rd,Nehru Colony,960102,2707.3,-2312.1,baseline_coarse,3710.3,VERIFY_FIRST,,,False,2026-10-08T18:32:36.065012+00:00
AD001045,AC000812,T1,217,,Vidya Nagar,960103,2624.4,1459.1,visits_agree,47.9,DIRECT_VISIT,,,True,2026-10-08T18:32:36.065012+00:00
AD001046,AC000813,T3,,,Silver Oak Layout,,-2773.3,-44.3,baseline_coarse,3710.3,VERIFY_FIRST,,,False,2026-10-08T18:32:36.065012+00:00
AD001047,AC000814,T1,6/2,12th cross; 2nd main,Nehru Colony,960102,2720.7,-1705.7,baseline_street,162.1,VISIT_WITH_HINT,,,True,2026-10-08T18:32:36.065012+00:00
AD001048,AC000814,T1,89,4th cross; 1st main,Nehru Colony,960102,2672.5,-2098.5,visit_1,77.4,DIRECT_VISIT,,,False,2026-10-08T18:32:36.065012+00:00
AD001049,AC000815,T3,212/3,d block; 4th road,HMT Colony,980301,-1031.2,-536.6,landmark,357.8,VISIT_WITH_HINT,Near Govt School (pin is a guess near this landmark),,False,2026-10-08T18:32:36.065012+00:00
AD001050,AC000816,T2,116,,Nehru Colony,970203,3014.9,580.4,baseline_coarse,3710.3,VERIFY_FIRST,,,False,2026-10-08T18:32:36.065012+00:00
AD001052,AC000817,T1,456/2,1st cross; 6th main,Nehru Colony,960102,953.1,-3421.1,cross_account_inferred,75.0,DIRECT_VISIT,,,False,2026-10-08T18:32:36.065012+00:00
AD001053,AC000818,T3,,e block; 3rd road,Teachers Colony,980302,898.7,-720.3,visits_agree,47.9,DIRECT_VISIT,,,False,2026-10-08T18:32:36.065012+00:00
AD001054,AC000819,T3,,,Sunrise Enclave,980304,-99.3,2792.3,visit_1,77.4,DIRECT_VISIT,,,True,2026-10-08T18:32:36.065012+00:00
AD001055,AC000820,T2,186,gali 5,Shivaji Nagar,970202,353.0,-3213.0,visits_agree,47.9,DIRECT_VISIT,,,True,2026-10-08T18:32:36.065012+00:00
AD001057,AC000821,T1,,8th cross,Gandhi Nagar,960102,1082.0,-2874.8,visits_agree,47.9,DIRECT_VISIT,,,False,2026-10-08T18:32:36.065012+00:00
AD001058,AC000821,T1,,1st cross,Nehru Colony,960102,2762.2,-2150.4,baseline_coarse,3710.3,VERIFY_FIRST,,,False,2026-10-08T18:32:36.065012+00:00
AD001059,AC000822,T2,102,,,970201,996.4,-195.5,baseline_coarse,3710.3,VERIFY_FIRST,,,False,2026-10-08T18:32:36.065012+00:00
AD001060,AC000823,T2,477,,Patel Nagar,970202,1002.8,-1657.7,visit_1,77.4,DIRECT_VISIT,,,False,2026-10-08T18:32:36.065012+00:00
AD001062,AC000824,T3,,3rd road,Lakeview Phase 2,980303,3796.8,101.1,cross_account_inferred,75.0,DIRECT_VISIT,,,False,2026-10-08T18:32:36.065012+00:00
AD001063,AC000825,T1,239,,Nehru Colony,960102,3127.2,-1908.1,visit_1,77.4,DIRECT_VISIT,,,True,2026-10-08T18:32:36.065012+00:00
AD001064,AC000826,T3,,,Green Park Layout,980301,-2976.3,-24.9,visits_agree,47.9,DIRECT_VISIT,,,True,2026-10-08T18:32:36.065012+00:00
AD001065,AC000827,T1,214,8th x; 3rd main,,960102,1621.2,-1200.0,baseline_coarse,3710.3,VERIFY_FIRST,Near Medical Store (about 80 m from pin),,False,2026-10-08T18:32:36.065012+00:00
AD001066,AC000828,T3,,,Green Park Layout,,-3698.1,-909.9,baseline_coarse,3710.3,VERIFY_FIRST,,,False,2026-10-08T18:32:36.065012+00:00
AD001067,AC000829,T1,213/1,8th x; 8th main,,960102,1100.6,-2782.6,visit_1,77.4,DIRECT_VISIT,,,True,2026-10-08T18:32:36.065012+00:00
AD001068,AC000830,T3,3,,,980304,573.8,1670.9,baseline_coarse,3710.3,VERIFY_FIRST,,,False,2026-10-08T18:32:36.065012+00:00
AD001069,AC000830,T3,29,a block; 4th road,,,-21.9,-94.8,baseline_coarse,3710.3,VERIFY_FIRST,,,False,2026-10-08T18:32:36.065012+00:00
AD001070,AC000831,T1,,9th cross; 3rd main,Shanthi Nagar,960101,-2018.6,-2173.4,landmark,357.8,VISIT_WITH_HINT,Near Bus Stop (pin is a guess near this landmark),,False,2026-10-08T18:32:36.065012+00:00
AD001071,AC000832,T3,400,,HMT Colony,980301,-1054.7,-650.2,visits_disagree,387.8,VISIT_WITH_HINT,,,False,2026-10-08T18:32:36.065012+00:00
AD001073,AC000833,T3,,c block; 2nd rd,Teachers Colony,980302,914.0,-778.8,baseline_coarse,3710.3,VERIFY_FIRST,,,True,2026-10-08T18:32:36.065012+00:00
AD001074,AC000834,T1,14,9th cross; 1st main,Nehru Colony,960102,2543.4,-1879.0,visit_1,77.4,DIRECT_VISIT,,,False,2026-10-08T18:32:36.065012+00:00
AD001075,AC000835,T1,315,5th cross; 2nd main,Vinayaka Nagar,960104,-3292.4,1100.6,baseline_street,162.1,VISIT_WITH_HINT,,,True,2026-10-08T18:32:36.065012+00:00
AD001076,AC000836,T3,468/1,,HMT Colony,980301,-513.7,-242.5,landmark,357.8,VISIT_WITH_HINT,Near Medical Store (pin is a guess near this landmark),,False,2026-10-08T18:32:36.065012+00:00
AD001078,AC000837,T3,464,d block; 1st road,,980301,-958.6,-432.0,cross_account_inferred,75.0,DIRECT_VISIT,Near Post Office (about 200 m from pin),,True,2026-10-08T18:32:36.065012+00:00
AD001079,AC000838,T3,63,,,980301,-2456.8,-94.9,visits_agree,47.9,DIRECT_VISIT,,,True,2026-10-08T18:32:36.065012+00:00
AD001080,AC000838,T3,,,Silver Oak Layout,980301,-2348.7,-175.3,visits_agree,47.9,DIRECT_VISIT,,,False,2026-10-08T18:32:36.065012+00:00
AD001081,AC000839,T2,,gali 5,Indira Colony,970202,1202.9,-2121.8,cross_account_inferred,75.0,DIRECT_VISIT,,,False,2026-10-08T18:32:36.065012+00:00
AD001082,AC000839,T2,449,449 gali,Azad Mohalla,,940.8,2546.9,landmark,357.8,VISIT_WITH_HINT,Near Ration Shop (pin is a guess near this landmark),,False,2026-10-08T18:32:36.065012+00:00
AD001083,AC000840,T1,207,3rd; 5th main,Gandhi Nagar,960102,789.0,-3288.8,visits_agree,47.9,DIRECT_VISIT,,,False,2026-10-08T18:32:36.065012+00:00
AD001084,AC000841,T2,-8,,Subhash Nagar,970201,-1869.6,-2662.9,landmark,357.8,VISIT_WITH_HINT,Near Govt School (pin is a guess near this landmark),,False,2026-10-08T18:32:36.065012+00:00
AD001086,AC000842,T3,,f block; 4th rd,HMT Colony,980301,-2323.0,-92.2,cross_account_inferred,75.0,DIRECT_VISIT,,,False,2026-10-08T18:32:36.065012+00:00
AD001087,AC000843,T1,,11th cross; 7th main,,960102,988.3,-2664.9,visits_agree,47.9,DIRECT_VISIT,,,True,2026-10-08T18:32:36.065012+00:00
AD001088,AC000844,T1,,5th cross; 6th main,Kuvempu Layout,960102,1333.5,-221.9,visits_agree,47.9,DIRECT_VISIT,,,False,2026-10-08T18:32:36.065012+00:00
AD001089,AC000845,T3,,,Lakeview Phase 2,980303,3509.8,540.2,landmark,357.8,VISIT_WITH_HINT,Near Milk Dairy (pin is a guess near this landmark),,False,2026-10-08T18:32:36.065012+00:00
AD001091,AC000846,T3,,,Green Park Layout,980301,-3691.6,-718.5,visit_1,77.4,DIRECT_VISIT,,,False,2026-10-08T18:32:36.065012+00:00
AD001092,AC000847,T3,3226,,HMT Colony,980301,-1031.2,-536.6,landmark,357.8,VISIT_WITH_HINT,Near Govt School (pin is a guess near this landmark),,False,2026-10-08T18:32:36.065012+00:00
AD001094,AC000848,T3,436,,Railway Colony,980304,-2466.7,1761.1,visits_agree,47.9,DIRECT_VISIT,,,False,2026-10-08T18:32:36.065012+00:00
AD001095,AC000849,T2,,gali 1,,970202,744.8,-3429.1,cross_account_inferred,75.0,DIRECT_VISIT,,,True,2026-10-08T18:32:36.065012+00:00
AD001096,AC000850,T1,,5th cross; 6th main,,960102,2709.2,939.1,visits_agree,47.9,DIRECT_VISIT,,,False,2026-10-08T18:32:36.065012+00:00
AD001097,AC000850,T1,152,6th x; 4th main,Siddeshwara Colony,960102,1982.8,-1241.6,landmark,357.8,VISIT_WITH_HINT,Near Hanuman Temple (pin is a guess near this landmark),,False,2026-10-08T18:32:36.065012+00:00
AD001098,AC000851,T3,,,,980302,2217.5,-1609.0,baseline_coarse,3710.3,VERIFY_FIRST,,,True,2026-10-08T18:32:36.065012+00:00
AD001099,AC000852,T3,230,,Green Park Layout,980301,-3779.9,-823.9,baseline_coarse,3710.3,VERIFY_FIRST,,,False,2026-10-08T18:32:36.065012+00:00
AD001100,AC000853,T1,164/2,,Nehru Colony,960102,2903.8,-2547.0,visits_agree,47.9,DIRECT_VISIT,,,False,2026-10-08T18:32:36.065012+00:00
AD001101,AC000854,T1,,12th cross; 7th main,Gandhi Nagar,960102,486.3,-2813.1,baseline_coarse,3710.3,VERIFY_FIRST,,,True,2026-10-08T18:32:36.065012+00:00
AD001102,AC000855,T2,2,gali no. 2,Azad Mohalla,970203,1097.3,2655.1,landmark,357.8,VISIT_WITH_HINT,Near Bus Stop (pin is a guess near this landmark),,False,2026-10-08T18:32:36.065012+00:00
AD001103,AC000856,T1,268/3,11th cross; 8th main,,,542.9,111.2,baseline_coarse,3710.3,VERIFY_FIRST,Near Bus Stop (about 150 m from pin),,True,2026-10-08T18:32:36.065012+00:00
AD001104,AC000856,T1,114,7th cross,,960103,2105.4,1739.7,baseline_coarse,3710.3,VERIFY_FIRST,,,True,2026-10-08T18:32:36.065012+00:00
AD001105,AC000857,T1,,6th cross; 5th main,Nehru Colony,960102,1616.3,-547.4,cross_account_inferred,75.0,DIRECT_VISIT,,,True,2026-10-08T18:32:36.065012+00:00
AD001107,AC000858,T1,254,2nd x; 4th main,,960102,1557.9,-1653.5,baseline_coarse,3710.3,VERIFY_FIRST,,,True,2026-10-08T18:32:36.065012+00:00
AD001108,AC000858,T1,120,9th cross; 4th main,Anjaneya Badavane,960103,314.7,2540.4,visits_disagree,387.8,VISIT_WITH_HINT,,,False,2026-10-08T18:32:36.065012+00:00
AD001109,AC000859,T3,,,Silver Oak Layout,980301,-2575.9,-346.3,baseline_coarse,3710.3,VERIFY_FIRST,,,True,2026-10-08T18:32:36.065012+00:00
AD001110,AC000860,T1,,7th cross; 6th main,Hosa Badavane,960101,-393.8,-1191.4,visit_1,77.4,DIRECT_VISIT,,,True,2026-10-08T18:32:36.065012+00:00
AD001112,AC000861,T3,,,Defence Colony,980301,-1138.4,-1991.8,landmark,357.8,VISIT_WITH_HINT,Near Ganesh Temple (pin is a guess near this landmark),,False,2026-10-08T18:32:36.065012+00:00
AD001113,AC000861,T3,81,e block; 4th road,Teachers Colony,980302,603.1,-747.9,landmark,357.8,VISIT_WITH_HINT,Near Bus Stop (pin is a guess near this landmark),,False,2026-10-08T18:32:36.065012+00:00
AD001114,AC000862,T2,-9,,Krishna Puri,970202,2577.3,-1320.1,landmark,357.8,VISIT_WITH_HINT,Near Water Tank (pin is a guess near this landmark),,False,2026-10-08T18:32:36.065012+00:00
AD001115,AC000863,T2,193,193 gali,Ambedkar Nagar,970204,-532.5,3389.7,landmark,357.8,VISIT_WITH_HINT,Near Hanuman Temple (pin is a guess near this landmark),,False,2026-10-08T18:32:36.065012+00:00
AD001116,AC000864,T3,162,2nd rd,Palm Meadows,980302,1016.3,-699.4,cross_account_inferred,75.0,DIRECT_VISIT,,,False,2026-10-08T18:32:36.065012+00:00
AD001117,AC000865,T2,262,,Krishna Puri,970202,2509.2,-1235.1,baseline_coarse,3710.3,VERIFY_FIRST,,,True,2026-10-08T18:32:36.065012+00:00
AD001118,AC000866,T3,62,1st road,Railway Colony,980304,-2477.7,1422.2,baseline_coarse,3710.3,VERIFY_FIRST,,,False,2026-10-08T18:32:36.065012+00:00
AD001119,AC000866,T3,,,Lakeview Phase 2,980303,3820.8,341.4,baseline_coarse,3710.3,VERIFY_FIRST,,,False,2026-10-08T18:32:36.065012+00:00
AD001120,AC000867,T3,31/2,b block; 3rd rd,Green Park Layout,980301,-3990.5,-1086.5,landmark,357.8,VISIT_WITH_HINT,Near Hanuman Temple (pin is a guess near this landmark),,False,2026-10-08T18:32:36.065012+00:00
AD001121,AC000868,T3,,,Lakeview Phase 2,908303,3735.4,644.0,visits_agree,47.9,DIRECT_VISIT,Opposite Ration Shop (about 150 m from pin),,True,2026-10-08T18:32:36.065012+00:00
AD001122,AC000869,T3,,,Lakeview Phase 2,980303,3385.9,511.3,visits_agree,47.9,DIRECT_VISIT,Opposite Community Hall (about 40 m from pin),,True,2026-10-08T18:32:36.065012+00:00
AD001123,AC000870,T3,380,d block; 6th rd,Silver Oak Layout,980301,-938.9,-200.5,cross_account_inferred,75.0,DIRECT_VISIT,,,False,2026-10-08T18:32:36.065012+00:00
AD001124,AC000871,T2,,,Patel Nagar,970202,1209.5,-1669.2,visit_1,77.4,DIRECT_VISIT,,,False,2026-10-08T18:32:36.065012+00:00
AD001125,AC000872,T2,31,gali 5,,970201,1275.4,1129.1,baseline_street,162.1,VISIT_WITH_HINT,Near Bus Stop (about 110 m from pin),,False,2026-10-08T18:32:36.065012+00:00
AD001126,AC000872,T2,306,,Nehru Colony,970203,3094.5,622.8,baseline_coarse,3710.3,VERIFY_FIRST,,,False,2026-10-08T18:32:36.065012+00:00
AD001127,AC000873,T2,151,,Shivaji Nagar,970202,625.5,-3386.4,visits_disagree,387.8,VISIT_WITH_HINT,,,True,2026-10-08T18:32:36.065012+00:00
AD001128,AC000874,T3,27,1st road,Teachers Colony,980302,1360.8,-1116.6,cross_account_inferred,75.0,DIRECT_VISIT,,,True,2026-10-08T18:32:36.065012+00:00
AD001129,AC000875,T2,138,,Ambedkar Nagar,970204,-707.4,3230.6,baseline_street,162.1,VISIT_WITH_HINT,,,False,2026-10-08T18:32:36.065012+00:00
AD001130,AC000876,T1,,4th cross; 7th main,Basava Nagar,960101,-766.9,-3323.7,visits_disagree,387.8,VISIT_WITH_HINT,,,False,2026-10-08T18:32:36.065012+00:00
AD001131,AC000877,T2,343,gali 12,Patel Nagar,970202,1122.4,-1730.6,visits_agree,47.9,DIRECT_VISIT,,,False,2026-10-08T18:32:36.065012+00:00
AD001132,AC000877,T2,96,96 gali,Krishna Puri,970202,2564.4,-1844.1,baseline_street,162.1,VISIT_WITH_HINT,Near Ration Shop (about 100 m from pin),,False,2026-10-08T18:32:36.065012+00:00
AD001133,AC000878,T2,,,Krishna Puri,970202,2388.1,-1267.2,visits_agree,47.9,DIRECT_VISIT,Near Govt School (about 50 m from pin),,True,2026-10-08T18:32:36.065012+00:00
AD001134,AC000878,T2,-5,,Shivaji Nagar,,760.8,-2998.2,baseline_coarse,3710.3,VERIFY_FIRST,,,True,2026-10-08T18:32:36.065012+00:00
AD001135,AC000879,T2,210,,Ambedkar Nagar,970204,-885.6,2966.5,visits_disagree,387.8,VISIT_WITH_HINT,,,False,2026-10-08T18:32:36.065012+00:00
AD001136,AC000880,T2,,gali 3,Indira Colony,970202,812.2,-240.4,visits_agree,47.9,DIRECT_VISIT,,,True,2026-10-08T18:32:36.065012+00:00
AD001137,AC000880,T2,134,,,970204,295.3,1838.8,baseline_coarse,3710.3,VERIFY_FIRST,,,True,2026-10-08T18:32:36.065012+00:00
AD001138,AC000881,T3,429/2,,Orchid Enclave,980301,-364.6,-3305.7,visits_agree,47.9,DIRECT_VISIT,,,False,2026-10-08T18:32:36.065012+00:00
AD001139,AC000882,T1,,9th cross; 8th main,,960102,1117.8,-2063.2,baseline_coarse,3710.3,VERIFY_FIRST,,,False,2026-10-08T18:32:36.065012+00:00
AD001140,AC000882,T1,77,6th main,Hosa Badavane,960101,-320.1,-1102.8,landmark,357.8,VISIT_WITH_HINT,Near Milk Dairy (pin is a guess near this landmark),,False,2026-10-08T18:32:36.065012+00:00
AD001141,AC000883,T3,231,f block; 1st rd,Orchid Enclave,,-622.3,-3498.9,baseline_coarse,3710.3,VERIFY_FIRST,,,False,2026-10-08T18:32:36.065012+00:00
AD001142,AC000883,T3,,d block; 6th rd,HMT Colony,980301,-938.9,-200.5,cross_account_inferred,75.0,DIRECT_VISIT,,,False,2026-10-08T18:32:36.065012+00:00
AD001143,AC000884,T3,109,,Palm Meadows,980302,3231.2,-1663.6,landmark,357.8,VISIT_WITH_HINT,Near Ration Shop (pin is a guess near this landmark),,False,2026-10-08T18:32:36.065012+00:00
AD001144,AC000885,T1,,4th main,Hosa Badavane,960101,-613.2,-1231.1,baseline_street,162.1,VISIT_WITH_HINT,Near Church (about 170 m from pin),,False,2026-10-08T18:32:36.065012+00:00
AD001145,AC000886,T1,13/3,5th cross; 6th main,Anjaneya Badavane,960103,2644.2,931.7,cross_account_inferred,75.0,DIRECT_VISIT,,,False,2026-10-08T18:32:36.065012+00:00
AD001146,AC000887,T3,122,,,,260.2,-163.8,baseline_coarse,3710.3,VERIFY_FIRST,,,True,2026-10-08T18:32:36.065012+00:00
AD001147,AC000888,T3,242,,,980304,-1795.0,2348.4,baseline_coarse,3710.3,VERIFY_FIRST,,,False,2026-10-08T18:32:36.065012+00:00
AD001148,AC000889,T1,91,,Ashoka Layout,960104,-1220.3,476.3,baseline_coarse,3710.3,VERIFY_FIRST,,,False,2026-10-08T18:32:36.065012+00:00
AD001149,AC000890,T2,-12,,,970204,1638.1,-1617.0,visits_disagree,387.8,VISIT_WITH_HINT,,,True,2026-10-08T18:32:36.065012+00:00
AD001150,AC000890,T2,2,gali no. 2,,970203,1293.3,689.5,baseline_coarse,3710.3,VERIFY_FIRST,,,True,2026-10-08T18:32:36.065012+00:00
AD001151,AC000891,T1,,,Gandhi Nagar,960102,667.5,-2917.9,visits_disagree,387.8,VISIT_WITH_HINT,Behind Bus Stop (about 140 m from pin),,False,2026-10-08T18:32:36.065012+00:00
AD001152,AC000892,T2,12,gali no. 12,Indira Colony,970202,1490.5,366.4,visits_agree,47.9,DIRECT_VISIT,Near Hanuman Temple (about 200 m from pin),,False,2026-10-08T18:32:36.065012+00:00
AD001153,AC000892,T2,-9,,,970204,-390.6,2116.3,baseline_coarse,3710.3,VERIFY_FIRST,,,True,2026-10-08T18:32:36.065012+00:00
AD001154,AC000893,T1,,12th x; 8th main,Vinayaka Nagar,960104,-2589.6,1707.5,visits_agree,47.9,DIRECT_VISIT,,,True,2026-10-08T18:32:36.065012+00:00
AD001155,AC000894,T2,4,gali no. 4,Gandhi Basti,970203,933.7,991.6,baseline_street,162.1,VISIT_WITH_HINT,,,False,2026-10-08T18:32:36.065012+00:00
AD001156,AC000895,T2,179,,Indira Colony,970202,656.1,-312.6,visits_disagree,387.8,VISIT_WITH_HINT,,,False,2026-10-08T18:32:36.065012+00:00
AD001157,AC000895,T2,-6,,Subhash Nagar,970201,-1887.3,-2910.8,visit_1,77.4,DIRECT_VISIT,,,False,2026-10-08T18:32:36.065012+00:00
AD001158,AC000896,T2,123,123 gali,Azad Mohalla,,915.9,2557.8,visit_1,77.4,DIRECT_VISIT,Near Govt School (about 30 m from pin),,False,2026-10-08T18:32:36.065012+00:00
AD001160,AC000897,T1,303,12th cross; 6th main,Vinayaka Nagar,960104,-2714.8,1734.5,visit_1,77.4,DIRECT_VISIT,,,False,2026-10-08T18:32:36.065012+00:00
AD001161,AC000898,T3,164,,Lakeview Phase 2,980303,3425.0,389.5,baseline_street,162.1,VISIT_WITH_HINT,Near Community Hall (about 90 m from pin),,False,2026-10-08T18:32:36.065012+00:00
AD001162,AC000899,T3,,,Orchid Enclave,980301,-145.9,-3531.5,visit_1,77.4,DIRECT_VISIT,,,True,2026-10-08T18:32:36.065012+00:00
AD001163,AC000900,T2,7,gali no. 7,Subhash Nagar,970201,-1869.6,-2662.9,landmark,357.8,VISIT_WITH_HINT,Near Govt School (pin is a guess near this landmark),,False,2026-10-08T18:32:36.065012+00:00
AD001164,AC000901,T3,476/3,,HMT Colony,980301,-764.5,-471.1,landmark,357.8,VISIT_WITH_HINT,Near Post Office (pin is a guess near this landmark),,False,2026-10-08T18:32:36.065012+00:00
AD001165,AC000902,T3,142,,Sunrise Enclave,980304,-186.5,2836.7,visit_1,77.4,DIRECT_VISIT,,,False,2026-10-08T18:32:36.065012+00:00
AD001166,AC000903,T1,97/1,9th cross; 7th main,Vinayaka Nagar,960104,-2656.2,1426.5,cross_account_inferred,75.0,DIRECT_VISIT,,,False,2026-10-08T18:32:36.065012+00:00
AD001167,AC000904,T1,,,,960102,1287.7,-1408.7,baseline_coarse,3710.3,VERIFY_FIRST,,,False,2026-10-08T18:32:36.065012+00:00
AD001168,AC000905,T2,473,473 gali,Shastri Nagar,970201,-280.8,-278.0,landmark,357.8,VISIT_WITH_HINT,Near Milk Dairy (pin is a guess near this landmark),,True,2026-10-08T18:32:36.065012+00:00
AD001170,AC000906,T3,,,Palm Meadows,980302,3658.8,-1915.9,visits_disagree,387.8,VISIT_WITH_HINT,,,True,2026-10-08T18:32:36.065012+00:00
AD001171,AC000907,T3,97,,Silver Oak Layout,980301,-2680.8,-627.4,visit_1,77.4,DIRECT_VISIT,,,True,2026-10-08T18:32:36.065012+00:00
AD001172,AC000908,T1,376,9th cross; 7th main,Nehru Colony,960102,3049.4,-2157.6,landmark,357.8,VISIT_WITH_HINT,Behind Ration Shop (pin is a guess near this landmark),,False,2026-10-08T18:32:36.065012+00:00
AD001173,AC000908,T1,,2nd cross; 5th main,Vidya Nagar,960103,2540.5,1008.7,baseline_coarse,3710.3,VERIFY_FIRST,,,False,2026-10-08T18:32:36.065012+00:00
AD001174,AC000909,T1,186/1,9th cross; 2nd main,Nehru Colony,960102,2600.7,-1912.3,visits_agree,47.9,DIRECT_VISIT,,,False,2026-10-08T18:32:36.065012+00:00
AD001175,AC000910,T3,142,e block; 2nd road,Teachers Colony,980302,1006.7,-770.0,baseline_street,162.1,VISIT_WITH_HINT,,,False,2026-10-08T18:32:36.065012+00:00
AD001176,AC000911,T3,,a block; 2nd rd,Lakeview Phase 2,980303,3569.6,-37.2,visits_disagree,387.8,VISIT_WITH_HINT,,,True,2026-10-08T18:32:36.065012+00:00
AD001177,AC000912,T2,206/3,,Azad Mohalla,970203,823.4,2799.6,baseline_coarse,3710.3,VERIFY_FIRST,,,False,2026-10-08T18:32:36.065012+00:00
AD001178,AC000913,T2,6,gali no. 6,Patel Nagar,970202,1801.9,-2197.2,visits_agree,47.9,DIRECT_VISIT,,,True,2026-10-08T18:32:36.065012+00:00
AD001180,AC000914,T3,68,5th road,Unity Nagar,,1031.2,-3518.5,baseline_coarse,3710.3,VERIFY_FIRST,,,False,2026-10-08T18:32:36.065012+00:00
AD001181,AC000914,T3,194,,Orchid Enclave,980301,-411.3,-3489.0,baseline_coarse,3710.3,VERIFY_FIRST,,,False,2026-10-08T18:32:36.065012+00:00
AD001182,AC000915,T2,-2,1 gali,Gandhi Basti,970203,1438.2,927.4,landmark,357.8,VISIT_WITH_HINT,Near Hanuman Temple (pin is a guess near this landmark),,True,2026-10-08T18:32:36.065012+00:00
AD001183,AC000916,T3,19,e block; 5th rd,Lakeview Phase 2,,3720.8,249.7,baseline_coarse,3710.3,VERIFY_FIRST,,,True,2026-10-08T18:32:36.065012+00:00
AD001184,AC000917,T3,,a block; 5th rd,Teachers Colony,980302,732.3,-1067.4,landmark,357.8,VISIT_WITH_HINT,Near Church (pin is a guess near this landmark),,False,2026-10-08T18:32:36.065012+00:00
AD001186,AC000918,T1,228,9th cross; 4th main,Nehru Colony,,2858.0,-2029.8,visits_disagree,387.8,VISIT_WITH_HINT,,,True,2026-10-08T18:32:36.065012+00:00
AD001187,AC000919,T1,,4th cross; 6th main,,960104,1378.5,-297.9,visits_agree,47.9,DIRECT_VISIT,,,False,2026-10-08T18:32:36.065012+00:00
AD001188,AC000920,T3,,,Lakeview Phase 2,980303,3580.9,547.8,baseline_coarse,3710.3,VERIFY_FIRST,,,True,2026-10-08T18:32:36.065012+00:00
AD001189,AC000921,T2,,,Ambedkar Nagar,970204,-777.2,2882.0,baseline_coarse,3710.3,VERIFY_FIRST,,,False,2026-10-08T18:32:36.065012+00:00
AD001190,AC000921,T2,204,gali no. 11,Indira Colony,970202,1432.7,-1741.7,cross_account_inferred,75.0,DIRECT_VISIT,,,False,2026-10-08T18:32:36.065012+00:00
AD001191,AC000922,T1,,12th x; 5th main,Anjaneya Badavane,960103,374.6,2792.3,visit_1,77.4,DIRECT_VISIT,,,False,2026-10-08T18:32:36.065012+00:00
AD001192,AC000922,T1,35,10th cross; 1st main,Basava Nagar,960101,-1409.6,-2935.6,landmark,357.8,VISIT_WITH_HINT,Behind Masjid (pin is a guess near this landmark),,False,2026-10-08T18:32:36.065012+00:00
AD001193,AC000923,T2,182,182 gali,Ambedkar Nagar,970204,-170.1,3207.2,landmark,357.8,VISIT_WITH_HINT,Near Ration Shop (pin is a guess near this landmark),,False,2026-10-08T18:32:36.065012+00:00
AD001194,AC000924,T2,-6,,Krishna Puri,970202,2469.1,-1329.6,landmark,357.8,VISIT_WITH_HINT,Behind Hanuman Temple (pin is a guess near this landmark),,False,2026-10-08T18:32:36.065012+00:00
AD001195,AC000924,T2,423,gali no. 10,Krishna Puri,970202,2447.4,-1191.9,landmark,357.8,VISIT_WITH_HINT,Near Post Office (pin is a guess near this landmark),,False,2026-10-08T18:32:36.065012+00:00
AD001196,AC000925,T1,225,9th cross; 2nd main,,960102,2625.7,-1926.4,cross_account_inferred,75.0,DIRECT_VISIT,,,False,2026-10-08T18:32:36.065012+00:00
AD001197,AC000926,T3,,a block; 4th road,Teachers Colony,980302,814.2,-1252.3,visit_1,77.4,DIRECT_VISIT,,,True,2026-10-08T18:32:36.065012+00:00
AD001198,AC000927,T1,,10th cross; 4th main,,960102,566.9,-2780.6,visit_1,77.4,DIRECT_VISIT,Near Ration Shop (about 110 m from pin),,True,2026-10-08T18:32:36.065012+00:00
AD001199,AC000928,T1,53,5th main,Kuvempu Layout,960102,807.6,-2618.4,cross_account_inferred,75.0,DIRECT_VISIT,,,False,2026-10-08T18:32:36.065012+00:00
AD001200,AC000929,T1,332/3,2nd cross; 4th main,Vinayaka Nagar,,-2824.0,845.6,visits_agree,47.9,DIRECT_VISIT,,,False,2026-10-08T18:32:36.065012+00:00
AD001201,AC000929,T1,89/1,12th cross; 4th main,Gandhi Nagar,960102,659.7,-2621.2,visit_1,77.4,DIRECT_VISIT,,,False,2026-10-08T18:32:36.065012+00:00
AD001202,AC000930,T2,190/1,,Subhash Nagar,970201,-1528.9,-2813.1,landmark,357.8,VISIT_WITH_HINT,Near Hanuman Temple (pin is a guess near this landmark),,False,2026-10-08T18:32:36.065012+00:00
AD001203,AC000931,T3,463,,Orchid Enclave,980301,-581.4,-3536.0,baseline_street,162.1,VISIT_WITH_HINT,,,False,2026-10-08T18:32:36.065012+00:00
AD001204,AC000932,T2,353/3,,Patel Nagar,970202,1346.4,-2520.7,landmark,357.8,VISIT_WITH_HINT,Near Masjid (pin is a guess near this landmark),,False,2026-10-08T18:32:36.065012+00:00
AD001206,AC000933,T3,63,4th road,Silver Oak Layout,980301,-2505.6,-92.4,landmark,357.8,VISIT_WITH_HINT,Near Govt School (pin is a guess near this landmark),,False,2026-10-08T18:32:36.065012+00:00
AD001207,AC000934,T1,,5th cross; 4th main,Vidya Nagar,960103,2484.2,922.5,visits_agree,47.9,DIRECT_VISIT,Near Masjid (about 150 m from pin),,False,2026-10-08T18:32:36.065012+00:00
AD001208,AC000934,T1,452,,,960104,1596.3,-1026.8,visit_1,77.4,DIRECT_VISIT,Near Medical Store (about 170 m from pin),,True,2026-10-08T18:32:36.065012+00:00
AD001209,AC000935,T2,473/3,gali 8,Ambedkar Nagar,,-1034.4,3134.4,baseline_street,162.1,VISIT_WITH_HINT,,,False,2026-10-08T18:32:36.065012+00:00
AD001210,AC000936,T2,-9,,Azad Mohalla,970203,900.0,3101.3,landmark,357.8,VISIT_WITH_HINT,Near Petrol Bunk (pin is a guess near this landmark),,False,2026-10-08T18:32:36.065012+00:00
AD001211,AC000936,T2,299,gali no. 12,Indira Colony,970202,1535.5,-1602.1,cross_account_inferred,75.0,DIRECT_VISIT,,,False,2026-10-08T18:32:36.065012+00:00
AD001212,AC000937,T3,250,,,980304,-2965.1,1347.0,visits_disagree,387.8,VISIT_WITH_HINT,,,True,2026-10-08T18:32:36.065012+00:00
AD001213,AC000937,T3,463/3,,,980304,491.5,1762.5,baseline_coarse,3710.3,VERIFY_FIRST,,,False,2026-10-08T18:32:36.065012+00:00
AD001214,AC000938,T2,,,Krishna Puri,970202,2804.4,-1616.0,visit_1,77.4,DIRECT_VISIT,,,False,2026-10-08T18:32:36.065012+00:00
AD001215,AC000938,T2,363,,Ram Nagar,970203,2216.5,1652.3,baseline_coarse,3710.3,VERIFY_FIRST,,,False,2026-10-08T18:32:36.065012+00:00
AD001216,AC000939,T3,470/3,e block; 2nd road,Teachers Colony,980302,978.3,-984.2,visit_1,77.4,DIRECT_VISIT,,,False,2026-10-08T18:32:36.065012+00:00
AD001217,AC000939,T3,,,Teachers Colony,980302,874.7,-764.5,baseline_coarse,3710.3,VERIFY_FIRST,,,False,2026-10-08T18:32:36.065012+00:00
AD001218,AC000940,T1,,3rd x,Ashoka Layout,960104,-1244.1,379.8,baseline_coarse,3710.3,VERIFY_FIRST,,,False,2026-10-08T18:32:36.065012+00:00
AD001219,AC000941,T3,,b block; 5th road,,980301,-526.6,-3728.1,visit_1,77.4,DIRECT_VISIT,Near Masjid (about 150 m from pin),,True,2026-10-08T18:32:36.065012+00:00
AD001220,AC000942,T3,411,,Railway Colony,980304,2339.9,-773.6,visits_disagree,387.8,VISIT_WITH_HINT,,,True,2026-10-08T18:32:36.065012+00:00
AD001222,AC000943,T3,,,Lakeview Phase 2,980303,3651.1,482.4,baseline_coarse,3710.3,VERIFY_FIRST,,,False,2026-10-08T18:32:36.065012+00:00
AD001223,AC000944,T1,383,,Gandhi Nagar,960102,712.6,-3001.2,visits_agree,47.9,DIRECT_VISIT,,,False,2026-10-08T18:32:36.065012+00:00
AD001224,AC000945,T1,284,3rd cross; 8th main,Nehru Colony,960102,2816.8,-2167.8,baseline_coarse,3710.3,VERIFY_FIRST,,,True,2026-10-08T18:32:36.065012+00:00
AD001225,AC000946,T2,6,gali no. 6,Shivaji Nagar,970202,331.0,-3084.2,landmark,357.8,VISIT_WITH_HINT,Behind Ganesh Temple (pin is a guess near this landmark),,False,2026-10-08T18:32:36.065012+00:00
AD001226,AC000947,T2,1,gali no. 1,Ram Nagar,970203,1854.6,1201.2,cross_account_inferred,75.0,DIRECT_VISIT,,,False,2026-10-08T18:32:36.065012+00:00
AD001227,AC000948,T3,147,,Palm Meadows,980302,3268.6,-2130.6,baseline_coarse,3710.3,VERIFY_FIRST,,,False,2026-10-08T18:32:36.065012+00:00
AD001228,AC000949,T1,,3rd cross; 6th main,Basava Nagar,,-1060.5,-3169.8,baseline_coarse,3710.3,VERIFY_FIRST,,,False,2026-10-08T18:32:36.065012+00:00
AD001230,AC000950,T2,35,,Gandhi Basti,970203,1168.9,1631.0,baseline_street,162.1,VISIT_WITH_HINT,Near Medical Store (about 170 m from pin),,False,2026-10-08T18:32:36.065012+00:00
AD001231,AC000951,T1,404,9th cross; 6th main,Nehru Colony,960102,2993.0,-2164.6,visits_agree,47.9,DIRECT_VISIT,,,True,2026-10-08T18:32:36.065012+00:00
AD001232,AC000952,T2,321,,Shivaji Nagar,970202,386.6,-2973.2,visits_agree,47.9,DIRECT_VISIT,,,False,2026-10-08T18:32:36.065012+00:00
AD001233,AC000953,T1,428/2,,,960103,2518.6,-2362.3,visits_agree,47.9,DIRECT_VISIT,,,True,2026-10-08T18:32:36.065012+00:00
AD001234,AC000954,T3,,,,980301,-1280.4,-1272.2,baseline_coarse,3710.3,VERIFY_FIRST,,,False,2026-10-08T18:32:36.065012+00:00
AD001236,AC000955,T1,377,,Nehru Colony,960102,2932.6,-2643.6,visits_disagree,387.8,VISIT_WITH_HINT,,,True,2026-10-08T18:32:36.065012+00:00
AD001237,AC000956,T2,,gali 11,Ram Nagar,970203,2701.0,526.4,visit_1,77.4,DIRECT_VISIT,,,False,2026-10-08T18:32:36.065012+00:00
AD001238,AC000956,T2,24,,Patel Nagar,970202,1440.8,-1984.6,landmark,357.8,VISIT_WITH_HINT,Near Church (pin is a guess near this landmark),,False,2026-10-08T18:32:36.065012+00:00
AD001239,AC000957,T1,90,7th cross; 7th main,Basava Nagar,960101,-724.9,-3104.0,visits_agree,47.9,DIRECT_VISIT,Near Church (about 170 m from pin),,True,2026-10-08T18:32:36.065012+00:00
AD001240,AC000958,T1,298,5th cross; 6th main,Kuvempu Layout,960102,1335.8,-219.6,visits_agree,47.9,DIRECT_VISIT,,,True,2026-10-08T18:32:36.065012+00:00
AD001242,AC000959,T2,257,,Patel Nagar,970202,1561.3,-1866.8,visits_disagree,387.8,VISIT_WITH_HINT,,,True,2026-10-08T18:32:36.065012+00:00
AD001243,AC000960,T1,,6th main,Nehru Colony,960102,2870.3,-2346.1,landmark,357.8,VISIT_WITH_HINT,Near Hanuman Temple (pin is a guess near this landmark),,False,2026-10-08T18:32:36.065012+00:00
AD001245,AC000961,T2,,gali 7,Patel Nagar,970202,1514.8,-1952.7,visit_1,77.4,DIRECT_VISIT,Near Church (about 80 m from pin),,False,2026-10-08T18:32:36.065012+00:00
AD001246,AC000962,T1,471,,Nehru Colony,960102,2832.5,-2360.1,baseline_coarse,3710.3,VERIFY_FIRST,,,True,2026-10-08T18:32:36.065012+00:00
AD001247,AC000963,T3,279,,HMT Colony,980301,-842.2,-391.4,visit_1,77.4,DIRECT_VISIT,Near Post Office (about 110 m from pin),,True,2026-10-08T18:32:36.065012+00:00
AD001248,AC000964,T3,219,c block; 6th road,Teachers Colony,980302,1401.2,-805.6,visit_1,77.4,DIRECT_VISIT,Near Medical Store (about 80 m from pin),,False,2026-10-08T18:32:36.065012+00:00
AD001249,AC000965,T3,237,,Teachers Colony,980302,731.9,-1039.8,landmark,357.8,VISIT_WITH_HINT,Near Govt School (pin is a guess near this landmark),,False,2026-10-08T18:32:36.065012+00:00
AD001250,AC000966,T1,,9th cross; 7th main,Nehru Colony,960102,3049.4,-2157.6,landmark,357.8,VISIT_WITH_HINT,Near Ration Shop (pin is a guess near this landmark),,False,2026-10-08T18:32:36.065012+00:00
AD001251,AC000966,T1,,,Ashoka Layout,960104,-1122.4,327.5,landmark,357.8,VISIT_WITH_HINT,Near Ganesh Temple (pin is a guess near this landmark),,False,2026-10-08T18:32:36.065012+00:00
AD001252,AC000967,T2,-4,,,970201,671.4,-3199.5,baseline_coarse,3710.3,VERIFY_FIRST,,,True,2026-10-08T18:32:36.065012+00:00
AD001253,AC000968,T1,191,6th main,Basava Nagar,,-770.6,-3236.6,baseline_street,162.1,VISIT_WITH_HINT,,,False,2026-10-08T18:32:36.065012+00:00
AD001254,AC000969,T2,-4,,Nehru Colony,970203,2733.6,262.9,visits_agree,47.9,DIRECT_VISIT,,,True,2026-10-08T18:32:36.065012+00:00
AD001255,AC000970,T3,63,,Lakeview Phase 2,980303,3482.5,429.2,baseline_street,162.1,VISIT_WITH_HINT,,,False,2026-10-08T18:32:36.065012+00:00
AD001256,AC000971,T1,,,Nehru Colony,960102,3312.0,-1992.2,visits_agree,47.9,DIRECT_VISIT,,,True,2026-10-08T18:32:36.065012+00:00
AD001257,AC000972,T1,,12th cross; 3rd main,Vidya Nagar,960103,2320.1,1443.2,visits_agree,47.9,DIRECT_VISIT,,,True,2026-10-08T18:32:36.065012+00:00
AD001258,AC000972,T1,128,1st cross,Anjaneya Badavane,960103,163.7,1878.3,visit_1,77.4,DIRECT_VISIT,,,True,2026-10-08T18:32:36.065012+00:00
AD001259,AC000973,T3,,,,980304,-2776.2,-194.0,baseline_coarse,3710.3,VERIFY_FIRST,,,False,2026-10-08T18:32:36.065012+00:00
AD001260,AC000974,T2,427,,Krishna Puri,,2469.1,-1329.6,landmark,357.8,VISIT_WITH_HINT,Near Hanuman Temple (pin is a guess near this landmark),,True,2026-10-08T18:32:36.065012+00:00
AD001261,AC000975,T1,363,5th x; 1st main,Gandhi Nagar,960102,619.5,-2985.1,baseline_coarse,3710.3,VERIFY_FIRST,,,False,2026-10-08T18:32:36.065012+00:00
AD001262,AC000976,T3,459,d block; 1st road,HMT Colony,980301,-978.6,-432.0,visit_1,77.4,DIRECT_VISIT,,,True,2026-10-08T18:32:36.065012+00:00
AD001263,AC000977,T1,,12th cross; 2nd main,Shanthi Nagar,960101,-2350.3,-2317.5,landmark,357.8,VISIT_WITH_HINT,Near Water Tank (pin is a guess near this landmark),,True,2026-10-08T18:32:36.065012+00:00
AD001264,AC000978,T3,378,,Defence Colony,980301,-1281.4,-2066.2,baseline_coarse,3710.3,VERIFY_FIRST,,,False,2026-10-08T18:32:36.065012+00:00
AD001265,AC000978,T3,,d block; 6th road,Defence Colony,980301,-1022.1,-1809.8,baseline_coarse,3710.3,VERIFY_FIRST,,,False,2026-10-08T18:32:36.065012+00:00
AD001266,AC000979,T1,53,2nd main,Nehru Colony,960102,2323.4,-2387.1,landmark,357.8,VISIT_WITH_HINT,Near Masjid (pin is a guess near this landmark),,False,2026-10-08T18:32:36.065012+00:00
AD001267,AC000979,T1,11h,4th main,Shanthi Nagar,960101,-2373.1,-2103.5,visit_1,77.4,DIRECT_VISIT,,,True,2026-10-08T18:32:36.065012+00:00
AD001268,AC000980,T3,148,,HMT Colony,980301,-160.9,-846.9,visits_disagree,387.8,VISIT_WITH_HINT,,,False,2026-10-08T18:32:36.065012+00:00
AD001269,AC000981,T3,,,Silver Oak Layout,980301,-2970.7,-210.4,visit_1,77.4,DIRECT_VISIT,,,False,2026-10-08T18:32:36.065012+00:00
AD001270,AC000982,T1,,7th cross; 1st main,Hosa Badavane,960101,-528.9,-1355.9,baseline_coarse,3710.3,VERIFY_FIRST,,,False,2026-10-08T18:32:36.065012+00:00
AD001271,AC000982,T1,196,12th cross; 4th main,Nehru Colony,,2951.4,-1848.8,visit_1,77.4,DIRECT_VISIT,,,False,2026-10-08T18:32:36.065012+00:00
AD001272,AC000983,T3,437,a block; 4th rd,Palm Meadows,980302,3104.5,-2334.1,visits_disagree,387.8,VISIT_WITH_HINT,Near Milk Dairy (about 60 m from pin),,True,2026-10-08T18:32:36.065012+00:00
AD001273,AC000984,T1,279/3,4th cross,Nehru Colony,960102,2310.5,-2143.2,visits_agree,47.9,DIRECT_VISIT,,,True,2026-10-08T18:32:36.065012+00:00
AD001274,AC000985,T3,,2nd road,Teachers Colony,980302,680.6,-916.9,visit_1,77.4,DIRECT_VISIT,Opposite Govt School (about 130 m from pin),,False,2026-10-08T18:32:36.065012+00:00
AD001275,AC000986,T3,44,e block; 4th rd,Silver Oak Layout,980301,-2910.2,-36.3,landmark,357.8,VISIT_WITH_HINT,Near Water Tank (pin is a guess near this landmark),,False,2026-10-08T18:32:36.065012+00:00
AD001276,AC000987,T1,,,Siddeshwara Colony,960102,2383.6,-2211.8,visit_1,77.4,DIRECT_VISIT,,,True,2026-10-08T18:32:36.065012+00:00
AD001277,AC000988,T2,-7,,Krishna Puri,,2409.4,-1150.0,baseline_street,162.1,VISIT_WITH_HINT,,,False,2026-10-08T18:32:36.065012+00:00
AD001278,AC000989,T1,,8th main,Anjaneya Badavane,960103,228.9,2213.6,baseline_coarse,3710.3,VERIFY_FIRST,,,False,2026-10-08T18:32:36.065012+00:00
AD001279,AC000990,T2,5,gali no. 5,Indira Colony,970202,1014.3,-72.9,visit_1,77.4,DIRECT_VISIT,,,False,2026-10-08T18:32:36.065012+00:00
AD001280,AC000991,T2,-10,,Azad Mohalla,970203,853.4,2676.5,baseline_coarse,3710.3,VERIFY_FIRST,,,True,2026-10-08T18:32:36.065012+00:00
AD001281,AC000992,T2,268,gali no. 3,Patel Nagar,970202,1555.6,-2329.4,visit_1,77.4,DIRECT_VISIT,,,False,2026-10-08T18:32:36.065012+00:00
AD001282,AC000993,T3,,5th road,Teachers Colony,980302,658.2,-1125.8,landmark,357.8,VISIT_WITH_HINT,Near Ration Shop (pin is a guess near this landmark),,False,2026-10-08T18:32:36.065012+00:00
AD001283,AC000994,T3,,4th road,,980304,-827.8,-3726.7,cross_account_inferred,75.0,DIRECT_VISIT,,,False,2026-10-08T18:32:36.065012+00:00
AD001284,AC000995,T2,6,gali no. 6,Patel Nagar,970202,1222.6,-2133.9,cross_account_inferred,75.0,DIRECT_VISIT,,,False,2026-10-08T18:32:36.065012+00:00
AD001285,AC000995,T2,3,gali no. 3,Ambedkar Nagar,970204,-459.9,2746.1,baseline_coarse,3710.3,VERIFY_FIRST,,,False,2026-10-08T18:32:36.065012+00:00
AD001286,AC000996,T3,,3rd road,,980304,1543.3,-4088.6,baseline_street,162.1,VISIT_WITH_HINT,,,False,2026-10-08T18:32:36.065012+00:00
AD001287,AC000996,T3,179,,Green Park Layout,980301,-3730.3,-719.1,baseline_coarse,3710.3,VERIFY_FIRST,,,False,2026-10-08T18:32:36.065012+00:00
AD001288,AC000997,T1,,4th cross; 4th main,Kuvempu Layout,960102,2676.2,-2364.4,cross_account_inferred,75.0,DIRECT_VISIT,,,True,2026-10-08T18:32:36.065012+00:00
AD001289,AC000998,T3,6,4th road,Lakeview Phase 2,,3994.3,668.4,baseline_street,162.1,VISIT_WITH_HINT,,,False,2026-10-08T18:32:36.065012+00:00
AD001290,AC000999,T3,,b block; 5th road,Teachers Colony,980302,978.5,-1033.2,visits_disagree,387.8,VISIT_WITH_HINT,,,False,2026-10-08T18:32:36.065012+00:00
AD001291,AC001000,T3,,e block; 2nd rd,Teachers Colony,980302,894.6,-787.5,visits_disagree,387.8,VISIT_WITH_HINT,,,False,2026-10-08T18:32:36.065012+00:00
AD001293,AC001001,T3,232/2,d block; 6th rd,HMT Colony,980301,-938.9,-200.5,visit_1,77.4,DIRECT_VISIT,,,False,2026-10-08T18:32:36.065012+00:00
AD001294,AC001002,T1,286,3rd cross; 5th main,,960102,2712.3,-2460.1,visits_agree,47.9,DIRECT_VISIT,Near Hanuman Temple (about 190 m from pin),,False,2026-10-08T18:32:36.065012+00:00
AD001295,AC001003,T1,,,Gandhi Nagar,960102,483.5,-2857.5,baseline_coarse,3710.3,VERIFY_FIRST,,,True,2026-10-08T18:32:36.065012+00:00
AD001296,AC001004,T2,,gali 7,Nehru Colony,970203,774.3,3008.7,cross_account_inferred,75.0,DIRECT_VISIT,,,False,2026-10-08T18:32:36.065012+00:00
AD001297,AC001004,T2,371,gali no. 5,Ram Nagar,970203,2335.2,1476.5,landmark,357.8,VISIT_WITH_HINT,Near Ration Shop (pin is a guess near this landmark),,False,2026-10-08T18:32:36.065012+00:00
AD001298,AC001005,T1,,8th cross; 6th main,Basava Nagar,960101,-846.0,-3041.6,visit_1,77.4,DIRECT_VISIT,Near Church (about 60 m from pin),,False,2026-10-08T18:32:36.065012+00:00
AD001299,AC001005,T1,,6th x; 4th main,Hosa Badavane,,-563.2,-1389.8,landmark,357.8,VISIT_WITH_HINT,Near Church (pin is a guess near this landmark),,False,2026-10-08T18:32:36.065012+00:00
AD001300,AC001006,T2,64,64 gali,Patel Nagar,970202,1569.4,-2218.7,baseline_street,162.1,VISIT_WITH_HINT,,,False,2026-10-08T18:32:36.065012+00:00
AD001301,AC001007,T2,396,gali no. 4,Subhash Nagar,970201,-1957.2,-3046.1,baseline_street,162.1,VISIT_WITH_HINT,,,False,2026-10-08T18:32:36.065012+00:00
AD001302,AC001008,T3,,,Green Park Layout,980301,-3558.0,-825.4,baseline_coarse,3710.3,VERIFY_FIRST,,,False,2026-10-08T18:32:36.065012+00:00
AD001303,AC001009,T2,7,gali no. 7,Krishna Puri,970202,2283.3,-1218.0,baseline_street,162.1,VISIT_WITH_HINT,,,False,2026-10-08T18:32:36.065012+00:00
AD001304,AC001010,T1,142/1,2nd cross; 5th main,Shanthi Nagar,960101,-1958.0,-2771.0,baseline_street,162.1,VISIT_WITH_HINT,,,False,2026-10-08T18:32:36.065012+00:00
AD001305,AC001011,T3,227,,Silver Oak Layout,980301,-2678.2,-543.8,landmark,357.8,VISIT_WITH_HINT,Near Church (pin is a guess near this landmark),,False,2026-10-08T18:32:36.065012+00:00
AD001306,AC001012,T1,,,Nehru Colony,960102,2697.9,-2220.5,visit_1,77.4,DIRECT_VISIT,Near Community Hall (about 130 m from pin),,False,2026-10-08T18:32:36.065012+00:00
AD001307,AC001012,T1,220,6th cross; 1st main,Gandhi Nagar,960102,370.2,-3110.4,visits_agree,47.9,DIRECT_VISIT,Near Water Tank (about 50 m from pin),,False,2026-10-08T18:32:36.065012+00:00
AD001308,AC001013,T1,,7th cross; 7th main,Vinayaka Nagar,960104,-2814.9,1417.8,baseline_street,162.1,VISIT_WITH_HINT,,,False,2026-10-08T18:32:36.065012+00:00
AD001309,AC001013,T1,15,,Hosa Badavane,960101,-684.4,-1520.8,baseline_coarse,3710.3,VERIFY_FIRST,,,False,2026-10-08T18:32:36.065012+00:00
AD001310,AC001014,T2,-10,,Ram Nagar,970203,2354.8,1619.0,baseline_coarse,3710.3,VERIFY_FIRST,,,False,2026-10-08T18:32:36.065012+00:00
AD001311,AC001015,T1,,3rd cross; 1st main,Vinayaka Nagar,960104,-3155.2,823.8,landmark,357.8,VISIT_WITH_HINT,Opposite Ganesh Temple (pin is a guess near this landmark),,False,2026-10-08T18:32:36.065012+00:00
AD001312,AC001016,T1,231/1,5th cross; 8th main,Vinayaka Nagar,960104,-2787.5,1143.8,baseline_coarse,3710.3,VERIFY_FIRST,,,False,2026-10-08T18:32:36.065012+00:00
AD001314,AC001017,T1,258,,Vinayaka Nagar,960104,-2441.4,1275.8,visits_disagree,387.8,VISIT_WITH_HINT,,,False,2026-10-08T18:32:36.065012+00:00
AD001315,AC001018,T1,,,Vinayaka Nagar,960104,-3155.2,823.8,landmark,357.8,VISIT_WITH_HINT,Near Ganesh Temple (pin is a guess near this landmark),,False,2026-10-08T18:32:36.065012+00:00
AD001316,AC001018,T1,45/3,11th cross; 6th main,Basava Nagar,960101,-834.6,-2978.5,landmark,357.8,VISIT_WITH_HINT,Near Church (pin is a guess near this landmark),,False,2026-10-08T18:32:36.065012+00:00
AD001317,AC001019,T1,202,4th cross; 4th main,Siddeshwara Colony,,1919.8,-1156.5,baseline_street,162.1,VISIT_WITH_HINT,,,False,2026-10-08T18:32:36.065012+00:00
AD001318,AC001020,T2,119,,Indira Colony,970202,1213.7,-55.1,baseline_street,162.1,VISIT_WITH_HINT,Near Bus Stop (about 170 m from pin),,True,2026-10-08T18:32:36.065012+00:00
AD001319,AC001021,T3,118,,Sunrise Enclave,980304,-768.2,3483.0,landmark,357.8,VISIT_WITH_HINT,Near Park (pin is a guess near this landmark),,False,2026-10-08T18:32:36.065012+00:00
AD001320,AC001022,T1,229,9th cross; 4th main,Hosa Badavane,960101,-543.2,-1029.4,baseline_street,162.1,VISIT_WITH_HINT,,,False,2026-10-08T18:32:36.065012+00:00
AD001321,AC001022,T1,,7th cross,Anjaneya Badavane,960103,569.7,2284.4,baseline_street,162.1,VISIT_WITH_HINT,,,False,2026-10-08T18:32:36.065012+00:00
AD001322,AC001023,T1,,3rd x; 1st main,,960103,67.7,1994.8,visit_1,77.4,DIRECT_VISIT,,,True,2026-10-08T18:32:36.065012+00:00
AD001323,AC001024,T1,gar,10th x; 4th main,Gandhi Nagar,960102,681.3,-2735.2,visit_1,77.4,DIRECT_VISIT,Near Ration Shop (about 40 m from pin),,False,2026-10-08T18:32:36.065012+00:00
AD001324,AC001025,T1,,9th cross; 2nd main,Nehru Colony,960102,2631.4,-1926.4,visits_agree,47.9,DIRECT_VISIT,,,False,2026-10-08T18:32:36.065012+00:00
AD001325,AC001026,T2,-4,,Subhash Nagar,970201,-1730.4,-2813.1,baseline_coarse,3710.3,VERIFY_FIRST,,,False,2026-10-08T18:32:36.065012+00:00
AD001326,AC001026,T2,-1,,,970202,806.4,1175.1,baseline_coarse,3710.3,VERIFY_FIRST,,,False,2026-10-08T18:32:36.065012+00:00
AD001327,AC001027,T2,441,gali 10,Patel Nagar,970202,1849.3,-1566.7,cross_account_inferred,75.0,DIRECT_VISIT,,,False,2026-10-08T18:32:36.065012+00:00
AD001328,AC001027,T2,464,,,970204,933.9,2624.5,baseline_coarse,3710.3,VERIFY_FIRST,,,False,2026-10-08T18:32:36.065012+00:00
AD001329,AC001028,T3,,,Teachers Colony,980302,1014.3,-406.9,landmark,357.8,VISIT_WITH_HINT,Near Masjid (pin is a guess near this landmark),,False,2026-10-08T18:32:36.065012+00:00
AD001330,AC001029,T3,,,Green Park Layout,980301,-2352.8,-530.8,visits_agree,47.9,DIRECT_VISIT,,Blue gate house,True,2026-10-08T18:32:36.065012+00:00
AD001331,AC001030,T3,,,Silver Oak Layout,980301,-2937.9,-64.3,visit_1,77.4,DIRECT_VISIT,,,False,2026-10-08T18:32:36.065012+00:00
AD001332,AC001030,T3,,d block; 6th rd,Defence Colony,980301,-938.9,-200.5,cross_account_inferred,75.0,DIRECT_VISIT,,,False,2026-10-08T18:32:36.065012+00:00
AD001333,AC001031,T3,,,Silver Oak Layout,,-2772.6,-349.4,landmark,357.8,VISIT_WITH_HINT,Near Petrol Bunk (pin is a guess near this landmark),,True,2026-10-08T18:32:36.065012+00:00
AD001335,AC001032,T1,,3rd cross; 3rd main,Shanthi Nagar,960101,868.7,-2937.9,visit_1,77.4,DIRECT_VISIT,,,False,2026-10-08T18:32:36.065012+00:00
AD001336,AC001033,T1,176,,Nehru Colony,960102,2695.9,-1797.1,visits_agree,47.9,DIRECT_VISIT,,,False,2026-10-08T18:32:36.065012+00:00
AD001337,AC001034,T2,,,Patel Nagar,970202,1346.4,-2520.7,landmark,357.8,VISIT_WITH_HINT,Near Masjid (pin is a guess near this landmark),,False,2026-10-08T18:32:36.065012+00:00
AD001338,AC001035,T2,453,gali 8,Nehru Colony,970203,2848.0,623.8,visits_agree,47.9,DIRECT_VISIT,Near Water Tank (about 150 m from pin),,False,2026-10-08T18:32:36.065012+00:00
AD001339,AC001036,T2,86,,Azad Mohalla,970203,723.5,2835.4,visits_disagree,387.8,VISIT_WITH_HINT,,,True,2026-10-08T18:32:36.065012+00:00
AD001340,AC001037,T2,6,383 gali,Azad Mohalla,970203,1097.3,2655.1,landmark,357.8,VISIT_WITH_HINT,Near Bus Stop (pin is a guess near this landmark),,False,2026-10-08T18:32:36.065012+00:00
AD001341,AC001038,T3,431/2,,Defence Colony,980301,-980.8,-1755.2,baseline_street,162.1,VISIT_WITH_HINT,,,False,2026-10-08T18:32:36.065012+00:00
AD001342,AC001039,T2,28,gali 3,Nehru Colony,970203,3101.5,303.7,cross_account_inferred,75.0,DIRECT_VISIT,,,False,2026-10-08T18:32:36.065012+00:00
AD001343,AC001040,T3,339,,HMT Colony,980301,-1269.1,-501.1,visit_1,77.4,DIRECT_VISIT,,,False,2026-10-08T18:32:36.065012+00:00
AD001344,AC001041,T3,96,e block; 5th road,Defence Colony,980301,-2489.0,-42.4,cross_account_inferred,75.0,DIRECT_VISIT,,,False,2026-10-08T18:32:36.065012+00:00
AD001346,AC001042,T2,161,,Shastri Nagar,970201,-797.5,-721.5,visit_1,77.4,DIRECT_VISIT,Near Masjid (about 160 m from pin),,False,2026-10-08T18:32:36.065012+00:00
AD001348,AC001043,T1,,6th main,Nehru Colony,960102,2907.0,-2465.7,cross_account_inferred,75.0,DIRECT_VISIT,,,True,2026-10-08T18:32:36.065012+00:00
AD001349,AC001044,T1,,1st x; 4th main,Siddeshwara Colony,,2041.4,-1312.6,baseline_street,162.1,VISIT_WITH_HINT,Behind Hanuman Temple (about 90 m from pin),,False,2026-10-08T18:32:36.065012+00:00
AD001350,AC001045,T2,,,Subhash Nagar,,-1748.6,-2600.8,baseline_coarse,3710.3,VERIFY_FIRST,,,False,2026-10-08T18:32:36.065012+00:00
AD001351,AC001045,T2,309,,Indira Colony,970202,1493.2,396.7,visit_1,77.4,DIRECT_VISIT,,,False,2026-10-08T18:32:36.065012+00:00
AD001352,AC001046,T3,,c block; 6th road,Lakeview Phase 2,,4138.4,498.0,visits_disagree,387.8,VISIT_WITH_HINT,,,True,2026-10-08T18:32:36.065012+00:00
AD001353,AC001047,T3,,d block; 3rd road,Lakeview Phase 2,980032,3550.7,499.2,baseline_coarse,3710.3,VERIFY_FIRST,,,True,2026-10-08T18:32:36.065012+00:00
AD001354,AC001048,T1,317/3,9th cross; 5th main,,960101,2955.5,-2079.1,visits_disagree,387.8,VISIT_WITH_HINT,,,True,2026-10-08T18:32:36.065012+00:00
AD001355,AC001049,T1,,12th cross; 4th main,Gandhi Nagar,960102,637.8,-2621.0,visit_1,77.4,DIRECT_VISIT,,,False,2026-10-08T18:32:36.065012+00:00
AD001356,AC001049,T1,,2nd cross,,960102,1982.8,-1241.6,landmark,357.8,VISIT_WITH_HINT,Near Hanuman Temple (pin is a guess near this landmark),,False,2026-10-08T18:32:36.065012+00:00
AD001357,AC001050,T3,176,,,980302,-569.0,3374.1,visits_agree,47.9,DIRECT_VISIT,,,False,2026-10-08T18:32:36.065012+00:00
AD001359,AC001051,T2,107,,Ambedkar Nagar,,-740.1,2565.6,landmark,357.8,VISIT_WITH_HINT,Near Medical Store (pin is a guess near this landmark),,False,2026-10-08T18:32:36.065012+00:00
AD001360,AC001052,T3,,,Railway Colony,980304,-2302.2,1223.9,visits_agree,47.9,DIRECT_VISIT,,,False,2026-10-08T18:32:36.065012+00:00
AD001361,AC001053,T1,,11th cross; 8th main,Basava Nagar,960101,-442.6,-2771.0,visit_1,77.4,DIRECT_VISIT,,,False,2026-10-08T18:32:36.065012+00:00
AD001362,AC001054,T1,12h,2nd main,,960104,-3051.2,1458.2,visit_1,77.4,DIRECT_VISIT,,,True,2026-10-08T18:32:36.065012+00:00
AD001363,AC001055,T1,457,,Nehru Colony,960102,2919.5,-1805.5,visits_agree,47.9,DIRECT_VISIT,,,False,2026-10-08T18:32:36.065012+00:00
AD001364,AC001056,T1,222,4th x; 5th main,Nehru Colony,960102,2955.7,-2509.2,visit_1,77.4,DIRECT_VISIT,Near Hanuman Temple (about 180 m from pin),,False,2026-10-08T18:32:36.065012+00:00
AD001365,AC001057,T2,,,,970202,1544.1,-1711.5,baseline_coarse,3710.3,VERIFY_FIRST,,,False,2026-10-08T18:32:36.065012+00:00
AD001366,AC001058,T1,232/2,9th cross; 1st main,Siddeshwara Colony,960102,1631.8,-800.8,landmark,357.8,VISIT_WITH_HINT,Near Milk Dairy (pin is a guess near this landmark),,False,2026-10-08T18:32:36.065012+00:00
AD001367,AC001058,T1,136/2,12th x; 8th main,Anjaneya Badavane,960103,285.9,2454.1,baseline_coarse,3710.3,VERIFY_FIRST,,,False,2026-10-08T18:32:36.065012+00:00
AD001368,AC001059,T2,-8,,Azad Mohalla,970203,858.6,2534.8,baseline_coarse,3710.3,VERIFY_FIRST,,,False,2026-10-08T18:32:36.065012+00:00
AD001369,AC001060,T3,179,,,980302,-551.4,-542.2,baseline_street,162.1,VISIT_WITH_HINT,Near Water Tank (about 40 m from pin),,True,2026-10-08T18:32:36.065012+00:00
AD001370,AC001061,T1,,12th cross; 5th main,,960103,1371.8,1402.5,baseline_coarse,3710.3,VERIFY_FIRST,,,True,2026-10-08T18:32:36.065012+00:00
AD001371,AC001062,T3,228,,Silver Oak Layout,980301,-2595.5,-763.3,visits_disagree,387.8,VISIT_WITH_HINT,,,False,2026-10-08T18:32:36.065012+00:00
AD001372,AC001063,T1,451/2,4th cross; 7th main,Nehru Colony,960102,2994.2,-2501.1,visits_agree,47.9,DIRECT_VISIT,Near Hanuman Temple (about 200 m from pin),,True,2026-10-08T18:32:36.065012+00:00
AD001373,AC001064,T2,289,,Ram Nagar,970203,2698.3,1438.9,landmark,357.8,VISIT_WITH_HINT,Near Park (pin is a guess near this landmark),,False,2026-10-08T18:32:36.065012+00:00
AD001374,AC001065,T1,,,Siddeshwara Colony,960102,1982.8,-1241.6,landmark,357.8,VISIT_WITH_HINT,Near Hanuman Temple (pin is a guess near this landmark),,False,2026-10-08T18:32:36.065012+00:00
AD001375,AC001065,T1,455,,Vinayaka Nagar,960104,-3155.2,823.8,landmark,357.8,VISIT_WITH_HINT,Behind Ganesh Temple (pin is a guess near this landmark),,False,2026-10-08T18:32:36.065012+00:00
AD001376,AC001066,T3,,,HMT Colony,980301,-777.4,-578.9,baseline_coarse,3710.3,VERIFY_FIRST,,,True,2026-10-08T18:32:36.065012+00:00
AD001377,AC001066,T3,237,,Teachers Colony,980302,1010.6,-1193.0,baseline_street,162.1,VISIT_WITH_HINT,,,False,2026-10-08T18:32:36.065012+00:00
AD001378,AC001067,T1,,,Siddeshwara Colony,960102,1943.2,-842.2,baseline_coarse,3710.3,VERIFY_FIRST,,,False,2026-10-08T18:32:36.065012+00:00
AD001380,AC001068,T2,360,,Patel Nagar,970202,1399.0,-1890.9,visits_agree,47.9,DIRECT_VISIT,Behind Church (about 100 m from pin),,False,2026-10-08T18:32:36.065012+00:00
AD001381,AC001068,T2,25,gali no. 1,Indira Colony,970202,1034.5,-437.6,visit_1,77.4,DIRECT_VISIT,Opposite Park (about 110 m from pin),Blue gate house,False,2026-10-08T18:32:36.065012+00:00
AD001382,AC001069,T3,453,,Orchid Enclave,980301,-447.3,-3356.9,visit_1,77.4,DIRECT_VISIT,Near Park (about 150 m from pin),,False,2026-10-08T18:32:36.065012+00:00
AD001383,AC001070,T1,,7th cross,,960102,2832.2,-2339.2,visit_1,77.4,DIRECT_VISIT,,,True,2026-10-08T18:32:36.065012+00:00
AD001384,AC001071,T3,,,Silver Oak Layout,980301,-2724.5,-495.2,visits_agree,47.9,DIRECT_VISIT,Near Church (about 70 m from pin),,True,2026-10-08T18:32:36.065012+00:00
AD001385,AC001071,T3,,f block; 4th road,Unity Nagar,980302,1141.8,-3394.7,baseline_coarse,3710.3,VERIFY_FIRST,,,False,2026-10-08T18:32:36.065012+00:00
AD001386,AC001072,T3,446,,Orchid Enclave,980301,-400.2,-3395.7,visits_agree,47.9,DIRECT_VISIT,,,False,2026-10-08T18:32:36.065012+00:00
AD001387,AC001073,T1,248/1,,Nehru Colony,960102,3330.8,-2001.4,visits_agree,47.9,DIRECT_VISIT,,,True,2026-10-08T18:32:36.065012+00:00
AD001388,AC001073,T1,436,2nd cross,,960102,2972.8,-2655.8,cross_account_inferred,75.0,DIRECT_VISIT,,,True,2026-10-08T18:32:36.065012+00:00
AD001389,AC001074,T1,,6th cross; 6th main,Anjaneya Badavane,960103,598.5,2374.0,visit_1,77.4,DIRECT_VISIT,,,False,2026-10-08T18:32:36.065012+00:00
AD001390,AC001075,T3,,5th road,Orchid Enclave,980301,-1420.8,-1915.4,cross_account_inferred,75.0,DIRECT_VISIT,,,False,2026-10-08T18:32:36.065012+00:00
AD001391,AC001076,T3,,,Silver Oak Layout,,-2632.1,-59.9,visits_agree,47.9,DIRECT_VISIT,Opposite Govt School (about 130 m from pin),,True,2026-10-08T18:32:36.065012+00:00
AD001392,AC001076,T3,,,Green Park Layout,,-3663.5,-835.3,baseline_coarse,3710.3,VERIFY_FIRST,,,False,2026-10-08T18:32:36.065012+00:00
AD001393,AC001077,T1,,7th x; 3rd main,Ashoka Layout,960104,-1365.3,538.5,visit_1,77.4,DIRECT_VISIT,,,False,2026-10-08T18:32:36.065012+00:00
AD001394,AC001078,T3,138,,Palm Meadows,980302,3051.1,-2317.6,landmark,357.8,VISIT_WITH_HINT,Behind Milk Dairy (pin is a guess near this landmark),,True,2026-10-08T18:32:36.065012+00:00
AD001395,AC001079,T3,102,1st road,Teachers Colony,980302,1335.8,-1116.6,cross_account_inferred,75.0,DIRECT_VISIT,,,False,2026-10-08T18:32:36.065012+00:00
AD001396,AC001079,T3,450,,Orchid Enclave,980301,-651.7,-3390.5,visit_1,77.4,DIRECT_VISIT,,,False,2026-10-08T18:32:36.065012+00:00
AD001397,AC001080,T2,11,gali no. 11,Patel Nagar,970202,1694.8,-1675.7,visits_agree,47.9,DIRECT_VISIT,,,False,2026-10-08T18:32:36.065012+00:00
AD001399,AC001081,T3,,,Railway Colony,980304,-2006.2,1866.7,baseline_street,162.1,VISIT_WITH_HINT,,,True,2026-10-08T18:32:36.065012+00:00
AD001401,AC001082,T1,49/1,3rd cross; 3rd main,Basava Nagar,960101,-636.4,-2820.8,cross_account_inferred,75.0,DIRECT_VISIT,,,False,2026-10-08T18:32:36.065012+00:00
AD001402,AC001082,T1,,9th cross; 2nd main,Anjaneya Badavane,960103,2198.1,936.3,cross_account_inferred,75.0,DIRECT_VISIT,,,False,2026-10-08T18:32:36.065012+00:00
AD001403,AC001083,T2,5,gali no. 5,Indira Colony,970202,1039.3,-72.9,cross_account_inferred,75.0,DIRECT_VISIT,,,False,2026-10-08T18:32:36.065012+00:00
AD001404,AC001083,T2,,gali 3,Subhash Nagar,970201,-1605.8,-2971.2,baseline_street,162.1,VISIT_WITH_HINT,,,False,2026-10-08T18:32:36.065012+00:00
AD001405,AC001084,T3,,1st rd,Green Park Layout,980301,-3706.9,-982.2,baseline_coarse,3710.3,VERIFY_FIRST,,,False,2026-10-08T18:32:36.065012+00:00
AD001406,AC001084,T3,88,6th rd,Green Park Layout,980301,-3793.5,-908.3,baseline_coarse,3710.3,VERIFY_FIRST,,,False,2026-10-08T18:32:36.065012+00:00
AD001407,AC001085,T3,,,Sunrise Enclave,980304,-610.8,3318.4,baseline_coarse,3710.3,VERIFY_FIRST,,,False,2026-10-08T18:32:36.065012+00:00
AD001408,AC001086,T1,,5th cross; 6th main,Vidya Nagar,960103,2629.2,931.7,visits_agree,47.9,DIRECT_VISIT,Near Masjid (about 30 m from pin),,True,2026-10-08T18:32:36.065012+00:00
AD001409,AC001087,T2,2,gali no. 2,Subhash Nagar,970201,-1630.7,-3030.7,baseline_coarse,3710.3,VERIFY_FIRST,,,False,2026-10-08T18:32:36.065012+00:00
AD001410,AC001087,T2,,gali 3,,970202,-789.1,2907.8,baseline_street,162.1,VISIT_WITH_HINT,,,False,2026-10-08T18:32:36.065012+00:00
AD001411,AC001088,T1,,6th x; 6th main,Nehru Colony,960102,3072.2,-2466.7,baseline_street,162.1,VISIT_WITH_HINT,,,False,2026-10-08T18:32:36.065012+00:00
AD001412,AC001089,T1,161,4th cross,Vinayaka Nagar,960104,-3053.6,1121.0,baseline_coarse,3710.3,VERIFY_FIRST,,,False,2026-10-08T18:32:36.065012+00:00
AD001413,AC001089,T1,400,2nd cross; 3rd main,Vinayaka Nagar,960104,-3155.2,823.8,landmark,357.8,VISIT_WITH_HINT,Near Ganesh Temple (pin is a guess near this landmark),,False,2026-10-08T18:32:36.065012+00:00
AD001414,AC001090,T1,83,12th cross; 3rd main,Gandhi Nagar,960102,551.2,-2632.6,visit_1,77.4,DIRECT_VISIT,,,False,2026-10-08T18:32:36.065012+00:00
AD001415,AC001090,T1,200,8th main,Vidya Nagar,960103,2627.8,962.2,landmark,357.8,VISIT_WITH_HINT,Near Masjid (pin is a guess near this landmark),,False,2026-10-08T18:32:36.065012+00:00
AD001416,AC001091,T1,,12th cross; 1st main,Nehru Colony,960102,2605.5,-1655.0,visits_agree,47.9,DIRECT_VISIT,,,False,2026-10-08T18:32:36.065012+00:00
AD001417,AC001092,T2,-1,233 gali,Indira Colony,,1208.5,-447.1,visits_disagree,387.8,VISIT_WITH_HINT,Near Park (about 180 m from pin),,True,2026-10-08T18:32:36.065012+00:00
AD001419,AC001093,T1,,1st cross,,960102,1247.4,-1496.1,baseline_coarse,3710.3,VERIFY_FIRST,,,True,2026-10-08T18:32:36.065012+00:00
AD001420,AC001093,T1,356,11th cross,Shanthi Nagar,960101,-2042.0,-2085.1,visit_1,77.4,DIRECT_VISIT,,,False,2026-10-08T18:32:36.065012+00:00
AD001421,AC001094,T3,,,Silver Oak Layout,980301,-2652.1,-214.7,baseline_coarse,3710.3,VERIFY_FIRST,,,False,2026-10-08T18:32:36.065012+00:00
AD001422,AC001095,T3,113,f block; 4th rd,Lakeview Phase 2,980303,3301.2,1357.0,visits_disagree,387.8,VISIT_WITH_HINT,,,True,2026-10-08T18:32:36.065012+00:00
AD001424,AC001096,T2,254,gali no. 3,Azad Mohalla,970203,598.8,2597.4,cross_account_inferred,75.0,DIRECT_VISIT,,,False,2026-10-08T18:32:36.065012+00:00
AD001425,AC001096,T2,,gali 3,Shivaji Nagar,970202,859.9,-3302.3,visit_1,77.4,DIRECT_VISIT,,,False,2026-10-08T18:32:36.065012+00:00
AD001426,AC001097,T1,435,9th cross; 8th main,,960104,-2413.6,1348.9,baseline_coarse,3710.3,VERIFY_FIRST,,,False,2026-10-08T18:32:36.065012+00:00
AD001427,AC001098,T3,,a block; 6th road,Teachers Colony,980302,732.3,-1067.4,landmark,357.8,VISIT_WITH_HINT,Near Church (pin is a guess near this landmark),,False,2026-10-08T18:32:36.065012+00:00
AD001428,AC001099,T1,,1st cross; 4th main,Vinayaka Nagar,960104,-2799.4,893.5,landmark,357.8,VISIT_WITH_HINT,Opposite Post Office (pin is a guess near this landmark),,True,2026-10-08T18:32:36.065012+00:00
AD001430,AC001100,T2,449,,Azad Mohalla,970203,1290.0,2874.0,visits_agree,47.9,DIRECT_VISIT,,,False,2026-10-08T18:32:36.065012+00:00
AD001431,AC001101,T1,,6th main,Kuvempu Layout,960102,1092.3,-419.8,landmark,357.8,VISIT_WITH_HINT,Near Hanuman Temple (pin is a guess near this landmark),,False,2026-10-08T18:32:36.065012+00:00
AD001432,AC001102,T3,66/3,,Orchid Enclave,980301,-520.4,-3364.0,visit_1,77.4,DIRECT_VISIT,,,False,2026-10-08T18:32:36.065012+00:00
AD001433,AC001103,T1,2/2,3rd; 5th main,Nehru Colony,960102,2736.8,-2478.3,visits_agree,47.9,DIRECT_VISIT,Near Hanuman Temple (about 190 m from pin),,True,2026-10-08T18:32:36.065012+00:00
AD001434,AC001104,T3,,d block; 3rd road,Teachers Colony,980302,710.9,-876.2,visit_1,77.4,DIRECT_VISIT,,,False,2026-10-08T18:32:36.065012+00:00
AD001435,AC001104,T3,350,,,980303,-429.0,3335.1,baseline_coarse,3710.3,VERIFY_FIRST,,,False,2026-10-08T18:32:36.065012+00:00
AD001436,AC001105,T3,39/1,3rd road,Railway Colony,,-2320.3,1225.5,visits_agree,47.9,DIRECT_VISIT,,,True,2026-10-08T18:32:36.065012+00:00
AD001437,AC001106,T3,173,,Silver Oak Layout,980301,-2423.1,-618.2,visits_agree,47.9,DIRECT_VISIT,Opposite Masjid (about 90 m from pin),,True,2026-10-08T18:32:36.065012+00:00
AD001438,AC001107,T3,12,2nd road,Railway Colony,980304,-2370.1,1695.4,baseline_coarse,3710.3,VERIFY_FIRST,,,False,2026-10-08T18:32:36.065012+00:00
AD001439,AC001108,T3,,,Orchid Enclave,980301,-171.2,-3644.3,baseline_coarse,3710.3,VERIFY_FIRST,,,False,2026-10-08T18:32:36.065012+00:00
AD001440,AC001108,T3,,,HMT Colony,980301,-839.6,-649.1,baseline_coarse,3710.3,VERIFY_FIRST,,,False,2026-10-08T18:32:36.065012+00:00
AD001441,AC001109,T3,110,4th rd,Lakeview Phase 2,980303,3638.9,93.0,visit_1,77.4,DIRECT_VISIT,,,False,2026-10-08T18:32:36.065012+00:00
AD001442,AC001110,T1,187,,,960102,2005.9,-1809.6,baseline_coarse,3710.3,VERIFY_FIRST,,,True,2026-10-08T18:32:36.065012+00:00
AD001443,AC001111,T3,,,Orchid Enclave,980301,-681.4,-3259.3,visits_agree,47.9,DIRECT_VISIT,Near Hanuman Temple (about 120 m from pin),,False,2026-10-08T18:32:36.065012+00:00
AD001444,AC001112,T1,147,,Kuvempu Layout,960102,769.5,-257.8,visits_agree,47.9,DIRECT_VISIT,,,True,2026-10-08T18:32:36.065012+00:00
AD001445,AC001113,T2,,,Gandhi Basti,,1017.0,934.6,baseline_coarse,3710.3,VERIFY_FIRST,,,True,2026-10-08T18:32:36.065012+00:00
AD001446,AC001113,T2,322,322 gali,,970202,1335.7,-2267.0,baseline_coarse,3710.3,VERIFY_FIRST,,,False,2026-10-08T18:32:36.065012+00:00
AD001447,AC001114,T2,4,gali no. 4,Subhash Nagar,970201,-1332.2,-2867.8,visits_disagree,387.8,VISIT_WITH_HINT,,,False,2026-10-08T18:32:36.065012+00:00
AD001448,AC001115,T3,254,b block; 6th road,Silver Oak Layout,980301,-2678.2,-543.8,landmark,357.8,VISIT_WITH_HINT,Opposite Church (pin is a guess near this landmark),,True,2026-10-08T18:32:36.065012+00:00
AD001449,AC001116,T1,363/3,3rd x; 4th main,,960102,1375.2,-1911.3,baseline_coarse,3710.3,VERIFY_FIRST,,,True,2026-10-08T18:32:36.065012+00:00
AD001450,AC001117,T2,8,gali no. 8,Krishna Puri,,2501.9,-973.1,visits_agree,47.9,DIRECT_VISIT,,,False,2026-10-08T18:32:36.065012+00:00
AD001451,AC001118,T2,197,gali 5,Shastri Nagar,970201,-641.2,-647.3,baseline_street,162.1,VISIT_WITH_HINT,Near Post Office (about 110 m from pin),,False,2026-10-08T18:32:36.065012+00:00
AD001453,AC001119,T3,,,Railway Colony,,-2401.6,1615.4,baseline_coarse,3710.3,VERIFY_FIRST,,,False,2026-10-08T18:32:36.065012+00:00
AD001454,AC001120,T1,265/2,12th cross,Basava Nagar,960101,-834.6,-2978.5,landmark,357.8,VISIT_WITH_HINT,Near Church (pin is a guess near this landmark),,False,2026-10-08T18:32:36.065012+00:00
AD001455,AC001121,T2,,gali 7,Patel Nagar,970202,1367.7,-2027.1,baseline_street,162.1,VISIT_WITH_HINT,Near Milk Dairy (about 100 m from pin),,False,2026-10-08T18:32:36.065012+00:00
AD001456,AC001121,T2,90,,Indira Colony,970202,909.1,25.0,baseline_coarse,3710.3,VERIFY_FIRST,,,True,2026-10-08T18:32:36.065012+00:00
AD001457,AC001122,T2,-6,,Azad Mohalla,970203,1023.0,2581.7,visits_agree,47.9,DIRECT_VISIT,Opposite Govt School (about 120 m from pin),,False,2026-10-08T18:32:36.065012+00:00
AD001458,AC001123,T3,43/1,,Silver Oak Layout,980301,-2859.1,-459.5,visits_disagree,387.8,VISIT_WITH_HINT,,,False,2026-10-08T18:32:36.065012+00:00
AD001460,AC001124,T3,,,Palm Meadows,980302,3246.0,-1984.0,baseline_street,162.1,VISIT_WITH_HINT,,,False,2026-10-08T18:32:36.065012+00:00
AD001461,AC001125,T1,439,3rd cross; 5th main,Vinayaka Nagar,,-2799.4,893.5,landmark,357.8,VISIT_WITH_HINT,Near Post Office (pin is a guess near this landmark),,True,2026-10-08T18:32:36.065012+00:00
AD001462,AC001126,T1,,2nd x,Gandhi Nagar,960102,962.8,-3347.2,visits_agree,47.9,DIRECT_VISIT,,,True,2026-10-08T18:32:36.065012+00:00
AD001463,AC001127,T3,,,,980303,-2652.6,1795.5,baseline_coarse,3710.3,VERIFY_FIRST,,,False,2026-10-08T18:32:36.065012+00:00
AD001465,AC001128,T2,1,gali no. 1,Shastri Nagar,970201,-785.3,-747.2,visits_agree,47.9,DIRECT_VISIT,Near Masjid (about 140 m from pin),,False,2026-10-08T18:32:36.065012+00:00
AD001466,AC001129,T3,232/1,,Lakeview Phase 2,,2336.7,-763.4,visits_disagree,387.8,VISIT_WITH_HINT,,,True,2026-10-08T18:32:36.065012+00:00
AD001467,AC001130,T3,463/1,4th road,Palm Meadows,908302,3205.8,-1685.6,landmark,357.8,VISIT_WITH_HINT,Near Post Office (pin is a guess near this landmark),,True,2026-10-08T18:32:36.065012+00:00
AD001468,AC001131,T1,,4th cross; 1st main,Gandhi Nagar,960102,2672.5,-2098.5,cross_account_inferred,75.0,DIRECT_VISIT,,,True,2026-10-08T18:32:36.065012+00:00
AD001469,AC001132,T3,98,b block; 6th rd,Railway Colony,980304,-2622.3,1441.4,visits_agree,47.9,DIRECT_VISIT,,,False,2026-10-08T18:32:36.065012+00:00
AD001470,AC001132,T3,148,,Royal Gardens,980303,293.1,2048.2,baseline_street,162.1,VISIT_WITH_HINT,Opposite Ration Shop (about 130 m from pin),,False,2026-10-08T18:32:36.065012+00:00
AD001471,AC001133,T1,,11th cross; 6th main,Nehru Colony,960102,3049.4,-2157.6,landmark,357.8,VISIT_WITH_HINT,Opposite Ration Shop (pin is a guess near this landmark),,False,2026-10-08T18:32:36.065012+00:00
AD001472,AC001134,T3,402,,,980301,-424.7,-3924.7,visits_disagree,387.8,VISIT_WITH_HINT,,,True,2026-10-08T18:32:36.065012+00:00
AD001473,AC001134,T3,110,c block; 5th road,Royal Gardens,980303,678.0,1291.3,visit_1,77.4,DIRECT_VISIT,,,True,2026-10-08T18:32:36.065012+00:00
AD001474,AC001135,T2,-8,,Patel Nagar,970202,1185.3,-2043.0,landmark,357.8,VISIT_WITH_HINT,Opposite Govt School (pin is a guess near this landmark),,False,2026-10-08T18:32:36.065012+00:00
AD001475,AC001135,T2,,,Indira Colony,970202,1171.8,21.4,baseline_coarse,3710.3,VERIFY_FIRST,,,False,2026-10-08T18:32:36.065012+00:00
AD001476,AC001136,T3,,,Sunrise Enclave,980304,-768.2,3483.0,landmark,357.8,VISIT_WITH_HINT,Opposite Park (pin is a guess near this landmark),,False,2026-10-08T18:32:36.065012+00:00
AD001477,AC001137,T1,145,,Hosa Badavane,960101,-769.1,-1345.8,baseline_coarse,3710.3,VERIFY_FIRST,,,False,2026-10-08T18:32:36.065012+00:00
AD001478,AC001138,T2,,gali 3,Tilak Nagar,970204,-310.8,990.8,landmark,357.8,VISIT_WITH_HINT,Near Masjid (pin is a guess near this landmark),,False,2026-10-08T18:32:36.065012+00:00
AD001479,AC001139,T1,,,Nehru Colony,960102,2986.1,-2494.1,visits_disagree,387.8,VISIT_WITH_HINT,,,True,2026-10-08T18:32:36.065012+00:00
AD001480,AC001140,T3,312/1,,Palm Meadows,980302,3628.2,-2240.7,visits_agree,47.9,DIRECT_VISIT,,,True,2026-10-08T18:32:36.065012+00:00
AD001481,AC001141,T3,,d block; 6th road,Palm Meadows,980302,2861.9,-1836.1,visits_agree,47.9,DIRECT_VISIT,,,True,2026-10-08T18:32:36.065012+00:00
AD001482,AC001142,T3,293/2,,Palm Meadows,980302,3433.8,-1644.8,landmark,357.8,VISIT_WITH_HINT,Behind Ganesh Temple (pin is a guess near this landmark),,False,2026-10-08T18:32:36.065012+00:00
AD001483,AC001143,T3,396,a block; 6th rd,,980303,-498.6,3142.2,baseline_coarse,3710.3,VERIFY_FIRST,,,False,2026-10-08T18:32:36.065012+00:00
AD001484,AC001144,T1,149,,Nehru Colony,960102,2740.1,-2429.8,baseline_coarse,3710.3,VERIFY_FIRST,,,True,2026-10-08T18:32:36.065012+00:00
AD001485,AC001144,T1,,,Gandhi Nagar,960102,874.5,-3188.1,baseline_coarse,3710.3,VERIFY_FIRST,,,False,2026-10-08T18:32:36.065012+00:00
AD001486,AC001145,T3,,,,,-108.9,190.6,baseline_coarse,3710.3,VERIFY_FIRST,,,False,2026-10-08T18:32:36.065012+00:00
AD001487,AC001146,T2,,,Patel Nagar,970202,1782.5,-2167.1,baseline_coarse,3710.3,VERIFY_FIRST,,,True,2026-10-08T18:32:36.065012+00:00
AD001488,AC001146,T2,5,gali no. 5,Subhash Nagar,970201,-1507.4,-2857.9,visits_agree,47.9,DIRECT_VISIT,,,False,2026-10-08T18:32:36.065012+00:00
AD001489,AC001147,T2,,,Patel Nagar,970202,1275.0,-1769.7,visits_agree,47.9,DIRECT_VISIT,,,False,2026-10-08T18:32:36.065012+00:00
AD001490,AC001148,T1,78,,Ashoka Layout,960104,-1603.9,405.0,visit_1,77.4,DIRECT_VISIT,,,True,2026-10-08T18:32:36.065012+00:00
AD001491,AC001149,T3,273,2nd road,Palm Meadows,980302,3703.3,-2173.9,baseline_street,162.1,VISIT_WITH_HINT,Near Park (about 200 m from pin),,False,2026-10-08T18:32:36.065012+00:00
AD001493,AC001150,T2,,gali 8,Ram Nagar,970203,659.9,-2908.5,visits_agree,47.9,DIRECT_VISIT,,,True,2026-10-08T18:32:36.065012+00:00
AD001494,AC001150,T2,6,gali no. 6,Shivaji Nagar,970202,726.5,-3044.8,visit_1,77.4,DIRECT_VISIT,,,False,2026-10-08T18:32:36.065012+00:00
AD001495,AC001151,T2,10,gali no. 10,,970202,1256.3,-1853.0,visits_agree,47.9,DIRECT_VISIT,,,False,2026-10-08T18:32:36.065012+00:00
AD001496,AC001152,T1,169,3rd cross; 3rd main,Siddeshwara Colony,960102,1816.3,-1306.1,visit_1,77.4,DIRECT_VISIT,,,False,2026-10-08T18:32:36.065012+00:00
AD001497,AC001153,T2,7,gali no. 7,Patel Nagar,970202,1531.6,-2033.5,cross_account_inferred,75.0,DIRECT_VISIT,,,False,2026-10-08T18:32:36.065012+00:00
AD001498,AC001154,T1,89/3,3rd cross; 7th main,Nehru Colony,960102,2792.5,-2125.6,landmark,357.8,VISIT_WITH_HINT,Near Community Hall (pin is a guess near this landmark),,False,2026-10-08T18:32:36.065012+00:00
AD001499,AC001155,T3,165/2,a block; 3rd road,Lakeview Phase 2,980303,3518.4,-3.0,visits_disagree,387.8,VISIT_WITH_HINT,,,False,2026-10-08T18:32:36.065012+00:00
AD001500,AC001156,T3,217/1,a block; 4th rd,Railway Colony,980304,-2717.6,1319.7,baseline_street,162.1,VISIT_WITH_HINT,,,False,2026-10-08T18:32:36.065012+00:00
AD001501,AC001156,T3,54,,,980302,1607.2,-1807.7,baseline_coarse,3710.3,VERIFY_FIRST,,,False,2026-10-08T18:32:36.065012+00:00
AD001502,AC001157,T3,,5th rd,,980301,-635.7,-485.5,cross_account_inferred,75.0,DIRECT_VISIT,,,False,2026-10-08T18:32:36.065012+00:00
AD001503,AC001158,T2,6,2 gali,Krishna Puri,970202,2895.2,-1487.7,visits_disagree,387.8,VISIT_WITH_HINT,,,True,2026-10-08T18:32:36.065012+00:00
AD001504,AC001159,T2,114,,Azad Mohalla,970203,960.4,2733.4,baseline_coarse,3710.3,VERIFY_FIRST,,,False,2026-10-08T18:32:36.065012+00:00
AD001505,AC001160,T2,-7,,Azad Mohalla,970203,1065.9,2652.1,visits_agree,47.9,DIRECT_VISIT,Behind Bus Stop (about 30 m from pin),,False,2026-10-08T18:32:36.065012+00:00
AD001506,AC001160,T2,10,gali no. 10,Ambedkar Nagar,970204,-749.2,3343.4,cross_account_inferred,75.0,DIRECT_VISIT,,,False,2026-10-08T18:32:36.065012+00:00
AD001507,AC001161,T3,,,Railway Colony,980304,-2586.0,1853.4,baseline_coarse,3710.3,VERIFY_FIRST,,,False,2026-10-08T18:32:36.065012+00:00
AD001508,AC001162,T1,203/1,,Shanthi Nagar,960101,-2184.5,-2407.6,landmark,357.8,VISIT_WITH_HINT,Near Govt School (pin is a guess near this landmark),,False,2026-10-08T18:32:36.065012+00:00
AD001509,AC001163,T1,,8th main,,960101,3103.3,-2566.7,visits_disagree,387.8,VISIT_WITH_HINT,,,True,2026-10-08T18:32:36.065012+00:00
AD001510,AC001164,T2,-4,,Indira Colony,970202,989.3,-261.7,baseline_coarse,3710.3,VERIFY_FIRST,,,False,2026-10-08T18:32:36.065012+00:00
AD001511,AC001165,T2,36,36 gali,Gandhi Basti,970203,674.9,1444.0,landmark,357.8,VISIT_WITH_HINT,Near Post Office (pin is a guess near this landmark),,False,2026-10-08T18:32:36.065012+00:00
AD001512,AC001166,T3,377/3,,HMT Colony,980301,-764.5,-471.1,landmark,357.8,VISIT_WITH_HINT,Near Post Office (pin is a guess near this landmark),,False,2026-10-08T18:32:36.065012+00:00
AD001513,AC001166,T3,3/1,5th road,Royal Gardens,980303,3833.0,198.6,cross_account_inferred,75.0,DIRECT_VISIT,,,False,2026-10-08T18:32:36.065012+00:00
AD001514,AC001167,T1,,5th cross,,960101,-1707.8,-2403.1,baseline_coarse,3710.3,VERIFY_FIRST,,,False,2026-10-08T18:32:36.065012+00:00
AD001515,AC001168,T2,278,gali no. 2,Patel Nagar,970202,1409.9,-1980.9,baseline_coarse,3710.3,VERIFY_FIRST,,,False,2026-10-08T18:32:36.065012+00:00
AD001516,AC001169,T1,,12th cross; 4th main,,960102,673.3,-2631.2,visits_agree,47.9,DIRECT_VISIT,,,True,2026-10-08T18:32:36.065012+00:00
AD001517,AC001170,T1,,5th cross; 8th main,Gandhi Nagar,960102,1171.6,-2988.3,baseline_street,162.1,VISIT_WITH_HINT,,,False,2026-10-08T18:32:36.065012+00:00
AD001519,AC001171,T3,218,,Unity Nagar,,1081.1,-3832.5,baseline_coarse,3710.3,VERIFY_FIRST,,,False,2026-10-08T18:32:36.065012+00:00
AD001520,AC001172,T3,121/1,5th road,Orchid Enclave,980301,-1415.8,-1915.4,cross_account_inferred,75.0,DIRECT_VISIT,,,True,2026-10-08T18:32:36.065012+00:00
AD001521,AC001173,T3,418,,Sunrise Enclave,980304,-736.2,3289.8,visits_agree,47.9,DIRECT_VISIT,,,False,2026-10-08T18:32:36.065012+00:00
AD001523,AC001174,T2,433,gali 3,Nehru Colony,970203,2946.9,261.8,visits_agree,47.9,DIRECT_VISIT,Opposite Community Hall (about 50 m from pin),,True,2026-10-08T18:32:36.065012+00:00
AD001524,AC001175,T3,264,,Lakeview Phase 2,980303,4233.2,156.3,visits_agree,47.9,DIRECT_VISIT,,,True,2026-10-08T18:32:36.065012+00:00
AD001525,AC001175,T3,232,b block; 2nd road,HMT Colony,980301,-877.2,-824.3,baseline_street,162.1,VISIT_WITH_HINT,Near Ration Shop (about 120 m from pin),,False,2026-10-08T18:32:36.065012+00:00
AD001526,AC001176,T2,-8,,Shivaji Nagar,970202,1007.8,-2813.1,visit_1,77.4,DIRECT_VISIT,Near Community Hall (about 190 m from pin),,False,2026-10-08T18:32:36.065012+00:00
AD001528,AC001177,T2,1,gali no. 1,Patel Nagar,970202,1247.7,-1454.1,cross_account_inferred,75.0,DIRECT_VISIT,,,True,2026-10-08T18:32:36.065012+00:00
AD001530,AC001178,T1,367,4th main,Kuvempu Layout,960102,1158.1,-342.6,visit_1,77.4,DIRECT_VISIT,,,False,2026-10-08T18:32:36.065012+00:00
AD001531,AC001178,T1,,1st cross; 4th main,,960104,-1670.5,1927.3,baseline_coarse,3710.3,VERIFY_FIRST,,,False,2026-10-08T18:32:36.065012+00:00
AD001532,AC001179,T1,,1st main,,960101,-1140.6,-2244.0,cross_account_inferred,75.0,DIRECT_VISIT,,,False,2026-10-08T18:32:36.065012+00:00
AD001533,AC001180,T1,211/2,,Gandhi Nagar,960102,741.5,-2979.3,baseline_coarse,3710.3,VERIFY_FIRST,,,False,2026-10-08T18:32:36.065012+00:00
AD001534,AC001181,T3,431,,,980301,-2578.7,-188.5,visits_agree,47.9,DIRECT_VISIT,,,True,2026-10-08T18:32:36.065012+00:00
AD001535,AC001181,T3,474,b block; 6th road,Sunrise Enclave,980304,-413.7,3044.8,baseline_coarse,3710.3,VERIFY_FIRST,,,True,2026-10-08T18:32:36.065012+00:00
AD001536,AC001182,T3,79,,,980302,-2447.8,1734.6,baseline_coarse,3710.3,VERIFY_FIRST,,,False,2026-10-08T18:32:36.065012+00:00
AD001537,AC001183,T2,,gali 9,Subhash Nagar,970201,-1528.9,-2813.1,landmark,357.8,VISIT_WITH_HINT,Near Hanuman Temple (pin is a guess near this landmark),,False,2026-10-08T18:32:36.065012+00:00
AD001538,AC001183,T2,199,,Gandhi Basti,970203,1075.2,1767.5,baseline_street,162.1,VISIT_WITH_HINT,,,False,2026-10-08T18:32:36.065012+00:00
AD001539,AC001184,T1,8/1,2nd x; 2nd main,Anjaneya Badavane,960103,247.6,1987.7,visits_agree,47.9,DIRECT_VISIT,,,False,2026-10-08T18:32:36.065012+00:00
AD001540,AC001185,T3,99,6th road,Railway Colony,980304,-2369.7,1821.9,visits_agree,47.9,DIRECT_VISIT,,,False,2026-10-08T18:32:36.065012+00:00
AD001541,AC001186,T1,23,,Kalyana Nagar,960104,-2026.3,2547.9,landmark,357.8,VISIT_WITH_HINT,Near Ganesh Temple (pin is a guess near this landmark),,False,2026-10-08T18:32:36.065012+00:00
AD001542,AC001187,T3,,,Orchid Enclave,980301,-821.6,-3377.5,baseline_street,162.1,VISIT_WITH_HINT,,,False,2026-10-08T18:32:36.065012+00:00
AD001543,AC001188,T2,269,269 gali,Krishna Puri,970202,2577.3,-1320.1,landmark,357.8,VISIT_WITH_HINT,Near Water Tank (pin is a guess near this landmark),,False,2026-10-08T18:32:36.065012+00:00
AD001544,AC001189,T3,,,Sunrise Enclave,980304,-472.9,2955.5,baseline_coarse,3710.3,VERIFY_FIRST,,,False,2026-10-08T18:32:36.065012+00:00
AD001545,AC001189,T3,,,Palm Meadows,980302,3550.4,-2296.1,landmark,357.8,VISIT_WITH_HINT,Near Park (pin is a guess near this landmark),,False,2026-10-08T18:32:36.065012+00:00
AD001546,AC001190,T1,,1st cross; 2nd main,Basava Nagar,960101,-1282.3,-3534.8,visit_1,77.4,DIRECT_VISIT,,,False,2026-10-08T18:32:36.065012+00:00
AD001548,AC001191,T1,33/1,3rd; 2nd main,Siddeshwara Colony,960102,2491.1,-2359.1,cross_account_inferred,75.0,DIRECT_VISIT,,,False,2026-10-08T18:32:36.065012+00:00
AD001549,AC001192,T2,16,gali no. 4,Krishna Puri,970202,2297.9,-1306.9,visits_agree,47.9,DIRECT_VISIT,Near Govt School (about 150 m from pin),,True,2026-10-08T18:32:36.065012+00:00
AD001551,AC001193,T2,385/3,gali 1,Patel Nagar,970202,769.8,-3429.1,cross_account_inferred,75.0,DIRECT_VISIT,,,False,2026-10-08T18:32:36.065012+00:00
AD001552,AC001194,T1,,1st x; 6th main,Vidya Nagar,960103,2843.8,757.1,landmark,357.8,VISIT_WITH_HINT,Near Ration Shop (pin is a guess near this landmark),,False,2026-10-08T18:32:36.065012+00:00
AD001553,AC001195,T2,-9,,Azad Mohalla,970203,944.6,2651.5,baseline_coarse,3710.3,VERIFY_FIRST,,,False,2026-10-08T18:32:36.065012+00:00
AD001554,AC001196,T1,55,3rd main,Nehru Colony,960102,2634.3,-2180.4,visits_agree,47.9,DIRECT_VISIT,,,False,2026-10-08T18:32:36.065012+00:00
AD001555,AC001197,T3,157,,Railway Colony,980304,-2590.9,1784.7,visits_disagree,387.8,VISIT_WITH_HINT,,,False,2026-10-08T18:32:36.065012+00:00
AD001556,AC001198,T2,,,Azad Mohalla,970203,1034.0,2590.8,visits_agree,47.9,DIRECT_VISIT,Near Bus Stop (about 90 m from pin),,False,2026-10-08T18:32:36.065012+00:00
AD001557,AC001199,T2,391,,Patel Nagar,970202,1565.9,-1851.0,baseline_coarse,3710.3,VERIFY_FIRST,,,False,2026-10-08T18:32:36.065012+00:00
AD001558,AC001199,T2,,,,970203,1816.7,1537.4,baseline_coarse,3710.3,VERIFY_FIRST,,,False,2026-10-08T18:32:36.065012+00:00
AD001559,AC001200,T2,292/3,3 gali,Krishna Puri,970202,874.6,-3087.8,cross_account_inferred,75.0,DIRECT_VISIT,,,False,2026-10-08T18:32:36.065012+00:00
AD001560,AC001201,T3,,blockk; 4th rd,Green Park Layout,980301,-3990.5,-1086.5,landmark,357.8,VISIT_WITH_HINT,Opposite Hanuman Temple (pin is a guess near this landmark),,False,2026-10-08T18:32:36.065012+00:00
AD001561,AC001202,T1,242,8th cross,,960104,1149.5,18.8,baseline_coarse,3710.3,VERIFY_FIRST,,,False,2026-10-08T18:32:36.065012+00:00
AD001563,AC001203,T3,263,,HMT Colony,980301,-705.2,-739.2,visits_agree,47.9,DIRECT_VISIT,Near Milk Dairy (about 90 m from pin),,False,2026-10-08T18:32:36.065012+00:00
AD001564,AC001204,T3,,6th rd,Orchid Enclave,980301,-639.9,-3367.2,landmark,357.8,VISIT_WITH_HINT,Near Hanuman Temple (pin is a guess near this landmark),,True,2026-10-08T18:32:36.065012+00:00
AD001565,AC001204,T3,,,Sunrise Enclave,980304,-3731.2,-771.6,visit_1,77.4,DIRECT_VISIT,,,False,2026-10-08T18:32:36.065012+00:00
AD001566,AC001205,T2,-7,,Patel Nagar,970202,1575.7,-2215.8,baseline_coarse,3710.3,VERIFY_FIRST,,,True,2026-10-08T18:32:36.065012+00:00
AD001567,AC001206,T1,,8th cross; 5th main,Nehru Colony,960102,2860.6,-2181.8,visits_disagree,387.8,VISIT_WITH_HINT,Near Community Hall (about 90 m from pin),,False,2026-10-08T18:32:36.065012+00:00
AD001568,AC001207,T1,391,5th main,Nehru Colony,960102,797.6,-2618.4,cross_account_inferred,75.0,DIRECT_VISIT,,,False,2026-10-08T18:32:36.065012+00:00
AD001569,AC001208,T3,257/2,f block; 6th road,,980302,3388.0,-1378.0,visit_1,77.4,DIRECT_VISIT,,,True,2026-10-08T18:32:36.065012+00:00
AD001570,AC001209,T1,185/2,9th cross; 6th main,Vidya Nagar,960103,2622.4,1233.6,visit_1,77.4,DIRECT_VISIT,,,True,2026-10-08T18:32:36.065012+00:00
AD001571,AC001210,T1,,2nd main,Vidya Nagar,960103,2200.4,1114.7,baseline_street,162.1,VISIT_WITH_HINT,,,False,2026-10-08T18:32:36.065012+00:00
AD001572,AC001211,T3,467/2,f block; 4th road,Defence Colony,980301,-534.4,-1699.8,baseline_street,162.1,VISIT_WITH_HINT,,,False,2026-10-08T18:32:36.065012+00:00
AD001573,AC001211,T3,189,,Teachers Colony,980302,1014.3,-406.9,landmark,357.8,VISIT_WITH_HINT,Near Masjid (pin is a guess near this landmark),,False,2026-10-08T18:32:36.065012+00:00
AD001574,AC001212,T3,314,b block; 1st road,Lakeview Phase 2,980303,3958.9,64.4,visits_disagree,387.8,VISIT_WITH_HINT,,,True,2026-10-08T18:32:36.065012+00:00
AD001575,AC001213,T2,10,gali no. 10,Shivaji Nagar,,923.9,-2681.1,visit_1,77.4,DIRECT_VISIT,Near Community Hall (about 190 m from pin),,False,2026-10-08T18:32:36.065012+00:00
AD001576,AC001214,T1,380/3,3rd cross,Gandhi Nagar,960102,842.8,-3221.8,baseline_street,162.1,VISIT_WITH_HINT,,,False,2026-10-08T18:32:36.065012+00:00
AD001577,AC001215,T2,245,gali no. 12,Indira Colony,,922.3,400.8,visits_disagree,387.8,VISIT_WITH_HINT,,,True,2026-10-08T18:32:36.065012+00:00
AD001578,AC001216,T3,258,4th road,Railway Colony,980304,-787.8,-3726.7,cross_account_inferred,75.0,DIRECT_VISIT,,,False,2026-10-08T18:32:36.065012+00:00
AD001579,AC001217,T1,,4th cross; 3rd,Nehru Colony,960102,2515.4,-2361.5,baseline_street,162.1,VISIT_WITH_HINT,,,True,2026-10-08T18:32:36.065012+00:00
AD001581,AC001218,T1,300,11th cross; 2nd main,Nehru Colony,960102,2734.8,-1810.6,visits_agree,47.9,DIRECT_VISIT,,,False,2026-10-08T18:32:36.065012+00:00
AD001582,AC001219,T3,19,,Teachers Colony,980302,1014.9,-921.0,baseline_coarse,3710.3,VERIFY_FIRST,,,False,2026-10-08T18:32:36.065012+00:00
AD001583,AC001220,T3,,,HMT Colony,,-791.9,-718.7,landmark,357.8,VISIT_WITH_HINT,Near Milk Dairy (pin is a guess near this landmark),,False,2026-10-08T18:32:36.065012+00:00
AD001584,AC001221,T2,-7,,Patel Nagar,970202,1277.0,-2001.0,visits_disagree,387.8,VISIT_WITH_HINT,,,True,2026-10-08T18:32:36.065012+00:00
AD001585,AC001222,T3,367/2,,Teachers Colony,980302,1014.3,-406.9,landmark,357.8,VISIT_WITH_HINT,Near Masjid (pin is a guess near this landmark),,False,2026-10-08T18:32:36.065012+00:00
AD001586,AC001223,T2,,gali 10,Patel Nagar,970202,1844.3,-1566.7,cross_account_inferred,75.0,DIRECT_VISIT,,,False,2026-10-08T18:32:36.065012+00:00
AD001587,AC001224,T3,,,Sunrise Enclave,980304,-867.0,2979.6,visits_agree,47.9,DIRECT_VISIT,,,False,2026-10-08T18:32:36.065012+00:00
AD001588,AC001225,T1,233/3,10th cross; 6th main,,,-267.6,94.2,baseline_coarse,3710.3,VERIFY_FIRST,,,False,2026-10-08T18:32:36.065012+00:00
AD001589,AC001226,T2,,gali 10,Azad Mohalla,970203,691.9,3116.3,visits_agree,47.9,DIRECT_VISIT,,,False,2026-10-08T18:32:36.065012+00:00
AD001590,AC001227,T3,371,,Orchid Enclave,980301,-568.0,-3271.2,landmark,357.8,VISIT_WITH_HINT,Near Park (pin is a guess near this landmark),,False,2026-10-08T18:32:36.065012+00:00
AD001591,AC001228,T2,355,355 gali,Subhash Nagar,970201,-1702.1,-2948.3,visit_1,77.4,DIRECT_VISIT,,,False,2026-10-08T18:32:36.065012+00:00
AD001592,AC001229,T2,-11,,,970201,1548.0,-2454.2,visits_agree,47.9,DIRECT_VISIT,,,False,2026-10-08T18:32:36.065012+00:00
AD001593,AC001230,T3,,,Defence Colony,980301,-873.0,-2219.9,baseline_street,162.1,VISIT_WITH_HINT,,,False,2026-10-08T18:32:36.065012+00:00
AD001594,AC001231,T2,,398 gali,Azad Mohalla,970203,907.5,2586.7,landmark,357.8,VISIT_WITH_HINT,Near Govt School (pin is a guess near this landmark),,False,2026-10-08T18:32:36.065012+00:00
AD001596,AC001232,T1,,4th cross; 4th main,Gandhi Nagar,,745.6,-3225.4,visits_agree,47.9,DIRECT_VISIT,Behind Community Hall (about 150 m from pin),,True,2026-10-08T18:32:36.065012+00:00
AD001597,AC001233,T2,401,,Shivaji Nagar,970202,331.0,-3084.2,landmark,357.8,VISIT_WITH_HINT,Near Ganesh Temple (pin is a guess near this landmark),,False,2026-10-08T18:32:36.065012+00:00
AD001598,AC001234,T3,,,,980302,2497.5,-1891.1,baseline_coarse,3710.3,VERIFY_FIRST,,,False,2026-10-08T18:32:36.065012+00:00
AD001600,AC001235,T2,,,Patel Nagar,970202,1268.9,-2044.0,landmark,357.8,VISIT_WITH_HINT,Near Milk Dairy (pin is a guess near this landmark),,False,2026-10-08T18:32:36.065012+00:00
AD001601,AC001236,T2,231,gali 8,,970202,1321.6,-2375.5,cross_account_inferred,75.0,DIRECT_VISIT,,,False,2026-10-08T18:32:36.065012+00:00
AD001602,AC001237,T1,77/2,9th cross; 1st main,,960102,1464.0,-2380.5,cross_account_inferred,75.0,DIRECT_VISIT,,,False,2026-10-08T18:32:36.065012+00:00
AD001603,AC001237,T1,,11th cross; 6th main,Kuvempu Layout,960102,1255.7,47.7,landmark,357.8,VISIT_WITH_HINT,Near Milk Dairy (pin is a guess near this landmark),,False,2026-10-08T18:32:36.065012+00:00
AD001604,AC001238,T1,,8th main,Kalyana Nagar,,-1777.6,2338.1,baseline_coarse,3710.3,VERIFY_FIRST,,,False,2026-10-08T18:32:36.065012+00:00
AD001605,AC001239,T3,,e block; 4th road,Lakeview Phase 2,980303,3646.8,552.3,visits_agree,47.9,DIRECT_VISIT,Opposite Ration Shop (about 30 m from pin),,True,2026-10-08T18:32:36.065012+00:00
AD001606,AC001240,T3,97,c block; 3rd road,Silver Oak Layout,980301,-2506.9,-383.8,baseline_street,162.1,VISIT_WITH_HINT,Opposite Masjid (about 160 m from pin),,False,2026-10-08T18:32:36.065012+00:00
AD001607,AC001240,T3,452,,Palm Meadows,980302,3278.2,-1936.8,baseline_coarse,3710.3,VERIFY_FIRST,,,False,2026-10-08T18:32:36.065012+00:00
AD001608,AC001241,T2,,,Ambedkar Nagar,970204,-451.3,2598.7,baseline_coarse,3710.3,VERIFY_FIRST,,,False,2026-10-08T18:32:36.065012+00:00
AD001609,AC001242,T2,292,gali no. 9,Ram Nagar,970203,2326.7,1917.1,landmark,357.8,VISIT_WITH_HINT,Near Ganesh Temple (pin is a guess near this landmark),,False,2026-10-08T18:32:36.065012+00:00
AD001610,AC001243,T1,177,,Basava Nagar,960101,-1388.7,-3524.7,landmark,357.8,VISIT_WITH_HINT,Near Ration Shop (pin is a guess near this landmark),,False,2026-10-08T18:32:36.065012+00:00
AD001611,AC001244,T2,,,Shivaji Nagar,970202,285.3,-2771.2,baseline_street,162.1,VISIT_WITH_HINT,,,False,2026-10-08T18:32:36.065012+00:00
AD001612,AC001245,T2,26,,,970202,1697.8,-1096.0,baseline_coarse,3710.3,VERIFY_FIRST,,,False,2026-10-08T18:32:36.065012+00:00
AD001613,AC001245,T2,8,,Indira Colony,970202,1205.4,74.3,baseline_coarse,3710.3,VERIFY_FIRST,,,False,2026-10-08T18:32:36.065012+00:00
AD001614,AC001246,T2,202,,Krishna Puri,970202,2582.7,-1182.3,baseline_coarse,3710.3,VERIFY_FIRST,,,False,2026-10-08T18:32:36.065012+00:00
AD001615,AC001247,T1,,1st x,Kalyana Nagar,960104,-1850.9,2731.0,baseline_coarse,3710.3,VERIFY_FIRST,,,False,2026-10-08T18:32:36.065012+00:00
AD001616,AC001248,T1,,11th cross; 5th main,Vidya Nagar,960103,2515.8,1376.4,visits_disagree,387.8,VISIT_WITH_HINT,,,False,2026-10-08T18:32:36.065012+00:00
AD001617,AC001248,T1,,,Anjaneya Badavane,960103,112.7,1974.3,visit_1,77.4,DIRECT_VISIT,,,False,2026-10-08T18:32:36.065012+00:00
AD001618,AC001249,T3,200/2,,Teachers Colony,,1161.8,-386.0,visit_1,77.4,DIRECT_VISIT,Opposite Masjid (about 150 m from pin),,False,2026-10-08T18:32:36.065012+00:00
AD001619,AC001250,T2,283,,Krishna Puri,970202,2655.2,-1086.0,visits_agree,47.9,DIRECT_VISIT,,,False,2026-10-08T18:32:36.065012+00:00
AD001620,AC001251,T3,472,,Orchid Enclave,980301,-19.2,-3368.5,visits_disagree,387.8,VISIT_WITH_HINT,,,True,2026-10-08T18:32:36.065012+00:00
AD001621,AC001252,T3,,f block; 2nd road,Sunrise Enclave,980304,-60.0,3221.6,visit_1,77.4,DIRECT_VISIT,,,True,2026-10-08T18:32:36.065012+00:00
AD001622,AC001253,T3,322/2,,Teachers Colony,980302,965.5,-1048.4,visit_1,77.4,DIRECT_VISIT,,,True,2026-10-08T18:32:36.065012+00:00
AD001623,AC001254,T1,,8th main,Nehru Colony,960102,2212.9,-2655.7,cross_account_inferred,75.0,DIRECT_VISIT,,,False,2026-10-08T18:32:36.065012+00:00
AD001624,AC001254,T1,,3rd cross; 3rd main,Vinayaka Nagar,960104,-2799.4,893.5,landmark,357.8,VISIT_WITH_HINT,Near Post Office (pin is a guess near this landmark),,False,2026-10-08T18:32:36.065012+00:00
AD001625,AC001255,T1,325,,Vinayaka Nagar,960104,-2806.4,1241.3,visit_1,77.4,DIRECT_VISIT,,,False,2026-10-08T18:32:36.065012+00:00
AD001626,AC001255,T1,,8th cross; 7th main,Basava Nagar,960101,-738.6,-3032.5,visit_1,77.4,DIRECT_VISIT,,,False,2026-10-08T18:32:36.065012+00:00
AD001627,AC001256,T2,330,,,970202,1320.9,-2072.6,visits_agree,47.9,DIRECT_VISIT,Near Milk Dairy (about 60 m from pin),,False,2026-10-08T18:32:36.065012+00:00
AD001628,AC001257,T2,66,gali 8,Azad Mohalla,970203,682.6,2936.6,visit_1,77.4,DIRECT_VISIT,,,True,2026-10-08T18:32:36.065012+00:00
AD001629,AC001258,T1,417,7th cross; 3rd main,Gandhi Nagar,,802.8,-2892.6,visits_disagree,387.8,VISIT_WITH_HINT,,,False,2026-10-08T18:32:36.065012+00:00
AD001630,AC001258,T1,223,12th cross; 7th main,Anjaneya Badavane,960103,567.6,2843.6,visits_disagree,387.8,VISIT_WITH_HINT,,,True,2026-10-08T18:32:36.065012+00:00
AD001631,AC001259,T2,-7,,,970203,2713.3,501.5,visits_agree,47.9,DIRECT_VISIT,,,False,2026-10-08T18:32:36.065012+00:00
AD001633,AC001260,T1,215/1,12th cross; 1st main,Siddeshwara Colony,960102,1605.9,-543.8,visit_1,77.4,DIRECT_VISIT,,,False,2026-10-08T18:32:36.065012+00:00
AD001634,AC001261,T1,41/2,3rd main,Gandhi Nagar,960102,546.3,-2981.0,landmark,357.8,VISIT_WITH_HINT,Near Bus Stop (pin is a guess near this landmark),,False,2026-10-08T18:32:36.065012+00:00
AD001635,AC001262,T3,,,Railway Colony,980304,-2458.4,1536.0,baseline_coarse,3710.3,VERIFY_FIRST,,,False,2026-10-08T18:32:36.065012+00:00
AD001637,AC001263,T2,-1,,Shivaji Nagar,970202,444.3,-2979.3,baseline_coarse,3710.3,VERIFY_FIRST,,,True,2026-10-08T18:32:36.065012+00:00
AD001638,AC001264,T1,407,,Gandhi Nagar,960102,903.0,-2895.2,visits_disagree,387.8,VISIT_WITH_HINT,,,True,2026-10-08T18:32:36.065012+00:00
AD001639,AC001265,T1,179,6th cross; 8th main,,960104,-1550.8,649.1,landmark,357.8,VISIT_WITH_HINT,Near Hanuman Temple (pin is a guess near this landmark),,False,2026-10-08T18:32:36.065012+00:00
AD001640,AC001266,T3,245,,Unity Nagar,980302,1235.1,-3752.5,baseline_coarse,3710.3,VERIFY_FIRST,,,False,2026-10-08T18:32:36.065012+00:00
AD001641,AC001267,T3,,2nd road,Lakeview Phase 2,980303,3391.3,470.7,landmark,357.8,VISIT_WITH_HINT,Near Community Hall (pin is a guess near this landmark),,True,2026-10-08T18:32:36.065012+00:00
AD001642,AC001268,T1,362,9th cross; 3rd main,,960102,1601.5,-1577.8,baseline_coarse,3710.3,VERIFY_FIRST,,,False,2026-10-08T18:32:36.065012+00:00
AD001643,AC001269,T2,,,Patel Nagar,970202,1517.5,-1967.9,baseline_coarse,3710.3,VERIFY_FIRST,,,False,2026-10-08T18:32:36.065012+00:00
AD001644,AC001270,T2,,,Azad Mohalla,970203,626.0,2553.9,baseline_coarse,3710.3,VERIFY_FIRST,,,False,2026-10-08T18:32:36.065012+00:00
AD001645,AC001271,T1,,1st main,Nehru Colony,960102,2218.1,-1962.8,baseline_street,162.1,VISIT_WITH_HINT,,,False,2026-10-08T18:32:36.065012+00:00
AD001646,AC001271,T1,290,11th x; 6th main,Kuvempu Layout,960102,1238.0,225.5,baseline_street,162.1,VISIT_WITH_HINT,Near Milk Dairy (about 180 m from pin),,False,2026-10-08T18:32:36.065012+00:00
AD001647,AC001272,T2,5,gali no. 5,Subhash Nagar,970201,-1482.4,-2857.9,cross_account_inferred,75.0,DIRECT_VISIT,Near Milk Dairy (about 170 m from pin),,False,2026-10-08T18:32:36.065012+00:00
AD001649,AC001273,T1,198,1st cross; 1st main,Nehru Colony,960102,2322.5,-2438.3,visits_disagree,387.8,VISIT_WITH_HINT,,,True,2026-10-08T18:32:36.065012+00:00
AD001651,AC001274,T1,,10th cross; 6th main,Basava Nagar,960101,-603.4,-2923.5,visits_disagree,387.8,VISIT_WITH_HINT,,,False,2026-10-08T18:32:36.065012+00:00
AD001652,AC001275,T2,,gali 2,Patel Nagar,970202,1214.2,-2491.6,visit_1,77.4,DIRECT_VISIT,Opposite Masjid (about 140 m from pin),,False,2026-10-08T18:32:36.065012+00:00
AD001653,AC001276,T1,269,4th main,Kuvempu Layout,960102,946.8,227.5,visit_1,77.4,DIRECT_VISIT,Near Ration Shop (about 140 m from pin),,True,2026-10-08T18:32:36.065012+00:00
AD001654,AC001277,T2,430,,,970202,1065.2,2407.9,visits_disagree,387.8,VISIT_WITH_HINT,Near Ration Shop (about 190 m from pin),,True,2026-10-08T18:32:36.065012+00:00
AD001655,AC001278,T1,,9th cross; 3rd,Shanthi Nagar,960101,-2350.3,-2317.5,landmark,357.8,VISIT_WITH_HINT,Near Water Tank (pin is a guess near this landmark),,False,2026-10-08T18:32:36.065012+00:00
AD001656,AC001279,T2,246,,Indira Colony,970202,1125.6,67.9,baseline_coarse,3710.3,VERIFY_FIRST,,,False,2026-10-08T18:32:36.065012+00:00
AD001657,AC001279,T2,,,,970203,1951.9,1647.1,baseline_coarse,3710.3,VERIFY_FIRST,,,False,2026-10-08T18:32:36.065012+00:00
AD001658,AC001280,T3,378,,Sunrise Enclave,,-37.5,3542.0,landmark,357.8,VISIT_WITH_HINT,Near Hanuman Temple (pin is a guess near this landmark),,False,2026-10-08T18:32:36.065012+00:00
AD001659,AC001280,T3,427/3,d block; 6th rd,Railway Colony,980304,-2618.5,2009.2,landmark,357.8,VISIT_WITH_HINT,Near Govt School (pin is a guess near this landmark),,False,2026-10-08T18:32:36.065012+00:00
AD001660,AC001281,T2,-4,,Azad Mohalla,970203,557.6,2682.4,visit_1,77.4,DIRECT_VISIT,,,False,2026-10-08T18:32:36.065012+00:00
AD001662,AC001282,T2,302,,Ambedkar Nagar,970204,-478.0,3169.4,visits_agree,47.9,DIRECT_VISIT,,,True,2026-10-08T18:32:36.065012+00:00
AD001663,AC001282,T2,238,,Shastri Nagar,970201,-651.2,-773.0,landmark,357.8,VISIT_WITH_HINT,Near Masjid (pin is a guess near this landmark),,False,2026-10-08T18:32:36.065012+00:00
AD001664,AC001283,T2,,,Patel Nagar,970202,1646.4,-1843.6,visit_1,77.4,DIRECT_VISIT,,,False,2026-10-08T18:32:36.065012+00:00
AD001665,AC001284,T3,,,Sunrise Enclave,980304,-386.8,3422.8,landmark,357.8,VISIT_WITH_HINT,Near Milk Dairy (pin is a guess near this landmark),,False,2026-10-08T18:32:36.065012+00:00
AD001666,AC001284,T3,434,,Palm Meadows,980302,3051.1,-2317.6,landmark,357.8,VISIT_WITH_HINT,Near Milk Dairy (pin is a guess near this landmark),,False,2026-10-08T18:32:36.065012+00:00
AD001667,AC001285,T3,469,,Royal Gardens,980303,254.3,1926.8,landmark,357.8,VISIT_WITH_HINT,Near Ration Shop (pin is a guess near this landmark),,False,2026-10-08T18:32:36.065012+00:00
AD001669,AC001286,T1,153,,Nehru Colony,960102,2878.2,-2099.2,baseline_coarse,3710.3,VERIFY_FIRST,,,False,2026-10-08T18:32:36.065012+00:00
AD001671,AC001287,T1,,3rd cross; 7th main,Vidya Nagar,960103,2513.6,1104.9,baseline_coarse,3710.3,VERIFY_FIRST,,,False,2026-10-08T18:32:36.065012+00:00
AD001673,AC001288,T2,329,gali 12,Patel Nagar,,1074.8,-1735.7,visits_agree,47.9,DIRECT_VISIT,,,False,2026-10-08T18:32:36.065012+00:00
AD001674,AC001289,T3,293,a block; 1st road,Palm Meadows,980302,3176.3,-2343.0,baseline_street,162.1,VISIT_WITH_HINT,,,False,2026-10-08T18:32:36.065012+00:00
AD001676,AC001290,T1,248,,,960102,1125.6,-3443.4,visits_disagree,387.8,VISIT_WITH_HINT,,,True,2026-10-08T18:32:36.065012+00:00
AD001677,AC001290,T1,,12th cross,Basava Nagar,960101,-819.4,-2720.9,visit_1,77.4,DIRECT_VISIT,,,False,2026-10-08T18:32:36.065012+00:00
AD001678,AC001291,T2,,,Indira Colony,970202,1252.7,55.6,baseline_coarse,3710.3,VERIFY_FIRST,,,False,2026-10-08T18:32:36.065012+00:00
AD001679,AC001292,T2,433,433 gali,Subhash Nagar,970201,-1699.1,-2891.2,baseline_street,162.1,VISIT_WITH_HINT,Opposite Milk Dairy (about 100 m from pin),,False,2026-10-08T18:32:36.065012+00:00
AD001680,AC001293,T2,2,gali no. 2,Patel Nagar,970202,1469.0,-2457.8,baseline_street,162.1,VISIT_WITH_HINT,Near Masjid (about 140 m from pin),,False,2026-10-08T18:32:36.065012+00:00
AD001681,AC001294,T3,,,,980304,-1561.9,2327.4,baseline_coarse,3710.3,VERIFY_FIRST,,,False,2026-10-08T18:32:36.065012+00:00
AD001682,AC001295,T2,,,Shastri Nagar,970201,-644.9,-310.4,visits_agree,47.9,DIRECT_VISIT,,,False,2026-10-08T18:32:36.065012+00:00
AD001683,AC001296,T2,18,,Krishna Puri,970202,2701.0,-1377.4,visits_agree,47.9,DIRECT_VISIT,Near Water Tank (about 140 m from pin),,True,2026-10-08T18:32:36.065012+00:00
AD001684,AC001296,T2,142/3,gali 11,Azad Mohalla,970203,1838.8,1776.0,cross_account_inferred,75.0,DIRECT_VISIT,,,True,2026-10-08T18:32:36.065012+00:00
AD001685,AC001297,T3,,,Royal Gardens,980303,431.5,1548.7,landmark,357.8,VISIT_WITH_HINT,Near Bus Stop (pin is a guess near this landmark),,False,2026-10-08T18:32:36.065012+00:00
AD001686,AC001297,T3,462,,Royal Gardens,980303,562.4,1636.9,baseline_coarse,3710.3,VERIFY_FIRST,,,False,2026-10-08T18:32:36.065012+00:00
AD001687,AC001298,T3,35/3,,Railway Colony,980304,-2791.4,1253.0,visit_1,77.4,DIRECT_VISIT,,,True,2026-10-08T18:32:36.065012+00:00
AD001689,AC001299,T2,314,,Shastri Nagar,,-315.1,-730.0,visits_agree,47.9,DIRECT_VISIT,,Blue gate house,False,2026-10-08T18:32:36.065012+00:00
AD001690,AC001300,T2,,,Shivaji Nagar,970202,409.9,-3182.5,baseline_coarse,3710.3,VERIFY_FIRST,,,False,2026-10-08T18:32:36.065012+00:00
AD001691,AC001301,T3,,,Unity Nagar,980302,644.8,-3711.4,landmark,357.8,VISIT_WITH_HINT,Near Ration Shop (pin is a guess near this landmark),,False,2026-10-08T18:32:36.065012+00:00
AD001692,AC001302,T3,,a block; 4th road,Railway Colony,980304,-2905.0,1414.3,visits_agree,47.9,DIRECT_VISIT,,,False,2026-10-08T18:32:36.065012+00:00
AD001693,AC001303,T2,12,,Ambedkar Nagar,970204,-610.5,3417.2,visit_1,77.4,DIRECT_VISIT,Opposite Hanuman Temple (about 80 m from pin),,False,2026-10-08T18:32:36.065012+00:00
AD001694,AC001304,T2,322,,Patel Nagar,970202,1753.8,-2197.7,visits_agree,47.9,DIRECT_VISIT,,,False,2026-10-08T18:32:36.065012+00:00
AD001695,AC001305,T1,18,,Nehru Colony,,2370.8,-2109.3,visits_agree,47.9,DIRECT_VISIT,,,True,2026-10-08T18:32:36.065012+00:00
AD001696,AC001306,T3,,,,980301,-2114.1,1913.9,baseline_street,162.1,VISIT_WITH_HINT,,,False,2026-10-08T18:32:36.065012+00:00
AD001697,AC001307,T2,148,,Azad Mohalla,970203,847.4,3201.3,visits_disagree,387.8,VISIT_WITH_HINT,Opposite Petrol Bunk (about 110 m from pin),,False,2026-10-08T18:32:36.065012+00:00
AD001698,AC001308,T1,,2nd cross; 6th main,Kuvempu Layout,960102,1092.3,-419.8,landmark,357.8,VISIT_WITH_HINT,Near Hanuman Temple (pin is a guess near this landmark),,False,2026-10-08T18:32:36.065012+00:00
AD001699,AC001308,T1,,12th cross; 4th main,Ashoka Layout,960104,-1501.8,711.2,baseline_street,162.1,VISIT_WITH_HINT,,,False,2026-10-08T18:32:36.065012+00:00
AD001700,AC001309,T2,-5,,Nehru Colony,970203,2973.5,425.3,visits_disagree,387.8,VISIT_WITH_HINT,,,False,2026-10-08T18:32:36.065012+00:00
AD001701,AC001310,T3,,b block; 5th road,Royal Gardens,980303,431.5,1548.7,landmark,357.8,VISIT_WITH_HINT,Near Bus Stop (pin is a guess near this landmark),,False,2026-10-08T18:32:36.065012+00:00
AD001702,AC001311,T1,,4th x; 2nd main,Nehru Colony,960102,2457.5,-2259.4,visits_agree,47.9,DIRECT_VISIT,Near Masjid (about 190 m from pin),,False,2026-10-08T18:32:36.065012+00:00
AD001703,AC001312,T2,,gali 5,,970204,-1608.1,-2813.4,baseline_street,162.1,VISIT_WITH_HINT,,,False,2026-10-08T18:32:36.065012+00:00
AD001704,AC001312,T2,251/2,,Shastri Nagar,970201,-347.2,-581.3,baseline_coarse,3710.3,VERIFY_FIRST,,,False,2026-10-08T18:32:36.065012+00:00
AD001705,AC001313,T3,,f block; 2nd road,Defence Colony,980301,-933.1,-1915.8,landmark,357.8,VISIT_WITH_HINT,Near Water Tank (pin is a guess near this landmark),,False,2026-10-08T18:32:36.065012+00:00
AD001706,AC001314,T3,28,,Palm Meadows,,3393.9,-2268.9,visits_agree,47.9,DIRECT_VISIT,Near Water Tank (about 200 m from pin),,True,2026-10-08T18:32:36.065012+00:00
AD001707,AC001315,T2,346,,Ambedkar Nagar,970204,-527.8,2561.9,baseline_street,162.1,VISIT_WITH_HINT,,,False,2026-10-08T18:32:36.065012+00:00
AD001709,AC001316,T1,386,,,960102,-1292.5,-2969.0,baseline_coarse,3710.3,VERIFY_FIRST,,,False,2026-10-08T18:32:36.065012+00:00
AD001710,AC001317,T2,3,gali no. 3,Tilak Nagar,970204,-310.8,990.8,landmark,357.8,VISIT_WITH_HINT,Near Masjid (pin is a guess near this landmark),,False,2026-10-08T18:32:36.065012+00:00
AD001711,AC001318,T1,314,2nd cross; 1st main,Gandhi Nagar,960102,788.6,-3052.7,baseline_coarse,3710.3,VERIFY_FIRST,,,False,2026-10-08T18:32:36.065012+00:00
AD001712,AC001319,T2,,gali 9,Ram Nagar,970203,3011.4,758.4,visits_agree,47.9,DIRECT_VISIT,,,True,2026-10-08T18:32:36.065012+00:00
AD001713,AC001320,T2,,gali 6,Patel Nagar,970202,1731.3,-2056.6,visits_agree,47.9,DIRECT_VISIT,,,False,2026-10-08T18:32:36.065012+00:00
AD001714,AC001320,T2,,gali 10,Ram Nagar,970203,2389.3,2156.4,visit_1,77.4,DIRECT_VISIT,,,False,2026-10-08T18:32:36.065012+00:00
AD001715,AC001321,T3,197,,,980301,-307.2,-3404.1,visits_agree,47.9,DIRECT_VISIT,,,True,2026-10-08T18:32:36.065012+00:00
AD001716,AC001322,T2,404,404 gali,Patel Nagar,970202,1704.3,-1882.9,baseline_coarse,3710.3,VERIFY_FIRST,,,False,2026-10-08T18:32:36.065012+00:00
AD001717,AC001322,T2,174,,Ram Nagar,970203,2307.3,1737.2,baseline_coarse,3710.3,VERIFY_FIRST,,,False,2026-10-08T18:32:36.065012+00:00
AD001718,AC001323,T3,212,5th road,Sunrise Enclave,980304,-386.8,3422.8,landmark,357.8,VISIT_WITH_HINT,Near Milk Dairy (pin is a guess near this landmark),,False,2026-10-08T18:32:36.065012+00:00
AD001719,AC001324,T3,,,Sunrise Enclave,980304,-646.0,3305.4,baseline_coarse,3710.3,VERIFY_FIRST,,,False,2026-10-08T18:32:36.065012+00:00
AD001720,AC001325,T2,-11,,Indira Colony,970202,792.6,337.6,visit_1,77.4,DIRECT_VISIT,,,True,2026-10-08T18:32:36.065012+00:00
AD001721,AC001326,T1,,3rd x; 2nd main,Gandhi Nagar,960102,695.1,-3199.6,baseline_coarse,3710.3,VERIFY_FIRST,,,True,2026-10-08T18:32:36.065012+00:00
AD001722,AC001327,T3,272/3,,,980304,-2241.1,1296.9,visits_disagree,387.8,VISIT_WITH_HINT,,,True,2026-10-08T18:32:36.065012+00:00
AD001723,AC001328,T3,297,a block; 4th road,Teachers Colony,980302,820.1,-1302.0,baseline_street,162.1,VISIT_WITH_HINT,,,False,2026-10-08T18:32:36.065012+00:00
AD001724,AC001329,T1,,,Siddeshwara Colony,960102,1991.6,-1060.8,baseline_coarse,3710.3,VERIFY_FIRST,,,True,2026-10-08T18:32:36.065012+00:00
AD001725,AC001330,T1,,8th cross; 6th main,,960102,2966.5,-2159.9,visit_1,77.4,DIRECT_VISIT,Behind Ration Shop (about 80 m from pin),,True,2026-10-08T18:32:36.065012+00:00
AD001726,AC001331,T2,,gali 11,Nehru Colony,970203,1828.8,1776.0,cross_account_inferred,75.0,DIRECT_VISIT,,,True,2026-10-08T18:32:36.065012+00:00
AD001727,AC001332,T1,342,,,960103,956.8,1887.2,baseline_coarse,3710.3,VERIFY_FIRST,,,True,2026-10-08T18:32:36.065012+00:00
AD001729,AC001333,T3,396/3,,Defence Colony,980301,-1376.9,-1789.2,baseline_street,162.1,VISIT_WITH_HINT,,,False,2026-10-08T18:32:36.065012+00:00
AD001730,AC001334,T1,,3rd cross,Vinayaka Nagar,960104,-2600.4,997.2,cross_account_inferred,75.0,DIRECT_VISIT,,,False,2026-10-08T18:32:36.065012+00:00
AD001731,AC001335,T2,160/2,2 gali,Patel Nagar,970202,1258.9,-1920.8,visits_disagree,387.8,VISIT_WITH_HINT,,,True,2026-10-08T18:32:36.065012+00:00
AD001732,AC001336,T1,323,1st cross; 4th main,Shanthi Nagar,960101,-2001.8,-2747.9,visit_1,77.4,DIRECT_VISIT,,,False,2026-10-08T18:32:36.065012+00:00
AD001733,AC001337,T2,-8,,Subhash Nagar,970201,-1528.9,-2813.1,landmark,357.8,VISIT_WITH_HINT,Near Hanuman Temple (pin is a guess near this landmark),,True,2026-10-08T18:32:36.065012+00:00
AD001734,AC001338,T3,,,Railway Colony,,-2903.4,1421.4,visits_disagree,387.8,VISIT_WITH_HINT,,,True,2026-10-08T18:32:36.065012+00:00
AD001735,AC001339,T1,470,,Vinayaka Nagar,960104,-2843.2,1009.0,baseline_coarse,3710.3,VERIFY_FIRST,,,False,2026-10-08T18:32:36.065012+00:00
AD001736,AC001340,T1,,7th cross; 7th main,Hosa Badavane,960101,-232.8,-956.2,landmark,357.8,VISIT_WITH_HINT,Near Govt School (pin is a guess near this landmark),,False,2026-10-08T18:32:36.065012+00:00
AD001738,AC001341,T1,,1st main,Hosa Badavane,960101,-844.3,-1404.7,visits_agree,47.9,DIRECT_VISIT,,,False,2026-10-08T18:32:36.065012+00:00
AD001739,AC001342,T1,421,2nd cross; 2nd main,,,143.6,-32.7,baseline_coarse,3710.3,VERIFY_FIRST,,,False,2026-10-08T18:32:36.065012+00:00
AD001740,AC001342,T1,,7th cross; 8th main,Anjaneya Badavane,960103,347.8,2476.6,baseline_coarse,3710.3,VERIFY_FIRST,,,False,2026-10-08T18:32:36.065012+00:00
AD001741,AC001343,T2,141,141 gali,Patel Nagar,972002,1572.7,-1864.7,visits_agree,47.9,DIRECT_VISIT,,,False,2026-10-08T18:32:36.065012+00:00
AD001742,AC001344,T1,70/2,1st main,Basava Nagar,960101,-1436.9,-3083.4,visits_agree,47.9,DIRECT_VISIT,Near Masjid (about 150 m from pin),,False,2026-10-08T18:32:36.065012+00:00
AD001743,AC001345,T2,433,gali 10,Azad Mohalla,,1259.9,2807.9,visits_agree,47.9,DIRECT_VISIT,,,False,2026-10-08T18:32:36.065012+00:00
AD001744,AC001346,T3,,,Railway Colony,,-2461.0,1435.1,baseline_coarse,3710.3,VERIFY_FIRST,,,False,2026-10-08T18:32:36.065012+00:00
AD001745,AC001347,T3,,,Orchid Enclave,980301,-569.5,-3510.2,baseline_street,162.1,VISIT_WITH_HINT,,,False,2026-10-08T18:32:36.065012+00:00
AD001746,AC001348,T1,,10th cross; 6th main,Nehru Colony,960102,904.5,-2897.9,cross_account_inferred,75.0,DIRECT_VISIT,,,True,2026-10-08T18:32:36.065012+00:00
AD001747,AC001349,T3,,,Defence Colony,980301,-917.2,-1650.1,baseline_street,162.1,VISIT_WITH_HINT,,,False,2026-10-08T18:32:36.065012+00:00
AD001748,AC001350,T3,419/3,b block; 3rd road,Lakeview Phase 2,980303,3899.6,139.2,visits_agree,47.9,DIRECT_VISIT,,,False,2026-10-08T18:32:36.065012+00:00
AD001749,AC001350,T3,,f block; 5th rd,,980303,2981.5,816.1,baseline_coarse,3710.3,VERIFY_FIRST,,,True,2026-10-08T18:32:36.065012+00:00
AD001750,AC001351,T2,,,Gandhi Basti,970203,922.4,1323.5,baseline_coarse,3710.3,VERIFY_FIRST,,,False,2026-10-08T18:32:36.065012+00:00
AD001751,AC001352,T3,370/2,,HMT Colony,980301,-249.7,-957.3,baseline_street,162.1,VISIT_WITH_HINT,,,False,2026-10-08T18:32:36.065012+00:00
AD001752,AC001353,T2,-4,40 gali,Patel Nagar,970202,1463.7,-2267.4,visits_agree,47.9,DIRECT_VISIT,,,True,2026-10-08T18:32:36.065012+00:00
AD001753,AC001354,T1,296/3,8th cross; 6th main,Gandhi Nagar,960102,926.9,-2892.2,visits_agree,47.9,DIRECT_VISIT,,,True,2026-10-08T18:32:36.065012+00:00
AD001754,AC001355,T3,185,,Silver Oak Layout,980301,-2378.3,-89.9,visits_disagree,387.8,VISIT_WITH_HINT,,,False,2026-10-08T18:32:36.065012+00:00
AD001755,AC001356,T3,20,,,980302,597.0,-857.1,visits_agree,47.9,DIRECT_VISIT,Near Bus Stop (about 110 m from pin),,True,2026-10-08T18:32:36.065012+00:00
AD001756,AC001356,T3,,a block; 6th road,,980302,-1436.3,-2121.2,visit_1,77.4,DIRECT_VISIT,,,False,2026-10-08T18:32:36.065012+00:00
AD001757,AC001357,T1,,7th cross; 1st main,Shanthi Nagar,960101,-2329.3,-2495.7,baseline_coarse,3710.3,VERIFY_FIRST,,,False,2026-10-08T18:32:36.065012+00:00
AD001758,AC001358,T1,98,1st cross; 5th main,Hosa Badavane,960101,-365.2,-1648.2,baseline_street,162.1,VISIT_WITH_HINT,Near Medical Store (about 90 m from pin),,False,2026-10-08T18:32:36.065012+00:00
AD001759,AC001358,T1,209,10th cross; 2nd main,Vinayaka Nagar,960104,-2781.8,1013.7,baseline_coarse,3710.3,VERIFY_FIRST,,,False,2026-10-08T18:32:36.065012+00:00
AD001760,AC001359,T1,186,4th cross; 8th main,Nehru Colony,960102,3174.0,-2422.7,visits_agree,47.9,DIRECT_VISIT,,,False,2026-10-08T18:32:36.065012+00:00
AD001761,AC001360,T2,262,,Subhash Nagar,970201,-1761.6,-2632.5,visits_disagree,387.8,VISIT_WITH_HINT,,,False,2026-10-08T18:32:36.065012+00:00
AD001763,AC001361,T3,,c block; 3rd rd,Silver Oak Layout,980301,-2279.5,-487.4,landmark,357.8,VISIT_WITH_HINT,Near Post Office (pin is a guess near this landmark),,False,2026-10-08T18:32:36.065012+00:00
AD001764,AC001362,T1,,10th cross; 6th main,Vinayaka Nagar,960104,-3014.2,1200.2,baseline_coarse,3710.3,VERIFY_FIRST,,,False,2026-10-08T18:32:36.065012+00:00
AD001765,AC001363,T2,218/1,gali 6,Krishna Puri,970202,2258.7,-1091.5,visits_agree,47.9,DIRECT_VISIT,,,True,2026-10-08T18:32:36.065012+00:00
AD001766,AC001364,T3,239/3,,Palm Meadows,980302,2324.9,-760.3,visit_1,77.4,DIRECT_VISIT,,,True,2026-10-08T18:32:36.065012+00:00
AD001767,AC001365,T2,,gali 4,Azad Mohalla,970203,1008.4,2298.8,visits_disagree,387.8,VISIT_WITH_HINT,,,True,2026-10-08T18:32:36.065012+00:00
AD001768,AC001366,T2,1,gali no. 1,Azad Mohalla,970203,778.3,2297.6,visit_1,77.4,DIRECT_VISIT,,,False,2026-10-08T18:32:36.065012+00:00
AD001769,AC001367,T2,38,gali 9,Indira Colony,970202,1931.6,-460.6,cross_account_inferred,75.0,DIRECT_VISIT,,,False,2026-10-08T18:32:36.065012+00:00
AD001770,AC001368,T1,,,Nehru Colony,960102,2505.8,-2358.2,visits_agree,47.9,DIRECT_VISIT,Near Masjid (about 180 m from pin),,False,2026-10-08T18:32:36.065012+00:00
AD001771,AC001369,T2,10,gali no. 10,Indira Colony,970202,933.9,299.4,landmark,357.8,VISIT_WITH_HINT,Opposite Post Office (pin is a guess near this landmark),,False,2026-10-08T18:32:36.065012+00:00
AD001772,AC001370,T1,,,Nehru Colony,960102,2718.1,-2321.7,baseline_coarse,3710.3,VERIFY_FIRST,,,False,2026-10-08T18:32:36.065012+00:00
AD001773,AC001370,T1,308,2nd cross; 4th main,Siddeshwara Colony,960102,1836.4,-1215.6,baseline_street,162.1,VISIT_WITH_HINT,Opposite Hanuman Temple (about 150 m from pin),,False,2026-10-08T18:32:36.065012+00:00
AD001774,AC001371,T3,112,c block,Railway Colony,980304,-2341.0,1181.0,baseline_street,162.1,VISIT_WITH_HINT,,,False,2026-10-08T18:32:36.065012+00:00
AD001775,AC001372,T1,,6th main,Nehru Colony,960102,2907.0,-2465.7,cross_account_inferred,75.0,DIRECT_VISIT,Near Hanuman Temple (about 130 m from pin),,True,2026-10-08T18:32:36.065012+00:00
AD001776,AC001373,T3,,e block; 5th road,Green Park Layout,980301,-2519.0,-42.4,visits_agree,47.9,DIRECT_VISIT,,,True,2026-10-08T18:32:36.065012+00:00
AD001777,AC001374,T2,-11,,Subhash Nagar,970201,-1622.5,-2725.0,baseline_coarse,3710.3,VERIFY_FIRST,,,False,2026-10-08T18:32:36.065012+00:00
AD001778,AC001375,T3,170/2,,Orchid Enclave,980301,-333.6,-3560.4,baseline_coarse,3710.3,VERIFY_FIRST,,,False,2026-10-08T18:32:36.065012+00:00
AD001779,AC001376,T3,,,Palm Meadows,980302,3069.2,-1824.4,visits_agree,47.9,DIRECT_VISIT,,,False,2026-10-08T18:32:36.065012+00:00
AD001780,AC001377,T3,38,,Green Park Layout,980301,-3883.8,-946.9,baseline_coarse,3710.3,VERIFY_FIRST,,,False,2026-10-08T18:32:36.065012+00:00
AD001781,AC001377,T3,,,Orchid Enclave,980301,-136.4,-3781.7,landmark,357.8,VISIT_WITH_HINT,Near Ganesh Temple (pin is a guess near this landmark),,False,2026-10-08T18:32:36.065012+00:00
AD001782,AC001378,T1,192,12th cross,Gandhi Nagar,960102,1144.6,-2628.3,baseline_street,162.1,VISIT_WITH_HINT,,,False,2026-10-08T18:32:36.065012+00:00
AD001783,AC001378,T1,377,1st cross; 6th main,,960104,-265.5,-1625.3,baseline_street,162.1,VISIT_WITH_HINT,,,False,2026-10-08T18:32:36.065012+00:00
AD001784,AC001379,T2,-9,,Ram Nagar,,2450.4,1996.0,landmark,357.8,VISIT_WITH_HINT,Near Hanuman Temple (pin is a guess near this landmark),,False,2026-10-08T18:32:36.065012+00:00
AD001785,AC001380,T3,,f block; 4th rd,Teachers Colony,980302,1198.7,-465.1,baseline_street,162.1,VISIT_WITH_HINT,Near Masjid (about 190 m from pin),,False,2026-10-08T18:32:36.065012+00:00
AD001786,AC001381,T3,,,Green Park Layout,983001,-3711.8,-1040.6,baseline_coarse,3710.3,VERIFY_FIRST,,,False,2026-10-08T18:32:36.065012+00:00
AD001787,AC001382,T3,,,Sunrise Enclave,,-842.2,2899.6,landmark,357.8,VISIT_WITH_HINT,Near Ration Shop (pin is a guess near this landmark),,False,2026-10-08T18:32:36.065012+00:00
AD001788,AC001383,T1,,11th cross; 5th main,Ashoka Layout,960104,-1235.0,760.3,visits_disagree,387.8,VISIT_WITH_HINT,Near Water Tank (about 170 m from pin),,False,2026-10-08T18:32:36.065012+00:00
AD001789,AC001384,T1,72,6th cross; 7th main,Basava Nagar,960101,-1059.2,-3032.5,baseline_coarse,3710.3,VERIFY_FIRST,,,True,2026-10-08T18:32:36.065012+00:00
AD001790,AC001385,T1,56/1,14th cross; 3rd main,Vinayaka Nagar,960104,-3117.0,1537.7,visits_agree,47.9,DIRECT_VISIT,Near Community Hall (about 130 m from pin),,False,2026-10-08T18:32:36.065012+00:00
AD001791,AC001386,T1,300,5th main,Vinayaka Nagar,960104,-2672.6,1243.4,landmark,357.8,VISIT_WITH_HINT,Near Bus Stop (pin is a guess near this landmark),,False,2026-10-08T18:32:36.065012+00:00
AD001792,AC001387,T3,,,Silver Oak Layout,980301,-2783.6,-502.0,visits_disagree,387.8,VISIT_WITH_HINT,,,True,2026-10-08T18:32:36.065012+00:00
AD001794,AC001388,T2,313,313 gali,Shivaji Nagar,970202,932.0,-2909.7,visits_agree,47.9,DIRECT_VISIT,,,True,2026-10-08T18:32:36.065012+00:00
AD001795,AC001389,T2,325,,Ram Nagar,970203,1752.4,2164.5,baseline_coarse,3710.3,VERIFY_FIRST,,,False,2026-10-08T18:32:36.065012+00:00
AD001797,AC001390,T1,,4th cross; 1st main,Nehru Colony,960102,2323.4,-2387.1,landmark,357.8,VISIT_WITH_HINT,Near Masjid (pin is a guess near this landmark),,False,2026-10-08T18:32:36.065012+00:00
AD001798,AC001391,T3,80,,Green Park Layout,980301,-3966.5,-1075.6,visit_1,77.4,DIRECT_VISIT,,,False,2026-10-08T18:32:36.065012+00:00
AD001799,AC001392,T1,199,11th cross; 8th main,Nehru Colony,960102,3191.3,-2187.0,visits_agree,47.9,DIRECT_VISIT,Near Ration Shop (about 140 m from pin),,True,2026-10-08T18:32:36.065012+00:00
AD001800,AC001393,T1,428,5th cross; 2nd main,Nehru Colony,960102,2577.5,-2211.9,cross_account_inferred,75.0,DIRECT_VISIT,Near Park (about 180 m from pin),,True,2026-10-08T18:32:36.065012+00:00
AD001801,AC001394,T3,471,,Lakeview Phase 2,980303,3743.3,612.7,baseline_coarse,3710.3,VERIFY_FIRST,,,True,2026-10-08T18:32:36.065012+00:00
AD001802,AC001395,T3,16/3,,Palm Meadows,980302,3259.5,-1718.5,visits_agree,47.9,DIRECT_VISIT,Near Ration Shop (about 60 m from pin),,False,2026-10-08T18:32:36.065012+00:00
AD001803,AC001396,T1,445/2,6th main,Vinayaka Nagar,,-2867.5,1100.8,baseline_coarse,3710.3,VERIFY_FIRST,,,False,2026-10-08T18:32:36.065012+00:00
AD001804,AC001397,T1,341,1st x; 7th main,Anjaneya Badavane,960103,382.6,2362.8,baseline_coarse,3710.3,VERIFY_FIRST,,,False,2026-10-08T18:32:36.065012+00:00
AD001805,AC001398,T2,,gali 11,Krishna Puri,970202,2377.0,-769.6,visit_1,77.4,DIRECT_VISIT,,,False,2026-10-08T18:32:36.065012+00:00
AD001806,AC001398,T2,,,Indira Colony,970202,933.9,299.4,landmark,357.8,VISIT_WITH_HINT,Opposite Post Office (pin is a guess near this landmark),,False,2026-10-08T18:32:36.065012+00:00
AD001807,AC001399,T2,12,gali no. 12,Azad Mohalla,970203,1016.5,3112.2,visits_agree,47.9,DIRECT_VISIT,,,False,2026-10-08T18:32:36.065012+00:00
AD001808,AC001400,T1,178/1,,Gandhi Nagar,960102,979.8,-3196.5,visits_disagree,387.8,VISIT_WITH_HINT,,,True,2026-10-08T18:32:36.065012+00:00
AD001809,AC001401,T2,,176 gali,Indira Colony,970202,1313.2,320.7,baseline_street,162.1,VISIT_WITH_HINT,Near Hanuman Temple (about 30 m from pin),,False,2026-10-08T18:32:36.065012+00:00
AD001810,AC001402,T2,,,Azad Mohalla,970203,1097.3,2655.1,landmark,357.8,VISIT_WITH_HINT,Near Bus Stop (pin is a guess near this landmark),,False,2026-10-08T18:32:36.065012+00:00
AD001811,AC001403,T2,-11,,Azad Mohalla,970203,873.7,3093.9,visits_agree,47.9,DIRECT_VISIT,Near Petrol Bunk (about 30 m from pin),,True,2026-10-08T18:32:36.065012+00:00
AD001812,AC001404,T3,,,Lakeview Phase 2,980303,3837.1,580.8,visits_disagree,387.8,VISIT_WITH_HINT,Near Bus Stop (about 180 m from pin),,True,2026-10-08T18:32:36.065012+00:00
AD001813,AC001405,T3,,c block; 4th road,Palm Meadows,980302,3192.7,-1887.9,baseline_coarse,3710.3,VERIFY_FIRST,,,False,2026-10-08T18:32:36.065012+00:00
AD001815,AC001406,T1,42,,Vinayaka Nagar,960104,-2480.5,1024.6,visits_disagree,387.8,VISIT_WITH_HINT,,,True,2026-10-08T18:32:36.065012+00:00
AD001816,AC001407,T1,,7th cross; 4th main,Kalyana Nagar,960104,-2104.6,1495.5,baseline_coarse,3710.3,VERIFY_FIRST,,,False,2026-10-08T18:32:36.065012+00:00
AD001817,AC001408,T1,431,7th cross; 1st main,Kalyana Nagar,960104,-2087.6,2424.6,baseline_coarse,3710.3,VERIFY_FIRST,,,False,2026-10-08T18:32:36.065012+00:00
AD001818,AC001409,T1,,4th cross; 1st main,,,216.3,-270.9,baseline_coarse,3710.3,VERIFY_FIRST,,,True,2026-10-08T18:32:36.065012+00:00
AD001820,AC001410,T1,329,,Kalyana Nagar,960104,-2050.5,2320.6,baseline_coarse,3710.3,VERIFY_FIRST,,,False,2026-10-08T18:32:36.065012+00:00
AD001821,AC001411,T1,395,2nd cross; 3rd main,Nehru Colony,960102,2477.7,-2429.4,visits_agree,47.9,DIRECT_VISIT,Near Masjid (about 160 m from pin),,False,2026-10-08T18:32:36.065012+00:00
AD001822,AC001412,T3,,,Silver Oak Layout,980301,-2686.7,-701.3,visits_disagree,387.8,VISIT_WITH_HINT,,,True,2026-10-08T18:32:36.065012+00:00
AD001823,AC001413,T3,349,b block; 1st road,,980302,2334.0,-1654.6,baseline_coarse,3710.3,VERIFY_FIRST,,,False,2026-10-08T18:32:36.065012+00:00
AD001824,AC001414,T3,,,Silver Oak Layout,980301,-2477.9,-542.1,landmark,357.8,VISIT_WITH_HINT,Near Masjid (pin is a guess near this landmark),,False,2026-10-08T18:32:36.065012+00:00
AD001825,AC001415,T2,,,Nehru Colony,970203,2844.3,775.5,landmark,357.8,VISIT_WITH_HINT,Opposite Water Tank (pin is a guess near this landmark),,False,2026-10-08T18:32:36.065012+00:00
AD001827,AC001416,T3,261/1,,Unity Nagar,980302,1157.3,-3636.6,landmark,357.8,VISIT_WITH_HINT,Near Water Tank (pin is a guess near this landmark),,False,2026-10-08T18:32:36.065012+00:00
AD001829,AC001417,T2,12,gali no. 12,Ram Nagar,,2195.7,2226.8,baseline_street,162.1,VISIT_WITH_HINT,Near Govt School (about 180 m from pin),,False,2026-10-08T18:32:36.065012+00:00
AD001830,AC001418,T2,-10,,Azad Mohalla,970203,1063.5,2914.7,visits_agree,47.9,DIRECT_VISIT,,,False,2026-10-08T18:32:36.065012+00:00
AD001831,AC001419,T1,404,6th cross,Kalyana Nagar,960104,-1609.2,2422.2,baseline_street,162.1,VISIT_WITH_HINT,Near Masjid (pin is at this landmark),,False,2026-10-08T18:32:36.065012+00:00
AD001832,AC001420,T3,,,Lakeview Phase 2,980303,4121.1,97.2,visits_agree,47.9,DIRECT_VISIT,,,True,2026-10-08T18:32:36.065012+00:00
AD001833,AC001421,T2,-2,,Patel Nagar,970202,1534.0,-2417.4,visits_agree,47.9,DIRECT_VISIT,,Blue gate house,True,2026-10-08T18:32:36.065012+00:00
AD001834,AC001422,T1,203,4th cross; 7th main,Gandhi Nagar,960102,3014.2,-2511.3,cross_account_inferred,75.0,DIRECT_VISIT,,,False,2026-10-08T18:32:36.065012+00:00
AD001835,AC001423,T2,447/2,gali 2,Azad Mohalla,970230,859.6,2869.0,baseline_coarse,3710.3,VERIFY_FIRST,,,False,2026-10-08T18:32:36.065012+00:00
AD001836,AC001424,T1,,9th cross; 7th main,Vinayaka Nagar,960104,-2691.2,1426.5,visit_1,77.4,DIRECT_VISIT,,,True,2026-10-08T18:32:36.065012+00:00
AD001837,AC001424,T1,425,6th cross,Kalyana Nagar,960104,-1550.8,2318.4,visits_agree,47.9,DIRECT_VISIT,,,False,2026-10-08T18:32:36.065012+00:00
AD001838,AC001425,T3,69/2,b block; 6th rd,Orchid Enclave,980301,-477.5,-3317.9,baseline_coarse,3710.3,VERIFY_FIRST,,,False,2026-10-08T18:32:36.065012+00:00
AD001839,AC001426,T2,-4,,Shastri Nagar,970201,-784.3,-476.8,baseline_coarse,3710.3,VERIFY_FIRST,,,False,2026-10-08T18:32:36.065012+00:00
AD001840,AC001427,T3,,d block; 4th road,Teachers Colony,980302,731.9,-1039.8,landmark,357.8,VISIT_WITH_HINT,Near Govt School (pin is a guess near this landmark),,False,2026-10-08T18:32:36.065012+00:00
AD001841,AC001427,T3,411,,Lakeview Phase 2,980303,3490.0,610.0,baseline_coarse,3710.3,VERIFY_FIRST,,,False,2026-10-08T18:32:36.065012+00:00
AD001842,AC001428,T3,,,Green Park Layout,980301,-3668.1,-725.5,visit_1,77.4,DIRECT_VISIT,,,False,2026-10-08T18:32:36.065012+00:00
AD001844,AC001429,T2,-12,,Shastri Nagar,970201,-571.8,-9.0,visits_disagree,387.8,VISIT_WITH_HINT,,,False,2026-10-08T18:32:36.065012+00:00
AD001845,AC001430,T3,329,,Lakeview Phase 2,980303,3599.8,26.5,visits_agree,47.9,DIRECT_VISIT,,,True,2026-10-08T18:32:36.065012+00:00
AD001846,AC001430,T3,,,Green Park Layout,980301,-3620.1,-802.0,baseline_coarse,3710.3,VERIFY_FIRST,,,True,2026-10-08T18:32:36.065012+00:00
AD001847,AC001431,T3,,1st road,,980303,-2409.2,1149.0,visit_1,77.4,DIRECT_VISIT,,,False,2026-10-08T18:32:36.065012+00:00
AD001848,AC001431,T3,244/3,f block; 6th rd,Green Park Layout,980301,-3740.2,-887.6,baseline_coarse,3710.3,VERIFY_FIRST,,,False,2026-10-08T18:32:36.065012+00:00
AD001849,AC001432,T1,467,11th cross; 6th main,Anjaneya Badavane,960103,437.4,2774.0,visit_1,77.4,DIRECT_VISIT,,,False,2026-10-08T18:32:36.065012+00:00
AD001850,AC001433,T1,,3rd cross; 4th main,Basava Nagar,960101,-1141.0,-3103.8,baseline_coarse,3710.3,VERIFY_FIRST,,,False,2026-10-08T18:32:36.065012+00:00
AD001851,AC001434,T2,,gali 8,,970202,905.2,-2844.8,visit_1,77.4,DIRECT_VISIT,Near Community Hall (about 90 m from pin),,True,2026-10-08T18:32:36.065012+00:00
AD001852,AC001435,T2,238,,Shivaji Nagar,970202,690.4,-3292.4,visits_agree,47.9,DIRECT_VISIT,,,True,2026-10-08T18:32:36.065012+00:00
AD001853,AC001435,T2,12,,Shastri Nagar,970201,-718.8,-527.3,baseline_coarse,3710.3,VERIFY_FIRST,,,False,2026-10-08T18:32:36.065012+00:00
AD001854,AC001436,T3,405,,Teachers Colony,980302,875.7,-804.5,visits_agree,47.9,DIRECT_VISIT,,,True,2026-10-08T18:32:36.065012+00:00
AD001855,AC001437,T2,420,420 gali,Krishna Puri,,2433.1,-1204.8,visits_agree,47.9,DIRECT_VISIT,Opposite Govt School (about 50 m from pin),,False,2026-10-08T18:32:36.065012+00:00
AD001856,AC001438,T3,,d block; 4th rd,HMT Colony,980301,-1015.7,-302.2,visit_1,77.4,DIRECT_VISIT,,,False,2026-10-08T18:32:36.065012+00:00
AD001857,AC001439,T2,251,gali no. 4,Patel Nagar,970202,1647.4,-2230.3,visits_agree,47.9,DIRECT_VISIT,,,True,2026-10-08T18:32:36.065012+00:00
AD001858,AC001440,T2,6,gali no. 6,,970202,1222.6,-2133.9,cross_account_inferred,75.0,DIRECT_VISIT,,,True,2026-10-08T18:32:36.065012+00:00
AD001859,AC001441,T3,,,Sunrise Enclave,980304,-484.7,3203.2,baseline_coarse,3710.3,VERIFY_FIRST,,,False,2026-10-08T18:32:36.065012+00:00
AD001860,AC001442,T3,358,,Silver Oak Layout,980301,-2544.4,-605.3,baseline_street,162.1,VISIT_WITH_HINT,,,False,2026-10-08T18:32:36.065012+00:00
AD001861,AC001442,T3,,,Palm Meadows,980302,2845.9,-1843.3,baseline_street,162.1,VISIT_WITH_HINT,,,False,2026-10-08T18:32:36.065012+00:00
AD001862,AC001443,T1,429,9th cross; 1st main,,960104,-3277.6,1267.1,visits_disagree,387.8,VISIT_WITH_HINT,,,True,2026-10-08T18:32:36.065012+00:00
AD001863,AC001444,T2,-7,,,970201,-892.6,-1156.7,baseline_coarse,3710.3,VERIFY_FIRST,,,False,2026-10-08T18:32:36.065012+00:00
AD001864,AC001445,T3,,,Orchid Enclave,980301,-182.5,-3909.3,visits_disagree,387.8,VISIT_WITH_HINT,,,False,2026-10-08T18:32:36.065012+00:00
AD001865,AC001445,T3,,,Royal Gardens,980303,433.8,1321.1,visits_agree,47.9,DIRECT_VISIT,,,False,2026-10-08T18:32:36.065012+00:00
AD001866,AC001446,T2,459/1,,Shivaji Nagar,970202,549.2,-3467.8,visit_1,77.4,DIRECT_VISIT,,,False,2026-10-08T18:32:36.065012+00:00
AD001867,AC001447,T1,,8th cross; 7th main,Vidya Nagar,960103,2767.0,1295.3,baseline_street,162.1,VISIT_WITH_HINT,,,True,2026-10-08T18:32:36.065012+00:00
AD001868,AC001448,T3,136,,Silver Oak Layout,980301,-2223.6,-169.6,visits_disagree,387.8,VISIT_WITH_HINT,,,False,2026-10-08T18:32:36.065012+00:00
AD001870,AC001449,T1,251,8th cross; 2nd main,,960103,1346.4,1646.2,baseline_coarse,3710.3,VERIFY_FIRST,,,True,2026-10-08T18:32:36.065012+00:00
AD001871,AC001450,T1,339,5th cross; 3rd main,,960102,1150.4,-2185.3,baseline_coarse,3710.3,VERIFY_FIRST,,,False,2026-10-08T18:32:36.065012+00:00
AD001872,AC001451,T3,,3rd road,,980304,-2556.4,-361.6,baseline_coarse,3710.3,VERIFY_FIRST,,,True,2026-10-08T18:32:36.065012+00:00
AD001873,AC001451,T3,251,c block; 4th road,Defence Colony,980301,-1465.8,-695.9,cross_account_inferred,75.0,DIRECT_VISIT,,,False,2026-10-08T18:32:36.065012+00:00
AD001874,AC001452,T2,139,,Shastri Nagar,970201,-600.4,-539.8,landmark,357.8,VISIT_WITH_HINT,Near Post Office (pin is a guess near this landmark),,False,2026-10-08T18:32:36.065012+00:00
AD001875,AC001453,T2,,gali 5,Krishna Puri,970202,2883.9,-1878.8,baseline_street,162.1,VISIT_WITH_HINT,,,False,2026-10-08T18:32:36.065012+00:00
AD001876,AC001453,T2,-9,,Ram Nagar,970203,2450.4,1996.0,landmark,357.8,VISIT_WITH_HINT,Near Hanuman Temple (pin is a guess near this landmark),,False,2026-10-08T18:32:36.065012+00:00
AD001877,AC001454,T2,,gali 12,Krishna Puri,970202,1805.4,-1218.9,cross_account_inferred,75.0,DIRECT_VISIT,,,True,2026-10-08T18:32:36.065012+00:00
AD001878,AC001455,T1,,1st cross,Vinayaka Nagar,960104,-2799.4,893.5,landmark,357.8,VISIT_WITH_HINT,Opposite Post Office (pin is a guess near this landmark),,False,2026-10-08T18:32:36.065012+00:00
AD001879,AC001456,T1,,9th x; 3rd main,Gandhi Nagar,960102,575.1,-2853.0,visits_agree,47.9,DIRECT_VISIT,,,False,2026-10-08T18:32:36.065012+00:00
AD001880,AC001457,T3,,,Lakeview Phase 2,980303,3490.8,125.2,visits_disagree,387.8,VISIT_WITH_HINT,,,False,2026-10-08T18:32:36.065012+00:00
AD001881,AC001458,T1,33,,,960101,688.0,23.7,visit_1,77.4,DIRECT_VISIT,Near Ration Shop (about 200 m from pin),,False,2026-10-08T18:32:36.065012+00:00
AD001882,AC001458,T1,,7th cross; 4th main,Gandhi Nagar,960102,710.9,-3006.0,visits_agree,47.9,DIRECT_VISIT,,,False,2026-10-08T18:32:36.065012+00:00
AD001883,AC001459,T1,,2nd cross; 5th main,Nehru Colony,906102,2674.9,-2182.4,baseline_coarse,3710.3,VERIFY_FIRST,,,False,2026-10-08T18:32:36.065012+00:00
AD001884,AC001460,T3,274,,Unity Nagar,980302,945.2,-3595.2,baseline_coarse,3710.3,VERIFY_FIRST,,,False,2026-10-08T18:32:36.065012+00:00
AD001885,AC001461,T3,471,,,,155.1,-211.5,baseline_coarse,3710.3,VERIFY_FIRST,,,True,2026-10-08T18:32:36.065012+00:00
AD001886,AC001462,T3,355,,Palm Meadows,980302,3482.0,-2134.5,visits_disagree,387.8,VISIT_WITH_HINT,,,True,2026-10-08T18:32:36.065012+00:00
AD001888,AC001463,T1,,,Hosa Badavane,960101,-499.6,-1345.9,baseline_coarse,3710.3,VERIFY_FIRST,,,False,2026-10-08T18:32:36.065012+00:00
AD001889,AC001464,T1,,6th cross; 5th main,Shanthi Nagar,960101,-2132.8,-2396.2,cross_account_inferred,75.0,DIRECT_VISIT,,,False,2026-10-08T18:32:36.065012+00:00
AD001890,AC001465,T3,,,Teachers Colony,980302,1110.4,-484.4,visits_agree,47.9,DIRECT_VISIT,,,True,2026-10-08T18:32:36.065012+00:00
AD001891,AC001466,T3,,,Silver Oak Layout,980301,-3127.5,-165.2,visits_disagree,387.8,VISIT_WITH_HINT,,,True,2026-10-08T18:32:36.065012+00:00
AD001892,AC001467,T3,200,e block; 6th road,HMT Colony,980301,-513.7,-242.5,landmark,357.8,VISIT_WITH_HINT,Near Medical Store (pin is a guess near this landmark),,False,2026-10-08T18:32:36.065012+00:00
AD001894,AC001468,T2,1,,Ram Nagar,970203,2953.3,577.4,baseline_coarse,3710.3,VERIFY_FIRST,,,False,2026-10-08T18:32:36.065012+00:00
AD001895,AC001469,T3,72,6th rd,Unity Nagar,980302,644.8,-3711.4,landmark,357.8,VISIT_WITH_HINT,Near Ration Shop (pin is a guess near this landmark),,False,2026-10-08T18:32:36.065012+00:00
AD001896,AC001470,T3,239/1,f block; 4th road,Silver Oak Layout,980301,-2608.2,-114.5,visit_1,77.4,DIRECT_VISIT,,,True,2026-10-08T18:32:36.065012+00:00
AD001897,AC001470,T3,386,,Orchid Enclave,980301,-254.4,-3659.9,baseline_street,162.1,VISIT_WITH_HINT,Opposite Ganesh Temple (about 170 m from pin),,False,2026-10-08T18:32:36.065012+00:00
AD001898,AC001471,T2,64/1,,,970203,1699.7,1613.3,baseline_coarse,3710.3,VERIFY_FIRST,,,False,2026-10-08T18:32:36.065012+00:00
AD001899,AC001472,T1,441,,Nehru Colony,960102,3016.5,-2614.8,visit_1,77.4,DIRECT_VISIT,,,True,2026-10-08T18:32:36.065012+00:00
AD001900,AC001473,T1,,11th cross; 4th main,Basava Nagar,,700.6,-2697.6,visits_agree,47.9,DIRECT_VISIT,,,True,2026-10-08T18:32:36.065012+00:00
AD001901,AC001474,T3,383/3,,Green Park Layout,980301,-3658.0,-785.0,visits_agree,47.9,DIRECT_VISIT,,,False,2026-10-08T18:32:36.065012+00:00
AD001902,AC001474,T3,127,,,980302,-694.8,-414.5,baseline_coarse,3710.3,VERIFY_FIRST,,,False,2026-10-08T18:32:36.065012+00:00
AD001903,AC001475,T1,437,3rd main,,960103,2367.5,921.3,cross_account_inferred,75.0,DIRECT_VISIT,,,True,2026-10-08T18:32:36.065012+00:00
AD001904,AC001476,T1,284,2nd cross; 2nd main,Basava Nagar,960101,-1070.1,-3088.1,baseline_coarse,3710.3,VERIFY_FIRST,,,False,2026-10-08T18:32:36.065012+00:00
AD001905,AC001477,T2,359,359 gali,,970201,1143.6,72.9,baseline_coarse,3710.3,VERIFY_FIRST,,,False,2026-10-08T18:32:36.065012+00:00
AD001906,AC001478,T3,,6th road,,980301,-1757.4,-1453.8,baseline_coarse,3710.3,VERIFY_FIRST,,,False,2026-10-08T18:32:36.065012+00:00
AD001907,AC001479,T2,469,469 gali,Krishna Puri,970202,2919.8,-1638.7,baseline_street,162.1,VISIT_WITH_HINT,,,False,2026-10-08T18:32:36.065012+00:00
AD001908,AC001480,T3,173,,Silver Oak Layout,980301,-2501.8,-107.0,baseline_street,162.1,VISIT_WITH_HINT,Near Govt School (pin is at this landmark),,True,2026-10-08T18:32:36.065012+00:00
AD001909,AC001481,T1,,,,960104,-2068.5,1404.2,baseline_coarse,3710.3,VERIFY_FIRST,,,False,2026-10-08T18:32:36.065012+00:00
AD001910,AC001481,T1,,10th x; 4th main,Hosa Badavane,960101,-593.2,-1136.2,baseline_coarse,3710.3,VERIFY_FIRST,,,False,2026-10-08T18:32:36.065012+00:00
AD001911,AC001482,T2,151/2,gali 2,,970202,1611.0,-2314.7,cross_account_inferred,75.0,DIRECT_VISIT,,,False,2026-10-08T18:32:36.065012+00:00
AD001912,AC001483,T2,222,,Nehru Colony,970203,2965.1,705.9,baseline_coarse,3710.3,VERIFY_FIRST,,,False,2026-10-08T18:32:36.065012+00:00
AD001913,AC001483,T2,,gali 7,Subhash Nagar,970201,-1475.0,-2762.9,baseline_street,162.1,VISIT_WITH_HINT,Opposite Hanuman Temple (about 70 m from pin),,False,2026-10-08T18:32:36.065012+00:00
AD001914,AC001484,T2,,,Ram Nagar,970203,868.1,985.6,visits_agree,47.9,DIRECT_VISIT,,,False,2026-10-08T18:32:36.065012+00:00
AD001916,AC001485,T2,,,Shastri Nagar,970201,-347.0,-84.0,landmark,357.8,VISIT_WITH_HINT,Opposite Hanuman Temple (pin is a guess near this landmark),,False,2026-10-08T18:32:36.065012+00:00
AD001917,AC001485,T2,252,,Indira Colony,970202,1193.3,-221.1,landmark,357.8,VISIT_WITH_HINT,Near Bus Stop (pin is a guess near this landmark),,False,2026-10-08T18:32:36.065012+00:00
AD001918,AC001486,T2,196,,Ambedkar Nagar,970204,-170.1,3207.2,landmark,357.8,VISIT_WITH_HINT,Behind Ration Shop (pin is a guess near this landmark),,False,2026-10-08T18:32:36.065012+00:00
AD001919,AC001487,T3,473,f block; 7th road,Orchid Enclave,980301,-323.1,-3267.1,baseline_coarse,3710.3,VERIFY_FIRST,,,False,2026-10-08T18:32:36.065012+00:00
AD001920,AC001488,T3,,e block; 6th rd,Lakeview Phase 2,980303,3583.6,624.9,visits_disagree,387.8,VISIT_WITH_HINT,Near Ration Shop (about 80 m from pin),,False,2026-10-08T18:32:36.065012+00:00
AD001921,AC001489,T3,,,Teachers Colony,980302,1014.3,-406.9,landmark,357.8,VISIT_WITH_HINT,Near Masjid (pin is a guess near this landmark),,False,2026-10-08T18:32:36.065012+00:00
AD001922,AC001490,T3,112,4th road,,980304,-827.8,-3726.7,visit_1,77.4,DIRECT_VISIT,,,False,2026-10-08T18:32:36.065012+00:00
AD001923,AC001491,T2,,gali 10,Azad Mohalla,970203,743.0,3086.7,cross_account_inferred,75.0,DIRECT_VISIT,,,False,2026-10-08T18:32:36.065012+00:00
AD001924,AC001491,T2,,,Gandhi Basti,970203,1388.1,1115.9,landmark,357.8,VISIT_WITH_HINT,Opposite Bus Stop (pin is a guess near this landmark),,True,2026-10-08T18:32:36.065012+00:00
AD001925,AC001492,T3,,,Orchid Enclave,980301,-786.5,-3777.6,baseline_street,162.1,VISIT_WITH_HINT,,,False,2026-10-08T18:32:36.065012+00:00
AD001926,AC001492,T3,247,,Royal Gardens,980303,636.4,1521.6,baseline_coarse,3710.3,VERIFY_FIRST,,,False,2026-10-08T18:32:36.065012+00:00
AD001927,AC001493,T2,177,,Ram Nagar,970203,1059.7,2409.3,visits_agree,47.9,DIRECT_VISIT,,,True,2026-10-08T18:32:36.065012+00:00
AD001928,AC001493,T2,108,,Azad Mohalla,970203,789.2,2761.4,baseline_street,162.1,VISIT_WITH_HINT,,,False,2026-10-08T18:32:36.065012+00:00
AD001929,AC001494,T2,-2,,Nehru Colony,970203,3091.4,236.2,visit_1,77.4,DIRECT_VISIT,,,True,2026-10-08T18:32:36.065012+00:00
AD001930,AC001495,T1,56,2nd cross; 6th main,,960101,2716.3,-2525.7,baseline_street,162.1,VISIT_WITH_HINT,,,False,2026-10-08T18:32:36.065012+00:00
AD001931,AC001496,T2,224,,,970201,-1045.2,-1268.8,baseline_coarse,3710.3,VERIFY_FIRST,,,False,2026-10-08T18:32:36.065012+00:00
AD001932,AC001497,T3,,,Orchid Enclave,980301,-418.5,-3362.8,baseline_street,162.1,VISIT_WITH_HINT,Near Park (about 180 m from pin),,False,2026-10-08T18:32:36.065012+00:00
AD001933,AC001498,T3,26,5th rd,Palm Meadows,980302,3531.8,-2221.6,visit_1,77.4,DIRECT_VISIT,,,True,2026-10-08T18:32:36.065012+00:00
AD001934,AC001498,T3,223,,Silver Oak Layout,980301,-3020.8,-690.5,visits_agree,47.9,DIRECT_VISIT,,,False,2026-10-08T18:32:36.065012+00:00
AD001935,AC001499,T1,,,Vinayaka Nagar,960104,-3155.2,823.8,landmark,357.8,VISIT_WITH_HINT,Near Ganesh Temple (pin is a guess near this landmark),,False,2026-10-08T18:32:36.065012+00:00
AD001937,AC001500,T2,342,gali 10,Azad Mohalla,970203,743.0,3086.7,visits_agree,47.9,DIRECT_VISIT,Near Petrol Bunk (about 160 m from pin),,False,2026-10-08T18:32:36.065012+00:00
AD001938,AC001501,T2,188,188 gali,Shastri Nagar,970201,-654.4,-509.2,baseline_coarse,3710.3,VERIFY_FIRST,,,False,2026-10-08T18:32:36.065012+00:00
AD001939,AC001502,T3,40/1,,Green Park Layout,980301,-3738.3,-933.1,baseline_coarse,3710.3,VERIFY_FIRST,,,False,2026-10-08T18:32:36.065012+00:00
AD001940,AC001503,T1,445,1st cross; 8th main,Vidya Nagar,960103,2336.2,1203.8,baseline_coarse,3710.3,VERIFY_FIRST,,,False,2026-10-08T18:32:36.065012+00:00
AD001941,AC001503,T1,184,1st main,Anjaneya Badavane,960103,1091.1,1818.2,cross_account_inferred,75.0,DIRECT_VISIT,,,False,2026-10-08T18:32:36.065012+00:00
AD001942,AC001504,T2,,,Shastri Nagar,970201,-280.8,-278.0,landmark,357.8,VISIT_WITH_HINT,Near Milk Dairy (pin is a guess near this landmark),,False,2026-10-08T18:32:36.065012+00:00
AD001943,AC001505,T3,,,,980303,3174.8,-1939.4,baseline_coarse,3710.3,VERIFY_FIRST,,,False,2026-10-08T18:32:36.065012+00:00
AD001944,AC001506,T2,,gali 12,Krishna Puri,970202,2488.4,-707.2,visits_agree,47.9,DIRECT_VISIT,,,True,2026-10-08T18:32:36.065012+00:00
AD001945,AC001507,T1,,2nd main,Vinayaka Nagar,960104,-3051.2,1458.2,cross_account_inferred,75.0,DIRECT_VISIT,,,True,2026-10-08T18:32:36.065012+00:00
AD001946,AC001508,T3,98,,HMT Colony,980301,-791.9,-718.7,landmark,357.8,VISIT_WITH_HINT,Near Milk Dairy (pin is a guess near this landmark),,False,2026-10-08T18:32:36.065012+00:00
AD001947,AC001509,T3,,,Orchid Enclave,980301,-315.1,-3592.1,baseline_coarse,3710.3,VERIFY_FIRST,,,True,2026-10-08T18:32:36.065012+00:00
AD001948,AC001510,T2,339,gali no. 2,Shastri Nagar,,-598.8,-473.6,baseline_coarse,3710.3,VERIFY_FIRST,,,False,2026-10-08T18:32:36.065012+00:00
AD001949,AC001511,T1,,6th main,Nehru Colony,960102,2907.0,-2465.7,cross_account_inferred,75.0,DIRECT_VISIT,,,False,2026-10-08T18:32:36.065012+00:00
AD001950,AC001512,T2,,,Patel Nagar,970202,1185.3,-2043.0,landmark,357.8,VISIT_WITH_HINT,Opposite Govt School (pin is a guess near this landmark),,False,2026-10-08T18:32:36.065012+00:00
AD001951,AC001513,T2,-2,,Tilak Nagar,970204,-316.8,1507.7,baseline_coarse,3710.3,VERIFY_FIRST,,,False,2026-10-08T18:32:36.065012+00:00
AD001952,AC001514,T2,,gali 6,Azad Mohalla,970203,958.5,2633.9,visit_1,77.4,DIRECT_VISIT,,,False,2026-10-08T18:32:36.065012+00:00
AD001953,AC001515,T2,12,gali no. 12,Shastri Nagar,,-328.4,-17.3,baseline_street,162.1,VISIT_WITH_HINT,,,False,2026-10-08T18:32:36.065012+00:00
AD001954,AC001516,T2,,,Ram Nagar,970203,1119.1,-1883.1,visits_disagree,387.8,VISIT_WITH_HINT,Near Ration Shop (about 80 m from pin),,False,2026-10-08T18:32:36.065012+00:00
AD001955,AC001516,T2,70,70 gali,Nehru Colony,970203,2816.1,540.8,baseline_coarse,3710.3,VERIFY_FIRST,,,False,2026-10-08T18:32:36.065012+00:00
AD001956,AC001517,T3,,,Unity Nagar,980302,598.9,-3866.6,baseline_street,162.1,VISIT_WITH_HINT,,,False,2026-10-08T18:32:36.065012+00:00
AD001957,AC001518,T3,447,b block; 7th road,Teachers Colony,980302,879.4,-879.4,baseline_coarse,3710.3,VERIFY_FIRST,,,False,2026-10-08T18:32:36.065012+00:00
AD001958,AC001519,T3,454,,Lakeview Phase 2,980303,3616.5,556.1,landmark,357.8,VISIT_WITH_HINT,Near Ration Shop (pin is a guess near this landmark),,False,2026-10-08T18:32:36.065012+00:00
AD001959,AC001520,T1,27,3rd cross; 5th main,Siddeshwara Colony,960102,2107.2,-1380.9,baseline_street,162.1,VISIT_WITH_HINT,Near Hanuman Temple (about 190 m from pin),,False,2026-10-08T18:32:36.065012+00:00
AD001960,AC001521,T1,,7th x,Nehru Colony,960102,2650.5,-2041.7,visit_1,77.4,DIRECT_VISIT,,,False,2026-10-08T18:32:36.065012+00:00
AD001961,AC001522,T1,109/2,10th x; 8th main,Vinayaka Nagar,960104,-2980.7,1212.5,baseline_coarse,3710.3,VERIFY_FIRST,,,False,2026-10-08T18:32:36.065012+00:00
AD001962,AC001523,T2,8,gali no. 8,Patel Nagar,,1397.2,-1976.3,visits_agree,47.9,DIRECT_VISIT,Near Church (about 40 m from pin),,False,2026-10-08T18:32:36.065012+00:00
AD001963,AC001524,T2,,gali 2,Shastri Nagar,970201,-1855.9,-3256.5,cross_account_inferred,75.0,DIRECT_VISIT,,,False,2026-10-08T18:32:36.065012+00:00
AD001964,AC001525,T3,,e block; 1st road,Palm Meadows,980302,3205.8,-1685.6,landmark,357.8,VISIT_WITH_HINT,Near Post Office (pin is a guess near this landmark),,False,2026-10-08T18:32:36.065012+00:00
AD001965,AC001526,T2,,,Gandhi Basti,970203,1240.7,1472.2,landmark,357.8,VISIT_WITH_HINT,Near Medical Store (pin is a guess near this landmark),,False,2026-10-08T18:32:36.065012+00:00
AD001966,AC001526,T2,8,,,970204,2575.0,-1393.3,baseline_coarse,3710.3,VERIFY_FIRST,,,False,2026-10-08T18:32:36.065012+00:00
AD001967,AC001527,T1,59,2nd main,Kalyana Nagar,960104,-3006.2,1458.2,cross_account_inferred,75.0,DIRECT_VISIT,Near Community Hall (about 90 m from pin),,False,2026-10-08T18:32:36.065012+00:00
AD001968,AC001528,T2,-10,,Nehru Colony,,2844.3,775.5,landmark,357.8,VISIT_WITH_HINT,Opposite Water Tank (pin is a guess near this landmark),,False,2026-10-08T18:32:36.065012+00:00
AD001969,AC001529,T2,364,gali no. 1,Subhash Nagar,970201,-1282.8,-3078.7,visit_1,77.4,DIRECT_VISIT,Near Bus Stop (about 150 m from pin),,False,2026-10-08T18:32:36.065012+00:00
AD001970,AC001530,T1,316,,Vinayaka Nagar,,-3155.2,823.8,landmark,357.8,VISIT_WITH_HINT,Near Ganesh Temple (pin is a guess near this landmark),,False,2026-10-08T18:32:36.065012+00:00
AD001971,AC001531,T2,42,gali 8,Krishna Puri,970202,1326.6,-2375.5,cross_account_inferred,75.0,DIRECT_VISIT,,,True,2026-10-08T18:32:36.065012+00:00
AD001972,AC001532,T1,252,9th x; 4th main,Shanthi Nagar,960101,698.4,-2849.0,visits_agree,47.9,DIRECT_VISIT,,,False,2026-10-08T18:32:36.065012+00:00
AD001973,AC001533,T1,,4th cross,,960102,1509.8,-2718.0,cross_account_inferred,75.0,DIRECT_VISIT,,,False,2026-10-08T18:32:36.065012+00:00
AD001974,AC001534,T2,432/2,2 gali,Gandhi Basti,,875.6,1283.5,baseline_street,162.1,VISIT_WITH_HINT,Near Govt School (about 140 m from pin),,False,2026-10-08T18:32:36.065012+00:00
AD001976,AC001535,T3,,f block,Palm Meadows,980302,3437.0,-1759.5,visit_1,77.4,DIRECT_VISIT,Near Masjid (about 170 m from pin),,False,2026-10-08T18:32:36.065012+00:00
AD001977,AC001536,T3,,2nd road,Lakeview Phase 2,,3714.2,480.5,visits_agree,47.9,DIRECT_VISIT,,,True,2026-10-08T18:32:36.065012+00:00
AD001978,AC001537,T1,,,Nehru Colony,960102,3061.4,-2536.7,visits_agree,47.9,DIRECT_VISIT,,,False,2026-10-08T18:32:36.065012+00:00
AD001980,AC001538,T2,-11,,Shivaji Nagar,970202,613.4,-3008.5,baseline_coarse,3710.3,VERIFY_FIRST,,,False,2026-10-08T18:32:36.065012+00:00
AD001982,AC001539,T3,321,5th rd,Silver Oak Layout,980301,-2517.5,-485.5,visits_agree,47.9,DIRECT_VISIT,Behind Masjid (about 70 m from pin),,False,2026-10-08T18:32:36.065012+00:00
AD001983,AC001540,T3,417,,,980302,3757.9,440.4,baseline_coarse,3710.3,VERIFY_FIRST,,,False,2026-10-08T18:32:36.065012+00:00
AD001984,AC001540,T3,,f block; 2nd road,Defence Colony,980301,-933.1,-1915.8,landmark,357.8,VISIT_WITH_HINT,Near Water Tank (pin is a guess near this landmark),,False,2026-10-08T18:32:36.065012+00:00
AD001985,AC001541,T3,85,,Orchid Enclave,980301,-31.9,-3138.2,landmark,357.8,VISIT_WITH_HINT,Near Medical Store (pin is a guess near this landmark),,True,2026-10-08T18:32:36.065012+00:00
AD001986,AC001541,T3,105,,,980302,1349.5,-1917.2,baseline_coarse,3710.3,VERIFY_FIRST,,,False,2026-10-08T18:32:36.065012+00:00
AD001987,AC001542,T2,1,gali no. 1,,970202,1247.7,-1454.1,cross_account_inferred,75.0,DIRECT_VISIT,,,False,2026-10-08T18:32:36.065012+00:00
AD001988,AC001543,T3,230,f block; 5th road,Railway Colony,980304,-1968.0,1774.7,baseline_street,162.1,VISIT_WITH_HINT,,,False,2026-10-08T18:32:36.065012+00:00
AD001989,AC001543,T3,230,a block; 6th rd,Palm Meadows,980302,3364.7,-1833.8,baseline_coarse,3710.3,VERIFY_FIRST,,,False,2026-10-08T18:32:36.065012+00:00
AD001990,AC001544,T3,111/3,,Railway Colony,,-2911.8,1541.5,visit_1,77.4,DIRECT_VISIT,,,False,2026-10-08T18:32:36.065012+00:00
AD001991,AC001545,T1,,4th x; 1st main,Gandhi Nagar,960102,349.9,-3253.1,visits_agree,47.9,DIRECT_VISIT,,,False,2026-10-08T18:32:36.065012+00:00
AD001992,AC001546,T1,,,Nehru Colony,960102,3049.4,-2157.6,landmark,357.8,VISIT_WITH_HINT,Opposite Ration Shop (pin is a guess near this landmark),,False,2026-10-08T18:32:36.065012+00:00
AD001993,AC001546,T1,184,2nd cross; 8th main,Gandhi Nagar,,1210.4,-3329.8,visit_1,77.4,DIRECT_VISIT,,,False,2026-10-08T18:32:36.065012+00:00
AD001994,AC001547,T3,,a block; 2nd rd,Palm Meadows,980302,3264.6,-2505.3,baseline_street,162.1,VISIT_WITH_HINT,,,False,2026-10-08T18:32:36.065012+00:00
AD001995,AC001548,T3,34,,Teachers Colony,980302,1016.0,-691.2,visits_disagree,387.8,VISIT_WITH_HINT,,,True,2026-10-08T18:32:36.065012+00:00
AD001996,AC001549,T2,10,3 gali,,970202,864.6,-3087.8,cross_account_inferred,75.0,DIRECT_VISIT,,,False,2026-10-08T18:32:36.065012+00:00
AD001998,AC001550,T2,-5,1 gali,Nehru Colony,970203,2722.3,1738.9,baseline_street,162.1,VISIT_WITH_HINT,,,False,2026-10-08T18:32:36.065012+00:00
AD001999,AC001551,T1,,3rd cross; 3rd main,,960104,-2221.9,1115.3,baseline_coarse,3710.3,VERIFY_FIRST,,,False,2026-10-08T18:32:36.065012+00:00
AD002000,AC001552,T3,327,,Silver Oak Layout,980301,-2847.1,-569.9,landmark,357.8,VISIT_WITH_HINT,Opposite Bus Stop (pin is a guess near this landmark),,False,2026-10-08T18:32:36.065012+00:00
AD002001,AC001552,T3,288/1,,Defence Colony,980301,-1168.1,-1848.2,baseline_coarse,3710.3,VERIFY_FIRST,,,False,2026-10-08T18:32:36.065012+00:00
AD002002,AC001553,T2,,gali 4,,970204,518.0,-2991.0,baseline_coarse,3710.3,VERIFY_FIRST,,,False,2026-10-08T18:32:36.065012+00:00
AD002003,AC001554,T2,9,gali no. 9,Subhash Nagar,970201,-1447.2,-2485.2,baseline_street,162.1,VISIT_WITH_HINT,,,False,2026-10-08T18:32:36.065012+00:00
AD002004,AC001554,T2,1,gali no. 1,Nehru Colony,970203,3226.7,271.9,baseline_street,162.1,VISIT_WITH_HINT,,,False,2026-10-08T18:32:36.065012+00:00
AD002005,AC001555,T2,76,,Ambedkar Nagar,970204,-102.4,3207.0,visit_1,77.4,DIRECT_VISIT,Opposite Ration Shop (about 70 m from pin),,True,2026-10-08T18:32:36.065012+00:00
AD002007,AC001556,T2,63,,Patel Nagar,970202,1124.9,-2164.7,visits_agree,47.9,DIRECT_VISIT,Opposite Govt School (about 140 m from pin),,True,2026-10-08T18:32:36.065012+00:00
AD002008,AC001557,T3,428,,,980304,605.6,1594.9,baseline_coarse,3710.3,VERIFY_FIRST,,,False,2026-10-08T18:32:36.065012+00:00
AD002009,AC001558,T3,134,a block; 4th rd,HMT Colony,980301,-1195.3,-789.6,visits_disagree,387.8,VISIT_WITH_HINT,,,True,2026-10-08T18:32:36.065012+00:00
AD002011,AC001559,T1,467,9th cross; 6th main,,960101,-1026.9,-2116.1,baseline_coarse,3710.3,VERIFY_FIRST,,,False,2026-10-08T18:32:36.065012+00:00
AD002013,AC001560,T1,,4th cross; 4th main,,960104,-2839.6,995.5,cross_account_inferred,75.0,DIRECT_VISIT,,,False,2026-10-08T18:32:36.065012+00:00
AD002014,AC001560,T1,,11th x; 1st main,Shanthi Nagar,960101,-2558.5,-2177.8,baseline_street,162.1,VISIT_WITH_HINT,,,False,2026-10-08T18:32:36.065012+00:00
AD002015,AC001561,T1,148/3,122th cross; 1st main,Basava Nagar,960110,-1418.4,-2700.3,visit_1,77.4,DIRECT_VISIT,,,False,2026-10-08T18:32:36.065012+00:00
AD002016,AC001562,T1,,,Nehru Colony,960102,2768.2,-2327.0,visits_agree,47.9,DIRECT_VISIT,Near Hanuman Temple (about 100 m from pin),,True,2026-10-08T18:32:36.065012+00:00
AD002018,AC001563,T2,,gali 6,Gandhi Basti,970203,970.9,1390.7,landmark,357.8,VISIT_WITH_HINT,Near Govt School (pin is a guess near this landmark),,False,2026-10-08T18:32:36.065012+00:00
AD002019,AC001564,T2,,,Patel Nagar,970202,1144.7,-1961.5,visit_1,77.4,DIRECT_VISIT,Near Govt School (about 90 m from pin),,False,2026-10-08T18:32:36.065012+00:00
AD002021,AC001565,T1,392,5th cross; 8th main,Nehru Colony,960102,3148.6,-2466.4,visit_1,77.4,DIRECT_VISIT,,,False,2026-10-08T18:32:36.065012+00:00
AD002022,AC001566,T3,,,HMT Colony,980301,-853.4,-708.6,landmark,357.8,VISIT_WITH_HINT,Near Ration Shop (pin is a guess near this landmark),,True,2026-10-08T18:32:36.065012+00:00
AD002023,AC001567,T3,,,Railway Colony,980304,-2776.4,1751.9,visits_agree,47.9,DIRECT_VISIT,Near Milk Dairy (about 170 m from pin),,False,2026-10-08T18:32:36.065012+00:00
AD002024,AC001568,T1,41,10th cross,Siddeshwara Colony,960102,3126.3,-2076.5,cross_account_inferred,75.0,DIRECT_VISIT,,,False,2026-10-08T18:32:36.065012+00:00
AD002025,AC001569,T3,428/3,c block; 1st road,Railway Colony,980304,-2418.2,1573.6,baseline_coarse,3710.3,VERIFY_FIRST,,,False,2026-10-08T18:32:36.065012+00:00
AD002026,AC001570,T2,,,Subhash Nagar,970201,-1756.9,-2671.6,baseline_coarse,3710.3,VERIFY_FIRST,,,False,2026-10-08T18:32:36.065012+00:00
AD002027,AC001571,T2,,,Shastri Nagar,970201,-383.8,-632.5,visits_agree,47.9,DIRECT_VISIT,,,False,2026-10-08T18:32:36.065012+00:00
AD002028,AC001572,T2,410,gali no. 9,Tilak Nagar,970204,-643.5,1512.2,landmark,357.8,VISIT_WITH_HINT,Near Petrol Bunk (pin is a guess near this landmark),,False,2026-10-08T18:32:36.065012+00:00
AD002029,AC001573,T1,389,12th x,Vidya Nagar,960103,2698.2,1455.5,visits_agree,47.9,DIRECT_VISIT,,,True,2026-10-08T18:32:36.065012+00:00
AD002030,AC001574,T2,281/1,,Ram Nagar,970203,2698.3,1438.9,landmark,357.8,VISIT_WITH_HINT,Near Park (pin is a guess near this landmark),,False,2026-10-08T18:32:36.065012+00:00
AD002031,AC001575,T3,,5th road,Lakeview Phase 2,980303,4043.4,873.3,baseline_street,162.1,VISIT_WITH_HINT,,,False,2026-10-08T18:32:36.065012+00:00
AD002033,AC001576,T3,,a block; 1st road,,980304,-2897.4,-529.4,visit_1,77.4,DIRECT_VISIT,Near Bus Stop (about 60 m from pin),,True,2026-10-08T18:32:36.065012+00:00
AD002034,AC001577,T2,391,gali no. 5,,970202,1019.3,-72.9,cross_account_inferred,75.0,DIRECT_VISIT,,Blue gate house,True,2026-10-08T18:32:36.065012+00:00
AD002035,AC001578,T3,,a block; 5th rd,HMT Colony,980301,-857.8,-485.7,baseline_coarse,3710.3,VERIFY_FIRST,,,False,2026-10-08T18:32:36.065012+00:00
AD002036,AC001579,T3,431/3,b block; 1st road,Defence Colony,980301,-1239.1,-2298.0,landmark,357.8,VISIT_WITH_HINT,Near Church (pin is a guess near this landmark),,False,2026-10-08T18:32:36.065012+00:00
AD002037,AC001580,T3,,,Unity Nagar,980302,778.1,-3852.1,landmark,357.8,VISIT_WITH_HINT,Opposite Petrol Bunk (pin is a guess near this landmark),,False,2026-10-08T18:32:36.065012+00:00
AD002038,AC001581,T1,437,5th cross,Nehru Colony,906102,3038.9,-2449.2,visits_agree,47.9,DIRECT_VISIT,,,False,2026-10-08T18:32:36.065012+00:00
AD002039,AC001582,T1,,3rd cross; 5th main,Nehru Colony,960102,2780.6,-2484.4,visit_1,77.4,DIRECT_VISIT,,,False,2026-10-08T18:32:36.065012+00:00
AD002040,AC001583,T3,174,,Green Park Layout,980301,-3774.3,-749.5,baseline_coarse,3710.3,VERIFY_FIRST,,,False,2026-10-08T18:32:36.065012+00:00
AD002042,AC001584,T3,409,,Silver Oak Layout,980301,-2402.2,-340.0,baseline_coarse,3710.3,VERIFY_FIRST,,,False,2026-10-08T18:32:36.065012+00:00
AD002043,AC001585,T2,1,gali no. 1,Nehru Colony,970203,2921.0,104.9,visits_agree,47.9,DIRECT_VISIT,,,True,2026-10-08T18:32:36.065012+00:00
AD002044,AC001586,T3,,,Palm Meadows,980302,3234.5,-2187.0,visits_disagree,387.8,VISIT_WITH_HINT,,,True,2026-10-08T18:32:36.065012+00:00
AD002045,AC001587,T2,,gali 2,Shastri Nagar,970201,-1855.9,-3256.5,cross_account_inferred,75.0,DIRECT_VISIT,,,False,2026-10-08T18:32:36.065012+00:00
AD002046,AC001588,T1,,1st x; 5th main,Basava Nagar,960101,-1012.0,-3546.4,visits_agree,47.9,DIRECT_VISIT,,,False,2026-10-08T18:32:36.065012+00:00
AD002047,AC001589,T3,199,,Silver Oak Layout,980301,-2910.2,-36.3,landmark,357.8,VISIT_WITH_HINT,Near Water Tank (pin is a guess near this landmark),,False,2026-10-08T18:32:36.065012+00:00
AD002048,AC001590,T3,273,6th road,Teachers Colony,980302,845.6,-775.5,baseline_coarse,3710.3,VERIFY_FIRST,,,True,2026-10-08T18:32:36.065012+00:00
AD002049,AC001590,T3,,c block; 1st road,Lakeview Phase 2,980303,4015.9,82.8,visit_1,77.4,DIRECT_VISIT,,,False,2026-10-08T18:32:36.065012+00:00
AD002050,AC001591,T2,390,gali no. 5,Ambedkar Nagar,970204,-868.8,3100.8,landmark,357.8,VISIT_WITH_HINT,Near Milk Dairy (pin is a guess near this landmark),,False,2026-10-08T18:32:36.065012+00:00
AD002051,AC001592,T3,,c block; 4th rd,,980303,-278.4,-3857.6,visit_1,77.4,DIRECT_VISIT,,,False,2026-10-08T18:32:36.065012+00:00
AD002052,AC001593,T2,,gali 7,Tilak Nagar,970204,-643.5,1512.2,landmark,357.8,VISIT_WITH_HINT,Near Petrol Bunk (pin is a guess near this landmark),,False,2026-10-08T18:32:36.065012+00:00
AD002053,AC001593,T2,,gali 10,Tilak Nagar,970204,-206.5,1462.1,baseline_coarse,3710.3,VERIFY_FIRST,,,False,2026-10-08T18:32:36.065012+00:00
AD002054,AC001594,T2,,gali 6,Indira Colony,970202,1731.3,-2056.6,cross_account_inferred,75.0,DIRECT_VISIT,,,False,2026-10-08T18:32:36.065012+00:00
AD002055,AC001594,T2,419,gali 4,Nehru Colony,970203,2665.0,509.0,landmark,357.8,VISIT_WITH_HINT,Near Bus Stop (pin is a guess near this landmark),,False,2026-10-08T18:32:36.065012+00:00
AD002056,AC001595,T2,,24 gali,Nehru Colony,970203,3033.4,411.0,baseline_coarse,3710.3,VERIFY_FIRST,,,False,2026-10-08T18:32:36.065012+00:00
AD002057,AC001596,T2,396,396 gali,Ram Nagar,,1020.1,2902.7,visits_disagree,387.8,VISIT_WITH_HINT,,,True,2026-10-08T18:32:36.065012+00:00
AD002059,AC001597,T2,8,gali no. 8,Patel Nagar,970202,1072.9,-1837.5,cross_account_inferred,75.0,DIRECT_VISIT,,,False,2026-10-08T18:32:36.065012+00:00
AD002060,AC001598,T1,110,5th cross,Kuvempu Layout,960102,760.4,-353.0,visits_agree,47.9,DIRECT_VISIT,,,False,2026-10-08T18:32:36.065012+00:00
AD002061,AC001599,T1,,7th cross; 5th main,Gandhi Nagar,960102,796.9,-2981.5,visits_disagree,387.8,VISIT_WITH_HINT,,,True,2026-10-08T18:32:36.065012+00:00
AD002062,AC001600,T1,293,8th cross; 3rd main,Siddeshwara Colony,960102,901.9,-88.1,visits_agree,47.9,DIRECT_VISIT,Opposite Ganesh Temple (about 30 m from pin),,True,2026-10-08T18:32:36.065012+00:00
AD002063,AC001601,T2,,gali 1,Indira Colony,970202,1063.8,-332.3,landmark,357.8,VISIT_WITH_HINT,Near Park (pin is a guess near this landmark),,True,2026-10-08T18:32:36.065012+00:00
AD002064,AC001602,T2,-5,,Shivaji Nagar,,231.4,-3246.2,visits_agree,47.9,DIRECT_VISIT,Near Ganesh Temple (about 190 m from pin),,False,2026-10-08T18:32:36.065012+00:00
AD002065,AC001603,T2,12,gali no. 12,Nehru Colony,970203,2763.3,856.4,baseline_street,162.1,VISIT_WITH_HINT,Near Ration Shop (about 170 m from pin),,False,2026-10-08T18:32:36.065012+00:00
AD002066,AC001604,T2,-4,,Patel Nagar,,1418.9,-2285.7,visits_agree,47.9,DIRECT_VISIT,,,True,2026-10-08T18:32:36.065012+00:00
AD002067,AC001605,T1,113/3,3rd main,Kuvempu Layout,960102,2649.3,-1818.2,cross_account_inferred,75.0,DIRECT_VISIT,,,True,2026-10-08T18:32:36.065012+00:00
AD002068,AC001606,T3,,,Railway Colony,980304,-2063.1,1511.4,visits_agree,47.9,DIRECT_VISIT,,,True,2026-10-08T18:32:36.065012+00:00
AD002069,AC001607,T3,274,2nd road,Lakeview Phase 2,980303,3835.3,530.0,visits_agree,47.9,DIRECT_VISIT,Opposite Bus Stop (about 130 m from pin),,True,2026-10-08T18:32:36.065012+00:00
AD002070,AC001607,T3,,c block; 3rd rd,Orchid Enclave,980301,2322.5,-755.9,visits_disagree,387.8,VISIT_WITH_HINT,,,True,2026-10-08T18:32:36.065012+00:00
AD002071,AC001608,T3,402,c block; 1st rd,Palm Meadows,980302,3708.7,-2280.2,baseline_street,162.1,VISIT_WITH_HINT,,,True,2026-10-08T18:32:36.065012+00:00
AD002072,AC001608,T3,,d block; 5th road,Orchid Enclave,,-639.9,-3367.2,landmark,357.8,VISIT_WITH_HINT,Near Hanuman Temple (pin is a guess near this landmark),,False,2026-10-08T18:32:36.065012+00:00
AD002073,AC001609,T1,,3rd main,Shanthi Nagar,960101,-2333.0,-2349.6,baseline_street,162.1,VISIT_WITH_HINT,,,False,2026-10-08T18:32:36.065012+00:00
AD002074,AC001610,T2,140,gali 11,Patel Nagar,970202,1754.7,-1655.7,visits_agree,47.9,DIRECT_VISIT,,,False,2026-10-08T18:32:36.065012+00:00
AD002075,AC001611,T2,3,gali no. 3,Patel Nagar,970202,1630.6,-2312.0,cross_account_inferred,75.0,DIRECT_VISIT,,,False,2026-10-08T18:32:36.065012+00:00
AD002077,AC001612,T3,,2nd road,,980302,889.8,-778.8,cross_account_inferred,75.0,DIRECT_VISIT,,,True,2026-10-08T18:32:36.065012+00:00
AD002078,AC001612,T3,404,b block; 3rd rd,,980303,1224.3,-745.5,baseline_coarse,3710.3,VERIFY_FIRST,,,False,2026-10-08T18:32:36.065012+00:00
AD002079,AC001613,T1,,10th cross; 6th main,Shanthi Nagar,960101,-1959.0,-1971.3,landmark,357.8,VISIT_WITH_HINT,Near Masjid (pin is a guess near this landmark),,False,2026-10-08T18:32:36.065012+00:00
AD002080,AC001613,T1,62,8th cross; 3rd main,Gandhi Nagar,960102,751.8,-1503.8,cross_account_inferred,75.0,DIRECT_VISIT,,,False,2026-10-08T18:32:36.065012+00:00
AD002081,AC001614,T3,300,,Teachers Colony,980302,914.7,-1261.8,visit_1,77.4,DIRECT_VISIT,,,False,2026-10-08T18:32:36.065012+00:00
AD002082,AC001614,T3,159,2nd rd,Palm Meadows,980302,2953.8,-2431.3,baseline_street,162.1,VISIT_WITH_HINT,,,False,2026-10-08T18:32:36.065012+00:00
AD002083,AC001615,T3,176,b block; 1st rd,Orchid Enclave,980301,-447.1,-3969.0,visits_disagree,387.8,VISIT_WITH_HINT,,,False,2026-10-08T18:32:36.065012+00:00
AD002085,AC001616,T3,441,d block; 6th road,Lakeview Phase 2,980303,3397.4,488.8,baseline_street,162.1,VISIT_WITH_HINT,,,False,2026-10-08T18:32:36.065012+00:00
AD002086,AC001616,T3,286,,,980302,1580.7,-2179.5,baseline_coarse,3710.3,VERIFY_FIRST,,,False,2026-10-08T18:32:36.065012+00:00
AD002087,AC001617,T3,340,,Orchid Enclave,980301,-662.0,-3420.5,baseline_coarse,3710.3,VERIFY_FIRST,,,False,2026-10-08T18:32:36.065012+00:00
AD002088,AC001618,T1,61,,Nehru Colony,960102,3049.4,-2157.6,landmark,357.8,VISIT_WITH_HINT,Near Ration Shop (pin is a guess near this landmark),,False,2026-10-08T18:32:36.065012+00:00
AD002089,AC001619,T2,203/2,,Indira Colony,970202,1027.1,249.4,visits_agree,47.9,DIRECT_VISIT,,,False,2026-10-08T18:32:36.065012+00:00
AD002090,AC001620,T1,,5th cross; 7th main,Gandhi Nagar,960102,1210.5,-3079.6,visits_disagree,387.8,VISIT_WITH_HINT,,,True,2026-10-08T18:32:36.065012+00:00
AD002091,AC001621,T2,4,gali no. 4,Patel Nagar,970202,1770.5,-2196.9,visits_agree,47.9,DIRECT_VISIT,,,True,2026-10-08T18:32:36.065012+00:00
AD002092,AC001622,T3,,,,980302,3814.2,505.5,baseline_coarse,3710.3,VERIFY_FIRST,,,False,2026-10-08T18:32:36.065012+00:00
AD002094,AC001623,T3,48,f block; 3rd road,Railway Colony,980304,-2110.2,1617.4,landmark,357.8,VISIT_WITH_HINT,Near Ganesh Temple (pin is a guess near this landmark),,False,2026-10-08T18:32:36.065012+00:00
AD002095,AC001624,T3,62/1,,Green Park Layout,980301,-3980.3,-682.1,baseline_street,162.1,VISIT_WITH_HINT,Opposite Community Hall (about 120 m from pin),,False,2026-10-08T18:32:36.065012+00:00
AD002096,AC001625,T3,,e block; 6th road,Lakeview Phase 2,980303,3583.3,625.4,visits_agree,47.9,DIRECT_VISIT,Near Ration Shop (about 80 m from pin),,True,2026-10-08T18:32:36.065012+00:00
AD002097,AC001626,T1,,2nd cross; 7th main,Kuvempu Layout,960102,1092.3,-419.8,landmark,357.8,VISIT_WITH_HINT,Near Hanuman Temple (pin is a guess near this landmark),,True,2026-10-08T18:32:36.065012+00:00
AD002098,AC001627,T3,169,,Green Park Layout,980301,-3990.5,-1086.5,landmark,357.8,VISIT_WITH_HINT,Opposite Hanuman Temple (pin is a guess near this landmark),,False,2026-10-08T18:32:36.065012+00:00
AD002099,AC001627,T3,160,,Defence Colony,980301,-1020.8,-1844.2,baseline_coarse,3710.3,VERIFY_FIRST,,,False,2026-10-08T18:32:36.065012+00:00
AD002100,AC001628,T3,b/h,,,980301,-1710.1,-907.3,baseline_coarse,3710.3,VERIFY_FIRST,,,False,2026-10-08T18:32:36.065012+00:00
AD002101,AC001628,T3,396,e block; 2nd road,Sunrise Enclave,,-546.4,3243.0,baseline_street,162.1,VISIT_WITH_HINT,,,False,2026-10-08T18:32:36.065012+00:00
AD002102,AC001629,T3,218/1,,Palm Meadows,980302,2954.4,-1811.8,visits_agree,47.9,DIRECT_VISIT,,,True,2026-10-08T18:32:36.065012+00:00
AD002103,AC001630,T1,,,Gandhi Nagar,960102,303.0,-2743.6,visits_agree,47.9,DIRECT_VISIT,,,True,2026-10-08T18:32:36.065012+00:00
AD002104,AC001631,T1,317/1,3rd cross; 6th main,Vidya Nagar,960103,2843.8,757.1,landmark,357.8,VISIT_WITH_HINT,Opposite Ration Shop (pin is a guess near this landmark),,False,2026-10-08T18:32:36.065012+00:00
AD002105,AC001632,T2,243,,Nehru Colony,970203,2908.5,940.9,landmark,357.8,VISIT_WITH_HINT,Near Ration Shop (pin is a guess near this landmark),,False,2026-10-08T18:32:36.065012+00:00
AD002106,AC001632,T2,,,Krishna Puri,970202,2441.1,-1253.6,landmark,357.8,VISIT_WITH_HINT,Near Govt School (pin is a guess near this landmark),,False,2026-10-08T18:32:36.065012+00:00
AD002107,AC001633,T1,,10th cross,Hosa Badavane,960101,-880.5,-1288.3,landmark,357.8,VISIT_WITH_HINT,Near Ration Shop (pin is a guess near this landmark),,False,2026-10-08T18:32:36.065012+00:00
AD002108,AC001634,T1,,,Nehru Colony,960102,2269.6,-2415.7,visits_agree,47.9,DIRECT_VISIT,Opposite Masjid (about 60 m from pin),,True,2026-10-08T18:32:36.065012+00:00
AD002110,AC001635,T1,,1st cross; 4th main,Siddeshwara Colony,960102,1998.4,-1381.6,visits_agree,47.9,DIRECT_VISIT,,,False,2026-10-08T18:32:36.065012+00:00
AD002111,AC001636,T2,316,gali 10,,970202,3078.2,-1255.0,visits_agree,47.9,DIRECT_VISIT,,,True,2026-10-08T18:32:36.065012+00:00
AD002112,AC001637,T2,249,gali 12,Ambedkar Nagar,970204,-362.4,3285.0,visits_disagree,387.8,VISIT_WITH_HINT,Near Hanuman Temple (about 200 m from pin),,True,2026-10-08T18:32:36.065012+00:00
AD002113,AC001638,T1,343,,Gandhi Nagar,960102,740.2,-3077.2,landmark,357.8,VISIT_WITH_HINT,Near Community Hall (pin is a guess near this landmark),,False,2026-10-08T18:32:36.065012+00:00
AD002114,AC001639,T3,,4th road,HMT Colony,980301,-1031.2,-536.6,landmark,357.8,VISIT_WITH_HINT,Near Govt School (pin is a guess near this landmark),,False,2026-10-08T18:32:36.065012+00:00
AD002115,AC001639,T3,,c block; 5th rd,Orchid Enclave,980301,-460.7,-3589.7,landmark,357.8,VISIT_WITH_HINT,Near Masjid (pin is a guess near this landmark),,False,2026-10-08T18:32:36.065012+00:00
AD002116,AC001640,T1,,5th cross; 5th main,Gandhi Nagar,960102,834.0,-3139.7,visits_agree,47.9,DIRECT_VISIT,,,False,2026-10-08T18:32:36.065012+00:00
AD002117,AC001641,T2,1,gali no. 1,Ram Nagar,970203,1922.2,1715.5,landmark,357.8,VISIT_WITH_HINT,Near Masjid (pin is a guess near this landmark),,False,2026-10-08T18:32:36.065012+00:00
AD002118,AC001642,T2,,gali 3,Patel Nagar,970202,1722.9,-2340.4,landmark,357.8,VISIT_WITH_HINT,Near Medical Store (pin is a guess near this landmark),,False,2026-10-08T18:32:36.065012+00:00
AD002119,AC001643,T2,3,gali no. 3,,970201,-1182.3,-1061.7,baseline_coarse,3710.3,VERIFY_FIRST,,,False,2026-10-08T18:32:36.065012+00:00
AD002120,AC001643,T2,-6,,Azad Mohalla,970203,721.1,2768.6,visit_1,77.4,DIRECT_VISIT,,,False,2026-10-08T18:32:36.065012+00:00
AD002121,AC001644,T1,78/3,5th main,Nehru Colony,960102,832.6,-2618.4,cross_account_inferred,75.0,DIRECT_VISIT,,,False,2026-10-08T18:32:36.065012+00:00
AD002122,AC001645,T3,,4th road,Teachers Colony,980302,1286.5,688.5,cross_account_inferred,75.0,DIRECT_VISIT,,,False,2026-10-08T18:32:36.065012+00:00
AD002123,AC001646,T2,,gali 11,Indira Colony,970202,1752.9,-1212.7,cross_account_inferred,75.0,DIRECT_VISIT,,Blue gate house,False,2026-10-08T18:32:36.065012+00:00
AD002124,AC001647,T1,28/2,3rd x; 1st main,Nehru Colony,,2369.6,-2293.4,visits_agree,47.9,DIRECT_VISIT,,,False,2026-10-08T18:32:36.065012+00:00
AD002125,AC001647,T1,44,5th cross; 5th main,Kuvempu Layout,960102,1234.4,-247.1,visit_1,77.4,DIRECT_VISIT,,,False,2026-10-08T18:32:36.065012+00:00
AD002126,AC001648,T2,,,Krishna Puri,970202,2245.3,-1539.3,visits_agree,47.9,DIRECT_VISIT,,,True,2026-10-08T18:32:36.065012+00:00
AD002127,AC001648,T2,83,,Ram Nagar,970203,2471.8,2057.0,landmark,357.8,VISIT_WITH_HINT,Near Medical Store (pin is a guess near this landmark),,False,2026-10-08T18:32:36.065012+00:00
AD002128,AC001649,T1,367/2,7th cross; 6th main,Vinayaka Nagar,960104,-2660.8,1186.8,baseline_street,162.1,VISIT_WITH_HINT,Near Bus Stop (about 60 m from pin),,False,2026-10-08T18:32:36.065012+00:00
AD002129,AC001649,T1,153,3rd main,Kuvempu Layout,960102,1020.8,-299.1,visit_1,77.4,DIRECT_VISIT,,,False,2026-10-08T18:32:36.065012+00:00
AD002130,AC001650,T3,313,,Sunrise Enclave,980304,-181.6,3389.2,baseline_street,162.1,VISIT_WITH_HINT,,,False,2026-10-08T18:32:36.065012+00:00
AD002131,AC001651,T2,9,gali no. 9,Subhash Nagar,970201,-1525.0,-2454.1,visits_agree,47.9,DIRECT_VISIT,,,True,2026-10-08T18:32:36.065012+00:00
AD002132,AC001651,T2,-3,,Ram Nagar,970203,2335.2,1476.5,landmark,357.8,VISIT_WITH_HINT,Opposite Ration Shop (pin is a guess near this landmark),,True,2026-10-08T18:32:36.065012+00:00
AD002133,AC001652,T1,,6th cross; 3rd main,Ashoka Layout,960104,-1348.5,407.7,baseline_street,162.1,VISIT_WITH_HINT,Opposite Petrol Bunk (about 90 m from pin),,False,2026-10-08T18:32:36.065012+00:00
AD002134,AC001653,T3,78,,Palm Meadows,980302,3128.4,-1901.5,visits_agree,47.9,DIRECT_VISIT,,,False,2026-10-08T18:32:36.065012+00:00
AD002135,AC001654,T3,,,Teachers Colony,980302,1365.9,-882.5,landmark,357.8,VISIT_WITH_HINT,Near Medical Store (pin is a guess near this landmark),,True,2026-10-08T18:32:36.065012+00:00
AD002136,AC001655,T2,25,,Patel Nagar,970202,1841.0,-2206.8,visits_disagree,387.8,VISIT_WITH_HINT,,,False,2026-10-08T18:32:36.065012+00:00
AD002138,AC001656,T3,419,,Lakeview Phase 2,980303,3740.6,563.2,visits_disagree,387.8,VISIT_WITH_HINT,Near Bus Stop (about 160 m from pin),,False,2026-10-08T18:32:36.065012+00:00
AD002139,AC001656,T3,317,,Green Park Layout,980301,-3788.8,-727.0,visits_disagree,387.8,VISIT_WITH_HINT,,,False,2026-10-08T18:32:36.065012+00:00
AD002140,AC001657,T2,-5,,Indira Colony,970202,947.8,-124.7,visits_agree,47.9,DIRECT_VISIT,,,False,2026-10-08T18:32:36.065012+00:00
AD002141,AC001657,T2,169,,Subhash Nagar,970201,-1788.7,-2733.6,visit_1,77.4,DIRECT_VISIT,Behind Govt School (about 110 m from pin),,True,2026-10-08T18:32:36.065012+00:00
AD002142,AC001658,T1,111,6th main,Basava Nagar,960101,-849.4,-3171.0,visits_agree,47.9,DIRECT_VISIT,,,False,2026-10-08T18:32:36.065012+00:00
AD002143,AC001659,T3,49/1,,Railway Colony,980304,-2613.4,1348.1,visits_disagree,387.8,VISIT_WITH_HINT,,,False,2026-10-08T18:32:36.065012+00:00
AD002145,AC001660,T3,,,Sunrise Enclave,,-331.9,3321.1,baseline_coarse,3710.3,VERIFY_FIRST,,,False,2026-10-08T18:32:36.065012+00:00
AD002146,AC001660,T3,283/3,,,980303,1495.7,1391.6,baseline_coarse,3710.3,VERIFY_FIRST,,,False,2026-10-08T18:32:36.065012+00:00
AD002147,AC001661,T1,191/1,3rd; 2nd main,Ashoka Layout,,-1437.6,13.0,baseline_street,162.1,VISIT_WITH_HINT,Near Medical Store (about 160 m from pin),,False,2026-10-08T18:32:36.065012+00:00
AD002148,AC001662,T1,,,Ashoka Layout,960104,-1237.6,387.9,baseline_coarse,3710.3,VERIFY_FIRST,,,False,2026-10-08T18:32:36.065012+00:00
AD002149,AC001663,T2,419,gali no. 8,Gandhi Basti,970203,1112.0,1330.1,baseline_street,162.1,VISIT_WITH_HINT,,,False,2026-10-08T18:32:36.065012+00:00
AD002150,AC001664,T3,438,f block; 1st rd,Lakeview Phase 2,980303,4005.7,543.9,visits_agree,47.9,DIRECT_VISIT,,,False,2026-10-08T18:32:36.065012+00:00
AD002151,AC001665,T1,,8th main,Gandhi Nagar,960102,1169.7,-3104.3,visit_1,77.4,DIRECT_VISIT,,,False,2026-10-08T18:32:36.065012+00:00
AD002152,AC001665,T1,,,,960104,-606.0,-1186.7,baseline_coarse,3710.3,VERIFY_FIRST,,,False,2026-10-08T18:32:36.065012+00:00
AD002153,AC001666,T3,350,,Palm Meadows,980302,3441.6,-1748.8,visits_disagree,387.8,VISIT_WITH_HINT,,,True,2026-10-08T18:32:36.065012+00:00
AD002154,AC001667,T1,,11th cross,,960103,755.8,-2686.3,visits_agree,47.9,DIRECT_VISIT,,,False,2026-10-08T18:32:36.065012+00:00
AD002155,AC001668,T3,,b block; 4th road,Railway Colony,,-2378.1,1427.1,landmark,357.8,VISIT_WITH_HINT,Near Masjid (pin is a guess near this landmark),,False,2026-10-08T18:32:36.065012+00:00
AD002157,AC001669,T3,,,Teachers Colony,980302,581.3,-760.1,visits_disagree,387.8,VISIT_WITH_HINT,,,True,2026-10-08T18:32:36.065012+00:00
AD002158,AC001670,T1,109,,,960102,1625.8,-1191.2,baseline_coarse,3710.3,VERIFY_FIRST,,,False,2026-10-08T18:32:36.065012+00:00
AD002159,AC001671,T2,12,gali no. 12,Ambedkar Nagar,970204,-506.7,2816.1,landmark,357.8,VISIT_WITH_HINT,Near Ganesh Temple (pin is a guess near this landmark),,False,2026-10-08T18:32:36.065012+00:00
AD002160,AC001671,T2,135,135 gali,Tilak Nagar,970204,-143.9,1249.8,baseline_coarse,3710.3,VERIFY_FIRST,,,False,2026-10-08T18:32:36.065012+00:00
AD002161,AC001672,T1,402/2,,Siddeshwara Colony,960102,2099.7,-777.9,visit_1,77.4,DIRECT_VISIT,Behind Govt School (about 140 m from pin),,True,2026-10-08T18:32:36.065012+00:00
AD002162,AC001673,T2,18,,Patel Nagar,970202,1460.3,-1988.1,baseline_coarse,3710.3,VERIFY_FIRST,,,False,2026-10-08T18:32:36.065012+00:00
AD002163,AC001674,T2,136,136 gali,,970202,1540.4,-1495.6,baseline_coarse,3710.3,VERIFY_FIRST,,,False,2026-10-08T18:32:36.065012+00:00
AD002164,AC001675,T3,,,Orchid Enclave,980301,-210.7,-3918.0,visit_1,77.4,DIRECT_VISIT,,,False,2026-10-08T18:32:36.065012+00:00
AD002165,AC001675,T3,,,Silver Oak Layout,980301,-2906.8,-274.5,baseline_coarse,3710.3,VERIFY_FIRST,,,True,2026-10-08T18:32:36.065012+00:00
AD002166,AC001676,T2,143,,Ambedkar Nagar,970204,-973.3,3029.0,visits_agree,47.9,DIRECT_VISIT,Near Milk Dairy (about 130 m from pin),,False,2026-10-08T18:32:36.065012+00:00
AD002167,AC001677,T2,319,319 gali,Ambedkar Nagar,970204,-826.3,2784.6,baseline_coarse,3710.3,VERIFY_FIRST,,,False,2026-10-08T18:32:36.065012+00:00
AD002169,AC001678,T1,434/3,,Kuvempu Layout,960102,1039.7,-165.6,baseline_street,162.1,VISIT_WITH_HINT,,,True,2026-10-08T18:32:36.065012+00:00
AD002170,AC001678,T1,,,Nehru Colony,960102,2739.7,-2130.3,landmark,357.8,VISIT_WITH_HINT,Near Park (pin is a guess near this landmark),,False,2026-10-08T18:32:36.065012+00:00
AD002171,AC001679,T1,461,1st cross,Gandhi Nagar,960102,432.8,-3472.2,visits_disagree,387.8,VISIT_WITH_HINT,,,True,2026-10-08T18:32:36.065012+00:00
AD002172,AC001680,T2,,,Azad Mohalla,970203,1097.3,2655.1,landmark,357.8,VISIT_WITH_HINT,Opposite Bus Stop (pin is a guess near this landmark),,False,2026-10-08T18:32:36.065012+00:00
AD002173,AC001681,T3,,,Palm Meadows,980302,3051.1,-2317.6,landmark,357.8,VISIT_WITH_HINT,Near Milk Dairy (pin is a guess near this landmark),,False,2026-10-08T18:32:36.065012+00:00
AD002174,AC001681,T3,,,HMT Colony,980301,-699.0,-572.8,baseline_coarse,3710.3,VERIFY_FIRST,,,False,2026-10-08T18:32:36.065012+00:00
AD002175,AC001682,T3,,2nd road,Teachers Colony,980302,889.8,-778.8,cross_account_inferred,75.0,DIRECT_VISIT,,,True,2026-10-08T18:32:36.065012+00:00
AD002176,AC001683,T2,3,141 gali,Azad Mohalla,970203,772.0,2472.5,visits_agree,47.9,DIRECT_VISIT,,,True,2026-10-08T18:32:36.065012+00:00
AD002177,AC001683,T2,388,388 gali,Subhash Nagar,970201,-1625.4,-2933.7,baseline_coarse,3710.3,VERIFY_FIRST,,,False,2026-10-08T18:32:36.065012+00:00
AD002178,AC001684,T3,,a block; 3rd road,,980304,2965.5,-2420.3,visit_1,77.4,DIRECT_VISIT,Near Milk Dairy (about 130 m from pin),,False,2026-10-08T18:32:36.065012+00:00
AD002179,AC001685,T1,,11th cross; 3rd main,,960102,1308.7,-1638.6,baseline_coarse,3710.3,VERIFY_FIRST,,,True,2026-10-08T18:32:36.065012+00:00
AD002180,AC001685,T1,462/1,5th main,Gandhi Nagar,960102,792.6,-2762.4,visit_1,77.4,DIRECT_VISIT,,,True,2026-10-08T18:32:36.065012+00:00
AD002181,AC001686,T3,,,Silver Oak Layout,980301,-2718.4,168.2,visits_disagree,387.8,VISIT_WITH_HINT,,,False,2026-10-08T18:32:36.065012+00:00
AD002182,AC001687,T1,,8th cross; 8th main,Nehru Colony,960102,2870.3,-2346.1,landmark,357.8,VISIT_WITH_HINT,Near Hanuman Temple (pin is a guess near this landmark),,False,2026-10-08T18:32:36.065012+00:00
AD002183,AC001688,T1,243,,Shanthi Nagar,960101,-2232.7,-2593.2,baseline_coarse,3710.3,VERIFY_FIRST,,,True,2026-10-08T18:32:36.065012+00:00
AD002184,AC001688,T1,183,5th x; 5th main,Shanthi Nagar,960101,-2068.5,-2466.1,visit_1,77.4,DIRECT_VISIT,,,False,2026-10-08T18:32:36.065012+00:00
AD002185,AC001689,T3,,6th road,Railway Colony,980304,-2369.7,1821.9,cross_account_inferred,75.0,DIRECT_VISIT,,,False,2026-10-08T18:32:36.065012+00:00
AD002186,AC001690,T2,,379 gali,,970201,918.8,30.8,baseline_coarse,3710.3,VERIFY_FIRST,,,False,2026-10-08T18:32:36.065012+00:00
AD002187,AC001691,T3,264,5th road,Green Park Layout,980301,-4061.5,-883.0,baseline_street,162.1,VISIT_WITH_HINT,,,False,2026-10-08T18:32:36.065012+00:00
AD002188,AC001692,T3,304,,Orchid Enclave,980301,-206.4,-3286.1,visits_disagree,387.8,VISIT_WITH_HINT,,,False,2026-10-08T18:32:36.065012+00:00
AD002189,AC001693,T1,,7th cross; 2nd main,Gandhi Nagar,960102,378.0,-3003.1,visit_1,77.4,DIRECT_VISIT,,,False,2026-10-08T18:32:36.065012+00:00
AD002190,AC001694,T1,83,,Ashoka Layout,960104,-1142.7,310.5,baseline_coarse,3710.3,VERIFY_FIRST,,,False,2026-10-08T18:32:36.065012+00:00
AD002191,AC001694,T1,,10th cross; 5th main,Nehru Colony,960120,2911.9,-2206.9,baseline_coarse,3710.3,VERIFY_FIRST,,,False,2026-10-08T18:32:36.065012+00:00
AD002192,AC001695,T2,,,Ambedkar Nagar,970204,-777.6,2805.7,baseline_coarse,3710.3,VERIFY_FIRST,,,False,2026-10-08T18:32:36.065012+00:00
AD002193,AC001696,T2,-11,2 gali,Patel Nagar,970202,1440.8,-1984.6,landmark,357.8,VISIT_WITH_HINT,Near Church (pin is a guess near this landmark),,True,2026-10-08T18:32:36.065012+00:00
AD002194,AC001697,T2,10,1 gali,Patel Nagar,970202,1720.8,-1749.8,visits_agree,47.9,DIRECT_VISIT,,,False,2026-10-08T18:32:36.065012+00:00
AD002195,AC001698,T1,,8th main,,960101,-1441.7,-2192.3,baseline_coarse,3710.3,VERIFY_FIRST,,,False,2026-10-08T18:32:36.065012+00:00
AD002196,AC001699,T1,,6th cross; 3rd,Anjaneya Badavane,960103,209.9,2274.6,visits_disagree,387.8,VISIT_WITH_HINT,,,False,2026-10-08T18:32:36.065012+00:00
AD002197,AC001700,T2,207,gali 3,Indira Colony,970202,1279.5,-1953.1,cross_account_inferred,75.0,DIRECT_VISIT,,,False,2026-10-08T18:32:36.065012+00:00
AD002198,AC001701,T1,,3rd cross; 4th main,,960104,2749.9,-2528.7,baseline_street,162.1,VISIT_WITH_HINT,,,False,2026-10-08T18:32:36.065012+00:00
AD002199,AC001701,T1,,13th cross; 7th main,,960102,1984.1,-966.8,baseline_coarse,3710.3,VERIFY_FIRST,,,False,2026-10-08T18:32:36.065012+00:00
AD002200,AC001702,T2,254,gali no. 7,Nehru Colony,,2825.4,497.5,baseline_street,162.1,VISIT_WITH_HINT,,,True,2026-10-08T18:32:36.065012+00:00
AD002201,AC001702,T2,4,gali no. 4,Tilak Nagar,,-301.2,792.9,landmark,357.8,VISIT_WITH_HINT,Near Ganesh Temple (pin is a guess near this landmark),,False,2026-10-08T18:32:36.065012+00:00
AD002202,AC001703,T1,,5th main,Shanthi Nagar,960101,-2018.6,-2173.4,landmark,357.8,VISIT_WITH_HINT,Near Bus Stop (pin is a guess near this landmark),,False,2026-10-08T18:32:36.065012+00:00
AD002204,AC001704,T3,,2nd road,Teachers Colony,980302,658.2,-1125.8,landmark,357.8,VISIT_WITH_HINT,Near Ration Shop (pin is a guess near this landmark),,False,2026-10-08T18:32:36.065012+00:00
AD002205,AC001704,T3,379/2,e block; 6th rd,HMT Colony,980301,-778.5,-471.9,baseline_coarse,3710.3,VERIFY_FIRST,,,False,2026-10-08T18:32:36.065012+00:00
AD002206,AC001705,T2,380,,Azad Mohalla,970203,1038.8,2918.5,visits_agree,47.9,DIRECT_VISIT,,,True,2026-10-08T18:32:36.065012+00:00
AD002207,AC001706,T1,,9th cross; 6th main,,960101,-1260.9,-2214.6,baseline_coarse,3710.3,VERIFY_FIRST,,,False,2026-10-08T18:32:36.065012+00:00
AD002209,AC001707,T3,99/1,,Orchid Enclave,980301,-63.2,-3841.6,visits_agree,47.9,DIRECT_VISIT,,,False,2026-10-08T18:32:36.065012+00:00
AD002210,AC001708,T2,12,gali no. 12,Patel Nagar,970202,1646.0,-1602.1,visits_agree,47.9,DIRECT_VISIT,,,False,2026-10-08T18:32:36.065012+00:00
AD002211,AC001709,T2,-3,,Ram Nagar,970203,1978.1,1115.8,baseline_coarse,3710.3,VERIFY_FIRST,,,False,2026-10-08T18:32:36.065012+00:00
AD002212,AC001710,T1,22,10th cross; 3rd,Ashoka Layout,960104,-1550.8,649.1,landmark,357.8,VISIT_WITH_HINT,Near Hanuman Temple (pin is a guess near this landmark),,False,2026-10-08T18:32:36.065012+00:00
AD002213,AC001711,T2,,gali 8,Ram Nagar,970203,2843.6,617.2,visits_agree,47.9,DIRECT_VISIT,Opposite Water Tank (about 160 m from pin),,False,2026-10-08T18:32:36.065012+00:00
AD002214,AC001712,T3,94,blockk; 3rd rd,Unity Nagar,980302,778.1,-3852.1,landmark,357.8,VISIT_WITH_HINT,Near Petrol Bunk (pin is a guess near this landmark),,False,2026-10-08T18:32:36.065012+00:00
AD002215,AC001713,T1,361,12th cross; 8th main,Gandhi Nagar,960102,667.3,-3157.9,baseline_coarse,3710.3,VERIFY_FIRST,,,True,2026-10-08T18:32:36.065012+00:00
AD002216,AC001714,T2,11,11 gali,Ram Nagar,970203,2823.6,124.9,baseline_street,162.1,VISIT_WITH_HINT,,,False,2026-10-08T18:32:36.065012+00:00
AD002217,AC001715,T1,,8th cross; 6th main,Basava Nagar,960101,-872.7,-3090.2,visits_agree,47.9,DIRECT_VISIT,,,True,2026-10-08T18:32:36.065012+00:00
AD002218,AC001716,T2,-6,,Azad Mohalla,970203,1032.5,2575.2,visit_1,77.4,DIRECT_VISIT,Near Govt School (about 130 m from pin),,False,2026-10-08T18:32:36.065012+00:00
AD002220,AC001717,T2,393,,Ambedkar Nagar,970204,-718.2,2965.1,visit_1,77.4,DIRECT_VISIT,,,False,2026-10-08T18:32:36.065012+00:00
AD002221,AC001718,T1,,10th cross; 7th main,Vidya Nagar,960103,2627.8,962.2,landmark,357.8,VISIT_WITH_HINT,Near Masjid (pin is a guess near this landmark),,False,2026-10-08T18:32:36.065012+00:00
AD002222,AC001719,T1,,1st main,,960104,783.6,-216.0,cross_account_inferred,75.0,DIRECT_VISIT,,,False,2026-10-08T18:32:36.065012+00:00
AD002223,AC001719,T1,,11th cross; 7th main,Kuvempu Layout,960102,1268.8,49.0,landmark,357.8,VISIT_WITH_HINT,Near Govt School (pin is a guess near this landmark),,False,2026-10-08T18:32:36.065012+00:00
AD002224,AC001720,T2,-9,,,970202,1643.9,-1857.5,visit_1,77.4,DIRECT_VISIT,,,True,2026-10-08T18:32:36.065012+00:00
AD002225,AC001720,T2,336,336 gali,Shastri Nagar,970201,-933.4,-616.7,visits_agree,47.9,DIRECT_VISIT,,,False,2026-10-08T18:32:36.065012+00:00
AD002226,AC001721,T2,475,gali 6,Ambedkar Nagar,970204,-664.3,2902.8,baseline_coarse,3710.3,VERIFY_FIRST,,,False,2026-10-08T18:32:36.065012+00:00
AD002227,AC001722,T3,102,1st road,HMT Colony,980301,-3730.4,-780.0,cross_account_inferred,75.0,DIRECT_VISIT,,,False,2026-10-08T18:32:36.065012+00:00
AD002228,AC001723,T3,352/3,b block; 4th road,Sunrise Enclave,980304,-720.2,2971.9,landmark,357.8,VISIT_WITH_HINT,Near Church (pin is a guess near this landmark),,False,2026-10-08T18:32:36.065012+00:00
AD002229,AC001724,T3,,,Railway Colony,980304,-2343.3,1313.3,visit_1,77.4,DIRECT_VISIT,Opposite Masjid (about 120 m from pin),Blue gate house,True,2026-10-08T18:32:36.065012+00:00
AD002230,AC001725,T3,263,,Palm Meadows,980302,3395.4,-1819.6,visits_agree,47.9,DIRECT_VISIT,Near Masjid (about 120 m from pin),,False,2026-10-08T18:32:36.065012+00:00
AD002231,AC001726,T1,249,12th cross; 6th main,Vidya Nagar,960103,2630.5,1450.1,visit_1,77.4,DIRECT_VISIT,,,False,2026-10-08T18:32:36.065012+00:00
AD002232,AC001726,T1,,8th cross; 8th main,Basava Nagar,960101,-680.3,-3144.9,baseline_street,162.1,VISIT_WITH_HINT,,,False,2026-10-08T18:32:36.065012+00:00
AD002233,AC001727,T3,137,4th road,Silver Oak Layout,980301,-2562.6,-528.6,visits_agree,47.9,DIRECT_VISIT,,,True,2026-10-08T18:32:36.065012+00:00
AD002234,AC001728,T3,,,Orchid Enclave,980301,-388.2,-3438.6,visits_disagree,387.8,VISIT_WITH_HINT,,,False,2026-10-08T18:32:36.065012+00:00
AD002235,AC001729,T2,,,Nehru Colony,,3288.7,1083.5,baseline_street,162.1,VISIT_WITH_HINT,,,False,2026-10-08T18:32:36.065012+00:00
AD002236,AC001730,T2,288,,Shastri Nagar,970201,-478.2,-453.3,baseline_coarse,3710.3,VERIFY_FIRST,,,False,2026-10-08T18:32:36.065012+00:00
AD002237,AC001731,T2,241,,,970202,1631.4,-2384.3,visit_1,77.4,DIRECT_VISIT,Opposite Medical Store (about 100 m from pin),,False,2026-10-08T18:32:36.065012+00:00
AD002238,AC001732,T1,4,,Vinayaka Nagar,960104,-3425.3,1304.2,landmark,357.8,VISIT_WITH_HINT,Near Masjid (pin is a guess near this landmark),,False,2026-10-08T18:32:36.065012+00:00
AD002239,AC001733,T1,,4th main,,960103,1894.6,1498.2,baseline_coarse,3710.3,VERIFY_FIRST,,,True,2026-10-08T18:32:36.065012+00:00
AD002240,AC001733,T1,292,,Gandhi Nagar,,1147.2,-3038.0,visit_1,77.4,DIRECT_VISIT,,,False,2026-10-08T18:32:36.065012+00:00
AD002241,AC001734,T1,,8th x; 8th main,Hosa Badavane,960101,-144.9,-1105.9,baseline_street,162.1,VISIT_WITH_HINT,,,False,2026-10-08T18:32:36.065012+00:00
AD002242,AC001735,T2,221,,,970202,-438.5,-465.6,baseline_coarse,3710.3,VERIFY_FIRST,,,False,2026-10-08T18:32:36.065012+00:00
AD002243,AC001735,T2,459,gali no. 10,Subhash Nagar,970201,-1872.5,-2486.2,landmark,357.8,VISIT_WITH_HINT,Near Ration Shop (pin is a guess near this landmark),,False,2026-10-08T18:32:36.065012+00:00
AD002244,AC001736,T2,222,,Shivaji Nagar,970202,1237.6,-1849.9,visits_disagree,387.8,VISIT_WITH_HINT,,,True,2026-10-08T18:32:36.065012+00:00
AD002245,AC001737,T1,370,10th cross; 3rd main,Nehru Colony,960102,2790.9,-1922.9,visits_agree,47.9,DIRECT_VISIT,,,False,2026-10-08T18:32:36.065012+00:00
AD002246,AC001738,T1,441,3rd cross; 2nd main,Nehru Colony,960102,2449.9,-2337.2,visits_agree,47.9,DIRECT_VISIT,,,False,2026-10-08T18:32:36.065012+00:00
AD002247,AC001739,T1,159,13th x,Siddeshwara Colony,960102,2667.2,-1768.6,visits_agree,47.9,DIRECT_VISIT,,,True,2026-10-08T18:32:36.065012+00:00
AD002248,AC001740,T3,477,,,,-238.8,-59.2,baseline_coarse,3710.3,VERIFY_FIRST,,,True,2026-10-08T18:32:36.065012+00:00
AD002249,AC001741,T3,363,1st rd,Royal Gardens,980303,603.8,1864.0,baseline_coarse,3710.3,VERIFY_FIRST,,,False,2026-10-08T18:32:36.065012+00:00
AD002250,AC001742,T1,180,,Shanthi Nagar,960101,-1857.7,-2547.8,landmark,357.8,VISIT_WITH_HINT,Opposite Ration Shop (pin is a guess near this landmark),,False,2026-10-08T18:32:36.065012+00:00
AD002251,AC001743,T3,456/2,a block; 2nd road,Green Park Layout,980301,-4170.2,-1068.4,visits_agree,47.9,DIRECT_VISIT,,,False,2026-10-08T18:32:36.065012+00:00
AD002252,AC001744,T3,,,Silver Oak Layout,980301,-2921.0,-596.2,visits_agree,47.9,DIRECT_VISIT,,,False,2026-10-08T18:32:36.065012+00:00
AD002253,AC001745,T3,329,,Silver Oak Layout,980301,-2321.2,-429.3,visits_agree,47.9,DIRECT_VISIT,,,True,2026-10-08T18:32:36.065012+00:00
AD002254,AC001746,T3,,f block; 6th road,HMT Colony,980301,-443.9,-296.8,visits_agree,47.9,DIRECT_VISIT,,,True,2026-10-08T18:32:36.065012+00:00
AD002255,AC001747,T2,-1,,Azad Mohalla,970203,754.7,2781.3,baseline_coarse,3710.3,VERIFY_FIRST,,,True,2026-10-08T18:32:36.065012+00:00
AD002256,AC001748,T1,90,8th cross,,960101,-2018.6,-2173.4,landmark,357.8,VISIT_WITH_HINT,Near Bus Stop (pin is a guess near this landmark),,True,2026-10-08T18:32:36.065012+00:00
AD002257,AC001748,T1,,,Anjaneya Badavane,960103,191.8,2753.6,visit_1,77.4,DIRECT_VISIT,,,True,2026-10-08T18:32:36.065012+00:00
AD002258,AC001749,T3,133,6th road,Teachers Colony,980302,1102.4,-945.3,baseline_street,162.1,VISIT_WITH_HINT,,,False,2026-10-08T18:32:36.065012+00:00
AD002259,AC001750,T3,108,d block; 7th road,Palm Meadows,,3410.9,-2029.6,baseline_coarse,3710.3,VERIFY_FIRST,,,False,2026-10-08T18:32:36.065012+00:00
AD002260,AC001751,T1,,3rd cross; 1st main,Siddeshwara Colony,960102,1604.3,-1239.8,visit_1,77.4,DIRECT_VISIT,,,False,2026-10-08T18:32:36.065012+00:00
AD002261,AC001752,T2,380/1,,Nehru Colony,970203,2678.3,244.1,visits_agree,47.9,DIRECT_VISIT,,,False,2026-10-08T18:32:36.065012+00:00
AD002262,AC001753,T2,,gali 1,Krishna Puri,970202,744.8,-3429.1,cross_account_inferred,75.0,DIRECT_VISIT,,,True,2026-10-08T18:32:36.065012+00:00
AD002263,AC001754,T2,1,gali no. 1,Patel Nagar,970202,1686.4,-2440.2,visit_1,77.4,DIRECT_VISIT,,,True,2026-10-08T18:32:36.065012+00:00
AD002264,AC001755,T2,391,gali 3,Azad Mohalla,,948.0,2160.9,visits_disagree,387.8,VISIT_WITH_HINT,,,False,2026-10-08T18:32:36.065012+00:00
AD002265,AC001756,T1,42/3,6th cross; 1st main,Basava Nagar,,356.0,-3098.1,visit_1,77.4,DIRECT_VISIT,,,False,2026-10-08T18:32:36.065012+00:00
AD002266,AC001756,T1,472,3rd cross; 7th main,Kalyana Nagar,960104,-1905.9,2508.4,baseline_coarse,3710.3,VERIFY_FIRST,,,False,2026-10-08T18:32:36.065012+00:00
AD002267,AC001757,T2,439,gali 8,Azad Mohalla,970203,1808.1,620.5,cross_account_inferred,75.0,DIRECT_VISIT,,,False,2026-10-08T18:32:36.065012+00:00
AD002269,AC001758,T1,124/2,,Kuvempu Layout,960102,1147.8,-53.4,baseline_coarse,3710.3,VERIFY_FIRST,,,False,2026-10-08T18:32:36.065012+00:00
AD002270,AC001759,T1,,8th cross; 3rd main,Gandhi Nagar,960102,581.6,-2919.4,visits_agree,47.9,DIRECT_VISIT,Near Bus Stop (about 70 m from pin),,False,2026-10-08T18:32:36.065012+00:00
AD002271,AC001760,T2,104,gali no. 1,Patel Nagar,970202,1262.7,-1454.1,cross_account_inferred,75.0,DIRECT_VISIT,,,False,2026-10-08T18:32:36.065012+00:00
AD002272,AC001761,T2,9,gali no. 9,Nehru Colony,970203,2665.0,509.0,landmark,357.8,VISIT_WITH_HINT,Near Bus Stop (pin is a guess near this landmark),,True,2026-10-08T18:32:36.065012+00:00
AD002273,AC001761,T2,11,gali no. 11,Krishna Puri,970202,2577.3,-1320.1,landmark,357.8,VISIT_WITH_HINT,Near Water Tank (pin is a guess near this landmark),,True,2026-10-08T18:32:36.065012+00:00
AD002274,AC001762,T2,88,88 gali,Shivaji Nagar,970202,637.8,-2832.5,baseline_street,162.1,VISIT_WITH_HINT,Near Medical Store (about 200 m from pin),,False,2026-10-08T18:32:36.065012+00:00
AD002275,AC001762,T2,9,gali no. 9,Azad Mohalla,970203,1097.3,2655.1,landmark,357.8,VISIT_WITH_HINT,Near Bus Stop (pin is a guess near this landmark),,False,2026-10-08T18:32:36.065012+00:00
AD002276,AC001763,T1,215/1,3rd cross; 6th main,Vinayaka Nagar,960104,-2947.5,1325.8,baseline_coarse,3710.3,VERIFY_FIRST,,,False,2026-10-08T18:32:36.065012+00:00
AD002277,AC001764,T2,,gali 5,Patel Nagar,970202,1924.7,-2094.1,visits_agree,47.9,DIRECT_VISIT,,,False,2026-10-08T18:32:36.065012+00:00
AD002278,AC001764,T2,293,,Gandhi Basti,970203,836.5,1382.5,baseline_coarse,3710.3,VERIFY_FIRST,,,True,2026-10-08T18:32:36.065012+00:00
AD002279,AC001765,T1,,3rd; 2nd main,Hosa Badavane,960101,-649.6,-1534.5,baseline_street,162.1,VISIT_WITH_HINT,,,False,2026-10-08T18:32:36.065012+00:00
AD002280,AC001765,T1,,10th cross,Gandhi Nagar,960102,677.7,-2777.8,landmark,357.8,VISIT_WITH_HINT,Near Ration Shop (pin is a guess near this landmark),,False,2026-10-08T18:32:36.065012+00:00
AD002281,AC001766,T1,,3rd cross,Vinayaka Nagar,960104,-2600.4,997.2,visits_agree,47.9,DIRECT_VISIT,,,False,2026-10-08T18:32:36.065012+00:00
AD002282,AC001767,T3,419,,HMT Colony,980301,-999.7,-557.3,baseline_coarse,3710.3,VERIFY_FIRST,,,False,2026-10-08T18:32:36.065012+00:00
AD002283,AC001767,T3,,3rd road,Orchid Enclave,980301,-1699.9,-1954.7,cross_account_inferred,75.0,DIRECT_VISIT,,,False,2026-10-08T18:32:36.065012+00:00
AD002284,AC001768,T2,98,gali no. 6,Indira Colony,970202,679.6,-22.7,visit_1,77.4,DIRECT_VISIT,,,False,2026-10-08T18:32:36.065012+00:00
AD002286,AC001769,T2,-3,,Ram Nagar,970203,2514.3,1849.5,baseline_coarse,3710.3,VERIFY_FIRST,,,True,2026-10-08T18:32:36.065012+00:00
AD002287,AC001770,T2,7,gali no. 7,Patel Nagar,970202,1656.5,-1998.2,visits_agree,47.9,DIRECT_VISIT,,,False,2026-10-08T18:32:36.065012+00:00
AD002288,AC001771,T1,329/3,,,960102,1629.6,-1241.3,baseline_coarse,3710.3,VERIFY_FIRST,,,False,2026-10-08T18:32:36.065012+00:00
AD002289,AC001772,T1,,7th cross; 3rd main,,960104,-1550.8,649.1,landmark,357.8,VISIT_WITH_HINT,Near Hanuman Temple (pin is a guess near this landmark),,False,2026-10-08T18:32:36.065012+00:00
AD002291,AC001773,T2,257/2,,Subhash Nagar,970201,-1732.7,-3234.4,baseline_street,162.1,VISIT_WITH_HINT,,,False,2026-10-08T18:32:36.065012+00:00
AD002292,AC001774,T3,416,f block; 3rd road,Green Park Layout,980301,-3455.1,-861.2,baseline_street,162.1,VISIT_WITH_HINT,,,False,2026-10-08T18:32:36.065012+00:00
AD002293,AC001774,T3,,,HMT Colony,980301,-786.4,-991.7,visit_1,77.4,DIRECT_VISIT,,,False,2026-10-08T18:32:36.065012+00:00
AD002294,AC001775,T2,10,gali no. 10,Patel Nagar,970202,1173.1,-1885.2,visits_agree,47.9,DIRECT_VISIT,,,False,2026-10-08T18:32:36.065012+00:00
AD002295,AC001776,T3,,,,980301,-1260.2,-1505.9,baseline_coarse,3710.3,VERIFY_FIRST,,,False,2026-10-08T18:32:36.065012+00:00
AD002296,AC001777,T3,372,,Palm Meadows,980302,3317.5,-1924.0,baseline_coarse,3710.3,VERIFY_FIRST,,,False,2026-10-08T18:32:36.065012+00:00
AD002297,AC001778,T1,,2nd cross,Siddeshwara Colony,960102,1982.8,-1241.6,landmark,357.8,VISIT_WITH_HINT,Near Hanuman Temple (pin is a guess near this landmark),,False,2026-10-08T18:32:36.065012+00:00
AD002298,AC001779,T3,128,,Palm Meadows,980302,2956.0,-2053.0,visit_1,77.4,DIRECT_VISIT,,,True,2026-10-08T18:32:36.065012+00:00
AD002299,AC001780,T2,,,Azad Mohalla,970203,941.2,2305.4,visits_agree,47.9,DIRECT_VISIT,,,False,2026-10-08T18:32:36.065012+00:00
AD002300,AC001781,T2,6,gali no. 6,Nehru Colony,970203,2997.2,497.5,baseline_coarse,3710.3,VERIFY_FIRST,,,False,2026-10-08T18:32:36.065012+00:00
AD002301,AC001782,T2,-3,,,970201,1282.7,-2128.4,baseline_coarse,3710.3,VERIFY_FIRST,,,False,2026-10-08T18:32:36.065012+00:00
AD002302,AC001783,T2,41,,Azad Mohalla,,1119.9,2528.2,visit_1,77.4,DIRECT_VISIT,Opposite Bus Stop (about 130 m from pin),,False,2026-10-08T18:32:36.065012+00:00
AD002303,AC001784,T1,218,3rd cross; 8th main,,960101,-1241.8,-2716.3,baseline_coarse,3710.3,VERIFY_FIRST,,,False,2026-10-08T18:32:36.065012+00:00
AD002304,AC001785,T1,419,2nd cross; 5th main,Nehru Colony,960102,2724.7,-2170.3,baseline_coarse,3710.3,VERIFY_FIRST,,,True,2026-10-08T18:32:36.065012+00:00
AD002305,AC001786,T1,,9th cross; 2nd main,Vidya Nagar,960103,2198.1,936.3,visit_1,77.4,DIRECT_VISIT,,,False,2026-10-08T18:32:36.065012+00:00
AD002306,AC001787,T1,82,9th cross; 4th main,Nehru Colony,960102,2791.9,-2003.3,visits_agree,47.9,DIRECT_VISIT,,,False,2026-10-08T18:32:36.065012+00:00
AD002307,AC001788,T1,54,3rd; 2nd main,Nehru Colony,960102,2479.7,-2359.1,visits_agree,47.9,DIRECT_VISIT,,,False,2026-10-08T18:32:36.065012+00:00
AD002308,AC001789,T1,,,Nehru Colony,960102,2931.5,-2465.2,visits_disagree,387.8,VISIT_WITH_HINT,Near Hanuman Temple (about 130 m from pin),,False,2026-10-08T18:32:36.065012+00:00
AD002309,AC001790,T3,146,e block; 2nd road,,980303,2335.0,-780.8,visit_1,77.4,DIRECT_VISIT,,,True,2026-10-08T18:32:36.065012+00:00
AD002310,AC001791,T1,80/1,4th main,Vidya Nagar,960103,2295.8,713.3,landmark,357.8,VISIT_WITH_HINT,Near Post Office (pin is a guess near this landmark),,False,2026-10-08T18:32:36.065012+00:00
AD002311,AC001792,T3,,,,980303,3065.5,-1761.0,baseline_coarse,3710.3,VERIFY_FIRST,,,True,2026-10-08T18:32:36.065012+00:00
AD002312,AC001793,T2,425,gali 3,Indira Colony,970202,1063.8,-332.3,landmark,357.8,VISIT_WITH_HINT,Near Park (pin is a guess near this landmark),,False,2026-10-08T18:32:36.065012+00:00
AD002314,AC001794,T1,474,6th cross; 4th main,Basava Nagar,960101,-870.5,-2963.3,baseline_coarse,3710.3,VERIFY_FIRST,,,False,2026-10-08T18:32:36.065012+00:00
AD002315,AC001794,T1,30,,Anjaneya Badavane,960103,303.0,2703.0,landmark,357.8,VISIT_WITH_HINT,Near Church (pin is a guess near this landmark),,True,2026-10-08T18:32:36.065012+00:00
AD002316,AC001795,T1,377,,Siddeshwara Colony,,1902.2,-954.2,baseline_coarse,3710.3,VERIFY_FIRST,,,False,2026-10-08T18:32:36.065012+00:00
AD002317,AC001796,T1,134/1,12th cross; 4th main,Shanthi Nagar,960101,-2383.7,-2020.9,visits_agree,47.9,DIRECT_VISIT,,,False,2026-10-08T18:32:36.065012+00:00
AD002318,AC001797,T2,187,gali no. 1,Tilak Nagar,970204,-73.6,894.1,baseline_street,162.1,VISIT_WITH_HINT,,,False,2026-10-08T18:32:36.065012+00:00
AD002319,AC001798,T1,404,11th cross; 4th main,Nehru Colony,960102,2834.0,-2145.4,baseline_coarse,3710.3,VERIFY_FIRST,,,False,2026-10-08T18:32:36.065012+00:00
AD002321,AC001799,T3,257,2nd rd,Palm Meadows,980302,1041.3,-699.4,cross_account_inferred,75.0,DIRECT_VISIT,,,True,2026-10-08T18:32:36.065012+00:00
AD002322,AC001800,T2,331/3,,Azad Mohalla,970203,1097.3,2655.1,landmark,357.8,VISIT_WITH_HINT,Near Bus Stop (pin is a guess near this landmark),,False,2026-10-08T18:32:36.065012+00:00
AD002323,AC001801,T2,-2,,,970204,-347.1,1800.6,baseline_coarse,3710.3,VERIFY_FIRST,,,True,2026-10-08T18:32:36.065012+00:00
AD002324,AC001801,T2,286/1,gali 11,Subhash Nagar,,-1698.8,-2329.8,landmark,357.8,VISIT_WITH_HINT,Opposite Masjid (pin is a guess near this landmark),,False,2026-10-08T18:32:36.065012+00:00
AD002325,AC001802,T2,259,gali no5,Nehru Colony,970203,2975.9,428.7,baseline_coarse,3710.3,VERIFY_FIRST,,,False,2026-10-08T18:32:36.065012+00:00
AD002327,AC001803,T2,161,gali 1,,970203,1425.0,1283.9,baseline_coarse,3710.3,VERIFY_FIRST,,,True,2026-10-08T18:32:36.065012+00:00
AD002328,AC001804,T3,304,2nd road,Orchid Enclave,980301,-136.4,-3781.7,landmark,357.8,VISIT_WITH_HINT,Near Ganesh Temple (pin is a guess near this landmark),,False,2026-10-08T18:32:36.065012+00:00
AD002330,AC001805,T2,,gali 5,Patel Nagar,970202,1268.9,-2044.0,landmark,357.8,VISIT_WITH_HINT,Near Milk Dairy (pin is a guess near this landmark),,False,2026-10-08T18:32:36.065012+00:00
AD002332,AC001806,T1,83,10th cross,,960102,3121.3,-2076.5,visits_agree,47.9,DIRECT_VISIT,,,True,2026-10-08T18:32:36.065012+00:00
AD002333,AC001807,T3,246,,Silver Oak Layout,980301,-2270.4,-520.2,visits_agree,47.9,DIRECT_VISIT,Near Post Office (about 30 m from pin),,True,2026-10-08T18:32:36.065012+00:00
AD002334,AC001808,T3,135,,Railway Colony,980304,-2757.4,1697.9,visit_1,77.4,DIRECT_VISIT,Behind Milk Dairy (about 140 m from pin),,False,2026-10-08T18:32:36.065012+00:00
AD002335,AC001809,T3,435,d block; 5th road,Palm Meadows,980302,3162.3,-2245.3,baseline_coarse,3710.3,VERIFY_FIRST,,,False,2026-10-08T18:32:36.065012+00:00
AD002336,AC001810,T3,394,6th road,Lakeview Phase 2,980303,3926.9,760.4,visit_1,77.4,DIRECT_VISIT,,,False,2026-10-08T18:32:36.065012+00:00
AD002337,AC001811,T2,262,gali no. 3,,970202,1972.0,1560.0,baseline_street,162.1,VISIT_WITH_HINT,,,False,2026-10-08T18:32:36.065012+00:00
AD002339,AC001812,T2,414,,Azad Mohalla,970203,1102.2,2984.7,visits_agree,47.9,DIRECT_VISIT,,,True,2026-10-08T18:32:36.065012+00:00
AD002340,AC001812,T2,273,gali no. 8,Ram Nagar,970203,2964.1,730.1,cross_account_inferred,75.0,DIRECT_VISIT,,,False,2026-10-08T18:32:36.065012+00:00
AD002341,AC001813,T2,-3,,,970204,-755.7,2722.2,visits_disagree,387.8,VISIT_WITH_HINT,,,True,2026-10-08T18:32:36.065012+00:00
AD002342,AC001814,T2,,,Ram Nagar,970203,2072.1,2097.3,landmark,357.8,VISIT_WITH_HINT,Near Govt School (pin is a guess near this landmark),,False,2026-10-08T18:32:36.065012+00:00
AD002343,AC001815,T3,,c block; 3rd road,,980304,-286.4,2831.5,cross_account_inferred,75.0,DIRECT_VISIT,,,False,2026-10-08T18:32:36.065012+00:00
AD002344,AC001816,T2,88,gali 10,Ram Nagar,970203,783.0,3086.7,cross_account_inferred,75.0,DIRECT_VISIT,,,False,2026-10-08T18:32:36.065012+00:00
AD002345,AC001817,T2,296/2,gali 11,,970202,1782.9,-1212.7,cross_account_inferred,75.0,DIRECT_VISIT,,,False,2026-10-08T18:32:36.065012+00:00
AD002346,AC001818,T3,391/1,d block; 3rd road,Teachers Colony,980302,603.1,-747.9,landmark,357.8,VISIT_WITH_HINT,Near Bus Stop (pin is a guess near this landmark),,False,2026-10-08T18:32:36.065012+00:00
AD002347,AC001818,T3,277,c block; 1st road,Orchid Enclave,980301,-136.4,-3781.7,landmark,357.8,VISIT_WITH_HINT,Near Ganesh Temple (pin is a guess near this landmark),,False,2026-10-08T18:32:36.065012+00:00
AD002348,AC001819,T1,,10th cross; 8th main,Gandhi Nagar,960102,1058.3,-2743.0,baseline_street,162.1,VISIT_WITH_HINT,,,False,2026-10-08T18:32:36.065012+00:00
AD002349,AC001820,T2,,gali 3,Shastri Nagar,970201,-565.3,-847.2,baseline_street,162.1,VISIT_WITH_HINT,Near Masjid (about 110 m from pin),,False,2026-10-08T18:32:36.065012+00:00
AD002350,AC001821,T3,,d block; 2nd road,Green Park Layout,980301,-3867.6,-917.6,baseline_coarse,3710.3,VERIFY_FIRST,,,False,2026-10-08T18:32:36.065012+00:00
AD002351,AC001821,T3,366,,Palm Meadows,980302,3433.8,-1644.8,landmark,357.8,VISIT_WITH_HINT,Near Ganesh Temple (pin is a guess near this landmark),,False,2026-10-08T18:32:36.065012+00:00
AD002352,AC001822,T1,,1st main,Anjaneya Badavane,960103,-46.1,2664.5,visit_1,77.4,DIRECT_VISIT,,,False,2026-10-08T18:32:36.065012+00:00
AD002353,AC001823,T1,,1st x; 8th main,Ashoka Layout,960104,-661.1,221.1,visits_agree,47.9,DIRECT_VISIT,,,True,2026-10-08T18:32:36.065012+00:00
AD002354,AC001824,T1,95,,Vinayaka Nagar,960104,-2799.4,893.5,landmark,357.8,VISIT_WITH_HINT,Near Post Office (pin is a guess near this landmark),,False,2026-10-08T18:32:36.065012+00:00
AD002355,AC001825,T1,239,8th cross; 8th main,Nehru Colony,960102,3049.4,-2157.6,landmark,357.8,VISIT_WITH_HINT,Near Ration Shop (pin is a guess near this landmark),,False,2026-10-08T18:32:36.065012+00:00
AD002356,AC001825,T1,77,,,960104,-2191.2,975.9,baseline_coarse,3710.3,VERIFY_FIRST,,,False,2026-10-08T18:32:36.065012+00:00
AD002357,AC001826,T2,,gali 11,Indira Colony,970202,1031.3,309.6,visits_agree,47.9,DIRECT_VISIT,,Blue gate house,False,2026-10-08T18:32:36.065012+00:00
AD002358,AC001827,T3,,,,980303,2274.6,1095.5,baseline_coarse,3710.3,VERIFY_FIRST,,,False,2026-10-08T18:32:36.065012+00:00
AD002359,AC001828,T2,4773,gali 12,Patel Nagar,970202,1820.4,-1218.9,cross_account_inferred,75.0,DIRECT_VISIT,,,True,2026-10-08T18:32:36.065012+00:00
AD002360,AC001829,T2,410,gali no. 12,Ambedkar Nagar,970204,-541.5,2979.8,baseline_coarse,3710.3,VERIFY_FIRST,,,False,2026-10-08T18:32:36.065012+00:00
AD002361,AC001829,T2,7,gali no. 7,Shivaji Nagar,970202,331.0,-3084.2,landmark,357.8,VISIT_WITH_HINT,Near Ganesh Temple (pin is a guess near this landmark),,False,2026-10-08T18:32:36.065012+00:00
AD002362,AC001830,T1,393,,Nehru Colony,960102,2514.1,-2119.6,visits_agree,47.9,DIRECT_VISIT,,,False,2026-10-08T18:32:36.065012+00:00
AD002363,AC001831,T3,351,f block; 3rd road,,980303,3934.9,720.8,cross_account_inferred,75.0,DIRECT_VISIT,,,False,2026-10-08T18:32:36.065012+00:00
AD002364,AC001832,T2,297/3,gali 9,Ram Nagar,970203,2471.8,2057.0,landmark,357.8,VISIT_WITH_HINT,Near Medical Store (pin is a guess near this landmark),,False,2026-10-08T18:32:36.065012+00:00
AD002365,AC001833,T3,,e block; 4th rd,Teachers Colony,980302,938.1,-632.6,baseline_street,162.1,VISIT_WITH_HINT,,,False,2026-10-08T18:32:36.065012+00:00
AD002366,AC001833,T3,,,Unity Nagar,980302,1344.7,-3566.1,baseline_coarse,3710.3,VERIFY_FIRST,,,False,2026-10-08T18:32:36.065012+00:00
AD002367,AC001834,T1,456/2,3rd cross; 1st main,Vidya Nagar,960103,2107.0,762.7,visits_agree,47.9,DIRECT_VISIT,Opposite Park (about 30 m from pin),,False,2026-10-08T18:32:36.065012+00:00
AD002368,AC001835,T3,342/3,,Teachers Colony,980302,1251.7,-476.9,baseline_street,162.1,VISIT_WITH_HINT,,,False,2026-10-08T18:32:36.065012+00:00
AD002369,AC001836,T2,256,gali no. 9,,970202,1478.7,-14.1,cross_account_inferred,75.0,DIRECT_VISIT,,,False,2026-10-08T18:32:36.065012+00:00
AD002370,AC001837,T3,240,,Railway Colony,980304,-2124.1,1805.2,baseline_street,162.1,VISIT_WITH_HINT,,,False,2026-10-08T18:32:36.065012+00:00
AD002371,AC001838,T2,446,446 gali,,970201,835.1,-129.4,baseline_coarse,3710.3,VERIFY_FIRST,,,False,2026-10-08T18:32:36.065012+00:00
AD002372,AC001839,T3,,,Palm Meadows,980302,2890.7,-1617.2,visit_1,77.4,DIRECT_VISIT,,,False,2026-10-08T18:32:36.065012+00:00
AD002373,AC001840,T2,,,Ram Nagar,970203,-1385.6,-2547.2,baseline_street,162.1,VISIT_WITH_HINT,,,False,2026-10-08T18:32:36.065012+00:00
AD002374,AC001841,T1,79,12th cross; 6th main,Vidya Nagar,960103,2678.6,1602.1,baseline_street,162.1,VISIT_WITH_HINT,,,False,2026-10-08T18:32:36.065012+00:00
AD002375,AC001842,T3,155,,Unity Nagar,980302,1394.6,-3569.6,baseline_street,162.1,VISIT_WITH_HINT,,,False,2026-10-08T18:32:36.065012+00:00
AD002376,AC001843,T1,,,Ashoka Layout,960104,-1122.4,327.5,landmark,357.8,VISIT_WITH_HINT,Near Ganesh Temple (pin is a guess near this landmark),,False,2026-10-08T18:32:36.065012+00:00
AD002377,AC001844,T3,gar,3rd rd,Unity Nagar,980302,1157.3,-3636.6,landmark,357.8,VISIT_WITH_HINT,Near Water Tank (pin is a guess near this landmark),,False,2026-10-08T18:32:36.065012+00:00
AD002378,AC001845,T1,,4th cross; 4th main,Vinayaka Nagar,960104,-2839.6,995.5,visit_1,77.4,DIRECT_VISIT,Behind Post Office (about 110 m from pin),,False,2026-10-08T18:32:36.065012+00:00
AD002380,AC001846,T3,,,Palm Meadows,980302,3060.7,-2420.3,visits_agree,47.9,DIRECT_VISIT,,,True,2026-10-08T18:32:36.065012+00:00
AD002381,AC001847,T2,,gali 2,Indira Colony,,891.3,-339.7,baseline_street,162.1,VISIT_WITH_HINT,Near Park (about 170 m from pin),,False,2026-10-08T18:32:36.065012+00:00
AD002382,AC001848,T2,,,Indira Colony,970202,1241.3,-275.5,baseline_street,162.1,VISIT_WITH_HINT,,,False,2026-10-08T18:32:36.065012+00:00
AD002383,AC001849,T3,214,,,980302,-399.6,-3606.8,baseline_coarse,3710.3,VERIFY_FIRST,,,False,2026-10-08T18:32:36.065012+00:00
AD002384,AC001850,T2,191,191 gali,Shastri Nagar,970201,-517.2,-739.0,baseline_coarse,3710.3,VERIFY_FIRST,,,False,2026-10-08T18:32:36.065012+00:00
AD002385,AC001851,T2,,gali 6,Shastri Nagar,970201,-465.0,-534.0,cross_account_inferred,75.0,DIRECT_VISIT,,,False,2026-10-08T18:32:36.065012+00:00
AD002387,AC001852,T2,12,12 gali,Subhash Nagar,970201,-1646.6,-2357.3,visit_1,77.4,DIRECT_VISIT,Near Masjid (about 60 m from pin),,False,2026-10-08T18:32:36.065012+00:00
AD002388,AC001852,T2,9,gali no. 9,,970202,1493.7,-14.1,cross_account_inferred,75.0,DIRECT_VISIT,,,False,2026-10-08T18:32:36.065012+00:00
AD002389,AC001853,T2,,gali 14,,970204,42.5,2414.6,baseline_coarse,3710.3,VERIFY_FIRST,,,False,2026-10-08T18:32:36.065012+00:00
AD002391,AC001854,T3,18,,Sunrise Enclave,980304,-37.5,3542.0,landmark,357.8,VISIT_WITH_HINT,Near Hanuman Temple (pin is a guess near this landmark),,False,2026-10-08T18:32:36.065012+00:00
AD002392,AC001855,T1,,6th x; 3rd,Vidya Nagar,960103,2162.7,1118.7,baseline_coarse,3710.3,VERIFY_FIRST,,,False,2026-10-08T18:32:36.065012+00:00
AD002393,AC001856,T1,413,9th cross,Gandhi Nagar,960102,363.2,-3069.7,visits_disagree,387.8,VISIT_WITH_HINT,,,False,2026-10-08T18:32:36.065012+00:00
AD002394,AC001856,T1,93/2,3rd; 2nd main,Kalyana Nagar,960104,-2026.3,2547.9,landmark,357.8,VISIT_WITH_HINT,Near Ganesh Temple (pin is a guess near this landmark),,False,2026-10-08T18:32:36.065012+00:00
AD002395,AC001857,T3,19/1,,HMT Colony,,-3747.7,-786.6,visit_1,77.4,DIRECT_VISIT,,,False,2026-10-08T18:32:36.065012+00:00
AD002396,AC001858,T2,,,Krishna Puri,,2769.0,-1241.2,baseline_coarse,3710.3,VERIFY_FIRST,,,False,2026-10-08T18:32:36.065012+00:00
AD002397,AC001859,T3,56,,Green Park Layout,980301,-4072.0,-1017.3,landmark,357.8,VISIT_WITH_HINT,Near Water Tank (pin is a guess near this landmark),,True,2026-10-08T18:32:36.065012+00:00
AD002398,AC001859,T3,377,,Teachers Colony,980302,669.1,-915.2,visit_1,77.4,DIRECT_VISIT,Opposite Govt School (about 140 m from pin),,False,2026-10-08T18:32:36.065012+00:00
AD002399,AC001860,T3,,e block,Unity Nagar,980302,1167.8,-3506.3,baseline_street,162.1,VISIT_WITH_HINT,,,False,2026-10-08T18:32:36.065012+00:00
AD002400,AC001861,T3,,c block; 1st road,,980301,-2541.2,1706.8,baseline_coarse,3710.3,VERIFY_FIRST,,,True,2026-10-08T18:32:36.065012+00:00
AD002401,AC001862,T2,,gali 1,Shivaji Nagar,970202,612.3,-3466.4,visits_agree,47.9,DIRECT_VISIT,Near Bus Stop (about 180 m from pin),,True,2026-10-08T18:32:36.065012+00:00
AD002402,AC001863,T3,69,,,980301,-276.8,-3851.7,visits_agree,47.9,DIRECT_VISIT,Behind Ganesh Temple (about 160 m from pin),,True,2026-10-08T18:32:36.065012+00:00
AD002403,AC001864,T1,92,3rd main,Vidya Nagar,960103,2332.5,921.3,visit_1,77.4,DIRECT_VISIT,Near Govt School (about 160 m from pin),,False,2026-10-08T18:32:36.065012+00:00
AD002404,AC001865,T1,,6th main,Nehru Colony,960102,2907.0,-2465.7,cross_account_inferred,75.0,DIRECT_VISIT,,,True,2026-10-08T18:32:36.065012+00:00
AD002405,AC001866,T3,,2nd road,HMT Colony,980301,-957.2,-951.0,baseline_street,162.1,VISIT_WITH_HINT,,,False,2026-10-08T18:32:36.065012+00:00
AD002407,AC001867,T3,,,Lakeview Phase 2,980303,3748.5,474.4,baseline_coarse,3710.3,VERIFY_FIRST,,,False,2026-10-08T18:32:36.065012+00:00
AD002408,AC001868,T1,,5th cross; 3rd,Ashoka Layout,960104,-1224.0,26.9,baseline_street,162.1,VISIT_WITH_HINT,,,False,2026-10-08T18:32:36.065012+00:00
AD002410,AC001869,T3,410,1st road,Teachers Colony,980302,1325.8,-1116.6,cross_account_inferred,75.0,DIRECT_VISIT,,,False,2026-10-08T18:32:36.065012+00:00
AD002411,AC001869,T3,437,,Teachers Colony,980302,1196.7,-1234.8,visit_1,77.4,DIRECT_VISIT,,,True,2026-10-08T18:32:36.065012+00:00
AD002412,AC001870,T3,36/2,,Silver Oak Layout,980301,-2671.0,-140.2,visits_disagree,387.8,VISIT_WITH_HINT,Near Govt School (about 170 m from pin),,True,2026-10-08T18:32:36.065012+00:00
AD002413,AC001871,T1,103,,Nehru Colony,960102,2966.4,-1910.8,visits_agree,47.9,DIRECT_VISIT,,,False,2026-10-08T18:32:36.065012+00:00
AD002414,AC001872,T1,399,4th main,Nehru Colony,960102,2907.6,-1791.0,visits_agree,47.9,DIRECT_VISIT,,,True,2026-10-08T18:32:36.065012+00:00
AD002415,AC001873,T3,,,Silver Oak Layout,980301,-2685.0,-53.1,visits_disagree,387.8,VISIT_WITH_HINT,Near Govt School (about 180 m from pin),,False,2026-10-08T18:32:36.065012+00:00
AD002416,AC001873,T3,359/1,4th road,Orchid Enclave,980301,-2517.6,-528.6,cross_account_inferred,75.0,DIRECT_VISIT,,,False,2026-10-08T18:32:36.065012+00:00
AD002417,AC001874,T1,354,3rd cross; 4th main,Hosa Badavane,960101,-288.4,-1601.5,landmark,357.8,VISIT_WITH_HINT,Near Medical Store (pin is a guess near this landmark),,False,2026-10-08T18:32:36.065012+00:00
AD002418,AC001874,T1,268,1st cross; 6th main,,960102,963.1,-3421.1,cross_account_inferred,75.0,DIRECT_VISIT,,,False,2026-10-08T18:32:36.065012+00:00
AD002419,AC001875,T1,453,5th cross; 5th main,,960104,2769.9,-2321.9,visits_agree,47.9,DIRECT_VISIT,Behind Hanuman Temple (about 100 m from pin),,False,2026-10-08T18:32:36.065012+00:00
AD002421,AC001876,T2,306,,,970203,508.0,-2950.9,baseline_coarse,3710.3,VERIFY_FIRST,,,False,2026-10-08T18:32:36.065012+00:00
AD002422,AC001877,T3,,4th rd,Unity Nagar,980302,644.8,-3711.4,landmark,357.8,VISIT_WITH_HINT,Near Ration Shop (pin is a guess near this landmark),,False,2026-10-08T18:32:36.065012+00:00
AD002423,AC001878,T3,,a block; 4th road,Railway Colony,980304,-2769.4,1380.4,visit_1,77.4,DIRECT_VISIT,,,False,2026-10-08T18:32:36.065012+00:00
AD002424,AC001879,T3,,e block; 4th rd,Orchid Enclave,980301,-516.5,-3322.6,visit_1,77.4,DIRECT_VISIT,,,False,2026-10-08T18:32:36.065012+00:00
AD002425,AC001880,T3,154/1,,Green Park Layout,980301,-3787.3,-505.2,baseline_street,162.1,VISIT_WITH_HINT,Near Community Hall (about 150 m from pin),,False,2026-10-08T18:32:36.065012+00:00
AD002427,AC001881,T3,86,,Orchid Enclave,980301,-309.2,-3515.3,baseline_coarse,3710.3,VERIFY_FIRST,,,False,2026-10-08T18:32:36.065012+00:00
AD002428,AC001882,T2,358,,Indira Colony,970202,1193.3,-221.1,landmark,357.8,VISIT_WITH_HINT,Near Bus Stop (pin is a guess near this landmark),,False,2026-10-08T18:32:36.065012+00:00
AD002429,AC001883,T1,,3rd,,960101,-1137.4,-3087.3,cross_account_inferred,75.0,DIRECT_VISIT,,,False,2026-10-08T18:32:36.065012+00:00
AD002430,AC001883,T1,45,8th cross,Nehru Colony,960102,2808.9,-1919.1,baseline_street,162.1,VISIT_WITH_HINT,,,False,2026-10-08T18:32:36.065012+00:00
AD002431,AC001884,T2,,,Krishna Puri,970202,2853.8,-1207.7,visit_1,77.4,DIRECT_VISIT,,,False,2026-10-08T18:32:36.065012+00:00
AD002432,AC001884,T2,-3,,Azad Mohalla,970203,797.1,2497.7,baseline_street,162.1,VISIT_WITH_HINT,,,False,2026-10-08T18:32:36.065012+00:00
AD002433,AC001885,T2,,gali 12,Shivaji Nagar,970202,647.5,-2633.2,landmark,357.8,VISIT_WITH_HINT,Near Medical Store (pin is a guess near this landmark),,False,2026-10-08T18:32:36.065012+00:00
AD002434,AC001886,T1,441,5th cross; 4th main,Vinayaka Nagar,960104,-2750.1,1316.1,baseline_coarse,3710.3,VERIFY_FIRST,,,False,2026-10-08T18:32:36.065012+00:00
AD002435,AC001886,T1,,2nd cross; 7th main,Siddeshwara Colony,960102,1982.8,-1241.6,landmark,357.8,VISIT_WITH_HINT,Near Hanuman Temple (pin is a guess near this landmark),,False,2026-10-08T18:32:36.065012+00:00
AD002436,AC001887,T2,6,gali no. 6,Azad Mohalla,970203,574.4,2932.1,baseline_street,162.1,VISIT_WITH_HINT,,,False,2026-10-08T18:32:36.065012+00:00
AD002437,AC001887,T2,6,gali no. 6,Patel Nagar,970202,1440.8,-1984.6,landmark,357.8,VISIT_WITH_HINT,Near Church (pin is a guess near this landmark),,False,2026-10-08T18:32:36.065012+00:00
AD002438,AC001888,T1,,,Vidya Nagar,960103,2843.8,757.1,landmark,357.8,VISIT_WITH_HINT,Opposite Ration Shop (pin is a guess near this landmark),,False,2026-10-08T18:32:36.065012+00:00
AD002439,AC001889,T1,256,,Vidya Nagar,960103,2843.8,757.1,landmark,357.8,VISIT_WITH_HINT,Behind Ration Shop (pin is a guess near this landmark),,False,2026-10-08T18:32:36.065012+00:00
AD002440,AC001890,T2,249,gali no. 11,Krishna Puri,970202,1130.7,-1807.7,visits_agree,47.9,DIRECT_VISIT,Near Ration Shop (about 100 m from pin),,True,2026-10-08T18:32:36.065012+00:00
AD002441,AC001890,T2,320/2,gali 6,Shastri Nagar,970201,-465.0,-534.0,visit_1,77.4,DIRECT_VISIT,,,False,2026-10-08T18:32:36.065012+00:00
AD002442,AC001891,T1,292,3rd cross; 3rd main,Vinayaka Nagar,960104,-2687.3,1245.5,baseline_coarse,3710.3,VERIFY_FIRST,,,False,2026-10-08T18:32:36.065012+00:00
AD002444,AC001892,T1,350,,Vinayaka Nagar,960104,-3083.2,1414.7,landmark,357.8,VISIT_WITH_HINT,Opposite Community Hall (pin is a guess near this landmark),,True,2026-10-08T18:32:36.065012+00:00
AD002445,AC001893,T3,,f block; 3rd rd,Teachers Colony,980302,926.9,-812.3,baseline_coarse,3710.3,VERIFY_FIRST,,,True,2026-10-08T18:32:36.065012+00:00
AD002447,AC001894,T3,,,Teachers Colony,980302,699.4,-912.4,baseline_coarse,3710.3,VERIFY_FIRST,,,False,2026-10-08T18:32:36.065012+00:00
AD002448,AC001894,T3,266,2nd road,Lakeview Phase 2,980303,-3748.3,-772.2,visit_1,77.4,DIRECT_VISIT,,,False,2026-10-08T18:32:36.065012+00:00
AD002449,AC001895,T2,256,,Ram Nagar,970203,2083.6,1623.1,landmark,357.8,VISIT_WITH_HINT,Near Community Hall (pin is a guess near this landmark),,False,2026-10-08T18:32:36.065012+00:00
AD002450,AC001895,T2,222,222 gali,Indira Colony,,1124.4,-231.7,baseline_street,162.1,VISIT_WITH_HINT,Near Park (about 120 m from pin),,False,2026-10-08T18:32:36.065012+00:00
AD002451,AC001896,T1,269,12th cross; 4th main,Ashoka Layout,960104,-1298.8,259.0,baseline_coarse,3710.3,VERIFY_FIRST,,,False,2026-10-08T18:32:36.065012+00:00
AD002452,AC001896,T1,,3rd cross; 1st main,Basava Nagar,960101,-751.8,-1700.8,cross_account_inferred,75.0,DIRECT_VISIT,,,False,2026-10-08T18:32:36.065012+00:00
AD002453,AC001897,T2,350,,Patel Nagar,970202,1373.7,-1855.5,visit_1,77.4,DIRECT_VISIT,,,False,2026-10-08T18:32:36.065012+00:00
AD002454,AC001898,T3,,,Railway Colony,980304,-2201.3,1392.4,landmark,357.8,VISIT_WITH_HINT,Near Community Hall (pin is a guess near this landmark),,False,2026-10-08T18:32:36.065012+00:00
AD002456,AC001899,T1,,3rd cross; 7th main,Siddeshwara Colony,960102,2355.2,-1204.1,baseline_street,162.1,VISIT_WITH_HINT,,,False,2026-10-08T18:32:36.065012+00:00
AD002457,AC001900,T1,,10th cross; 2nd main,,960101,2446.7,-1848.0,visits_disagree,387.8,VISIT_WITH_HINT,,,True,2026-10-08T18:32:36.065012+00:00
AD002458,AC001901,T2,4,gali no. 4,Shivaji Nagar,970202,1805.9,-2198.5,cross_account_inferred,75.0,DIRECT_VISIT,,,True,2026-10-08T18:32:36.065012+00:00
AD002459,AC001902,T2,167,gali 5,Patel Nagar,970202,1662.0,-2149.6,visits_agree,47.9,DIRECT_VISIT,,,True,2026-10-08T18:32:36.065012+00:00
AD002461,AC001903,T1,,3rd cross; 2nd main,,960102,2481.5,-2348.5,visit_1,77.4,DIRECT_VISIT,Near Masjid (about 160 m from pin),,True,2026-10-08T18:32:36.065012+00:00
AD002462,AC001904,T1,,,Nehru Colony,960102,2463.1,-2441.7,visit_1,77.4,DIRECT_VISIT,Near Masjid (about 150 m from pin),,True,2026-10-08T18:32:36.065012+00:00
AD002463,AC001905,T2,1,gali no. 1,Shivaji Nagar,970202,708.4,-3319.2,landmark,357.8,VISIT_WITH_HINT,Near Bus Stop (pin is a guess near this landmark),,False,2026-10-08T18:32:36.065012+00:00
AD002464,AC001906,T2,,gali 2,,970202,1606.0,-2314.7,cross_account_inferred,75.0,DIRECT_VISIT,,,False,2026-10-08T18:32:36.065012+00:00
AD002465,AC001906,T2,443,,,970203,2086.3,2116.8,baseline_coarse,3710.3,VERIFY_FIRST,,,False,2026-10-08T18:32:36.065012+00:00
AD002466,AC001907,T2,-5,,Patel Nagar,970202,1858.4,-2104.3,visits_disagree,387.8,VISIT_WITH_HINT,,,False,2026-10-08T18:32:36.065012+00:00
AD002467,AC001908,T3,,,Palm Meadows,980302,2972.7,-2040.1,visit_1,77.4,DIRECT_VISIT,,,False,2026-10-08T18:32:36.065012+00:00
AD002468,AC001909,T1,,11th cross; 3rd main,Vinayaka Nagar,960104,-3045.8,1450.9,visits_disagree,387.8,VISIT_WITH_HINT,,,False,2026-10-08T18:32:36.065012+00:00
AD002469,AC001910,T3,224/3,4th rd,Sunrise Enclave,980304,-402.8,3230.6,landmark,357.8,VISIT_WITH_HINT,Near Water Tank (pin is a guess near this landmark),,False,2026-10-08T18:32:36.065012+00:00
AD002470,AC001911,T2,,gali 3,Krishna Puri,970202,2661.9,-1811.1,landmark,357.8,VISIT_WITH_HINT,Near Ration Shop (pin is a guess near this landmark),,False,2026-10-08T18:32:36.065012+00:00
AD002471,AC001912,T3,91,,Palm Meadows,980302,3421.4,-2361.2,visits_agree,47.9,DIRECT_VISIT,,,True,2026-10-08T18:32:36.065012+00:00
AD002472,AC001913,T3,,f block; 4th road,Green Park Layout,980301,-3355.4,-1017.5,baseline_street,162.1,VISIT_WITH_HINT,,,False,2026-10-08T18:32:36.065012+00:00
AD002473,AC001914,T2,,407 gali,Patel Nagar,970202,1673.9,-2049.5,baseline_coarse,3710.3,VERIFY_FIRST,,,False,2026-10-08T18:32:36.065012+00:00
AD002474,AC001915,T2,11,gali no. 11,Nehru Colony,,2801.5,837.3,visit_1,77.4,DIRECT_VISIT,Opposite Water Tank (about 80 m from pin),,False,2026-10-08T18:32:36.065012+00:00
AD002475,AC001916,T2,209/3,,,970201,1053.7,1235.7,baseline_coarse,3710.3,VERIFY_FIRST,,,False,2026-10-08T18:32:36.065012+00:00
AD002476,AC001916,T2,5,381 gali,Gandhi Basti,970203,1388.1,1115.9,landmark,357.8,VISIT_WITH_HINT,Near Bus Stop (pin is a guess near this landmark),,False,2026-10-08T18:32:36.065012+00:00
AD002477,AC001917,T3,,,Railway Colony,980304,-2418.0,1582.2,baseline_coarse,3710.3,VERIFY_FIRST,,,False,2026-10-08T18:32:36.065012+00:00
AD002478,AC001917,T3,66,,HMT Colony,980301,-877.9,-530.2,baseline_street,162.1,VISIT_WITH_HINT,Near Post Office (about 130 m from pin),,False,2026-10-08T18:32:36.065012+00:00
AD002479,AC001918,T1,,7th cross; 5th main,Nehru Colony,960102,2791.9,-2113.9,landmark,357.8,VISIT_WITH_HINT,Near Medical Store (pin is a guess near this landmark),,False,2026-10-08T18:32:36.065012+00:00
AD002480,AC001919,T2,183,gali no. 6,Patel Nagar,970202,1658.7,-2070.5,visit_1,77.4,DIRECT_VISIT,,,False,2026-10-08T18:32:36.065012+00:00
AD002481,AC001920,T3,220,,Teachers Colony,980302,-3750.1,-779.9,visit_1,77.4,DIRECT_VISIT,,,False,2026-10-08T18:32:36.065012+00:00
AD002482,AC001920,T3,,,,,5.2,-306.6,baseline_coarse,3710.3,VERIFY_FIRST,,,True,2026-10-08T18:32:36.065012+00:00
AD002483,AC001921,T2,,,Shivaji Nagar,970202,797.0,-2790.7,visits_disagree,387.8,VISIT_WITH_HINT,Behind Community Hall (about 50 m from pin),,False,2026-10-08T18:32:36.065012+00:00
AD002484,AC001922,T1,384,9th cross; 3rd main,Nehru Colony,960102,2869.9,-2197.6,baseline_coarse,3710.3,VERIFY_FIRST,,,False,2026-10-08T18:32:36.065012+00:00
AD002485,AC001923,T3,,,,980301,2311.4,-794.4,visits_disagree,387.8,VISIT_WITH_HINT,,,True,2026-10-08T18:32:36.065012+00:00
AD002486,AC001924,T3,18,,Palm Meadows,,3395.3,-1949.4,baseline_coarse,3710.3,VERIFY_FIRST,,,False,2026-10-08T18:32:36.065012+00:00
AD002487,AC001925,T2,9,gali no. 9,Azad Mohalla,970203,1170.8,2770.1,visit_1,77.4,DIRECT_VISIT,,,False,2026-10-08T18:32:36.065012+00:00
AD002488,AC001925,T2,1744,gali 2,Indira Colony,970202,1003.6,-353.0,visits_agree,47.9,DIRECT_VISIT,,,False,2026-10-08T18:32:36.065012+00:00
AD002489,AC001926,T2,,gali 8,Shastri Nagar,970201,-344.6,-385.0,visits_disagree,387.8,VISIT_WITH_HINT,Near Milk Dairy (about 120 m from pin),,True,2026-10-08T18:32:36.065012+00:00
AD002490,AC001927,T1,,,Hosa Badavane,960101,-844.9,-1411.8,visits_agree,47.9,DIRECT_VISIT,,,False,2026-10-08T18:32:36.065012+00:00
AD002491,AC001927,T1,,11th cross; 1st main,Anjaneya Badavane,960103,-113.2,2612.6,baseline_street,162.1,VISIT_WITH_HINT,,,False,2026-10-08T18:32:36.065012+00:00
AD002492,AC001928,T2,,,Shastri Nagar,,-1041.1,-304.5,visit_1,77.4,DIRECT_VISIT,,,False,2026-10-08T18:32:36.065012+00:00
AD002493,AC001929,T3,64,,Silver Oak Layout,,-2505.6,-92.4,landmark,357.8,VISIT_WITH_HINT,Near Govt School (pin is a guess near this landmark),,False,2026-10-08T18:32:36.065012+00:00
AD002494,AC001930,T1,,11th cross; 3rd main,Hosa Badavane,960101,-717.4,-1125.2,visits_agree,47.9,DIRECT_VISIT,,,False,2026-10-08T18:32:36.065012+00:00
AD002495,AC001931,T1,,3rd main,,960101,-1911.2,-2128.2,baseline_coarse,3710.3,VERIFY_FIRST,,,False,2026-10-08T18:32:36.065012+00:00
AD002496,AC001931,T1,479/2,5th main,Basava Nagar,,-1114.9,-3404.5,landmark,357.8,VISIT_WITH_HINT,Near Govt School (pin is a guess near this landmark),,False,2026-10-08T18:32:36.065012+00:00
AD002497,AC001932,T3,,,HMT Colony,980301,-791.9,-718.7,landmark,357.8,VISIT_WITH_HINT,Near Milk Dairy (pin is a guess near this landmark),,False,2026-10-08T18:32:36.065012+00:00
AD002498,AC001932,T3,263,5th road,,980304,1205.6,-3827.8,baseline_coarse,3710.3,VERIFY_FIRST,,,False,2026-10-08T18:32:36.065012+00:00
AD002499,AC001933,T2,440,,Azad Mohalla,970203,852.2,2777.1,visits_agree,47.9,DIRECT_VISIT,Near Govt School (about 200 m from pin),,False,2026-10-08T18:32:36.065012+00:00
AD002500,AC001934,T3,34,,Royal Gardens,980303,1024.9,1623.8,baseline_street,162.1,VISIT_WITH_HINT,,,False,2026-10-08T18:32:36.065012+00:00
AD002501,AC001935,T2,349,,Azad Mohalla,970203,632.7,3037.8,visit_1,77.4,DIRECT_VISIT,,,False,2026-10-08T18:32:36.065012+00:00
AD002502,AC001936,T1,,1st cross; 6th main,Gandhi Nagar,960102,923.1,-3421.1,visit_1,77.4,DIRECT_VISIT,,,False,2026-10-08T18:32:36.065012+00:00
AD002504,AC001937,T3,,c block,Railway Colony,980340,-2283.6,1299.8,visits_agree,47.9,DIRECT_VISIT,Near Community Hall (about 120 m from pin),,True,2026-10-08T18:32:36.065012+00:00
AD002505,AC001938,T1,70/2,2nd cross,Nehru Colony,960102,2942.8,-2655.8,visit_1,77.4,DIRECT_VISIT,,,False,2026-10-08T18:32:36.065012+00:00
AD002506,AC001939,T3,,,Teachers Colony,980302,868.1,-869.3,visit_1,77.4,DIRECT_VISIT,,,True,2026-10-08T18:32:36.065012+00:00
AD002508,AC001940,T1,,8th cross; 3rd main,Hosa Badavane,960101,271.0,2306.3,baseline_coarse,3710.3,VERIFY_FIRST,,,False,2026-10-08T18:32:36.065012+00:00
AD002509,AC001941,T3,461,,Silver Oak Layout,980301,-2424.8,-620.5,visits_agree,47.9,DIRECT_VISIT,Near Masjid (about 90 m from pin),,True,2026-10-08T18:32:36.065012+00:00
AD002510,AC001942,T1,,11th cross; 6th main,Kalyana Nagar,960104,-2781.5,1580.8,visit_1,77.4,DIRECT_VISIT,,,True,2026-10-08T18:32:36.065012+00:00
AD002511,AC001943,T3,201,d block; 5th road,,980302,1950.8,-2070.4,baseline_coarse,3710.3,VERIFY_FIRST,,,False,2026-10-08T18:32:36.065012+00:00
AD002512,AC001943,T3,153,,Lakeview Phase 2,980303,3742.2,532.5,baseline_coarse,3710.3,VERIFY_FIRST,,,False,2026-10-08T18:32:36.065012+00:00
AD002513,AC001944,T3,,,HMT Colony,980301,-762.6,-387.1,visits_agree,47.9,DIRECT_VISIT,,,True,2026-10-08T18:32:36.065012+00:00
AD002514,AC001945,T1,,3rd cross; 4th main,,960102,747.6,-3290.5,visits_disagree,387.8,VISIT_WITH_HINT,,,False,2026-10-08T18:32:36.065012+00:00
AD002515,AC001945,T1,,,Siddeshwara Colony,960102,1805.0,-710.3,visits_agree,47.9,DIRECT_VISIT,,,False,2026-10-08T18:32:36.065012+00:00
AD002516,AC001946,T2,5,gali no. 5,Azad Mohalla,970203,492.6,2650.8,landmark,357.8,VISIT_WITH_HINT,Near Community Hall (pin is a guess near this landmark),,False,2026-10-08T18:32:36.065012+00:00
AD002517,AC001946,T2,49,,Gandhi Basti,970203,984.3,1423.0,baseline_coarse,3710.3,VERIFY_FIRST,,,False,2026-10-08T18:32:36.065012+00:00
AD002518,AC001947,T3,147,b block; 6th road,Orchid Enclave,980301,-279.3,-3229.4,baseline_coarse,3710.3,VERIFY_FIRST,,,True,2026-10-08T18:32:36.065012+00:00
AD002519,AC001947,T3,9,,Sunrise Enclave,980304,-245.6,2878.9,visit_1,77.4,DIRECT_VISIT,,,False,2026-10-08T18:32:36.065012+00:00
AD002520,AC001948,T3,,,Teachers Colony,980302,622.9,-860.8,visits_agree,47.9,DIRECT_VISIT,,,False,2026-10-08T18:32:36.065012+00:00
AD002521,AC001949,T2,469,,Patel Nagar,970202,1578.8,-2387.7,visits_agree,47.9,DIRECT_VISIT,,,False,2026-10-08T18:32:36.065012+00:00
AD002522,AC001950,T3,344,f block; 4th rd,Silver Oak Layout,980301,-2323.0,-92.2,visit_1,77.4,DIRECT_VISIT,Near Govt School (about 180 m from pin),,True,2026-10-08T18:32:36.065012+00:00
AD002523,AC001951,T3,,,Palm Meadows,980302,3101.5,-2232.5,baseline_coarse,3710.3,VERIFY_FIRST,,,False,2026-10-08T18:32:36.065012+00:00
AD002524,AC001952,T3,,d block; 3rd rd,Royal Gardens,980303,626.7,1703.2,baseline_coarse,3710.3,VERIFY_FIRST,,,False,2026-10-08T18:32:36.065012+00:00
AD002525,AC001953,T2,,,Azad Mohalla,970203,1084.4,3001.3,visit_1,77.4,DIRECT_VISIT,,,False,2026-10-08T18:32:36.065012+00:00
AD002526,AC001954,T2,,gali 6,Patel Nagar,970202,1399.6,-2118.9,visits_agree,47.9,DIRECT_VISIT,Near Milk Dairy (about 150 m from pin),,False,2026-10-08T18:32:36.065012+00:00
AD002527,AC001954,T2,,,Azad Mohalla,970203,943.4,2702.4,baseline_coarse,3710.3,VERIFY_FIRST,,,False,2026-10-08T18:32:36.065012+00:00
AD002528,AC001955,T3,9,a block; 2nd rd,Silver Oak Layout,,-3004.8,-622.0,visit_1,77.4,DIRECT_VISIT,,,False,2026-10-08T18:32:36.065012+00:00
AD002529,AC001956,T3,338,,,980303,2028.4,933.3,baseline_coarse,3710.3,VERIFY_FIRST,,,True,2026-10-08T18:32:36.065012+00:00
AD002530,AC001957,T1,188,6th cross,,960102,2880.4,-2281.7,visits_agree,47.9,DIRECT_VISIT,Opposite Hanuman Temple (about 70 m from pin),,True,2026-10-08T18:32:36.065012+00:00
AD002531,AC001958,T2,262,gali no. 9,,970202,1458.7,-14.1,cross_account_inferred,75.0,DIRECT_VISIT,,,True,2026-10-08T18:32:36.065012+00:00
AD002532,AC001959,T3,392,,Railway Colony,980304,-2593.4,1742.7,visits_disagree,387.8,VISIT_WITH_HINT,,,False,2026-10-08T18:32:36.065012+00:00
AD002533,AC001960,T2,-7,,Azad Mohalla,970203,923.2,2845.6,baseline_street,162.1,VISIT_WITH_HINT,,,True,2026-10-08T18:32:36.065012+00:00
AD002534,AC001960,T2,43,gali no. 5,Indira Colony,970202,1029.3,-72.9,cross_account_inferred,75.0,DIRECT_VISIT,,,False,2026-10-08T18:32:36.065012+00:00
AD002535,AC001961,T2,141,,Nehru Colony,970203,2992.5,986.7,visits_agree,47.9,DIRECT_VISIT,,,True,2026-10-08T18:32:36.065012+00:00
AD002536,AC001962,T1,159/2,3rd cross; 8th main,,960104,2843.3,705.2,baseline_street,162.1,VISIT_WITH_HINT,Opposite Ration Shop (about 50 m from pin),,False,2026-10-08T18:32:36.065012+00:00
AD002537,AC001963,T1,,5th main,,960102,792.6,-2618.4,cross_account_inferred,75.0,DIRECT_VISIT,,,True,2026-10-08T18:32:36.065012+00:00
AD002539,AC001964,T1,,,Vinayaka Nagar,960104,-2488.6,1258.9,visit_1,77.4,DIRECT_VISIT,,,True,2026-10-08T18:32:36.065012+00:00
AD002540,AC001965,T2,,,Krishna Puri,970202,2478.6,-1586.0,visits_disagree,387.8,VISIT_WITH_HINT,,,True,2026-10-08T18:32:36.065012+00:00
AD002541,AC001966,T2,178,178 gali,Indira Colony,970202,1285.0,155.3,visits_disagree,387.8,VISIT_WITH_HINT,Near Hanuman Temple (about 140 m from pin),,False,2026-10-08T18:32:36.065012+00:00
AD002542,AC001967,T3,,a block; 5th road,Palm Meadows,980302,3051.1,-2317.6,landmark,357.8,VISIT_WITH_HINT,Near Milk Dairy (pin is a guess near this landmark),,True,2026-10-08T18:32:36.065012+00:00
AD002543,AC001968,T1,,7th cross; 3rd,Hosa Badavane,960101,-672.6,-1185.8,baseline_coarse,3710.3,VERIFY_FIRST,,,False,2026-10-08T18:32:36.065012+00:00
AD002544,AC001969,T1,47,,Gandhi Nagar,960102,676.9,-2751.3,visits_disagree,387.8,VISIT_WITH_HINT,Opposite Ration Shop (about 30 m from pin),,False,2026-10-08T18:32:36.065012+00:00
AD002545,AC001969,T1,,7th cross; 8th main,,960104,-2557.1,1436.8,visit_1,77.4,DIRECT_VISIT,,,True,2026-10-08T18:32:36.065012+00:00
AD002546,AC001970,T3,241,,Silver Oak Layout,980301,-2314.0,-426.0,visits_agree,47.9,DIRECT_VISIT,Opposite Post Office (about 70 m from pin),,True,2026-10-08T18:32:36.065012+00:00
AD002547,AC001970,T3,442,b block; 2nd road,Royal Gardens,980303,325.7,1309.9,visit_1,77.4,DIRECT_VISIT,,,False,2026-10-08T18:32:36.065012+00:00
AD002548,AC001971,T1,,8th cross; 4th main,Gandhi Nagar,960102,731.2,-2922.2,visit_1,77.4,DIRECT_VISIT,,,False,2026-10-08T18:32:36.065012+00:00
AD002549,AC001972,T3,162,a block; 1st road,Teachers Colony,980302,731.9,-1039.8,landmark,357.8,VISIT_WITH_HINT,Near Govt School (pin is a guess near this landmark),,False,2026-10-08T18:32:36.065012+00:00
AD002550,AC001973,T2,,,Nehru Colony,970203,2896.8,563.3,visit_1,77.4,DIRECT_VISIT,,,False,2026-10-08T18:32:36.065012+00:00
AD002551,AC001974,T3,55,,,980303,3448.2,531.6,visits_disagree,387.8,VISIT_WITH_HINT,,,True,2026-10-08T18:32:36.065012+00:00
AD002552,AC001975,T3,,,,980304,-2215.6,1334.3,visits_agree,47.9,DIRECT_VISIT,Near Masjid (about 190 m from pin),,False,2026-10-08T18:32:36.065012+00:00
AD002553,AC001976,T3,179,,Palm Meadows,980302,3202.3,-2117.0,baseline_coarse,3710.3,VERIFY_FIRST,,,False,2026-10-08T18:32:36.065012+00:00
AD002555,AC001977,T2,13,13 gali,,970201,2271.6,-1213.4,visits_agree,47.9,DIRECT_VISIT,,,False,2026-10-08T18:32:36.065012+00:00
AD002556,AC001978,T1,,2nd cross; 1st main,Hosa Badavane,960101,-548.4,-1445.6,landmark,357.8,VISIT_WITH_HINT,Near Park (pin is a guess near this landmark),,False,2026-10-08T18:32:36.065012+00:00
AD002557,AC001979,T3,,,Unity Nagar,,1448.4,-3612.2,landmark,357.8,VISIT_WITH_HINT,Near Medical Store (pin is a guess near this landmark),,False,2026-10-08T18:32:36.065012+00:00
AD002558,AC001980,T1,438/1,4th cross; 3rd main,Siddeshwara Colony,960102,2115.5,-547.2,cross_account_inferred,75.0,DIRECT_VISIT,,,False,2026-10-08T18:32:36.065012+00:00
AD002559,AC001980,T1,,8th cross; 2nd main,Kalyana Nagar,960104,-1827.1,2485.6,baseline_coarse,3710.3,VERIFY_FIRST,,,False,2026-10-08T18:32:36.065012+00:00
AD002560,AC001981,T2,2118,,Nehru Colony,970203,3212.9,712.1,visit_1,77.4,DIRECT_VISIT,,,False,2026-10-08T18:32:36.065012+00:00
AD002561,AC001982,T2,11,gali no. 11,Tilak Nagar,970204,-508.0,1565.4,baseline_street,162.1,VISIT_WITH_HINT,Near Petrol Bunk (about 150 m from pin),,False,2026-10-08T18:32:36.065012+00:00
AD002562,AC001983,T3,66,,Teachers Colony,,1266.2,-1062.2,visits_disagree,387.8,VISIT_WITH_HINT,,,True,2026-10-08T18:32:36.065012+00:00
AD002563,AC001984,T3,104,,Orchid Enclave,980301,-224.8,-3537.3,baseline_street,162.1,VISIT_WITH_HINT,,,False,2026-10-08T18:32:36.065012+00:00
AD002564,AC001985,T3,128,b block; 6th road,Sunrise Enclave,980304,-452.7,2884.4,visits_disagree,387.8,VISIT_WITH_HINT,,,True,2026-10-08T18:32:36.065012+00:00
AD002565,AC001986,T1,220,12th cross; 5th main,Vidya Nagar,960103,2639.4,1394.4,baseline_street,162.1,VISIT_WITH_HINT,,,False,2026-10-08T18:32:36.065012+00:00
AD002566,AC001987,T3,85,e block; 4th road,Silver Oak Layout,980301,-2629.7,-100.3,visits_agree,47.9,DIRECT_VISIT,,,False,2026-10-08T18:32:36.065012+00:00
AD002567,AC001988,T3,7,,,980302,-757.6,-506.3,baseline_coarse,3710.3,VERIFY_FIRST,,,True,2026-10-08T18:32:36.065012+00:00
AD002568,AC001989,T2,,gali 3,Ram Nagar,970203,3176.1,345.7,visits_agree,47.9,DIRECT_VISIT,,,True,2026-10-08T18:32:36.065012+00:00
AD002569,AC001990,T1,278,6th main,Anjaneya Badavane,960103,562.7,2959.4,visit_1,77.4,DIRECT_VISIT,,,False,2026-10-08T18:32:36.065012+00:00
AD002570,AC001991,T2,184,184 gali,Ram Nagar,970203,2314.5,1671.1,baseline_coarse,3710.3,VERIFY_FIRST,,,False,2026-10-08T18:32:36.065012+00:00
AD002571,AC001992,T1,263,6th cross; 5th main,Shanthi Nagar,960101,-2132.8,-2396.2,visit_1,77.4,DIRECT_VISIT,,,False,2026-10-08T18:32:36.065012+00:00
AD002572,AC001993,T2,6,gali no. 6,Gandhi Basti,970203,1240.7,1472.2,landmark,357.8,VISIT_WITH_HINT,Near Medical Store (pin is a guess near this landmark),,True,2026-10-08T18:32:36.065012+00:00
AD002573,AC001994,T1,80,5th cross; 5th main,Vinayaka Nagar,960104,2769.9,-2321.9,cross_account_inferred,75.0,DIRECT_VISIT,,,False,2026-10-08T18:32:36.065012+00:00
AD002574,AC001995,T2,420,gali no. 4,Patel Nagar,970202,1801.2,-2200.0,visits_agree,47.9,DIRECT_VISIT,Near Medical Store (about 160 m from pin),,True,2026-10-08T18:32:36.065012+00:00
AD002575,AC001996,T2,7,gali no. 7,Krishna Puri,970202,2577.3,-1320.1,landmark,357.8,VISIT_WITH_HINT,Near Water Tank (pin is a guess near this landmark),,False,2026-10-08T18:32:36.065012+00:00
AD002576,AC001997,T2,243,,Patel Nagar,970202,1446.4,-2346.3,visits_agree,47.9,DIRECT_VISIT,,,True,2026-10-08T18:32:36.065012+00:00
AD002577,AC001998,T3,389,,Sunrise Enclave,980304,-402.8,3230.6,landmark,357.8,VISIT_WITH_HINT,Near Water Tank (pin is a guess near this landmark),,False,2026-10-08T18:32:36.065012+00:00
AD002578,AC001998,T3,178,,Railway Colony,980304,-2378.1,1427.1,landmark,357.8,VISIT_WITH_HINT,Near Masjid (pin is a guess near this landmark),,False,2026-10-08T18:32:36.065012+00:00
AD002579,AC001999,T1,77,,Shanthi Nagar,,-2003.6,-2588.5,visits_agree,47.9,DIRECT_VISIT,,,True,2026-10-08T18:32:36.065012+00:00
AD002580,AC002000,T2,79,gali no. 3,Subhash Nagar,970201,-1562.1,-2731.0,baseline_coarse,3710.3,VERIFY_FIRST,,,False,2026-10-08T18:32:36.065012+00:00
AD002581,AC002001,T3,55,e block; 4th rd,Sunrise Enclave,980304,-472.3,3397.3,baseline_coarse,3710.3,VERIFY_FIRST,,,False,2026-10-08T18:32:36.065012+00:00
AD002582,AC002001,T3,130,,Railway Colony,980304,-2364.7,1690.3,visit_1,77.4,DIRECT_VISIT,,,False,2026-10-08T18:32:36.065012+00:00
AD002583,AC002002,T2,438/3,gali 5,Nehru Colony,,3436.2,573.5,visits_agree,47.9,DIRECT_VISIT,,,True,2026-10-08T18:32:36.065012+00:00
AD002584,AC002002,T2,,,Ram Nagar,970203,1445.9,2074.3,baseline_coarse,3710.3,VERIFY_FIRST,,,False,2026-10-08T18:32:36.065012+00:00
AD002585,AC002003,T2,2,gali no. 2,Ram Nagar,970203,2453.4,1323.8,baseline_street,162.1,VISIT_WITH_HINT,Behind Ration Shop (about 190 m from pin),,False,2026-10-08T18:32:36.065012+00:00
AD002586,AC002004,T3,,,,980303,949.6,-740.0,baseline_coarse,3710.3,VERIFY_FIRST,,,False,2026-10-08T18:32:36.065012+00:00
AD002587,AC002004,T3,,b block; 4th road,Palm Meadows,980302,3237.3,-1897.0,baseline_coarse,3710.3,VERIFY_FIRST,,,False,2026-10-08T18:32:36.065012+00:00
AD002588,AC002005,T2,-3,,Shivaji Nagar,970202,650.8,-3295.9,visit_1,77.4,DIRECT_VISIT,Opposite Bus Stop (about 60 m from pin),,False,2026-10-08T18:32:36.065012+00:00
AD002590,AC002006,T3,188,,Silver Oak Layout,980301,-2540.5,-373.6,baseline_coarse,3710.3,VERIFY_FIRST,,,True,2026-10-08T18:32:36.065012+00:00
AD002591,AC002006,T3,,,Sunrise Enclave,980304,-946.0,2804.1,baseline_street,162.1,VISIT_WITH_HINT,,,False,2026-10-08T18:32:36.065012+00:00
AD002592,AC002007,T3,379,c block; 3rd road,Lakeview Phase 2,980303,3851.8,152.7,baseline_coarse,3710.3,VERIFY_FIRST,,,False,2026-10-08T18:32:36.065012+00:00
AD002593,AC002008,T1,147,,Vidya Nagar,960103,2344.2,1223.8,visits_agree,47.9,DIRECT_VISIT,,,True,2026-10-08T18:32:36.065012+00:00
AD002594,AC002009,T3,,,Defence Colony,980301,-1102.5,-1913.9,baseline_coarse,3710.3,VERIFY_FIRST,,,False,2026-10-08T18:32:36.065012+00:00
AD002595,AC002010,T2,398,,,970203,-478.1,-544.6,baseline_coarse,3710.3,VERIFY_FIRST,,,False,2026-10-08T18:32:36.065012+00:00
AD002596,AC002011,T3,191,a block; 2nd rd,Sunrise Enclave,980304,-789.3,2806.9,visit_1,77.4,DIRECT_VISIT,Opposite Ration Shop (about 110 m from pin),,True,2026-10-08T18:32:36.065012+00:00
AD002598,AC002012,T2,,gali 8,Patel Nagar,970202,1268.9,-2044.0,landmark,357.8,VISIT_WITH_HINT,Behind Milk Dairy (pin is a guess near this landmark),,False,2026-10-08T18:32:36.065012+00:00
AD002599,AC002013,T3,25,4th road,Teachers Colony,980302,731.9,-1039.8,landmark,357.8,VISIT_WITH_HINT,Near Govt School (pin is a guess near this landmark),,False,2026-10-08T18:32:36.065012+00:00
AD002600,AC002013,T3,26,,Silver Oak Layout,980301,-2847.1,-569.9,landmark,357.8,VISIT_WITH_HINT,Opposite Bus Stop (pin is a guess near this landmark),,False,2026-10-08T18:32:36.065012+00:00
AD002601,AC002014,T2,,,Indira Colony,970202,1172.7,-79.9,baseline_coarse,3710.3,VERIFY_FIRST,,,False,2026-10-08T18:32:36.065012+00:00
AD002602,AC002015,T2,72,gali 1,Shastri Nagar,970201,-919.9,-745.9,baseline_street,162.1,VISIT_WITH_HINT,,,False,2026-10-08T18:32:36.065012+00:00
AD002603,AC002016,T3,,,,980303,3721.9,118.8,visits_agree,47.9,DIRECT_VISIT,,,True,2026-10-08T18:32:36.065012+00:00
AD002605,AC002017,T3,,,Green Park Layout,980301,-3554.4,-943.4,baseline_coarse,3710.3,VERIFY_FIRST,,,False,2026-10-08T18:32:36.065012+00:00
AD002606,AC002018,T1,329,6th cross; 5th main,Kuvempu Layout,960102,1661.3,-547.4,cross_account_inferred,75.0,DIRECT_VISIT,,,False,2026-10-08T18:32:36.065012+00:00
AD002607,AC002019,T1,,,,960104,-1916.0,1020.5,baseline_coarse,3710.3,VERIFY_FIRST,,,True,2026-10-08T18:32:36.065012+00:00
AD002608,AC002019,T1,446,,,960104,-493.4,-1259.8,baseline_coarse,3710.3,VERIFY_FIRST,,,True,2026-10-08T18:32:36.065012+00:00
AD002609,AC002020,T3,238,,,980302,1100.3,-494.5,visits_agree,47.9,DIRECT_VISIT,,,True,2026-10-08T18:32:36.065012+00:00
AD002610,AC002020,T3,237/1,,,980303,3399.1,-2220.0,baseline_street,162.1,VISIT_WITH_HINT,Near Park (about 170 m from pin),,True,2026-10-08T18:32:36.065012+00:00
AD002611,AC002021,T2,231,,,970204,126.5,1694.7,landmark,357.8,VISIT_WITH_HINT,Near Water Tank (pin is a guess near this landmark),,False,2026-10-08T18:32:36.065012+00:00
AD002612,AC002022,T1,196,7th cross,Basava Nagar,960101,-1082.4,-3038.7,baseline_coarse,3710.3,VERIFY_FIRST,,,False,2026-10-08T18:32:36.065012+00:00
AD002613,AC002023,T2,1,gali no. 1,Shivaji Nagar,970202,727.8,-3428.2,visit_1,77.4,DIRECT_VISIT,,,False,2026-10-08T18:32:36.065012+00:00
AD002614,AC002024,T3,,d block; 4th road,Teachers Colony,980302,663.2,-819.1,visits_agree,47.9,DIRECT_VISIT,Near Bus Stop (about 90 m from pin),,True,2026-10-08T18:32:36.065012+00:00
AD002615,AC002025,T3,,e block; 3rd road,Unity Nagar,980302,1157.3,-3636.6,landmark,357.8,VISIT_WITH_HINT,Near Water Tank (pin is a guess near this landmark),,False,2026-10-08T18:32:36.065012+00:00
AD002616,AC002026,T1,441,5th cross; 5th main,Hosa Badavane,960101,-563.2,-1389.8,landmark,357.8,VISIT_WITH_HINT,Opposite Church (pin is a guess near this landmark),,False,2026-10-08T18:32:36.065012+00:00
AD002617,AC002027,T3,,,Railway Colony,980304,-2175.6,1173.5,visit_1,77.4,DIRECT_VISIT,,,True,2026-10-08T18:32:36.065012+00:00
AD002618,AC002028,T2,-9,380 gali,Krishna Puri,970202,2906.2,-1243.7,visit_1,77.4,DIRECT_VISIT,,,False,2026-10-08T18:32:36.065012+00:00
AD002619,AC002029,T2,46,,Gandhi Basti,970203,1031.9,1274.6,baseline_coarse,3710.3,VERIFY_FIRST,,,False,2026-10-08T18:32:36.065012+00:00
AD002620,AC002030,T3,,c block; 5th rd,,980302,-705.3,-705.6,baseline_coarse,3710.3,VERIFY_FIRST,,,False,2026-10-08T18:32:36.065012+00:00
AD002621,AC002031,T1,217,5th cross; 5th main,Gandhi Nagar,960102,1069.2,-1693.4,cross_account_inferred,75.0,DIRECT_VISIT,,,False,2026-10-08T18:32:36.065012+00:00
AD002622,AC002032,T2,-5,,Shastri Nagar,,-651.2,-773.0,landmark,357.8,VISIT_WITH_HINT,Near Masjid (pin is a guess near this landmark),,False,2026-10-08T18:32:36.065012+00:00
AD002623,AC002033,T1,,12th cross; 4th main,,960102,2907.9,-1794.7,visits_agree,47.9,DIRECT_VISIT,,,True,2026-10-08T18:32:36.065012+00:00
AD002624,AC002034,T1,241,1st cross,Gandhi Nagar,960102,524.4,-3473.8,visits_disagree,387.8,VISIT_WITH_HINT,,,True,2026-10-08T18:32:36.065012+00:00
AD002626,AC002035,T2,107,,Nehru Colony,970203,3131.9,455.5,visits_agree,47.9,DIRECT_VISIT,,,False,2026-10-08T18:32:36.065012+00:00
AD002627,AC002036,T3,170,3rd rd,,,395.1,-103.4,baseline_coarse,3710.3,VERIFY_FIRST,,,False,2026-10-08T18:32:36.065012+00:00
AD002628,AC002037,T2,191,,Shivaji Nagar,970202,729.5,-2968.7,baseline_coarse,3710.3,VERIFY_FIRST,,,False,2026-10-08T18:32:36.065012+00:00
AD002629,AC002038,T3,214/1,,Unity Nagar,980302,877.2,-3615.8,landmark,357.8,VISIT_WITH_HINT,Near Hanuman Temple (pin is a guess near this landmark),,False,2026-10-08T18:32:36.065012+00:00
AD002631,AC002039,T1,318,7th cross; 1st main,Gandhi Nagar,960102,425.3,-3107.3,baseline_street,162.1,VISIT_WITH_HINT,Near Water Tank (about 90 m from pin),,False,2026-10-08T18:32:36.065012+00:00
AD002632,AC002040,T3,,,Teachers Colony,980302,723.4,-1185.3,visits_agree,47.9,DIRECT_VISIT,,,True,2026-10-08T18:32:36.065012+00:00
AD002633,AC002041,T2,8,gali no. 8,Nehru Colony,970203,3179.3,730.1,visits_agree,47.9,DIRECT_VISIT,,,False,2026-10-08T18:32:36.065012+00:00
AD002634,AC002041,T2,3,gali no. 3,Shivaji Nagar,970202,285.3,-3383.3,visit_1,77.4,DIRECT_VISIT,,,True,2026-10-08T18:32:36.065012+00:00
AD002635,AC002042,T3,136,,Palm Meadows,,3240.6,-2179.1,visits_disagree,387.8,VISIT_WITH_HINT,,,True,2026-10-08T18:32:36.065012+00:00
AD002636,AC002042,T3,87,e block; 3rd road,Railway Colony,980304,-2397.3,1687.6,visit_1,77.4,DIRECT_VISIT,Near Bus Stop (about 120 m from pin),,False,2026-10-08T18:32:36.065012+00:00
AD002637,AC002043,T1,,5th cross; 4th main,Basava Nagar,960101,-1092.5,-3242.0,visits_disagree,387.8,VISIT_WITH_HINT,,,False,2026-10-08T18:32:36.065012+00:00
AD002638,AC002044,T2,2,gali no. 2,Krishna Puri,970202,2460.1,-1195.4,baseline_coarse,3710.3,VERIFY_FIRST,,,False,2026-10-08T18:32:36.065012+00:00
AD002639,AC002044,T2,,gali 11,Azad Mohalla,970203,1828.8,1776.0,cross_account_inferred,75.0,DIRECT_VISIT,,,False,2026-10-08T18:32:36.065012+00:00
AD002640,AC002045,T1,,8th cross; 3rd main,Gandhi Nagar,960102,566.8,-2961.3,baseline_street,162.1,VISIT_WITH_HINT,Opposite Bus Stop (about 30 m from pin),,False,2026-10-08T18:32:36.065012+00:00
AD002641,AC002046,T1,,2nd cross; 4th main,Vinayaka Nagar,960104,-2819.7,847.0,visits_disagree,387.8,VISIT_WITH_HINT,Near Post Office (about 50 m from pin),,True,2026-10-08T18:32:36.065012+00:00
AD002642,AC002047,T2,399,gali 4,Krishna Puri,970202,2744.1,-1552.3,baseline_street,162.1,VISIT_WITH_HINT,,,False,2026-10-08T18:32:36.065012+00:00
AD002643,AC002048,T3,,2nd road,Defence Colony,980301,-1102.7,-2213.9,landmark,357.8,VISIT_WITH_HINT,Near Milk Dairy (pin is a guess near this landmark),,False,2026-10-08T18:32:36.065012+00:00
AD002645,AC002049,T1,,,Vidya Nagar,960103,2827.5,1014.4,visits_agree,47.9,DIRECT_VISIT,,,False,2026-10-08T18:32:36.065012+00:00
AD002647,AC002050,T3,,,,980302,1650.6,-2080.7,baseline_coarse,3710.3,VERIFY_FIRST,,,False,2026-10-08T18:32:36.065012+00:00
AD002648,AC002051,T3,,,Palm Meadows,980302,3208.9,-1986.1,baseline_coarse,3710.3,VERIFY_FIRST,,,False,2026-10-08T18:32:36.065012+00:00
AD002649,AC002051,T3,,,Sunrise Enclave,980304,-661.1,3190.5,landmark,357.8,VISIT_WITH_HINT,Near Community Hall (pin is a guess near this landmark),,False,2026-10-08T18:32:36.065012+00:00
AD002650,AC002052,T2,105,gali 11,Patel Nagar,970202,1751.2,-1671.5,visits_agree,47.9,DIRECT_VISIT,,,False,2026-10-08T18:32:36.065012+00:00
AD002651,AC002053,T3,267,,Sunrise Enclave,980304,2332.3,-778.6,visit_1,77.4,DIRECT_VISIT,,,True,2026-10-08T18:32:36.065012+00:00
AD002652,AC002053,T3,42/1,a block; 3rd road,HMT Colony,980301,-1004.7,-802.6,visits_agree,47.9,DIRECT_VISIT,,,True,2026-10-08T18:32:36.065012+00:00
AD002653,AC002054,T2,,,Gandhi Basti,,527.6,1498.2,baseline_street,162.1,VISIT_WITH_HINT,Behind Post Office (about 160 m from pin),,False,2026-10-08T18:32:36.065012+00:00
AD002654,AC002055,T3,418,5th road,Lakeview Phase 2,980303,3818.0,198.6,visit_1,77.4,DIRECT_VISIT,,,False,2026-10-08T18:32:36.065012+00:00
AD002655,AC002056,T3,,,Silver Oak Layout,980301,-2986.9,22.9,visits_agree,47.9,DIRECT_VISIT,Near Water Tank (about 100 m from pin),,True,2026-10-08T18:32:36.065012+00:00
AD002656,AC002057,T3,,6th rd,Railway Colony,980304,-2309.7,2065.2,visit_1,77.4,DIRECT_VISIT,,,False,2026-10-08T18:32:36.065012+00:00
AD002657,AC002058,T2,,gali 1,Patel Nagar,970202,744.8,-3429.1,cross_account_inferred,75.0,DIRECT_VISIT,,,True,2026-10-08T18:32:36.065012+00:00
AD002658,AC002059,T3,84,,HMT Colony,980301,-1156.0,-798.4,baseline_street,162.1,VISIT_WITH_HINT,,,False,2026-10-08T18:32:36.065012+00:00
AD002659,AC002060,T3,,e block; 6th road,HMT Colony,980301,-813.6,-745.8,baseline_coarse,3710.3,VERIFY_FIRST,,,False,2026-10-08T18:32:36.065012+00:00
AD002660,AC002061,T1,,12th cross; 2nd main,Shanthi Nagar,960101,-2350.3,-2317.5,landmark,357.8,VISIT_WITH_HINT,Near Water Tank (pin is a guess near this landmark),,False,2026-10-08T18:32:36.065012+00:00
AD002661,AC002062,T2,-10,1 gali,,970202,1758.3,-1730.7,visits_agree,47.9,DIRECT_VISIT,,,False,2026-10-08T18:32:36.065012+00:00
AD002662,AC002063,T3,299,,Green Park Layout,980301,-3880.3,-979.9,baseline_coarse,3710.3,VERIFY_FIRST,,,False,2026-10-08T18:32:36.065012+00:00
AD002663,AC002064,T2,10,gali no. 8,Shivaji Nagar,970202,1032.9,-1837.5,cross_account_inferred,75.0,DIRECT_VISIT,,,False,2026-10-08T18:32:36.065012+00:00
AD002664,AC002065,T2,313,,Patel Nagar,970202,1228.3,-2396.8,visits_disagree,387.8,VISIT_WITH_HINT,,,False,2026-10-08T18:32:36.065012+00:00
AD002665,AC002065,T2,4,gali no. 4,Ram Nagar,970203,-141.3,1123.1,visit_1,77.4,DIRECT_VISIT,,,True,2026-10-08T18:32:36.065012+00:00
AD002666,AC002066,T3,,d block; 4th road,,980301,-1384.9,-1815.1,baseline_coarse,3710.3,VERIFY_FIRST,,,True,2026-10-08T18:32:36.065012+00:00
AD002667,AC002067,T3,2,,HMT Colony,980301,-1144.5,-628.9,visits_disagree,387.8,VISIT_WITH_HINT,Near Govt School (about 150 m from pin),,True,2026-10-08T18:32:36.065012+00:00
AD002668,AC002068,T1,418/1,,Ashoka Layout,960104,-1122.4,327.5,landmark,357.8,VISIT_WITH_HINT,Near Ganesh Temple (pin is a guess near this landmark),,False,2026-10-08T18:32:36.065012+00:00
AD002669,AC002069,T2,,,,,685.9,2606.8,visits_agree,47.9,DIRECT_VISIT,,,True,2026-10-08T18:32:36.065012+00:00
AD002670,AC002070,T2,348,348 gali,Ram Nagar,970203,3162.8,172.4,visit_1,77.4,DIRECT_VISIT,,,True,2026-10-08T18:32:36.065012+00:00
AD002671,AC002070,T2,412/1,gali 5,Tilak Nagar,970204,-223.6,1237.8,visit_1,77.4,DIRECT_VISIT,,,False,2026-10-08T18:32:36.065012+00:00
AD002672,AC002071,T1,,3rd cross; 1st main,Vidya Nagar,960103,2107.0,762.7,cross_account_inferred,75.0,DIRECT_VISIT,,,True,2026-10-08T18:32:36.065012+00:00
AD002673,AC002072,T1,7,4th cross; 3rd main,Nehru Colony,960102,2609.7,-2319.6,visits_agree,47.9,DIRECT_VISIT,,,True,2026-10-08T18:32:36.065012+00:00
AD002674,AC002073,T3,,e block; 6th road,,980301,-1639.8,-541.6,baseline_coarse,3710.3,VERIFY_FIRST,,,False,2026-10-08T18:32:36.065012+00:00
AD002675,AC002074,T3,274,,Sunrise Enclave,980304,-665.5,3194.3,visits_agree,47.9,DIRECT_VISIT,Near Community Hall (pin is at this landmark),,True,2026-10-08T18:32:36.065012+00:00
AD002676,AC002075,T3,369,2nd road,Lakeview Phase 2,980303,3674.9,471.6,visits_agree,47.9,DIRECT_VISIT,Near Ration Shop (about 100 m from pin),,True,2026-10-08T18:32:36.065012+00:00
AD002678,AC002076,T3,100,,Green Park Layout,980301,-3729.3,-765.3,baseline_coarse,3710.3,VERIFY_FIRST,,,False,2026-10-08T18:32:36.065012+00:00
AD002680,AC002077,T3,,,,980301,-2011.6,-1639.1,baseline_coarse,3710.3,VERIFY_FIRST,,,False,2026-10-08T18:32:36.065012+00:00
AD002681,AC002078,T1,335,12th cross; 2nd main,Nehru Colony,960102,2713.9,-1714.3,visit_1,77.4,DIRECT_VISIT,,,False,2026-10-08T18:32:36.065012+00:00
AD002682,AC002079,T2,311,311 gali,Azad Mohalla,,628.8,2447.7,baseline_street,162.1,VISIT_WITH_HINT,,,False,2026-10-08T18:32:36.065012+00:00
AD002683,AC002080,T1,112,11th cross; 8th main,Gandhi Nagar,960102,1245.4,-2638.1,baseline_street,162.1,VISIT_WITH_HINT,,,False,2026-10-08T18:32:36.065012+00:00
AD002684,AC002081,T3,278,b block; 5th road,Silver Oak Layout,980301,-2678.2,-543.8,landmark,357.8,VISIT_WITH_HINT,Near Church (pin is a guess near this landmark),,False,2026-10-08T18:32:36.065012+00:00
AD002685,AC002082,T3,,,Lakeview Phase 2,980303,3872.6,592.7,visits_disagree,387.8,VISIT_WITH_HINT,,,False,2026-10-08T18:32:36.065012+00:00
AD002687,AC002083,T1,457/2,11th cross; 2nd main,Anjaneya Badavane,960103,80.2,2638.4,visit_1,77.4,DIRECT_VISIT,Near Govt School (about 130 m from pin),,True,2026-10-08T18:32:36.065012+00:00
AD002688,AC002084,T2,3,gali no. 3,Patel Nagar,970202,1675.5,-2292.3,visits_agree,47.9,DIRECT_VISIT,Near Medical Store (about 70 m from pin),,False,2026-10-08T18:32:36.065012+00:00
AD002689,AC002084,T2,,gali 10,Subhash Nagar,,-1869.6,-2662.9,landmark,357.8,VISIT_WITH_HINT,Near Govt School (pin is a guess near this landmark),,False,2026-10-08T18:32:36.065012+00:00
AD002690,AC002085,T2,336/3,,Patel Nagar,970202,1588.4,-2083.8,visits_agree,47.9,DIRECT_VISIT,,,False,2026-10-08T18:32:36.065012+00:00
AD002691,AC002086,T1,346/2,10th cross; 7th main,,960102,1021.1,-2735.6,cross_account_inferred,75.0,DIRECT_VISIT,,,True,2026-10-08T18:32:36.065012+00:00
AD002692,AC002087,T3,,,Orchid Enclave,,-449.5,-3593.8,baseline_coarse,3710.3,VERIFY_FIRST,,,False,2026-10-08T18:32:36.065012+00:00
AD002693,AC002088,T2,148,148 gali,Shastri Nagar,970201,-347.0,-84.0,landmark,357.8,VISIT_WITH_HINT,Opposite Hanuman Temple (pin is a guess near this landmark),,False,2026-10-08T18:32:36.065012+00:00
AD002694,AC002089,T2,,,,970202,2034.3,-1244.0,baseline_coarse,3710.3,VERIFY_FIRST,,,False,2026-10-08T18:32:36.065012+00:00
AD002695,AC002089,T2,211,,Nehru Colony,970203,2913.7,798.0,baseline_street,162.1,VISIT_WITH_HINT,,,False,2026-10-08T18:32:36.065012+00:00
AD002696,AC002090,T3,,b block; 2nd rd,Railway Colony,980304,-2546.4,934.4,visits_disagree,387.8,VISIT_WITH_HINT,,,True,2026-10-08T18:32:36.065012+00:00
AD002697,AC002091,T1,86,,Anjaneya Badavane,960103,812.7,2152.5,visit_1,77.4,DIRECT_VISIT,,,False,2026-10-08T18:32:36.065012+00:00
AD002698,AC002091,T1,405/3,2nd cross; 7th main,Kalyana Nagar,960104,-1811.8,1977.4,baseline_street,162.1,VISIT_WITH_HINT,,,False,2026-10-08T18:32:36.065012+00:00
AD002699,AC002092,T2,78,,Indira Colony,970202,1179.7,-109.2,baseline_coarse,3710.3,VERIFY_FIRST,,,False,2026-10-08T18:32:36.065012+00:00
AD002700,AC002093,T3,398,a block; 4th road,Defence Colony,980301,-1507.7,-2069.7,baseline_street,162.1,VISIT_WITH_HINT,,,False,2026-10-08T18:32:36.065012+00:00
AD002701,AC002094,T2,293/2,gali 9,,970203,808.6,2956.5,visit_1,77.4,DIRECT_VISIT,Near Petrol Bunk (about 170 m from pin),,True,2026-10-08T18:32:36.065012+00:00
AD002702,AC002094,T2,456,,Shivaji Nagar,970202,304.9,-3232.0,visit_1,77.4,DIRECT_VISIT,Opposite Ganesh Temple (about 150 m from pin),,False,2026-10-08T18:32:36.065012+00:00
AD002703,AC002095,T2,343/2,2 gali,Shivaji Nagar,970202,326.1,-3245.2,baseline_street,162.1,VISIT_WITH_HINT,,,False,2026-10-08T18:32:36.065012+00:00
AD002704,AC002096,T2,8,gali no. 8,Indira Colony,970202,911.4,119.6,visit_1,77.4,DIRECT_VISIT,,,True,2026-10-08T18:32:36.065012+00:00
AD002705,AC002096,T2,--12,,Ambedkar Nagar,,-517.6,2993.4,baseline_coarse,3710.3,VERIFY_FIRST,,,False,2026-10-08T18:32:36.065012+00:00
AD002706,AC002097,T1,82/3,11th cross; 6th main,Kuvempu Layout,960102,1212.1,201.9,visit_1,77.4,DIRECT_VISIT,,,False,2026-10-08T18:32:36.065012+00:00
AD002707,AC002098,T1,,3rd; 2nd main,,960102,2476.1,-2350.5,visits_agree,47.9,DIRECT_VISIT,Near Masjid (about 160 m from pin),,False,2026-10-08T18:32:36.065012+00:00
AD002708,AC002099,T3,376,,HMT Colony,980301,-1176.8,-615.8,visits_agree,47.9,DIRECT_VISIT,,,True,2026-10-08T18:32:36.065012+00:00
AD002709,AC002100,T1,150,3rd; 2nd main,Nehru Colony,960102,2436.2,-2363.7,visit_1,77.4,DIRECT_VISIT,Near Masjid (about 120 m from pin),,False,2026-10-08T18:32:36.065012+00:00
AD002710,AC002101,T3,266,d block; 4th road,Defence Colony,980301,-1138.4,-1991.8,landmark,357.8,VISIT_WITH_HINT,Near Ganesh Temple (pin is a guess near this landmark),,False,2026-10-08T18:32:36.065012+00:00
AD002711,AC002102,T1,275,4th cross; 8th main,Gandhi Nagar,960102,2185.6,-2799.9,cross_account_inferred,75.0,DIRECT_VISIT,,,False,2026-10-08T18:32:36.065012+00:00
AD002712,AC002103,T3,390,,,980304,-751.7,-3733.0,visits_agree,47.9,DIRECT_VISIT,,,True,2026-10-08T18:32:36.065012+00:00
AD002713,AC002103,T3,94,,Silver Oak Layout,,-2522.1,-154.3,baseline_coarse,3710.3,VERIFY_FIRST,,,True,2026-10-08T18:32:36.065012+00:00
AD002714,AC002104,T3,331/3,,Palm Meadows,980302,3095.0,-1966.2,baseline_coarse,3710.3,VERIFY_FIRST,,,True,2026-10-08T18:32:36.065012+00:00
AD002715,AC002105,T1,297/3,4th cross; 7th main,Gandhi Nagar,,587.3,-3000.1,baseline_coarse,3710.3,VERIFY_FIRST,,,False,2026-10-08T18:32:36.065012+00:00
AD002716,AC002106,T2,1,gali no. 1,,970201,-1029.1,-1913.0,cross_account_inferred,75.0,DIRECT_VISIT,,,False,2026-10-08T18:32:36.065012+00:00
AD002717,AC002106,T2,133,,Krishna Puri,970202,2512.3,-1035.3,baseline_coarse,3710.3,VERIFY_FIRST,,,False,2026-10-08T18:32:36.065012+00:00
AD002718,AC002107,T3,436/2,,Sunrise Enclave,980304,-335.5,3119.5,baseline_coarse,3710.3,VERIFY_FIRST,,,True,2026-10-08T18:32:36.065012+00:00
AD002719,AC002108,T2,-11,,Shastri Nagar,970201,-730.6,-469.9,baseline_coarse,3710.3,VERIFY_FIRST,,,True,2026-10-08T18:32:36.065012+00:00
AD002720,AC002109,T3,,,Orchid Enclave,980301,-731.0,-3645.7,visits_agree,47.9,DIRECT_VISIT,,,True,2026-10-08T18:32:36.065012+00:00
AD002721,AC002110,T1,381,8th main,Kalyana Nagar,960104,-1990.6,2387.0,baseline_coarse,3710.3,VERIFY_FIRST,,,False,2026-10-08T18:32:36.065012+00:00
AD002722,AC002111,T3,247,3rd road,,980301,-730.1,-3768.2,visit_1,77.4,DIRECT_VISIT,,,True,2026-10-08T18:32:36.065012+00:00
AD002723,AC002112,T2,174,,Subhash Nagar,970201,-1202.7,-2722.8,visits_disagree,387.8,VISIT_WITH_HINT,,,True,2026-10-08T18:32:36.065012+00:00
AD002724,AC002113,T2,114,,Subhash Nagar,970201,-1900.6,-3183.8,visit_1,77.4,DIRECT_VISIT,,,False,2026-10-08T18:32:36.065012+00:00
AD002725,AC002114,T2,,gali 10,Azad Mohalla,970203,743.0,3086.7,cross_account_inferred,75.0,DIRECT_VISIT,,,True,2026-10-08T18:32:36.065012+00:00
AD002726,AC002114,T2,234,gali no. 2,Gandhi Basti,970203,987.2,1171.2,baseline_coarse,3710.3,VERIFY_FIRST,,,False,2026-10-08T18:32:36.065012+00:00
AD002727,AC002115,T1,176,2nd main,Kuvempu Layout,,823.7,159.2,visit_1,77.4,DIRECT_VISIT,,,False,2026-10-08T18:32:36.065012+00:00
AD002728,AC002116,T2,,gali 7,Azad Mohalla,970203,774.3,3008.7,visits_agree,47.9,DIRECT_VISIT,Near Petrol Bunk (about 160 m from pin),,True,2026-10-08T18:32:36.065012+00:00
AD002729,AC002117,T1,166,5th main,Anjaneya Badavane,960103,277.1,2254.7,baseline_coarse,3710.3,VERIFY_FIRST,,,False,2026-10-08T18:32:36.065012+00:00
AD002730,AC002118,T3,5,4th road,,980302,1286.5,688.5,visit_1,77.4,DIRECT_VISIT,,,True,2026-10-08T18:32:36.065012+00:00
AD002731,AC002118,T3,,,Royal Gardens,980303,852.0,1611.3,visits_agree,47.9,DIRECT_VISIT,,,False,2026-10-08T18:32:36.065012+00:00
AD002732,AC002119,T2,37,,Tilak Nagar,970204,-128.5,1670.7,landmark,357.8,VISIT_WITH_HINT,Near Govt School (pin is a guess near this landmark),,False,2026-10-08T18:32:36.065012+00:00
AD002733,AC002120,T2,287,,Azad Mohalla,970203,790.6,2881.0,baseline_coarse,3710.3,VERIFY_FIRST,,,False,2026-10-08T18:32:36.065012+00:00
AD002734,AC002120,T2,6,1 gali,Azad Mohalla,970230,1033.1,2638.9,baseline_coarse,3710.3,VERIFY_FIRST,,,False,2026-10-08T18:32:36.065012+00:00
AD002735,AC002121,T3,385,,,980304,3702.1,-33.7,visits_disagree,387.8,VISIT_WITH_HINT,,,True,2026-10-08T18:32:36.065012+00:00
AD002736,AC002122,T3,,,,980304,1105.5,-3758.9,baseline_coarse,3710.3,VERIFY_FIRST,,,False,2026-10-08T18:32:36.065012+00:00
AD002737,AC002123,T3,,,Lakeview Phase 2,980303,3600.0,168.3,visits_agree,47.9,DIRECT_VISIT,,,True,2026-10-08T18:32:36.065012+00:00
AD002738,AC002124,T1,80,4th cross; 1st main,Ashoka Layout,960104,-1287.0,-45.0,landmark,357.8,VISIT_WITH_HINT,Near Medical Store (pin is a guess near this landmark),,False,2026-10-08T18:32:36.065012+00:00
AD002739,AC002125,T3,,,Teachers Colony,980302,603.1,-747.9,landmark,357.8,VISIT_WITH_HINT,Behind Bus Stop (pin is a guess near this landmark),,False,2026-10-08T18:32:36.065012+00:00
AD002740,AC002126,T1,,10th cross; 7th main,Vinayaka Nagar,960104,-3082.3,1063.6,baseline_coarse,3710.3,VERIFY_FIRST,,,False,2026-10-08T18:32:36.065012+00:00
AD002741,AC002127,T2,,gali 5,Indira Colony,970202,743.8,-130.6,visit_1,77.4,DIRECT_VISIT,,,False,2026-10-08T18:32:36.065012+00:00
AD002742,AC002127,T2,115,,Shivaji Nagar,970202,647.5,-2633.2,landmark,357.8,VISIT_WITH_HINT,Opposite Medical Store (pin is a guess near this landmark),,False,2026-10-08T18:32:36.065012+00:00
AD002743,AC002128,T3,,b block,Defence Colony,980301,-1138.4,-1991.8,landmark,357.8,VISIT_WITH_HINT,Near Ganesh Temple (pin is a guess near this landmark),,False,2026-10-08T18:32:36.065012+00:00
AD002744,AC002129,T1,,4th cross; 1st main,Vidya Nagar,960103,2131.3,831.8,visits_agree,47.9,DIRECT_VISIT,,,True,2026-10-08T18:32:36.065012+00:00
AD002746,AC002130,T1,40,4th cross; 3rd main,Nehru Colony,960102,2739.7,-2130.3,landmark,357.8,VISIT_WITH_HINT,Near Park (pin is a guess near this landmark),,False,2026-10-08T18:32:36.065012+00:00
AD002748,AC002131,T2,204,gali 10,Patel Nagar,970202,1157.0,-1878.5,visits_agree,47.9,DIRECT_VISIT,,,False,2026-10-08T18:32:36.065012+00:00
AD002749,AC002131,T2,5/2,,Shastri Nagar,970201,-1000.9,-804.8,visit_1,77.4,DIRECT_VISIT,,,True,2026-10-08T18:32:36.065012+00:00
AD002750,AC002132,T2,-7,,Azad Mohalla,970203,606.7,2900.4,visit_1,77.4,DIRECT_VISIT,,,False,2026-10-08T18:32:36.065012+00:00
AD002751,AC002133,T2,15,,Nehru Colony,970203,3108.4,458.9,visits_disagree,387.8,VISIT_WITH_HINT,,,True,2026-10-08T18:32:36.065012+00:00
AD002752,AC002133,T2,1,gali no. 1,Gandhi Basti,970203,1388.1,1115.9,landmark,357.8,VISIT_WITH_HINT,Opposite Bus Stop (pin is a guess near this landmark),,True,2026-10-08T18:32:36.065012+00:00
AD002753,AC002134,T3,,f block; 4th rd,Lakeview Phase 2,980303,3788.5,411.2,landmark,357.8,VISIT_WITH_HINT,Near Bus Stop (pin is a guess near this landmark),,False,2026-10-08T18:32:36.065012+00:00
AD002754,AC002134,T3,142/3,,,980301,-580.1,3135.0,baseline_coarse,3710.3,VERIFY_FIRST,,,False,2026-10-08T18:32:36.065012+00:00
AD002755,AC002135,T3,168,,Green Park Layout,980301,-3815.9,-1048.1,visit_1,77.4,DIRECT_VISIT,Near Hanuman Temple (about 180 m from pin),,False,2026-10-08T18:32:36.065012+00:00
AD002756,AC002136,T3,,,,980304,-2546.7,1414.7,visits_agree,47.9,DIRECT_VISIT,Near Bus Stop (about 190 m from pin),,True,2026-10-08T18:32:36.065012+00:00
AD002757,AC002137,T1,,5th cross; 1st main,Nehru Colony,,2395.0,-2151.1,visits_agree,47.9,DIRECT_VISIT,,,False,2026-10-08T18:32:36.065012+00:00
AD002758,AC002138,T3,96,a block; 4th road,,980302,1925.8,-1812.5,cross_account_inferred,75.0,DIRECT_VISIT,,,False,2026-10-08T18:32:36.065012+00:00
AD002759,AC002138,T3,,,Unity Nagar,980302,1162.0,-3599.7,baseline_coarse,3710.3,VERIFY_FIRST,,,False,2026-10-08T18:32:36.065012+00:00
AD002760,AC002139,T3,254/2,,Orchid Enclave,980301,-460.7,-3589.7,landmark,357.8,VISIT_WITH_HINT,Near Masjid (pin is a guess near this landmark),,False,2026-10-08T18:32:36.065012+00:00
AD002761,AC002139,T3,307,,Green Park Layout,980301,-3570.0,-723.9,baseline_coarse,3710.3,VERIFY_FIRST,,,False,2026-10-08T18:32:36.065012+00:00
AD002762,AC002140,T1,159/3,3rd; 2nd main,Ashoka Layout,960104,-1259.3,67.6,visit_1,77.4,DIRECT_VISIT,Near Medical Store (about 120 m from pin),,False,2026-10-08T18:32:36.065012+00:00
AD002763,AC002141,T2,4,gali no. 4,,970203,1799.6,-2199.7,visits_agree,47.9,DIRECT_VISIT,,,True,2026-10-08T18:32:36.065012+00:00
AD002764,AC002142,T1,219,3rd cross; 2nd main,Gandhi Nagar,960102,2510.7,-2342.9,cross_account_inferred,75.0,DIRECT_VISIT,,,True,2026-10-08T18:32:36.065012+00:00
AD002765,AC002142,T1,,3rd cross,Kuvempu Layout,960102,895.5,-469.7,visit_1,77.4,DIRECT_VISIT,,,False,2026-10-08T18:32:36.065012+00:00
AD002766,AC002143,T1,,10th cross; 3rd main,Nehru Colony,960102,2782.0,-1914.5,visits_agree,47.9,DIRECT_VISIT,,,False,2026-10-08T18:32:36.065012+00:00
AD002767,AC002144,T1,421,2nd cross,,960104,-2341.5,1549.1,baseline_coarse,3710.3,VERIFY_FIRST,,,True,2026-10-08T18:32:36.065012+00:00
AD002768,AC002145,T3,419,,Orchid Enclave,980301,46.1,-3341.5,baseline_street,162.1,VISIT_WITH_HINT,,,False,2026-10-08T18:32:36.065012+00:00
AD002769,AC002145,T3,67/3,d block; 1st road,Royal Gardens,980303,487.1,1792.8,baseline_coarse,3710.3,VERIFY_FIRST,,,False,2026-10-08T18:32:36.065012+00:00
AD002770,AC002146,T2,-5,,Subhash Nagar,,-1750.0,-2878.3,baseline_coarse,3710.3,VERIFY_FIRST,,,True,2026-10-08T18:32:36.065012+00:00
AD002771,AC002147,T1,308,,,960102,2381.3,-2224.9,visits_disagree,387.8,VISIT_WITH_HINT,Near Masjid (about 170 m from pin),,True,2026-10-08T18:32:36.065012+00:00
AD002772,AC002148,T2,142,gali 10,Krishna Puri,970202,2531.6,-918.0,visits_agree,47.9,DIRECT_VISIT,,,True,2026-10-08T18:32:36.065012+00:00
AD002773,AC002149,T1,176/3,,Basava Nagar,960101,-978.5,-3155.4,baseline_coarse,3710.3,VERIFY_FIRST,,,False,2026-10-08T18:32:36.065012+00:00
AD002774,AC002150,T1,,,,960103,1155.3,-34.8,baseline_coarse,3710.3,VERIFY_FIRST,,,False,2026-10-08T18:32:36.065012+00:00
AD002775,AC002150,T1,91,12th cross; 7th main,Gandhi Nagar,960102,693.3,-2951.2,baseline_coarse,3710.3,VERIFY_FIRST,,,False,2026-10-08T18:32:36.065012+00:00
AD002776,AC002151,T3,,,Defence Colony,980301,-933.1,-1915.8,landmark,357.8,VISIT_WITH_HINT,Near Water Tank (pin is a guess near this landmark),,False,2026-10-08T18:32:36.065012+00:00
AD002777,AC002152,T2,168,,Gandhi Basti,970203,982.9,751.3,baseline_street,162.1,VISIT_WITH_HINT,,,False,2026-10-08T18:32:36.065012+00:00
AD002778,AC002153,T3,,,Sunrise Enclave,980304,-542.4,2993.3,visit_1,77.4,DIRECT_VISIT,Near Church (about 180 m from pin),,False,2026-10-08T18:32:36.065012+00:00
AD002779,AC002154,T1,398,,Shanthi Nagar,960101,-2184.5,-2407.6,landmark,357.8,VISIT_WITH_HINT,Near Govt School (pin is a guess near this landmark),,False,2026-10-08T18:32:36.065012+00:00
AD002781,AC002155,T1,333,2nd cross; 8th main,Nehru Colony,960102,1186.9,-3321.3,cross_account_inferred,75.0,DIRECT_VISIT,,,False,2026-10-08T18:32:36.065012+00:00
AD002782,AC002156,T3,70,,Unity Nagar,980302,1293.0,-3742.6,baseline_coarse,3710.3,VERIFY_FIRST,,,False,2026-10-08T18:32:36.065012+00:00
AD002783,AC002157,T1,359,,Nehru Colony,960102,2603.1,-2247.7,baseline_coarse,3710.3,VERIFY_FIRST,,,True,2026-10-08T18:32:36.065012+00:00
AD002784,AC002158,T2,283/1,1 gali,Shastri Nagar,970201,-651.2,-773.0,landmark,357.8,VISIT_WITH_HINT,Opposite Masjid (pin is a guess near this landmark),,True,2026-10-08T18:32:36.065012+00:00
AD002785,AC002159,T3,,,Palm Meadows,980302,3262.4,-1994.0,baseline_coarse,3710.3,VERIFY_FIRST,,,False,2026-10-08T18:32:36.065012+00:00
AD002786,AC002159,T3,221,,Railway Colony,980304,-2878.1,1621.2,landmark,357.8,VISIT_WITH_HINT,Near Milk Dairy (pin is a guess near this landmark),,False,2026-10-08T18:32:36.065012+00:00
AD002787,AC002160,T2,2,gali no. 2,,970201,557.0,-3284.0,baseline_coarse,3710.3,VERIFY_FIRST,,,False,2026-10-08T18:32:36.065012+00:00
AD002788,AC002160,T2,3,gali no. 3,Azad Mohalla,970203,578.8,2597.4,visit_1,77.4,DIRECT_VISIT,Opposite Community Hall (about 100 m from pin),,False,2026-10-08T18:32:36.065012+00:00
AD002789,AC002161,T3,186/1,,Railway Colony,980304,-2448.2,1701.0,baseline_coarse,3710.3,VERIFY_FIRST,,,False,2026-10-08T18:32:36.065012+00:00
AD002791,AC002162,T3,366,d block; 1st road,,,2960.1,-2046.7,visit_1,77.4,DIRECT_VISIT,,,True,2026-10-08T18:32:36.065012+00:00
AD002792,AC002163,T1,,12th cross; 8th main,Ashoka Layout,,-1053.9,932.7,visit_1,77.4,DIRECT_VISIT,Near Masjid (about 70 m from pin),,True,2026-10-08T18:32:36.065012+00:00
AD002793,AC002164,T1,391,3rd cross; 4th main,,960104,-836.7,-126.2,visit_1,77.4,DIRECT_VISIT,,,False,2026-10-08T18:32:36.065012+00:00
AD002794,AC002165,T2,333,gali 3,Patel Nagar,970202,1629.1,-2310.6,visits_agree,47.9,DIRECT_VISIT,Near Medical Store (about 100 m from pin),,True,2026-10-08T18:32:36.065012+00:00
AD002795,AC002166,T1,289,11th cross; 5th main,Anjaneya Badavane,960103,289.0,2439.4,baseline_coarse,3710.3,VERIFY_FIRST,,,False,2026-10-08T18:32:36.065012+00:00
AD002796,AC002167,T2,-12,37 gali,Ram Nagar,,843.2,3203.3,visits_disagree,387.8,VISIT_WITH_HINT,,,True,2026-10-08T18:32:36.065012+00:00
AD002798,AC002168,T2,8,gali no. 8,Azad Mohalla,970203,1353.4,2759.7,visits_agree,47.9,DIRECT_VISIT,,,False,2026-10-08T18:32:36.065012+00:00
AD002799,AC002169,T3,92,,Lakeview Phase 2,980303,3478.9,-28.0,visits_agree,47.9,DIRECT_VISIT,,,False,2026-10-08T18:32:36.065012+00:00
AD002800,AC002170,T3,149/2,a block; 4th road,Green Park Layout,980301,-3996.9,-1034.7,baseline_street,162.1,VISIT_WITH_HINT,Near Hanuman Temple (about 50 m from pin),,False,2026-10-08T18:32:36.065012+00:00
AD002801,AC002171,T1,,3rd cross; 1st main,Hosa Badavane,960101,-751.8,-1700.8,visits_agree,47.9,DIRECT_VISIT,,,False,2026-10-08T18:32:36.065012+00:00
AD002802,AC002172,T1,231,,Gandhi Nagar,960102,690.4,-2778.3,visits_agree,47.9,DIRECT_VISIT,Opposite Ration Shop (pin is at this landmark),,True,2026-10-08T18:32:36.065012+00:00
AD002803,AC002172,T1,145,2nd cross; 7th main,Hosa Badavane,960101,-85.8,-1467.4,landmark,357.8,VISIT_WITH_HINT,Behind Ganesh Temple (pin is a guess near this landmark),,True,2026-10-08T18:32:36.065012+00:00
AD002804,AC002173,T3,80,,,980302,-572.1,3027.8,baseline_coarse,3710.3,VERIFY_FIRST,,,False,2026-10-08T18:32:36.065012+00:00
AD002806,AC002174,T1,224/1,12th cross; 3rd main,Nehru Colony,960102,2866.0,-1819.5,visits_agree,47.9,DIRECT_VISIT,,,True,2026-10-08T18:32:36.065012+00:00
AD002807,AC002174,T1,220/2,6th cross; 1st main,Siddeshwara Colony,960102,1594.5,-1005.6,visit_1,77.4,DIRECT_VISIT,,,False,2026-10-08T18:32:36.065012+00:00
AD002808,AC002175,T1,,4th cross,Nehru Colony,960102,1509.8,-2718.0,cross_account_inferred,75.0,DIRECT_VISIT,,,False,2026-10-08T18:32:36.065012+00:00
AD002809,AC002176,T1,,,Siddeshwara Colony,960102,2177.2,-922.9,visits_agree,47.9,DIRECT_VISIT,Behind Park (about 40 m from pin),,False,2026-10-08T18:32:36.065012+00:00
AD002811,AC002177,T2,,,Ambedkar Nagar,970204,-754.5,2722.1,visit_1,77.4,DIRECT_VISIT,,,False,2026-10-08T18:32:36.065012+00:00
AD002812,AC002178,T1,,12th cross; 1st main,Hosa Badavane,960101,-1044.9,-1004.8,visits_agree,47.9,DIRECT_VISIT,,,False,2026-10-08T18:32:36.065012+00:00
AD002813,AC002178,T1,393/2,3rd cross; 4th main,Ashoka Layout,960104,-1067.8,173.3,visit_1,77.4,DIRECT_VISIT,Near Ganesh Temple (about 160 m from pin),,False,2026-10-08T18:32:36.065012+00:00
AD002814,AC002179,T1,74,1st cross; 6th main,Basava Nagar,960101,-881.0,-3547.9,visits_agree,47.9,DIRECT_VISIT,,,False,2026-10-08T18:32:36.065012+00:00
AD002815,AC002180,T1,,10th cross; 5th main,,960102,767.4,-2763.0,cross_account_inferred,75.0,DIRECT_VISIT,,,False,2026-10-08T18:32:36.065012+00:00
AD002816,AC002181,T3,,,,980304,-1400.0,2521.1,baseline_coarse,3710.3,VERIFY_FIRST,,,False,2026-10-08T18:32:36.065012+00:00
AD002817,AC002181,T3,,,Teachers Colony,980302,871.8,-795.5,baseline_coarse,3710.3,VERIFY_FIRST,,,False,2026-10-08T18:32:36.065012+00:00
AD002818,AC002182,T1,113,,Anjaneya Badavane,960103,689.1,2363.1,visit_1,77.4,DIRECT_VISIT,,,True,2026-10-08T18:32:36.065012+00:00
AD002819,AC002183,T3,330,,,980302,1330.2,-913.0,visits_disagree,387.8,VISIT_WITH_HINT,Opposite Medical Store (about 50 m from pin),,True,2026-10-08T18:32:36.065012+00:00
AD002820,AC002184,T2,188,,Patel Nagar,970202,1882.3,-1869.5,visits_agree,47.9,DIRECT_VISIT,,,True,2026-10-08T18:32:36.065012+00:00
AD002821,AC002185,T2,89,89 gali,Patel Nagar,970202,1312.9,-2230.6,visits_disagree,387.8,VISIT_WITH_HINT,Near Milk Dairy (about 190 m from pin),,True,2026-10-08T18:32:36.065012+00:00
AD002822,AC002186,T3,356,,Teachers Colony,980302,958.5,-475.7,baseline_street,162.1,VISIT_WITH_HINT,,,False,2026-10-08T18:32:36.065012+00:00
AD002823,AC002187,T2,-10,,Subhash Nagar,970201,-1505.6,-2989.9,baseline_coarse,3710.3,VERIFY_FIRST,,,True,2026-10-08T18:32:36.065012+00:00
AD002824,AC002187,T2,210,,Azad Mohalla,970203,1097.3,2655.1,landmark,357.8,VISIT_WITH_HINT,Opposite Bus Stop (pin is a guess near this landmark),,False,2026-10-08T18:32:36.065012+00:00
AD002825,AC002188,T1,183,5th cross; 4th main,Gandhi Nagar,960102,745.8,-3140.7,visits_agree,47.9,DIRECT_VISIT,,,False,2026-10-08T18:32:36.065012+00:00
AD002826,AC002189,T2,,gali 5,Ram Nagar,,33.6,1599.8,baseline_coarse,3710.3,VERIFY_FIRST,Near Water Tank (about 130 m from pin),,False,2026-10-08T18:32:36.065012+00:00
AD002827,AC002190,T1,,10th cross,,960103,-980.0,311.6,baseline_coarse,3710.3,VERIFY_FIRST,,,False,2026-10-08T18:32:36.065012+00:00
AD002828,AC002191,T1,,1st cross,,960104,-2987.9,726.1,visit_1,77.4,DIRECT_VISIT,Near Ganesh Temple (about 190 m from pin),,True,2026-10-08T18:32:36.065012+00:00
AD002829,AC002192,T3,246/2,4th rd,Silver Oak Layout,980301,-2377.0,-121.6,visit_1,77.4,DIRECT_VISIT,,,False,2026-10-08T18:32:36.065012+00:00
AD002830,AC002193,T3,258,,Palm Meadows,,3469.5,-2083.9,landmark,357.8,VISIT_WITH_HINT,Near Water Tank (pin is a guess near this landmark),,False,2026-10-08T18:32:36.065012+00:00
AD002831,AC002194,T2,,,Azad Mohalla,970203,940.8,2546.9,landmark,357.8,VISIT_WITH_HINT,Near Ration Shop (pin is a guess near this landmark),,False,2026-10-08T18:32:36.065012+00:00
AD002832,AC002195,T2,52,gali no. 10,Krishna Puri,970202,2692.5,-1016.7,visits_agree,47.9,DIRECT_VISIT,,,False,2026-10-08T18:32:36.065012+00:00
AD002833,AC002195,T2,475,,Tilak Nagar,970204,-191.9,1344.9,visit_1,77.4,DIRECT_VISIT,,,False,2026-10-08T18:32:36.065012+00:00
AD002834,AC002196,T2,325/3,,Ram Nagar,970203,1504.4,1737.4,baseline_coarse,3710.3,VERIFY_FIRST,,,False,2026-10-08T18:32:36.065012+00:00
AD002835,AC002197,T1,370,,Nehru Colony,960102,2757.5,-2266.5,baseline_coarse,3710.3,VERIFY_FIRST,,,False,2026-10-08T18:32:36.065012+00:00
AD002836,AC002197,T1,406,,,960102,1514.7,-1545.0,baseline_coarse,3710.3,VERIFY_FIRST,,,False,2026-10-08T18:32:36.065012+00:00
AD002837,AC002198,T1,,3rd; 4th main,,960104,-1475.9,764.5,landmark,357.8,VISIT_WITH_HINT,Near Community Hall (pin is a guess near this landmark),,False,2026-10-08T18:32:36.065012+00:00
AD002838,AC002199,T2,431,gali no. 10,Krishna Puri,970202,2783.3,-1094.2,baseline_street,162.1,VISIT_WITH_HINT,,,True,2026-10-08T18:32:36.065012+00:00
AD002839,AC002199,T2,361,gali no. 10,Shastri Nagar,970201,-353.8,-431.3,baseline_coarse,3710.3,VERIFY_FIRST,,,False,2026-10-08T18:32:36.065012+00:00
AD002840,AC002200,T1,310/2,3rd main,Kuvempu Layout,960102,2634.3,-1818.2,cross_account_inferred,75.0,DIRECT_VISIT,,,False,2026-10-08T18:32:36.065012+00:00
AD002841,AC002201,T1,339/3,11th cross; 8th main,Siddeshwara Colony,960102,2379.6,-621.7,visits_agree,47.9,DIRECT_VISIT,,,False,2026-10-08T18:32:36.065012+00:00
AD002842,AC002202,T2,40,0 gali,Shastri Nagar,970201,-864.0,-2.0,visit_1,77.4,DIRECT_VISIT,,,True,2026-10-08T18:32:36.065012+00:00
AD002843,AC002203,T2,-5,1 gali,Shastri Nagar,970201,-125.2,-570.8,baseline_street,162.1,VISIT_WITH_HINT,,,False,2026-10-08T18:32:36.065012+00:00
AD002844,AC002203,T2,,,Shivaji Nagar,970202,675.0,-3131.9,baseline_coarse,3710.3,VERIFY_FIRST,,,False,2026-10-08T18:32:36.065012+00:00
AD002845,AC002204,T1,,3rd cross,Shanthi Nagar,960101,-2278.0,-2775.7,baseline_street,162.1,VISIT_WITH_HINT,,,True,2026-10-08T18:32:36.065012+00:00
AD002846,AC002204,T1,,11th cross; 3rd,Vidya Nagar,960103,2543.2,1074.8,baseline_coarse,3710.3,VERIFY_FIRST,,,False,2026-10-08T18:32:36.065012+00:00
AD002847,AC002205,T3,198/2,1st rd,Teachers Colony,980302,1365.9,-882.5,landmark,357.8,VISIT_WITH_HINT,Opposite Medical Store (pin is a guess near this landmark),,True,2026-10-08T18:32:36.065012+00:00
AD002848,AC002206,T3,,,Teachers Colony,980302,982.4,-771.7,visits_disagree,387.8,VISIT_WITH_HINT,,,False,2026-10-08T18:32:36.065012+00:00
AD002849,AC002207,T2,453/1,,Patel Nagar,970202,1709.5,-2365.4,visits_agree,47.9,DIRECT_VISIT,Opposite Medical Store (about 30 m from pin),,False,2026-10-08T18:32:36.065012+00:00
AD002850,AC002208,T1,,12th cross; 8th main,Anjaneya Badavane,960103,665.4,2976.9,baseline_street,162.1,VISIT_WITH_HINT,,,False,2026-10-08T18:32:36.065012+00:00
AD002851,AC002209,T2,8,gali no. 8,Shastri Nagar,970201,-569.8,-390.2,baseline_street,162.1,VISIT_WITH_HINT,,,False,2026-10-08T18:32:36.065012+00:00
AD002852,AC002210,T3,38,c block; 3rd road,Sunrise Enclave,980304,-286.4,2831.5,visit_1,77.4,DIRECT_VISIT,,,False,2026-10-08T18:32:36.065012+00:00
AD002853,AC002211,T2,5,gali no. 5,Tilak Nagar,970204,-72.9,1583.9,baseline_coarse,3710.3,VERIFY_FIRST,,,False,2026-10-08T18:32:36.065012+00:00
AD002854,AC002212,T2,-5,2 gali,Patel Nagar,970202,1440.8,-1984.6,landmark,357.8,VISIT_WITH_HINT,Near Church (pin is a guess near this landmark),,False,2026-10-08T18:32:36.065012+00:00
AD002855,AC002213,T1,,7th cross; 8th main,Vidya Nagar,960103,2627.8,962.2,landmark,357.8,VISIT_WITH_HINT,Near Masjid (pin is a guess near this landmark),,False,2026-10-08T18:32:36.065012+00:00
AD002856,AC002214,T1,,,,960102,1713.9,-1796.4,baseline_coarse,3710.3,VERIFY_FIRST,,,False,2026-10-08T18:32:36.065012+00:00
AD002857,AC002215,T3,,c block; 2nd road,Teachers Colony,980302,3569.6,-2276.7,cross_account_inferred,75.0,DIRECT_VISIT,,,False,2026-10-08T18:32:36.065012+00:00
AD002858,AC002216,T1,307,8th cross; 8th main,Gandhi Nagar,960102,1162.8,-2870.4,visits_agree,47.9,DIRECT_VISIT,,,False,2026-10-08T18:32:36.065012+00:00
AD002859,AC002217,T2,179,,Azad Mohalla,970203,947.7,2897.3,baseline_coarse,3710.3,VERIFY_FIRST,,,False,2026-10-08T18:32:36.065012+00:00
AD002860,AC002218,T3,,c block; 5th road,Lakeview Phase 2,980303,678.0,1291.3,cross_account_inferred,75.0,DIRECT_VISIT,,,False,2026-10-08T18:32:36.065012+00:00
AD002861,AC002219,T1,62,10th cross; 3rd main,Anjaneya Badavane,960103,128.2,2571.4,visit_1,77.4,DIRECT_VISIT,,,False,2026-10-08T18:32:36.065012+00:00
AD002862,AC002220,T3,221,,Palm Meadows,980302,3382.4,-1869.9,visit_1,77.4,DIRECT_VISIT,Near Masjid (about 80 m from pin),,False,2026-10-08T18:32:36.065012+00:00
AD002863,AC002221,T3,186/3,,Orchid Enclave,980301,-409.1,-3408.0,baseline_coarse,3710.3,VERIFY_FIRST,,,False,2026-10-08T18:32:36.065012+00:00
AD002864,AC002221,T3,242,,,980301,-697.9,-3257.0,visit_1,77.4,DIRECT_VISIT,Opposite Hanuman Temple (about 120 m from pin),,False,2026-10-08T18:32:36.065012+00:00
AD002865,AC002222,T3,130,,Silver Oak Layout,980301,-3035.9,-246.8,visit_1,77.4,DIRECT_VISIT,,,False,2026-10-08T18:32:36.065012+00:00
AD002866,AC002223,T3,287,,Lakeview Phase 2,980303,4012.4,652.7,visit_1,77.4,DIRECT_VISIT,,,True,2026-10-08T18:32:36.065012+00:00
AD002867,AC002224,T3,2,,Railway Colony,980304,-2340.7,1721.4,visits_agree,47.9,DIRECT_VISIT,,,False,2026-10-08T18:32:36.065012+00:00
AD002868,AC002225,T1,,9th cross; 7th main,Hosa Badavane,960101,-640.3,-1408.3,baseline_coarse,3710.3,VERIFY_FIRST,,,False,2026-10-08T18:32:36.065012+00:00
AD002869,AC002226,T3,193,d block; 1st rd,HMT Colony,980301,-853.4,-708.6,landmark,357.8,VISIT_WITH_HINT,Near Ration Shop (pin is a guess near this landmark),,False,2026-10-08T18:32:36.065012+00:00
AD002870,AC002227,T2,75,,Patel Nagar,970202,1498.0,-2259.8,visits_agree,47.9,DIRECT_VISIT,,,True,2026-10-08T18:32:36.065012+00:00
AD002871,AC002228,T3,,a block; 4th road,Teachers Colony,980302,913.8,-1116.8,baseline_street,162.1,VISIT_WITH_HINT,,,False,2026-10-08T18:32:36.065012+00:00
AD002872,AC002229,T2,187,gali no. 2,Nehru Colony,970203,3291.2,290.9,visits_disagree,387.8,VISIT_WITH_HINT,,,True,2026-10-08T18:32:36.065012+00:00
AD002873,AC002230,T3,226,b block; 1st road,Silver Oak Layout,980301,-2678.2,-543.8,landmark,357.8,VISIT_WITH_HINT,Near Church (pin is a guess near this landmark),,True,2026-10-08T18:32:36.065012+00:00
AD002874,AC002230,T3,,,Lakeview Phase 2,980303,3716.2,548.1,baseline_coarse,3710.3,VERIFY_FIRST,,,False,2026-10-08T18:32:36.065012+00:00
AD002875,AC002231,T1,333,8th main,Kuvempu Layout,,1374.0,265.7,visits_disagree,387.8,VISIT_WITH_HINT,,,False,2026-10-08T18:32:36.065012+00:00
AD002876,AC002232,T1,,2nd cross; 2nd main,Gandhi Nagar,960102,740.2,-3077.2,landmark,357.8,VISIT_WITH_HINT,Near Community Hall (pin is a guess near this landmark),,False,2026-10-08T18:32:36.065012+00:00
AD002877,AC002233,T3,78,,HMT Colony,980301,-630.2,-485.3,visit_1,77.4,DIRECT_VISIT,Behind Water Tank (about 140 m from pin),,False,2026-10-08T18:32:36.065012+00:00
AD002878,AC002234,T2,,419 gali,Krishna Puri,970202,2467.5,-710.3,visits_agree,47.9,DIRECT_VISIT,,,False,2026-10-08T18:32:36.065012+00:00
AD002879,AC002235,T2,353,353 gali,Krishna Puri,970202,2512.4,-1304.3,baseline_coarse,3710.3,VERIFY_FIRST,,,False,2026-10-08T18:32:36.065012+00:00
AD002880,AC002236,T3,4,b block; 5th road,Sunrise Enclave,980304,-452.0,2927.4,visits_agree,47.9,DIRECT_VISIT,,,False,2026-10-08T18:32:36.065012+00:00
AD002881,AC002237,T1,359,3rd main,,960103,2377.5,921.3,cross_account_inferred,75.0,DIRECT_VISIT,,,False,2026-10-08T18:32:36.065012+00:00
AD002882,AC002238,T1,,4th cross; 5th main,,960102,1201.6,-327.0,visits_agree,47.9,DIRECT_VISIT,,,False,2026-10-08T18:32:36.065012+00:00
AD002883,AC002239,T1,297,4th cross; 7th main,Gandhi Nagar,960102,3034.2,-2511.3,cross_account_inferred,75.0,DIRECT_VISIT,,,True,2026-10-08T18:32:36.065012+00:00
AD002884,AC002240,T3,3/1,5th rd,Orchid Enclave,980301,-379.8,-3305.2,visit_1,77.4,DIRECT_VISIT,,,False,2026-10-08T18:32:36.065012+00:00
AD002886,AC002241,T1,47,3rd cross; 7th main,Gandhi Nagar,960102,508.5,-3008.0,baseline_coarse,3710.3,VERIFY_FIRST,,,True,2026-10-08T18:32:36.065012+00:00
AD002887,AC002241,T1,,,Vidya Nagar,960103,2627.8,962.2,landmark,357.8,VISIT_WITH_HINT,Near Masjid (pin is a guess near this landmark),,False,2026-10-08T18:32:36.065012+00:00
AD002888,AC002242,T2,12,gali no. 12,Nehru Colony,970203,2908.5,940.9,landmark,357.8,VISIT_WITH_HINT,Near Ration Shop (pin is a guess near this landmark),,False,2026-10-08T18:32:36.065012+00:00
AD002889,AC002243,T3,206/2,,Lakeview Phase 2,980303,4090.5,104.5,visits_disagree,387.8,VISIT_WITH_HINT,,,True,2026-10-08T18:32:36.065012+00:00
AD002890,AC002243,T3,,c block; 3rd rd,,980304,-2362.1,1239.0,visit_1,77.4,DIRECT_VISIT,,,True,2026-10-08T18:32:36.065012+00:00
AD002891,AC002244,T3,191/2,d block; 3rd road,Teachers Colony,980302,526.1,-937.1,visits_agree,47.9,DIRECT_VISIT,,,False,2026-10-08T18:32:36.065012+00:00
AD002892,AC002245,T3,186,3rd road,Railway Colony,980304,-2359.3,1492.0,baseline_coarse,3710.3,VERIFY_FIRST,,,False,2026-10-08T18:32:36.065012+00:00
AD002893,AC002246,T2,-1,363 gali,Patel Nagar,970202,1722.9,-2340.4,landmark,357.8,VISIT_WITH_HINT,Near Medical Store (pin is a guess near this landmark),,False,2026-10-08T18:32:36.065012+00:00
AD002894,AC002247,T3,134,,Royal Gardens,980303,431.5,1548.7,landmark,357.8,VISIT_WITH_HINT,Near Bus Stop (pin is a guess near this landmark),,False,2026-10-08T18:32:36.065012+00:00
AD002896,AC002248,T3,,,Teachers Colony,,1064.9,-454.5,visits_agree,47.9,DIRECT_VISIT,,,True,2026-10-08T18:32:36.065012+00:00
AD002898,AC002249,T3,74/2,,,980304,-408.9,-3529.5,baseline_coarse,3710.3,VERIFY_FIRST,,,True,2026-10-08T18:32:36.065012+00:00
AD002899,AC002250,T2,,,Nehru Colony,970203,3064.9,575.3,baseline_coarse,3710.3,VERIFY_FIRST,,,False,2026-10-08T18:32:36.065012+00:00
AD002900,AC002251,T3,,,Palm Meadows,980302,3238.8,-2095.0,baseline_coarse,3710.3,VERIFY_FIRST,,,False,2026-10-08T18:32:36.065012+00:00
AD002901,AC002252,T3,,,Teachers Colony,980302,910.2,-1234.0,visits_disagree,387.8,VISIT_WITH_HINT,,,False,2026-10-08T18:32:36.065012+00:00
AD002902,AC002253,T3,160/2,,Sunrise Enclave,,-283.8,3266.7,baseline_coarse,3710.3,VERIFY_FIRST,,,False,2026-10-08T18:32:36.065012+00:00
AD002903,AC002254,T3,163/3,,Railway Colony,980304,-2246.4,1652.8,visits_agree,47.9,DIRECT_VISIT,,,False,2026-10-08T18:32:36.065012+00:00
AD002904,AC002255,T1,306,4th x,Nehru Colony,960102,2840.0,-2034.1,baseline_coarse,3710.3,VERIFY_FIRST,,,True,2026-10-08T18:32:36.065012+00:00
AD002905,AC002256,T3,,,Teachers Colony,980302,802.7,-800.0,baseline_coarse,3710.3,VERIFY_FIRST,,,True,2026-10-08T18:32:36.065012+00:00
AD002906,AC002257,T2,-5,,Shastri Nagar,970201,-341.5,-653.2,visit_1,77.4,DIRECT_VISIT,,,True,2026-10-08T18:32:36.065012+00:00
AD002907,AC002257,T2,,,Azad Mohalla,970203,940.8,2546.9,landmark,357.8,VISIT_WITH_HINT,Near Ration Shop (pin is a guess near this landmark),,True,2026-10-08T18:32:36.065012+00:00
AD002908,AC002258,T1,,6th x; 5th main,Nehru Colony,960102,2637.8,-2240.0,baseline_street,162.1,VISIT_WITH_HINT,,,False,2026-10-08T18:32:36.065012+00:00
AD002910,AC002259,T1,252,2nd main,Hosa Badavane,960101,-1238.8,-2714.3,cross_account_inferred,75.0,DIRECT_VISIT,,,False,2026-10-08T18:32:36.065012+00:00
AD002911,AC002260,T1,377,7th cross,Nehru Colony,960102,1861.0,-2659.3,cross_account_inferred,75.0,DIRECT_VISIT,,,False,2026-10-08T18:32:36.065012+00:00
AD002912,AC002261,T2,209,,,970203,2340.3,423.9,visits_disagree,387.8,VISIT_WITH_HINT,,Blue gate house,False,2026-10-08T18:32:36.065012+00:00
AD002913,AC002261,T2,289,,Tilak Nagar,970204,-491.4,1504.2,visit_1,77.4,DIRECT_VISIT,,,False,2026-10-08T18:32:36.065012+00:00
AD002914,AC002262,T1,335,1st cross; 3rd main,,960101,-590.4,-1779.8,visit_1,77.4,DIRECT_VISIT,,,True,2026-10-08T18:32:36.065012+00:00
AD002915,AC002263,T2,b/h,,Shastri Nagar,970201,-214.4,-209.1,landmark,357.8,VISIT_WITH_HINT,Near Bus Stop (pin is a guess near this landmark),,False,2026-10-08T18:32:36.065012+00:00
AD002916,AC002264,T3,,b block; 4th road,Orchid Enclave,980301,-345.6,-3806.0,visits_agree,47.9,DIRECT_VISIT,,,False,2026-10-08T18:32:36.065012+00:00
AD002917,AC002265,T1,369/2,10th cross; 7th main,Basava Nagar,960101,-834.6,-2978.5,landmark,357.8,VISIT_WITH_HINT,Near Church (pin is a guess near this landmark),,False,2026-10-08T18:32:36.065012+00:00
AD002918,AC002266,T1,196,,Nehru Colony,960102,2739.7,-2130.3,landmark,357.8,VISIT_WITH_HINT,Near Park (pin is a guess near this landmark),,False,2026-10-08T18:32:36.065012+00:00
AD002920,AC002267,T1,,1st cross; 5th main,Nehru Colony,960102,2738.1,-2555.3,visits_agree,47.9,DIRECT_VISIT,,,False,2026-10-08T18:32:36.065012+00:00
AD002921,AC002268,T3,33,,Railway Colony,980304,-2569.0,1614.1,baseline_coarse,3710.3,VERIFY_FIRST,,,True,2026-10-08T18:32:36.065012+00:00
AD002922,AC002269,T1,,5th main,Gandhi Nagar,960102,792.6,-2618.4,cross_account_inferred,75.0,DIRECT_VISIT,,,True,2026-10-08T18:32:36.065012+00:00
AD002923,AC002270,T1,,3rd cross; 2nd main,Nehru Colony,,2742.8,-2135.6,baseline_coarse,3710.3,VERIFY_FIRST,,,False,2026-10-08T18:32:36.065012+00:00
AD002924,AC002271,T1,451,11th cross; 1st main,Siddeshwara Colony,960102,1722.7,-1104.1,baseline_coarse,3710.3,VERIFY_FIRST,,,False,2026-10-08T18:32:36.065012+00:00
AD002925,AC002272,T1,216,8th x; 2nd main,Nehru Colony,960102,2588.2,-1986.4,visits_agree,47.9,DIRECT_VISIT,,,True,2026-10-08T18:32:36.065012+00:00
AD002926,AC002273,T3,329/2,,Green Park Layout,980301,-3529.2,-882.9,baseline_coarse,3710.3,VERIFY_FIRST,,,False,2026-10-08T18:32:36.065012+00:00
AD002927,AC002274,T3,,,,980301,-2185.5,-662.3,baseline_coarse,3710.3,VERIFY_FIRST,,,False,2026-10-08T18:32:36.065012+00:00
AD002928,AC002275,T1,,4th x; 8th main,Gandhi Nagar,960102,1166.8,-3175.8,visits_agree,47.9,DIRECT_VISIT,,,False,2026-10-08T18:32:36.065012+00:00
AD002929,AC002275,T1,286,1st cross; 6th main,Kuvempu Layout,960102,1092.3,-419.8,landmark,357.8,VISIT_WITH_HINT,Near Hanuman Temple (pin is a guess near this landmark),,False,2026-10-08T18:32:36.065012+00:00
AD002930,AC002276,T2,435,435 gali,Ambedkar Nagar,970204,-570.9,3061.4,baseline_coarse,3710.3,VERIFY_FIRST,,,False,2026-10-08T18:32:36.065012+00:00
AD002931,AC002277,T2,373,,Krishna Puri,970202,2587.3,-1334.5,baseline_coarse,3710.3,VERIFY_FIRST,,,True,2026-10-08T18:32:36.065012+00:00
AD002932,AC002278,T3,21,,Orchid Enclave,980301,-628.6,-3460.1,visits_disagree,387.8,VISIT_WITH_HINT,Opposite Hanuman Temple (about 90 m from pin),,True,2026-10-08T18:32:36.065012+00:00
AD002933,AC002279,T3,,,Teachers Colony,980302,912.7,-715.2,visits_agree,47.9,DIRECT_VISIT,,,True,2026-10-08T18:32:36.065012+00:00
AD002934,AC002280,T3,,,,980302,1516.3,-2047.5,baseline_coarse,3710.3,VERIFY_FIRST,,,True,2026-10-08T18:32:36.065012+00:00
AD002935,AC002281,T3,,,Orchid Enclave,980301,-268.3,-3571.6,baseline_coarse,3710.3,VERIFY_FIRST,,,False,2026-10-08T18:32:36.065012+00:00
AD002936,AC002282,T2,-11,,Azad Mohalla,970203,1131.1,2972.0,visits_agree,47.9,DIRECT_VISIT,,,True,2026-10-08T18:32:36.065012+00:00
AD002938,AC002283,T1,81,,Vidya Nagar,,2129.0,991.8,visits_agree,47.9,DIRECT_VISIT,,,False,2026-10-08T18:32:36.065012+00:00
AD002939,AC002284,T3,,,Railway Colony,980304,-2240.9,1633.7,baseline_coarse,3710.3,VERIFY_FIRST,,,False,2026-10-08T18:32:36.065012+00:00
AD002940,AC002285,T1,422/1,12th x; 5th main,Hosa Badavane,960101,-519.4,-1252.3,baseline_coarse,3710.3,VERIFY_FIRST,,,False,2026-10-08T18:32:36.065012+00:00
AD002941,AC002285,T1,134,12th cross; 6th main,Gandhi Nagar,,560.3,-2950.9,baseline_coarse,3710.3,VERIFY_FIRST,,,False,2026-10-08T18:32:36.065012+00:00
AD002942,AC002286,T2,9,gali no. 9,Gandhi Basti,970203,1273.7,1633.5,baseline_street,162.1,VISIT_WITH_HINT,,,False,2026-10-08T18:32:36.065012+00:00
AD002943,AC002287,T3,,f block; 4th road,Silver Oak Layout,980301,-2344.3,-89.0,visit_1,77.4,DIRECT_VISIT,,,True,2026-10-08T18:32:36.065012+00:00
AD002944,AC002287,T3,,e block; 2nd road,,980304,-2429.0,-265.2,baseline_coarse,3710.3,VERIFY_FIRST,,,False,2026-10-08T18:32:36.065012+00:00
AD002945,AC002288,T2,-1,23 gali,Nehru Colony,,2958.1,214.7,landmark,357.8,VISIT_WITH_HINT,Near Community Hall (pin is a guess near this landmark),,True,2026-10-08T18:32:36.065012+00:00
AD002947,AC002289,T2,416,,Indira Colony,,933.9,299.4,landmark,357.8,VISIT_WITH_HINT,Behind Post Office (pin is a guess near this landmark),,False,2026-10-08T18:32:36.065012+00:00
AD002948,AC002290,T2,,,Krishna Puri,970202,2430.7,-1073.0,baseline_coarse,3710.3,VERIFY_FIRST,,,False,2026-10-08T18:32:36.065012+00:00
AD002949,AC002290,T2,,,Indira Colony,970202,1126.2,-65.1,baseline_coarse,3710.3,VERIFY_FIRST,,,False,2026-10-08T18:32:36.065012+00:00
AD002950,AC002291,T1,,,Basava Nagar,961001,-1008.5,-3226.7,baseline_coarse,3710.3,VERIFY_FIRST,,,False,2026-10-08T18:32:36.065012+00:00
AD002952,AC002292,T1,b/h,,Siddeshwara Colony,,1631.8,-800.8,landmark,357.8,VISIT_WITH_HINT,Near Milk Dairy (pin is a guess near this landmark),,False,2026-10-08T18:32:36.065012+00:00
AD002953,AC002293,T2,128,gali no. 1,,970202,1282.7,-1454.1,cross_account_inferred,75.0,DIRECT_VISIT,,,True,2026-10-08T18:32:36.065012+00:00
AD002954,AC002294,T1,,4th x; 6th main,Basava Nagar,960101,-1121.2,-3036.6,baseline_coarse,3710.3,VERIFY_FIRST,,,False,2026-10-08T18:32:36.065012+00:00
AD002955,AC002294,T1,,1st cross; 3rd main,,960102,1954.8,-1804.7,baseline_coarse,3710.3,VERIFY_FIRST,,,True,2026-10-08T18:32:36.065012+00:00
AD002956,AC002295,T3,,,Silver Oak Layout,980301,-3034.2,-201.5,visits_agree,47.9,DIRECT_VISIT,,,False,2026-10-08T18:32:36.065012+00:00
AD002957,AC002296,T2,-12,464 gali,Shivaji Nagar,,528.6,-2959.5,baseline_coarse,3710.3,VERIFY_FIRST,,,False,2026-10-08T18:32:36.065012+00:00
AD002958,AC002296,T2,453,gali no. 4,,970203,941.3,1123.1,cross_account_inferred,75.0,DIRECT_VISIT,,,False,2026-10-08T18:32:36.065012+00:00
AD002959,AC002297,T3,3,,Silver Oak Layout,980301,-2450.1,-537.9,visits_disagree,387.8,VISIT_WITH_HINT,Opposite Masjid (about 30 m from pin),,False,2026-10-08T18:32:36.065012+00:00
AD002960,AC002298,T3,,2nd road,Orchid Enclave,980301,-432.7,-3506.1,baseline_street,162.1,VISIT_WITH_HINT,,,False,2026-10-08T18:32:36.065012+00:00
AD002961,AC002299,T2,5,gali no. 5,Azad Mohalla,970203,1002.9,2713.9,baseline_coarse,3710.3,VERIFY_FIRST,,,False,2026-10-08T18:32:36.065012+00:00
AD002962,AC002300,T2,-12,,Azad Mohalla,970203,976.6,3136.1,visits_agree,47.9,DIRECT_VISIT,,,False,2026-10-08T18:32:36.065012+00:00
AD002964,AC002301,T3,,,Railway Colony,980304,-2716.2,1918.1,visits_agree,47.9,DIRECT_VISIT,,,False,2026-10-08T18:32:36.065012+00:00
AD002965,AC002302,T1,237,11th cross; 1st main,Hosa Badavane,960101,-700.0,-1242.5,baseline_coarse,3710.3,VERIFY_FIRST,,,False,2026-10-08T18:32:36.065012+00:00
AD002966,AC002303,T2,375,375 gali,Azad Mohalla,970203,417.2,2575.1,visits_agree,47.9,DIRECT_VISIT,Opposite Community Hall (about 110 m from pin),,True,2026-10-08T18:32:36.065012+00:00
AD002967,AC002304,T1,,2nd cross; 2nd main,Ashoka Layout,960104,-1246.7,-3.8,visits_agree,47.9,DIRECT_VISIT,Near Medical Store (about 60 m from pin),,True,2026-10-08T18:32:36.065012+00:00
AD002968,AC002305,T3,,f block; 3rd road,Lakeview Phase 2,980303,3929.9,720.8,visits_agree,47.9,DIRECT_VISIT,,,True,2026-10-08T18:32:36.065012+00:00
AD002969,AC002306,T3,,,,980301,1007.5,-3914.8,baseline_coarse,3710.3,VERIFY_FIRST,,,False,2026-10-08T18:32:36.065012+00:00
AD002970,AC002306,T3,,,Defence Colony,980301,-1239.1,-2298.0,landmark,357.8,VISIT_WITH_HINT,Near Church (pin is a guess near this landmark),,False,2026-10-08T18:32:36.065012+00:00
AD002971,AC002307,T2,,,Krishna Puri,970202,2048.1,-1324.2,landmark,357.8,VISIT_WITH_HINT,Behind Masjid (pin is a guess near this landmark),,False,2026-10-08T18:32:36.065012+00:00
AD002972,AC002307,T2,330,gali no. 5,Ram Nagar,970203,2083.6,1623.1,landmark,357.8,VISIT_WITH_HINT,Near Community Hall (pin is a guess near this landmark),,False,2026-10-08T18:32:36.065012+00:00
AD002973,AC002308,T2,286,,,970202,1156.6,-2176.6,visits_disagree,387.8,VISIT_WITH_HINT,Near Govt School (about 140 m from pin),,True,2026-10-08T18:32:36.065012+00:00
AD002974,AC002309,T2,-9,,Patel Nagar,970202,1440.8,-1984.6,landmark,357.8,VISIT_WITH_HINT,Near Church (pin is a guess near this landmark),,False,2026-10-08T18:32:36.065012+00:00
AD002975,AC002310,T2,7,gali no. 7,Ram Nagar,970203,2343.2,1984.5,baseline_coarse,3710.3,VERIFY_FIRST,,,False,2026-10-08T18:32:36.065012+00:00
AD002976,AC002311,T2,36,gali no. 12,Patel Nagar,970202,1385.4,-1659.8,visit_1,77.4,DIRECT_VISIT,,,False,2026-10-08T18:32:36.065012+00:00
AD002977,AC002312,T3,342,5th road,Green Park Layout,980301,-2667.9,-491.0,visits_agree,47.9,DIRECT_VISIT,,,False,2026-10-08T18:32:36.065012+00:00
AD002978,AC002313,T1,99/2,,Nehru Colony,960102,2870.3,-2346.1,landmark,357.8,VISIT_WITH_HINT,Near Hanuman Temple (pin is a guess near this landmark),,False,2026-10-08T18:32:36.065012+00:00
AD002979,AC002314,T1,217,,,,1363.5,165.8,visits_agree,47.9,DIRECT_VISIT,Behind Govt School (about 150 m from pin),,True,2026-10-08T18:32:36.065012+00:00
AD002980,AC002315,T1,384,3rd; 6th main,Gandhi Nagar,960102,671.1,-3184.1,baseline_coarse,3710.3,VERIFY_FIRST,,,False,2026-10-08T18:32:36.065012+00:00
AD002981,AC002316,T3,429,,Lakeview Phase 2,980303,3925.0,539.3,visits_agree,47.9,DIRECT_VISIT,,,True,2026-10-08T18:32:36.065012+00:00
AD002982,AC002317,T3,,,Palm Meadows,980302,3064.5,-2330.8,visits_agree,47.9,DIRECT_VISIT,Opposite Milk Dairy (pin is at this landmark),,False,2026-10-08T18:32:36.065012+00:00
AD002983,AC002318,T1,,4th main,,960104,-2815.2,848.0,visits_disagree,387.8,VISIT_WITH_HINT,,,True,2026-10-08T18:32:36.065012+00:00
AD002984,AC002319,T2,8,gali no. 8,Azad Mohalla,970203,2989.1,730.1,cross_account_inferred,75.0,DIRECT_VISIT,,,False,2026-10-08T18:32:36.065012+00:00
AD002986,AC002320,T3,,b block; 3rd road,Lakeview Phase 2,980303,3789.2,102.4,visit_1,77.4,DIRECT_VISIT,,,False,2026-10-08T18:32:36.065012+00:00
AD002987,AC002321,T1,,3rd cross,Gandhi Nagar,960102,730.4,-3301.6,visit_1,77.4,DIRECT_VISIT,,,False,2026-10-08T18:32:36.065012+00:00
AD002988,AC002322,T3,,,Palm Meadows,980302,3128.2,-2406.1,visit_1,77.4,DIRECT_VISIT,,,True,2026-10-08T18:32:36.065012+00:00
AD002989,AC002323,T3,42,,Railway Colony,980304,-2628.9,1730.9,visit_1,77.4,DIRECT_VISIT,,,False,2026-10-08T18:32:36.065012+00:00
AD002990,AC002324,T3,,,HMT Colony,980301,-963.6,-311.3,visit_1,77.4,DIRECT_VISIT,,,False,2026-10-08T18:32:36.065012+00:00
AD002991,AC002325,T1,265,5th cross; 2nd main,Nehru Colony,960102,2537.5,-2211.9,visits_agree,47.9,DIRECT_VISIT,,,True,2026-10-08T18:32:36.065012+00:00
AD002992,AC002326,T2,61,61 gali,Shastri Nagar,970201,-651.2,-773.0,landmark,357.8,VISIT_WITH_HINT,Near Masjid (pin is a guess near this landmark),,False,2026-10-08T18:32:36.065012+00:00
AD002993,AC002327,T1,466,1st main,Gandhi Nagar,960102,293.9,-2746.9,visits_agree,47.9,DIRECT_VISIT,Opposite Hanuman Temple (about 120 m from pin),,True,2026-10-08T18:32:36.065012+00:00
AD002994,AC002328,T1,477,,Shanthi Nagar,960101,-2018.6,-2173.4,landmark,357.8,VISIT_WITH_HINT,Near Bus Stop (pin is a guess near this landmark),,False,2026-10-08T18:32:36.065012+00:00
AD002995,AC002329,T1,,12th x; 4th main,Kuvempu Layout,960102,976.4,233.6,visit_1,77.4,DIRECT_VISIT,Near Ration Shop (about 170 m from pin),,True,2026-10-08T18:32:36.065012+00:00
AD002996,AC002330,T1,,5th cross; 2nd main,Hosa Badavane,960101,-750.8,-1527.6,visits_agree,47.9,DIRECT_VISIT,,,False,2026-10-08T18:32:36.065012+00:00
AD002997,AC002331,T3,,,Palm Meadows,980302,2885.2,-2015.9,visits_agree,47.9,DIRECT_VISIT,,,True,2026-10-08T18:32:36.065012+00:00
AD002999,AC002332,T2,371,gali 5,Ambedkar Nagar,,-1168.0,3189.9,baseline_street,162.1,VISIT_WITH_HINT,,,False,2026-10-08T18:32:36.065012+00:00
AD003000,AC002333,T1,,1st cross; 7th main,Kuvempu Layout,960102,817.7,172.4,landmark,357.8,VISIT_WITH_HINT,Near Ration Shop (pin is a guess near this landmark),,False,2026-10-08T18:32:36.065012+00:00
AD003002,AC002334,T2,,gali 8,Patel Nagar,970202,1728.0,-1906.3,visit_1,77.4,DIRECT_VISIT,,,False,2026-10-08T18:32:36.065012+00:00
AD003003,AC002335,T2,389/1,,,970202,1508.7,-1034.7,baseline_coarse,3710.3,VERIFY_FIRST,,,False,2026-10-08T18:32:36.065012+00:00
AD003004,AC002336,T1,,,Nehru Colony,960102,2992.4,-2510.1,visits_disagree,387.8,VISIT_WITH_HINT,,,True,2026-10-08T18:32:36.065012+00:00
AD003005,AC002336,T1,,,,960101,-1401.7,-2364.6,baseline_coarse,3710.3,VERIFY_FIRST,,,True,2026-10-08T18:32:36.065012+00:00
AD003006,AC002337,T1,,,Gandhi Nagar,961002,490.6,-3208.3,baseline_coarse,3710.3,VERIFY_FIRST,,,True,2026-10-08T18:32:36.065012+00:00
AD003007,AC002338,T2,,,Azad Mohalla,970203,884.0,2753.0,visit_1,77.4,DIRECT_VISIT,Near Govt School (about 170 m from pin),,True,2026-10-08T18:32:36.065012+00:00
AD003008,AC002338,T2,-5,,Indira Colony,970202,1397.8,-82.2,visit_1,77.4,DIRECT_VISIT,,,True,2026-10-08T18:32:36.065012+00:00
AD003009,AC002339,T3,48,f block; 5th road,Sunrise Enclave,,-261.0,3381.3,baseline_street,162.1,VISIT_WITH_HINT,,,False,2026-10-08T18:32:36.065012+00:00
AD003010,AC002340,T1,,7th cross; 4th main,Basava Nagar,960101,-1120.2,-3087.4,visits_agree,47.9,DIRECT_VISIT,,,True,2026-10-08T18:32:36.065012+00:00
AD003011,AC002340,T1,,11th cross; 2nd main,Siddeshwara Colony,960102,1741.0,-632.8,visit_1,77.4,DIRECT_VISIT,,,False,2026-10-08T18:32:36.065012+00:00
AD003012,AC002341,T3,477,2nd rd,Orchid Enclave,980301,-652.7,-3836.1,visits_agree,47.9,DIRECT_VISIT,,,False,2026-10-08T18:32:36.065012+00:00
AD003013,AC002342,T2,337,337 gali,Patel Nagar,970202,1526.1,-2484.8,visits_disagree,387.8,VISIT_WITH_HINT,,,False,2026-10-08T18:32:36.065012+00:00
AD003014,AC002342,T2,57,gali 7,Nehru Colony,970203,809.3,3008.7,cross_account_inferred,75.0,DIRECT_VISIT,,,False,2026-10-08T18:32:36.065012+00:00
AD003015,AC002343,T2,199,,Azad Mohalla,970203,972.1,2461.3,visits_agree,47.9,DIRECT_VISIT,Opposite Ration Shop (about 90 m from pin),,True,2026-10-08T18:32:36.065012+00:00
AD003016,AC002344,T1,74,1st cross; 4th main,Vidya Nagar,960103,2451.5,629.0,visits_disagree,387.8,VISIT_WITH_HINT,,,False,2026-10-08T18:32:36.065012+00:00
AD003017,AC002345,T2,,,Krishna Puri,970202,2578.6,-1291.4,baseline_coarse,3710.3,VERIFY_FIRST,,,False,2026-10-08T18:32:36.065012+00:00
AD003018,AC002345,T2,-3,,Azad Mohalla,970203,1213.8,2524.6,landmark,357.8,VISIT_WITH_HINT,Near Medical Store (pin is a guess near this landmark),,False,2026-10-08T18:32:36.065012+00:00
AD003019,AC002346,T2,478,478 gali,Azad Mohalla,970203,668.6,2782.5,visits_agree,47.9,DIRECT_VISIT,,,False,2026-10-08T18:32:36.065012+00:00
AD003020,AC002347,T1,465/2,10th cross; 3rd main,,960104,-1550.8,649.1,landmark,357.8,VISIT_WITH_HINT,Behind Hanuman Temple (pin is a guess near this landmark),,True,2026-10-08T18:32:36.065012+00:00
AD003022,AC002348,T3,,,Teachers Colony,,732.3,-1067.4,landmark,357.8,VISIT_WITH_HINT,Near Church (pin is a guess near this landmark),,True,2026-10-08T18:32:36.065012+00:00
AD003024,AC002349,T2,7,gali no. 7,Azad Mohalla,970203,815.7,2749.5,baseline_coarse,3710.3,VERIFY_FIRST,,,True,2026-10-08T18:32:36.065012+00:00
AD003025,AC002349,T2,,gali 3,,970201,1252.3,-2490.2,baseline_street,162.1,VISIT_WITH_HINT,,,False,2026-10-08T18:32:36.065012+00:00
AD003026,AC002350,T1,,6th main,Nehru Colony,960102,2907.0,-2465.7,visits_agree,47.9,DIRECT_VISIT,,,True,2026-10-08T18:32:36.065012+00:00
AD003027,AC002351,T1,365,,Vidya Nagar,960103,2109.4,1079.1,visit_1,77.4,DIRECT_VISIT,,,False,2026-10-08T18:32:36.065012+00:00
AD003028,AC002352,T1,,6th main,Ashoka Layout,960104,-1122.4,327.5,landmark,357.8,VISIT_WITH_HINT,Near Ganesh Temple (pin is a guess near this landmark),,False,2026-10-08T18:32:36.065012+00:00
AD003029,AC002353,T3,,,Orchid Enclave,980301,-639.9,-3367.2,landmark,357.8,VISIT_WITH_HINT,Near Hanuman Temple (pin is a guess near this landmark),,False,2026-10-08T18:32:36.065012+00:00
AD003030,AC002354,T1,,,Nehru Colony,960102,2856.1,-1946.7,visit_1,77.4,DIRECT_VISIT,Near Community Hall (about 190 m from pin),,False,2026-10-08T18:32:36.065012+00:00
AD003031,AC002354,T1,,9th cross; 5th main,,960101,-523.1,-1063.1,baseline_street,162.1,VISIT_WITH_HINT,,,False,2026-10-08T18:32:36.065012+00:00
AD003032,AC002355,T2,10,gali no. 10,Krishna Puri,970202,2447.4,-1191.9,landmark,357.8,VISIT_WITH_HINT,Near Post Office (pin is a guess near this landmark),,False,2026-10-08T18:32:36.065012+00:00
AD003034,AC002356,T3,271,,Teachers Colony,980302,919.4,-866.2,baseline_coarse,3710.3,VERIFY_FIRST,,,False,2026-10-08T18:32:36.065012+00:00
AD003035,AC002357,T1,,,Vidya Nagar,960103,2331.0,1450.7,visits_agree,47.9,DIRECT_VISIT,,,True,2026-10-08T18:32:36.065012+00:00
AD003036,AC002357,T1,,4th main,Vidya Nagar,960103,2467.9,1182.6,baseline_street,162.1,VISIT_WITH_HINT,,,False,2026-10-08T18:32:36.065012+00:00
AD003037,AC002358,T2,,gali 6,Nehru Colony,970203,2529.2,509.4,baseline_street,162.1,VISIT_WITH_HINT,,,False,2026-10-08T18:32:36.065012+00:00
AD003038,AC002359,T2,,,Nehru Colony,970203,3316.0,761.7,visit_1,77.4,DIRECT_VISIT,,,False,2026-10-08T18:32:36.065012+00:00
AD003039,AC002360,T3,415,,Railway Colony,,-2676.5,1609.6,baseline_coarse,3710.3,VERIFY_FIRST,,,False,2026-10-08T18:32:36.065012+00:00
AD003040,AC002361,T2,,gali 5,Subhash Nagar,970201,-1740.4,-2787.2,baseline_coarse,3710.3,VERIFY_FIRST,,,True,2026-10-08T18:32:36.065012+00:00
AD003041,AC002362,T1,356,1st main,,960104,783.6,-216.0,visits_agree,47.9,DIRECT_VISIT,Near Ganesh Temple (about 170 m from pin),,False,2026-10-08T18:32:36.065012+00:00
AD003042,AC002362,T1,,10th x; 6th main,,960103,990.6,19.4,baseline_coarse,3710.3,VERIFY_FIRST,,,True,2026-10-08T18:32:36.065012+00:00
AD003043,AC002363,T1,,10th cross; 6th main,Anjaneya Badavane,960103,428.7,2225.7,baseline_coarse,3710.3,VERIFY_FIRST,,,False,2026-10-08T18:32:36.065012+00:00
AD003044,AC002364,T2,105,gali no. 1,Patel Nagar,970202,1267.7,-1454.1,cross_account_inferred,75.0,DIRECT_VISIT,,,False,2026-10-08T18:32:36.065012+00:00
AD003045,AC002365,T2,300,300 gali,Krishna Puri,970202,2943.3,-1265.5,visits_agree,47.9,DIRECT_VISIT,,,True,2026-10-08T18:32:36.065012+00:00
AD003046,AC002366,T3,,,Green Park Layout,,-3990.5,-1086.5,landmark,357.8,VISIT_WITH_HINT,Near Hanuman Temple (pin is a guess near this landmark),,False,2026-10-08T18:32:36.065012+00:00
AD003047,AC002366,T3,,e block; 2nd road,Green Park Layout,980301,-3974.0,-1113.7,baseline_coarse,3710.3,VERIFY_FIRST,,,False,2026-10-08T18:32:36.065012+00:00
AD003048,AC002367,T1,,12th cross,Shanthi Nagar,,-2418.9,-2368.6,baseline_coarse,3710.3,VERIFY_FIRST,,,False,2026-10-08T18:32:36.065012+00:00
AD003049,AC002368,T1,266,1st main,Shanthi Nagar,960101,-2508.2,-2473.3,baseline_street,162.1,VISIT_WITH_HINT,,,False,2026-10-08T18:32:36.065012+00:00
AD003050,AC002369,T2,,,Azad Mohalla,970203,794.1,2623.1,visits_agree,47.9,DIRECT_VISIT,,,True,2026-10-08T18:32:36.065012+00:00
AD003051,AC002370,T1,,4th x; 4th main,Nehru Colony,960102,2870.3,-2346.1,landmark,357.8,VISIT_WITH_HINT,Near Hanuman Temple (pin is a guess near this landmark),,True,2026-10-08T18:32:36.065012+00:00
AD003052,AC002371,T2,,gali 4,Shivaji Nagar,970202,611.9,-2869.8,baseline_coarse,3710.3,VERIFY_FIRST,,,False,2026-10-08T18:32:36.065012+00:00
AD003053,AC002372,T1,95,8th main,Nehru Colony,960102,3256.0,-2207.1,visit_1,77.4,DIRECT_VISIT,,,False,2026-10-08T18:32:36.065012+00:00
AD003054,AC002372,T1,120,11th cross; 8th main,Vinayaka Nagar,960104,-2784.3,1198.3,baseline_coarse,3710.3,VERIFY_FIRST,,,False,2026-10-08T18:32:36.065012+00:00
AD003055,AC002373,T3,215,f block; 6th road,Lakeview Phase 2,980303,3890.6,687.3,visits_agree,47.9,DIRECT_VISIT,,,True,2026-10-08T18:32:36.065012+00:00
AD003056,AC002374,T1,,7th cross; 7th main,,960101,-724.9,-3104.0,cross_account_inferred,75.0,DIRECT_VISIT,,,False,2026-10-08T18:32:36.065012+00:00
AD003057,AC002375,T2,-4,,Tilak Nagar,970204,-310.8,990.8,landmark,357.8,VISIT_WITH_HINT,Near Masjid (pin is a guess near this landmark),,False,2026-10-08T18:32:36.065012+00:00
AD003058,AC002376,T2,-7,3 gali,Tilak Nagar,970204,-643.5,1512.2,landmark,357.8,VISIT_WITH_HINT,Near Petrol Bunk (pin is a guess near this landmark),,False,2026-10-08T18:32:36.065012+00:00
AD003059,AC002377,T1,76/2,7th cross; 8th main,Nehru Colony,960102,3049.4,-2157.6,landmark,357.8,VISIT_WITH_HINT,Near Ration Shop (pin is a guess near this landmark),,False,2026-10-08T18:32:36.065012+00:00
AD003060,AC002378,T2,210,,Azad Mohalla,970203,854.6,2780.8,visits_agree,47.9,DIRECT_VISIT,,,False,2026-10-08T18:32:36.065012+00:00
AD003062,AC002379,T2,,gali 8,Indira Colony,970202,1219.0,-157.6,baseline_street,162.1,VISIT_WITH_HINT,,,False,2026-10-08T18:32:36.065012+00:00
AD003063,AC002380,T3,,,Teachers Colony,980302,748.3,-746.9,baseline_street,162.1,VISIT_WITH_HINT,,,False,2026-10-08T18:32:36.065012+00:00
AD003064,AC002380,T3,,e block; 3rd road,Palm Meadows,980302,3231.2,-1663.6,landmark,357.8,VISIT_WITH_HINT,Near Ration Shop (pin is a guess near this landmark),,False,2026-10-08T18:32:36.065012+00:00
AD003065,AC002381,T2,,,Azad Mohalla,970203,699.6,2863.9,visits_agree,47.9,DIRECT_VISIT,,,True,2026-10-08T18:32:36.065012+00:00
AD003066,AC002381,T2,7,,Krishna Puri,970202,2376.9,-1178.1,visits_agree,47.9,DIRECT_VISIT,Opposite Post Office (about 70 m from pin),,False,2026-10-08T18:32:36.065012+00:00
AD003067,AC002382,T2,221,gali 12,Patel Nagar,,1402.7,-1827.3,visits_agree,47.9,DIRECT_VISIT,,,True,2026-10-08T18:32:36.065012+00:00
AD003068,AC002382,T2,1222,,Shastri Nagar,970201,-618.6,-758.5,baseline_coarse,3710.3,VERIFY_FIRST,,,False,2026-10-08T18:32:36.065012+00:00
AD003069,AC002383,T2,256,gali 3,Gandhi Basti,970203,3091.5,303.7,cross_account_inferred,75.0,DIRECT_VISIT,,,False,2026-10-08T18:32:36.065012+00:00
AD003070,AC002384,T2,368,gali 3,Ram Nagar,970203,2335.2,1476.5,landmark,357.8,VISIT_WITH_HINT,Near Ration Shop (pin is a guess near this landmark),,False,2026-10-08T18:32:36.065012+00:00
AD003071,AC002385,T3,,,Orchid Enclave,980031,-668.5,-3901.1,baseline_street,162.1,VISIT_WITH_HINT,,,False,2026-10-08T18:32:36.065012+00:00
AD003072,AC002385,T3,,b block; 5th rd,HMT Colony,980031,-804.9,-831.0,visit_1,77.4,DIRECT_VISIT,,,False,2026-10-08T18:32:36.065012+00:00
AD003073,AC002386,T1,113,9th cross; 7th main,,960102,1137.8,-1134.5,baseline_coarse,3710.3,VERIFY_FIRST,,,True,2026-10-08T18:32:36.065012+00:00
AD003074,AC002387,T2,,,,970202,1499.5,-2117.0,visits_agree,47.9,DIRECT_VISIT,,,True,2026-10-08T18:32:36.065012+00:00
AD003075,AC002388,T3,362,,HMT Colony,980301,-629.8,-575.4,baseline_coarse,3710.3,VERIFY_FIRST,,,False,2026-10-08T18:32:36.065012+00:00
AD003076,AC002388,T3,42,a block; 2nd road,,980302,-815.5,-589.5,baseline_coarse,3710.3,VERIFY_FIRST,,,False,2026-10-08T18:32:36.065012+00:00
AD003077,AC002389,T2,6,gali no. 6,Krishna Puri,970202,1222.6,-2133.9,cross_account_inferred,75.0,DIRECT_VISIT,,,True,2026-10-08T18:32:36.065012+00:00
AD003078,AC002390,T2,,,Nehru Colony,970203,2844.3,775.5,landmark,357.8,VISIT_WITH_HINT,Near Water Tank (pin is a guess near this landmark),,False,2026-10-08T18:32:36.065012+00:00
AD003080,AC002391,T3,186/1,e block; 5th rd,Teachers Colony,980302,823.0,-420.4,landmark,357.8,VISIT_WITH_HINT,Near Ganesh Temple (pin is a guess near this landmark),,False,2026-10-08T18:32:36.065012+00:00
AD003081,AC002392,T2,-1,,Shivaji Nagar,970202,624.1,-2928.1,baseline_coarse,3710.3,VERIFY_FIRST,,,False,2026-10-08T18:32:36.065012+00:00
AD003082,AC002393,T2,424,gali 9,Nehru Colony,970203,1006.0,1450.3,cross_account_inferred,75.0,DIRECT_VISIT,,,False,2026-10-08T18:32:36.065012+00:00
AD003083,AC002394,T1,352,,Basava Nagar,960101,-1383.6,-2714.2,visits_agree,47.9,DIRECT_VISIT,,,True,2026-10-08T18:32:36.065012+00:00
AD003084,AC002395,T1,416,3rd cross; 6th main,Vinayaka Nagar,960104,-2950.8,1344.1,baseline_coarse,3710.3,VERIFY_FIRST,,,False,2026-10-08T18:32:36.065012+00:00
AD003085,AC002396,T1,56,11th cross,Nehru Colony,960102,3334.2,-2080.9,visits_agree,47.9,DIRECT_VISIT,,,False,2026-10-08T18:32:36.065012+00:00
AD003086,AC002397,T3,133/1,3rd rd,Teachers Colony,980302,703.2,-867.4,visit_1,77.4,DIRECT_VISIT,,,False,2026-10-08T18:32:36.065012+00:00
AD003087,AC002398,T2,,,,970204,2670.5,-1356.2,visits_agree,47.9,DIRECT_VISIT,Near Water Tank (about 100 m from pin),,False,2026-10-08T18:32:36.065012+00:00
AD003088,AC002399,T3,274/2,e block; 4th road,,980303,3666.8,552.3,cross_account_inferred,75.0,DIRECT_VISIT,Near Ration Shop (about 50 m from pin),,True,2026-10-08T18:32:36.065012+00:00
AD003090,AC002400,T1,,7th cross; 6th main,Gandhi Nagar,960102,960.4,-2976.6,visits_agree,47.9,DIRECT_VISIT,,,False,2026-10-08T18:32:36.065012+00:00
AD003092,AC001768,T2,,,Ram Nagar,970203,2129.1,1820.0,baseline_coarse,3710.3,VERIFY_FIRST,,,False,2026-10-08T18:32:36.065012+00:00
AD003094,AC002225,T1,,2nd main,Kuvempu Layout,960102,1137.6,-22.3,visit_1,77.4,DIRECT_VISIT,,,False,2026-10-08T18:32:36.065012+00:00
AD003096,AC001013,T1,,9th cross; 2nd main,Kalyana Nagar,960104,-1724.4,2563.0,baseline_coarse,3710.3,VERIFY_FIRST,,,False,2026-10-08T18:32:36.065012+00:00
AD003098,AC001529,T2,213,,Azad Mohalla,970203,758.4,3083.5,visits_disagree,387.8,VISIT_WITH_HINT,Near Petrol Bunk (about 140 m from pin),,False,2026-10-08T18:32:36.065012+00:00
AD003099,AC001408,T1,,6th cross; 4th main,Nehru Colony,960102,2717.2,-2216.1,visits_agree,47.9,DIRECT_VISIT,Opposite Park (about 90 m from pin),,False,2026-10-08T18:32:36.065012+00:00
AD003100,AC001748,T1,399,,Kuvempu Layout,960102,1014.9,243.1,visits_agree,47.9,DIRECT_VISIT,,,False,2026-10-08T18:32:36.065012+00:00
AD003102,AC001232,T1,,6th x,Gandhi Nagar,,1004.9,-3064.4,visits_disagree,387.8,VISIT_WITH_HINT,,,False,2026-10-08T18:32:36.065012+00:00
AD003104,AC001882,T2,387,387 gali,Tilak Nagar,970204,-643.5,1512.2,landmark,357.8,VISIT_WITH_HINT,Opposite Petrol Bunk (pin is a guess near this landmark),,False,2026-10-08T18:32:36.065012+00:00
AD003105,AC001373,T3,149,,Sunrise Enclave,980304,-117.3,3050.8,visits_disagree,387.8,VISIT_WITH_HINT,,,False,2026-10-08T18:32:36.065012+00:00
AD003106,AC002288,T2,315,315 gali,Indira Colony,970202,1370.9,220.7,visits_agree,47.9,DIRECT_VISIT,,,False,2026-10-08T18:32:36.065012+00:00
AD003107,AC001202,T1,,6th cross; 3rd,,960102,1029.2,-1109.4,baseline_coarse,3710.3,VERIFY_FIRST,,,False,2026-10-08T18:32:36.065012+00:00
AD003110,AC000542,T1,,8th main,Hosa Badavane,960101,-533.9,-1247.6,baseline_coarse,3710.3,VERIFY_FIRST,,,False,2026-10-08T18:32:36.065012+00:00
AD003111,AC000602,T3,61,b block; 3rd rd,Sunrise Enclave,980304,-720.2,2971.9,landmark,357.8,VISIT_WITH_HINT,Near Church (pin is a guess near this landmark),,False,2026-10-08T18:32:36.065012+00:00
AD003113,AC002368,T1,,3rd cross; 5th main,Ashoka Layout,960104,-1122.4,327.5,landmark,357.8,VISIT_WITH_HINT,Near Ganesh Temple (pin is a guess near this landmark),,False,2026-10-08T18:32:36.065012+00:00
AD003115,AC001755,T2,,,Shivaji Nagar,970202,999.8,-3112.8,landmark,357.8,VISIT_WITH_HINT,Opposite Hanuman Temple (pin is a guess near this landmark),,False,2026-10-08T18:32:36.065012+00:00
AD003117,AC000977,T1,284,1st cross; 8th main,,960102,2945.5,-2722.3,cross_account_inferred,75.0,DIRECT_VISIT,,,False,2026-10-08T18:32:36.065012+00:00
