address_id,account_id,town_id,px,py,tier,can_geocode,n_good_visits,landmark_hint,reason,best_evidence_source,negative_evidence_score,clean_street,clean_locality,clean_pincode,remark_confidence,pincode_str,locality_str
AD000001,AC000001,T1,1210.3,-180.3,visits_agree,True,3,,Synthesized from 3 verified field visit dwell centroids (visits_agree),field_visit_dwell,0.0,6th cross; 5th main,Kuvempu Layout,960102,0.2,960102,Kuvempu Layout
AD000002,AC000001,T1,-2449.8,-2068.9,visit_1,True,1,Field Remark: Near Neerina Tank (conf=0.82),Synthesized from 1 verified field visit dwell centroids (visit_1),field_visit_dwell,0.0,12th cross; 3rd main,Shanthi Nagar,960101,0.819,960101,Shanthi Nagar
AD000003,AC000002,T3,-3692.1,-916.4,baseline_coarse,True,0,,Coarse baseline locality/ward centroid,baseline_coarse,0.0,e block; 2nd road,Green Park Layout,980301,0.0,980301,Green Park Layout
AD000004,AC000003,T2,2775.9,-1262.8,baseline_coarse,True,0,,Coarse baseline locality/ward centroid,baseline_coarse,0.0,81 gali,Krishna Puri,970202,0.0,970202,Krishna Puri
AD000005,AC000004,T2,471.9,-3260.2,landmark,True,0,Behind Ration Shop (pin is a guess near this landmark),Promoted to nearest un-repelled landmark POI 'Ration Shop',landmark_poi_fallback,0.0,,Shivaji Nagar,970202,0.0,970202,Shivaji Nagar
AD000006,AC000004,OUT,,,unmapped_village,False,0,,Village outside mapped urban town coverage; zero baseline geocode and zero field visits,unmapped_village,0.0,,,996281,0.0,996281,
AD000007,AC000005,T2,107.8,1245.9,landmark,True,0,Near Ration Shop (pin is a guess near this landmark),Promoted to nearest un-repelled landmark POI 'Ration Shop',landmark_poi_fallback,0.0,,Tilak Nagar,970204,0.0,970204,Tilak Nagar
AD000008,AC000006,T1,-2950.8,1246.7,baseline_coarse,True,0,,Coarse baseline locality/ward centroid,baseline_coarse,0.0,1st main,Vinayaka Nagar,960104,0.0,960104,Vinayaka Nagar
AD000009,AC000007,T1,3055.6,-2277.8,visit_1,True,1,Near Hanuman Temple (about 200 m from pin),Synthesized from 1 verified field visit dwell centroids (visit_1),field_visit_dwell,0.0,7th main,Nehru Colony,960102,0.3,960102,Nehru Colony
AD000010,AC000007,T1,-2067.2,1732.8,baseline_coarse,True,0,,Coarse baseline locality/ward centroid,baseline_coarse,0.0,6th x; 1st main,,960104,0.0,960104,
AD000011,AC000008,T3,3051.1,-2317.6,landmark,True,0,Opposite Milk Dairy (pin is a guess near this landmark),Promoted to nearest un-repelled landmark POI 'Milk Dairy',landmark_poi_fallback,0.0,,Palm Meadows,980302,0.0,980302,Palm Meadows
AD000012,AC000009,T2,-656.8,-545.4,visits_agree,True,6,Field Remark: Behind Dak Ghar (conf=0.83),Synthesized from 6 verified field visit dwell centroids (visits_agree),field_visit_dwell,0.0,52 gali,Shastri Nagar,970201,0.83,970201,Shastri Nagar
AD000013,AC000010,T2,-1016.5,2852.7,landmark,True,0,Opposite Water Tank (pin is a guess near this landmark),Promoted to nearest un-repelled landmark POI 'Water Tank',landmark_poi_fallback,0.0,gali no. 4,Ambedkar Nagar,970204,0.0,970204,Ambedkar Nagar
AD000014,AC000011,T2,-1054.7,2946.9,baseline_street,True,0,,High-precision baseline geocoder (street),baseline_high_precision,0.0,,Ambedkar Nagar,,0.0,,Ambedkar Nagar
AD000015,AC000012,T1,1208.0,-178.9,visit_1,True,1,,Synthesized from 1 verified field visit dwell centroids (visit_1),field_visit_dwell,0.0,,,960104,0.2,960104,
AD000016,AC000013,T2,754.5,2396.6,visits_disagree,True,9,Field Remark: Opposite Ration Dukan (conf=0.85),Synthesized from 9 verified field visit dwell centroids (visits_disagree),field_visit_dwell,0.0,gali 2,Azad Mohalla,970203,0.85,970203,Azad Mohalla
AD000017,AC000014,T2,-1022.1,3006.8,visits_agree,True,2,Opposite Water Tank (about 150 m from pin),Synthesized from 2 verified field visit dwell centroids (visits_agree),field_visit_dwell,0.0,,Ambedkar Nagar,970204,0.2,970204,Ambedkar Nagar
AD000018,AC000015,T1,643.2,2392.9,visits_agree,True,4,Field Remark: Opposite Ration Angadi (conf=0.85),Synthesized from 4 verified field visit dwell centroids (visits_agree),field_visit_dwell,0.0,6th cross; 7th main,Anjaneya Badavane,,0.85,,Anjaneya Badavane
AD000019,AC000016,T3,-3064.3,177.9,visit_1,True,1,,Synthesized from 1 verified field visit dwell centroids (visit_1),field_visit_dwell,0.0,,Silver Oak Layout,980301,0.2,980301,Silver Oak Layout
AD000020,AC000017,T1,-1757.6,1140.6,baseline_coarse,True,0,,Coarse baseline locality/ward centroid,baseline_coarse,0.0,3rd cross; 6th main,,960104,0.0,960104,
AD000021,AC000018,T3,4029.7,339.0,baseline_street,True,0,,High-precision baseline geocoder (rooftop),baseline_high_precision,0.0,,,980303,0.0,980303,
AD000022,AC000019,T1,1516.8,-353.6,baseline_street,True,0,,High-precision baseline geocoder (street),baseline_high_precision,0.0,4th cross; 8th main,Kuvempu Layout,960102,0.0,960102,Kuvempu Layout
AD000023,AC000020,T3,-2953.6,-18.5,visits_disagree,True,6,Field Remark: Beside Tanki (conf=0.83),Synthesized from 6 verified field visit dwell centroids (visits_disagree),field_visit_dwell,0.0,,Silver Oak Layout,980301,0.832,980301,Silver Oak Layout
AD000024,AC000021,T3,-2110.2,1617.4,landmark,True,0,Near Ganesh Temple (pin is a guess near this landmark),Promoted to nearest un-repelled landmark POI 'Ganesh Temple',landmark_poi_fallback,0.0,f block; 5th road,Railway Colony,980304,0.0,980304,Railway Colony
AD000025,AC000021,T3,-252.0,2905.8,baseline_coarse,True,0,,Coarse baseline locality/ward centroid,baseline_coarse,0.0,,Sunrise Enclave,980304,0.0,980304,Sunrise Enclave
AD000026,AC000022,T1,-2691.2,1426.5,cross_account_street,True,0,,Coarse baseline locality/ward centroid,baseline_coarse,0.0,9th cross; 7th main,Vinayaka Nagar,960104,0.0,960104,Vinayaka Nagar
AD000027,AC000023,T2,910.0,2918.2,visits_disagree,True,7,,Synthesized from 7 verified field visit dwell centroids (visits_disagree),field_visit_dwell,0.0,,Azad Mohalla,970203,0.2,970203,Azad Mohalla
AD000028,AC000024,T3,-723.2,-1600.6,baseline_street,True,0,,High-precision baseline geocoder (street),baseline_high_precision,0.0,,,980302,0.0,980302,
AD000029,AC000025,T2,-1016.5,2852.7,landmark,True,0,Near Water Tank (pin is a guess near this landmark),Promoted to nearest un-repelled landmark POI 'Water Tank',landmark_poi_fallback,0.0,gali 2,Ambedkar Nagar,970204,0.0,970204,Ambedkar Nagar
AD000030,AC000026,T1,2944.0,-1697.5,visits_disagree,True,2,,Synthesized from 2 verified field visit dwell centroids (visits_disagree),field_visit_dwell,0.0,11th cross; 3rd,Nehru Colony,960102,0.425,960102,Nehru Colony
AD000031,AC000027,T3,2970.1,-2451.2,visits_agree,True,3,Opposite Milk Dairy (about 160 m from pin) | Remark Cue: Behind Milk Dairy (conf=0.83),Synthesized from 3 verified field visit dwell centroids (visits_agree),field_visit_dwell,0.0,,Palm Meadows,980302,0.83,980302,Palm Meadows
AD000032,AC000028,T2,1771.6,-1801.9,visits_disagree,True,7,Field Remark: Opposite Ganesh Mandir (conf=0.85),Synthesized from 7 verified field visit dwell centroids (visits_disagree),field_visit_dwell,0.0,gali no. 9,Patel Nagar,970202,0.85,970202,Patel Nagar
AD000033,AC000029,T1,2426.3,941.4,baseline_street,True,0,,High-precision baseline geocoder (street),baseline_high_precision,0.0,5th cross; 3rd main,Vidya Nagar,960103,0.0,960103,Vidya Nagar
AD000034,AC000029,T1,916.1,-109.8,landmark,True,0,Near Ganesh Temple (pin is a guess near this landmark),Promoted to nearest un-repelled landmark POI 'Ganesh Temple',landmark_poi_fallback,0.0,,Kuvempu Layout,960102,0.0,960102,Kuvempu Layout
AD000035,AC000030,T3,3051.1,-2317.6,landmark,True,0,Behind Milk Dairy (pin is a guess near this landmark),Promoted to nearest un-repelled landmark POI 'Milk Dairy',landmark_poi_fallback,0.0,a block; 2nd road,Palm Meadows,980302,0.0,980302,Palm Meadows
AD000036,AC000031,T3,3305.3,491.5,baseline_street,True,0,Opposite Community Hall (about 90 m from pin),High-precision baseline geocoder (street),baseline_high_precision,0.0,d block; 5th road,Lakeview Phase 2,980303,0.0,980303,Lakeview Phase 2
AD000037,AC000032,T1,551.3,-3238.9,visits_disagree,True,3,,Synthesized from 3 verified field visit dwell centroids (visits_disagree),field_visit_dwell,0.0,4th cross,,960102,0.2,960102,
AD000038,AC000032,OUT,,,unmapped_village,False,0,,Village outside mapped urban town coverage; zero baseline geocode and zero field visits,unmapped_village,0.0,,,997460,0.0,997460,
AD000039,AC000033,T2,-580.8,2531.2,visits_agree,True,2,Field Remark: Beside Medical Store (conf=0.83),Synthesized from 2 verified field visit dwell centroids (visits_agree),field_visit_dwell,0.0,gali 2,Ambedkar Nagar,970204,0.832,970204,Ambedkar Nagar
AD000040,AC000034,T1,829.8,-2924.8,visit_1,True,1,,Synthesized from 1 verified field visit dwell centroids (visit_1),field_visit_dwell,0.0,3rd; 8th main,Basava Nagar,,0.2,,Basava Nagar
AD000041,AC000034,T1,-608.9,-1093.3,visit_1,True,1,,Synthesized from 1 verified field visit dwell centroids (visit_1),field_visit_dwell,0.0,9th cross,Hosa Badavane,960101,0.2,960101,Hosa Badavane
AD000042,AC000035,T3,3765.0,483.2,baseline_coarse,True,0,,Coarse baseline locality/ward centroid,baseline_coarse,0.0,,Lakeview Phase 2,980303,0.0,980303,Lakeview Phase 2
AD000043,AC000036,T3,3933.3,713.6,visits_agree,True,5,,Synthesized from 5 verified field visit dwell centroids (visits_agree),field_visit_dwell,0.0,,Lakeview Phase 2,980303,0.3,980303,Lakeview Phase 2
AD000044,AC000036,OUT,,,unmapped_village,False,0,,Village outside mapped urban town coverage; zero baseline geocode and zero field visits,unmapped_village,0.0,,,999665,0.0,999665,
AD000045,AC000037,T3,-2505.6,-92.4,landmark,True,0,Near Govt School (pin is a guess near this landmark),Promoted to nearest un-repelled landmark POI 'Govt School',landmark_poi_fallback,0.0,,Silver Oak Layout,980301,0.0,980301,Silver Oak Layout
AD000046,AC000037,T3,-842.2,2899.6,landmark,True,0,Opposite Ration Shop (pin is a guess near this landmark),Promoted to nearest un-repelled landmark POI 'Ration Shop',landmark_poi_fallback,0.0,,Sunrise Enclave,980304,0.0,980304,Sunrise Enclave
AD000047,AC000038,T1,-2453.3,1198.7,visits_agree,True,8,Field Remark: Behind Sarkari Shaale (conf=0.83),Synthesized from 8 verified field visit dwell centroids (visits_agree),field_visit_dwell,0.0,5th x; 8th main,Vinayaka Nagar,960104,0.83,960104,Vinayaka Nagar
AD000048,AC000039,T1,-1850.9,2492.2,baseline_coarse,True,0,,Coarse baseline locality/ward centroid,baseline_coarse,0.0,5th cross; 1st main,Kalyana Nagar,960104,0.0,960104,Kalyana Nagar
AD000049,AC000040,T2,762.1,2394.1,visits_agree,True,8,,Synthesized from 8 verified field visit dwell centroids (visits_agree),field_visit_dwell,0.0,,Azad Mohalla,970203,0.2,970203,Azad Mohalla
AD000050,AC000041,T1,1085.8,-457.7,baseline_coarse,True,0,,Coarse baseline locality/ward centroid,baseline_coarse,0.0,4th cross; 8th main,,960104,0.0,960104,
AD000051,AC000041,OUT,,,unmapped_village,False,0,,Village outside mapped urban town coverage; zero baseline geocode and zero field visits,unmapped_village,0.0,,,993028,0.0,993028,
AD000052,AC000042,T1,386.5,-2773.4,baseline_street,True,0,,High-precision baseline geocoder (street),baseline_high_precision,0.0,10th cross; 1st main,Gandhi Nagar,960102,0.0,960102,Gandhi Nagar
AD000053,AC000043,T1,1978.1,-1152.9,baseline_coarse,True,0,,Coarse baseline locality/ward centroid,baseline_coarse,0.0,10th cross; 2nd main,Siddeshwara Colony,960102,0.0,960102,Siddeshwara Colony
AD000054,AC000043,T1,-3155.2,823.8,landmark,True,0,Near Ganesh Temple (pin is a guess near this landmark),Promoted to nearest un-repelled landmark POI 'Ganesh Temple',landmark_poi_fallback,0.0,,Vinayaka Nagar,960104,0.0,960104,Vinayaka Nagar
AD000055,AC000044,T3,920.0,-972.3,baseline_coarse,True,0,,Coarse baseline locality/ward centroid,baseline_coarse,0.0,1st road,Teachers Colony,980302,0.0,980302,Teachers Colony
AD000056,AC000044,T3,-3841.3,-903.0,baseline_coarse,True,0,,Coarse baseline locality/ward centroid,baseline_coarse,0.0,4th road,Green Park Layout,980301,0.0,980301,Green Park Layout
AD000057,AC000045,T3,-2505.6,-92.4,landmark,True,0,Near Govt School (pin is a guess near this landmark),Promoted to nearest un-repelled landmark POI 'Govt School',landmark_poi_fallback,0.0,,Silver Oak Layout,980301,0.0,980301,Silver Oak Layout
AD000058,AC000046,T3,-596.5,-626.0,baseline_coarse,True,0,,Coarse baseline locality/ward centroid,baseline_coarse,0.0,6th rd,,980303,0.0,980303,
AD000059,AC000047,T1,-763.9,167.5,baseline_street,True,0,,High-precision baseline geocoder (street),baseline_high_precision,0.0,3rd x; 6th main,Ashoka Layout,960104,0.0,960104,Ashoka Layout
AD000060,AC000048,T3,3796.8,101.1,visits_agree,True,4,,Synthesized from 4 verified field visit dwell centroids (visits_agree),field_visit_dwell,0.0,3rd road,Lakeview Phase 2,980303,0.2,980303,Lakeview Phase 2
AD000061,AC000049,T2,1440.8,-1984.6,landmark,True,0,Near Church (pin is a guess near this landmark),Promoted to nearest un-repelled landmark POI 'Church',landmark_poi_fallback,0.0,gali 7,Patel Nagar,970202,0.0,970202,Patel Nagar
AD000062,AC000050,T1,598.9,-3085.9,visits_disagree,True,6,Opposite Bus Stop (about 120 m from pin) | Remark Cue: Behind Bus Stop (conf=0.83),Synthesized from 6 verified field visit dwell centroids (visits_disagree),field_visit_dwell,0.0,3rd main,Gandhi Nagar,,0.83,,Gandhi Nagar
AD000063,AC000051,T2,3267.0,631.8,baseline_street,True,0,,High-precision baseline geocoder (street),baseline_high_precision,0.0,gali 6,Nehru Colony,970203,0.0,970203,Nehru Colony
AD000064,AC000051,T2,-506.7,2816.1,landmark,True,0,Near Ganesh Temple (pin is a guess near this landmark),Promoted to nearest un-repelled landmark POI 'Ganesh Temple',landmark_poi_fallback,0.0,192 gali,,970204,0.0,970204,
AD000065,AC000052,T3,731.9,-1039.8,landmark,True,0,Near Govt School (pin is a guess near this landmark),Promoted to nearest un-repelled landmark POI 'Govt School',landmark_poi_fallback,0.0,b block; 3rd,Teachers Colony,980302,0.0,980302,Teachers Colony
AD000066,AC000053,T1,1156.7,-195.0,visits_agree,True,4,Field Remark: Near Pharmacy (conf=0.82),Synthesized from 4 verified field visit dwell centroids (visits_agree),field_visit_dwell,0.0,6th cross,Kuvempu Layout,960102,0.819,960102,Kuvempu Layout
AD000067,AC000054,T3,3117.8,-2025.1,baseline_coarse,True,0,,Coarse baseline locality/ward centroid,baseline_coarse,0.0,,,980303,0.0,980303,
AD000068,AC000055,T2,3350.2,460.6,visits_agree,True,2,,Synthesized from 2 verified field visit dwell centroids (visits_agree),field_visit_dwell,0.0,,Nehru Colony,970230,0.425,970230,Nehru Colony
AD000069,AC000056,T2,721.6,-3436.7,visits_disagree,True,8,Field Remark: Opposite Bus Stop (conf=0.85),Synthesized from 8 verified field visit dwell centroids (visits_disagree),field_visit_dwell,0.0,,Shivaji Nagar,970202,0.85,970202,Shivaji Nagar
AD000070,AC000056,OUT,,,unmapped_village,False,0,,Village outside mapped urban town coverage; zero baseline geocode and zero field visits,unmapped_village,0.0,,,991196,0.0,991196,
AD000071,AC000057,T3,858.3,-3936.9,baseline_street,True,0,Near Petrol Bunk (about 120 m from pin),High-precision baseline geocoder (street),baseline_high_precision,0.0,,Unity Nagar,980302,0.0,980302,Unity Nagar
AD000072,AC000058,T3,1600.0,-2585.2,baseline_coarse,True,0,,Coarse baseline locality/ward centroid,baseline_coarse,0.0,d block; 4th rd,,980302,0.0,980302,
AD000073,AC000059,T2,988.4,868.5,baseline_street,True,0,,High-precision baseline geocoder (street),baseline_high_precision,0.0,gali no. 2,Gandhi Basti,970203,0.0,970203,Gandhi Basti
AD000074,AC000059,T2,912.5,2794.6,baseline_coarse,True,0,,Coarse baseline locality/ward centroid,baseline_coarse,0.0,,,970202,0.0,970202,
AD000075,AC000060,T1,2769.5,-2331.1,visits_disagree,True,5,Opposite Hanuman Temple (about 100 m from pin) | Remark Cue: Near Hanuman Temple (conf=0.82),Synthesized from 5 verified field visit dwell centroids (visits_disagree),field_visit_dwell,0.0,5th cross; 5th main,Nehru Colony,960102,0.819,960102,Nehru Colony
AD000076,AC000061,T2,986.0,1450.3,visit_1,True,1,,Synthesized from 1 verified field visit dwell centroids (visit_1),field_visit_dwell,0.0,gali 9,Gandhi Basti,970203,0.2,970203,Gandhi Basti
AD000077,AC000062,T3,1912.1,-1886.9,baseline_coarse,True,0,,Coarse baseline locality/ward centroid,baseline_coarse,0.0,2nd rd,,980302,0.0,980302,
AD000078,AC000063,T3,-2525.2,-129.5,visits_disagree,True,5,Opposite Govt School (about 40 m from pin),Synthesized from 5 verified field visit dwell centroids (visits_disagree),field_visit_dwell,0.0,,Silver Oak Layout,980301,0.3,980301,Silver Oak Layout
AD000079,AC000064,T3,989.0,-1188.0,visits_agree,True,2,Field Remark: Behind Church (conf=0.83),Synthesized from 2 verified field visit dwell centroids (visits_agree),field_visit_dwell,0.0,a block; 3rd rd,Teachers Colony,980302,0.83,980302,Teachers Colony
AD000080,AC000064,T3,4327.2,439.3,baseline_street,True,0,,High-precision baseline geocoder (street),baseline_high_precision,0.0,c block; 5th road,Lakeview Phase 2,980303,0.0,980303,Lakeview Phase 2
AD000081,AC000065,T3,-734.7,-874.5,visits_agree,True,2,Near Milk Dairy (about 170 m from pin),Synthesized from 2 verified field visit dwell centroids (visits_agree),field_visit_dwell,0.0,,HMT Colony,,0.2,,HMT Colony
AD000082,AC000066,T3,4024.7,318.4,visit_1,True,1,,Synthesized from 1 verified field visit dwell centroids (visit_1),field_visit_dwell,0.0,c block; 6th road,Lakeview Phase 2,980303,0.2,980303,Lakeview Phase 2
AD000083,AC000066,T3,-764.5,-471.1,landmark,True,0,Near Post Office (pin is a guess near this landmark),Promoted to nearest un-repelled landmark POI 'Post Office',landmark_poi_fallback,0.0,,HMT Colony,980301,0.0,980301,HMT Colony
AD000084,AC000067,T3,-460.7,-3589.7,landmark,True,0,Near Masjid (pin is a guess near this landmark),Promoted to nearest un-repelled landmark POI 'Masjid',landmark_poi_fallback,0.0,b block; 4th road,Orchid Enclave,980301,0.0,980301,Orchid Enclave
AD000085,AC000068,T1,345.3,-3110.2,visit_1,True,1,,Synthesized from 1 verified field visit dwell centroids (visit_1),field_visit_dwell,0.0,,Gandhi Nagar,960102,0.2,960102,Gandhi Nagar
AD000086,AC000069,T2,2544.5,-1379.4,visits_agree,True,3,Opposite Water Tank (about 70 m from pin),Synthesized from 3 verified field visit dwell centroids (visits_agree),field_visit_dwell,0.0,107 gali,Krishna Puri,,0.2,,Krishna Puri
AD000087,AC000069,T2,647.2,1285.8,baseline_coarse,True,0,,Coarse baseline locality/ward centroid,baseline_coarse,0.0,423 gali,,970201,0.0,970201,
AD000088,AC000070,T2,-475.7,3169.9,visits_disagree,True,6,,Synthesized from 6 verified field visit dwell centroids (visits_disagree),field_visit_dwell,0.0,,Ambedkar Nagar,970204,0.2,970204,Ambedkar Nagar
AD000089,AC000071,T2,-532.5,3389.7,landmark,True,0,Near Hanuman Temple (pin is a guess near this landmark),Promoted to nearest un-repelled landmark POI 'Hanuman Temple',landmark_poi_fallback,0.0,,Ambedkar Nagar,970204,0.0,970204,Ambedkar Nagar
AD000090,AC000071,T2,-1528.9,-2813.1,landmark,True,0,Near Hanuman Temple (pin is a guess near this landmark),Promoted to nearest un-repelled landmark POI 'Hanuman Temple',landmark_poi_fallback,0.0,,Subhash Nagar,970201,0.0,970201,Subhash Nagar
AD000091,AC000072,T2,2011.1,-2152.7,baseline_coarse,True,0,,Coarse baseline locality/ward centroid,baseline_coarse,0.0,410 gali,,970202,0.0,970202,
AD000092,AC000073,T3,3226.9,-1831.6,baseline_coarse,True,0,,Coarse baseline locality/ward centroid,baseline_coarse,0.0,,Palm Meadows,980302,0.0,980302,Palm Meadows
AD000093,AC000073,T3,-661.1,3190.5,landmark,True,0,Near Community Hall (pin is a guess near this landmark),Promoted to nearest un-repelled landmark POI 'Community Hall',landmark_poi_fallback,0.0,1st rd,Sunrise Enclave,980304,0.0,980304,Sunrise Enclave
AD000094,AC000074,T3,-2657.2,-180.7,visits_agree,True,5,Near Govt School (about 180 m from pin),Synthesized from 5 verified field visit dwell centroids (visits_agree),field_visit_dwell,0.0,,Silver Oak Layout,980301,0.2,980301,Silver Oak Layout
AD000095,AC000074,OUT,,,unmapped_village,False,0,,Village outside mapped urban town coverage; zero baseline geocode and zero field visits,unmapped_village,0.0,,,991842,0.0,991842,
AD000096,AC000075,T3,3366.7,542.5,visits_disagree,True,7,Field Remark: Opposite Kalyana Mantapa (conf=0.85),Synthesized from 7 verified field visit dwell centroids (visits_disagree),field_visit_dwell,0.0,,Lakeview Phase 2,980303,0.85,980303,Lakeview Phase 2
AD000097,AC000076,T3,-4072.0,-1017.3,landmark,True,0,Opposite Water Tank (pin is a guess near this landmark),Promoted to nearest un-repelled landmark POI 'Water Tank',landmark_poi_fallback,0.0,,Green Park Layout,980301,0.0,980301,Green Park Layout
AD000098,AC000077,T3,-2494.9,1358.7,visits_agree,True,3,,Synthesized from 3 verified field visit dwell centroids (visits_agree),field_visit_dwell,0.0,b block; 5th road,Railway Colony,980304,0.2,980304,Railway Colony
AD000099,AC000078,T3,-351.8,-422.6,visits_disagree,True,5,Field Remark: Opposite Anjaneya Swamy Temple (conf=0.85),Synthesized from 5 verified field visit dwell centroids (visits_disagree),field_visit_dwell,0.0,,,980304,0.85,980304,
AD000100,AC000079,T1,2831.7,-2084.1,visits_agree,True,7,Near Park (about 100 m from pin) | Remark Cue: Opposite Medical Shop (conf=0.85),Synthesized from 7 verified field visit dwell centroids (visits_agree),field_visit_dwell,0.0,8th cross; 4th main,Nehru Colony,960102,0.85,960102,Nehru Colony
AD000101,AC000080,T3,-2378.1,1427.1,landmark,True,0,Near Masjid (pin is a guess near this landmark),Promoted to nearest un-repelled landmark POI 'Masjid',landmark_poi_fallback,0.0,,Railway Colony,980304,0.0,980304,Railway Colony
AD000102,AC000081,T1,641.8,2525.7,baseline_street,True,0,,High-precision baseline geocoder (street),baseline_high_precision,0.0,7th main,Anjaneya Badavane,960103,0.0,960103,Anjaneya Badavane
AD000103,AC000082,T3,3131.2,-1871.8,baseline_coarse,True,0,,Coarse baseline locality/ward centroid,baseline_coarse,0.0,,Palm Meadows,980302,0.0,980302,Palm Meadows
AD000104,AC000083,T1,2382.0,1003.2,baseline_coarse,True,0,,Coarse baseline locality/ward centroid,baseline_coarse,0.0,,Vidya Nagar,,0.0,,Vidya Nagar
AD000105,AC000084,T2,-681.9,-60.5,visits_agree,True,4,Field Remark: Beside Sarkari School (conf=0.81),Synthesized from 4 verified field visit dwell centroids (visits_agree),field_visit_dwell,0.0,,Shastri Nagar,970201,0.807,970201,Shastri Nagar
AD000106,AC000085,T1,-3093.9,953.8,visit_1,True,1,Near Ganesh Temple (about 140 m from pin) | Remark Cue: Behind Ganapathi Gudi (conf=0.83),Synthesized from 1 verified field visit dwell centroids (visit_1),field_visit_dwell,0.0,,Vinayaka Nagar,960104,0.83,960104,Vinayaka Nagar
AD000107,AC000086,T3,3623.6,433.8,baseline_coarse,True,0,,Coarse baseline locality/ward centroid,baseline_coarse,0.0,1st road,Lakeview Phase 2,980303,0.0,980303,Lakeview Phase 2
AD000108,AC000087,T3,-1138.4,-1991.8,landmark,True,0,Near Ganesh Temple (pin is a guess near this landmark),Promoted to nearest un-repelled landmark POI 'Ganesh Temple',landmark_poi_fallback,0.0,,Defence Colony,980301,0.0,980301,Defence Colony
AD000109,AC000088,T1,2046.8,-1272.3,baseline_coarse,True,0,,Coarse baseline locality/ward centroid,baseline_coarse,0.0,5th x; 8th main,Siddeshwara Colony,960102,0.0,960102,Siddeshwara Colony
AD000110,AC000088,OUT,,,unmapped_village,False,0,,Village outside mapped urban town coverage; zero baseline geocode and zero field visits,unmapped_village,0.0,,,998921,0.0,998921,
AD000111,AC000089,T1,2702.3,1144.4,visits_disagree,True,2,,Synthesized from 2 verified field visit dwell centroids (visits_disagree),field_visit_dwell,0.0,,Vidya Nagar,960103,0.2,960103,Vidya Nagar
AD000112,AC000089,T1,2564.7,924.2,cross_account_street,True,0,,Coarse baseline locality/ward centroid,baseline_coarse,0.0,5th cross; 5th main,,960103,0.0,960103,
AD000113,AC000090,T3,-768.2,3483.0,landmark,True,0,Opposite Park (pin is a guess near this landmark),Promoted to nearest un-repelled landmark POI 'Park',landmark_poi_fallback,0.0,,Sunrise Enclave,980304,0.0,980304,Sunrise Enclave
AD000114,AC000091,T1,2684.1,-1873.7,visits_agree,True,5,,Synthesized from 5 verified field visit dwell centroids (visits_agree),field_visit_dwell,0.0,2nd main,Nehru Colony,,0.2,,Nehru Colony
AD000115,AC000092,T3,-474.6,3263.8,baseline_coarse,True,0,,Coarse baseline locality/ward centroid,baseline_coarse,0.0,,,980303,0.0,980303,
AD000116,AC000093,T3,-2353.1,-1649.3,baseline_coarse,True,0,,Coarse baseline locality/ward centroid,baseline_coarse,0.0,,,980301,0.0,980301,
AD000117,AC000094,T3,3443.4,-1945.1,landmark,True,0,Near Bus Stop (pin is a guess near this landmark),Promoted to nearest un-repelled landmark POI 'Bus Stop',landmark_poi_fallback,0.0,,Palm Meadows,980302,0.0,980302,Palm Meadows
AD000118,AC000094,OUT,,,unmapped_village,False,0,,Village outside mapped urban town coverage; zero baseline geocode and zero field visits,unmapped_village,0.0,,,991187,0.0,991187,
AD000119,AC000095,T1,-2018.6,-2173.4,landmark,True,0,Near Bus Stop (pin is a guess near this landmark),Promoted to nearest un-repelled landmark POI 'Bus Stop',landmark_poi_fallback,0.0,2nd cross; 5th main,,960101,0.0,960101,
AD000120,AC000096,T3,3379.5,-1929.9,baseline_coarse,True,0,,Coarse baseline locality/ward centroid,baseline_coarse,0.0,,Palm Meadows,980302,0.0,980302,Palm Meadows
AD000121,AC000096,T3,-978.6,-432.0,cross_account_street,True,0,,Coarse baseline locality/ward centroid,baseline_coarse,0.0,d block; 1st road,,980301,0.0,980301,
AD000122,AC000097,T3,1365.9,-882.5,landmark,True,0,Opposite Medical Store (pin is a guess near this landmark),Promoted to nearest un-repelled landmark POI 'Medical Store',landmark_poi_fallback,0.0,,Teachers Colony,980302,0.0,980302,Teachers Colony
AD000123,AC000098,T2,940.8,2546.9,landmark,True,0,Near Ration Shop (pin is a guess near this landmark),Promoted to nearest un-repelled landmark POI 'Ration Shop',landmark_poi_fallback,0.0,,Azad Mohalla,970203,0.0,970203,Azad Mohalla
AD000124,AC000099,T3,3433.8,-1644.8,landmark,True,0,Near Ganesh Temple (pin is a guess near this landmark),Promoted to nearest un-repelled landmark POI 'Ganesh Temple',landmark_poi_fallback,0.0,,Palm Meadows,980302,0.0,980302,Palm Meadows
AD000125,AC000099,T3,3788.5,411.2,landmark,True,0,Near Bus Stop (pin is a guess near this landmark),Promoted to nearest un-repelled landmark POI 'Bus Stop',landmark_poi_fallback,0.0,,Lakeview Phase 2,980303,0.0,980303,Lakeview Phase 2
AD000126,AC000100,T1,909.3,-3205.0,visits_agree,True,2,,Synthesized from 2 verified field visit dwell centroids (visits_agree),field_visit_dwell,0.0,,Gandhi Nagar,,0.2,,Gandhi Nagar
AD000127,AC000101,T3,731.9,-1039.8,landmark,True,0,Near Govt School (pin is a guess near this landmark),Promoted to nearest un-repelled landmark POI 'Govt School',landmark_poi_fallback,0.0,6th road,Teachers Colony,980302,0.0,980302,Teachers Colony
AD000128,AC000102,T1,2493.8,-2183.8,baseline_coarse,True,0,,Coarse baseline locality/ward centroid,baseline_coarse,0.0,10th cross; 2nd main,Nehru Colony,960102,0.0,960102,Nehru Colony
AD000129,AC000103,T1,3227.5,-1945.3,visits_disagree,True,8,,Synthesized from 8 verified field visit dwell centroids (visits_disagree),field_visit_dwell,0.0,11th cross; 7th main,Nehru Colony,960102,0.398,960102,Nehru Colony
AD000130,AC000104,T1,1829.1,-1073.1,visit_1,True,1,Near Medical Store (about 170 m from pin),Synthesized from 1 verified field visit dwell centroids (visit_1),field_visit_dwell,0.0,,Siddeshwara Colony,960102,0.2,960102,Siddeshwara Colony
AD000131,AC000104,OUT,,,unmapped_village,False,0,,Village outside mapped urban town coverage; zero baseline geocode and zero field visits,unmapped_village,0.0,,,992194,0.0,992194,
AD000132,AC000105,T3,1014.3,-406.9,landmark,True,0,Near Masjid (pin is a guess near this landmark),Promoted to nearest un-repelled landmark POI 'Masjid',landmark_poi_fallback,0.0,,Teachers Colony,980302,0.0,980302,Teachers Colony
AD000133,AC000105,T3,-3966.5,-1155.9,visit_1,True,1,Near Hanuman Temple (about 70 m from pin) | Remark Cue: Near Anjaneya Swamy Temple (conf=0.82),Synthesized from 1 verified field visit dwell centroids (visit_1),field_visit_dwell,0.0,,Green Park Layout,980301,0.819,980301,Green Park Layout
AD000134,AC000106,T2,1143.9,2406.8,baseline_street,True,0,,High-precision baseline geocoder (street),baseline_high_precision,0.0,449 gali,Azad Mohalla,970203,0.0,970203,Azad Mohalla
AD000135,AC000107,T1,782.5,-2683.6,cross_account_street,True,4,Field Remark: Opposite Sarkari Shaale (conf=0.85),Synthesized from 4 verified field visit dwell centroids (visits_disagree),field_visit_dwell,0.0,5th main,Gandhi Nagar,960102,0.85,960102,Gandhi Nagar
AD000136,AC000108,T1,1074.5,-14.3,baseline_coarse,True,0,,Coarse baseline locality/ward centroid,baseline_coarse,0.0,,Kuvempu Layout,960102,0.0,960102,Kuvempu Layout
AD000137,AC000109,T3,-2368.4,-530.6,visits_agree,True,2,Near Post Office (about 100 m from pin) | Remark Cue: Beside Dak Ghar (conf=0.83),Synthesized from 2 verified field visit dwell centroids (visits_agree),field_visit_dwell,0.0,c block; 4th rd,Silver Oak Layout,980301,0.832,980301,Silver Oak Layout
AD000138,AC000110,T1,621.5,-3082.5,visits_disagree,True,8,,Synthesized from 8 verified field visit dwell centroids (visits_disagree),field_visit_dwell,0.0,3rd main,,960104,0.2,960104,
AD000139,AC000111,T2,751.7,-2626.5,baseline_street,True,0,,High-precision baseline geocoder (street),baseline_high_precision,0.0,,Shivaji Nagar,970202,0.0,970202,Shivaji Nagar
AD000140,AC000111,T2,-643.5,1512.2,landmark,True,0,Near Petrol Bunk (pin is a guess near this landmark),Promoted to nearest un-repelled landmark POI 'Petrol Bunk',landmark_poi_fallback,0.0,gali 8,Tilak Nagar,970204,0.0,970204,Tilak Nagar
AD000141,AC000112,T2,1537.3,-1398.4,baseline_coarse,True,0,,Coarse baseline locality/ward centroid,baseline_coarse,0.0,gali no. 4,,970202,0.0,970202,
AD000142,AC000113,T3,3981.7,774.2,visits_disagree,True,6,Field Remark: Opposite Medicals (conf=0.85),Synthesized from 6 verified field visit dwell centroids (visits_disagree),field_visit_dwell,0.0,,Lakeview Phase 2,980303,0.85,980303,Lakeview Phase 2
AD000143,AC000113,OUT,,,unmapped_village,False,0,,Village outside mapped urban town coverage; zero baseline geocode and zero field visits,unmapped_village,0.0,,,995170,0.0,995170,
AD000144,AC000114,T3,-800.4,3450.6,landmark,True,0,Opposite Bus Stop (pin is a guess near this landmark),Promoted to nearest un-repelled landmark POI 'Bus Stop',landmark_poi_fallback,0.0,,Sunrise Enclave,980304,0.0,980304,Sunrise Enclave
AD000145,AC000115,T3,-853.4,-708.6,landmark,True,0,Near Ration Shop (pin is a guess near this landmark),Promoted to nearest un-repelled landmark POI 'Ration Shop',landmark_poi_fallback,0.0,3rd road,HMT Colony,980301,0.0,980301,HMT Colony
AD000146,AC000116,T1,644.2,2394.9,visits_agree,True,2,,Synthesized from 2 verified field visit dwell centroids (visits_agree),field_visit_dwell,0.0,,Anjaneya Badavane,,0.2,,Anjaneya Badavane
AD000147,AC000117,T2,1003.0,2866.1,visits_agree,True,2,,Synthesized from 2 verified field visit dwell centroids (visits_agree),field_visit_dwell,0.0,,Gandhi Basti,970203,0.2,970203,Gandhi Basti
AD000148,AC000118,T1,-834.6,-2978.5,landmark,True,0,Near Church (pin is a guess near this landmark),Promoted to nearest un-repelled landmark POI 'Church',landmark_poi_fallback,0.0,6th x,Basava Nagar,960101,0.0,960101,Basava Nagar
AD000149,AC000119,T2,898.6,1331.4,baseline_coarse,True,0,,Coarse baseline locality/ward centroid,baseline_coarse,0.0,gali 2,Gandhi Basti,,0.0,,Gandhi Basti
AD000150,AC000120,T2,2462.0,-1135.2,visits_disagree,True,6,Field Remark: Opposite Dak Ghar (conf=0.85),Synthesized from 6 verified field visit dwell centroids (visits_disagree),field_visit_dwell,0.0,gali no. 7,Krishna Puri,,0.85,,Krishna Puri
AD000151,AC000120,T2,-749.2,3343.4,visits_agree,True,2,Field Remark: Opposite Sarkari School (conf=0.85),Synthesized from 2 verified field visit dwell centroids (visits_agree),field_visit_dwell,0.0,gali no. 10,Ambedkar Nagar,970204,0.85,970204,Ambedkar Nagar
AD000152,AC000121,T2,2674.5,-1106.6,visits_agree,True,2,Field Remark: Opposite Paani Ki Tanki (conf=0.85),Synthesized from 2 verified field visit dwell centroids (visits_agree),field_visit_dwell,0.0,gali 9,Krishna Puri,970202,0.85,970202,Krishna Puri
AD000153,AC000122,T3,-2348.8,-131.6,visits_disagree,True,5,Near Govt School (about 160 m from pin),Synthesized from 5 verified field visit dwell centroids (visits_disagree),field_visit_dwell,0.0,,Silver Oak Layout,980301,0.2,980301,Silver Oak Layout
AD000154,AC000122,T3,3569.6,-2276.7,visits_agree,True,3,Near Park (about 30 m from pin) | Remark Cue: Behind Park (conf=0.83),Synthesized from 3 verified field visit dwell centroids (visits_agree),field_visit_dwell,0.0,c block; 2nd road,Palm Meadows,980302,0.83,980302,Palm Meadows
AD000155,AC000123,T3,1168.2,-598.5,visits_agree,True,6,,Synthesized from 6 verified field visit dwell centroids (visits_agree),field_visit_dwell,0.0,2nd road,Teachers Colony,980302,0.2,980302,Teachers Colony
AD000156,AC000124,T1,1982.8,-1241.6,landmark,True,0,Near Hanuman Temple (pin is a guess near this landmark),Promoted to nearest un-repelled landmark POI 'Hanuman Temple',landmark_poi_fallback,0.0,1st cross; 4th main,,960102,0.0,960102,
AD000157,AC000125,T3,3469.5,-2083.9,landmark,True,0,Near Water Tank (pin is a guess near this landmark),Promoted to nearest un-repelled landmark POI 'Water Tank',landmark_poi_fallback,0.0,,Palm Meadows,980302,0.0,980302,Palm Meadows
AD000158,AC000125,OUT,,,unmapped_village,False,0,,Village outside mapped urban town coverage; zero baseline geocode and zero field visits,unmapped_village,0.0,,,993803,0.0,993803,
AD000159,AC000126,T3,-2837.8,-104.2,visits_agree,True,3,Field Remark: Opposite Neerina Tank (conf=0.85),Synthesized from 3 verified field visit dwell centroids (visits_agree),field_visit_dwell,0.0,,Silver Oak Layout,,0.85,,Silver Oak Layout
AD000160,AC000127,T3,-2369.7,1821.9,cross_account_street,True,0,,Coarse baseline locality/ward centroid,baseline_coarse,0.0,6th road,,980304,0.0,980304,
AD000161,AC000128,T1,-2895.9,1119.9,baseline_coarse,True,0,,Coarse baseline locality/ward centroid,baseline_coarse,0.0,5th cross; 6th main,Vinayaka Nagar,960104,0.0,960104,Vinayaka Nagar
AD000162,AC000129,T2,868.5,-3513.3,baseline_street,True,0,,High-precision baseline geocoder (street),baseline_high_precision,0.0,,Shivaji Nagar,970202,0.0,970202,Shivaji Nagar
AD000163,AC000130,T2,-717.4,2785.1,visit_1,True,1,,Synthesized from 1 verified field visit dwell centroids (visit_1),field_visit_dwell,0.0,,Ambedkar Nagar,970204,0.2,970204,Ambedkar Nagar
AD000164,AC000130,T2,2695.6,440.9,baseline_street,True,0,,High-precision baseline geocoder (rooftop),baseline_high_precision,0.0,,Nehru Colony,970203,0.0,970203,Nehru Colony
AD000165,AC000131,T2,3311.0,698.1,visit_1,True,1,,Synthesized from 1 verified field visit dwell centroids (visit_1),field_visit_dwell,0.0,,Nehru Colony,970203,0.2,970203,Nehru Colony
AD000166,AC000132,T2,2801.0,950.0,visit_1,True,1,Field Remark: Opposite Ration Ki Dukaan (conf=0.85),Synthesized from 1 verified field visit dwell centroids (visit_1),field_visit_dwell,0.0,,Nehru Colony,,0.85,,Nehru Colony
AD000167,AC000132,T2,815.5,-2841.7,landmark,True,0,Near Community Hall (pin is a guess near this landmark),Promoted to nearest un-repelled landmark POI 'Community Hall',landmark_poi_fallback,0.0,gali no. 3,Shivaji Nagar,970202,0.0,970202,Shivaji Nagar
AD000168,AC000133,T1,-1851.1,2503.5,baseline_coarse,True,0,,Coarse baseline locality/ward centroid,baseline_coarse,0.0,3rd cross; 3rd main,Kalyana Nagar,960104,0.0,960104,Kalyana Nagar
AD000169,AC000134,T1,3294.1,-2167.3,visits_disagree,True,3,,Synthesized from 3 verified field visit dwell centroids (visits_disagree),field_visit_dwell,0.0,10th x,Nehru Colony,960102,0.2,960102,Nehru Colony
AD000170,AC000135,T3,-2226.4,0.2,visit_1,True,1,,Synthesized from 1 verified field visit dwell centroids (visit_1),field_visit_dwell,0.0,,Green Park Layout,980301,0.2,980301,Green Park Layout
AD000171,AC000136,T1,330.4,46.5,baseline_coarse,True,0,,Coarse baseline locality/ward centroid,baseline_coarse,0.0,,,,0.0,,
AD000172,AC000137,T1,-2203.5,-2691.8,visits_agree,True,4,Field Remark: Opposite Sarkari Shaale (conf=0.85),Synthesized from 4 verified field visit dwell centroids (visits_agree),field_visit_dwell,0.0,3rd; 3rd main,Shanthi Nagar,960101,0.85,960101,Shanthi Nagar
AD000173,AC000138,T2,1442.4,-2344.8,visits_agree,True,8,Field Remark: Near Masjid (conf=0.82),Synthesized from 8 verified field visit dwell centroids (visits_agree),field_visit_dwell,0.0,,Patel Nagar,970202,0.819,970202,Patel Nagar
AD000174,AC000138,T2,107.8,1245.9,landmark,True,0,Behind Ration Shop (pin is a guess near this landmark),Promoted to nearest un-repelled landmark POI 'Ration Shop',landmark_poi_fallback,0.0,gali 1,Tilak Nagar,970204,0.0,970204,Tilak Nagar
AD000175,AC000139,T2,1774.9,-2196.7,visit_1,True,1,Field Remark: Near Dawai Ki Dukaan (conf=0.82),Synthesized from 1 verified field visit dwell centroids (visit_1),field_visit_dwell,0.0,153 gali,Patel Nagar,970202,0.819,970202,Patel Nagar
AD000176,AC000140,T2,847.8,-2714.1,visits_agree,True,2,Field Remark: Beside Barat Ghar (conf=0.83),Synthesized from 2 verified field visit dwell centroids (visits_agree),field_visit_dwell,0.0,gali 10,Shivaji Nagar,970202,0.832,970202,Shivaji Nagar
AD000177,AC000141,T3,-487.5,2891.6,visit_1,True,1,Field Remark: Behind Church (conf=0.83),Synthesized from 1 verified field visit dwell centroids (visit_1),field_visit_dwell,0.0,,Sunrise Enclave,980304,0.83,980304,Sunrise Enclave
AD000178,AC000142,T2,1097.1,190.2,visits_agree,True,2,Field Remark: Near Church (conf=0.80),Synthesized from 2 verified field visit dwell centroids (visits_agree),field_visit_dwell,0.0,gali 9,,970202,0.795,970202,
AD000179,AC000143,T1,2694.5,1454.5,cross_account_street,True,0,,Coarse baseline locality/ward centroid,baseline_coarse,0.0,6th main,Vidya Nagar,960103,0.0,960103,Vidya Nagar
AD000180,AC000144,T1,-2231.4,-2703.7,visit_1,True,1,,Synthesized from 1 verified field visit dwell centroids (visit_1),field_visit_dwell,0.0,3rd cross; 3rd main,Shanthi Nagar,960101,0.2,960101,Shanthi Nagar
AD000181,AC000145,T2,2949.1,651.6,visit_1,True,1,,Synthesized from 1 verified field visit dwell centroids (visit_1),field_visit_dwell,0.0,gali no. 8,Nehru Colony,970203,0.2,970203,Nehru Colony
AD000182,AC000146,T2,1097.3,2655.1,landmark,True,0,Opposite Bus Stop (pin is a guess near this landmark),Promoted to nearest un-repelled landmark POI 'Bus Stop',landmark_poi_fallback,0.93,gali no. 7,Azad Mohalla,970203,0.0,970203,Azad Mohalla
AD000183,AC000146,OUT,,,unmapped_village,False,0,,Village outside mapped urban town coverage; zero baseline geocode and zero field visits,unmapped_village,0.0,,,994058,0.0,994058,
AD000184,AC000147,T3,-2110.2,1617.4,landmark,True,0,Near Ganesh Temple (pin is a guess near this landmark),Promoted to nearest un-repelled landmark POI 'Ganesh Temple',landmark_poi_fallback,0.0,f block; 5th rd,Railway Colony,980304,0.0,980304,Railway Colony
AD000185,AC000147,T3,1196.4,-1078.7,baseline_street,True,0,,High-precision baseline geocoder (street),baseline_high_precision,0.0,b block; 1st road,Teachers Colony,980302,0.0,980302,Teachers Colony
AD000186,AC000148,T2,2335.2,1476.5,landmark,True,0,Opposite Ration Shop (pin is a guess near this landmark),Promoted to nearest un-repelled landmark POI 'Ration Shop',landmark_poi_fallback,0.0,,Ram Nagar,,0.0,,Ram Nagar
AD000187,AC000149,T2,1003.6,1283.9,visits_agree,True,2,Near Govt School (about 110 m from pin) | Remark Cue: Opposite Sarkari School (conf=0.85),Synthesized from 2 verified field visit dwell centroids (visits_agree),field_visit_dwell,0.0,,Gandhi Basti,970203,0.85,970203,Gandhi Basti
AD000188,AC000150,T3,603.1,-747.9,landmark,True,0,Near Bus Stop (pin is a guess near this landmark),Promoted to nearest un-repelled landmark POI 'Bus Stop',landmark_poi_fallback,0.0,,Teachers Colony,980302,0.0,980302,Teachers Colony
AD000189,AC000151,T3,3604.5,69.5,visit_1,True,1,,Synthesized from 1 verified field visit dwell centroids (visit_1),field_visit_dwell,0.0,,Lakeview Phase 2,980303,0.2,980303,Lakeview Phase 2
AD000190,AC000151,T3,-891.8,-660.3,baseline_coarse,True,0,,Coarse baseline locality/ward centroid,baseline_coarse,0.0,4th rd,,980302,0.0,980302,
AD000191,AC000152,T3,-3526.6,-916.3,visit_1,True,1,,Synthesized from 1 verified field visit dwell centroids (visit_1),field_visit_dwell,0.0,,Green Park Layout,980301,0.2,980301,Green Park Layout
AD000192,AC000153,T2,1551.7,-183.9,visit_1,True,1,,Synthesized from 1 verified field visit dwell centroids (visit_1),field_visit_dwell,0.0,gali no. 9,Patel Nagar,970202,0.2,970202,Patel Nagar
AD000193,AC000154,T1,1647.3,-1343.3,baseline_coarse,True,0,,Coarse baseline locality/ward centroid,baseline_coarse,0.0,1st x; 1st main,,960102,0.0,960102,
AD000194,AC000155,T2,-1238.4,-2813.1,visit_1,True,1,,Synthesized from 1 verified field visit dwell centroids (visit_1),field_visit_dwell,0.0,,,970201,0.2,970201,
AD000195,AC000156,T1,2071.7,1355.9,visit_1,True,1,Opposite Bus Stop (about 90 m from pin),Synthesized from 1 verified field visit dwell centroids (visit_1),field_visit_dwell,0.0,,Vidya Nagar,960103,0.2,960103,Vidya Nagar
AD000196,AC000157,T2,945.8,2597.2,baseline_coarse,True,0,,Coarse baseline locality/ward centroid,baseline_coarse,0.0,455 gali,Azad Mohalla,970203,0.0,970203,Azad Mohalla
AD000197,AC000158,T3,-2679.3,-139.7,visits_disagree,True,7,,Synthesized from 7 verified field visit dwell centroids (visits_disagree),field_visit_dwell,0.0,,Silver Oak Layout,980301,0.2,980301,Silver Oak Layout
AD000198,AC000159,T2,-487.0,3169.1,visits_agree,True,5,,Synthesized from 5 verified field visit dwell centroids (visits_agree),field_visit_dwell,0.0,,Ambedkar Nagar,,0.2,,Ambedkar Nagar
AD000199,AC000160,T1,1115.4,-558.6,visit_1,True,1,Near Hanuman Temple (about 140 m from pin) | Remark Cue: Behind Hanuman Temple (conf=0.83),Synthesized from 1 verified field visit dwell centroids (visit_1),field_visit_dwell,0.0,,,960102,0.83,960102,
AD000200,AC000161,T1,374.5,-2878.9,visit_1,True,1,Field Remark: Near Park (conf=0.80),Synthesized from 1 verified field visit dwell centroids (visit_1),field_visit_dwell,0.0,,,960102,0.795,960102,
AD000201,AC000161,T1,1541.4,1225.3,visit_1,True,1,,Synthesized from 1 verified field visit dwell centroids (visit_1),field_visit_dwell,0.0,4th cross; 3rd main,Kuvempu Layout,960102,0.2,960102,Kuvempu Layout
AD000202,AC000162,T3,3562.0,-1789.0,visit_1,True,1,Field Remark: Opposite Ganesh Mandir (conf=0.85),Synthesized from 1 verified field visit dwell centroids (visit_1),field_visit_dwell,0.0,,Palm Meadows,980302,0.85,980302,Palm Meadows
AD000203,AC000163,T1,2597.5,-2481.0,visits_disagree,True,3,,Synthesized from 3 verified field visit dwell centroids (visits_disagree),field_visit_dwell,0.0,2nd cross; 4th main,Nehru Colony,960102,0.2,960102,Nehru Colony
AD000204,AC000164,T2,992.9,2516.3,visits_agree,True,5,Opposite Ration Shop (about 60 m from pin) | Remark Cue: Opposite Ration Ki Dukaan (conf=0.85),Synthesized from 5 verified field visit dwell centroids (visits_agree),field_visit_dwell,0.0,,Azad Mohalla,970203,0.85,970203,Azad Mohalla
AD000205,AC000165,T3,-3668.2,-895.0,baseline_coarse,True,0,,Coarse baseline locality/ward centroid,baseline_coarse,0.0,,Green Park Layout,980301,0.0,980301,Green Park Layout
AD000206,AC000166,T1,-1710.6,2446.3,baseline_coarse,True,0,,Coarse baseline locality/ward centroid,baseline_coarse,0.0,5th main,Kalyana Nagar,960104,0.0,960104,Kalyana Nagar
AD000207,AC000166,T1,-2041.1,2351.0,baseline_coarse,True,0,,Coarse baseline locality/ward centroid,baseline_coarse,0.0,2nd cross; 8th main,Kalyana Nagar,960104,0.0,960104,Kalyana Nagar
AD000208,AC000167,T3,-875.5,2948.7,baseline_street,True,0,Opposite Church (about 160 m from pin),High-precision baseline geocoder (street),baseline_high_precision,0.0,6th road,Sunrise Enclave,,0.0,,Sunrise Enclave
AD000209,AC000168,T1,2843.8,757.1,landmark,True,0,Near Ration Shop (pin is a guess near this landmark),Promoted to nearest un-repelled landmark POI 'Ration Shop',landmark_poi_fallback,0.01,3rd cross; 8th main,Vidya Nagar,960103,0.0,960103,Vidya Nagar
AD000210,AC000169,T3,-978.6,-432.0,cross_account_street,True,0,,Coarse baseline locality/ward centroid,baseline_coarse,0.0,d block; 1st road,HMT Colony,980301,0.0,980301,HMT Colony
AD000211,AC000169,T3,1457.6,-3638.9,baseline_street,True,0,,High-precision baseline geocoder (street),baseline_high_precision,0.0,,Unity Nagar,980302,0.0,980302,Unity Nagar
AD000212,AC000170,T1,667.9,-3156.5,baseline_street,True,0,,High-precision baseline geocoder (street),baseline_high_precision,0.0,6th cross; 4th main,Gandhi Nagar,960102,0.0,960102,Gandhi Nagar
AD000213,AC000171,T1,522.3,-3013.7,baseline_street,True,0,,High-precision baseline geocoder (street),baseline_high_precision,0.0,6th x; 2nd main,Gandhi Nagar,960102,0.0,960102,Gandhi Nagar
AD000214,AC000172,T1,304.3,-2877.1,cross_account_street,True,0,,Coarse baseline locality/ward centroid,baseline_coarse,0.0,9th cross; 1st main,Gandhi Nagar,960102,0.0,960102,Gandhi Nagar
AD000215,AC000172,OUT,,,unmapped_village,False,0,,Village outside mapped urban town coverage; zero baseline geocode and zero field visits,unmapped_village,0.0,,,993299,0.0,993299,
AD000216,AC000173,T3,-4412.7,-834.9,visits_disagree,True,2,,Synthesized from 2 verified field visit dwell centroids (visits_disagree),field_visit_dwell,0.0,a block; 4th road,Green Park Layout,980301,0.2,980301,Green Park Layout
AD000217,AC000174,T2,1097.3,2655.1,landmark,True,0,Near Bus Stop (pin is a guess near this landmark),Promoted to nearest un-repelled landmark POI 'Bus Stop',landmark_poi_fallback,0.0,gali no. 9,Azad Mohalla,970203,0.0,970203,Azad Mohalla
AD000218,AC000174,OUT,,,unmapped_village,False,0,,Village outside mapped urban town coverage; zero baseline geocode and zero field visits,unmapped_village,0.0,,,997860,0.0,997860,
AD000219,AC000175,T3,-2847.1,-569.9,landmark,True,0,Near Bus Stop (pin is a guess near this landmark),Promoted to nearest un-repelled landmark POI 'Bus Stop',landmark_poi_fallback,0.0,3rd road,Silver Oak Layout,980301,0.0,980301,Silver Oak Layout
AD000220,AC000176,T2,1448.9,-467.5,visits_agree,True,5,,Synthesized from 5 verified field visit dwell centroids (visits_agree),field_visit_dwell,0.0,gali no. 1,Indira Colony,970202,0.2,970202,Indira Colony
AD000221,AC000177,T3,769.9,-602.6,visits_disagree,True,2,,Synthesized from 2 verified field visit dwell centroids (visits_disagree),field_visit_dwell,0.0,,Teachers Colony,980302,0.2,980302,Teachers Colony
AD000222,AC000178,T2,-720.3,3307.9,baseline_street,True,0,,High-precision baseline geocoder (street),baseline_high_precision,0.0,,Ambedkar Nagar,970204,0.0,970204,Ambedkar Nagar
AD000223,AC000179,T2,1938.0,-2134.9,visits_disagree,True,8,Field Remark: Beside Dawai Ki Dukaan (conf=0.83),Synthesized from 8 verified field visit dwell centroids (visits_disagree),field_visit_dwell,0.0,,Patel Nagar,970202,0.832,970202,Patel Nagar
AD000224,AC000180,T2,1482.8,285.8,baseline_street,True,0,,High-precision baseline geocoder (street),baseline_high_precision,0.0,,Indira Colony,970202,0.0,970202,Indira Colony
AD000225,AC000181,T1,2390.0,1082.8,baseline_street,True,0,,High-precision baseline geocoder (street),baseline_high_precision,0.0,4th main,Vidya Nagar,960103,0.0,960103,Vidya Nagar
AD000226,AC000181,T1,-1122.4,327.5,landmark,True,0,Near Ganesh Temple (pin is a guess near this landmark),Promoted to nearest un-repelled landmark POI 'Ganesh Temple',landmark_poi_fallback,0.0,,Ashoka Layout,960104,0.0,960104,Ashoka Layout
AD000227,AC000182,T3,1158.8,-1192.6,visits_disagree,True,5,,Synthesized from 5 verified field visit dwell centroids (visits_disagree),field_visit_dwell,0.0,1st road,Teachers Colony,980302,0.2,980302,Teachers Colony
AD000228,AC000183,T3,3808.8,-113.1,visits_disagree,True,4,,Synthesized from 4 verified field visit dwell centroids (visits_disagree),field_visit_dwell,0.0,b block; 5th road,,980301,0.2,980301,
AD000229,AC000184,T1,-232.8,-956.2,landmark,True,0,Behind Govt School (pin is a guess near this landmark),Promoted to nearest un-repelled landmark POI 'Govt School',landmark_poi_fallback,0.0,8th main,Hosa Badavane,,0.0,,Hosa Badavane
AD000230,AC000185,T3,3391.3,470.7,landmark,True,0,Near Community Hall (pin is a guess near this landmark),Promoted to nearest un-repelled landmark POI 'Community Hall',landmark_poi_fallback,0.0,,Lakeview Phase 2,983003,0.0,983003,Lakeview Phase 2
AD000231,AC000186,T1,211.8,2554.7,visits_agree,True,2,Field Remark: Near Govt School (conf=0.82),Synthesized from 2 verified field visit dwell centroids (visits_agree),field_visit_dwell,0.0,11th cross; 3rd main,Anjaneya Badavane,960103,0.819,960103,Anjaneya Badavane
AD000232,AC000186,T1,-581.7,617.7,baseline_street,True,0,,High-precision baseline geocoder (street),baseline_high_precision,0.0,6th cross,Ashoka Layout,960104,0.0,960104,Ashoka Layout
AD000233,AC000187,T3,890.5,-778.8,visits_agree,True,2,Field Remark: Opposite Sarkari Shaale (conf=0.85),Synthesized from 2 verified field visit dwell centroids (visits_agree),field_visit_dwell,0.0,2nd road,Teachers Colony,980302,0.85,980302,Teachers Colony
AD000234,AC000187,T3,311.7,1955.9,landmark,True,0,Near Milk Dairy (pin is a guess near this landmark),Promoted to nearest un-repelled landmark POI 'Milk Dairy',landmark_poi_fallback,0.0,,Royal Gardens,,0.0,,Royal Gardens
AD000235,AC000188,T3,-3557.8,-771.9,visit_1,True,1,,Synthesized from 1 verified field visit dwell centroids (visit_1),field_visit_dwell,0.0,,Green Park Layout,980301,0.2,980301,Green Park Layout
AD000236,AC000189,T1,2638.8,-1993.3,visit_1,True,1,,Synthesized from 1 verified field visit dwell centroids (visit_1),field_visit_dwell,0.0,8th cross; 2nd main,Nehru Colony,960102,0.2,960102,Nehru Colony
AD000237,AC000189,T1,-3259.5,1123.9,visit_1,True,1,,Synthesized from 1 verified field visit dwell centroids (visit_1),field_visit_dwell,0.0,,,960104,0.2,960104,
AD000238,AC000190,T1,-2861.5,994.8,visits_agree,True,8,,Synthesized from 8 verified field visit dwell centroids (visits_agree),field_visit_dwell,0.0,5th cross,Vinayaka Nagar,960104,0.2,960104,Vinayaka Nagar
AD000239,AC000191,T3,1075.4,-666.9,visits_disagree,True,5,Field Remark: Opposite Masidi (conf=0.85),Synthesized from 5 verified field visit dwell centroids (visits_disagree),field_visit_dwell,0.0,,Teachers Colony,980302,0.85,980302,Teachers Colony
AD000240,AC000192,T2,1351.7,-2043.6,baseline_coarse,True,0,,Coarse baseline locality/ward centroid,baseline_coarse,0.0,,Patel Nagar,970202,0.0,970202,Patel Nagar
AD000241,AC000193,T2,1150.8,812.1,baseline_street,True,0,,High-precision baseline geocoder (street),baseline_high_precision,0.0,gali 2,Gandhi Basti,970203,0.0,970203,Gandhi Basti
AD000242,AC000193,T2,2715.6,1452.3,baseline_street,True,0,Opposite Park (pin is at this landmark),High-precision baseline geocoder (rooftop),baseline_high_precision,0.0,gali 1,Ram Nagar,970203,0.0,970203,Ram Nagar
AD000243,AC000194,T3,1206.9,-744.9,baseline_street,True,0,,High-precision baseline geocoder (street),baseline_high_precision,0.0,,Teachers Colony,980302,0.0,980302,Teachers Colony
AD000244,AC000194,T3,-3921.2,-577.0,landmark,True,0,Near Community Hall (pin is a guess near this landmark),Promoted to nearest un-repelled landmark POI 'Community Hall',landmark_poi_fallback,0.0,,Green Park Layout,980301,0.0,980301,Green Park Layout
AD000245,AC000195,T1,2315.3,-2045.4,baseline_coarse,True,0,,Coarse baseline locality/ward centroid,baseline_coarse,0.0,4th main,,960102,0.0,960102,
AD000246,AC000195,T1,-1958.5,2486.1,baseline_coarse,True,0,,Coarse baseline locality/ward centroid,baseline_coarse,0.0,6th x; 1st main,Kalyana Nagar,,0.0,,Kalyana Nagar
AD000247,AC000196,T1,817.6,-579.6,visits_agree,True,3,Field Remark: Behind Hanuman Temple (conf=0.83),Synthesized from 3 verified field visit dwell centroids (visits_agree),field_visit_dwell,0.0,1st main,,960102,0.83,960102,
AD000248,AC000197,T3,1448.4,-3612.2,landmark,True,0,Near Medical Store (pin is a guess near this landmark),Promoted to nearest un-repelled landmark POI 'Medical Store',landmark_poi_fallback,0.0,,Unity Nagar,980302,0.0,980302,Unity Nagar
AD000249,AC000198,T3,1309.7,-694.4,baseline_street,True,0,,High-precision baseline geocoder (street),baseline_high_precision,0.0,c block; 5th road,Teachers Colony,980302,0.0,980302,Teachers Colony
AD000250,AC000199,T2,879.7,2744.0,baseline_coarse,True,0,,Coarse baseline locality/ward centroid,baseline_coarse,0.0,,Azad Mohalla,970203,0.0,970203,Azad Mohalla
AD000251,AC000200,T1,-1284.4,703.7,visits_disagree,True,2,,Synthesized from 2 verified field visit dwell centroids (visits_disagree),field_visit_dwell,0.0,9th cross; 5th main,Ashoka Layout,960104,0.2,960104,Ashoka Layout
AD000252,AC000201,T3,3587.9,471.9,baseline_coarse,True,0,,Coarse baseline locality/ward centroid,baseline_coarse,0.0,,,980302,0.0,980302,
AD000253,AC000202,T1,540.2,-2857.1,visits_agree,True,4,Near Bus Stop (about 120 m from pin) | Remark Cue: Near Bus Stand (conf=0.82),Synthesized from 4 verified field visit dwell centroids (visits_agree),field_visit_dwell,0.0,,Gandhi Nagar,960102,0.819,960102,Gandhi Nagar
AD000254,AC000202,T1,-563.2,-1389.8,landmark,True,0,Opposite Church (pin is a guess near this landmark),Promoted to nearest un-repelled landmark POI 'Church',landmark_poi_fallback,0.0,5th cross; 4th main,Hosa Badavane,960101,0.0,960101,Hosa Badavane
AD000255,AC000203,T1,2370.0,922.7,visits_agree,True,3,,Synthesized from 3 verified field visit dwell centroids (visits_agree),field_visit_dwell,0.0,5th cross; 3rd main,Vidya Nagar,960103,0.2,960103,Vidya Nagar
AD000256,AC000203,T1,-184.5,-1112.1,baseline_street,True,0,,High-precision baseline geocoder (street),baseline_high_precision,0.0,7th main,Hosa Badavane,960101,0.0,960101,Hosa Badavane
AD000257,AC000204,T1,3054.1,-2283.8,visits_disagree,True,2,Near Ration Shop (about 130 m from pin),Synthesized from 2 verified field visit dwell centroids (visits_disagree),field_visit_dwell,0.0,7th cross; 7th main,,960103,0.2,960103,
AD000258,AC000205,T3,-672.1,-3401.8,visits_agree,True,2,Opposite Hanuman Temple (about 50 m from pin) | Remark Cue: Near Hanuman Temple (conf=0.82),Synthesized from 2 verified field visit dwell centroids (visits_agree),field_visit_dwell,0.0,2nd rd,,980301,0.819,980301,
AD000259,AC000206,T1,2834.8,-2357.2,visit_1,True,1,Opposite Hanuman Temple (about 40 m from pin),Synthesized from 1 verified field visit dwell centroids (visit_1),field_visit_dwell,0.0,5th x; 5th main,,960101,0.2,960101,
AD000260,AC000207,T1,1032.4,-447.8,visits_disagree,True,3,Near Hanuman Temple (about 70 m from pin),Synthesized from 3 verified field visit dwell centroids (visits_disagree),field_visit_dwell,0.0,3rd cross; 3rd main,Kuvempu Layout,960102,0.2,960102,Kuvempu Layout
AD000261,AC000208,T2,978.3,-31.3,baseline_coarse,True,0,,Coarse baseline locality/ward centroid,baseline_coarse,0.0,3 gali,Indira Colony,970202,0.0,970202,Indira Colony
AD000262,AC000208,OUT,,,unmapped_village,False,0,,Village outside mapped urban town coverage; zero baseline geocode and zero field visits,unmapped_village,0.0,,,993685,0.0,993685,
AD000263,AC000209,T2,940.8,2546.9,landmark,True,0,Near Ration Shop (pin is a guess near this landmark),Promoted to nearest un-repelled landmark POI 'Ration Shop',landmark_poi_fallback,0.93,,Azad Mohalla,970203,0.0,970203,Azad Mohalla
AD000264,AC000209,T2,2947.3,261.8,cross_account_street,True,0,,Coarse baseline locality/ward centroid,baseline_coarse,0.0,gali 3,Nehru Colony,970203,0.0,970203,Nehru Colony
AD000265,AC000210,T1,2825.6,744.4,baseline_street,True,0,,High-precision baseline geocoder (street),baseline_high_precision,0.0,7th main,Vidya Nagar,960103,0.0,960103,Vidya Nagar
AD000266,AC000211,T2,2472.7,1773.6,baseline_coarse,True,0,,Coarse baseline locality/ward centroid,baseline_coarse,0.0,gali 4,Ram Nagar,970203,0.0,970203,Ram Nagar
AD000267,AC000212,T2,2464.8,-1135.8,visit_1,True,1,Field Remark: Near Post Office (conf=0.82),Synthesized from 1 verified field visit dwell centroids (visit_1),field_visit_dwell,0.0,,Krishna Puri,,0.819,,Krishna Puri
AD000268,AC000213,T2,986.3,3042.7,visits_agree,True,2,,Synthesized from 2 verified field visit dwell centroids (visits_agree),field_visit_dwell,0.0,gali 11,Azad Mohalla,970203,0.2,970203,Azad Mohalla
AD000269,AC000214,T1,-2018.6,-2173.4,landmark,True,0,Behind Bus Stop (pin is a guess near this landmark),Promoted to nearest un-repelled landmark POI 'Bus Stop',landmark_poi_fallback,0.0,9th cross,Shanthi Nagar,960101,0.0,960101,Shanthi Nagar
AD000270,AC000215,T3,903.1,-852.7,baseline_coarse,True,0,,Coarse baseline locality/ward centroid,baseline_coarse,0.0,,Teachers Colony,980302,0.0,980302,Teachers Colony
AD000271,AC000215,OUT,,,unmapped_village,False,0,,Village outside mapped urban town coverage; zero baseline geocode and zero field visits,unmapped_village,0.0,,,996560,0.0,996560,
AD000272,AC000216,T3,-2367.0,-524.9,visit_1,True,1,Near Masjid (about 110 m from pin) | Remark Cue: Opposite Post Office (conf=0.85),Synthesized from 1 verified field visit dwell centroids (visit_1),field_visit_dwell,0.0,c block; 4th road,Silver Oak Layout,980301,0.85,980301,Silver Oak Layout
AD000273,AC000216,T3,-1141.9,-1670.5,baseline_coarse,True,0,,Coarse baseline locality/ward centroid,baseline_coarse,0.0,,,980301,0.0,980301,
AD000274,AC000217,T1,-1111.4,-3205.8,baseline_coarse,True,0,,Coarse baseline locality/ward centroid,baseline_coarse,0.0,6th cross; 1st main,,960104,0.0,960104,
AD000275,AC000218,T2,1713.0,-2106.1,visit_1,True,1,Field Remark: Opposite Dawai Ki Dukaan (conf=0.85),Synthesized from 1 verified field visit dwell centroids (visit_1),field_visit_dwell,0.0,,,970201,0.85,970201,
AD000276,AC000219,T1,522.5,2280.2,baseline_coarse,True,0,,Coarse baseline locality/ward centroid,baseline_coarse,0.0,8th cross; 7th main,Anjaneya Badavane,960103,0.0,960103,Anjaneya Badavane
AD000277,AC000219,T1,-1550.8,649.1,landmark,True,0,Near Hanuman Temple (pin is a guess near this landmark),Promoted to nearest un-repelled landmark POI 'Hanuman Temple',landmark_poi_fallback,0.0,,,960104,0.0,960104,
AD000278,AC000220,T2,-1906.6,-2723.3,baseline_street,True,0,,High-precision baseline geocoder (street),baseline_high_precision,0.0,,Subhash Nagar,970201,0.0,970201,Subhash Nagar
AD000279,AC000221,T3,-4108.9,-675.7,visit_1,True,1,,Synthesized from 1 verified field visit dwell centroids (visit_1),field_visit_dwell,0.0,,Green Park Layout,980301,0.2,980301,Green Park Layout
AD000280,AC000221,T3,1261.2,-1087.1,visit_1,True,1,,Synthesized from 1 verified field visit dwell centroids (visit_1),field_visit_dwell,0.0,,Teachers Colony,980302,0.2,980302,Teachers Colony
AD000281,AC000222,T1,991.1,-2735.6,visit_1,True,1,Field Remark: Near Ration Shop (conf=0.82),Synthesized from 1 verified field visit dwell centroids (visit_1),field_visit_dwell,0.0,10th cross; 7th main,Gandhi Nagar,960102,0.819,960102,Gandhi Nagar
AD000282,AC000223,T3,723.4,-4003.0,baseline_street,True,0,,High-precision baseline geocoder (street),baseline_high_precision,0.0,2nd road,Unity Nagar,980302,0.0,980302,Unity Nagar
AD000283,AC000223,OUT,,,unmapped_village,False,0,,Village outside mapped urban town coverage; zero baseline geocode and zero field visits,unmapped_village,0.0,,,998113,0.0,998113,
AD000284,AC000224,T2,-443.3,3063.9,visits_disagree,True,4,Field Remark: Near Sarkari School (conf=0.82),Synthesized from 4 verified field visit dwell centroids (visits_disagree),field_visit_dwell,0.0,,Ambedkar Nagar,970204,0.2,970204,Ambedkar Nagar
AD000285,AC000225,T1,381.0,2789.5,visits_agree,True,2,Field Remark: Opposite Church (conf=0.85),Synthesized from 2 verified field visit dwell centroids (visits_agree),field_visit_dwell,0.0,12th x; 5th main,Anjaneya Badavane,960103,0.85,960103,Anjaneya Badavane
AD000286,AC000226,T1,408.0,-3326.4,visits_agree,True,5,Field Remark: Behind Church (conf=0.83),Synthesized from 5 verified field visit dwell centroids (visits_agree),field_visit_dwell,0.0,3rd cross,Gandhi Nagar,960102,0.83,960102,Gandhi Nagar
AD000287,AC000227,T1,2773.6,-2407.4,visits_disagree,True,7,Near Hanuman Temple (about 110 m from pin) | Remark Cue: Near Hanuman Temple (conf=0.82),Synthesized from 7 verified field visit dwell centroids (visits_disagree),field_visit_dwell,0.0,,Nehru Colony,,0.819,,Nehru Colony
AD000288,AC000228,T3,-3043.0,-595.3,visits_agree,True,2,Field Remark: Near Medical Shop (conf=0.82),Synthesized from 2 verified field visit dwell centroids (visits_agree),field_visit_dwell,0.0,a block; 3rd rd,Silver Oak Layout,980301,0.819,980301,Silver Oak Layout
AD000289,AC000228,OUT,,,unmapped_village,False,0,,Village outside mapped urban town coverage; zero baseline geocode and zero field visits,unmapped_village,0.0,,,998501,0.0,998501,
AD000290,AC000229,T2,2820.9,142.7,visits_agree,True,4,Near Community Hall (about 150 m from pin) | Remark Cue: Beside Community Hall (conf=0.83),Synthesized from 4 verified field visit dwell centroids (visits_agree),field_visit_dwell,0.0,gali 2,Nehru Colony,970203,0.832,970203,Nehru Colony
AD000291,AC000230,T3,3391.3,470.7,landmark,True,0,Opposite Community Hall (pin is a guess near this landmark),Promoted to nearest un-repelled landmark POI 'Community Hall',landmark_poi_fallback,0.0,,Lakeview Phase 2,980303,0.0,980303,Lakeview Phase 2
AD000292,AC000231,T1,433.6,2325.6,visit_1,True,1,Near Ganesh Temple (about 160 m from pin) | Remark Cue: Near Ganapathi Gudi (conf=0.82),Synthesized from 1 verified field visit dwell centroids (visit_1),field_visit_dwell,0.0,6th cross; 5th main,Anjaneya Badavane,960103,0.819,960103,Anjaneya Badavane
AD000293,AC000232,T1,2581.4,624.1,visit_1,True,1,,Synthesized from 1 verified field visit dwell centroids (visit_1),field_visit_dwell,0.0,1st cross; 5th main,Vidya Nagar,960103,0.2,960103,Vidya Nagar
AD000294,AC000233,T2,317.9,-2199.1,baseline_coarse,True,0,,Coarse baseline locality/ward centroid,baseline_coarse,0.0,gali no. 1,Ram Nagar,,0.0,,Ram Nagar
AD000295,AC000234,T2,1271.3,-2337.2,baseline_street,True,0,Near Masjid (about 200 m from pin),High-precision baseline geocoder (street),baseline_high_precision,0.0,,Patel Nagar,970202,0.0,970202,Patel Nagar
AD000296,AC000234,T2,2665.0,509.0,landmark,True,0,Behind Bus Stop (pin is a guess near this landmark),Promoted to nearest un-repelled landmark POI 'Bus Stop',landmark_poi_fallback,0.0,,Nehru Colony,970203,0.0,970203,Nehru Colony
AD000297,AC000235,T1,2708.9,-2292.4,baseline_street,True,0,,High-precision baseline geocoder (street),baseline_high_precision,0.0,5th cross; 6th main,Nehru Colony,960102,0.0,960102,Nehru Colony
AD000298,AC000235,T1,25.4,2765.6,baseline_street,True,0,,High-precision baseline geocoder (street),baseline_high_precision,0.0,4th main,Anjaneya Badavane,960103,0.0,960103,Anjaneya Badavane
AD000299,AC000236,T1,1733.4,-1328.5,baseline_coarse,True,0,,Coarse baseline locality/ward centroid,baseline_coarse,0.0,10th x; 6th main,,960102,0.0,960102,
AD000300,AC000237,T3,-2878.1,1621.2,landmark,True,0,Near Milk Dairy (pin is a guess near this landmark),Promoted to nearest un-repelled landmark POI 'Milk Dairy',landmark_poi_fallback,0.0,,Railway Colony,980304,0.0,980304,Railway Colony
AD000301,AC000238,T2,-669.0,-472.4,landmark,True,0,Near Water Tank (pin is a guess near this landmark),Promoted to nearest un-repelled landmark POI 'Water Tank',landmark_poi_fallback,0.0,gali 9,Shastri Nagar,970201,0.0,970201,Shastri Nagar
AD000302,AC000239,T1,895.5,-469.7,cross_account_street,True,0,,Coarse baseline locality/ward centroid,baseline_coarse,0.0,3rd cross,Kuvempu Layout,960102,0.0,960102,Kuvempu Layout
AD000303,AC000240,T3,3577.4,607.2,visits_disagree,True,4,Field Remark: Near Ration Ki Dukaan (conf=0.82),Synthesized from 4 verified field visit dwell centroids (visits_disagree),field_visit_dwell,0.0,,Lakeview Phase 2,980303,0.819,980303,Lakeview Phase 2
AD000304,AC000241,T2,492.6,2650.8,landmark,True,0,Near Community Hall (pin is a guess near this landmark),Promoted to nearest un-repelled landmark POI 'Community Hall',landmark_poi_fallback,0.0,,Azad Mohalla,970203,0.0,970203,Azad Mohalla
AD000305,AC000242,T3,-2621.5,1526.0,baseline_coarse,True,0,,Coarse baseline locality/ward centroid,baseline_coarse,0.0,,Railway Colony,980304,0.0,980304,Railway Colony
AD000306,AC000243,T3,3788.5,411.2,landmark,True,0,Opposite Bus Stop (pin is a guess near this landmark),Promoted to nearest un-repelled landmark POI 'Bus Stop',landmark_poi_fallback,0.0,,Lakeview Phase 2,980303,0.0,980303,Lakeview Phase 2
AD000307,AC000244,T1,-2834.0,997.2,visit_1,True,1,Near Post Office (about 110 m from pin),Synthesized from 1 verified field visit dwell centroids (visit_1),field_visit_dwell,0.0,4th cross; 4th main,Vinayaka Nagar,960104,0.2,960104,Vinayaka Nagar
AD000308,AC000245,T3,3788.5,411.2,landmark,True,0,Near Bus Stop (pin is a guess near this landmark),Promoted to nearest un-repelled landmark POI 'Bus Stop',landmark_poi_fallback,0.0,b block; 5th road,Lakeview Phase 2,980303,0.0,980303,Lakeview Phase 2
AD000309,AC000246,T1,2775.7,-1821.1,visits_disagree,True,5,,Synthesized from 5 verified field visit dwell centroids (visits_disagree),field_visit_dwell,0.0,3rd main,Nehru Colony,960102,0.425,960102,Nehru Colony
AD000310,AC000247,T1,-1199.4,-2182.4,baseline_coarse,True,0,,Coarse baseline locality/ward centroid,baseline_coarse,0.0,3rd main,,960101,0.0,960101,
AD000311,AC000248,T2,984.5,2609.2,baseline_coarse,True,0,,Coarse baseline locality/ward centroid,baseline_coarse,0.0,,Azad Mohalla,970203,0.0,970203,Azad Mohalla
AD000312,AC000249,T3,431.5,1548.7,landmark,True,0,Near Bus Stop (pin is a guess near this landmark),Promoted to nearest un-repelled landmark POI 'Bus Stop',landmark_poi_fallback,0.0,1st road,Royal Gardens,980303,0.0,980303,Royal Gardens
AD000313,AC000249,T3,-2279.5,-487.4,landmark,True,0,Near Post Office (pin is a guess near this landmark),Promoted to nearest un-repelled landmark POI 'Post Office',landmark_poi_fallback,0.0,6th road,Silver Oak Layout,980301,0.0,980301,Silver Oak Layout
AD000314,AC000250,T1,2498.7,-2131.9,visits_agree,True,3,Field Remark: Behind Park (conf=0.83),Synthesized from 3 verified field visit dwell centroids (visits_agree),field_visit_dwell,0.0,6th cross; 2nd main,Nehru Colony,960102,0.83,960102,Nehru Colony
AD000315,AC000250,T1,-1021.5,-3266.2,baseline_street,True,0,,High-precision baseline geocoder (street),baseline_high_precision,0.0,4th x,Basava Nagar,960101,0.0,960101,Basava Nagar
AD000316,AC000251,T1,2397.2,-2148.9,visits_disagree,True,6,,Synthesized from 6 verified field visit dwell centroids (visits_disagree),field_visit_dwell,0.0,5th cross; 1st main,Nehru Colony,960102,0.2,960102,Nehru Colony
AD000317,AC000251,T1,-1475.9,764.5,landmark,True,0,Near Community Hall (pin is a guess near this landmark),Promoted to nearest un-repelled landmark POI 'Community Hall',landmark_poi_fallback,0.72,7th main,,960104,0.0,960104,
AD000318,AC000252,T1,1210.3,-180.3,cross_account_street,True,0,,Coarse baseline locality/ward centroid,baseline_coarse,0.0,6th cross; 5th main,Kuvempu Layout,960102,0.0,960102,Kuvempu Layout
AD000319,AC000253,T1,3288.8,-2147.0,cross_account_street,True,0,,Coarse baseline locality/ward centroid,baseline_coarse,0.0,8th main,Nehru Colony,,0.0,,Nehru Colony
AD000320,AC000253,T1,2022.3,-917.1,visit_1,True,1,Opposite Park (about 110 m from pin),Synthesized from 1 verified field visit dwell centroids (visit_1),field_visit_dwell,0.0,6th cross; 5th main,,960102,0.2,960102,
AD000321,AC000254,T1,-2350.3,-2317.5,landmark,True,0,Near Water Tank (pin is a guess near this landmark),Promoted to nearest un-repelled landmark POI 'Water Tank',landmark_poi_fallback,0.0,7th cross; 3rd main,Shanthi Nagar,960101,0.0,960101,Shanthi Nagar
AD000322,AC000255,T1,3013.6,-2444.7,visits_disagree,True,2,,Synthesized from 2 verified field visit dwell centroids (visits_disagree),field_visit_dwell,0.0,8th main,Nehru Colony,960102,0.425,960102,Nehru Colony
AD000323,AC000256,T3,-2567.3,1819.5,visits_agree,True,5,,Synthesized from 5 verified field visit dwell centroids (visits_agree),field_visit_dwell,0.0,e block; 6th road,Railway Colony,980304,0.2,980304,Railway Colony
AD000324,AC000257,T3,-2643.8,1717.4,visits_disagree,True,8,Field Remark: Beside Petrol Pump (conf=0.81),Synthesized from 8 verified field visit dwell centroids (visits_disagree),field_visit_dwell,0.0,d block; 2nd road,Railway Colony,980304,0.807,980304,Railway Colony
AD000325,AC000257,T3,-3777.4,-867.7,baseline_coarse,True,0,,Coarse baseline locality/ward centroid,baseline_coarse,0.0,,Green Park Layout,980301,0.0,980301,Green Park Layout
AD000326,AC000258,T3,-3043.0,-595.3,cross_account_street,True,0,,Coarse baseline locality/ward centroid,baseline_coarse,0.0,a block; 3rd rd,,980301,0.0,980301,
AD000327,AC000259,T1,1006.3,-146.5,baseline_coarse,True,0,,Coarse baseline locality/ward centroid,baseline_coarse,0.0,2nd cross,,960103,0.0,960103,
AD000328,AC000260,T1,304.3,-2877.1,visits_agree,True,4,,Synthesized from 4 verified field visit dwell centroids (visits_agree),field_visit_dwell,0.0,9th cross; 1st main,Gandhi Nagar,960102,0.3,960102,Gandhi Nagar
AD000329,AC000260,OUT,,,unmapped_village,False,0,,Village outside mapped urban town coverage; zero baseline geocode and zero field visits,unmapped_village,0.0,,,992302,0.0,992302,
AD000330,AC000261,T2,2659.9,-1165.9,visit_1,True,1,Near Water Tank (about 170 m from pin) | Remark Cue: Behind Paani Ki Tanki (conf=0.83),Synthesized from 1 verified field visit dwell centroids (visit_1),field_visit_dwell,0.0,,Krishna Puri,970202,0.83,970202,Krishna Puri
AD000331,AC000261,T2,2880.0,718.1,baseline_coarse,True,0,,Coarse baseline locality/ward centroid,baseline_coarse,0.0,gali no. 7,Nehru Colony,970203,0.0,970203,Nehru Colony
AD000332,AC000262,T2,-532.5,3389.7,landmark,True,0,Near Hanuman Temple (pin is a guess near this landmark),Promoted to nearest un-repelled landmark POI 'Hanuman Temple',landmark_poi_fallback,0.0,gali no. 10,Ambedkar Nagar,970204,0.0,970204,Ambedkar Nagar
AD000333,AC000263,T2,1097.3,2655.1,landmark,True,0,Near Bus Stop (pin is a guess near this landmark),Promoted to nearest un-repelled landmark POI 'Bus Stop',landmark_poi_fallback,0.0,gali no. 4,Azad Mohalla,970203,0.0,970203,Azad Mohalla
AD000334,AC000264,T1,740.2,-3077.2,landmark,True,0,Near Community Hall (pin is a guess near this landmark),Promoted to nearest un-repelled landmark POI 'Community Hall',landmark_poi_fallback,0.0,1st x; 4th main,Gandhi Nagar,960102,0.0,960102,Gandhi Nagar
AD000335,AC000265,T3,3433.8,-1644.8,landmark,True,0,Opposite Ganesh Temple (pin is a guess near this landmark),Promoted to nearest un-repelled landmark POI 'Ganesh Temple',landmark_poi_fallback,0.0,,Palm Meadows,980302,0.0,980302,Palm Meadows
AD000336,AC000266,T2,1155.6,-2034.6,visits_agree,True,3,Near Govt School (about 30 m from pin),Synthesized from 3 verified field visit dwell centroids (visits_agree),field_visit_dwell,0.0,,Patel Nagar,970202,0.2,970202,Patel Nagar
AD000337,AC000266,T2,1487.5,-2029.7,visits_agree,True,3,Opposite Church (about 60 m from pin),Synthesized from 3 verified field visit dwell centroids (visits_agree),field_visit_dwell,0.0,,Patel Nagar,970202,0.2,970202,Patel Nagar
AD000338,AC000267,T2,1214.1,-2013.8,visits_agree,True,3,Near Govt School (about 40 m from pin),Synthesized from 3 verified field visit dwell centroids (visits_agree),field_visit_dwell,0.0,gali no. 8,Patel Nagar,970202,0.2,970202,Patel Nagar
AD000339,AC000268,T2,1523.2,-2053.0,baseline_coarse,True,0,,Coarse baseline locality/ward centroid,baseline_coarse,0.0,,Patel Nagar,970202,0.0,970202,Patel Nagar
AD000340,AC000269,T1,-880.5,-1288.3,landmark,True,0,Near Ration Shop (pin is a guess near this landmark),Promoted to nearest un-repelled landmark POI 'Ration Shop',landmark_poi_fallback,0.0,9th x; 3rd main,Hosa Badavane,960101,0.0,960101,Hosa Badavane
AD000341,AC000270,T1,480.5,2354.6,cross_account_street,True,0,,Coarse baseline locality/ward centroid,baseline_coarse,0.0,6th cross; 5th main,Anjaneya Badavane,960103,0.0,960103,Anjaneya Badavane
AD000342,AC000271,T3,3555.7,-35.7,visits_agree,True,2,Field Remark: Behind Bus Nildana (conf=0.83),Synthesized from 2 verified field visit dwell centroids (visits_agree),field_visit_dwell,0.0,,Lakeview Phase 2,980303,0.83,980303,Lakeview Phase 2
AD000343,AC000272,T2,2855.5,515.3,baseline_coarse,True,0,,Coarse baseline locality/ward centroid,baseline_coarse,0.0,176 gali,Nehru Colony,970203,0.0,970203,Nehru Colony
AD000344,AC000273,T1,-1249.4,-3317.3,landmark,True,0,Near Medical Store (pin is a guess near this landmark),Promoted to nearest un-repelled landmark POI 'Medical Store',landmark_poi_fallback,0.0,3rd cross; 2nd main,Basava Nagar,960101,0.0,960101,Basava Nagar
AD000345,AC000274,T1,522.3,-2870.8,baseline_coarse,True,0,,Coarse baseline locality/ward centroid,baseline_coarse,0.0,,Gandhi Nagar,960102,0.0,960102,Gandhi Nagar
AD000346,AC000275,T1,-1574.7,217.8,baseline_street,True,0,,High-precision baseline geocoder (street),baseline_high_precision,0.0,,Ashoka Layout,960104,0.0,960104,Ashoka Layout
AD000347,AC000276,T3,1165.2,-2141.1,baseline_coarse,True,0,,Coarse baseline locality/ward centroid,baseline_coarse,0.0,c block; 4th road,,980302,0.0,980302,
AD000348,AC000277,T3,-834.7,-870.0,visit_1,True,1,Near Milk Dairy (about 160 m from pin) | Remark Cue: Near Doodh Dairy (conf=0.82),Synthesized from 1 verified field visit dwell centroids (visit_1),field_visit_dwell,0.0,,HMT Colony,980301,0.819,980301,HMT Colony
AD000349,AC000278,T2,896.9,2688.7,baseline_coarse,True,0,,Coarse baseline locality/ward centroid,baseline_coarse,0.0,gali no. 4,Azad Mohalla,970203,0.0,970203,Azad Mohalla
AD000350,AC000278,T2,1922.2,1715.5,landmark,True,0,Near Masjid (pin is a guess near this landmark),Promoted to nearest un-repelled landmark POI 'Masjid',landmark_poi_fallback,0.0,,Ram Nagar,,0.0,,Ram Nagar
AD000351,AC000279,T3,-100.7,2693.8,baseline_street,True,0,,High-precision baseline geocoder (street),baseline_high_precision,0.0,,Sunrise Enclave,,0.0,,Sunrise Enclave
AD000352,AC000280,T2,2908.2,439.2,baseline_coarse,True,0,,Coarse baseline locality/ward centroid,baseline_coarse,0.0,,Nehru Colony,970203,0.0,970203,Nehru Colony
AD000353,AC000280,T2,2072.1,2097.3,landmark,True,0,Near Govt School (pin is a guess near this landmark),Promoted to nearest un-repelled landmark POI 'Govt School',landmark_poi_fallback,0.0,gali 11,Ram Nagar,970203,0.0,970203,Ram Nagar
AD000354,AC000281,T3,965.5,-1038.4,visits_disagree,True,3,Field Remark: Behind Sarkari School (conf=0.83),Synthesized from 3 verified field visit dwell centroids (visits_disagree),field_visit_dwell,0.0,,Teachers Colony,980302,0.83,980302,Teachers Colony
AD000355,AC000282,T2,692.6,-3291.6,visits_disagree,True,8,Near Bus Stop (about 30 m from pin) | Remark Cue: Beside Bus Adda (conf=0.83),Synthesized from 8 verified field visit dwell centroids (visits_disagree),field_visit_dwell,0.0,gali no. 3,Shivaji Nagar,,0.832,,Shivaji Nagar
AD000356,AC000283,T3,1157.3,-3636.6,landmark,True,0,Near Water Tank (pin is a guess near this landmark),Promoted to nearest un-repelled landmark POI 'Water Tank',landmark_poi_fallback,0.0,e block; 4th road,Unity Nagar,980302,0.0,980302,Unity Nagar
AD000357,AC000284,T3,431.5,1548.7,landmark,True,0,Near Bus Stop (pin is a guess near this landmark),Promoted to nearest un-repelled landmark POI 'Bus Stop',landmark_poi_fallback,0.0,,Royal Gardens,980303,0.0,980303,Royal Gardens
AD000358,AC000285,T2,655.6,95.2,visits_disagree,True,2,Field Remark: Opposite Sarkari School (conf=0.85),Synthesized from 2 verified field visit dwell centroids (visits_disagree),field_visit_dwell,0.0,,Indira Colony,970202,0.85,970202,Indira Colony
AD000359,AC000286,T1,-2457.3,-2639.7,visits_agree,True,3,,Synthesized from 3 verified field visit dwell centroids (visits_agree),field_visit_dwell,0.0,5th cross; 1st main,,960103,0.2,960103,
AD000360,AC000287,T1,3067.5,-2377.9,visits_disagree,True,6,Field Remark: Opposite Nyayabele Angadi (conf=0.85),Synthesized from 6 verified field visit dwell centroids (visits_disagree),field_visit_dwell,0.0,6th cross; 7th main,Nehru Colony,960102,0.85,960102,Nehru Colony
AD000361,AC000288,T1,-992.7,-2988.7,baseline_coarse,True,0,,Coarse baseline locality/ward centroid,baseline_coarse,0.0,,Basava Nagar,960101,0.0,960101,Basava Nagar
AD000362,AC000288,T1,-2217.3,-2491.4,baseline_coarse,True,0,,Coarse baseline locality/ward centroid,baseline_coarse,0.0,8th cross,Shanthi Nagar,960101,0.0,960101,Shanthi Nagar
AD000363,AC000289,T1,2713.8,-2619.2,visits_agree,True,4,,Synthesized from 4 verified field visit dwell centroids (visits_agree),field_visit_dwell,0.0,5th main,Siddeshwara Colony,960102,0.2,960102,Siddeshwara Colony
AD000364,AC000290,T2,877.3,-3391.8,visit_1,True,1,Near Bus Stop (about 180 m from pin),Synthesized from 1 verified field visit dwell centroids (visit_1),field_visit_dwell,0.0,gali 1,Shivaji Nagar,970202,0.2,970202,Shivaji Nagar
AD000365,AC000291,T2,3084.0,541.1,visits_agree,True,2,Field Remark: Beside Medical Store (conf=0.81),Synthesized from 2 verified field visit dwell centroids (visits_agree),field_visit_dwell,0.0,gali 6,Ram Nagar,970203,0.807,970203,Ram Nagar
AD000366,AC000292,T1,1540.8,326.1,baseline_street,True,0,,High-precision baseline geocoder (street),baseline_high_precision,0.0,12th x; 8th main,Kuvempu Layout,960102,0.0,960102,Kuvempu Layout
AD000367,AC000293,T3,-2458.4,-252.4,baseline_coarse,True,0,,Coarse baseline locality/ward centroid,baseline_coarse,0.0,,Silver Oak Layout,980301,0.0,980301,Silver Oak Layout
AD000368,AC000293,T3,-2463.3,1582.8,landmark,True,0,Near Bus Stop (pin is a guess near this landmark),Promoted to nearest un-repelled landmark POI 'Bus Stop',landmark_poi_fallback,0.0,e block; 1st road,Railway Colony,980304,0.0,980304,Railway Colony
AD000369,AC000294,T1,718.5,-3219.0,visits_disagree,True,7,Field Remark: Opposite Samudaya Bhavana (conf=0.85),Synthesized from 7 verified field visit dwell centroids (visits_disagree),field_visit_dwell,0.0,4th x,Gandhi Nagar,960102,0.85,960102,Gandhi Nagar
AD000370,AC000294,T1,2836.0,-2227.3,baseline_coarse,True,0,,Coarse baseline locality/ward centroid,baseline_coarse,0.0,11th cross; 6th main,Nehru Colony,960102,0.0,960102,Nehru Colony
AD000371,AC000295,T1,694.6,-2877.7,baseline_coarse,True,0,,Coarse baseline locality/ward centroid,baseline_coarse,0.0,3rd cross; 5th main,Gandhi Nagar,960102,0.0,960102,Gandhi Nagar
AD000372,AC000296,T1,771.8,-3053.5,baseline_coarse,True,0,,Coarse baseline locality/ward centroid,baseline_coarse,0.0,3rd cross,Gandhi Nagar,960102,0.0,960102,Gandhi Nagar
AD000373,AC000296,OUT,,,unmapped_village,False,0,,Village outside mapped urban town coverage; zero baseline geocode and zero field visits,unmapped_village,0.0,,,995674,0.0,995674,
AD000374,AC000297,T3,1076.6,-1210.0,baseline_street,True,0,,High-precision baseline geocoder (street),baseline_high_precision,0.0,,,980301,0.0,980301,
AD000375,AC000297,T3,-741.8,-2128.2,baseline_street,True,0,,High-precision baseline geocoder (rooftop),baseline_high_precision,0.0,,Defence Colony,980301,0.0,980301,Defence Colony
AD000376,AC000298,T2,1885.4,1658.3,baseline_coarse,True,0,,Coarse baseline locality/ward centroid,baseline_coarse,0.0,,Ram Nagar,970203,0.0,970203,Ram Nagar
AD000377,AC000299,T1,-1017.7,-3094.4,baseline_coarse,True,0,,Coarse baseline locality/ward centroid,baseline_coarse,0.0,,Basava Nagar,960101,0.0,960101,Basava Nagar
AD000378,AC000300,T1,-933.7,-1407.2,baseline_street,True,0,Near Ration Shop (about 130 m from pin),High-precision baseline geocoder (street),baseline_high_precision,0.0,6th x; 1st main,Hosa Badavane,960101,0.0,960101,Hosa Badavane
AD000379,AC000301,T2,-1949.9,-2521.8,visits_disagree,True,7,Field Remark: Opposite Ration Dukan (conf=0.85),Synthesized from 7 verified field visit dwell centroids (visits_disagree),field_visit_dwell,0.0,,Subhash Nagar,970201,0.85,970201,Subhash Nagar
AD000380,AC000302,T3,-2878.1,1621.2,landmark,True,0,Near Milk Dairy (pin is a guess near this landmark),Promoted to nearest un-repelled landmark POI 'Milk Dairy',landmark_poi_fallback,0.0,d block; 1st road,Railway Colony,980304,0.0,980304,Railway Colony
AD000381,AC000303,T2,346.1,-3219.9,cross_account_street,True,0,,Coarse baseline locality/ward centroid,baseline_coarse,0.0,gali 5,Shivaji Nagar,970202,0.0,970202,Shivaji Nagar
AD000382,AC000304,T2,2903.5,618.8,baseline_coarse,True,0,,Coarse baseline locality/ward centroid,baseline_coarse,0.0,gali no. 7,Nehru Colony,970203,0.0,970203,Nehru Colony
AD000383,AC000305,T2,287.4,1293.4,baseline_street,True,0,,High-precision baseline geocoder (street),baseline_high_precision,0.0,,,970201,0.0,970201,
AD000384,AC000306,T1,-2350.3,-2317.5,landmark,True,0,Near Water Tank (pin is a guess near this landmark),Promoted to nearest un-repelled landmark POI 'Water Tank',landmark_poi_fallback,0.0,,Shanthi Nagar,960101,0.0,960101,Shanthi Nagar
AD000385,AC000307,T2,2660.2,-1167.0,visits_agree,True,2,Near Water Tank (about 170 m from pin) | Remark Cue: Opposite Paani Ki Tanki (conf=0.85),Synthesized from 2 verified field visit dwell centroids (visits_agree),field_visit_dwell,0.0,,Krishna Puri,970202,0.85,970202,Krishna Puri
AD000386,AC000308,T2,1345.3,156.2,visits_agree,True,2,Near Hanuman Temple (about 140 m from pin) | Remark Cue: Behind Hanuman Mandir (conf=0.83),Synthesized from 2 verified field visit dwell centroids (visits_agree),field_visit_dwell,0.0,gali no. 9,Indira Colony,970202,0.83,970202,Indira Colony
AD000387,AC000308,T2,-405.0,1732.2,visits_disagree,True,4,Field Remark: Beside Hanuman Mandir (conf=0.81),Synthesized from 4 verified field visit dwell centroids (visits_disagree),field_visit_dwell,0.0,gali 11,Tilak Nagar,970204,0.807,970204,Tilak Nagar
AD000388,AC000309,T3,951.3,-1098.8,baseline_street,True,0,,High-precision baseline geocoder (street),baseline_high_precision,0.0,,Teachers Colony,980302,0.0,980302,Teachers Colony
AD000389,AC000310,T1,2833.5,-1777.0,visits_agree,True,3,,Synthesized from 3 verified field visit dwell centroids (visits_agree),field_visit_dwell,0.0,12th cross; 3rd main,,960102,0.2,960102,
AD000390,AC000311,T1,1982.8,-1241.6,landmark,True,0,Near Hanuman Temple (pin is a guess near this landmark),Promoted to nearest un-repelled landmark POI 'Hanuman Temple',landmark_poi_fallback,0.0,4th cross; 5th main,Siddeshwara Colony,960102,0.0,960102,Siddeshwara Colony
AD000391,AC000311,T1,944.1,-3196.2,baseline_coarse,True,0,,Coarse baseline locality/ward centroid,baseline_coarse,0.0,12th cross; 5th main,Gandhi Nagar,960102,0.0,960102,Gandhi Nagar
AD000392,AC000312,T2,1380.6,-1327.9,baseline_coarse,True,0,,Coarse baseline locality/ward centroid,baseline_coarse,0.0,gali 9,,970202,0.0,970202,
AD000393,AC000313,T3,1560.3,2054.3,baseline_coarse,True,0,,Coarse baseline locality/ward centroid,baseline_coarse,0.0,,,980303,0.0,980303,
AD000394,AC000314,T2,1073.2,2573.2,baseline_coarse,True,0,,Coarse baseline locality/ward centroid,baseline_coarse,0.0,,Azad Mohalla,970203,0.0,970203,Azad Mohalla
AD000395,AC000315,T3,3646.1,300.3,baseline_coarse,True,0,,Coarse baseline locality/ward centroid,baseline_coarse,0.0,,Lakeview Phase 2,980303,0.0,980303,Lakeview Phase 2
AD000396,AC000315,T3,-764.5,-471.1,landmark,True,0,Behind Post Office (pin is a guess near this landmark),Promoted to nearest un-repelled landmark POI 'Post Office',landmark_poi_fallback,0.0,,HMT Colony,,0.0,,HMT Colony
AD000397,AC000316,T3,3101.8,-1958.1,visits_agree,True,5,Field Remark: Behind Post Office (conf=0.83),Synthesized from 5 verified field visit dwell centroids (visits_agree),field_visit_dwell,0.0,e block; 2nd road,Palm Meadows,980302,0.83,980302,Palm Meadows
AD000398,AC000317,T3,-2287.0,1348.6,visit_1,True,1,,Synthesized from 1 verified field visit dwell centroids (visit_1),field_visit_dwell,0.0,,Railway Colony,980304,0.2,980304,Railway Colony
AD000399,AC000317,T3,3469.5,-2083.9,landmark,True,0,Near Water Tank (pin is a guess near this landmark),Promoted to nearest un-repelled landmark POI 'Water Tank',landmark_poi_fallback,0.0,b block; 5th rd,Palm Meadows,980302,0.0,980302,Palm Meadows
AD000400,AC000318,T2,-1956.8,-2726.4,visit_1,True,1,,Synthesized from 1 verified field visit dwell centroids (visit_1),field_visit_dwell,0.0,gali 9,Subhash Nagar,970201,0.2,970201,Subhash Nagar
AD000401,AC000319,T3,-2481.7,1656.7,baseline_coarse,True,0,,Coarse baseline locality/ward centroid,baseline_coarse,0.0,f block; 6th road,Railway Colony,980304,0.0,980304,Railway Colony
AD000402,AC000320,T3,-2634.5,1922.4,baseline_street,True,0,,High-precision baseline geocoder (street),baseline_high_precision,0.0,4th road,Railway Colony,980304,0.0,980304,Railway Colony
AD000403,AC000320,T3,-2878.1,1621.2,landmark,True,0,Near Milk Dairy (pin is a guess near this landmark),Promoted to nearest un-repelled landmark POI 'Milk Dairy',landmark_poi_fallback,0.0,,Railway Colony,980304,0.0,980304,Railway Colony
AD000404,AC000321,T2,2990.9,983.9,visits_agree,True,2,Behind Ganesh Temple (about 110 m from pin),Synthesized from 2 verified field visit dwell centroids (visits_agree),field_visit_dwell,0.0,,Nehru Colony,970203,0.2,970203,Nehru Colony
AD000405,AC000322,T2,2471.8,2057.0,landmark,True,0,Near Medical Store (pin is a guess near this landmark),Promoted to nearest un-repelled landmark POI 'Medical Store',landmark_poi_fallback,0.0,gali no. 11,Ram Nagar,970203,0.0,970203,Ram Nagar
AD000406,AC000323,T1,2843.8,757.1,landmark,True,0,Opposite Ration Shop (pin is a guess near this landmark),Promoted to nearest un-repelled landmark POI 'Ration Shop',landmark_poi_fallback,0.0,8th main,Vidya Nagar,,0.0,,Vidya Nagar
AD000407,AC000324,T2,2430.3,-767.2,visit_1,True,1,,Synthesized from 1 verified field visit dwell centroids (visit_1),field_visit_dwell,0.0,360 gali,Krishna Puri,970202,0.2,970202,Krishna Puri
AD000408,AC000324,T2,2447.4,-1191.9,landmark,True,0,Behind Post Office (pin is a guess near this landmark),Promoted to nearest un-repelled landmark POI 'Post Office',landmark_poi_fallback,0.0,202 gali,Krishna Puri,970202,0.0,970202,Krishna Puri
AD000409,AC000325,T3,986.0,-961.5,baseline_coarse,True,0,,Coarse baseline locality/ward centroid,baseline_coarse,0.0,,,980304,0.0,980304,
AD000410,AC000325,T3,1993.1,-2762.0,baseline_coarse,True,0,,Coarse baseline locality/ward centroid,baseline_coarse,0.0,,,980302,0.0,980302,
AD000411,AC000326,T3,3838.0,516.1,baseline_coarse,True,0,,Coarse baseline locality/ward centroid,baseline_coarse,0.0,,Lakeview Phase 2,980303,0.0,980303,Lakeview Phase 2
AD000412,AC000327,T2,1339.6,-2136.4,visits_disagree,True,7,Near Church (about 180 m from pin) | Remark Cue: Opposite Doodh Dairy (conf=0.85),Synthesized from 7 verified field visit dwell centroids (visits_disagree),field_visit_dwell,0.0,gali no. 6,,970204,0.85,970204,
AD000413,AC000327,OUT,,,unmapped_village,False,0,,Village outside mapped urban town coverage; zero baseline geocode and zero field visits,unmapped_village,0.0,,,994056,0.0,994056,
AD000414,AC000328,T3,-853.4,-708.6,landmark,True,0,Near Ration Shop (pin is a guess near this landmark),Promoted to nearest un-repelled landmark POI 'Ration Shop',landmark_poi_fallback,0.0,,HMT Colony,980301,0.0,980301,HMT Colony
AD000415,AC000328,OUT,,,unmapped_village,False,0,,Village outside mapped urban town coverage; zero baseline geocode and zero field visits,unmapped_village,0.0,,,992673,0.0,992673,
AD000416,AC000329,T1,-730.6,-1578.6,baseline_street,True,0,,High-precision baseline geocoder (street),baseline_high_precision,0.0,2nd main,Hosa Badavane,960101,0.0,960101,Hosa Badavane
AD000417,AC000330,T3,-2798.9,1474.5,baseline_street,True,0,,High-precision baseline geocoder (street),baseline_high_precision,0.0,b block; 2nd road,Railway Colony,980304,0.0,980304,Railway Colony
AD000418,AC000331,T2,2844.3,775.5,landmark,True,0,Opposite Water Tank (pin is a guess near this landmark),Promoted to nearest un-repelled landmark POI 'Water Tank',landmark_poi_fallback,0.0,gali no. 10,Nehru Colony,970203,0.0,970203,Nehru Colony
AD000419,AC000332,T2,1923.8,-2314.7,visits_agree,True,2,,Synthesized from 2 verified field visit dwell centroids (visits_agree),field_visit_dwell,0.0,gali 2,Patel Nagar,970202,0.2,970202,Patel Nagar
AD000420,AC000333,T2,3074.8,-1258.3,visits_agree,True,4,,Synthesized from 4 verified field visit dwell centroids (visits_agree),field_visit_dwell,0.0,gali no. 10,Krishna Puri,970202,0.2,970202,Krishna Puri
AD000421,AC000334,T3,-3648.6,-979.3,baseline_coarse,True,0,,Coarse baseline locality/ward centroid,baseline_coarse,0.0,,Green Park Layout,980301,0.0,980301,Green Park Layout
AD000422,AC000334,T3,-1261.7,-2299.0,baseline_street,True,0,Opposite Church (pin is at this landmark),High-precision baseline geocoder (street),baseline_high_precision,0.0,a block; 1st rd,Defence Colony,,0.0,,Defence Colony
AD000423,AC000335,T1,-1122.4,327.5,landmark,True,0,Near Ganesh Temple (pin is a guess near this landmark),Promoted to nearest un-repelled landmark POI 'Ganesh Temple',landmark_poi_fallback,0.0,4th cross,Ashoka Layout,960104,0.0,960104,Ashoka Layout
AD000424,AC000336,T2,2904.3,331.2,visits_disagree,True,9,Opposite Community Hall (about 130 m from pin) | Remark Cue: Opposite Barat Ghar (conf=0.85),Synthesized from 9 verified field visit dwell centroids (visits_disagree),field_visit_dwell,0.0,156 gali,Nehru Colony,970203,0.85,970203,Nehru Colony
AD000425,AC000336,OUT,,,unmapped_village,False,0,,Village outside mapped urban town coverage; zero baseline geocode and zero field visits,unmapped_village,0.0,,,997113,0.0,997113,
AD000426,AC000337,T3,836.8,-1185.4,visits_agree,True,2,Near Ration Shop (about 190 m from pin) | Remark Cue: Behind Ration Ki Dukaan (conf=0.83),Synthesized from 2 verified field visit dwell centroids (visits_agree),field_visit_dwell,0.0,,Teachers Colony,980302,0.83,980302,Teachers Colony
AD000427,AC000337,T3,-1126.2,-332.0,visit_1,True,1,,Synthesized from 1 verified field visit dwell centroids (visit_1),field_visit_dwell,0.0,4th rd,HMT Colony,980301,0.2,980301,HMT Colony
AD000428,AC000338,T1,2891.6,-2724.9,visits_agree,True,2,,Synthesized from 2 verified field visit dwell centroids (visits_agree),field_visit_dwell,0.0,7th main,Nehru Colony,960102,0.2,960102,Nehru Colony
AD000429,AC000338,T1,740.2,-3077.2,landmark,True,0,Near Community Hall (pin is a guess near this landmark),Promoted to nearest un-repelled landmark POI 'Community Hall',landmark_poi_fallback,0.81,,Gandhi Nagar,960102,0.0,960102,Gandhi Nagar
AD000430,AC000339,T2,1708.0,-1992.9,visits_disagree,True,3,Field Remark: Beside Church (conf=0.83),Synthesized from 3 verified field visit dwell centroids (visits_disagree),field_visit_dwell,0.0,,Patel Nagar,970202,0.832,970202,Patel Nagar
AD000431,AC000339,OUT,,,unmapped_village,False,0,,Village outside mapped urban town coverage; zero baseline geocode and zero field visits,unmapped_village,0.0,,,994704,0.0,994704,
AD000432,AC000340,T2,1504.4,-2176.0,baseline_coarse,True,0,,Coarse baseline locality/ward centroid,baseline_coarse,0.0,,Patel Nagar,970202,0.0,970202,Patel Nagar
AD000433,AC000341,T3,4116.0,116.3,visits_disagree,True,3,,Synthesized from 3 verified field visit dwell centroids (visits_disagree),field_visit_dwell,0.0,,,980303,0.2,980303,
AD000434,AC000342,T3,-685.7,-594.2,baseline_coarse,True,0,,Coarse baseline locality/ward centroid,baseline_coarse,0.0,,,980304,0.0,980304,
AD000435,AC000343,T1,-1869.3,2503.9,baseline_coarse,True,0,,Coarse baseline locality/ward centroid,baseline_coarse,0.0,,Kalyana Nagar,960104,0.0,960104,Kalyana Nagar
AD000436,AC000344,T3,3754.4,498.4,cross_account_street,True,0,,Coarse baseline locality/ward centroid,baseline_coarse,0.0,2nd road,,980303,0.0,980303,
AD000437,AC000345,T2,-609.5,3293.5,baseline_street,True,0,,High-precision baseline geocoder (street),baseline_high_precision,0.0,gali no. 11,Ambedkar Nagar,970204,0.0,970204,Ambedkar Nagar
AD000438,AC000346,T2,778.3,2297.6,cross_account_street,True,0,,Coarse baseline locality/ward centroid,baseline_coarse,0.0,gali no. 1,Azad Mohalla,970203,0.0,970203,Azad Mohalla
AD000439,AC000346,T2,1309.5,290.4,landmark,True,0,Near Hanuman Temple (pin is a guess near this landmark),Promoted to nearest un-repelled landmark POI 'Hanuman Temple',landmark_poi_fallback,0.0,,Indira Colony,970202,0.0,970202,Indira Colony
AD000440,AC000347,T1,1980.7,-958.7,baseline_coarse,True,0,,Coarse baseline locality/ward centroid,baseline_coarse,0.0,12th cross; 3rd main,Siddeshwara Colony,960102,0.0,960102,Siddeshwara Colony
AD000441,AC000348,T1,2564.7,924.2,visit_1,True,1,,Synthesized from 1 verified field visit dwell centroids (visit_1),field_visit_dwell,0.0,5th cross; 5th main,Vidya Nagar,960103,0.2,960103,Vidya Nagar
AD000442,AC000348,T1,-349.5,-1181.0,baseline_coarse,True,0,,Coarse baseline locality/ward centroid,baseline_coarse,0.0,,Hosa Badavane,960101,0.0,960101,Hosa Badavane
AD000443,AC000349,T2,1768.7,-1818.9,visits_agree,True,3,,Synthesized from 3 verified field visit dwell centroids (visits_agree),field_visit_dwell,0.0,,Shivaji Nagar,970202,0.2,970202,Shivaji Nagar
AD000444,AC000349,T2,2629.1,-1674.2,visit_1,True,1,Near Ration Shop (about 140 m from pin),Synthesized from 1 verified field visit dwell centroids (visit_1),field_visit_dwell,0.0,gali 2,,970202,0.2,970202,
AD000445,AC000350,T1,2566.5,-1661.7,baseline_street,True,0,,High-precision baseline geocoder (street),baseline_high_precision,0.0,10th cross; 1st main,Nehru Colony,960102,0.0,960102,Nehru Colony
AD000446,AC000351,T3,-619.4,-3778.5,visit_1,True,1,,Synthesized from 1 verified field visit dwell centroids (visit_1),field_visit_dwell,0.0,a block; 4th road,Orchid Enclave,980301,0.2,980301,Orchid Enclave
AD000447,AC000352,T1,369.8,2138.8,baseline_coarse,True,0,,Coarse baseline locality/ward centroid,baseline_coarse,0.0,10th cross; 3rd main,Anjaneya Badavane,960103,0.0,960103,Anjaneya Badavane
AD000448,AC000353,T3,-639.9,-3367.2,landmark,True,0,Behind Hanuman Temple (pin is a guess near this landmark),Promoted to nearest un-repelled landmark POI 'Hanuman Temple',landmark_poi_fallback,0.0,5th road,Orchid Enclave,980301,0.0,980301,Orchid Enclave
AD000449,AC000354,T3,-285.3,2806.4,baseline_street,True,0,,High-precision baseline geocoder (street),baseline_high_precision,0.0,1st road,,980301,0.0,980301,
AD000450,AC000355,T2,2543.5,-1325.8,baseline_coarse,True,0,,Coarse baseline locality/ward centroid,baseline_coarse,0.0,gali 8,Krishna Puri,970202,0.0,970202,Krishna Puri
AD000451,AC000356,T3,999.0,-490.9,visits_agree,True,5,Field Remark: Opposite Masjid (conf=0.85),Synthesized from 5 verified field visit dwell centroids (visits_agree),field_visit_dwell,0.0,f block; 6th road,Teachers Colony,980302,0.85,980302,Teachers Colony
AD000452,AC000357,T3,731.9,-1039.8,landmark,True,0,Near Govt School (pin is a guess near this landmark),Promoted to nearest un-repelled landmark POI 'Govt School',landmark_poi_fallback,0.0,d block; 1st road,Teachers Colony,980302,0.0,980302,Teachers Colony
AD000453,AC000358,T3,-2910.2,-36.3,landmark,True,0,Opposite Water Tank (pin is a guess near this landmark),Promoted to nearest un-repelled landmark POI 'Water Tank',landmark_poi_fallback,0.0,,Silver Oak Layout,980301,0.0,980301,Silver Oak Layout
AD000454,AC000358,OUT,,,unmapped_village,False,0,,Village outside mapped urban town coverage; zero baseline geocode and zero field visits,unmapped_village,0.0,,,995265,0.0,995265,
AD000455,AC000359,T2,-310.8,990.8,landmark,True,0,Near Masjid (pin is a guess near this landmark),Promoted to nearest un-repelled landmark POI 'Masjid',landmark_poi_fallback,0.0,gali no. 1,Tilak Nagar,970204,0.0,970204,Tilak Nagar
AD000456,AC000360,T2,-217.8,-371.9,visit_1,True,1,Opposite Milk Dairy (about 110 m from pin) | Remark Cue: Near Doodh Dairy (conf=0.82),Synthesized from 1 verified field visit dwell centroids (visit_1),field_visit_dwell,0.0,,Shastri Nagar,970201,0.819,970201,Shastri Nagar
AD000457,AC000361,T3,-2618.5,2009.2,landmark,True,0,Near Govt School (pin is a guess near this landmark),Promoted to nearest un-repelled landmark POI 'Govt School',landmark_poi_fallback,0.0,,Railway Colony,980304,0.0,980304,Railway Colony
AD000458,AC000362,T3,-2721.6,-466.7,baseline_coarse,True,0,,Coarse baseline locality/ward centroid,baseline_coarse,0.0,,Silver Oak Layout,980301,0.0,980301,Silver Oak Layout
AD000459,AC000363,T2,-1625.7,-2955.8,landmark,True,0,Near Milk Dairy (pin is a guess near this landmark),Promoted to nearest un-repelled landmark POI 'Milk Dairy',landmark_poi_fallback,0.0,,Subhash Nagar,970201,0.0,970201,Subhash Nagar
AD000460,AC000364,T2,2834.6,-1282.4,visits_agree,True,6,Field Remark: Beside Ganesh Mandir (conf=0.81),Synthesized from 6 verified field visit dwell centroids (visits_agree),field_visit_dwell,0.0,230 gali,Krishna Puri,970202,0.807,970202,Krishna Puri
AD000461,AC000364,T2,2958.1,214.7,landmark,True,0,Opposite Community Hall (pin is a guess near this landmark),Promoted to nearest un-repelled landmark POI 'Community Hall',landmark_poi_fallback,0.02,,Nehru Colony,970203,0.0,970203,Nehru Colony
AD000462,AC000365,T1,-880.5,-1288.3,landmark,True,0,Near Ration Shop (pin is a guess near this landmark),Promoted to nearest un-repelled landmark POI 'Ration Shop',landmark_poi_fallback,0.0,,Hosa Badavane,960101,0.0,960101,Hosa Badavane
AD000463,AC000365,OUT,,,unmapped_village,False,0,,Village outside mapped urban town coverage; zero baseline geocode and zero field visits,unmapped_village,0.0,,,993770,0.0,993770,
AD000464,AC000366,T3,993.0,-896.4,baseline_coarse,True,0,,Coarse baseline locality/ward centroid,baseline_coarse,0.0,3rd road,Teachers Colony,980302,0.0,980302,Teachers Colony
AD000465,AC000367,T3,-2655.6,-56.4,visits_agree,True,2,Field Remark: Opposite Govt School (conf=0.85),Synthesized from 2 verified field visit dwell centroids (visits_agree),field_visit_dwell,0.0,,Silver Oak Layout,,0.85,,Silver Oak Layout
AD000466,AC000368,T1,1310.1,-117.2,baseline_coarse,True,0,,Coarse baseline locality/ward centroid,baseline_coarse,0.0,4th main,Kuvempu Layout,960102,0.0,960102,Kuvempu Layout
AD000467,AC000369,T1,-881.1,-3312.0,visit_1,True,1,Field Remark: Opposite Milk Dairy (conf=0.85),Synthesized from 1 verified field visit dwell centroids (visit_1),field_visit_dwell,0.0,6th main,Basava Nagar,960101,0.85,960101,Basava Nagar
AD000468,AC000370,T3,-386.8,3422.8,landmark,True,0,Near Milk Dairy (pin is a guess near this landmark),Promoted to nearest un-repelled landmark POI 'Milk Dairy',landmark_poi_fallback,0.0,,Sunrise Enclave,980304,0.0,980304,Sunrise Enclave
AD000469,AC000371,T1,767.4,-2763.0,visit_1,True,1,Opposite Ration Shop (about 90 m from pin) | Remark Cue: Behind Ration Angadi (conf=0.83),Synthesized from 1 verified field visit dwell centroids (visit_1),field_visit_dwell,0.0,10th cross; 5th main,Gandhi Nagar,960102,0.83,960102,Gandhi Nagar
AD000470,AC000371,OUT,,,unmapped_village,False,0,,Village outside mapped urban town coverage; zero baseline geocode and zero field visits,unmapped_village,0.0,,,995877,0.0,995877,
AD000471,AC000372,T3,-3828.4,-1132.5,visit_1,True,1,,Synthesized from 1 verified field visit dwell centroids (visit_1),field_visit_dwell,0.0,,Green Park Layout,980301,0.2,980301,Green Park Layout
AD000472,AC000373,T2,-315.9,-105.8,visits_disagree,True,6,Near Hanuman Temple (about 40 m from pin) | Remark Cue: Opposite Hanuman Mandir (conf=0.85),Synthesized from 6 verified field visit dwell centroids (visits_disagree),field_visit_dwell,0.0,gali 12,Shastri Nagar,970201,0.85,970201,Shastri Nagar
AD000473,AC000374,T2,1416.8,-1898.8,visits_agree,True,2,,Synthesized from 2 verified field visit dwell centroids (visits_agree),field_visit_dwell,0.0,,Patel Nagar,,0.2,,Patel Nagar
AD000474,AC000374,OUT,,,unmapped_village,False,0,,Village outside mapped urban town coverage; zero baseline geocode and zero field visits,unmapped_village,0.0,,,998052,0.0,998052,
AD000475,AC000375,T1,2587.7,-2244.3,visits_disagree,True,7,Near Park (about 190 m from pin) | Remark Cue: Behind Udyanavana (conf=0.83),Synthesized from 7 verified field visit dwell centroids (visits_disagree),field_visit_dwell,0.0,5th cross; 3rd main,Nehru Colony,960102,0.83,960102,Nehru Colony
AD000476,AC000375,OUT,,,unmapped_village,False,0,,Village outside mapped urban town coverage; zero baseline geocode and zero field visits,unmapped_village,0.0,,,995144,0.0,995144,
AD000477,AC000376,T1,-2071.2,-2036.9,visits_agree,True,2,Opposite Bus Stop (about 150 m from pin) | Remark Cue: Behind Ganapathi Temple (conf=0.80),Synthesized from 2 verified field visit dwell centroids (visits_agree),field_visit_dwell,0.0,6th main,Shanthi Nagar,960101,0.795,960101,Shanthi Nagar
AD000478,AC000376,T1,633.9,-2929.8,baseline_coarse,True,0,,Coarse baseline locality/ward centroid,baseline_coarse,0.0,8th main,Gandhi Nagar,960102,0.0,960102,Gandhi Nagar
AD000479,AC000377,T2,-1869.6,-2662.9,landmark,True,0,Behind Govt School (pin is a guess near this landmark),Promoted to nearest un-repelled landmark POI 'Govt School',landmark_poi_fallback,0.0,312 gali,Subhash Nagar,970201,0.0,970201,Subhash Nagar
AD000480,AC000378,T2,1326.4,-2012.8,baseline_coarse,True,0,,Coarse baseline locality/ward centroid,baseline_coarse,0.0,,Patel Nagar,970202,0.0,970202,Patel Nagar
AD000481,AC000379,T3,-2406.1,1929.5,baseline_coarse,True,0,,Coarse baseline locality/ward centroid,baseline_coarse,0.0,,Railway Colony,980304,0.0,980304,Railway Colony
AD000482,AC000379,T3,-513.7,-557.1,landmark,True,0,Near Water Tank (pin is a guess near this landmark),Promoted to nearest un-repelled landmark POI 'Water Tank',landmark_poi_fallback,0.0,,HMT Colony,980301,0.0,980301,HMT Colony
AD000483,AC000380,T3,-1040.8,-2153.2,baseline_coarse,True,0,,Coarse baseline locality/ward centroid,baseline_coarse,0.0,6th road,,980302,0.0,980302,
AD000484,AC000381,T3,-2042.8,1690.4,visits_agree,True,3,Field Remark: Behind Anche Kacheri (conf=0.80),Synthesized from 3 verified field visit dwell centroids (visits_agree),field_visit_dwell,0.0,,Railway Colony,980304,0.795,980304,Railway Colony
AD000485,AC000382,T2,859.0,-2641.7,baseline_street,True,0,,High-precision baseline geocoder (street),baseline_high_precision,0.0,gali 10,Shivaji Nagar,970202,0.0,970202,Shivaji Nagar
AD000486,AC000382,T2,2967.3,-995.6,baseline_street,True,0,,High-precision baseline geocoder (rooftop),baseline_high_precision,0.0,,Krishna Puri,,0.0,,Krishna Puri
AD000487,AC000383,T2,1287.5,-1265.5,baseline_coarse,True,0,,Coarse baseline locality/ward centroid,baseline_coarse,0.0,,,970202,0.0,970202,
AD000488,AC000384,T1,1238.0,219.5,visits_agree,True,6,Near Milk Dairy (about 170 m from pin) | Remark Cue: Near Haalina Dairy (conf=0.82),Synthesized from 6 verified field visit dwell centroids (visits_agree),field_visit_dwell,0.0,,,960102,0.819,960102,
AD000489,AC000385,T3,-2597.7,-382.8,baseline_coarse,True,0,,Coarse baseline locality/ward centroid,baseline_coarse,0.0,,Silver Oak Layout,980301,0.0,980301,Silver Oak Layout
AD000490,AC000385,OUT,,,unmapped_village,False,0,,Village outside mapped urban town coverage; zero baseline geocode and zero field visits,unmapped_village,0.0,,,997089,0.0,997089,
AD000491,AC000386,T2,479.9,-3006.3,baseline_street,True,0,Near Church (about 80 m from pin),High-precision baseline geocoder (street),baseline_high_precision,0.0,gali 7,Shivaji Nagar,970202,0.0,970202,Shivaji Nagar
AD000492,AC000386,T2,1156.6,2642.4,baseline_coarse,True,0,,Coarse baseline locality/ward centroid,baseline_coarse,0.0,,,970202,0.0,970202,
AD000493,AC000387,T3,3124.7,-2006.0,baseline_coarse,True,0,,Coarse baseline locality/ward centroid,baseline_coarse,0.0,,Palm Meadows,980302,0.0,980302,Palm Meadows
AD000494,AC000387,OUT,,,unmapped_village,False,0,,Village outside mapped urban town coverage; zero baseline geocode and zero field visits,unmapped_village,0.0,,,991904,0.0,991904,
AD000495,AC000388,T2,2897.1,-1407.9,visits_agree,True,2,Field Remark: Beside Ganesh Mandir (conf=0.81),Synthesized from 2 verified field visit dwell centroids (visits_agree),field_visit_dwell,0.0,,Krishna Puri,970202,0.807,970202,Krishna Puri
AD000496,AC000388,OUT,,,unmapped_village,False,0,,Village outside mapped urban town coverage; zero baseline geocode and zero field visits,unmapped_village,0.0,,,999621,0.0,999621,
AD000497,AC000389,T1,-2756.4,1494.8,visits_disagree,True,2,,Synthesized from 2 verified field visit dwell centroids (visits_disagree),field_visit_dwell,0.0,10th cross,Vinayaka Nagar,960104,0.2,960104,Vinayaka Nagar
AD000498,AC000390,T2,970.8,-341.6,visit_1,True,1,,Synthesized from 1 verified field visit dwell centroids (visit_1),field_visit_dwell,0.0,311 gali,,970202,0.2,970202,
AD000499,AC000391,T3,-513.7,-242.5,landmark,True,0,Near Medical Store (pin is a guess near this landmark),Promoted to nearest un-repelled landmark POI 'Medical Store',landmark_poi_fallback,0.0,,,,0.0,,
AD000500,AC000391,T3,-559.1,-3059.6,baseline_street,True,0,,High-precision baseline geocoder (street),baseline_high_precision,0.0,,Orchid Enclave,980301,0.0,980301,Orchid Enclave
AD000501,AC000392,T3,-933.1,-1915.8,landmark,True,0,Near Water Tank (pin is a guess near this landmark),Promoted to nearest un-repelled landmark POI 'Water Tank',landmark_poi_fallback,0.0,3rd road,Defence Colony,980301,0.0,980301,Defence Colony
AD000502,AC000393,T2,1676.5,-2505.6,baseline_street,True,0,,High-precision baseline geocoder (street),baseline_high_precision,0.0,,Patel Nagar,970202,0.0,970202,Patel Nagar
AD000503,AC000394,T2,1213.3,-198.4,baseline_coarse,True,0,,Coarse baseline locality/ward centroid,baseline_coarse,0.0,gali no. 4,Indira Colony,970202,0.0,970202,Indira Colony
AD000504,AC000395,T1,2932.3,-2068.3,visits_disagree,True,2,Field Remark: Behind Ration Shop (conf=0.83),Synthesized from 2 verified field visit dwell centroids (visits_disagree),field_visit_dwell,0.0,9th cross; 5th main,Nehru Colony,960102,0.83,960102,Nehru Colony
AD000505,AC000396,T3,-1726.8,-1066.9,baseline_coarse,True,0,,Coarse baseline locality/ward centroid,baseline_coarse,0.0,,,980301,0.0,980301,
AD000506,AC000397,T2,3316.4,425.3,baseline_street,True,0,,High-precision baseline geocoder (street),baseline_high_precision,0.0,,Nehru Colony,970203,0.0,970203,Nehru Colony
AD000507,AC000397,T2,3296.6,936.9,baseline_street,True,0,,High-precision baseline geocoder (street),baseline_high_precision,0.0,,Nehru Colony,970203,0.0,970203,Nehru Colony
AD000508,AC000398,T3,-2119.1,1720.4,visit_1,True,1,Near Ganesh Temple (about 100 m from pin),Synthesized from 1 verified field visit dwell centroids (visit_1),field_visit_dwell,0.0,,Railway Colony,980304,0.2,980304,Railway Colony
AD000509,AC000399,T2,893.3,2656.2,baseline_street,True,0,Opposite Ration Shop (about 120 m from pin),High-precision baseline geocoder (street),baseline_high_precision,0.0,,Azad Mohalla,970203,0.0,970203,Azad Mohalla
AD000510,AC000400,T3,-2847.1,-569.9,landmark,True,0,Near Bus Stop (pin is a guess near this landmark),Promoted to nearest un-repelled landmark POI 'Bus Stop',landmark_poi_fallback,0.0,a block; 3rd rd,Silver Oak Layout,980301,0.0,980301,Silver Oak Layout
AD000511,AC000401,T3,-402.8,3230.6,landmark,True,0,Opposite Water Tank (pin is a guess near this landmark),Promoted to nearest un-repelled landmark POI 'Water Tank',landmark_poi_fallback,0.4,,Sunrise Enclave,983004,0.0,983004,Sunrise Enclave
AD000512,AC000401,T3,-3804.8,-899.1,baseline_coarse,True,0,,Coarse baseline locality/ward centroid,baseline_coarse,0.0,d block; 5th rd,Green Park Layout,980301,0.0,980301,Green Park Layout
AD000513,AC000402,T1,-2715.1,1278.0,visit_1,True,1,Near Bus Stop (about 50 m from pin),Synthesized from 1 verified field visit dwell centroids (visit_1),field_visit_dwell,0.0,7th cross; 6th main,Vinayaka Nagar,960104,0.2,960104,Vinayaka Nagar
AD000514,AC000402,OUT,,,unmapped_village,False,0,,Village outside mapped urban town coverage; zero baseline geocode and zero field visits,unmapped_village,0.0,,,994014,0.0,994014,
AD000515,AC000403,T2,2417.2,-1370.7,baseline_coarse,True,0,,Coarse baseline locality/ward centroid,baseline_coarse,0.0,,Krishna Puri,970202,0.0,970202,Krishna Puri
AD000516,AC000403,OUT,,,unmapped_village,False,0,,Village outside mapped urban town coverage; zero baseline geocode and zero field visits,unmapped_village,0.0,,,998009,0.0,998009,
AD000517,AC000404,T1,2104.3,615.8,visits_agree,True,3,Field Remark: Behind Ganesh Temple (conf=0.83),Synthesized from 3 verified field visit dwell centroids (visits_agree),field_visit_dwell,0.0,1st cross; 1st main,Vidya Nagar,960103,0.83,960103,Vidya Nagar
AD000518,AC000404,T1,313.3,2537.1,baseline_coarse,True,0,,Coarse baseline locality/ward centroid,baseline_coarse,0.0,10th cross,Anjaneya Badavane,960103,0.0,960103,Anjaneya Badavane
AD000519,AC000405,T3,-157.7,2828.5,baseline_street,True,0,,High-precision baseline geocoder (rooftop),baseline_high_precision,0.0,c block; 3rd road,,980302,0.0,980302,
AD000520,AC000405,OUT,,,unmapped_village,False,0,,Village outside mapped urban town coverage; zero baseline geocode and zero field visits,unmapped_village,0.0,,,995495,0.0,995495,
AD000521,AC000406,T3,-852.8,-3859.5,visit_1,True,1,Field Remark: Behind Ration Angadi (conf=0.80),Synthesized from 1 verified field visit dwell centroids (visit_1),field_visit_dwell,0.0,a block; 1st road,Orchid Enclave,980301,0.795,980301,Orchid Enclave
AD000522,AC000407,T2,2908.5,940.9,landmark,True,0,Behind Ration Shop (pin is a guess near this landmark),Promoted to nearest un-repelled landmark POI 'Ration Shop',landmark_poi_fallback,0.0,gali 12,Nehru Colony,,0.0,,Nehru Colony
AD000523,AC000407,T2,2378.9,-1282.9,landmark,True,0,Near Bus Stop (pin is a guess near this landmark),Promoted to nearest un-repelled landmark POI 'Bus Stop',landmark_poi_fallback,0.0,,Krishna Puri,970202,0.0,970202,Krishna Puri
AD000524,AC000408,T1,2605.9,-1661.5,visits_agree,True,8,Field Remark: Near Ganapathi Gudi (conf=0.80),Synthesized from 8 verified field visit dwell centroids (visits_agree),field_visit_dwell,0.0,1st main,Nehru Colony,960102,0.795,960102,Nehru Colony
AD000525,AC000409,T3,-764.5,-471.1,landmark,True,0,Near Post Office (pin is a guess near this landmark),Promoted to nearest un-repelled landmark POI 'Post Office',landmark_poi_fallback,0.0,3rd road,HMT Colony,980301,0.0,980301,HMT Colony
AD000526,AC000410,T3,1154.4,-557.3,visits_agree,True,4,,Synthesized from 4 verified field visit dwell centroids (visits_agree),field_visit_dwell,0.0,,Teachers Colony,980302,0.2,980302,Teachers Colony
AD000527,AC000411,T2,1013.7,2433.6,baseline_coarse,True,0,,Coarse baseline locality/ward centroid,baseline_coarse,0.0,,Azad Mohalla,970203,0.0,970203,Azad Mohalla
AD000528,AC000412,T3,-2718.7,-557.4,baseline_street,True,0,,High-precision baseline geocoder (street),baseline_high_precision,0.0,,Silver Oak Layout,980301,0.0,980301,Silver Oak Layout
AD000529,AC000413,T1,2820.1,-2101.1,visits_agree,True,5,Near Medical Store (about 30 m from pin) | Remark Cue: Opposite Pharmacy (conf=0.85),Synthesized from 5 verified field visit dwell centroids (visits_agree),field_visit_dwell,0.0,8th cross; 4th main,Nehru Colony,960102,0.85,960102,Nehru Colony
AD000530,AC000413,T1,-1146.6,-3085.8,visits_agree,True,3,Field Remark: Opposite Neerina Tank (conf=0.85),Synthesized from 3 verified field visit dwell centroids (visits_agree),field_visit_dwell,0.0,3rd,Basava Nagar,960101,0.85,960101,Basava Nagar
AD000531,AC000414,T2,1290.7,-2464.4,visits_agree,True,3,,Synthesized from 3 verified field visit dwell centroids (visits_agree),field_visit_dwell,0.0,,,970202,0.2,970202,
AD000532,AC000415,T3,1366.7,-774.0,visits_agree,True,2,Near Medical Store (about 110 m from pin) | Remark Cue: Opposite Water Tank (conf=0.85),Synthesized from 2 verified field visit dwell centroids (visits_agree),field_visit_dwell,0.0,,Teachers Colony,980302,0.3,980302,Teachers Colony
AD000533,AC000415,T3,-2581.0,-176.7,visit_1,True,1,Field Remark: Behind Sarkari Shaale (conf=0.83),Synthesized from 1 verified field visit dwell centroids (visit_1),field_visit_dwell,0.0,,Silver Oak Layout,980301,0.83,980301,Silver Oak Layout
AD000534,AC000416,T3,3959.6,718.4,visits_agree,True,3,,Synthesized from 3 verified field visit dwell centroids (visits_agree),field_visit_dwell,0.0,f block; 5th road,,980303,0.2,980303,
AD000535,AC000416,T3,3704.3,109.3,visits_agree,True,2,,Synthesized from 2 verified field visit dwell centroids (visits_agree),field_visit_dwell,0.0,,Lakeview Phase 2,980303,0.2,980303,Lakeview Phase 2
AD000536,AC000417,T1,-3085.4,1269.4,baseline_street,True,0,Opposite Ration Shop (about 40 m from pin),High-precision baseline geocoder (street),baseline_high_precision,0.0,2nd main,Vinayaka Nagar,960104,0.0,960104,Vinayaka Nagar
AD000537,AC000417,T1,1168.5,-2184.9,baseline_coarse,True,0,,Coarse baseline locality/ward centroid,baseline_coarse,0.0,1st cross; 1st main,,960102,0.0,960102,
AD000538,AC000418,T2,1283.2,-1764.8,visits_agree,True,4,,Synthesized from 4 verified field visit dwell centroids (visits_agree),field_visit_dwell,0.0,,Patel Nagar,970202,0.2,970202,Patel Nagar
AD000539,AC000418,T2,2682.0,-941.8,visits_disagree,True,2,Field Remark: Near Dak Ghar (conf=0.82),Synthesized from 2 verified field visit dwell centroids (visits_disagree),field_visit_dwell,0.0,gali no. 9,,970202,0.819,970202,
AD000540,AC000419,T2,1211.7,1315.1,baseline_street,True,0,Near Medical Store (about 160 m from pin),High-precision baseline geocoder (street),baseline_high_precision,0.0,gali 5,Gandhi Basti,970203,0.0,970203,Gandhi Basti
AD000541,AC000420,T1,2649.9,-2478.3,visits_agree,True,7,Field Remark: Opposite Anjaneya Gudi (conf=0.85),Synthesized from 7 verified field visit dwell centroids (visits_agree),field_visit_dwell,0.0,,Nehru Colony,960102,0.85,960102,Nehru Colony
AD000542,AC000421,T3,-1260.6,2056.9,baseline_coarse,True,0,,Coarse baseline locality/ward centroid,baseline_coarse,0.0,d block; 2nd road,,980304,0.0,980304,
AD000543,AC000422,T1,546.3,-2981.0,landmark,True,0,Near Bus Stop (pin is a guess near this landmark),Promoted to nearest un-repelled landmark POI 'Bus Stop',landmark_poi_fallback,0.0,8th cross; 4th main,Gandhi Nagar,960102,0.0,960102,Gandhi Nagar
AD000544,AC000423,T1,-391.5,-1246.1,baseline_street,True,0,Near Milk Dairy (about 160 m from pin),High-precision baseline geocoder (street),baseline_high_precision,0.0,9th cross; 6th main,Hosa Badavane,960101,0.0,960101,Hosa Badavane
AD000545,AC000424,T3,-3915.5,-1049.4,baseline_coarse,True,0,,Coarse baseline locality/ward centroid,baseline_coarse,0.0,,Green Park Layout,980301,0.0,980301,Green Park Layout
AD000546,AC000424,OUT,,,unmapped_village,False,0,,Village outside mapped urban town coverage; zero baseline geocode and zero field visits,unmapped_village,0.0,,,992472,0.0,992472,
AD000547,AC000425,T1,-1249.4,-3317.3,landmark,True,0,Near Medical Store (pin is a guess near this landmark),Promoted to nearest un-repelled landmark POI 'Medical Store',landmark_poi_fallback,0.0,,Basava Nagar,960101,0.0,960101,Basava Nagar
AD000548,AC000426,T2,1318.2,2616.1,baseline_street,True,0,,High-precision baseline geocoder (street),baseline_high_precision,0.0,257 gali,Azad Mohalla,970203,0.0,970203,Azad Mohalla
AD000549,AC000426,T2,-463.2,-497.2,baseline_coarse,True,0,,Coarse baseline locality/ward centroid,baseline_coarse,0.0,gali no. 3,,970204,0.0,970204,
AD000550,AC000427,T2,864.6,-3087.8,visit_1,True,1,,Synthesized from 1 verified field visit dwell centroids (visit_1),field_visit_dwell,0.0,3 gali,Shivaji Nagar,970202,0.2,970202,Shivaji Nagar
AD000551,AC000428,T1,672.7,-2859.3,baseline_street,True,0,Opposite Ration Shop (about 80 m from pin),High-precision baseline geocoder (street),baseline_high_precision,0.0,10th cross,Gandhi Nagar,960102,0.0,960102,Gandhi Nagar
AD000552,AC000429,T2,866.6,1084.6,baseline_street,True,0,,High-precision baseline geocoder (street),baseline_high_precision,0.0,gali 4,Gandhi Basti,970203,0.0,970203,Gandhi Basti
AD000553,AC000430,T2,1664.2,-1600.1,visit_1,True,1,Field Remark: Near Ganesh Mandir (conf=0.80),Synthesized from 1 verified field visit dwell centroids (visit_1),field_visit_dwell,0.0,466 gali,Patel Nagar,970202,0.795,970202,Patel Nagar
AD000554,AC000431,T3,823.0,-420.4,landmark,True,0,Near Ganesh Temple (pin is a guess near this landmark),Promoted to nearest un-repelled landmark POI 'Ganesh Temple',landmark_poi_fallback,0.0,e block; 3rd rd,Teachers Colony,980302,0.0,980302,Teachers Colony
AD000555,AC000431,T3,-107.4,3568.5,landmark,True,0,Near Masjid (pin is a guess near this landmark),Promoted to nearest un-repelled landmark POI 'Masjid',landmark_poi_fallback,0.0,f block; 2nd road,Sunrise Enclave,980304,0.0,980304,Sunrise Enclave
AD000556,AC000432,T3,3816.8,200.9,visit_1,True,1,,Synthesized from 1 verified field visit dwell centroids (visit_1),field_visit_dwell,0.0,b block; 5th rd,Lakeview Phase 2,980303,0.2,980303,Lakeview Phase 2
AD000557,AC000433,T1,656.2,-2964.3,baseline_coarse,True,0,,Coarse baseline locality/ward centroid,baseline_coarse,0.0,3rd main,Gandhi Nagar,960102,0.0,960102,Gandhi Nagar
AD000558,AC000434,T2,2577.3,-1320.1,landmark,True,0,Near Water Tank (pin is a guess near this landmark),Promoted to nearest un-repelled landmark POI 'Water Tank',landmark_poi_fallback,0.0,2 gali,Krishna Puri,970202,0.0,970202,Krishna Puri
AD000559,AC000434,OUT,,,unmapped_village,False,0,,Village outside mapped urban town coverage; zero baseline geocode and zero field visits,unmapped_village,0.0,,,998902,0.0,998902,
AD000560,AC000435,T2,1291.6,-2463.5,visits_agree,True,5,Opposite Masjid (about 80 m from pin) | Remark Cue: Opposite Masjid (conf=0.85),Synthesized from 5 verified field visit dwell centroids (visits_agree),field_visit_dwell,0.0,,Patel Nagar,970202,0.85,970202,Patel Nagar
AD000561,AC000436,T1,-637.1,-3108.0,visit_1,True,1,,Synthesized from 1 verified field visit dwell centroids (visit_1),field_visit_dwell,0.0,7th cross,,960102,0.2,960102,
AD000562,AC000436,T1,-746.4,-3254.8,visit_1,True,1,,Synthesized from 1 verified field visit dwell centroids (visit_1),field_visit_dwell,0.0,,Basava Nagar,960101,0.2,960101,Basava Nagar
AD000563,AC000437,T1,3004.2,-2521.5,visit_1,True,1,,Synthesized from 1 verified field visit dwell centroids (visit_1),field_visit_dwell,0.0,4th cross; 7th main,Nehru Colony,960102,0.2,960102,Nehru Colony
AD000564,AC000437,OUT,,,unmapped_village,False,0,,Village outside mapped urban town coverage; zero baseline geocode and zero field visits,unmapped_village,0.0,,,995248,0.0,995248,
AD000565,AC000438,T2,1413.7,219.7,visit_1,True,1,Near Hanuman Temple (about 130 m from pin),Synthesized from 1 verified field visit dwell centroids (visit_1),field_visit_dwell,0.0,433 gali,Indira Colony,970202,0.2,970202,Indira Colony
AD000566,AC000439,T2,2447.4,-1191.9,landmark,True,0,Near Post Office (pin is a guess near this landmark),Promoted to nearest un-repelled landmark POI 'Post Office',landmark_poi_fallback,0.0,gali no. 10,Krishna Puri,970202,0.0,970202,Krishna Puri
AD000567,AC000440,T3,-2878.1,1621.2,landmark,True,0,Near Milk Dairy (pin is a guess near this landmark),Promoted to nearest un-repelled landmark POI 'Milk Dairy',landmark_poi_fallback,0.0,,Railway Colony,,0.0,,Railway Colony
AD000568,AC000441,T1,1195.7,-682.7,baseline_street,True,0,,High-precision baseline geocoder (street),baseline_high_precision,0.0,1st cross,Kuvempu Layout,,0.0,,Kuvempu Layout
AD000569,AC000442,T1,2868.1,-2126.5,visits_agree,True,6,Opposite Community Hall (about 80 m from pin) | Remark Cue: Behind Samudaya Bhavana (conf=0.83),Synthesized from 6 verified field visit dwell centroids (visits_agree),field_visit_dwell,0.0,,Nehru Colony,960102,0.83,960102,Nehru Colony
AD000570,AC000443,T3,1014.3,-406.9,landmark,True,0,Near Masjid (pin is a guess near this landmark),Promoted to nearest un-repelled landmark POI 'Masjid',landmark_poi_fallback,0.0,,Teachers Colony,980302,0.0,980302,Teachers Colony
AD000571,AC000443,OUT,,,unmapped_village,False,0,,Village outside mapped urban town coverage; zero baseline geocode and zero field visits,unmapped_village,0.0,,,995877,0.0,995877,
AD000572,AC000444,T3,-1133.0,-2027.4,baseline_coarse,True,0,,Coarse baseline locality/ward centroid,baseline_coarse,0.0,6th road,Defence Colony,980301,0.0,980301,Defence Colony
AD000573,AC000445,T2,1653.2,-1695.8,visits_agree,True,2,Field Remark: Near Ganesh Mandir (conf=0.80),Synthesized from 2 verified field visit dwell centroids (visits_agree),field_visit_dwell,0.0,gali 11,Patel Nagar,,0.795,,Patel Nagar
AD000574,AC000446,T3,-67.0,-3856.9,visit_1,True,1,Near Ganesh Temple (about 100 m from pin),Synthesized from 1 verified field visit dwell centroids (visit_1),field_visit_dwell,0.0,,Orchid Enclave,980301,0.2,980301,Orchid Enclave
AD000575,AC000446,T3,883.9,-3762.9,visit_1,True,1,,Synthesized from 1 verified field visit dwell centroids (visit_1),field_visit_dwell,0.0,,Unity Nagar,980302,0.2,980302,Unity Nagar
AD000576,AC000447,T3,-481.5,-3675.9,visits_agree,True,5,Near Masjid (about 90 m from pin) | Remark Cue: Opposite Masidi (conf=0.85),Synthesized from 5 verified field visit dwell centroids (visits_agree),field_visit_dwell,0.0,b block; 6th road,Orchid Enclave,980301,0.85,980301,Orchid Enclave
AD000577,AC000447,T3,3743.0,495.1,baseline_coarse,True,0,,Coarse baseline locality/ward centroid,baseline_coarse,0.0,5th road,,980301,0.0,980301,
AD000578,AC000448,T1,1028.4,-191.1,baseline_coarse,True,0,,Coarse baseline locality/ward centroid,baseline_coarse,0.0,5th cross; 7th main,Kuvempu Layout,,0.0,,Kuvempu Layout
AD000579,AC000449,T2,-412.4,-626.0,visits_agree,True,4,,Synthesized from 4 verified field visit dwell centroids (visits_agree),field_visit_dwell,0.0,gali 5,Ram Nagar,,0.2,,Ram Nagar
AD000580,AC000450,T3,-1747.0,-1849.7,baseline_coarse,True,0,,Coarse baseline locality/ward centroid,baseline_coarse,0.0,d block; 4th road,,980301,0.0,980301,
AD000581,AC000451,T2,727.7,-3431.1,visit_1,True,1,Field Remark: Behind Bus Adda (conf=0.83),Synthesized from 1 verified field visit dwell centroids (visit_1),field_visit_dwell,0.0,,Shivaji Nagar,970202,0.83,970202,Shivaji Nagar
AD000582,AC000451,OUT,,,unmapped_village,False,0,,Village outside mapped urban town coverage; zero baseline geocode and zero field visits,unmapped_village,0.0,,,996563,0.0,996563,
AD000583,AC000452,T3,3051.1,-2317.6,landmark,True,0,Behind Milk Dairy (pin is a guess near this landmark),Promoted to nearest un-repelled landmark POI 'Milk Dairy',landmark_poi_fallback,0.0,,Palm Meadows,980302,0.0,980302,Palm Meadows
AD000584,AC000453,T3,-37.5,3542.0,landmark,True,0,Near Hanuman Temple (pin is a guess near this landmark),Promoted to nearest un-repelled landmark POI 'Hanuman Temple',landmark_poi_fallback,0.0,,Sunrise Enclave,980304,0.0,980304,Sunrise Enclave
AD000585,AC000454,T2,1847.1,-1853.6,baseline_street,True,0,,High-precision baseline geocoder (street),baseline_high_precision,0.0,gali 7,Patel Nagar,970202,0.0,970202,Patel Nagar
AD000586,AC000455,T1,359.6,2708.1,visit_1,True,1,Field Remark: Behind Church (conf=0.83),Synthesized from 1 verified field visit dwell centroids (visit_1),field_visit_dwell,0.0,,Anjaneya Badavane,960103,0.83,960103,Anjaneya Badavane
AD000587,AC000456,T3,1261.5,-470.9,visit_1,True,1,Field Remark: Near Masidi (conf=0.82),Synthesized from 1 verified field visit dwell centroids (visit_1),field_visit_dwell,0.0,f block; 3rd road,Teachers Colony,980302,0.819,980302,Teachers Colony
AD000588,AC000457,T2,1058.6,-42.3,baseline_street,True,0,,High-precision baseline geocoder (street),baseline_high_precision,0.0,,Indira Colony,970202,0.0,970202,Indira Colony
AD000589,AC000458,T1,2677.7,-1848.1,visits_disagree,True,8,,Synthesized from 8 verified field visit dwell centroids (visits_disagree),field_visit_dwell,0.0,10th x; 2nd main,,960101,0.2,960101,
AD000590,AC000459,T3,-577.4,-3539.9,baseline_coarse,True,0,,Coarse baseline locality/ward centroid,baseline_coarse,0.0,,Orchid Enclave,980301,0.0,980301,Orchid Enclave
AD000591,AC000459,T3,-764.5,-471.1,landmark,True,0,Near Post Office (pin is a guess near this landmark),Promoted to nearest un-repelled landmark POI 'Post Office',landmark_poi_fallback,0.0,e block; 4th road,HMT Colony,980301,0.0,980301,HMT Colony
AD000592,AC000460,T3,-3751.2,-862.8,baseline_coarse,True,0,,Coarse baseline locality/ward centroid,baseline_coarse,0.0,,Green Park Layout,980301,0.0,980301,Green Park Layout
AD000593,AC000461,T1,-1117.6,27.0,baseline_street,True,0,,High-precision baseline geocoder (street),baseline_high_precision,0.0,1st cross; 4th main,Ashoka Layout,960104,0.0,960104,Ashoka Layout
AD000594,AC000462,T1,-2604.7,1001.3,cross_account_street,True,0,,Coarse baseline locality/ward centroid,baseline_coarse,0.0,3rd cross,,960104,0.0,960104,
AD000595,AC000463,T3,-2089.0,1133.5,baseline_street,True,0,,High-precision baseline geocoder (street),baseline_high_precision,0.0,,Railway Colony,980304,0.0,980304,Railway Colony
AD000596,AC000464,T3,698.9,-706.4,visits_disagree,True,3,,Synthesized from 3 verified field visit dwell centroids (visits_disagree),field_visit_dwell,0.0,,Teachers Colony,980302,0.2,980302,Teachers Colony
AD000597,AC000464,T3,3443.4,-1945.1,landmark,True,0,Near Bus Stop (pin is a guess near this landmark),Promoted to nearest un-repelled landmark POI 'Bus Stop',landmark_poi_fallback,0.0,,Palm Meadows,980302,0.0,980302,Palm Meadows
AD000598,AC000465,T2,1620.6,-2321.2,visits_agree,True,2,,Synthesized from 2 verified field visit dwell centroids (visits_agree),field_visit_dwell,0.0,,Patel Nagar,970202,0.2,970202,Patel Nagar
AD000599,AC000466,T1,-983.1,-2657.3,baseline_coarse,True,0,,Coarse baseline locality/ward centroid,baseline_coarse,0.0,2nd x; 3rd main,,960101,0.0,960101,
AD000600,AC000467,T2,1764.9,-2434.9,visits_agree,True,6,Field Remark: Beside Medical Store (conf=0.83),Synthesized from 6 verified field visit dwell centroids (visits_agree),field_visit_dwell,0.0,,Ram Nagar,970203,0.832,970203,Ram Nagar
AD000601,AC000468,T2,-789.6,-1921.2,baseline_coarse,True,0,,Coarse baseline locality/ward centroid,baseline_coarse,0.0,193 gali,,970201,0.0,970201,
AD000602,AC000469,T1,2968.4,-1911.2,visits_disagree,True,8,,Synthesized from 8 verified field visit dwell centroids (visits_disagree),field_visit_dwell,0.0,11th cross; 5th main,Nehru Colony,960102,0.398,960102,Nehru Colony
AD000603,AC000470,T2,3108.0,712.4,baseline_coarse,True,0,,Coarse baseline locality/ward centroid,baseline_coarse,0.0,gali 13,,970201,0.0,970201,
AD000604,AC000471,T1,644.7,-2883.9,baseline_coarse,True,0,,Coarse baseline locality/ward centroid,baseline_coarse,0.0,1st x; 8th main,Gandhi Nagar,960102,0.0,960102,Gandhi Nagar
AD000605,AC000472,T3,-2596.7,-457.9,visit_1,True,1,Behind Church (about 120 m from pin),Synthesized from 1 verified field visit dwell centroids (visit_1),field_visit_dwell,0.0,,Silver Oak Layout,980301,0.2,980301,Silver Oak Layout
AD000606,AC000473,T3,-570.2,3293.1,visit_1,True,1,Behind Community Hall (about 140 m from pin),Synthesized from 1 verified field visit dwell centroids (visit_1),field_visit_dwell,0.0,e block; 3rd road,Sunrise Enclave,980304,0.2,980304,Sunrise Enclave
AD000607,AC000474,T3,-819.1,-3897.8,visits_agree,True,6,Field Remark: Beside Ration Dukan (conf=0.83),Synthesized from 6 verified field visit dwell centroids (visits_agree),field_visit_dwell,0.0,a block; 1st road,Orchid Enclave,980301,0.2,980301,Orchid Enclave
AD000608,AC000475,T1,914.5,-3347.4,visits_agree,True,9,,Synthesized from 9 verified field visit dwell centroids (visits_agree),field_visit_dwell,0.0,2nd cross; 6th main,Gandhi Nagar,960102,0.2,960102,Gandhi Nagar
AD000609,AC000476,T2,-1625.7,-2955.8,landmark,True,0,Opposite Milk Dairy (pin is a guess near this landmark),Promoted to nearest un-repelled landmark POI 'Milk Dairy',landmark_poi_fallback,0.0,gali 4,Subhash Nagar,970201,0.0,970201,Subhash Nagar
AD000610,AC000476,T2,2138.7,2240.0,baseline_street,True,0,Near Govt School (about 160 m from pin),High-precision baseline geocoder (street),baseline_high_precision,0.0,gali no. 11,Ram Nagar,970203,0.0,970203,Ram Nagar
AD000611,AC000477,T2,2519.2,-1266.8,baseline_coarse,True,0,,Coarse baseline locality/ward centroid,baseline_coarse,0.0,,Krishna Puri,970202,0.0,970202,Krishna Puri
AD000612,AC000477,T2,915.5,955.0,baseline_street,True,0,,High-precision baseline geocoder (street),baseline_high_precision,0.0,gali no. 2,Gandhi Basti,970203,0.0,970203,Gandhi Basti
AD000613,AC000478,T2,2779.5,368.4,visits_agree,True,4,Near Bus Stop (about 180 m from pin) | Remark Cue: Opposite Bus Stop (conf=0.85),Synthesized from 4 verified field visit dwell centroids (visits_agree),field_visit_dwell,0.0,,Nehru Colony,970203,0.85,970203,Nehru Colony
AD000614,AC000479,T3,-2452.2,1354.7,visit_1,True,1,Near Masjid (about 100 m from pin),Synthesized from 1 verified field visit dwell centroids (visit_1),field_visit_dwell,0.0,,Railway Colony,980304,0.2,980304,Railway Colony
AD000615,AC000479,T3,-501.4,3112.9,baseline_coarse,True,0,Near Water Tank (about 150 m from pin),Coarse baseline locality/ward centroid,baseline_coarse,0.0,6th road,,980301,0.0,980301,
AD000616,AC000480,T3,-1911.1,-1192.2,baseline_coarse,True,0,,Coarse baseline locality/ward centroid,baseline_coarse,0.0,,,980301,0.0,980301,
AD000617,AC000481,T3,-2997.9,-21.3,visits_agree,True,5,Near Water Tank (about 90 m from pin) | Remark Cue: Behind Tanki (conf=0.83),Synthesized from 5 verified field visit dwell centroids (visits_agree),field_visit_dwell,0.0,,Silver Oak Layout,980301,0.83,980301,Silver Oak Layout
AD000618,AC000481,OUT,,,unmapped_village,False,0,,Village outside mapped urban town coverage; zero baseline geocode and zero field visits,unmapped_village,0.0,,,992031,0.0,992031,
AD000619,AC000482,T1,-1224.7,235.7,baseline_coarse,True,0,,Coarse baseline locality/ward centroid,baseline_coarse,0.0,,Ashoka Layout,960104,0.0,960104,Ashoka Layout
AD000620,AC000483,T2,680.3,969.2,baseline_street,True,0,Near Petrol Bunk (about 50 m from pin),High-precision baseline geocoder (street),baseline_high_precision,0.0,gali 4,Gandhi Basti,,0.0,,Gandhi Basti
AD000621,AC000483,T2,599.8,1168.5,baseline_street,True,0,,High-precision baseline geocoder (street),baseline_high_precision,0.0,gali no. 5,Gandhi Basti,970203,0.0,970203,Gandhi Basti
AD000622,AC000484,T1,2475.8,-2517.5,visits_disagree,True,6,,Synthesized from 6 verified field visit dwell centroids (visits_disagree),field_visit_dwell,0.0,1st cross; 3rd main,Nehru Colony,960102,0.2,960102,Nehru Colony
AD000623,AC000484,T1,2240.0,1221.3,visits_agree,True,3,Field Remark: Behind Bus Nildana (conf=0.83),Synthesized from 3 verified field visit dwell centroids (visits_agree),field_visit_dwell,0.0,,Vidya Nagar,,0.83,,Vidya Nagar
AD000624,AC000485,T2,-118.6,-474.5,visits_disagree,True,2,,Synthesized from 2 verified field visit dwell centroids (visits_disagree),field_visit_dwell,0.0,1 gali,,970201,0.2,970201,
AD000625,AC000486,T2,1922.2,1715.5,landmark,True,0,Opposite Masjid (pin is a guess near this landmark),Promoted to nearest un-repelled landmark POI 'Masjid',landmark_poi_fallback,0.0,,Ram Nagar,970203,0.0,970203,Ram Nagar
AD000626,AC000486,T2,-1822.7,-2849.8,baseline_coarse,True,0,,Coarse baseline locality/ward centroid,baseline_coarse,0.0,285 gali,Subhash Nagar,970201,0.0,970201,Subhash Nagar
AD000627,AC000487,T3,-637.2,-3804.2,visit_1,True,1,,Synthesized from 1 verified field visit dwell centroids (visit_1),field_visit_dwell,0.0,a block; 3rd road,Orchid Enclave,,0.2,,Orchid Enclave
AD000628,AC000488,T3,-774.7,3249.2,baseline_street,True,0,,High-precision baseline geocoder (street),baseline_high_precision,0.0,,Sunrise Enclave,980304,0.0,980304,Sunrise Enclave
AD000629,AC000488,T3,-2878.1,1621.2,landmark,True,0,Near Milk Dairy (pin is a guess near this landmark),Promoted to nearest un-repelled landmark POI 'Milk Dairy',landmark_poi_fallback,0.0,,Railway Colony,980304,0.0,980304,Railway Colony
AD000630,AC000489,T1,2754.9,-1938.4,visits_agree,True,2,,Synthesized from 2 verified field visit dwell centroids (visits_agree),field_visit_dwell,0.0,12th cross; 4th main,Nehru Colony,960102,0.2,960102,Nehru Colony
AD000631,AC000490,T3,-2854.1,-145.1,visits_disagree,True,7,Field Remark: Opposite Doodh Dairy (conf=0.85),Synthesized from 7 verified field visit dwell centroids (visits_disagree),field_visit_dwell,0.0,,Silver Oak Layout,980301,0.85,980301,Silver Oak Layout
AD000632,AC000491,T3,-882.0,-3850.0,visits_agree,True,4,,Synthesized from 4 verified field visit dwell centroids (visits_agree),field_visit_dwell,0.0,,Orchid Enclave,,0.3,,Orchid Enclave
AD000633,AC000492,T2,2632.1,-1183.3,baseline_coarse,True,0,,Coarse baseline locality/ward centroid,baseline_coarse,0.0,gali no. 1,Krishna Puri,,0.0,,Krishna Puri
AD000634,AC000493,T2,1812.8,-1570.2,visits_agree,True,4,,Synthesized from 4 verified field visit dwell centroids (visits_agree),field_visit_dwell,0.0,gali no. 14,,970204,0.2,970204,
AD000635,AC000494,T1,1481.3,-684.1,visit_1,True,1,,Synthesized from 1 verified field visit dwell centroids (visit_1),field_visit_dwell,0.0,,Kuvempu Layout,,0.2,,Kuvempu Layout
AD000636,AC000494,T1,-1179.0,-2013.5,baseline_coarse,True,0,,Coarse baseline locality/ward centroid,baseline_coarse,0.0,6th cross; 3rd main,,960101,0.0,960101,
AD000637,AC000495,T1,1825.8,-1078.6,baseline_coarse,True,0,,Coarse baseline locality/ward centroid,baseline_coarse,0.0,3rd main,,960102,0.0,960102,
AD000638,AC000496,T1,2401.9,-1290.9,visit_1,True,1,,Synthesized from 1 verified field visit dwell centroids (visit_1),field_visit_dwell,0.0,2nd x,Siddeshwara Colony,960102,0.2,960102,Siddeshwara Colony
AD000639,AC000497,T3,1063.8,-955.0,visits_disagree,True,6,Field Remark: Behind Medical Shop (conf=0.83),Synthesized from 6 verified field visit dwell centroids (visits_disagree),field_visit_dwell,0.0,b block; 6th road,Teachers Colony,980302,0.83,980302,Teachers Colony
AD000640,AC000497,OUT,,,unmapped_village,False,0,,Village outside mapped urban town coverage; zero baseline geocode and zero field visits,unmapped_village,0.0,,,996519,0.0,996519,
AD000641,AC000498,T1,3146.3,-2165.3,visits_disagree,True,2,,Synthesized from 2 verified field visit dwell centroids (visits_disagree),field_visit_dwell,0.0,9th x; 7th main,Nehru Colony,960102,0.2,960102,Nehru Colony
AD000642,AC000499,T2,682.6,-315.5,visits_agree,True,2,,Synthesized from 2 verified field visit dwell centroids (visits_agree),field_visit_dwell,0.0,,Indira Colony,970202,0.2,970202,Indira Colony
AD000643,AC000499,OUT,,,unmapped_village,False,0,,Village outside mapped urban town coverage; zero baseline geocode and zero field visits,unmapped_village,0.0,,,995084,0.0,995084,
AD000644,AC000500,T3,-2910.2,-36.3,landmark,True,0,Near Water Tank (pin is a guess near this landmark),Promoted to nearest un-repelled landmark POI 'Water Tank',landmark_poi_fallback,0.0,,Silver Oak Layout,980301,0.0,980301,Silver Oak Layout
AD000645,AC000501,T3,3546.7,-92.3,visits_agree,True,4,,Synthesized from 4 verified field visit dwell centroids (visits_agree),field_visit_dwell,0.0,a block; 1st road,Lakeview Phase 2,980303,0.2,980303,Lakeview Phase 2
AD000646,AC000502,T1,2440.0,-2255.2,visit_1,True,1,,Synthesized from 1 verified field visit dwell centroids (visit_1),field_visit_dwell,0.0,,Nehru Colony,960102,0.2,960102,Nehru Colony
AD000647,AC000503,T3,-173.7,-3339.8,visit_1,True,1,,Synthesized from 1 verified field visit dwell centroids (visit_1),field_visit_dwell,0.0,5th road,Orchid Enclave,980301,0.2,980301,Orchid Enclave
AD000648,AC000503,T3,-1292.4,-1644.8,landmark,True,0,Opposite Hanuman Temple (pin is a guess near this landmark),Promoted to nearest un-repelled landmark POI 'Hanuman Temple',landmark_poi_fallback,0.0,5th road,,980301,0.0,980301,
AD000649,AC000504,T1,-2689.4,959.2,baseline_street,True,0,,High-precision baseline geocoder (street),baseline_high_precision,0.0,3rd,,960102,0.0,960102,
AD000650,AC000505,T3,3673.5,373.4,baseline_coarse,True,0,,Coarse baseline locality/ward centroid,baseline_coarse,0.0,c block; 5th rd,Lakeview Phase 2,980303,0.0,980303,Lakeview Phase 2
AD000651,AC000505,T3,3817.5,299.1,baseline_coarse,True,0,,Coarse baseline locality/ward centroid,baseline_coarse,0.0,,Lakeview Phase 2,980303,0.0,980303,Lakeview Phase 2
AD000652,AC000506,T1,2855.7,-2273.2,visits_agree,True,9,Opposite Hanuman Temple (about 70 m from pin) | Remark Cue: Near Anjaneya Gudi (conf=0.82),Synthesized from 9 verified field visit dwell centroids (visits_agree),field_visit_dwell,0.0,,Nehru Colony,960102,0.819,960102,Nehru Colony
AD000653,AC000507,T1,-2386.5,-2021.8,cross_account_street,True,0,,Coarse baseline locality/ward centroid,baseline_coarse,0.0,12th cross; 4th main,,960101,0.0,960101,
AD000654,AC000508,T3,-219.8,3205.5,visit_1,True,1,Field Remark: Behind Paani Ki Tanki (conf=0.83),Synthesized from 1 verified field visit dwell centroids (visit_1),field_visit_dwell,0.0,,,980304,0.83,980304,
AD000655,AC000509,T1,-923.8,-1591.3,baseline_street,True,0,,High-precision baseline geocoder (street),baseline_high_precision,0.0,6th x; 1st main,Hosa Badavane,960101,0.0,960101,Hosa Badavane
AD000656,AC000510,T1,2432.9,944.5,baseline_coarse,True,0,,Coarse baseline locality/ward centroid,baseline_coarse,0.0,8th cross; 4th main,Vidya Nagar,960103,0.0,960103,Vidya Nagar
AD000657,AC000510,T1,-2432.3,-2307.3,baseline_coarse,True,0,,Coarse baseline locality/ward centroid,baseline_coarse,0.0,,Shanthi Nagar,960101,0.0,960101,Shanthi Nagar
AD000658,AC000511,T1,2375.7,-2254.7,visits_disagree,True,7,Field Remark: Behind Masidi (conf=0.83),Synthesized from 7 verified field visit dwell centroids (visits_disagree),field_visit_dwell,0.0,4th cross; 2nd main,Nehru Colony,960102,0.83,960102,Nehru Colony
AD000659,AC000511,OUT,,,unmapped_village,False,0,,Village outside mapped urban town coverage; zero baseline geocode and zero field visits,unmapped_village,0.0,,,998010,0.0,998010,
AD000660,AC000512,T2,-1552.6,-2579.9,visits_disagree,True,3,Field Remark: Near Hanuman Mandir (conf=0.82),Synthesized from 3 verified field visit dwell centroids (visits_disagree),field_visit_dwell,0.0,251 gali,Subhash Nagar,970201,0.819,970201,Subhash Nagar
AD000661,AC000512,OUT,,,unmapped_village,False,0,,Village outside mapped urban town coverage; zero baseline geocode and zero field visits,unmapped_village,0.0,,,993740,0.0,993740,
AD000662,AC000513,T3,-584.8,3419.8,visits_disagree,True,4,Near Milk Dairy (about 200 m from pin) | Remark Cue: Near Park (conf=0.82),Synthesized from 4 verified field visit dwell centroids (visits_disagree),field_visit_dwell,0.0,,Sunrise Enclave,980304,0.819,980304,Sunrise Enclave
AD000663,AC000514,T1,2076.3,1122.7,landmark,True,0,Near Hanuman Temple (pin is a guess near this landmark),Promoted to nearest un-repelled landmark POI 'Hanuman Temple',landmark_poi_fallback,0.0,6th cross,Vidya Nagar,960103,0.0,960103,Vidya Nagar
AD000664,AC000514,T1,-842.8,-3180.2,cross_account_street,True,0,,Coarse baseline locality/ward centroid,baseline_coarse,0.0,6th cross; 7th main,,960101,0.0,960101,
AD000665,AC000515,T1,-920.9,-3141.1,baseline_coarse,True,0,,Coarse baseline locality/ward centroid,baseline_coarse,0.0,4th x; 6th main,Basava Nagar,960101,0.0,960101,Basava Nagar
AD000666,AC000516,T3,-2647.3,-495.6,visits_agree,True,5,Field Remark: Opposite Girja Ghar (conf=0.85),Synthesized from 5 verified field visit dwell centroids (visits_agree),field_visit_dwell,0.0,,Silver Oak Layout,980301,0.85,980301,Silver Oak Layout
AD000667,AC000517,T1,2276.3,-2345.7,visits_disagree,True,5,Field Remark: Near Masidi (conf=0.82),Synthesized from 5 verified field visit dwell centroids (visits_disagree),field_visit_dwell,0.0,2nd cross; 1st main,Nehru Colony,960102,0.819,960102,Nehru Colony
AD000668,AC000518,T1,2324.3,914.3,visits_agree,True,7,Field Remark: Near Medical Store (conf=0.80),Synthesized from 7 verified field visit dwell centroids (visits_agree),field_visit_dwell,0.0,,Vidya Nagar,960103,0.795,960103,Vidya Nagar
AD000669,AC000519,T1,2256.9,619.6,visits_agree,True,6,Behind Post Office (about 100 m from pin),Synthesized from 6 verified field visit dwell centroids (visits_agree),field_visit_dwell,0.0,1st cross; 2nd main,Vidya Nagar,960103,0.2,960103,Vidya Nagar
AD000670,AC000519,OUT,,,unmapped_village,False,0,,Village outside mapped urban town coverage; zero baseline geocode and zero field visits,unmapped_village,0.0,,,994779,0.0,994779,
AD000671,AC000520,T3,1285.9,-833.5,visits_agree,True,2,Field Remark: Opposite Medical Shop (conf=0.85),Synthesized from 2 verified field visit dwell centroids (visits_agree),field_visit_dwell,0.0,c block; 6th rd,Teachers Colony,980302,0.85,980302,Teachers Colony
AD000672,AC000521,T2,943.0,2633.4,visits_disagree,True,7,Field Remark: Near Sarkari School (conf=0.82),Synthesized from 7 verified field visit dwell centroids (visits_disagree),field_visit_dwell,0.0,,Azad Mohalla,970203,0.819,970203,Azad Mohalla
AD000673,AC000522,T2,1041.5,-1855.2,landmark,True,0,Near Ration Shop (pin is a guess near this landmark),Promoted to nearest un-repelled landmark POI 'Ration Shop',landmark_poi_fallback,0.0,,,970202,0.0,970202,
AD000674,AC000523,T2,935.4,-2908.1,visit_1,True,1,Near Community Hall (about 140 m from pin) | Remark Cue: Behind Barat Ghar (conf=0.83),Synthesized from 1 verified field visit dwell centroids (visit_1),field_visit_dwell,0.0,,,970202,0.83,970202,
AD000675,AC000523,T2,2721.8,-1396.9,visits_disagree,True,2,Near Water Tank (about 160 m from pin),Synthesized from 2 verified field visit dwell centroids (visits_disagree),field_visit_dwell,0.0,,Krishna Puri,,0.398,,Krishna Puri
AD000676,AC000524,T2,1686.0,-1575.7,baseline_coarse,True,0,,Coarse baseline locality/ward centroid,baseline_coarse,0.0,,,970202,0.0,970202,
AD000677,AC000524,T2,2441.6,1907.4,baseline_coarse,True,0,,Coarse baseline locality/ward centroid,baseline_coarse,0.0,,Ram Nagar,970203,0.0,970203,Ram Nagar
AD000678,AC000525,T3,865.9,-758.4,visit_1,True,1,Field Remark: Near Sarkari Shaale (conf=0.82),Synthesized from 1 verified field visit dwell centroids (visit_1),field_visit_dwell,0.0,e block; 2nd road,Teachers Colony,980302,0.819,980302,Teachers Colony
AD000679,AC000526,T3,1365.9,-882.5,landmark,True,0,Near Medical Store (pin is a guess near this landmark),Promoted to nearest un-repelled landmark POI 'Medical Store',landmark_poi_fallback,0.0,,Teachers Colony,980302,0.0,980302,Teachers Colony
AD000680,AC000527,T2,-681.7,2823.9,visits_agree,True,2,Field Remark: Near Ganesh Mandir (conf=0.82),Synthesized from 2 verified field visit dwell centroids (visits_agree),field_visit_dwell,0.0,,Ambedkar Nagar,,0.819,,Ambedkar Nagar
AD000681,AC000528,T3,185.2,1825.7,baseline_street,True,0,,High-precision baseline geocoder (rooftop),baseline_high_precision,0.0,,Royal Gardens,980303,0.0,980303,Royal Gardens
AD000682,AC000528,T3,977.8,-895.5,baseline_coarse,True,0,,Coarse baseline locality/ward centroid,baseline_coarse,0.0,,Teachers Colony,980320,0.0,980320,Teachers Colony
AD000683,AC000529,T1,400.1,2181.6,baseline_coarse,True,0,,Coarse baseline locality/ward centroid,baseline_coarse,0.0,10th cross,Anjaneya Badavane,960103,0.0,960103,Anjaneya Badavane
AD000684,AC000529,T1,2819.9,-2162.9,baseline_coarse,True,0,,Coarse baseline locality/ward centroid,baseline_coarse,0.0,5th x; 7th main,Nehru Colony,960102,0.0,960102,Nehru Colony
AD000685,AC000530,T2,775.5,-3290.8,visit_1,True,1,Field Remark: Behind Hanuman Mandir (conf=0.83),Synthesized from 1 verified field visit dwell centroids (visit_1),field_visit_dwell,0.0,2 gali,Ram Nagar,970203,0.83,970203,Ram Nagar
AD000686,AC000531,T2,2802.6,834.3,visits_agree,True,2,Near Water Tank (about 70 m from pin) | Remark Cue: Behind Tanki (conf=0.83),Synthesized from 2 verified field visit dwell centroids (visits_agree),field_visit_dwell,0.0,gali no. 11,Nehru Colony,970203,0.83,970203,Nehru Colony
AD000687,AC000532,T1,2843.8,757.1,landmark,True,0,Near Ration Shop (pin is a guess near this landmark),Promoted to nearest un-repelled landmark POI 'Ration Shop',landmark_poi_fallback,0.0,,Vidya Nagar,960103,0.0,960103,Vidya Nagar
AD000688,AC000533,T1,1037.2,-3032.6,baseline_street,True,0,,High-precision baseline geocoder (street),baseline_high_precision,0.0,5th cross,Gandhi Nagar,960102,0.0,960102,Gandhi Nagar
AD000689,AC000534,T1,2791.9,-2113.9,landmark,True,0,Near Medical Store (pin is a guess near this landmark),Promoted to nearest un-repelled landmark POI 'Medical Store',landmark_poi_fallback,3.51,,Nehru Colony,960102,0.0,960102,Nehru Colony
AD000690,AC000535,T1,-1554.1,641.8,landmark,True,0,Near Church (pin is a guess near this landmark),Promoted to nearest un-repelled landmark POI 'Church',landmark_poi_fallback,0.0,10th cross; 2nd main,Ashoka Layout,960104,0.0,960104,Ashoka Layout
AD000691,AC000535,OUT,,,unmapped_village,False,0,,Village outside mapped urban town coverage; zero baseline geocode and zero field visits,unmapped_village,0.0,,,995213,0.0,995213,
AD000692,AC000536,T3,-1435.2,-1715.2,baseline_street,True,0,,High-precision baseline geocoder (street),baseline_high_precision,0.0,5th road,Defence Colony,980301,0.0,980301,Defence Colony
AD000693,AC000537,T1,802.8,-290.4,baseline_street,True,0,,High-precision baseline geocoder (street),baseline_high_precision,0.0,4th cross; 2nd main,Kuvempu Layout,960102,0.0,960102,Kuvempu Layout
AD000694,AC000538,T2,-1540.6,-2833.0,baseline_coarse,True,0,,Coarse baseline locality/ward centroid,baseline_coarse,0.0,,Subhash Nagar,970201,0.0,970201,Subhash Nagar
AD000695,AC000538,T2,-347.0,-84.0,landmark,True,0,Near Hanuman Temple (pin is a guess near this landmark),Promoted to nearest un-repelled landmark POI 'Hanuman Temple',landmark_poi_fallback,0.0,gali no. 12,Shastri Nagar,970201,0.0,970201,Shastri Nagar
AD000696,AC000539,T1,2355.8,1088.0,visit_1,True,1,,Synthesized from 1 verified field visit dwell centroids (visit_1),field_visit_dwell,0.0,7th cross; 3rd main,Vidya Nagar,960103,0.2,960103,Vidya Nagar
AD000697,AC000540,T2,-639.1,3104.8,baseline_coarse,True,0,,Coarse baseline locality/ward centroid,baseline_coarse,0.0,56 gali,Ambedkar Nagar,970204,0.0,970204,Ambedkar Nagar
AD000698,AC000540,T2,674.9,1444.0,landmark,True,0,Opposite Post Office (pin is a guess near this landmark),Promoted to nearest un-repelled landmark POI 'Post Office',landmark_poi_fallback,0.0,,Gandhi Basti,970203,0.0,970203,Gandhi Basti
AD000699,AC000541,T1,3204.7,-2025.5,visit_1,True,1,,Synthesized from 1 verified field visit dwell centroids (visit_1),field_visit_dwell,0.0,,,960102,0.2,960102,
AD000700,AC000542,T1,53.2,2377.8,baseline_street,True,0,,High-precision baseline geocoder (street),baseline_high_precision,0.0,2nd main,Anjaneya Badavane,960103,0.0,960103,Anjaneya Badavane
AD000701,AC000543,T2,1033.5,-47.2,baseline_coarse,True,0,,Coarse baseline locality/ward centroid,baseline_coarse,0.0,,Indira Colony,970202,0.0,970202,Indira Colony
AD000702,AC000544,T1,2902.7,-2289.0,baseline_coarse,True,0,,Coarse baseline locality/ward centroid,baseline_coarse,0.0,1st cross; 5th main,Nehru Colony,960102,0.0,960102,Nehru Colony
AD000703,AC000545,T2,1277.3,150.4,visit_1,True,1,,Synthesized from 1 verified field visit dwell centroids (visit_1),field_visit_dwell,0.0,,Indira Colony,970202,0.2,970202,Indira Colony
AD000704,AC000546,T2,2488.2,-1430.6,baseline_coarse,True,0,,Coarse baseline locality/ward centroid,baseline_coarse,0.0,gali no. 1,Krishna Puri,970202,0.0,970202,Krishna Puri
AD000705,AC000547,T3,3295.5,-2213.7,visit_1,True,1,,Synthesized from 1 verified field visit dwell centroids (visit_1),field_visit_dwell,0.0,b block; 5th rd,Palm Meadows,,0.2,,Palm Meadows
AD000706,AC000547,T3,-270.5,3172.4,baseline_street,True,0,Near Water Tank (about 140 m from pin),High-precision baseline geocoder (street),baseline_high_precision,0.0,,Sunrise Enclave,980304,0.0,980304,Sunrise Enclave
AD000707,AC000548,T2,-665.6,-572.6,baseline_coarse,True,0,,Coarse baseline locality/ward centroid,baseline_coarse,0.0,,Shastri Nagar,,0.0,,Shastri Nagar
AD000708,AC000549,T2,2820.9,142.7,cross_account_street,True,0,,Coarse baseline locality/ward centroid,baseline_coarse,0.0,gali 2,Nehru Colony,970203,0.0,970203,Nehru Colony
AD000709,AC000549,T2,384.7,-2922.4,baseline_coarse,True,0,,Coarse baseline locality/ward centroid,baseline_coarse,0.0,,,970201,0.0,970201,
AD000710,AC000550,T2,1207.1,1048.3,visits_agree,True,2,Field Remark: Beside Bus Adda (conf=0.83),Synthesized from 2 verified field visit dwell centroids (visits_agree),field_visit_dwell,0.0,,,970204,0.832,970204,
AD000711,AC000551,T2,772.0,2467.1,visits_disagree,True,6,Near Ration Shop (about 190 m from pin) | Remark Cue: Beside Ration Dukan (conf=0.83),Synthesized from 6 verified field visit dwell centroids (visits_disagree),field_visit_dwell,0.0,,Azad Mohalla,970203,0.832,970203,Azad Mohalla
AD000712,AC000552,T2,-1625.7,-2955.8,landmark,True,0,Near Milk Dairy (pin is a guess near this landmark),Promoted to nearest un-repelled landmark POI 'Milk Dairy',landmark_poi_fallback,0.0,,Subhash Nagar,970201,0.0,970201,Subhash Nagar
AD000713,AC000553,T2,864.1,2628.1,baseline_coarse,True,0,,Coarse baseline locality/ward centroid,baseline_coarse,0.0,7 gali,Azad Mohalla,970203,0.0,970203,Azad Mohalla
AD000714,AC000553,OUT,,,unmapped_village,False,0,,Village outside mapped urban town coverage; zero baseline geocode and zero field visits,unmapped_village,0.0,,,999495,0.0,999495,
AD000715,AC000554,T2,1440.8,-1984.6,landmark,True,0,Near Church (pin is a guess near this landmark),Promoted to nearest un-repelled landmark POI 'Church',landmark_poi_fallback,0.0,,Patel Nagar,970202,0.0,970202,Patel Nagar
AD000716,AC000554,OUT,,,unmapped_village,False,0,,Village outside mapped urban town coverage; zero baseline geocode and zero field visits,unmapped_village,0.0,,,996700,0.0,996700,
AD000717,AC000555,T3,-813.3,-513.1,baseline_coarse,True,0,,Coarse baseline locality/ward centroid,baseline_coarse,0.0,3rd rd,HMT Colony,,0.0,,HMT Colony
AD000718,AC000556,T2,774.3,3008.7,cross_account_street,True,0,,Coarse baseline locality/ward centroid,baseline_coarse,0.0,gali 7,Azad Mohalla,970203,0.0,970203,Azad Mohalla
AD000719,AC000557,T1,2759.7,-1818.2,visits_agree,True,5,,Synthesized from 5 verified field visit dwell centroids (visits_agree),field_visit_dwell,0.0,3rd main,Nehru Colony,960102,0.398,960102,Nehru Colony
AD000720,AC000558,T2,983.4,-70.8,baseline_coarse,True,0,,Coarse baseline locality/ward centroid,baseline_coarse,0.0,,Indira Colony,,0.0,,Indira Colony
AD000721,AC000559,T3,-3038.6,-116.9,visits_disagree,True,3,Field Remark: Near Milk Booth (conf=0.80),Synthesized from 3 verified field visit dwell centroids (visits_disagree),field_visit_dwell,0.0,,Silver Oak Layout,980301,0.795,980301,Silver Oak Layout
AD000722,AC000560,T3,4024.7,318.4,cross_account_street,True,7,,Synthesized from 7 verified field visit dwell centroids (visits_disagree),field_visit_dwell,0.0,c block; 6th road,Lakeview Phase 2,980303,0.425,980303,Lakeview Phase 2
AD000723,AC000561,T1,-2799.4,893.5,landmark,True,0,Near Post Office (pin is a guess near this landmark),Promoted to nearest un-repelled landmark POI 'Post Office',landmark_poi_fallback,0.0,4th cross,Vinayaka Nagar,960104,0.0,960104,Vinayaka Nagar
AD000724,AC000561,OUT,,,unmapped_village,False,0,,Village outside mapped urban town coverage; zero baseline geocode and zero field visits,unmapped_village,0.0,,,997202,0.0,997202,
AD000725,AC000562,T2,-926.8,2620.3,baseline_street,True,0,Near Medical Store (about 190 m from pin),High-precision baseline geocoder (street),baseline_high_precision,0.0,101 gali,Ambedkar Nagar,,0.0,,Ambedkar Nagar
AD000726,AC000562,OUT,,,unmapped_village,False,0,,Village outside mapped urban town coverage; zero baseline geocode and zero field visits,unmapped_village,0.0,,,991630,0.0,991630,
AD000727,AC000563,T3,-2689.5,-487.8,visits_agree,True,8,Near Petrol Bunk (about 160 m from pin),Synthesized from 8 verified field visit dwell centroids (visits_agree),field_visit_dwell,0.0,,Silver Oak Layout,980301,0.2,980301,Silver Oak Layout
AD000728,AC000564,T1,-657.4,-3343.2,baseline_street,True,0,,High-precision baseline geocoder (street),baseline_high_precision,0.0,1st cross; 8th main,Basava Nagar,960101,0.0,960101,Basava Nagar
AD000729,AC000564,OUT,,,unmapped_village,False,0,,Village outside mapped urban town coverage; zero baseline geocode and zero field visits,unmapped_village,0.0,,,994526,0.0,994526,
AD000730,AC000565,T2,941.5,178.2,baseline_coarse,True,0,,Coarse baseline locality/ward centroid,baseline_coarse,0.0,,Indira Colony,970202,0.0,970202,Indira Colony
AD000731,AC000566,T1,2761.5,-2520.4,baseline_coarse,True,0,,Coarse baseline locality/ward centroid,baseline_coarse,0.0,2nd cross; 8th main,Nehru Colony,960102,0.0,960102,Nehru Colony
AD000732,AC000567,T3,-1171.3,-1668.4,baseline_coarse,True,0,,Coarse baseline locality/ward centroid,baseline_coarse,0.0,,Defence Colony,980301,0.0,980301,Defence Colony
AD000733,AC000568,T1,2852.5,-2271.8,visits_disagree,True,8,Opposite Community Hall (about 160 m from pin) | Remark Cue: Behind Anjaneya Gudi (conf=0.83),Synthesized from 8 verified field visit dwell centroids (visits_disagree),field_visit_dwell,0.0,6th cross; 5th main,Nehru Colony,960102,0.83,960102,Nehru Colony
AD000734,AC000569,T3,3880.1,627.7,baseline_street,True,0,,High-precision baseline geocoder (street),baseline_high_precision,0.0,,Lakeview Phase 2,980303,0.0,980303,Lakeview Phase 2
AD000735,AC000570,T1,2676.6,-2366.2,visits_agree,True,6,Field Remark: Opposite Hanuman Temple (conf=0.85),Synthesized from 6 verified field visit dwell centroids (visits_agree),field_visit_dwell,0.0,4th cross; 4th main,Nehru Colony,960102,0.85,960102,Nehru Colony
AD000736,AC000571,T1,2517.8,1005.8,baseline_coarse,True,0,,Coarse baseline locality/ward centroid,baseline_coarse,0.0,2nd main,Vidya Nagar,960103,0.0,960103,Vidya Nagar
AD000737,AC000571,T1,-659.2,-2947.9,visit_1,True,1,Near Church (about 180 m from pin),Synthesized from 1 verified field visit dwell centroids (visit_1),field_visit_dwell,0.0,,Basava Nagar,960101,0.2,960101,Basava Nagar
AD000738,AC000572,T1,-361.8,-944.9,visits_agree,True,3,Opposite Govt School (about 130 m from pin),Synthesized from 3 verified field visit dwell centroids (visits_agree),field_visit_dwell,0.0,10th x; 7th main,Hosa Badavane,960101,0.2,960101,Hosa Badavane
AD000739,AC000573,T1,709.2,-3292.8,visits_agree,True,2,Field Remark: Opposite Samudaya Bhavana (conf=0.85),Synthesized from 2 verified field visit dwell centroids (visits_agree),field_visit_dwell,0.0,4th cross,Gandhi Nagar,960102,0.85,960102,Gandhi Nagar
AD000740,AC000573,T1,1975.6,-911.1,visit_1,True,1,Opposite Park (about 160 m from pin) | Remark Cue: Behind Park (conf=0.83),Synthesized from 1 verified field visit dwell centroids (visit_1),field_visit_dwell,0.0,,Siddeshwara Colony,960102,0.83,960102,Siddeshwara Colony
AD000741,AC000574,T3,-796.7,2856.9,visits_disagree,True,6,,Synthesized from 6 verified field visit dwell centroids (visits_disagree),field_visit_dwell,0.0,3rd road,Sunrise Enclave,980304,0.3,980304,Sunrise Enclave
AD000742,AC000575,T1,517.0,2442.5,baseline_coarse,True,0,,Coarse baseline locality/ward centroid,baseline_coarse,0.0,4th cross; 6th main,Anjaneya Badavane,960103,0.0,960103,Anjaneya Badavane
AD000743,AC000576,T1,-1982.6,-2304.3,baseline_coarse,True,0,Field Remark: Near Church (conf=0.82),Coarse baseline locality/ward centroid,baseline_coarse,0.0,10th cross,Shanthi Nagar,960101,0.819,960101,Shanthi Nagar
AD000744,AC000577,T3,1325.8,-1116.6,visit_1,True,1,,Synthesized from 1 verified field visit dwell centroids (visit_1),field_visit_dwell,0.0,1st road,Teachers Colony,980302,0.2,980302,Teachers Colony
AD000745,AC000578,T2,-1528.9,-2813.1,landmark,True,0,Near Hanuman Temple (pin is a guess near this landmark),Promoted to nearest un-repelled landmark POI 'Hanuman Temple',landmark_poi_fallback,0.0,gali 8,Subhash Nagar,970201,0.0,970201,Subhash Nagar
AD000746,AC000579,T2,2717.5,908.5,baseline_street,True,0,Opposite Ration Shop (about 190 m from pin),High-precision baseline geocoder (rooftop),baseline_high_precision,0.0,,Nehru Colony,970203,0.0,970203,Nehru Colony
AD000747,AC000579,OUT,,,unmapped_village,False,0,,Village outside mapped urban town coverage; zero baseline geocode and zero field visits,unmapped_village,0.0,,,994229,0.0,994229,
AD000748,AC000580,T1,1006.3,-132.4,baseline_coarse,True,0,,Coarse baseline locality/ward centroid,baseline_coarse,0.0,5th main,Kuvempu Layout,960102,0.0,960102,Kuvempu Layout
AD000749,AC000581,T3,-175.2,-3417.9,visits_agree,True,3,,Synthesized from 3 verified field visit dwell centroids (visits_agree),field_visit_dwell,0.0,,Orchid Enclave,980301,0.2,980301,Orchid Enclave
AD000750,AC000581,T3,-52.2,3155.0,visit_1,True,1,,Synthesized from 1 verified field visit dwell centroids (visit_1),field_visit_dwell,0.0,,Sunrise Enclave,980304,0.2,980304,Sunrise Enclave
AD000751,AC000582,T2,1185.1,1388.5,baseline_coarse,True,0,,Coarse baseline locality/ward centroid,baseline_coarse,0.0,,Gandhi Basti,970203,0.0,970203,Gandhi Basti
AD000752,AC000582,T2,-740.1,2565.6,landmark,True,0,Near Medical Store (pin is a guess near this landmark),Promoted to nearest un-repelled landmark POI 'Medical Store',landmark_poi_fallback,0.0,gali 5,Ambedkar Nagar,970204,0.0,970204,Ambedkar Nagar
AD000753,AC000583,T1,2792.7,-2571.0,visits_disagree,True,5,,Synthesized from 5 verified field visit dwell centroids (visits_disagree),field_visit_dwell,0.0,,Nehru Colony,,0.2,,Nehru Colony
AD000754,AC000584,T2,2326.7,1917.1,landmark,True,0,Near Ganesh Temple (pin is a guess near this landmark),Promoted to nearest un-repelled landmark POI 'Ganesh Temple',landmark_poi_fallback,0.0,,,970203,0.0,970203,
AD000755,AC000585,T2,647.5,-2633.2,landmark,True,0,Near Medical Store (pin is a guess near this landmark),Promoted to nearest un-repelled landmark POI 'Medical Store',landmark_poi_fallback,1.01,gali no. 3,Shivaji Nagar,970202,0.0,970202,Shivaji Nagar
AD000756,AC000586,T2,1449.7,-2221.9,visits_disagree,True,6,Field Remark: Beside Doodh Dairy (conf=0.83),Synthesized from 6 verified field visit dwell centroids (visits_disagree),field_visit_dwell,0.0,263 gali,Patel Nagar,970202,0.832,970202,Patel Nagar
AD000757,AC000587,T2,2708.9,-1379.3,baseline_coarse,True,0,,Coarse baseline locality/ward centroid,baseline_coarse,0.0,gali no. 12,Krishna Puri,970202,0.0,970202,Krishna Puri
AD000758,AC000588,T2,544.9,-3023.5,baseline_coarse,True,0,,Coarse baseline locality/ward centroid,baseline_coarse,0.0,,Shivaji Nagar,970202,0.0,970202,Shivaji Nagar
AD000759,AC000589,T2,3138.7,562.4,visits_agree,True,2,Field Remark: Beside Dawai Ki Dukaan (conf=0.81),Synthesized from 2 verified field visit dwell centroids (visits_agree),field_visit_dwell,0.0,gali 6,Ram Nagar,970203,0.807,970203,Ram Nagar
AD000760,AC000590,T1,2680.7,-1810.8,baseline_coarse,True,0,,Coarse baseline locality/ward centroid,baseline_coarse,0.0,3rd cross; 5th main,Nehru Colony,960102,0.0,960102,Nehru Colony
AD000761,AC000590,T1,2695.1,1080.9,visit_1,True,1,Near Masjid (about 140 m from pin) | Remark Cue: Behind Masidi (conf=0.83),Synthesized from 1 verified field visit dwell centroids (visit_1),field_visit_dwell,0.0,7th x,Vidya Nagar,960103,0.83,960103,Vidya Nagar
AD000762,AC000591,T3,-2604.3,-560.8,baseline_street,True,0,,High-precision baseline geocoder (street),baseline_high_precision,0.0,,Silver Oak Layout,980301,0.0,980301,Silver Oak Layout
AD000763,AC000591,T3,3205.8,-1685.6,landmark,True,0,Near Post Office (pin is a guess near this landmark),Promoted to nearest un-repelled landmark POI 'Post Office',landmark_poi_fallback,0.0,,Palm Meadows,980302,0.0,980302,Palm Meadows
AD000764,AC000592,T1,677.7,-2777.8,landmark,True,0,Behind Ration Shop (pin is a guess near this landmark),Promoted to nearest un-repelled landmark POI 'Ration Shop',landmark_poi_fallback,0.0,9th cross; 3rd main,Gandhi Nagar,960102,0.0,960102,Gandhi Nagar
AD000765,AC000593,T3,-853.4,-708.6,landmark,True,0,Opposite Ration Shop (pin is a guess near this landmark),Promoted to nearest un-repelled landmark POI 'Ration Shop',landmark_poi_fallback,0.0,,HMT Colony,980301,0.0,980301,HMT Colony
AD000766,AC000593,T3,3205.8,-1685.6,landmark,True,0,Near Post Office (pin is a guess near this landmark),Promoted to nearest un-repelled landmark POI 'Post Office',landmark_poi_fallback,0.0,,Palm Meadows,980302,0.0,980302,Palm Meadows
AD000767,AC000594,T1,787.1,-2816.4,baseline_street,True,0,,High-precision baseline geocoder (street),baseline_high_precision,0.0,8th cross; 5th main,Gandhi Nagar,960102,0.0,960102,Gandhi Nagar
AD000768,AC000595,T2,2644.5,-1595.8,visits_agree,True,7,Field Remark: Beside Ration Ki Dukaan (conf=0.83),Synthesized from 7 verified field visit dwell centroids (visits_agree),field_visit_dwell,0.0,gali 3,Krishna Puri,970202,0.832,970202,Krishna Puri
AD000769,AC000596,T2,-643.5,1512.2,landmark,True,0,Opposite Petrol Bunk (pin is a guess near this landmark),Promoted to nearest un-repelled landmark POI 'Petrol Bunk',landmark_poi_fallback,0.0,,Tilak Nagar,970204,0.0,970204,Tilak Nagar
AD000770,AC000597,T2,2524.4,-500.7,baseline_street,True,0,,High-precision baseline geocoder (street),baseline_high_precision,0.0,,Krishna Puri,970202,0.0,970202,Krishna Puri
AD000771,AC000598,T3,832.8,-703.9,visits_agree,True,2,,Synthesized from 2 verified field visit dwell centroids (visits_agree),field_visit_dwell,0.0,,Teachers Colony,980302,0.2,980302,Teachers Colony
AD000772,AC000598,T3,-402.8,3230.6,landmark,True,0,Near Water Tank (pin is a guess near this landmark),Promoted to nearest un-repelled landmark POI 'Water Tank',landmark_poi_fallback,0.0,,Sunrise Enclave,980304,0.0,980304,Sunrise Enclave
AD000773,AC000599,T2,1346.4,-2520.7,landmark,True,0,Near Masjid (pin is a guess near this landmark),Promoted to nearest un-repelled landmark POI 'Masjid',landmark_poi_fallback,0.0,,Patel Nagar,970202,0.0,970202,Patel Nagar
AD000774,AC000600,T3,-2653.3,1729.2,visits_agree,True,5,,Synthesized from 5 verified field visit dwell centroids (visits_agree),field_visit_dwell,0.0,d block; 2nd rd,Railway Colony,980304,0.2,980304,Railway Colony
AD000775,AC000601,T3,-635.7,-339.6,visit_1,True,1,,Synthesized from 1 verified field visit dwell centroids (visit_1),field_visit_dwell,0.0,5th rd,HMT Colony,980301,0.2,980301,HMT Colony
AD000776,AC000602,T3,3745.4,207.6,baseline_coarse,True,0,,Coarse baseline locality/ward centroid,baseline_coarse,0.0,,Lakeview Phase 2,980303,0.0,980303,Lakeview Phase 2
AD000777,AC000602,OUT,,,unmapped_village,False,0,,Village outside mapped urban town coverage; zero baseline geocode and zero field visits,unmapped_village,0.0,,,996756,0.0,996756,
AD000778,AC000603,T1,1918.1,-847.5,baseline_coarse,True,0,,Coarse baseline locality/ward centroid,baseline_coarse,0.0,6th main,Siddeshwara Colony,960102,0.0,960102,Siddeshwara Colony
AD000779,AC000604,T1,2200.5,851.0,visits_disagree,True,7,Near Govt School (about 100 m from pin) | Remark Cue: Opposite Govt School (conf=0.85),Synthesized from 7 verified field visit dwell centroids (visits_disagree),field_visit_dwell,0.0,,Vidya Nagar,960103,0.85,960103,Vidya Nagar
AD000780,AC000604,T1,802.2,-3288.4,cross_account_street,True,0,,Coarse baseline locality/ward centroid,baseline_coarse,0.0,3rd; 5th main,Gandhi Nagar,960102,0.0,960102,Gandhi Nagar
AD000781,AC000605,T3,3748.2,504.7,visits_agree,True,5,Near Bus Stop (about 100 m from pin) | Remark Cue: Opposite Bus Stop (conf=0.85),Synthesized from 5 verified field visit dwell centroids (visits_agree),field_visit_dwell,0.0,,Lakeview Phase 2,980303,0.85,980303,Lakeview Phase 2
AD000782,AC000606,T1,652.9,-2631.4,visits_agree,True,2,Field Remark: Near Government School (conf=0.80),Synthesized from 2 verified field visit dwell centroids (visits_agree),field_visit_dwell,0.0,4th main,Gandhi Nagar,960102,0.795,960102,Gandhi Nagar
AD000783,AC000606,T1,772.4,-2604.8,visit_1,True,1,Field Remark: Near Government School (conf=0.80),Synthesized from 1 verified field visit dwell centroids (visit_1),field_visit_dwell,0.0,5th main,Gandhi Nagar,960102,0.795,960102,Gandhi Nagar
AD000784,AC000607,T3,-1113.1,-1993.6,baseline_coarse,True,0,,Coarse baseline locality/ward centroid,baseline_coarse,0.0,a block; 1st rd,Defence Colony,980301,0.0,980301,Defence Colony
AD000785,AC000608,T1,2440.5,-2251.4,visits_agree,True,4,Near Masjid (about 180 m from pin),Synthesized from 4 verified field visit dwell centroids (visits_agree),field_visit_dwell,0.0,,,960102,0.2,960102,
AD000786,AC000608,OUT,,,unmapped_village,False,0,,Village outside mapped urban town coverage; zero baseline geocode and zero field visits,unmapped_village,0.0,,,997388,0.0,997388,
AD000787,AC000609,T3,1095.9,-1174.1,visits_agree,True,4,,Synthesized from 4 verified field visit dwell centroids (visits_agree),field_visit_dwell,0.0,b block; 2nd rd,Teachers Colony,980302,0.2,980302,Teachers Colony
AD000788,AC000610,T1,747.1,70.2,landmark,True,0,Near Community Hall (pin is a guess near this landmark),Promoted to nearest un-repelled landmark POI 'Community Hall',landmark_poi_fallback,0.0,10th cross; 3rd main,Kuvempu Layout,960102,0.0,960102,Kuvempu Layout
AD000789,AC000611,T3,-2824.0,-318.6,baseline_coarse,True,0,,Coarse baseline locality/ward centroid,baseline_coarse,0.0,,Silver Oak Layout,980301,0.0,980301,Silver Oak Layout
AD000790,AC000612,T2,1097.3,2655.1,landmark,True,0,Near Bus Stop (pin is a guess near this landmark),Promoted to nearest un-repelled landmark POI 'Bus Stop',landmark_poi_fallback,0.0,gali no. 8,Azad Mohalla,970203,0.0,970203,Azad Mohalla
AD000791,AC000613,T1,3030.2,-2330.6,baseline_street,True,0,Near Hanuman Temple (about 160 m from pin),High-precision baseline geocoder (street),baseline_high_precision,0.0,7th main,Nehru Colony,960102,0.0,960102,Nehru Colony
AD000792,AC000614,T2,931.1,2479.3,visits_agree,True,4,,Synthesized from 4 verified field visit dwell centroids (visits_agree),field_visit_dwell,0.0,gali no. 4,Gandhi Basti,970203,0.2,970203,Gandhi Basti
AD000793,AC000614,T2,-310.8,990.8,landmark,True,0,Opposite Masjid (pin is a guess near this landmark),Promoted to nearest un-repelled landmark POI 'Masjid',landmark_poi_fallback,0.0,gali no. 2,Tilak Nagar,970204,0.0,970204,Tilak Nagar
AD000794,AC000615,T2,2167.8,2230.7,baseline_street,True,0,Near Govt School (about 160 m from pin),High-precision baseline geocoder (street),baseline_high_precision,0.0,gali no. 11,,970204,0.0,970204,
AD000795,AC000616,T3,-2885.9,186.5,visit_1,True,1,Field Remark: Beside Tanki (conf=0.83),Synthesized from 1 verified field visit dwell centroids (visit_1),field_visit_dwell,0.0,,Silver Oak Layout,980301,0.832,980301,Silver Oak Layout
AD000796,AC000616,OUT,,,unmapped_village,False,0,,Village outside mapped urban town coverage; zero baseline geocode and zero field visits,unmapped_village,0.0,,,995938,0.0,995938,
AD000797,AC000617,T2,2502.3,-1148.9,visits_agree,True,6,Opposite Post Office (about 70 m from pin) | Remark Cue: Near Dak Ghar (conf=0.82),Synthesized from 6 verified field visit dwell centroids (visits_agree),field_visit_dwell,0.0,1 gali,Krishna Puri,970202,0.819,970202,Krishna Puri
AD000798,AC000618,T2,845.5,1301.3,baseline_coarse,True,0,,Coarse baseline locality/ward centroid,baseline_coarse,0.0,,Gandhi Basti,970203,0.0,970203,Gandhi Basti
AD000799,AC000618,T2,1253.6,-276.9,visits_agree,True,2,Behind Bus Stop (about 80 m from pin),Synthesized from 2 verified field visit dwell centroids (visits_agree),field_visit_dwell,0.0,,Indira Colony,970202,0.2,970202,Indira Colony
AD000800,AC000619,T1,641.1,-178.9,baseline_coarse,True,0,,Coarse baseline locality/ward centroid,baseline_coarse,0.0,3rd; 3rd main,Kuvempu Layout,,0.0,,Kuvempu Layout
AD000801,AC000620,T3,1204.9,-530.1,visit_1,True,1,,Synthesized from 1 verified field visit dwell centroids (visit_1),field_visit_dwell,0.0,f block; 3rd road,Teachers Colony,980302,0.2,980302,Teachers Colony
AD000802,AC000621,T1,1576.0,-242.5,visits_agree,True,2,,Synthesized from 2 verified field visit dwell centroids (visits_agree),field_visit_dwell,0.0,,Kuvempu Layout,960102,0.2,960102,Kuvempu Layout
AD000803,AC000621,T1,-354.0,-1397.5,visit_1,True,1,,Synthesized from 1 verified field visit dwell centroids (visit_1),field_visit_dwell,0.0,4th cross; 5th main,Hosa Badavane,960101,0.2,960101,Hosa Badavane
AD000804,AC000622,T3,-2333.0,-3.2,baseline_street,True,0,,High-precision baseline geocoder (street),baseline_high_precision,0.0,5th rd,Silver Oak Layout,980301,0.0,980301,Silver Oak Layout
AD000805,AC000622,T3,-3663.3,-1063.1,baseline_coarse,True,0,,Coarse baseline locality/ward centroid,baseline_coarse,0.0,,Green Park Layout,980301,0.0,980301,Green Park Layout
AD000806,AC000623,T2,2291.9,1878.5,baseline_coarse,True,0,,Coarse baseline locality/ward centroid,baseline_coarse,0.0,gali no. 3,Ram Nagar,970203,0.0,970203,Ram Nagar
AD000807,AC000624,T3,-1165.1,-1839.0,baseline_coarse,True,0,,Coarse baseline locality/ward centroid,baseline_coarse,0.0,4th rd,,980304,0.0,980304,
AD000808,AC000625,T3,-712.0,3387.9,visits_agree,True,4,Opposite Park (about 110 m from pin),Synthesized from 4 verified field visit dwell centroids (visits_agree),field_visit_dwell,0.0,,Sunrise Enclave,980304,0.2,980304,Sunrise Enclave
AD000809,AC000626,T1,669.8,83.7,visits_agree,True,5,Near Bus Stop (pin is at this landmark) | Remark Cue: Near Bus Stop (conf=0.82),Synthesized from 5 verified field visit dwell centroids (visits_agree),field_visit_dwell,0.0,1st main,Kuvempu Layout,960102,0.819,960102,Kuvempu Layout
AD000810,AC000627,T1,1147.2,-3177.1,visits_agree,True,3,,Synthesized from 3 verified field visit dwell centroids (visits_agree),field_visit_dwell,0.0,4th cross; 8th main,Gandhi Nagar,960102,0.2,960102,Gandhi Nagar
AD000811,AC000627,OUT,,,unmapped_village,False,0,,Village outside mapped urban town coverage; zero baseline geocode and zero field visits,unmapped_village,0.0,,,997926,0.0,997926,
AD000812,AC000628,T1,-1240.4,-2714.3,visits_agree,True,4,Field Remark: Opposite Anjaneya Swamy Temple (conf=0.85),Synthesized from 4 verified field visit dwell centroids (visits_agree),field_visit_dwell,0.0,2nd main,,960101,0.85,960101,
AD000813,AC000629,T1,3057.6,-2283.1,visits_agree,True,3,Near Ration Shop (about 130 m from pin) | Remark Cue: Opposite Pds Shop (conf=0.85),Synthesized from 3 verified field visit dwell centroids (visits_agree),field_visit_dwell,0.0,7th cross,Nehru Colony,960102,0.85,960102,Nehru Colony
AD000814,AC000630,T1,-1196.1,-2249.7,baseline_coarse,True,0,,Coarse baseline locality/ward centroid,baseline_coarse,0.0,10th cross; 1st main,,960101,0.0,960101,
AD000815,AC000631,T3,3042.4,-2480.5,visits_disagree,True,4,,Synthesized from 4 verified field visit dwell centroids (visits_disagree),field_visit_dwell,0.0,5th rd,Palm Meadows,980302,0.2,980302,Palm Meadows
AD000816,AC000632,T2,1097.3,2655.1,landmark,True,0,Near Bus Stop (pin is a guess near this landmark),Promoted to nearest un-repelled landmark POI 'Bus Stop',landmark_poi_fallback,0.0,gali no. 8,Azad Mohalla,970203,0.0,970203,Azad Mohalla
AD000817,AC000633,T2,1300.4,-1925.1,visits_disagree,True,5,Near Milk Dairy (about 120 m from pin),Synthesized from 5 verified field visit dwell centroids (visits_disagree),field_visit_dwell,0.0,,Patel Nagar,970202,0.2,970202,Patel Nagar
AD000818,AC000634,T2,1136.9,-100.0,baseline_coarse,True,0,,Coarse baseline locality/ward centroid,baseline_coarse,0.0,,Indira Colony,970220,0.0,970220,Indira Colony
AD000819,AC000634,T2,3020.4,-1138.3,baseline_street,True,0,,High-precision baseline geocoder (street),baseline_high_precision,0.0,,Krishna Puri,970202,0.0,970202,Krishna Puri
AD000820,AC000635,T1,2418.5,-2001.4,baseline_street,True,0,,High-precision baseline geocoder (rooftop),baseline_high_precision,0.0,7th cross; 1st main,Nehru Colony,960102,0.0,960102,Nehru Colony
AD000821,AC000636,T2,1041.5,-1855.2,landmark,True,0,Opposite Ration Shop (pin is a guess near this landmark),Promoted to nearest un-repelled landmark POI 'Ration Shop',landmark_poi_fallback,0.0,421 gali,Patel Nagar,,0.0,,Patel Nagar
AD000822,AC000637,T1,437.2,-2877.7,visits_agree,True,4,Field Remark: Behind Bus Nildana (conf=0.83),Synthesized from 4 verified field visit dwell centroids (visits_agree),field_visit_dwell,0.0,9th cross; 2nd main,Gandhi Nagar,960102,0.83,960102,Gandhi Nagar
AD000823,AC000637,T1,-3083.2,1414.7,landmark,True,0,Opposite Community Hall (pin is a guess near this landmark),Promoted to nearest un-repelled landmark POI 'Community Hall',landmark_poi_fallback,0.0,11th cross; 3rd main,Vinayaka Nagar,960104,0.0,960104,Vinayaka Nagar
AD000824,AC000638,T3,1593.3,-1926.2,baseline_coarse,True,0,,Coarse baseline locality/ward centroid,baseline_coarse,0.0,,,980302,0.0,980302,
AD000825,AC000639,T3,-2212.5,1138.5,visits_agree,True,3,,Synthesized from 3 verified field visit dwell centroids (visits_agree),field_visit_dwell,0.0,,Railway Colony,980304,0.2,980304,Railway Colony
AD000826,AC000640,T1,-1048.8,-3124.8,baseline_coarse,True,0,,Coarse baseline locality/ward centroid,baseline_coarse,0.0,4th cross; 7th main,Basava Nagar,960101,0.0,960101,Basava Nagar
AD000827,AC000641,T3,3161.3,-2444.6,visit_1,True,1,Opposite Milk Dairy (about 170 m from pin),Synthesized from 1 verified field visit dwell centroids (visit_1),field_visit_dwell,0.0,,,980303,0.2,980303,
AD000828,AC000641,T3,-1817.4,-1413.1,baseline_coarse,True,0,,Coarse baseline locality/ward centroid,baseline_coarse,0.0,e block; 6th road,,980301,0.0,980301,
AD000829,AC000642,T2,2326.7,1917.1,landmark,True,0,Near Ganesh Temple (pin is a guess near this landmark),Promoted to nearest un-repelled landmark POI 'Ganesh Temple',landmark_poi_fallback,0.0,,Ram Nagar,,0.0,,Ram Nagar
AD000830,AC000643,T1,2504.0,625.2,visits_agree,True,2,,Synthesized from 2 verified field visit dwell centroids (visits_agree),field_visit_dwell,0.0,2nd x; 4th main,Vidya Nagar,960103,0.2,960103,Vidya Nagar
AD000831,AC000644,T1,-1522.9,552.2,baseline_street,True,0,,High-precision baseline geocoder (street),baseline_high_precision,0.0,10th cross; 2nd main,Ashoka Layout,960104,0.0,960104,Ashoka Layout
AD000832,AC000645,T1,3288.8,-2147.0,visit_1,True,1,,Synthesized from 1 verified field visit dwell centroids (visit_1),field_visit_dwell,0.0,8th main,Nehru Colony,,0.2,,Nehru Colony
AD000833,AC000646,T3,-2847.1,-569.9,landmark,True,0,Near Bus Stop (pin is a guess near this landmark),Promoted to nearest un-repelled landmark POI 'Bus Stop',landmark_poi_fallback,0.0,1st road,Silver Oak Layout,980301,0.0,980301,Silver Oak Layout
AD000834,AC000647,T3,3346.5,-1801.1,baseline_coarse,True,0,,Coarse baseline locality/ward centroid,baseline_coarse,0.0,,Palm Meadows,980302,0.0,980302,Palm Meadows
AD000835,AC000648,T2,983.4,37.0,baseline_coarse,True,0,,Coarse baseline locality/ward centroid,baseline_coarse,0.0,gali no. 3,Indira Colony,970202,0.0,970202,Indira Colony
AD000836,AC000649,T1,817.6,-588.2,visits_agree,True,5,Field Remark: Behind Anjaneya Gudi (conf=0.83),Synthesized from 5 verified field visit dwell centroids (visits_agree),field_visit_dwell,0.0,,Kuvempu Layout,960102,0.83,960102,Kuvempu Layout
AD000837,AC000650,T1,-2018.6,-2173.4,landmark,True,0,Opposite Bus Stop (pin is a guess near this landmark),Promoted to nearest un-repelled landmark POI 'Bus Stop',landmark_poi_fallback,0.0,2nd main,,960101,0.0,960101,
AD000838,AC000650,T1,-2559.7,1431.3,baseline_street,True,0,,High-precision baseline geocoder (street),baseline_high_precision,0.0,9th cross; 7th main,Vinayaka Nagar,960104,0.0,960104,Vinayaka Nagar
AD000839,AC000651,T2,1071.1,2727.5,baseline_coarse,True,0,,Coarse baseline locality/ward centroid,baseline_coarse,0.0,,Azad Mohalla,970203,0.0,970203,Azad Mohalla
AD000840,AC000652,T1,3083.5,-2463.5,visits_agree,True,2,,Synthesized from 2 verified field visit dwell centroids (visits_agree),field_visit_dwell,0.0,5th cross; 8th main,,960102,0.2,960102,
AD000841,AC000653,T2,1818.5,-2350.1,visits_agree,True,2,Near Medical Store (about 100 m from pin) | Remark Cue: Beside Dawai Ki Dukaan (conf=0.83),Synthesized from 2 verified field visit dwell centroids (visits_agree),field_visit_dwell,0.0,gali no. 2,Patel Nagar,,0.832,,Patel Nagar
AD000842,AC000653,T2,848.6,1316.9,visit_1,True,1,,Synthesized from 1 verified field visit dwell centroids (visit_1),field_visit_dwell,0.0,gali 8,Gandhi Basti,970023,0.2,970023,Gandhi Basti
AD000843,AC000654,T1,2732.8,-2595.5,visit_1,True,1,,Synthesized from 1 verified field visit dwell centroids (visit_1),field_visit_dwell,0.0,1st cross; 5th main,,960102,0.2,960102,
AD000844,AC000655,T1,1982.8,-1241.6,landmark,True,0,Near Hanuman Temple (pin is a guess near this landmark),Promoted to nearest un-repelled landmark POI 'Hanuman Temple',landmark_poi_fallback,0.0,4th cross; 2nd main,Siddeshwara Colony,960102,0.0,960102,Siddeshwara Colony
AD000845,AC000655,T1,1289.8,-1903.6,baseline_coarse,True,0,,Coarse baseline locality/ward centroid,baseline_coarse,0.0,8th x; 5th main,,960102,0.0,960102,
AD000846,AC000656,T2,-1863.0,-3266.1,visits_agree,True,6,,Synthesized from 6 verified field visit dwell centroids (visits_agree),field_visit_dwell,0.0,gali 2,,970201,0.425,970201,
AD000847,AC000657,T1,592.5,-3169.5,baseline_coarse,True,0,,Coarse baseline locality/ward centroid,baseline_coarse,0.0,8th cross; 7th main,Gandhi Nagar,960102,0.0,960102,Gandhi Nagar
AD000848,AC000658,T3,-568.0,-3271.2,landmark,True,0,Near Park (pin is a guess near this landmark),Promoted to nearest un-repelled landmark POI 'Park',landmark_poi_fallback,0.0,e block; 4th road,Orchid Enclave,980301,0.0,980301,Orchid Enclave
AD000849,AC000658,T3,-3921.2,-577.0,landmark,True,0,Near Community Hall (pin is a guess near this landmark),Promoted to nearest un-repelled landmark POI 'Community Hall',landmark_poi_fallback,0.0,,Green Park Layout,980301,0.0,980301,Green Park Layout
AD000850,AC000659,T3,3753.0,228.6,visits_agree,True,5,,Synthesized from 5 verified field visit dwell centroids (visits_agree),field_visit_dwell,0.0,,,980302,0.2,980302,
AD000851,AC000660,T2,2958.1,214.7,landmark,True,0,Near Community Hall (pin is a guess near this landmark),Promoted to nearest un-repelled landmark POI 'Community Hall',landmark_poi_fallback,0.0,,Nehru Colony,970203,0.0,970203,Nehru Colony
AD000852,AC000661,T3,-2726.9,-8.1,visit_1,True,1,Field Remark: Near Neerina Tank (conf=0.82),Synthesized from 1 verified field visit dwell centroids (visit_1),field_visit_dwell,0.0,,,980302,0.819,980302,
AD000853,AC000661,T3,-3688.7,-857.1,baseline_coarse,True,0,,Coarse baseline locality/ward centroid,baseline_coarse,0.0,,Green Park Layout,980301,0.0,980301,Green Park Layout
AD000854,AC000662,T2,1290.3,-2463.5,visits_agree,True,5,Near Masjid (about 80 m from pin),Synthesized from 5 verified field visit dwell centroids (visits_agree),field_visit_dwell,0.0,,Patel Nagar,970202,0.2,970202,Patel Nagar
AD000855,AC000662,T2,907.5,2586.7,landmark,True,0,Near Govt School (pin is a guess near this landmark),Promoted to nearest un-repelled landmark POI 'Govt School',landmark_poi_fallback,0.0,,Azad Mohalla,970203,0.0,970203,Azad Mohalla
AD000856,AC000663,T3,-574.7,-866.8,visits_agree,True,2,Field Remark: Opposite Masjid (conf=0.85),Synthesized from 2 verified field visit dwell centroids (visits_agree),field_visit_dwell,0.0,c block; 4th road,HMT Colony,980301,0.85,980301,HMT Colony
AD000857,AC000664,T2,1063.8,-332.3,landmark,True,0,Behind Park (pin is a guess near this landmark),Promoted to nearest un-repelled landmark POI 'Park',landmark_poi_fallback,0.0,61 gali,Indira Colony,970202,0.0,970202,Indira Colony
AD000858,AC000665,T3,-1270.3,-1990.4,baseline_street,True,0,Behind Ganesh Temple (about 130 m from pin),High-precision baseline geocoder (street),baseline_high_precision,0.0,1st road,Defence Colony,980301,0.0,980301,Defence Colony
AD000859,AC000665,OUT,,,unmapped_village,False,0,,Village outside mapped urban town coverage; zero baseline geocode and zero field visits,unmapped_village,0.0,,,994567,0.0,994567,
AD000860,AC000666,T2,1341.5,-1838.8,visits_agree,True,6,,Synthesized from 6 verified field visit dwell centroids (visits_agree),field_visit_dwell,0.0,,Patel Nagar,970202,0.2,970202,Patel Nagar
AD000861,AC000667,T2,3050.0,593.8,baseline_coarse,True,0,,Coarse baseline locality/ward centroid,baseline_coarse,0.0,,Nehru Colony,970203,0.0,970203,Nehru Colony
AD000862,AC000668,T1,-2012.6,2454.5,baseline_coarse,True,0,,Coarse baseline locality/ward centroid,baseline_coarse,0.0,,Kalyana Nagar,960104,0.0,960104,Kalyana Nagar
AD000863,AC000669,T2,1817.8,-1642.3,baseline_street,True,0,,High-precision baseline geocoder (street),baseline_high_precision,0.0,,Patel Nagar,970202,0.0,970202,Patel Nagar
AD000864,AC000670,T2,-1765.0,-2809.4,baseline_coarse,True,0,,Coarse baseline locality/ward centroid,baseline_coarse,0.0,,Subhash Nagar,970201,0.0,970201,Subhash Nagar
AD000865,AC000671,T3,-2528.7,1618.7,baseline_coarse,True,0,,Coarse baseline locality/ward centroid,baseline_coarse,0.0,,Railway Colony,980304,0.0,980304,Railway Colony
AD000866,AC000672,T2,1701.6,-2122.9,visits_disagree,True,3,Field Remark: Beside Dawai Ki Dukaan (conf=0.83),Synthesized from 3 verified field visit dwell centroids (visits_disagree),field_visit_dwell,0.0,,Patel Nagar,970202,0.832,970202,Patel Nagar
AD000867,AC000673,T1,2908.6,-2554.9,visits_agree,True,4,,Synthesized from 4 verified field visit dwell centroids (visits_agree),field_visit_dwell,0.0,3rd; 7th main,Nehru Colony,960102,0.2,960102,Nehru Colony
AD000868,AC000674,T2,846.6,411.3,visits_agree,True,2,Field Remark: Near Post Office (conf=0.82),Synthesized from 2 verified field visit dwell centroids (visits_agree),field_visit_dwell,0.0,,Indira Colony,970202,0.819,970202,Indira Colony
AD000869,AC000675,T3,-2051.9,1562.1,visits_disagree,True,7,Near Ganesh Temple (about 80 m from pin) | Remark Cue: Opposite Ganapathi Temple (conf=0.85),Synthesized from 7 verified field visit dwell centroids (visits_disagree),field_visit_dwell,0.0,2nd road,Railway Colony,980304,0.85,980304,Railway Colony
AD000870,AC000676,T3,3328.4,-2390.0,visits_agree,True,4,Field Remark: Opposite Park (conf=0.85),Synthesized from 4 verified field visit dwell centroids (visits_agree),field_visit_dwell,0.0,,Palm Meadows,980302,0.85,980302,Palm Meadows
AD000871,AC000677,T2,2441.1,-1253.6,landmark,True,0,Near Govt School (pin is a guess near this landmark),Promoted to nearest un-repelled landmark POI 'Govt School',landmark_poi_fallback,0.0,gali no. 7,Krishna Puri,970202,0.0,970202,Krishna Puri
AD000872,AC000677,T2,2110.1,2097.2,baseline_street,True,0,Opposite Govt School (about 40 m from pin),High-precision baseline geocoder (rooftop),baseline_high_precision,0.0,,Ram Nagar,970203,0.0,970203,Ram Nagar
AD000873,AC000678,T1,-2604.7,1001.3,cross_account_street,True,0,,Coarse baseline locality/ward centroid,baseline_coarse,0.0,3rd cross,Vinayaka Nagar,960104,0.0,960104,Vinayaka Nagar
AD000874,AC000679,T3,-3865.5,-578.8,visits_agree,True,2,Field Remark: Opposite Samudaya Bhavana (conf=0.85),Synthesized from 2 verified field visit dwell centroids (visits_agree),field_visit_dwell,0.0,,Green Park Layout,980301,0.85,980301,Green Park Layout
AD000875,AC000680,T3,3866.0,551.9,baseline_coarse,True,0,,Coarse baseline locality/ward centroid,baseline_coarse,0.0,4th road,Lakeview Phase 2,980303,0.0,980303,Lakeview Phase 2
AD000876,AC000681,T3,-1367.6,-1285.1,baseline_coarse,True,0,,Coarse baseline locality/ward centroid,baseline_coarse,0.0,f block; 5th rd,,980301,0.0,980301,
AD000877,AC000682,T3,1222.7,-2021.7,baseline_coarse,True,0,,Coarse baseline locality/ward centroid,baseline_coarse,0.0,,,980302,0.0,980302,
AD000878,AC000683,T1,-1777.9,2511.4,baseline_coarse,True,0,,Coarse baseline locality/ward centroid,baseline_coarse,0.0,5th cross; 5th main,Kalyana Nagar,960104,0.0,960104,Kalyana Nagar
AD000879,AC000684,T3,-478.1,-3616.1,baseline_coarse,True,0,,Coarse baseline locality/ward centroid,baseline_coarse,0.0,,,980302,0.0,980302,
AD000880,AC000685,T1,2323.4,-2387.1,landmark,True,0,Near Masjid (pin is a guess near this landmark),Promoted to nearest un-repelled landmark POI 'Masjid',landmark_poi_fallback,0.0,5th cross; 1st main,Nehru Colony,960102,0.0,960102,Nehru Colony
AD000881,AC000686,T1,553.6,2268.1,baseline_coarse,True,0,,Coarse baseline locality/ward centroid,baseline_coarse,0.0,,Anjaneya Badavane,960103,0.0,960103,Anjaneya Badavane
AD000882,AC000686,T1,345.8,2454.5,landmark,True,0,Opposite Ganesh Temple (pin is a guess near this landmark),Promoted to nearest un-repelled landmark POI 'Ganesh Temple',landmark_poi_fallback,0.0,,Anjaneya Badavane,960103,0.0,960103,Anjaneya Badavane
AD000883,AC000687,T2,3111.2,474.2,baseline_coarse,True,0,,Coarse baseline locality/ward centroid,baseline_coarse,0.0,gali no. 7,Nehru Colony,970203,0.0,970203,Nehru Colony
AD000884,AC000688,T2,935.3,2747.0,visit_1,True,1,Near Govt School (about 160 m from pin),Synthesized from 1 verified field visit dwell centroids (visit_1),field_visit_dwell,0.0,,Azad Mohalla,970203,0.2,970203,Azad Mohalla
AD000885,AC000689,T3,3200.4,-2340.5,visit_1,True,1,Near Milk Dairy (about 150 m from pin),Synthesized from 1 verified field visit dwell centroids (visit_1),field_visit_dwell,0.0,3rd road,Palm Meadows,980302,0.2,980302,Palm Meadows
AD000886,AC000690,T2,748.2,117.3,visit_1,True,1,,Synthesized from 1 verified field visit dwell centroids (visit_1),field_visit_dwell,0.0,gali 8,Indira Colony,,0.2,,Indira Colony
AD000887,AC000690,OUT,,,unmapped_village,False,0,,Village outside mapped urban town coverage; zero baseline geocode and zero field visits,unmapped_village,0.0,,,992740,0.0,992740,
AD000888,AC000691,T1,740.2,-3077.2,landmark,True,0,Opposite Community Hall (pin is a guess near this landmark),Promoted to nearest un-repelled landmark POI 'Community Hall',landmark_poi_fallback,0.0,6th cross; 4th main,Gandhi Nagar,960102,0.0,960102,Gandhi Nagar
AD000889,AC000691,T1,2994.5,-2501.9,cross_account_street,True,0,,Coarse baseline locality/ward centroid,baseline_coarse,0.0,4th cross; 7th main,Nehru Colony,960102,0.0,960102,Nehru Colony
AD000890,AC000692,T2,-661.4,3352.0,baseline_street,True,0,Near Hanuman Temple (about 130 m from pin),High-precision baseline geocoder (street),baseline_high_precision,0.0,,Ambedkar Nagar,970204,0.0,970204,Ambedkar Nagar
AD000891,AC000692,T2,-1316.2,-1522.3,baseline_coarse,True,0,,Coarse baseline locality/ward centroid,baseline_coarse,0.0,,,970201,0.0,970201,
AD000892,AC000693,T3,-272.4,-3176.9,baseline_street,True,0,,High-precision baseline geocoder (street),baseline_high_precision,0.0,,Orchid Enclave,980301,0.0,980301,Orchid Enclave
AD000893,AC000693,OUT,,,unmapped_village,False,0,,Village outside mapped urban town coverage; zero baseline geocode and zero field visits,unmapped_village,0.0,,,991658,0.0,991658,
AD000894,AC000694,T3,1233.3,-1108.1,baseline_street,True,0,,High-precision baseline geocoder (street),baseline_high_precision,0.0,,Teachers Colony,980302,0.0,980302,Teachers Colony
AD000895,AC000695,T1,480.5,2354.6,visits_agree,True,2,,Synthesized from 2 verified field visit dwell centroids (visits_agree),field_visit_dwell,0.0,6th cross; 5th main,Anjaneya Badavane,960103,0.3,960103,Anjaneya Badavane
AD000896,AC000695,OUT,,,unmapped_village,False,0,,Village outside mapped urban town coverage; zero baseline geocode and zero field visits,unmapped_village,0.0,,,993321,0.0,993321,
AD000897,AC000696,T2,1653.3,-2604.4,visits_agree,True,2,Field Remark: Beside Medical Store (conf=0.83),Synthesized from 2 verified field visit dwell centroids (visits_agree),field_visit_dwell,0.0,gali 2,Patel Nagar,970202,0.832,970202,Patel Nagar
AD000898,AC000697,T1,1171.9,-3321.3,visit_1,True,1,Field Remark: Near Ganapathi Temple (conf=0.80),Synthesized from 1 verified field visit dwell centroids (visit_1),field_visit_dwell,0.0,2nd cross; 8th main,Gandhi Nagar,960102,0.795,960102,Gandhi Nagar
AD000899,AC000698,T3,2155.4,-2099.7,baseline_coarse,True,0,,Coarse baseline locality/ward centroid,baseline_coarse,0.0,6th road,,980302,0.0,980302,
AD000900,AC000698,T3,-2505.6,-92.4,landmark,True,0,Near Govt School (pin is a guess near this landmark),Promoted to nearest un-repelled landmark POI 'Govt School',landmark_poi_fallback,0.0,1st road,Silver Oak Layout,980301,0.0,980301,Silver Oak Layout
AD000901,AC000699,T2,1882.3,-2148.6,visit_1,True,1,Field Remark: Opposite Medical Store (conf=0.85),Synthesized from 1 verified field visit dwell centroids (visit_1),field_visit_dwell,0.0,,Patel Nagar,970202,0.85,970202,Patel Nagar
AD000902,AC000700,T2,770.8,2982.7,visit_1,True,1,Near Petrol Bunk (about 180 m from pin),Synthesized from 1 verified field visit dwell centroids (visit_1),field_visit_dwell,0.0,,Azad Mohalla,970203,0.2,970203,Azad Mohalla
AD000903,AC000701,T1,2975.4,-2747.6,visits_disagree,True,5,Field Remark: Near Haalina Dairy (conf=0.80),Synthesized from 5 verified field visit dwell centroids (visits_disagree),field_visit_dwell,0.0,1st cross; 8th main,Nehru Colony,960012,0.795,960012,Nehru Colony
AD000904,AC000701,T1,904.5,-2898.8,visits_agree,True,3,Field Remark: Behind Ganesh Temple (conf=0.80),Synthesized from 3 verified field visit dwell centroids (visits_agree),field_visit_dwell,0.0,10th cross; 6th main,Gandhi Nagar,960102,0.795,960102,Gandhi Nagar
AD000905,AC000702,T3,426.2,1688.8,baseline_street,True,0,,High-precision baseline geocoder (street),baseline_high_precision,0.0,,Royal Gardens,980303,0.0,980303,Royal Gardens
AD000906,AC000702,T3,3489.7,434.3,baseline_coarse,True,0,,Coarse baseline locality/ward centroid,baseline_coarse,0.0,,Lakeview Phase 2,980303,0.0,980303,Lakeview Phase 2
AD000907,AC000703,T3,3348.3,-1913.4,baseline_coarse,True,0,,Coarse baseline locality/ward centroid,baseline_coarse,0.0,,Palm Meadows,980302,0.0,980302,Palm Meadows
AD000908,AC000704,T2,2324.8,2017.9,baseline_coarse,True,0,,Coarse baseline locality/ward centroid,baseline_coarse,0.0,,Ram Nagar,970203,0.0,970203,Ram Nagar
AD000909,AC000704,OUT,,,unmapped_village,False,0,,Village outside mapped urban town coverage; zero baseline geocode and zero field visits,unmapped_village,0.0,,,996162,0.0,996162,
AD000910,AC000705,T1,2538.0,-2371.9,baseline_street,True,0,,High-precision baseline geocoder (street),baseline_high_precision,0.0,2nd cross; 4th main,Nehru Colony,960102,0.0,960102,Nehru Colony
AD000911,AC000705,T1,-548.4,-1445.6,landmark,True,0,Near Park (pin is a guess near this landmark),Promoted to nearest un-repelled landmark POI 'Park',landmark_poi_fallback,0.0,2nd cross; 1st main,Hosa Badavane,960101,0.0,960101,Hosa Badavane
AD000912,AC000706,T2,1443.0,-1665.7,visit_1,True,1,,Synthesized from 1 verified field visit dwell centroids (visit_1),field_visit_dwell,0.0,gali no. 12,Patel Nagar,,0.2,,Patel Nagar
AD000913,AC000707,T3,629.3,-841.6,visit_1,True,1,Near Bus Stop (about 100 m from pin) | Remark Cue: Behind Bus Stop (conf=0.83),Synthesized from 1 verified field visit dwell centroids (visit_1),field_visit_dwell,0.0,,Teachers Colony,980302,0.83,980302,Teachers Colony
AD000914,AC000708,T2,1721.3,-2216.9,cross_account_street,True,0,,Coarse baseline locality/ward centroid,baseline_coarse,0.0,gali no. 4,Patel Nagar,970202,0.0,970202,Patel Nagar
AD000915,AC000709,T3,-740.9,-771.4,visits_agree,True,2,Field Remark: Behind Milk Dairy (conf=0.83),Synthesized from 2 verified field visit dwell centroids (visits_agree),field_visit_dwell,0.0,,Defence Colony,980301,0.83,980301,Defence Colony
AD000916,AC000710,T1,2016.2,-757.8,baseline_coarse,True,0,,Coarse baseline locality/ward centroid,baseline_coarse,0.0,11th cross; 1st main,Siddeshwara Colony,960102,0.0,960102,Siddeshwara Colony
AD000917,AC000711,T2,1038.6,2380.4,visits_disagree,True,3,Field Remark: Beside Ration Dukan (conf=0.83),Synthesized from 3 verified field visit dwell centroids (visits_disagree),field_visit_dwell,0.0,gali 2,Azad Mohalla,970203,0.832,970203,Azad Mohalla
AD000918,AC000711,T2,2134.0,1709.0,visits_agree,True,2,Behind Community Hall (about 100 m from pin) | Remark Cue: Opposite Community Hall (conf=0.85),Synthesized from 2 verified field visit dwell centroids (visits_agree),field_visit_dwell,0.0,gali 5,Ram Nagar,970203,0.85,970203,Ram Nagar
AD000919,AC000712,T1,3001.6,-2421.9,visits_agree,True,4,Near Hanuman Temple (about 150 m from pin) | Remark Cue: Near Milk Dairy (conf=0.80),Synthesized from 4 verified field visit dwell centroids (visits_agree),field_visit_dwell,0.0,,,960101,0.795,960101,
AD000920,AC000712,T1,-1288.7,474.2,visits_disagree,True,2,Near Petrol Bunk (about 180 m from pin),Synthesized from 2 verified field visit dwell centroids (visits_disagree),field_visit_dwell,0.0,8th x; 4th main,,960104,0.2,960104,
AD000921,AC000713,T2,1712.0,-2294.5,visit_1,True,1,,Synthesized from 1 verified field visit dwell centroids (visit_1),field_visit_dwell,0.0,gali no. 3,Patel Nagar,970202,0.2,970202,Patel Nagar
AD000922,AC000713,T2,-1539.7,-2789.7,baseline_coarse,True,0,,Coarse baseline locality/ward centroid,baseline_coarse,0.0,,Subhash Nagar,970201,0.0,970201,Subhash Nagar
AD000923,AC000714,T1,546.2,-3403.4,visits_agree,True,2,,Synthesized from 2 verified field visit dwell centroids (visits_agree),field_visit_dwell,0.0,2nd cross; 2nd main,Gandhi Nagar,960102,0.2,960102,Gandhi Nagar
AD000924,AC000715,T2,505.1,-2716.2,visits_disagree,True,8,Near Medical Store (about 160 m from pin),Synthesized from 8 verified field visit dwell centroids (visits_disagree),field_visit_dwell,0.0,,Shivaji Nagar,970202,0.2,970202,Shivaji Nagar
AD000925,AC000716,T2,1210.5,-1699.2,baseline_street,True,0,,High-precision baseline geocoder (rooftop),baseline_high_precision,0.0,71 gali,Patel Nagar,970202,0.0,970202,Patel Nagar
AD000926,AC000717,T3,1127.1,-622.5,baseline_street,True,0,,High-precision baseline geocoder (street),baseline_high_precision,0.0,f block; 3rd road,Teachers Colony,980302,0.0,980302,Teachers Colony
AD000927,AC000718,T2,2577.3,-1320.1,landmark,True,0,Near Water Tank (pin is a guess near this landmark),Promoted to nearest un-repelled landmark POI 'Water Tank',landmark_poi_fallback,0.0,,Krishna Puri,970202,0.0,970202,Krishna Puri
AD000928,AC000719,T1,2843.8,757.1,landmark,True,0,Opposite Ration Shop (pin is a guess near this landmark),Promoted to nearest un-repelled landmark POI 'Ration Shop',landmark_poi_fallback,0.0,6th main,Vidya Nagar,960103,0.0,960103,Vidya Nagar
AD000929,AC000720,T1,1605.9,-543.8,cross_account_street,True,0,,Coarse baseline locality/ward centroid,baseline_coarse,0.0,12th cross; 1st main,,960102,0.0,960102,
AD000930,AC000721,T1,-2604.8,1544.8,visit_1,True,1,,Synthesized from 1 verified field visit dwell centroids (visit_1),field_visit_dwell,0.0,10th cross; 8th main,Vinayaka Nagar,960104,0.2,960104,Vinayaka Nagar
AD000931,AC000721,OUT,,,unmapped_village,False,0,,Village outside mapped urban town coverage; zero baseline geocode and zero field visits,unmapped_village,0.0,,,995959,0.0,995959,
AD000932,AC000722,T3,-3669.6,-1081.6,baseline_coarse,True,0,,Coarse baseline locality/ward centroid,baseline_coarse,0.0,,,980303,0.0,980303,
AD000933,AC000723,T2,1440.8,-1984.6,landmark,True,0,Near Church (pin is a guess near this landmark),Promoted to nearest un-repelled landmark POI 'Church',landmark_poi_fallback,0.0,73 gali,Patel Nagar,,0.0,,Patel Nagar
AD000934,AC000724,T2,492.6,2650.8,landmark,True,0,Near Community Hall (pin is a guess near this landmark),Promoted to nearest un-repelled landmark POI 'Community Hall',landmark_poi_fallback,0.0,gali no. 1,Azad Mohalla,970203,0.0,970203,Azad Mohalla
AD000935,AC000725,T3,-241.5,-3420.1,baseline_street,True,0,,High-precision baseline geocoder (street),baseline_high_precision,0.0,f block; 6th rd,Orchid Enclave,980301,0.0,980301,Orchid Enclave
AD000936,AC000726,T1,1009.2,-2966.7,visits_disagree,True,7,,Synthesized from 7 verified field visit dwell centroids (visits_disagree),field_visit_dwell,0.0,,Gandhi Nagar,960102,0.2,960102,Gandhi Nagar
AD000937,AC000727,T2,-663.7,2826.8,baseline_coarse,True,0,,Coarse baseline locality/ward centroid,baseline_coarse,0.0,,Ambedkar Nagar,970204,0.0,970204,Ambedkar Nagar
AD000938,AC000728,T1,1982.8,-1241.6,landmark,True,0,Near Hanuman Temple (pin is a guess near this landmark),Promoted to nearest un-repelled landmark POI 'Hanuman Temple',landmark_poi_fallback,0.0,1st cross; 4th main,Siddeshwara Colony,960102,0.0,960102,Siddeshwara Colony
AD000939,AC000728,T1,2630.5,1450.1,cross_account_street,True,0,,Coarse baseline locality/ward centroid,baseline_coarse,0.0,12th cross; 6th main,Vidya Nagar,960103,0.0,960103,Vidya Nagar
AD000940,AC000729,T1,320.8,-3029.4,visits_disagree,True,2,Field Remark: Behind Bus Nildana (conf=0.83),Synthesized from 2 verified field visit dwell centroids (visits_disagree),field_visit_dwell,0.0,,Gandhi Nagar,960102,0.2,960102,Gandhi Nagar
AD000941,AC000729,OUT,,,unmapped_village,False,0,,Village outside mapped urban town coverage; zero baseline geocode and zero field visits,unmapped_village,0.0,,,999036,0.0,999036,
AD000942,AC000730,T2,792.9,3231.9,visits_agree,True,2,,Synthesized from 2 verified field visit dwell centroids (visits_agree),field_visit_dwell,0.0,,Azad Mohalla,970203,0.2,970203,Azad Mohalla
AD000943,AC000731,T3,-2594.8,-473.2,visit_1,True,1,Opposite Church (about 110 m from pin) | Remark Cue: Near Church (conf=0.82),Synthesized from 1 verified field visit dwell centroids (visit_1),field_visit_dwell,0.0,,Silver Oak Layout,980301,0.819,980301,Silver Oak Layout
AD000944,AC000732,T3,-2341.8,1310.3,visits_agree,True,2,Behind Masjid (about 120 m from pin),Synthesized from 2 verified field visit dwell centroids (visits_agree),field_visit_dwell,0.0,,Railway Colony,980304,0.2,980304,Railway Colony
AD000945,AC000733,T1,2843.8,757.1,landmark,True,0,Opposite Ration Shop (pin is a guess near this landmark),Promoted to nearest un-repelled landmark POI 'Ration Shop',landmark_poi_fallback,0.0,2nd cross,Vidya Nagar,960103,0.0,960103,Vidya Nagar
AD000946,AC000733,T1,-2856.5,1097.7,baseline_coarse,True,0,,Coarse baseline locality/ward centroid,baseline_coarse,0.0,5th main,Vinayaka Nagar,960104,0.0,960104,Vinayaka Nagar
AD000947,AC000734,T2,907.5,2586.7,landmark,True,0,Near Govt School (pin is a guess near this landmark),Promoted to nearest un-repelled landmark POI 'Govt School',landmark_poi_fallback,0.0,,Azad Mohalla,970203,0.0,970203,Azad Mohalla
AD000948,AC000735,T3,1014.4,-691.1,visits_disagree,True,3,Field Remark: Behind Masidi (conf=0.83),Synthesized from 3 verified field visit dwell centroids (visits_disagree),field_visit_dwell,0.0,2nd rd,Teachers Colony,980302,0.83,980302,Teachers Colony
AD000949,AC000736,T3,-764.5,-471.1,landmark,True,0,Opposite Post Office (pin is a guess near this landmark),Promoted to nearest un-repelled landmark POI 'Post Office',landmark_poi_fallback,0.0,,HMT Colony,980301,0.0,980301,HMT Colony
AD000950,AC000737,T3,-3018.4,-239.4,visits_agree,True,5,Field Remark: Opposite Milk Booth (conf=0.85),Synthesized from 5 verified field visit dwell centroids (visits_agree),field_visit_dwell,0.0,,Silver Oak Layout,980301,0.85,980301,Silver Oak Layout
AD000951,AC000738,T2,921.7,-30.1,baseline_coarse,True,0,,Coarse baseline locality/ward centroid,baseline_coarse,0.0,,Indira Colony,970202,0.0,970202,Indira Colony
AD000952,AC000738,T2,-521.0,2862.9,baseline_coarse,True,0,,Coarse baseline locality/ward centroid,baseline_coarse,0.0,,Ambedkar Nagar,970204,0.0,970204,Ambedkar Nagar
AD000953,AC000739,T2,202.8,-3160.6,visits_disagree,True,4,Field Remark: Behind Ganesh Mandir (conf=0.83),Synthesized from 4 verified field visit dwell centroids (visits_disagree),field_visit_dwell,0.0,gali 6,Shivaji Nagar,970202,0.83,970202,Shivaji Nagar
AD000954,AC000740,T3,-2396.8,1340.5,visits_disagree,True,2,Near Masjid (about 90 m from pin),Synthesized from 2 verified field visit dwell centroids (visits_disagree),field_visit_dwell,0.0,,,980303,0.2,980303,
AD000955,AC000741,T1,3145.2,-1919.2,visits_agree,True,6,,Synthesized from 6 verified field visit dwell centroids (visits_agree),field_visit_dwell,0.0,,Nehru Colony,960102,0.398,960102,Nehru Colony
AD000956,AC000741,OUT,,,unmapped_village,False,0,,Village outside mapped urban town coverage; zero baseline geocode and zero field visits,unmapped_village,0.0,,,991759,0.0,991759,
AD000957,AC000742,T2,2783.3,134.2,visit_1,True,1,,Synthesized from 1 verified field visit dwell centroids (visit_1),field_visit_dwell,0.0,,Nehru Colony,970203,0.2,970203,Nehru Colony
AD000958,AC000742,T2,2374.2,-1074.8,baseline_street,True,0,,High-precision baseline geocoder (street),baseline_high_precision,0.0,gali 8,Krishna Puri,970202,0.0,970202,Krishna Puri
AD000959,AC000743,T1,2925.5,-2722.3,visit_1,True,1,,Synthesized from 1 verified field visit dwell centroids (visit_1),field_visit_dwell,0.0,1st cross; 8th main,Nehru Colony,960102,0.2,960102,Nehru Colony
AD000960,AC000743,OUT,,,unmapped_village,False,0,,Village outside mapped urban town coverage; zero baseline geocode and zero field visits,unmapped_village,0.0,,,992498,0.0,992498,
AD000961,AC000744,T2,2844.3,775.5,landmark,True,0,Near Water Tank (pin is a guess near this landmark),Promoted to nearest un-repelled landmark POI 'Water Tank',landmark_poi_fallback,0.0,gali 7,Nehru Colony,970203,0.0,970203,Nehru Colony
AD000962,AC000745,T2,2673.8,241.3,visits_agree,True,2,,Synthesized from 2 verified field visit dwell centroids (visits_agree),field_visit_dwell,0.0,,Ram Nagar,970203,0.2,970203,Ram Nagar
AD000963,AC000746,T1,1610.8,-1555.4,baseline_coarse,True,0,,Coarse baseline locality/ward centroid,baseline_coarse,0.0,12th x; 3rd main,,960102,0.0,960102,
AD000964,AC000747,T2,1075.8,-1905.7,visits_agree,True,2,Opposite Ration Shop (about 60 m from pin),Synthesized from 2 verified field visit dwell centroids (visits_agree),field_visit_dwell,0.0,gali no. 8,Patel Nagar,970202,0.2,970202,Patel Nagar
AD000965,AC000748,T1,-2237.6,-2477.1,baseline_coarse,True,0,,Coarse baseline locality/ward centroid,baseline_coarse,0.0,3rd,Shanthi Nagar,960101,0.0,960101,Shanthi Nagar
AD000966,AC000748,OUT,,,unmapped_village,False,0,,Village outside mapped urban town coverage; zero baseline geocode and zero field visits,unmapped_village,0.0,,,998245,0.0,998245,
AD000967,AC000749,T3,-2477.9,-542.1,landmark,True,0,Near Masjid (pin is a guess near this landmark),Promoted to nearest un-repelled landmark POI 'Masjid',landmark_poi_fallback,0.0,,Silver Oak Layout,980301,0.0,980301,Silver Oak Layout
AD000968,AC000750,T3,-2369.7,1821.9,cross_account_street,True,0,,Coarse baseline locality/ward centroid,baseline_coarse,0.0,6th road,Railway Colony,980304,0.0,980304,Railway Colony
AD000969,AC000751,T1,2160.8,994.7,visits_agree,True,5,,Synthesized from 5 verified field visit dwell centroids (visits_agree),field_visit_dwell,0.0,1st main,Vidya Nagar,960103,0.3,960103,Vidya Nagar
AD000970,AC000751,T1,2694.5,1454.5,visits_agree,True,3,,Synthesized from 3 verified field visit dwell centroids (visits_agree),field_visit_dwell,0.0,6th main,Vidya Nagar,960103,0.2,960103,Vidya Nagar
AD000971,AC000752,T1,849.3,-2994.4,visits_disagree,True,3,Field Remark: Behind Ganesh Temple (conf=0.80),Synthesized from 3 verified field visit dwell centroids (visits_disagree),field_visit_dwell,0.0,7th cross,Gandhi Nagar,960102,0.795,960102,Gandhi Nagar
AD000972,AC000753,T3,-2202.0,-1094.0,baseline_coarse,True,0,,Coarse baseline locality/ward centroid,baseline_coarse,0.0,,,980301,0.0,980301,
AD000973,AC000754,T3,3789.0,285.5,baseline_coarse,True,0,,Coarse baseline locality/ward centroid,baseline_coarse,0.0,,Lakeview Phase 2,980303,0.0,980303,Lakeview Phase 2
AD000974,AC000755,T3,1697.4,-1921.3,baseline_coarse,True,0,,Coarse baseline locality/ward centroid,baseline_coarse,0.0,f block; 6th rd,,980302,0.0,980302,
AD000975,AC000756,T2,-280.8,-278.0,landmark,True,0,Near Milk Dairy (pin is a guess near this landmark),Promoted to nearest un-repelled landmark POI 'Milk Dairy',landmark_poi_fallback,0.0,gali 6,Shastri Nagar,970201,0.0,970201,Shastri Nagar
AD000976,AC000757,T1,-1114.0,-3021.9,baseline_coarse,True,0,,Coarse baseline locality/ward centroid,baseline_coarse,0.0,,Basava Nagar,960101,0.0,960101,Basava Nagar
AD000977,AC000757,OUT,,,unmapped_village,False,0,,Village outside mapped urban town coverage; zero baseline geocode and zero field visits,unmapped_village,0.0,,,997209,0.0,997209,
AD000978,AC000758,T3,-1195.3,-613.5,visits_agree,True,4,Near Govt School (about 180 m from pin),Synthesized from 4 verified field visit dwell centroids (visits_agree),field_visit_dwell,0.0,,HMT Colony,980301,0.2,980301,HMT Colony
AD000979,AC000759,T2,774.3,3008.7,cross_account_street,True,0,,Coarse baseline locality/ward centroid,baseline_coarse,0.0,gali 7,Azad Mohalla,970203,0.0,970203,Azad Mohalla
AD000980,AC000760,T2,1396.3,-2.1,visits_agree,True,4,Field Remark: Beside Ration Dukan (conf=0.81),Synthesized from 4 verified field visit dwell centroids (visits_agree),field_visit_dwell,0.0,gali 7,Indira Colony,970202,0.807,970202,Indira Colony
AD000981,AC000761,T3,-2669.8,-141.3,visit_1,True,1,Near Govt School (about 170 m from pin),Synthesized from 1 verified field visit dwell centroids (visit_1),field_visit_dwell,0.0,3rd road,Silver Oak Layout,980301,0.2,980301,Silver Oak Layout
AD000982,AC000762,T3,4006.6,787.7,visits_agree,True,2,,Synthesized from 2 verified field visit dwell centroids (visits_agree),field_visit_dwell,0.0,,,980302,0.2,980302,
AD000983,AC000762,OUT,,,unmapped_village,False,0,,Village outside mapped urban town coverage; zero baseline geocode and zero field visits,unmapped_village,0.0,,,999467,0.0,999467,
AD000984,AC000763,T1,-2364.3,-2259.0,visit_1,True,1,Near Water Tank (about 60 m from pin),Synthesized from 1 verified field visit dwell centroids (visit_1),field_visit_dwell,0.0,,Shanthi Nagar,960101,0.2,960101,Shanthi Nagar
AD000985,AC000764,T3,-2505.6,-92.4,landmark,True,0,Near Govt School (pin is a guess near this landmark),Promoted to nearest un-repelled landmark POI 'Govt School',landmark_poi_fallback,0.0,6th rd,Silver Oak Layout,980301,0.0,980301,Silver Oak Layout
AD000986,AC000765,T2,1190.0,2510.1,visits_agree,True,4,,Synthesized from 4 verified field visit dwell centroids (visits_agree),field_visit_dwell,0.0,2 gali,Azad Mohalla,970203,0.2,970203,Azad Mohalla
AD000987,AC000766,T1,2915.0,1169.5,visit_1,True,1,,Synthesized from 1 verified field visit dwell centroids (visit_1),field_visit_dwell,0.0,8th cross; 8th main,Vidya Nagar,960103,0.2,960103,Vidya Nagar
AD000988,AC000767,T1,-2970.3,1121.1,baseline_coarse,True,0,,Coarse baseline locality/ward centroid,baseline_coarse,0.0,8th cross; 5th main,Vinayaka Nagar,960104,0.0,960104,Vinayaka Nagar
AD000989,AC000768,T2,2298.9,-1400.3,baseline_coarse,True,0,,Coarse baseline locality/ward centroid,baseline_coarse,0.0,250 gali,Krishna Puri,970202,0.0,970202,Krishna Puri
AD000990,AC000768,T2,1434.6,219.8,baseline_street,True,0,,High-precision baseline geocoder (street),baseline_high_precision,0.0,gali 8,Indira Colony,970202,0.0,970202,Indira Colony
AD000991,AC000769,T2,-437.7,3260.2,visits_disagree,True,2,Field Remark: Beside Sarkari School (conf=0.81),Synthesized from 2 verified field visit dwell centroids (visits_disagree),field_visit_dwell,0.0,435 gali,Ambedkar Nagar,970204,0.807,970204,Ambedkar Nagar
AD000992,AC000769,T2,2588.6,-1304.9,visit_1,True,1,Opposite Water Tank (pin is at this landmark) | Remark Cue: Near Paani Ki Tanki (conf=0.82),Synthesized from 1 verified field visit dwell centroids (visit_1),field_visit_dwell,0.0,72 gali,Krishna Puri,970202,0.819,970202,Krishna Puri
AD000993,AC000770,T1,2736.0,-2113.7,baseline_coarse,True,0,,Coarse baseline locality/ward centroid,baseline_coarse,0.0,,Nehru Colony,960102,0.0,960102,Nehru Colony
AD000994,AC000771,T2,-659.1,2860.5,baseline_coarse,True,0,,Coarse baseline locality/ward centroid,baseline_coarse,0.0,,Ambedkar Nagar,970204,0.0,970204,Ambedkar Nagar
AD000995,AC000771,T2,756.8,-2692.8,baseline_street,True,0,Near Community Hall (about 160 m from pin),High-precision baseline geocoder (street),baseline_high_precision,0.0,gali no. 10,Ram Nagar,970203,0.0,970203,Ram Nagar
AD000996,AC000772,T2,1041.5,-1855.2,landmark,True,0,Near Ration Shop (pin is a guess near this landmark),Promoted to nearest un-repelled landmark POI 'Ration Shop',landmark_poi_fallback,0.0,,Patel Nagar,970202,0.0,970202,Patel Nagar
AD000997,AC000773,T2,-1405.5,-2598.4,baseline_street,True,0,,High-precision baseline geocoder (street),baseline_high_precision,0.0,gali 8,Subhash Nagar,970201,0.0,970201,Subhash Nagar
AD000998,AC000773,T2,-662.8,3160.9,baseline_coarse,True,0,,Coarse baseline locality/ward centroid,baseline_coarse,0.0,,Ambedkar Nagar,970204,0.0,970204,Ambedkar Nagar
AD000999,AC000774,T3,-33.6,-3535.7,visit_1,True,1,,Synthesized from 1 verified field visit dwell centroids (visit_1),field_visit_dwell,0.0,,Orchid Enclave,980301,0.2,980301,Orchid Enclave
AD001000,AC000775,T1,2249.6,-1284.1,visit_1,True,1,,Synthesized from 1 verified field visit dwell centroids (visit_1),field_visit_dwell,0.0,,Siddeshwara Colony,960102,0.2,960102,Siddeshwara Colony
AD001001,AC000776,T3,3615.9,595.1,visit_1,True,1,Field Remark: Near Ration Angadi (conf=0.82),Synthesized from 1 verified field visit dwell centroids (visit_1),field_visit_dwell,0.0,e block; 5th road,Lakeview Phase 2,980303,0.819,980303,Lakeview Phase 2
AD001002,AC000776,T3,-2110.2,1617.4,landmark,True,0,Behind Ganesh Temple (pin is a guess near this landmark),Promoted to nearest un-repelled landmark POI 'Ganesh Temple',landmark_poi_fallback,0.0,,Railway Colony,980304,0.0,980304,Railway Colony
AD001003,AC000777,T2,-594.6,-248.9,visits_disagree,True,2,Field Remark: Opposite Sarkari School (conf=0.85),Synthesized from 2 verified field visit dwell centroids (visits_disagree),field_visit_dwell,0.0,gali no. 9,Shastri Nagar,970201,0.85,970201,Shastri Nagar
AD001004,AC000778,T1,1092.3,-419.8,landmark,True,0,Near Hanuman Temple (pin is a guess near this landmark),Promoted to nearest un-repelled landmark POI 'Hanuman Temple',landmark_poi_fallback,0.0,2nd cross; 2nd main,Kuvempu Layout,960102,0.0,960102,Kuvempu Layout
AD001005,AC000779,T1,-2027.7,-2565.4,baseline_coarse,True,0,,Coarse baseline locality/ward centroid,baseline_coarse,0.0,,,960101,0.0,960101,
AD001006,AC000780,T3,1203.0,-1158.9,visit_1,True,1,,Synthesized from 1 verified field visit dwell centroids (visit_1),field_visit_dwell,0.0,1st rd,Teachers Colony,980302,0.2,980302,Teachers Colony
AD001007,AC000781,T1,-2813.1,992.4,baseline_street,True,0,,High-precision baseline geocoder (street),baseline_high_precision,0.0,3rd,Vinayaka Nagar,960104,0.0,960104,Vinayaka Nagar
AD001008,AC000782,T1,-2159.4,2328.3,baseline_street,True,0,,High-precision baseline geocoder (street),baseline_high_precision,0.0,2nd main,Kalyana Nagar,960104,0.0,960104,Kalyana Nagar
AD001009,AC000783,T2,1639.0,-2308.5,visit_1,True,1,Behind Medical Store (about 90 m from pin),Synthesized from 1 verified field visit dwell centroids (visit_1),field_visit_dwell,0.0,232 gali,,970202,0.2,970202,
AD001010,AC000784,T2,1002.2,-354.3,cross_account_street,True,0,,Coarse baseline locality/ward centroid,baseline_coarse,0.0,gali 2,Indira Colony,970202,0.0,970202,Indira Colony
AD001011,AC000785,T2,-868.8,3100.8,landmark,True,0,Near Milk Dairy (pin is a guess near this landmark),Promoted to nearest un-repelled landmark POI 'Milk Dairy',landmark_poi_fallback,0.0,,Ambedkar Nagar,970204,0.0,970204,Ambedkar Nagar
AD001012,AC000786,T1,819.2,-3287.1,visits_agree,True,5,Field Remark: Opposite Kalyana Mantapa (conf=0.85),Synthesized from 5 verified field visit dwell centroids (visits_agree),field_visit_dwell,0.0,3rd x,Gandhi Nagar,960102,0.85,960102,Gandhi Nagar
AD001013,AC000787,T2,1336.7,-2068.8,visits_agree,True,5,Field Remark: Behind Doodh Dairy (conf=0.83),Synthesized from 5 verified field visit dwell centroids (visits_agree),field_visit_dwell,0.0,gali no. 7,Patel Nagar,970202,0.83,970202,Patel Nagar
AD001014,AC000787,OUT,,,unmapped_village,False,0,,Village outside mapped urban town coverage; zero baseline geocode and zero field visits,unmapped_village,0.0,,,999178,0.0,999178,
AD001015,AC000788,T3,3288.5,210.8,baseline_street,True,0,,High-precision baseline geocoder (street),baseline_high_precision,0.0,,Lakeview Phase 2,980303,0.0,980303,Lakeview Phase 2
AD001016,AC000788,T3,518.8,1925.1,landmark,True,0,Near Water Tank (pin is a guess near this landmark),Promoted to nearest un-repelled landmark POI 'Water Tank',landmark_poi_fallback,0.0,e block; 4th road,Royal Gardens,980303,0.0,980303,Royal Gardens
AD001017,AC000789,T3,-934.6,-724.5,visit_1,True,1,Near Ration Shop (about 80 m from pin),Synthesized from 1 verified field visit dwell centroids (visit_1),field_visit_dwell,0.0,,HMT Colony,980301,0.2,980301,HMT Colony
AD001018,AC000790,T3,-740.1,-361.6,baseline_coarse,True,0,,Coarse baseline locality/ward centroid,baseline_coarse,0.0,,,980303,0.0,980303,
AD001019,AC000791,T2,3099.8,579.9,baseline_coarse,True,0,,Coarse baseline locality/ward centroid,baseline_coarse,0.0,gali 10,Nehru Colony,970203,0.0,970203,Nehru Colony
AD001020,AC000792,T1,2497.3,-1687.0,baseline_street,True,0,,High-precision baseline geocoder (street),baseline_high_precision,0.0,11th cross; 1st main,Nehru Colony,960102,0.0,960102,Nehru Colony
AD001021,AC000793,T1,-280.8,-1189.1,visit_1,True,1,Field Remark: Behind Government School (conf=0.83),Synthesized from 1 verified field visit dwell centroids (visit_1),field_visit_dwell,0.0,,Hosa Badavane,960101,0.83,960101,Hosa Badavane
AD001022,AC000793,T1,1982.8,-1241.6,landmark,True,0,Near Hanuman Temple (pin is a guess near this landmark),Promoted to nearest un-repelled landmark POI 'Hanuman Temple',landmark_poi_fallback,0.0,5th main,Siddeshwara Colony,960102,0.0,960102,Siddeshwara Colony
AD001023,AC000794,T3,-1638.2,-1514.4,baseline_coarse,True,0,,Coarse baseline locality/ward centroid,baseline_coarse,0.0,,,980301,0.0,980301,
AD001024,AC000795,T3,574.4,1656.1,baseline_coarse,True,0,,Coarse baseline locality/ward centroid,baseline_coarse,0.0,,Royal Gardens,980303,0.0,980303,Royal Gardens
AD001025,AC000796,T2,-597.7,-690.3,baseline_coarse,True,0,,Coarse baseline locality/ward centroid,baseline_coarse,0.0,gali no. 4,Shastri Nagar,970201,0.0,970201,Shastri Nagar
AD001026,AC000797,T2,770.7,2302.7,visits_agree,True,3,Field Remark: Opposite Ration Ki Dukaan (conf=0.85),Synthesized from 3 verified field visit dwell centroids (visits_agree),field_visit_dwell,0.0,,Azad Mohalla,970203,0.2,970203,Azad Mohalla
AD001027,AC000797,T2,900.0,3101.3,landmark,True,0,Near Petrol Bunk (pin is a guess near this landmark),Promoted to nearest un-repelled landmark POI 'Petrol Bunk',landmark_poi_fallback,0.0,gali no. 9,Azad Mohalla,970203,0.0,970203,Azad Mohalla
AD001028,AC000798,T2,2072.1,2097.3,landmark,True,0,Near Govt School (pin is a guess near this landmark),Promoted to nearest un-repelled landmark POI 'Govt School',landmark_poi_fallback,0.0,gali no. 9,Ram Nagar,970203,0.0,970203,Ram Nagar
AD001029,AC000799,T2,907.5,2586.7,landmark,True,0,Near Govt School (pin is a guess near this landmark),Promoted to nearest un-repelled landmark POI 'Govt School',landmark_poi_fallback,0.12,268 gali,Azad Mohalla,970203,0.0,970203,Azad Mohalla
AD001030,AC000799,OUT,,,unmapped_village,False,0,,Village outside mapped urban town coverage; zero baseline geocode and zero field visits,unmapped_village,0.0,,,999706,0.0,999706,
AD001031,AC000800,T2,1438.0,-2133.4,visits_disagree,True,7,,Synthesized from 7 verified field visit dwell centroids (visits_disagree),field_visit_dwell,0.0,,Patel Nagar,970202,0.2,970202,Patel Nagar
AD001032,AC000801,T2,-549.5,-336.6,baseline_coarse,True,0,,Coarse baseline locality/ward centroid,baseline_coarse,0.0,,,970204,0.0,970204,
AD001033,AC000802,T1,-1205.0,-3497.9,baseline_street,True,0,Opposite Govt School (about 130 m from pin),High-precision baseline geocoder (street),baseline_high_precision,0.0,1st cross; 3rd main,,960102,0.0,960102,
AD001034,AC000803,T1,3161.5,-1984.8,visits_agree,True,4,,Synthesized from 4 verified field visit dwell centroids (visits_agree),field_visit_dwell,0.0,11th x; 7th main,Nehru Colony,,0.425,,Nehru Colony
AD001035,AC000804,T1,929.4,-431.7,visits_disagree,True,7,Near Hanuman Temple (about 160 m from pin),Synthesized from 7 verified field visit dwell centroids (visits_disagree),field_visit_dwell,0.0,,Kuvempu Layout,960102,0.2,960102,Kuvempu Layout
AD001036,AC000805,T3,-2334.9,1811.3,visits_disagree,True,2,Field Remark: Behind Petrol Bunk (conf=0.80),Synthesized from 2 verified field visit dwell centroids (visits_disagree),field_visit_dwell,0.0,,,980304,0.795,980304,
AD001037,AC000806,T3,-2878.1,1621.2,landmark,True,0,Near Milk Dairy (pin is a guess near this landmark),Promoted to nearest un-repelled landmark POI 'Milk Dairy',landmark_poi_fallback,0.0,e block; 1st rd,Railway Colony,980304,0.0,980304,Railway Colony
AD001038,AC000806,OUT,,,unmapped_village,False,0,,Village outside mapped urban town coverage; zero baseline geocode and zero field visits,unmapped_village,0.0,,,991847,0.0,991847,
AD001039,AC000807,T3,2977.4,-2372.7,visit_1,True,1,,Synthesized from 1 verified field visit dwell centroids (visit_1),field_visit_dwell,0.0,a block; 4th road,Palm Meadows,980302,0.2,980302,Palm Meadows
AD001040,AC000808,T3,854.5,-1117.3,visits_agree,True,6,Opposite Church (about 130 m from pin),Synthesized from 6 verified field visit dwell centroids (visits_agree),field_visit_dwell,0.0,,Teachers Colony,,0.2,,Teachers Colony
AD001041,AC000809,T1,480.5,2354.6,cross_account_street,True,0,,Coarse baseline locality/ward centroid,baseline_coarse,0.0,6th cross; 5th main,,960103,0.0,960103,
AD001042,AC000810,T1,-2985.3,803.4,visits_agree,True,6,,Synthesized from 6 verified field visit dwell centroids (visits_agree),field_visit_dwell,0.0,2nd cross; 2nd main,Vinayaka Nagar,960104,0.3,960104,Vinayaka Nagar
AD001043,AC000810,T1,-2569.1,1094.6,visits_agree,True,2,,Synthesized from 2 verified field visit dwell centroids (visits_agree),field_visit_dwell,0.0,7th main,Vinayaka Nagar,960104,0.2,960104,Vinayaka Nagar
AD001044,AC000811,T1,2707.3,-2312.1,baseline_coarse,True,0,,Coarse baseline locality/ward centroid,baseline_coarse,0.0,9th cross; 3rd,Nehru Colony,960102,0.0,960102,Nehru Colony
AD001045,AC000812,T1,2624.4,1459.5,visits_agree,True,4,,Synthesized from 4 verified field visit dwell centroids (visits_agree),field_visit_dwell,0.0,,Vidya Nagar,960103,0.2,960103,Vidya Nagar
AD001046,AC000813,T3,-2773.3,-44.3,baseline_coarse,True,0,,Coarse baseline locality/ward centroid,baseline_coarse,0.0,,Silver Oak Layout,,0.0,,Silver Oak Layout
AD001047,AC000814,T1,2720.7,-1705.7,baseline_street,True,0,,High-precision baseline geocoder (street),baseline_high_precision,0.0,12th cross; 2nd main,Nehru Colony,960102,0.0,960102,Nehru Colony
AD001048,AC000814,T1,2672.5,-2098.5,visit_1,True,1,Field Remark: Near Masidi (conf=0.82),Synthesized from 1 verified field visit dwell centroids (visit_1),field_visit_dwell,0.0,4th cross; 1st main,Nehru Colony,960102,0.819,960102,Nehru Colony
AD001049,AC000815,T3,-1031.2,-536.6,landmark,True,0,Near Govt School (pin is a guess near this landmark),Promoted to nearest un-repelled landmark POI 'Govt School',landmark_poi_fallback,0.0,d block; 4th road,HMT Colony,980301,0.0,980301,HMT Colony
AD001050,AC000816,T2,3014.9,580.4,baseline_coarse,True,0,,Coarse baseline locality/ward centroid,baseline_coarse,0.0,,Nehru Colony,970203,0.0,970203,Nehru Colony
AD001051,AC000816,OUT,,,unmapped_village,False,0,,Village outside mapped urban town coverage; zero baseline geocode and zero field visits,unmapped_village,0.0,,,995733,0.0,995733,
AD001052,AC000817,T1,2817.7,-2277.3,baseline_coarse,True,0,,Coarse baseline locality/ward centroid,baseline_coarse,0.0,1st cross; 6th main,Nehru Colony,960102,0.0,960102,Nehru Colony
AD001053,AC000818,T3,898.7,-720.3,visits_agree,True,7,,Synthesized from 7 verified field visit dwell centroids (visits_agree),field_visit_dwell,0.0,e block; 3rd road,Teachers Colony,980302,0.2,980302,Teachers Colony
AD001054,AC000819,T3,-99.3,2792.3,visit_1,True,1,,Synthesized from 1 verified field visit dwell centroids (visit_1),field_visit_dwell,0.0,,Sunrise Enclave,980304,0.2,980304,Sunrise Enclave
AD001055,AC000820,T2,346.1,-3219.9,visits_agree,True,5,Field Remark: Opposite Ganesh Mandir (conf=0.85),Synthesized from 5 verified field visit dwell centroids (visits_agree),field_visit_dwell,0.0,gali 5,Shivaji Nagar,970202,0.85,970202,Shivaji Nagar
AD001056,AC000820,OUT,,,unmapped_village,False,0,,Village outside mapped urban town coverage; zero baseline geocode and zero field visits,unmapped_village,0.0,,,997217,0.0,997217,
AD001057,AC000821,T1,1082.0,-2874.8,visits_agree,True,2,Field Remark: Behind Ganapathi Gudi (conf=0.80),Synthesized from 2 verified field visit dwell centroids (visits_agree),field_visit_dwell,0.0,8th cross,Gandhi Nagar,960102,0.795,960102,Gandhi Nagar
AD001058,AC000821,T1,2762.2,-2150.4,baseline_coarse,True,0,,Coarse baseline locality/ward centroid,baseline_coarse,0.0,1st cross,Nehru Colony,960102,0.0,960102,Nehru Colony
AD001059,AC000822,T2,996.4,-195.5,baseline_coarse,True,0,,Coarse baseline locality/ward centroid,baseline_coarse,0.0,,,970201,0.0,970201,
AD001060,AC000823,T2,1002.8,-1657.7,visit_1,True,1,Field Remark: Near Doodh Dairy (conf=0.82),Synthesized from 1 verified field visit dwell centroids (visit_1),field_visit_dwell,0.0,,Patel Nagar,970202,0.819,970202,Patel Nagar
AD001061,AC000823,OUT,,,unmapped_village,False,0,,Village outside mapped urban town coverage; zero baseline geocode and zero field visits,unmapped_village,0.0,,,997079,0.0,997079,
AD001062,AC000824,T3,3796.8,101.1,cross_account_street,True,0,,Coarse baseline locality/ward centroid,baseline_coarse,0.0,3rd road,Lakeview Phase 2,980303,0.0,980303,Lakeview Phase 2
AD001063,AC000825,T1,3127.2,-1908.1,visit_1,True,1,,Synthesized from 1 verified field visit dwell centroids (visit_1),field_visit_dwell,0.0,,Nehru Colony,960102,0.2,960102,Nehru Colony
AD001064,AC000826,T3,-2976.8,-23.6,visits_agree,True,6,Field Remark: Opposite Neerina Tank (conf=0.85),Synthesized from 6 verified field visit dwell centroids (visits_agree),field_visit_dwell,0.0,,Green Park Layout,980301,0.85,980301,Green Park Layout
AD001065,AC000827,T1,1690.6,-1164.5,landmark,True,0,Near Medical Store (pin is a guess near this landmark),Promoted to nearest un-repelled landmark POI 'Medical Store',landmark_poi_fallback,0.0,8th x; 3rd main,,960102,0.0,960102,
AD001066,AC000828,T3,-3698.1,-909.9,baseline_coarse,True,0,,Coarse baseline locality/ward centroid,baseline_coarse,0.0,,Green Park Layout,,0.0,,Green Park Layout
AD001067,AC000829,T1,1100.6,-2782.6,visit_1,True,1,,Synthesized from 1 verified field visit dwell centroids (visit_1),field_visit_dwell,0.0,8th x; 8th main,,960102,0.2,960102,
AD001068,AC000830,T3,573.8,1670.9,baseline_coarse,True,0,,Coarse baseline locality/ward centroid,baseline_coarse,0.0,,,980304,0.0,980304,
AD001069,AC000830,T3,-21.9,-94.8,baseline_coarse,True,0,,Coarse baseline locality/ward centroid,baseline_coarse,0.0,a block; 4th road,,,0.0,,
AD001070,AC000831,T1,-2018.6,-2173.4,landmark,True,0,Near Bus Stop (pin is a guess near this landmark),Promoted to nearest un-repelled landmark POI 'Bus Stop',landmark_poi_fallback,0.0,9th cross; 3rd main,Shanthi Nagar,960101,0.0,960101,Shanthi Nagar
AD001071,AC000832,T3,-844.2,-706.6,visits_disagree,True,3,Field Remark: Near Ration Ki Dukaan (conf=0.82),Synthesized from 3 verified field visit dwell centroids (visits_disagree),field_visit_dwell,0.0,,HMT Colony,980301,0.819,980301,HMT Colony
AD001072,AC000832,OUT,,,unmapped_village,False,0,,Village outside mapped urban town coverage; zero baseline geocode and zero field visits,unmapped_village,0.0,,,999474,0.0,999474,
AD001073,AC000833,T3,914.0,-778.8,baseline_coarse,True,0,,Coarse baseline locality/ward centroid,baseline_coarse,0.0,c block; 2nd rd,Teachers Colony,980302,0.0,980302,Teachers Colony
AD001074,AC000834,T1,2543.4,-1879.0,visit_1,True,1,Field Remark: Near Ganapathi Gudi (conf=0.80),Synthesized from 1 verified field visit dwell centroids (visit_1),field_visit_dwell,0.0,9th cross; 1st main,Nehru Colony,960102,0.795,960102,Nehru Colony
AD001075,AC000835,T1,-3292.4,1100.6,baseline_street,True,0,,High-precision baseline geocoder (street),baseline_high_precision,0.0,5th cross; 2nd main,Vinayaka Nagar,960104,0.0,960104,Vinayaka Nagar
AD001076,AC000836,T3,-513.7,-242.5,landmark,True,0,Near Medical Store (pin is a guess near this landmark),Promoted to nearest un-repelled landmark POI 'Medical Store',landmark_poi_fallback,0.0,,HMT Colony,980301,0.0,980301,HMT Colony
AD001077,AC000836,OUT,,,unmapped_village,False,0,,Village outside mapped urban town coverage; zero baseline geocode and zero field visits,unmapped_village,0.0,,,997126,0.0,997126,
AD001078,AC000837,T3,2947.4,-2040.6,visits_disagree,True,7,,Synthesized from 7 verified field visit dwell centroids (visits_disagree),field_visit_dwell,0.0,d block; 1st road,,980301,0.425,980301,
AD001079,AC000838,T3,-2456.8,-94.9,visits_agree,True,3,,Synthesized from 3 verified field visit dwell centroids (visits_agree),field_visit_dwell,0.0,,,980301,0.2,980301,
AD001080,AC000838,T3,-2348.7,-175.3,visits_agree,True,3,,Synthesized from 3 verified field visit dwell centroids (visits_agree),field_visit_dwell,0.0,,Silver Oak Layout,980301,0.2,980301,Silver Oak Layout
AD001081,AC000839,T2,743.8,-130.6,cross_account_street,True,0,,Coarse baseline locality/ward centroid,baseline_coarse,0.0,gali 5,Indira Colony,970202,0.0,970202,Indira Colony
AD001082,AC000839,T2,940.8,2546.9,landmark,True,0,Near Ration Shop (pin is a guess near this landmark),Promoted to nearest un-repelled landmark POI 'Ration Shop',landmark_poi_fallback,0.0,449 gali,Azad Mohalla,,0.0,,Azad Mohalla
AD001083,AC000840,T1,802.2,-3288.4,visits_agree,True,6,,Synthesized from 6 verified field visit dwell centroids (visits_agree),field_visit_dwell,0.0,3rd; 5th main,Gandhi Nagar,960102,0.3,960102,Gandhi Nagar
AD001084,AC000841,T2,-1869.6,-2662.9,landmark,True,0,Near Govt School (pin is a guess near this landmark),Promoted to nearest un-repelled landmark POI 'Govt School',landmark_poi_fallback,0.0,,Subhash Nagar,970201,0.0,970201,Subhash Nagar
AD001085,AC000841,OUT,,,unmapped_village,False,0,,Village outside mapped urban town coverage; zero baseline geocode and zero field visits,unmapped_village,0.0,,,995307,0.0,995307,
AD001086,AC000842,T3,-778.5,-484.3,baseline_coarse,True,0,,Coarse baseline locality/ward centroid,baseline_coarse,0.0,f block; 4th rd,HMT Colony,980301,0.0,980301,HMT Colony
AD001087,AC000843,T1,981.0,-2666.0,visits_agree,True,3,Field Remark: Behind Govt School (conf=0.80),Synthesized from 3 verified field visit dwell centroids (visits_agree),field_visit_dwell,0.0,11th cross; 7th main,,960102,0.795,960102,
AD001088,AC000844,T1,1334.9,-214.8,visits_agree,True,3,,Synthesized from 3 verified field visit dwell centroids (visits_agree),field_visit_dwell,0.0,5th cross; 6th main,Kuvempu Layout,960102,0.2,960102,Kuvempu Layout
AD001089,AC000845,T3,3509.8,540.2,landmark,True,0,Near Milk Dairy (pin is a guess near this landmark),Promoted to nearest un-repelled landmark POI 'Milk Dairy',landmark_poi_fallback,0.0,,Lakeview Phase 2,980303,0.0,980303,Lakeview Phase 2
AD001090,AC000845,OUT,,,unmapped_village,False,0,,Village outside mapped urban town coverage; zero baseline geocode and zero field visits,unmapped_village,0.0,,,994378,0.0,994378,
AD001091,AC000846,T3,-3696.5,-718.3,visits_agree,True,2,,Synthesized from 2 verified field visit dwell centroids (visits_agree),field_visit_dwell,0.0,,Green Park Layout,980301,0.2,980301,Green Park Layout
AD001092,AC000847,T3,-1031.2,-536.6,landmark,True,0,Near Govt School (pin is a guess near this landmark),Promoted to nearest un-repelled landmark POI 'Govt School',landmark_poi_fallback,0.0,,HMT Colony,980301,0.0,980301,HMT Colony
AD001093,AC000847,OUT,,,unmapped_village,False,0,,Village outside mapped urban town coverage; zero baseline geocode and zero field visits,unmapped_village,0.0,,,997281,0.0,997281,
AD001094,AC000848,T3,-2466.7,1761.1,visits_agree,True,3,,Synthesized from 3 verified field visit dwell centroids (visits_agree),field_visit_dwell,0.0,,Railway Colony,980304,0.3,980304,Railway Colony
AD001095,AC000849,T2,1186.1,-1723.2,baseline_coarse,True,0,,Coarse baseline locality/ward centroid,baseline_coarse,0.0,gali 1,,970202,0.0,970202,
AD001096,AC000850,T1,2708.1,939.1,visits_agree,True,4,Field Remark: Opposite Mosque (conf=0.85),Synthesized from 4 verified field visit dwell centroids (visits_agree),field_visit_dwell,0.0,5th cross; 6th main,,960102,0.85,960102,
AD001097,AC000850,T1,1982.8,-1241.6,landmark,True,0,Near Hanuman Temple (pin is a guess near this landmark),Promoted to nearest un-repelled landmark POI 'Hanuman Temple',landmark_poi_fallback,0.0,6th x; 4th main,Siddeshwara Colony,960102,0.0,960102,Siddeshwara Colony
AD001098,AC000851,T3,2217.5,-1609.0,baseline_coarse,True,0,,Coarse baseline locality/ward centroid,baseline_coarse,0.0,,,980302,0.0,980302,
AD001099,AC000852,T3,-3779.9,-823.9,baseline_coarse,True,0,,Coarse baseline locality/ward centroid,baseline_coarse,0.0,,Green Park Layout,980301,0.0,980301,Green Park Layout
AD001100,AC000853,T1,2902.8,-2551.2,visits_agree,True,4,Field Remark: Behind Milk Booth (conf=0.80),Synthesized from 4 verified field visit dwell centroids (visits_agree),field_visit_dwell,0.0,,Nehru Colony,960102,0.795,960102,Nehru Colony
AD001101,AC000854,T1,486.3,-2813.1,baseline_coarse,True,0,,Coarse baseline locality/ward centroid,baseline_coarse,0.0,12th cross; 7th main,Gandhi Nagar,960102,0.0,960102,Gandhi Nagar
AD001102,AC000855,T2,1097.3,2655.1,landmark,True,0,Near Bus Stop (pin is a guess near this landmark),Promoted to nearest un-repelled landmark POI 'Bus Stop',landmark_poi_fallback,0.0,gali no. 2,Azad Mohalla,970203,0.0,970203,Azad Mohalla
AD001103,AC000856,T1,542.9,111.2,baseline_coarse,True,0,Near Bus Stop (about 150 m from pin),Coarse baseline locality/ward centroid,baseline_coarse,0.0,11th cross; 8th main,,,0.0,,
AD001104,AC000856,T1,2105.4,1739.7,baseline_coarse,True,0,,Coarse baseline locality/ward centroid,baseline_coarse,0.0,7th cross,,960103,0.0,960103,
AD001105,AC000857,T1,2832.0,-2276.8,visits_disagree,True,6,Opposite Hanuman Temple (about 80 m from pin) | Remark Cue: Near Anjaneya Gudi (conf=0.82),Synthesized from 6 verified field visit dwell centroids (visits_disagree),field_visit_dwell,0.0,6th cross; 5th main,Nehru Colony,960102,0.819,960102,Nehru Colony
AD001106,AC000857,OUT,,,unmapped_village,False,0,,Village outside mapped urban town coverage; zero baseline geocode and zero field visits,unmapped_village,0.0,,,999863,0.0,999863,
AD001107,AC000858,T1,1982.8,-1241.6,landmark,True,0,Near Hanuman Temple (pin is a guess near this landmark),Promoted to nearest un-repelled landmark POI 'Hanuman Temple',landmark_poi_fallback,0.0,2nd x; 4th main,,960102,0.0,960102,
AD001108,AC000858,T1,487.5,2350.1,visits_disagree,True,2,,Synthesized from 2 verified field visit dwell centroids (visits_disagree),field_visit_dwell,0.0,9th cross; 4th main,Anjaneya Badavane,960103,0.2,960103,Anjaneya Badavane
AD001109,AC000859,T3,-2575.9,-346.3,baseline_coarse,True,0,,Coarse baseline locality/ward centroid,baseline_coarse,0.0,,Silver Oak Layout,980301,0.0,980301,Silver Oak Layout
AD001110,AC000860,T1,-393.8,-1191.4,visit_1,True,1,Field Remark: Near Milk Booth (conf=0.82),Synthesized from 1 verified field visit dwell centroids (visit_1),field_visit_dwell,0.0,7th cross; 6th main,Hosa Badavane,960101,0.819,960101,Hosa Badavane
AD001111,AC000860,OUT,,,unmapped_village,False,0,,Village outside mapped urban town coverage; zero baseline geocode and zero field visits,unmapped_village,0.0,,,996558,0.0,996558,
AD001112,AC000861,T3,-1138.4,-1991.8,landmark,True,0,Near Ganesh Temple (pin is a guess near this landmark),Promoted to nearest un-repelled landmark POI 'Ganesh Temple',landmark_poi_fallback,0.0,,Defence Colony,980301,0.0,980301,Defence Colony
AD001113,AC000861,T3,603.1,-747.9,landmark,True,0,Near Bus Stop (pin is a guess near this landmark),Promoted to nearest un-repelled landmark POI 'Bus Stop',landmark_poi_fallback,0.0,e block; 4th road,Teachers Colony,980302,0.0,980302,Teachers Colony
AD001114,AC000862,T2,2577.3,-1320.1,landmark,True,0,Near Water Tank (pin is a guess near this landmark),Promoted to nearest un-repelled landmark POI 'Water Tank',landmark_poi_fallback,0.0,,Krishna Puri,970202,0.0,970202,Krishna Puri
AD001115,AC000863,T2,-532.5,3389.7,landmark,True,0,Near Hanuman Temple (pin is a guess near this landmark),Promoted to nearest un-repelled landmark POI 'Hanuman Temple',landmark_poi_fallback,0.0,193 gali,Ambedkar Nagar,970204,0.0,970204,Ambedkar Nagar
AD001116,AC000864,T3,3117.3,-1946.3,visits_disagree,True,4,,Synthesized from 4 verified field visit dwell centroids (visits_disagree),field_visit_dwell,0.0,2nd rd,Palm Meadows,980302,0.2,980302,Palm Meadows
AD001117,AC000865,T2,2509.2,-1235.1,baseline_coarse,True,0,,Coarse baseline locality/ward centroid,baseline_coarse,0.0,,Krishna Puri,970202,0.0,970202,Krishna Puri
AD001118,AC000866,T3,-2477.7,1422.2,baseline_coarse,True,0,,Coarse baseline locality/ward centroid,baseline_coarse,0.0,1st road,Railway Colony,980304,0.0,980304,Railway Colony
AD001119,AC000866,T3,3820.8,341.4,baseline_coarse,True,0,,Coarse baseline locality/ward centroid,baseline_coarse,0.0,,Lakeview Phase 2,980303,0.0,980303,Lakeview Phase 2
AD001120,AC000867,T3,-3990.5,-1086.5,landmark,True,0,Near Hanuman Temple (pin is a guess near this landmark),Promoted to nearest un-repelled landmark POI 'Hanuman Temple',landmark_poi_fallback,0.0,b block; 3rd rd,Green Park Layout,980301,0.0,980301,Green Park Layout
AD001121,AC000868,T3,3735.4,657.4,visits_agree,True,3,Opposite Ration Shop (about 160 m from pin),Synthesized from 3 verified field visit dwell centroids (visits_agree),field_visit_dwell,0.0,,Lakeview Phase 2,908303,0.2,908303,Lakeview Phase 2
AD001122,AC000869,T3,3388.5,510.1,visits_agree,True,5,Opposite Community Hall (about 40 m from pin),Synthesized from 5 verified field visit dwell centroids (visits_agree),field_visit_dwell,0.0,,Lakeview Phase 2,980303,0.2,980303,Lakeview Phase 2
AD001123,AC000870,T3,-2723.5,-234.0,baseline_coarse,True,0,,Coarse baseline locality/ward centroid,baseline_coarse,0.0,d block; 6th rd,Silver Oak Layout,980301,0.0,980301,Silver Oak Layout
AD001124,AC000871,T2,1209.5,-1669.2,visit_1,True,1,,Synthesized from 1 verified field visit dwell centroids (visit_1),field_visit_dwell,0.0,,Patel Nagar,970202,0.2,970202,Patel Nagar
AD001125,AC000872,T2,1275.4,1129.1,baseline_street,True,0,Near Bus Stop (about 110 m from pin),High-precision baseline geocoder (street),baseline_high_precision,0.0,gali 5,,970201,0.0,970201,
AD001126,AC000872,T2,3094.5,622.8,baseline_coarse,True,0,,Coarse baseline locality/ward centroid,baseline_coarse,0.0,,Nehru Colony,970203,0.0,970203,Nehru Colony
AD001127,AC000873,T2,619.4,-3373.0,visits_disagree,True,6,,Synthesized from 6 verified field visit dwell centroids (visits_disagree),field_visit_dwell,0.0,,Shivaji Nagar,970202,0.2,970202,Shivaji Nagar
AD001128,AC000874,T3,847.1,-1370.4,visits_agree,True,3,,Synthesized from 3 verified field visit dwell centroids (visits_agree),field_visit_dwell,0.0,1st road,Teachers Colony,980302,0.2,980302,Teachers Colony
AD001129,AC000875,T2,-707.4,3230.6,baseline_street,True,0,,High-precision baseline geocoder (street),baseline_high_precision,0.0,,Ambedkar Nagar,970204,0.0,970204,Ambedkar Nagar
AD001130,AC000876,T1,-768.3,-3323.7,visits_disagree,True,6,,Synthesized from 6 verified field visit dwell centroids (visits_disagree),field_visit_dwell,0.0,4th cross; 7th main,Basava Nagar,960101,0.2,960101,Basava Nagar
AD001131,AC000877,T2,1122.4,-1730.6,visits_agree,True,2,,Synthesized from 2 verified field visit dwell centroids (visits_agree),field_visit_dwell,0.0,gali 12,Patel Nagar,970202,0.2,970202,Patel Nagar
AD001132,AC000877,T2,2564.4,-1844.1,baseline_street,True,0,Near Ration Shop (about 100 m from pin),High-precision baseline geocoder (street),baseline_high_precision,0.0,96 gali,Krishna Puri,970202,0.0,970202,Krishna Puri
AD001133,AC000878,T2,2388.1,-1263.2,visits_agree,True,4,Near Govt School (about 50 m from pin),Synthesized from 4 verified field visit dwell centroids (visits_agree),field_visit_dwell,0.0,,Krishna Puri,970202,0.2,970202,Krishna Puri
AD001134,AC000878,T2,760.8,-2998.2,baseline_coarse,True,0,,Coarse baseline locality/ward centroid,baseline_coarse,0.0,,Shivaji Nagar,,0.0,,Shivaji Nagar
AD001135,AC000879,T2,-884.7,2965.7,visits_disagree,True,7,Field Remark: Opposite Doodh Dairy (conf=0.85),Synthesized from 7 verified field visit dwell centroids (visits_disagree),field_visit_dwell,0.0,,Ambedkar Nagar,970204,0.85,970204,Ambedkar Nagar
AD001136,AC000880,T2,812.2,-240.4,visits_agree,True,4,Field Remark: Behind Park (conf=0.83),Synthesized from 4 verified field visit dwell centroids (visits_agree),field_visit_dwell,0.0,gali 3,Indira Colony,970202,0.83,970202,Indira Colony
AD001137,AC000880,T2,295.3,1838.8,baseline_coarse,True,0,,Coarse baseline locality/ward centroid,baseline_coarse,0.0,,,970204,0.0,970204,
AD001138,AC000881,T3,-364.6,-3305.7,visits_agree,True,2,Field Remark: Near Sarkari Shaale (conf=0.80),Synthesized from 2 verified field visit dwell centroids (visits_agree),field_visit_dwell,0.0,,Orchid Enclave,980301,0.795,980301,Orchid Enclave
AD001139,AC000882,T1,1117.8,-2063.2,baseline_coarse,True,0,,Coarse baseline locality/ward centroid,baseline_coarse,0.0,9th cross; 8th main,,960102,0.0,960102,
AD001140,AC000882,T1,-320.1,-1102.8,landmark,True,0,Near Milk Dairy (pin is a guess near this landmark),Promoted to nearest un-repelled landmark POI 'Milk Dairy',landmark_poi_fallback,0.0,6th main,Hosa Badavane,960101,0.0,960101,Hosa Badavane
AD001141,AC000883,T3,-622.3,-3498.9,baseline_coarse,True,0,,Coarse baseline locality/ward centroid,baseline_coarse,0.0,f block; 1st rd,Orchid Enclave,,0.0,,Orchid Enclave
AD001142,AC000883,T3,-938.9,-200.5,cross_account_street,True,0,,Coarse baseline locality/ward centroid,baseline_coarse,0.0,d block; 6th rd,HMT Colony,980301,0.0,980301,HMT Colony
AD001143,AC000884,T3,3231.2,-1663.6,landmark,True,0,Near Ration Shop (pin is a guess near this landmark),Promoted to nearest un-repelled landmark POI 'Ration Shop',landmark_poi_fallback,0.0,,Palm Meadows,980302,0.0,980302,Palm Meadows
AD001144,AC000885,T1,-613.2,-1231.1,baseline_street,True,0,Near Church (about 170 m from pin),High-precision baseline geocoder (street),baseline_high_precision,0.0,4th main,Hosa Badavane,960101,0.0,960101,Hosa Badavane
AD001145,AC000886,T1,594.6,2301.8,visits_disagree,True,4,,Synthesized from 4 verified field visit dwell centroids (visits_disagree),field_visit_dwell,0.0,5th cross; 6th main,Anjaneya Badavane,960103,0.2,960103,Anjaneya Badavane
AD001146,AC000887,T3,260.2,-163.8,baseline_coarse,True,0,,Coarse baseline locality/ward centroid,baseline_coarse,0.0,,,,0.0,,
AD001147,AC000888,T3,-1795.0,2348.4,baseline_coarse,True,0,,Coarse baseline locality/ward centroid,baseline_coarse,0.0,,,980304,0.0,980304,
AD001148,AC000889,T1,-1220.3,476.3,baseline_coarse,True,0,,Coarse baseline locality/ward centroid,baseline_coarse,0.0,,Ashoka Layout,960104,0.0,960104,Ashoka Layout
AD001149,AC000890,T2,1638.1,-1612.1,visits_disagree,True,4,Field Remark: Opposite Ganesh Mandir (conf=0.85),Synthesized from 4 verified field visit dwell centroids (visits_disagree),field_visit_dwell,0.0,,,970204,0.85,970204,
AD001150,AC000890,T2,1293.3,689.5,baseline_coarse,True,0,,Coarse baseline locality/ward centroid,baseline_coarse,0.0,gali no. 2,,970203,0.0,970203,
AD001151,AC000891,T1,666.4,-2918.3,visits_disagree,True,6,Behind Bus Stop (about 140 m from pin) | Remark Cue: Opposite Bus Stop (conf=0.85),Synthesized from 6 verified field visit dwell centroids (visits_disagree),field_visit_dwell,0.0,,Gandhi Nagar,960102,0.85,960102,Gandhi Nagar
AD001152,AC000892,T2,1490.5,366.4,visits_agree,True,6,Near Hanuman Temple (about 200 m from pin) | Remark Cue: Near Hanuman Mandir (conf=0.82),Synthesized from 6 verified field visit dwell centroids (visits_agree),field_visit_dwell,0.0,gali no. 12,Indira Colony,970202,0.819,970202,Indira Colony
AD001153,AC000892,T2,-390.6,2116.3,baseline_coarse,True,0,,Coarse baseline locality/ward centroid,baseline_coarse,0.0,,,970204,0.0,970204,
AD001154,AC000893,T1,-2607.3,1709.9,visits_agree,True,5,Field Remark: Near Petrol Bunk (conf=0.82),Synthesized from 5 verified field visit dwell centroids (visits_agree),field_visit_dwell,0.0,12th x; 8th main,Vinayaka Nagar,960104,0.819,960104,Vinayaka Nagar
AD001155,AC000894,T2,933.7,991.6,baseline_street,True,0,,High-precision baseline geocoder (street),baseline_high_precision,0.0,gali no. 4,Gandhi Basti,970203,0.0,970203,Gandhi Basti
AD001156,AC000895,T2,656.1,-312.6,visits_disagree,True,4,,Synthesized from 4 verified field visit dwell centroids (visits_disagree),field_visit_dwell,0.0,,Indira Colony,970202,0.2,970202,Indira Colony
AD001157,AC000895,T2,-1887.3,-2910.8,visit_1,True,1,,Synthesized from 1 verified field visit dwell centroids (visit_1),field_visit_dwell,0.0,,Subhash Nagar,970201,0.2,970201,Subhash Nagar
AD001158,AC000896,T2,915.9,2557.8,visit_1,True,1,Near Govt School (about 30 m from pin),Synthesized from 1 verified field visit dwell centroids (visit_1),field_visit_dwell,0.0,123 gali,Azad Mohalla,,0.2,,Azad Mohalla
AD001159,AC000896,OUT,,,unmapped_village,False,0,,Village outside mapped urban town coverage; zero baseline geocode and zero field visits,unmapped_village,0.0,,,994675,0.0,994675,
AD001160,AC000897,T1,-2714.8,1734.5,visit_1,True,1,Field Remark: Behind Petrol Bunk (conf=0.83),Synthesized from 1 verified field visit dwell centroids (visit_1),field_visit_dwell,0.0,12th cross; 6th main,Vinayaka Nagar,960104,0.83,960104,Vinayaka Nagar
AD001161,AC000898,T3,3425.0,389.5,baseline_street,True,0,Near Community Hall (about 90 m from pin),High-precision baseline geocoder (street),baseline_high_precision,0.0,,Lakeview Phase 2,980303,0.0,980303,Lakeview Phase 2
AD001162,AC000899,T3,-145.9,-3531.5,visit_1,True,1,,Synthesized from 1 verified field visit dwell centroids (visit_1),field_visit_dwell,0.0,,Orchid Enclave,980301,0.2,980301,Orchid Enclave
AD001163,AC000900,T2,-1869.6,-2662.9,landmark,True,0,Near Govt School (pin is a guess near this landmark),Promoted to nearest un-repelled landmark POI 'Govt School',landmark_poi_fallback,0.0,gali no. 7,Subhash Nagar,970201,0.0,970201,Subhash Nagar
AD001164,AC000901,T3,-764.5,-471.1,landmark,True,0,Near Post Office (pin is a guess near this landmark),Promoted to nearest un-repelled landmark POI 'Post Office',landmark_poi_fallback,0.0,,HMT Colony,980301,0.0,980301,HMT Colony
AD001165,AC000902,T3,-186.5,2836.7,visit_1,True,1,,Synthesized from 1 verified field visit dwell centroids (visit_1),field_visit_dwell,0.0,,Sunrise Enclave,980304,0.2,980304,Sunrise Enclave
AD001166,AC000903,T1,-2691.2,1426.5,cross_account_street,True,0,,Coarse baseline locality/ward centroid,baseline_coarse,0.0,9th cross; 7th main,Vinayaka Nagar,960104,0.0,960104,Vinayaka Nagar
AD001167,AC000904,T1,1982.8,-1241.6,landmark,True,0,Near Hanuman Temple (pin is a guess near this landmark),Promoted to nearest un-repelled landmark POI 'Hanuman Temple',landmark_poi_fallback,0.0,,,960102,0.0,960102,
AD001168,AC000905,T2,-280.8,-278.0,landmark,True,0,Near Milk Dairy (pin is a guess near this landmark),Promoted to nearest un-repelled landmark POI 'Milk Dairy',landmark_poi_fallback,0.0,473 gali,Shastri Nagar,970201,0.0,970201,Shastri Nagar
AD001169,AC000905,OUT,,,unmapped_village,False,0,,Village outside mapped urban town coverage; zero baseline geocode and zero field visits,unmapped_village,0.0,,,993859,0.0,993859,
AD001170,AC000906,T3,3551.3,-1814.1,visits_disagree,True,5,,Synthesized from 5 verified field visit dwell centroids (visits_disagree),field_visit_dwell,0.0,,Palm Meadows,980302,0.2,980302,Palm Meadows
AD001171,AC000907,T3,-2680.8,-627.4,visit_1,True,1,,Synthesized from 1 verified field visit dwell centroids (visit_1),field_visit_dwell,0.0,,Silver Oak Layout,980301,0.2,980301,Silver Oak Layout
AD001172,AC000908,T1,3049.4,-2157.6,landmark,True,0,Behind Ration Shop (pin is a guess near this landmark),Promoted to nearest un-repelled landmark POI 'Ration Shop',landmark_poi_fallback,0.0,9th cross; 7th main,Nehru Colony,960102,0.0,960102,Nehru Colony
AD001173,AC000908,T1,2540.5,1008.7,baseline_coarse,True,0,,Coarse baseline locality/ward centroid,baseline_coarse,0.0,2nd cross; 5th main,Vidya Nagar,960103,0.0,960103,Vidya Nagar
AD001174,AC000909,T1,2600.7,-1912.3,visits_agree,True,3,,Synthesized from 3 verified field visit dwell centroids (visits_agree),field_visit_dwell,0.0,9th cross; 2nd main,Nehru Colony,960102,0.2,960102,Nehru Colony
AD001175,AC000910,T3,1006.7,-770.0,baseline_street,True,0,,High-precision baseline geocoder (street),baseline_high_precision,0.0,e block; 2nd road,Teachers Colony,980302,0.0,980302,Teachers Colony
AD001176,AC000911,T3,3572.0,-37.2,visits_disagree,True,4,,Synthesized from 4 verified field visit dwell centroids (visits_disagree),field_visit_dwell,0.0,a block; 2nd rd,Lakeview Phase 2,980303,0.2,980303,Lakeview Phase 2
AD001177,AC000912,T2,823.4,2799.6,baseline_coarse,True,0,,Coarse baseline locality/ward centroid,baseline_coarse,0.0,,Azad Mohalla,970203,0.0,970203,Azad Mohalla
AD001178,AC000913,T2,1801.9,-2197.2,visits_agree,True,2,Field Remark: Opposite Medical Store (conf=0.85),Synthesized from 2 verified field visit dwell centroids (visits_agree),field_visit_dwell,0.0,gali no. 6,Patel Nagar,970202,0.85,970202,Patel Nagar
AD001179,AC000913,OUT,,,unmapped_village,False,0,,Village outside mapped urban town coverage; zero baseline geocode and zero field visits,unmapped_village,0.0,,,997407,0.0,997407,
AD001180,AC000914,T3,1031.2,-3518.5,baseline_coarse,True,0,,Coarse baseline locality/ward centroid,baseline_coarse,0.0,5th road,Unity Nagar,,0.0,,Unity Nagar
AD001181,AC000914,T3,-411.3,-3489.0,baseline_coarse,True,0,,Coarse baseline locality/ward centroid,baseline_coarse,0.0,,Orchid Enclave,980301,0.0,980301,Orchid Enclave
AD001182,AC000915,T2,1438.2,927.4,landmark,True,0,Near Hanuman Temple (pin is a guess near this landmark),Promoted to nearest un-repelled landmark POI 'Hanuman Temple',landmark_poi_fallback,0.0,1 gali,Gandhi Basti,970203,0.0,970203,Gandhi Basti
AD001183,AC000916,T3,3720.8,249.7,baseline_coarse,True,0,,Coarse baseline locality/ward centroid,baseline_coarse,0.0,e block; 5th rd,Lakeview Phase 2,,0.0,,Lakeview Phase 2
AD001184,AC000917,T3,732.3,-1067.4,landmark,True,0,Near Church (pin is a guess near this landmark),Promoted to nearest un-repelled landmark POI 'Church',landmark_poi_fallback,0.0,a block; 5th rd,Teachers Colony,980302,0.0,980302,Teachers Colony
AD001185,AC000917,OUT,,,unmapped_village,False,0,,Village outside mapped urban town coverage; zero baseline geocode and zero field visits,unmapped_village,0.0,,,998961,0.0,998961,
AD001186,AC000918,T1,2858.0,-2032.1,visits_disagree,True,7,Field Remark: Near Medical Shop (conf=0.82),Synthesized from 7 verified field visit dwell centroids (visits_disagree),field_visit_dwell,0.0,9th cross; 4th main,Nehru Colony,,0.819,,Nehru Colony
AD001187,AC000919,T1,1378.5,-297.9,visits_agree,True,2,Field Remark: Opposite Church (conf=0.85),Synthesized from 2 verified field visit dwell centroids (visits_agree),field_visit_dwell,0.0,4th cross; 6th main,,960104,0.85,960104,
AD001188,AC000920,T3,3580.9,547.8,baseline_coarse,True,0,,Coarse baseline locality/ward centroid,baseline_coarse,0.0,,Lakeview Phase 2,980303,0.0,980303,Lakeview Phase 2
AD001189,AC000921,T2,-777.2,2882.0,baseline_coarse,True,0,,Coarse baseline locality/ward centroid,baseline_coarse,0.0,,Ambedkar Nagar,970204,0.0,970204,Ambedkar Nagar
AD001190,AC000921,T2,1036.4,-39.7,baseline_coarse,True,0,,Coarse baseline locality/ward centroid,baseline_coarse,0.0,gali no. 11,Indira Colony,970202,0.0,970202,Indira Colony
AD001191,AC000922,T1,374.6,2792.3,visit_1,True,1,,Synthesized from 1 verified field visit dwell centroids (visit_1),field_visit_dwell,0.0,12th x; 5th main,Anjaneya Badavane,960103,0.2,960103,Anjaneya Badavane
AD001192,AC000922,T1,-1409.6,-2935.6,landmark,True,0,Behind Masjid (pin is a guess near this landmark),Promoted to nearest un-repelled landmark POI 'Masjid',landmark_poi_fallback,0.0,10th cross; 1st main,Basava Nagar,960101,0.0,960101,Basava Nagar
AD001193,AC000923,T2,-170.1,3207.2,landmark,True,0,Near Ration Shop (pin is a guess near this landmark),Promoted to nearest un-repelled landmark POI 'Ration Shop',landmark_poi_fallback,0.0,182 gali,Ambedkar Nagar,970204,0.0,970204,Ambedkar Nagar
AD001194,AC000924,T2,2469.1,-1329.6,landmark,True,0,Behind Hanuman Temple (pin is a guess near this landmark),Promoted to nearest un-repelled landmark POI 'Hanuman Temple',landmark_poi_fallback,0.0,,Krishna Puri,970202,0.0,970202,Krishna Puri
AD001195,AC000924,T2,2447.4,-1191.9,landmark,True,0,Near Post Office (pin is a guess near this landmark),Promoted to nearest un-repelled landmark POI 'Post Office',landmark_poi_fallback,0.0,gali no. 10,Krishna Puri,970202,0.0,970202,Krishna Puri
AD001196,AC000925,T1,2124.8,-1743.3,baseline_coarse,True,0,,Coarse baseline locality/ward centroid,baseline_coarse,0.0,9th cross; 2nd main,,960102,0.0,960102,
AD001197,AC000926,T3,814.2,-1252.3,visit_1,True,1,,Synthesized from 1 verified field visit dwell centroids (visit_1),field_visit_dwell,0.0,a block; 4th road,Teachers Colony,980302,0.2,980302,Teachers Colony
AD001198,AC000927,T1,566.9,-2780.6,visit_1,True,1,Near Ration Shop (about 110 m from pin),Synthesized from 1 verified field visit dwell centroids (visit_1),field_visit_dwell,0.0,10th cross; 4th main,,960102,0.2,960102,
AD001199,AC000928,T1,990.6,-358.9,baseline_coarse,True,0,,Coarse baseline locality/ward centroid,baseline_coarse,0.0,5th main,Kuvempu Layout,960102,0.0,960102,Kuvempu Layout
AD001200,AC000929,T1,-2824.0,845.6,visits_agree,True,4,Field Remark: Behind Post Office (conf=0.83),Synthesized from 4 verified field visit dwell centroids (visits_agree),field_visit_dwell,0.0,2nd cross; 4th main,Vinayaka Nagar,,0.83,,Vinayaka Nagar
AD001201,AC000929,T1,659.7,-2621.2,visit_1,True,1,,Synthesized from 1 verified field visit dwell centroids (visit_1),field_visit_dwell,0.0,12th cross; 4th main,Gandhi Nagar,960102,0.2,960102,Gandhi Nagar
AD001202,AC000930,T2,-1528.9,-2813.1,landmark,True,0,Near Hanuman Temple (pin is a guess near this landmark),Promoted to nearest un-repelled landmark POI 'Hanuman Temple',landmark_poi_fallback,0.0,,Subhash Nagar,970201,0.0,970201,Subhash Nagar
AD001203,AC000931,T3,-581.4,-3536.0,baseline_street,True,0,,High-precision baseline geocoder (street),baseline_high_precision,0.0,,Orchid Enclave,980301,0.0,980301,Orchid Enclave
AD001204,AC000932,T2,1346.4,-2520.7,landmark,True,0,Near Masjid (pin is a guess near this landmark),Promoted to nearest un-repelled landmark POI 'Masjid',landmark_poi_fallback,0.0,,Patel Nagar,970202,0.0,970202,Patel Nagar
AD001205,AC000932,OUT,,,unmapped_village,False,0,,Village outside mapped urban town coverage; zero baseline geocode and zero field visits,unmapped_village,0.0,,,994618,0.0,994618,
AD001206,AC000933,T3,-2505.6,-92.4,landmark,True,0,Near Govt School (pin is a guess near this landmark),Promoted to nearest un-repelled landmark POI 'Govt School',landmark_poi_fallback,0.0,4th road,Silver Oak Layout,980301,0.0,980301,Silver Oak Layout
AD001207,AC000934,T1,2482.7,922.5,visits_agree,True,5,Near Masjid (about 150 m from pin),Synthesized from 5 verified field visit dwell centroids (visits_agree),field_visit_dwell,0.0,5th cross; 4th main,Vidya Nagar,960103,0.3,960103,Vidya Nagar
AD001208,AC000934,T1,1596.3,-1026.8,visit_1,True,1,Near Medical Store (about 170 m from pin) | Remark Cue: Near Medical Store (conf=0.82),Synthesized from 1 verified field visit dwell centroids (visit_1),field_visit_dwell,0.0,,,960104,0.819,960104,
AD001209,AC000935,T2,-1034.4,3134.4,baseline_street,True,0,,High-precision baseline geocoder (street),baseline_high_precision,0.0,gali 8,Ambedkar Nagar,,0.0,,Ambedkar Nagar
AD001210,AC000936,T2,900.0,3101.3,landmark,True,0,Near Petrol Bunk (pin is a guess near this landmark),Promoted to nearest un-repelled landmark POI 'Petrol Bunk',landmark_poi_fallback,0.0,,Azad Mohalla,970203,0.0,970203,Azad Mohalla
AD001211,AC000936,T2,1016.8,19.7,baseline_coarse,True,0,,Coarse baseline locality/ward centroid,baseline_coarse,0.0,gali no. 12,Indira Colony,970202,0.0,970202,Indira Colony
AD001212,AC000937,T3,-2965.8,1347.0,visits_agree,True,4,,Synthesized from 4 verified field visit dwell centroids (visits_agree),field_visit_dwell,0.0,,,980304,0.2,980304,
AD001213,AC000937,T3,491.5,1762.5,baseline_coarse,True,0,,Coarse baseline locality/ward centroid,baseline_coarse,0.0,,,980304,0.0,980304,
AD001214,AC000938,T2,2804.4,-1616.0,visit_1,True,1,,Synthesized from 1 verified field visit dwell centroids (visit_1),field_visit_dwell,0.0,,Krishna Puri,970202,0.2,970202,Krishna Puri
AD001215,AC000938,T2,2216.5,1652.3,baseline_coarse,True,0,,Coarse baseline locality/ward centroid,baseline_coarse,0.0,,Ram Nagar,970203,0.0,970203,Ram Nagar
AD001216,AC000939,T3,978.3,-984.2,visit_1,True,1,,Synthesized from 1 verified field visit dwell centroids (visit_1),field_visit_dwell,0.0,e block; 2nd road,Teachers Colony,980302,0.2,980302,Teachers Colony
AD001217,AC000939,T3,874.7,-764.5,baseline_coarse,True,0,,Coarse baseline locality/ward centroid,baseline_coarse,0.0,,Teachers Colony,980302,0.0,980302,Teachers Colony
AD001218,AC000940,T1,-1244.1,379.8,baseline_coarse,True,0,,Coarse baseline locality/ward centroid,baseline_coarse,0.0,3rd x,Ashoka Layout,960104,0.0,960104,Ashoka Layout
AD001219,AC000941,T3,-526.6,-3728.1,visit_1,True,1,Near Masjid (about 150 m from pin),Synthesized from 1 verified field visit dwell centroids (visit_1),field_visit_dwell,0.0,b block; 5th road,,980301,0.2,980301,
AD001220,AC000942,T3,-2234.5,1741.2,visits_agree,True,2,,Synthesized from 2 verified field visit dwell centroids (visits_agree),field_visit_dwell,0.0,,Railway Colony,980304,0.2,980304,Railway Colony
AD001221,AC000942,OUT,,,unmapped_village,False,0,,Village outside mapped urban town coverage; zero baseline geocode and zero field visits,unmapped_village,0.0,,,991143,0.0,991143,
AD001222,AC000943,T3,3651.1,482.4,baseline_coarse,True,0,,Coarse baseline locality/ward centroid,baseline_coarse,0.0,,Lakeview Phase 2,980303,0.0,980303,Lakeview Phase 2
AD001223,AC000944,T1,712.6,-3001.2,visits_agree,True,2,,Synthesized from 2 verified field visit dwell centroids (visits_agree),field_visit_dwell,0.0,,Gandhi Nagar,960102,0.2,960102,Gandhi Nagar
AD001224,AC000945,T1,2816.8,-2167.8,baseline_coarse,True,0,,Coarse baseline locality/ward centroid,baseline_coarse,0.0,3rd cross; 8th main,Nehru Colony,960102,0.0,960102,Nehru Colony
AD001225,AC000946,T2,331.0,-3084.2,landmark,True,0,Behind Ganesh Temple (pin is a guess near this landmark),Promoted to nearest un-repelled landmark POI 'Ganesh Temple',landmark_poi_fallback,0.0,gali no. 6,Shivaji Nagar,970202,0.0,970202,Shivaji Nagar
AD001226,AC000947,T2,1123.4,722.1,baseline_coarse,True,0,,Coarse baseline locality/ward centroid,baseline_coarse,0.0,gali no. 1,Ram Nagar,970203,0.0,970203,Ram Nagar
AD001227,AC000948,T3,3268.6,-2130.6,baseline_coarse,True,0,,Coarse baseline locality/ward centroid,baseline_coarse,0.0,,Palm Meadows,980302,0.0,980302,Palm Meadows
AD001228,AC000949,T1,-1060.5,-3169.8,baseline_coarse,True,0,,Coarse baseline locality/ward centroid,baseline_coarse,0.0,3rd cross; 6th main,Basava Nagar,,0.0,,Basava Nagar
AD001229,AC000949,OUT,,,unmapped_village,False,0,,Village outside mapped urban town coverage; zero baseline geocode and zero field visits,unmapped_village,0.0,,,996377,0.0,996377,
AD001230,AC000950,T2,1168.9,1631.0,baseline_street,True,0,Near Medical Store (about 170 m from pin),High-precision baseline geocoder (street),baseline_high_precision,0.0,,Gandhi Basti,970203,0.0,970203,Gandhi Basti
AD001231,AC000951,T1,2993.0,-2164.6,visits_agree,True,2,Field Remark: Near Ration Shop (conf=0.82),Synthesized from 2 verified field visit dwell centroids (visits_agree),field_visit_dwell,0.0,9th cross; 6th main,Nehru Colony,960102,0.819,960102,Nehru Colony
AD001232,AC000952,T2,386.7,-2971.3,visits_disagree,True,7,Field Remark: Behind Ganesh Mandir (conf=0.83),Synthesized from 7 verified field visit dwell centroids (visits_disagree),field_visit_dwell,0.0,,Shivaji Nagar,970202,0.83,970202,Shivaji Nagar
AD001233,AC000953,T1,2518.5,-2363.0,visits_agree,True,5,Field Remark: Near Masjid (conf=0.82),Synthesized from 5 verified field visit dwell centroids (visits_agree),field_visit_dwell,0.0,,,960103,0.819,960103,
AD001234,AC000954,T3,-1280.4,-1272.2,baseline_coarse,True,0,,Coarse baseline locality/ward centroid,baseline_coarse,0.0,,,980301,0.0,980301,
AD001235,AC000954,OUT,,,unmapped_village,False,0,,Village outside mapped urban town coverage; zero baseline geocode and zero field visits,unmapped_village,0.0,,,993495,0.0,993495,
AD001236,AC000955,T1,2932.6,-2643.6,visits_disagree,True,6,Field Remark: Behind Milk Dairy (conf=0.80),Synthesized from 6 verified field visit dwell centroids (visits_disagree),field_visit_dwell,0.0,,Nehru Colony,960102,0.795,960102,Nehru Colony
AD001237,AC000956,T2,2574.3,761.5,visits_disagree,True,2,,Synthesized from 2 verified field visit dwell centroids (visits_disagree),field_visit_dwell,0.0,gali 11,Ram Nagar,970203,0.2,970203,Ram Nagar
AD001238,AC000956,T2,1440.8,-1984.6,landmark,True,0,Near Church (pin is a guess near this landmark),Promoted to nearest un-repelled landmark POI 'Church',landmark_poi_fallback,0.0,,Patel Nagar,970202,0.0,970202,Patel Nagar
AD001239,AC000957,T1,-724.9,-3068.0,visits_agree,True,3,Near Church (about 140 m from pin) | Remark Cue: Behind Church (conf=0.83),Synthesized from 3 verified field visit dwell centroids (visits_agree),field_visit_dwell,0.0,7th cross; 7th main,Basava Nagar,960101,0.83,960101,Basava Nagar
AD001240,AC000958,T1,1335.8,-218.2,visits_agree,True,5,,Synthesized from 5 verified field visit dwell centroids (visits_agree),field_visit_dwell,0.0,5th cross; 6th main,Kuvempu Layout,960102,0.2,960102,Kuvempu Layout
AD001241,AC000958,OUT,,,unmapped_village,False,0,,Village outside mapped urban town coverage; zero baseline geocode and zero field visits,unmapped_village,0.0,,,995686,0.0,995686,
AD001242,AC000959,T2,1521.1,-1885.2,visits_disagree,True,5,Field Remark: Beside Hanuman Mandir (conf=0.83),Synthesized from 5 verified field visit dwell centroids (visits_disagree),field_visit_dwell,0.0,,Patel Nagar,970202,0.832,970202,Patel Nagar
AD001243,AC000960,T1,2870.3,-2346.1,landmark,True,0,Near Hanuman Temple (pin is a guess near this landmark),Promoted to nearest un-repelled landmark POI 'Hanuman Temple',landmark_poi_fallback,0.0,6th main,Nehru Colony,960102,0.0,960102,Nehru Colony
AD001244,AC000960,OUT,,,unmapped_village,False,0,,Village outside mapped urban town coverage; zero baseline geocode and zero field visits,unmapped_village,0.0,,,994844,0.0,994844,
AD001245,AC000961,T2,1514.8,-1952.7,visit_1,True,1,Near Church (about 80 m from pin),Synthesized from 1 verified field visit dwell centroids (visit_1),field_visit_dwell,0.0,gali 7,Patel Nagar,970202,0.2,970202,Patel Nagar
AD001246,AC000962,T1,2832.5,-2360.1,baseline_coarse,True,0,,Coarse baseline locality/ward centroid,baseline_coarse,0.0,,Nehru Colony,960102,0.0,960102,Nehru Colony
AD001247,AC000963,T3,-842.2,-391.4,visit_1,True,1,Near Post Office (about 110 m from pin),Synthesized from 1 verified field visit dwell centroids (visit_1),field_visit_dwell,0.0,,HMT Colony,980301,0.2,980301,HMT Colony
AD001248,AC000964,T3,1401.2,-805.6,visit_1,True,1,Near Medical Store (about 80 m from pin),Synthesized from 1 verified field visit dwell centroids (visit_1),field_visit_dwell,0.0,c block; 6th road,Teachers Colony,980302,0.2,980302,Teachers Colony
AD001249,AC000965,T3,731.9,-1039.8,landmark,True,0,Near Govt School (pin is a guess near this landmark),Promoted to nearest un-repelled landmark POI 'Govt School',landmark_poi_fallback,0.0,,Teachers Colony,980302,0.0,980302,Teachers Colony
AD001250,AC000966,T1,3049.4,-2157.6,landmark,True,0,Near Ration Shop (pin is a guess near this landmark),Promoted to nearest un-repelled landmark POI 'Ration Shop',landmark_poi_fallback,0.0,9th cross; 7th main,Nehru Colony,960102,0.0,960102,Nehru Colony
AD001251,AC000966,T1,-1122.4,327.5,landmark,True,0,Near Ganesh Temple (pin is a guess near this landmark),Promoted to nearest un-repelled landmark POI 'Ganesh Temple',landmark_poi_fallback,0.0,,Ashoka Layout,960104,0.0,960104,Ashoka Layout
AD001252,AC000967,T2,671.4,-3199.5,baseline_coarse,True,0,,Coarse baseline locality/ward centroid,baseline_coarse,0.0,,,970201,0.0,970201,
AD001253,AC000968,T1,-770.6,-3236.6,baseline_street,True,0,,High-precision baseline geocoder (street),baseline_high_precision,0.0,6th main,Basava Nagar,,0.0,,Basava Nagar
AD001254,AC000969,T2,2729.0,262.9,visits_agree,True,6,Field Remark: Opposite Bus Adda (conf=0.85),Synthesized from 6 verified field visit dwell centroids (visits_agree),field_visit_dwell,0.0,,Nehru Colony,970203,0.85,970203,Nehru Colony
AD001255,AC000970,T3,3482.5,429.2,baseline_street,True,0,,High-precision baseline geocoder (street),baseline_high_precision,0.0,,Lakeview Phase 2,980303,0.0,980303,Lakeview Phase 2
AD001256,AC000971,T1,3308.5,-1992.2,visits_agree,True,6,,Synthesized from 6 verified field visit dwell centroids (visits_agree),field_visit_dwell,0.0,,Nehru Colony,960102,0.398,960102,Nehru Colony
AD001257,AC000972,T1,2320.1,1443.2,visits_agree,True,2,,Synthesized from 2 verified field visit dwell centroids (visits_agree),field_visit_dwell,0.0,12th cross; 3rd main,Vidya Nagar,960103,0.2,960103,Vidya Nagar
AD001258,AC000972,T1,163.7,1878.3,visit_1,True,1,Field Remark: Behind Haalina Dairy (conf=0.83),Synthesized from 1 verified field visit dwell centroids (visit_1),field_visit_dwell,0.0,1st cross,Anjaneya Badavane,960103,0.83,960103,Anjaneya Badavane
AD001259,AC000973,T3,-2776.2,-194.0,baseline_coarse,True,0,,Coarse baseline locality/ward centroid,baseline_coarse,0.0,,,980304,0.0,980304,
AD001260,AC000974,T2,2469.1,-1329.6,landmark,True,0,Near Hanuman Temple (pin is a guess near this landmark),Promoted to nearest un-repelled landmark POI 'Hanuman Temple',landmark_poi_fallback,6.37,,Krishna Puri,,0.0,,Krishna Puri
AD001261,AC000975,T1,619.5,-2985.1,baseline_coarse,True,0,,Coarse baseline locality/ward centroid,baseline_coarse,0.0,5th x; 1st main,Gandhi Nagar,960102,0.0,960102,Gandhi Nagar
AD001262,AC000976,T3,-978.6,-432.0,visit_1,True,1,,Synthesized from 1 verified field visit dwell centroids (visit_1),field_visit_dwell,0.0,d block; 1st road,HMT Colony,980301,0.2,980301,HMT Colony
AD001263,AC000977,T1,-2350.3,-2317.5,landmark,True,0,Near Water Tank (pin is a guess near this landmark),Promoted to nearest un-repelled landmark POI 'Water Tank',landmark_poi_fallback,0.51,12th cross; 2nd main,Shanthi Nagar,960101,0.0,960101,Shanthi Nagar
AD001264,AC000978,T3,-1281.4,-2066.2,baseline_coarse,True,0,,Coarse baseline locality/ward centroid,baseline_coarse,0.0,,Defence Colony,980301,0.0,980301,Defence Colony
AD001265,AC000978,T3,-1022.1,-1809.8,baseline_coarse,True,0,,Coarse baseline locality/ward centroid,baseline_coarse,0.0,d block; 6th road,Defence Colony,980301,0.0,980301,Defence Colony
AD001266,AC000979,T1,2323.4,-2387.1,landmark,True,0,Near Masjid (pin is a guess near this landmark),Promoted to nearest un-repelled landmark POI 'Masjid',landmark_poi_fallback,0.0,2nd main,Nehru Colony,960102,0.0,960102,Nehru Colony
AD001267,AC000979,T1,-2373.1,-2103.5,visit_1,True,1,,Synthesized from 1 verified field visit dwell centroids (visit_1),field_visit_dwell,0.0,4th main,Shanthi Nagar,960101,0.2,960101,Shanthi Nagar
AD001268,AC000980,T3,-539.2,-778.2,visits_disagree,True,5,Field Remark: Opposite Masidi (conf=0.85),Synthesized from 5 verified field visit dwell centroids (visits_disagree),field_visit_dwell,0.0,,HMT Colony,980301,0.85,980301,HMT Colony
AD001269,AC000981,T3,-2970.7,-210.4,visit_1,True,1,,Synthesized from 1 verified field visit dwell centroids (visit_1),field_visit_dwell,0.0,,Silver Oak Layout,980301,0.2,980301,Silver Oak Layout
AD001270,AC000982,T1,-528.9,-1355.9,baseline_coarse,True,0,,Coarse baseline locality/ward centroid,baseline_coarse,0.0,7th cross; 1st main,Hosa Badavane,960101,0.0,960101,Hosa Badavane
AD001271,AC000982,T1,2951.4,-1848.8,visit_1,True,1,,Synthesized from 1 verified field visit dwell centroids (visit_1),field_visit_dwell,0.0,12th cross; 4th main,Nehru Colony,,0.425,,Nehru Colony
AD001272,AC000983,T3,3115.8,-2331.6,visits_disagree,True,6,Near Milk Dairy (about 70 m from pin),Synthesized from 6 verified field visit dwell centroids (visits_disagree),field_visit_dwell,0.0,a block; 4th rd,Palm Meadows,980302,0.2,980302,Palm Meadows
AD001273,AC000984,T1,2339.8,-2201.1,visits_disagree,True,4,Near Masjid (about 190 m from pin),Synthesized from 4 verified field visit dwell centroids (visits_disagree),field_visit_dwell,0.0,4th cross,Nehru Colony,960102,0.2,960102,Nehru Colony
AD001274,AC000985,T3,680.6,-916.9,visit_1,True,1,Opposite Govt School (about 130 m from pin),Synthesized from 1 verified field visit dwell centroids (visit_1),field_visit_dwell,0.0,2nd road,Teachers Colony,980302,0.2,980302,Teachers Colony
AD001275,AC000986,T3,-2910.2,-36.3,landmark,True,0,Near Water Tank (pin is a guess near this landmark),Promoted to nearest un-repelled landmark POI 'Water Tank',landmark_poi_fallback,0.0,e block; 4th rd,Silver Oak Layout,980301,0.0,980301,Silver Oak Layout
AD001276,AC000987,T1,2383.6,-2211.8,visit_1,True,1,,Synthesized from 1 verified field visit dwell centroids (visit_1),field_visit_dwell,0.0,,Siddeshwara Colony,960102,0.2,960102,Siddeshwara Colony
AD001277,AC000988,T2,2409.4,-1150.0,baseline_street,True,0,,High-precision baseline geocoder (street),baseline_high_precision,0.0,,Krishna Puri,,0.0,,Krishna Puri
AD001278,AC000989,T1,228.9,2213.6,baseline_coarse,True,0,,Coarse baseline locality/ward centroid,baseline_coarse,0.0,8th main,Anjaneya Badavane,960103,0.0,960103,Anjaneya Badavane
AD001279,AC000990,T2,1014.3,-72.9,visit_1,True,1,,Synthesized from 1 verified field visit dwell centroids (visit_1),field_visit_dwell,0.0,gali no. 5,Indira Colony,970202,0.2,970202,Indira Colony
AD001280,AC000991,T2,853.4,2676.5,baseline_coarse,True,0,,Coarse baseline locality/ward centroid,baseline_coarse,0.0,,Azad Mohalla,970203,0.0,970203,Azad Mohalla
AD001281,AC000992,T2,1555.6,-2329.4,visit_1,True,1,,Synthesized from 1 verified field visit dwell centroids (visit_1),field_visit_dwell,0.0,gali no. 3,Patel Nagar,970202,0.2,970202,Patel Nagar
AD001282,AC000993,T3,658.2,-1125.8,landmark,True,0,Near Ration Shop (pin is a guess near this landmark),Promoted to nearest un-repelled landmark POI 'Ration Shop',landmark_poi_fallback,0.0,5th road,Teachers Colony,980302,0.0,980302,Teachers Colony
AD001283,AC000994,T3,-827.8,-3726.7,cross_account_street,True,0,,Coarse baseline locality/ward centroid,baseline_coarse,0.0,4th road,,980304,0.0,980304,
AD001284,AC000995,T2,1730.3,-2133.8,cross_account_street,True,0,,Coarse baseline locality/ward centroid,baseline_coarse,0.0,gali no. 6,Patel Nagar,970202,0.0,970202,Patel Nagar
AD001285,AC000995,T2,-459.9,2746.1,baseline_coarse,True,0,,Coarse baseline locality/ward centroid,baseline_coarse,0.0,gali no. 3,Ambedkar Nagar,970204,0.0,970204,Ambedkar Nagar
AD001286,AC000996,T3,1543.3,-4088.6,baseline_street,True,0,,High-precision baseline geocoder (street),baseline_high_precision,0.0,3rd road,,980304,0.0,980304,
AD001287,AC000996,T3,-3730.3,-719.1,baseline_coarse,True,0,,Coarse baseline locality/ward centroid,baseline_coarse,0.0,,Green Park Layout,980301,0.0,980301,Green Park Layout
AD001288,AC000997,T1,1109.7,-68.9,baseline_coarse,True,0,,Coarse baseline locality/ward centroid,baseline_coarse,0.0,4th cross; 4th main,Kuvempu Layout,960102,0.0,960102,Kuvempu Layout
AD001289,AC000998,T3,3994.3,668.4,baseline_street,True,0,,High-precision baseline geocoder (rooftop),baseline_high_precision,0.0,4th road,Lakeview Phase 2,,0.0,,Lakeview Phase 2
AD001290,AC000999,T3,978.5,-1033.2,visits_agree,True,2,Field Remark: Behind Government School (conf=0.83),Synthesized from 2 verified field visit dwell centroids (visits_agree),field_visit_dwell,0.0,b block; 5th road,Teachers Colony,980302,0.83,980302,Teachers Colony
AD001291,AC001000,T3,903.3,-779.3,visits_disagree,True,4,,Synthesized from 4 verified field visit dwell centroids (visits_disagree),field_visit_dwell,0.0,e block; 2nd rd,Teachers Colony,980302,0.2,980302,Teachers Colony
AD001292,AC001000,OUT,,,unmapped_village,False,0,,Village outside mapped urban town coverage; zero baseline geocode and zero field visits,unmapped_village,0.0,,,998827,0.0,998827,
AD001293,AC001001,T3,-938.9,-200.5,visit_1,True,1,,Synthesized from 1 verified field visit dwell centroids (visit_1),field_visit_dwell,0.0,d block; 6th rd,HMT Colony,980301,0.2,980301,HMT Colony
AD001294,AC001002,T1,2712.3,-2461.4,visits_agree,True,3,Near Hanuman Temple (about 200 m from pin) | Remark Cue: Opposite Hanuman Temple (conf=0.85),Synthesized from 3 verified field visit dwell centroids (visits_agree),field_visit_dwell,0.0,3rd cross; 5th main,,960102,0.85,960102,
AD001295,AC001003,T1,483.5,-2857.5,baseline_coarse,True,0,,Coarse baseline locality/ward centroid,baseline_coarse,0.0,,Gandhi Nagar,960102,0.0,960102,Gandhi Nagar
AD001296,AC001004,T2,3000.4,647.0,baseline_coarse,True,0,,Coarse baseline locality/ward centroid,baseline_coarse,0.0,gali 7,Nehru Colony,970203,0.0,970203,Nehru Colony
AD001297,AC001004,T2,2335.2,1476.5,landmark,True,0,Near Ration Shop (pin is a guess near this landmark),Promoted to nearest un-repelled landmark POI 'Ration Shop',landmark_poi_fallback,0.0,gali no. 5,Ram Nagar,970203,0.0,970203,Ram Nagar
AD001298,AC001005,T1,-846.0,-3041.6,visit_1,True,1,Near Church (about 60 m from pin),Synthesized from 1 verified field visit dwell centroids (visit_1),field_visit_dwell,0.0,8th cross; 6th main,Basava Nagar,960101,0.2,960101,Basava Nagar
AD001299,AC001005,T1,-563.2,-1389.8,landmark,True,0,Near Church (pin is a guess near this landmark),Promoted to nearest un-repelled landmark POI 'Church',landmark_poi_fallback,0.0,6th x; 4th main,Hosa Badavane,,0.0,,Hosa Badavane
AD001300,AC001006,T2,1569.4,-2218.7,baseline_street,True,0,,High-precision baseline geocoder (rooftop),baseline_high_precision,0.0,64 gali,Patel Nagar,970202,0.0,970202,Patel Nagar
AD001301,AC001007,T2,-1957.2,-3046.1,baseline_street,True,0,,High-precision baseline geocoder (street),baseline_high_precision,0.0,gali no. 4,Subhash Nagar,970201,0.0,970201,Subhash Nagar
AD001302,AC001008,T3,-3558.0,-825.4,baseline_coarse,True,0,,Coarse baseline locality/ward centroid,baseline_coarse,0.0,,Green Park Layout,980301,0.0,980301,Green Park Layout
AD001303,AC001009,T2,2283.3,-1218.0,baseline_street,True,0,,High-precision baseline geocoder (street),baseline_high_precision,0.0,gali no. 7,Krishna Puri,970202,0.0,970202,Krishna Puri
AD001304,AC001010,T1,-1958.0,-2771.0,baseline_street,True,0,,High-precision baseline geocoder (street),baseline_high_precision,0.0,2nd cross; 5th main,Shanthi Nagar,960101,0.0,960101,Shanthi Nagar
AD001305,AC001011,T3,-2678.2,-543.8,landmark,True,0,Near Church (pin is a guess near this landmark),Promoted to nearest un-repelled landmark POI 'Church',landmark_poi_fallback,0.0,,Silver Oak Layout,980301,0.0,980301,Silver Oak Layout
AD001306,AC001012,T1,2697.9,-2220.5,visit_1,True,1,Near Community Hall (about 130 m from pin) | Remark Cue: Opposite Park (conf=0.85),Synthesized from 1 verified field visit dwell centroids (visit_1),field_visit_dwell,0.0,,Nehru Colony,960102,0.85,960102,Nehru Colony
AD001307,AC001012,T1,370.2,-3110.4,visits_agree,True,2,Near Water Tank (about 50 m from pin) | Remark Cue: Near Neerina Tank (conf=0.82),Synthesized from 2 verified field visit dwell centroids (visits_agree),field_visit_dwell,0.0,6th cross; 1st main,Gandhi Nagar,960102,0.819,960102,Gandhi Nagar
AD001308,AC001013,T1,-2814.9,1417.8,baseline_street,True,0,,High-precision baseline geocoder (street),baseline_high_precision,0.0,7th cross; 7th main,Vinayaka Nagar,960104,0.0,960104,Vinayaka Nagar
AD001309,AC001013,T1,-684.4,-1520.8,baseline_coarse,True,0,,Coarse baseline locality/ward centroid,baseline_coarse,0.0,,Hosa Badavane,960101,0.0,960101,Hosa Badavane
AD001310,AC001014,T2,2354.8,1619.0,baseline_coarse,True,0,,Coarse baseline locality/ward centroid,baseline_coarse,0.0,,Ram Nagar,970203,0.0,970203,Ram Nagar
AD001311,AC001015,T1,-3155.2,823.8,landmark,True,0,Opposite Ganesh Temple (pin is a guess near this landmark),Promoted to nearest un-repelled landmark POI 'Ganesh Temple',landmark_poi_fallback,0.0,3rd cross; 1st main,Vinayaka Nagar,960104,0.0,960104,Vinayaka Nagar
AD001312,AC001016,T1,-2787.5,1143.8,baseline_coarse,True,0,,Coarse baseline locality/ward centroid,baseline_coarse,0.0,5th cross; 8th main,Vinayaka Nagar,960104,0.0,960104,Vinayaka Nagar
AD001313,AC001016,OUT,,,unmapped_village,False,0,,Village outside mapped urban town coverage; zero baseline geocode and zero field visits,unmapped_village,0.0,,,994649,0.0,994649,
AD001314,AC001017,T1,-2444.8,1281.0,visits_disagree,True,9,Field Remark: Behind Sarkari Shaale (conf=0.83),Synthesized from 9 verified field visit dwell centroids (visits_disagree),field_visit_dwell,0.0,,Vinayaka Nagar,960104,0.83,960104,Vinayaka Nagar
AD001315,AC001018,T1,-3155.2,823.8,landmark,True,0,Near Ganesh Temple (pin is a guess near this landmark),Promoted to nearest un-repelled landmark POI 'Ganesh Temple',landmark_poi_fallback,0.0,,Vinayaka Nagar,960104,0.0,960104,Vinayaka Nagar
AD001316,AC001018,T1,-834.6,-2978.5,landmark,True,0,Near Church (pin is a guess near this landmark),Promoted to nearest un-repelled landmark POI 'Church',landmark_poi_fallback,0.0,11th cross; 6th main,Basava Nagar,960101,0.0,960101,Basava Nagar
AD001317,AC001019,T1,1919.8,-1156.5,baseline_street,True,0,,High-precision baseline geocoder (street),baseline_high_precision,0.0,4th cross; 4th main,Siddeshwara Colony,,0.0,,Siddeshwara Colony
AD001318,AC001020,T2,1213.7,-55.1,baseline_street,True,0,Near Bus Stop (about 170 m from pin),High-precision baseline geocoder (street),baseline_high_precision,0.0,,Indira Colony,970202,0.0,970202,Indira Colony
AD001319,AC001021,T3,-768.2,3483.0,landmark,True,0,Near Park (pin is a guess near this landmark),Promoted to nearest un-repelled landmark POI 'Park',landmark_poi_fallback,0.0,,Sunrise Enclave,980304,0.0,980304,Sunrise Enclave
AD001320,AC001022,T1,-543.2,-1029.4,baseline_street,True,0,,High-precision baseline geocoder (street),baseline_high_precision,0.0,9th cross; 4th main,Hosa Badavane,960101,0.0,960101,Hosa Badavane
AD001321,AC001022,T1,569.7,2284.4,baseline_street,True,0,,High-precision baseline geocoder (street),baseline_high_precision,0.0,7th cross,Anjaneya Badavane,960103,0.0,960103,Anjaneya Badavane
AD001322,AC001023,T1,67.7,1994.8,visit_1,True,1,,Synthesized from 1 verified field visit dwell centroids (visit_1),field_visit_dwell,0.0,3rd x; 1st main,,960103,0.2,960103,
AD001323,AC001024,T1,681.3,-2735.2,visit_1,True,1,Near Ration Shop (about 40 m from pin),Synthesized from 1 verified field visit dwell centroids (visit_1),field_visit_dwell,0.0,10th x; 4th main,Gandhi Nagar,960102,0.2,960102,Gandhi Nagar
AD001324,AC001025,T1,2629.8,-1926.4,visits_agree,True,7,,Synthesized from 7 verified field visit dwell centroids (visits_agree),field_visit_dwell,0.0,9th cross; 2nd main,Nehru Colony,960102,0.2,960102,Nehru Colony
AD001325,AC001026,T2,-1730.4,-2813.1,baseline_coarse,True,0,,Coarse baseline locality/ward centroid,baseline_coarse,0.0,,Subhash Nagar,970201,0.0,970201,Subhash Nagar
AD001326,AC001026,T2,806.4,1175.1,baseline_coarse,True,0,,Coarse baseline locality/ward centroid,baseline_coarse,0.0,,,970202,0.0,970202,
AD001327,AC001027,T2,1159.0,-1876.5,cross_account_street,True,0,,Coarse baseline locality/ward centroid,baseline_coarse,0.0,gali 10,Patel Nagar,970202,0.0,970202,Patel Nagar
AD001328,AC001027,T2,933.9,2624.5,baseline_coarse,True,0,,Coarse baseline locality/ward centroid,baseline_coarse,0.0,,,970204,0.0,970204,
AD001329,AC001028,T3,1014.3,-406.9,landmark,True,0,Near Masjid (pin is a guess near this landmark),Promoted to nearest un-repelled landmark POI 'Masjid',landmark_poi_fallback,0.0,,Teachers Colony,980302,0.0,980302,Teachers Colony
AD001330,AC001029,T3,-2352.8,-530.8,visits_agree,True,4,Field Remark: Beside Post Office (conf=0.83),Synthesized from 4 verified field visit dwell centroids (visits_agree),field_visit_dwell,0.0,,Green Park Layout,980301,0.832,980301,Green Park Layout
AD001331,AC001030,T3,-2937.9,-64.3,visit_1,True,1,,Synthesized from 1 verified field visit dwell centroids (visit_1),field_visit_dwell,0.0,,Silver Oak Layout,980301,0.2,980301,Silver Oak Layout
AD001332,AC001030,T3,-1153.3,-2028.0,baseline_coarse,True,0,,Coarse baseline locality/ward centroid,baseline_coarse,0.0,d block; 6th rd,Defence Colony,980301,0.0,980301,Defence Colony
AD001333,AC001031,T3,-2772.6,-349.4,landmark,True,0,Near Petrol Bunk (pin is a guess near this landmark),Promoted to nearest un-repelled landmark POI 'Petrol Bunk',landmark_poi_fallback,9.06,,Silver Oak Layout,,0.0,,Silver Oak Layout
AD001334,AC001031,OUT,,,unmapped_village,False,0,,Village outside mapped urban town coverage; zero baseline geocode and zero field visits,unmapped_village,0.0,,,992153,0.0,992153,
AD001335,AC001032,T1,868.7,-2937.9,visit_1,True,1,,Synthesized from 1 verified field visit dwell centroids (visit_1),field_visit_dwell,0.0,3rd cross; 3rd main,Shanthi Nagar,960101,0.2,960101,Shanthi Nagar
AD001336,AC001033,T1,2697.4,-1801.6,visits_agree,True,8,Field Remark: Near Ganesh Temple (conf=0.80),Synthesized from 8 verified field visit dwell centroids (visits_agree),field_visit_dwell,0.0,,Nehru Colony,960102,0.795,960102,Nehru Colony
AD001337,AC001034,T2,1357.0,-2513.1,visit_1,True,1,Near Masjid (pin is at this landmark),Synthesized from 1 verified field visit dwell centroids (visit_1),field_visit_dwell,0.0,,Patel Nagar,970202,0.2,970202,Patel Nagar
AD001338,AC001035,T2,2848.0,623.8,visits_agree,True,2,Near Water Tank (about 150 m from pin) | Remark Cue: Near Tanki (conf=0.82),Synthesized from 2 verified field visit dwell centroids (visits_agree),field_visit_dwell,0.0,gali 8,Nehru Colony,970203,0.819,970203,Nehru Colony
AD001339,AC001036,T2,723.5,2831.9,visits_disagree,True,4,,Synthesized from 4 verified field visit dwell centroids (visits_disagree),field_visit_dwell,0.0,,Azad Mohalla,970203,0.2,970203,Azad Mohalla
AD001340,AC001037,T2,1097.3,2655.1,landmark,True,0,Near Bus Stop (pin is a guess near this landmark),Promoted to nearest un-repelled landmark POI 'Bus Stop',landmark_poi_fallback,0.0,383 gali,Azad Mohalla,970203,0.0,970203,Azad Mohalla
AD001341,AC001038,T3,-980.8,-1755.2,baseline_street,True,0,,High-precision baseline geocoder (street),baseline_high_precision,0.0,,Defence Colony,980301,0.0,980301,Defence Colony
AD001342,AC001039,T2,2947.3,261.8,cross_account_street,True,0,,Coarse baseline locality/ward centroid,baseline_coarse,0.0,gali 3,Nehru Colony,970203,0.0,970203,Nehru Colony
AD001343,AC001040,T3,-1269.1,-501.1,visit_1,True,1,,Synthesized from 1 verified field visit dwell centroids (visit_1),field_visit_dwell,0.0,,HMT Colony,980301,0.2,980301,HMT Colony
AD001344,AC001041,T3,-1311.8,-1762.3,baseline_coarse,True,0,,Coarse baseline locality/ward centroid,baseline_coarse,0.0,e block; 5th road,Defence Colony,980301,0.0,980301,Defence Colony
AD001345,AC001041,OUT,,,unmapped_village,False,0,,Village outside mapped urban town coverage; zero baseline geocode and zero field visits,unmapped_village,0.0,,,997550,0.0,997550,
AD001346,AC001042,T2,-797.5,-721.5,visit_1,True,1,Near Masjid (about 160 m from pin),Synthesized from 1 verified field visit dwell centroids (visit_1),field_visit_dwell,0.0,,Shastri Nagar,970201,0.2,970201,Shastri Nagar
AD001347,AC001042,OUT,,,unmapped_village,False,0,,Village outside mapped urban town coverage; zero baseline geocode and zero field visits,unmapped_village,0.0,,,998926,0.0,998926,
AD001348,AC001043,T1,2614.3,-2334.9,baseline_coarse,True,0,,Coarse baseline locality/ward centroid,baseline_coarse,0.0,6th main,Nehru Colony,960102,0.0,960102,Nehru Colony
AD001349,AC001044,T1,2041.4,-1312.6,baseline_street,True,0,Behind Hanuman Temple (about 90 m from pin),High-precision baseline geocoder (street),baseline_high_precision,0.0,1st x; 4th main,Siddeshwara Colony,,0.0,,Siddeshwara Colony
AD001350,AC001045,T2,-1748.6,-2600.8,baseline_coarse,True,0,,Coarse baseline locality/ward centroid,baseline_coarse,0.0,,Subhash Nagar,,0.0,,Subhash Nagar
AD001351,AC001045,T2,1493.2,396.7,visit_1,True,1,Field Remark: Beside Hanuman Mandir (conf=0.83),Synthesized from 1 verified field visit dwell centroids (visit_1),field_visit_dwell,0.0,,Indira Colony,970202,0.832,970202,Indira Colony
AD001352,AC001046,T3,3945.7,337.7,visits_disagree,True,7,Near Bus Stop (about 170 m from pin) | Remark Cue: Beside Bus Adda (conf=0.83),Synthesized from 7 verified field visit dwell centroids (visits_disagree),field_visit_dwell,0.0,c block; 6th road,Lakeview Phase 2,,0.832,,Lakeview Phase 2
AD001353,AC001047,T3,3550.7,499.2,baseline_coarse,True,0,,Coarse baseline locality/ward centroid,baseline_coarse,0.0,d block; 3rd road,Lakeview Phase 2,980032,0.0,980032,Lakeview Phase 2
AD001354,AC001048,T1,2955.5,-2079.1,visits_disagree,True,3,Field Remark: Opposite Pds Shop (conf=0.85),Synthesized from 3 verified field visit dwell centroids (visits_disagree),field_visit_dwell,0.0,9th cross; 5th main,,960101,0.85,960101,
AD001355,AC001049,T1,637.8,-2621.0,visit_1,True,1,Field Remark: Behind Govt School (conf=0.80),Synthesized from 1 verified field visit dwell centroids (visit_1),field_visit_dwell,0.0,12th cross; 4th main,Gandhi Nagar,960102,0.795,960102,Gandhi Nagar
AD001356,AC001049,T1,1982.8,-1241.6,landmark,True,0,Near Hanuman Temple (pin is a guess near this landmark),Promoted to nearest un-repelled landmark POI 'Hanuman Temple',landmark_poi_fallback,0.0,2nd cross,,960102,0.0,960102,
AD001357,AC001050,T3,-505.0,3422.1,visits_agree,True,2,Field Remark: Behind Barat Ghar (conf=0.83),Synthesized from 2 verified field visit dwell centroids (visits_agree),field_visit_dwell,0.0,,,980302,0.83,980302,
AD001358,AC001050,OUT,,,unmapped_village,False,0,,Village outside mapped urban town coverage; zero baseline geocode and zero field visits,unmapped_village,0.0,,,992726,0.0,992726,
AD001359,AC001051,T2,-740.1,2565.6,landmark,True,0,Near Medical Store (pin is a guess near this landmark),Promoted to nearest un-repelled landmark POI 'Medical Store',landmark_poi_fallback,0.0,,Ambedkar Nagar,,0.0,,Ambedkar Nagar
AD001360,AC001052,T3,-2310.1,1215.9,visits_agree,True,2,,Synthesized from 2 verified field visit dwell centroids (visits_agree),field_visit_dwell,0.0,,Railway Colony,980304,0.2,980304,Railway Colony
AD001361,AC001053,T1,-442.6,-2771.0,visit_1,True,1,,Synthesized from 1 verified field visit dwell centroids (visit_1),field_visit_dwell,0.0,11th cross; 8th main,Basava Nagar,960101,0.2,960101,Basava Nagar
AD001362,AC001054,T1,-3051.2,1458.2,visit_1,True,1,Field Remark: Opposite Samudaya Bhavana (conf=0.85),Synthesized from 1 verified field visit dwell centroids (visit_1),field_visit_dwell,0.0,2nd main,,960104,0.85,960104,
AD001363,AC001055,T1,2919.5,-1805.5,visits_agree,True,3,,Synthesized from 3 verified field visit dwell centroids (visits_agree),field_visit_dwell,0.0,,Nehru Colony,960102,0.2,960102,Nehru Colony
AD001364,AC001056,T1,2955.9,-2508.6,visits_agree,True,2,Near Hanuman Temple (about 180 m from pin),Synthesized from 2 verified field visit dwell centroids (visits_agree),field_visit_dwell,0.0,4th x; 5th main,Nehru Colony,960102,0.2,960102,Nehru Colony
AD001365,AC001057,T2,1544.1,-1711.5,baseline_coarse,True,0,,Coarse baseline locality/ward centroid,baseline_coarse,0.0,,,970202,0.0,970202,
AD001366,AC001058,T1,1631.8,-800.8,landmark,True,0,Near Milk Dairy (pin is a guess near this landmark),Promoted to nearest un-repelled landmark POI 'Milk Dairy',landmark_poi_fallback,0.0,9th cross; 1st main,Siddeshwara Colony,960102,0.0,960102,Siddeshwara Colony
AD001367,AC001058,T1,285.9,2454.1,baseline_coarse,True,0,,Coarse baseline locality/ward centroid,baseline_coarse,0.0,12th x; 8th main,Anjaneya Badavane,960103,0.0,960103,Anjaneya Badavane
AD001368,AC001059,T2,858.6,2534.8,baseline_coarse,True,0,,Coarse baseline locality/ward centroid,baseline_coarse,0.0,,Azad Mohalla,970203,0.0,970203,Azad Mohalla
AD001369,AC001060,T3,-551.4,-542.2,baseline_street,True,0,Near Water Tank (about 40 m from pin),High-precision baseline geocoder (street),baseline_high_precision,0.0,,,980302,0.0,980302,
AD001370,AC001061,T1,1371.8,1402.5,baseline_coarse,True,0,,Coarse baseline locality/ward centroid,baseline_coarse,0.0,12th cross; 5th main,,960103,0.0,960103,
AD001371,AC001062,T3,-2819.1,-681.4,visits_disagree,True,3,,Synthesized from 3 verified field visit dwell centroids (visits_disagree),field_visit_dwell,0.0,,Silver Oak Layout,980301,0.2,980301,Silver Oak Layout
AD001372,AC001063,T1,2994.5,-2501.9,visits_agree,True,5,Near Hanuman Temple (about 200 m from pin),Synthesized from 5 verified field visit dwell centroids (visits_agree),field_visit_dwell,0.0,4th cross; 7th main,Nehru Colony,960102,0.2,960102,Nehru Colony
AD001373,AC001064,T2,2698.3,1438.9,landmark,True,0,Near Park (pin is a guess near this landmark),Promoted to nearest un-repelled landmark POI 'Park',landmark_poi_fallback,0.0,,Ram Nagar,970203,0.0,970203,Ram Nagar
AD001374,AC001065,T1,1982.8,-1241.6,landmark,True,0,Near Hanuman Temple (pin is a guess near this landmark),Promoted to nearest un-repelled landmark POI 'Hanuman Temple',landmark_poi_fallback,0.0,,Siddeshwara Colony,960102,0.0,960102,Siddeshwara Colony
AD001375,AC001065,T1,-3155.2,823.8,landmark,True,0,Behind Ganesh Temple (pin is a guess near this landmark),Promoted to nearest un-repelled landmark POI 'Ganesh Temple',landmark_poi_fallback,0.0,,Vinayaka Nagar,960104,0.0,960104,Vinayaka Nagar
AD001376,AC001066,T3,-777.4,-578.9,baseline_coarse,True,0,,Coarse baseline locality/ward centroid,baseline_coarse,0.0,,HMT Colony,980301,0.0,980301,HMT Colony
AD001377,AC001066,T3,1010.6,-1193.0,baseline_street,True,0,,High-precision baseline geocoder (street),baseline_high_precision,0.0,,Teachers Colony,980302,0.0,980302,Teachers Colony
AD001378,AC001067,T1,1943.2,-842.2,baseline_coarse,True,0,,Coarse baseline locality/ward centroid,baseline_coarse,0.0,,Siddeshwara Colony,960102,0.0,960102,Siddeshwara Colony
AD001379,AC001067,OUT,,,unmapped_village,False,0,,Village outside mapped urban town coverage; zero baseline geocode and zero field visits,unmapped_village,0.0,,,992982,0.0,992982,
AD001380,AC001068,T2,1398.1,-1893.3,visits_agree,True,8,Behind Church (about 100 m from pin),Synthesized from 8 verified field visit dwell centroids (visits_agree),field_visit_dwell,0.0,,Patel Nagar,970202,0.2,970202,Patel Nagar
AD001381,AC001068,T2,1034.5,-437.6,visit_1,True,1,Opposite Park (about 110 m from pin) | Remark Cue: Beside Park (conf=0.83),Synthesized from 1 verified field visit dwell centroids (visit_1),field_visit_dwell,0.0,gali no. 1,Indira Colony,970202,0.832,970202,Indira Colony
AD001382,AC001069,T3,-447.3,-3356.9,visit_1,True,1,Near Park (about 150 m from pin) | Remark Cue: Beside Sarkari School (conf=0.81),Synthesized from 1 verified field visit dwell centroids (visit_1),field_visit_dwell,0.0,,Orchid Enclave,980301,0.807,980301,Orchid Enclave
AD001383,AC001070,T1,2832.2,-2339.2,visit_1,True,1,,Synthesized from 1 verified field visit dwell centroids (visit_1),field_visit_dwell,0.0,7th cross,,960102,0.2,960102,
AD001384,AC001071,T3,-2724.5,-471.0,visits_agree,True,2,Near Church (about 90 m from pin),Synthesized from 2 verified field visit dwell centroids (visits_agree),field_visit_dwell,0.0,,Silver Oak Layout,980301,0.2,980301,Silver Oak Layout
AD001385,AC001071,T3,1141.8,-3394.7,baseline_coarse,True,0,,Coarse baseline locality/ward centroid,baseline_coarse,0.0,f block; 4th road,Unity Nagar,980302,0.0,980302,Unity Nagar
AD001386,AC001072,T3,-403.6,-3397.2,visits_agree,True,8,Field Remark: Beside Sarkari School (conf=0.81),Synthesized from 8 verified field visit dwell centroids (visits_agree),field_visit_dwell,0.0,,Orchid Enclave,980301,0.807,980301,Orchid Enclave
AD001387,AC001073,T1,3330.8,-2001.4,visits_agree,True,2,,Synthesized from 2 verified field visit dwell centroids (visits_agree),field_visit_dwell,0.0,,Nehru Colony,960102,0.2,960102,Nehru Colony
AD001388,AC001073,T1,2946.1,-2643.5,cross_account_street,True,0,,Coarse baseline locality/ward centroid,baseline_coarse,0.0,2nd cross,,960102,0.0,960102,
AD001389,AC001074,T1,598.5,2374.0,visit_1,True,1,,Synthesized from 1 verified field visit dwell centroids (visit_1),field_visit_dwell,0.0,6th cross; 6th main,Anjaneya Badavane,960103,0.2,960103,Anjaneya Badavane
AD001390,AC001075,T3,-173.7,-3339.8,cross_account_street,True,0,,Coarse baseline locality/ward centroid,baseline_coarse,0.0,5th road,Orchid Enclave,980301,0.0,980301,Orchid Enclave
AD001391,AC001076,T3,-2628.4,-49.8,visits_agree,True,3,Opposite Govt School (about 130 m from pin) | Remark Cue: Beside Sarkari School (conf=0.83),Synthesized from 3 verified field visit dwell centroids (visits_agree),field_visit_dwell,0.0,,Silver Oak Layout,,0.832,,Silver Oak Layout
AD001392,AC001076,T3,-3663.5,-835.3,baseline_coarse,True,0,,Coarse baseline locality/ward centroid,baseline_coarse,0.0,,Green Park Layout,,0.0,,Green Park Layout
AD001393,AC001077,T1,-1365.3,538.5,visit_1,True,1,,Synthesized from 1 verified field visit dwell centroids (visit_1),field_visit_dwell,0.0,7th x; 3rd main,Ashoka Layout,960104,0.2,960104,Ashoka Layout
AD001394,AC001078,T3,3051.1,-2317.6,landmark,True,0,Behind Milk Dairy (pin is a guess near this landmark),Promoted to nearest un-repelled landmark POI 'Milk Dairy',landmark_poi_fallback,0.0,,Palm Meadows,980302,0.0,980302,Palm Meadows
AD001395,AC001079,T3,1353.7,-1076.6,visits_agree,True,6,Near Medical Store (about 190 m from pin) | Remark Cue: Opposite Medical Store (conf=0.85),Synthesized from 6 verified field visit dwell centroids (visits_agree),field_visit_dwell,0.0,1st road,Teachers Colony,980302,0.85,980302,Teachers Colony
AD001396,AC001079,T3,-651.7,-3390.5,visit_1,True,1,,Synthesized from 1 verified field visit dwell centroids (visit_1),field_visit_dwell,0.0,,Orchid Enclave,980301,0.2,980301,Orchid Enclave
AD001397,AC001080,T2,1694.8,-1675.7,visits_agree,True,4,Field Remark: Beside Ganesh Mandir (conf=0.81),Synthesized from 4 verified field visit dwell centroids (visits_agree),field_visit_dwell,0.0,gali no. 11,Patel Nagar,970202,0.807,970202,Patel Nagar
AD001398,AC001080,OUT,,,unmapped_village,False,0,,Village outside mapped urban town coverage; zero baseline geocode and zero field visits,unmapped_village,0.0,,,991761,0.0,991761,
AD001399,AC001081,T3,-2006.2,1866.7,baseline_street,True,0,,High-precision baseline geocoder (street),baseline_high_precision,0.0,,Railway Colony,980304,0.0,980304,Railway Colony
AD001400,AC001081,OUT,,,unmapped_village,False,0,,Village outside mapped urban town coverage; zero baseline geocode and zero field visits,unmapped_village,0.0,,,999344,0.0,999344,
AD001401,AC001082,T1,-1177.5,-3196.8,baseline_coarse,True,0,,Coarse baseline locality/ward centroid,baseline_coarse,0.0,3rd cross; 3rd main,Basava Nagar,960101,0.0,960101,Basava Nagar
AD001402,AC001082,T1,304.3,2577.8,baseline_coarse,True,0,,Coarse baseline locality/ward centroid,baseline_coarse,0.0,9th cross; 2nd main,Anjaneya Badavane,960103,0.0,960103,Anjaneya Badavane
AD001403,AC001083,T2,1014.3,-72.9,cross_account_street,True,0,,Coarse baseline locality/ward centroid,baseline_coarse,0.0,gali no. 5,Indira Colony,970202,0.0,970202,Indira Colony
AD001404,AC001083,T2,-1605.8,-2971.2,baseline_street,True,0,,High-precision baseline geocoder (street),baseline_high_precision,0.0,gali 3,Subhash Nagar,970201,0.0,970201,Subhash Nagar
AD001405,AC001084,T3,-3706.9,-982.2,baseline_coarse,True,0,,Coarse baseline locality/ward centroid,baseline_coarse,0.0,1st rd,Green Park Layout,980301,0.0,980301,Green Park Layout
AD001406,AC001084,T3,-3793.5,-908.3,baseline_coarse,True,0,,Coarse baseline locality/ward centroid,baseline_coarse,0.0,6th rd,Green Park Layout,980301,0.0,980301,Green Park Layout
AD001407,AC001085,T3,-610.8,3318.4,baseline_coarse,True,0,,Coarse baseline locality/ward centroid,baseline_coarse,0.0,,Sunrise Enclave,980304,0.0,980304,Sunrise Enclave
AD001408,AC001086,T1,2627.5,931.7,visits_agree,True,6,Near Masjid (about 30 m from pin) | Remark Cue: Near Masjid (conf=0.82),Synthesized from 6 verified field visit dwell centroids (visits_agree),field_visit_dwell,0.0,5th cross; 6th main,Vidya Nagar,960103,0.819,960103,Vidya Nagar
AD001409,AC001087,T2,-1630.7,-3030.7,baseline_coarse,True,0,,Coarse baseline locality/ward centroid,baseline_coarse,0.0,gali no. 2,Subhash Nagar,970201,0.0,970201,Subhash Nagar
AD001410,AC001087,T2,-789.1,2907.8,baseline_street,True,0,,High-precision baseline geocoder (street),baseline_high_precision,0.0,gali 3,,970202,0.0,970202,
AD001411,AC001088,T1,3072.2,-2466.7,baseline_street,True,0,,High-precision baseline geocoder (street),baseline_high_precision,0.0,6th x; 6th main,Nehru Colony,960102,0.0,960102,Nehru Colony
AD001412,AC001089,T1,-3053.6,1121.0,baseline_coarse,True,0,,Coarse baseline locality/ward centroid,baseline_coarse,0.0,4th cross,Vinayaka Nagar,960104,0.0,960104,Vinayaka Nagar
AD001413,AC001089,T1,-3155.2,823.8,landmark,True,0,Near Ganesh Temple (pin is a guess near this landmark),Promoted to nearest un-repelled landmark POI 'Ganesh Temple',landmark_poi_fallback,0.0,2nd cross; 3rd main,Vinayaka Nagar,960104,0.0,960104,Vinayaka Nagar
AD001414,AC001090,T1,551.2,-2632.6,visit_1,True,1,,Synthesized from 1 verified field visit dwell centroids (visit_1),field_visit_dwell,0.0,12th cross; 3rd main,Gandhi Nagar,960102,0.2,960102,Gandhi Nagar
AD001415,AC001090,T1,2627.8,962.2,landmark,True,0,Near Masjid (pin is a guess near this landmark),Promoted to nearest un-repelled landmark POI 'Masjid',landmark_poi_fallback,0.0,8th main,Vidya Nagar,960103,0.0,960103,Vidya Nagar
AD001416,AC001091,T1,2605.5,-1655.0,visits_agree,True,4,,Synthesized from 4 verified field visit dwell centroids (visits_agree),field_visit_dwell,0.0,12th cross; 1st main,Nehru Colony,960102,0.2,960102,Nehru Colony
AD001417,AC001092,T2,1203.8,-447.1,visits_disagree,True,5,Near Park (about 180 m from pin),Synthesized from 5 verified field visit dwell centroids (visits_disagree),field_visit_dwell,0.0,233 gali,Indira Colony,,0.2,,Indira Colony
AD001418,AC001092,OUT,,,unmapped_village,False,0,,Village outside mapped urban town coverage; zero baseline geocode and zero field visits,unmapped_village,0.0,,,991193,0.0,991193,
AD001419,AC001093,T1,1247.4,-1496.1,baseline_coarse,True,0,,Coarse baseline locality/ward centroid,baseline_coarse,0.0,1st cross,,960102,0.0,960102,
AD001420,AC001093,T1,-2042.0,-2085.1,visit_1,True,1,,Synthesized from 1 verified field visit dwell centroids (visit_1),field_visit_dwell,0.0,11th cross,Shanthi Nagar,960101,0.2,960101,Shanthi Nagar
AD001421,AC001094,T3,-2652.1,-214.7,baseline_coarse,True,0,,Coarse baseline locality/ward centroid,baseline_coarse,0.0,,Silver Oak Layout,980301,0.0,980301,Silver Oak Layout
AD001422,AC001095,T3,3979.6,674.5,visits_disagree,True,7,,Synthesized from 7 verified field visit dwell centroids (visits_disagree),field_visit_dwell,0.0,f block; 4th rd,Lakeview Phase 2,980303,0.2,980303,Lakeview Phase 2
AD001423,AC001095,OUT,,,unmapped_village,False,0,,Village outside mapped urban town coverage; zero baseline geocode and zero field visits,unmapped_village,0.0,,,998020,0.0,998020,
AD001424,AC001096,T2,562.2,2345.4,visits_disagree,True,2,,Synthesized from 2 verified field visit dwell centroids (visits_disagree),field_visit_dwell,0.0,gali no. 3,Azad Mohalla,970203,0.2,970203,Azad Mohalla
AD001425,AC001096,T2,859.9,-3302.3,visit_1,True,1,,Synthesized from 1 verified field visit dwell centroids (visit_1),field_visit_dwell,0.0,gali 3,Shivaji Nagar,970202,0.2,970202,Shivaji Nagar
AD001426,AC001097,T1,-2413.6,1348.9,baseline_coarse,True,0,,Coarse baseline locality/ward centroid,baseline_coarse,0.0,9th cross; 8th main,,960104,0.0,960104,
AD001427,AC001098,T3,732.3,-1067.4,landmark,True,0,Near Church (pin is a guess near this landmark),Promoted to nearest un-repelled landmark POI 'Church',landmark_poi_fallback,0.0,a block; 6th road,Teachers Colony,980302,0.0,980302,Teachers Colony
AD001428,AC001099,T1,-2799.4,893.5,landmark,True,0,Opposite Post Office (pin is a guess near this landmark),Promoted to nearest un-repelled landmark POI 'Post Office',landmark_poi_fallback,0.0,1st cross; 4th main,Vinayaka Nagar,960104,0.0,960104,Vinayaka Nagar
AD001429,AC001099,OUT,,,unmapped_village,False,0,,Village outside mapped urban town coverage; zero baseline geocode and zero field visits,unmapped_village,0.0,,,993161,0.0,993161,
AD001430,AC001100,T2,1290.0,2874.0,visits_agree,True,2,Field Remark: Near Bus Stop (conf=0.82),Synthesized from 2 verified field visit dwell centroids (visits_agree),field_visit_dwell,0.0,,Azad Mohalla,970203,0.819,970203,Azad Mohalla
AD001431,AC001101,T1,1092.3,-419.8,landmark,True,0,Near Hanuman Temple (pin is a guess near this landmark),Promoted to nearest un-repelled landmark POI 'Hanuman Temple',landmark_poi_fallback,0.0,6th main,Kuvempu Layout,960102,0.0,960102,Kuvempu Layout
AD001432,AC001102,T3,-520.4,-3364.0,visit_1,True,1,,Synthesized from 1 verified field visit dwell centroids (visit_1),field_visit_dwell,0.0,,Orchid Enclave,980301,0.2,980301,Orchid Enclave
AD001433,AC001103,T1,2732.4,-2471.7,visits_agree,True,8,Near Hanuman Temple (about 190 m from pin) | Remark Cue: Behind Hanuman Temple (conf=0.83),Synthesized from 8 verified field visit dwell centroids (visits_agree),field_visit_dwell,0.0,3rd; 5th main,Nehru Colony,960102,0.83,960102,Nehru Colony
AD001434,AC001104,T3,710.9,-876.2,visit_1,True,1,,Synthesized from 1 verified field visit dwell centroids (visit_1),field_visit_dwell,0.0,d block; 3rd road,Teachers Colony,980302,0.2,980302,Teachers Colony
AD001435,AC001104,T3,-429.0,3335.1,baseline_coarse,True,0,,Coarse baseline locality/ward centroid,baseline_coarse,0.0,,,980303,0.0,980303,
AD001436,AC001105,T3,-2310.7,1225.5,visits_agree,True,6,Field Remark: Behind Samudaya Bhavana (conf=0.83),Synthesized from 6 verified field visit dwell centroids (visits_agree),field_visit_dwell,0.0,3rd road,Railway Colony,,0.83,,Railway Colony
AD001437,AC001106,T3,-2423.1,-618.2,visits_agree,True,3,Opposite Masjid (about 90 m from pin) | Remark Cue: Behind Mosque (conf=0.83),Synthesized from 3 verified field visit dwell centroids (visits_agree),field_visit_dwell,0.0,,Silver Oak Layout,980301,0.83,980301,Silver Oak Layout
AD001438,AC001107,T3,-2370.1,1695.4,baseline_coarse,True,0,,Coarse baseline locality/ward centroid,baseline_coarse,0.0,2nd road,Railway Colony,980304,0.0,980304,Railway Colony
AD001439,AC001108,T3,-171.2,-3644.3,baseline_coarse,True,0,,Coarse baseline locality/ward centroid,baseline_coarse,0.0,,Orchid Enclave,980301,0.0,980301,Orchid Enclave
AD001440,AC001108,T3,-839.6,-649.1,baseline_coarse,True,0,,Coarse baseline locality/ward centroid,baseline_coarse,0.0,,HMT Colony,980301,0.0,980301,HMT Colony
AD001441,AC001109,T3,3638.9,93.0,visit_1,True,1,,Synthesized from 1 verified field visit dwell centroids (visit_1),field_visit_dwell,0.0,4th rd,Lakeview Phase 2,980303,0.2,980303,Lakeview Phase 2
AD001442,AC001110,T1,2005.9,-1809.6,baseline_coarse,True,0,,Coarse baseline locality/ward centroid,baseline_coarse,0.0,,,960102,0.0,960102,
AD001443,AC001111,T3,-681.4,-3259.3,visits_agree,True,6,Near Hanuman Temple (about 120 m from pin),Synthesized from 6 verified field visit dwell centroids (visits_agree),field_visit_dwell,0.0,,Orchid Enclave,980301,0.2,980301,Orchid Enclave
AD001444,AC001112,T1,755.2,-283.6,visits_agree,True,2,,Synthesized from 2 verified field visit dwell centroids (visits_agree),field_visit_dwell,0.0,,Kuvempu Layout,960102,0.2,960102,Kuvempu Layout
AD001445,AC001113,T2,1017.0,934.6,baseline_coarse,True,0,,Coarse baseline locality/ward centroid,baseline_coarse,0.0,,Gandhi Basti,,0.0,,Gandhi Basti
AD001446,AC001113,T2,1722.9,-2340.4,landmark,True,0,Near Medical Store (pin is a guess near this landmark),Promoted to nearest un-repelled landmark POI 'Medical Store',landmark_poi_fallback,0.0,322 gali,,970202,0.0,970202,
AD001447,AC001114,T2,-1332.8,-2867.1,visits_disagree,True,8,Field Remark: Beside Dawai Ki Dukaan (conf=0.81),Synthesized from 8 verified field visit dwell centroids (visits_disagree),field_visit_dwell,0.0,gali no. 4,Subhash Nagar,970201,0.807,970201,Subhash Nagar
AD001448,AC001115,T3,-2678.2,-543.8,landmark,True,0,Opposite Church (pin is a guess near this landmark),Promoted to nearest un-repelled landmark POI 'Church',landmark_poi_fallback,0.0,b block; 6th road,Silver Oak Layout,980301,0.0,980301,Silver Oak Layout
AD001449,AC001116,T1,1375.2,-1911.3,baseline_coarse,True,0,,Coarse baseline locality/ward centroid,baseline_coarse,0.0,3rd x; 4th main,,960102,0.0,960102,
AD001450,AC001117,T2,2484.7,-1042.6,visits_disagree,True,5,,Synthesized from 5 verified field visit dwell centroids (visits_disagree),field_visit_dwell,0.0,gali no. 8,Krishna Puri,,0.2,,Krishna Puri
AD001451,AC001118,T2,-641.2,-647.3,baseline_street,True,0,Near Post Office (about 110 m from pin),High-precision baseline geocoder (street),baseline_high_precision,0.0,gali 5,Shastri Nagar,970201,0.0,970201,Shastri Nagar
AD001452,AC001118,OUT,,,unmapped_village,False,0,,Village outside mapped urban town coverage; zero baseline geocode and zero field visits,unmapped_village,0.0,,,999767,0.0,999767,
AD001453,AC001119,T3,-2401.6,1615.4,baseline_coarse,True,0,,Coarse baseline locality/ward centroid,baseline_coarse,0.0,,Railway Colony,,0.0,,Railway Colony
AD001454,AC001120,T1,-834.6,-2978.5,landmark,True,0,Near Church (pin is a guess near this landmark),Promoted to nearest un-repelled landmark POI 'Church',landmark_poi_fallback,0.0,12th cross,Basava Nagar,960101,0.0,960101,Basava Nagar
AD001455,AC001121,T2,1367.7,-2027.1,baseline_street,True,0,Near Milk Dairy (about 100 m from pin),High-precision baseline geocoder (street),baseline_high_precision,0.0,gali 7,Patel Nagar,970202,0.0,970202,Patel Nagar
AD001456,AC001121,T2,909.1,25.0,baseline_coarse,True,0,,Coarse baseline locality/ward centroid,baseline_coarse,0.0,,Indira Colony,970202,0.0,970202,Indira Colony
AD001457,AC001122,T2,1030.4,2568.0,visits_agree,True,2,Opposite Govt School (about 120 m from pin) | Remark Cue: Beside Sarkari School (conf=0.83),Synthesized from 2 verified field visit dwell centroids (visits_agree),field_visit_dwell,0.0,,Azad Mohalla,970203,0.832,970203,Azad Mohalla
AD001458,AC001123,T3,-2854.8,-389.6,visits_agree,True,6,Field Remark: Near Bus Stop (conf=0.82),Synthesized from 6 verified field visit dwell centroids (visits_agree),field_visit_dwell,0.0,,Silver Oak Layout,980301,0.819,980301,Silver Oak Layout
AD001459,AC001123,OUT,,,unmapped_village,False,0,,Village outside mapped urban town coverage; zero baseline geocode and zero field visits,unmapped_village,0.0,,,994563,0.0,994563,
AD001460,AC001124,T3,3246.0,-1984.0,baseline_street,True,0,,High-precision baseline geocoder (street),baseline_high_precision,0.0,,Palm Meadows,980302,0.0,980302,Palm Meadows
AD001461,AC001125,T1,-2799.4,893.5,landmark,True,0,Near Post Office (pin is a guess near this landmark),Promoted to nearest un-repelled landmark POI 'Post Office',landmark_poi_fallback,13.56,3rd cross; 5th main,Vinayaka Nagar,,0.0,,Vinayaka Nagar
AD001462,AC001126,T1,962.6,-3347.2,visits_agree,True,5,,Synthesized from 5 verified field visit dwell centroids (visits_agree),field_visit_dwell,0.0,2nd x,Gandhi Nagar,960102,0.2,960102,Gandhi Nagar
AD001463,AC001127,T3,-2652.6,1795.5,baseline_coarse,True,0,,Coarse baseline locality/ward centroid,baseline_coarse,0.0,,,980303,0.0,980303,
AD001464,AC001127,OUT,,,unmapped_village,False,0,,Village outside mapped urban town coverage; zero baseline geocode and zero field visits,unmapped_village,0.0,,,996541,0.0,996541,
AD001465,AC001128,T2,-783.5,-749.8,visits_agree,True,3,Near Masjid (about 130 m from pin) | Remark Cue: Near Masjid (conf=0.82),Synthesized from 3 verified field visit dwell centroids (visits_agree),field_visit_dwell,0.0,gali no. 1,Shastri Nagar,970201,0.819,970201,Shastri Nagar
AD001466,AC001129,T3,3633.3,-19.3,visits_agree,True,4,Field Remark: Opposite Bus Stand (conf=0.85),Synthesized from 4 verified field visit dwell centroids (visits_agree),field_visit_dwell,0.0,,Lakeview Phase 2,,0.85,,Lakeview Phase 2
AD001467,AC001130,T3,3205.8,-1685.6,landmark,True,0,Near Post Office (pin is a guess near this landmark),Promoted to nearest un-repelled landmark POI 'Post Office',landmark_poi_fallback,9.61,4th road,Palm Meadows,908302,0.0,908302,Palm Meadows
AD001468,AC001131,T1,444.8,-2899.2,baseline_coarse,True,0,,Coarse baseline locality/ward centroid,baseline_coarse,0.0,4th cross; 1st main,Gandhi Nagar,960102,0.0,960102,Gandhi Nagar
AD001469,AC001132,T3,-2621.2,1441.8,visits_agree,True,5,Field Remark: Near Masidi (conf=0.82),Synthesized from 5 verified field visit dwell centroids (visits_agree),field_visit_dwell,0.0,b block; 6th rd,Railway Colony,980304,0.819,980304,Railway Colony
AD001470,AC001132,T3,293.1,2048.2,baseline_street,True,0,Opposite Ration Shop (about 130 m from pin),High-precision baseline geocoder (street),baseline_high_precision,0.0,,Royal Gardens,980303,0.0,980303,Royal Gardens
AD001471,AC001133,T1,3049.4,-2157.6,landmark,True,0,Opposite Ration Shop (pin is a guess near this landmark),Promoted to nearest un-repelled landmark POI 'Ration Shop',landmark_poi_fallback,0.0,11th cross; 6th main,Nehru Colony,960102,0.0,960102,Nehru Colony
AD001472,AC001134,T3,-422.5,-3926.4,visits_disagree,True,5,Field Remark: Behind Ganapathi Temple (conf=0.83),Synthesized from 5 verified field visit dwell centroids (visits_disagree),field_visit_dwell,0.0,,,980301,0.83,980301,
AD001473,AC001134,T3,678.0,1291.3,visit_1,True,1,,Synthesized from 1 verified field visit dwell centroids (visit_1),field_visit_dwell,0.0,c block; 5th road,Royal Gardens,980303,0.2,980303,Royal Gardens
AD001474,AC001135,T2,1185.3,-2043.0,landmark,True,0,Opposite Govt School (pin is a guess near this landmark),Promoted to nearest un-repelled landmark POI 'Govt School',landmark_poi_fallback,0.0,,Patel Nagar,970202,0.0,970202,Patel Nagar
AD001475,AC001135,T2,1171.8,21.4,baseline_coarse,True,0,,Coarse baseline locality/ward centroid,baseline_coarse,0.0,,Indira Colony,970202,0.0,970202,Indira Colony
AD001476,AC001136,T3,-768.2,3483.0,landmark,True,0,Opposite Park (pin is a guess near this landmark),Promoted to nearest un-repelled landmark POI 'Park',landmark_poi_fallback,0.0,,Sunrise Enclave,980304,0.0,980304,Sunrise Enclave
AD001477,AC001137,T1,-769.1,-1345.8,baseline_coarse,True,0,,Coarse baseline locality/ward centroid,baseline_coarse,0.0,,Hosa Badavane,960101,0.0,960101,Hosa Badavane
AD001478,AC001138,T2,-310.8,990.8,landmark,True,0,Near Masjid (pin is a guess near this landmark),Promoted to nearest un-repelled landmark POI 'Masjid',landmark_poi_fallback,0.0,gali 3,Tilak Nagar,970204,0.0,970204,Tilak Nagar
AD001479,AC001139,T1,2985.5,-2495.4,visits_disagree,True,8,Field Remark: Opposite Milk Dairy (conf=0.85),Synthesized from 8 verified field visit dwell centroids (visits_disagree),field_visit_dwell,0.0,,Nehru Colony,960102,0.85,960102,Nehru Colony
AD001480,AC001140,T3,3628.2,-2240.7,visits_agree,True,2,Field Remark: Opposite Udyanavana (conf=0.85),Synthesized from 2 verified field visit dwell centroids (visits_agree),field_visit_dwell,0.0,,Palm Meadows,980302,0.85,980302,Palm Meadows
AD001481,AC001141,T3,2874.3,-1833.5,visits_agree,True,6,Field Remark: Opposite Anche Kacheri (conf=0.85),Synthesized from 6 verified field visit dwell centroids (visits_agree),field_visit_dwell,0.0,d block; 6th road,Palm Meadows,980302,0.85,980302,Palm Meadows
AD001482,AC001142,T3,3433.8,-1644.8,landmark,True,0,Behind Ganesh Temple (pin is a guess near this landmark),Promoted to nearest un-repelled landmark POI 'Ganesh Temple',landmark_poi_fallback,0.0,,Palm Meadows,980302,0.0,980302,Palm Meadows
AD001483,AC001143,T3,-498.6,3142.2,baseline_coarse,True,0,,Coarse baseline locality/ward centroid,baseline_coarse,0.0,a block; 6th rd,,980303,0.0,980303,
AD001484,AC001144,T1,2740.1,-2429.8,baseline_coarse,True,0,,Coarse baseline locality/ward centroid,baseline_coarse,0.0,,Nehru Colony,960102,0.0,960102,Nehru Colony
AD001485,AC001144,T1,874.5,-3188.1,baseline_coarse,True,0,,Coarse baseline locality/ward centroid,baseline_coarse,0.0,,Gandhi Nagar,960102,0.0,960102,Gandhi Nagar
AD001486,AC001145,T3,-108.9,190.6,baseline_coarse,True,0,,Coarse baseline locality/ward centroid,baseline_coarse,0.0,,,,0.0,,
AD001487,AC001146,T2,1782.5,-2167.1,baseline_coarse,True,0,,Coarse baseline locality/ward centroid,baseline_coarse,0.0,,Patel Nagar,970202,0.0,970202,Patel Nagar
AD001488,AC001146,T2,-1507.4,-2857.9,visits_agree,True,2,Field Remark: Beside Hanuman Mandir (conf=0.83),Synthesized from 2 verified field visit dwell centroids (visits_agree),field_visit_dwell,0.0,gali no. 5,Subhash Nagar,970201,0.832,970201,Subhash Nagar
AD001489,AC001147,T2,1275.0,-1769.7,visits_agree,True,2,,Synthesized from 2 verified field visit dwell centroids (visits_agree),field_visit_dwell,0.0,,Patel Nagar,970202,0.2,970202,Patel Nagar
AD001490,AC001148,T1,-1544.9,451.9,visits_agree,True,2,Field Remark: Behind Church (conf=0.83),Synthesized from 2 verified field visit dwell centroids (visits_agree),field_visit_dwell,0.0,,Ashoka Layout,960104,0.83,960104,Ashoka Layout
AD001491,AC001149,T3,3703.3,-2173.9,baseline_street,True,0,Near Park (about 200 m from pin),High-precision baseline geocoder (street),baseline_high_precision,0.0,2nd road,Palm Meadows,980302,0.0,980302,Palm Meadows
AD001492,AC001149,OUT,,,unmapped_village,False,0,,Village outside mapped urban town coverage; zero baseline geocode and zero field visits,unmapped_village,0.0,,,998875,0.0,998875,
AD001493,AC001150,T2,659.9,-2908.5,visits_agree,True,3,Field Remark: Opposite Doodh Dairy (conf=0.85),Synthesized from 3 verified field visit dwell centroids (visits_agree),field_visit_dwell,0.0,gali 8,Ram Nagar,970203,0.85,970203,Ram Nagar
AD001494,AC001150,T2,726.5,-3044.8,visit_1,True,1,,Synthesized from 1 verified field visit dwell centroids (visit_1),field_visit_dwell,0.0,gali no. 6,Shivaji Nagar,970202,0.2,970202,Shivaji Nagar
AD001495,AC001151,T2,1255.1,-1854.8,visits_agree,True,9,Field Remark: Opposite Community Hall (conf=0.85),Synthesized from 9 verified field visit dwell centroids (visits_agree),field_visit_dwell,0.0,gali no. 10,,970202,0.85,970202,
AD001496,AC001152,T1,1816.3,-1306.1,visit_1,True,1,,Synthesized from 1 verified field visit dwell centroids (visit_1),field_visit_dwell,0.0,3rd cross; 3rd main,Siddeshwara Colony,960102,0.2,960102,Siddeshwara Colony
AD001497,AC001153,T2,1543.4,-2177.2,baseline_coarse,True,0,,Coarse baseline locality/ward centroid,baseline_coarse,0.0,gali no. 7,Patel Nagar,970202,0.0,970202,Patel Nagar
AD001498,AC001154,T1,2792.5,-2125.6,landmark,True,0,Near Community Hall (pin is a guess near this landmark),Promoted to nearest un-repelled landmark POI 'Community Hall',landmark_poi_fallback,0.0,3rd cross; 7th main,Nehru Colony,960102,0.0,960102,Nehru Colony
AD001499,AC001155,T3,3518.4,-5.2,visits_disagree,True,8,Field Remark: Opposite Samudaya Bhavana (conf=0.85),Synthesized from 8 verified field visit dwell centroids (visits_disagree),field_visit_dwell,0.0,a block; 3rd road,Lakeview Phase 2,980303,0.85,980303,Lakeview Phase 2
AD001500,AC001156,T3,-2717.6,1319.7,baseline_street,True,0,,High-precision baseline geocoder (street),baseline_high_precision,0.0,a block; 4th rd,Railway Colony,980304,0.0,980304,Railway Colony
AD001501,AC001156,T3,1607.2,-1807.7,baseline_coarse,True,0,,Coarse baseline locality/ward centroid,baseline_coarse,0.0,,,980302,0.0,980302,
AD001502,AC001157,T3,-2367.3,-1426.6,baseline_coarse,True,0,,Coarse baseline locality/ward centroid,baseline_coarse,0.0,5th rd,,980301,0.0,980301,
AD001503,AC001158,T2,2895.7,-1488.6,visits_disagree,True,7,Field Remark: Near Ganesh Mandir (conf=0.80),Synthesized from 7 verified field visit dwell centroids (visits_disagree),field_visit_dwell,0.0,2 gali,Krishna Puri,970202,0.795,970202,Krishna Puri
AD001504,AC001159,T2,960.4,2733.4,baseline_coarse,True,0,,Coarse baseline locality/ward centroid,baseline_coarse,0.0,,Azad Mohalla,970203,0.0,970203,Azad Mohalla
AD001505,AC001160,T2,1066.7,2652.1,visits_agree,True,7,Behind Bus Stop (about 30 m from pin) | Remark Cue: Opposite Bus Stop (conf=0.85),Synthesized from 7 verified field visit dwell centroids (visits_agree),field_visit_dwell,0.0,,Azad Mohalla,970203,0.85,970203,Azad Mohalla
AD001506,AC001160,T2,-749.2,3343.4,cross_account_street,True,0,,Coarse baseline locality/ward centroid,baseline_coarse,0.0,gali no. 10,Ambedkar Nagar,970204,0.0,970204,Ambedkar Nagar
AD001507,AC001161,T3,-2586.0,1853.4,baseline_coarse,True,0,,Coarse baseline locality/ward centroid,baseline_coarse,0.0,,Railway Colony,980304,0.0,980304,Railway Colony
AD001508,AC001162,T1,-2184.5,-2407.6,landmark,True,0,Near Govt School (pin is a guess near this landmark),Promoted to nearest un-repelled landmark POI 'Govt School',landmark_poi_fallback,0.0,,Shanthi Nagar,960101,0.0,960101,Shanthi Nagar
AD001509,AC001163,T1,3106.5,-2561.4,visits_disagree,True,7,Field Remark: Behind Milk Dairy (conf=0.80),Synthesized from 7 verified field visit dwell centroids (visits_disagree),field_visit_dwell,0.0,8th main,,960101,0.795,960101,
AD001510,AC001164,T2,989.3,-261.7,baseline_coarse,True,0,,Coarse baseline locality/ward centroid,baseline_coarse,0.0,,Indira Colony,970202,0.0,970202,Indira Colony
AD001511,AC001165,T2,674.9,1444.0,landmark,True,0,Near Post Office (pin is a guess near this landmark),Promoted to nearest un-repelled landmark POI 'Post Office',landmark_poi_fallback,0.0,36 gali,Gandhi Basti,970203,0.0,970203,Gandhi Basti
AD001512,AC001166,T3,-764.5,-471.1,landmark,True,0,Near Post Office (pin is a guess near this landmark),Promoted to nearest un-repelled landmark POI 'Post Office',landmark_poi_fallback,0.0,,HMT Colony,980301,0.0,980301,HMT Colony
AD001513,AC001166,T3,581.0,1779.9,baseline_coarse,True,0,,Coarse baseline locality/ward centroid,baseline_coarse,0.0,5th road,Royal Gardens,980303,0.0,980303,Royal Gardens
AD001514,AC001167,T1,-1707.8,-2403.1,baseline_coarse,True,0,,Coarse baseline locality/ward centroid,baseline_coarse,0.0,5th cross,,960101,0.0,960101,
AD001515,AC001168,T2,1431.7,-2393.6,cross_account_street,True,0,,Coarse baseline locality/ward centroid,baseline_coarse,0.0,gali no. 2,Patel Nagar,970202,0.0,970202,Patel Nagar
AD001516,AC001169,T1,666.2,-2631.2,visits_agree,True,6,,Synthesized from 6 verified field visit dwell centroids (visits_agree),field_visit_dwell,0.0,12th cross; 4th main,,960102,0.3,960102,
AD001517,AC001170,T1,1171.6,-2988.3,baseline_street,True,0,,High-precision baseline geocoder (street),baseline_high_precision,0.0,5th cross; 8th main,Gandhi Nagar,960102,0.0,960102,Gandhi Nagar
AD001518,AC001170,OUT,,,unmapped_village,False,0,,Village outside mapped urban town coverage; zero baseline geocode and zero field visits,unmapped_village,0.0,,,999148,0.0,999148,
AD001519,AC001171,T3,1081.1,-3832.5,baseline_coarse,True,0,,Coarse baseline locality/ward centroid,baseline_coarse,0.0,,Unity Nagar,,0.0,,Unity Nagar
AD001520,AC001172,T3,-628.3,-3706.5,visits_disagree,True,8,Field Remark: Opposite Masidi (conf=0.85),Synthesized from 8 verified field visit dwell centroids (visits_disagree),field_visit_dwell,0.0,5th road,Orchid Enclave,980301,0.85,980301,Orchid Enclave
AD001521,AC001173,T3,-734.5,3285.9,visits_agree,True,6,Field Remark: Opposite Community Hall (conf=0.85),Synthesized from 6 verified field visit dwell centroids (visits_agree),field_visit_dwell,0.0,,Sunrise Enclave,980304,0.85,980304,Sunrise Enclave
AD001522,AC001173,OUT,,,unmapped_village,False,0,,Village outside mapped urban town coverage; zero baseline geocode and zero field visits,unmapped_village,0.0,,,999928,0.0,999928,
AD001523,AC001174,T2,2947.3,261.8,visits_agree,True,4,Opposite Community Hall (about 50 m from pin),Synthesized from 4 verified field visit dwell centroids (visits_agree),field_visit_dwell,0.0,gali 3,Nehru Colony,970203,0.2,970203,Nehru Colony
AD001524,AC001175,T3,4268.6,163.7,visits_agree,True,5,,Synthesized from 5 verified field visit dwell centroids (visits_agree),field_visit_dwell,0.0,,Lakeview Phase 2,980303,0.398,980303,Lakeview Phase 2
AD001525,AC001175,T3,-877.2,-824.3,baseline_street,True,0,Near Ration Shop (about 120 m from pin),High-precision baseline geocoder (street),baseline_high_precision,0.0,b block; 2nd road,HMT Colony,980301,0.0,980301,HMT Colony
AD001526,AC001176,T2,1007.8,-2813.1,visit_1,True,1,Near Community Hall (about 190 m from pin),Synthesized from 1 verified field visit dwell centroids (visit_1),field_visit_dwell,0.0,,Shivaji Nagar,970202,0.2,970202,Shivaji Nagar
AD001527,AC001176,OUT,,,unmapped_village,False,0,,Village outside mapped urban town coverage; zero baseline geocode and zero field visits,unmapped_village,0.0,,,993104,0.0,993104,
AD001528,AC001177,T2,1235.1,-2536.6,visits_disagree,True,3,Near Masjid (about 110 m from pin),Synthesized from 3 verified field visit dwell centroids (visits_disagree),field_visit_dwell,0.0,gali no. 1,Patel Nagar,970202,0.2,970202,Patel Nagar
AD001529,AC001177,OUT,,,unmapped_village,False,0,,Village outside mapped urban town coverage; zero baseline geocode and zero field visits,unmapped_village,0.0,,,996386,0.0,996386,
AD001530,AC001178,T1,1158.1,-342.6,visit_1,True,1,Field Remark: Near Church (conf=0.80),Synthesized from 1 verified field visit dwell centroids (visit_1),field_visit_dwell,0.0,4th main,Kuvempu Layout,960102,0.795,960102,Kuvempu Layout
AD001531,AC001178,T1,-1670.5,1927.3,baseline_coarse,True,0,,Coarse baseline locality/ward centroid,baseline_coarse,0.0,1st cross; 4th main,,960104,0.0,960104,
AD001532,AC001179,T1,-1496.3,-2003.2,baseline_coarse,True,0,,Coarse baseline locality/ward centroid,baseline_coarse,0.0,1st main,,960101,0.0,960101,
AD001533,AC001180,T1,741.5,-2979.3,baseline_coarse,True,0,,Coarse baseline locality/ward centroid,baseline_coarse,0.0,,Gandhi Nagar,960102,0.0,960102,Gandhi Nagar
AD001534,AC001181,T3,-2578.0,-186.0,visits_agree,True,6,,Synthesized from 6 verified field visit dwell centroids (visits_agree),field_visit_dwell,0.0,,,980301,0.2,980301,
AD001535,AC001181,T3,-413.7,3044.8,baseline_coarse,True,0,,Coarse baseline locality/ward centroid,baseline_coarse,0.0,b block; 6th road,Sunrise Enclave,980304,0.0,980304,Sunrise Enclave
AD001536,AC001182,T3,-2447.8,1734.6,baseline_coarse,True,0,,Coarse baseline locality/ward centroid,baseline_coarse,0.0,,,980302,0.0,980302,
AD001537,AC001183,T2,-1528.9,-2813.1,landmark,True,0,Near Hanuman Temple (pin is a guess near this landmark),Promoted to nearest un-repelled landmark POI 'Hanuman Temple',landmark_poi_fallback,0.0,gali 9,Subhash Nagar,970201,0.0,970201,Subhash Nagar
AD001538,AC001183,T2,1075.2,1767.5,baseline_street,True,0,,High-precision baseline geocoder (street),baseline_high_precision,0.0,,Gandhi Basti,970203,0.0,970203,Gandhi Basti
AD001539,AC001184,T1,248.4,1990.5,visits_agree,True,3,Field Remark: Opposite Haalina Dairy (conf=0.85),Synthesized from 3 verified field visit dwell centroids (visits_agree),field_visit_dwell,0.0,2nd x; 2nd main,Anjaneya Badavane,960103,0.85,960103,Anjaneya Badavane
AD001540,AC001185,T3,-2369.7,1821.9,visits_agree,True,3,Field Remark: Opposite Petrol Pump (conf=0.85),Synthesized from 3 verified field visit dwell centroids (visits_agree),field_visit_dwell,0.0,6th road,Railway Colony,980304,0.85,980304,Railway Colony
AD001541,AC001186,T1,-2026.3,2547.9,landmark,True,0,Near Ganesh Temple (pin is a guess near this landmark),Promoted to nearest un-repelled landmark POI 'Ganesh Temple',landmark_poi_fallback,0.0,,Kalyana Nagar,960104,0.0,960104,Kalyana Nagar
AD001542,AC001187,T3,-821.6,-3377.5,baseline_street,True,0,,High-precision baseline geocoder (street),baseline_high_precision,0.0,,Orchid Enclave,980301,0.0,980301,Orchid Enclave
AD001543,AC001188,T2,2577.3,-1320.1,landmark,True,0,Near Water Tank (pin is a guess near this landmark),Promoted to nearest un-repelled landmark POI 'Water Tank',landmark_poi_fallback,0.0,269 gali,Krishna Puri,970202,0.0,970202,Krishna Puri
AD001544,AC001189,T3,-472.9,2955.5,baseline_coarse,True,0,,Coarse baseline locality/ward centroid,baseline_coarse,0.0,,Sunrise Enclave,980304,0.0,980304,Sunrise Enclave
AD001545,AC001189,T3,3550.4,-2296.1,landmark,True,0,Near Park (pin is a guess near this landmark),Promoted to nearest un-repelled landmark POI 'Park',landmark_poi_fallback,0.0,,Palm Meadows,980302,0.0,980302,Palm Meadows
AD001546,AC001190,T1,-1282.3,-3534.8,visit_1,True,1,Field Remark: Near Bus Stop (conf=0.82),Synthesized from 1 verified field visit dwell centroids (visit_1),field_visit_dwell,0.0,1st cross; 2nd main,Basava Nagar,960101,0.819,960101,Basava Nagar
AD001547,AC001190,OUT,,,unmapped_village,False,0,,Village outside mapped urban town coverage; zero baseline geocode and zero field visits,unmapped_village,0.0,,,996393,0.0,996393,
AD001548,AC001191,T1,1756.3,-925.5,baseline_coarse,True,0,,Coarse baseline locality/ward centroid,baseline_coarse,0.0,3rd; 2nd main,Siddeshwara Colony,960102,0.0,960102,Siddeshwara Colony
AD001549,AC001192,T2,2299.6,-1310.4,visits_agree,True,2,Near Govt School (about 150 m from pin),Synthesized from 2 verified field visit dwell centroids (visits_agree),field_visit_dwell,0.0,gali no. 4,Krishna Puri,970202,0.2,970202,Krishna Puri
AD001550,AC001192,OUT,,,unmapped_village,False,0,,Village outside mapped urban town coverage; zero baseline geocode and zero field visits,unmapped_village,0.0,,,995466,0.0,995466,
AD001551,AC001193,T2,1742.2,-2550.3,visits_disagree,True,3,,Synthesized from 3 verified field visit dwell centroids (visits_disagree),field_visit_dwell,0.0,gali 1,Patel Nagar,970202,0.2,970202,Patel Nagar
AD001552,AC001194,T1,2843.8,757.1,landmark,True,0,Near Ration Shop (pin is a guess near this landmark),Promoted to nearest un-repelled landmark POI 'Ration Shop',landmark_poi_fallback,0.0,1st x; 6th main,Vidya Nagar,960103,0.0,960103,Vidya Nagar
AD001553,AC001195,T2,944.6,2651.5,baseline_coarse,True,0,,Coarse baseline locality/ward centroid,baseline_coarse,0.0,,Azad Mohalla,970203,0.0,970203,Azad Mohalla
AD001554,AC001196,T1,2635.4,-2175.8,visits_agree,True,4,Field Remark: Near Udyanavana (conf=0.82),Synthesized from 4 verified field visit dwell centroids (visits_agree),field_visit_dwell,0.0,3rd main,Nehru Colony,960102,0.819,960102,Nehru Colony
AD001555,AC001197,T3,-2585.9,1797.4,visits_agree,True,6,,Synthesized from 6 verified field visit dwell centroids (visits_agree),field_visit_dwell,0.0,,Railway Colony,980304,0.2,980304,Railway Colony
AD001556,AC001198,T2,1034.0,2592.9,visits_agree,True,7,Near Bus Stop (about 90 m from pin),Synthesized from 7 verified field visit dwell centroids (visits_agree),field_visit_dwell,0.0,,Azad Mohalla,970203,0.2,970203,Azad Mohalla
AD001557,AC001199,T2,1565.9,-1851.0,baseline_coarse,True,0,,Coarse baseline locality/ward centroid,baseline_coarse,0.0,,Patel Nagar,970202,0.0,970202,Patel Nagar
AD001558,AC001199,T2,1816.7,1537.4,baseline_coarse,True,0,,Coarse baseline locality/ward centroid,baseline_coarse,0.0,,,970203,0.0,970203,
AD001559,AC001200,T2,2796.5,-1444.2,baseline_coarse,True,0,,Coarse baseline locality/ward centroid,baseline_coarse,0.0,3 gali,Krishna Puri,970202,0.0,970202,Krishna Puri
AD001560,AC001201,T3,-3990.5,-1086.5,landmark,True,0,Opposite Hanuman Temple (pin is a guess near this landmark),Promoted to nearest un-repelled landmark POI 'Hanuman Temple',landmark_poi_fallback,0.0,blockk; 4th rd,Green Park Layout,980301,0.0,980301,Green Park Layout
AD001561,AC001202,T1,1149.5,18.8,baseline_coarse,True,0,,Coarse baseline locality/ward centroid,baseline_coarse,0.0,8th cross,,960104,0.0,960104,
AD001562,AC001202,OUT,,,unmapped_village,False,0,,Village outside mapped urban town coverage; zero baseline geocode and zero field visits,unmapped_village,0.0,,,999125,0.0,999125,
AD001563,AC001203,T3,-705.2,-746.0,visits_agree,True,4,Near Milk Dairy (about 90 m from pin) | Remark Cue: Opposite Milk Dairy (conf=0.85),Synthesized from 4 verified field visit dwell centroids (visits_agree),field_visit_dwell,0.0,,HMT Colony,980301,0.85,980301,HMT Colony
AD001564,AC001204,T3,-639.9,-3367.2,landmark,True,0,Near Hanuman Temple (pin is a guess near this landmark),Promoted to nearest un-repelled landmark POI 'Hanuman Temple',landmark_poi_fallback,2.57,6th rd,Orchid Enclave,980301,0.0,980301,Orchid Enclave
AD001565,AC001204,T3,-368.5,3280.2,baseline_coarse,True,0,,Coarse baseline locality/ward centroid,baseline_coarse,0.0,,Sunrise Enclave,980304,0.0,980304,Sunrise Enclave
AD001566,AC001205,T2,1575.7,-2215.8,baseline_coarse,True,0,,Coarse baseline locality/ward centroid,baseline_coarse,0.0,,Patel Nagar,970202,0.0,970202,Patel Nagar
AD001567,AC001206,T1,2860.6,-2181.8,visits_disagree,True,4,Near Community Hall (about 90 m from pin),Synthesized from 4 verified field visit dwell centroids (visits_disagree),field_visit_dwell,0.0,8th cross; 5th main,Nehru Colony,960102,0.3,960102,Nehru Colony
AD001568,AC001207,T1,2578.3,-2244.7,baseline_coarse,True,0,,Coarse baseline locality/ward centroid,baseline_coarse,0.0,5th main,Nehru Colony,960102,0.0,960102,Nehru Colony
AD001569,AC001208,T3,3388.0,-1378.0,visit_1,True,1,,Synthesized from 1 verified field visit dwell centroids (visit_1),field_visit_dwell,0.0,f block; 6th road,,980302,0.2,980302,
AD001570,AC001209,T1,2622.4,1233.6,visit_1,True,1,,Synthesized from 1 verified field visit dwell centroids (visit_1),field_visit_dwell,0.0,9th cross; 6th main,Vidya Nagar,960103,0.2,960103,Vidya Nagar
AD001571,AC001210,T1,2200.4,1114.7,baseline_street,True,0,,High-precision baseline geocoder (street),baseline_high_precision,0.0,2nd main,Vidya Nagar,960103,0.0,960103,Vidya Nagar
AD001572,AC001211,T3,-534.4,-1699.8,baseline_street,True,0,,High-precision baseline geocoder (street),baseline_high_precision,0.0,f block; 4th road,Defence Colony,980301,0.0,980301,Defence Colony
AD001573,AC001211,T3,1014.3,-406.9,landmark,True,0,Near Masjid (pin is a guess near this landmark),Promoted to nearest un-repelled landmark POI 'Masjid',landmark_poi_fallback,0.0,,Teachers Colony,980302,0.0,980302,Teachers Colony
AD001574,AC001212,T3,3958.9,64.4,visits_disagree,True,3,,Synthesized from 3 verified field visit dwell centroids (visits_disagree),field_visit_dwell,0.0,b block; 1st road,Lakeview Phase 2,980303,0.2,980303,Lakeview Phase 2
AD001575,AC001213,T2,923.9,-2681.1,visit_1,True,1,Near Community Hall (about 190 m from pin) | Remark Cue: Near Barat Ghar (conf=0.82),Synthesized from 1 verified field visit dwell centroids (visit_1),field_visit_dwell,0.0,gali no. 10,Shivaji Nagar,,0.819,,Shivaji Nagar
AD001576,AC001214,T1,842.8,-3221.8,baseline_street,True,0,,High-precision baseline geocoder (street),baseline_high_precision,0.0,3rd cross,Gandhi Nagar,960102,0.0,960102,Gandhi Nagar
AD001577,AC001215,T2,926.6,404.9,visits_disagree,True,6,,Synthesized from 6 verified field visit dwell centroids (visits_disagree),field_visit_dwell,0.0,gali no. 12,Indira Colony,,0.2,,Indira Colony
AD001578,AC001216,T3,-2264.9,1710.3,visits_disagree,True,8,Near Ganesh Temple (about 180 m from pin) | Remark Cue: Opposite Ganesh Mandir (conf=0.85),Synthesized from 8 verified field visit dwell centroids (visits_disagree),field_visit_dwell,0.0,4th road,Railway Colony,980304,0.85,980304,Railway Colony
AD001579,AC001217,T1,2515.4,-2361.5,baseline_street,True,0,,High-precision baseline geocoder (street),baseline_high_precision,0.0,4th cross; 3rd,Nehru Colony,960102,0.0,960102,Nehru Colony
AD001580,AC001217,OUT,,,unmapped_village,False,0,,Village outside mapped urban town coverage; zero baseline geocode and zero field visits,unmapped_village,0.0,,,997774,0.0,997774,
AD001581,AC001218,T1,2732.0,-1812.4,visits_agree,True,5,Field Remark: Opposite Ganesh Temple (conf=0.85),Synthesized from 5 verified field visit dwell centroids (visits_agree),field_visit_dwell,0.0,11th cross; 2nd main,Nehru Colony,960102,0.85,960102,Nehru Colony
AD001582,AC001219,T3,1014.9,-921.0,baseline_coarse,True,0,,Coarse baseline locality/ward centroid,baseline_coarse,0.0,,Teachers Colony,980302,0.0,980302,Teachers Colony
AD001583,AC001220,T3,-791.9,-718.7,landmark,True,0,Near Milk Dairy (pin is a guess near this landmark),Promoted to nearest un-repelled landmark POI 'Milk Dairy',landmark_poi_fallback,0.0,,HMT Colony,,0.0,,HMT Colony
AD001584,AC001221,T2,1279.5,-2001.0,visits_disagree,True,6,Field Remark: Opposite Doodh Dairy (conf=0.85),Synthesized from 6 verified field visit dwell centroids (visits_disagree),field_visit_dwell,0.0,,Patel Nagar,970202,0.85,970202,Patel Nagar
AD001585,AC001222,T3,1014.3,-406.9,landmark,True,0,Near Masjid (pin is a guess near this landmark),Promoted to nearest un-repelled landmark POI 'Masjid',landmark_poi_fallback,0.0,,Teachers Colony,980302,0.0,980302,Teachers Colony
AD001586,AC001223,T2,1566.4,-1864.2,visits_disagree,True,6,,Synthesized from 6 verified field visit dwell centroids (visits_disagree),field_visit_dwell,0.0,gali 10,Patel Nagar,970202,0.2,970202,Patel Nagar
AD001587,AC001224,T3,-810.1,2989.8,visits_agree,True,3,Field Remark: Beside Girja Ghar (conf=0.83),Synthesized from 3 verified field visit dwell centroids (visits_agree),field_visit_dwell,0.0,,Sunrise Enclave,980304,0.832,980304,Sunrise Enclave
AD001588,AC001225,T1,-267.6,94.2,baseline_coarse,True,0,,Coarse baseline locality/ward centroid,baseline_coarse,0.0,10th cross; 6th main,,,0.0,,
AD001589,AC001226,T2,677.5,3091.6,visits_agree,True,2,,Synthesized from 2 verified field visit dwell centroids (visits_agree),field_visit_dwell,0.0,gali 10,Azad Mohalla,970203,0.2,970203,Azad Mohalla
AD001590,AC001227,T3,-568.0,-3271.2,landmark,True,0,Near Park (pin is a guess near this landmark),Promoted to nearest un-repelled landmark POI 'Park',landmark_poi_fallback,0.0,,Orchid Enclave,980301,0.0,980301,Orchid Enclave
AD001591,AC001228,T2,-1702.1,-2948.3,visits_disagree,True,2,Field Remark: Near Doodh Dairy (conf=0.82),Synthesized from 2 verified field visit dwell centroids (visits_disagree),field_visit_dwell,0.0,355 gali,Subhash Nagar,970201,0.819,970201,Subhash Nagar
AD001592,AC001229,T2,1548.0,-2454.2,visits_agree,True,2,,Synthesized from 2 verified field visit dwell centroids (visits_agree),field_visit_dwell,0.0,,,970201,0.2,970201,
AD001593,AC001230,T3,-873.0,-2219.9,baseline_street,True,0,,High-precision baseline geocoder (rooftop),baseline_high_precision,0.0,,Defence Colony,980301,0.0,980301,Defence Colony
AD001594,AC001231,T2,907.5,2586.7,landmark,True,0,Near Govt School (pin is a guess near this landmark),Promoted to nearest un-repelled landmark POI 'Govt School',landmark_poi_fallback,0.0,398 gali,Azad Mohalla,970203,0.0,970203,Azad Mohalla
AD001595,AC001231,OUT,,,unmapped_village,False,0,,Village outside mapped urban town coverage; zero baseline geocode and zero field visits,unmapped_village,0.0,,,998658,0.0,998658,
AD001596,AC001232,T1,745.6,-3231.7,visits_agree,True,4,Behind Community Hall (about 150 m from pin) | Remark Cue: Opposite Kalyana Mantapa (conf=0.85),Synthesized from 4 verified field visit dwell centroids (visits_agree),field_visit_dwell,0.0,4th cross; 4th main,Gandhi Nagar,,0.85,,Gandhi Nagar
AD001597,AC001233,T2,331.0,-3084.2,landmark,True,0,Near Ganesh Temple (pin is a guess near this landmark),Promoted to nearest un-repelled landmark POI 'Ganesh Temple',landmark_poi_fallback,0.0,,Shivaji Nagar,970202,0.0,970202,Shivaji Nagar
AD001598,AC001234,T3,2497.5,-1891.1,baseline_coarse,True,0,,Coarse baseline locality/ward centroid,baseline_coarse,0.0,,,980302,0.0,980302,
AD001599,AC001234,OUT,,,unmapped_village,False,0,,Village outside mapped urban town coverage; zero baseline geocode and zero field visits,unmapped_village,0.0,,,991825,0.0,991825,
AD001600,AC001235,T2,1268.9,-2044.0,landmark,True,0,Near Milk Dairy (pin is a guess near this landmark),Promoted to nearest un-repelled landmark POI 'Milk Dairy',landmark_poi_fallback,0.0,,Patel Nagar,970202,0.0,970202,Patel Nagar
AD001601,AC001236,T2,905.2,-2844.8,cross_account_street,True,0,,Coarse baseline locality/ward centroid,baseline_coarse,0.0,gali 8,,970202,0.0,970202,
AD001602,AC001237,T1,1690.6,-1164.5,landmark,True,0,Near Medical Store (pin is a guess near this landmark),Promoted to nearest un-repelled landmark POI 'Medical Store',landmark_poi_fallback,0.0,9th cross; 1st main,,960102,0.0,960102,
AD001603,AC001237,T1,1255.7,47.7,landmark,True,0,Near Milk Dairy (pin is a guess near this landmark),Promoted to nearest un-repelled landmark POI 'Milk Dairy',landmark_poi_fallback,0.0,11th cross; 6th main,Kuvempu Layout,960102,0.0,960102,Kuvempu Layout
AD001604,AC001238,T1,-1777.6,2338.1,baseline_coarse,True,0,,Coarse baseline locality/ward centroid,baseline_coarse,0.0,8th main,Kalyana Nagar,,0.0,,Kalyana Nagar
AD001605,AC001239,T3,3651.2,553.1,visits_agree,True,4,Opposite Ration Shop (about 30 m from pin) | Remark Cue: Behind Pds Shop (conf=0.83),Synthesized from 4 verified field visit dwell centroids (visits_agree),field_visit_dwell,0.0,e block; 4th road,Lakeview Phase 2,980303,0.83,980303,Lakeview Phase 2
AD001606,AC001240,T3,-2506.9,-383.8,baseline_street,True,0,Opposite Masjid (about 160 m from pin),High-precision baseline geocoder (street),baseline_high_precision,0.0,c block; 3rd road,Silver Oak Layout,980301,0.0,980301,Silver Oak Layout
AD001607,AC001240,T3,3278.2,-1936.8,baseline_coarse,True,0,,Coarse baseline locality/ward centroid,baseline_coarse,0.0,,Palm Meadows,980302,0.0,980302,Palm Meadows
AD001608,AC001241,T2,-451.3,2598.7,baseline_coarse,True,0,,Coarse baseline locality/ward centroid,baseline_coarse,0.0,,Ambedkar Nagar,970204,0.0,970204,Ambedkar Nagar
AD001609,AC001242,T2,2326.7,1917.1,landmark,True,0,Near Ganesh Temple (pin is a guess near this landmark),Promoted to nearest un-repelled landmark POI 'Ganesh Temple',landmark_poi_fallback,0.0,gali no. 9,Ram Nagar,970203,0.0,970203,Ram Nagar
AD001610,AC001243,T1,-1388.7,-3524.7,landmark,True,0,Near Ration Shop (pin is a guess near this landmark),Promoted to nearest un-repelled landmark POI 'Ration Shop',landmark_poi_fallback,0.0,,Basava Nagar,960101,0.0,960101,Basava Nagar
AD001611,AC001244,T2,285.3,-2771.2,baseline_street,True,0,,High-precision baseline geocoder (street),baseline_high_precision,0.0,,Shivaji Nagar,970202,0.0,970202,Shivaji Nagar
AD001612,AC001245,T2,1697.8,-1096.0,baseline_coarse,True,0,,Coarse baseline locality/ward centroid,baseline_coarse,0.0,,,970202,0.0,970202,
AD001613,AC001245,T2,1205.4,74.3,baseline_coarse,True,0,,Coarse baseline locality/ward centroid,baseline_coarse,0.0,,Indira Colony,970202,0.0,970202,Indira Colony
AD001614,AC001246,T2,2582.7,-1182.3,baseline_coarse,True,0,,Coarse baseline locality/ward centroid,baseline_coarse,0.0,,Krishna Puri,970202,0.0,970202,Krishna Puri
AD001615,AC001247,T1,-1850.9,2731.0,baseline_coarse,True,0,,Coarse baseline locality/ward centroid,baseline_coarse,0.0,1st x,Kalyana Nagar,960104,0.0,960104,Kalyana Nagar
AD001616,AC001248,T1,2454.3,1376.4,visits_disagree,True,4,,Synthesized from 4 verified field visit dwell centroids (visits_disagree),field_visit_dwell,0.0,11th cross; 5th main,Vidya Nagar,960103,0.3,960103,Vidya Nagar
AD001617,AC001248,T1,112.7,1974.3,visit_1,True,1,,Synthesized from 1 verified field visit dwell centroids (visit_1),field_visit_dwell,0.0,,Anjaneya Badavane,960103,0.2,960103,Anjaneya Badavane
AD001618,AC001249,T3,1161.8,-386.0,visit_1,True,1,Opposite Masjid (about 150 m from pin),Synthesized from 1 verified field visit dwell centroids (visit_1),field_visit_dwell,0.0,,Teachers Colony,,0.2,,Teachers Colony
AD001619,AC001250,T2,2655.2,-1086.0,visits_agree,True,4,Field Remark: Behind Tanki (conf=0.83),Synthesized from 4 verified field visit dwell centroids (visits_agree),field_visit_dwell,0.0,,Krishna Puri,970202,0.83,970202,Krishna Puri
AD001620,AC001251,T3,-19.2,-3368.5,visits_agree,True,5,,Synthesized from 5 verified field visit dwell centroids (visits_agree),field_visit_dwell,0.0,,Orchid Enclave,980301,0.425,980301,Orchid Enclave
AD001621,AC001252,T3,-60.0,3221.6,visit_1,True,1,,Synthesized from 1 verified field visit dwell centroids (visit_1),field_visit_dwell,0.0,f block; 2nd road,Sunrise Enclave,980304,0.2,980304,Sunrise Enclave
AD001622,AC001253,T3,965.5,-1048.4,visit_1,True,1,Field Remark: Opposite Sarkari Shaale (conf=0.85),Synthesized from 1 verified field visit dwell centroids (visit_1),field_visit_dwell,0.0,,Teachers Colony,980302,0.85,980302,Teachers Colony
AD001623,AC001254,T1,3256.0,-2207.1,cross_account_street,True,0,,Coarse baseline locality/ward centroid,baseline_coarse,0.0,8th main,Nehru Colony,960102,0.0,960102,Nehru Colony
AD001624,AC001254,T1,-2799.4,893.5,landmark,True,0,Near Post Office (pin is a guess near this landmark),Promoted to nearest un-repelled landmark POI 'Post Office',landmark_poi_fallback,0.0,3rd cross; 3rd main,Vinayaka Nagar,960104,0.0,960104,Vinayaka Nagar
AD001625,AC001255,T1,-2806.4,1241.3,visit_1,True,1,,Synthesized from 1 verified field visit dwell centroids (visit_1),field_visit_dwell,0.0,,Vinayaka Nagar,960104,0.2,960104,Vinayaka Nagar
AD001626,AC001255,T1,-738.6,-3032.5,visit_1,True,1,,Synthesized from 1 verified field visit dwell centroids (visit_1),field_visit_dwell,0.0,8th cross; 7th main,Basava Nagar,960101,0.2,960101,Basava Nagar
AD001627,AC001256,T2,1320.9,-2072.6,visits_agree,True,4,Near Milk Dairy (about 60 m from pin),Synthesized from 4 verified field visit dwell centroids (visits_agree),field_visit_dwell,0.0,,,970202,0.2,970202,
AD001628,AC001257,T2,682.6,2936.6,visit_1,True,1,,Synthesized from 1 verified field visit dwell centroids (visit_1),field_visit_dwell,0.0,gali 8,Azad Mohalla,970203,0.2,970203,Azad Mohalla
AD001629,AC001258,T1,525.4,-2991.2,visits_disagree,True,2,,Synthesized from 2 verified field visit dwell centroids (visits_disagree),field_visit_dwell,0.0,7th cross; 3rd main,Gandhi Nagar,,0.2,,Gandhi Nagar
AD001630,AC001258,T1,575.7,2843.6,visits_disagree,True,5,Field Remark: Near Church (conf=0.82),Synthesized from 5 verified field visit dwell centroids (visits_disagree),field_visit_dwell,0.0,12th cross; 7th main,Anjaneya Badavane,960103,0.819,960103,Anjaneya Badavane
AD001631,AC001259,T2,2713.3,501.5,visits_agree,True,4,,Synthesized from 4 verified field visit dwell centroids (visits_agree),field_visit_dwell,0.0,,,970203,0.2,970203,
AD001632,AC001259,OUT,,,unmapped_village,False,0,,Village outside mapped urban town coverage; zero baseline geocode and zero field visits,unmapped_village,0.0,,,991924,0.0,991924,
AD001633,AC001260,T1,1605.9,-543.8,visit_1,True,1,,Synthesized from 1 verified field visit dwell centroids (visit_1),field_visit_dwell,0.0,12th cross; 1st main,Siddeshwara Colony,960102,0.2,960102,Siddeshwara Colony
AD001634,AC001261,T1,546.3,-2981.0,landmark,True,0,Near Bus Stop (pin is a guess near this landmark),Promoted to nearest un-repelled landmark POI 'Bus Stop',landmark_poi_fallback,0.0,3rd main,Gandhi Nagar,960102,0.0,960102,Gandhi Nagar
AD001635,AC001262,T3,-2458.4,1536.0,baseline_coarse,True,0,,Coarse baseline locality/ward centroid,baseline_coarse,0.0,,Railway Colony,980304,0.0,980304,Railway Colony
AD001636,AC001262,OUT,,,unmapped_village,False,0,,Village outside mapped urban town coverage; zero baseline geocode and zero field visits,unmapped_village,0.0,,,999517,0.0,999517,
AD001637,AC001263,T2,444.3,-2979.3,baseline_coarse,True,0,,Coarse baseline locality/ward centroid,baseline_coarse,0.0,,Shivaji Nagar,970202,0.0,970202,Shivaji Nagar
AD001638,AC001264,T1,900.0,-2896.9,visits_disagree,True,6,Field Remark: Near Ganesh Temple (conf=0.80),Synthesized from 6 verified field visit dwell centroids (visits_disagree),field_visit_dwell,0.0,,Gandhi Nagar,960102,0.795,960102,Gandhi Nagar
AD001639,AC001265,T1,-1550.8,649.1,landmark,True,0,Near Hanuman Temple (pin is a guess near this landmark),Promoted to nearest un-repelled landmark POI 'Hanuman Temple',landmark_poi_fallback,0.0,6th cross; 8th main,,960104,0.0,960104,
AD001640,AC001266,T3,1235.1,-3752.5,baseline_coarse,True,0,,Coarse baseline locality/ward centroid,baseline_coarse,0.0,,Unity Nagar,980302,0.0,980302,Unity Nagar
AD001641,AC001267,T3,3391.3,470.7,landmark,True,0,Near Community Hall (pin is a guess near this landmark),Promoted to nearest un-repelled landmark POI 'Community Hall',landmark_poi_fallback,0.0,2nd road,Lakeview Phase 2,980303,0.0,980303,Lakeview Phase 2
AD001642,AC001268,T1,1601.5,-1577.8,baseline_coarse,True,0,,Coarse baseline locality/ward centroid,baseline_coarse,0.0,9th cross; 3rd main,,960102,0.0,960102,
AD001643,AC001269,T2,1517.5,-1967.9,baseline_coarse,True,0,,Coarse baseline locality/ward centroid,baseline_coarse,0.0,,Patel Nagar,970202,0.0,970202,Patel Nagar
AD001644,AC001270,T2,626.0,2553.9,baseline_coarse,True,0,,Coarse baseline locality/ward centroid,baseline_coarse,0.0,,Azad Mohalla,970203,0.0,970203,Azad Mohalla
AD001645,AC001271,T1,2218.1,-1962.8,baseline_street,True,0,,High-precision baseline geocoder (street),baseline_high_precision,0.0,1st main,Nehru Colony,960102,0.0,960102,Nehru Colony
AD001646,AC001271,T1,1238.0,225.5,baseline_street,True,0,Near Milk Dairy (about 180 m from pin),High-precision baseline geocoder (rooftop),baseline_high_precision,0.0,11th x; 6th main,Kuvempu Layout,960102,0.0,960102,Kuvempu Layout
AD001647,AC001272,T2,-1507.4,-2857.9,cross_account_street,True,8,Near Milk Dairy (about 50 m from pin) | Remark Cue: Opposite Doodh Dairy (conf=0.85),Synthesized from 8 verified field visit dwell centroids (visits_disagree),field_visit_dwell,0.0,gali no. 5,Subhash Nagar,970201,0.85,970201,Subhash Nagar
AD001648,AC001272,OUT,,,unmapped_village,False,0,,Village outside mapped urban town coverage; zero baseline geocode and zero field visits,unmapped_village,0.0,,,995140,0.0,995140,
AD001649,AC001273,T1,2322.5,-2438.3,visits_disagree,True,4,,Synthesized from 4 verified field visit dwell centroids (visits_disagree),field_visit_dwell,0.0,1st cross; 1st main,Nehru Colony,960102,0.2,960102,Nehru Colony
AD001650,AC001273,OUT,,,unmapped_village,False,0,,Village outside mapped urban town coverage; zero baseline geocode and zero field visits,unmapped_village,0.0,,,995739,0.0,995739,
AD001651,AC001274,T1,-853.4,-2869.0,visits_disagree,True,2,Field Remark: Opposite Church (conf=0.85),Synthesized from 2 verified field visit dwell centroids (visits_disagree),field_visit_dwell,0.0,10th cross; 6th main,Basava Nagar,960101,0.85,960101,Basava Nagar
AD001652,AC001275,T2,1214.2,-2491.6,visit_1,True,1,Opposite Masjid (about 140 m from pin),Synthesized from 1 verified field visit dwell centroids (visit_1),field_visit_dwell,0.0,gali 2,Patel Nagar,970202,0.2,970202,Patel Nagar
AD001653,AC001276,T1,946.8,227.5,visit_1,True,1,Near Ration Shop (about 140 m from pin) | Remark Cue: Opposite Nyayabele Angadi (conf=0.85),Synthesized from 1 verified field visit dwell centroids (visit_1),field_visit_dwell,0.0,4th main,Kuvempu Layout,960102,0.85,960102,Kuvempu Layout
AD001654,AC001277,T2,1065.2,2407.9,visits_disagree,True,5,Near Ration Shop (about 190 m from pin) | Remark Cue: Behind Ration Dukan (conf=0.83),Synthesized from 5 verified field visit dwell centroids (visits_disagree),field_visit_dwell,0.0,,,970202,0.83,970202,
AD001655,AC001278,T1,-2350.3,-2317.5,landmark,True,0,Near Water Tank (pin is a guess near this landmark),Promoted to nearest un-repelled landmark POI 'Water Tank',landmark_poi_fallback,0.0,9th cross; 3rd,Shanthi Nagar,960101,0.0,960101,Shanthi Nagar
AD001656,AC001279,T2,1125.6,67.9,baseline_coarse,True,0,,Coarse baseline locality/ward centroid,baseline_coarse,0.0,,Indira Colony,970202,0.0,970202,Indira Colony
AD001657,AC001279,T2,1951.9,1647.1,baseline_coarse,True,0,,Coarse baseline locality/ward centroid,baseline_coarse,0.0,,,970203,0.0,970203,
AD001658,AC001280,T3,-37.5,3542.0,landmark,True,0,Near Hanuman Temple (pin is a guess near this landmark),Promoted to nearest un-repelled landmark POI 'Hanuman Temple',landmark_poi_fallback,0.0,,Sunrise Enclave,,0.0,,Sunrise Enclave
AD001659,AC001280,T3,-2618.5,2009.2,landmark,True,0,Near Govt School (pin is a guess near this landmark),Promoted to nearest un-repelled landmark POI 'Govt School',landmark_poi_fallback,0.0,d block; 6th rd,Railway Colony,980304,0.0,980304,Railway Colony
AD001660,AC001281,T2,557.6,2682.4,visit_1,True,1,,Synthesized from 1 verified field visit dwell centroids (visit_1),field_visit_dwell,0.0,,Azad Mohalla,970203,0.2,970203,Azad Mohalla
AD001661,AC001281,OUT,,,unmapped_village,False,0,,Village outside mapped urban town coverage; zero baseline geocode and zero field visits,unmapped_village,0.0,,,996765,0.0,996765,
AD001662,AC001282,T2,-473.6,3167.7,visits_agree,True,6,Field Remark: Beside Hanuman Mandir (conf=0.83),Synthesized from 6 verified field visit dwell centroids (visits_agree),field_visit_dwell,0.0,,Ambedkar Nagar,970204,0.832,970204,Ambedkar Nagar
AD001663,AC001282,T2,-651.2,-773.0,landmark,True,0,Near Masjid (pin is a guess near this landmark),Promoted to nearest un-repelled landmark POI 'Masjid',landmark_poi_fallback,0.0,,Shastri Nagar,970201,0.0,970201,Shastri Nagar
AD001664,AC001283,T2,1646.4,-1843.6,visit_1,True,1,,Synthesized from 1 verified field visit dwell centroids (visit_1),field_visit_dwell,0.0,,Patel Nagar,970202,0.2,970202,Patel Nagar
AD001665,AC001284,T3,-386.8,3422.8,landmark,True,0,Near Milk Dairy (pin is a guess near this landmark),Promoted to nearest un-repelled landmark POI 'Milk Dairy',landmark_poi_fallback,0.0,,Sunrise Enclave,980304,0.0,980304,Sunrise Enclave
AD001666,AC001284,T3,3051.1,-2317.6,landmark,True,0,Near Milk Dairy (pin is a guess near this landmark),Promoted to nearest un-repelled landmark POI 'Milk Dairy',landmark_poi_fallback,0.0,,Palm Meadows,980302,0.0,980302,Palm Meadows
AD001667,AC001285,T3,254.3,1926.8,landmark,True,0,Near Ration Shop (pin is a guess near this landmark),Promoted to nearest un-repelled landmark POI 'Ration Shop',landmark_poi_fallback,0.0,,Royal Gardens,980303,0.0,980303,Royal Gardens
AD001668,AC001285,OUT,,,unmapped_village,False,0,,Village outside mapped urban town coverage; zero baseline geocode and zero field visits,unmapped_village,0.0,,,998734,0.0,998734,
AD001669,AC001286,T1,2878.2,-2099.2,baseline_coarse,True,0,,Coarse baseline locality/ward centroid,baseline_coarse,0.0,,Nehru Colony,960102,0.0,960102,Nehru Colony
AD001670,AC001286,OUT,,,unmapped_village,False,0,,Village outside mapped urban town coverage; zero baseline geocode and zero field visits,unmapped_village,0.0,,,991658,0.0,991658,
AD001671,AC001287,T1,2513.6,1104.9,baseline_coarse,True,0,,Coarse baseline locality/ward centroid,baseline_coarse,0.0,3rd cross; 7th main,Vidya Nagar,960103,0.0,960103,Vidya Nagar
AD001672,AC001287,OUT,,,unmapped_village,False,0,,Village outside mapped urban town coverage; zero baseline geocode and zero field visits,unmapped_village,0.0,,,991425,0.0,991425,
AD001673,AC001288,T2,1074.8,-1735.7,visits_agree,True,5,,Synthesized from 5 verified field visit dwell centroids (visits_agree),field_visit_dwell,0.0,gali 12,Patel Nagar,,0.2,,Patel Nagar
AD001674,AC001289,T3,3176.3,-2343.0,baseline_street,True,0,,High-precision baseline geocoder (street),baseline_high_precision,0.0,a block; 1st road,Palm Meadows,980302,0.0,980302,Palm Meadows
AD001675,AC001289,OUT,,,unmapped_village,False,0,,Village outside mapped urban town coverage; zero baseline geocode and zero field visits,unmapped_village,0.0,,,999331,0.0,999331,
AD001676,AC001290,T1,1125.6,-3443.4,visits_disagree,True,4,Field Remark: Near Ganapathi Temple (conf=0.80),Synthesized from 4 verified field visit dwell centroids (visits_disagree),field_visit_dwell,0.0,,,960102,0.795,960102,
AD001677,AC001290,T1,-819.4,-2720.9,visit_1,True,1,Field Remark: Behind Church (conf=0.83),Synthesized from 1 verified field visit dwell centroids (visit_1),field_visit_dwell,0.0,12th cross,Basava Nagar,960101,0.83,960101,Basava Nagar
AD001678,AC001291,T2,1252.7,55.6,baseline_coarse,True,0,,Coarse baseline locality/ward centroid,baseline_coarse,0.0,,Indira Colony,970202,0.0,970202,Indira Colony
AD001679,AC001292,T2,-1699.1,-2891.2,baseline_street,True,0,Opposite Milk Dairy (about 100 m from pin),High-precision baseline geocoder (street),baseline_high_precision,0.0,433 gali,Subhash Nagar,970201,0.0,970201,Subhash Nagar
AD001680,AC001293,T2,1431.7,-2393.6,visit_1,True,1,Near Masjid (about 150 m from pin),Synthesized from 1 verified field visit dwell centroids (visit_1),field_visit_dwell,0.0,gali no. 2,Patel Nagar,970202,0.2,970202,Patel Nagar
AD001681,AC001294,T3,-1561.9,2327.4,baseline_coarse,True,0,,Coarse baseline locality/ward centroid,baseline_coarse,0.0,,,980304,0.0,980304,
AD001682,AC001295,T2,-638.0,-314.5,visits_agree,True,5,Field Remark: Opposite Sarkari School (conf=0.85),Synthesized from 5 verified field visit dwell centroids (visits_agree),field_visit_dwell,0.0,,Shastri Nagar,970201,0.795,970201,Shastri Nagar
AD001683,AC001296,T2,2705.8,-1381.9,visits_agree,True,5,Near Water Tank (about 140 m from pin) | Remark Cue: Beside Paani Ki Tanki (conf=0.83),Synthesized from 5 verified field visit dwell centroids (visits_agree),field_visit_dwell,0.0,,Krishna Puri,970202,0.832,970202,Krishna Puri
AD001684,AC001296,T2,986.3,3042.7,cross_account_street,True,0,,Coarse baseline locality/ward centroid,baseline_coarse,0.0,gali 11,Azad Mohalla,970203,0.0,970203,Azad Mohalla
AD001685,AC001297,T3,431.5,1548.7,landmark,True,0,Near Bus Stop (pin is a guess near this landmark),Promoted to nearest un-repelled landmark POI 'Bus Stop',landmark_poi_fallback,0.0,,Royal Gardens,980303,0.0,980303,Royal Gardens
AD001686,AC001297,T3,562.4,1636.9,baseline_coarse,True,0,,Coarse baseline locality/ward centroid,baseline_coarse,0.0,,Royal Gardens,980303,0.0,980303,Royal Gardens
AD001687,AC001298,T3,-2741.5,1290.4,visits_agree,True,3,,Synthesized from 3 verified field visit dwell centroids (visits_agree),field_visit_dwell,0.0,,Railway Colony,980304,0.2,980304,Railway Colony
AD001688,AC001298,OUT,,,unmapped_village,False,0,,Village outside mapped urban town coverage; zero baseline geocode and zero field visits,unmapped_village,0.0,,,994593,0.0,994593,
AD001689,AC001299,T2,-318.3,-735.4,visits_agree,True,4,Field Remark: Beside Church (conf=0.81),Synthesized from 4 verified field visit dwell centroids (visits_agree),field_visit_dwell,0.0,,Shastri Nagar,,0.807,,Shastri Nagar
AD001690,AC001300,T2,409.9,-3182.5,baseline_coarse,True,0,,Coarse baseline locality/ward centroid,baseline_coarse,0.0,,Shivaji Nagar,970202,0.0,970202,Shivaji Nagar
AD001691,AC001301,T3,644.8,-3711.4,landmark,True,0,Near Ration Shop (pin is a guess near this landmark),Promoted to nearest un-repelled landmark POI 'Ration Shop',landmark_poi_fallback,0.0,,Unity Nagar,980302,0.0,980302,Unity Nagar
AD001692,AC001302,T3,-2906.7,1414.1,visits_agree,True,2,,Synthesized from 2 verified field visit dwell centroids (visits_agree),field_visit_dwell,0.0,a block; 4th road,Railway Colony,980304,0.2,980304,Railway Colony
AD001693,AC001303,T2,-610.5,3417.2,visit_1,True,1,Opposite Hanuman Temple (about 80 m from pin) | Remark Cue: Behind Hanuman Mandir (conf=0.83),Synthesized from 1 verified field visit dwell centroids (visit_1),field_visit_dwell,0.0,,Ambedkar Nagar,970204,0.83,970204,Ambedkar Nagar
AD001694,AC001304,T2,1744.0,-2201.6,visits_agree,True,3,Field Remark: Behind Dawai Ki Dukaan (conf=0.83),Synthesized from 3 verified field visit dwell centroids (visits_agree),field_visit_dwell,0.0,,Patel Nagar,970202,0.83,970202,Patel Nagar
AD001695,AC001305,T1,2370.8,-2118.6,visits_agree,True,2,,Synthesized from 2 verified field visit dwell centroids (visits_agree),field_visit_dwell,0.0,,Nehru Colony,,0.2,,Nehru Colony
AD001696,AC001306,T3,-2114.1,1913.9,baseline_street,True,0,,High-precision baseline geocoder (street),baseline_high_precision,0.0,,,980301,0.0,980301,
AD001697,AC001307,T2,847.4,3202.0,visits_disagree,True,9,Opposite Petrol Bunk (about 110 m from pin) | Remark Cue: Beside Petrol Pump (conf=0.83),Synthesized from 9 verified field visit dwell centroids (visits_disagree),field_visit_dwell,0.0,,Azad Mohalla,970203,0.832,970203,Azad Mohalla
AD001698,AC001308,T1,1092.3,-419.8,landmark,True,0,Near Hanuman Temple (pin is a guess near this landmark),Promoted to nearest un-repelled landmark POI 'Hanuman Temple',landmark_poi_fallback,0.0,2nd cross; 6th main,Kuvempu Layout,960102,0.0,960102,Kuvempu Layout
AD001699,AC001308,T1,-1501.8,711.2,baseline_street,True,0,,High-precision baseline geocoder (street),baseline_high_precision,0.0,12th cross; 4th main,Ashoka Layout,960104,0.0,960104,Ashoka Layout
AD001700,AC001309,T2,2973.5,426.5,visits_disagree,True,3,,Synthesized from 3 verified field visit dwell centroids (visits_disagree),field_visit_dwell,0.0,,Nehru Colony,970203,0.2,970203,Nehru Colony
AD001701,AC001310,T3,431.5,1548.7,landmark,True,0,Near Bus Stop (pin is a guess near this landmark),Promoted to nearest un-repelled landmark POI 'Bus Stop',landmark_poi_fallback,0.0,b block; 5th road,Royal Gardens,980303,0.0,980303,Royal Gardens
AD001702,AC001311,T1,2457.8,-2259.4,visits_agree,True,4,Near Masjid (about 190 m from pin),Synthesized from 4 verified field visit dwell centroids (visits_agree),field_visit_dwell,0.0,4th x; 2nd main,Nehru Colony,960102,0.2,960102,Nehru Colony
AD001703,AC001312,T2,-1608.1,-2813.4,baseline_street,True,0,,High-precision baseline geocoder (street),baseline_high_precision,0.0,gali 5,,970204,0.0,970204,
AD001704,AC001312,T2,-347.2,-581.3,baseline_coarse,True,0,,Coarse baseline locality/ward centroid,baseline_coarse,0.0,,Shastri Nagar,970201,0.0,970201,Shastri Nagar
AD001705,AC001313,T3,-933.1,-1915.8,landmark,True,0,Near Water Tank (pin is a guess near this landmark),Promoted to nearest un-repelled landmark POI 'Water Tank',landmark_poi_fallback,0.0,f block; 2nd road,Defence Colony,980301,0.0,980301,Defence Colony
AD001706,AC001314,T3,3387.3,-2273.6,visits_agree,True,4,,Synthesized from 4 verified field visit dwell centroids (visits_agree),field_visit_dwell,0.0,,Palm Meadows,,0.3,,Palm Meadows
AD001707,AC001315,T2,-527.8,2561.9,baseline_street,True,0,,High-precision baseline geocoder (rooftop),baseline_high_precision,0.0,,Ambedkar Nagar,970204,0.0,970204,Ambedkar Nagar
AD001708,AC001315,OUT,,,unmapped_village,False,0,,Village outside mapped urban town coverage; zero baseline geocode and zero field visits,unmapped_village,0.0,,,996566,0.0,996566,
AD001709,AC001316,T1,-1292.5,-2969.0,baseline_coarse,True,0,,Coarse baseline locality/ward centroid,baseline_coarse,0.0,,,960102,0.0,960102,
AD001710,AC001317,T2,-310.8,990.8,landmark,True,0,Near Masjid (pin is a guess near this landmark),Promoted to nearest un-repelled landmark POI 'Masjid',landmark_poi_fallback,0.0,gali no. 3,Tilak Nagar,970204,0.0,970204,Tilak Nagar
AD001711,AC001318,T1,788.6,-3052.7,baseline_coarse,True,0,,Coarse baseline locality/ward centroid,baseline_coarse,0.0,2nd cross; 1st main,Gandhi Nagar,960102,0.0,960102,Gandhi Nagar
AD001712,AC001319,T2,3001.7,775.8,visits_agree,True,4,Field Remark: Opposite Dawai Ki Dukaan (conf=0.85),Synthesized from 4 verified field visit dwell centroids (visits_agree),field_visit_dwell,0.0,gali 9,Ram Nagar,970203,0.85,970203,Ram Nagar
AD001713,AC001320,T2,1731.3,-2056.6,visits_agree,True,7,,Synthesized from 7 verified field visit dwell centroids (visits_agree),field_visit_dwell,0.0,gali 6,Patel Nagar,970202,0.2,970202,Patel Nagar
AD001714,AC001320,T2,2389.3,2156.4,visit_1,True,1,,Synthesized from 1 verified field visit dwell centroids (visit_1),field_visit_dwell,0.0,gali 10,Ram Nagar,970203,0.2,970203,Ram Nagar
AD001715,AC001321,T3,-305.7,-3403.0,visits_agree,True,5,Field Remark: Opposite Sarkari School (conf=0.85),Synthesized from 5 verified field visit dwell centroids (visits_agree),field_visit_dwell,0.0,,,980301,0.85,980301,
AD001716,AC001322,T2,1704.3,-1882.9,baseline_coarse,True,0,,Coarse baseline locality/ward centroid,baseline_coarse,0.0,404 gali,Patel Nagar,970202,0.0,970202,Patel Nagar
AD001717,AC001322,T2,2307.3,1737.2,baseline_coarse,True,0,,Coarse baseline locality/ward centroid,baseline_coarse,0.0,,Ram Nagar,970203,0.0,970203,Ram Nagar
AD001718,AC001323,T3,-386.8,3422.8,landmark,True,0,Near Milk Dairy (pin is a guess near this landmark),Promoted to nearest un-repelled landmark POI 'Milk Dairy',landmark_poi_fallback,0.0,5th road,Sunrise Enclave,980304,0.0,980304,Sunrise Enclave
AD001719,AC001324,T3,-646.0,3305.4,baseline_coarse,True,0,,Coarse baseline locality/ward centroid,baseline_coarse,0.0,,Sunrise Enclave,980304,0.0,980304,Sunrise Enclave
AD001720,AC001325,T2,792.6,337.6,visit_1,True,1,Field Remark: Opposite Post Office (conf=0.85),Synthesized from 1 verified field visit dwell centroids (visit_1),field_visit_dwell,0.0,,Indira Colony,970202,0.85,970202,Indira Colony
AD001721,AC001326,T1,695.1,-3199.6,baseline_coarse,True,0,,Coarse baseline locality/ward centroid,baseline_coarse,0.0,3rd x; 2nd main,Gandhi Nagar,960102,0.0,960102,Gandhi Nagar
AD001722,AC001327,T3,-2241.1,1295.4,visits_disagree,True,5,,Synthesized from 5 verified field visit dwell centroids (visits_disagree),field_visit_dwell,0.0,,,980304,0.2,980304,
AD001723,AC001328,T3,820.1,-1302.0,baseline_street,True,0,,High-precision baseline geocoder (street),baseline_high_precision,0.0,a block; 4th road,Teachers Colony,980302,0.0,980302,Teachers Colony
AD001724,AC001329,T1,1991.6,-1060.8,baseline_coarse,True,0,,Coarse baseline locality/ward centroid,baseline_coarse,0.0,,Siddeshwara Colony,960102,0.0,960102,Siddeshwara Colony
AD001725,AC001330,T1,2966.5,-2159.9,visit_1,True,1,Behind Ration Shop (about 80 m from pin) | Remark Cue: Opposite Nyayabele Angadi (conf=0.85),Synthesized from 1 verified field visit dwell centroids (visit_1),field_visit_dwell,0.0,8th cross; 6th main,,960102,0.85,960102,
AD001726,AC001331,T2,2921.0,881.2,visits_disagree,True,6,,Synthesized from 6 verified field visit dwell centroids (visits_disagree),field_visit_dwell,0.0,gali 11,Nehru Colony,970203,0.2,970203,Nehru Colony
AD001727,AC001332,T1,956.8,1887.2,baseline_coarse,True,0,,Coarse baseline locality/ward centroid,baseline_coarse,0.0,,,960103,0.0,960103,
AD001728,AC001332,OUT,,,unmapped_village,False,0,,Village outside mapped urban town coverage; zero baseline geocode and zero field visits,unmapped_village,0.0,,,996788,0.0,996788,
AD001729,AC001333,T3,-1376.9,-1789.2,baseline_street,True,0,,High-precision baseline geocoder (street),baseline_high_precision,0.0,,Defence Colony,980301,0.0,980301,Defence Colony
AD001730,AC001334,T1,-2604.7,1001.3,cross_account_street,True,0,,Coarse baseline locality/ward centroid,baseline_coarse,0.0,3rd cross,Vinayaka Nagar,960104,0.0,960104,Vinayaka Nagar
AD001731,AC001335,T2,1258.9,-1940.5,visits_disagree,True,5,,Synthesized from 5 verified field visit dwell centroids (visits_disagree),field_visit_dwell,0.0,2 gali,Patel Nagar,970202,0.2,970202,Patel Nagar
AD001732,AC001336,T1,-2001.8,-2747.9,visit_1,True,1,Field Remark: Behind Nyayabele Angadi (conf=0.83),Synthesized from 1 verified field visit dwell centroids (visit_1),field_visit_dwell,0.0,1st cross; 4th main,Shanthi Nagar,960101,0.83,960101,Shanthi Nagar
AD001733,AC001337,T2,-1528.9,-2813.1,landmark,True,0,Near Hanuman Temple (pin is a guess near this landmark),Promoted to nearest un-repelled landmark POI 'Hanuman Temple',landmark_poi_fallback,0.76,,Subhash Nagar,970201,0.0,970201,Subhash Nagar
AD001734,AC001338,T3,-2903.4,1420.2,visits_agree,True,3,,Synthesized from 3 verified field visit dwell centroids (visits_agree),field_visit_dwell,0.0,,Railway Colony,,0.2,,Railway Colony
AD001735,AC001339,T1,-2843.2,1009.0,baseline_coarse,True,0,,Coarse baseline locality/ward centroid,baseline_coarse,0.0,,Vinayaka Nagar,960104,0.0,960104,Vinayaka Nagar
AD001736,AC001340,T1,-232.8,-956.2,landmark,True,0,Near Govt School (pin is a guess near this landmark),Promoted to nearest un-repelled landmark POI 'Govt School',landmark_poi_fallback,0.0,7th cross; 7th main,Hosa Badavane,960101,0.0,960101,Hosa Badavane
AD001737,AC001340,OUT,,,unmapped_village,False,0,,Village outside mapped urban town coverage; zero baseline geocode and zero field visits,unmapped_village,0.0,,,991812,0.0,991812,
AD001738,AC001341,T1,-841.0,-1404.7,visits_agree,True,5,Field Remark: Opposite Pds Shop (conf=0.85),Synthesized from 5 verified field visit dwell centroids (visits_agree),field_visit_dwell,0.0,1st main,Hosa Badavane,960101,0.85,960101,Hosa Badavane
AD001739,AC001342,T1,143.6,-32.7,baseline_coarse,True,0,,Coarse baseline locality/ward centroid,baseline_coarse,0.0,2nd cross; 2nd main,,,0.0,,
AD001740,AC001342,T1,347.8,2476.6,baseline_coarse,True,0,,Coarse baseline locality/ward centroid,baseline_coarse,0.0,7th cross; 8th main,Anjaneya Badavane,960103,0.0,960103,Anjaneya Badavane
AD001741,AC001343,T2,1572.7,-1864.7,visits_agree,True,6,,Synthesized from 6 verified field visit dwell centroids (visits_agree),field_visit_dwell,0.0,141 gali,Patel Nagar,972002,0.2,972002,Patel Nagar
AD001742,AC001344,T1,-1437.7,-3081.1,visits_agree,True,2,Near Masjid (about 150 m from pin) | Remark Cue: Opposite Masidi (conf=0.85),Synthesized from 2 verified field visit dwell centroids (visits_agree),field_visit_dwell,0.0,1st main,Basava Nagar,960101,0.85,960101,Basava Nagar
AD001743,AC001345,T2,1264.6,2806.2,visits_agree,True,3,Field Remark: Near Bus Stop (conf=0.82),Synthesized from 3 verified field visit dwell centroids (visits_agree),field_visit_dwell,0.0,gali 10,Azad Mohalla,,0.819,,Azad Mohalla
AD001744,AC001346,T3,-2461.0,1435.1,baseline_coarse,True,0,,Coarse baseline locality/ward centroid,baseline_coarse,0.0,,Railway Colony,,0.0,,Railway Colony
AD001745,AC001347,T3,-569.5,-3510.2,baseline_street,True,0,,High-precision baseline geocoder (street),baseline_high_precision,0.0,,Orchid Enclave,980301,0.0,980301,Orchid Enclave
AD001746,AC001348,T1,3024.4,-2192.3,visits_disagree,True,8,Near Ration Shop (about 40 m from pin) | Remark Cue: Opposite Pds Shop (conf=0.85),Synthesized from 8 verified field visit dwell centroids (visits_disagree),field_visit_dwell,0.0,10th cross; 6th main,Nehru Colony,960102,0.85,960102,Nehru Colony
AD001747,AC001349,T3,-917.2,-1650.1,baseline_street,True,0,,High-precision baseline geocoder (rooftop),baseline_high_precision,0.0,,Defence Colony,980301,0.0,980301,Defence Colony
AD001748,AC001350,T3,3899.6,136.2,visits_agree,True,3,,Synthesized from 3 verified field visit dwell centroids (visits_agree),field_visit_dwell,0.0,b block; 3rd road,Lakeview Phase 2,980303,0.398,980303,Lakeview Phase 2
AD001749,AC001350,T3,2981.5,816.1,baseline_coarse,True,0,,Coarse baseline locality/ward centroid,baseline_coarse,0.0,f block; 5th rd,,980303,0.0,980303,
AD001750,AC001351,T2,922.4,1323.5,baseline_coarse,True,0,,Coarse baseline locality/ward centroid,baseline_coarse,0.0,,Gandhi Basti,970203,0.0,970203,Gandhi Basti
AD001751,AC001352,T3,-249.7,-957.3,baseline_street,True,0,,High-precision baseline geocoder (street),baseline_high_precision,0.0,,HMT Colony,980301,0.0,980301,HMT Colony
AD001752,AC001353,T2,1464.2,-2267.4,visits_agree,True,5,Field Remark: Near Medical Store (conf=0.82),Synthesized from 5 verified field visit dwell centroids (visits_agree),field_visit_dwell,0.0,40 gali,Patel Nagar,970202,0.819,970202,Patel Nagar
AD001753,AC001354,T1,924.4,-2892.2,visits_agree,True,8,Field Remark: Near Ganapathi Gudi (conf=0.80),Synthesized from 8 verified field visit dwell centroids (visits_agree),field_visit_dwell,0.0,8th cross; 6th main,Gandhi Nagar,960102,0.795,960102,Gandhi Nagar
AD001754,AC001355,T3,-2378.3,-89.9,visits_disagree,True,5,,Synthesized from 5 verified field visit dwell centroids (visits_disagree),field_visit_dwell,0.0,,Silver Oak Layout,980301,0.3,980301,Silver Oak Layout
AD001755,AC001356,T3,593.7,-865.1,visits_agree,True,2,Near Bus Stop (about 120 m from pin),Synthesized from 2 verified field visit dwell centroids (visits_agree),field_visit_dwell,0.0,,,980302,0.2,980302,
AD001756,AC001356,T3,-1436.3,-2121.2,visit_1,True,1,Field Remark: Behind Church (conf=0.83),Synthesized from 1 verified field visit dwell centroids (visit_1),field_visit_dwell,0.0,a block; 6th road,,980302,0.83,980302,
AD001757,AC001357,T1,-2329.3,-2495.7,baseline_coarse,True,0,,Coarse baseline locality/ward centroid,baseline_coarse,0.0,7th cross; 1st main,Shanthi Nagar,960101,0.0,960101,Shanthi Nagar
AD001758,AC001358,T1,-365.2,-1648.2,baseline_street,True,0,Near Medical Store (about 90 m from pin),High-precision baseline geocoder (rooftop),baseline_high_precision,0.0,1st cross; 5th main,Hosa Badavane,960101,0.0,960101,Hosa Badavane
AD001759,AC001358,T1,-2781.8,1013.7,baseline_coarse,True,0,,Coarse baseline locality/ward centroid,baseline_coarse,0.0,10th cross; 2nd main,Vinayaka Nagar,960104,0.0,960104,Vinayaka Nagar
AD001760,AC001359,T1,3173.5,-2424.2,visits_agree,True,3,Field Remark: Behind Nyayabele Angadi (conf=0.83),Synthesized from 3 verified field visit dwell centroids (visits_agree),field_visit_dwell,0.0,4th cross; 8th main,Nehru Colony,960102,0.83,960102,Nehru Colony
AD001761,AC001360,T2,-1919.0,-2665.5,visits_disagree,True,2,,Synthesized from 2 verified field visit dwell centroids (visits_disagree),field_visit_dwell,0.0,,Subhash Nagar,970201,0.2,970201,Subhash Nagar
AD001762,AC001360,OUT,,,unmapped_village,False,0,,Village outside mapped urban town coverage; zero baseline geocode and zero field visits,unmapped_village,0.0,,,995352,0.0,995352,
AD001763,AC001361,T3,-2279.5,-487.4,landmark,True,0,Near Post Office (pin is a guess near this landmark),Promoted to nearest un-repelled landmark POI 'Post Office',landmark_poi_fallback,0.0,c block; 3rd rd,Silver Oak Layout,980301,0.0,980301,Silver Oak Layout
AD001764,AC001362,T1,-3014.2,1200.2,baseline_coarse,True,0,,Coarse baseline locality/ward centroid,baseline_coarse,0.0,10th cross; 6th main,Vinayaka Nagar,960104,0.0,960104,Vinayaka Nagar
AD001765,AC001363,T2,2256.8,-1092.8,visits_agree,True,6,Field Remark: Opposite Dak Ghar (conf=0.85),Synthesized from 6 verified field visit dwell centroids (visits_agree),field_visit_dwell,0.0,gali 6,Krishna Puri,970202,0.85,970202,Krishna Puri
AD001766,AC001364,T3,3282.7,-1997.2,baseline_coarse,True,0,,Coarse baseline locality/ward centroid,baseline_coarse,0.0,,Palm Meadows,980302,0.0,980302,Palm Meadows
AD001767,AC001365,T2,804.1,2298.8,visits_disagree,True,2,,Synthesized from 2 verified field visit dwell centroids (visits_disagree),field_visit_dwell,0.0,gali 4,Azad Mohalla,970203,0.2,970203,Azad Mohalla
AD001768,AC001366,T2,778.3,2297.6,visit_1,True,1,Field Remark: Near Ration Ki Dukaan (conf=0.82),Synthesized from 1 verified field visit dwell centroids (visit_1),field_visit_dwell,0.0,gali no. 1,Azad Mohalla,970203,0.819,970203,Azad Mohalla
AD001769,AC001367,T2,971.4,3.1,baseline_coarse,True,0,,Coarse baseline locality/ward centroid,baseline_coarse,0.0,gali 9,Indira Colony,970202,0.0,970202,Indira Colony
AD001770,AC001368,T1,2505.8,-2358.1,visits_agree,True,7,Near Masjid (about 180 m from pin) | Remark Cue: Opposite Masidi (conf=0.85),Synthesized from 7 verified field visit dwell centroids (visits_agree),field_visit_dwell,0.0,,Nehru Colony,960102,0.85,960102,Nehru Colony
AD001771,AC001369,T2,933.9,299.4,landmark,True,0,Opposite Post Office (pin is a guess near this landmark),Promoted to nearest un-repelled landmark POI 'Post Office',landmark_poi_fallback,0.0,gali no. 10,Indira Colony,970202,0.0,970202,Indira Colony
AD001772,AC001370,T1,2718.1,-2321.7,baseline_coarse,True,0,,Coarse baseline locality/ward centroid,baseline_coarse,0.0,,Nehru Colony,960102,0.0,960102,Nehru Colony
AD001773,AC001370,T1,1836.4,-1215.6,baseline_street,True,0,Opposite Hanuman Temple (about 150 m from pin),High-precision baseline geocoder (street),baseline_high_precision,0.0,2nd cross; 4th main,Siddeshwara Colony,960102,0.0,960102,Siddeshwara Colony
AD001774,AC001371,T3,-2341.0,1181.0,baseline_street,True,0,,High-precision baseline geocoder (street),baseline_high_precision,0.0,c block,Railway Colony,980304,0.0,980304,Railway Colony
AD001775,AC001372,T1,2904.3,-2380.1,visits_disagree,True,6,Near Hanuman Temple (about 50 m from pin) | Remark Cue: Near Anjaneya Swamy Temple (conf=0.82),Synthesized from 6 verified field visit dwell centroids (visits_disagree),field_visit_dwell,0.0,6th main,Nehru Colony,960102,0.819,960102,Nehru Colony
AD001776,AC001373,T3,-2533.0,-18.3,visits_agree,True,2,Field Remark: Opposite Sarkari Shaale (conf=0.85),Synthesized from 2 verified field visit dwell centroids (visits_agree),field_visit_dwell,0.0,e block; 5th road,Green Park Layout,980301,0.85,980301,Green Park Layout
AD001777,AC001374,T2,-1622.5,-2725.0,baseline_coarse,True,0,,Coarse baseline locality/ward centroid,baseline_coarse,0.0,,Subhash Nagar,970201,0.0,970201,Subhash Nagar
AD001778,AC001375,T3,-333.6,-3560.4,baseline_coarse,True,0,,Coarse baseline locality/ward centroid,baseline_coarse,0.0,,Orchid Enclave,980301,0.0,980301,Orchid Enclave
AD001779,AC001376,T3,3069.2,-1821.4,visits_agree,True,3,,Synthesized from 3 verified field visit dwell centroids (visits_agree),field_visit_dwell,0.0,,Palm Meadows,980302,0.2,980302,Palm Meadows
AD001780,AC001377,T3,-3883.8,-946.9,baseline_coarse,True,0,,Coarse baseline locality/ward centroid,baseline_coarse,0.0,,Green Park Layout,980301,0.0,980301,Green Park Layout
AD001781,AC001377,T3,-136.4,-3781.7,landmark,True,0,Near Ganesh Temple (pin is a guess near this landmark),Promoted to nearest un-repelled landmark POI 'Ganesh Temple',landmark_poi_fallback,0.0,,Orchid Enclave,980301,0.0,980301,Orchid Enclave
AD001782,AC001378,T1,1144.6,-2628.3,baseline_street,True,0,,High-precision baseline geocoder (street),baseline_high_precision,0.0,12th cross,Gandhi Nagar,960102,0.0,960102,Gandhi Nagar
AD001783,AC001378,T1,-265.5,-1625.3,baseline_street,True,0,,High-precision baseline geocoder (street),baseline_high_precision,0.0,1st cross; 6th main,,960104,0.0,960104,
AD001784,AC001379,T2,2450.4,1996.0,landmark,True,0,Near Hanuman Temple (pin is a guess near this landmark),Promoted to nearest un-repelled landmark POI 'Hanuman Temple',landmark_poi_fallback,0.0,,Ram Nagar,,0.0,,Ram Nagar
AD001785,AC001380,T3,1198.7,-465.1,baseline_street,True,0,Near Masjid (about 190 m from pin),High-precision baseline geocoder (street),baseline_high_precision,0.0,f block; 4th rd,Teachers Colony,980302,0.0,980302,Teachers Colony
AD001786,AC001381,T3,-3711.8,-1040.6,baseline_coarse,True,0,,Coarse baseline locality/ward centroid,baseline_coarse,0.0,,Green Park Layout,983001,0.0,983001,Green Park Layout
AD001787,AC001382,T3,-842.2,2899.6,landmark,True,0,Near Ration Shop (pin is a guess near this landmark),Promoted to nearest un-repelled landmark POI 'Ration Shop',landmark_poi_fallback,0.0,,Sunrise Enclave,,0.0,,Sunrise Enclave
AD001788,AC001383,T1,-1235.0,760.3,visits_disagree,True,4,Near Water Tank (about 170 m from pin) | Remark Cue: Near Neerina Tank (conf=0.82),Synthesized from 4 verified field visit dwell centroids (visits_disagree),field_visit_dwell,0.0,11th cross; 5th main,Ashoka Layout,960104,0.819,960104,Ashoka Layout
AD001789,AC001384,T1,-842.8,-3180.2,visit_1,True,1,,Synthesized from 1 verified field visit dwell centroids (visit_1),field_visit_dwell,0.0,6th cross; 7th main,Basava Nagar,960101,0.2,960101,Basava Nagar
AD001790,AC001385,T1,-3117.0,1537.7,visits_agree,True,3,Near Community Hall (about 130 m from pin) | Remark Cue: Behind Samudaya Bhavana (conf=0.83),Synthesized from 3 verified field visit dwell centroids (visits_agree),field_visit_dwell,0.0,14th cross; 3rd main,Vinayaka Nagar,960104,0.83,960104,Vinayaka Nagar
AD001791,AC001386,T1,-2672.6,1243.4,landmark,True,0,Near Bus Stop (pin is a guess near this landmark),Promoted to nearest un-repelled landmark POI 'Bus Stop',landmark_poi_fallback,0.0,5th main,Vinayaka Nagar,960104,0.0,960104,Vinayaka Nagar
AD001792,AC001387,T3,-2782.7,-502.0,visits_disagree,True,6,,Synthesized from 6 verified field visit dwell centroids (visits_disagree),field_visit_dwell,0.0,,Silver Oak Layout,980301,0.2,980301,Silver Oak Layout
AD001793,AC001387,OUT,,,unmapped_village,False,0,,Village outside mapped urban town coverage; zero baseline geocode and zero field visits,unmapped_village,0.0,,,999415,0.0,999415,
AD001794,AC001388,T2,932.0,-2909.7,visits_agree,True,5,Field Remark: Beside Barat Ghar (conf=0.83),Synthesized from 5 verified field visit dwell centroids (visits_agree),field_visit_dwell,0.0,313 gali,Shivaji Nagar,970202,0.832,970202,Shivaji Nagar
AD001795,AC001389,T2,2083.6,1623.1,landmark,True,0,Near Community Hall (pin is a guess near this landmark),Promoted to nearest un-repelled landmark POI 'Community Hall',landmark_poi_fallback,0.0,,Ram Nagar,970203,0.0,970203,Ram Nagar
AD001796,AC001389,OUT,,,unmapped_village,False,0,,Village outside mapped urban town coverage; zero baseline geocode and zero field visits,unmapped_village,0.0,,,991251,0.0,991251,
AD001797,AC001390,T1,2323.4,-2387.1,landmark,True,0,Near Masjid (pin is a guess near this landmark),Promoted to nearest un-repelled landmark POI 'Masjid',landmark_poi_fallback,0.0,4th cross; 1st main,Nehru Colony,960102,0.0,960102,Nehru Colony
AD001798,AC001391,T3,-3966.5,-1075.6,visit_1,True,1,,Synthesized from 1 verified field visit dwell centroids (visit_1),field_visit_dwell,0.0,,Green Park Layout,980301,0.2,980301,Green Park Layout
AD001799,AC001392,T1,3204.5,-2176.6,visits_agree,True,3,Near Ration Shop (about 160 m from pin) | Remark Cue: Behind Ration Angadi (conf=0.83),Synthesized from 3 verified field visit dwell centroids (visits_agree),field_visit_dwell,0.0,11th cross; 8th main,Nehru Colony,960102,0.83,960102,Nehru Colony
AD001800,AC001393,T1,2537.5,-2211.9,cross_account_street,True,2,,Synthesized from 2 verified field visit dwell centroids (visits_disagree),field_visit_dwell,0.0,5th cross; 2nd main,Nehru Colony,960102,0.2,960102,Nehru Colony
AD001801,AC001394,T3,3743.3,612.7,baseline_coarse,True,0,,Coarse baseline locality/ward centroid,baseline_coarse,0.0,,Lakeview Phase 2,980303,0.0,980303,Lakeview Phase 2
AD001802,AC001395,T3,3259.5,-1718.5,visits_agree,True,3,Near Ration Shop (about 60 m from pin) | Remark Cue: Behind Ration Ki Dukaan (conf=0.83),Synthesized from 3 verified field visit dwell centroids (visits_agree),field_visit_dwell,0.0,,Palm Meadows,980302,0.83,980302,Palm Meadows
AD001803,AC001396,T1,-2867.5,1100.8,baseline_coarse,True,0,,Coarse baseline locality/ward centroid,baseline_coarse,0.0,6th main,Vinayaka Nagar,,0.0,,Vinayaka Nagar
AD001804,AC001397,T1,382.6,2362.8,baseline_coarse,True,0,,Coarse baseline locality/ward centroid,baseline_coarse,0.0,1st x; 7th main,Anjaneya Badavane,960103,0.0,960103,Anjaneya Badavane
AD001805,AC001398,T2,2377.0,-769.6,visit_1,True,1,Field Remark: Beside Dak Ghar (conf=0.83),Synthesized from 1 verified field visit dwell centroids (visit_1),field_visit_dwell,0.0,gali 11,Krishna Puri,970202,0.832,970202,Krishna Puri
AD001806,AC001398,T2,933.9,299.4,landmark,True,0,Opposite Post Office (pin is a guess near this landmark),Promoted to nearest un-repelled landmark POI 'Post Office',landmark_poi_fallback,0.0,,Indira Colony,970202,0.0,970202,Indira Colony
AD001807,AC001399,T2,1016.5,3112.2,visits_agree,True,2,,Synthesized from 2 verified field visit dwell centroids (visits_agree),field_visit_dwell,0.0,gali no. 12,Azad Mohalla,970203,0.2,970203,Azad Mohalla
AD001808,AC001400,T1,979.8,-3196.5,visits_disagree,True,5,,Synthesized from 5 verified field visit dwell centroids (visits_disagree),field_visit_dwell,0.0,,Gandhi Nagar,960102,0.2,960102,Gandhi Nagar
AD001809,AC001401,T2,1313.2,320.7,baseline_street,True,0,Near Hanuman Temple (about 30 m from pin),High-precision baseline geocoder (rooftop),baseline_high_precision,0.0,176 gali,Indira Colony,970202,0.0,970202,Indira Colony
AD001810,AC001402,T2,1097.3,2655.1,landmark,True,0,Near Bus Stop (pin is a guess near this landmark),Promoted to nearest un-repelled landmark POI 'Bus Stop',landmark_poi_fallback,0.0,,Azad Mohalla,970203,0.0,970203,Azad Mohalla
AD001811,AC001403,T2,890.1,3093.9,visits_agree,True,5,Near Petrol Bunk (pin is at this landmark),Synthesized from 5 verified field visit dwell centroids (visits_agree),field_visit_dwell,0.0,,Azad Mohalla,970203,0.2,970203,Azad Mohalla
AD001812,AC001404,T3,3848.0,592.8,visits_disagree,True,4,Near Bus Stop (about 190 m from pin) | Remark Cue: Near Bus Nildana (conf=0.82),Synthesized from 4 verified field visit dwell centroids (visits_disagree),field_visit_dwell,0.0,,Lakeview Phase 2,980303,0.819,980303,Lakeview Phase 2
AD001813,AC001405,T3,3192.7,-1887.9,baseline_coarse,True,0,,Coarse baseline locality/ward centroid,baseline_coarse,0.0,c block; 4th road,Palm Meadows,980302,0.0,980302,Palm Meadows
AD001814,AC001405,OUT,,,unmapped_village,False,0,,Village outside mapped urban town coverage; zero baseline geocode and zero field visits,unmapped_village,0.0,,,993483,0.0,993483,
AD001815,AC001406,T1,-2478.3,1023.4,visits_disagree,True,8,,Synthesized from 8 verified field visit dwell centroids (visits_disagree),field_visit_dwell,0.0,,Vinayaka Nagar,960104,0.2,960104,Vinayaka Nagar
AD001816,AC001407,T1,-2104.6,1495.5,baseline_coarse,True,0,,Coarse baseline locality/ward centroid,baseline_coarse,0.0,7th cross; 4th main,Kalyana Nagar,960104,0.0,960104,Kalyana Nagar
AD001817,AC001408,T1,-2087.6,2424.6,baseline_coarse,True,0,,Coarse baseline locality/ward centroid,baseline_coarse,0.0,7th cross; 1st main,Kalyana Nagar,960104,0.0,960104,Kalyana Nagar
AD001818,AC001409,T1,216.3,-270.9,baseline_coarse,True,0,,Coarse baseline locality/ward centroid,baseline_coarse,0.0,4th cross; 1st main,,,0.0,,
AD001819,AC001409,OUT,,,unmapped_village,False,0,,Village outside mapped urban town coverage; zero baseline geocode and zero field visits,unmapped_village,0.0,,,999071,0.0,999071,
AD001820,AC001410,T1,-2050.5,2320.6,baseline_coarse,True,0,,Coarse baseline locality/ward centroid,baseline_coarse,0.0,,Kalyana Nagar,960104,0.0,960104,Kalyana Nagar
AD001821,AC001411,T1,2482.3,-2430.9,visits_agree,True,5,Near Masjid (about 160 m from pin),Synthesized from 5 verified field visit dwell centroids (visits_agree),field_visit_dwell,0.0,2nd cross; 3rd main,Nehru Colony,960102,0.2,960102,Nehru Colony
AD001822,AC001412,T3,-2666.0,-646.3,visits_disagree,True,3,,Synthesized from 3 verified field visit dwell centroids (visits_disagree),field_visit_dwell,0.0,,Silver Oak Layout,980301,0.2,980301,Silver Oak Layout
AD001823,AC001413,T3,2334.0,-1654.6,baseline_coarse,True,0,,Coarse baseline locality/ward centroid,baseline_coarse,0.0,b block; 1st road,,980302,0.0,980302,
AD001824,AC001414,T3,-2477.9,-542.1,landmark,True,0,Near Masjid (pin is a guess near this landmark),Promoted to nearest un-repelled landmark POI 'Masjid',landmark_poi_fallback,0.0,,Silver Oak Layout,980301,0.0,980301,Silver Oak Layout
AD001825,AC001415,T2,2844.3,775.5,landmark,True,0,Opposite Water Tank (pin is a guess near this landmark),Promoted to nearest un-repelled landmark POI 'Water Tank',landmark_poi_fallback,0.0,,Nehru Colony,970203,0.0,970203,Nehru Colony
AD001826,AC001415,OUT,,,unmapped_village,False,0,,Village outside mapped urban town coverage; zero baseline geocode and zero field visits,unmapped_village,0.0,,,995185,0.0,995185,
AD001827,AC001416,T3,1157.3,-3636.6,landmark,True,0,Near Water Tank (pin is a guess near this landmark),Promoted to nearest un-repelled landmark POI 'Water Tank',landmark_poi_fallback,0.0,,Unity Nagar,980302,0.0,980302,Unity Nagar
AD001828,AC001416,OUT,,,unmapped_village,False,0,,Village outside mapped urban town coverage; zero baseline geocode and zero field visits,unmapped_village,0.0,,,994892,0.0,994892,
AD001829,AC001417,T2,2195.7,2226.8,baseline_street,True,0,Near Govt School (about 180 m from pin),High-precision baseline geocoder (street),baseline_high_precision,0.0,gali no. 12,Ram Nagar,,0.0,,Ram Nagar
AD001830,AC001418,T2,1063.5,2913.5,visits_agree,True,9,Field Remark: Behind Ganesh Mandir (conf=0.83),Synthesized from 9 verified field visit dwell centroids (visits_agree),field_visit_dwell,0.0,,Azad Mohalla,970203,0.795,970203,Azad Mohalla
AD001831,AC001419,T1,-1609.2,2422.2,baseline_street,True,0,Near Masjid (pin is at this landmark),High-precision baseline geocoder (street),baseline_high_precision,0.0,6th cross,Kalyana Nagar,960104,0.0,960104,Kalyana Nagar
AD001832,AC001420,T3,4121.1,97.2,visits_agree,True,6,,Synthesized from 6 verified field visit dwell centroids (visits_agree),field_visit_dwell,0.0,,Lakeview Phase 2,980303,0.2,980303,Lakeview Phase 2
AD001833,AC001421,T2,1534.0,-2409.2,visits_disagree,True,7,Field Remark: Beside Dawai Ki Dukaan (conf=0.83),Synthesized from 7 verified field visit dwell centroids (visits_disagree),field_visit_dwell,0.0,,Patel Nagar,970202,0.832,970202,Patel Nagar
AD001834,AC001422,T1,533.8,-3112.4,baseline_coarse,True,0,,Coarse baseline locality/ward centroid,baseline_coarse,0.0,4th cross; 7th main,Gandhi Nagar,960102,0.0,960102,Gandhi Nagar
AD001835,AC001423,T2,859.6,2869.0,baseline_coarse,True,0,,Coarse baseline locality/ward centroid,baseline_coarse,0.0,gali 2,Azad Mohalla,970230,0.0,970230,Azad Mohalla
AD001836,AC001424,T1,-2691.2,1426.5,visit_1,True,1,,Synthesized from 1 verified field visit dwell centroids (visit_1),field_visit_dwell,0.0,9th cross; 7th main,Vinayaka Nagar,960104,0.2,960104,Vinayaka Nagar
AD001837,AC001424,T1,-1529.8,2321.4,visits_agree,True,2,Field Remark: Opposite Mosque (conf=0.85),Synthesized from 2 verified field visit dwell centroids (visits_agree),field_visit_dwell,0.0,6th cross,Kalyana Nagar,960104,0.85,960104,Kalyana Nagar
AD001838,AC001425,T3,-477.5,-3317.9,baseline_coarse,True,0,,Coarse baseline locality/ward centroid,baseline_coarse,0.0,b block; 6th rd,Orchid Enclave,980301,0.0,980301,Orchid Enclave
AD001839,AC001426,T2,-784.3,-476.8,baseline_coarse,True,0,,Coarse baseline locality/ward centroid,baseline_coarse,0.0,,Shastri Nagar,970201,0.0,970201,Shastri Nagar
AD001840,AC001427,T3,731.9,-1039.8,landmark,True,0,Near Govt School (pin is a guess near this landmark),Promoted to nearest un-repelled landmark POI 'Govt School',landmark_poi_fallback,0.0,d block; 4th road,Teachers Colony,980302,0.0,980302,Teachers Colony
AD001841,AC001427,T3,3490.0,610.0,baseline_coarse,True,0,,Coarse baseline locality/ward centroid,baseline_coarse,0.0,,Lakeview Phase 2,980303,0.0,980303,Lakeview Phase 2
AD001842,AC001428,T3,-3668.1,-725.5,visit_1,True,1,Field Remark: Beside Bus Adda (conf=0.83),Synthesized from 1 verified field visit dwell centroids (visit_1),field_visit_dwell,0.0,,Green Park Layout,980301,0.832,980301,Green Park Layout
AD001843,AC001428,OUT,,,unmapped_village,False,0,,Village outside mapped urban town coverage; zero baseline geocode and zero field visits,unmapped_village,0.0,,,993953,0.0,993953,
AD001844,AC001429,T2,-587.7,-11.0,visits_disagree,True,4,Field Remark: Beside Hanuman Mandir (conf=0.83),Synthesized from 4 verified field visit dwell centroids (visits_disagree),field_visit_dwell,0.0,,Shastri Nagar,970201,0.832,970201,Shastri Nagar
AD001845,AC001430,T3,3599.0,26.5,visits_agree,True,3,,Synthesized from 3 verified field visit dwell centroids (visits_agree),field_visit_dwell,0.0,,Lakeview Phase 2,980303,0.2,980303,Lakeview Phase 2
AD001846,AC001430,T3,-3620.1,-802.0,baseline_coarse,True,0,,Coarse baseline locality/ward centroid,baseline_coarse,0.0,,Green Park Layout,980301,0.0,980301,Green Park Layout
AD001847,AC001431,T3,-2409.2,1149.0,visit_1,True,1,,Synthesized from 1 verified field visit dwell centroids (visit_1),field_visit_dwell,0.0,1st road,,980303,0.2,980303,
AD001848,AC001431,T3,-3740.2,-887.6,baseline_coarse,True,0,,Coarse baseline locality/ward centroid,baseline_coarse,0.0,f block; 6th rd,Green Park Layout,980301,0.0,980301,Green Park Layout
AD001849,AC001432,T1,437.4,2774.0,visit_1,True,1,,Synthesized from 1 verified field visit dwell centroids (visit_1),field_visit_dwell,0.0,11th cross; 6th main,Anjaneya Badavane,960103,0.2,960103,Anjaneya Badavane
AD001850,AC001433,T1,-1141.0,-3103.8,baseline_coarse,True,0,,Coarse baseline locality/ward centroid,baseline_coarse,0.0,3rd cross; 4th main,Basava Nagar,960101,0.0,960101,Basava Nagar
AD001851,AC001434,T2,905.2,-2844.8,visit_1,True,1,Near Community Hall (about 90 m from pin),Synthesized from 1 verified field visit dwell centroids (visit_1),field_visit_dwell,0.0,gali 8,,970202,0.2,970202,
AD001852,AC001435,T2,690.4,-3292.4,visits_agree,True,2,,Synthesized from 2 verified field visit dwell centroids (visits_agree),field_visit_dwell,0.0,,Shivaji Nagar,970202,0.2,970202,Shivaji Nagar
AD001853,AC001435,T2,-718.8,-527.3,baseline_coarse,True,0,,Coarse baseline locality/ward centroid,baseline_coarse,0.0,,Shastri Nagar,970201,0.0,970201,Shastri Nagar
AD001854,AC001436,T3,891.6,-783.5,visits_agree,True,2,,Synthesized from 2 verified field visit dwell centroids (visits_agree),field_visit_dwell,0.0,,Teachers Colony,980302,0.2,980302,Teachers Colony
AD001855,AC001437,T2,2431.8,-1204.8,visits_agree,True,8,Opposite Govt School (about 50 m from pin) | Remark Cue: Opposite Sarkari School (conf=0.85),Synthesized from 8 verified field visit dwell centroids (visits_agree),field_visit_dwell,0.0,420 gali,Krishna Puri,,0.85,,Krishna Puri
AD001856,AC001438,T3,-1015.7,-302.2,visit_1,True,1,,Synthesized from 1 verified field visit dwell centroids (visit_1),field_visit_dwell,0.0,d block; 4th rd,HMT Colony,980301,0.2,980301,HMT Colony
AD001857,AC001439,T2,1647.4,-2232.2,visits_agree,True,4,Field Remark: Near Medical Store (conf=0.82),Synthesized from 4 verified field visit dwell centroids (visits_agree),field_visit_dwell,0.0,gali no. 4,Patel Nagar,970202,0.819,970202,Patel Nagar
AD001858,AC001440,T2,1813.9,-1555.0,baseline_coarse,True,0,,Coarse baseline locality/ward centroid,baseline_coarse,0.0,gali no. 6,,970202,0.0,970202,
AD001859,AC001441,T3,-484.7,3203.2,baseline_coarse,True,0,,Coarse baseline locality/ward centroid,baseline_coarse,0.0,,Sunrise Enclave,980304,0.0,980304,Sunrise Enclave
AD001860,AC001442,T3,-2544.4,-605.3,baseline_street,True,0,,High-precision baseline geocoder (street),baseline_high_precision,0.0,,Silver Oak Layout,980301,0.0,980301,Silver Oak Layout
AD001861,AC001442,T3,2845.9,-1843.3,baseline_street,True,0,,High-precision baseline geocoder (street),baseline_high_precision,0.0,,Palm Meadows,980302,0.0,980302,Palm Meadows
AD001862,AC001443,T1,-3277.6,1266.3,visits_disagree,True,5,Field Remark: Behind Pharmacy (conf=0.80),Synthesized from 5 verified field visit dwell centroids (visits_disagree),field_visit_dwell,0.0,9th cross; 1st main,,960104,0.795,960104,
AD001863,AC001444,T2,-892.6,-1156.7,baseline_coarse,True,0,,Coarse baseline locality/ward centroid,baseline_coarse,0.0,,,970201,0.0,970201,
AD001864,AC001445,T3,-182.5,-3914.0,visits_disagree,True,5,,Synthesized from 5 verified field visit dwell centroids (visits_disagree),field_visit_dwell,0.0,,Orchid Enclave,980301,0.2,980301,Orchid Enclave
AD001865,AC001445,T3,433.8,1321.1,visits_agree,True,3,Field Remark: Opposite Bus Stop (conf=0.85),Synthesized from 3 verified field visit dwell centroids (visits_agree),field_visit_dwell,0.0,,Royal Gardens,980303,0.85,980303,Royal Gardens
AD001866,AC001446,T2,549.2,-3467.8,visit_1,True,1,,Synthesized from 1 verified field visit dwell centroids (visit_1),field_visit_dwell,0.0,,Shivaji Nagar,970202,0.2,970202,Shivaji Nagar
AD001867,AC001447,T1,2767.0,1295.3,baseline_street,True,0,,High-precision baseline geocoder (street),baseline_high_precision,0.0,8th cross; 7th main,Vidya Nagar,960103,0.0,960103,Vidya Nagar
AD001868,AC001448,T3,-2212.6,-204.9,visits_disagree,True,6,,Synthesized from 6 verified field visit dwell centroids (visits_disagree),field_visit_dwell,0.0,,Silver Oak Layout,980301,0.2,980301,Silver Oak Layout
AD001869,AC001448,OUT,,,unmapped_village,False,0,,Village outside mapped urban town coverage; zero baseline geocode and zero field visits,unmapped_village,0.0,,,994575,0.0,994575,
AD001870,AC001449,T1,782.8,2036.1,landmark,True,0,Opposite Medical Store (pin is a guess near this landmark),Promoted to nearest un-repelled landmark POI 'Medical Store',landmark_poi_fallback,0.0,8th cross; 2nd main,,960103,0.0,960103,
AD001871,AC001450,T1,1690.6,-1164.5,landmark,True,0,Near Medical Store (pin is a guess near this landmark),Promoted to nearest un-repelled landmark POI 'Medical Store',landmark_poi_fallback,0.0,5th cross; 3rd main,,960102,0.0,960102,
AD001872,AC001451,T3,-2556.4,-361.6,baseline_coarse,True,0,,Coarse baseline locality/ward centroid,baseline_coarse,0.0,3rd road,,980304,0.0,980304,
AD001873,AC001451,T3,-760.1,-2174.0,visits_disagree,True,2,,Synthesized from 2 verified field visit dwell centroids (visits_disagree),field_visit_dwell,0.0,c block; 4th road,Defence Colony,980301,0.2,980301,Defence Colony
AD001874,AC001452,T2,-600.4,-539.8,landmark,True,0,Near Post Office (pin is a guess near this landmark),Promoted to nearest un-repelled landmark POI 'Post Office',landmark_poi_fallback,0.0,,Shastri Nagar,970201,0.0,970201,Shastri Nagar
AD001875,AC001453,T2,2883.9,-1878.8,baseline_street,True,0,,High-precision baseline geocoder (street),baseline_high_precision,0.0,gali 5,Krishna Puri,970202,0.0,970202,Krishna Puri
AD001876,AC001453,T2,2450.4,1996.0,landmark,True,0,Near Hanuman Temple (pin is a guess near this landmark),Promoted to nearest un-repelled landmark POI 'Hanuman Temple',landmark_poi_fallback,0.0,,Ram Nagar,970203,0.0,970203,Ram Nagar
AD001877,AC001454,T2,2488.4,-707.2,cross_account_street,True,0,,Coarse baseline locality/ward centroid,baseline_coarse,0.0,gali 12,Krishna Puri,970202,0.0,970202,Krishna Puri
AD001878,AC001455,T1,-2799.4,893.5,landmark,True,0,Opposite Post Office (pin is a guess near this landmark),Promoted to nearest un-repelled landmark POI 'Post Office',landmark_poi_fallback,0.0,1st cross,Vinayaka Nagar,960104,0.0,960104,Vinayaka Nagar
AD001879,AC001456,T1,551.2,-2850.2,visits_agree,True,3,,Synthesized from 3 verified field visit dwell centroids (visits_agree),field_visit_dwell,0.0,9th x; 3rd main,Gandhi Nagar,960102,0.2,960102,Gandhi Nagar
AD001880,AC001457,T3,3490.8,125.2,visit_1,True,1,,Synthesized from 1 verified field visit dwell centroids (visit_1),field_visit_dwell,0.0,,Lakeview Phase 2,980303,0.2,980303,Lakeview Phase 2
AD001881,AC001458,T1,688.0,23.7,visit_1,True,1,Near Ration Shop (about 200 m from pin),Synthesized from 1 verified field visit dwell centroids (visit_1),field_visit_dwell,0.0,,,960101,0.2,960101,
AD001882,AC001458,T1,710.9,-3012.1,visits_agree,True,2,,Synthesized from 2 verified field visit dwell centroids (visits_agree),field_visit_dwell,0.0,7th cross; 4th main,Gandhi Nagar,960102,0.2,960102,Gandhi Nagar
AD001883,AC001459,T1,2674.9,-2182.4,baseline_coarse,True,0,,Coarse baseline locality/ward centroid,baseline_coarse,0.0,2nd cross; 5th main,Nehru Colony,906102,0.0,906102,Nehru Colony
AD001884,AC001460,T3,945.2,-3595.2,baseline_coarse,True,0,,Coarse baseline locality/ward centroid,baseline_coarse,0.0,,Unity Nagar,980302,0.0,980302,Unity Nagar
AD001885,AC001461,T3,155.1,-211.5,baseline_coarse,True,0,,Coarse baseline locality/ward centroid,baseline_coarse,0.0,,,,0.0,,
AD001886,AC001462,T3,3542.8,-2135.0,visits_agree,True,3,Field Remark: Near Overhead Tank (conf=0.82),Synthesized from 3 verified field visit dwell centroids (visits_agree),field_visit_dwell,0.0,,Palm Meadows,980302,0.819,980302,Palm Meadows
AD001887,AC001462,OUT,,,unmapped_village,False,0,,Village outside mapped urban town coverage; zero baseline geocode and zero field visits,unmapped_village,0.0,,,999856,0.0,999856,
AD001888,AC001463,T1,-499.6,-1345.9,baseline_coarse,True,0,,Coarse baseline locality/ward centroid,baseline_coarse,0.0,,Hosa Badavane,960101,0.0,960101,Hosa Badavane
AD001889,AC001464,T1,-2291.8,-2415.0,baseline_coarse,True,0,,Coarse baseline locality/ward centroid,baseline_coarse,0.0,6th cross; 5th main,Shanthi Nagar,960101,0.0,960101,Shanthi Nagar
AD001890,AC001465,T3,1110.4,-484.4,visits_agree,True,4,,Synthesized from 4 verified field visit dwell centroids (visits_agree),field_visit_dwell,0.0,,Teachers Colony,980302,0.2,980302,Teachers Colony
AD001891,AC001466,T3,-3127.5,-165.2,visits_disagree,True,3,Field Remark: Beside Tanki (conf=0.83),Synthesized from 3 verified field visit dwell centroids (visits_disagree),field_visit_dwell,0.0,,Silver Oak Layout,980301,0.832,980301,Silver Oak Layout
AD001892,AC001467,T3,-513.7,-242.5,landmark,True,0,Near Medical Store (pin is a guess near this landmark),Promoted to nearest un-repelled landmark POI 'Medical Store',landmark_poi_fallback,0.0,e block; 6th road,HMT Colony,980301,0.0,980301,HMT Colony
AD001893,AC001467,OUT,,,unmapped_village,False,0,,Village outside mapped urban town coverage; zero baseline geocode and zero field visits,unmapped_village,0.0,,,993792,0.0,993792,
AD001894,AC001468,T2,2953.3,577.4,baseline_coarse,True,0,,Coarse baseline locality/ward centroid,baseline_coarse,0.0,,Ram Nagar,970203,0.0,970203,Ram Nagar
AD001895,AC001469,T3,644.8,-3711.4,landmark,True,0,Near Ration Shop (pin is a guess near this landmark),Promoted to nearest un-repelled landmark POI 'Ration Shop',landmark_poi_fallback,0.0,6th rd,Unity Nagar,980302,0.0,980302,Unity Nagar
AD001896,AC001470,T3,-2608.2,-114.5,visit_1,True,1,,Synthesized from 1 verified field visit dwell centroids (visit_1),field_visit_dwell,0.0,f block; 4th road,Silver Oak Layout,980301,0.2,980301,Silver Oak Layout
AD001897,AC001470,T3,-254.4,-3659.9,baseline_street,True,0,Opposite Ganesh Temple (about 170 m from pin),High-precision baseline geocoder (street),baseline_high_precision,0.0,,Orchid Enclave,980301,0.0,980301,Orchid Enclave
AD001898,AC001471,T2,1699.7,1613.3,baseline_coarse,True,0,,Coarse baseline locality/ward centroid,baseline_coarse,0.0,,,970203,0.0,970203,
AD001899,AC001472,T1,3016.5,-2614.8,visit_1,True,1,Field Remark: Behind Milk Dairy (conf=0.80),Synthesized from 1 verified field visit dwell centroids (visit_1),field_visit_dwell,0.0,,Nehru Colony,960102,0.795,960102,Nehru Colony
AD001900,AC001473,T1,700.6,-2701.4,visits_agree,True,7,Field Remark: Behind Sarkari Shaale (conf=0.80),Synthesized from 7 verified field visit dwell centroids (visits_agree),field_visit_dwell,0.0,11th cross; 4th main,Basava Nagar,,0.795,,Basava Nagar
AD001901,AC001474,T3,-3663.2,-784.7,visits_agree,True,2,Field Remark: Beside Bus Adda (conf=0.83),Synthesized from 2 verified field visit dwell centroids (visits_agree),field_visit_dwell,0.0,,Green Park Layout,980301,0.832,980301,Green Park Layout
AD001902,AC001474,T3,-694.8,-414.5,baseline_coarse,True,0,,Coarse baseline locality/ward centroid,baseline_coarse,0.0,,,980302,0.0,980302,
AD001903,AC001475,T1,2332.5,921.3,cross_account_street,True,0,,Coarse baseline locality/ward centroid,baseline_coarse,0.0,3rd main,,960103,0.0,960103,
AD001904,AC001476,T1,-1070.1,-3088.1,baseline_coarse,True,0,,Coarse baseline locality/ward centroid,baseline_coarse,0.0,2nd cross; 2nd main,Basava Nagar,960101,0.0,960101,Basava Nagar
AD001905,AC001477,T2,1143.6,72.9,baseline_coarse,True,0,,Coarse baseline locality/ward centroid,baseline_coarse,0.0,359 gali,,970201,0.0,970201,
AD001906,AC001478,T3,-1757.4,-1453.8,baseline_coarse,True,0,,Coarse baseline locality/ward centroid,baseline_coarse,0.0,6th road,,980301,0.0,980301,
AD001907,AC001479,T2,2919.8,-1638.7,baseline_street,True,0,,High-precision baseline geocoder (street),baseline_high_precision,0.0,469 gali,Krishna Puri,970202,0.0,970202,Krishna Puri
AD001908,AC001480,T3,-2501.8,-107.0,baseline_street,True,0,Near Govt School (pin is at this landmark),High-precision baseline geocoder (street),baseline_high_precision,0.0,,Silver Oak Layout,980301,0.0,980301,Silver Oak Layout
AD001909,AC001481,T1,-2068.5,1404.2,baseline_coarse,True,0,,Coarse baseline locality/ward centroid,baseline_coarse,0.0,,,960104,0.0,960104,
AD001910,AC001481,T1,-593.2,-1136.2,baseline_coarse,True,0,,Coarse baseline locality/ward centroid,baseline_coarse,0.0,10th x; 4th main,Hosa Badavane,960101,0.0,960101,Hosa Badavane
AD001911,AC001482,T2,1949.1,-1374.0,baseline_coarse,True,0,,Coarse baseline locality/ward centroid,baseline_coarse,0.0,gali 2,,970202,0.0,970202,
AD001912,AC001483,T2,2965.1,705.9,baseline_coarse,True,0,,Coarse baseline locality/ward centroid,baseline_coarse,0.0,,Nehru Colony,970203,0.0,970203,Nehru Colony
AD001913,AC001483,T2,-1475.0,-2762.9,baseline_street,True,0,Opposite Hanuman Temple (about 70 m from pin),High-precision baseline geocoder (street),baseline_high_precision,0.0,gali 7,Subhash Nagar,970201,0.0,970201,Subhash Nagar
AD001914,AC001484,T2,868.1,983.7,visits_agree,True,2,,Synthesized from 2 verified field visit dwell centroids (visits_agree),field_visit_dwell,0.0,,Ram Nagar,970203,0.2,970203,Ram Nagar
AD001915,AC001484,OUT,,,unmapped_village,False,0,,Village outside mapped urban town coverage; zero baseline geocode and zero field visits,unmapped_village,0.0,,,999909,0.0,999909,
AD001916,AC001485,T2,-347.0,-84.0,landmark,True,0,Opposite Hanuman Temple (pin is a guess near this landmark),Promoted to nearest un-repelled landmark POI 'Hanuman Temple',landmark_poi_fallback,0.0,,Shastri Nagar,970201,0.0,970201,Shastri Nagar
AD001917,AC001485,T2,1193.3,-221.1,landmark,True,0,Near Bus Stop (pin is a guess near this landmark),Promoted to nearest un-repelled landmark POI 'Bus Stop',landmark_poi_fallback,0.0,,Indira Colony,970202,0.0,970202,Indira Colony
AD001918,AC001486,T2,-170.1,3207.2,landmark,True,0,Behind Ration Shop (pin is a guess near this landmark),Promoted to nearest un-repelled landmark POI 'Ration Shop',landmark_poi_fallback,0.0,,Ambedkar Nagar,970204,0.0,970204,Ambedkar Nagar
AD001919,AC001487,T3,-323.1,-3267.1,baseline_coarse,True,0,,Coarse baseline locality/ward centroid,baseline_coarse,0.0,f block; 7th road,Orchid Enclave,980301,0.0,980301,Orchid Enclave
AD001920,AC001488,T3,3583.6,624.9,visits_disagree,True,3,Near Ration Shop (about 80 m from pin) | Remark Cue: Behind Nyayabele Angadi (conf=0.83),Synthesized from 3 verified field visit dwell centroids (visits_disagree),field_visit_dwell,0.0,e block; 6th rd,Lakeview Phase 2,980303,0.83,980303,Lakeview Phase 2
AD001921,AC001489,T3,1014.3,-406.9,landmark,True,0,Near Masjid (pin is a guess near this landmark),Promoted to nearest un-repelled landmark POI 'Masjid',landmark_poi_fallback,0.0,,Teachers Colony,980302,0.0,980302,Teachers Colony
AD001922,AC001490,T3,-827.8,-3726.7,visit_1,True,1,,Synthesized from 1 verified field visit dwell centroids (visit_1),field_visit_dwell,0.0,4th road,,980304,0.2,980304,
AD001923,AC001491,T2,966.0,2935.6,visits_disagree,True,3,,Synthesized from 3 verified field visit dwell centroids (visits_disagree),field_visit_dwell,0.0,gali 10,Azad Mohalla,970203,0.2,970203,Azad Mohalla
AD001924,AC001491,T2,1388.1,1115.9,landmark,True,0,Opposite Bus Stop (pin is a guess near this landmark),Promoted to nearest un-repelled landmark POI 'Bus Stop',landmark_poi_fallback,0.0,,Gandhi Basti,970203,0.0,970203,Gandhi Basti
AD001925,AC001492,T3,-786.5,-3777.6,baseline_street,True,0,,High-precision baseline geocoder (street),baseline_high_precision,0.0,,Orchid Enclave,980301,0.0,980301,Orchid Enclave
AD001926,AC001492,T3,636.4,1521.6,baseline_coarse,True,0,,Coarse baseline locality/ward centroid,baseline_coarse,0.0,,Royal Gardens,980303,0.0,980303,Royal Gardens
AD001927,AC001493,T2,1067.2,2404.0,visits_agree,True,5,,Synthesized from 5 verified field visit dwell centroids (visits_agree),field_visit_dwell,0.0,,Ram Nagar,970203,0.2,970203,Ram Nagar
AD001928,AC001493,T2,789.2,2761.4,baseline_street,True,0,,High-precision baseline geocoder (street),baseline_high_precision,0.0,,Azad Mohalla,970203,0.0,970203,Azad Mohalla
AD001929,AC001494,T2,3091.4,236.2,visit_1,True,1,,Synthesized from 1 verified field visit dwell centroids (visit_1),field_visit_dwell,0.0,,Nehru Colony,970203,0.2,970203,Nehru Colony
AD001930,AC001495,T1,2716.3,-2525.7,baseline_street,True,0,,High-precision baseline geocoder (street),baseline_high_precision,0.0,2nd cross; 6th main,,960101,0.0,960101,
AD001931,AC001496,T2,-1045.2,-1268.8,baseline_coarse,True,0,,Coarse baseline locality/ward centroid,baseline_coarse,0.0,,,970201,0.0,970201,
AD001932,AC001497,T3,-418.5,-3362.8,baseline_street,True,0,Near Park (about 180 m from pin),High-precision baseline geocoder (street),baseline_high_precision,0.0,,Orchid Enclave,980301,0.0,980301,Orchid Enclave
AD001933,AC001498,T3,3531.8,-2221.6,visit_1,True,1,Field Remark: Opposite Udyanavana (conf=0.85),Synthesized from 1 verified field visit dwell centroids (visit_1),field_visit_dwell,0.0,5th rd,Palm Meadows,980302,0.85,980302,Palm Meadows
AD001934,AC001498,T3,-3024.6,-693.6,visits_agree,True,2,,Synthesized from 2 verified field visit dwell centroids (visits_agree),field_visit_dwell,0.0,,Silver Oak Layout,980301,0.2,980301,Silver Oak Layout
AD001935,AC001499,T1,-3155.2,823.8,landmark,True,0,Near Ganesh Temple (pin is a guess near this landmark),Promoted to nearest un-repelled landmark POI 'Ganesh Temple',landmark_poi_fallback,0.0,,Vinayaka Nagar,960104,0.0,960104,Vinayaka Nagar
AD001936,AC001499,OUT,,,unmapped_village,False,0,,Village outside mapped urban town coverage; zero baseline geocode and zero field visits,unmapped_village,0.0,,,998136,0.0,998136,
AD001937,AC001500,T2,743.3,3086.7,visits_agree,True,8,Near Petrol Bunk (about 160 m from pin),Synthesized from 8 verified field visit dwell centroids (visits_agree),field_visit_dwell,0.0,gali 10,Azad Mohalla,970203,0.2,970203,Azad Mohalla
AD001938,AC001501,T2,-654.4,-509.2,baseline_coarse,True,0,,Coarse baseline locality/ward centroid,baseline_coarse,0.0,188 gali,Shastri Nagar,970201,0.0,970201,Shastri Nagar
AD001939,AC001502,T3,-3738.3,-933.1,baseline_coarse,True,0,,Coarse baseline locality/ward centroid,baseline_coarse,0.0,,Green Park Layout,980301,0.0,980301,Green Park Layout
AD001940,AC001503,T1,2336.2,1203.8,baseline_coarse,True,0,,Coarse baseline locality/ward centroid,baseline_coarse,0.0,1st cross; 8th main,Vidya Nagar,960103,0.0,960103,Vidya Nagar
AD001941,AC001503,T1,-46.1,2664.5,cross_account_street,True,0,,Coarse baseline locality/ward centroid,baseline_coarse,0.0,1st main,Anjaneya Badavane,960103,0.0,960103,Anjaneya Badavane
AD001942,AC001504,T2,-280.8,-278.0,landmark,True,0,Near Milk Dairy (pin is a guess near this landmark),Promoted to nearest un-repelled landmark POI 'Milk Dairy',landmark_poi_fallback,0.0,,Shastri Nagar,970201,0.0,970201,Shastri Nagar
AD001943,AC001505,T3,3174.8,-1939.4,baseline_coarse,True,0,,Coarse baseline locality/ward centroid,baseline_coarse,0.0,,,980303,0.0,980303,
AD001944,AC001506,T2,2488.4,-707.2,visits_agree,True,4,,Synthesized from 4 verified field visit dwell centroids (visits_agree),field_visit_dwell,0.0,gali 12,Krishna Puri,970202,0.2,970202,Krishna Puri
AD001945,AC001507,T1,-3008.2,711.5,visits_disagree,True,4,Near Ganesh Temple (about 180 m from pin),Synthesized from 4 verified field visit dwell centroids (visits_disagree),field_visit_dwell,0.0,2nd main,Vinayaka Nagar,960104,0.2,960104,Vinayaka Nagar
AD001946,AC001508,T3,-791.9,-718.7,landmark,True,0,Near Milk Dairy (pin is a guess near this landmark),Promoted to nearest un-repelled landmark POI 'Milk Dairy',landmark_poi_fallback,0.0,,HMT Colony,980301,0.0,980301,HMT Colony
AD001947,AC001509,T3,-315.1,-3592.1,baseline_coarse,True,0,,Coarse baseline locality/ward centroid,baseline_coarse,0.0,,Orchid Enclave,980301,0.0,980301,Orchid Enclave
AD001948,AC001510,T2,-598.8,-473.6,baseline_coarse,True,0,,Coarse baseline locality/ward centroid,baseline_coarse,0.0,gali no. 2,Shastri Nagar,,0.0,,Shastri Nagar
AD001949,AC001511,T1,2656.3,-2082.9,baseline_coarse,True,0,,Coarse baseline locality/ward centroid,baseline_coarse,0.0,6th main,Nehru Colony,960102,0.0,960102,Nehru Colony
AD001950,AC001512,T2,1185.3,-2043.0,landmark,True,0,Opposite Govt School (pin is a guess near this landmark),Promoted to nearest un-repelled landmark POI 'Govt School',landmark_poi_fallback,0.0,,Patel Nagar,970202,0.0,970202,Patel Nagar
AD001951,AC001513,T2,-316.8,1507.7,baseline_coarse,True,0,,Coarse baseline locality/ward centroid,baseline_coarse,0.0,,Tilak Nagar,970204,0.0,970204,Tilak Nagar
AD001952,AC001514,T2,958.5,2633.9,visit_1,True,1,,Synthesized from 1 verified field visit dwell centroids (visit_1),field_visit_dwell,0.0,gali 6,Azad Mohalla,970203,0.2,970203,Azad Mohalla
AD001953,AC001515,T2,-328.4,-17.3,baseline_street,True,0,,High-precision baseline geocoder (street),baseline_high_precision,0.0,gali no. 12,Shastri Nagar,,0.0,,Shastri Nagar
AD001954,AC001516,T2,1114.6,-1883.1,visits_disagree,True,8,Near Ration Shop (about 80 m from pin) | Remark Cue: Opposite Ration Ki Dukaan (conf=0.85),Synthesized from 8 verified field visit dwell centroids (visits_disagree),field_visit_dwell,0.0,,Ram Nagar,970203,0.85,970203,Ram Nagar
AD001955,AC001516,T2,2816.1,540.8,baseline_coarse,True,0,,Coarse baseline locality/ward centroid,baseline_coarse,0.0,70 gali,Nehru Colony,970203,0.0,970203,Nehru Colony
AD001956,AC001517,T3,598.9,-3866.6,baseline_street,True,0,,High-precision baseline geocoder (street),baseline_high_precision,0.0,,Unity Nagar,980302,0.0,980302,Unity Nagar
AD001957,AC001518,T3,879.4,-879.4,baseline_coarse,True,0,,Coarse baseline locality/ward centroid,baseline_coarse,0.0,b block; 7th road,Teachers Colony,980302,0.0,980302,Teachers Colony
AD001958,AC001519,T3,3616.5,556.1,landmark,True,0,Near Ration Shop (pin is a guess near this landmark),Promoted to nearest un-repelled landmark POI 'Ration Shop',landmark_poi_fallback,0.0,,Lakeview Phase 2,980303,0.0,980303,Lakeview Phase 2
AD001959,AC001520,T1,2107.2,-1380.9,baseline_street,True,0,Near Hanuman Temple (about 190 m from pin),High-precision baseline geocoder (street),baseline_high_precision,0.0,3rd cross; 5th main,Siddeshwara Colony,960102,0.0,960102,Siddeshwara Colony
AD001960,AC001521,T1,2650.5,-2041.7,visit_1,True,1,,Synthesized from 1 verified field visit dwell centroids (visit_1),field_visit_dwell,0.0,7th x,Nehru Colony,960102,0.2,960102,Nehru Colony
AD001961,AC001522,T1,-2980.7,1212.5,baseline_coarse,True,0,,Coarse baseline locality/ward centroid,baseline_coarse,0.0,10th x; 8th main,Vinayaka Nagar,960104,0.0,960104,Vinayaka Nagar
AD001962,AC001523,T2,1395.2,-1976.3,visits_agree,True,4,Near Church (about 50 m from pin),Synthesized from 4 verified field visit dwell centroids (visits_agree),field_visit_dwell,0.0,gali no. 8,Patel Nagar,,0.2,,Patel Nagar
AD001963,AC001524,T2,-311.7,-731.2,visits_disagree,True,5,,Synthesized from 5 verified field visit dwell centroids (visits_disagree),field_visit_dwell,0.0,gali 2,Shastri Nagar,970201,0.2,970201,Shastri Nagar
AD001964,AC001525,T3,3205.8,-1685.6,landmark,True,0,Near Post Office (pin is a guess near this landmark),Promoted to nearest un-repelled landmark POI 'Post Office',landmark_poi_fallback,0.0,e block; 1st road,Palm Meadows,980302,0.0,980302,Palm Meadows
AD001965,AC001526,T2,1240.7,1472.2,landmark,True,0,Near Medical Store (pin is a guess near this landmark),Promoted to nearest un-repelled landmark POI 'Medical Store',landmark_poi_fallback,0.0,,Gandhi Basti,970203,0.0,970203,Gandhi Basti
AD001966,AC001526,T2,2575.0,-1393.3,baseline_coarse,True,0,,Coarse baseline locality/ward centroid,baseline_coarse,0.0,,,970204,0.0,970204,
AD001967,AC001527,T1,-1769.9,2444.6,baseline_coarse,True,0,,Coarse baseline locality/ward centroid,baseline_coarse,0.0,2nd main,Kalyana Nagar,960104,0.0,960104,Kalyana Nagar
AD001968,AC001528,T2,2844.3,775.5,landmark,True,0,Opposite Water Tank (pin is a guess near this landmark),Promoted to nearest un-repelled landmark POI 'Water Tank',landmark_poi_fallback,0.0,,Nehru Colony,,0.0,,Nehru Colony
AD001969,AC001529,T2,-1282.8,-3078.7,visit_1,True,1,Near Bus Stop (about 150 m from pin),Synthesized from 1 verified field visit dwell centroids (visit_1),field_visit_dwell,0.0,gali no. 1,Subhash Nagar,970201,0.2,970201,Subhash Nagar
AD001970,AC001530,T1,-3155.2,823.8,landmark,True,0,Near Ganesh Temple (pin is a guess near this landmark),Promoted to nearest un-repelled landmark POI 'Ganesh Temple',landmark_poi_fallback,0.0,,Vinayaka Nagar,,0.0,,Vinayaka Nagar
AD001971,AC001531,T2,2814.3,-1269.6,visits_disagree,True,3,Field Remark: Beside Ganesh Mandir (conf=0.81),Synthesized from 3 verified field visit dwell centroids (visits_disagree),field_visit_dwell,0.0,gali 8,Krishna Puri,970202,0.807,970202,Krishna Puri
AD001972,AC001532,T1,698.6,-2849.0,visits_agree,True,6,,Synthesized from 6 verified field visit dwell centroids (visits_agree),field_visit_dwell,0.0,9th x; 4th main,Shanthi Nagar,960101,0.2,960101,Shanthi Nagar
AD001973,AC001533,T1,884.2,-405.3,visits_disagree,True,7,Field Remark: Behind Church (conf=0.80),Synthesized from 7 verified field visit dwell centroids (visits_disagree),field_visit_dwell,0.0,4th cross,,960102,0.795,960102,
AD001974,AC001534,T2,875.6,1283.5,baseline_street,True,0,Near Govt School (about 140 m from pin),High-precision baseline geocoder (street),baseline_high_precision,0.0,2 gali,Gandhi Basti,,0.0,,Gandhi Basti
AD001975,AC001534,OUT,,,unmapped_village,False,0,,Village outside mapped urban town coverage; zero baseline geocode and zero field visits,unmapped_village,0.0,,,992010,0.0,992010,
AD001976,AC001535,T3,3437.0,-1759.5,visit_1,True,1,Near Masjid (about 170 m from pin),Synthesized from 1 verified field visit dwell centroids (visit_1),field_visit_dwell,0.0,f block,Palm Meadows,980302,0.2,980302,Palm Meadows
AD001977,AC001536,T3,3714.2,480.5,visits_agree,True,2,,Synthesized from 2 verified field visit dwell centroids (visits_agree),field_visit_dwell,0.0,2nd road,Lakeview Phase 2,,0.2,,Lakeview Phase 2
AD001978,AC001537,T1,3061.4,-2539.0,visits_agree,True,2,,Synthesized from 2 verified field visit dwell centroids (visits_agree),field_visit_dwell,0.0,,Nehru Colony,960102,0.3,960102,Nehru Colony
AD001979,AC001537,OUT,,,unmapped_village,False,0,,Village outside mapped urban town coverage; zero baseline geocode and zero field visits,unmapped_village,0.0,,,991289,0.0,991289,
AD001980,AC001538,T2,613.4,-3008.5,baseline_coarse,True,0,,Coarse baseline locality/ward centroid,baseline_coarse,0.0,,Shivaji Nagar,970202,0.0,970202,Shivaji Nagar
AD001981,AC001538,OUT,,,unmapped_village,False,0,,Village outside mapped urban town coverage; zero baseline geocode and zero field visits,unmapped_village,0.0,,,995319,0.0,995319,
AD001982,AC001539,T3,-2517.5,-485.5,visits_agree,True,4,Behind Masjid (about 70 m from pin),Synthesized from 4 verified field visit dwell centroids (visits_agree),field_visit_dwell,0.0,5th rd,Silver Oak Layout,980301,0.3,980301,Silver Oak Layout
AD001983,AC001540,T3,3757.9,440.4,baseline_coarse,True,0,,Coarse baseline locality/ward centroid,baseline_coarse,0.0,,,980302,0.0,980302,
AD001984,AC001540,T3,-933.1,-1915.8,landmark,True,0,Near Water Tank (pin is a guess near this landmark),Promoted to nearest un-repelled landmark POI 'Water Tank',landmark_poi_fallback,0.0,f block; 2nd road,Defence Colony,980301,0.0,980301,Defence Colony
AD001985,AC001541,T3,-31.9,-3138.2,landmark,True,0,Near Medical Store (pin is a guess near this landmark),Promoted to nearest un-repelled landmark POI 'Medical Store',landmark_poi_fallback,0.0,,Orchid Enclave,980301,0.0,980301,Orchid Enclave
AD001986,AC001541,T3,1349.5,-1917.2,baseline_coarse,True,0,,Coarse baseline locality/ward centroid,baseline_coarse,0.0,,,980302,0.0,980302,
AD001987,AC001542,T2,2048.1,-1324.2,landmark,True,0,Near Masjid (pin is a guess near this landmark),Promoted to nearest un-repelled landmark POI 'Masjid',landmark_poi_fallback,0.0,gali no. 1,,970202,0.0,970202,
AD001988,AC001543,T3,-1968.0,1774.7,baseline_street,True,0,,High-precision baseline geocoder (street),baseline_high_precision,0.0,f block; 5th road,Railway Colony,980304,0.0,980304,Railway Colony
AD001989,AC001543,T3,3364.7,-1833.8,baseline_coarse,True,0,,Coarse baseline locality/ward centroid,baseline_coarse,0.0,a block; 6th rd,Palm Meadows,980302,0.0,980302,Palm Meadows
AD001990,AC001544,T3,-2911.8,1541.5,visit_1,True,1,,Synthesized from 1 verified field visit dwell centroids (visit_1),field_visit_dwell,0.0,,Railway Colony,,0.2,,Railway Colony
AD001991,AC001545,T1,352.2,-3253.1,visits_agree,True,5,Field Remark: Near Church (conf=0.82),Synthesized from 5 verified field visit dwell centroids (visits_agree),field_visit_dwell,0.0,4th x; 1st main,Gandhi Nagar,960102,0.819,960102,Gandhi Nagar
AD001992,AC001546,T1,3049.4,-2157.6,landmark,True,0,Opposite Ration Shop (pin is a guess near this landmark),Promoted to nearest un-repelled landmark POI 'Ration Shop',landmark_poi_fallback,0.0,,Nehru Colony,960102,0.0,960102,Nehru Colony
AD001993,AC001546,T1,1210.4,-3329.8,visit_1,True,1,Field Remark: Opposite Ganapathi Gudi (conf=0.85),Synthesized from 1 verified field visit dwell centroids (visit_1),field_visit_dwell,0.0,2nd cross; 8th main,Gandhi Nagar,,0.85,,Gandhi Nagar
AD001994,AC001547,T3,3264.6,-2505.3,baseline_street,True,0,,High-precision baseline geocoder (street),baseline_high_precision,0.0,a block; 2nd rd,Palm Meadows,980302,0.0,980302,Palm Meadows
AD001995,AC001548,T3,1016.0,-691.2,visits_disagree,True,2,,Synthesized from 2 verified field visit dwell centroids (visits_disagree),field_visit_dwell,0.0,,Teachers Colony,980302,0.2,980302,Teachers Colony
AD001996,AC001549,T2,1641.8,-1767.4,visits_disagree,True,4,Field Remark: Near Ganesh Mandir (conf=0.80),Synthesized from 4 verified field visit dwell centroids (visits_disagree),field_visit_dwell,0.0,3 gali,,970202,0.795,970202,
AD001997,AC001549,OUT,,,unmapped_village,False,0,,Village outside mapped urban town coverage; zero baseline geocode and zero field visits,unmapped_village,0.0,,,995315,0.0,995315,
AD001998,AC001550,T2,2722.3,1738.9,baseline_street,True,0,,High-precision baseline geocoder (rooftop),baseline_high_precision,0.0,1 gali,Nehru Colony,970203,0.0,970203,Nehru Colony
AD001999,AC001551,T1,-2221.9,1115.3,baseline_coarse,True,0,,Coarse baseline locality/ward centroid,baseline_coarse,0.0,3rd cross; 3rd main,,960104,0.0,960104,
AD002000,AC001552,T3,-2847.1,-569.9,landmark,True,0,Opposite Bus Stop (pin is a guess near this landmark),Promoted to nearest un-repelled landmark POI 'Bus Stop',landmark_poi_fallback,0.0,,Silver Oak Layout,980301,0.0,980301,Silver Oak Layout
AD002001,AC001552,T3,-1168.1,-1848.2,baseline_coarse,True,0,,Coarse baseline locality/ward centroid,baseline_coarse,0.0,,Defence Colony,980301,0.0,980301,Defence Colony
AD002002,AC001553,T2,518.0,-2991.0,baseline_coarse,True,0,,Coarse baseline locality/ward centroid,baseline_coarse,0.0,gali 4,,970204,0.0,970204,
AD002003,AC001554,T2,-1447.2,-2485.2,baseline_street,True,0,,High-precision baseline geocoder (street),baseline_high_precision,0.0,gali no. 9,Subhash Nagar,970201,0.0,970201,Subhash Nagar
AD002004,AC001554,T2,3226.7,271.9,baseline_street,True,0,,High-precision baseline geocoder (street),baseline_high_precision,0.0,gali no. 1,Nehru Colony,970203,0.0,970203,Nehru Colony
AD002005,AC001555,T2,-102.4,3207.0,visit_1,True,1,Opposite Ration Shop (about 70 m from pin),Synthesized from 1 verified field visit dwell centroids (visit_1),field_visit_dwell,0.0,,Ambedkar Nagar,970204,0.2,970204,Ambedkar Nagar
AD002006,AC001555,OUT,,,unmapped_village,False,0,,Village outside mapped urban town coverage; zero baseline geocode and zero field visits,unmapped_village,0.0,,,992342,0.0,992342,
AD002007,AC001556,T2,1176.2,-2114.2,visits_agree,True,5,Opposite Govt School (about 70 m from pin),Synthesized from 5 verified field visit dwell centroids (visits_agree),field_visit_dwell,0.0,,Patel Nagar,970202,0.2,970202,Patel Nagar
AD002008,AC001557,T3,605.6,1594.9,baseline_coarse,True,0,,Coarse baseline locality/ward centroid,baseline_coarse,0.0,,,980304,0.0,980304,
AD002009,AC001558,T3,-1173.3,-749.3,visits_agree,True,2,,Synthesized from 2 verified field visit dwell centroids (visits_agree),field_visit_dwell,0.0,a block; 4th rd,HMT Colony,980301,0.2,980301,HMT Colony
AD002010,AC001558,OUT,,,unmapped_village,False,0,,Village outside mapped urban town coverage; zero baseline geocode and zero field visits,unmapped_village,0.0,,,991983,0.0,991983,
AD002011,AC001559,T1,-1026.9,-2116.1,baseline_coarse,True,0,,Coarse baseline locality/ward centroid,baseline_coarse,0.0,9th cross; 6th main,,960101,0.0,960101,
AD002012,AC001559,OUT,,,unmapped_village,False,0,,Village outside mapped urban town coverage; zero baseline geocode and zero field visits,unmapped_village,0.0,,,998280,0.0,998280,
AD002013,AC001560,T1,-2836.8,996.4,cross_account_street,True,0,,Coarse baseline locality/ward centroid,baseline_coarse,0.0,4th cross; 4th main,,960104,0.0,960104,
AD002014,AC001560,T1,-2558.5,-2177.8,baseline_street,True,0,,High-precision baseline geocoder (street),baseline_high_precision,0.0,11th x; 1st main,Shanthi Nagar,960101,0.0,960101,Shanthi Nagar
AD002015,AC001561,T1,-1418.4,-2700.3,visit_1,True,1,,Synthesized from 1 verified field visit dwell centroids (visit_1),field_visit_dwell,0.0,122th cross; 1st main,Basava Nagar,960110,0.2,960110,Basava Nagar
AD002016,AC001562,T1,2768.2,-2327.0,visits_agree,True,3,Near Hanuman Temple (about 100 m from pin) | Remark Cue: Behind Anjaneya Swamy Temple (conf=0.83),Synthesized from 3 verified field visit dwell centroids (visits_agree),field_visit_dwell,0.0,,Nehru Colony,960102,0.83,960102,Nehru Colony
AD002017,AC001562,OUT,,,unmapped_village,False,0,,Village outside mapped urban town coverage; zero baseline geocode and zero field visits,unmapped_village,0.0,,,992207,0.0,992207,
AD002018,AC001563,T2,970.9,1390.7,landmark,True,0,Near Govt School (pin is a guess near this landmark),Promoted to nearest un-repelled landmark POI 'Govt School',landmark_poi_fallback,0.0,gali 6,Gandhi Basti,970203,0.0,970203,Gandhi Basti
AD002019,AC001564,T2,1144.7,-1961.5,visit_1,True,1,Near Govt School (about 90 m from pin),Synthesized from 1 verified field visit dwell centroids (visit_1),field_visit_dwell,0.0,,Patel Nagar,970202,0.2,970202,Patel Nagar
AD002020,AC001564,OUT,,,unmapped_village,False,0,,Village outside mapped urban town coverage; zero baseline geocode and zero field visits,unmapped_village,0.0,,,996205,0.0,996205,
AD002021,AC001565,T1,3148.6,-2466.4,visit_1,True,1,,Synthesized from 1 verified field visit dwell centroids (visit_1),field_visit_dwell,0.0,5th cross; 8th main,Nehru Colony,960102,0.2,960102,Nehru Colony
AD002022,AC001566,T3,-853.4,-708.6,landmark,True,0,Near Ration Shop (pin is a guess near this landmark),Promoted to nearest un-repelled landmark POI 'Ration Shop',landmark_poi_fallback,0.0,,HMT Colony,980301,0.0,980301,HMT Colony
AD002023,AC001567,T3,-2775.4,1750.1,visits_agree,True,5,Near Milk Dairy (about 160 m from pin),Synthesized from 5 verified field visit dwell centroids (visits_agree),field_visit_dwell,0.0,,Railway Colony,980304,0.2,980304,Railway Colony
AD002024,AC001568,T1,1676.3,-977.3,baseline_coarse,True,0,,Coarse baseline locality/ward centroid,baseline_coarse,0.0,10th cross,Siddeshwara Colony,960102,0.0,960102,Siddeshwara Colony
AD002025,AC001569,T3,-2418.2,1573.6,baseline_coarse,True,0,,Coarse baseline locality/ward centroid,baseline_coarse,0.0,c block; 1st road,Railway Colony,980304,0.0,980304,Railway Colony
AD002026,AC001570,T2,-1756.9,-2671.6,baseline_coarse,True,0,,Coarse baseline locality/ward centroid,baseline_coarse,0.0,,Subhash Nagar,970201,0.0,970201,Subhash Nagar
AD002027,AC001571,T2,-379.4,-634.1,visits_agree,True,8,Field Remark: Behind Church (conf=0.80),Synthesized from 8 verified field visit dwell centroids (visits_agree),field_visit_dwell,0.0,,Shastri Nagar,970201,0.795,970201,Shastri Nagar
AD002028,AC001572,T2,-643.5,1512.2,landmark,True,0,Near Petrol Bunk (pin is a guess near this landmark),Promoted to nearest un-repelled landmark POI 'Petrol Bunk',landmark_poi_fallback,0.0,gali no. 9,Tilak Nagar,970204,0.0,970204,Tilak Nagar
AD002029,AC001573,T1,2696.7,1476.3,visits_agree,True,2,,Synthesized from 2 verified field visit dwell centroids (visits_agree),field_visit_dwell,0.0,12th x,Vidya Nagar,960103,0.2,960103,Vidya Nagar
AD002030,AC001574,T2,2698.3,1438.9,landmark,True,0,Near Park (pin is a guess near this landmark),Promoted to nearest un-repelled landmark POI 'Park',landmark_poi_fallback,0.0,,Ram Nagar,970203,0.0,970203,Ram Nagar
AD002031,AC001575,T3,4043.4,873.3,baseline_street,True,0,,High-precision baseline geocoder (street),baseline_high_precision,0.0,5th road,Lakeview Phase 2,980303,0.0,980303,Lakeview Phase 2
AD002032,AC001575,OUT,,,unmapped_village,False,0,,Village outside mapped urban town coverage; zero baseline geocode and zero field visits,unmapped_village,0.0,,,994001,0.0,994001,
AD002033,AC001576,T3,-2897.4,-529.4,visit_1,True,1,Near Bus Stop (about 60 m from pin),Synthesized from 1 verified field visit dwell centroids (visit_1),field_visit_dwell,0.0,a block; 1st road,,980304,0.2,980304,
AD002034,AC001577,T2,2324.5,-1041.8,visits_disagree,True,3,Opposite Post Office (about 190 m from pin) | Remark Cue: Beside Post Office (conf=0.83),Synthesized from 3 verified field visit dwell centroids (visits_disagree),field_visit_dwell,0.0,gali no. 5,,970202,0.832,970202,
AD002035,AC001578,T3,-857.8,-485.7,baseline_coarse,True,0,,Coarse baseline locality/ward centroid,baseline_coarse,0.0,a block; 5th rd,HMT Colony,980301,0.0,980301,HMT Colony
AD002036,AC001579,T3,-1239.1,-2298.0,landmark,True,0,Near Church (pin is a guess near this landmark),Promoted to nearest un-repelled landmark POI 'Church',landmark_poi_fallback,0.0,b block; 1st road,Defence Colony,980301,0.0,980301,Defence Colony
AD002037,AC001580,T3,778.1,-3852.1,landmark,True,0,Opposite Petrol Bunk (pin is a guess near this landmark),Promoted to nearest un-repelled landmark POI 'Petrol Bunk',landmark_poi_fallback,0.0,,Unity Nagar,980302,0.0,980302,Unity Nagar
AD002038,AC001581,T1,3038.9,-2449.2,visits_agree,True,3,Field Remark: Opposite Milk Dairy (conf=0.85),Synthesized from 3 verified field visit dwell centroids (visits_agree),field_visit_dwell,0.0,5th cross,Nehru Colony,906102,0.85,906102,Nehru Colony
AD002039,AC001582,T1,2780.6,-2484.4,visit_1,True,1,,Synthesized from 1 verified field visit dwell centroids (visit_1),field_visit_dwell,0.0,3rd cross; 5th main,Nehru Colony,960102,0.2,960102,Nehru Colony
AD002040,AC001583,T3,-3774.3,-749.5,baseline_coarse,True,0,,Coarse baseline locality/ward centroid,baseline_coarse,0.0,,Green Park Layout,980301,0.0,980301,Green Park Layout
AD002041,AC001583,OUT,,,unmapped_village,False,0,,Village outside mapped urban town coverage; zero baseline geocode and zero field visits,unmapped_village,0.0,,,999146,0.0,999146,
AD002042,AC001584,T3,-2402.2,-340.0,baseline_coarse,True,0,,Coarse baseline locality/ward centroid,baseline_coarse,0.0,,Silver Oak Layout,980301,0.0,980301,Silver Oak Layout
AD002043,AC001585,T2,2973.5,91.8,visits_agree,True,2,,Synthesized from 2 verified field visit dwell centroids (visits_agree),field_visit_dwell,0.0,gali no. 1,Nehru Colony,970203,0.2,970203,Nehru Colony
AD002044,AC001586,T3,3234.5,-2186.9,visits_agree,True,4,,Synthesized from 4 verified field visit dwell centroids (visits_agree),field_visit_dwell,0.0,,Palm Meadows,980302,0.2,980302,Palm Meadows
AD002045,AC001587,T2,-944.8,-686.1,visits_disagree,True,5,Field Remark: Near Masjid (conf=0.82),Synthesized from 5 verified field visit dwell centroids (visits_disagree),field_visit_dwell,0.0,gali 2,Shastri Nagar,970201,0.819,970201,Shastri Nagar
AD002046,AC001588,T1,-1012.0,-3546.4,visits_agree,True,2,,Synthesized from 2 verified field visit dwell centroids (visits_agree),field_visit_dwell,0.0,1st x; 5th main,Basava Nagar,960101,0.2,960101,Basava Nagar
AD002047,AC001589,T3,-2910.2,-36.3,landmark,True,0,Near Water Tank (pin is a guess near this landmark),Promoted to nearest un-repelled landmark POI 'Water Tank',landmark_poi_fallback,0.0,,Silver Oak Layout,980301,0.0,980301,Silver Oak Layout
AD002048,AC001590,T3,845.6,-775.5,baseline_coarse,True,0,,Coarse baseline locality/ward centroid,baseline_coarse,0.0,6th road,Teachers Colony,980302,0.0,980302,Teachers Colony
AD002049,AC001590,T3,4015.9,82.8,visit_1,True,1,,Synthesized from 1 verified field visit dwell centroids (visit_1),field_visit_dwell,0.0,c block; 1st road,Lakeview Phase 2,980303,0.2,980303,Lakeview Phase 2
AD002050,AC001591,T2,-868.8,3100.8,landmark,True,0,Near Milk Dairy (pin is a guess near this landmark),Promoted to nearest un-repelled landmark POI 'Milk Dairy',landmark_poi_fallback,0.0,gali no. 5,Ambedkar Nagar,970204,0.0,970204,Ambedkar Nagar
AD002051,AC001592,T3,-278.4,-3857.6,visit_1,True,1,,Synthesized from 1 verified field visit dwell centroids (visit_1),field_visit_dwell,0.0,c block; 4th rd,,980303,0.2,980303,
AD002052,AC001593,T2,-643.5,1512.2,landmark,True,0,Near Petrol Bunk (pin is a guess near this landmark),Promoted to nearest un-repelled landmark POI 'Petrol Bunk',landmark_poi_fallback,0.0,gali 7,Tilak Nagar,970204,0.0,970204,Tilak Nagar
AD002053,AC001593,T2,-206.5,1462.1,baseline_coarse,True,0,,Coarse baseline locality/ward centroid,baseline_coarse,0.0,gali 10,Tilak Nagar,970204,0.0,970204,Tilak Nagar
AD002054,AC001594,T2,1317.3,21.4,baseline_coarse,True,0,,Coarse baseline locality/ward centroid,baseline_coarse,0.0,gali 6,Indira Colony,970202,0.0,970202,Indira Colony
AD002055,AC001594,T2,2665.0,509.0,landmark,True,0,Near Bus Stop (pin is a guess near this landmark),Promoted to nearest un-repelled landmark POI 'Bus Stop',landmark_poi_fallback,0.0,gali 4,Nehru Colony,970203,0.0,970203,Nehru Colony
AD002056,AC001595,T2,3033.4,411.0,baseline_coarse,True,0,,Coarse baseline locality/ward centroid,baseline_coarse,0.0,24 gali,Nehru Colony,970203,0.0,970203,Nehru Colony
AD002057,AC001596,T2,1020.1,2902.7,visits_disagree,True,3,Field Remark: Opposite Ganesh Mandir (conf=0.85),Synthesized from 3 verified field visit dwell centroids (visits_disagree),field_visit_dwell,0.0,396 gali,Ram Nagar,,0.85,,Ram Nagar
AD002058,AC001596,OUT,,,unmapped_village,False,0,,Village outside mapped urban town coverage; zero baseline geocode and zero field visits,unmapped_village,0.0,,,991469,0.0,991469,
AD002059,AC001597,T2,1144.9,-1959.8,cross_account_street,True,6,Opposite Govt School (about 40 m from pin) | Remark Cue: Beside Sarkari School (conf=0.83),Synthesized from 6 verified field visit dwell centroids (visits_disagree),field_visit_dwell,0.0,gali no. 8,Patel Nagar,970202,0.832,970202,Patel Nagar
AD002060,AC001598,T1,760.4,-353.0,visits_agree,True,4,Field Remark: Opposite Ganapathi Gudi (conf=0.85),Synthesized from 4 verified field visit dwell centroids (visits_agree),field_visit_dwell,0.0,5th cross,Kuvempu Layout,960102,0.85,960102,Kuvempu Layout
AD002061,AC001599,T1,784.6,-2989.1,visits_disagree,True,7,,Synthesized from 7 verified field visit dwell centroids (visits_disagree),field_visit_dwell,0.0,7th cross; 5th main,Gandhi Nagar,960102,0.2,960102,Gandhi Nagar
AD002062,AC001600,T1,904.3,-90.6,visits_agree,True,2,Opposite Ganesh Temple (pin is at this landmark) | Remark Cue: Opposite Ganapathi Gudi (conf=0.85),Synthesized from 2 verified field visit dwell centroids (visits_agree),field_visit_dwell,0.0,8th cross; 3rd main,Siddeshwara Colony,960102,0.85,960102,Siddeshwara Colony
AD002063,AC001601,T2,1063.8,-332.3,landmark,True,0,Near Park (pin is a guess near this landmark),Promoted to nearest un-repelled landmark POI 'Park',landmark_poi_fallback,0.0,gali 1,Indira Colony,970202,0.0,970202,Indira Colony
AD002064,AC001602,T2,227.1,-3244.1,visits_agree,True,2,Near Ganesh Temple (about 190 m from pin),Synthesized from 2 verified field visit dwell centroids (visits_agree),field_visit_dwell,0.0,,Shivaji Nagar,,0.2,,Shivaji Nagar
AD002065,AC001603,T2,2763.3,856.4,baseline_street,True,0,Near Ration Shop (about 170 m from pin),High-precision baseline geocoder (street),baseline_high_precision,0.0,gali no. 12,Nehru Colony,970203,0.0,970203,Nehru Colony
AD002066,AC001604,T2,1418.9,-2283.6,visits_agree,True,3,,Synthesized from 3 verified field visit dwell centroids (visits_agree),field_visit_dwell,0.0,,Patel Nagar,,0.2,,Patel Nagar
AD002067,AC001605,T1,1020.8,-299.1,cross_account_street,True,6,,Synthesized from 6 verified field visit dwell centroids (visits_disagree),field_visit_dwell,0.0,3rd main,Kuvempu Layout,960102,0.2,960102,Kuvempu Layout
AD002068,AC001606,T3,-2059.0,1513.4,visits_agree,True,5,,Synthesized from 5 verified field visit dwell centroids (visits_agree),field_visit_dwell,0.0,,Railway Colony,980304,0.2,980304,Railway Colony
AD002069,AC001607,T3,3835.3,530.0,visits_agree,True,4,Opposite Bus Stop (about 130 m from pin),Synthesized from 4 verified field visit dwell centroids (visits_agree),field_visit_dwell,0.0,2nd road,Lakeview Phase 2,980303,0.2,980303,Lakeview Phase 2
AD002070,AC001607,T3,-278.3,-3847.5,visit_1,True,1,,Synthesized from 1 verified field visit dwell centroids (visit_1),field_visit_dwell,0.0,c block; 3rd rd,Orchid Enclave,980301,0.2,980301,Orchid Enclave
AD002071,AC001608,T3,3708.7,-2280.2,baseline_street,True,0,,High-precision baseline geocoder (rooftop),baseline_high_precision,0.0,c block; 1st rd,Palm Meadows,980302,0.0,980302,Palm Meadows
AD002072,AC001608,T3,-639.9,-3367.2,landmark,True,0,Near Hanuman Temple (pin is a guess near this landmark),Promoted to nearest un-repelled landmark POI 'Hanuman Temple',landmark_poi_fallback,0.0,d block; 5th road,Orchid Enclave,,0.0,,Orchid Enclave
AD002073,AC001609,T1,-2333.0,-2349.6,baseline_street,True,0,,High-precision baseline geocoder (street),baseline_high_precision,0.0,3rd main,Shanthi Nagar,960101,0.0,960101,Shanthi Nagar
AD002074,AC001610,T2,1759.2,-1657.1,visits_agree,True,6,,Synthesized from 6 verified field visit dwell centroids (visits_agree),field_visit_dwell,0.0,gali 11,Patel Nagar,970202,0.2,970202,Patel Nagar
AD002075,AC001611,T2,1685.6,-2301.2,cross_account_street,True,0,,Coarse baseline locality/ward centroid,baseline_coarse,0.0,gali no. 3,Patel Nagar,970202,0.0,970202,Patel Nagar
AD002076,AC001611,OUT,,,unmapped_village,False,0,,Village outside mapped urban town coverage; zero baseline geocode and zero field visits,unmapped_village,0.0,,,994114,0.0,994114,
AD002077,AC001612,T3,1656.2,-2345.5,baseline_coarse,True,0,,Coarse baseline locality/ward centroid,baseline_coarse,0.0,2nd road,,980302,0.0,980302,
AD002078,AC001612,T3,1224.3,-745.5,baseline_coarse,True,0,,Coarse baseline locality/ward centroid,baseline_coarse,0.0,b block; 3rd rd,,980303,0.0,980303,
AD002079,AC001613,T1,-1959.0,-1971.3,landmark,True,0,Near Masjid (pin is a guess near this landmark),Promoted to nearest un-repelled landmark POI 'Masjid',landmark_poi_fallback,0.0,10th cross; 6th main,Shanthi Nagar,960101,0.0,960101,Shanthi Nagar
AD002080,AC001613,T1,819.1,-2905.5,baseline_coarse,True,0,,Coarse baseline locality/ward centroid,baseline_coarse,0.0,8th cross; 3rd main,Gandhi Nagar,960102,0.0,960102,Gandhi Nagar
AD002081,AC001614,T3,914.7,-1261.8,visit_1,True,1,,Synthesized from 1 verified field visit dwell centroids (visit_1),field_visit_dwell,0.0,,Teachers Colony,980302,0.2,980302,Teachers Colony
AD002082,AC001614,T3,2953.8,-2431.3,baseline_street,True,0,,High-precision baseline geocoder (street),baseline_high_precision,0.0,2nd rd,Palm Meadows,980302,0.0,980302,Palm Meadows
AD002083,AC001615,T3,-414.0,-3924.6,visits_agree,True,3,,Synthesized from 3 verified field visit dwell centroids (visits_agree),field_visit_dwell,0.0,b block; 1st rd,Orchid Enclave,980301,0.2,980301,Orchid Enclave
AD002084,AC001615,OUT,,,unmapped_village,False,0,,Village outside mapped urban town coverage; zero baseline geocode and zero field visits,unmapped_village,0.0,,,991070,0.0,991070,
AD002085,AC001616,T3,3397.4,488.8,baseline_street,True,0,,High-precision baseline geocoder (street),baseline_high_precision,0.0,d block; 6th road,Lakeview Phase 2,980303,0.0,980303,Lakeview Phase 2
AD002086,AC001616,T3,1580.7,-2179.5,baseline_coarse,True,0,,Coarse baseline locality/ward centroid,baseline_coarse,0.0,,,980302,0.0,980302,
AD002087,AC001617,T3,-662.0,-3420.5,baseline_coarse,True,0,,Coarse baseline locality/ward centroid,baseline_coarse,0.0,,Orchid Enclave,980301,0.0,980301,Orchid Enclave
AD002088,AC001618,T1,3049.4,-2157.6,landmark,True,0,Near Ration Shop (pin is a guess near this landmark),Promoted to nearest un-repelled landmark POI 'Ration Shop',landmark_poi_fallback,0.0,,Nehru Colony,960102,0.0,960102,Nehru Colony
AD002089,AC001619,T2,1027.1,244.4,visits_agree,True,3,,Synthesized from 3 verified field visit dwell centroids (visits_agree),field_visit_dwell,0.0,,Indira Colony,970202,0.2,970202,Indira Colony
AD002090,AC001620,T1,1210.5,-3079.6,visits_disagree,True,3,Field Remark: Opposite Ganapathi Gudi (conf=0.85),Synthesized from 3 verified field visit dwell centroids (visits_disagree),field_visit_dwell,0.0,5th cross; 7th main,Gandhi Nagar,960102,0.85,960102,Gandhi Nagar
AD002091,AC001621,T2,1770.5,-2196.9,visits_agree,True,3,,Synthesized from 3 verified field visit dwell centroids (visits_agree),field_visit_dwell,0.0,gali no. 4,Patel Nagar,970202,0.2,970202,Patel Nagar
AD002092,AC001622,T3,3814.2,505.5,baseline_coarse,True,0,,Coarse baseline locality/ward centroid,baseline_coarse,0.0,,,980302,0.0,980302,
AD002093,AC001622,OUT,,,unmapped_village,False,0,,Village outside mapped urban town coverage; zero baseline geocode and zero field visits,unmapped_village,0.0,,,997186,0.0,997186,
AD002094,AC001623,T3,-2110.2,1617.4,landmark,True,0,Near Ganesh Temple (pin is a guess near this landmark),Promoted to nearest un-repelled landmark POI 'Ganesh Temple',landmark_poi_fallback,0.0,f block; 3rd road,Railway Colony,980304,0.0,980304,Railway Colony
AD002095,AC001624,T3,-3980.3,-682.1,baseline_street,True,0,Opposite Community Hall (about 120 m from pin),High-precision baseline geocoder (street),baseline_high_precision,0.0,,Green Park Layout,980301,0.0,980301,Green Park Layout
AD002096,AC001625,T3,3583.0,622.7,visits_agree,True,7,Near Ration Shop (about 70 m from pin) | Remark Cue: Opposite Ration Angadi (conf=0.85),Synthesized from 7 verified field visit dwell centroids (visits_agree),field_visit_dwell,0.0,e block; 6th road,Lakeview Phase 2,980303,0.85,980303,Lakeview Phase 2
AD002097,AC001626,T1,1092.3,-419.8,landmark,True,0,Near Hanuman Temple (pin is a guess near this landmark),Promoted to nearest un-repelled landmark POI 'Hanuman Temple',landmark_poi_fallback,0.0,2nd cross; 7th main,Kuvempu Layout,960102,0.0,960102,Kuvempu Layout
AD002098,AC001627,T3,-3990.5,-1086.5,landmark,True,0,Opposite Hanuman Temple (pin is a guess near this landmark),Promoted to nearest un-repelled landmark POI 'Hanuman Temple',landmark_poi_fallback,0.0,,Green Park Layout,980301,0.0,980301,Green Park Layout
AD002099,AC001627,T3,-1020.8,-1844.2,baseline_coarse,True,0,,Coarse baseline locality/ward centroid,baseline_coarse,0.0,,Defence Colony,980301,0.0,980301,Defence Colony
AD002100,AC001628,T3,-1710.1,-907.3,baseline_coarse,True,0,,Coarse baseline locality/ward centroid,baseline_coarse,0.0,,,980301,0.0,980301,
AD002101,AC001628,T3,-546.4,3243.0,baseline_street,True,0,,High-precision baseline geocoder (street),baseline_high_precision,0.0,e block; 2nd road,Sunrise Enclave,,0.0,,Sunrise Enclave
AD002102,AC001629,T3,2954.4,-1811.8,visits_agree,True,5,,Synthesized from 5 verified field visit dwell centroids (visits_agree),field_visit_dwell,0.0,,Palm Meadows,980302,0.2,980302,Palm Meadows
AD002103,AC001630,T1,300.7,-2743.6,visits_disagree,True,7,,Synthesized from 7 verified field visit dwell centroids (visits_disagree),field_visit_dwell,0.0,,Gandhi Nagar,960102,0.2,960102,Gandhi Nagar
AD002104,AC001631,T1,2843.8,757.1,landmark,True,0,Opposite Ration Shop (pin is a guess near this landmark),Promoted to nearest un-repelled landmark POI 'Ration Shop',landmark_poi_fallback,0.0,3rd cross; 6th main,Vidya Nagar,960103,0.0,960103,Vidya Nagar
AD002105,AC001632,T2,2908.5,940.9,landmark,True,0,Near Ration Shop (pin is a guess near this landmark),Promoted to nearest un-repelled landmark POI 'Ration Shop',landmark_poi_fallback,0.0,,Nehru Colony,970203,0.0,970203,Nehru Colony
AD002106,AC001632,T2,2441.1,-1253.6,landmark,True,0,Near Govt School (pin is a guess near this landmark),Promoted to nearest un-repelled landmark POI 'Govt School',landmark_poi_fallback,0.0,,Krishna Puri,970202,0.0,970202,Krishna Puri
AD002107,AC001633,T1,-880.5,-1288.3,landmark,True,0,Near Ration Shop (pin is a guess near this landmark),Promoted to nearest un-repelled landmark POI 'Ration Shop',landmark_poi_fallback,0.0,10th cross,Hosa Badavane,960101,0.0,960101,Hosa Badavane
AD002108,AC001634,T1,2269.6,-2415.7,visits_agree,True,2,Opposite Masjid (about 60 m from pin),Synthesized from 2 verified field visit dwell centroids (visits_agree),field_visit_dwell,0.0,,Nehru Colony,960102,0.2,960102,Nehru Colony
AD002109,AC001634,OUT,,,unmapped_village,False,0,,Village outside mapped urban town coverage; zero baseline geocode and zero field visits,unmapped_village,0.0,,,996231,0.0,996231,
AD002110,AC001635,T1,1998.4,-1381.6,visits_agree,True,2,,Synthesized from 2 verified field visit dwell centroids (visits_agree),field_visit_dwell,0.0,1st cross; 4th main,Siddeshwara Colony,960102,0.2,960102,Siddeshwara Colony
AD002111,AC001636,T2,3078.2,-1255.0,visits_agree,True,2,,Synthesized from 2 verified field visit dwell centroids (visits_agree),field_visit_dwell,0.0,gali 10,,970202,0.2,970202,
AD002112,AC001637,T2,-362.4,3281.8,visits_disagree,True,7,,Synthesized from 7 verified field visit dwell centroids (visits_disagree),field_visit_dwell,0.0,gali 12,Ambedkar Nagar,970204,0.2,970204,Ambedkar Nagar
AD002113,AC001638,T1,740.2,-3077.2,landmark,True,0,Near Community Hall (pin is a guess near this landmark),Promoted to nearest un-repelled landmark POI 'Community Hall',landmark_poi_fallback,0.0,,Gandhi Nagar,960102,0.0,960102,Gandhi Nagar
AD002114,AC001639,T3,-1031.2,-536.6,landmark,True,0,Near Govt School (pin is a guess near this landmark),Promoted to nearest un-repelled landmark POI 'Govt School',landmark_poi_fallback,0.0,4th road,HMT Colony,980301,0.0,980301,HMT Colony
AD002115,AC001639,T3,-460.7,-3589.7,landmark,True,0,Near Masjid (pin is a guess near this landmark),Promoted to nearest un-repelled landmark POI 'Masjid',landmark_poi_fallback,0.0,c block; 5th rd,Orchid Enclave,980301,0.0,980301,Orchid Enclave
AD002116,AC001640,T1,834.0,-3139.7,visits_agree,True,3,Field Remark: Behind Ganapathi Gudi (conf=0.80),Synthesized from 3 verified field visit dwell centroids (visits_agree),field_visit_dwell,0.0,5th cross; 5th main,Gandhi Nagar,960102,0.795,960102,Gandhi Nagar
AD002117,AC001641,T2,1922.2,1715.5,landmark,True,0,Near Masjid (pin is a guess near this landmark),Promoted to nearest un-repelled landmark POI 'Masjid',landmark_poi_fallback,0.0,gali no. 1,Ram Nagar,970203,0.0,970203,Ram Nagar
AD002118,AC001642,T2,1902.4,-2236.7,visit_1,True,1,,Synthesized from 1 verified field visit dwell centroids (visit_1),field_visit_dwell,0.0,gali 3,Patel Nagar,970202,0.2,970202,Patel Nagar
AD002119,AC001643,T2,-1182.3,-1061.7,baseline_coarse,True,0,,Coarse baseline locality/ward centroid,baseline_coarse,0.0,gali no. 3,,970201,0.0,970201,
AD002120,AC001643,T2,721.1,2768.6,visit_1,True,1,,Synthesized from 1 verified field visit dwell centroids (visit_1),field_visit_dwell,0.0,,Azad Mohalla,970203,0.2,970203,Azad Mohalla
AD002121,AC001644,T1,2706.6,-2248.4,baseline_coarse,True,0,,Coarse baseline locality/ward centroid,baseline_coarse,0.0,5th main,Nehru Colony,960102,0.0,960102,Nehru Colony
AD002122,AC001645,T3,1034.1,-864.9,baseline_coarse,True,0,,Coarse baseline locality/ward centroid,baseline_coarse,0.0,4th road,Teachers Colony,980302,0.0,980302,Teachers Colony
AD002123,AC001646,T2,1130.4,212.5,visits_disagree,True,6,Field Remark: Beside Church (conf=0.81),Synthesized from 6 verified field visit dwell centroids (visits_disagree),field_visit_dwell,0.0,gali 11,Indira Colony,970202,0.807,970202,Indira Colony
AD002124,AC001647,T1,2369.6,-2293.4,visits_agree,True,2,Field Remark: Near Masidi (conf=0.82),Synthesized from 2 verified field visit dwell centroids (visits_agree),field_visit_dwell,0.0,3rd x; 1st main,Nehru Colony,,0.819,,Nehru Colony
AD002125,AC001647,T1,1234.4,-247.1,visit_1,True,1,Field Remark: Opposite Church (conf=0.85),Synthesized from 1 verified field visit dwell centroids (visit_1),field_visit_dwell,0.0,5th cross; 5th main,Kuvempu Layout,960102,0.85,960102,Kuvempu Layout
AD002126,AC001648,T2,2238.4,-1539.3,visits_agree,True,3,Field Remark: Opposite Barat Ghar (conf=0.85),Synthesized from 3 verified field visit dwell centroids (visits_agree),field_visit_dwell,0.0,,Krishna Puri,970202,0.85,970202,Krishna Puri
AD002127,AC001648,T2,2471.8,2057.0,landmark,True,0,Near Medical Store (pin is a guess near this landmark),Promoted to nearest un-repelled landmark POI 'Medical Store',landmark_poi_fallback,0.0,,Ram Nagar,970203,0.0,970203,Ram Nagar
AD002128,AC001649,T1,-2660.8,1186.8,baseline_street,True,0,Near Bus Stop (about 60 m from pin),High-precision baseline geocoder (street),baseline_high_precision,0.0,7th cross; 6th main,Vinayaka Nagar,960104,0.0,960104,Vinayaka Nagar
AD002129,AC001649,T1,1020.8,-299.1,visit_1,True,1,Field Remark: Near Church (conf=0.80),Synthesized from 1 verified field visit dwell centroids (visit_1),field_visit_dwell,0.0,3rd main,Kuvempu Layout,960102,0.795,960102,Kuvempu Layout
AD002130,AC001650,T3,-181.6,3389.2,baseline_street,True,0,,High-precision baseline geocoder (street),baseline_high_precision,0.0,,Sunrise Enclave,980304,0.0,980304,Sunrise Enclave
AD002131,AC001651,T2,-1526.2,-2454.1,visits_agree,True,4,Field Remark: Behind Masjid (conf=0.83),Synthesized from 4 verified field visit dwell centroids (visits_agree),field_visit_dwell,0.0,gali no. 9,Subhash Nagar,970201,0.83,970201,Subhash Nagar
AD002132,AC001651,T2,2335.2,1476.5,landmark,True,0,Opposite Ration Shop (pin is a guess near this landmark),Promoted to nearest un-repelled landmark POI 'Ration Shop',landmark_poi_fallback,0.0,,Ram Nagar,970203,0.0,970203,Ram Nagar
AD002133,AC001652,T1,-1348.5,407.7,baseline_street,True,0,Opposite Petrol Bunk (about 90 m from pin),High-precision baseline geocoder (street),baseline_high_precision,0.0,6th cross; 3rd main,Ashoka Layout,960104,0.0,960104,Ashoka Layout
AD002134,AC001653,T3,3128.4,-1901.4,visits_agree,True,5,,Synthesized from 5 verified field visit dwell centroids (visits_agree),field_visit_dwell,0.0,,Palm Meadows,980302,0.2,980302,Palm Meadows
AD002135,AC001654,T3,1365.9,-882.5,landmark,True,0,Near Medical Store (pin is a guess near this landmark),Promoted to nearest un-repelled landmark POI 'Medical Store',landmark_poi_fallback,0.03,,Teachers Colony,980302,0.0,980302,Teachers Colony
AD002136,AC001655,T2,1703.2,-2365.9,visits_disagree,True,2,,Synthesized from 2 verified field visit dwell centroids (visits_disagree),field_visit_dwell,0.0,,Patel Nagar,970202,0.2,970202,Patel Nagar
AD002137,AC001655,OUT,,,unmapped_village,False,0,,Village outside mapped urban town coverage; zero baseline geocode and zero field visits,unmapped_village,0.0,,,992456,0.0,992456,
AD002138,AC001656,T3,3874.5,591.6,visits_disagree,True,4,Near Bus Stop (about 200 m from pin),Synthesized from 4 verified field visit dwell centroids (visits_disagree),field_visit_dwell,0.0,,Lakeview Phase 2,980303,0.2,980303,Lakeview Phase 2
AD002139,AC001656,T3,-3788.8,-727.0,visits_disagree,True,3,,Synthesized from 3 verified field visit dwell centroids (visits_disagree),field_visit_dwell,0.0,,Green Park Layout,980301,0.2,980301,Green Park Layout
AD002140,AC001657,T2,947.8,-124.7,visits_agree,True,2,Field Remark: Opposite Sarkari School (conf=0.85),Synthesized from 2 verified field visit dwell centroids (visits_agree),field_visit_dwell,0.0,,Indira Colony,970202,0.85,970202,Indira Colony
AD002141,AC001657,T2,-1788.7,-2733.6,visit_1,True,1,Behind Govt School (about 110 m from pin) | Remark Cue: Behind Sarkari School (conf=0.83),Synthesized from 1 verified field visit dwell centroids (visit_1),field_visit_dwell,0.0,,Subhash Nagar,970201,0.83,970201,Subhash Nagar
AD002142,AC001658,T1,-816.1,-3138.7,visits_agree,True,2,Field Remark: Opposite Neerina Tank (conf=0.85),Synthesized from 2 verified field visit dwell centroids (visits_agree),field_visit_dwell,0.0,6th main,Basava Nagar,960101,0.85,960101,Basava Nagar
AD002143,AC001659,T3,-2613.9,1348.4,visits_agree,True,7,,Synthesized from 7 verified field visit dwell centroids (visits_agree),field_visit_dwell,0.0,,Railway Colony,980304,0.2,980304,Railway Colony
AD002144,AC001659,OUT,,,unmapped_village,False,0,,Village outside mapped urban town coverage; zero baseline geocode and zero field visits,unmapped_village,0.0,,,998138,0.0,998138,
AD002145,AC001660,T3,-331.9,3321.1,baseline_coarse,True,0,,Coarse baseline locality/ward centroid,baseline_coarse,0.0,,Sunrise Enclave,,0.0,,Sunrise Enclave
AD002146,AC001660,T3,1495.7,1391.6,baseline_coarse,True,0,,Coarse baseline locality/ward centroid,baseline_coarse,0.0,,,980303,0.0,980303,
AD002147,AC001661,T1,-1437.6,13.0,baseline_street,True,0,Near Medical Store (about 160 m from pin),High-precision baseline geocoder (street),baseline_high_precision,0.0,3rd; 2nd main,Ashoka Layout,,0.0,,Ashoka Layout
AD002148,AC001662,T1,-1237.6,387.9,baseline_coarse,True,0,,Coarse baseline locality/ward centroid,baseline_coarse,0.0,,Ashoka Layout,960104,0.0,960104,Ashoka Layout
AD002149,AC001663,T2,1112.0,1330.1,baseline_street,True,0,,High-precision baseline geocoder (street),baseline_high_precision,0.0,gali no. 8,Gandhi Basti,970203,0.0,970203,Gandhi Basti
AD002150,AC001664,T3,4006.5,546.0,visits_agree,True,5,,Synthesized from 5 verified field visit dwell centroids (visits_agree),field_visit_dwell,0.0,f block; 1st rd,Lakeview Phase 2,980303,0.398,980303,Lakeview Phase 2
AD002151,AC001665,T1,1169.7,-3104.3,visit_1,True,1,Field Remark: Opposite Ganesh Temple (conf=0.85),Synthesized from 1 verified field visit dwell centroids (visit_1),field_visit_dwell,0.0,8th main,Gandhi Nagar,960102,0.85,960102,Gandhi Nagar
AD002152,AC001665,T1,-606.0,-1186.7,baseline_coarse,True,0,,Coarse baseline locality/ward centroid,baseline_coarse,0.0,,,960104,0.0,960104,
AD002153,AC001666,T3,3444.7,-1750.8,visits_disagree,True,5,Field Remark: Opposite Ganapathi Gudi (conf=0.85),Synthesized from 5 verified field visit dwell centroids (visits_disagree),field_visit_dwell,0.0,,Palm Meadows,980302,0.85,980302,Palm Meadows
AD002154,AC001667,T1,755.8,-2683.7,visits_agree,True,8,Field Remark: Opposite Government School (conf=0.85),Synthesized from 8 verified field visit dwell centroids (visits_agree),field_visit_dwell,0.0,11th cross,,960103,0.85,960103,
AD002155,AC001668,T3,-2378.1,1427.1,landmark,True,0,Near Masjid (pin is a guess near this landmark),Promoted to nearest un-repelled landmark POI 'Masjid',landmark_poi_fallback,0.0,b block; 4th road,Railway Colony,,0.0,,Railway Colony
AD002156,AC001668,OUT,,,unmapped_village,False,0,,Village outside mapped urban town coverage; zero baseline geocode and zero field visits,unmapped_village,0.0,,,992747,0.0,992747,
AD002157,AC001669,T3,745.2,-767.7,visits_disagree,True,5,,Synthesized from 5 verified field visit dwell centroids (visits_disagree),field_visit_dwell,0.0,,Teachers Colony,980302,0.2,980302,Teachers Colony
AD002158,AC001670,T1,1625.8,-1191.2,baseline_coarse,True,0,,Coarse baseline locality/ward centroid,baseline_coarse,0.0,,,960102,0.0,960102,
AD002159,AC001671,T2,-506.7,2816.1,landmark,True,0,Near Ganesh Temple (pin is a guess near this landmark),Promoted to nearest un-repelled landmark POI 'Ganesh Temple',landmark_poi_fallback,0.0,gali no. 12,Ambedkar Nagar,970204,0.0,970204,Ambedkar Nagar
AD002160,AC001671,T2,-143.9,1249.8,baseline_coarse,True,0,,Coarse baseline locality/ward centroid,baseline_coarse,0.0,135 gali,Tilak Nagar,970204,0.0,970204,Tilak Nagar
AD002161,AC001672,T1,2099.7,-777.9,visit_1,True,1,Behind Govt School (about 140 m from pin),Synthesized from 1 verified field visit dwell centroids (visit_1),field_visit_dwell,0.0,,Siddeshwara Colony,960102,0.2,960102,Siddeshwara Colony
AD002162,AC001673,T2,1460.3,-1988.1,baseline_coarse,True,0,,Coarse baseline locality/ward centroid,baseline_coarse,0.0,,Patel Nagar,970202,0.0,970202,Patel Nagar
AD002163,AC001674,T2,1440.8,-1984.6,landmark,True,0,Near Church (pin is a guess near this landmark),Promoted to nearest un-repelled landmark POI 'Church',landmark_poi_fallback,0.0,136 gali,,970202,0.0,970202,
AD002164,AC001675,T3,-210.7,-3918.0,visit_1,True,1,,Synthesized from 1 verified field visit dwell centroids (visit_1),field_visit_dwell,0.0,,Orchid Enclave,980301,0.2,980301,Orchid Enclave
AD002165,AC001675,T3,-2906.8,-274.5,baseline_coarse,True,0,,Coarse baseline locality/ward centroid,baseline_coarse,0.0,,Silver Oak Layout,980301,0.0,980301,Silver Oak Layout
AD002166,AC001676,T2,-978.0,3027.4,visits_agree,True,4,Near Milk Dairy (about 130 m from pin) | Remark Cue: Opposite Doodh Dairy (conf=0.85),Synthesized from 4 verified field visit dwell centroids (visits_agree),field_visit_dwell,0.0,,Ambedkar Nagar,970204,0.85,970204,Ambedkar Nagar
AD002167,AC001677,T2,-826.3,2784.6,baseline_coarse,True,0,,Coarse baseline locality/ward centroid,baseline_coarse,0.0,319 gali,Ambedkar Nagar,970204,0.0,970204,Ambedkar Nagar
AD002168,AC001677,OUT,,,unmapped_village,False,0,,Village outside mapped urban town coverage; zero baseline geocode and zero field visits,unmapped_village,0.0,,,993411,0.0,993411,
AD002169,AC001678,T1,1039.7,-165.6,baseline_street,True,0,,High-precision baseline geocoder (street),baseline_high_precision,0.0,,Kuvempu Layout,960102,0.0,960102,Kuvempu Layout
AD002170,AC001678,T1,2739.7,-2130.3,landmark,True,0,Near Park (pin is a guess near this landmark),Promoted to nearest un-repelled landmark POI 'Park',landmark_poi_fallback,0.0,,Nehru Colony,960102,0.0,960102,Nehru Colony
AD002171,AC001679,T1,432.8,-3472.2,visits_disagree,True,4,Field Remark: Near Church (conf=0.82),Synthesized from 4 verified field visit dwell centroids (visits_disagree),field_visit_dwell,0.0,1st cross,Gandhi Nagar,960102,0.819,960102,Gandhi Nagar
AD002172,AC001680,T2,1097.3,2655.1,landmark,True,0,Opposite Bus Stop (pin is a guess near this landmark),Promoted to nearest un-repelled landmark POI 'Bus Stop',landmark_poi_fallback,0.0,,Azad Mohalla,970203,0.0,970203,Azad Mohalla
AD002173,AC001681,T3,3051.1,-2317.6,landmark,True,0,Near Milk Dairy (pin is a guess near this landmark),Promoted to nearest un-repelled landmark POI 'Milk Dairy',landmark_poi_fallback,0.0,,Palm Meadows,980302,0.0,980302,Palm Meadows
AD002174,AC001681,T3,-699.0,-572.8,baseline_coarse,True,0,,Coarse baseline locality/ward centroid,baseline_coarse,0.0,,HMT Colony,980301,0.0,980301,HMT Colony
AD002175,AC001682,T3,971.9,-924.3,baseline_coarse,True,0,,Coarse baseline locality/ward centroid,baseline_coarse,0.0,2nd road,Teachers Colony,980302,0.0,980302,Teachers Colony
AD002176,AC001683,T2,772.0,2472.5,visits_agree,True,2,,Synthesized from 2 verified field visit dwell centroids (visits_agree),field_visit_dwell,0.0,141 gali,Azad Mohalla,970203,0.2,970203,Azad Mohalla
AD002177,AC001683,T2,-1625.4,-2933.7,baseline_coarse,True,0,,Coarse baseline locality/ward centroid,baseline_coarse,0.0,388 gali,Subhash Nagar,970201,0.0,970201,Subhash Nagar
AD002178,AC001684,T3,2965.5,-2420.3,visit_1,True,1,Near Milk Dairy (about 130 m from pin),Synthesized from 1 verified field visit dwell centroids (visit_1),field_visit_dwell,0.0,a block; 3rd road,,980304,0.2,980304,
AD002179,AC001685,T1,1308.7,-1638.6,baseline_coarse,True,0,,Coarse baseline locality/ward centroid,baseline_coarse,0.0,11th cross; 3rd main,,960102,0.0,960102,
AD002180,AC001685,T1,792.6,-2762.4,visit_1,True,1,,Synthesized from 1 verified field visit dwell centroids (visit_1),field_visit_dwell,0.0,5th main,Gandhi Nagar,960102,0.2,960102,Gandhi Nagar
AD002181,AC001686,T3,-2460.2,-0.5,visits_disagree,True,4,,Synthesized from 4 verified field visit dwell centroids (visits_disagree),field_visit_dwell,0.0,,Silver Oak Layout,980301,0.2,980301,Silver Oak Layout
AD002182,AC001687,T1,2870.3,-2346.1,landmark,True,0,Near Hanuman Temple (pin is a guess near this landmark),Promoted to nearest un-repelled landmark POI 'Hanuman Temple',landmark_poi_fallback,0.0,8th cross; 8th main,Nehru Colony,960102,0.0,960102,Nehru Colony
AD002183,AC001688,T1,-2232.7,-2593.2,baseline_coarse,True,0,,Coarse baseline locality/ward centroid,baseline_coarse,0.0,,Shanthi Nagar,960101,0.0,960101,Shanthi Nagar
AD002184,AC001688,T1,-2068.5,-2466.1,visit_1,True,1,Field Remark: Near Government School (conf=0.82),Synthesized from 1 verified field visit dwell centroids (visit_1),field_visit_dwell,0.0,5th x; 5th main,Shanthi Nagar,960101,0.819,960101,Shanthi Nagar
AD002185,AC001689,T3,-2369.7,1821.9,cross_account_street,True,0,,Coarse baseline locality/ward centroid,baseline_coarse,0.0,6th road,Railway Colony,980304,0.0,980304,Railway Colony
AD002186,AC001690,T2,918.8,30.8,baseline_coarse,True,0,,Coarse baseline locality/ward centroid,baseline_coarse,0.0,379 gali,,970201,0.0,970201,
AD002187,AC001691,T3,-4061.5,-883.0,baseline_street,True,0,,High-precision baseline geocoder (street),baseline_high_precision,0.0,5th road,Green Park Layout,980301,0.0,980301,Green Park Layout
AD002188,AC001692,T3,-185.4,-3272.1,visits_disagree,True,3,,Synthesized from 3 verified field visit dwell centroids (visits_disagree),field_visit_dwell,0.0,,Orchid Enclave,980301,0.2,980301,Orchid Enclave
AD002189,AC001693,T1,378.0,-3003.1,visit_1,True,1,Field Remark: Behind Bus Stop (conf=0.83),Synthesized from 1 verified field visit dwell centroids (visit_1),field_visit_dwell,0.0,7th cross; 2nd main,Gandhi Nagar,960102,0.83,960102,Gandhi Nagar
AD002190,AC001694,T1,-1142.7,310.5,baseline_coarse,True,0,,Coarse baseline locality/ward centroid,baseline_coarse,0.0,,Ashoka Layout,960104,0.0,960104,Ashoka Layout
AD002191,AC001694,T1,2911.9,-2206.9,baseline_coarse,True,0,,Coarse baseline locality/ward centroid,baseline_coarse,0.0,10th cross; 5th main,Nehru Colony,960120,0.0,960120,Nehru Colony
AD002192,AC001695,T2,-777.6,2805.7,baseline_coarse,True,0,,Coarse baseline locality/ward centroid,baseline_coarse,0.0,,Ambedkar Nagar,970204,0.0,970204,Ambedkar Nagar
AD002193,AC001696,T2,1440.8,-1984.6,landmark,True,0,Near Church (pin is a guess near this landmark),Promoted to nearest un-repelled landmark POI 'Church',landmark_poi_fallback,1.12,2 gali,Patel Nagar,970202,0.0,970202,Patel Nagar
AD002194,AC001697,T2,1720.8,-1749.8,visits_agree,True,5,Field Remark: Opposite Ganesh Mandir (conf=0.85),Synthesized from 5 verified field visit dwell centroids (visits_agree),field_visit_dwell,0.0,1 gali,Patel Nagar,970202,0.85,970202,Patel Nagar
AD002195,AC001698,T1,-1441.7,-2192.3,baseline_coarse,True,0,,Coarse baseline locality/ward centroid,baseline_coarse,0.0,8th main,,960101,0.0,960101,
AD002196,AC001699,T1,209.9,2274.6,visits_disagree,True,2,Field Remark: Opposite Ganapathi Temple (conf=0.85),Synthesized from 2 verified field visit dwell centroids (visits_disagree),field_visit_dwell,0.0,6th cross; 3rd,Anjaneya Badavane,960103,0.85,960103,Anjaneya Badavane
AD002197,AC001700,T2,888.9,-268.9,visits_agree,True,5,Near Park (about 190 m from pin),Synthesized from 5 verified field visit dwell centroids (visits_agree),field_visit_dwell,0.0,gali 3,Indira Colony,970202,0.2,970202,Indira Colony
AD002198,AC001701,T1,2749.9,-2528.7,baseline_street,True,0,,High-precision baseline geocoder (street),baseline_high_precision,0.0,3rd cross; 4th main,,960104,0.0,960104,
AD002199,AC001701,T1,1984.1,-966.8,baseline_coarse,True,0,,Coarse baseline locality/ward centroid,baseline_coarse,0.0,13th cross; 7th main,,960102,0.0,960102,
AD002200,AC001702,T2,2825.4,497.5,baseline_street,True,0,,High-precision baseline geocoder (street),baseline_high_precision,0.0,gali no. 7,Nehru Colony,,0.0,,Nehru Colony
AD002201,AC001702,T2,-301.2,792.9,landmark,True,0,Near Ganesh Temple (pin is a guess near this landmark),Promoted to nearest un-repelled landmark POI 'Ganesh Temple',landmark_poi_fallback,0.0,gali no. 4,Tilak Nagar,,0.0,,Tilak Nagar
AD002202,AC001703,T1,-2018.6,-2173.4,landmark,True,0,Near Bus Stop (pin is a guess near this landmark),Promoted to nearest un-repelled landmark POI 'Bus Stop',landmark_poi_fallback,0.0,5th main,Shanthi Nagar,960101,0.0,960101,Shanthi Nagar
AD002203,AC001703,OUT,,,unmapped_village,False,0,,Village outside mapped urban town coverage; zero baseline geocode and zero field visits,unmapped_village,0.0,,,999315,0.0,999315,
AD002204,AC001704,T3,658.2,-1125.8,landmark,True,0,Near Ration Shop (pin is a guess near this landmark),Promoted to nearest un-repelled landmark POI 'Ration Shop',landmark_poi_fallback,0.0,2nd road,Teachers Colony,980302,0.0,980302,Teachers Colony
AD002205,AC001704,T3,-778.5,-471.9,baseline_coarse,True,0,,Coarse baseline locality/ward centroid,baseline_coarse,0.0,e block; 6th rd,HMT Colony,980301,0.0,980301,HMT Colony
AD002206,AC001705,T2,1039.4,2919.2,visits_agree,True,4,,Synthesized from 4 verified field visit dwell centroids (visits_agree),field_visit_dwell,0.0,,Azad Mohalla,970203,0.2,970203,Azad Mohalla
AD002207,AC001706,T1,-1260.9,-2214.6,baseline_coarse,True,0,,Coarse baseline locality/ward centroid,baseline_coarse,0.0,9th cross; 6th main,,960101,0.0,960101,
AD002208,AC001706,OUT,,,unmapped_village,False,0,,Village outside mapped urban town coverage; zero baseline geocode and zero field visits,unmapped_village,0.0,,,998619,0.0,998619,
AD002209,AC001707,T3,-63.2,-3841.6,visits_agree,True,2,Field Remark: Opposite Ganapathi Gudi (conf=0.85),Synthesized from 2 verified field visit dwell centroids (visits_agree),field_visit_dwell,0.0,,Orchid Enclave,980301,0.85,980301,Orchid Enclave
AD002210,AC001708,T2,1646.9,-1603.8,visits_agree,True,5,Field Remark: Behind Ganesh Mandir (conf=0.80),Synthesized from 5 verified field visit dwell centroids (visits_agree),field_visit_dwell,0.0,gali no. 12,Patel Nagar,970202,0.795,970202,Patel Nagar
AD002211,AC001709,T2,1978.1,1115.8,baseline_coarse,True,0,,Coarse baseline locality/ward centroid,baseline_coarse,0.0,,Ram Nagar,970203,0.0,970203,Ram Nagar
AD002212,AC001710,T1,-1550.8,649.1,landmark,True,0,Near Hanuman Temple (pin is a guess near this landmark),Promoted to nearest un-repelled landmark POI 'Hanuman Temple',landmark_poi_fallback,0.0,10th cross; 3rd,Ashoka Layout,960104,0.0,960104,Ashoka Layout
AD002213,AC001711,T2,2843.6,624.5,visits_agree,True,3,Opposite Water Tank (about 150 m from pin),Synthesized from 3 verified field visit dwell centroids (visits_agree),field_visit_dwell,0.0,gali 8,Ram Nagar,970203,0.2,970203,Ram Nagar
AD002214,AC001712,T3,778.1,-3852.1,landmark,True,0,Near Petrol Bunk (pin is a guess near this landmark),Promoted to nearest un-repelled landmark POI 'Petrol Bunk',landmark_poi_fallback,0.0,blockk; 3rd rd,Unity Nagar,980302,0.0,980302,Unity Nagar
AD002215,AC001713,T1,667.3,-3157.9,baseline_coarse,True,0,,Coarse baseline locality/ward centroid,baseline_coarse,0.0,12th cross; 8th main,Gandhi Nagar,960102,0.0,960102,Gandhi Nagar
AD002216,AC001714,T2,2823.6,124.9,baseline_street,True,0,,High-precision baseline geocoder (street),baseline_high_precision,0.0,11 gali,Ram Nagar,970203,0.0,970203,Ram Nagar
AD002217,AC001715,T1,-872.7,-3090.2,visits_agree,True,6,Field Remark: Behind Water Tank (conf=0.83),Synthesized from 6 verified field visit dwell centroids (visits_agree),field_visit_dwell,0.0,8th cross; 6th main,Basava Nagar,960101,0.83,960101,Basava Nagar
AD002218,AC001716,T2,1032.5,2575.2,visit_1,True,1,Near Govt School (about 130 m from pin),Synthesized from 1 verified field visit dwell centroids (visit_1),field_visit_dwell,0.0,,Azad Mohalla,970203,0.2,970203,Azad Mohalla
AD002219,AC001716,OUT,,,unmapped_village,False,0,,Village outside mapped urban town coverage; zero baseline geocode and zero field visits,unmapped_village,0.0,,,998267,0.0,998267,
AD002220,AC001717,T2,-718.2,2965.1,visit_1,True,1,,Synthesized from 1 verified field visit dwell centroids (visit_1),field_visit_dwell,0.0,,Ambedkar Nagar,970204,0.2,970204,Ambedkar Nagar
AD002221,AC001718,T1,2627.8,962.2,landmark,True,0,Near Masjid (pin is a guess near this landmark),Promoted to nearest un-repelled landmark POI 'Masjid',landmark_poi_fallback,0.0,10th cross; 7th main,Vidya Nagar,960103,0.0,960103,Vidya Nagar
AD002222,AC001719,T1,-1554.1,641.8,landmark,True,0,Near Church (pin is a guess near this landmark),Promoted to nearest un-repelled landmark POI 'Church',landmark_poi_fallback,0.0,1st main,,960104,0.0,960104,
AD002223,AC001719,T1,1268.8,49.0,landmark,True,0,Near Govt School (pin is a guess near this landmark),Promoted to nearest un-repelled landmark POI 'Govt School',landmark_poi_fallback,0.0,11th cross; 7th main,Kuvempu Layout,960102,0.0,960102,Kuvempu Layout
AD002224,AC001720,T2,1643.9,-1857.5,visit_1,True,1,,Synthesized from 1 verified field visit dwell centroids (visit_1),field_visit_dwell,0.0,,,970202,0.2,970202,
AD002225,AC001720,T2,-929.6,-626.3,visits_agree,True,2,,Synthesized from 2 verified field visit dwell centroids (visits_agree),field_visit_dwell,0.0,336 gali,Shastri Nagar,970201,0.2,970201,Shastri Nagar
AD002226,AC001721,T2,-664.3,2902.8,baseline_coarse,True,0,,Coarse baseline locality/ward centroid,baseline_coarse,0.0,gali 6,Ambedkar Nagar,970204,0.0,970204,Ambedkar Nagar
AD002227,AC001722,T3,-767.6,-523.6,baseline_coarse,True,0,,Coarse baseline locality/ward centroid,baseline_coarse,0.0,1st road,HMT Colony,980301,0.0,980301,HMT Colony
AD002228,AC001723,T3,-720.2,2971.9,landmark,True,0,Near Church (pin is a guess near this landmark),Promoted to nearest un-repelled landmark POI 'Church',landmark_poi_fallback,0.0,b block; 4th road,Sunrise Enclave,980304,0.0,980304,Sunrise Enclave
AD002229,AC001724,T3,-2353.5,1311.1,visits_agree,True,2,Opposite Masjid (about 120 m from pin) | Remark Cue: Beside Masjid (conf=0.83),Synthesized from 2 verified field visit dwell centroids (visits_agree),field_visit_dwell,0.0,,Railway Colony,980304,0.832,980304,Railway Colony
AD002230,AC001725,T3,3395.3,-1818.7,visits_agree,True,7,Near Masjid (about 120 m from pin) | Remark Cue: Opposite Mosque (conf=0.85),Synthesized from 7 verified field visit dwell centroids (visits_agree),field_visit_dwell,0.0,,Palm Meadows,980302,0.85,980302,Palm Meadows
AD002231,AC001726,T1,2630.5,1450.1,visit_1,True,1,Field Remark: Opposite Mosque (conf=0.85),Synthesized from 1 verified field visit dwell centroids (visit_1),field_visit_dwell,0.0,12th cross; 6th main,Vidya Nagar,960103,0.85,960103,Vidya Nagar
AD002232,AC001726,T1,-680.3,-3144.9,baseline_street,True,0,,High-precision baseline geocoder (street),baseline_high_precision,0.0,8th cross; 8th main,Basava Nagar,960101,0.0,960101,Basava Nagar
AD002233,AC001727,T3,-2559.4,-528.6,visits_agree,True,6,,Synthesized from 6 verified field visit dwell centroids (visits_agree),field_visit_dwell,0.0,4th road,Silver Oak Layout,980301,0.2,980301,Silver Oak Layout
AD002234,AC001728,T3,-388.5,-3434.6,visits_disagree,True,6,Field Remark: Beside Sarkari School (conf=0.81),Synthesized from 6 verified field visit dwell centroids (visits_disagree),field_visit_dwell,0.0,,Orchid Enclave,980301,0.807,980301,Orchid Enclave
AD002235,AC001729,T2,3288.7,1083.5,baseline_street,True,0,,High-precision baseline geocoder (street),baseline_high_precision,0.0,,Nehru Colony,,0.0,,Nehru Colony
AD002236,AC001730,T2,-478.2,-453.3,baseline_coarse,True,0,,Coarse baseline locality/ward centroid,baseline_coarse,0.0,,Shastri Nagar,970201,0.0,970201,Shastri Nagar
AD002237,AC001731,T2,1631.4,-2384.3,visit_1,True,1,Opposite Medical Store (about 100 m from pin),Synthesized from 1 verified field visit dwell centroids (visit_1),field_visit_dwell,0.0,,,970202,0.2,970202,
AD002238,AC001732,T1,-3425.3,1304.2,landmark,True,0,Near Masjid (pin is a guess near this landmark),Promoted to nearest un-repelled landmark POI 'Masjid',landmark_poi_fallback,0.0,,Vinayaka Nagar,960104,0.0,960104,Vinayaka Nagar
AD002239,AC001733,T1,1894.6,1498.2,baseline_coarse,True,0,,Coarse baseline locality/ward centroid,baseline_coarse,0.0,4th main,,960103,0.0,960103,
AD002240,AC001733,T1,1147.2,-3038.0,visit_1,True,1,,Synthesized from 1 verified field visit dwell centroids (visit_1),field_visit_dwell,0.0,,Gandhi Nagar,,0.2,,Gandhi Nagar
AD002241,AC001734,T1,-144.9,-1105.9,baseline_street,True,0,,High-precision baseline geocoder (street),baseline_high_precision,0.0,8th x; 8th main,Hosa Badavane,960101,0.0,960101,Hosa Badavane
AD002242,AC001735,T2,-438.5,-465.6,baseline_coarse,True,0,,Coarse baseline locality/ward centroid,baseline_coarse,0.0,,,970202,0.0,970202,
AD002243,AC001735,T2,-1872.5,-2486.2,landmark,True,0,Near Ration Shop (pin is a guess near this landmark),Promoted to nearest un-repelled landmark POI 'Ration Shop',landmark_poi_fallback,0.0,gali no. 10,Subhash Nagar,970201,0.0,970201,Subhash Nagar
AD002244,AC001736,T2,1237.6,-1849.9,visits_disagree,True,6,,Synthesized from 6 verified field visit dwell centroids (visits_disagree),field_visit_dwell,0.0,,Shivaji Nagar,970202,0.2,970202,Shivaji Nagar
AD002245,AC001737,T1,2774.2,-1915.2,visits_agree,True,2,,Synthesized from 2 verified field visit dwell centroids (visits_agree),field_visit_dwell,0.0,10th cross; 3rd main,Nehru Colony,960102,0.398,960102,Nehru Colony
AD002246,AC001738,T1,2449.9,-2337.2,visits_agree,True,7,,Synthesized from 7 verified field visit dwell centroids (visits_agree),field_visit_dwell,0.0,3rd cross; 2nd main,Nehru Colony,960102,0.2,960102,Nehru Colony
AD002247,AC001739,T1,2667.2,-1768.6,visits_agree,True,2,Field Remark: Near Ganapathi Gudi (conf=0.80),Synthesized from 2 verified field visit dwell centroids (visits_agree),field_visit_dwell,0.0,13th x,Siddeshwara Colony,960102,0.795,960102,Siddeshwara Colony
AD002248,AC001740,T3,-238.8,-59.2,baseline_coarse,True,0,,Coarse baseline locality/ward centroid,baseline_coarse,0.0,,,,0.0,,
AD002249,AC001741,T3,603.8,1864.0,baseline_coarse,True,0,,Coarse baseline locality/ward centroid,baseline_coarse,0.0,1st rd,Royal Gardens,980303,0.0,980303,Royal Gardens
AD002250,AC001742,T1,-1857.7,-2547.8,landmark,True,0,Opposite Ration Shop (pin is a guess near this landmark),Promoted to nearest un-repelled landmark POI 'Ration Shop',landmark_poi_fallback,0.0,,Shanthi Nagar,960101,0.0,960101,Shanthi Nagar
AD002251,AC001743,T3,-4183.5,-1102.7,visits_agree,True,2,,Synthesized from 2 verified field visit dwell centroids (visits_agree),field_visit_dwell,0.0,a block; 2nd road,Green Park Layout,980301,0.425,980301,Green Park Layout
AD002252,AC001744,T3,-2911.4,-602.0,visits_agree,True,3,Field Remark: Near Bus Stop (conf=0.82),Synthesized from 3 verified field visit dwell centroids (visits_agree),field_visit_dwell,0.0,,Silver Oak Layout,980301,0.819,980301,Silver Oak Layout
AD002253,AC001745,T3,-2319.5,-429.3,visits_agree,True,7,Field Remark: Beside Dak Ghar (conf=0.83),Synthesized from 7 verified field visit dwell centroids (visits_agree),field_visit_dwell,0.0,,Silver Oak Layout,980301,0.832,980301,Silver Oak Layout
AD002254,AC001746,T3,-506.6,-324.2,visits_agree,True,4,,Synthesized from 4 verified field visit dwell centroids (visits_agree),field_visit_dwell,0.0,f block; 6th road,HMT Colony,980301,0.2,980301,HMT Colony
AD002255,AC001747,T2,754.7,2781.3,baseline_coarse,True,0,,Coarse baseline locality/ward centroid,baseline_coarse,0.0,,Azad Mohalla,970203,0.0,970203,Azad Mohalla
AD002256,AC001748,T1,-2018.6,-2173.4,landmark,True,0,Near Bus Stop (pin is a guess near this landmark),Promoted to nearest un-repelled landmark POI 'Bus Stop',landmark_poi_fallback,0.0,8th cross,,960101,0.0,960101,
AD002257,AC001748,T1,191.8,2753.6,visit_1,True,1,Field Remark: Near Government School (conf=0.82),Synthesized from 1 verified field visit dwell centroids (visit_1),field_visit_dwell,0.0,,Anjaneya Badavane,960103,0.819,960103,Anjaneya Badavane
AD002258,AC001749,T3,1102.4,-945.3,baseline_street,True,0,,High-precision baseline geocoder (street),baseline_high_precision,0.0,6th road,Teachers Colony,980302,0.0,980302,Teachers Colony
AD002259,AC001750,T3,3410.9,-2029.6,baseline_coarse,True,0,,Coarse baseline locality/ward centroid,baseline_coarse,0.0,d block; 7th road,Palm Meadows,,0.0,,Palm Meadows
AD002260,AC001751,T1,1604.3,-1239.8,visit_1,True,1,Field Remark: Near Masidi (conf=0.82),Synthesized from 1 verified field visit dwell centroids (visit_1),field_visit_dwell,0.0,3rd cross; 1st main,Siddeshwara Colony,960102,0.819,960102,Siddeshwara Colony
AD002261,AC001752,T2,2678.3,243.8,visits_agree,True,5,Field Remark: Behind Bus Adda (conf=0.83),Synthesized from 5 verified field visit dwell centroids (visits_agree),field_visit_dwell,0.0,,Nehru Colony,970203,0.83,970203,Nehru Colony
AD002262,AC001753,T2,2612.9,-1668.2,visits_disagree,True,7,Near Ration Shop (about 150 m from pin),Synthesized from 7 verified field visit dwell centroids (visits_disagree),field_visit_dwell,0.0,gali 1,Krishna Puri,970202,0.2,970202,Krishna Puri
AD002263,AC001754,T2,1686.4,-2440.2,visit_1,True,1,,Synthesized from 1 verified field visit dwell centroids (visit_1),field_visit_dwell,0.0,gali no. 1,Patel Nagar,970202,0.2,970202,Patel Nagar
AD002264,AC001755,T2,892.1,2386.0,visits_disagree,True,3,Near Ration Shop (about 170 m from pin),Synthesized from 3 verified field visit dwell centroids (visits_disagree),field_visit_dwell,0.0,gali 3,Azad Mohalla,,0.2,,Azad Mohalla
AD002265,AC001756,T1,356.0,-3098.1,visit_1,True,1,,Synthesized from 1 verified field visit dwell centroids (visit_1),field_visit_dwell,0.0,6th cross; 1st main,Basava Nagar,,0.2,,Basava Nagar
AD002266,AC001756,T1,-1905.9,2508.4,baseline_coarse,True,0,,Coarse baseline locality/ward centroid,baseline_coarse,0.0,3rd cross; 7th main,Kalyana Nagar,960104,0.0,960104,Kalyana Nagar
AD002267,AC001757,T2,682.6,2936.6,cross_account_street,True,0,,Coarse baseline locality/ward centroid,baseline_coarse,0.0,gali 8,Azad Mohalla,970203,0.0,970203,Azad Mohalla
AD002268,AC001757,OUT,,,unmapped_village,False,0,,Village outside mapped urban town coverage; zero baseline geocode and zero field visits,unmapped_village,0.0,,,995088,0.0,995088,
AD002269,AC001758,T1,1147.8,-53.4,baseline_coarse,True,0,,Coarse baseline locality/ward centroid,baseline_coarse,0.0,,Kuvempu Layout,960102,0.0,960102,Kuvempu Layout
AD002270,AC001759,T1,607.5,-2939.5,visits_disagree,True,5,Near Bus Stop (about 70 m from pin) | Remark Cue: Behind Bus Nildana (conf=0.83),Synthesized from 5 verified field visit dwell centroids (visits_disagree),field_visit_dwell,0.0,8th cross; 3rd main,Gandhi Nagar,960102,0.83,960102,Gandhi Nagar
AD002271,AC001760,T2,1686.4,-2440.2,cross_account_street,True,0,,Coarse baseline locality/ward centroid,baseline_coarse,0.0,gali no. 1,Patel Nagar,970202,0.0,970202,Patel Nagar
AD002272,AC001761,T2,2665.0,509.0,landmark,True,0,Near Bus Stop (pin is a guess near this landmark),Promoted to nearest un-repelled landmark POI 'Bus Stop',landmark_poi_fallback,0.14,gali no. 9,Nehru Colony,970203,0.0,970203,Nehru Colony
AD002273,AC001761,T2,2577.3,-1320.1,landmark,True,0,Near Water Tank (pin is a guess near this landmark),Promoted to nearest un-repelled landmark POI 'Water Tank',landmark_poi_fallback,0.09,gali no. 11,Krishna Puri,970202,0.0,970202,Krishna Puri
AD002274,AC001762,T2,637.8,-2832.5,baseline_street,True,0,Near Medical Store (about 200 m from pin),High-precision baseline geocoder (street),baseline_high_precision,0.0,88 gali,Shivaji Nagar,970202,0.0,970202,Shivaji Nagar
AD002275,AC001762,T2,1097.3,2655.1,landmark,True,0,Near Bus Stop (pin is a guess near this landmark),Promoted to nearest un-repelled landmark POI 'Bus Stop',landmark_poi_fallback,0.0,gali no. 9,Azad Mohalla,970203,0.0,970203,Azad Mohalla
AD002276,AC001763,T1,-2947.5,1325.8,baseline_coarse,True,0,,Coarse baseline locality/ward centroid,baseline_coarse,0.0,3rd cross; 6th main,Vinayaka Nagar,960104,0.0,960104,Vinayaka Nagar
AD002277,AC001764,T2,1924.7,-2094.1,visits_agree,True,2,,Synthesized from 2 verified field visit dwell centroids (visits_agree),field_visit_dwell,0.0,gali 5,Patel Nagar,970202,0.2,970202,Patel Nagar
AD002278,AC001764,T2,836.5,1382.5,baseline_coarse,True,0,,Coarse baseline locality/ward centroid,baseline_coarse,0.0,,Gandhi Basti,970203,0.0,970203,Gandhi Basti
AD002279,AC001765,T1,-649.6,-1534.5,baseline_street,True,0,,High-precision baseline geocoder (street),baseline_high_precision,0.0,3rd; 2nd main,Hosa Badavane,960101,0.0,960101,Hosa Badavane
AD002280,AC001765,T1,677.7,-2777.8,landmark,True,0,Near Ration Shop (pin is a guess near this landmark),Promoted to nearest un-repelled landmark POI 'Ration Shop',landmark_poi_fallback,0.0,10th cross,Gandhi Nagar,960102,0.0,960102,Gandhi Nagar
AD002281,AC001766,T1,-2604.7,1001.3,visits_agree,True,3,,Synthesized from 3 verified field visit dwell centroids (visits_agree),field_visit_dwell,0.0,3rd cross,Vinayaka Nagar,960104,0.2,960104,Vinayaka Nagar
AD002282,AC001767,T3,-999.7,-557.3,baseline_coarse,True,0,,Coarse baseline locality/ward centroid,baseline_coarse,0.0,,HMT Colony,980301,0.0,980301,HMT Colony
AD002283,AC001767,T3,-443.2,-3363.8,baseline_coarse,True,0,,Coarse baseline locality/ward centroid,baseline_coarse,0.0,3rd road,Orchid Enclave,980301,0.0,980301,Orchid Enclave
AD002284,AC001768,T2,679.6,-22.7,visit_1,True,1,,Synthesized from 1 verified field visit dwell centroids (visit_1),field_visit_dwell,0.0,gali no. 6,Indira Colony,970202,0.2,970202,Indira Colony
AD002285,AC001768,OUT,,,unmapped_village,False,0,,Village outside mapped urban town coverage; zero baseline geocode and zero field visits,unmapped_village,0.0,,,993733,0.0,993733,
AD002286,AC001769,T2,2514.3,1849.5,baseline_coarse,True,0,,Coarse baseline locality/ward centroid,baseline_coarse,0.0,,Ram Nagar,970203,0.0,970203,Ram Nagar
AD002287,AC001770,T2,1656.5,-1998.2,visits_agree,True,2,,Synthesized from 2 verified field visit dwell centroids (visits_agree),field_visit_dwell,0.0,gali no. 7,Patel Nagar,970202,0.2,970202,Patel Nagar
AD002288,AC001771,T1,1629.6,-1241.3,baseline_coarse,True,0,,Coarse baseline locality/ward centroid,baseline_coarse,0.0,,,960102,0.0,960102,
AD002289,AC001772,T1,-1550.8,649.1,landmark,True,0,Near Hanuman Temple (pin is a guess near this landmark),Promoted to nearest un-repelled landmark POI 'Hanuman Temple',landmark_poi_fallback,0.0,7th cross; 3rd main,,960104,0.0,960104,
AD002290,AC001772,OUT,,,unmapped_village,False,0,,Village outside mapped urban town coverage; zero baseline geocode and zero field visits,unmapped_village,0.0,,,999991,0.0,999991,
AD002291,AC001773,T2,-1732.7,-3234.4,baseline_street,True,0,,High-precision baseline geocoder (street),baseline_high_precision,0.0,,Subhash Nagar,970201,0.0,970201,Subhash Nagar
AD002292,AC001774,T3,-3455.1,-861.2,baseline_street,True,0,,High-precision baseline geocoder (rooftop),baseline_high_precision,0.0,f block; 3rd road,Green Park Layout,980301,0.0,980301,Green Park Layout
AD002293,AC001774,T3,-786.4,-991.7,visit_1,True,1,,Synthesized from 1 verified field visit dwell centroids (visit_1),field_visit_dwell,0.0,,HMT Colony,980301,0.2,980301,HMT Colony
AD002294,AC001775,T2,1166.9,-1877.6,visits_agree,True,2,,Synthesized from 2 verified field visit dwell centroids (visits_agree),field_visit_dwell,0.0,gali no. 10,Patel Nagar,970202,0.2,970202,Patel Nagar
AD002295,AC001776,T3,-1260.2,-1505.9,baseline_coarse,True,0,,Coarse baseline locality/ward centroid,baseline_coarse,0.0,,,980301,0.0,980301,
AD002296,AC001777,T3,3317.5,-1924.0,baseline_coarse,True,0,,Coarse baseline locality/ward centroid,baseline_coarse,0.0,,Palm Meadows,980302,0.0,980302,Palm Meadows
AD002297,AC001778,T1,1982.8,-1241.6,landmark,True,0,Near Hanuman Temple (pin is a guess near this landmark),Promoted to nearest un-repelled landmark POI 'Hanuman Temple',landmark_poi_fallback,0.0,2nd cross,Siddeshwara Colony,960102,0.0,960102,Siddeshwara Colony
AD002298,AC001779,T3,2956.0,-2053.0,visit_1,True,1,,Synthesized from 1 verified field visit dwell centroids (visit_1),field_visit_dwell,0.0,,Palm Meadows,980302,0.2,980302,Palm Meadows
AD002299,AC001780,T2,941.2,2294.9,visits_agree,True,8,Field Remark: Near Ration Ki Dukaan (conf=0.82),Synthesized from 8 verified field visit dwell centroids (visits_agree),field_visit_dwell,0.0,,Azad Mohalla,970203,0.819,970203,Azad Mohalla
AD002300,AC001781,T2,2997.2,497.5,baseline_coarse,True,0,,Coarse baseline locality/ward centroid,baseline_coarse,0.0,gali no. 6,Nehru Colony,970203,0.0,970203,Nehru Colony
AD002301,AC001782,T2,1282.7,-2128.4,baseline_coarse,True,0,,Coarse baseline locality/ward centroid,baseline_coarse,0.0,,,970201,0.0,970201,
AD002302,AC001783,T2,1119.9,2528.2,visit_1,True,1,Opposite Bus Stop (about 130 m from pin),Synthesized from 1 verified field visit dwell centroids (visit_1),field_visit_dwell,0.0,,Azad Mohalla,,0.2,,Azad Mohalla
AD002303,AC001784,T1,-1241.8,-2716.3,baseline_coarse,True,0,,Coarse baseline locality/ward centroid,baseline_coarse,0.0,3rd cross; 8th main,,960101,0.0,960101,
AD002304,AC001785,T1,2870.3,-2346.1,landmark,True,0,Near Hanuman Temple (pin is a guess near this landmark),Promoted to nearest un-repelled landmark POI 'Hanuman Temple',landmark_poi_fallback,3.86,2nd cross; 5th main,Nehru Colony,960102,0.0,960102,Nehru Colony
AD002305,AC001786,T1,2198.1,936.3,visit_1,True,1,,Synthesized from 1 verified field visit dwell centroids (visit_1),field_visit_dwell,0.0,9th cross; 2nd main,Vidya Nagar,960103,0.2,960103,Vidya Nagar
AD002306,AC001787,T1,2792.7,-2003.4,visits_agree,True,3,,Synthesized from 3 verified field visit dwell centroids (visits_agree),field_visit_dwell,0.0,9th cross; 4th main,Nehru Colony,960102,0.2,960102,Nehru Colony
AD002307,AC001788,T1,2436.2,-2363.7,cross_account_street,True,4,,Synthesized from 4 verified field visit dwell centroids (visits_disagree),field_visit_dwell,0.0,3rd; 2nd main,Nehru Colony,960102,0.2,960102,Nehru Colony
AD002308,AC001789,T1,2931.5,-2465.2,visits_disagree,True,3,Near Hanuman Temple (about 130 m from pin) | Remark Cue: Opposite Anjaneya Swamy Temple (conf=0.85),Synthesized from 3 verified field visit dwell centroids (visits_disagree),field_visit_dwell,0.0,,Nehru Colony,960102,0.85,960102,Nehru Colony
AD002309,AC001790,T3,2700.1,716.1,baseline_coarse,True,0,,Coarse baseline locality/ward centroid,baseline_coarse,0.0,e block; 2nd road,,980303,0.0,980303,
AD002310,AC001791,T1,2295.8,713.3,landmark,True,0,Near Post Office (pin is a guess near this landmark),Promoted to nearest un-repelled landmark POI 'Post Office',landmark_poi_fallback,0.0,4th main,Vidya Nagar,960103,0.0,960103,Vidya Nagar
AD002311,AC001792,T3,3065.5,-1761.0,baseline_coarse,True,0,,Coarse baseline locality/ward centroid,baseline_coarse,0.0,,,980303,0.0,980303,
AD002312,AC001793,T2,1063.8,-332.3,landmark,True,0,Near Park (pin is a guess near this landmark),Promoted to nearest un-repelled landmark POI 'Park',landmark_poi_fallback,0.0,gali 3,Indira Colony,970202,0.0,970202,Indira Colony
AD002313,AC001793,OUT,,,unmapped_village,False,0,,Village outside mapped urban town coverage; zero baseline geocode and zero field visits,unmapped_village,0.0,,,996235,0.0,996235,
AD002314,AC001794,T1,-870.5,-2963.3,baseline_coarse,True,0,,Coarse baseline locality/ward centroid,baseline_coarse,0.0,6th cross; 4th main,Basava Nagar,960101,0.0,960101,Basava Nagar
AD002315,AC001794,T1,303.0,2703.0,landmark,True,0,Near Church (pin is a guess near this landmark),Promoted to nearest un-repelled landmark POI 'Church',landmark_poi_fallback,0.02,,Anjaneya Badavane,960103,0.0,960103,Anjaneya Badavane
AD002316,AC001795,T1,1902.2,-954.2,baseline_coarse,True,0,,Coarse baseline locality/ward centroid,baseline_coarse,0.0,,Siddeshwara Colony,,0.0,,Siddeshwara Colony
AD002317,AC001796,T1,-2386.5,-2021.8,visits_agree,True,4,Field Remark: Opposite Neerina Tank (conf=0.85),Synthesized from 4 verified field visit dwell centroids (visits_agree),field_visit_dwell,0.0,12th cross; 4th main,Shanthi Nagar,960101,0.85,960101,Shanthi Nagar
AD002318,AC001797,T2,-73.6,894.1,baseline_street,True,0,,High-precision baseline geocoder (street),baseline_high_precision,0.0,gali no. 1,Tilak Nagar,970204,0.0,970204,Tilak Nagar
AD002319,AC001798,T1,2834.0,-2145.4,baseline_coarse,True,0,,Coarse baseline locality/ward centroid,baseline_coarse,0.0,11th cross; 4th main,Nehru Colony,960102,0.0,960102,Nehru Colony
AD002320,AC001798,OUT,,,unmapped_village,False,0,,Village outside mapped urban town coverage; zero baseline geocode and zero field visits,unmapped_village,0.0,,,992228,0.0,992228,
AD002321,AC001799,T3,3512.3,-1868.6,visits_disagree,True,3,Opposite Bus Stop (about 100 m from pin),Synthesized from 3 verified field visit dwell centroids (visits_disagree),field_visit_dwell,0.0,2nd rd,Palm Meadows,980302,0.2,980302,Palm Meadows
AD002322,AC001800,T2,1097.3,2655.1,landmark,True,0,Near Bus Stop (pin is a guess near this landmark),Promoted to nearest un-repelled landmark POI 'Bus Stop',landmark_poi_fallback,0.0,,Azad Mohalla,970203,0.0,970203,Azad Mohalla
AD002323,AC001801,T2,-347.1,1800.6,baseline_coarse,True,0,,Coarse baseline locality/ward centroid,baseline_coarse,0.0,,,970204,0.0,970204,
AD002324,AC001801,T2,-1698.8,-2329.8,landmark,True,0,Opposite Masjid (pin is a guess near this landmark),Promoted to nearest un-repelled landmark POI 'Masjid',landmark_poi_fallback,0.0,gali 11,Subhash Nagar,,0.0,,Subhash Nagar
AD002325,AC001802,T2,2975.9,428.7,baseline_coarse,True,0,,Coarse baseline locality/ward centroid,baseline_coarse,0.0,gali no5,Nehru Colony,970203,0.0,970203,Nehru Colony
AD002326,AC001802,OUT,,,unmapped_village,False,0,,Village outside mapped urban town coverage; zero baseline geocode and zero field visits,unmapped_village,0.0,,,993375,0.0,993375,
AD002327,AC001803,T2,1425.0,1283.9,baseline_coarse,True,0,,Coarse baseline locality/ward centroid,baseline_coarse,0.0,gali 1,,970203,0.0,970203,
AD002328,AC001804,T3,-136.4,-3781.7,landmark,True,0,Near Ganesh Temple (pin is a guess near this landmark),Promoted to nearest un-repelled landmark POI 'Ganesh Temple',landmark_poi_fallback,0.0,2nd road,Orchid Enclave,980301,0.0,980301,Orchid Enclave
AD002329,AC001804,OUT,,,unmapped_village,False,0,,Village outside mapped urban town coverage; zero baseline geocode and zero field visits,unmapped_village,0.0,,,991183,0.0,991183,
AD002330,AC001805,T2,1268.9,-2044.0,landmark,True,0,Near Milk Dairy (pin is a guess near this landmark),Promoted to nearest un-repelled landmark POI 'Milk Dairy',landmark_poi_fallback,0.0,gali 5,Patel Nagar,970202,0.0,970202,Patel Nagar
AD002331,AC001805,OUT,,,unmapped_village,False,0,,Village outside mapped urban town coverage; zero baseline geocode and zero field visits,unmapped_village,0.0,,,998565,0.0,998565,
AD002332,AC001806,T1,3121.3,-2076.5,visits_agree,True,6,,Synthesized from 6 verified field visit dwell centroids (visits_agree),field_visit_dwell,0.0,10th cross,,960102,0.398,960102,
AD002333,AC001807,T3,-2266.2,-521.5,visits_agree,True,5,Near Post Office (about 40 m from pin) | Remark Cue: Opposite Post Office (conf=0.85),Synthesized from 5 verified field visit dwell centroids (visits_agree),field_visit_dwell,0.0,,Silver Oak Layout,980301,0.85,980301,Silver Oak Layout
AD002334,AC001808,T3,-2757.4,1697.9,visit_1,True,1,Behind Milk Dairy (about 140 m from pin) | Remark Cue: Opposite Doodh Dairy (conf=0.85),Synthesized from 1 verified field visit dwell centroids (visit_1),field_visit_dwell,0.0,,Railway Colony,980304,0.85,980304,Railway Colony
AD002335,AC001809,T3,3162.3,-2245.3,baseline_coarse,True,0,,Coarse baseline locality/ward centroid,baseline_coarse,0.0,d block; 5th road,Palm Meadows,980302,0.0,980302,Palm Meadows
AD002336,AC001810,T3,3926.9,760.4,visit_1,True,1,,Synthesized from 1 verified field visit dwell centroids (visit_1),field_visit_dwell,0.0,6th road,Lakeview Phase 2,980303,0.2,980303,Lakeview Phase 2
AD002337,AC001811,T2,1972.0,1560.0,baseline_street,True,0,,High-precision baseline geocoder (rooftop),baseline_high_precision,0.0,gali no. 3,,970202,0.0,970202,
AD002338,AC001811,OUT,,,unmapped_village,False,0,,Village outside mapped urban town coverage; zero baseline geocode and zero field visits,unmapped_village,0.0,,,997414,0.0,997414,
AD002339,AC001812,T2,1096.1,2984.7,visits_agree,True,4,Field Remark: Opposite Ganesh Mandir (conf=0.85),Synthesized from 4 verified field visit dwell centroids (visits_agree),field_visit_dwell,0.0,,Azad Mohalla,970203,0.85,970203,Azad Mohalla
AD002340,AC001812,T2,2711.6,1801.6,baseline_coarse,True,0,,Coarse baseline locality/ward centroid,baseline_coarse,0.0,gali no. 8,Ram Nagar,970203,0.0,970203,Ram Nagar
AD002341,AC001813,T2,-754.8,2718.5,visits_disagree,True,6,Field Remark: Beside Bagicha (conf=0.83),Synthesized from 6 verified field visit dwell centroids (visits_disagree),field_visit_dwell,0.0,,,970204,0.832,970204,
AD002342,AC001814,T2,2072.1,2097.3,landmark,True,0,Near Govt School (pin is a guess near this landmark),Promoted to nearest un-repelled landmark POI 'Govt School',landmark_poi_fallback,0.0,,Ram Nagar,970203,0.0,970203,Ram Nagar
AD002343,AC001815,T3,-286.4,2831.5,cross_account_street,True,0,,Coarse baseline locality/ward centroid,baseline_coarse,0.0,c block; 3rd road,,980304,0.0,980304,
AD002344,AC001816,T2,2362.0,1745.2,landmark,True,0,Near Church (pin is a guess near this landmark),Promoted to nearest un-repelled landmark POI 'Church',landmark_poi_fallback,0.0,gali 10,Ram Nagar,970203,0.0,970203,Ram Nagar
AD002345,AC001817,T2,1165.2,1227.4,baseline_coarse,True,0,,Coarse baseline locality/ward centroid,baseline_coarse,0.0,gali 11,,970202,0.0,970202,
AD002346,AC001818,T3,603.1,-747.9,landmark,True,0,Near Bus Stop (pin is a guess near this landmark),Promoted to nearest un-repelled landmark POI 'Bus Stop',landmark_poi_fallback,0.0,d block; 3rd road,Teachers Colony,980302,0.0,980302,Teachers Colony
AD002347,AC001818,T3,-136.4,-3781.7,landmark,True,0,Near Ganesh Temple (pin is a guess near this landmark),Promoted to nearest un-repelled landmark POI 'Ganesh Temple',landmark_poi_fallback,0.0,c block; 1st road,Orchid Enclave,980301,0.0,980301,Orchid Enclave
AD002348,AC001819,T1,1058.3,-2743.0,baseline_street,True,0,,High-precision baseline geocoder (street),baseline_high_precision,0.0,10th cross; 8th main,Gandhi Nagar,960102,0.0,960102,Gandhi Nagar
AD002349,AC001820,T2,-565.3,-847.2,baseline_street,True,0,Near Masjid (about 110 m from pin),High-precision baseline geocoder (street),baseline_high_precision,0.0,gali 3,Shastri Nagar,970201,0.0,970201,Shastri Nagar
AD002350,AC001821,T3,-3867.6,-917.6,baseline_coarse,True,0,,Coarse baseline locality/ward centroid,baseline_coarse,0.0,d block; 2nd road,Green Park Layout,980301,0.0,980301,Green Park Layout
AD002351,AC001821,T3,3433.8,-1644.8,landmark,True,0,Near Ganesh Temple (pin is a guess near this landmark),Promoted to nearest un-repelled landmark POI 'Ganesh Temple',landmark_poi_fallback,0.0,,Palm Meadows,980302,0.0,980302,Palm Meadows
AD002352,AC001822,T1,-46.1,2664.5,visit_1,True,1,Field Remark: Behind Kalyana Mantapa (conf=0.83),Synthesized from 1 verified field visit dwell centroids (visit_1),field_visit_dwell,0.0,1st main,Anjaneya Badavane,960103,0.83,960103,Anjaneya Badavane
AD002353,AC001823,T1,-643.8,224.2,visits_agree,True,2,,Synthesized from 2 verified field visit dwell centroids (visits_agree),field_visit_dwell,0.0,1st x; 8th main,Ashoka Layout,960104,0.2,960104,Ashoka Layout
AD002354,AC001824,T1,-2799.4,893.5,landmark,True,0,Near Post Office (pin is a guess near this landmark),Promoted to nearest un-repelled landmark POI 'Post Office',landmark_poi_fallback,0.0,,Vinayaka Nagar,960104,0.0,960104,Vinayaka Nagar
AD002355,AC001825,T1,3049.4,-2157.6,landmark,True,0,Near Ration Shop (pin is a guess near this landmark),Promoted to nearest un-repelled landmark POI 'Ration Shop',landmark_poi_fallback,0.0,8th cross; 8th main,Nehru Colony,960102,0.0,960102,Nehru Colony
AD002356,AC001825,T1,-2191.2,975.9,baseline_coarse,True,0,,Coarse baseline locality/ward centroid,baseline_coarse,0.0,,,960104,0.0,960104,
AD002357,AC001826,T2,1024.7,314.0,visits_agree,True,8,Field Remark: Opposite Dak Ghar (conf=0.85),Synthesized from 8 verified field visit dwell centroids (visits_agree),field_visit_dwell,0.0,gali 11,Indira Colony,970202,0.85,970202,Indira Colony
AD002358,AC001827,T3,2274.6,1095.5,baseline_coarse,True,0,,Coarse baseline locality/ward centroid,baseline_coarse,0.0,,,980303,0.0,980303,
AD002359,AC001828,T2,1651.5,-1603.5,visits_disagree,True,6,Field Remark: Beside Ganesh Mandir (conf=0.81),Synthesized from 6 verified field visit dwell centroids (visits_disagree),field_visit_dwell,0.0,gali 12,Patel Nagar,970202,0.807,970202,Patel Nagar
AD002360,AC001829,T2,-541.5,2979.8,baseline_coarse,True,0,,Coarse baseline locality/ward centroid,baseline_coarse,0.0,gali no. 12,Ambedkar Nagar,970204,0.0,970204,Ambedkar Nagar
AD002361,AC001829,T2,331.0,-3084.2,landmark,True,0,Near Ganesh Temple (pin is a guess near this landmark),Promoted to nearest un-repelled landmark POI 'Ganesh Temple',landmark_poi_fallback,0.0,gali no. 7,Shivaji Nagar,970202,0.0,970202,Shivaji Nagar
AD002362,AC001830,T1,2521.8,-2128.1,visits_agree,True,7,,Synthesized from 7 verified field visit dwell centroids (visits_agree),field_visit_dwell,0.0,,Nehru Colony,960102,0.2,960102,Nehru Colony
AD002363,AC001831,T3,3929.9,720.8,cross_account_street,True,0,,Coarse baseline locality/ward centroid,baseline_coarse,0.0,f block; 3rd road,,980303,0.0,980303,
AD002364,AC001832,T2,2471.8,2057.0,landmark,True,0,Near Medical Store (pin is a guess near this landmark),Promoted to nearest un-repelled landmark POI 'Medical Store',landmark_poi_fallback,0.0,gali 9,Ram Nagar,970203,0.0,970203,Ram Nagar
AD002365,AC001833,T3,938.1,-632.6,baseline_street,True,0,,High-precision baseline geocoder (street),baseline_high_precision,0.0,e block; 4th rd,Teachers Colony,980302,0.0,980302,Teachers Colony
AD002366,AC001833,T3,1344.7,-3566.1,baseline_coarse,True,0,,Coarse baseline locality/ward centroid,baseline_coarse,0.0,,Unity Nagar,980302,0.0,980302,Unity Nagar
AD002367,AC001834,T1,2107.0,762.7,visits_agree,True,6,Opposite Park (about 30 m from pin) | Remark Cue: Behind Park (conf=0.83),Synthesized from 6 verified field visit dwell centroids (visits_agree),field_visit_dwell,0.0,3rd cross; 1st main,Vidya Nagar,960103,0.83,960103,Vidya Nagar
AD002368,AC001835,T3,1251.7,-476.9,baseline_street,True,0,,High-precision baseline geocoder (street),baseline_high_precision,0.0,,Teachers Colony,980302,0.0,980302,Teachers Colony
AD002369,AC001836,T2,-1672.1,-2840.5,baseline_coarse,True,0,,Coarse baseline locality/ward centroid,baseline_coarse,0.0,gali no. 9,,970202,0.0,970202,
AD002370,AC001837,T3,-2124.1,1805.2,baseline_street,True,0,,High-precision baseline geocoder (street),baseline_high_precision,0.0,,Railway Colony,980304,0.0,980304,Railway Colony
AD002371,AC001838,T2,835.1,-129.4,baseline_coarse,True,0,,Coarse baseline locality/ward centroid,baseline_coarse,0.0,446 gali,,970201,0.0,970201,
AD002372,AC001839,T3,2890.7,-1617.2,visit_1,True,1,,Synthesized from 1 verified field visit dwell centroids (visit_1),field_visit_dwell,0.0,,Palm Meadows,980302,0.2,980302,Palm Meadows
AD002373,AC001840,T2,-1385.6,-2547.2,baseline_street,True,0,,High-precision baseline geocoder (street),baseline_high_precision,0.0,,Ram Nagar,970203,0.0,970203,Ram Nagar
AD002374,AC001841,T1,2678.6,1602.1,baseline_street,True,0,,High-precision baseline geocoder (street),baseline_high_precision,0.0,12th cross; 6th main,Vidya Nagar,960103,0.0,960103,Vidya Nagar
AD002375,AC001842,T3,1394.6,-3569.6,baseline_street,True,0,,High-precision baseline geocoder (street),baseline_high_precision,0.0,,Unity Nagar,980302,0.0,980302,Unity Nagar
AD002376,AC001843,T1,-1122.4,327.5,landmark,True,0,Near Ganesh Temple (pin is a guess near this landmark),Promoted to nearest un-repelled landmark POI 'Ganesh Temple',landmark_poi_fallback,0.0,,Ashoka Layout,960104,0.0,960104,Ashoka Layout
AD002377,AC001844,T3,1157.3,-3636.6,landmark,True,0,Near Water Tank (pin is a guess near this landmark),Promoted to nearest un-repelled landmark POI 'Water Tank',landmark_poi_fallback,0.0,3rd rd,Unity Nagar,980302,0.0,980302,Unity Nagar
AD002378,AC001845,T1,-2839.6,995.5,visit_1,True,1,Behind Post Office (about 110 m from pin),Synthesized from 1 verified field visit dwell centroids (visit_1),field_visit_dwell,0.0,4th cross; 4th main,Vinayaka Nagar,960104,0.2,960104,Vinayaka Nagar
AD002379,AC001845,OUT,,,unmapped_village,False,0,,Village outside mapped urban town coverage; zero baseline geocode and zero field visits,unmapped_village,0.0,,,992287,0.0,992287,
AD002380,AC001846,T3,3069.2,-2430.3,visits_agree,True,3,Field Remark: Near Doodh Dairy (conf=0.82),Synthesized from 3 verified field visit dwell centroids (visits_agree),field_visit_dwell,0.0,,Palm Meadows,980302,0.819,980302,Palm Meadows
AD002381,AC001847,T2,891.3,-339.7,baseline_street,True,0,Near Park (about 170 m from pin),High-precision baseline geocoder (street),baseline_high_precision,0.0,gali 2,Indira Colony,,0.0,,Indira Colony
AD002382,AC001848,T2,1241.3,-275.5,baseline_street,True,0,,High-precision baseline geocoder (street),baseline_high_precision,0.0,,Indira Colony,970202,0.0,970202,Indira Colony
AD002383,AC001849,T3,-399.6,-3606.8,baseline_coarse,True,0,,Coarse baseline locality/ward centroid,baseline_coarse,0.0,,,980302,0.0,980302,
AD002384,AC001850,T2,-517.2,-739.0,baseline_coarse,True,0,,Coarse baseline locality/ward centroid,baseline_coarse,0.0,191 gali,Shastri Nagar,970201,0.0,970201,Shastri Nagar
AD002385,AC001851,T2,-465.0,-534.0,cross_account_street,True,0,,Coarse baseline locality/ward centroid,baseline_coarse,0.0,gali 6,Shastri Nagar,970201,0.0,970201,Shastri Nagar
AD002386,AC001851,OUT,,,unmapped_village,False,0,,Village outside mapped urban town coverage; zero baseline geocode and zero field visits,unmapped_village,0.0,,,996686,0.0,996686,
AD002387,AC001852,T2,-1646.6,-2357.3,visit_1,True,1,Near Masjid (about 60 m from pin),Synthesized from 1 verified field visit dwell centroids (visit_1),field_visit_dwell,0.0,12 gali,Subhash Nagar,970201,0.2,970201,Subhash Nagar
AD002388,AC001852,T2,1829.7,-1850.6,baseline_coarse,True,0,,Coarse baseline locality/ward centroid,baseline_coarse,0.0,gali no. 9,,970202,0.0,970202,
AD002389,AC001853,T2,-128.5,1670.7,landmark,True,0,Near Govt School (pin is a guess near this landmark),Promoted to nearest un-repelled landmark POI 'Govt School',landmark_poi_fallback,0.0,gali 14,,970204,0.0,970204,
AD002390,AC001853,OUT,,,unmapped_village,False,0,,Village outside mapped urban town coverage; zero baseline geocode and zero field visits,unmapped_village,0.0,,,992473,0.0,992473,
AD002391,AC001854,T3,-37.5,3542.0,landmark,True,0,Near Hanuman Temple (pin is a guess near this landmark),Promoted to nearest un-repelled landmark POI 'Hanuman Temple',landmark_poi_fallback,0.0,,Sunrise Enclave,980304,0.0,980304,Sunrise Enclave
AD002392,AC001855,T1,2162.7,1118.7,baseline_coarse,True,0,,Coarse baseline locality/ward centroid,baseline_coarse,0.0,6th x; 3rd,Vidya Nagar,960103,0.0,960103,Vidya Nagar
AD002393,AC001856,T1,363.2,-3069.7,visits_disagree,True,2,,Synthesized from 2 verified field visit dwell centroids (visits_disagree),field_visit_dwell,0.0,9th cross,Gandhi Nagar,960102,0.2,960102,Gandhi Nagar
AD002394,AC001856,T1,-2026.3,2547.9,landmark,True,0,Near Ganesh Temple (pin is a guess near this landmark),Promoted to nearest un-repelled landmark POI 'Ganesh Temple',landmark_poi_fallback,0.0,3rd; 2nd main,Kalyana Nagar,960104,0.0,960104,Kalyana Nagar
AD002395,AC001857,T3,-296.8,-992.8,baseline_street,True,0,,High-precision baseline geocoder (street),baseline_high_precision,0.0,,HMT Colony,,0.0,,HMT Colony
AD002396,AC001858,T2,2769.0,-1241.2,baseline_coarse,True,0,,Coarse baseline locality/ward centroid,baseline_coarse,0.0,,Krishna Puri,,0.0,,Krishna Puri
AD002397,AC001859,T3,-4072.0,-1017.3,landmark,True,0,Near Water Tank (pin is a guess near this landmark),Promoted to nearest un-repelled landmark POI 'Water Tank',landmark_poi_fallback,0.0,,Green Park Layout,980301,0.0,980301,Green Park Layout
AD002398,AC001859,T3,669.1,-915.2,visit_1,True,1,Opposite Govt School (about 140 m from pin) | Remark Cue: Behind Sarkari Shaale (conf=0.83),Synthesized from 1 verified field visit dwell centroids (visit_1),field_visit_dwell,0.0,,Teachers Colony,980302,0.83,980302,Teachers Colony
AD002399,AC001860,T3,1167.8,-3506.3,baseline_street,True,0,,High-precision baseline geocoder (street),baseline_high_precision,0.0,e block,Unity Nagar,980302,0.0,980302,Unity Nagar
AD002400,AC001861,T3,-2541.2,1706.8,baseline_coarse,True,0,,Coarse baseline locality/ward centroid,baseline_coarse,0.0,c block; 1st road,,980301,0.0,980301,
AD002401,AC001862,T2,612.3,-3464.9,visits_agree,True,3,Near Bus Stop (about 170 m from pin) | Remark Cue: Near Bus Stop (conf=0.82),Synthesized from 3 verified field visit dwell centroids (visits_agree),field_visit_dwell,0.0,gali 1,Shivaji Nagar,970202,0.819,970202,Shivaji Nagar
AD002402,AC001863,T3,-282.8,-3860.3,visits_agree,True,2,Behind Ganesh Temple (about 170 m from pin),Synthesized from 2 verified field visit dwell centroids (visits_agree),field_visit_dwell,0.0,,,980301,0.2,980301,
AD002403,AC001864,T1,2332.5,921.3,visit_1,True,1,Near Govt School (about 160 m from pin),Synthesized from 1 verified field visit dwell centroids (visit_1),field_visit_dwell,0.0,3rd main,Vidya Nagar,960103,0.2,960103,Vidya Nagar
AD002404,AC001865,T1,3066.9,-1958.7,visits_disagree,True,7,,Synthesized from 7 verified field visit dwell centroids (visits_disagree),field_visit_dwell,0.0,6th main,Nehru Colony,960102,0.3,960102,Nehru Colony
AD002405,AC001866,T3,-957.2,-951.0,baseline_street,True,0,,High-precision baseline geocoder (street),baseline_high_precision,0.0,2nd road,HMT Colony,980301,0.0,980301,HMT Colony
AD002406,AC001866,OUT,,,unmapped_village,False,0,,Village outside mapped urban town coverage; zero baseline geocode and zero field visits,unmapped_village,0.0,,,991969,0.0,991969,
AD002407,AC001867,T3,3748.5,474.4,baseline_coarse,True,0,,Coarse baseline locality/ward centroid,baseline_coarse,0.0,,Lakeview Phase 2,980303,0.0,980303,Lakeview Phase 2
AD002408,AC001868,T1,-1224.0,26.9,baseline_street,True,0,,High-precision baseline geocoder (street),baseline_high_precision,0.0,5th cross; 3rd,Ashoka Layout,960104,0.0,960104,Ashoka Layout
AD002409,AC001868,OUT,,,unmapped_village,False,0,,Village outside mapped urban town coverage; zero baseline geocode and zero field visits,unmapped_village,0.0,,,997794,0.0,997794,
AD002410,AC001869,T3,805.6,-676.1,baseline_coarse,True,0,,Coarse baseline locality/ward centroid,baseline_coarse,0.0,1st road,Teachers Colony,980302,0.0,980302,Teachers Colony
AD002411,AC001869,T3,1196.7,-1234.8,visit_1,True,1,,Synthesized from 1 verified field visit dwell centroids (visit_1),field_visit_dwell,0.0,,Teachers Colony,980302,0.2,980302,Teachers Colony
AD002412,AC001870,T3,-2682.2,-108.5,visits_disagree,True,6,Near Govt School (about 180 m from pin) | Remark Cue: Opposite Sarkari Shaale (conf=0.85),Synthesized from 6 verified field visit dwell centroids (visits_disagree),field_visit_dwell,0.0,,Silver Oak Layout,980301,0.85,980301,Silver Oak Layout
AD002413,AC001871,T1,2968.0,-1912.6,visits_agree,True,5,,Synthesized from 5 verified field visit dwell centroids (visits_agree),field_visit_dwell,0.0,,Nehru Colony,960102,0.425,960102,Nehru Colony
AD002414,AC001872,T1,2907.8,-1791.1,visits_agree,True,7,,Synthesized from 7 verified field visit dwell centroids (visits_agree),field_visit_dwell,0.0,4th main,Nehru Colony,960102,0.2,960102,Nehru Colony
AD002415,AC001873,T3,-2689.6,-53.1,visits_agree,True,3,Near Govt School (about 190 m from pin),Synthesized from 3 verified field visit dwell centroids (visits_agree),field_visit_dwell,0.0,,Silver Oak Layout,980301,0.2,980301,Silver Oak Layout
AD002416,AC001873,T3,-151.1,-3827.1,visit_1,True,1,Near Ganesh Temple (about 50 m from pin),Synthesized from 1 verified field visit dwell centroids (visit_1),field_visit_dwell,0.0,4th road,Orchid Enclave,980301,0.2,980301,Orchid Enclave
AD002417,AC001874,T1,-288.4,-1601.5,landmark,True,0,Near Medical Store (pin is a guess near this landmark),Promoted to nearest un-repelled landmark POI 'Medical Store',landmark_poi_fallback,0.0,3rd cross; 4th main,Hosa Badavane,960101,0.0,960101,Hosa Badavane
AD002418,AC001874,T1,923.1,-3421.1,cross_account_street,True,0,,Coarse baseline locality/ward centroid,baseline_coarse,0.0,1st cross; 6th main,,960102,0.0,960102,
AD002419,AC001875,T1,2769.9,-2321.9,visits_agree,True,3,Behind Hanuman Temple (about 100 m from pin),Synthesized from 3 verified field visit dwell centroids (visits_agree),field_visit_dwell,0.0,5th cross; 5th main,,960104,0.2,960104,
AD002420,AC001875,OUT,,,unmapped_village,False,0,,Village outside mapped urban town coverage; zero baseline geocode and zero field visits,unmapped_village,0.0,,,996244,0.0,996244,
AD002421,AC001876,T2,508.0,-2950.9,baseline_coarse,True,0,,Coarse baseline locality/ward centroid,baseline_coarse,0.0,,,970203,0.0,970203,
AD002422,AC001877,T3,644.8,-3711.4,landmark,True,0,Near Ration Shop (pin is a guess near this landmark),Promoted to nearest un-repelled landmark POI 'Ration Shop',landmark_poi_fallback,0.0,4th rd,Unity Nagar,980302,0.0,980302,Unity Nagar
AD002423,AC001878,T3,-2769.4,1380.4,visit_1,True,1,,Synthesized from 1 verified field visit dwell centroids (visit_1),field_visit_dwell,0.0,a block; 4th road,Railway Colony,980304,0.2,980304,Railway Colony
AD002424,AC001879,T3,-513.7,-3305.8,visits_agree,True,2,,Synthesized from 2 verified field visit dwell centroids (visits_agree),field_visit_dwell,0.0,e block; 4th rd,Orchid Enclave,980301,0.2,980301,Orchid Enclave
AD002425,AC001880,T3,-3787.3,-505.2,baseline_street,True,0,Near Community Hall (about 150 m from pin),High-precision baseline geocoder (street),baseline_high_precision,0.0,,Green Park Layout,980301,0.0,980301,Green Park Layout
AD002426,AC001880,OUT,,,unmapped_village,False,0,,Village outside mapped urban town coverage; zero baseline geocode and zero field visits,unmapped_village,0.0,,,997028,0.0,997028,
AD002427,AC001881,T3,-309.2,-3515.3,baseline_coarse,True,0,,Coarse baseline locality/ward centroid,baseline_coarse,0.0,,Orchid Enclave,980301,0.0,980301,Orchid Enclave
AD002428,AC001882,T2,1193.3,-221.1,landmark,True,0,Near Bus Stop (pin is a guess near this landmark),Promoted to nearest un-repelled landmark POI 'Bus Stop',landmark_poi_fallback,0.0,,Indira Colony,970202,0.0,970202,Indira Colony
AD002429,AC001883,T1,2322.2,1169.7,baseline_coarse,True,0,,Coarse baseline locality/ward centroid,baseline_coarse,0.0,3rd,,960101,0.0,960101,
AD002430,AC001883,T1,2808.9,-1919.1,baseline_street,True,0,,High-precision baseline geocoder (street),baseline_high_precision,0.0,8th cross,Nehru Colony,960102,0.0,960102,Nehru Colony
AD002431,AC001884,T2,2853.8,-1207.7,visit_1,True,1,,Synthesized from 1 verified field visit dwell centroids (visit_1),field_visit_dwell,0.0,,Krishna Puri,970202,0.2,970202,Krishna Puri
AD002432,AC001884,T2,797.1,2497.7,baseline_street,True,0,,High-precision baseline geocoder (street),baseline_high_precision,0.0,,Azad Mohalla,970203,0.0,970203,Azad Mohalla
AD002433,AC001885,T2,647.5,-2633.2,landmark,True,0,Near Medical Store (pin is a guess near this landmark),Promoted to nearest un-repelled landmark POI 'Medical Store',landmark_poi_fallback,0.0,gali 12,Shivaji Nagar,970202,0.0,970202,Shivaji Nagar
AD002434,AC001886,T1,-2750.1,1316.1,baseline_coarse,True,0,,Coarse baseline locality/ward centroid,baseline_coarse,0.0,5th cross; 4th main,Vinayaka Nagar,960104,0.0,960104,Vinayaka Nagar
AD002435,AC001886,T1,1982.8,-1241.6,landmark,True,0,Near Hanuman Temple (pin is a guess near this landmark),Promoted to nearest un-repelled landmark POI 'Hanuman Temple',landmark_poi_fallback,0.0,2nd cross; 7th main,Siddeshwara Colony,960102,0.0,960102,Siddeshwara Colony
AD002436,AC001887,T2,574.4,2932.1,baseline_street,True,0,,High-precision baseline geocoder (street),baseline_high_precision,0.0,gali no. 6,Azad Mohalla,970203,0.0,970203,Azad Mohalla
AD002437,AC001887,T2,1440.8,-1984.6,landmark,True,0,Near Church (pin is a guess near this landmark),Promoted to nearest un-repelled landmark POI 'Church',landmark_poi_fallback,0.0,gali no. 6,Patel Nagar,970202,0.0,970202,Patel Nagar
AD002438,AC001888,T1,2843.8,757.1,landmark,True,0,Opposite Ration Shop (pin is a guess near this landmark),Promoted to nearest un-repelled landmark POI 'Ration Shop',landmark_poi_fallback,0.0,,Vidya Nagar,960103,0.0,960103,Vidya Nagar
AD002439,AC001889,T1,2843.8,757.1,landmark,True,0,Behind Ration Shop (pin is a guess near this landmark),Promoted to nearest un-repelled landmark POI 'Ration Shop',landmark_poi_fallback,0.0,,Vidya Nagar,960103,0.0,960103,Vidya Nagar
AD002440,AC001890,T2,1114.2,-1819.0,visits_agree,True,3,Near Ration Shop (about 80 m from pin) | Remark Cue: Behind Ration Ki Dukaan (conf=0.83),Synthesized from 3 verified field visit dwell centroids (visits_agree),field_visit_dwell,0.0,gali no. 11,Krishna Puri,970202,0.83,970202,Krishna Puri
AD002441,AC001890,T2,-465.0,-534.0,visit_1,True,1,,Synthesized from 1 verified field visit dwell centroids (visit_1),field_visit_dwell,0.0,gali 6,Shastri Nagar,970201,0.2,970201,Shastri Nagar
AD002442,AC001891,T1,-2687.3,1245.5,baseline_coarse,True,0,,Coarse baseline locality/ward centroid,baseline_coarse,0.0,3rd cross; 3rd main,Vinayaka Nagar,960104,0.0,960104,Vinayaka Nagar
AD002443,AC001891,OUT,,,unmapped_village,False,0,,Village outside mapped urban town coverage; zero baseline geocode and zero field visits,unmapped_village,0.0,,,991588,0.0,991588,
AD002444,AC001892,T1,-3083.2,1414.7,landmark,True,0,Opposite Community Hall (pin is a guess near this landmark),Promoted to nearest un-repelled landmark POI 'Community Hall',landmark_poi_fallback,0.0,,Vinayaka Nagar,960104,0.0,960104,Vinayaka Nagar
AD002445,AC001893,T3,926.9,-812.3,baseline_coarse,True,0,,Coarse baseline locality/ward centroid,baseline_coarse,0.0,f block; 3rd rd,Teachers Colony,980302,0.0,980302,Teachers Colony
AD002446,AC001893,OUT,,,unmapped_village,False,0,,Village outside mapped urban town coverage; zero baseline geocode and zero field visits,unmapped_village,0.0,,,998266,0.0,998266,
AD002447,AC001894,T3,699.4,-912.4,baseline_coarse,True,0,,Coarse baseline locality/ward centroid,baseline_coarse,0.0,,Teachers Colony,980302,0.0,980302,Teachers Colony
AD002448,AC001894,T3,3754.4,498.4,cross_account_street,True,0,,Coarse baseline locality/ward centroid,baseline_coarse,0.0,2nd road,Lakeview Phase 2,980303,0.0,980303,Lakeview Phase 2
AD002449,AC001895,T2,2083.6,1623.1,landmark,True,0,Near Community Hall (pin is a guess near this landmark),Promoted to nearest un-repelled landmark POI 'Community Hall',landmark_poi_fallback,0.0,,Ram Nagar,970203,0.0,970203,Ram Nagar
AD002450,AC001895,T2,1124.4,-231.7,baseline_street,True,0,Near Park (about 120 m from pin),High-precision baseline geocoder (street),baseline_high_precision,0.0,222 gali,Indira Colony,,0.0,,Indira Colony
AD002451,AC001896,T1,-1298.8,259.0,baseline_coarse,True,0,,Coarse baseline locality/ward centroid,baseline_coarse,0.0,12th cross; 4th main,Ashoka Layout,960104,0.0,960104,Ashoka Layout
AD002452,AC001896,T1,-1278.7,-3243.6,baseline_coarse,True,0,,Coarse baseline locality/ward centroid,baseline_coarse,0.0,3rd cross; 1st main,Basava Nagar,960101,0.0,960101,Basava Nagar
AD002453,AC001897,T2,1373.7,-1855.5,visit_1,True,1,,Synthesized from 1 verified field visit dwell centroids (visit_1),field_visit_dwell,0.0,,Patel Nagar,970202,0.2,970202,Patel Nagar
AD002454,AC001898,T3,-2201.3,1392.4,landmark,True,0,Near Community Hall (pin is a guess near this landmark),Promoted to nearest un-repelled landmark POI 'Community Hall',landmark_poi_fallback,0.0,,Railway Colony,980304,0.0,980304,Railway Colony
AD002455,AC001898,OUT,,,unmapped_village,False,0,,Village outside mapped urban town coverage; zero baseline geocode and zero field visits,unmapped_village,0.0,,,995268,0.0,995268,
AD002456,AC001899,T1,2355.2,-1204.1,baseline_street,True,0,,High-precision baseline geocoder (street),baseline_high_precision,0.0,3rd cross; 7th main,Siddeshwara Colony,960102,0.0,960102,Siddeshwara Colony
AD002457,AC001900,T1,2446.7,-1824.5,visits_disagree,True,3,Field Remark: Opposite Ganapathi Temple (conf=0.85),Synthesized from 3 verified field visit dwell centroids (visits_disagree),field_visit_dwell,0.0,10th cross; 2nd main,,960101,0.85,960101,
AD002458,AC001901,T2,1029.8,-3120.0,visits_disagree,True,3,Near Hanuman Temple (about 30 m from pin),Synthesized from 3 verified field visit dwell centroids (visits_disagree),field_visit_dwell,0.0,gali no. 4,Shivaji Nagar,970202,0.2,970202,Shivaji Nagar
AD002459,AC001902,T2,1662.0,-2149.6,visits_agree,True,3,Field Remark: Opposite Medical Store (conf=0.85),Synthesized from 3 verified field visit dwell centroids (visits_agree),field_visit_dwell,0.0,gali 5,Patel Nagar,970202,0.85,970202,Patel Nagar
AD002460,AC001902,OUT,,,unmapped_village,False,0,,Village outside mapped urban town coverage; zero baseline geocode and zero field visits,unmapped_village,0.0,,,993334,0.0,993334,
AD002461,AC001903,T1,2481.5,-2348.5,visit_1,True,1,Near Masjid (about 160 m from pin) | Remark Cue: Near Masidi (conf=0.82),Synthesized from 1 verified field visit dwell centroids (visit_1),field_visit_dwell,0.0,3rd cross; 2nd main,,960102,0.819,960102,
AD002462,AC001904,T1,2463.1,-2441.7,visit_1,True,1,Near Masjid (about 150 m from pin),Synthesized from 1 verified field visit dwell centroids (visit_1),field_visit_dwell,0.0,,Nehru Colony,960102,0.2,960102,Nehru Colony
AD002463,AC001905,T2,708.4,-3319.2,landmark,True,0,Near Bus Stop (pin is a guess near this landmark),Promoted to nearest un-repelled landmark POI 'Bus Stop',landmark_poi_fallback,0.0,gali no. 1,Shivaji Nagar,970202,0.0,970202,Shivaji Nagar
AD002464,AC001906,T2,3192.8,669.8,baseline_coarse,True,0,,Coarse baseline locality/ward centroid,baseline_coarse,0.0,gali 2,,970202,0.0,970202,
AD002465,AC001906,T2,2086.3,2116.8,baseline_coarse,True,0,,Coarse baseline locality/ward centroid,baseline_coarse,0.0,,,970203,0.0,970203,
AD002466,AC001907,T2,1858.4,-2104.5,visits_disagree,True,9,Field Remark: Opposite Medical Store (conf=0.85),Synthesized from 9 verified field visit dwell centroids (visits_disagree),field_visit_dwell,0.0,,Patel Nagar,970202,0.85,970202,Patel Nagar
AD002467,AC001908,T3,2972.7,-2040.1,visit_1,True,1,,Synthesized from 1 verified field visit dwell centroids (visit_1),field_visit_dwell,0.0,,Palm Meadows,980302,0.2,980302,Palm Meadows
AD002468,AC001909,T1,-3071.2,1473.5,visits_disagree,True,4,Field Remark: Opposite Samudaya Bhavana (conf=0.85),Synthesized from 4 verified field visit dwell centroids (visits_disagree),field_visit_dwell,0.0,11th cross; 3rd main,Vinayaka Nagar,960104,0.85,960104,Vinayaka Nagar
AD002469,AC001910,T3,-402.8,3230.6,landmark,True,0,Near Water Tank (pin is a guess near this landmark),Promoted to nearest un-repelled landmark POI 'Water Tank',landmark_poi_fallback,0.0,4th rd,Sunrise Enclave,980304,0.0,980304,Sunrise Enclave
AD002470,AC001911,T2,2661.9,-1811.1,landmark,True,0,Near Ration Shop (pin is a guess near this landmark),Promoted to nearest un-repelled landmark POI 'Ration Shop',landmark_poi_fallback,0.0,gali 3,Krishna Puri,970202,0.0,970202,Krishna Puri
AD002471,AC001912,T3,3421.4,-2357.5,visits_agree,True,3,Field Remark: Near Park (conf=0.82),Synthesized from 3 verified field visit dwell centroids (visits_agree),field_visit_dwell,0.0,,Palm Meadows,980302,0.819,980302,Palm Meadows
AD002472,AC001913,T3,-3355.4,-1017.5,baseline_street,True,0,,High-precision baseline geocoder (street),baseline_high_precision,0.0,f block; 4th road,Green Park Layout,980301,0.0,980301,Green Park Layout
AD002473,AC001914,T2,1673.9,-2049.5,baseline_coarse,True,0,,Coarse baseline locality/ward centroid,baseline_coarse,0.0,407 gali,Patel Nagar,970202,0.0,970202,Patel Nagar
AD002474,AC001915,T2,2801.5,837.3,visit_1,True,1,Opposite Water Tank (about 80 m from pin) | Remark Cue: Beside Tanki (conf=0.83),Synthesized from 1 verified field visit dwell centroids (visit_1),field_visit_dwell,0.0,gali no. 11,Nehru Colony,,0.832,,Nehru Colony
AD002475,AC001916,T2,1053.7,1235.7,baseline_coarse,True,0,,Coarse baseline locality/ward centroid,baseline_coarse,0.0,,,970201,0.0,970201,
AD002476,AC001916,T2,1388.1,1115.9,landmark,True,0,Near Bus Stop (pin is a guess near this landmark),Promoted to nearest un-repelled landmark POI 'Bus Stop',landmark_poi_fallback,0.0,381 gali,Gandhi Basti,970203,0.0,970203,Gandhi Basti
AD002477,AC001917,T3,-2418.0,1582.2,baseline_coarse,True,0,,Coarse baseline locality/ward centroid,baseline_coarse,0.0,,Railway Colony,980304,0.0,980304,Railway Colony
AD002478,AC001917,T3,-877.9,-530.2,baseline_street,True,0,Near Post Office (about 130 m from pin),High-precision baseline geocoder (street),baseline_high_precision,0.0,,HMT Colony,980301,0.0,980301,HMT Colony
AD002479,AC001918,T1,2845.6,-2186.0,visit_1,True,1,Near Medical Store (about 90 m from pin),Synthesized from 1 verified field visit dwell centroids (visit_1),field_visit_dwell,0.0,7th cross; 5th main,Nehru Colony,960102,0.2,960102,Nehru Colony
AD002480,AC001919,T2,1658.7,-2070.5,visit_1,True,1,Field Remark: Near Girja Ghar (conf=0.82),Synthesized from 1 verified field visit dwell centroids (visit_1),field_visit_dwell,0.0,gali no. 6,Patel Nagar,970202,0.819,970202,Patel Nagar
AD002481,AC001920,T3,968.5,-854.7,baseline_coarse,True,0,,Coarse baseline locality/ward centroid,baseline_coarse,0.0,,Teachers Colony,980302,0.0,980302,Teachers Colony
AD002482,AC001920,T3,5.2,-306.6,baseline_coarse,True,0,,Coarse baseline locality/ward centroid,baseline_coarse,0.0,,,,0.0,,
AD002483,AC001921,T2,797.0,-2787.3,visits_disagree,True,4,Behind Community Hall (about 60 m from pin) | Remark Cue: Opposite Community Hall (conf=0.85),Synthesized from 4 verified field visit dwell centroids (visits_disagree),field_visit_dwell,0.0,,Shivaji Nagar,970202,0.83,970202,Shivaji Nagar
AD002484,AC001922,T1,2869.9,-2197.6,baseline_coarse,True,0,,Coarse baseline locality/ward centroid,baseline_coarse,0.0,9th cross; 3rd main,Nehru Colony,960102,0.0,960102,Nehru Colony
AD002485,AC001923,T3,-2681.7,-136.4,visits_agree,True,3,,Synthesized from 3 verified field visit dwell centroids (visits_agree),field_visit_dwell,0.0,,,980301,0.2,980301,
AD002486,AC001924,T3,3395.3,-1949.4,baseline_coarse,True,0,,Coarse baseline locality/ward centroid,baseline_coarse,0.0,,Palm Meadows,,0.0,,Palm Meadows
AD002487,AC001925,T2,1170.8,2770.1,visit_1,True,1,,Synthesized from 1 verified field visit dwell centroids (visit_1),field_visit_dwell,0.0,gali no. 9,Azad Mohalla,970203,0.2,970203,Azad Mohalla
AD002488,AC001925,T2,1002.2,-354.3,visits_agree,True,2,Field Remark: Beside Bagicha (conf=0.83),Synthesized from 2 verified field visit dwell centroids (visits_agree),field_visit_dwell,0.0,gali 2,Indira Colony,970202,0.832,970202,Indira Colony
AD002489,AC001926,T2,-379.5,-385.0,visits_disagree,True,3,Near Milk Dairy (about 150 m from pin),Synthesized from 3 verified field visit dwell centroids (visits_disagree),field_visit_dwell,0.0,gali 8,Shastri Nagar,970201,0.2,970201,Shastri Nagar
AD002490,AC001927,T1,-839.9,-1408.2,visits_agree,True,4,,Synthesized from 4 verified field visit dwell centroids (visits_agree),field_visit_dwell,0.0,,Hosa Badavane,960101,0.2,960101,Hosa Badavane
AD002491,AC001927,T1,-113.2,2612.6,baseline_street,True,0,,High-precision baseline geocoder (street),baseline_high_precision,0.0,11th cross; 1st main,Anjaneya Badavane,960103,0.0,960103,Anjaneya Badavane
AD002492,AC001928,T2,-1041.1,-304.5,visit_1,True,1,Field Remark: Near Sarkari School (conf=0.80),Synthesized from 1 verified field visit dwell centroids (visit_1),field_visit_dwell,0.0,,Shastri Nagar,,0.795,,Shastri Nagar
AD002493,AC001929,T3,-2505.6,-92.4,landmark,True,0,Near Govt School (pin is a guess near this landmark),Promoted to nearest un-repelled landmark POI 'Govt School',landmark_poi_fallback,0.0,,Silver Oak Layout,,0.0,,Silver Oak Layout
AD002494,AC001930,T1,-721.6,-1133.3,visits_agree,True,4,,Synthesized from 4 verified field visit dwell centroids (visits_agree),field_visit_dwell,0.0,11th cross; 3rd main,Hosa Badavane,960101,0.2,960101,Hosa Badavane
AD002495,AC001931,T1,-1911.2,-2128.2,baseline_coarse,True,0,,Coarse baseline locality/ward centroid,baseline_coarse,0.0,3rd main,,960101,0.0,960101,
AD002496,AC001931,T1,-1114.9,-3404.5,landmark,True,0,Near Govt School (pin is a guess near this landmark),Promoted to nearest un-repelled landmark POI 'Govt School',landmark_poi_fallback,0.0,5th main,Basava Nagar,,0.0,,Basava Nagar
AD002497,AC001932,T3,-791.9,-718.7,landmark,True,0,Near Milk Dairy (pin is a guess near this landmark),Promoted to nearest un-repelled landmark POI 'Milk Dairy',landmark_poi_fallback,0.0,,HMT Colony,980301,0.0,980301,HMT Colony
AD002498,AC001932,T3,1205.6,-3827.8,baseline_coarse,True,0,,Coarse baseline locality/ward centroid,baseline_coarse,0.0,5th road,,980304,0.0,980304,
AD002499,AC001933,T2,852.2,2777.1,visits_agree,True,5,Near Govt School (about 200 m from pin) | Remark Cue: Beside Sarkari School (conf=0.83),Synthesized from 5 verified field visit dwell centroids (visits_agree),field_visit_dwell,0.0,,Azad Mohalla,970203,0.832,970203,Azad Mohalla
AD002500,AC001934,T3,1024.9,1623.8,baseline_street,True,0,,High-precision baseline geocoder (street),baseline_high_precision,0.0,,Royal Gardens,980303,0.0,980303,Royal Gardens
AD002501,AC001935,T2,632.7,3037.8,visit_1,True,1,,Synthesized from 1 verified field visit dwell centroids (visit_1),field_visit_dwell,0.0,,Azad Mohalla,970203,0.2,970203,Azad Mohalla
AD002502,AC001936,T1,923.1,-3421.1,visit_1,True,1,,Synthesized from 1 verified field visit dwell centroids (visit_1),field_visit_dwell,0.0,1st cross; 6th main,Gandhi Nagar,960102,0.2,960102,Gandhi Nagar
AD002503,AC001936,OUT,,,unmapped_village,False,0,,Village outside mapped urban town coverage; zero baseline geocode and zero field visits,unmapped_village,0.0,,,996737,0.0,996737,
AD002504,AC001937,T3,-2284.9,1299.7,visits_agree,True,4,Near Community Hall (about 120 m from pin),Synthesized from 4 verified field visit dwell centroids (visits_agree),field_visit_dwell,0.0,c block,Railway Colony,980340,0.2,980340,Railway Colony
AD002505,AC001938,T1,2946.1,-2643.5,visits_agree,True,2,,Synthesized from 2 verified field visit dwell centroids (visits_agree),field_visit_dwell,0.0,2nd cross,Nehru Colony,960102,0.2,960102,Nehru Colony
AD002506,AC001939,T3,868.1,-869.3,visit_1,True,1,,Synthesized from 1 verified field visit dwell centroids (visit_1),field_visit_dwell,0.0,,Teachers Colony,980302,0.2,980302,Teachers Colony
AD002507,AC001939,OUT,,,unmapped_village,False,0,,Village outside mapped urban town coverage; zero baseline geocode and zero field visits,unmapped_village,0.0,,,996459,0.0,996459,
AD002508,AC001940,T1,271.0,2306.3,baseline_coarse,True,0,,Coarse baseline locality/ward centroid,baseline_coarse,0.0,8th cross; 3rd main,Hosa Badavane,960101,0.0,960101,Hosa Badavane
AD002509,AC001941,T3,-2426.2,-620.5,visits_agree,True,7,Near Masjid (about 90 m from pin) | Remark Cue: Near Masidi (conf=0.82),Synthesized from 7 verified field visit dwell centroids (visits_agree),field_visit_dwell,0.0,,Silver Oak Layout,980301,0.819,980301,Silver Oak Layout
AD002510,AC001942,T1,-2781.5,1580.8,visit_1,True,1,,Synthesized from 1 verified field visit dwell centroids (visit_1),field_visit_dwell,0.0,11th cross; 6th main,Kalyana Nagar,960104,0.2,960104,Kalyana Nagar
AD002511,AC001943,T3,1950.8,-2070.4,baseline_coarse,True,0,,Coarse baseline locality/ward centroid,baseline_coarse,0.0,d block; 5th road,,980302,0.0,980302,
AD002512,AC001943,T3,3742.2,532.5,baseline_coarse,True,0,,Coarse baseline locality/ward centroid,baseline_coarse,0.0,,Lakeview Phase 2,980303,0.0,980303,Lakeview Phase 2
AD002513,AC001944,T3,-762.6,-387.1,visits_agree,True,2,Field Remark: Beside Dak Ghar (conf=0.83),Synthesized from 2 verified field visit dwell centroids (visits_agree),field_visit_dwell,0.0,,HMT Colony,980301,0.832,980301,HMT Colony
AD002514,AC001945,T1,747.6,-3290.5,visits_disagree,True,3,,Synthesized from 3 verified field visit dwell centroids (visits_disagree),field_visit_dwell,0.0,3rd cross; 4th main,,960102,0.2,960102,
AD002515,AC001945,T1,1805.0,-710.3,visits_agree,True,2,,Synthesized from 2 verified field visit dwell centroids (visits_agree),field_visit_dwell,0.0,,Siddeshwara Colony,960102,0.2,960102,Siddeshwara Colony
AD002516,AC001946,T2,492.6,2650.8,landmark,True,0,Near Community Hall (pin is a guess near this landmark),Promoted to nearest un-repelled landmark POI 'Community Hall',landmark_poi_fallback,0.0,gali no. 5,Azad Mohalla,970203,0.0,970203,Azad Mohalla
AD002517,AC001946,T2,984.3,1423.0,baseline_coarse,True,0,,Coarse baseline locality/ward centroid,baseline_coarse,0.0,,Gandhi Basti,970203,0.0,970203,Gandhi Basti
AD002518,AC001947,T3,-481.5,-3675.9,cross_account_street,True,0,,Coarse baseline locality/ward centroid,baseline_coarse,0.0,b block; 6th road,Orchid Enclave,980301,0.0,980301,Orchid Enclave
AD002519,AC001947,T3,-245.6,2878.9,visit_1,True,1,,Synthesized from 1 verified field visit dwell centroids (visit_1),field_visit_dwell,0.0,,Sunrise Enclave,980304,0.2,980304,Sunrise Enclave
AD002520,AC001948,T3,622.9,-860.8,visits_agree,True,2,,Synthesized from 2 verified field visit dwell centroids (visits_agree),field_visit_dwell,0.0,,Teachers Colony,980302,0.2,980302,Teachers Colony
AD002521,AC001949,T2,1578.8,-2387.7,visits_agree,True,5,,Synthesized from 5 verified field visit dwell centroids (visits_agree),field_visit_dwell,0.0,,Patel Nagar,970202,0.2,970202,Patel Nagar
AD002522,AC001950,T3,-2323.0,-92.2,visit_1,True,1,Near Govt School (about 180 m from pin) | Remark Cue: Near Sarkari Shaale (conf=0.82),Synthesized from 1 verified field visit dwell centroids (visit_1),field_visit_dwell,0.0,f block; 4th rd,Silver Oak Layout,980301,0.819,980301,Silver Oak Layout
AD002523,AC001951,T3,3101.5,-2232.5,baseline_coarse,True,0,,Coarse baseline locality/ward centroid,baseline_coarse,0.0,,Palm Meadows,980302,0.0,980302,Palm Meadows
AD002524,AC001952,T3,626.7,1703.2,baseline_coarse,True,0,,Coarse baseline locality/ward centroid,baseline_coarse,0.0,d block; 3rd rd,Royal Gardens,980303,0.0,980303,Royal Gardens
AD002525,AC001953,T2,1084.4,3001.3,visit_1,True,1,,Synthesized from 1 verified field visit dwell centroids (visit_1),field_visit_dwell,0.0,,Azad Mohalla,970203,0.2,970203,Azad Mohalla
AD002526,AC001954,T2,1401.7,-2117.6,visits_agree,True,2,Near Milk Dairy (about 150 m from pin),Synthesized from 2 verified field visit dwell centroids (visits_agree),field_visit_dwell,0.0,gali 6,Patel Nagar,970202,0.2,970202,Patel Nagar
AD002527,AC001954,T2,943.4,2702.4,baseline_coarse,True,0,,Coarse baseline locality/ward centroid,baseline_coarse,0.0,,Azad Mohalla,970203,0.0,970203,Azad Mohalla
AD002528,AC001955,T3,-3004.8,-622.0,visit_1,True,1,,Synthesized from 1 verified field visit dwell centroids (visit_1),field_visit_dwell,0.0,a block; 2nd rd,Silver Oak Layout,,0.2,,Silver Oak Layout
AD002529,AC001956,T3,2028.4,933.3,baseline_coarse,True,0,,Coarse baseline locality/ward centroid,baseline_coarse,0.0,,,980303,0.0,980303,
AD002530,AC001957,T1,2877.4,-2277.0,visits_agree,True,3,Opposite Hanuman Temple (about 70 m from pin),Synthesized from 3 verified field visit dwell centroids (visits_agree),field_visit_dwell,0.0,6th cross,,960102,0.2,960102,
AD002531,AC001958,T2,1110.1,99.1,visits_disagree,True,5,Field Remark: Beside Girja Ghar (conf=0.81),Synthesized from 5 verified field visit dwell centroids (visits_disagree),field_visit_dwell,0.0,gali no. 9,,970202,0.807,970202,
AD002532,AC001959,T3,-2393.3,1634.0,visits_disagree,True,2,Near Bus Stop (about 90 m from pin) | Remark Cue: Behind Bus Stand (conf=0.83),Synthesized from 2 verified field visit dwell centroids (visits_disagree),field_visit_dwell,0.0,,Railway Colony,980304,0.83,980304,Railway Colony
AD002533,AC001960,T2,923.2,2845.6,baseline_street,True,0,,High-precision baseline geocoder (street),baseline_high_precision,0.0,,Azad Mohalla,970203,0.0,970203,Azad Mohalla
AD002534,AC001960,T2,1014.3,-72.9,cross_account_street,True,0,,Coarse baseline locality/ward centroid,baseline_coarse,0.0,gali no. 5,Indira Colony,970202,0.0,970202,Indira Colony
AD002535,AC001961,T2,2992.5,986.7,visits_agree,True,5,Field Remark: Near Ganesh Mandir (conf=0.82),Synthesized from 5 verified field visit dwell centroids (visits_agree),field_visit_dwell,0.0,,Nehru Colony,970203,0.819,970203,Nehru Colony
AD002536,AC001962,T1,2843.3,705.2,baseline_street,True,0,Opposite Ration Shop (about 50 m from pin),High-precision baseline geocoder (street),baseline_high_precision,0.0,3rd cross; 8th main,,960104,0.0,960104,
AD002537,AC001963,T1,2748.0,-2394.4,visits_disagree,True,3,Field Remark: Opposite Hanuman Temple (conf=0.85),Synthesized from 3 verified field visit dwell centroids (visits_disagree),field_visit_dwell,0.0,5th main,,960102,0.85,960102,
AD002538,AC001963,OUT,,,unmapped_village,False,0,,Village outside mapped urban town coverage; zero baseline geocode and zero field visits,unmapped_village,0.0,,,999894,0.0,999894,
AD002539,AC001964,T1,-2488.6,1258.9,visit_1,True,1,,Synthesized from 1 verified field visit dwell centroids (visit_1),field_visit_dwell,0.0,,Vinayaka Nagar,960104,0.2,960104,Vinayaka Nagar
AD002540,AC001965,T2,2478.4,-1583.8,visits_disagree,True,6,Field Remark: Behind Ration Dukan (conf=0.83),Synthesized from 6 verified field visit dwell centroids (visits_disagree),field_visit_dwell,0.0,,Krishna Puri,970202,0.83,970202,Krishna Puri
AD002541,AC001966,T2,1284.7,155.3,visits_disagree,True,7,Near Hanuman Temple (about 140 m from pin),Synthesized from 7 verified field visit dwell centroids (visits_disagree),field_visit_dwell,0.0,178 gali,Indira Colony,970202,0.2,970202,Indira Colony
AD002542,AC001967,T3,3051.1,-2317.6,landmark,True,0,Near Milk Dairy (pin is a guess near this landmark),Promoted to nearest un-repelled landmark POI 'Milk Dairy',landmark_poi_fallback,0.0,a block; 5th road,Palm Meadows,980302,0.0,980302,Palm Meadows
AD002543,AC001968,T1,-672.6,-1185.8,baseline_coarse,True,0,,Coarse baseline locality/ward centroid,baseline_coarse,0.0,7th cross; 3rd,Hosa Badavane,960101,0.0,960101,Hosa Badavane
AD002544,AC001969,T1,662.7,-2761.4,visits_disagree,True,4,Opposite Ration Shop (pin is at this landmark) | Remark Cue: Behind Pds Shop (conf=0.83),Synthesized from 4 verified field visit dwell centroids (visits_disagree),field_visit_dwell,0.0,,Gandhi Nagar,960102,0.83,960102,Gandhi Nagar
AD002545,AC001969,T1,-2557.1,1436.8,visit_1,True,1,Field Remark: Near Bus Nildana (conf=0.82),Synthesized from 1 verified field visit dwell centroids (visit_1),field_visit_dwell,0.0,7th cross; 8th main,,960104,0.819,960104,
AD002546,AC001970,T3,-2310.3,-425.1,visits_agree,True,2,Opposite Post Office (about 70 m from pin) | Remark Cue: Behind Post Office (conf=0.83),Synthesized from 2 verified field visit dwell centroids (visits_agree),field_visit_dwell,0.0,,Silver Oak Layout,980301,0.83,980301,Silver Oak Layout
AD002547,AC001970,T3,325.7,1309.9,visit_1,True,1,,Synthesized from 1 verified field visit dwell centroids (visit_1),field_visit_dwell,0.0,b block; 2nd road,Royal Gardens,980303,0.2,980303,Royal Gardens
AD002548,AC001971,T1,731.2,-2922.2,visit_1,True,1,Field Remark: Opposite Ganapathi Temple (conf=0.85),Synthesized from 1 verified field visit dwell centroids (visit_1),field_visit_dwell,0.0,8th cross; 4th main,Gandhi Nagar,960102,0.85,960102,Gandhi Nagar
AD002549,AC001972,T3,731.9,-1039.8,landmark,True,0,Near Govt School (pin is a guess near this landmark),Promoted to nearest un-repelled landmark POI 'Govt School',landmark_poi_fallback,0.0,a block; 1st road,Teachers Colony,980302,0.0,980302,Teachers Colony
AD002550,AC001973,T2,2896.8,563.3,visit_1,True,1,,Synthesized from 1 verified field visit dwell centroids (visit_1),field_visit_dwell,0.0,,Nehru Colony,970203,0.2,970203,Nehru Colony
AD002551,AC001974,T3,3448.2,531.6,visits_disagree,True,3,,Synthesized from 3 verified field visit dwell centroids (visits_disagree),field_visit_dwell,0.0,,,980303,0.2,980303,
AD002552,AC001975,T3,-2215.6,1334.3,visits_agree,True,2,Near Masjid (about 190 m from pin),Synthesized from 2 verified field visit dwell centroids (visits_agree),field_visit_dwell,0.0,,,980304,0.2,980304,
AD002553,AC001976,T3,3202.3,-2117.0,baseline_coarse,True,0,,Coarse baseline locality/ward centroid,baseline_coarse,0.0,,Palm Meadows,980302,0.0,980302,Palm Meadows
AD002554,AC001976,OUT,,,unmapped_village,False,0,,Village outside mapped urban town coverage; zero baseline geocode and zero field visits,unmapped_village,0.0,,,996556,0.0,996556,
AD002555,AC001977,T2,2271.6,-1202.3,visits_agree,True,3,Field Remark: Near Barat Ghar (conf=0.80),Synthesized from 3 verified field visit dwell centroids (visits_agree),field_visit_dwell,0.0,13 gali,,970201,0.795,970201,
AD002556,AC001978,T1,-548.4,-1445.6,landmark,True,0,Near Park (pin is a guess near this landmark),Promoted to nearest un-repelled landmark POI 'Park',landmark_poi_fallback,0.0,2nd cross; 1st main,Hosa Badavane,960101,0.0,960101,Hosa Badavane
AD002557,AC001979,T3,1448.4,-3612.2,landmark,True,0,Near Medical Store (pin is a guess near this landmark),Promoted to nearest un-repelled landmark POI 'Medical Store',landmark_poi_fallback,0.0,,Unity Nagar,,0.0,,Unity Nagar
AD002558,AC001980,T1,2403.9,-2167.4,visits_disagree,True,2,Field Remark: Behind Masidi (conf=0.83),Synthesized from 2 verified field visit dwell centroids (visits_disagree),field_visit_dwell,0.0,4th cross; 3rd main,Siddeshwara Colony,960102,0.83,960102,Siddeshwara Colony
AD002559,AC001980,T1,-1827.1,2485.6,baseline_coarse,True,0,,Coarse baseline locality/ward centroid,baseline_coarse,0.0,8th cross; 2nd main,Kalyana Nagar,960104,0.0,960104,Kalyana Nagar
AD002560,AC001981,T2,3212.9,712.1,visit_1,True,1,,Synthesized from 1 verified field visit dwell centroids (visit_1),field_visit_dwell,0.0,,Nehru Colony,970203,0.2,970203,Nehru Colony
AD002561,AC001982,T2,-508.0,1565.4,baseline_street,True,0,Near Petrol Bunk (about 150 m from pin),High-precision baseline geocoder (street),baseline_high_precision,0.0,gali no. 11,Tilak Nagar,970204,0.0,970204,Tilak Nagar
AD002562,AC001983,T3,1266.2,-1062.2,visits_disagree,True,3,,Synthesized from 3 verified field visit dwell centroids (visits_disagree),field_visit_dwell,0.0,,Teachers Colony,,0.2,,Teachers Colony
AD002563,AC001984,T3,-224.8,-3537.3,baseline_street,True,0,,High-precision baseline geocoder (street),baseline_high_precision,0.0,,Orchid Enclave,980301,0.0,980301,Orchid Enclave
AD002564,AC001985,T3,-463.2,2813.9,visits_disagree,True,3,Field Remark: Opposite Church (conf=0.85),Synthesized from 3 verified field visit dwell centroids (visits_disagree),field_visit_dwell,0.0,b block; 6th road,Sunrise Enclave,980304,0.85,980304,Sunrise Enclave
AD002565,AC001986,T1,2639.4,1394.4,baseline_street,True,0,,High-precision baseline geocoder (street),baseline_high_precision,0.0,12th cross; 5th main,Vidya Nagar,960103,0.0,960103,Vidya Nagar
AD002566,AC001987,T3,-2628.9,-96.3,visits_agree,True,8,,Synthesized from 8 verified field visit dwell centroids (visits_agree),field_visit_dwell,0.0,e block; 4th road,Silver Oak Layout,980301,0.2,980301,Silver Oak Layout
AD002567,AC001988,T3,-757.6,-506.3,baseline_coarse,True,0,,Coarse baseline locality/ward centroid,baseline_coarse,0.0,,,980302,0.0,980302,
AD002568,AC001989,T2,3143.8,328.0,visits_agree,True,2,Field Remark: Opposite Community Hall (conf=0.85),Synthesized from 2 verified field visit dwell centroids (visits_agree),field_visit_dwell,0.0,gali 3,Ram Nagar,970203,0.2,970203,Ram Nagar
AD002569,AC001990,T1,562.7,2959.4,visit_1,True,1,Field Remark: Near Church (conf=0.82),Synthesized from 1 verified field visit dwell centroids (visit_1),field_visit_dwell,0.0,6th main,Anjaneya Badavane,960103,0.819,960103,Anjaneya Badavane
AD002570,AC001991,T2,2314.5,1671.1,baseline_coarse,True,0,,Coarse baseline locality/ward centroid,baseline_coarse,0.0,184 gali,Ram Nagar,970203,0.0,970203,Ram Nagar
AD002571,AC001992,T1,-2132.8,-2396.2,visit_1,True,1,,Synthesized from 1 verified field visit dwell centroids (visit_1),field_visit_dwell,0.0,6th cross; 5th main,Shanthi Nagar,960101,0.2,960101,Shanthi Nagar
AD002572,AC001993,T2,1240.7,1472.2,landmark,True,0,Near Medical Store (pin is a guess near this landmark),Promoted to nearest un-repelled landmark POI 'Medical Store',landmark_poi_fallback,0.0,gali no. 6,Gandhi Basti,970203,0.0,970203,Gandhi Basti
AD002573,AC001994,T1,-2766.1,1133.6,baseline_coarse,True,0,,Coarse baseline locality/ward centroid,baseline_coarse,0.0,5th cross; 5th main,Vinayaka Nagar,960104,0.0,960104,Vinayaka Nagar
AD002574,AC001995,T2,1795.3,-2201.6,visits_agree,True,5,Near Medical Store (about 160 m from pin) | Remark Cue: Beside Dawai Ki Dukaan (conf=0.83),Synthesized from 5 verified field visit dwell centroids (visits_agree),field_visit_dwell,0.0,gali no. 4,Patel Nagar,970202,0.832,970202,Patel Nagar
AD002575,AC001996,T2,2577.3,-1320.1,landmark,True,0,Near Water Tank (pin is a guess near this landmark),Promoted to nearest un-repelled landmark POI 'Water Tank',landmark_poi_fallback,0.0,gali no. 7,Krishna Puri,970202,0.0,970202,Krishna Puri
AD002576,AC001997,T2,1446.4,-2346.3,visits_agree,True,6,Field Remark: Near Masjid (conf=0.82),Synthesized from 6 verified field visit dwell centroids (visits_agree),field_visit_dwell,0.0,,Patel Nagar,970202,0.819,970202,Patel Nagar
AD002577,AC001998,T3,-402.8,3230.6,landmark,True,0,Near Water Tank (pin is a guess near this landmark),Promoted to nearest un-repelled landmark POI 'Water Tank',landmark_poi_fallback,0.0,,Sunrise Enclave,980304,0.0,980304,Sunrise Enclave
AD002578,AC001998,T3,-2378.1,1427.1,landmark,True,0,Near Masjid (pin is a guess near this landmark),Promoted to nearest un-repelled landmark POI 'Masjid',landmark_poi_fallback,0.0,,Railway Colony,980304,0.0,980304,Railway Colony
AD002579,AC001999,T1,-2003.6,-2588.5,visits_agree,True,3,,Synthesized from 3 verified field visit dwell centroids (visits_agree),field_visit_dwell,0.0,,Shanthi Nagar,,0.2,,Shanthi Nagar
AD002580,AC002000,T2,-1562.1,-2731.0,baseline_coarse,True,0,,Coarse baseline locality/ward centroid,baseline_coarse,0.0,gali no. 3,Subhash Nagar,970201,0.0,970201,Subhash Nagar
AD002581,AC002001,T3,-472.3,3397.3,baseline_coarse,True,0,,Coarse baseline locality/ward centroid,baseline_coarse,0.0,e block; 4th rd,Sunrise Enclave,980304,0.0,980304,Sunrise Enclave
AD002582,AC002001,T3,-2364.7,1690.3,visit_1,True,1,Field Remark: Near Bus Stop (conf=0.82),Synthesized from 1 verified field visit dwell centroids (visit_1),field_visit_dwell,0.0,,Railway Colony,980304,0.819,980304,Railway Colony
AD002583,AC002002,T2,3403.4,552.1,visits_agree,True,5,,Synthesized from 5 verified field visit dwell centroids (visits_agree),field_visit_dwell,0.0,gali 5,Nehru Colony,,0.425,,Nehru Colony
AD002584,AC002002,T2,2072.1,2097.3,landmark,True,0,Near Govt School (pin is a guess near this landmark),Promoted to nearest un-repelled landmark POI 'Govt School',landmark_poi_fallback,0.0,,Ram Nagar,970203,0.0,970203,Ram Nagar
AD002585,AC002003,T2,2453.4,1323.8,baseline_street,True,0,Behind Ration Shop (about 190 m from pin),High-precision baseline geocoder (street),baseline_high_precision,0.0,gali no. 2,Ram Nagar,970203,0.0,970203,Ram Nagar
AD002586,AC002004,T3,949.6,-740.0,baseline_coarse,True,0,,Coarse baseline locality/ward centroid,baseline_coarse,0.0,,,980303,0.0,980303,
AD002587,AC002004,T3,3237.3,-1897.0,baseline_coarse,True,0,,Coarse baseline locality/ward centroid,baseline_coarse,0.0,b block; 4th road,Palm Meadows,980302,0.0,980302,Palm Meadows
AD002588,AC002005,T2,650.8,-3295.9,visit_1,True,1,Opposite Bus Stop (about 60 m from pin) | Remark Cue: Opposite Bus Adda (conf=0.85),Synthesized from 1 verified field visit dwell centroids (visit_1),field_visit_dwell,0.0,,Shivaji Nagar,970202,0.85,970202,Shivaji Nagar
AD002589,AC002005,OUT,,,unmapped_village,False,0,,Village outside mapped urban town coverage; zero baseline geocode and zero field visits,unmapped_village,0.0,,,993325,0.0,993325,
AD002590,AC002006,T3,-2540.5,-373.6,baseline_coarse,True,0,,Coarse baseline locality/ward centroid,baseline_coarse,0.0,,Silver Oak Layout,980301,0.0,980301,Silver Oak Layout
AD002591,AC002006,T3,-946.0,2804.1,baseline_street,True,0,,High-precision baseline geocoder (street),baseline_high_precision,0.0,,Sunrise Enclave,980304,0.0,980304,Sunrise Enclave
AD002592,AC002007,T3,3851.8,152.7,baseline_coarse,True,0,,Coarse baseline locality/ward centroid,baseline_coarse,0.0,c block; 3rd road,Lakeview Phase 2,980303,0.0,980303,Lakeview Phase 2
AD002593,AC002008,T1,2344.3,1228.2,visits_agree,True,2,,Synthesized from 2 verified field visit dwell centroids (visits_agree),field_visit_dwell,0.0,,Vidya Nagar,960103,0.2,960103,Vidya Nagar
AD002594,AC002009,T3,-1102.5,-1913.9,baseline_coarse,True,0,,Coarse baseline locality/ward centroid,baseline_coarse,0.0,,Defence Colony,980301,0.0,980301,Defence Colony
AD002595,AC002010,T2,-478.1,-544.6,baseline_coarse,True,0,,Coarse baseline locality/ward centroid,baseline_coarse,0.0,,,970203,0.0,970203,
AD002596,AC002011,T3,-789.3,2806.9,visit_1,True,1,Opposite Ration Shop (about 110 m from pin) | Remark Cue: Opposite Ration Dukan (conf=0.85),Synthesized from 1 verified field visit dwell centroids (visit_1),field_visit_dwell,0.0,a block; 2nd rd,Sunrise Enclave,980304,0.85,980304,Sunrise Enclave
AD002597,AC002011,OUT,,,unmapped_village,False,0,,Village outside mapped urban town coverage; zero baseline geocode and zero field visits,unmapped_village,0.0,,,993613,0.0,993613,
AD002598,AC002012,T2,1268.9,-2044.0,landmark,True,0,Behind Milk Dairy (pin is a guess near this landmark),Promoted to nearest un-repelled landmark POI 'Milk Dairy',landmark_poi_fallback,0.0,gali 8,Patel Nagar,970202,0.0,970202,Patel Nagar
AD002599,AC002013,T3,731.9,-1039.8,landmark,True,0,Near Govt School (pin is a guess near this landmark),Promoted to nearest un-repelled landmark POI 'Govt School',landmark_poi_fallback,0.0,4th road,Teachers Colony,980302,0.0,980302,Teachers Colony
AD002600,AC002013,T3,-2847.1,-569.9,landmark,True,0,Opposite Bus Stop (pin is a guess near this landmark),Promoted to nearest un-repelled landmark POI 'Bus Stop',landmark_poi_fallback,0.0,,Silver Oak Layout,980301,0.0,980301,Silver Oak Layout
AD002601,AC002014,T2,1172.7,-79.9,baseline_coarse,True,0,,Coarse baseline locality/ward centroid,baseline_coarse,0.0,,Indira Colony,970202,0.0,970202,Indira Colony
AD002602,AC002015,T2,-919.9,-745.9,baseline_street,True,0,,High-precision baseline geocoder (street),baseline_high_precision,0.0,gali 1,Shastri Nagar,970201,0.0,970201,Shastri Nagar
AD002603,AC002016,T3,3724.9,116.9,visits_agree,True,3,,Synthesized from 3 verified field visit dwell centroids (visits_agree),field_visit_dwell,0.0,,,980303,0.2,980303,
AD002604,AC002016,OUT,,,unmapped_village,False,0,,Village outside mapped urban town coverage; zero baseline geocode and zero field visits,unmapped_village,0.0,,,995473,0.0,995473,
AD002605,AC002017,T3,-3554.4,-943.4,baseline_coarse,True,0,,Coarse baseline locality/ward centroid,baseline_coarse,0.0,,Green Park Layout,980301,0.0,980301,Green Park Layout
AD002606,AC002018,T1,1210.3,-180.3,cross_account_street,True,4,Field Remark: Near Church (conf=0.80),Synthesized from 4 verified field visit dwell centroids (visits_disagree),field_visit_dwell,0.0,6th cross; 5th main,Kuvempu Layout,960102,0.795,960102,Kuvempu Layout
AD002607,AC002019,T1,-1916.0,1020.5,baseline_coarse,True,0,,Coarse baseline locality/ward centroid,baseline_coarse,0.0,,,960104,0.0,960104,
AD002608,AC002019,T1,-493.4,-1259.8,baseline_coarse,True,0,,Coarse baseline locality/ward centroid,baseline_coarse,0.0,,,960104,0.0,960104,
AD002609,AC002020,T3,1011.0,-483.3,visits_agree,True,2,Field Remark: Near Masjid (conf=0.82),Synthesized from 2 verified field visit dwell centroids (visits_agree),field_visit_dwell,0.0,,,980302,0.819,980302,
AD002610,AC002020,T3,3399.1,-2220.0,baseline_street,True,0,Near Park (about 170 m from pin),High-precision baseline geocoder (street),baseline_high_precision,0.0,,,980303,0.0,980303,
AD002611,AC002021,T2,126.5,1694.7,landmark,True,0,Near Water Tank (pin is a guess near this landmark),Promoted to nearest un-repelled landmark POI 'Water Tank',landmark_poi_fallback,0.0,,,970204,0.0,970204,
AD002612,AC002022,T1,-1082.4,-3038.7,baseline_coarse,True,0,,Coarse baseline locality/ward centroid,baseline_coarse,0.0,7th cross,Basava Nagar,960101,0.0,960101,Basava Nagar
AD002613,AC002023,T2,727.8,-3428.2,visit_1,True,1,,Synthesized from 1 verified field visit dwell centroids (visit_1),field_visit_dwell,0.0,gali no. 1,Shivaji Nagar,970202,0.2,970202,Shivaji Nagar
AD002614,AC002024,T3,665.2,-819.1,visits_agree,True,4,Near Bus Stop (about 90 m from pin) | Remark Cue: Near Bus Nildana (conf=0.82),Synthesized from 4 verified field visit dwell centroids (visits_agree),field_visit_dwell,0.0,d block; 4th road,Teachers Colony,980302,0.819,980302,Teachers Colony
AD002615,AC002025,T3,1157.3,-3636.6,landmark,True,0,Near Water Tank (pin is a guess near this landmark),Promoted to nearest un-repelled landmark POI 'Water Tank',landmark_poi_fallback,0.0,e block; 3rd road,Unity Nagar,980302,0.0,980302,Unity Nagar
AD002616,AC002026,T1,-563.2,-1389.8,landmark,True,0,Opposite Church (pin is a guess near this landmark),Promoted to nearest un-repelled landmark POI 'Church',landmark_poi_fallback,0.0,5th cross; 5th main,Hosa Badavane,960101,0.0,960101,Hosa Badavane
AD002617,AC002027,T3,-2497.4,1038.2,visits_disagree,True,2,Field Remark: Behind Community Hall (conf=0.83),Synthesized from 2 verified field visit dwell centroids (visits_disagree),field_visit_dwell,0.0,,Railway Colony,980304,0.83,980304,Railway Colony
AD002618,AC002028,T2,2906.2,-1243.7,visit_1,True,1,Field Remark: Near Ganesh Mandir (conf=0.80),Synthesized from 1 verified field visit dwell centroids (visit_1),field_visit_dwell,0.0,380 gali,Krishna Puri,970202,0.795,970202,Krishna Puri
AD002619,AC002029,T2,1031.9,1274.6,baseline_coarse,True,0,,Coarse baseline locality/ward centroid,baseline_coarse,0.0,,Gandhi Basti,970203,0.0,970203,Gandhi Basti
AD002620,AC002030,T3,-705.3,-705.6,baseline_coarse,True,0,,Coarse baseline locality/ward centroid,baseline_coarse,0.0,c block; 5th rd,,980302,0.0,980302,
AD002621,AC002031,T1,834.0,-3139.7,cross_account_street,True,7,,Synthesized from 7 verified field visit dwell centroids (visits_disagree),field_visit_dwell,0.0,5th cross; 5th main,Gandhi Nagar,960102,0.2,960102,Gandhi Nagar
AD002622,AC002032,T2,-651.2,-773.0,landmark,True,0,Near Masjid (pin is a guess near this landmark),Promoted to nearest un-repelled landmark POI 'Masjid',landmark_poi_fallback,0.0,,Shastri Nagar,,0.0,,Shastri Nagar
AD002623,AC002033,T1,2907.9,-1794.7,visits_agree,True,3,,Synthesized from 3 verified field visit dwell centroids (visits_agree),field_visit_dwell,0.0,12th cross; 4th main,,960102,0.425,960102,
AD002624,AC002034,T1,527.5,-3473.8,visits_disagree,True,5,,Synthesized from 5 verified field visit dwell centroids (visits_disagree),field_visit_dwell,0.0,1st cross,Gandhi Nagar,960102,0.2,960102,Gandhi Nagar
AD002625,AC002034,OUT,,,unmapped_village,False,0,,Village outside mapped urban town coverage; zero baseline geocode and zero field visits,unmapped_village,0.0,,,991107,0.0,991107,
AD002626,AC002035,T2,3134.8,462.2,visits_agree,True,7,,Synthesized from 7 verified field visit dwell centroids (visits_agree),field_visit_dwell,0.0,,Nehru Colony,970203,0.2,970203,Nehru Colony
AD002627,AC002036,T3,395.1,-103.4,baseline_coarse,True,0,,Coarse baseline locality/ward centroid,baseline_coarse,0.0,3rd rd,,,0.0,,
AD002628,AC002037,T2,729.5,-2968.7,baseline_coarse,True,0,,Coarse baseline locality/ward centroid,baseline_coarse,0.0,,Shivaji Nagar,970202,0.0,970202,Shivaji Nagar
AD002629,AC002038,T3,877.2,-3615.8,landmark,True,0,Near Hanuman Temple (pin is a guess near this landmark),Promoted to nearest un-repelled landmark POI 'Hanuman Temple',landmark_poi_fallback,0.0,,Unity Nagar,980302,0.0,980302,Unity Nagar
AD002630,AC002038,OUT,,,unmapped_village,False,0,,Village outside mapped urban town coverage; zero baseline geocode and zero field visits,unmapped_village,0.0,,,999818,0.0,999818,
AD002631,AC002039,T1,425.3,-3107.3,baseline_street,True,0,Near Water Tank (about 90 m from pin),High-precision baseline geocoder (street),baseline_high_precision,0.0,7th cross; 1st main,Gandhi Nagar,960102,0.0,960102,Gandhi Nagar
AD002632,AC002040,T3,715.5,-1198.5,visits_agree,True,2,Field Remark: Behind Ration Ki Dukaan (conf=0.83),Synthesized from 2 verified field visit dwell centroids (visits_agree),field_visit_dwell,0.0,,Teachers Colony,980302,0.83,980302,Teachers Colony
AD002633,AC002041,T2,3177.8,730.1,visits_agree,True,5,,Synthesized from 5 verified field visit dwell centroids (visits_agree),field_visit_dwell,0.0,gali no. 8,Nehru Colony,970203,0.2,970203,Nehru Colony
AD002634,AC002041,T2,285.3,-3383.3,visit_1,True,1,,Synthesized from 1 verified field visit dwell centroids (visit_1),field_visit_dwell,0.0,gali no. 3,Shivaji Nagar,970202,0.2,970202,Shivaji Nagar
AD002635,AC002042,T3,3246.3,-2177.9,visits_disagree,True,6,Field Remark: Behind Neerina Tank (conf=0.83),Synthesized from 6 verified field visit dwell centroids (visits_disagree),field_visit_dwell,0.0,,Palm Meadows,,0.83,,Palm Meadows
AD002636,AC002042,T3,-2397.3,1687.6,visit_1,True,1,Near Bus Stop (about 120 m from pin) | Remark Cue: Behind Bus Stop (conf=0.83),Synthesized from 1 verified field visit dwell centroids (visit_1),field_visit_dwell,0.0,e block; 3rd road,Railway Colony,980304,0.83,980304,Railway Colony
AD002637,AC002043,T1,-1092.5,-3245.4,visits_disagree,True,3,,Synthesized from 3 verified field visit dwell centroids (visits_disagree),field_visit_dwell,0.0,5th cross; 4th main,Basava Nagar,960101,0.2,960101,Basava Nagar
AD002638,AC002044,T2,2460.1,-1195.4,baseline_coarse,True,0,,Coarse baseline locality/ward centroid,baseline_coarse,0.0,gali no. 2,Krishna Puri,970202,0.0,970202,Krishna Puri
AD002639,AC002044,T2,986.3,3042.7,cross_account_street,True,0,,Coarse baseline locality/ward centroid,baseline_coarse,0.0,gali 11,Azad Mohalla,970203,0.0,970203,Azad Mohalla
AD002640,AC002045,T1,566.8,-2961.3,baseline_street,True,0,Opposite Bus Stop (about 30 m from pin),High-precision baseline geocoder (street),baseline_high_precision,0.0,8th cross; 3rd main,Gandhi Nagar,960102,0.0,960102,Gandhi Nagar
AD002641,AC002046,T1,-2819.7,847.0,visits_disagree,True,3,Near Post Office (about 50 m from pin) | Remark Cue: Opposite Post Office (conf=0.85),Synthesized from 3 verified field visit dwell centroids (visits_disagree),field_visit_dwell,0.0,2nd cross; 4th main,Vinayaka Nagar,960104,0.83,960104,Vinayaka Nagar
AD002642,AC002047,T2,2744.1,-1552.3,baseline_street,True,0,,High-precision baseline geocoder (street),baseline_high_precision,0.0,gali 4,Krishna Puri,970202,0.0,970202,Krishna Puri
AD002643,AC002048,T3,-1102.7,-2213.9,landmark,True,0,Near Milk Dairy (pin is a guess near this landmark),Promoted to nearest un-repelled landmark POI 'Milk Dairy',landmark_poi_fallback,0.0,2nd road,Defence Colony,980301,0.0,980301,Defence Colony
AD002644,AC002048,OUT,,,unmapped_village,False,0,,Village outside mapped urban town coverage; zero baseline geocode and zero field visits,unmapped_village,0.0,,,991842,0.0,991842,
AD002645,AC002049,T1,2832.3,1019.1,visits_agree,True,2,,Synthesized from 2 verified field visit dwell centroids (visits_agree),field_visit_dwell,0.0,,Vidya Nagar,960103,0.2,960103,Vidya Nagar
AD002646,AC002049,OUT,,,unmapped_village,False,0,,Village outside mapped urban town coverage; zero baseline geocode and zero field visits,unmapped_village,0.0,,,992449,0.0,992449,
AD002647,AC002050,T3,1650.6,-2080.7,baseline_coarse,True,0,,Coarse baseline locality/ward centroid,baseline_coarse,0.0,,,980302,0.0,980302,
AD002648,AC002051,T3,3208.9,-1986.1,baseline_coarse,True,0,,Coarse baseline locality/ward centroid,baseline_coarse,0.0,,Palm Meadows,980302,0.0,980302,Palm Meadows
AD002649,AC002051,T3,-661.1,3190.5,landmark,True,0,Near Community Hall (pin is a guess near this landmark),Promoted to nearest un-repelled landmark POI 'Community Hall',landmark_poi_fallback,0.0,,Sunrise Enclave,980304,0.0,980304,Sunrise Enclave
AD002650,AC002052,T2,1751.2,-1671.5,visits_agree,True,3,,Synthesized from 3 verified field visit dwell centroids (visits_agree),field_visit_dwell,0.0,gali 11,Patel Nagar,970202,0.2,970202,Patel Nagar
AD002651,AC002053,T3,-720.2,2971.9,landmark,True,0,Near Church (pin is a guess near this landmark),Promoted to nearest un-repelled landmark POI 'Church',landmark_poi_fallback,0.01,,Sunrise Enclave,980304,0.0,980304,Sunrise Enclave
AD002652,AC002053,T3,-998.8,-802.5,visits_agree,True,2,,Synthesized from 2 verified field visit dwell centroids (visits_agree),field_visit_dwell,0.0,a block; 3rd road,HMT Colony,980301,0.2,980301,HMT Colony
AD002653,AC002054,T2,527.6,1498.2,baseline_street,True,0,Behind Post Office (about 160 m from pin),High-precision baseline geocoder (street),baseline_high_precision,0.0,,Gandhi Basti,,0.0,,Gandhi Basti
AD002654,AC002055,T3,3818.0,198.6,visit_1,True,1,,Synthesized from 1 verified field visit dwell centroids (visit_1),field_visit_dwell,0.0,5th road,Lakeview Phase 2,980303,0.2,980303,Lakeview Phase 2
AD002655,AC002056,T3,-2986.9,22.9,visits_agree,True,3,Near Water Tank (about 100 m from pin),Synthesized from 3 verified field visit dwell centroids (visits_agree),field_visit_dwell,0.0,,Silver Oak Layout,980301,0.2,980301,Silver Oak Layout
AD002656,AC002057,T3,-2309.7,2065.2,visit_1,True,1,Field Remark: Behind Petrol Pump (conf=0.80),Synthesized from 1 verified field visit dwell centroids (visit_1),field_visit_dwell,0.0,6th rd,Railway Colony,980304,0.795,980304,Railway Colony
AD002657,AC002058,T2,1421.0,-2053.7,baseline_coarse,True,0,,Coarse baseline locality/ward centroid,baseline_coarse,0.0,gali 1,Patel Nagar,970202,0.0,970202,Patel Nagar
AD002658,AC002059,T3,-1156.0,-798.4,baseline_street,True,0,,High-precision baseline geocoder (street),baseline_high_precision,0.0,,HMT Colony,980301,0.0,980301,HMT Colony
AD002659,AC002060,T3,-813.6,-745.8,baseline_coarse,True,0,,Coarse baseline locality/ward centroid,baseline_coarse,0.0,e block; 6th road,HMT Colony,980301,0.0,980301,HMT Colony
AD002660,AC002061,T1,-2350.3,-2317.5,landmark,True,0,Near Water Tank (pin is a guess near this landmark),Promoted to nearest un-repelled landmark POI 'Water Tank',landmark_poi_fallback,0.0,12th cross; 2nd main,Shanthi Nagar,960101,0.0,960101,Shanthi Nagar
AD002661,AC002062,T2,1759.4,-1738.4,visits_agree,True,9,Field Remark: Beside Ganesh Mandir (conf=0.81),Synthesized from 9 verified field visit dwell centroids (visits_agree),field_visit_dwell,0.0,1 gali,,970202,0.807,970202,
AD002662,AC002063,T3,-3880.3,-979.9,baseline_coarse,True,0,,Coarse baseline locality/ward centroid,baseline_coarse,0.0,,Green Park Layout,980301,0.0,980301,Green Park Layout
AD002663,AC002064,T2,1582.3,-1942.8,visits_disagree,True,4,,Synthesized from 4 verified field visit dwell centroids (visits_disagree),field_visit_dwell,0.0,gali no. 8,Shivaji Nagar,970202,0.2,970202,Shivaji Nagar
AD002664,AC002065,T2,1222.4,-2398.7,visits_disagree,True,5,,Synthesized from 5 verified field visit dwell centroids (visits_disagree),field_visit_dwell,0.0,,Patel Nagar,970202,0.2,970202,Patel Nagar
AD002665,AC002065,T2,-141.3,1123.1,visit_1,True,1,,Synthesized from 1 verified field visit dwell centroids (visit_1),field_visit_dwell,0.0,gali no. 4,Ram Nagar,970203,0.2,970203,Ram Nagar
AD002666,AC002066,T3,-1384.9,-1815.1,baseline_coarse,True,0,,Coarse baseline locality/ward centroid,baseline_coarse,0.0,d block; 4th road,,980301,0.0,980301,
AD002667,AC002067,T3,-1144.5,-628.9,visits_disagree,True,2,Near Govt School (about 150 m from pin) | Remark Cue: Opposite Government School (conf=0.85),Synthesized from 2 verified field visit dwell centroids (visits_disagree),field_visit_dwell,0.0,,HMT Colony,980301,0.85,980301,HMT Colony
AD002668,AC002068,T1,-1122.4,327.5,landmark,True,0,Near Ganesh Temple (pin is a guess near this landmark),Promoted to nearest un-repelled landmark POI 'Ganesh Temple',landmark_poi_fallback,0.0,,Ashoka Layout,960104,0.0,960104,Ashoka Layout
AD002669,AC002069,T2,684.3,2611.5,visits_agree,True,2,Field Remark: Opposite Bagicha (conf=0.85),Synthesized from 2 verified field visit dwell centroids (visits_agree),field_visit_dwell,0.0,,,,0.85,,
AD002670,AC002070,T2,3162.8,172.4,visit_1,True,1,,Synthesized from 1 verified field visit dwell centroids (visit_1),field_visit_dwell,0.0,348 gali,Ram Nagar,970203,0.2,970203,Ram Nagar
AD002671,AC002070,T2,-223.6,1237.8,visit_1,True,1,Field Remark: Near Masjid (conf=0.82),Synthesized from 1 verified field visit dwell centroids (visit_1),field_visit_dwell,0.0,gali 5,Tilak Nagar,970204,0.819,970204,Tilak Nagar
AD002672,AC002071,T1,2107.0,762.7,cross_account_street,True,0,,Coarse baseline locality/ward centroid,baseline_coarse,0.0,3rd cross; 1st main,Vidya Nagar,960103,0.0,960103,Vidya Nagar
AD002673,AC002072,T1,2609.7,-2319.6,visits_agree,True,7,,Synthesized from 7 verified field visit dwell centroids (visits_agree),field_visit_dwell,0.0,4th cross; 3rd main,Nehru Colony,960102,0.2,960102,Nehru Colony
AD002674,AC002073,T3,-1639.8,-541.6,baseline_coarse,True,0,,Coarse baseline locality/ward centroid,baseline_coarse,0.0,e block; 6th road,,980301,0.0,980301,
AD002675,AC002074,T3,-665.5,3194.3,visits_agree,True,4,Near Community Hall (pin is at this landmark),Synthesized from 4 verified field visit dwell centroids (visits_agree),field_visit_dwell,0.0,,Sunrise Enclave,980304,0.2,980304,Sunrise Enclave
AD002676,AC002075,T3,3673.4,466.7,visits_agree,True,6,Near Ration Shop (about 110 m from pin),Synthesized from 6 verified field visit dwell centroids (visits_agree),field_visit_dwell,0.0,2nd road,Lakeview Phase 2,980303,0.2,980303,Lakeview Phase 2
AD002677,AC002075,OUT,,,unmapped_village,False,0,,Village outside mapped urban town coverage; zero baseline geocode and zero field visits,unmapped_village,0.0,,,998910,0.0,998910,
AD002678,AC002076,T3,-3729.3,-765.3,baseline_coarse,True,0,,Coarse baseline locality/ward centroid,baseline_coarse,0.0,,Green Park Layout,980301,0.0,980301,Green Park Layout
AD002679,AC002076,OUT,,,unmapped_village,False,0,,Village outside mapped urban town coverage; zero baseline geocode and zero field visits,unmapped_village,0.0,,,991666,0.0,991666,
AD002680,AC002077,T3,-2011.6,-1639.1,baseline_coarse,True,0,,Coarse baseline locality/ward centroid,baseline_coarse,0.0,,,980301,0.0,980301,
AD002681,AC002078,T1,2713.9,-1714.3,visit_1,True,1,,Synthesized from 1 verified field visit dwell centroids (visit_1),field_visit_dwell,0.0,12th cross; 2nd main,Nehru Colony,960102,0.2,960102,Nehru Colony
AD002682,AC002079,T2,628.8,2447.7,baseline_street,True,0,,High-precision baseline geocoder (street),baseline_high_precision,0.0,311 gali,Azad Mohalla,,0.0,,Azad Mohalla
AD002683,AC002080,T1,1245.4,-2638.1,baseline_street,True,0,,High-precision baseline geocoder (street),baseline_high_precision,0.0,11th cross; 8th main,Gandhi Nagar,960102,0.0,960102,Gandhi Nagar
AD002684,AC002081,T3,-2678.2,-543.8,landmark,True,0,Near Church (pin is a guess near this landmark),Promoted to nearest un-repelled landmark POI 'Church',landmark_poi_fallback,0.0,b block; 5th road,Silver Oak Layout,980301,0.0,980301,Silver Oak Layout
AD002685,AC002082,T3,4160.3,484.2,visits_disagree,True,2,Field Remark: Behind Bus Stop (conf=0.83),Synthesized from 2 verified field visit dwell centroids (visits_disagree),field_visit_dwell,0.0,,Lakeview Phase 2,980303,0.83,980303,Lakeview Phase 2
AD002686,AC002082,OUT,,,unmapped_village,False,0,,Village outside mapped urban town coverage; zero baseline geocode and zero field visits,unmapped_village,0.0,,,993820,0.0,993820,
AD002687,AC002083,T1,80.2,2638.4,visit_1,True,1,Near Govt School (about 130 m from pin),Synthesized from 1 verified field visit dwell centroids (visit_1),field_visit_dwell,0.0,11th cross; 2nd main,Anjaneya Badavane,960103,0.2,960103,Anjaneya Badavane
AD002688,AC002084,T2,1659.2,-2307.9,visits_agree,True,2,Near Medical Store (about 70 m from pin),Synthesized from 2 verified field visit dwell centroids (visits_agree),field_visit_dwell,0.0,gali no. 3,Patel Nagar,970202,0.2,970202,Patel Nagar
AD002689,AC002084,T2,-1869.6,-2662.9,landmark,True,0,Near Govt School (pin is a guess near this landmark),Promoted to nearest un-repelled landmark POI 'Govt School',landmark_poi_fallback,0.0,gali 10,Subhash Nagar,,0.0,,Subhash Nagar
AD002690,AC002085,T2,1582.0,-2083.1,visits_agree,True,3,,Synthesized from 3 verified field visit dwell centroids (visits_agree),field_visit_dwell,0.0,,Patel Nagar,970202,0.2,970202,Patel Nagar
AD002691,AC002086,T1,3176.1,-2094.6,visits_disagree,True,6,,Synthesized from 6 verified field visit dwell centroids (visits_disagree),field_visit_dwell,0.0,10th cross; 7th main,,960102,0.2,960102,
AD002692,AC002087,T3,-449.5,-3593.8,baseline_coarse,True,0,,Coarse baseline locality/ward centroid,baseline_coarse,0.0,,Orchid Enclave,,0.0,,Orchid Enclave
AD002693,AC002088,T2,-347.0,-84.0,landmark,True,0,Opposite Hanuman Temple (pin is a guess near this landmark),Promoted to nearest un-repelled landmark POI 'Hanuman Temple',landmark_poi_fallback,0.0,148 gali,Shastri Nagar,970201,0.0,970201,Shastri Nagar
AD002694,AC002089,T2,2034.3,-1244.0,baseline_coarse,True,0,,Coarse baseline locality/ward centroid,baseline_coarse,0.0,,,970202,0.0,970202,
AD002695,AC002089,T2,2913.7,798.0,baseline_street,True,0,,High-precision baseline geocoder (street),baseline_high_precision,0.0,,Nehru Colony,970203,0.0,970203,Nehru Colony
AD002696,AC002090,T3,-2554.6,1225.6,visits_disagree,True,7,Field Remark: Opposite Masidi (conf=0.85),Synthesized from 7 verified field visit dwell centroids (visits_disagree),field_visit_dwell,0.0,b block; 2nd rd,Railway Colony,980304,0.85,980304,Railway Colony
AD002697,AC002091,T1,812.7,2152.5,visit_1,True,1,,Synthesized from 1 verified field visit dwell centroids (visit_1),field_visit_dwell,0.0,,Anjaneya Badavane,960103,0.2,960103,Anjaneya Badavane
AD002698,AC002091,T1,-1811.8,1977.4,baseline_street,True,0,,High-precision baseline geocoder (street),baseline_high_precision,0.0,2nd cross; 7th main,Kalyana Nagar,960104,0.0,960104,Kalyana Nagar
AD002699,AC002092,T2,1179.7,-109.2,baseline_coarse,True,0,,Coarse baseline locality/ward centroid,baseline_coarse,0.0,,Indira Colony,970202,0.0,970202,Indira Colony
AD002700,AC002093,T3,-1507.7,-2069.7,baseline_street,True,0,,High-precision baseline geocoder (street),baseline_high_precision,0.0,a block; 4th road,Defence Colony,980301,0.0,980301,Defence Colony
AD002701,AC002094,T2,808.6,2956.5,visit_1,True,1,Near Petrol Bunk (about 170 m from pin),Synthesized from 1 verified field visit dwell centroids (visit_1),field_visit_dwell,0.0,gali 9,,970203,0.2,970203,
AD002702,AC002094,T2,304.9,-3232.0,visit_1,True,1,Opposite Ganesh Temple (about 150 m from pin),Synthesized from 1 verified field visit dwell centroids (visit_1),field_visit_dwell,0.0,,Shivaji Nagar,970202,0.2,970202,Shivaji Nagar
AD002703,AC002095,T2,326.1,-3245.2,baseline_street,True,0,,High-precision baseline geocoder (street),baseline_high_precision,0.0,2 gali,Shivaji Nagar,970202,0.0,970202,Shivaji Nagar
AD002704,AC002096,T2,911.4,119.6,visit_1,True,1,,Synthesized from 1 verified field visit dwell centroids (visit_1),field_visit_dwell,0.0,gali no. 8,Indira Colony,970202,0.2,970202,Indira Colony
AD002705,AC002096,T2,-517.6,2993.4,baseline_coarse,True,0,,Coarse baseline locality/ward centroid,baseline_coarse,0.0,,Ambedkar Nagar,,0.0,,Ambedkar Nagar
AD002706,AC002097,T1,1212.1,201.9,visit_1,True,1,,Synthesized from 1 verified field visit dwell centroids (visit_1),field_visit_dwell,0.0,11th cross; 6th main,Kuvempu Layout,960102,0.2,960102,Kuvempu Layout
AD002707,AC002098,T1,2476.1,-2350.5,visits_agree,True,5,Near Masjid (about 160 m from pin),Synthesized from 5 verified field visit dwell centroids (visits_agree),field_visit_dwell,0.0,3rd; 2nd main,,960102,0.2,960102,
AD002708,AC002099,T3,-1177.9,-608.1,visits_agree,True,3,Field Remark: Behind Sarkari School (conf=0.83),Synthesized from 3 verified field visit dwell centroids (visits_agree),field_visit_dwell,0.0,,HMT Colony,980301,0.83,980301,HMT Colony
AD002709,AC002100,T1,2436.2,-2363.7,visit_1,True,1,Near Masjid (about 120 m from pin),Synthesized from 1 verified field visit dwell centroids (visit_1),field_visit_dwell,0.0,3rd; 2nd main,Nehru Colony,960102,0.2,960102,Nehru Colony
AD002710,AC002101,T3,-1138.4,-1991.8,landmark,True,0,Near Ganesh Temple (pin is a guess near this landmark),Promoted to nearest un-repelled landmark POI 'Ganesh Temple',landmark_poi_fallback,0.0,d block; 4th road,Defence Colony,980301,0.0,980301,Defence Colony
AD002711,AC002102,T1,1147.2,-3177.1,cross_account_street,True,5,Field Remark: Opposite Ganapathi Gudi (conf=0.85),Synthesized from 5 verified field visit dwell centroids (visits_disagree),field_visit_dwell,0.0,4th cross; 8th main,Gandhi Nagar,960102,0.85,960102,Gandhi Nagar
AD002712,AC002103,T3,-751.2,-3729.1,visits_agree,True,5,Field Remark: Behind Pds Shop (conf=0.83),Synthesized from 5 verified field visit dwell centroids (visits_agree),field_visit_dwell,0.0,,,980304,0.83,980304,
AD002713,AC002103,T3,-2522.1,-154.3,baseline_coarse,True,0,,Coarse baseline locality/ward centroid,baseline_coarse,0.0,,Silver Oak Layout,,0.0,,Silver Oak Layout
AD002714,AC002104,T3,3095.0,-1966.2,baseline_coarse,True,0,,Coarse baseline locality/ward centroid,baseline_coarse,0.0,,Palm Meadows,980302,0.0,980302,Palm Meadows
AD002715,AC002105,T1,587.3,-3000.1,baseline_coarse,True,0,,Coarse baseline locality/ward centroid,baseline_coarse,0.0,4th cross; 7th main,Gandhi Nagar,,0.0,,Gandhi Nagar
AD002716,AC002106,T2,-1166.5,-2153.3,baseline_coarse,True,0,,Coarse baseline locality/ward centroid,baseline_coarse,0.0,gali no. 1,,970201,0.0,970201,
AD002717,AC002106,T2,2512.3,-1035.3,baseline_coarse,True,0,,Coarse baseline locality/ward centroid,baseline_coarse,0.0,,Krishna Puri,970202,0.0,970202,Krishna Puri
AD002718,AC002107,T3,-335.5,3119.5,baseline_coarse,True,0,,Coarse baseline locality/ward centroid,baseline_coarse,0.0,,Sunrise Enclave,980304,0.0,980304,Sunrise Enclave
AD002719,AC002108,T2,-730.6,-469.9,baseline_coarse,True,0,,Coarse baseline locality/ward centroid,baseline_coarse,0.0,,Shastri Nagar,970201,0.0,970201,Shastri Nagar
AD002720,AC002109,T3,-731.0,-3662.0,visits_agree,True,2,Field Remark: Near Ration Dukan (conf=0.82),Synthesized from 2 verified field visit dwell centroids (visits_agree),field_visit_dwell,0.0,,Orchid Enclave,980301,0.2,980301,Orchid Enclave
AD002721,AC002110,T1,-1990.6,2387.0,baseline_coarse,True,0,,Coarse baseline locality/ward centroid,baseline_coarse,0.0,8th main,Kalyana Nagar,960104,0.0,960104,Kalyana Nagar
AD002722,AC002111,T3,-895.9,-3796.2,visits_disagree,True,2,,Synthesized from 2 verified field visit dwell centroids (visits_disagree),field_visit_dwell,0.0,3rd road,,980301,0.2,980301,
AD002723,AC002112,T2,-1202.7,-2722.8,visits_disagree,True,2,Field Remark: Near Hanuman Mandir (conf=0.82),Synthesized from 2 verified field visit dwell centroids (visits_disagree),field_visit_dwell,0.0,,Subhash Nagar,970201,0.819,970201,Subhash Nagar
AD002724,AC002113,T2,-1900.6,-3183.8,visit_1,True,1,,Synthesized from 1 verified field visit dwell centroids (visit_1),field_visit_dwell,0.0,,Subhash Nagar,970201,0.2,970201,Subhash Nagar
AD002725,AC002114,T2,677.5,3091.6,cross_account_street,True,0,,Coarse baseline locality/ward centroid,baseline_coarse,0.0,gali 10,Azad Mohalla,970203,0.0,970203,Azad Mohalla
AD002726,AC002114,T2,987.2,1171.2,baseline_coarse,True,0,,Coarse baseline locality/ward centroid,baseline_coarse,0.0,gali no. 2,Gandhi Basti,970203,0.0,970203,Gandhi Basti
AD002727,AC002115,T1,823.7,159.2,visit_1,True,1,,Synthesized from 1 verified field visit dwell centroids (visit_1),field_visit_dwell,0.0,2nd main,Kuvempu Layout,,0.2,,Kuvempu Layout
AD002728,AC002116,T2,774.3,3008.7,visits_agree,True,5,Near Petrol Bunk (about 160 m from pin),Synthesized from 5 verified field visit dwell centroids (visits_agree),field_visit_dwell,0.0,gali 7,Azad Mohalla,970203,0.2,970203,Azad Mohalla
AD002729,AC002117,T1,277.1,2254.7,baseline_coarse,True,0,,Coarse baseline locality/ward centroid,baseline_coarse,0.0,5th main,Anjaneya Badavane,960103,0.0,960103,Anjaneya Badavane
AD002730,AC002118,T3,1286.5,688.5,visit_1,True,1,,Synthesized from 1 verified field visit dwell centroids (visit_1),field_visit_dwell,0.0,4th road,,980302,0.2,980302,
AD002731,AC002118,T3,852.9,1611.3,visits_agree,True,4,Field Remark: Opposite Church (conf=0.85),Synthesized from 4 verified field visit dwell centroids (visits_agree),field_visit_dwell,0.0,,Royal Gardens,980303,0.85,980303,Royal Gardens
AD002732,AC002119,T2,-128.5,1670.7,landmark,True,0,Near Govt School (pin is a guess near this landmark),Promoted to nearest un-repelled landmark POI 'Govt School',landmark_poi_fallback,0.0,,Tilak Nagar,970204,0.0,970204,Tilak Nagar
AD002733,AC002120,T2,790.6,2881.0,baseline_coarse,True,0,,Coarse baseline locality/ward centroid,baseline_coarse,0.0,,Azad Mohalla,970203,0.0,970203,Azad Mohalla
AD002734,AC002120,T2,1033.1,2638.9,baseline_coarse,True,0,,Coarse baseline locality/ward centroid,baseline_coarse,0.0,1 gali,Azad Mohalla,970230,0.0,970230,Azad Mohalla
AD002735,AC002121,T3,3702.1,-33.7,visits_disagree,True,3,,Synthesized from 3 verified field visit dwell centroids (visits_disagree),field_visit_dwell,0.0,,,980304,0.2,980304,
AD002736,AC002122,T3,1105.5,-3758.9,baseline_coarse,True,0,,Coarse baseline locality/ward centroid,baseline_coarse,0.0,,,980304,0.0,980304,
AD002737,AC002123,T3,3600.0,168.8,visits_agree,True,5,,Synthesized from 5 verified field visit dwell centroids (visits_agree),field_visit_dwell,0.0,,Lakeview Phase 2,980303,0.2,980303,Lakeview Phase 2
AD002738,AC002124,T1,-1287.0,-45.0,landmark,True,0,Near Medical Store (pin is a guess near this landmark),Promoted to nearest un-repelled landmark POI 'Medical Store',landmark_poi_fallback,0.0,4th cross; 1st main,Ashoka Layout,960104,0.0,960104,Ashoka Layout
AD002739,AC002125,T3,603.1,-747.9,landmark,True,0,Behind Bus Stop (pin is a guess near this landmark),Promoted to nearest un-repelled landmark POI 'Bus Stop',landmark_poi_fallback,0.0,,Teachers Colony,980302,0.0,980302,Teachers Colony
AD002740,AC002126,T1,-3082.3,1063.6,baseline_coarse,True,0,,Coarse baseline locality/ward centroid,baseline_coarse,0.0,10th cross; 7th main,Vinayaka Nagar,960104,0.0,960104,Vinayaka Nagar
AD002741,AC002127,T2,743.8,-130.6,visit_1,True,1,,Synthesized from 1 verified field visit dwell centroids (visit_1),field_visit_dwell,0.0,gali 5,Indira Colony,970202,0.2,970202,Indira Colony
AD002742,AC002127,T2,647.5,-2633.2,landmark,True,0,Opposite Medical Store (pin is a guess near this landmark),Promoted to nearest un-repelled landmark POI 'Medical Store',landmark_poi_fallback,0.0,,Shivaji Nagar,970202,0.0,970202,Shivaji Nagar
AD002743,AC002128,T3,-1138.4,-1991.8,landmark,True,0,Near Ganesh Temple (pin is a guess near this landmark),Promoted to nearest un-repelled landmark POI 'Ganesh Temple',landmark_poi_fallback,0.0,b block,Defence Colony,980301,0.0,980301,Defence Colony
AD002744,AC002129,T1,2131.3,831.8,visits_agree,True,2,,Synthesized from 2 verified field visit dwell centroids (visits_agree),field_visit_dwell,0.0,4th cross; 1st main,Vidya Nagar,960103,0.2,960103,Vidya Nagar
AD002745,AC002129,OUT,,,unmapped_village,False,0,,Village outside mapped urban town coverage; zero baseline geocode and zero field visits,unmapped_village,0.0,,,993873,0.0,993873,
AD002746,AC002130,T1,2739.7,-2130.3,landmark,True,0,Near Park (pin is a guess near this landmark),Promoted to nearest un-repelled landmark POI 'Park',landmark_poi_fallback,0.0,4th cross; 3rd main,Nehru Colony,960102,0.0,960102,Nehru Colony
AD002747,AC002130,OUT,,,unmapped_village,False,0,,Village outside mapped urban town coverage; zero baseline geocode and zero field visits,unmapped_village,0.0,,,994087,0.0,994087,
AD002748,AC002131,T2,1159.0,-1876.5,visits_agree,True,6,Field Remark: Near Ration Dukan (conf=0.82),Synthesized from 6 verified field visit dwell centroids (visits_agree),field_visit_dwell,0.0,gali 10,Patel Nagar,970202,0.819,970202,Patel Nagar
AD002749,AC002131,T2,-1000.9,-804.8,visit_1,True,1,,Synthesized from 1 verified field visit dwell centroids (visit_1),field_visit_dwell,0.0,,Shastri Nagar,970201,0.2,970201,Shastri Nagar
AD002750,AC002132,T2,606.7,2900.4,visit_1,True,1,Field Remark: Near Girja Ghar (conf=0.80),Synthesized from 1 verified field visit dwell centroids (visit_1),field_visit_dwell,0.0,,Azad Mohalla,970203,0.795,970203,Azad Mohalla
AD002751,AC002133,T2,3107.9,460.5,visits_disagree,True,6,Field Remark: Beside Barat Ghar (conf=0.83),Synthesized from 6 verified field visit dwell centroids (visits_disagree),field_visit_dwell,0.0,,Nehru Colony,970203,0.832,970203,Nehru Colony
AD002752,AC002133,T2,1388.1,1115.9,landmark,True,0,Opposite Bus Stop (pin is a guess near this landmark),Promoted to nearest un-repelled landmark POI 'Bus Stop',landmark_poi_fallback,0.89,gali no. 1,Gandhi Basti,970203,0.0,970203,Gandhi Basti
AD002753,AC002134,T3,3788.5,411.2,landmark,True,0,Near Bus Stop (pin is a guess near this landmark),Promoted to nearest un-repelled landmark POI 'Bus Stop',landmark_poi_fallback,0.0,f block; 4th rd,Lakeview Phase 2,980303,0.0,980303,Lakeview Phase 2
AD002754,AC002134,T3,-580.1,3135.0,baseline_coarse,True,0,,Coarse baseline locality/ward centroid,baseline_coarse,0.0,,,980301,0.0,980301,
AD002755,AC002135,T3,-3815.9,-1048.1,visit_1,True,1,Near Hanuman Temple (about 180 m from pin) | Remark Cue: Behind Anjaneya Swamy Temple (conf=0.83),Synthesized from 1 verified field visit dwell centroids (visit_1),field_visit_dwell,0.0,,Green Park Layout,980301,0.83,980301,Green Park Layout
AD002756,AC002136,T3,-2549.1,1414.7,visits_agree,True,3,Near Bus Stop (about 190 m from pin),Synthesized from 3 verified field visit dwell centroids (visits_agree),field_visit_dwell,0.0,,,980304,0.2,980304,
AD002757,AC002137,T1,2394.5,-2148.5,visits_agree,True,5,,Synthesized from 5 verified field visit dwell centroids (visits_agree),field_visit_dwell,0.0,5th cross; 1st main,Nehru Colony,,0.3,,Nehru Colony
AD002758,AC002138,T3,-2657.2,-346.2,baseline_coarse,True,0,,Coarse baseline locality/ward centroid,baseline_coarse,0.0,a block; 4th road,,980302,0.0,980302,
AD002759,AC002138,T3,1162.0,-3599.7,baseline_coarse,True,0,,Coarse baseline locality/ward centroid,baseline_coarse,0.0,,Unity Nagar,980302,0.0,980302,Unity Nagar
AD002760,AC002139,T3,-460.7,-3589.7,landmark,True,0,Near Masjid (pin is a guess near this landmark),Promoted to nearest un-repelled landmark POI 'Masjid',landmark_poi_fallback,0.0,,Orchid Enclave,980301,0.0,980301,Orchid Enclave
AD002761,AC002139,T3,-3570.0,-723.9,baseline_coarse,True,0,,Coarse baseline locality/ward centroid,baseline_coarse,0.0,,Green Park Layout,980301,0.0,980301,Green Park Layout
AD002762,AC002140,T1,-1259.3,67.6,visit_1,True,1,Near Medical Store (about 120 m from pin) | Remark Cue: Behind Medical Store (conf=0.83),Synthesized from 1 verified field visit dwell centroids (visit_1),field_visit_dwell,0.0,3rd; 2nd main,Ashoka Layout,960104,0.83,960104,Ashoka Layout
AD002763,AC002141,T2,1799.6,-2199.7,visits_agree,True,3,,Synthesized from 3 verified field visit dwell centroids (visits_agree),field_visit_dwell,0.0,gali no. 4,,970203,0.2,970203,
AD002764,AC002142,T1,739.8,-3457.8,visits_disagree,True,2,,Synthesized from 2 verified field visit dwell centroids (visits_disagree),field_visit_dwell,0.0,3rd cross; 2nd main,Gandhi Nagar,960102,0.2,960102,Gandhi Nagar
AD002765,AC002142,T1,895.5,-469.7,visit_1,True,1,,Synthesized from 1 verified field visit dwell centroids (visit_1),field_visit_dwell,0.0,3rd cross,Kuvempu Layout,960102,0.2,960102,Kuvempu Layout
AD002766,AC002143,T1,2782.0,-1914.5,visits_agree,True,2,,Synthesized from 2 verified field visit dwell centroids (visits_agree),field_visit_dwell,0.0,10th cross; 3rd main,Nehru Colony,960102,0.398,960102,Nehru Colony
AD002767,AC002144,T1,-2341.5,1549.1,baseline_coarse,True,0,,Coarse baseline locality/ward centroid,baseline_coarse,0.0,2nd cross,,960104,0.0,960104,
AD002768,AC002145,T3,46.1,-3341.5,baseline_street,True,0,,High-precision baseline geocoder (street),baseline_high_precision,0.0,,Orchid Enclave,980301,0.0,980301,Orchid Enclave
AD002769,AC002145,T3,487.1,1792.8,baseline_coarse,True,0,,Coarse baseline locality/ward centroid,baseline_coarse,0.0,d block; 1st road,Royal Gardens,980303,0.0,980303,Royal Gardens
AD002770,AC002146,T2,-1750.0,-2878.3,baseline_coarse,True,0,,Coarse baseline locality/ward centroid,baseline_coarse,0.0,,Subhash Nagar,,0.0,,Subhash Nagar
AD002771,AC002147,T1,2392.1,-2224.9,visits_disagree,True,5,Near Masjid (about 180 m from pin) | Remark Cue: Opposite Masidi (conf=0.85),Synthesized from 5 verified field visit dwell centroids (visits_disagree),field_visit_dwell,0.0,,,960102,0.85,960102,
AD002772,AC002148,T2,2531.6,-918.7,visits_agree,True,5,Field Remark: Behind Dak Ghar (conf=0.83),Synthesized from 5 verified field visit dwell centroids (visits_agree),field_visit_dwell,0.0,gali 10,Krishna Puri,970202,0.83,970202,Krishna Puri
AD002773,AC002149,T1,-978.5,-3155.4,baseline_coarse,True,0,,Coarse baseline locality/ward centroid,baseline_coarse,0.0,,Basava Nagar,960101,0.0,960101,Basava Nagar
AD002774,AC002150,T1,1155.3,-34.8,baseline_coarse,True,0,,Coarse baseline locality/ward centroid,baseline_coarse,0.0,,,960103,0.0,960103,
AD002775,AC002150,T1,693.3,-2951.2,baseline_coarse,True,0,,Coarse baseline locality/ward centroid,baseline_coarse,0.0,12th cross; 7th main,Gandhi Nagar,960102,0.0,960102,Gandhi Nagar
AD002776,AC002151,T3,-933.1,-1915.8,landmark,True,0,Near Water Tank (pin is a guess near this landmark),Promoted to nearest un-repelled landmark POI 'Water Tank',landmark_poi_fallback,0.0,,Defence Colony,980301,0.0,980301,Defence Colony
AD002777,AC002152,T2,982.9,751.3,baseline_street,True,0,,High-precision baseline geocoder (street),baseline_high_precision,0.0,,Gandhi Basti,970203,0.0,970203,Gandhi Basti
AD002778,AC002153,T3,-542.4,2993.3,visit_1,True,1,Near Church (about 180 m from pin),Synthesized from 1 verified field visit dwell centroids (visit_1),field_visit_dwell,0.0,,Sunrise Enclave,980304,0.2,980304,Sunrise Enclave
AD002779,AC002154,T1,-2184.5,-2407.6,landmark,True,0,Near Govt School (pin is a guess near this landmark),Promoted to nearest un-repelled landmark POI 'Govt School',landmark_poi_fallback,0.0,,Shanthi Nagar,960101,0.0,960101,Shanthi Nagar
AD002780,AC002154,OUT,,,unmapped_village,False,0,,Village outside mapped urban town coverage; zero baseline geocode and zero field visits,unmapped_village,0.0,,,991274,0.0,991274,
AD002781,AC002155,T1,2689.0,-2009.5,baseline_coarse,True,0,,Coarse baseline locality/ward centroid,baseline_coarse,0.0,2nd cross; 8th main,Nehru Colony,960102,0.0,960102,Nehru Colony
AD002782,AC002156,T3,1293.0,-3742.6,baseline_coarse,True,0,,Coarse baseline locality/ward centroid,baseline_coarse,0.0,,Unity Nagar,980302,0.0,980302,Unity Nagar
AD002783,AC002157,T1,2870.3,-2346.1,landmark,True,0,Near Hanuman Temple (pin is a guess near this landmark),Promoted to nearest un-repelled landmark POI 'Hanuman Temple',landmark_poi_fallback,3.54,,Nehru Colony,960102,0.0,960102,Nehru Colony
AD002784,AC002158,T2,-651.2,-773.0,landmark,True,0,Opposite Masjid (pin is a guess near this landmark),Promoted to nearest un-repelled landmark POI 'Masjid',landmark_poi_fallback,0.0,1 gali,Shastri Nagar,970201,0.0,970201,Shastri Nagar
AD002785,AC002159,T3,3262.4,-1994.0,baseline_coarse,True,0,,Coarse baseline locality/ward centroid,baseline_coarse,0.0,,Palm Meadows,980302,0.0,980302,Palm Meadows
AD002786,AC002159,T3,-2878.1,1621.2,landmark,True,0,Near Milk Dairy (pin is a guess near this landmark),Promoted to nearest un-repelled landmark POI 'Milk Dairy',landmark_poi_fallback,0.0,,Railway Colony,980304,0.0,980304,Railway Colony
AD002787,AC002160,T2,557.0,-3284.0,baseline_coarse,True,0,,Coarse baseline locality/ward centroid,baseline_coarse,0.0,gali no. 2,,970201,0.0,970201,
AD002788,AC002160,T2,578.8,2597.4,visit_1,True,1,Opposite Community Hall (about 100 m from pin) | Remark Cue: Near Community Hall (conf=0.82),Synthesized from 1 verified field visit dwell centroids (visit_1),field_visit_dwell,0.0,gali no. 3,Azad Mohalla,970203,0.819,970203,Azad Mohalla
AD002789,AC002161,T3,-2448.2,1701.0,baseline_coarse,True,0,,Coarse baseline locality/ward centroid,baseline_coarse,0.0,,Railway Colony,980304,0.0,980304,Railway Colony
AD002790,AC002161,OUT,,,unmapped_village,False,0,,Village outside mapped urban town coverage; zero baseline geocode and zero field visits,unmapped_village,0.0,,,997375,0.0,997375,
AD002791,AC002162,T3,2960.1,-2046.7,visit_1,True,1,,Synthesized from 1 verified field visit dwell centroids (visit_1),field_visit_dwell,0.0,d block; 1st road,,,0.2,,
AD002792,AC002163,T1,-1053.9,932.7,visit_1,True,1,Near Masjid (about 70 m from pin),Synthesized from 1 verified field visit dwell centroids (visit_1),field_visit_dwell,0.0,12th cross; 8th main,Ashoka Layout,,0.2,,Ashoka Layout
AD002793,AC002164,T1,-836.7,-126.2,visit_1,True,1,Field Remark: Near Ganapathi Temple (conf=0.82),Synthesized from 1 verified field visit dwell centroids (visit_1),field_visit_dwell,0.0,3rd cross; 4th main,,960104,0.819,960104,
AD002794,AC002165,T2,1610.0,-2315.5,visits_agree,True,7,Near Medical Store (about 120 m from pin) | Remark Cue: Near Medical Store (conf=0.82),Synthesized from 7 verified field visit dwell centroids (visits_agree),field_visit_dwell,0.0,gali 3,Patel Nagar,970202,0.819,970202,Patel Nagar
AD002795,AC002166,T1,289.0,2439.4,baseline_coarse,True,0,,Coarse baseline locality/ward centroid,baseline_coarse,0.0,11th cross; 5th main,Anjaneya Badavane,960103,0.0,960103,Anjaneya Badavane
AD002796,AC002167,T2,843.2,3110.5,visits_agree,True,2,,Synthesized from 2 verified field visit dwell centroids (visits_agree),field_visit_dwell,0.0,37 gali,Ram Nagar,,0.2,,Ram Nagar
AD002797,AC002167,OUT,,,unmapped_village,False,0,,Village outside mapped urban town coverage; zero baseline geocode and zero field visits,unmapped_village,0.0,,,996383,0.0,996383,
AD002798,AC002168,T2,1353.4,2759.7,visits_agree,True,2,,Synthesized from 2 verified field visit dwell centroids (visits_agree),field_visit_dwell,0.0,gali no. 8,Azad Mohalla,970203,0.2,970203,Azad Mohalla
AD002799,AC002169,T3,3472.9,-28.0,visits_agree,True,4,,Synthesized from 4 verified field visit dwell centroids (visits_agree),field_visit_dwell,0.0,,Lakeview Phase 2,980303,0.2,980303,Lakeview Phase 2
AD002800,AC002170,T3,-3996.9,-1034.7,baseline_street,True,0,Near Hanuman Temple (about 50 m from pin),High-precision baseline geocoder (street),baseline_high_precision,0.0,a block; 4th road,Green Park Layout,980301,0.0,980301,Green Park Layout
AD002801,AC002171,T1,-751.8,-1700.8,visits_agree,True,2,Field Remark: Opposite Udyanavana (conf=0.85),Synthesized from 2 verified field visit dwell centroids (visits_agree),field_visit_dwell,0.0,3rd cross; 1st main,Hosa Badavane,960101,0.85,960101,Hosa Badavane
AD002802,AC002172,T1,690.4,-2777.7,visits_agree,True,4,Opposite Ration Shop (pin is at this landmark) | Remark Cue: Near Nyayabele Angadi (conf=0.82),Synthesized from 4 verified field visit dwell centroids (visits_agree),field_visit_dwell,0.0,,Gandhi Nagar,960102,0.819,960102,Gandhi Nagar
AD002803,AC002172,T1,-85.8,-1467.4,landmark,True,0,Behind Ganesh Temple (pin is a guess near this landmark),Promoted to nearest un-repelled landmark POI 'Ganesh Temple',landmark_poi_fallback,0.0,2nd cross; 7th main,Hosa Badavane,960101,0.0,960101,Hosa Badavane
AD002804,AC002173,T3,-572.1,3027.8,baseline_coarse,True,0,,Coarse baseline locality/ward centroid,baseline_coarse,0.0,,,980302,0.0,980302,
AD002805,AC002173,OUT,,,unmapped_village,False,0,,Village outside mapped urban town coverage; zero baseline geocode and zero field visits,unmapped_village,0.0,,,998311,0.0,998311,
AD002806,AC002174,T1,2848.2,-1769.1,visits_agree,True,3,,Synthesized from 3 verified field visit dwell centroids (visits_agree),field_visit_dwell,0.0,12th cross; 3rd main,Nehru Colony,960102,0.425,960102,Nehru Colony
AD002807,AC002174,T1,1594.5,-1005.6,visit_1,True,1,,Synthesized from 1 verified field visit dwell centroids (visit_1),field_visit_dwell,0.0,6th cross; 1st main,Siddeshwara Colony,960102,0.2,960102,Siddeshwara Colony
AD002808,AC002175,T1,2797.3,-2267.7,visits_disagree,True,5,Field Remark: Behind Masjid (conf=0.83),Synthesized from 5 verified field visit dwell centroids (visits_disagree),field_visit_dwell,0.0,4th cross,Nehru Colony,960102,0.83,960102,Nehru Colony
AD002809,AC002176,T1,2177.2,-922.9,visits_agree,True,2,Behind Park (about 40 m from pin),Synthesized from 2 verified field visit dwell centroids (visits_agree),field_visit_dwell,0.0,,Siddeshwara Colony,960102,0.2,960102,Siddeshwara Colony
AD002810,AC002176,OUT,,,unmapped_village,False,0,,Village outside mapped urban town coverage; zero baseline geocode and zero field visits,unmapped_village,0.0,,,995400,0.0,995400,
AD002811,AC002177,T2,-754.5,2722.1,visit_1,True,1,,Synthesized from 1 verified field visit dwell centroids (visit_1),field_visit_dwell,0.0,,Ambedkar Nagar,970204,0.2,970204,Ambedkar Nagar
AD002812,AC002178,T1,-1040.4,-1003.3,visits_agree,True,4,,Synthesized from 4 verified field visit dwell centroids (visits_agree),field_visit_dwell,0.0,12th cross; 1st main,Hosa Badavane,960101,0.2,960101,Hosa Badavane
AD002813,AC002178,T1,-1067.8,173.3,visit_1,True,1,Near Ganesh Temple (about 160 m from pin) | Remark Cue: Behind Ganapathi Gudi (conf=0.83),Synthesized from 1 verified field visit dwell centroids (visit_1),field_visit_dwell,0.0,3rd cross; 4th main,Ashoka Layout,960104,0.83,960104,Ashoka Layout
AD002814,AC002179,T1,-881.0,-3546.5,visits_agree,True,5,,Synthesized from 5 verified field visit dwell centroids (visits_agree),field_visit_dwell,0.0,1st cross; 6th main,Basava Nagar,960101,0.3,960101,Basava Nagar
AD002815,AC002180,T1,767.4,-2763.0,cross_account_street,True,0,,Coarse baseline locality/ward centroid,baseline_coarse,0.0,10th cross; 5th main,,960102,0.0,960102,
AD002816,AC002181,T3,-1400.0,2521.1,baseline_coarse,True,0,,Coarse baseline locality/ward centroid,baseline_coarse,0.0,,,980304,0.0,980304,
AD002817,AC002181,T3,871.8,-795.5,baseline_coarse,True,0,,Coarse baseline locality/ward centroid,baseline_coarse,0.0,,Teachers Colony,980302,0.0,980302,Teachers Colony
AD002818,AC002182,T1,689.1,2363.1,visit_1,True,1,,Synthesized from 1 verified field visit dwell centroids (visit_1),field_visit_dwell,0.0,,Anjaneya Badavane,960103,0.2,960103,Anjaneya Badavane
AD002819,AC002183,T3,1330.2,-911.7,visits_disagree,True,5,Opposite Medical Store (about 50 m from pin) | Remark Cue: Near Medical Shop (conf=0.82),Synthesized from 5 verified field visit dwell centroids (visits_disagree),field_visit_dwell,0.0,,,980302,0.819,980302,
AD002820,AC002184,T2,1882.3,-1869.5,visits_agree,True,4,,Synthesized from 4 verified field visit dwell centroids (visits_agree),field_visit_dwell,0.0,,Patel Nagar,970202,0.2,970202,Patel Nagar
AD002821,AC002185,T2,1311.1,-2228.4,visits_disagree,True,8,Near Milk Dairy (about 190 m from pin),Synthesized from 8 verified field visit dwell centroids (visits_disagree),field_visit_dwell,0.0,89 gali,Patel Nagar,970202,0.2,970202,Patel Nagar
AD002822,AC002186,T3,958.5,-475.7,baseline_street,True,0,,High-precision baseline geocoder (street),baseline_high_precision,0.0,,Teachers Colony,980302,0.0,980302,Teachers Colony
AD002823,AC002187,T2,-1505.6,-2989.9,baseline_coarse,True,0,,Coarse baseline locality/ward centroid,baseline_coarse,0.0,,Subhash Nagar,970201,0.0,970201,Subhash Nagar
AD002824,AC002187,T2,1097.3,2655.1,landmark,True,0,Opposite Bus Stop (pin is a guess near this landmark),Promoted to nearest un-repelled landmark POI 'Bus Stop',landmark_poi_fallback,0.0,,Azad Mohalla,970203,0.0,970203,Azad Mohalla
AD002825,AC002188,T1,708.4,-3098.0,visits_agree,True,2,Field Remark: Behind Kalyana Mantapa (conf=0.83),Synthesized from 2 verified field visit dwell centroids (visits_agree),field_visit_dwell,0.0,5th cross; 4th main,Gandhi Nagar,960102,0.83,960102,Gandhi Nagar
AD002826,AC002189,T2,-412.4,-626.0,cross_account_street,True,0,Near Water Tank (about 130 m from pin),Coarse baseline locality/ward centroid,baseline_coarse,0.0,gali 5,Ram Nagar,,0.0,,Ram Nagar
AD002827,AC002190,T1,-980.0,311.6,baseline_coarse,True,0,,Coarse baseline locality/ward centroid,baseline_coarse,0.0,10th cross,,960103,0.0,960103,
AD002828,AC002191,T1,-2987.9,726.1,visit_1,True,1,Near Ganesh Temple (about 190 m from pin) | Remark Cue: Opposite Ganesh Temple (conf=0.85),Synthesized from 1 verified field visit dwell centroids (visit_1),field_visit_dwell,0.0,1st cross,,960104,0.85,960104,
AD002829,AC002192,T3,-2377.0,-121.6,visit_1,True,1,Field Remark: Opposite Sarkari School (conf=0.85),Synthesized from 1 verified field visit dwell centroids (visit_1),field_visit_dwell,0.0,4th rd,Silver Oak Layout,980301,0.85,980301,Silver Oak Layout
AD002830,AC002193,T3,3469.5,-2083.9,landmark,True,0,Near Water Tank (pin is a guess near this landmark),Promoted to nearest un-repelled landmark POI 'Water Tank',landmark_poi_fallback,0.0,,Palm Meadows,,0.0,,Palm Meadows
AD002831,AC002194,T2,940.8,2546.9,landmark,True,0,Near Ration Shop (pin is a guess near this landmark),Promoted to nearest un-repelled landmark POI 'Ration Shop',landmark_poi_fallback,0.0,,Azad Mohalla,970203,0.0,970203,Azad Mohalla
AD002832,AC002195,T2,2693.1,-1016.8,visits_agree,True,3,Field Remark: Near Paani Ki Tanki (conf=0.82),Synthesized from 3 verified field visit dwell centroids (visits_agree),field_visit_dwell,0.0,gali no. 10,Krishna Puri,970202,0.819,970202,Krishna Puri
AD002833,AC002195,T2,-191.9,1344.9,visit_1,True,1,,Synthesized from 1 verified field visit dwell centroids (visit_1),field_visit_dwell,0.0,,Tilak Nagar,970204,0.2,970204,Tilak Nagar
AD002834,AC002196,T2,2326.7,1917.1,landmark,True,0,Near Ganesh Temple (pin is a guess near this landmark),Promoted to nearest un-repelled landmark POI 'Ganesh Temple',landmark_poi_fallback,0.0,,Ram Nagar,970203,0.0,970203,Ram Nagar
AD002835,AC002197,T1,2757.5,-2266.5,baseline_coarse,True,0,,Coarse baseline locality/ward centroid,baseline_coarse,0.0,,Nehru Colony,960102,0.0,960102,Nehru Colony
AD002836,AC002197,T1,1514.7,-1545.0,baseline_coarse,True,0,,Coarse baseline locality/ward centroid,baseline_coarse,0.0,,,960102,0.0,960102,
AD002837,AC002198,T1,-1475.9,764.5,landmark,True,0,Near Community Hall (pin is a guess near this landmark),Promoted to nearest un-repelled landmark POI 'Community Hall',landmark_poi_fallback,0.0,3rd; 4th main,,960104,0.0,960104,
AD002838,AC002199,T2,2783.3,-1094.2,baseline_street,True,0,,High-precision baseline geocoder (street),baseline_high_precision,0.0,gali no. 10,Krishna Puri,970202,0.0,970202,Krishna Puri
AD002839,AC002199,T2,-353.8,-431.3,baseline_coarse,True,0,,Coarse baseline locality/ward centroid,baseline_coarse,0.0,gali no. 10,Shastri Nagar,970201,0.0,970201,Shastri Nagar
AD002840,AC002200,T1,1020.8,-299.1,cross_account_street,True,0,,Coarse baseline locality/ward centroid,baseline_coarse,0.0,3rd main,Kuvempu Layout,960102,0.0,960102,Kuvempu Layout
AD002841,AC002201,T1,2381.2,-617.5,visits_agree,True,2,,Synthesized from 2 verified field visit dwell centroids (visits_agree),field_visit_dwell,0.0,11th cross; 8th main,Siddeshwara Colony,960102,0.398,960102,Siddeshwara Colony
AD002842,AC002202,T2,-864.0,-2.0,visit_1,True,1,,Synthesized from 1 verified field visit dwell centroids (visit_1),field_visit_dwell,0.0,0 gali,Shastri Nagar,970201,0.2,970201,Shastri Nagar
AD002843,AC002203,T2,-125.2,-570.8,baseline_street,True,0,,High-precision baseline geocoder (street),baseline_high_precision,0.0,1 gali,Shastri Nagar,970201,0.0,970201,Shastri Nagar
AD002844,AC002203,T2,675.0,-3131.9,baseline_coarse,True,0,,Coarse baseline locality/ward centroid,baseline_coarse,0.0,,Shivaji Nagar,970202,0.0,970202,Shivaji Nagar
AD002845,AC002204,T1,-2278.0,-2775.7,baseline_street,True,0,,High-precision baseline geocoder (street),baseline_high_precision,0.0,3rd cross,Shanthi Nagar,960101,0.0,960101,Shanthi Nagar
AD002846,AC002204,T1,2543.2,1074.8,baseline_coarse,True,0,,Coarse baseline locality/ward centroid,baseline_coarse,0.0,11th cross; 3rd,Vidya Nagar,960103,0.0,960103,Vidya Nagar
AD002847,AC002205,T3,1365.9,-882.5,landmark,True,0,Opposite Medical Store (pin is a guess near this landmark),Promoted to nearest un-repelled landmark POI 'Medical Store',landmark_poi_fallback,0.0,1st rd,Teachers Colony,980302,0.0,980302,Teachers Colony
AD002848,AC002206,T3,971.1,-774.9,visits_disagree,True,4,,Synthesized from 4 verified field visit dwell centroids (visits_disagree),field_visit_dwell,0.0,,Teachers Colony,980302,0.3,980302,Teachers Colony
AD002849,AC002207,T2,1677.7,-2379.9,visits_disagree,True,5,Opposite Medical Store (about 60 m from pin) | Remark Cue: Opposite Dawai Ki Dukaan (conf=0.85),Synthesized from 5 verified field visit dwell centroids (visits_disagree),field_visit_dwell,0.0,,Patel Nagar,970202,0.85,970202,Patel Nagar
AD002850,AC002208,T1,665.4,2976.9,baseline_street,True,0,,High-precision baseline geocoder (street),baseline_high_precision,0.0,12th cross; 8th main,Anjaneya Badavane,960103,0.0,960103,Anjaneya Badavane
AD002851,AC002209,T2,-569.8,-390.2,baseline_street,True,0,,High-precision baseline geocoder (street),baseline_high_precision,0.0,gali no. 8,Shastri Nagar,970201,0.0,970201,Shastri Nagar
AD002852,AC002210,T3,-286.4,2831.5,visit_1,True,1,Field Remark: Opposite Paani Ki Tanki (conf=0.85),Synthesized from 1 verified field visit dwell centroids (visit_1),field_visit_dwell,0.0,c block; 3rd road,Sunrise Enclave,980304,0.85,980304,Sunrise Enclave
AD002853,AC002211,T2,-72.9,1583.9,baseline_coarse,True,0,,Coarse baseline locality/ward centroid,baseline_coarse,0.0,gali no. 5,Tilak Nagar,970204,0.0,970204,Tilak Nagar
AD002854,AC002212,T2,1440.8,-1984.6,landmark,True,0,Near Church (pin is a guess near this landmark),Promoted to nearest un-repelled landmark POI 'Church',landmark_poi_fallback,0.0,2 gali,Patel Nagar,970202,0.0,970202,Patel Nagar
AD002855,AC002213,T1,2627.8,962.2,landmark,True,0,Near Masjid (pin is a guess near this landmark),Promoted to nearest un-repelled landmark POI 'Masjid',landmark_poi_fallback,0.0,7th cross; 8th main,Vidya Nagar,960103,0.0,960103,Vidya Nagar
AD002856,AC002214,T1,1713.9,-1796.4,baseline_coarse,True,0,,Coarse baseline locality/ward centroid,baseline_coarse,0.0,,,960102,0.0,960102,
AD002857,AC002215,T3,1010.0,-874.3,baseline_coarse,True,0,,Coarse baseline locality/ward centroid,baseline_coarse,0.0,c block; 2nd road,Teachers Colony,980302,0.0,980302,Teachers Colony
AD002858,AC002216,T1,1162.8,-2869.7,visits_agree,True,9,,Synthesized from 9 verified field visit dwell centroids (visits_agree),field_visit_dwell,0.0,8th cross; 8th main,Gandhi Nagar,960102,0.2,960102,Gandhi Nagar
AD002859,AC002217,T2,947.7,2897.3,baseline_coarse,True,0,,Coarse baseline locality/ward centroid,baseline_coarse,0.0,,Azad Mohalla,970203,0.0,970203,Azad Mohalla
AD002860,AC002218,T3,3771.7,597.6,baseline_coarse,True,0,,Coarse baseline locality/ward centroid,baseline_coarse,0.0,c block; 5th road,Lakeview Phase 2,980303,0.0,980303,Lakeview Phase 2
AD002861,AC002219,T1,128.2,2571.4,visit_1,True,1,,Synthesized from 1 verified field visit dwell centroids (visit_1),field_visit_dwell,0.0,10th cross; 3rd main,Anjaneya Badavane,960103,0.2,960103,Anjaneya Badavane
AD002862,AC002220,T3,3382.4,-1869.9,visit_1,True,1,Near Masjid (about 80 m from pin),Synthesized from 1 verified field visit dwell centroids (visit_1),field_visit_dwell,0.0,,Palm Meadows,980302,0.2,980302,Palm Meadows
AD002863,AC002221,T3,-409.1,-3408.0,baseline_coarse,True,0,,Coarse baseline locality/ward centroid,baseline_coarse,0.0,,Orchid Enclave,980301,0.0,980301,Orchid Enclave
AD002864,AC002221,T3,-697.9,-3257.0,visit_1,True,1,Opposite Hanuman Temple (about 120 m from pin),Synthesized from 1 verified field visit dwell centroids (visit_1),field_visit_dwell,0.0,,,980301,0.2,980301,
AD002865,AC002222,T3,-3035.9,-246.8,visit_1,True,1,,Synthesized from 1 verified field visit dwell centroids (visit_1),field_visit_dwell,0.0,,Silver Oak Layout,980301,0.2,980301,Silver Oak Layout
AD002866,AC002223,T3,4012.4,652.7,visit_1,True,1,,Synthesized from 1 verified field visit dwell centroids (visit_1),field_visit_dwell,0.0,,Lakeview Phase 2,980303,0.403,980303,Lakeview Phase 2
AD002867,AC002224,T3,-2340.7,1723.6,visits_agree,True,5,,Synthesized from 5 verified field visit dwell centroids (visits_agree),field_visit_dwell,0.0,,Railway Colony,980304,0.3,980304,Railway Colony
AD002868,AC002225,T1,-640.3,-1408.3,baseline_coarse,True,0,,Coarse baseline locality/ward centroid,baseline_coarse,0.0,9th cross; 7th main,Hosa Badavane,960101,0.0,960101,Hosa Badavane
AD002869,AC002226,T3,-853.4,-708.6,landmark,True,0,Near Ration Shop (pin is a guess near this landmark),Promoted to nearest un-repelled landmark POI 'Ration Shop',landmark_poi_fallback,0.0,d block; 1st rd,HMT Colony,980301,0.0,980301,HMT Colony
AD002870,AC002227,T2,1498.2,-2260.0,visits_agree,True,7,Field Remark: Opposite Dawai Ki Dukaan (conf=0.85),Synthesized from 7 verified field visit dwell centroids (visits_agree),field_visit_dwell,0.0,,Patel Nagar,970202,0.85,970202,Patel Nagar
AD002871,AC002228,T3,913.8,-1116.8,baseline_street,True,0,,High-precision baseline geocoder (street),baseline_high_precision,0.0,a block; 4th road,Teachers Colony,980302,0.0,980302,Teachers Colony
AD002872,AC002229,T2,3288.8,290.9,visits_disagree,True,4,,Synthesized from 4 verified field visit dwell centroids (visits_disagree),field_visit_dwell,0.0,gali no. 2,Nehru Colony,970203,0.425,970203,Nehru Colony
AD002873,AC002230,T3,-2678.2,-543.8,landmark,True,0,Near Church (pin is a guess near this landmark),Promoted to nearest un-repelled landmark POI 'Church',landmark_poi_fallback,0.0,b block; 1st road,Silver Oak Layout,980301,0.0,980301,Silver Oak Layout
AD002874,AC002230,T3,3716.2,548.1,baseline_coarse,True,0,,Coarse baseline locality/ward centroid,baseline_coarse,0.0,,Lakeview Phase 2,980303,0.0,980303,Lakeview Phase 2
AD002875,AC002231,T1,1374.0,256.2,visits_disagree,True,3,,Synthesized from 3 verified field visit dwell centroids (visits_disagree),field_visit_dwell,0.0,8th main,Kuvempu Layout,,0.2,,Kuvempu Layout
AD002876,AC002232,T1,740.2,-3077.2,landmark,True,0,Near Community Hall (pin is a guess near this landmark),Promoted to nearest un-repelled landmark POI 'Community Hall',landmark_poi_fallback,0.0,2nd cross; 2nd main,Gandhi Nagar,960102,0.0,960102,Gandhi Nagar
AD002877,AC002233,T3,-630.2,-485.3,visit_1,True,1,Behind Water Tank (about 140 m from pin),Synthesized from 1 verified field visit dwell centroids (visit_1),field_visit_dwell,0.0,,HMT Colony,980301,0.2,980301,HMT Colony
AD002878,AC002234,T2,2465.6,-710.3,visits_agree,True,3,Field Remark: Opposite Dak Ghar (conf=0.85),Synthesized from 3 verified field visit dwell centroids (visits_agree),field_visit_dwell,0.0,419 gali,Krishna Puri,970202,0.85,970202,Krishna Puri
AD002879,AC002235,T2,2512.4,-1304.3,baseline_coarse,True,0,,Coarse baseline locality/ward centroid,baseline_coarse,0.0,353 gali,Krishna Puri,970202,0.0,970202,Krishna Puri
AD002880,AC002236,T3,-452.0,2927.4,visits_agree,True,4,Field Remark: Opposite Neerina Tank (conf=0.85),Synthesized from 4 verified field visit dwell centroids (visits_agree),field_visit_dwell,0.0,b block; 5th road,Sunrise Enclave,980304,0.85,980304,Sunrise Enclave
AD002881,AC002237,T1,2332.5,921.3,cross_account_street,True,0,,Coarse baseline locality/ward centroid,baseline_coarse,0.0,3rd main,,960103,0.0,960103,
AD002882,AC002238,T1,1201.6,-328.1,visits_agree,True,6,Field Remark: Behind Church (conf=0.80),Synthesized from 6 verified field visit dwell centroids (visits_agree),field_visit_dwell,0.0,4th cross; 5th main,,960102,0.795,960102,
AD002883,AC002239,T1,686.8,-2860.7,baseline_coarse,True,0,,Coarse baseline locality/ward centroid,baseline_coarse,0.0,4th cross; 7th main,Gandhi Nagar,960102,0.0,960102,Gandhi Nagar
AD002884,AC002240,T3,-379.8,-3305.2,visit_1,True,1,,Synthesized from 1 verified field visit dwell centroids (visit_1),field_visit_dwell,0.0,5th rd,Orchid Enclave,980301,0.2,980301,Orchid Enclave
AD002885,AC002240,OUT,,,unmapped_village,False,0,,Village outside mapped urban town coverage; zero baseline geocode and zero field visits,unmapped_village,0.0,,,994403,0.0,994403,
AD002886,AC002241,T1,508.5,-3008.0,baseline_coarse,True,0,,Coarse baseline locality/ward centroid,baseline_coarse,0.0,3rd cross; 7th main,Gandhi Nagar,960102,0.0,960102,Gandhi Nagar
AD002887,AC002241,T1,2627.8,962.2,landmark,True,0,Near Masjid (pin is a guess near this landmark),Promoted to nearest un-repelled landmark POI 'Masjid',landmark_poi_fallback,0.0,,Vidya Nagar,960103,0.0,960103,Vidya Nagar
AD002888,AC002242,T2,2908.5,940.9,landmark,True,0,Near Ration Shop (pin is a guess near this landmark),Promoted to nearest un-repelled landmark POI 'Ration Shop',landmark_poi_fallback,0.0,gali no. 12,Nehru Colony,970203,0.0,970203,Nehru Colony
AD002889,AC002243,T3,4090.5,104.5,visits_disagree,True,5,,Synthesized from 5 verified field visit dwell centroids (visits_disagree),field_visit_dwell,0.0,,Lakeview Phase 2,980303,0.2,980303,Lakeview Phase 2
AD002890,AC002243,T3,-2362.1,1239.0,visit_1,True,1,,Synthesized from 1 verified field visit dwell centroids (visit_1),field_visit_dwell,0.0,c block; 3rd rd,,980304,0.2,980304,
AD002891,AC002244,T3,511.5,-978.0,visits_agree,True,2,,Synthesized from 2 verified field visit dwell centroids (visits_agree),field_visit_dwell,0.0,d block; 3rd road,Teachers Colony,980302,0.2,980302,Teachers Colony
AD002892,AC002245,T3,-2359.3,1492.0,baseline_coarse,True,0,,Coarse baseline locality/ward centroid,baseline_coarse,0.0,3rd road,Railway Colony,980304,0.0,980304,Railway Colony
AD002893,AC002246,T2,1722.9,-2340.4,landmark,True,0,Near Medical Store (pin is a guess near this landmark),Promoted to nearest un-repelled landmark POI 'Medical Store',landmark_poi_fallback,0.0,363 gali,Patel Nagar,970202,0.0,970202,Patel Nagar
AD002894,AC002247,T3,431.5,1548.7,landmark,True,0,Near Bus Stop (pin is a guess near this landmark),Promoted to nearest un-repelled landmark POI 'Bus Stop',landmark_poi_fallback,0.0,,Royal Gardens,980303,0.0,980303,Royal Gardens
AD002895,AC002247,OUT,,,unmapped_village,False,0,,Village outside mapped urban town coverage; zero baseline geocode and zero field visits,unmapped_village,0.0,,,993106,0.0,993106,
AD002896,AC002248,T3,1061.1,-451.9,visits_agree,True,4,,Synthesized from 4 verified field visit dwell centroids (visits_agree),field_visit_dwell,0.0,,Teachers Colony,,0.2,,Teachers Colony
AD002897,AC002248,OUT,,,unmapped_village,False,0,,Village outside mapped urban town coverage; zero baseline geocode and zero field visits,unmapped_village,0.0,,,996395,0.0,996395,
AD002898,AC002249,T3,-408.9,-3529.5,baseline_coarse,True,0,,Coarse baseline locality/ward centroid,baseline_coarse,0.0,,,980304,0.0,980304,
AD002899,AC002250,T2,3064.9,575.3,baseline_coarse,True,0,,Coarse baseline locality/ward centroid,baseline_coarse,0.0,,Nehru Colony,970203,0.0,970203,Nehru Colony
AD002900,AC002251,T3,3238.8,-2095.0,baseline_coarse,True,0,,Coarse baseline locality/ward centroid,baseline_coarse,0.0,,Palm Meadows,980302,0.0,980302,Palm Meadows
AD002901,AC002252,T3,910.2,-1234.0,visits_disagree,True,2,Field Remark: Behind Ration Ki Dukaan (conf=0.83),Synthesized from 2 verified field visit dwell centroids (visits_disagree),field_visit_dwell,0.0,,Teachers Colony,980302,0.83,980302,Teachers Colony
AD002902,AC002253,T3,-283.8,3266.7,baseline_coarse,True,0,,Coarse baseline locality/ward centroid,baseline_coarse,0.0,,Sunrise Enclave,,0.0,,Sunrise Enclave
AD002903,AC002254,T3,-2246.4,1649.8,visits_agree,True,6,,Synthesized from 6 verified field visit dwell centroids (visits_agree),field_visit_dwell,0.0,,Railway Colony,980304,0.2,980304,Railway Colony
AD002904,AC002255,T1,2840.0,-2034.1,baseline_coarse,True,0,,Coarse baseline locality/ward centroid,baseline_coarse,0.0,4th x,Nehru Colony,960102,0.0,960102,Nehru Colony
AD002905,AC002256,T3,802.7,-800.0,baseline_coarse,True,0,,Coarse baseline locality/ward centroid,baseline_coarse,0.0,,Teachers Colony,980302,0.0,980302,Teachers Colony
AD002906,AC002257,T2,-341.5,-653.2,visit_1,True,1,,Synthesized from 1 verified field visit dwell centroids (visit_1),field_visit_dwell,0.0,,Shastri Nagar,970201,0.2,970201,Shastri Nagar
AD002907,AC002257,T2,940.8,2546.9,landmark,True,0,Near Ration Shop (pin is a guess near this landmark),Promoted to nearest un-repelled landmark POI 'Ration Shop',landmark_poi_fallback,1.03,,Azad Mohalla,970203,0.0,970203,Azad Mohalla
AD002908,AC002258,T1,2637.8,-2240.0,baseline_street,True,0,,High-precision baseline geocoder (street),baseline_high_precision,0.0,6th x; 5th main,Nehru Colony,960102,0.0,960102,Nehru Colony
AD002909,AC002258,OUT,,,unmapped_village,False,0,,Village outside mapped urban town coverage; zero baseline geocode and zero field visits,unmapped_village,0.0,,,999580,0.0,999580,
AD002910,AC002259,T1,-622.1,-1083.7,baseline_coarse,True,0,,Coarse baseline locality/ward centroid,baseline_coarse,0.0,2nd main,Hosa Badavane,960101,0.0,960101,Hosa Badavane
AD002911,AC002260,T1,2904.4,-2208.0,visits_disagree,True,8,Behind Community Hall (about 140 m from pin) | Remark Cue: Opposite Kalyana Mantapa (conf=0.85),Synthesized from 8 verified field visit dwell centroids (visits_disagree),field_visit_dwell,0.0,7th cross,Nehru Colony,960102,0.85,960102,Nehru Colony
AD002912,AC002261,T2,2340.3,423.9,visits_disagree,True,2,Field Remark: Beside Bus Stop (conf=0.83),Synthesized from 2 verified field visit dwell centroids (visits_disagree),field_visit_dwell,0.0,,,970203,0.832,970203,
AD002913,AC002261,T2,-491.4,1504.2,visit_1,True,1,,Synthesized from 1 verified field visit dwell centroids (visit_1),field_visit_dwell,0.0,,Tilak Nagar,970204,0.2,970204,Tilak Nagar
AD002914,AC002262,T1,-590.4,-1779.8,visit_1,True,1,,Synthesized from 1 verified field visit dwell centroids (visit_1),field_visit_dwell,0.0,1st cross; 3rd main,,960101,0.2,960101,
AD002915,AC002263,T2,-214.4,-209.1,landmark,True,0,Near Bus Stop (pin is a guess near this landmark),Promoted to nearest un-repelled landmark POI 'Bus Stop',landmark_poi_fallback,0.0,,Shastri Nagar,970201,0.0,970201,Shastri Nagar
AD002916,AC002264,T3,-345.6,-3806.0,visits_agree,True,2,Field Remark: Opposite Ganesh Mandir (conf=0.85),Synthesized from 2 verified field visit dwell centroids (visits_agree),field_visit_dwell,0.0,b block; 4th road,Orchid Enclave,980301,0.85,980301,Orchid Enclave
AD002917,AC002265,T1,-834.6,-2978.5,landmark,True,0,Near Church (pin is a guess near this landmark),Promoted to nearest un-repelled landmark POI 'Church',landmark_poi_fallback,0.0,10th cross; 7th main,Basava Nagar,960101,0.0,960101,Basava Nagar
AD002918,AC002266,T1,2739.7,-2130.3,landmark,True,0,Near Park (pin is a guess near this landmark),Promoted to nearest un-repelled landmark POI 'Park',landmark_poi_fallback,0.0,,Nehru Colony,960102,0.0,960102,Nehru Colony
AD002919,AC002266,OUT,,,unmapped_village,False,0,,Village outside mapped urban town coverage; zero baseline geocode and zero field visits,unmapped_village,0.0,,,991828,0.0,991828,
AD002920,AC002267,T1,2742.7,-2555.4,visits_agree,True,2,,Synthesized from 2 verified field visit dwell centroids (visits_agree),field_visit_dwell,0.0,1st cross; 5th main,Nehru Colony,960102,0.2,960102,Nehru Colony
AD002921,AC002268,T3,-2569.0,1614.1,baseline_coarse,True,0,,Coarse baseline locality/ward centroid,baseline_coarse,0.0,,Railway Colony,980304,0.0,980304,Railway Colony
AD002922,AC002269,T1,782.5,-2683.6,cross_account_street,True,3,Field Remark: Opposite Sarkari Shaale (conf=0.85),Synthesized from 3 verified field visit dwell centroids (visits_disagree),field_visit_dwell,0.0,5th main,Gandhi Nagar,960102,0.85,960102,Gandhi Nagar
AD002923,AC002270,T1,2742.8,-2135.6,baseline_coarse,True,0,,Coarse baseline locality/ward centroid,baseline_coarse,0.0,3rd cross; 2nd main,Nehru Colony,,0.0,,Nehru Colony
AD002924,AC002271,T1,1722.7,-1104.1,baseline_coarse,True,0,,Coarse baseline locality/ward centroid,baseline_coarse,0.0,11th cross; 1st main,Siddeshwara Colony,960102,0.0,960102,Siddeshwara Colony
AD002925,AC002272,T1,2584.0,-1986.4,visits_agree,True,5,Field Remark: Opposite Udyanavana (conf=0.85),Synthesized from 5 verified field visit dwell centroids (visits_agree),field_visit_dwell,0.0,8th x; 2nd main,Nehru Colony,960102,0.85,960102,Nehru Colony
AD002926,AC002273,T3,-3529.2,-882.9,baseline_coarse,True,0,,Coarse baseline locality/ward centroid,baseline_coarse,0.0,,Green Park Layout,980301,0.0,980301,Green Park Layout
AD002927,AC002274,T3,-2185.5,-662.3,baseline_coarse,True,0,,Coarse baseline locality/ward centroid,baseline_coarse,0.0,,,980301,0.0,980301,
AD002928,AC002275,T1,1166.8,-3175.7,visits_agree,True,7,Field Remark: Opposite Ganesh Temple (conf=0.85),Synthesized from 7 verified field visit dwell centroids (visits_agree),field_visit_dwell,0.0,4th x; 8th main,Gandhi Nagar,960102,0.85,960102,Gandhi Nagar
AD002929,AC002275,T1,1092.3,-419.8,landmark,True,0,Near Hanuman Temple (pin is a guess near this landmark),Promoted to nearest un-repelled landmark POI 'Hanuman Temple',landmark_poi_fallback,0.0,1st cross; 6th main,Kuvempu Layout,960102,0.0,960102,Kuvempu Layout
AD002930,AC002276,T2,-570.9,3061.4,baseline_coarse,True,0,,Coarse baseline locality/ward centroid,baseline_coarse,0.0,435 gali,Ambedkar Nagar,970204,0.0,970204,Ambedkar Nagar
AD002931,AC002277,T2,2587.3,-1334.5,baseline_coarse,True,0,,Coarse baseline locality/ward centroid,baseline_coarse,0.0,,Krishna Puri,970202,0.0,970202,Krishna Puri
AD002932,AC002278,T3,-625.4,-3460.1,visits_disagree,True,4,Opposite Hanuman Temple (about 90 m from pin) | Remark Cue: Opposite Hanuman Mandir (conf=0.85),Synthesized from 4 verified field visit dwell centroids (visits_disagree),field_visit_dwell,0.0,,Orchid Enclave,980301,0.85,980301,Orchid Enclave
AD002933,AC002279,T3,913.8,-717.6,visits_agree,True,5,Field Remark: Opposite Ganesh Temple (conf=0.85),Synthesized from 5 verified field visit dwell centroids (visits_agree),field_visit_dwell,0.0,,Teachers Colony,980302,0.85,980302,Teachers Colony
AD002934,AC002280,T3,1516.3,-2047.5,baseline_coarse,True,0,,Coarse baseline locality/ward centroid,baseline_coarse,0.0,,,980302,0.0,980302,
AD002935,AC002281,T3,-268.3,-3571.6,baseline_coarse,True,0,,Coarse baseline locality/ward centroid,baseline_coarse,0.0,,Orchid Enclave,980301,0.0,980301,Orchid Enclave
AD002936,AC002282,T2,1127.5,2974.6,visits_agree,True,6,Field Remark: Near Ganesh Mandir (conf=0.80),Synthesized from 6 verified field visit dwell centroids (visits_agree),field_visit_dwell,0.0,,Azad Mohalla,970203,0.795,970203,Azad Mohalla
AD002937,AC002282,OUT,,,unmapped_village,False,0,,Village outside mapped urban town coverage; zero baseline geocode and zero field visits,unmapped_village,0.0,,,997028,0.0,997028,
AD002938,AC002283,T1,2129.0,991.8,visits_agree,True,3,,Synthesized from 3 verified field visit dwell centroids (visits_agree),field_visit_dwell,0.0,,Vidya Nagar,,0.2,,Vidya Nagar
AD002939,AC002284,T3,-2240.9,1633.7,baseline_coarse,True,0,,Coarse baseline locality/ward centroid,baseline_coarse,0.0,,Railway Colony,980304,0.0,980304,Railway Colony
AD002940,AC002285,T1,-519.4,-1252.3,baseline_coarse,True,0,,Coarse baseline locality/ward centroid,baseline_coarse,0.0,12th x; 5th main,Hosa Badavane,960101,0.0,960101,Hosa Badavane
AD002941,AC002285,T1,560.3,-2950.9,baseline_coarse,True,0,,Coarse baseline locality/ward centroid,baseline_coarse,0.0,12th cross; 6th main,Gandhi Nagar,,0.0,,Gandhi Nagar
AD002942,AC002286,T2,1273.7,1633.5,baseline_street,True,0,,High-precision baseline geocoder (street),baseline_high_precision,0.0,gali no. 9,Gandhi Basti,970203,0.0,970203,Gandhi Basti
AD002943,AC002287,T3,-2344.3,-89.0,visit_1,True,1,Field Remark: Opposite Sarkari School (conf=0.85),Synthesized from 1 verified field visit dwell centroids (visit_1),field_visit_dwell,0.0,f block; 4th road,Silver Oak Layout,980301,0.85,980301,Silver Oak Layout
AD002944,AC002287,T3,-2429.0,-265.2,baseline_coarse,True,0,,Coarse baseline locality/ward centroid,baseline_coarse,0.0,e block; 2nd road,,980304,0.0,980304,
AD002945,AC002288,T2,2958.1,214.7,landmark,True,0,Near Community Hall (pin is a guess near this landmark) | Remark Cue: Near Barat Ghar (conf=0.82),Promoted to nearest un-repelled landmark POI 'Community Hall',landmark_poi_fallback,0.0,23 gali,Nehru Colony,,0.819,,Nehru Colony
AD002946,AC002288,OUT,,,unmapped_village,False,0,,Village outside mapped urban town coverage; zero baseline geocode and zero field visits,unmapped_village,0.0,,,996476,0.0,996476,
AD002947,AC002289,T2,933.9,299.4,landmark,True,0,Behind Post Office (pin is a guess near this landmark),Promoted to nearest un-repelled landmark POI 'Post Office',landmark_poi_fallback,0.0,,Indira Colony,,0.0,,Indira Colony
AD002948,AC002290,T2,2430.7,-1073.0,baseline_coarse,True,0,,Coarse baseline locality/ward centroid,baseline_coarse,0.0,,Krishna Puri,970202,0.0,970202,Krishna Puri
AD002949,AC002290,T2,1126.2,-65.1,baseline_coarse,True,0,,Coarse baseline locality/ward centroid,baseline_coarse,0.0,,Indira Colony,970202,0.0,970202,Indira Colony
AD002950,AC002291,T1,-1008.5,-3226.7,baseline_coarse,True,0,,Coarse baseline locality/ward centroid,baseline_coarse,0.0,,Basava Nagar,961001,0.0,961001,Basava Nagar
AD002951,AC002291,OUT,,,unmapped_village,False,0,,Village outside mapped urban town coverage; zero baseline geocode and zero field visits,unmapped_village,0.0,,,994907,0.0,994907,
AD002952,AC002292,T1,1631.8,-800.8,landmark,True,0,Near Milk Dairy (pin is a guess near this landmark),Promoted to nearest un-repelled landmark POI 'Milk Dairy',landmark_poi_fallback,0.0,,Siddeshwara Colony,,0.0,,Siddeshwara Colony
AD002953,AC002293,T2,2412.2,-1777.4,visits_disagree,True,2,,Synthesized from 2 verified field visit dwell centroids (visits_disagree),field_visit_dwell,0.0,gali no. 1,,970202,0.2,970202,
AD002954,AC002294,T1,-1121.2,-3036.6,baseline_coarse,True,0,,Coarse baseline locality/ward centroid,baseline_coarse,0.0,4th x; 6th main,Basava Nagar,960101,0.0,960101,Basava Nagar
AD002955,AC002294,T1,1501.6,-1185.9,landmark,True,0,Near Masjid (pin is a guess near this landmark),Promoted to nearest un-repelled landmark POI 'Masjid',landmark_poi_fallback,0.0,1st cross; 3rd main,,960102,0.0,960102,
AD002956,AC002295,T3,-3034.2,-201.5,visits_agree,True,2,,Synthesized from 2 verified field visit dwell centroids (visits_agree),field_visit_dwell,0.0,,Silver Oak Layout,980301,0.2,980301,Silver Oak Layout
AD002957,AC002296,T2,528.6,-2959.5,baseline_coarse,True,0,,Coarse baseline locality/ward centroid,baseline_coarse,0.0,464 gali,Shivaji Nagar,,0.0,,Shivaji Nagar
AD002958,AC002296,T2,1388.1,1115.9,landmark,True,0,Near Bus Stop (pin is a guess near this landmark),Promoted to nearest un-repelled landmark POI 'Bus Stop',landmark_poi_fallback,0.0,gali no. 4,,970203,0.0,970203,
AD002959,AC002297,T3,-2450.1,-530.8,visits_disagree,True,5,Opposite Masjid (about 30 m from pin),Synthesized from 5 verified field visit dwell centroids (visits_disagree),field_visit_dwell,0.0,,Silver Oak Layout,980301,0.2,980301,Silver Oak Layout
AD002960,AC002298,T3,-432.7,-3506.1,baseline_street,True,0,,High-precision baseline geocoder (street),baseline_high_precision,0.0,2nd road,Orchid Enclave,980301,0.0,980301,Orchid Enclave
AD002961,AC002299,T2,1002.9,2713.9,baseline_coarse,True,0,,Coarse baseline locality/ward centroid,baseline_coarse,0.0,gali no. 5,Azad Mohalla,970203,0.0,970203,Azad Mohalla
AD002962,AC002300,T2,976.6,3136.1,visits_agree,True,6,Field Remark: Beside Petrol Pump (conf=0.83),Synthesized from 6 verified field visit dwell centroids (visits_agree),field_visit_dwell,0.0,,Azad Mohalla,970203,0.832,970203,Azad Mohalla
AD002963,AC002300,OUT,,,unmapped_village,False,0,,Village outside mapped urban town coverage; zero baseline geocode and zero field visits,unmapped_village,0.0,,,994288,0.0,994288,
AD002964,AC002301,T3,-2713.8,1918.1,visits_agree,True,2,,Synthesized from 2 verified field visit dwell centroids (visits_agree),field_visit_dwell,0.0,,Railway Colony,980304,0.2,980304,Railway Colony
AD002965,AC002302,T1,-700.0,-1242.5,baseline_coarse,True,0,,Coarse baseline locality/ward centroid,baseline_coarse,0.0,11th cross; 1st main,Hosa Badavane,960101,0.0,960101,Hosa Badavane
AD002966,AC002303,T2,418.0,2576.3,visits_agree,True,5,Opposite Community Hall (about 110 m from pin),Synthesized from 5 verified field visit dwell centroids (visits_agree),field_visit_dwell,0.0,375 gali,Azad Mohalla,970203,0.2,970203,Azad Mohalla
AD002967,AC002304,T1,-1246.7,-3.8,visits_agree,True,3,Near Medical Store (about 60 m from pin) | Remark Cue: Opposite Medicals (conf=0.85),Synthesized from 3 verified field visit dwell centroids (visits_agree),field_visit_dwell,0.0,2nd cross; 2nd main,Ashoka Layout,960104,0.85,960104,Ashoka Layout
AD002968,AC002305,T3,3929.9,720.8,visits_agree,True,2,,Synthesized from 2 verified field visit dwell centroids (visits_agree),field_visit_dwell,0.0,f block; 3rd road,Lakeview Phase 2,980303,0.2,980303,Lakeview Phase 2
AD002969,AC002306,T3,1007.5,-3914.8,baseline_coarse,True,0,,Coarse baseline locality/ward centroid,baseline_coarse,0.0,,,980301,0.0,980301,
AD002970,AC002306,T3,-1239.1,-2298.0,landmark,True,0,Near Church (pin is a guess near this landmark),Promoted to nearest un-repelled landmark POI 'Church',landmark_poi_fallback,0.0,,Defence Colony,980301,0.0,980301,Defence Colony
AD002971,AC002307,T2,2048.1,-1324.2,landmark,True,0,Behind Masjid (pin is a guess near this landmark),Promoted to nearest un-repelled landmark POI 'Masjid',landmark_poi_fallback,0.0,,Krishna Puri,970202,0.0,970202,Krishna Puri
AD002972,AC002307,T2,2083.6,1623.1,landmark,True,0,Near Community Hall (pin is a guess near this landmark),Promoted to nearest un-repelled landmark POI 'Community Hall',landmark_poi_fallback,0.0,gali no. 5,Ram Nagar,970203,0.0,970203,Ram Nagar
AD002973,AC002308,T2,1156.6,-2177.6,visits_disagree,True,5,Near Govt School (about 140 m from pin) | Remark Cue: Behind Sarkari School (conf=0.83),Synthesized from 5 verified field visit dwell centroids (visits_disagree),field_visit_dwell,0.0,,,970202,0.83,970202,
AD002974,AC002309,T2,1440.8,-1984.6,landmark,True,0,Near Church (pin is a guess near this landmark),Promoted to nearest un-repelled landmark POI 'Church',landmark_poi_fallback,0.0,,Patel Nagar,970202,0.0,970202,Patel Nagar
AD002975,AC002310,T2,2343.2,1984.5,baseline_coarse,True,0,,Coarse baseline locality/ward centroid,baseline_coarse,0.0,gali no. 7,Ram Nagar,970203,0.0,970203,Ram Nagar
AD002976,AC002311,T2,1385.4,-1659.8,visit_1,True,1,Field Remark: Near Barat Ghar (conf=0.82),Synthesized from 1 verified field visit dwell centroids (visit_1),field_visit_dwell,0.0,gali no. 12,Patel Nagar,970202,0.819,970202,Patel Nagar
AD002977,AC002312,T3,-2666.3,-491.8,visits_agree,True,6,,Synthesized from 6 verified field visit dwell centroids (visits_agree),field_visit_dwell,0.0,5th road,Green Park Layout,980301,0.2,980301,Green Park Layout
AD002978,AC002313,T1,2870.3,-2346.1,landmark,True,0,Near Hanuman Temple (pin is a guess near this landmark),Promoted to nearest un-repelled landmark POI 'Hanuman Temple',landmark_poi_fallback,0.0,,Nehru Colony,960102,0.0,960102,Nehru Colony
AD002979,AC002314,T1,1354.2,172.4,visits_agree,True,2,Behind Govt School (about 150 m from pin) | Remark Cue: Opposite Sarkari Shaale (conf=0.85),Synthesized from 2 verified field visit dwell centroids (visits_agree),field_visit_dwell,0.0,,,,0.85,,
AD002980,AC002315,T1,671.1,-3184.1,baseline_coarse,True,0,,Coarse baseline locality/ward centroid,baseline_coarse,0.0,3rd; 6th main,Gandhi Nagar,960102,0.0,960102,Gandhi Nagar
AD002981,AC002316,T3,3925.0,539.3,visits_agree,True,2,,Synthesized from 2 verified field visit dwell centroids (visits_agree),field_visit_dwell,0.0,,Lakeview Phase 2,980303,0.2,980303,Lakeview Phase 2
AD002982,AC002317,T3,3065.0,-2330.8,visits_agree,True,3,Opposite Milk Dairy (pin is at this landmark) | Remark Cue: Behind Milk Booth (conf=0.83),Synthesized from 3 verified field visit dwell centroids (visits_agree),field_visit_dwell,0.0,,Palm Meadows,980302,0.83,980302,Palm Meadows
AD002983,AC002318,T1,-2822.2,850.7,visits_disagree,True,4,,Synthesized from 4 verified field visit dwell centroids (visits_disagree),field_visit_dwell,0.0,4th main,,960104,0.2,960104,
AD002984,AC002319,T2,1353.4,2759.7,cross_account_street,True,0,,Coarse baseline locality/ward centroid,baseline_coarse,0.0,gali no. 8,Azad Mohalla,970203,0.0,970203,Azad Mohalla
AD002985,AC002319,OUT,,,unmapped_village,False,0,,Village outside mapped urban town coverage; zero baseline geocode and zero field visits,unmapped_village,0.0,,,993588,0.0,993588,
AD002986,AC002320,T3,3789.2,102.4,visit_1,True,1,Field Remark: Near Bus Nildana (conf=0.82),Synthesized from 1 verified field visit dwell centroids (visit_1),field_visit_dwell,0.0,b block; 3rd road,Lakeview Phase 2,980303,0.819,980303,Lakeview Phase 2
AD002987,AC002321,T1,730.4,-3301.6,visit_1,True,1,Field Remark: Behind Kalyana Mantapa (conf=0.83),Synthesized from 1 verified field visit dwell centroids (visit_1),field_visit_dwell,0.0,3rd cross,Gandhi Nagar,960102,0.83,960102,Gandhi Nagar
AD002988,AC002322,T3,3028.2,-2030.2,visits_disagree,True,2,Field Remark: Opposite Milk Booth (conf=0.85),Synthesized from 2 verified field visit dwell centroids (visits_disagree),field_visit_dwell,0.0,,Palm Meadows,980302,0.85,980302,Palm Meadows
AD002989,AC002323,T3,-2628.9,1730.9,visit_1,True,1,,Synthesized from 1 verified field visit dwell centroids (visit_1),field_visit_dwell,0.0,,Railway Colony,980304,0.2,980304,Railway Colony
AD002990,AC002324,T3,-963.6,-311.3,visit_1,True,1,Field Remark: Beside Sarkari School (conf=0.83),Synthesized from 1 verified field visit dwell centroids (visit_1),field_visit_dwell,0.0,,HMT Colony,980301,0.832,980301,HMT Colony
AD002991,AC002325,T1,2537.5,-2211.9,visits_agree,True,2,,Synthesized from 2 verified field visit dwell centroids (visits_agree),field_visit_dwell,0.0,5th cross; 2nd main,Nehru Colony,960102,0.2,960102,Nehru Colony
AD002992,AC002326,T2,-651.2,-773.0,landmark,True,0,Near Masjid (pin is a guess near this landmark),Promoted to nearest un-repelled landmark POI 'Masjid',landmark_poi_fallback,0.0,61 gali,Shastri Nagar,970201,0.0,970201,Shastri Nagar
AD002993,AC002327,T1,293.9,-2746.9,visits_agree,True,2,Opposite Hanuman Temple (about 120 m from pin) | Remark Cue: Near Anjaneya Swamy Temple (conf=0.82),Synthesized from 2 verified field visit dwell centroids (visits_agree),field_visit_dwell,0.0,1st main,Gandhi Nagar,960102,0.819,960102,Gandhi Nagar
AD002994,AC002328,T1,-2018.6,-2173.4,landmark,True,0,Near Bus Stop (pin is a guess near this landmark),Promoted to nearest un-repelled landmark POI 'Bus Stop',landmark_poi_fallback,0.0,,Shanthi Nagar,960101,0.0,960101,Shanthi Nagar
AD002995,AC002329,T1,976.4,233.6,visit_1,True,1,Near Ration Shop (about 170 m from pin),Synthesized from 1 verified field visit dwell centroids (visit_1),field_visit_dwell,0.0,12th x; 4th main,Kuvempu Layout,960102,0.3,960102,Kuvempu Layout
AD002996,AC002330,T1,-750.8,-1527.6,visits_agree,True,4,Field Remark: Opposite Kalyana Mantapa (conf=0.85),Synthesized from 4 verified field visit dwell centroids (visits_agree),field_visit_dwell,0.0,5th cross; 2nd main,Hosa Badavane,960101,0.85,960101,Hosa Badavane
AD002997,AC002331,T3,2885.2,-2015.9,visits_agree,True,2,,Synthesized from 2 verified field visit dwell centroids (visits_agree),field_visit_dwell,0.0,,Palm Meadows,980302,0.398,980302,Palm Meadows
AD002998,AC002331,OUT,,,unmapped_village,False,0,,Village outside mapped urban town coverage; zero baseline geocode and zero field visits,unmapped_village,0.0,,,999490,0.0,999490,
AD002999,AC002332,T2,-1168.0,3189.9,baseline_street,True,0,,High-precision baseline geocoder (street),baseline_high_precision,0.0,gali 5,Ambedkar Nagar,,0.0,,Ambedkar Nagar
AD003000,AC002333,T1,817.7,172.4,landmark,True,0,Near Ration Shop (pin is a guess near this landmark),Promoted to nearest un-repelled landmark POI 'Ration Shop',landmark_poi_fallback,0.0,1st cross; 7th main,Kuvempu Layout,960102,0.0,960102,Kuvempu Layout
AD003001,AC002333,OUT,,,unmapped_village,False,0,,Village outside mapped urban town coverage; zero baseline geocode and zero field visits,unmapped_village,0.0,,,993879,0.0,993879,
AD003002,AC002334,T2,1728.0,-1906.3,visit_1,True,1,,Synthesized from 1 verified field visit dwell centroids (visit_1),field_visit_dwell,0.0,gali 8,Patel Nagar,970202,0.2,970202,Patel Nagar
AD003003,AC002335,T2,1508.7,-1034.7,baseline_coarse,True,0,,Coarse baseline locality/ward centroid,baseline_coarse,0.0,,,970202,0.0,970202,
AD003004,AC002336,T1,2984.7,-2513.8,visits_disagree,True,6,Field Remark: Behind Milk Dairy (conf=0.80),Synthesized from 6 verified field visit dwell centroids (visits_disagree),field_visit_dwell,0.0,,Nehru Colony,960102,0.795,960102,Nehru Colony
AD003005,AC002336,T1,-2079.8,-2216.3,visit_1,True,1,Opposite Bus Stop (about 70 m from pin),Synthesized from 1 verified field visit dwell centroids (visit_1),field_visit_dwell,0.0,,,960101,0.2,960101,
AD003006,AC002337,T1,490.6,-3208.3,baseline_coarse,True,0,,Coarse baseline locality/ward centroid,baseline_coarse,0.0,,Gandhi Nagar,961002,0.0,961002,Gandhi Nagar
AD003007,AC002338,T2,884.0,2753.0,visit_1,True,1,Near Govt School (about 170 m from pin),Synthesized from 1 verified field visit dwell centroids (visit_1),field_visit_dwell,0.0,,Azad Mohalla,970203,0.2,970203,Azad Mohalla
AD003008,AC002338,T2,1397.8,-82.2,visit_1,True,1,Field Remark: Near Medical Store (conf=0.80),Synthesized from 1 verified field visit dwell centroids (visit_1),field_visit_dwell,0.0,,Indira Colony,970202,0.795,970202,Indira Colony
AD003009,AC002339,T3,-261.0,3381.3,baseline_street,True,0,,High-precision baseline geocoder (street),baseline_high_precision,0.0,f block; 5th road,Sunrise Enclave,,0.0,,Sunrise Enclave
AD003010,AC002340,T1,-1113.4,-3087.4,visits_agree,True,4,Field Remark: Opposite Neerina Tank (conf=0.85),Synthesized from 4 verified field visit dwell centroids (visits_agree),field_visit_dwell,0.0,7th cross; 4th main,Basava Nagar,960101,0.85,960101,Basava Nagar
AD003011,AC002340,T1,1737.7,-649.3,visits_agree,True,2,Field Remark: Opposite Pds Shop (conf=0.85),Synthesized from 2 verified field visit dwell centroids (visits_agree),field_visit_dwell,0.0,11th cross; 2nd main,Siddeshwara Colony,960102,0.85,960102,Siddeshwara Colony
AD003012,AC002341,T3,-652.7,-3836.1,visits_agree,True,3,,Synthesized from 3 verified field visit dwell centroids (visits_agree),field_visit_dwell,0.0,2nd rd,Orchid Enclave,980301,0.2,980301,Orchid Enclave
AD003013,AC002342,T2,1526.2,-2485.0,visits_disagree,True,6,,Synthesized from 6 verified field visit dwell centroids (visits_disagree),field_visit_dwell,0.0,337 gali,Patel Nagar,970202,0.2,970202,Patel Nagar
AD003014,AC002342,T2,3211.2,640.9,visits_disagree,True,2,,Synthesized from 2 verified field visit dwell centroids (visits_disagree),field_visit_dwell,0.0,gali 7,Nehru Colony,970203,0.2,970203,Nehru Colony
AD003015,AC002343,T2,971.9,2458.4,visits_agree,True,7,Opposite Ration Shop (about 90 m from pin),Synthesized from 7 verified field visit dwell centroids (visits_agree),field_visit_dwell,0.0,,Azad Mohalla,970203,0.2,970203,Azad Mohalla
AD003016,AC002344,T1,2452.2,629.0,visits_disagree,True,5,Field Remark: Opposite Post Office (conf=0.85),Synthesized from 5 verified field visit dwell centroids (visits_disagree),field_visit_dwell,0.0,1st cross; 4th main,Vidya Nagar,960103,0.85,960103,Vidya Nagar
AD003017,AC002345,T2,2578.6,-1291.4,baseline_coarse,True,0,,Coarse baseline locality/ward centroid,baseline_coarse,0.0,,Krishna Puri,970202,0.0,970202,Krishna Puri
AD003018,AC002345,T2,1213.8,2524.6,landmark,True,0,Near Medical Store (pin is a guess near this landmark),Promoted to nearest un-repelled landmark POI 'Medical Store',landmark_poi_fallback,0.0,,Azad Mohalla,970203,0.0,970203,Azad Mohalla
AD003019,AC002346,T2,668.6,2784.3,visits_agree,True,4,Field Remark: Near Bagicha (conf=0.82),Synthesized from 4 verified field visit dwell centroids (visits_agree),field_visit_dwell,0.0,478 gali,Azad Mohalla,970203,0.819,970203,Azad Mohalla
AD003020,AC002347,T1,-1550.8,649.1,landmark,True,0,Behind Hanuman Temple (pin is a guess near this landmark),Promoted to nearest un-repelled landmark POI 'Hanuman Temple',landmark_poi_fallback,0.0,10th cross; 3rd main,,960104,0.0,960104,
AD003021,AC002347,OUT,,,unmapped_village,False,0,,Village outside mapped urban town coverage; zero baseline geocode and zero field visits,unmapped_village,0.0,,,996584,0.0,996584,
AD003022,AC002348,T3,732.3,-1067.4,landmark,True,0,Near Church (pin is a guess near this landmark),Promoted to nearest un-repelled landmark POI 'Church',landmark_poi_fallback,0.0,,Teachers Colony,,0.0,,Teachers Colony
AD003023,AC002348,OUT,,,unmapped_village,False,0,,Village outside mapped urban town coverage; zero baseline geocode and zero field visits,unmapped_village,0.0,,,996375,0.0,996375,
AD003024,AC002349,T2,815.7,2749.5,baseline_coarse,True,0,,Coarse baseline locality/ward centroid,baseline_coarse,0.0,gali no. 7,Azad Mohalla,970203,0.0,970203,Azad Mohalla
AD003025,AC002349,T2,1252.3,-2490.2,baseline_street,True,0,,High-precision baseline geocoder (street),baseline_high_precision,0.0,gali 3,,970201,0.0,970201,
AD003026,AC002350,T1,2906.2,-2465.7,visits_agree,True,5,,Synthesized from 5 verified field visit dwell centroids (visits_agree),field_visit_dwell,0.0,6th main,Nehru Colony,960102,0.2,960102,Nehru Colony
AD003027,AC002351,T1,2081.2,1144.7,visits_agree,True,2,Field Remark: Opposite Hanuman Temple (conf=0.85),Synthesized from 2 verified field visit dwell centroids (visits_agree),field_visit_dwell,0.0,,Vidya Nagar,960103,0.85,960103,Vidya Nagar
AD003028,AC002352,T1,-1122.4,327.5,landmark,True,0,Near Ganesh Temple (pin is a guess near this landmark),Promoted to nearest un-repelled landmark POI 'Ganesh Temple',landmark_poi_fallback,0.0,6th main,Ashoka Layout,960104,0.0,960104,Ashoka Layout
AD003029,AC002353,T3,-639.9,-3367.2,landmark,True,0,Near Hanuman Temple (pin is a guess near this landmark),Promoted to nearest un-repelled landmark POI 'Hanuman Temple',landmark_poi_fallback,0.0,,Orchid Enclave,980301,0.0,980301,Orchid Enclave
AD003030,AC002354,T1,2856.1,-1946.7,visit_1,True,1,Near Community Hall (about 190 m from pin),Synthesized from 1 verified field visit dwell centroids (visit_1),field_visit_dwell,0.0,,Nehru Colony,960102,0.2,960102,Nehru Colony
AD003031,AC002354,T1,-523.1,-1063.1,baseline_street,True,0,,High-precision baseline geocoder (rooftop),baseline_high_precision,0.0,9th cross; 5th main,,960101,0.0,960101,
AD003032,AC002355,T2,2447.4,-1191.9,landmark,True,0,Near Post Office (pin is a guess near this landmark),Promoted to nearest un-repelled landmark POI 'Post Office',landmark_poi_fallback,0.0,gali no. 10,Krishna Puri,970202,0.0,970202,Krishna Puri
AD003033,AC002355,OUT,,,unmapped_village,False,0,,Village outside mapped urban town coverage; zero baseline geocode and zero field visits,unmapped_village,0.0,,,997473,0.0,997473,
AD003034,AC002356,T3,919.4,-866.2,baseline_coarse,True,0,,Coarse baseline locality/ward centroid,baseline_coarse,0.0,,Teachers Colony,980302,0.0,980302,Teachers Colony
AD003035,AC002357,T1,2331.0,1450.7,visits_agree,True,2,Field Remark: Behind Bus Stop (conf=0.83),Synthesized from 2 verified field visit dwell centroids (visits_agree),field_visit_dwell,0.0,,Vidya Nagar,960103,0.83,960103,Vidya Nagar
AD003036,AC002357,T1,2467.9,1182.6,baseline_street,True,0,,High-precision baseline geocoder (street),baseline_high_precision,0.0,4th main,Vidya Nagar,960103,0.0,960103,Vidya Nagar
AD003037,AC002358,T2,2529.2,509.4,baseline_street,True,0,,High-precision baseline geocoder (street),baseline_high_precision,0.0,gali 6,Nehru Colony,970203,0.0,970203,Nehru Colony
AD003038,AC002359,T2,3316.0,761.7,visit_1,True,1,Field Remark: Near Bagicha (conf=0.82),Synthesized from 1 verified field visit dwell centroids (visit_1),field_visit_dwell,0.0,,Nehru Colony,970203,0.819,970203,Nehru Colony
AD003039,AC002360,T3,-2676.5,1609.6,baseline_coarse,True,0,,Coarse baseline locality/ward centroid,baseline_coarse,0.0,,Railway Colony,,0.0,,Railway Colony
AD003040,AC002361,T2,-1740.4,-2787.2,baseline_coarse,True,0,,Coarse baseline locality/ward centroid,baseline_coarse,0.0,gali 5,Subhash Nagar,970201,0.0,970201,Subhash Nagar
AD003041,AC002362,T1,735.8,-220.2,visits_agree,True,4,Field Remark: Opposite Ganapathi Temple (conf=0.85),Synthesized from 4 verified field visit dwell centroids (visits_agree),field_visit_dwell,0.0,1st main,,960104,0.85,960104,
AD003042,AC002362,T1,990.6,19.4,baseline_coarse,True,0,,Coarse baseline locality/ward centroid,baseline_coarse,0.0,10th x; 6th main,,960103,0.0,960103,
AD003043,AC002363,T1,428.7,2225.7,baseline_coarse,True,0,,Coarse baseline locality/ward centroid,baseline_coarse,0.0,10th cross; 6th main,Anjaneya Badavane,960103,0.0,960103,Anjaneya Badavane
AD003044,AC002364,T2,1215.1,-2557.3,visits_disagree,True,7,Opposite Masjid (about 140 m from pin),Synthesized from 7 verified field visit dwell centroids (visits_disagree),field_visit_dwell,0.0,gali no. 1,Patel Nagar,970202,0.2,970202,Patel Nagar
AD003045,AC002365,T2,2945.4,-1265.5,visits_agree,True,5,Field Remark: Opposite Ganesh Mandir (conf=0.85),Synthesized from 5 verified field visit dwell centroids (visits_agree),field_visit_dwell,0.0,300 gali,Krishna Puri,970202,0.85,970202,Krishna Puri
AD003046,AC002366,T3,-3990.5,-1086.5,landmark,True,0,Near Hanuman Temple (pin is a guess near this landmark),Promoted to nearest un-repelled landmark POI 'Hanuman Temple',landmark_poi_fallback,0.0,,Green Park Layout,,0.0,,Green Park Layout
AD003047,AC002366,T3,-3974.0,-1113.7,baseline_coarse,True,0,,Coarse baseline locality/ward centroid,baseline_coarse,0.0,e block; 2nd road,Green Park Layout,980301,0.0,980301,Green Park Layout
AD003048,AC002367,T1,-2418.9,-2368.6,baseline_coarse,True,0,,Coarse baseline locality/ward centroid,baseline_coarse,0.0,12th cross,Shanthi Nagar,,0.0,,Shanthi Nagar
AD003049,AC002368,T1,-2508.2,-2473.3,baseline_street,True,0,,High-precision baseline geocoder (street),baseline_high_precision,0.0,1st main,Shanthi Nagar,960101,0.0,960101,Shanthi Nagar
AD003050,AC002369,T2,794.1,2623.1,visits_agree,True,6,Field Remark: Behind Sarkari School (conf=0.83),Synthesized from 6 verified field visit dwell centroids (visits_agree),field_visit_dwell,0.0,,Azad Mohalla,970203,0.83,970203,Azad Mohalla
AD003051,AC002370,T1,2870.3,-2346.1,landmark,True,0,Near Hanuman Temple (pin is a guess near this landmark),Promoted to nearest un-repelled landmark POI 'Hanuman Temple',landmark_poi_fallback,0.04,4th x; 4th main,Nehru Colony,960102,0.0,960102,Nehru Colony
AD003052,AC002371,T2,611.9,-2869.8,baseline_coarse,True,0,,Coarse baseline locality/ward centroid,baseline_coarse,0.0,gali 4,Shivaji Nagar,970202,0.0,970202,Shivaji Nagar
AD003053,AC002372,T1,3256.0,-2207.1,visit_1,True,1,,Synthesized from 1 verified field visit dwell centroids (visit_1),field_visit_dwell,0.0,8th main,Nehru Colony,960102,0.2,960102,Nehru Colony
AD003054,AC002372,T1,-2784.3,1198.3,baseline_coarse,True,0,,Coarse baseline locality/ward centroid,baseline_coarse,0.0,11th cross; 8th main,Vinayaka Nagar,960104,0.0,960104,Vinayaka Nagar
AD003055,AC002373,T3,3890.6,687.3,visits_agree,True,2,,Synthesized from 2 verified field visit dwell centroids (visits_agree),field_visit_dwell,0.0,f block; 6th road,Lakeview Phase 2,980303,0.3,980303,Lakeview Phase 2
AD003056,AC002374,T1,-724.9,-3068.0,cross_account_street,True,0,,Coarse baseline locality/ward centroid,baseline_coarse,0.0,7th cross; 7th main,,960101,0.0,960101,
AD003057,AC002375,T2,-310.8,990.8,landmark,True,0,Near Masjid (pin is a guess near this landmark),Promoted to nearest un-repelled landmark POI 'Masjid',landmark_poi_fallback,0.0,,Tilak Nagar,970204,0.0,970204,Tilak Nagar
AD003058,AC002376,T2,-643.5,1512.2,landmark,True,0,Near Petrol Bunk (pin is a guess near this landmark),Promoted to nearest un-repelled landmark POI 'Petrol Bunk',landmark_poi_fallback,0.0,3 gali,Tilak Nagar,970204,0.0,970204,Tilak Nagar
AD003059,AC002377,T1,3049.4,-2157.6,landmark,True,0,Near Ration Shop (pin is a guess near this landmark),Promoted to nearest un-repelled landmark POI 'Ration Shop',landmark_poi_fallback,0.0,7th cross; 8th main,Nehru Colony,960102,0.0,960102,Nehru Colony
AD003060,AC002378,T2,855.0,2780.8,visits_agree,True,9,Field Remark: Near Sarkari School (conf=0.82),Synthesized from 9 verified field visit dwell centroids (visits_agree),field_visit_dwell,0.0,,Azad Mohalla,970203,0.819,970203,Azad Mohalla
AD003061,AC002378,OUT,,,unmapped_village,False,0,,Village outside mapped urban town coverage; zero baseline geocode and zero field visits,unmapped_village,0.0,,,991141,0.0,991141,
AD003062,AC002379,T2,1219.0,-157.6,baseline_street,True,0,,High-precision baseline geocoder (street),baseline_high_precision,0.0,gali 8,Indira Colony,970202,0.0,970202,Indira Colony
AD003063,AC002380,T3,748.3,-746.9,baseline_street,True,0,,High-precision baseline geocoder (street),baseline_high_precision,0.0,,Teachers Colony,980302,0.0,980302,Teachers Colony
AD003064,AC002380,T3,3231.2,-1663.6,landmark,True,0,Near Ration Shop (pin is a guess near this landmark),Promoted to nearest un-repelled landmark POI 'Ration Shop',landmark_poi_fallback,0.0,e block; 3rd road,Palm Meadows,980302,0.0,980302,Palm Meadows
AD003065,AC002381,T2,697.7,2861.6,visits_agree,True,5,,Synthesized from 5 verified field visit dwell centroids (visits_agree),field_visit_dwell,0.0,,Azad Mohalla,970203,0.2,970203,Azad Mohalla
AD003066,AC002381,T2,2375.2,-1178.1,visits_agree,True,3,Opposite Post Office (about 70 m from pin) | Remark Cue: Beside Dak Ghar (conf=0.83),Synthesized from 3 verified field visit dwell centroids (visits_agree),field_visit_dwell,0.0,,Krishna Puri,970202,0.832,970202,Krishna Puri
AD003067,AC002382,T2,1402.7,-1818.7,visits_agree,True,7,Field Remark: Near Hanuman Mandir (conf=0.82),Synthesized from 7 verified field visit dwell centroids (visits_agree),field_visit_dwell,0.0,gali 12,Patel Nagar,,0.819,,Patel Nagar
AD003068,AC002382,T2,-618.6,-758.5,baseline_coarse,True,0,,Coarse baseline locality/ward centroid,baseline_coarse,0.0,,Shastri Nagar,970201,0.0,970201,Shastri Nagar
AD003069,AC002383,T2,1072.8,1320.5,baseline_coarse,True,0,,Coarse baseline locality/ward centroid,baseline_coarse,0.0,gali 3,Gandhi Basti,970203,0.0,970203,Gandhi Basti
AD003070,AC002384,T2,2335.2,1476.5,landmark,True,0,Near Ration Shop (pin is a guess near this landmark),Promoted to nearest un-repelled landmark POI 'Ration Shop',landmark_poi_fallback,0.0,gali 3,Ram Nagar,970203,0.0,970203,Ram Nagar
AD003071,AC002385,T3,-668.5,-3901.1,baseline_street,True,0,,High-precision baseline geocoder (street),baseline_high_precision,0.0,,Orchid Enclave,980031,0.0,980031,Orchid Enclave
AD003072,AC002385,T3,-804.9,-831.0,visit_1,True,1,,Synthesized from 1 verified field visit dwell centroids (visit_1),field_visit_dwell,0.0,b block; 5th rd,HMT Colony,980031,0.2,980031,HMT Colony
AD003073,AC002386,T1,1137.8,-1134.5,baseline_coarse,True,0,,Coarse baseline locality/ward centroid,baseline_coarse,0.0,9th cross; 7th main,,960102,0.0,960102,
AD003074,AC002387,T2,1498.3,-2117.0,visits_agree,True,4,Field Remark: Near Girja Ghar (conf=0.82),Synthesized from 4 verified field visit dwell centroids (visits_agree),field_visit_dwell,0.0,,,970202,0.819,970202,
AD003075,AC002388,T3,-629.8,-575.4,baseline_coarse,True,0,,Coarse baseline locality/ward centroid,baseline_coarse,0.0,,HMT Colony,980301,0.0,980301,HMT Colony
AD003076,AC002388,T3,-815.5,-589.5,baseline_coarse,True,0,,Coarse baseline locality/ward centroid,baseline_coarse,0.0,a block; 2nd road,,980302,0.0,980302,
AD003077,AC002389,T2,2933.1,-1523.8,visits_disagree,True,7,,Synthesized from 7 verified field visit dwell centroids (visits_disagree),field_visit_dwell,0.0,gali no. 6,Krishna Puri,970202,0.2,970202,Krishna Puri
AD003078,AC002390,T2,2844.3,775.5,landmark,True,0,Near Water Tank (pin is a guess near this landmark),Promoted to nearest un-repelled landmark POI 'Water Tank',landmark_poi_fallback,0.0,,Nehru Colony,970203,0.0,970203,Nehru Colony
AD003079,AC002390,OUT,,,unmapped_village,False,0,,Village outside mapped urban town coverage; zero baseline geocode and zero field visits,unmapped_village,0.0,,,997972,0.0,997972,
AD003080,AC002391,T3,823.0,-420.4,landmark,True,0,Near Ganesh Temple (pin is a guess near this landmark),Promoted to nearest un-repelled landmark POI 'Ganesh Temple',landmark_poi_fallback,0.0,e block; 5th rd,Teachers Colony,980302,0.0,980302,Teachers Colony
AD003081,AC002392,T2,624.1,-2928.1,baseline_coarse,True,0,,Coarse baseline locality/ward centroid,baseline_coarse,0.0,,Shivaji Nagar,970202,0.0,970202,Shivaji Nagar
AD003082,AC002393,T2,3071.4,663.7,baseline_coarse,True,0,,Coarse baseline locality/ward centroid,baseline_coarse,0.0,gali 9,Nehru Colony,970203,0.0,970203,Nehru Colony
AD003083,AC002394,T1,-1380.1,-2720.5,visits_agree,True,3,Field Remark: Near Masidi (conf=0.82),Synthesized from 3 verified field visit dwell centroids (visits_agree),field_visit_dwell,0.0,,Basava Nagar,960101,0.819,960101,Basava Nagar
AD003084,AC002395,T1,-2950.8,1344.1,baseline_coarse,True,0,,Coarse baseline locality/ward centroid,baseline_coarse,0.0,3rd cross; 6th main,Vinayaka Nagar,960104,0.0,960104,Vinayaka Nagar
AD003085,AC002396,T1,3335.1,-2077.1,visits_agree,True,4,,Synthesized from 4 verified field visit dwell centroids (visits_agree),field_visit_dwell,0.0,11th cross,Nehru Colony,960102,0.2,960102,Nehru Colony
AD003086,AC002397,T3,703.2,-867.4,visit_1,True,1,,Synthesized from 1 verified field visit dwell centroids (visit_1),field_visit_dwell,0.0,3rd rd,Teachers Colony,980302,0.2,980302,Teachers Colony
AD003087,AC002398,T2,2670.5,-1356.2,visits_agree,True,4,Near Water Tank (about 100 m from pin),Synthesized from 4 verified field visit dwell centroids (visits_agree),field_visit_dwell,0.0,,,970204,0.2,970204,
AD003088,AC002399,T3,3651.2,553.1,cross_account_street,True,0,,Coarse baseline locality/ward centroid,baseline_coarse,0.0,e block; 4th road,,980303,0.0,980303,
AD003089,AC002399,OUT,,,unmapped_village,False,0,,Village outside mapped urban town coverage; zero baseline geocode and zero field visits,unmapped_village,0.0,,,993714,0.0,993714,
AD003090,AC002400,T1,960.4,-2976.6,visits_agree,True,2,Field Remark: Opposite Ganapathi Gudi (conf=0.85),Synthesized from 2 verified field visit dwell centroids (visits_agree),field_visit_dwell,0.0,7th cross; 6th main,Gandhi Nagar,960102,0.85,960102,Gandhi Nagar
AD003091,AC001083,OUT,,,unmapped_village,False,0,,Village outside mapped urban town coverage; zero baseline geocode and zero field visits,unmapped_village,0.0,,,998850,0.0,998850,
AD003092,AC001768,T2,2129.1,1820.0,baseline_coarse,True,0,,Coarse baseline locality/ward centroid,baseline_coarse,0.0,,Ram Nagar,970203,0.0,970203,Ram Nagar
AD003093,AC000317,OUT,,,unmapped_village,False,0,,Village outside mapped urban town coverage; zero baseline geocode and zero field visits,unmapped_village,0.0,,,996507,0.0,996507,
AD003094,AC002225,T1,899.9,-169.9,visits_disagree,True,2,Near Ganesh Temple (about 60 m from pin) | Remark Cue: Behind Ganapathi Gudi (conf=0.83),Synthesized from 2 verified field visit dwell centroids (visits_disagree),field_visit_dwell,0.0,2nd main,Kuvempu Layout,960102,0.83,960102,Kuvempu Layout
AD003095,AC002341,OUT,,,unmapped_village,False,0,,Village outside mapped urban town coverage; zero baseline geocode and zero field visits,unmapped_village,0.0,,,998580,0.0,998580,
AD003096,AC001013,T1,-1724.4,2563.0,baseline_coarse,True,0,,Coarse baseline locality/ward centroid,baseline_coarse,0.0,9th cross; 2nd main,Kalyana Nagar,960104,0.0,960104,Kalyana Nagar
AD003097,AC001191,OUT,,,unmapped_village,False,0,,Village outside mapped urban town coverage; zero baseline geocode and zero field visits,unmapped_village,0.0,,,995787,0.0,995787,
AD003098,AC001529,T2,760.9,3083.5,visits_disagree,True,4,Near Petrol Bunk (about 140 m from pin) | Remark Cue: Beside Petrol Pump (conf=0.83),Synthesized from 4 verified field visit dwell centroids (visits_disagree),field_visit_dwell,0.0,,Azad Mohalla,970203,0.832,970203,Azad Mohalla
AD003099,AC001408,T1,2689.7,-2191.4,visits_disagree,True,3,Opposite Park (about 80 m from pin) | Remark Cue: Behind Park (conf=0.83),Synthesized from 3 verified field visit dwell centroids (visits_disagree),field_visit_dwell,0.0,6th cross; 4th main,Nehru Colony,960102,0.83,960102,Nehru Colony
AD003100,AC001748,T1,1014.9,243.1,visits_agree,True,2,,Synthesized from 2 verified field visit dwell centroids (visits_agree),field_visit_dwell,0.0,,Kuvempu Layout,960102,0.2,960102,Kuvempu Layout
AD003101,AC000232,OUT,,,unmapped_village,False,0,,Village outside mapped urban town coverage; zero baseline geocode and zero field visits,unmapped_village,0.0,,,998315,0.0,998315,
AD003102,AC001232,T1,1004.9,-3064.4,visits_disagree,True,3,Field Remark: Opposite Ganapathi Gudi (conf=0.85),Synthesized from 3 verified field visit dwell centroids (visits_disagree),field_visit_dwell,0.0,6th x,Gandhi Nagar,,0.85,,Gandhi Nagar
AD003103,AC001162,OUT,,,unmapped_village,False,0,,Village outside mapped urban town coverage; zero baseline geocode and zero field visits,unmapped_village,0.0,,,995699,0.0,995699,
AD003104,AC001882,T2,-643.5,1512.2,landmark,True,0,Opposite Petrol Bunk (pin is a guess near this landmark),Promoted to nearest un-repelled landmark POI 'Petrol Bunk',landmark_poi_fallback,0.0,387 gali,Tilak Nagar,970204,0.0,970204,Tilak Nagar
AD003105,AC001373,T3,-117.3,3050.8,visits_disagree,True,2,Field Remark: Opposite Water Tank (conf=0.85),Synthesized from 2 verified field visit dwell centroids (visits_disagree),field_visit_dwell,0.0,,Sunrise Enclave,980304,0.85,980304,Sunrise Enclave
AD003106,AC002288,T2,1370.9,220.7,visits_agree,True,2,,Synthesized from 2 verified field visit dwell centroids (visits_agree),field_visit_dwell,0.0,315 gali,Indira Colony,970202,0.2,970202,Indira Colony
AD003107,AC001202,T1,1029.2,-1109.4,baseline_coarse,True,0,,Coarse baseline locality/ward centroid,baseline_coarse,0.0,6th cross; 3rd,,960102,0.0,960102,
AD003108,AC002174,OUT,,,unmapped_village,False,0,,Village outside mapped urban town coverage; zero baseline geocode and zero field visits,unmapped_village,0.0,,,993233,0.0,993233,
AD003109,AC000775,OUT,,,unmapped_village,False,0,,Village outside mapped urban town coverage; zero baseline geocode and zero field visits,unmapped_village,0.0,,,994477,0.0,994477,
AD003110,AC000542,T1,-533.9,-1247.6,baseline_coarse,True,0,,Coarse baseline locality/ward centroid,baseline_coarse,0.0,8th main,Hosa Badavane,960101,0.0,960101,Hosa Badavane
AD003111,AC000602,T3,-720.2,2971.9,landmark,True,0,Near Church (pin is a guess near this landmark),Promoted to nearest un-repelled landmark POI 'Church',landmark_poi_fallback,0.0,b block; 3rd rd,Sunrise Enclave,980304,0.0,980304,Sunrise Enclave
AD003112,AC000523,OUT,,,unmapped_village,False,0,,Village outside mapped urban town coverage; zero baseline geocode and zero field visits,unmapped_village,0.0,,,993021,0.0,993021,
AD003113,AC002368,T1,-1122.4,327.5,landmark,True,0,Near Ganesh Temple (pin is a guess near this landmark),Promoted to nearest un-repelled landmark POI 'Ganesh Temple',landmark_poi_fallback,0.0,3rd cross; 5th main,Ashoka Layout,960104,0.0,960104,Ashoka Layout
AD003114,AC000505,OUT,,,unmapped_village,False,0,,Village outside mapped urban town coverage; zero baseline geocode and zero field visits,unmapped_village,0.0,,,997536,0.0,997536,
AD003115,AC001755,T2,999.8,-3112.8,landmark,True,0,Opposite Hanuman Temple (pin is a guess near this landmark),Promoted to nearest un-repelled landmark POI 'Hanuman Temple',landmark_poi_fallback,0.0,,Shivaji Nagar,970202,0.0,970202,Shivaji Nagar
AD003116,AC002060,OUT,,,unmapped_village,False,0,,Village outside mapped urban town coverage; zero baseline geocode and zero field visits,unmapped_village,0.0,,,991666,0.0,991666,
AD003117,AC000977,T1,2925.5,-2722.3,cross_account_street,True,0,,Coarse baseline locality/ward centroid,baseline_coarse,0.0,1st cross; 8th main,,960102,0.0,960102,
