account_id,dispatch_channel,routing_target_x,routing_target_y,search_budget_m,dialer_campaign,voice_bot_prompt
AC000001,FIELD_FORCE,1210.3,-177.6,47.9,STANDARD_PTP,
AC000001,FIELD_FORCE,-2449.8,-2068.9,77.4,STANDARD_PTP,
AC000002,TELE_DIALER,,,3710.3,ADDRESS_VERIFICATION_CAMPAIGN,"Your recorded address could not be verified. Please state your exact cross street, nearby landmark, and house gate color."
AC000003,TELE_DIALER,,,3710.3,ADDRESS_VERIFICATION_CAMPAIGN,"Your recorded address could not be verified. Please state your exact cross street, nearby landmark, and house gate color."
AC000004,FIELD_FORCE,471.9,-3260.2,357.8,STANDARD_PTP,Confirm if premises is located near Behind Ration Shop (pin is a guess near this landmark)
AC000005,FIELD_FORCE,107.8,1245.9,357.8,STANDARD_PTP,Confirm if premises is located near Near Ration Shop (pin is a guess near this landmark)
AC000006,TELE_DIALER,,,3710.3,ADDRESS_VERIFICATION_CAMPAIGN,"Your recorded address could not be verified. Please state your exact cross street, nearby landmark, and house gate color."
AC000007,FIELD_FORCE,3055.6,-2277.8,77.4,STANDARD_PTP,
AC000007,TELE_DIALER,,,3710.3,ADDRESS_VERIFICATION_CAMPAIGN,"Your recorded address could not be verified. Please state your exact cross street, nearby landmark, and house gate color."
AC000008,FIELD_FORCE,3051.1,-2317.6,357.8,STANDARD_PTP,Confirm if premises is located near Opposite Milk Dairy (pin is a guess near this landmark)
AC000009,FIELD_FORCE,-653.5,-548.1,47.9,STANDARD_PTP,
AC000010,FIELD_FORCE,-1016.5,2852.7,357.8,STANDARD_PTP,Confirm if premises is located near Opposite Water Tank (pin is a guess near this landmark)
AC000011,FIELD_FORCE,-1054.7,2946.9,162.1,STANDARD_PTP,Confirm if premises is located near nearby verified landmark
AC000012,FIELD_FORCE,1208.0,-178.9,77.4,STANDARD_PTP,
AC000013,FIELD_FORCE,749.7,2395.7,387.8,STANDARD_PTP,Confirm if premises is located near nearby verified landmark
AC000014,FIELD_FORCE,-1058.4,2983.7,47.9,STANDARD_PTP,
AC000015,FIELD_FORCE,646.1,2392.9,47.9,STANDARD_PTP,
AC000016,FIELD_FORCE,-3064.3,177.9,77.4,STANDARD_PTP,
AC000017,TELE_DIALER,,,3710.3,ADDRESS_VERIFICATION_CAMPAIGN,"Your recorded address could not be verified. Please state your exact cross street, nearby landmark, and house gate color."
AC000018,FIELD_FORCE,4029.7,339.0,162.1,STANDARD_PTP,Confirm if premises is located near nearby verified landmark
AC000019,FIELD_FORCE,1516.8,-353.6,162.1,STANDARD_PTP,Confirm if premises is located near nearby verified landmark
AC000020,FIELD_FORCE,-2953.6,-18.5,387.8,STANDARD_PTP,Confirm if premises is located near nearby verified landmark
AC000021,FIELD_FORCE,-2110.2,1617.4,357.8,STANDARD_PTP,Confirm if premises is located near Near Ganesh Temple (pin is a guess near this landmark)
AC000021,TELE_DIALER,,,3710.3,ADDRESS_VERIFICATION_CAMPAIGN,"Your recorded address could not be verified. Please state your exact cross street, nearby landmark, and house gate color."
AC000022,FIELD_FORCE,-2691.2,1426.5,75.0,STANDARD_PTP,
AC000023,FIELD_FORCE,907.5,2916.2,387.8,STANDARD_PTP,Confirm if premises is located near nearby verified landmark
AC000024,FIELD_FORCE,-723.2,-1600.6,162.1,STANDARD_PTP,Confirm if premises is located near nearby verified landmark
AC000025,FIELD_FORCE,-1016.5,2852.7,357.8,STANDARD_PTP,Confirm if premises is located near Near Water Tank (pin is a guess near this landmark)
AC000026,FIELD_FORCE,2944.0,-1697.5,387.8,STANDARD_PTP,Confirm if premises is located near nearby verified landmark
AC000027,FIELD_FORCE,2970.1,-2451.2,47.9,STANDARD_PTP,
AC000028,FIELD_FORCE,1768.2,-1816.5,387.8,STANDARD_PTP,Confirm if premises is located near nearby verified landmark
AC000029,FIELD_FORCE,2426.3,941.4,162.1,STANDARD_PTP,Confirm if premises is located near nearby verified landmark
AC000029,FIELD_FORCE,916.1,-109.8,357.8,STANDARD_PTP,Confirm if premises is located near Near Ganesh Temple (pin is a guess near this landmark)
AC000030,FIELD_FORCE,3051.1,-2317.6,357.8,STANDARD_PTP,Confirm if premises is located near Behind Milk Dairy (pin is a guess near this landmark)
AC000031,FIELD_FORCE,3305.3,491.5,162.1,STANDARD_PTP,Confirm if premises is located near Opposite Community Hall (about 90 m from pin)
AC000032,FIELD_FORCE,544.5,-3234.8,387.8,STANDARD_PTP,Confirm if premises is located near nearby verified landmark
AC000033,FIELD_FORCE,-580.8,2531.2,47.9,STANDARD_PTP,
AC000034,FIELD_FORCE,829.8,-2924.8,77.4,STANDARD_PTP,
AC000034,FIELD_FORCE,-608.9,-1093.3,77.4,STANDARD_PTP,
AC000035,TELE_DIALER,,,3710.3,ADDRESS_VERIFICATION_CAMPAIGN,"Your recorded address could not be verified. Please state your exact cross street, nearby landmark, and house gate color."
AC000036,FIELD_FORCE,3934.7,713.6,47.9,STANDARD_PTP,
AC000037,FIELD_FORCE,-2505.6,-92.4,357.8,STANDARD_PTP,Confirm if premises is located near Near Govt School (pin is a guess near this landmark)
AC000037,FIELD_FORCE,-842.2,2899.6,357.8,STANDARD_PTP,Confirm if premises is located near Opposite Ration Shop (pin is a guess near this landmark)
AC000038,FIELD_FORCE,-2455.9,1198.7,47.9,STANDARD_PTP,
AC000039,TELE_DIALER,,,3710.3,ADDRESS_VERIFICATION_CAMPAIGN,"Your recorded address could not be verified. Please state your exact cross street, nearby landmark, and house gate color."
AC000040,FIELD_FORCE,755.8,2394.7,47.9,STANDARD_PTP,
AC000041,TELE_DIALER,,,3710.3,ADDRESS_VERIFICATION_CAMPAIGN,"Your recorded address could not be verified. Please state your exact cross street, nearby landmark, and house gate color."
AC000042,FIELD_FORCE,386.5,-2773.4,162.1,STANDARD_PTP,Confirm if premises is located near nearby verified landmark
AC000043,TELE_DIALER,,,3710.3,ADDRESS_VERIFICATION_CAMPAIGN,"Your recorded address could not be verified. Please state your exact cross street, nearby landmark, and house gate color."
AC000043,FIELD_FORCE,-3155.2,823.8,357.8,STANDARD_PTP,Confirm if premises is located near Near Ganesh Temple (pin is a guess near this landmark)
AC000044,FIELD_FORCE,1275.8,-1116.6,75.0,STANDARD_PTP,
AC000044,TELE_DIALER,,,3710.3,ADDRESS_VERIFICATION_CAMPAIGN,"Your recorded address could not be verified. Please state your exact cross street, nearby landmark, and house gate color."
AC000045,FIELD_FORCE,-2505.6,-92.4,357.8,STANDARD_PTP,Confirm if premises is located near Near Govt School (pin is a guess near this landmark)
AC000046,TELE_DIALER,,,3710.3,ADDRESS_VERIFICATION_CAMPAIGN,"Your recorded address could not be verified. Please state your exact cross street, nearby landmark, and house gate color."
AC000047,FIELD_FORCE,-763.9,167.5,162.1,STANDARD_PTP,Confirm if premises is located near nearby verified landmark
AC000048,FIELD_FORCE,3796.8,101.1,47.9,STANDARD_PTP,
AC000049,FIELD_FORCE,1440.8,-1984.6,357.8,STANDARD_PTP,Confirm if premises is located near Near Church (pin is a guess near this landmark)
AC000050,FIELD_FORCE,597.4,-3085.9,387.8,STANDARD_PTP,Confirm if premises is located near Opposite Bus Stop (about 120 m from pin)
AC000051,FIELD_FORCE,3267.0,631.8,162.1,STANDARD_PTP,Confirm if premises is located near nearby verified landmark
AC000051,TELE_DIALER,,,3710.3,ADDRESS_VERIFICATION_CAMPAIGN,"Your recorded address could not be verified. Please state your exact cross street, nearby landmark, and house gate color."
AC000052,FIELD_FORCE,731.9,-1039.8,357.8,STANDARD_PTP,Confirm if premises is located near Near Govt School (pin is a guess near this landmark)
AC000053,FIELD_FORCE,1183.9,-195.0,47.9,STANDARD_PTP,
AC000054,TELE_DIALER,,,3710.3,ADDRESS_VERIFICATION_CAMPAIGN,"Your recorded address could not be verified. Please state your exact cross street, nearby landmark, and house gate color."
AC000055,FIELD_FORCE,3350.2,460.6,47.9,STANDARD_PTP,
AC000056,FIELD_FORCE,721.8,-3436.7,387.8,STANDARD_PTP,Confirm if premises is located near nearby verified landmark
AC000057,FIELD_FORCE,858.3,-3936.9,162.1,STANDARD_PTP,Confirm if premises is located near Near Petrol Bunk (about 120 m from pin)
AC000058,TELE_DIALER,,,3710.3,ADDRESS_VERIFICATION_CAMPAIGN,"Your recorded address could not be verified. Please state your exact cross street, nearby landmark, and house gate color."
AC000059,FIELD_FORCE,988.4,868.5,162.1,STANDARD_PTP,Confirm if premises is located near nearby verified landmark
AC000059,TELE_DIALER,,,3710.3,ADDRESS_VERIFICATION_CAMPAIGN,"Your recorded address could not be verified. Please state your exact cross street, nearby landmark, and house gate color."
AC000060,FIELD_FORCE,2769.6,-2331.1,387.8,STANDARD_PTP,Confirm if premises is located near Opposite Hanuman Temple (about 100 m from pin)
AC000061,FIELD_FORCE,986.0,1450.3,77.4,STANDARD_PTP,
AC000062,FIELD_FORCE,1056.3,-699.4,75.0,STANDARD_PTP,
AC000063,FIELD_FORCE,-2535.1,-132.9,387.8,STANDARD_PTP,Confirm if premises is located near Opposite Govt School (about 50 m from pin)
AC000064,FIELD_FORCE,986.8,-1191.4,387.8,STANDARD_PTP,Confirm if premises is located near nearby verified landmark
AC000064,FIELD_FORCE,4327.2,439.3,162.1,STANDARD_PTP,Confirm if premises is located near nearby verified landmark
AC000065,FIELD_FORCE,-734.7,-874.5,47.9,STANDARD_PTP,
AC000066,FIELD_FORCE,4024.7,318.4,77.4,STANDARD_PTP,
AC000066,FIELD_FORCE,-764.5,-471.1,357.8,STANDARD_PTP,Confirm if premises is located near Near Post Office (pin is a guess near this landmark)
AC000067,FIELD_FORCE,-460.7,-3589.7,357.8,STANDARD_PTP,Confirm if premises is located near Near Masjid (pin is a guess near this landmark)
AC000068,FIELD_FORCE,345.3,-3110.2,77.4,STANDARD_PTP,
AC000069,FIELD_FORCE,2544.5,-1379.4,47.9,STANDARD_PTP,
AC000069,TELE_DIALER,,,3710.3,ADDRESS_VERIFICATION_CAMPAIGN,"Your recorded address could not be verified. Please state your exact cross street, nearby landmark, and house gate color."
AC000070,FIELD_FORCE,-429.0,3101.5,47.9,STANDARD_PTP,
AC000071,FIELD_FORCE,-532.5,3389.7,357.8,STANDARD_PTP,Confirm if premises is located near Near Hanuman Temple (pin is a guess near this landmark)
AC000071,FIELD_FORCE,-1528.9,-2813.1,357.8,STANDARD_PTP,Confirm if premises is located near Near Hanuman Temple (pin is a guess near this landmark)
AC000072,TELE_DIALER,,,3710.3,ADDRESS_VERIFICATION_CAMPAIGN,"Your recorded address could not be verified. Please state your exact cross street, nearby landmark, and house gate color."
AC000073,TELE_DIALER,,,3710.3,ADDRESS_VERIFICATION_CAMPAIGN,"Your recorded address could not be verified. Please state your exact cross street, nearby landmark, and house gate color."
AC000073,FIELD_FORCE,-661.1,3190.5,357.8,STANDARD_PTP,Confirm if premises is located near Near Community Hall (pin is a guess near this landmark)
AC000074,FIELD_FORCE,-2657.2,-180.7,47.9,STANDARD_PTP,
AC000075,FIELD_FORCE,3366.7,542.7,387.8,STANDARD_PTP,Confirm if premises is located near nearby verified landmark
AC000076,FIELD_FORCE,-4072.0,-1017.3,357.8,STANDARD_PTP,Confirm if premises is located near Opposite Water Tank (pin is a guess near this landmark)
AC000077,FIELD_FORCE,-2492.9,1358.7,387.8,STANDARD_PTP,Confirm if premises is located near nearby verified landmark
AC000078,FIELD_FORCE,-351.8,-418.6,387.8,STANDARD_PTP,Confirm if premises is located near nearby verified landmark
AC000079,FIELD_FORCE,2817.3,-2082.9,47.9,STANDARD_PTP,
AC000080,FIELD_FORCE,-2378.1,1427.1,357.8,STANDARD_PTP,Confirm if premises is located near Near Masjid (pin is a guess near this landmark)
AC000081,FIELD_FORCE,641.8,2525.7,162.1,STANDARD_PTP,Confirm if premises is located near nearby verified landmark
AC000082,TELE_DIALER,,,3710.3,ADDRESS_VERIFICATION_CAMPAIGN,"Your recorded address could not be verified. Please state your exact cross street, nearby landmark, and house gate color."
AC000083,TELE_DIALER,,,3710.3,ADDRESS_VERIFICATION_CAMPAIGN,"Your recorded address could not be verified. Please state your exact cross street, nearby landmark, and house gate color."
AC000084,FIELD_FORCE,-681.9,-60.5,47.9,STANDARD_PTP,
AC000085,FIELD_FORCE,-3155.2,823.8,357.8,STANDARD_PTP,Confirm if premises is located near Near Ganesh Temple (pin is a guess near this landmark)
AC000086,FIELD_FORCE,2335.1,-765.3,77.4,STANDARD_PTP,
AC000087,FIELD_FORCE,-1138.4,-1991.8,357.8,STANDARD_PTP,Confirm if premises is located near Near Ganesh Temple (pin is a guess near this landmark)
AC000088,TELE_DIALER,,,3710.3,ADDRESS_VERIFICATION_CAMPAIGN,"Your recorded address could not be verified. Please state your exact cross street, nearby landmark, and house gate color."
AC000089,FIELD_FORCE,2702.3,1144.4,387.8,STANDARD_PTP,Confirm if premises is located near nearby verified landmark
AC000089,FIELD_FORCE,2564.7,924.2,75.0,STANDARD_PTP,
AC000090,FIELD_FORCE,-768.2,3483.0,357.8,STANDARD_PTP,Confirm if premises is located near Opposite Park (pin is a guess near this landmark)
AC000091,FIELD_FORCE,2684.1,-1873.7,47.9,STANDARD_PTP,
AC000092,TELE_DIALER,,,3710.3,ADDRESS_VERIFICATION_CAMPAIGN,"Your recorded address could not be verified. Please state your exact cross street, nearby landmark, and house gate color."
AC000093,TELE_DIALER,,,3710.3,ADDRESS_VERIFICATION_CAMPAIGN,"Your recorded address could not be verified. Please state your exact cross street, nearby landmark, and house gate color."
AC000094,FIELD_FORCE,3443.4,-1945.1,357.8,STANDARD_PTP,Confirm if premises is located near Near Bus Stop (pin is a guess near this landmark)
AC000095,TELE_DIALER,,,3710.3,ADDRESS_VERIFICATION_CAMPAIGN,"Your recorded address could not be verified. Please state your exact cross street, nearby landmark, and house gate color."
AC000096,TELE_DIALER,,,3710.3,ADDRESS_VERIFICATION_CAMPAIGN,"Your recorded address could not be verified. Please state your exact cross street, nearby landmark, and house gate color."
AC000096,FIELD_FORCE,-978.6,-432.0,75.0,STANDARD_PTP,
AC000097,FIELD_FORCE,1365.9,-882.5,357.8,STANDARD_PTP,Confirm if premises is located near Opposite Medical Store (pin is a guess near this landmark)
AC000098,FIELD_FORCE,940.8,2546.9,357.8,STANDARD_PTP,Confirm if premises is located near Near Ration Shop (pin is a guess near this landmark)
AC000099,FIELD_FORCE,3433.8,-1644.8,357.8,STANDARD_PTP,Confirm if premises is located near Near Ganesh Temple (pin is a guess near this landmark)
AC000099,FIELD_FORCE,3788.5,411.2,357.8,STANDARD_PTP,Confirm if premises is located near Near Bus Stop (pin is a guess near this landmark)
AC000100,FIELD_FORCE,909.3,-3205.0,47.9,STANDARD_PTP,
AC000101,FIELD_FORCE,731.9,-1039.8,357.8,STANDARD_PTP,Confirm if premises is located near Near Govt School (pin is a guess near this landmark)
AC000102,TELE_DIALER,,,3710.3,ADDRESS_VERIFICATION_CAMPAIGN,"Your recorded address could not be verified. Please state your exact cross street, nearby landmark, and house gate color."
AC000103,FIELD_FORCE,3228.4,-1945.3,387.8,STANDARD_PTP,Confirm if premises is located near nearby verified landmark
AC000104,FIELD_FORCE,1690.6,-1164.5,357.8,STANDARD_PTP,Confirm if premises is located near Near Medical Store (pin is a guess near this landmark)
AC000105,FIELD_FORCE,1014.3,-406.9,357.8,STANDARD_PTP,Confirm if premises is located near Near Masjid (pin is a guess near this landmark)
AC000105,FIELD_FORCE,-3978.6,-1286.0,162.1,STANDARD_PTP,Confirm if premises is located near Near Hanuman Temple (about 200 m from pin)
AC000106,FIELD_FORCE,1143.9,2406.8,162.1,STANDARD_PTP,Confirm if premises is located near nearby verified landmark
AC000107,FIELD_FORCE,732.5,-2683.6,75.0,STANDARD_PTP,
AC000108,TELE_DIALER,,,3710.3,ADDRESS_VERIFICATION_CAMPAIGN,"Your recorded address could not be verified. Please state your exact cross street, nearby landmark, and house gate color."
AC000109,FIELD_FORCE,-2368.4,-530.6,47.9,STANDARD_PTP,
AC000110,FIELD_FORCE,621.5,-3082.5,387.8,STANDARD_PTP,Confirm if premises is located near nearby verified landmark
AC000111,FIELD_FORCE,751.7,-2626.5,162.1,STANDARD_PTP,Confirm if premises is located near nearby verified landmark
AC000111,FIELD_FORCE,-643.5,1512.2,357.8,STANDARD_PTP,Confirm if premises is located near Near Petrol Bunk (pin is a guess near this landmark)
AC000112,TELE_DIALER,,,3710.3,ADDRESS_VERIFICATION_CAMPAIGN,"Your recorded address could not be verified. Please state your exact cross street, nearby landmark, and house gate color."
AC000113,FIELD_FORCE,3978.1,778.9,47.9,STANDARD_PTP,
AC000114,FIELD_FORCE,-800.4,3450.6,357.8,STANDARD_PTP,Confirm if premises is located near Opposite Bus Stop (pin is a guess near this landmark)
AC000115,FIELD_FORCE,-853.4,-708.6,357.8,STANDARD_PTP,Confirm if premises is located near Near Ration Shop (pin is a guess near this landmark)
AC000116,FIELD_FORCE,717.9,2409.4,47.9,STANDARD_PTP,
AC000117,FIELD_FORCE,1007.8,2870.3,47.9,STANDARD_PTP,
AC000118,FIELD_FORCE,-834.6,-2978.5,357.8,STANDARD_PTP,Confirm if premises is located near Near Church (pin is a guess near this landmark)
AC000119,TELE_DIALER,,,3710.3,ADDRESS_VERIFICATION_CAMPAIGN,"Your recorded address could not be verified. Please state your exact cross street, nearby landmark, and house gate color."
AC000120,FIELD_FORCE,2464.7,-1137.6,387.8,STANDARD_PTP,Confirm if premises is located near nearby verified landmark
AC000120,FIELD_FORCE,-749.2,3343.4,47.9,STANDARD_PTP,
AC000121,FIELD_FORCE,2669.9,-1090.7,47.9,STANDARD_PTP,
AC000122,FIELD_FORCE,-2351.3,-131.6,387.8,STANDARD_PTP,Confirm if premises is located near Near Govt School (about 160 m from pin)
AC000122,FIELD_FORCE,3569.6,-2276.7,47.9,STANDARD_PTP,
AC000123,FIELD_FORCE,1167.8,-607.1,47.9,STANDARD_PTP,
AC000124,FIELD_FORCE,1998.4,-1381.6,75.0,STANDARD_PTP,
AC000125,FIELD_FORCE,3469.5,-2083.9,357.8,STANDARD_PTP,Confirm if premises is located near Near Water Tank (pin is a guess near this landmark)
AC000126,FIELD_FORCE,-2837.5,-104.2,47.9,STANDARD_PTP,
AC000127,FIELD_FORCE,-2369.7,1821.9,75.0,STANDARD_PTP,
AC000128,TELE_DIALER,,,3710.3,ADDRESS_VERIFICATION_CAMPAIGN,"Your recorded address could not be verified. Please state your exact cross street, nearby landmark, and house gate color."
AC000129,FIELD_FORCE,868.5,-3513.3,162.1,STANDARD_PTP,Confirm if premises is located near nearby verified landmark
AC000130,FIELD_FORCE,-717.4,2785.1,77.4,STANDARD_PTP,
AC000130,FIELD_FORCE,2695.6,440.9,162.1,STANDARD_PTP,Confirm if premises is located near nearby verified landmark
AC000131,FIELD_FORCE,3311.0,698.1,77.4,STANDARD_PTP,
AC000132,FIELD_FORCE,2801.0,950.0,77.4,STANDARD_PTP,
AC000132,FIELD_FORCE,815.5,-2841.7,357.8,STANDARD_PTP,Confirm if premises is located near Near Community Hall (pin is a guess near this landmark)
AC000133,TELE_DIALER,,,3710.3,ADDRESS_VERIFICATION_CAMPAIGN,"Your recorded address could not be verified. Please state your exact cross street, nearby landmark, and house gate color."
AC000134,FIELD_FORCE,3284.5,-2148.7,387.8,STANDARD_PTP,Confirm if premises is located near nearby verified landmark
AC000135,FIELD_FORCE,-3703.8,-784.3,387.8,STANDARD_PTP,Confirm if premises is located near nearby verified landmark
AC000136,TELE_DIALER,,,3710.3,ADDRESS_VERIFICATION_CAMPAIGN,"Your recorded address could not be verified. Please state your exact cross street, nearby landmark, and house gate color."
AC000137,FIELD_FORCE,-2203.5,-2691.8,47.9,STANDARD_PTP,
AC000138,FIELD_FORCE,1442.3,-2344.8,47.9,STANDARD_PTP,
AC000138,FIELD_FORCE,107.8,1245.9,357.8,STANDARD_PTP,Confirm if premises is located near Behind Ration Shop (pin is a guess near this landmark)
AC000139,FIELD_FORCE,1774.9,-2196.7,77.4,STANDARD_PTP,
AC000140,FIELD_FORCE,856.1,-2704.4,47.9,STANDARD_PTP,
AC000141,FIELD_FORCE,-487.5,2891.6,77.4,STANDARD_PTP,
AC000142,FIELD_FORCE,1113.4,169.5,47.9,STANDARD_PTP,
AC000143,FIELD_FORCE,2694.5,1454.5,75.0,STANDARD_PTP,
AC000144,FIELD_FORCE,-2231.4,-2703.7,77.4,STANDARD_PTP,
AC000145,FIELD_FORCE,2949.1,651.6,77.4,STANDARD_PTP,
AC000146,FIELD_FORCE,1097.3,2655.1,357.8,STANDARD_PTP,Confirm if premises is located near Opposite Bus Stop (pin is a guess near this landmark)
AC000147,FIELD_FORCE,-2110.2,1617.4,357.8,STANDARD_PTP,Confirm if premises is located near Near Ganesh Temple (pin is a guess near this landmark)
AC000147,FIELD_FORCE,1196.4,-1078.7,162.1,STANDARD_PTP,Confirm if premises is located near nearby verified landmark
AC000148,FIELD_FORCE,2335.2,1476.5,357.8,STANDARD_PTP,Confirm if premises is located near Opposite Ration Shop (pin is a guess near this landmark)
AC000149,FIELD_FORCE,1003.6,1283.9,47.9,STANDARD_PTP,
AC000150,FIELD_FORCE,603.1,-747.9,357.8,STANDARD_PTP,Confirm if premises is located near Near Bus Stop (pin is a guess near this landmark)
AC000151,FIELD_FORCE,3604.5,69.5,77.4,STANDARD_PTP,
AC000151,FIELD_FORCE,2341.1,-763.1,77.4,STANDARD_PTP,
AC000152,FIELD_FORCE,-3526.6,-916.3,77.4,STANDARD_PTP,
AC000153,FIELD_FORCE,1551.7,-183.9,77.4,STANDARD_PTP,
AC000154,TELE_DIALER,,,3710.3,ADDRESS_VERIFICATION_CAMPAIGN,"Your recorded address could not be verified. Please state your exact cross street, nearby landmark, and house gate color."
AC000155,FIELD_FORCE,-1238.4,-2813.1,77.4,STANDARD_PTP,
AC000156,FIELD_FORCE,2071.7,1355.9,77.4,STANDARD_PTP,
AC000157,TELE_DIALER,,,3710.3,ADDRESS_VERIFICATION_CAMPAIGN,"Your recorded address could not be verified. Please state your exact cross street, nearby landmark, and house gate color."
AC000158,FIELD_FORCE,-2678.7,-139.7,387.8,STANDARD_PTP,Confirm if premises is located near nearby verified landmark
AC000159,FIELD_FORCE,-478.4,3190.3,47.9,STANDARD_PTP,
AC000160,FIELD_FORCE,1115.4,-558.6,77.4,STANDARD_PTP,
AC000161,FIELD_FORCE,374.5,-2878.9,77.4,STANDARD_PTP,
AC000161,FIELD_FORCE,1541.4,1225.3,77.4,STANDARD_PTP,
AC000162,FIELD_FORCE,3562.0,-1789.0,77.4,STANDARD_PTP,
AC000163,FIELD_FORCE,2597.5,-2481.0,387.8,STANDARD_PTP,Confirm if premises is located near nearby verified landmark
AC000164,FIELD_FORCE,992.3,2515.9,47.9,STANDARD_PTP,
AC000165,TELE_DIALER,,,3710.3,ADDRESS_VERIFICATION_CAMPAIGN,"Your recorded address could not be verified. Please state your exact cross street, nearby landmark, and house gate color."
AC000166,TELE_DIALER,,,3710.3,ADDRESS_VERIFICATION_CAMPAIGN,"Your recorded address could not be verified. Please state your exact cross street, nearby landmark, and house gate color."
AC000166,TELE_DIALER,,,3710.3,ADDRESS_VERIFICATION_CAMPAIGN,"Your recorded address could not be verified. Please state your exact cross street, nearby landmark, and house gate color."
AC000167,FIELD_FORCE,-875.5,2948.7,162.1,STANDARD_PTP,Confirm if premises is located near Opposite Church (about 160 m from pin)
AC000168,FIELD_FORCE,2843.8,757.1,357.8,STANDARD_PTP,Confirm if premises is located near Near Ration Shop (pin is a guess near this landmark)
AC000169,FIELD_FORCE,-978.6,-432.0,75.0,STANDARD_PTP,
AC000169,FIELD_FORCE,1457.6,-3638.9,162.1,STANDARD_PTP,Confirm if premises is located near nearby verified landmark
AC000170,FIELD_FORCE,667.9,-3156.5,162.1,STANDARD_PTP,Confirm if premises is located near nearby verified landmark
AC000171,FIELD_FORCE,522.3,-3013.7,162.1,STANDARD_PTP,Confirm if premises is located near nearby verified landmark
AC000172,FIELD_FORCE,364.7,-2881.9,75.0,STANDARD_PTP,
AC000173,FIELD_FORCE,-4073.8,-1012.5,387.8,STANDARD_PTP,Confirm if premises is located near nearby verified landmark
AC000174,FIELD_FORCE,1097.3,2655.1,357.8,STANDARD_PTP,Confirm if premises is located near Near Bus Stop (pin is a guess near this landmark)
AC000175,FIELD_FORCE,-2847.1,-569.9,357.8,STANDARD_PTP,Confirm if premises is located near Near Bus Stop (pin is a guess near this landmark)
AC000176,FIELD_FORCE,1451.0,-468.0,47.9,STANDARD_PTP,
AC000177,FIELD_FORCE,691.8,-707.9,387.8,STANDARD_PTP,Confirm if premises is located near Behind Bus Stop (about 100 m from pin)
AC000178,FIELD_FORCE,-720.3,3307.9,162.1,STANDARD_PTP,Confirm if premises is located near nearby verified landmark
AC000179,FIELD_FORCE,1930.1,-2161.8,387.8,STANDARD_PTP,Confirm if premises is located near nearby verified landmark
AC000180,FIELD_FORCE,1482.8,285.8,162.1,STANDARD_PTP,Confirm if premises is located near nearby verified landmark
AC000181,FIELD_FORCE,2390.0,1082.8,162.1,STANDARD_PTP,Confirm if premises is located near nearby verified landmark
AC000181,FIELD_FORCE,-1122.4,327.5,357.8,STANDARD_PTP,Confirm if premises is located near Near Ganesh Temple (pin is a guess near this landmark)
AC000182,FIELD_FORCE,1158.8,-1192.6,387.8,STANDARD_PTP,Confirm if premises is located near nearby verified landmark
AC000183,FIELD_FORCE,3808.8,-113.1,387.8,STANDARD_PTP,Confirm if premises is located near nearby verified landmark
AC000184,FIELD_FORCE,-232.8,-956.2,357.8,STANDARD_PTP,Confirm if premises is located near Behind Govt School (pin is a guess near this landmark)
AC000185,FIELD_FORCE,3391.3,470.7,357.8,STANDARD_PTP,Confirm if premises is located near Near Community Hall (pin is a guess near this landmark)
AC000186,FIELD_FORCE,205.1,2583.6,47.9,STANDARD_PTP,
AC000186,FIELD_FORCE,-581.7,617.7,162.1,STANDARD_PTP,Confirm if premises is located near nearby verified landmark
AC000187,FIELD_FORCE,889.8,-778.8,47.9,STANDARD_PTP,
AC000187,FIELD_FORCE,311.7,1955.9,357.8,STANDARD_PTP,Confirm if premises is located near Near Milk Dairy (pin is a guess near this landmark)
AC000188,FIELD_FORCE,-3557.8,-771.9,77.4,STANDARD_PTP,
AC000189,FIELD_FORCE,2638.8,-1993.3,77.4,STANDARD_PTP,
AC000189,FIELD_FORCE,-3259.5,1123.9,77.4,STANDARD_PTP,
AC000190,FIELD_FORCE,-2861.5,994.8,47.9,STANDARD_PTP,
AC000191,FIELD_FORCE,1069.9,-664.9,387.8,STANDARD_PTP,Confirm if premises is located near nearby verified landmark
AC000192,TELE_DIALER,,,3710.3,ADDRESS_VERIFICATION_CAMPAIGN,"Your recorded address could not be verified. Please state your exact cross street, nearby landmark, and house gate color."
AC000193,FIELD_FORCE,1150.8,812.1,162.1,STANDARD_PTP,Confirm if premises is located near nearby verified landmark
AC000193,FIELD_FORCE,2715.6,1452.3,162.1,STANDARD_PTP,Confirm if premises is located near Opposite Park (pin is at this landmark)
AC000194,FIELD_FORCE,1206.9,-744.9,162.1,STANDARD_PTP,Confirm if premises is located near nearby verified landmark
AC000194,FIELD_FORCE,-3921.2,-577.0,357.8,STANDARD_PTP,Confirm if premises is located near Near Community Hall (pin is a guess near this landmark)
AC000195,TELE_DIALER,,,3710.3,ADDRESS_VERIFICATION_CAMPAIGN,"Your recorded address could not be verified. Please state your exact cross street, nearby landmark, and house gate color."
AC000195,TELE_DIALER,,,3710.3,ADDRESS_VERIFICATION_CAMPAIGN,"Your recorded address could not be verified. Please state your exact cross street, nearby landmark, and house gate color."
AC000196,FIELD_FORCE,817.6,-579.6,47.9,STANDARD_PTP,
AC000197,FIELD_FORCE,1448.4,-3612.2,357.8,STANDARD_PTP,Confirm if premises is located near Near Medical Store (pin is a guess near this landmark)
AC000198,FIELD_FORCE,1309.7,-694.4,162.1,STANDARD_PTP,Confirm if premises is located near nearby verified landmark
AC000199,TELE_DIALER,,,3710.3,ADDRESS_VERIFICATION_CAMPAIGN,"Your recorded address could not be verified. Please state your exact cross street, nearby landmark, and house gate color."
AC000200,FIELD_FORCE,-1498.6,569.8,387.8,STANDARD_PTP,Confirm if premises is located near nearby verified landmark
AC000201,TELE_DIALER,,,3710.3,ADDRESS_VERIFICATION_CAMPAIGN,"Your recorded address could not be verified. Please state your exact cross street, nearby landmark, and house gate color."
AC000202,FIELD_FORCE,538.5,-2857.1,47.9,STANDARD_PTP,
AC000202,FIELD_FORCE,-563.2,-1389.8,357.8,STANDARD_PTP,Confirm if premises is located near Opposite Church (pin is a guess near this landmark)
AC000203,FIELD_FORCE,2370.0,922.7,47.9,STANDARD_PTP,
AC000203,FIELD_FORCE,-184.5,-1112.1,162.1,STANDARD_PTP,Confirm if premises is located near nearby verified landmark
AC000204,FIELD_FORCE,3054.1,-2283.8,387.8,STANDARD_PTP,Confirm if premises is located near Near Ration Shop (about 130 m from pin)
AC000205,FIELD_FORCE,-672.1,-3401.8,47.9,STANDARD_PTP,
AC000206,FIELD_FORCE,2834.8,-2357.2,77.4,STANDARD_PTP,
AC000207,FIELD_FORCE,1032.4,-449.6,47.9,STANDARD_PTP,
AC000208,TELE_DIALER,,,3710.3,ADDRESS_VERIFICATION_CAMPAIGN,"Your recorded address could not be verified. Please state your exact cross street, nearby landmark, and house gate color."
AC000209,FIELD_FORCE,940.8,2546.9,357.8,STANDARD_PTP,Confirm if premises is located near Near Ration Shop (pin is a guess near this landmark)
AC000209,FIELD_FORCE,2946.9,261.8,75.0,STANDARD_PTP,
AC000210,FIELD_FORCE,2825.6,744.4,162.1,STANDARD_PTP,Confirm if premises is located near nearby verified landmark
AC000211,TELE_DIALER,,,3710.3,ADDRESS_VERIFICATION_CAMPAIGN,"Your recorded address could not be verified. Please state your exact cross street, nearby landmark, and house gate color."
AC000212,FIELD_FORCE,2464.8,-1135.8,77.4,STANDARD_PTP,
AC000213,FIELD_FORCE,956.7,3025.5,47.9,STANDARD_PTP,
AC000214,FIELD_FORCE,-2018.6,-2173.4,357.8,STANDARD_PTP,Confirm if premises is located near Behind Bus Stop (pin is a guess near this landmark)
AC000215,TELE_DIALER,,,3710.3,ADDRESS_VERIFICATION_CAMPAIGN,"Your recorded address could not be verified. Please state your exact cross street, nearby landmark, and house gate color."
AC000216,FIELD_FORCE,-2367.0,-524.9,77.4,STANDARD_PTP,
AC000216,TELE_DIALER,,,3710.3,ADDRESS_VERIFICATION_CAMPAIGN,"Your recorded address could not be verified. Please state your exact cross street, nearby landmark, and house gate color."
AC000217,TELE_DIALER,,,3710.3,ADDRESS_VERIFICATION_CAMPAIGN,"Your recorded address could not be verified. Please state your exact cross street, nearby landmark, and house gate color."
AC000218,FIELD_FORCE,1713.0,-2106.1,77.4,STANDARD_PTP,
AC000219,TELE_DIALER,,,3710.3,ADDRESS_VERIFICATION_CAMPAIGN,"Your recorded address could not be verified. Please state your exact cross street, nearby landmark, and house gate color."
AC000219,FIELD_FORCE,-1550.8,649.1,357.8,STANDARD_PTP,Confirm if premises is located near Near Hanuman Temple (pin is a guess near this landmark)
AC000220,FIELD_FORCE,-1906.6,-2723.3,162.1,STANDARD_PTP,Confirm if premises is located near nearby verified landmark
AC000221,FIELD_FORCE,-4108.9,-675.7,77.4,STANDARD_PTP,
AC000221,FIELD_FORCE,1261.2,-1087.1,77.4,STANDARD_PTP,
AC000222,FIELD_FORCE,991.1,-2735.6,77.4,STANDARD_PTP,
AC000223,FIELD_FORCE,723.4,-4003.0,162.1,STANDARD_PTP,Confirm if premises is located near nearby verified landmark
AC000224,FIELD_FORCE,-443.3,3062.5,47.9,STANDARD_PTP,
AC000225,FIELD_FORCE,362.5,2790.3,47.9,STANDARD_PTP,
AC000226,FIELD_FORCE,408.8,-3325.7,47.9,STANDARD_PTP,
AC000227,FIELD_FORCE,2773.6,-2405.5,387.8,STANDARD_PTP,Confirm if premises is located near Near Hanuman Temple (about 110 m from pin)
AC000228,FIELD_FORCE,-3043.0,-595.3,387.8,STANDARD_PTP,Confirm if premises is located near nearby verified landmark
AC000229,FIELD_FORCE,2820.9,142.7,47.9,STANDARD_PTP,
AC000230,FIELD_FORCE,3391.3,470.7,357.8,STANDARD_PTP,Confirm if premises is located near Opposite Community Hall (pin is a guess near this landmark)
AC000231,FIELD_FORCE,433.6,2325.6,77.4,STANDARD_PTP,
AC000232,FIELD_FORCE,2581.4,624.1,77.4,STANDARD_PTP,
AC000233,TELE_DIALER,,,3710.3,ADDRESS_VERIFICATION_CAMPAIGN,"Your recorded address could not be verified. Please state your exact cross street, nearby landmark, and house gate color."
AC000234,FIELD_FORCE,1271.3,-2337.2,162.1,STANDARD_PTP,Confirm if premises is located near Near Masjid (about 200 m from pin)
AC000234,FIELD_FORCE,2665.0,509.0,357.8,STANDARD_PTP,Confirm if premises is located near Behind Bus Stop (pin is a guess near this landmark)
AC000235,FIELD_FORCE,2708.9,-2292.4,162.1,STANDARD_PTP,Confirm if premises is located near nearby verified landmark
AC000235,FIELD_FORCE,25.4,2765.6,162.1,STANDARD_PTP,Confirm if premises is located near nearby verified landmark
AC000236,TELE_DIALER,,,3710.3,ADDRESS_VERIFICATION_CAMPAIGN,"Your recorded address could not be verified. Please state your exact cross street, nearby landmark, and house gate color."
AC000237,FIELD_FORCE,-2878.1,1621.2,357.8,STANDARD_PTP,Confirm if premises is located near Near Milk Dairy (pin is a guess near this landmark)
AC000238,FIELD_FORCE,-669.0,-472.4,357.8,STANDARD_PTP,Confirm if premises is located near Near Water Tank (pin is a guess near this landmark)
AC000239,FIELD_FORCE,895.5,-469.7,75.0,STANDARD_PTP,
AC000240,FIELD_FORCE,3577.4,623.4,387.8,STANDARD_PTP,Confirm if premises is located near nearby verified landmark
AC000241,FIELD_FORCE,492.6,2650.8,357.8,STANDARD_PTP,Confirm if premises is located near Near Community Hall (pin is a guess near this landmark)
AC000242,TELE_DIALER,,,3710.3,ADDRESS_VERIFICATION_CAMPAIGN,"Your recorded address could not be verified. Please state your exact cross street, nearby landmark, and house gate color."
AC000243,FIELD_FORCE,3788.5,411.2,357.8,STANDARD_PTP,Confirm if premises is located near Opposite Bus Stop (pin is a guess near this landmark)
AC000244,FIELD_FORCE,-2945.2,1006.0,162.1,STANDARD_PTP,Confirm if premises is located near Near Post Office (about 180 m from pin)
AC000245,FIELD_FORCE,3788.5,411.2,357.8,STANDARD_PTP,Confirm if premises is located near Near Bus Stop (pin is a guess near this landmark)
AC000246,FIELD_FORCE,2775.7,-1817.0,387.8,STANDARD_PTP,Confirm if premises is located near nearby verified landmark
AC000247,TELE_DIALER,,,3710.3,ADDRESS_VERIFICATION_CAMPAIGN,"Your recorded address could not be verified. Please state your exact cross street, nearby landmark, and house gate color."
AC000248,TELE_DIALER,,,3710.3,ADDRESS_VERIFICATION_CAMPAIGN,"Your recorded address could not be verified. Please state your exact cross street, nearby landmark, and house gate color."
AC000249,FIELD_FORCE,431.5,1548.7,357.8,STANDARD_PTP,Confirm if premises is located near Near Bus Stop (pin is a guess near this landmark)
AC000249,FIELD_FORCE,-2279.5,-487.4,357.8,STANDARD_PTP,Confirm if premises is located near Near Post Office (pin is a guess near this landmark)
AC000250,FIELD_FORCE,2527.7,-2131.0,47.9,STANDARD_PTP,
AC000250,FIELD_FORCE,-1021.5,-3266.2,162.1,STANDARD_PTP,Confirm if premises is located near nearby verified landmark
AC000251,FIELD_FORCE,2397.2,-2149.3,387.8,STANDARD_PTP,Confirm if premises is located near nearby verified landmark
AC000251,FIELD_FORCE,-2569.1,1094.6,75.0,STANDARD_PTP,
AC000252,FIELD_FORCE,1210.3,-177.6,75.0,STANDARD_PTP,
AC000253,TELE_DIALER,,,3710.3,ADDRESS_VERIFICATION_CAMPAIGN,"Your recorded address could not be verified. Please state your exact cross street, nearby landmark, and house gate color."
AC000253,FIELD_FORCE,2022.3,-917.1,77.4,STANDARD_PTP,
AC000254,FIELD_FORCE,-2350.3,-2317.5,357.8,STANDARD_PTP,Confirm if premises is located near Near Water Tank (pin is a guess near this landmark)
AC000255,FIELD_FORCE,3013.6,-2444.7,387.8,STANDARD_PTP,Confirm if premises is located near nearby verified landmark
AC000256,FIELD_FORCE,-2525.3,1863.1,47.9,STANDARD_PTP,
AC000257,FIELD_FORCE,-2643.8,1719.1,47.9,STANDARD_PTP,
AC000257,TELE_DIALER,,,3710.3,ADDRESS_VERIFICATION_CAMPAIGN,"Your recorded address could not be verified. Please state your exact cross street, nearby landmark, and house gate color."
AC000258,TELE_DIALER,,,3710.3,ADDRESS_VERIFICATION_CAMPAIGN,"Your recorded address could not be verified. Please state your exact cross street, nearby landmark, and house gate color."
AC000259,TELE_DIALER,,,3710.3,ADDRESS_VERIFICATION_CAMPAIGN,"Your recorded address could not be verified. Please state your exact cross street, nearby landmark, and house gate color."
AC000260,FIELD_FORCE,314.7,-2881.9,47.9,STANDARD_PTP,
AC000261,FIELD_FORCE,2659.9,-1165.9,77.4,STANDARD_PTP,
AC000261,TELE_DIALER,,,3710.3,ADDRESS_VERIFICATION_CAMPAIGN,"Your recorded address could not be verified. Please state your exact cross street, nearby landmark, and house gate color."
AC000262,FIELD_FORCE,-532.5,3389.7,357.8,STANDARD_PTP,Confirm if premises is located near Near Hanuman Temple (pin is a guess near this landmark)
AC000263,FIELD_FORCE,1097.3,2655.1,357.8,STANDARD_PTP,Confirm if premises is located near Near Bus Stop (pin is a guess near this landmark)
AC000264,FIELD_FORCE,740.2,-3077.2,357.8,STANDARD_PTP,Confirm if premises is located near Near Community Hall (pin is a guess near this landmark)
AC000265,FIELD_FORCE,3433.8,-1644.8,357.8,STANDARD_PTP,Confirm if premises is located near Opposite Ganesh Temple (pin is a guess near this landmark)
AC000266,FIELD_FORCE,1155.6,-2026.0,47.9,STANDARD_PTP,
AC000266,FIELD_FORCE,1487.5,-2030.5,47.9,STANDARD_PTP,
AC000267,FIELD_FORCE,1214.1,-2013.8,47.9,STANDARD_PTP,
AC000268,TELE_DIALER,,,3710.3,ADDRESS_VERIFICATION_CAMPAIGN,"Your recorded address could not be verified. Please state your exact cross street, nearby landmark, and house gate color."
AC000269,FIELD_FORCE,-880.5,-1288.3,357.8,STANDARD_PTP,Confirm if premises is located near Near Ration Shop (pin is a guess near this landmark)
AC000270,FIELD_FORCE,422.0,2330.8,75.0,STANDARD_PTP,
AC000271,FIELD_FORCE,3555.7,-35.7,47.9,STANDARD_PTP,
AC000272,TELE_DIALER,,,3710.3,ADDRESS_VERIFICATION_CAMPAIGN,"Your recorded address could not be verified. Please state your exact cross street, nearby landmark, and house gate color."
AC000273,FIELD_FORCE,-1249.4,-3317.3,357.8,STANDARD_PTP,Confirm if premises is located near Near Medical Store (pin is a guess near this landmark)
AC000274,TELE_DIALER,,,3710.3,ADDRESS_VERIFICATION_CAMPAIGN,"Your recorded address could not be verified. Please state your exact cross street, nearby landmark, and house gate color."
AC000275,FIELD_FORCE,-1574.7,217.8,162.1,STANDARD_PTP,Confirm if premises is located near nearby verified landmark
AC000276,TELE_DIALER,,,3710.3,ADDRESS_VERIFICATION_CAMPAIGN,"Your recorded address could not be verified. Please state your exact cross street, nearby landmark, and house gate color."
AC000277,FIELD_FORCE,-834.7,-870.0,77.4,STANDARD_PTP,
AC000278,TELE_DIALER,,,3710.3,ADDRESS_VERIFICATION_CAMPAIGN,"Your recorded address could not be verified. Please state your exact cross street, nearby landmark, and house gate color."
AC000278,TELE_DIALER,,,3710.3,ADDRESS_VERIFICATION_CAMPAIGN,"Your recorded address could not be verified. Please state your exact cross street, nearby landmark, and house gate color."
AC000279,FIELD_FORCE,-100.7,2693.8,162.1,STANDARD_PTP,Confirm if premises is located near nearby verified landmark
AC000280,TELE_DIALER,,,3710.3,ADDRESS_VERIFICATION_CAMPAIGN,"Your recorded address could not be verified. Please state your exact cross street, nearby landmark, and house gate color."
AC000280,FIELD_FORCE,2072.1,2097.3,357.8,STANDARD_PTP,Confirm if premises is located near Near Govt School (pin is a guess near this landmark)
AC000281,FIELD_FORCE,967.8,-1038.4,387.8,STANDARD_PTP,Confirm if premises is located near nearby verified landmark
AC000282,FIELD_FORCE,692.6,-3291.5,387.8,STANDARD_PTP,Confirm if premises is located near Near Bus Stop (about 30 m from pin)
AC000283,FIELD_FORCE,1157.3,-3636.6,357.8,STANDARD_PTP,Confirm if premises is located near Near Water Tank (pin is a guess near this landmark)
AC000284,FIELD_FORCE,431.5,1548.7,357.8,STANDARD_PTP,Confirm if premises is located near Near Bus Stop (pin is a guess near this landmark)
AC000285,FIELD_FORCE,655.6,95.2,77.4,STANDARD_PTP,
AC000286,FIELD_FORCE,-2457.3,-2639.7,47.9,STANDARD_PTP,
AC000287,FIELD_FORCE,3068.2,-2380.2,387.8,STANDARD_PTP,Confirm if premises is located near nearby verified landmark
AC000288,TELE_DIALER,,,3710.3,ADDRESS_VERIFICATION_CAMPAIGN,"Your recorded address could not be verified. Please state your exact cross street, nearby landmark, and house gate color."
AC000288,TELE_DIALER,,,3710.3,ADDRESS_VERIFICATION_CAMPAIGN,"Your recorded address could not be verified. Please state your exact cross street, nearby landmark, and house gate color."
AC000289,FIELD_FORCE,2714.0,-2618.4,47.9,STANDARD_PTP,
AC000290,FIELD_FORCE,877.3,-3391.8,77.4,STANDARD_PTP,
AC000291,FIELD_FORCE,3084.0,541.1,47.9,STANDARD_PTP,
AC000292,FIELD_FORCE,1540.8,326.1,162.1,STANDARD_PTP,Confirm if premises is located near nearby verified landmark
AC000293,TELE_DIALER,,,3710.3,ADDRESS_VERIFICATION_CAMPAIGN,"Your recorded address could not be verified. Please state your exact cross street, nearby landmark, and house gate color."
AC000293,FIELD_FORCE,-2463.3,1582.8,357.8,STANDARD_PTP,Confirm if premises is located near Near Bus Stop (pin is a guess near this landmark)
AC000294,FIELD_FORCE,719.6,-3219.0,387.8,STANDARD_PTP,Confirm if premises is located near nearby verified landmark
AC000294,TELE_DIALER,,,3710.3,ADDRESS_VERIFICATION_CAMPAIGN,"Your recorded address could not be verified. Please state your exact cross street, nearby landmark, and house gate color."
AC000295,TELE_DIALER,,,3710.3,ADDRESS_VERIFICATION_CAMPAIGN,"Your recorded address could not be verified. Please state your exact cross street, nearby landmark, and house gate color."
AC000296,FIELD_FORCE,569.6,-3313.7,75.0,STANDARD_PTP,
AC000297,FIELD_FORCE,1076.6,-1210.0,162.1,STANDARD_PTP,Confirm if premises is located near nearby verified landmark
AC000297,FIELD_FORCE,-741.8,-2128.2,162.1,STANDARD_PTP,Confirm if premises is located near nearby verified landmark
AC000298,TELE_DIALER,,,3710.3,ADDRESS_VERIFICATION_CAMPAIGN,"Your recorded address could not be verified. Please state your exact cross street, nearby landmark, and house gate color."
AC000299,TELE_DIALER,,,3710.3,ADDRESS_VERIFICATION_CAMPAIGN,"Your recorded address could not be verified. Please state your exact cross street, nearby landmark, and house gate color."
AC000300,FIELD_FORCE,-933.7,-1407.2,162.1,STANDARD_PTP,Confirm if premises is located near Near Ration Shop (about 130 m from pin)
AC000301,FIELD_FORCE,-1948.3,-2521.8,387.8,STANDARD_PTP,Confirm if premises is located near nearby verified landmark
AC000302,FIELD_FORCE,-2878.1,1621.2,357.8,STANDARD_PTP,Confirm if premises is located near Near Milk Dairy (pin is a guess near this landmark)
AC000303,FIELD_FORCE,403.0,-3213.0,75.0,STANDARD_PTP,
AC000304,TELE_DIALER,,,3710.3,ADDRESS_VERIFICATION_CAMPAIGN,"Your recorded address could not be verified. Please state your exact cross street, nearby landmark, and house gate color."
AC000305,FIELD_FORCE,287.4,1293.4,162.1,STANDARD_PTP,Confirm if premises is located near nearby verified landmark
AC000306,FIELD_FORCE,-2350.3,-2317.5,357.8,STANDARD_PTP,Confirm if premises is located near Near Water Tank (pin is a guess near this landmark)
AC000307,FIELD_FORCE,2660.2,-1167.0,47.9,STANDARD_PTP,
AC000308,FIELD_FORCE,1345.7,155.7,47.9,STANDARD_PTP,
AC000308,FIELD_FORCE,-309.3,1732.2,387.8,STANDARD_PTP,Confirm if premises is located near Near Govt School (about 190 m from pin)
AC000309,FIELD_FORCE,951.3,-1098.8,162.1,STANDARD_PTP,Confirm if premises is located near nearby verified landmark
AC000310,FIELD_FORCE,2833.5,-1777.0,47.9,STANDARD_PTP,
AC000311,FIELD_FORCE,1982.8,-1241.6,357.8,STANDARD_PTP,Confirm if premises is located near Near Hanuman Temple (pin is a guess near this landmark)
AC000311,TELE_DIALER,,,3710.3,ADDRESS_VERIFICATION_CAMPAIGN,"Your recorded address could not be verified. Please state your exact cross street, nearby landmark, and house gate color."
AC000312,TELE_DIALER,,,3710.3,ADDRESS_VERIFICATION_CAMPAIGN,"Your recorded address could not be verified. Please state your exact cross street, nearby landmark, and house gate color."
AC000313,TELE_DIALER,,,3710.3,ADDRESS_VERIFICATION_CAMPAIGN,"Your recorded address could not be verified. Please state your exact cross street, nearby landmark, and house gate color."
AC000314,TELE_DIALER,,,3710.3,ADDRESS_VERIFICATION_CAMPAIGN,"Your recorded address could not be verified. Please state your exact cross street, nearby landmark, and house gate color."
AC000315,TELE_DIALER,,,3710.3,ADDRESS_VERIFICATION_CAMPAIGN,"Your recorded address could not be verified. Please state your exact cross street, nearby landmark, and house gate color."
AC000315,FIELD_FORCE,-764.5,-471.1,357.8,STANDARD_PTP,Confirm if premises is located near Behind Post Office (pin is a guess near this landmark)
AC000316,FIELD_FORCE,3101.8,-1958.1,47.9,STANDARD_PTP,
AC000317,FIELD_FORCE,-2287.0,1348.6,77.4,STANDARD_PTP,
AC000317,FIELD_FORCE,3469.5,-2083.9,357.8,STANDARD_PTP,Confirm if premises is located near Near Water Tank (pin is a guess near this landmark)
AC000318,FIELD_FORCE,-1956.8,-2726.4,77.4,STANDARD_PTP,
AC000319,TELE_DIALER,,,3710.3,ADDRESS_VERIFICATION_CAMPAIGN,"Your recorded address could not be verified. Please state your exact cross street, nearby landmark, and house gate color."
AC000320,FIELD_FORCE,-2634.5,1922.4,162.1,STANDARD_PTP,Confirm if premises is located near nearby verified landmark
AC000320,FIELD_FORCE,-2878.1,1621.2,357.8,STANDARD_PTP,Confirm if premises is located near Near Milk Dairy (pin is a guess near this landmark)
AC000321,FIELD_FORCE,2982.4,985.6,47.9,STANDARD_PTP,
AC000322,FIELD_FORCE,2471.8,2057.0,357.8,STANDARD_PTP,Confirm if premises is located near Near Medical Store (pin is a guess near this landmark)
AC000323,FIELD_FORCE,2843.8,757.1,357.8,STANDARD_PTP,Confirm if premises is located near Opposite Ration Shop (pin is a guess near this landmark)
AC000324,FIELD_FORCE,2430.3,-767.2,77.4,STANDARD_PTP,
AC000324,FIELD_FORCE,2447.4,-1191.9,357.8,STANDARD_PTP,Confirm if premises is located near Behind Post Office (pin is a guess near this landmark)
AC000325,TELE_DIALER,,,3710.3,ADDRESS_VERIFICATION_CAMPAIGN,"Your recorded address could not be verified. Please state your exact cross street, nearby landmark, and house gate color."
AC000325,TELE_DIALER,,,3710.3,ADDRESS_VERIFICATION_CAMPAIGN,"Your recorded address could not be verified. Please state your exact cross street, nearby landmark, and house gate color."
AC000326,TELE_DIALER,,,3710.3,ADDRESS_VERIFICATION_CAMPAIGN,"Your recorded address could not be verified. Please state your exact cross street, nearby landmark, and house gate color."
AC000327,FIELD_FORCE,1339.6,-2136.4,387.8,STANDARD_PTP,Confirm if premises is located near Near Church (about 180 m from pin)
AC000328,FIELD_FORCE,-853.4,-708.6,357.8,STANDARD_PTP,Confirm if premises is located near Near Ration Shop (pin is a guess near this landmark)
AC000329,FIELD_FORCE,-730.6,-1578.6,162.1,STANDARD_PTP,Confirm if premises is located near nearby verified landmark
AC000330,FIELD_FORCE,-2798.9,1474.5,162.1,STANDARD_PTP,Confirm if premises is located near nearby verified landmark
AC000331,FIELD_FORCE,2844.3,775.5,357.8,STANDARD_PTP,Confirm if premises is located near Opposite Water Tank (pin is a guess near this landmark)
AC000332,FIELD_FORCE,1923.8,-2314.7,77.4,STANDARD_PTP,
AC000333,FIELD_FORCE,3074.8,-1253.9,47.9,STANDARD_PTP,
AC000334,TELE_DIALER,,,3710.3,ADDRESS_VERIFICATION_CAMPAIGN,"Your recorded address could not be verified. Please state your exact cross street, nearby landmark, and house gate color."
AC000334,FIELD_FORCE,-1261.7,-2299.0,162.1,STANDARD_PTP,Confirm if premises is located near Opposite Church (pin is at this landmark)
AC000335,FIELD_FORCE,-1122.4,327.5,357.8,STANDARD_PTP,Confirm if premises is located near Near Ganesh Temple (pin is a guess near this landmark)
AC000336,FIELD_FORCE,2903.5,329.3,387.8,STANDARD_PTP,Confirm if premises is located near Opposite Community Hall (about 130 m from pin)
AC000337,FIELD_FORCE,835.1,-1186.0,47.9,STANDARD_PTP,
AC000337,FIELD_FORCE,-1126.2,-332.0,77.4,STANDARD_PTP,
AC000338,FIELD_FORCE,2897.3,-2698.5,47.9,STANDARD_PTP,
AC000338,FIELD_FORCE,740.2,-3077.2,357.8,STANDARD_PTP,Confirm if premises is located near Near Community Hall (pin is a guess near this landmark)
AC000339,FIELD_FORCE,1710.2,-1990.4,387.8,STANDARD_PTP,Confirm if premises is located near nearby verified landmark
AC000340,TELE_DIALER,,,3710.3,ADDRESS_VERIFICATION_CAMPAIGN,"Your recorded address could not be verified. Please state your exact cross street, nearby landmark, and house gate color."
AC000341,FIELD_FORCE,4116.0,116.3,387.8,STANDARD_PTP,Confirm if premises is located near nearby verified landmark
AC000342,TELE_DIALER,,,3710.3,ADDRESS_VERIFICATION_CAMPAIGN,"Your recorded address could not be verified. Please state your exact cross street, nearby landmark, and house gate color."
AC000343,TELE_DIALER,,,3710.3,ADDRESS_VERIFICATION_CAMPAIGN,"Your recorded address could not be verified. Please state your exact cross street, nearby landmark, and house gate color."
AC000344,TELE_DIALER,,,3710.3,ADDRESS_VERIFICATION_CAMPAIGN,"Your recorded address could not be verified. Please state your exact cross street, nearby landmark, and house gate color."
AC000345,FIELD_FORCE,-609.5,3293.5,162.1,STANDARD_PTP,Confirm if premises is located near nearby verified landmark
AC000346,FIELD_FORCE,828.3,2297.6,75.0,STANDARD_PTP,
AC000346,FIELD_FORCE,1309.5,290.4,357.8,STANDARD_PTP,Confirm if premises is located near Near Hanuman Temple (pin is a guess near this landmark)
AC000347,TELE_DIALER,,,3710.3,ADDRESS_VERIFICATION_CAMPAIGN,"Your recorded address could not be verified. Please state your exact cross street, nearby landmark, and house gate color."
AC000348,FIELD_FORCE,2564.7,924.2,77.4,STANDARD_PTP,
AC000348,TELE_DIALER,,,3710.3,ADDRESS_VERIFICATION_CAMPAIGN,"Your recorded address could not be verified. Please state your exact cross street, nearby landmark, and house gate color."
AC000349,FIELD_FORCE,1768.7,-1819.2,47.9,STANDARD_PTP,
AC000349,FIELD_FORCE,2629.1,-1674.2,77.4,STANDARD_PTP,
AC000350,FIELD_FORCE,2566.5,-1661.7,162.1,STANDARD_PTP,Confirm if premises is located near nearby verified landmark
AC000351,FIELD_FORCE,-619.4,-3778.5,77.4,STANDARD_PTP,
AC000352,FIELD_FORCE,178.2,2571.4,75.0,STANDARD_PTP,
AC000353,FIELD_FORCE,-639.9,-3367.2,357.8,STANDARD_PTP,Confirm if premises is located near Behind Hanuman Temple (pin is a guess near this landmark)
AC000354,FIELD_FORCE,-3740.4,-780.0,77.4,STANDARD_PTP,
AC000355,TELE_DIALER,,,3710.3,ADDRESS_VERIFICATION_CAMPAIGN,"Your recorded address could not be verified. Please state your exact cross street, nearby landmark, and house gate color."
AC000356,FIELD_FORCE,-3736.7,-775.5,387.8,STANDARD_PTP,Confirm if premises is located near nearby verified landmark
AC000357,FIELD_FORCE,731.9,-1039.8,357.8,STANDARD_PTP,Confirm if premises is located near Near Govt School (pin is a guess near this landmark)
AC000358,FIELD_FORCE,-2910.2,-36.3,357.8,STANDARD_PTP,Confirm if premises is located near Opposite Water Tank (pin is a guess near this landmark)
AC000359,FIELD_FORCE,-310.8,990.8,357.8,STANDARD_PTP,Confirm if premises is located near Near Masjid (pin is a guess near this landmark)
AC000360,FIELD_FORCE,-217.8,-371.9,77.4,STANDARD_PTP,
AC000361,FIELD_FORCE,-2618.5,2009.2,357.8,STANDARD_PTP,Confirm if premises is located near Near Govt School (pin is a guess near this landmark)
AC000362,TELE_DIALER,,,3710.3,ADDRESS_VERIFICATION_CAMPAIGN,"Your recorded address could not be verified. Please state your exact cross street, nearby landmark, and house gate color."
AC000363,FIELD_FORCE,-1625.7,-2955.8,357.8,STANDARD_PTP,Confirm if premises is located near Near Milk Dairy (pin is a guess near this landmark)
AC000364,FIELD_FORCE,2832.6,-1282.3,47.9,STANDARD_PTP,
AC000364,FIELD_FORCE,2958.1,214.7,357.8,STANDARD_PTP,Confirm if premises is located near Opposite Community Hall (pin is a guess near this landmark)
AC000365,FIELD_FORCE,-880.5,-1288.3,357.8,STANDARD_PTP,Confirm if premises is located near Near Ration Shop (pin is a guess near this landmark)
AC000366,TELE_DIALER,,,3710.3,ADDRESS_VERIFICATION_CAMPAIGN,"Your recorded address could not be verified. Please state your exact cross street, nearby landmark, and house gate color."
AC000367,FIELD_FORCE,-2655.6,-56.4,47.9,STANDARD_PTP,
AC000368,FIELD_FORCE,1052.4,-57.6,75.0,STANDARD_PTP,
AC000369,FIELD_FORCE,-881.1,-3312.0,77.4,STANDARD_PTP,
AC000370,FIELD_FORCE,-386.8,3422.8,357.8,STANDARD_PTP,Confirm if premises is located near Near Milk Dairy (pin is a guess near this landmark)
AC000371,FIELD_FORCE,767.4,-2763.0,77.4,STANDARD_PTP,
AC000372,FIELD_FORCE,-3828.4,-1132.5,77.4,STANDARD_PTP,
AC000373,FIELD_FORCE,-318.7,-105.8,387.8,STANDARD_PTP,Confirm if premises is located near Near Hanuman Temple (about 40 m from pin)
AC000374,FIELD_FORCE,1420.8,-1894.5,47.9,STANDARD_PTP,
AC000375,FIELD_FORCE,2585.7,-2240.3,387.8,STANDARD_PTP,Confirm if premises is located near Near Park (about 190 m from pin)
AC000376,FIELD_FORCE,-2082.0,-2042.8,47.9,STANDARD_PTP,
AC000376,FIELD_FORCE,1169.7,-3104.3,75.0,STANDARD_PTP,
AC000377,FIELD_FORCE,-1869.6,-2662.9,357.8,STANDARD_PTP,Confirm if premises is located near Behind Govt School (pin is a guess near this landmark)
AC000378,TELE_DIALER,,,3710.3,ADDRESS_VERIFICATION_CAMPAIGN,"Your recorded address could not be verified. Please state your exact cross street, nearby landmark, and house gate color."
AC000379,TELE_DIALER,,,3710.3,ADDRESS_VERIFICATION_CAMPAIGN,"Your recorded address could not be verified. Please state your exact cross street, nearby landmark, and house gate color."
AC000379,FIELD_FORCE,-513.7,-557.1,357.8,STANDARD_PTP,Confirm if premises is located near Near Water Tank (pin is a guess near this landmark)
AC000380,TELE_DIALER,,,3710.3,ADDRESS_VERIFICATION_CAMPAIGN,"Your recorded address could not be verified. Please state your exact cross street, nearby landmark, and house gate color."
AC000381,FIELD_FORCE,-2033.2,1671.8,387.8,STANDARD_PTP,Confirm if premises is located near nearby verified landmark
AC000382,FIELD_FORCE,859.0,-2641.7,162.1,STANDARD_PTP,Confirm if premises is located near nearby verified landmark
AC000382,FIELD_FORCE,2967.3,-995.6,162.1,STANDARD_PTP,Confirm if premises is located near nearby verified landmark
AC000383,TELE_DIALER,,,3710.3,ADDRESS_VERIFICATION_CAMPAIGN,"Your recorded address could not be verified. Please state your exact cross street, nearby landmark, and house gate color."
AC000384,FIELD_FORCE,1238.0,219.5,47.9,STANDARD_PTP,
AC000385,TELE_DIALER,,,3710.3,ADDRESS_VERIFICATION_CAMPAIGN,"Your recorded address could not be verified. Please state your exact cross street, nearby landmark, and house gate color."
AC000386,FIELD_FORCE,479.9,-3006.3,162.1,STANDARD_PTP,Confirm if premises is located near Near Church (about 80 m from pin)
AC000386,TELE_DIALER,,,3710.3,ADDRESS_VERIFICATION_CAMPAIGN,"Your recorded address could not be verified. Please state your exact cross street, nearby landmark, and house gate color."
AC000387,TELE_DIALER,,,3710.3,ADDRESS_VERIFICATION_CAMPAIGN,"Your recorded address could not be verified. Please state your exact cross street, nearby landmark, and house gate color."
AC000388,FIELD_FORCE,2897.1,-1407.9,77.4,STANDARD_PTP,
AC000389,FIELD_FORCE,-2756.4,1494.8,387.8,STANDARD_PTP,Confirm if premises is located near nearby verified landmark
AC000390,FIELD_FORCE,970.8,-341.6,77.4,STANDARD_PTP,
AC000391,TELE_DIALER,,,3710.3,ADDRESS_VERIFICATION_CAMPAIGN,"Your recorded address could not be verified. Please state your exact cross street, nearby landmark, and house gate color."
AC000391,FIELD_FORCE,-559.1,-3059.6,162.1,STANDARD_PTP,Confirm if premises is located near nearby verified landmark
AC000392,FIELD_FORCE,-933.1,-1915.8,357.8,STANDARD_PTP,Confirm if premises is located near Near Water Tank (pin is a guess near this landmark)
AC000393,FIELD_FORCE,1676.5,-2505.6,162.1,STANDARD_PTP,Confirm if premises is located near nearby verified landmark
AC000394,TELE_DIALER,,,3710.3,ADDRESS_VERIFICATION_CAMPAIGN,"Your recorded address could not be verified. Please state your exact cross street, nearby landmark, and house gate color."
AC000395,FIELD_FORCE,2932.3,-2068.3,387.8,STANDARD_PTP,Confirm if premises is located near nearby verified landmark
AC000396,TELE_DIALER,,,3710.3,ADDRESS_VERIFICATION_CAMPAIGN,"Your recorded address could not be verified. Please state your exact cross street, nearby landmark, and house gate color."
AC000397,FIELD_FORCE,3316.4,425.3,162.1,STANDARD_PTP,Confirm if premises is located near nearby verified landmark
AC000397,FIELD_FORCE,3296.6,936.9,162.1,STANDARD_PTP,Confirm if premises is located near nearby verified landmark
AC000398,FIELD_FORCE,-2119.1,1720.4,77.4,STANDARD_PTP,
AC000399,FIELD_FORCE,893.3,2656.2,162.1,STANDARD_PTP,Confirm if premises is located near Opposite Ration Shop (about 120 m from pin)
AC000400,FIELD_FORCE,-2847.1,-569.9,357.8,STANDARD_PTP,Confirm if premises is located near Near Bus Stop (pin is a guess near this landmark)
AC000401,FIELD_FORCE,-402.8,3230.6,357.8,STANDARD_PTP,Confirm if premises is located near Opposite Water Tank (pin is a guess near this landmark)
AC000401,TELE_DIALER,,,3710.3,ADDRESS_VERIFICATION_CAMPAIGN,"Your recorded address could not be verified. Please state your exact cross street, nearby landmark, and house gate color."
AC000402,FIELD_FORCE,-2715.1,1278.0,77.4,STANDARD_PTP,
AC000403,TELE_DIALER,,,3710.3,ADDRESS_VERIFICATION_CAMPAIGN,"Your recorded address could not be verified. Please state your exact cross street, nearby landmark, and house gate color."
AC000404,FIELD_FORCE,2104.3,615.8,47.9,STANDARD_PTP,
AC000404,TELE_DIALER,,,3710.3,ADDRESS_VERIFICATION_CAMPAIGN,"Your recorded address could not be verified. Please state your exact cross street, nearby landmark, and house gate color."
AC000405,FIELD_FORCE,-157.7,2828.5,162.1,STANDARD_PTP,Confirm if premises is located near nearby verified landmark
AC000406,FIELD_FORCE,-852.8,-3859.5,77.4,STANDARD_PTP,
AC000407,FIELD_FORCE,2908.5,940.9,357.8,STANDARD_PTP,Confirm if premises is located near Behind Ration Shop (pin is a guess near this landmark)
AC000407,FIELD_FORCE,2378.9,-1282.9,357.8,STANDARD_PTP,Confirm if premises is located near Near Bus Stop (pin is a guess near this landmark)
AC000408,FIELD_FORCE,2607.0,-1659.7,47.9,STANDARD_PTP,
AC000409,FIELD_FORCE,-764.5,-471.1,357.8,STANDARD_PTP,Confirm if premises is located near Near Post Office (pin is a guess near this landmark)
AC000410,FIELD_FORCE,1168.2,-557.3,387.8,STANDARD_PTP,Confirm if premises is located near nearby verified landmark
AC000411,TELE_DIALER,,,3710.3,ADDRESS_VERIFICATION_CAMPAIGN,"Your recorded address could not be verified. Please state your exact cross street, nearby landmark, and house gate color."
AC000412,FIELD_FORCE,-2718.7,-557.4,162.1,STANDARD_PTP,Confirm if premises is located near nearby verified landmark
AC000413,FIELD_FORCE,2820.1,-2101.1,47.9,STANDARD_PTP,
AC000413,FIELD_FORCE,-1137.4,-3087.3,47.9,STANDARD_PTP,
AC000414,FIELD_FORCE,1322.8,-2447.5,47.9,STANDARD_PTP,
AC000415,FIELD_FORCE,1366.7,-774.0,47.9,STANDARD_PTP,
AC000415,FIELD_FORCE,-2581.0,-176.7,77.4,STANDARD_PTP,
AC000416,FIELD_FORCE,3960.6,718.4,47.9,STANDARD_PTP,
AC000416,FIELD_FORCE,3704.3,109.3,47.9,STANDARD_PTP,
AC000417,FIELD_FORCE,-3085.4,1269.4,162.1,STANDARD_PTP,Confirm if premises is located near Opposite Ration Shop (about 40 m from pin)
AC000417,TELE_DIALER,,,3710.3,ADDRESS_VERIFICATION_CAMPAIGN,"Your recorded address could not be verified. Please state your exact cross street, nearby landmark, and house gate color."
AC000418,FIELD_FORCE,1285.7,-1764.8,47.9,STANDARD_PTP,
AC000418,FIELD_FORCE,2579.8,-1025.9,387.8,STANDARD_PTP,Confirm if premises is located near nearby verified landmark
AC000419,FIELD_FORCE,1211.7,1315.1,162.1,STANDARD_PTP,Confirm if premises is located near Near Medical Store (about 160 m from pin)
AC000420,FIELD_FORCE,2596.2,-2480.5,47.9,STANDARD_PTP,
AC000421,FIELD_FORCE,-2693.8,1719.1,75.0,STANDARD_PTP,
AC000422,FIELD_FORCE,546.3,-2981.0,357.8,STANDARD_PTP,Confirm if premises is located near Near Bus Stop (pin is a guess near this landmark)
AC000423,FIELD_FORCE,-391.5,-1246.1,162.1,STANDARD_PTP,Confirm if premises is located near Near Milk Dairy (about 160 m from pin)
AC000424,TELE_DIALER,,,3710.3,ADDRESS_VERIFICATION_CAMPAIGN,"Your recorded address could not be verified. Please state your exact cross street, nearby landmark, and house gate color."
AC000425,FIELD_FORCE,-1249.4,-3317.3,357.8,STANDARD_PTP,Confirm if premises is located near Near Medical Store (pin is a guess near this landmark)
AC000426,FIELD_FORCE,1318.2,2616.1,162.1,STANDARD_PTP,Confirm if premises is located near nearby verified landmark
AC000426,TELE_DIALER,,,3710.3,ADDRESS_VERIFICATION_CAMPAIGN,"Your recorded address could not be verified. Please state your exact cross street, nearby landmark, and house gate color."
AC000427,FIELD_FORCE,864.6,-3087.8,77.4,STANDARD_PTP,
AC000428,FIELD_FORCE,672.7,-2859.3,162.1,STANDARD_PTP,Confirm if premises is located near Opposite Ration Shop (about 80 m from pin)
AC000429,FIELD_FORCE,866.6,1084.6,162.1,STANDARD_PTP,Confirm if premises is located near nearby verified landmark
AC000430,FIELD_FORCE,1664.2,-1600.1,77.4,STANDARD_PTP,
AC000431,FIELD_FORCE,823.0,-420.4,357.8,STANDARD_PTP,Confirm if premises is located near Near Ganesh Temple (pin is a guess near this landmark)
AC000431,FIELD_FORCE,-107.4,3568.5,357.8,STANDARD_PTP,Confirm if premises is located near Near Masjid (pin is a guess near this landmark)
AC000432,FIELD_FORCE,3816.8,200.9,77.4,STANDARD_PTP,
AC000433,TELE_DIALER,,,3710.3,ADDRESS_VERIFICATION_CAMPAIGN,"Your recorded address could not be verified. Please state your exact cross street, nearby landmark, and house gate color."
AC000434,FIELD_FORCE,2577.3,-1320.1,357.8,STANDARD_PTP,Confirm if premises is located near Near Water Tank (pin is a guess near this landmark)
AC000435,FIELD_FORCE,1291.6,-2463.5,47.9,STANDARD_PTP,
AC000436,FIELD_FORCE,-637.1,-3108.0,77.4,STANDARD_PTP,
AC000436,FIELD_FORCE,-746.4,-3254.8,77.4,STANDARD_PTP,
AC000437,FIELD_FORCE,3004.2,-2521.5,77.4,STANDARD_PTP,
AC000438,FIELD_FORCE,1413.7,219.7,77.4,STANDARD_PTP,
AC000439,FIELD_FORCE,2447.4,-1191.9,357.8,STANDARD_PTP,Confirm if premises is located near Near Post Office (pin is a guess near this landmark)
AC000440,FIELD_FORCE,-2878.1,1621.2,357.8,STANDARD_PTP,Confirm if premises is located near Near Milk Dairy (pin is a guess near this landmark)
AC000441,FIELD_FORCE,1195.7,-682.7,162.1,STANDARD_PTP,Confirm if premises is located near nearby verified landmark
AC000442,FIELD_FORCE,2870.5,-2126.5,47.9,STANDARD_PTP,
AC000443,FIELD_FORCE,-3725.7,-769.7,77.4,STANDARD_PTP,
AC000444,TELE_DIALER,,,3710.3,ADDRESS_VERIFICATION_CAMPAIGN,"Your recorded address could not be verified. Please state your exact cross street, nearby landmark, and house gate color."
AC000445,FIELD_FORCE,1644.8,-1693.6,47.9,STANDARD_PTP,
AC000446,FIELD_FORCE,-67.0,-3856.9,77.4,STANDARD_PTP,
AC000446,FIELD_FORCE,883.9,-3762.9,77.4,STANDARD_PTP,
AC000447,FIELD_FORCE,-481.5,-3675.9,387.8,STANDARD_PTP,Confirm if premises is located near Near Masjid (about 90 m from pin)
AC000447,TELE_DIALER,,,3710.3,ADDRESS_VERIFICATION_CAMPAIGN,"Your recorded address could not be verified. Please state your exact cross street, nearby landmark, and house gate color."
AC000448,TELE_DIALER,,,3710.3,ADDRESS_VERIFICATION_CAMPAIGN,"Your recorded address could not be verified. Please state your exact cross street, nearby landmark, and house gate color."
AC000449,FIELD_FORCE,-406.6,-628.5,47.9,STANDARD_PTP,
AC000450,TELE_DIALER,,,3710.3,ADDRESS_VERIFICATION_CAMPAIGN,"Your recorded address could not be verified. Please state your exact cross street, nearby landmark, and house gate color."
AC000451,FIELD_FORCE,727.7,-3431.1,77.4,STANDARD_PTP,
AC000452,FIELD_FORCE,3051.1,-2317.6,357.8,STANDARD_PTP,Confirm if premises is located near Behind Milk Dairy (pin is a guess near this landmark)
AC000453,FIELD_FORCE,-37.5,3542.0,357.8,STANDARD_PTP,Confirm if premises is located near Near Hanuman Temple (pin is a guess near this landmark)
AC000454,FIELD_FORCE,1847.1,-1853.6,162.1,STANDARD_PTP,Confirm if premises is located near nearby verified landmark
AC000455,TELE_DIALER,,,3710.3,ADDRESS_VERIFICATION_CAMPAIGN,"Your recorded address could not be verified. Please state your exact cross street, nearby landmark, and house gate color."
AC000456,FIELD_FORCE,1261.5,-470.9,77.4,STANDARD_PTP,
AC000457,FIELD_FORCE,1058.6,-42.3,162.1,STANDARD_PTP,Confirm if premises is located near nearby verified landmark
AC000458,FIELD_FORCE,2682.2,-1692.0,387.8,STANDARD_PTP,Confirm if premises is located near nearby verified landmark
AC000459,TELE_DIALER,,,3710.3,ADDRESS_VERIFICATION_CAMPAIGN,"Your recorded address could not be verified. Please state your exact cross street, nearby landmark, and house gate color."
AC000459,FIELD_FORCE,-764.5,-471.1,357.8,STANDARD_PTP,Confirm if premises is located near Near Post Office (pin is a guess near this landmark)
AC000460,TELE_DIALER,,,3710.3,ADDRESS_VERIFICATION_CAMPAIGN,"Your recorded address could not be verified. Please state your exact cross street, nearby landmark, and house gate color."
AC000461,FIELD_FORCE,-1117.6,27.0,162.1,STANDARD_PTP,Confirm if premises is located near nearby verified landmark
AC000462,FIELD_FORCE,-2600.4,997.2,75.0,STANDARD_PTP,
AC000463,FIELD_FORCE,-2089.0,1133.5,162.1,STANDARD_PTP,Confirm if premises is located near nearby verified landmark
AC000464,FIELD_FORCE,683.3,-704.9,387.8,STANDARD_PTP,Confirm if premises is located near nearby verified landmark
AC000464,FIELD_FORCE,3443.4,-1945.1,357.8,STANDARD_PTP,Confirm if premises is located near Near Bus Stop (pin is a guess near this landmark)
AC000465,FIELD_FORCE,1606.7,-2328.3,47.9,STANDARD_PTP,
AC000466,TELE_DIALER,,,3710.3,ADDRESS_VERIFICATION_CAMPAIGN,"Your recorded address could not be verified. Please state your exact cross street, nearby landmark, and house gate color."
AC000467,FIELD_FORCE,1800.3,-2456.3,47.9,STANDARD_PTP,
AC000468,TELE_DIALER,,,3710.3,ADDRESS_VERIFICATION_CAMPAIGN,"Your recorded address could not be verified. Please state your exact cross street, nearby landmark, and house gate color."
AC000469,FIELD_FORCE,2968.4,-1911.2,387.8,STANDARD_PTP,Confirm if premises is located near nearby verified landmark
AC000470,TELE_DIALER,,,3710.3,ADDRESS_VERIFICATION_CAMPAIGN,"Your recorded address could not be verified. Please state your exact cross street, nearby landmark, and house gate color."
AC000471,TELE_DIALER,,,3710.3,ADDRESS_VERIFICATION_CAMPAIGN,"Your recorded address could not be verified. Please state your exact cross street, nearby landmark, and house gate color."
AC000472,FIELD_FORCE,-2596.7,-457.9,77.4,STANDARD_PTP,
AC000473,FIELD_FORCE,-570.2,3293.1,77.4,STANDARD_PTP,
AC000474,FIELD_FORCE,-802.8,-3859.5,75.0,STANDARD_PTP,
AC000475,FIELD_FORCE,919.9,-3347.4,47.9,STANDARD_PTP,
AC000476,FIELD_FORCE,-1625.7,-2955.8,357.8,STANDARD_PTP,Confirm if premises is located near Opposite Milk Dairy (pin is a guess near this landmark)
AC000476,FIELD_FORCE,2138.7,2240.0,162.1,STANDARD_PTP,Confirm if premises is located near Near Govt School (about 160 m from pin)
AC000477,TELE_DIALER,,,3710.3,ADDRESS_VERIFICATION_CAMPAIGN,"Your recorded address could not be verified. Please state your exact cross street, nearby landmark, and house gate color."
AC000477,FIELD_FORCE,915.5,955.0,162.1,STANDARD_PTP,Confirm if premises is located near nearby verified landmark
AC000478,FIELD_FORCE,2778.5,368.7,47.9,STANDARD_PTP,
AC000479,FIELD_FORCE,-2452.2,1354.7,77.4,STANDARD_PTP,
AC000479,TELE_DIALER,,,3710.3,ADDRESS_VERIFICATION_CAMPAIGN,"Your recorded address could not be verified. Please state your exact cross street, nearby landmark, and house gate color."
AC000480,TELE_DIALER,,,3710.3,ADDRESS_VERIFICATION_CAMPAIGN,"Your recorded address could not be verified. Please state your exact cross street, nearby landmark, and house gate color."
AC000481,FIELD_FORCE,-2976.7,-24.0,387.8,STANDARD_PTP,Confirm if premises is located near Near Water Tank (about 70 m from pin)
AC000482,TELE_DIALER,,,3710.3,ADDRESS_VERIFICATION_CAMPAIGN,"Your recorded address could not be verified. Please state your exact cross street, nearby landmark, and house gate color."
AC000483,FIELD_FORCE,680.3,969.2,162.1,STANDARD_PTP,Confirm if premises is located near Near Petrol Bunk (about 50 m from pin)
AC000483,FIELD_FORCE,599.8,1168.5,162.1,STANDARD_PTP,Confirm if premises is located near nearby verified landmark
AC000484,FIELD_FORCE,2474.7,-2519.9,387.8,STANDARD_PTP,Confirm if premises is located near nearby verified landmark
AC000484,FIELD_FORCE,2259.4,1221.3,47.9,STANDARD_PTP,
AC000485,FIELD_FORCE,-118.6,-256.5,387.8,STANDARD_PTP,Confirm if premises is located near Near Bus Stop (about 110 m from pin)
AC000486,TELE_DIALER,,,3710.3,ADDRESS_VERIFICATION_CAMPAIGN,"Your recorded address could not be verified. Please state your exact cross street, nearby landmark, and house gate color."
AC000486,TELE_DIALER,,,3710.3,ADDRESS_VERIFICATION_CAMPAIGN,"Your recorded address could not be verified. Please state your exact cross street, nearby landmark, and house gate color."
AC000487,FIELD_FORCE,-637.2,-3804.2,77.4,STANDARD_PTP,
AC000488,FIELD_FORCE,-774.7,3249.2,162.1,STANDARD_PTP,Confirm if premises is located near nearby verified landmark
AC000488,FIELD_FORCE,-2878.1,1621.2,357.8,STANDARD_PTP,Confirm if premises is located near Near Milk Dairy (pin is a guess near this landmark)
AC000489,FIELD_FORCE,2842.8,-1938.4,47.9,STANDARD_PTP,
AC000490,FIELD_FORCE,-2854.1,-143.8,387.8,STANDARD_PTP,Confirm if premises is located near nearby verified landmark
AC000491,FIELD_FORCE,-882.0,-3850.0,47.9,STANDARD_PTP,
AC000492,TELE_DIALER,,,3710.3,ADDRESS_VERIFICATION_CAMPAIGN,"Your recorded address could not be verified. Please state your exact cross street, nearby landmark, and house gate color."
AC000493,FIELD_FORCE,1819.2,-1570.2,47.9,STANDARD_PTP,
AC000494,FIELD_FORCE,1481.3,-684.1,77.4,STANDARD_PTP,
AC000494,TELE_DIALER,,,3710.3,ADDRESS_VERIFICATION_CAMPAIGN,"Your recorded address could not be verified. Please state your exact cross street, nearby landmark, and house gate color."
AC000495,TELE_DIALER,,,3710.3,ADDRESS_VERIFICATION_CAMPAIGN,"Your recorded address could not be verified. Please state your exact cross street, nearby landmark, and house gate color."
AC000496,FIELD_FORCE,2401.9,-1290.9,77.4,STANDARD_PTP,
AC000497,FIELD_FORCE,1090.0,-962.8,387.8,STANDARD_PTP,Confirm if premises is located near nearby verified landmark
AC000498,FIELD_FORCE,3146.3,-2165.3,77.4,STANDARD_PTP,
AC000499,FIELD_FORCE,674.2,-327.5,47.9,STANDARD_PTP,
AC000500,FIELD_FORCE,-2910.2,-36.3,357.8,STANDARD_PTP,Confirm if premises is located near Near Water Tank (pin is a guess near this landmark)
AC000501,FIELD_FORCE,3546.7,-88.8,47.9,STANDARD_PTP,
AC000502,FIELD_FORCE,2440.0,-2255.2,77.4,STANDARD_PTP,
AC000503,FIELD_FORCE,-173.7,-3339.8,77.4,STANDARD_PTP,
AC000503,TELE_DIALER,,,3710.3,ADDRESS_VERIFICATION_CAMPAIGN,"Your recorded address could not be verified. Please state your exact cross street, nearby landmark, and house gate color."
AC000504,FIELD_FORCE,-2689.4,959.2,162.1,STANDARD_PTP,Confirm if premises is located near nearby verified landmark
AC000505,TELE_DIALER,,,3710.3,ADDRESS_VERIFICATION_CAMPAIGN,"Your recorded address could not be verified. Please state your exact cross street, nearby landmark, and house gate color."
AC000505,TELE_DIALER,,,3710.3,ADDRESS_VERIFICATION_CAMPAIGN,"Your recorded address could not be verified. Please state your exact cross street, nearby landmark, and house gate color."
AC000506,FIELD_FORCE,2854.3,-2273.2,47.9,STANDARD_PTP,
AC000507,FIELD_FORCE,-2383.7,-2020.9,75.0,STANDARD_PTP,
AC000508,FIELD_FORCE,-219.8,3205.5,387.8,STANDARD_PTP,Confirm if premises is located near nearby verified landmark
AC000509,FIELD_FORCE,-923.8,-1591.3,162.1,STANDARD_PTP,Confirm if premises is located near nearby verified landmark
AC000510,TELE_DIALER,,,3710.3,ADDRESS_VERIFICATION_CAMPAIGN,"Your recorded address could not be verified. Please state your exact cross street, nearby landmark, and house gate color."
AC000510,TELE_DIALER,,,3710.3,ADDRESS_VERIFICATION_CAMPAIGN,"Your recorded address could not be verified. Please state your exact cross street, nearby landmark, and house gate color."
AC000511,FIELD_FORCE,2439.3,-2254.7,387.8,STANDARD_PTP,Confirm if premises is located near nearby verified landmark
AC000512,FIELD_FORCE,-1552.6,-2496.1,387.8,STANDARD_PTP,Confirm if premises is located near nearby verified landmark
AC000513,FIELD_FORCE,-577.0,3418.2,387.8,STANDARD_PTP,Confirm if premises is located near Near Milk Dairy (about 190 m from pin)
AC000514,FIELD_FORCE,2076.3,1122.7,357.8,STANDARD_PTP,Confirm if premises is located near Near Hanuman Temple (pin is a guess near this landmark)
AC000514,TELE_DIALER,,,3710.3,ADDRESS_VERIFICATION_CAMPAIGN,"Your recorded address could not be verified. Please state your exact cross street, nearby landmark, and house gate color."
AC000515,TELE_DIALER,,,3710.3,ADDRESS_VERIFICATION_CAMPAIGN,"Your recorded address could not be verified. Please state your exact cross street, nearby landmark, and house gate color."
AC000516,FIELD_FORCE,-2646.7,-493.3,47.9,STANDARD_PTP,
AC000517,FIELD_FORCE,2282.6,-2341.3,387.8,STANDARD_PTP,Confirm if premises is located near nearby verified landmark
AC000518,FIELD_FORCE,2326.6,918.3,47.9,STANDARD_PTP,
AC000519,FIELD_FORCE,2257.4,620.2,47.9,STANDARD_PTP,
AC000520,FIELD_FORCE,1285.9,-833.5,47.9,STANDARD_PTP,
AC000521,FIELD_FORCE,939.8,2635.4,387.8,STANDARD_PTP,Confirm if premises is located near nearby verified landmark
AC000522,TELE_DIALER,,,3710.3,ADDRESS_VERIFICATION_CAMPAIGN,"Your recorded address could not be verified. Please state your exact cross street, nearby landmark, and house gate color."
AC000523,FIELD_FORCE,935.4,-2908.1,77.4,STANDARD_PTP,
AC000523,FIELD_FORCE,3046.4,-1581.5,387.8,STANDARD_PTP,Confirm if premises is located near nearby verified landmark
AC000524,TELE_DIALER,,,3710.3,ADDRESS_VERIFICATION_CAMPAIGN,"Your recorded address could not be verified. Please state your exact cross street, nearby landmark, and house gate color."
AC000524,TELE_DIALER,,,3710.3,ADDRESS_VERIFICATION_CAMPAIGN,"Your recorded address could not be verified. Please state your exact cross street, nearby landmark, and house gate color."
AC000525,FIELD_FORCE,865.9,-758.4,77.4,STANDARD_PTP,
AC000526,FIELD_FORCE,1365.9,-882.5,357.8,STANDARD_PTP,Confirm if premises is located near Near Medical Store (pin is a guess near this landmark)
AC000527,FIELD_FORCE,-649.7,2784.3,47.9,STANDARD_PTP,
AC000528,FIELD_FORCE,185.2,1825.7,162.1,STANDARD_PTP,Confirm if premises is located near nearby verified landmark
AC000528,TELE_DIALER,,,3710.3,ADDRESS_VERIFICATION_CAMPAIGN,"Your recorded address could not be verified. Please state your exact cross street, nearby landmark, and house gate color."
AC000529,TELE_DIALER,,,3710.3,ADDRESS_VERIFICATION_CAMPAIGN,"Your recorded address could not be verified. Please state your exact cross street, nearby landmark, and house gate color."
AC000529,TELE_DIALER,,,3710.3,ADDRESS_VERIFICATION_CAMPAIGN,"Your recorded address could not be verified. Please state your exact cross street, nearby landmark, and house gate color."
AC000530,FIELD_FORCE,775.5,-3290.8,77.4,STANDARD_PTP,
AC000531,FIELD_FORCE,2802.0,835.2,47.9,STANDARD_PTP,
AC000532,FIELD_FORCE,2843.8,757.1,357.8,STANDARD_PTP,Confirm if premises is located near Near Ration Shop (pin is a guess near this landmark)
AC000533,FIELD_FORCE,1037.2,-3032.6,162.1,STANDARD_PTP,Confirm if premises is located near nearby verified landmark
AC000534,FIELD_FORCE,2791.9,-2113.9,357.8,STANDARD_PTP,Confirm if premises is located near Near Medical Store (pin is a guess near this landmark)
AC000535,FIELD_FORCE,-1554.1,641.8,357.8,STANDARD_PTP,Confirm if premises is located near Near Church (pin is a guess near this landmark)
AC000536,FIELD_FORCE,-1435.2,-1715.2,162.1,STANDARD_PTP,Confirm if premises is located near nearby verified landmark
AC000537,FIELD_FORCE,802.8,-290.4,162.1,STANDARD_PTP,Confirm if premises is located near nearby verified landmark
AC000538,TELE_DIALER,,,3710.3,ADDRESS_VERIFICATION_CAMPAIGN,"Your recorded address could not be verified. Please state your exact cross street, nearby landmark, and house gate color."
AC000538,FIELD_FORCE,-347.0,-84.0,357.8,STANDARD_PTP,Confirm if premises is located near Near Hanuman Temple (pin is a guess near this landmark)
AC000539,FIELD_FORCE,2355.8,1088.0,77.4,STANDARD_PTP,
AC000540,TELE_DIALER,,,3710.3,ADDRESS_VERIFICATION_CAMPAIGN,"Your recorded address could not be verified. Please state your exact cross street, nearby landmark, and house gate color."
AC000540,FIELD_FORCE,674.9,1444.0,357.8,STANDARD_PTP,Confirm if premises is located near Opposite Post Office (pin is a guess near this landmark)
AC000541,FIELD_FORCE,3204.7,-2025.5,77.4,STANDARD_PTP,
AC000542,FIELD_FORCE,53.2,2377.8,162.1,STANDARD_PTP,Confirm if premises is located near nearby verified landmark
AC000543,TELE_DIALER,,,3710.3,ADDRESS_VERIFICATION_CAMPAIGN,"Your recorded address could not be verified. Please state your exact cross street, nearby landmark, and house gate color."
AC000544,FIELD_FORCE,2738.1,-2555.3,75.0,STANDARD_PTP,
AC000545,FIELD_FORCE,1277.3,150.4,77.4,STANDARD_PTP,
AC000546,TELE_DIALER,,,3710.3,ADDRESS_VERIFICATION_CAMPAIGN,"Your recorded address could not be verified. Please state your exact cross street, nearby landmark, and house gate color."
AC000547,FIELD_FORCE,3295.5,-2213.7,77.4,STANDARD_PTP,
AC000547,FIELD_FORCE,-270.5,3172.4,162.1,STANDARD_PTP,Confirm if premises is located near Near Water Tank (about 140 m from pin)
AC000548,TELE_DIALER,,,3710.3,ADDRESS_VERIFICATION_CAMPAIGN,"Your recorded address could not be verified. Please state your exact cross street, nearby landmark, and house gate color."
AC000549,FIELD_FORCE,2770.9,142.7,75.0,STANDARD_PTP,
AC000549,TELE_DIALER,,,3710.3,ADDRESS_VERIFICATION_CAMPAIGN,"Your recorded address could not be verified. Please state your exact cross street, nearby landmark, and house gate color."
AC000550,FIELD_FORCE,1208.5,1049.0,77.4,STANDARD_PTP,
AC000551,FIELD_FORCE,772.0,2468.5,387.8,STANDARD_PTP,Confirm if premises is located near Near Ration Shop (about 190 m from pin)
AC000552,FIELD_FORCE,-1625.7,-2955.8,357.8,STANDARD_PTP,Confirm if premises is located near Near Milk Dairy (pin is a guess near this landmark)
AC000553,TELE_DIALER,,,3710.3,ADDRESS_VERIFICATION_CAMPAIGN,"Your recorded address could not be verified. Please state your exact cross street, nearby landmark, and house gate color."
AC000554,FIELD_FORCE,1440.8,-1984.6,357.8,STANDARD_PTP,Confirm if premises is located near Near Church (pin is a guess near this landmark)
AC000555,TELE_DIALER,,,3710.3,ADDRESS_VERIFICATION_CAMPAIGN,"Your recorded address could not be verified. Please state your exact cross street, nearby landmark, and house gate color."
AC000556,FIELD_FORCE,774.3,3008.7,75.0,STANDARD_PTP,
AC000557,FIELD_FORCE,2759.6,-1818.2,47.9,STANDARD_PTP,
AC000558,TELE_DIALER,,,3710.3,ADDRESS_VERIFICATION_CAMPAIGN,"Your recorded address could not be verified. Please state your exact cross street, nearby landmark, and house gate color."
AC000559,FIELD_FORCE,-3039.7,-116.9,387.8,STANDARD_PTP,Confirm if premises is located near nearby verified landmark
AC000560,FIELD_FORCE,4024.7,318.4,75.0,STANDARD_PTP,
AC000561,FIELD_FORCE,-2799.4,893.5,357.8,STANDARD_PTP,Confirm if premises is located near Near Post Office (pin is a guess near this landmark)
AC000562,FIELD_FORCE,-926.8,2620.3,162.1,STANDARD_PTP,Confirm if premises is located near Near Medical Store (about 190 m from pin)
AC000563,FIELD_FORCE,-2688.2,-487.8,47.9,STANDARD_PTP,
AC000564,FIELD_FORCE,-657.4,-3343.2,162.1,STANDARD_PTP,Confirm if premises is located near nearby verified landmark
AC000565,TELE_DIALER,,,3710.3,ADDRESS_VERIFICATION_CAMPAIGN,"Your recorded address could not be verified. Please state your exact cross street, nearby landmark, and house gate color."
AC000566,TELE_DIALER,,,3710.3,ADDRESS_VERIFICATION_CAMPAIGN,"Your recorded address could not be verified. Please state your exact cross street, nearby landmark, and house gate color."
AC000567,TELE_DIALER,,,3710.3,ADDRESS_VERIFICATION_CAMPAIGN,"Your recorded address could not be verified. Please state your exact cross street, nearby landmark, and house gate color."
AC000568,FIELD_FORCE,2852.5,-2271.8,387.8,STANDARD_PTP,Confirm if premises is located near Opposite Community Hall (about 160 m from pin)
AC000569,FIELD_FORCE,3880.1,627.7,162.1,STANDARD_PTP,Confirm if premises is located near nearby verified landmark
AC000570,FIELD_FORCE,2676.2,-2364.4,47.9,STANDARD_PTP,
AC000571,TELE_DIALER,,,3710.3,ADDRESS_VERIFICATION_CAMPAIGN,"Your recorded address could not be verified. Please state your exact cross street, nearby landmark, and house gate color."
AC000571,FIELD_FORCE,-659.2,-2947.9,77.4,STANDARD_PTP,
AC000572,FIELD_FORCE,-361.8,-940.4,47.9,STANDARD_PTP,
AC000573,FIELD_FORCE,709.2,-3292.8,47.9,STANDARD_PTP,
AC000573,FIELD_FORCE,1975.6,-911.1,77.4,STANDARD_PTP,
AC000574,FIELD_FORCE,-844.0,2855.6,387.8,STANDARD_PTP,Confirm if premises is located near nearby verified landmark
AC000575,TELE_DIALER,,,3710.3,ADDRESS_VERIFICATION_CAMPAIGN,"Your recorded address could not be verified. Please state your exact cross street, nearby landmark, and house gate color."
AC000576,TELE_DIALER,,,3710.3,ADDRESS_VERIFICATION_CAMPAIGN,"Your recorded address could not be verified. Please state your exact cross street, nearby landmark, and house gate color."
AC000577,FIELD_FORCE,1325.8,-1116.6,77.4,STANDARD_PTP,
AC000578,FIELD_FORCE,-1528.9,-2813.1,357.8,STANDARD_PTP,Confirm if premises is located near Near Hanuman Temple (pin is a guess near this landmark)
AC000579,FIELD_FORCE,2717.5,908.5,162.1,STANDARD_PTP,Confirm if premises is located near Opposite Ration Shop (about 190 m from pin)
AC000580,TELE_DIALER,,,3710.3,ADDRESS_VERIFICATION_CAMPAIGN,"Your recorded address could not be verified. Please state your exact cross street, nearby landmark, and house gate color."
AC000581,FIELD_FORCE,-178.4,-3427.7,47.9,STANDARD_PTP,
AC000581,FIELD_FORCE,-52.2,3155.0,77.4,STANDARD_PTP,
AC000582,TELE_DIALER,,,3710.3,ADDRESS_VERIFICATION_CAMPAIGN,"Your recorded address could not be verified. Please state your exact cross street, nearby landmark, and house gate color."
AC000582,FIELD_FORCE,-740.1,2565.6,357.8,STANDARD_PTP,Confirm if premises is located near Near Medical Store (pin is a guess near this landmark)
AC000583,FIELD_FORCE,2836.7,-2601.8,47.9,STANDARD_PTP,
AC000584,TELE_DIALER,,,3710.3,ADDRESS_VERIFICATION_CAMPAIGN,"Your recorded address could not be verified. Please state your exact cross street, nearby landmark, and house gate color."
AC000585,FIELD_FORCE,647.5,-2633.2,357.8,STANDARD_PTP,Confirm if premises is located near Near Medical Store (pin is a guess near this landmark)
AC000586,FIELD_FORCE,1348.2,-2073.0,387.8,STANDARD_PTP,Confirm if premises is located near Opposite Milk Dairy (about 80 m from pin)
AC000587,TELE_DIALER,,,3710.3,ADDRESS_VERIFICATION_CAMPAIGN,"Your recorded address could not be verified. Please state your exact cross street, nearby landmark, and house gate color."
AC000588,TELE_DIALER,,,3710.3,ADDRESS_VERIFICATION_CAMPAIGN,"Your recorded address could not be verified. Please state your exact cross street, nearby landmark, and house gate color."
AC000589,FIELD_FORCE,3138.7,562.4,47.9,STANDARD_PTP,
AC000590,FIELD_FORCE,2780.6,-2484.4,75.0,STANDARD_PTP,
AC000590,FIELD_FORCE,2695.1,1080.9,77.4,STANDARD_PTP,
AC000591,FIELD_FORCE,-2604.3,-560.8,162.1,STANDARD_PTP,Confirm if premises is located near nearby verified landmark
AC000591,FIELD_FORCE,3205.8,-1685.6,357.8,STANDARD_PTP,Confirm if premises is located near Near Post Office (pin is a guess near this landmark)
AC000592,FIELD_FORCE,677.7,-2777.8,357.8,STANDARD_PTP,Confirm if premises is located near Behind Ration Shop (pin is a guess near this landmark)
AC000593,FIELD_FORCE,-853.4,-708.6,357.8,STANDARD_PTP,Confirm if premises is located near Opposite Ration Shop (pin is a guess near this landmark)
AC000593,FIELD_FORCE,3205.8,-1685.6,357.8,STANDARD_PTP,Confirm if premises is located near Near Post Office (pin is a guess near this landmark)
AC000594,FIELD_FORCE,787.1,-2816.4,162.1,STANDARD_PTP,Confirm if premises is located near nearby verified landmark
AC000595,FIELD_FORCE,2644.5,-1595.6,47.9,STANDARD_PTP,
AC000596,FIELD_FORCE,-643.5,1512.2,357.8,STANDARD_PTP,Confirm if premises is located near Opposite Petrol Bunk (pin is a guess near this landmark)
AC000597,FIELD_FORCE,2524.4,-500.7,162.1,STANDARD_PTP,Confirm if premises is located near nearby verified landmark
AC000598,FIELD_FORCE,824.7,-713.9,47.9,STANDARD_PTP,
AC000598,FIELD_FORCE,-402.8,3230.6,357.8,STANDARD_PTP,Confirm if premises is located near Near Water Tank (pin is a guess near this landmark)
AC000599,FIELD_FORCE,1346.4,-2520.7,357.8,STANDARD_PTP,Confirm if premises is located near Near Masjid (pin is a guess near this landmark)
AC000600,FIELD_FORCE,-2664.2,1728.2,47.9,STANDARD_PTP,
AC000601,FIELD_FORCE,-635.7,-339.6,77.4,STANDARD_PTP,
AC000602,TELE_DIALER,,,3710.3,ADDRESS_VERIFICATION_CAMPAIGN,"Your recorded address could not be verified. Please state your exact cross street, nearby landmark, and house gate color."
AC000603,TELE_DIALER,,,3710.3,ADDRESS_VERIFICATION_CAMPAIGN,"Your recorded address could not be verified. Please state your exact cross street, nearby landmark, and house gate color."
AC000604,FIELD_FORCE,2201.8,847.3,387.8,STANDARD_PTP,Confirm if premises is located near Near Govt School (about 90 m from pin)
AC000604,FIELD_FORCE,779.0,-3288.8,75.0,STANDARD_PTP,
AC000605,FIELD_FORCE,3755.4,504.7,47.9,STANDARD_PTP,
AC000606,FIELD_FORCE,652.9,-2631.4,47.9,STANDARD_PTP,
AC000606,FIELD_FORCE,772.4,-2604.8,77.4,STANDARD_PTP,
AC000607,TELE_DIALER,,,3710.3,ADDRESS_VERIFICATION_CAMPAIGN,"Your recorded address could not be verified. Please state your exact cross street, nearby landmark, and house gate color."
AC000608,FIELD_FORCE,2440.5,-2251.4,47.9,STANDARD_PTP,
AC000609,FIELD_FORCE,1077.0,-1175.3,47.9,STANDARD_PTP,
AC000610,FIELD_FORCE,747.1,70.2,357.8,STANDARD_PTP,Confirm if premises is located near Near Community Hall (pin is a guess near this landmark)
AC000611,TELE_DIALER,,,3710.3,ADDRESS_VERIFICATION_CAMPAIGN,"Your recorded address could not be verified. Please state your exact cross street, nearby landmark, and house gate color."
AC000612,FIELD_FORCE,1097.3,2655.1,357.8,STANDARD_PTP,Confirm if premises is located near Near Bus Stop (pin is a guess near this landmark)
AC000613,FIELD_FORCE,3030.2,-2330.6,162.1,STANDARD_PTP,Confirm if premises is located near Near Hanuman Temple (about 160 m from pin)
AC000614,FIELD_FORCE,926.3,2478.7,47.9,STANDARD_PTP,
AC000614,FIELD_FORCE,-310.8,990.8,357.8,STANDARD_PTP,Confirm if premises is located near Opposite Masjid (pin is a guess near this landmark)
AC000615,FIELD_FORCE,2167.8,2230.7,162.1,STANDARD_PTP,Confirm if premises is located near Near Govt School (about 160 m from pin)
AC000616,FIELD_FORCE,-2885.9,186.5,77.4,STANDARD_PTP,
AC000617,FIELD_FORCE,2494.7,-1148.9,47.9,STANDARD_PTP,
AC000618,TELE_DIALER,,,3710.3,ADDRESS_VERIFICATION_CAMPAIGN,"Your recorded address could not be verified. Please state your exact cross street, nearby landmark, and house gate color."
AC000618,FIELD_FORCE,1253.6,-276.9,47.9,STANDARD_PTP,
AC000619,TELE_DIALER,,,3710.3,ADDRESS_VERIFICATION_CAMPAIGN,"Your recorded address could not be verified. Please state your exact cross street, nearby landmark, and house gate color."
AC000620,FIELD_FORCE,1204.9,-530.1,77.4,STANDARD_PTP,
AC000621,FIELD_FORCE,1576.0,-242.5,47.9,STANDARD_PTP,
AC000621,FIELD_FORCE,-354.0,-1397.5,77.4,STANDARD_PTP,
AC000622,FIELD_FORCE,-2333.0,-3.2,162.1,STANDARD_PTP,Confirm if premises is located near nearby verified landmark
AC000622,TELE_DIALER,,,3710.3,ADDRESS_VERIFICATION_CAMPAIGN,"Your recorded address could not be verified. Please state your exact cross street, nearby landmark, and house gate color."
AC000623,TELE_DIALER,,,3710.3,ADDRESS_VERIFICATION_CAMPAIGN,"Your recorded address could not be verified. Please state your exact cross street, nearby landmark, and house gate color."
AC000624,TELE_DIALER,,,3710.3,ADDRESS_VERIFICATION_CAMPAIGN,"Your recorded address could not be verified. Please state your exact cross street, nearby landmark, and house gate color."
AC000625,FIELD_FORCE,-711.1,3387.9,47.9,STANDARD_PTP,
AC000626,FIELD_FORCE,671.4,81.3,47.9,STANDARD_PTP,
AC000627,FIELD_FORCE,1147.2,-3177.1,47.9,STANDARD_PTP,
AC000628,FIELD_FORCE,-1248.8,-2714.3,47.9,STANDARD_PTP,
AC000629,FIELD_FORCE,3057.6,-2283.1,47.9,STANDARD_PTP,
AC000630,TELE_DIALER,,,3710.3,ADDRESS_VERIFICATION_CAMPAIGN,"Your recorded address could not be verified. Please state your exact cross street, nearby landmark, and house gate color."
AC000631,FIELD_FORCE,3122.7,-2480.5,387.8,STANDARD_PTP,Confirm if premises is located near nearby verified landmark
AC000632,FIELD_FORCE,1097.3,2655.1,357.8,STANDARD_PTP,Confirm if premises is located near Near Bus Stop (pin is a guess near this landmark)
AC000633,FIELD_FORCE,1299.6,-1924.1,387.8,STANDARD_PTP,Confirm if premises is located near Near Milk Dairy (about 120 m from pin)
AC000634,TELE_DIALER,,,3710.3,ADDRESS_VERIFICATION_CAMPAIGN,"Your recorded address could not be verified. Please state your exact cross street, nearby landmark, and house gate color."
AC000634,FIELD_FORCE,3020.4,-1138.3,162.1,STANDARD_PTP,Confirm if premises is located near nearby verified landmark
AC000635,FIELD_FORCE,2418.5,-2001.4,162.1,STANDARD_PTP,Confirm if premises is located near nearby verified landmark
AC000636,FIELD_FORCE,1041.5,-1855.2,357.8,STANDARD_PTP,Confirm if premises is located near Opposite Ration Shop (pin is a guess near this landmark)
AC000637,FIELD_FORCE,440.4,-2877.7,47.9,STANDARD_PTP,
AC000637,FIELD_FORCE,-3083.2,1414.7,357.8,STANDARD_PTP,Confirm if premises is located near Opposite Community Hall (pin is a guess near this landmark)
AC000638,TELE_DIALER,,,3710.3,ADDRESS_VERIFICATION_CAMPAIGN,"Your recorded address could not be verified. Please state your exact cross street, nearby landmark, and house gate color."
AC000639,FIELD_FORCE,-2212.5,1138.5,47.9,STANDARD_PTP,
AC000640,TELE_DIALER,,,3710.3,ADDRESS_VERIFICATION_CAMPAIGN,"Your recorded address could not be verified. Please state your exact cross street, nearby landmark, and house gate color."
AC000641,FIELD_FORCE,3161.3,-2444.6,77.4,STANDARD_PTP,
AC000641,TELE_DIALER,,,3710.3,ADDRESS_VERIFICATION_CAMPAIGN,"Your recorded address could not be verified. Please state your exact cross street, nearby landmark, and house gate color."
AC000642,TELE_DIALER,,,3710.3,ADDRESS_VERIFICATION_CAMPAIGN,"Your recorded address could not be verified. Please state your exact cross street, nearby landmark, and house gate color."
AC000643,FIELD_FORCE,2501.5,624.9,47.9,STANDARD_PTP,
AC000644,FIELD_FORCE,-1522.9,552.2,162.1,STANDARD_PTP,Confirm if premises is located near nearby verified landmark
AC000645,FIELD_FORCE,3288.8,-2147.0,77.4,STANDARD_PTP,
AC000646,FIELD_FORCE,-2847.1,-569.9,357.8,STANDARD_PTP,Confirm if premises is located near Near Bus Stop (pin is a guess near this landmark)
AC000647,TELE_DIALER,,,3710.3,ADDRESS_VERIFICATION_CAMPAIGN,"Your recorded address could not be verified. Please state your exact cross street, nearby landmark, and house gate color."
AC000648,TELE_DIALER,,,3710.3,ADDRESS_VERIFICATION_CAMPAIGN,"Your recorded address could not be verified. Please state your exact cross street, nearby landmark, and house gate color."
AC000649,FIELD_FORCE,821.2,-588.2,47.9,STANDARD_PTP,
AC000650,FIELD_FORCE,-1298.8,-2714.3,75.0,STANDARD_PTP,
AC000650,FIELD_FORCE,-2559.7,1431.3,162.1,STANDARD_PTP,Confirm if premises is located near nearby verified landmark
AC000651,TELE_DIALER,,,3710.3,ADDRESS_VERIFICATION_CAMPAIGN,"Your recorded address could not be verified. Please state your exact cross street, nearby landmark, and house gate color."
AC000652,FIELD_FORCE,3083.1,-2465.6,47.9,STANDARD_PTP,
AC000653,FIELD_FORCE,1842.0,-2354.1,47.9,STANDARD_PTP,
AC000653,FIELD_FORCE,848.6,1316.9,77.4,STANDARD_PTP,
AC000654,FIELD_FORCE,2732.8,-2595.5,77.4,STANDARD_PTP,
AC000655,FIELD_FORCE,1982.8,-1241.6,357.8,STANDARD_PTP,Confirm if premises is located near Near Hanuman Temple (pin is a guess near this landmark)
AC000655,TELE_DIALER,,,3710.3,ADDRESS_VERIFICATION_CAMPAIGN,"Your recorded address could not be verified. Please state your exact cross street, nearby landmark, and house gate color."
AC000656,FIELD_FORCE,-1855.9,-3256.5,47.9,STANDARD_PTP,
AC000657,TELE_DIALER,,,3710.3,ADDRESS_VERIFICATION_CAMPAIGN,"Your recorded address could not be verified. Please state your exact cross street, nearby landmark, and house gate color."
AC000658,FIELD_FORCE,-568.0,-3271.2,357.8,STANDARD_PTP,Confirm if premises is located near Near Park (pin is a guess near this landmark)
AC000658,FIELD_FORCE,-3921.2,-577.0,357.8,STANDARD_PTP,Confirm if premises is located near Near Community Hall (pin is a guess near this landmark)
AC000659,FIELD_FORCE,3761.8,228.6,47.9,STANDARD_PTP,
AC000660,FIELD_FORCE,2958.1,214.7,357.8,STANDARD_PTP,Confirm if premises is located near Near Community Hall (pin is a guess near this landmark)
AC000661,FIELD_FORCE,-2726.9,-8.1,77.4,STANDARD_PTP,
AC000661,TELE_DIALER,,,3710.3,ADDRESS_VERIFICATION_CAMPAIGN,"Your recorded address could not be verified. Please state your exact cross street, nearby landmark, and house gate color."
AC000662,FIELD_FORCE,1290.3,-2463.5,47.9,STANDARD_PTP,
AC000662,FIELD_FORCE,907.5,2586.7,357.8,STANDARD_PTP,Confirm if premises is located near Near Govt School (pin is a guess near this landmark)
AC000663,FIELD_FORCE,-574.7,-866.8,47.9,STANDARD_PTP,
AC000664,FIELD_FORCE,1063.8,-332.3,357.8,STANDARD_PTP,Confirm if premises is located near Behind Park (pin is a guess near this landmark)
AC000665,FIELD_FORCE,-1270.3,-1990.4,162.1,STANDARD_PTP,Confirm if premises is located near Behind Ganesh Temple (about 130 m from pin)
AC000666,FIELD_FORCE,1341.0,-1838.8,47.9,STANDARD_PTP,
AC000667,TELE_DIALER,,,3710.3,ADDRESS_VERIFICATION_CAMPAIGN,"Your recorded address could not be verified. Please state your exact cross street, nearby landmark, and house gate color."
AC000668,TELE_DIALER,,,3710.3,ADDRESS_VERIFICATION_CAMPAIGN,"Your recorded address could not be verified. Please state your exact cross street, nearby landmark, and house gate color."
AC000669,FIELD_FORCE,1817.8,-1642.3,162.1,STANDARD_PTP,Confirm if premises is located near nearby verified landmark
AC000670,TELE_DIALER,,,3710.3,ADDRESS_VERIFICATION_CAMPAIGN,"Your recorded address could not be verified. Please state your exact cross street, nearby landmark, and house gate color."
AC000671,TELE_DIALER,,,3710.3,ADDRESS_VERIFICATION_CAMPAIGN,"Your recorded address could not be verified. Please state your exact cross street, nearby landmark, and house gate color."
AC000672,FIELD_FORCE,1560.3,-1972.3,387.8,STANDARD_PTP,Confirm if premises is located near nearby verified landmark
AC000673,FIELD_FORCE,2908.6,-2554.9,47.9,STANDARD_PTP,
AC000674,FIELD_FORCE,811.5,354.9,47.9,STANDARD_PTP,
AC000675,FIELD_FORCE,-2048.6,1559.5,387.8,STANDARD_PTP,Confirm if premises is located near Near Ganesh Temple (about 80 m from pin)
AC000676,FIELD_FORCE,3333.9,-2400.5,47.9,STANDARD_PTP,
AC000677,FIELD_FORCE,2441.1,-1253.6,357.8,STANDARD_PTP,Confirm if premises is located near Near Govt School (pin is a guess near this landmark)
AC000677,FIELD_FORCE,2110.1,2097.2,162.1,STANDARD_PTP,Confirm if premises is located near Opposite Govt School (about 40 m from pin)
AC000678,FIELD_FORCE,-2600.4,997.2,75.0,STANDARD_PTP,
AC000679,FIELD_FORCE,-3861.3,-583.6,47.9,STANDARD_PTP,
AC000680,TELE_DIALER,,,3710.3,ADDRESS_VERIFICATION_CAMPAIGN,"Your recorded address could not be verified. Please state your exact cross street, nearby landmark, and house gate color."
AC000681,TELE_DIALER,,,3710.3,ADDRESS_VERIFICATION_CAMPAIGN,"Your recorded address could not be verified. Please state your exact cross street, nearby landmark, and house gate color."
AC000682,TELE_DIALER,,,3710.3,ADDRESS_VERIFICATION_CAMPAIGN,"Your recorded address could not be verified. Please state your exact cross street, nearby landmark, and house gate color."
AC000683,TELE_DIALER,,,3710.3,ADDRESS_VERIFICATION_CAMPAIGN,"Your recorded address could not be verified. Please state your exact cross street, nearby landmark, and house gate color."
AC000684,TELE_DIALER,,,3710.3,ADDRESS_VERIFICATION_CAMPAIGN,"Your recorded address could not be verified. Please state your exact cross street, nearby landmark, and house gate color."
AC000685,FIELD_FORCE,2323.4,-2387.1,357.8,STANDARD_PTP,Confirm if premises is located near Near Masjid (pin is a guess near this landmark)
AC000686,TELE_DIALER,,,3710.3,ADDRESS_VERIFICATION_CAMPAIGN,"Your recorded address could not be verified. Please state your exact cross street, nearby landmark, and house gate color."
AC000686,FIELD_FORCE,345.8,2454.5,357.8,STANDARD_PTP,Confirm if premises is located near Opposite Ganesh Temple (pin is a guess near this landmark)
AC000687,TELE_DIALER,,,3710.3,ADDRESS_VERIFICATION_CAMPAIGN,"Your recorded address could not be verified. Please state your exact cross street, nearby landmark, and house gate color."
AC000688,FIELD_FORCE,935.3,2747.0,77.4,STANDARD_PTP,
AC000689,FIELD_FORCE,3200.4,-2340.5,77.4,STANDARD_PTP,
AC000690,FIELD_FORCE,748.2,117.3,77.4,STANDARD_PTP,
AC000691,FIELD_FORCE,740.2,-3077.2,357.8,STANDARD_PTP,Confirm if premises is located near Opposite Community Hall (pin is a guess near this landmark)
AC000691,FIELD_FORCE,3049.2,-2511.3,75.0,STANDARD_PTP,
AC000692,FIELD_FORCE,-661.4,3352.0,162.1,STANDARD_PTP,Confirm if premises is located near Near Hanuman Temple (about 130 m from pin)
AC000692,TELE_DIALER,,,3710.3,ADDRESS_VERIFICATION_CAMPAIGN,"Your recorded address could not be verified. Please state your exact cross street, nearby landmark, and house gate color."
AC000693,FIELD_FORCE,-272.4,-3176.9,162.1,STANDARD_PTP,Confirm if premises is located near nearby verified landmark
AC000694,FIELD_FORCE,1233.3,-1108.1,162.1,STANDARD_PTP,Confirm if premises is located near nearby verified landmark
AC000695,FIELD_FORCE,410.3,2335.9,47.9,STANDARD_PTP,
AC000696,FIELD_FORCE,1606.0,-2536.8,47.9,STANDARD_PTP,
AC000697,FIELD_FORCE,1171.9,-3321.3,77.4,STANDARD_PTP,
AC000698,TELE_DIALER,,,3710.3,ADDRESS_VERIFICATION_CAMPAIGN,"Your recorded address could not be verified. Please state your exact cross street, nearby landmark, and house gate color."
AC000698,FIELD_FORCE,-2505.6,-92.4,357.8,STANDARD_PTP,Confirm if premises is located near Near Govt School (pin is a guess near this landmark)
AC000699,FIELD_FORCE,1882.3,-2148.6,77.4,STANDARD_PTP,
AC000700,FIELD_FORCE,770.8,2982.7,77.4,STANDARD_PTP,
AC000701,FIELD_FORCE,2979.1,-2751.0,387.8,STANDARD_PTP,Confirm if premises is located near nearby verified landmark
AC000701,FIELD_FORCE,904.5,-2897.9,47.9,STANDARD_PTP,
AC000702,FIELD_FORCE,426.2,1688.8,162.1,STANDARD_PTP,Confirm if premises is located near nearby verified landmark
AC000702,TELE_DIALER,,,3710.3,ADDRESS_VERIFICATION_CAMPAIGN,"Your recorded address could not be verified. Please state your exact cross street, nearby landmark, and house gate color."
AC000703,TELE_DIALER,,,3710.3,ADDRESS_VERIFICATION_CAMPAIGN,"Your recorded address could not be verified. Please state your exact cross street, nearby landmark, and house gate color."
AC000704,TELE_DIALER,,,3710.3,ADDRESS_VERIFICATION_CAMPAIGN,"Your recorded address could not be verified. Please state your exact cross street, nearby landmark, and house gate color."
AC000705,FIELD_FORCE,2538.0,-2371.9,162.1,STANDARD_PTP,Confirm if premises is located near nearby verified landmark
AC000705,FIELD_FORCE,-548.4,-1445.6,357.8,STANDARD_PTP,Confirm if premises is located near Near Park (pin is a guess near this landmark)
AC000706,FIELD_FORCE,1443.0,-1665.7,77.4,STANDARD_PTP,
AC000707,FIELD_FORCE,629.3,-841.6,77.4,STANDARD_PTP,
AC000708,FIELD_FORCE,1720.5,-2200.0,75.0,STANDARD_PTP,
AC000709,FIELD_FORCE,-740.9,-771.4,47.9,STANDARD_PTP,
AC000710,TELE_DIALER,,,3710.3,ADDRESS_VERIFICATION_CAMPAIGN,"Your recorded address could not be verified. Please state your exact cross street, nearby landmark, and house gate color."
AC000711,FIELD_FORCE,910.4,2357.5,387.8,STANDARD_PTP,Confirm if premises is located near nearby verified landmark
AC000711,FIELD_FORCE,2135.7,1706.9,47.9,STANDARD_PTP,
AC000712,FIELD_FORCE,3005.0,-2518.7,387.8,STANDARD_PTP,Confirm if premises is located near nearby verified landmark
AC000712,FIELD_FORCE,-1419.5,580.8,387.8,STANDARD_PTP,Confirm if premises is located near nearby verified landmark
AC000713,FIELD_FORCE,1712.0,-2294.5,77.4,STANDARD_PTP,
AC000713,TELE_DIALER,,,3710.3,ADDRESS_VERIFICATION_CAMPAIGN,"Your recorded address could not be verified. Please state your exact cross street, nearby landmark, and house gate color."
AC000714,FIELD_FORCE,541.7,-3399.3,47.9,STANDARD_PTP,
AC000715,FIELD_FORCE,505.6,-2716.2,387.8,STANDARD_PTP,Confirm if premises is located near Near Medical Store (about 160 m from pin)
AC000716,FIELD_FORCE,1210.5,-1699.2,162.1,STANDARD_PTP,Confirm if premises is located near nearby verified landmark
AC000717,FIELD_FORCE,1127.1,-622.5,162.1,STANDARD_PTP,Confirm if premises is located near nearby verified landmark
AC000718,FIELD_FORCE,2577.3,-1320.1,357.8,STANDARD_PTP,Confirm if premises is located near Near Water Tank (pin is a guess near this landmark)
AC000719,FIELD_FORCE,2843.8,757.1,357.8,STANDARD_PTP,Confirm if premises is located near Opposite Ration Shop (pin is a guess near this landmark)
AC000720,TELE_DIALER,,,3710.3,ADDRESS_VERIFICATION_CAMPAIGN,"Your recorded address could not be verified. Please state your exact cross street, nearby landmark, and house gate color."
AC000721,FIELD_FORCE,-2604.8,1544.8,77.4,STANDARD_PTP,
AC000722,TELE_DIALER,,,3710.3,ADDRESS_VERIFICATION_CAMPAIGN,"Your recorded address could not be verified. Please state your exact cross street, nearby landmark, and house gate color."
AC000723,FIELD_FORCE,1440.8,-1984.6,357.8,STANDARD_PTP,Confirm if premises is located near Near Church (pin is a guess near this landmark)
AC000724,FIELD_FORCE,492.6,2650.8,357.8,STANDARD_PTP,Confirm if premises is located near Near Community Hall (pin is a guess near this landmark)
AC000725,FIELD_FORCE,-241.5,-3420.1,162.1,STANDARD_PTP,Confirm if premises is located near nearby verified landmark
AC000726,FIELD_FORCE,1009.2,-2966.4,387.8,STANDARD_PTP,Confirm if premises is located near nearby verified landmark
AC000727,TELE_DIALER,,,3710.3,ADDRESS_VERIFICATION_CAMPAIGN,"Your recorded address could not be verified. Please state your exact cross street, nearby landmark, and house gate color."
AC000728,FIELD_FORCE,1982.8,-1241.6,357.8,STANDARD_PTP,Confirm if premises is located near Near Hanuman Temple (pin is a guess near this landmark)
AC000728,FIELD_FORCE,2580.5,1450.1,75.0,STANDARD_PTP,
AC000729,FIELD_FORCE,320.8,-3029.4,387.8,STANDARD_PTP,Confirm if premises is located near nearby verified landmark
AC000730,FIELD_FORCE,796.1,3231.9,47.9,STANDARD_PTP,
AC000731,FIELD_FORCE,-2594.8,-473.2,77.4,STANDARD_PTP,
AC000732,FIELD_FORCE,-2341.8,1310.3,47.9,STANDARD_PTP,
AC000733,FIELD_FORCE,2843.8,757.1,357.8,STANDARD_PTP,Confirm if premises is located near Opposite Ration Shop (pin is a guess near this landmark)
AC000733,TELE_DIALER,,,3710.3,ADDRESS_VERIFICATION_CAMPAIGN,"Your recorded address could not be verified. Please state your exact cross street, nearby landmark, and house gate color."
AC000734,FIELD_FORCE,907.5,2586.7,357.8,STANDARD_PTP,Confirm if premises is located near Near Govt School (pin is a guess near this landmark)
AC000735,FIELD_FORCE,1006.3,-699.4,77.4,STANDARD_PTP,
AC000736,FIELD_FORCE,-764.5,-471.1,357.8,STANDARD_PTP,Confirm if premises is located near Opposite Post Office (pin is a guess near this landmark)
AC000737,FIELD_FORCE,-3018.4,-239.4,47.9,STANDARD_PTP,
AC000738,TELE_DIALER,,,3710.3,ADDRESS_VERIFICATION_CAMPAIGN,"Your recorded address could not be verified. Please state your exact cross street, nearby landmark, and house gate color."
AC000738,TELE_DIALER,,,3710.3,ADDRESS_VERIFICATION_CAMPAIGN,"Your recorded address could not be verified. Please state your exact cross street, nearby landmark, and house gate color."
AC000739,FIELD_FORCE,206.2,-3171.4,387.8,STANDARD_PTP,Confirm if premises is located near nearby verified landmark
AC000740,FIELD_FORCE,-2490.9,1182.2,387.8,STANDARD_PTP,Confirm if premises is located near nearby verified landmark
AC000741,FIELD_FORCE,3141.2,-1919.2,47.9,STANDARD_PTP,
AC000742,FIELD_FORCE,2783.3,134.2,77.4,STANDARD_PTP,
AC000742,FIELD_FORCE,2374.2,-1074.8,162.1,STANDARD_PTP,Confirm if premises is located near nearby verified landmark
AC000743,FIELD_FORCE,2925.5,-2722.3,77.4,STANDARD_PTP,
AC000744,FIELD_FORCE,2844.3,775.5,357.8,STANDARD_PTP,Confirm if premises is located near Near Water Tank (pin is a guess near this landmark)
AC000745,FIELD_FORCE,2695.2,272.0,77.4,STANDARD_PTP,
AC000746,TELE_DIALER,,,3710.3,ADDRESS_VERIFICATION_CAMPAIGN,"Your recorded address could not be verified. Please state your exact cross street, nearby landmark, and house gate color."
AC000747,FIELD_FORCE,1032.9,-1837.5,47.9,STANDARD_PTP,
AC000748,TELE_DIALER,,,3710.3,ADDRESS_VERIFICATION_CAMPAIGN,"Your recorded address could not be verified. Please state your exact cross street, nearby landmark, and house gate color."
AC000749,FIELD_FORCE,-2477.9,-542.1,357.8,STANDARD_PTP,Confirm if premises is located near Near Masjid (pin is a guess near this landmark)
AC000750,FIELD_FORCE,-2369.7,1821.9,75.0,STANDARD_PTP,
AC000751,FIELD_FORCE,2188.3,971.9,47.9,STANDARD_PTP,
AC000751,FIELD_FORCE,2694.5,1454.5,47.9,STANDARD_PTP,
AC000752,FIELD_FORCE,819.7,-2979.4,47.9,STANDARD_PTP,
AC000753,TELE_DIALER,,,3710.3,ADDRESS_VERIFICATION_CAMPAIGN,"Your recorded address could not be verified. Please state your exact cross street, nearby landmark, and house gate color."
AC000754,TELE_DIALER,,,3710.3,ADDRESS_VERIFICATION_CAMPAIGN,"Your recorded address could not be verified. Please state your exact cross street, nearby landmark, and house gate color."
AC000755,TELE_DIALER,,,3710.3,ADDRESS_VERIFICATION_CAMPAIGN,"Your recorded address could not be verified. Please state your exact cross street, nearby landmark, and house gate color."
AC000756,FIELD_FORCE,-280.8,-278.0,357.8,STANDARD_PTP,Confirm if premises is located near Near Milk Dairy (pin is a guess near this landmark)
AC000757,TELE_DIALER,,,3710.3,ADDRESS_VERIFICATION_CAMPAIGN,"Your recorded address could not be verified. Please state your exact cross street, nearby landmark, and house gate color."
AC000758,FIELD_FORCE,-1195.3,-613.5,47.9,STANDARD_PTP,
AC000759,FIELD_FORCE,774.3,3008.7,75.0,STANDARD_PTP,
AC000760,FIELD_FORCE,1373.7,4.8,47.9,STANDARD_PTP,
AC000761,FIELD_FORCE,-2669.8,-141.3,77.4,STANDARD_PTP,
AC000762,FIELD_FORCE,4006.6,787.7,47.9,STANDARD_PTP,
AC000763,FIELD_FORCE,-2364.3,-2259.0,77.4,STANDARD_PTP,
AC000764,FIELD_FORCE,-2505.6,-92.4,357.8,STANDARD_PTP,Confirm if premises is located near Near Govt School (pin is a guess near this landmark)
AC000765,FIELD_FORCE,1191.0,2510.1,47.9,STANDARD_PTP,
AC000766,FIELD_FORCE,2915.0,1169.5,77.4,STANDARD_PTP,
AC000767,TELE_DIALER,,,3710.3,ADDRESS_VERIFICATION_CAMPAIGN,"Your recorded address could not be verified. Please state your exact cross street, nearby landmark, and house gate color."
AC000768,TELE_DIALER,,,3710.3,ADDRESS_VERIFICATION_CAMPAIGN,"Your recorded address could not be verified. Please state your exact cross street, nearby landmark, and house gate color."
AC000768,FIELD_FORCE,1434.6,219.8,162.1,STANDARD_PTP,Confirm if premises is located near nearby verified landmark
AC000769,FIELD_FORCE,-668.7,3279.2,387.8,STANDARD_PTP,Confirm if premises is located near nearby verified landmark
AC000769,FIELD_FORCE,2588.6,-1304.9,77.4,STANDARD_PTP,
AC000770,TELE_DIALER,,,3710.3,ADDRESS_VERIFICATION_CAMPAIGN,"Your recorded address could not be verified. Please state your exact cross street, nearby landmark, and house gate color."
AC000771,TELE_DIALER,,,3710.3,ADDRESS_VERIFICATION_CAMPAIGN,"Your recorded address could not be verified. Please state your exact cross street, nearby landmark, and house gate color."
AC000771,FIELD_FORCE,756.8,-2692.8,162.1,STANDARD_PTP,Confirm if premises is located near Near Community Hall (about 160 m from pin)
AC000772,FIELD_FORCE,1041.5,-1855.2,357.8,STANDARD_PTP,Confirm if premises is located near Near Ration Shop (pin is a guess near this landmark)
AC000773,FIELD_FORCE,-1405.5,-2598.4,162.1,STANDARD_PTP,Confirm if premises is located near nearby verified landmark
AC000773,TELE_DIALER,,,3710.3,ADDRESS_VERIFICATION_CAMPAIGN,"Your recorded address could not be verified. Please state your exact cross street, nearby landmark, and house gate color."
AC000774,FIELD_FORCE,-33.6,-3535.7,77.4,STANDARD_PTP,
AC000775,FIELD_FORCE,2249.6,-1284.1,77.4,STANDARD_PTP,
AC000776,FIELD_FORCE,3615.9,595.1,77.4,STANDARD_PTP,
AC000776,FIELD_FORCE,-2110.2,1617.4,357.8,STANDARD_PTP,Confirm if premises is located near Behind Ganesh Temple (pin is a guess near this landmark)
AC000777,FIELD_FORCE,858.4,1148.4,387.8,STANDARD_PTP,Confirm if premises is located near nearby verified landmark
AC000778,FIELD_FORCE,1092.3,-419.8,357.8,STANDARD_PTP,Confirm if premises is located near Near Hanuman Temple (pin is a guess near this landmark)
AC000779,TELE_DIALER,,,3710.3,ADDRESS_VERIFICATION_CAMPAIGN,"Your recorded address could not be verified. Please state your exact cross street, nearby landmark, and house gate color."
AC000780,FIELD_FORCE,1203.0,-1158.9,77.4,STANDARD_PTP,
AC000781,FIELD_FORCE,-2813.1,992.4,162.1,STANDARD_PTP,Confirm if premises is located near nearby verified landmark
AC000782,FIELD_FORCE,-2159.4,2328.3,162.1,STANDARD_PTP,Confirm if premises is located near nearby verified landmark
AC000783,FIELD_FORCE,1639.0,-2308.5,77.4,STANDARD_PTP,
AC000784,FIELD_FORCE,1003.6,-353.0,75.0,STANDARD_PTP,
AC000785,FIELD_FORCE,-868.8,3100.8,357.8,STANDARD_PTP,Confirm if premises is located near Near Milk Dairy (pin is a guess near this landmark)
AC000786,FIELD_FORCE,802.2,-3287.1,47.9,STANDARD_PTP,
AC000787,FIELD_FORCE,1336.7,-2068.8,47.9,STANDARD_PTP,
AC000788,FIELD_FORCE,3288.5,210.8,162.1,STANDARD_PTP,Confirm if premises is located near nearby verified landmark
AC000788,FIELD_FORCE,518.8,1925.1,357.8,STANDARD_PTP,Confirm if premises is located near Near Water Tank (pin is a guess near this landmark)
AC000789,FIELD_FORCE,-934.6,-724.5,77.4,STANDARD_PTP,
AC000790,TELE_DIALER,,,3710.3,ADDRESS_VERIFICATION_CAMPAIGN,"Your recorded address could not be verified. Please state your exact cross street, nearby landmark, and house gate color."
AC000791,TELE_DIALER,,,3710.3,ADDRESS_VERIFICATION_CAMPAIGN,"Your recorded address could not be verified. Please state your exact cross street, nearby landmark, and house gate color."
AC000792,FIELD_FORCE,2497.3,-1687.0,162.1,STANDARD_PTP,Confirm if premises is located near nearby verified landmark
AC000793,FIELD_FORCE,-280.8,-1189.1,77.4,STANDARD_PTP,
AC000793,FIELD_FORCE,1982.8,-1241.6,357.8,STANDARD_PTP,Confirm if premises is located near Near Hanuman Temple (pin is a guess near this landmark)
AC000794,TELE_DIALER,,,3710.3,ADDRESS_VERIFICATION_CAMPAIGN,"Your recorded address could not be verified. Please state your exact cross street, nearby landmark, and house gate color."
AC000795,TELE_DIALER,,,3710.3,ADDRESS_VERIFICATION_CAMPAIGN,"Your recorded address could not be verified. Please state your exact cross street, nearby landmark, and house gate color."
AC000796,TELE_DIALER,,,3710.3,ADDRESS_VERIFICATION_CAMPAIGN,"Your recorded address could not be verified. Please state your exact cross street, nearby landmark, and house gate color."
AC000797,FIELD_FORCE,762.5,2302.7,47.9,STANDARD_PTP,
AC000797,FIELD_FORCE,900.0,3101.3,357.8,STANDARD_PTP,Confirm if premises is located near Near Petrol Bunk (pin is a guess near this landmark)
AC000798,TELE_DIALER,,,3710.3,ADDRESS_VERIFICATION_CAMPAIGN,"Your recorded address could not be verified. Please state your exact cross street, nearby landmark, and house gate color."
AC000799,FIELD_FORCE,907.5,2586.7,357.8,STANDARD_PTP,Confirm if premises is located near Near Govt School (pin is a guess near this landmark)
AC000800,FIELD_FORCE,1435.4,-2121.0,387.8,STANDARD_PTP,Confirm if premises is located near nearby verified landmark
AC000801,TELE_DIALER,,,3710.3,ADDRESS_VERIFICATION_CAMPAIGN,"Your recorded address could not be verified. Please state your exact cross street, nearby landmark, and house gate color."
AC000802,FIELD_FORCE,-1205.0,-3497.9,162.1,STANDARD_PTP,Confirm if premises is located near Opposite Govt School (about 130 m from pin)
AC000803,FIELD_FORCE,3231.9,-1984.8,47.9,STANDARD_PTP,
AC000804,FIELD_FORCE,810.1,-348.5,387.8,STANDARD_PTP,Confirm if premises is located near nearby verified landmark
AC000805,FIELD_FORCE,-2334.9,1811.3,387.8,STANDARD_PTP,Confirm if premises is located near nearby verified landmark
AC000806,FIELD_FORCE,-2878.1,1621.2,357.8,STANDARD_PTP,Confirm if premises is located near Near Milk Dairy (pin is a guess near this landmark)
AC000807,FIELD_FORCE,2977.4,-2372.7,77.4,STANDARD_PTP,
AC000808,FIELD_FORCE,854.5,-1116.5,387.8,STANDARD_PTP,Confirm if premises is located near Opposite Church (about 130 m from pin)
AC000809,FIELD_FORCE,422.0,2330.8,75.0,STANDARD_PTP,
AC000810,FIELD_FORCE,-2986.8,801.8,47.9,STANDARD_PTP,
AC000810,FIELD_FORCE,-2569.1,1094.6,47.9,STANDARD_PTP,
AC000811,TELE_DIALER,,,3710.3,ADDRESS_VERIFICATION_CAMPAIGN,"Your recorded address could not be verified. Please state your exact cross street, nearby landmark, and house gate color."
AC000812,FIELD_FORCE,2624.4,1459.1,47.9,STANDARD_PTP,
AC000813,TELE_DIALER,,,3710.3,ADDRESS_VERIFICATION_CAMPAIGN,"Your recorded address could not be verified. Please state your exact cross street, nearby landmark, and house gate color."
AC000814,FIELD_FORCE,2720.7,-1705.7,162.1,STANDARD_PTP,Confirm if premises is located near nearby verified landmark
AC000814,FIELD_FORCE,2672.5,-2098.5,77.4,STANDARD_PTP,
AC000815,FIELD_FORCE,-1031.2,-536.6,357.8,STANDARD_PTP,Confirm if premises is located near Near Govt School (pin is a guess near this landmark)
AC000816,TELE_DIALER,,,3710.3,ADDRESS_VERIFICATION_CAMPAIGN,"Your recorded address could not be verified. Please state your exact cross street, nearby landmark, and house gate color."
AC000817,TELE_DIALER,,,3710.3,ADDRESS_VERIFICATION_CAMPAIGN,"Your recorded address could not be verified. Please state your exact cross street, nearby landmark, and house gate color."
AC000818,FIELD_FORCE,898.7,-720.3,47.9,STANDARD_PTP,
AC000819,FIELD_FORCE,-99.3,2792.3,77.4,STANDARD_PTP,
AC000820,FIELD_FORCE,353.0,-3213.0,47.9,STANDARD_PTP,
AC000821,FIELD_FORCE,1082.0,-2874.8,47.9,STANDARD_PTP,
AC000821,TELE_DIALER,,,3710.3,ADDRESS_VERIFICATION_CAMPAIGN,"Your recorded address could not be verified. Please state your exact cross street, nearby landmark, and house gate color."
AC000822,TELE_DIALER,,,3710.3,ADDRESS_VERIFICATION_CAMPAIGN,"Your recorded address could not be verified. Please state your exact cross street, nearby landmark, and house gate color."
AC000823,FIELD_FORCE,1002.8,-1657.7,77.4,STANDARD_PTP,
AC000824,FIELD_FORCE,3796.8,101.1,75.0,STANDARD_PTP,
AC000825,FIELD_FORCE,3127.2,-1908.1,77.4,STANDARD_PTP,
AC000826,FIELD_FORCE,-2976.3,-24.9,47.9,STANDARD_PTP,
AC000827,TELE_DIALER,,,3710.3,ADDRESS_VERIFICATION_CAMPAIGN,"Your recorded address could not be verified. Please state your exact cross street, nearby landmark, and house gate color."
AC000828,TELE_DIALER,,,3710.3,ADDRESS_VERIFICATION_CAMPAIGN,"Your recorded address could not be verified. Please state your exact cross street, nearby landmark, and house gate color."
AC000829,FIELD_FORCE,1100.6,-2782.6,77.4,STANDARD_PTP,
AC000830,TELE_DIALER,,,3710.3,ADDRESS_VERIFICATION_CAMPAIGN,"Your recorded address could not be verified. Please state your exact cross street, nearby landmark, and house gate color."
AC000830,TELE_DIALER,,,3710.3,ADDRESS_VERIFICATION_CAMPAIGN,"Your recorded address could not be verified. Please state your exact cross street, nearby landmark, and house gate color."
AC000831,FIELD_FORCE,-2018.6,-2173.4,357.8,STANDARD_PTP,Confirm if premises is located near Near Bus Stop (pin is a guess near this landmark)
AC000832,FIELD_FORCE,-1054.7,-650.2,387.8,STANDARD_PTP,Confirm if premises is located near nearby verified landmark
AC000833,TELE_DIALER,,,3710.3,ADDRESS_VERIFICATION_CAMPAIGN,"Your recorded address could not be verified. Please state your exact cross street, nearby landmark, and house gate color."
AC000834,FIELD_FORCE,2543.4,-1879.0,77.4,STANDARD_PTP,
AC000835,FIELD_FORCE,-3292.4,1100.6,162.1,STANDARD_PTP,Confirm if premises is located near nearby verified landmark
AC000836,FIELD_FORCE,-513.7,-242.5,357.8,STANDARD_PTP,Confirm if premises is located near Near Medical Store (pin is a guess near this landmark)
AC000837,FIELD_FORCE,3062.5,-1860.1,387.8,STANDARD_PTP,Confirm if premises is located near nearby verified landmark
AC000838,FIELD_FORCE,-2456.8,-94.9,47.9,STANDARD_PTP,
AC000838,FIELD_FORCE,-2348.7,-175.3,47.9,STANDARD_PTP,
AC000839,FIELD_FORCE,743.8,-130.6,75.0,STANDARD_PTP,
AC000839,FIELD_FORCE,940.8,2546.9,357.8,STANDARD_PTP,Confirm if premises is located near Near Ration Shop (pin is a guess near this landmark)
AC000840,FIELD_FORCE,789.0,-3288.8,47.9,STANDARD_PTP,
AC000841,FIELD_FORCE,-1869.6,-2662.9,357.8,STANDARD_PTP,Confirm if premises is located near Near Govt School (pin is a guess near this landmark)
AC000842,TELE_DIALER,,,3710.3,ADDRESS_VERIFICATION_CAMPAIGN,"Your recorded address could not be verified. Please state your exact cross street, nearby landmark, and house gate color."
AC000843,FIELD_FORCE,988.3,-2664.9,47.9,STANDARD_PTP,
AC000844,FIELD_FORCE,1333.5,-221.9,47.9,STANDARD_PTP,
AC000845,FIELD_FORCE,3509.8,540.2,357.8,STANDARD_PTP,Confirm if premises is located near Near Milk Dairy (pin is a guess near this landmark)
AC000846,FIELD_FORCE,-3691.6,-718.5,77.4,STANDARD_PTP,
AC000847,FIELD_FORCE,-1031.2,-536.6,357.8,STANDARD_PTP,Confirm if premises is located near Near Govt School (pin is a guess near this landmark)
AC000848,FIELD_FORCE,-2466.7,1761.1,47.9,STANDARD_PTP,
AC000849,TELE_DIALER,,,3710.3,ADDRESS_VERIFICATION_CAMPAIGN,"Your recorded address could not be verified. Please state your exact cross street, nearby landmark, and house gate color."
AC000850,FIELD_FORCE,2709.2,939.1,47.9,STANDARD_PTP,
AC000850,FIELD_FORCE,1982.8,-1241.6,357.8,STANDARD_PTP,Confirm if premises is located near Near Hanuman Temple (pin is a guess near this landmark)
AC000851,TELE_DIALER,,,3710.3,ADDRESS_VERIFICATION_CAMPAIGN,"Your recorded address could not be verified. Please state your exact cross street, nearby landmark, and house gate color."
AC000852,TELE_DIALER,,,3710.3,ADDRESS_VERIFICATION_CAMPAIGN,"Your recorded address could not be verified. Please state your exact cross street, nearby landmark, and house gate color."
AC000853,FIELD_FORCE,2903.8,-2547.0,47.9,STANDARD_PTP,
AC000854,TELE_DIALER,,,3710.3,ADDRESS_VERIFICATION_CAMPAIGN,"Your recorded address could not be verified. Please state your exact cross street, nearby landmark, and house gate color."
AC000855,FIELD_FORCE,1097.3,2655.1,357.8,STANDARD_PTP,Confirm if premises is located near Near Bus Stop (pin is a guess near this landmark)
AC000856,TELE_DIALER,,,3710.3,ADDRESS_VERIFICATION_CAMPAIGN,"Your recorded address could not be verified. Please state your exact cross street, nearby landmark, and house gate color."
AC000856,TELE_DIALER,,,3710.3,ADDRESS_VERIFICATION_CAMPAIGN,"Your recorded address could not be verified. Please state your exact cross street, nearby landmark, and house gate color."
AC000857,FIELD_FORCE,2911.7,-2515.3,387.8,STANDARD_PTP,Confirm if premises is located near Opposite Hanuman Temple (about 170 m from pin)
AC000858,TELE_DIALER,,,3710.3,ADDRESS_VERIFICATION_CAMPAIGN,"Your recorded address could not be verified. Please state your exact cross street, nearby landmark, and house gate color."
AC000858,FIELD_FORCE,314.7,2540.4,387.8,STANDARD_PTP,Confirm if premises is located near nearby verified landmark
AC000859,TELE_DIALER,,,3710.3,ADDRESS_VERIFICATION_CAMPAIGN,"Your recorded address could not be verified. Please state your exact cross street, nearby landmark, and house gate color."
AC000860,FIELD_FORCE,-393.8,-1191.4,77.4,STANDARD_PTP,
AC000861,FIELD_FORCE,-1138.4,-1991.8,357.8,STANDARD_PTP,Confirm if premises is located near Near Ganesh Temple (pin is a guess near this landmark)
AC000861,FIELD_FORCE,603.1,-747.9,357.8,STANDARD_PTP,Confirm if premises is located near Near Bus Stop (pin is a guess near this landmark)
AC000862,FIELD_FORCE,2577.3,-1320.1,357.8,STANDARD_PTP,Confirm if premises is located near Near Water Tank (pin is a guess near this landmark)
AC000863,FIELD_FORCE,-532.5,3389.7,357.8,STANDARD_PTP,Confirm if premises is located near Near Hanuman Temple (pin is a guess near this landmark)
AC000864,FIELD_FORCE,3117.3,-1946.3,387.8,STANDARD_PTP,Confirm if premises is located near nearby verified landmark
AC000865,TELE_DIALER,,,3710.3,ADDRESS_VERIFICATION_CAMPAIGN,"Your recorded address could not be verified. Please state your exact cross street, nearby landmark, and house gate color."
AC000866,TELE_DIALER,,,3710.3,ADDRESS_VERIFICATION_CAMPAIGN,"Your recorded address could not be verified. Please state your exact cross street, nearby landmark, and house gate color."
AC000866,TELE_DIALER,,,3710.3,ADDRESS_VERIFICATION_CAMPAIGN,"Your recorded address could not be verified. Please state your exact cross street, nearby landmark, and house gate color."
AC000867,FIELD_FORCE,-3990.5,-1086.5,357.8,STANDARD_PTP,Confirm if premises is located near Near Hanuman Temple (pin is a guess near this landmark)
AC000868,FIELD_FORCE,3735.4,644.0,47.9,STANDARD_PTP,
AC000869,FIELD_FORCE,3385.9,511.3,47.9,STANDARD_PTP,
AC000870,TELE_DIALER,,,3710.3,ADDRESS_VERIFICATION_CAMPAIGN,"Your recorded address could not be verified. Please state your exact cross street, nearby landmark, and house gate color."
AC000871,FIELD_FORCE,1209.5,-1669.2,77.4,STANDARD_PTP,
AC000872,FIELD_FORCE,1275.4,1129.1,162.1,STANDARD_PTP,Confirm if premises is located near Near Bus Stop (about 110 m from pin)
AC000872,TELE_DIALER,,,3710.3,ADDRESS_VERIFICATION_CAMPAIGN,"Your recorded address could not be verified. Please state your exact cross street, nearby landmark, and house gate color."
AC000873,FIELD_FORCE,625.5,-3386.4,387.8,STANDARD_PTP,Confirm if premises is located near nearby verified landmark
AC000874,FIELD_FORCE,780.7,-1352.6,387.8,STANDARD_PTP,Confirm if premises is located near nearby verified landmark
AC000875,FIELD_FORCE,-707.4,3230.6,162.1,STANDARD_PTP,Confirm if premises is located near nearby verified landmark
AC000876,FIELD_FORCE,-766.9,-3323.7,387.8,STANDARD_PTP,Confirm if premises is located near nearby verified landmark
AC000877,FIELD_FORCE,1122.4,-1730.6,47.9,STANDARD_PTP,
AC000877,FIELD_FORCE,2564.4,-1844.1,162.1,STANDARD_PTP,Confirm if premises is located near Near Ration Shop (about 100 m from pin)
AC000878,FIELD_FORCE,2388.1,-1267.2,47.9,STANDARD_PTP,
AC000878,TELE_DIALER,,,3710.3,ADDRESS_VERIFICATION_CAMPAIGN,"Your recorded address could not be verified. Please state your exact cross street, nearby landmark, and house gate color."
AC000879,FIELD_FORCE,-885.6,2966.5,387.8,STANDARD_PTP,Confirm if premises is located near nearby verified landmark
AC000880,FIELD_FORCE,812.2,-240.4,47.9,STANDARD_PTP,
AC000880,TELE_DIALER,,,3710.3,ADDRESS_VERIFICATION_CAMPAIGN,"Your recorded address could not be verified. Please state your exact cross street, nearby landmark, and house gate color."
AC000881,FIELD_FORCE,-364.6,-3305.7,47.9,STANDARD_PTP,
AC000882,TELE_DIALER,,,3710.3,ADDRESS_VERIFICATION_CAMPAIGN,"Your recorded address could not be verified. Please state your exact cross street, nearby landmark, and house gate color."
AC000882,FIELD_FORCE,-320.1,-1102.8,357.8,STANDARD_PTP,Confirm if premises is located near Near Milk Dairy (pin is a guess near this landmark)
AC000883,TELE_DIALER,,,3710.3,ADDRESS_VERIFICATION_CAMPAIGN,"Your recorded address could not be verified. Please state your exact cross street, nearby landmark, and house gate color."
AC000883,FIELD_FORCE,-938.9,-200.5,75.0,STANDARD_PTP,
AC000884,FIELD_FORCE,3231.2,-1663.6,357.8,STANDARD_PTP,Confirm if premises is located near Near Ration Shop (pin is a guess near this landmark)
AC000885,FIELD_FORCE,-613.2,-1231.1,162.1,STANDARD_PTP,Confirm if premises is located near Near Church (about 170 m from pin)
AC000886,FIELD_FORCE,595.6,2301.8,387.8,STANDARD_PTP,Confirm if premises is located near nearby verified landmark
AC000887,TELE_DIALER,,,3710.3,ADDRESS_VERIFICATION_CAMPAIGN,"Your recorded address could not be verified. Please state your exact cross street, nearby landmark, and house gate color."
AC000888,TELE_DIALER,,,3710.3,ADDRESS_VERIFICATION_CAMPAIGN,"Your recorded address could not be verified. Please state your exact cross street, nearby landmark, and house gate color."
AC000889,TELE_DIALER,,,3710.3,ADDRESS_VERIFICATION_CAMPAIGN,"Your recorded address could not be verified. Please state your exact cross street, nearby landmark, and house gate color."
AC000890,FIELD_FORCE,1638.1,-1617.0,387.8,STANDARD_PTP,Confirm if premises is located near nearby verified landmark
AC000890,TELE_DIALER,,,3710.3,ADDRESS_VERIFICATION_CAMPAIGN,"Your recorded address could not be verified. Please state your exact cross street, nearby landmark, and house gate color."
AC000891,FIELD_FORCE,667.5,-2917.9,387.8,STANDARD_PTP,Confirm if premises is located near Behind Bus Stop (about 140 m from pin)
AC000892,FIELD_FORCE,1490.5,366.4,47.9,STANDARD_PTP,
AC000892,TELE_DIALER,,,3710.3,ADDRESS_VERIFICATION_CAMPAIGN,"Your recorded address could not be verified. Please state your exact cross street, nearby landmark, and house gate color."
AC000893,FIELD_FORCE,-2589.6,1707.5,47.9,STANDARD_PTP,
AC000894,FIELD_FORCE,933.7,991.6,162.1,STANDARD_PTP,Confirm if premises is located near nearby verified landmark
AC000895,FIELD_FORCE,656.1,-312.6,387.8,STANDARD_PTP,Confirm if premises is located near nearby verified landmark
AC000895,FIELD_FORCE,-1887.3,-2910.8,77.4,STANDARD_PTP,
AC000896,FIELD_FORCE,915.9,2557.8,77.4,STANDARD_PTP,
AC000897,FIELD_FORCE,-2714.8,1734.5,77.4,STANDARD_PTP,
AC000898,FIELD_FORCE,3425.0,389.5,162.1,STANDARD_PTP,Confirm if premises is located near Near Community Hall (about 90 m from pin)
AC000899,FIELD_FORCE,-145.9,-3531.5,77.4,STANDARD_PTP,
AC000900,FIELD_FORCE,-1869.6,-2662.9,357.8,STANDARD_PTP,Confirm if premises is located near Near Govt School (pin is a guess near this landmark)
AC000901,FIELD_FORCE,-764.5,-471.1,357.8,STANDARD_PTP,Confirm if premises is located near Near Post Office (pin is a guess near this landmark)
AC000902,FIELD_FORCE,-186.5,2836.7,77.4,STANDARD_PTP,
AC000903,FIELD_FORCE,-2691.2,1426.5,75.0,STANDARD_PTP,
AC000904,TELE_DIALER,,,3710.3,ADDRESS_VERIFICATION_CAMPAIGN,"Your recorded address could not be verified. Please state your exact cross street, nearby landmark, and house gate color."
AC000905,FIELD_FORCE,-280.8,-278.0,357.8,STANDARD_PTP,Confirm if premises is located near Near Milk Dairy (pin is a guess near this landmark)
AC000906,FIELD_FORCE,3658.8,-1915.9,387.8,STANDARD_PTP,Confirm if premises is located near nearby verified landmark
AC000907,FIELD_FORCE,-2680.8,-627.4,77.4,STANDARD_PTP,
AC000908,FIELD_FORCE,3049.4,-2157.6,357.8,STANDARD_PTP,Confirm if premises is located near Behind Ration Shop (pin is a guess near this landmark)
AC000908,TELE_DIALER,,,3710.3,ADDRESS_VERIFICATION_CAMPAIGN,"Your recorded address could not be verified. Please state your exact cross street, nearby landmark, and house gate color."
AC000909,FIELD_FORCE,2600.7,-1912.3,47.9,STANDARD_PTP,
AC000910,FIELD_FORCE,1006.7,-770.0,162.1,STANDARD_PTP,Confirm if premises is located near nearby verified landmark
AC000911,FIELD_FORCE,3569.6,-37.2,387.8,STANDARD_PTP,Confirm if premises is located near nearby verified landmark
AC000912,TELE_DIALER,,,3710.3,ADDRESS_VERIFICATION_CAMPAIGN,"Your recorded address could not be verified. Please state your exact cross street, nearby landmark, and house gate color."
AC000913,FIELD_FORCE,1801.9,-2197.2,47.9,STANDARD_PTP,
AC000914,TELE_DIALER,,,3710.3,ADDRESS_VERIFICATION_CAMPAIGN,"Your recorded address could not be verified. Please state your exact cross street, nearby landmark, and house gate color."
AC000914,TELE_DIALER,,,3710.3,ADDRESS_VERIFICATION_CAMPAIGN,"Your recorded address could not be verified. Please state your exact cross street, nearby landmark, and house gate color."
AC000915,FIELD_FORCE,1438.2,927.4,357.8,STANDARD_PTP,Confirm if premises is located near Near Hanuman Temple (pin is a guess near this landmark)
AC000916,TELE_DIALER,,,3710.3,ADDRESS_VERIFICATION_CAMPAIGN,"Your recorded address could not be verified. Please state your exact cross street, nearby landmark, and house gate color."
AC000917,FIELD_FORCE,732.3,-1067.4,357.8,STANDARD_PTP,Confirm if premises is located near Near Church (pin is a guess near this landmark)
AC000918,FIELD_FORCE,2858.0,-2029.8,387.8,STANDARD_PTP,Confirm if premises is located near nearby verified landmark
AC000919,FIELD_FORCE,1378.5,-297.9,47.9,STANDARD_PTP,
AC000920,TELE_DIALER,,,3710.3,ADDRESS_VERIFICATION_CAMPAIGN,"Your recorded address could not be verified. Please state your exact cross street, nearby landmark, and house gate color."
AC000921,TELE_DIALER,,,3710.3,ADDRESS_VERIFICATION_CAMPAIGN,"Your recorded address could not be verified. Please state your exact cross street, nearby landmark, and house gate color."
AC000921,TELE_DIALER,,,3710.3,ADDRESS_VERIFICATION_CAMPAIGN,"Your recorded address could not be verified. Please state your exact cross street, nearby landmark, and house gate color."
AC000922,FIELD_FORCE,374.6,2792.3,77.4,STANDARD_PTP,
AC000922,FIELD_FORCE,-1409.6,-2935.6,357.8,STANDARD_PTP,Confirm if premises is located near Behind Masjid (pin is a guess near this landmark)
AC000923,FIELD_FORCE,-170.1,3207.2,357.8,STANDARD_PTP,Confirm if premises is located near Near Ration Shop (pin is a guess near this landmark)
AC000924,FIELD_FORCE,2469.1,-1329.6,357.8,STANDARD_PTP,Confirm if premises is located near Behind Hanuman Temple (pin is a guess near this landmark)
AC000924,FIELD_FORCE,2447.4,-1191.9,357.8,STANDARD_PTP,Confirm if premises is located near Near Post Office (pin is a guess near this landmark)
AC000925,TELE_DIALER,,,3710.3,ADDRESS_VERIFICATION_CAMPAIGN,"Your recorded address could not be verified. Please state your exact cross street, nearby landmark, and house gate color."
AC000926,FIELD_FORCE,814.2,-1252.3,77.4,STANDARD_PTP,
AC000927,FIELD_FORCE,566.9,-2780.6,77.4,STANDARD_PTP,
AC000928,TELE_DIALER,,,3710.3,ADDRESS_VERIFICATION_CAMPAIGN,"Your recorded address could not be verified. Please state your exact cross street, nearby landmark, and house gate color."
AC000929,FIELD_FORCE,-2824.0,845.6,47.9,STANDARD_PTP,
AC000929,FIELD_FORCE,659.7,-2621.2,77.4,STANDARD_PTP,
AC000930,FIELD_FORCE,-1528.9,-2813.1,357.8,STANDARD_PTP,Confirm if premises is located near Near Hanuman Temple (pin is a guess near this landmark)
AC000931,FIELD_FORCE,-581.4,-3536.0,162.1,STANDARD_PTP,Confirm if premises is located near nearby verified landmark
AC000932,FIELD_FORCE,1346.4,-2520.7,357.8,STANDARD_PTP,Confirm if premises is located near Near Masjid (pin is a guess near this landmark)
AC000933,FIELD_FORCE,-2505.6,-92.4,357.8,STANDARD_PTP,Confirm if premises is located near Near Govt School (pin is a guess near this landmark)
AC000934,FIELD_FORCE,2484.2,922.5,47.9,STANDARD_PTP,
AC000934,FIELD_FORCE,1596.3,-1026.8,77.4,STANDARD_PTP,
AC000935,FIELD_FORCE,-1034.4,3134.4,162.1,STANDARD_PTP,Confirm if premises is located near nearby verified landmark
AC000936,FIELD_FORCE,900.0,3101.3,357.8,STANDARD_PTP,Confirm if premises is located near Near Petrol Bunk (pin is a guess near this landmark)
AC000936,FIELD_FORCE,1540.5,366.4,75.0,STANDARD_PTP,
AC000937,FIELD_FORCE,-2965.1,1347.0,387.8,STANDARD_PTP,Confirm if premises is located near nearby verified landmark
AC000937,TELE_DIALER,,,3710.3,ADDRESS_VERIFICATION_CAMPAIGN,"Your recorded address could not be verified. Please state your exact cross street, nearby landmark, and house gate color."
AC000938,FIELD_FORCE,2804.4,-1616.0,77.4,STANDARD_PTP,
AC000938,TELE_DIALER,,,3710.3,ADDRESS_VERIFICATION_CAMPAIGN,"Your recorded address could not be verified. Please state your exact cross street, nearby landmark, and house gate color."
AC000939,FIELD_FORCE,978.3,-984.2,77.4,STANDARD_PTP,
AC000939,TELE_DIALER,,,3710.3,ADDRESS_VERIFICATION_CAMPAIGN,"Your recorded address could not be verified. Please state your exact cross street, nearby landmark, and house gate color."
AC000940,TELE_DIALER,,,3710.3,ADDRESS_VERIFICATION_CAMPAIGN,"Your recorded address could not be verified. Please state your exact cross street, nearby landmark, and house gate color."
AC000941,FIELD_FORCE,-526.6,-3728.1,77.4,STANDARD_PTP,
AC000942,FIELD_FORCE,2339.9,-773.6,387.8,STANDARD_PTP,Confirm if premises is located near nearby verified landmark
AC000943,TELE_DIALER,,,3710.3,ADDRESS_VERIFICATION_CAMPAIGN,"Your recorded address could not be verified. Please state your exact cross street, nearby landmark, and house gate color."
AC000944,FIELD_FORCE,712.6,-3001.2,47.9,STANDARD_PTP,
AC000945,TELE_DIALER,,,3710.3,ADDRESS_VERIFICATION_CAMPAIGN,"Your recorded address could not be verified. Please state your exact cross street, nearby landmark, and house gate color."
AC000946,FIELD_FORCE,331.0,-3084.2,357.8,STANDARD_PTP,Confirm if premises is located near Behind Ganesh Temple (pin is a guess near this landmark)
AC000947,TELE_DIALER,,,3710.3,ADDRESS_VERIFICATION_CAMPAIGN,"Your recorded address could not be verified. Please state your exact cross street, nearby landmark, and house gate color."
AC000948,TELE_DIALER,,,3710.3,ADDRESS_VERIFICATION_CAMPAIGN,"Your recorded address could not be verified. Please state your exact cross street, nearby landmark, and house gate color."
AC000949,TELE_DIALER,,,3710.3,ADDRESS_VERIFICATION_CAMPAIGN,"Your recorded address could not be verified. Please state your exact cross street, nearby landmark, and house gate color."
AC000950,FIELD_FORCE,1168.9,1631.0,162.1,STANDARD_PTP,Confirm if premises is located near Near Medical Store (about 170 m from pin)
AC000951,FIELD_FORCE,2993.0,-2164.6,47.9,STANDARD_PTP,
AC000952,FIELD_FORCE,386.6,-2973.2,47.9,STANDARD_PTP,
AC000953,FIELD_FORCE,2518.6,-2362.3,47.9,STANDARD_PTP,
AC000954,TELE_DIALER,,,3710.3,ADDRESS_VERIFICATION_CAMPAIGN,"Your recorded address could not be verified. Please state your exact cross street, nearby landmark, and house gate color."
AC000955,FIELD_FORCE,2932.6,-2643.6,387.8,STANDARD_PTP,Confirm if premises is located near nearby verified landmark
AC000956,FIELD_FORCE,2701.0,526.4,77.4,STANDARD_PTP,
AC000956,FIELD_FORCE,1440.8,-1984.6,357.8,STANDARD_PTP,Confirm if premises is located near Near Church (pin is a guess near this landmark)
AC000957,FIELD_FORCE,-724.9,-3104.0,47.9,STANDARD_PTP,
AC000958,FIELD_FORCE,1335.8,-219.6,47.9,STANDARD_PTP,
AC000959,FIELD_FORCE,1561.3,-1866.8,387.8,STANDARD_PTP,Confirm if premises is located near nearby verified landmark
AC000960,FIELD_FORCE,2870.3,-2346.1,357.8,STANDARD_PTP,Confirm if premises is located near Near Hanuman Temple (pin is a guess near this landmark)
AC000961,FIELD_FORCE,1514.8,-1952.7,77.4,STANDARD_PTP,
AC000962,TELE_DIALER,,,3710.3,ADDRESS_VERIFICATION_CAMPAIGN,"Your recorded address could not be verified. Please state your exact cross street, nearby landmark, and house gate color."
AC000963,FIELD_FORCE,-842.2,-391.4,77.4,STANDARD_PTP,
AC000964,FIELD_FORCE,1401.2,-805.6,77.4,STANDARD_PTP,
AC000965,FIELD_FORCE,731.9,-1039.8,357.8,STANDARD_PTP,Confirm if premises is located near Near Govt School (pin is a guess near this landmark)
AC000966,FIELD_FORCE,3049.4,-2157.6,357.8,STANDARD_PTP,Confirm if premises is located near Near Ration Shop (pin is a guess near this landmark)
AC000966,FIELD_FORCE,-1122.4,327.5,357.8,STANDARD_PTP,Confirm if premises is located near Near Ganesh Temple (pin is a guess near this landmark)
AC000967,TELE_DIALER,,,3710.3,ADDRESS_VERIFICATION_CAMPAIGN,"Your recorded address could not be verified. Please state your exact cross street, nearby landmark, and house gate color."
AC000968,FIELD_FORCE,-770.6,-3236.6,162.1,STANDARD_PTP,Confirm if premises is located near nearby verified landmark
AC000969,FIELD_FORCE,2733.6,262.9,47.9,STANDARD_PTP,
AC000970,FIELD_FORCE,3482.5,429.2,162.1,STANDARD_PTP,Confirm if premises is located near nearby verified landmark
AC000971,FIELD_FORCE,3312.0,-1992.2,47.9,STANDARD_PTP,
AC000972,FIELD_FORCE,2320.1,1443.2,47.9,STANDARD_PTP,
AC000972,FIELD_FORCE,163.7,1878.3,77.4,STANDARD_PTP,
AC000973,TELE_DIALER,,,3710.3,ADDRESS_VERIFICATION_CAMPAIGN,"Your recorded address could not be verified. Please state your exact cross street, nearby landmark, and house gate color."
AC000974,FIELD_FORCE,2469.1,-1329.6,357.8,STANDARD_PTP,Confirm if premises is located near Near Hanuman Temple (pin is a guess near this landmark)
AC000975,TELE_DIALER,,,3710.3,ADDRESS_VERIFICATION_CAMPAIGN,"Your recorded address could not be verified. Please state your exact cross street, nearby landmark, and house gate color."
AC000976,FIELD_FORCE,-978.6,-432.0,77.4,STANDARD_PTP,
AC000977,FIELD_FORCE,-2350.3,-2317.5,357.8,STANDARD_PTP,Confirm if premises is located near Near Water Tank (pin is a guess near this landmark)
AC000978,TELE_DIALER,,,3710.3,ADDRESS_VERIFICATION_CAMPAIGN,"Your recorded address could not be verified. Please state your exact cross street, nearby landmark, and house gate color."
AC000978,TELE_DIALER,,,3710.3,ADDRESS_VERIFICATION_CAMPAIGN,"Your recorded address could not be verified. Please state your exact cross street, nearby landmark, and house gate color."
AC000979,FIELD_FORCE,2323.4,-2387.1,357.8,STANDARD_PTP,Confirm if premises is located near Near Masjid (pin is a guess near this landmark)
AC000979,FIELD_FORCE,-2373.1,-2103.5,77.4,STANDARD_PTP,
AC000980,FIELD_FORCE,-160.9,-846.9,387.8,STANDARD_PTP,Confirm if premises is located near nearby verified landmark
AC000981,FIELD_FORCE,-2970.7,-210.4,77.4,STANDARD_PTP,
AC000982,TELE_DIALER,,,3710.3,ADDRESS_VERIFICATION_CAMPAIGN,"Your recorded address could not be verified. Please state your exact cross street, nearby landmark, and house gate color."
AC000982,FIELD_FORCE,2951.4,-1848.8,77.4,STANDARD_PTP,
AC000983,FIELD_FORCE,3104.5,-2334.1,387.8,STANDARD_PTP,Confirm if premises is located near Near Milk Dairy (about 60 m from pin)
AC000984,FIELD_FORCE,2310.5,-2143.2,47.9,STANDARD_PTP,
AC000985,FIELD_FORCE,680.6,-916.9,77.4,STANDARD_PTP,
AC000986,FIELD_FORCE,-2910.2,-36.3,357.8,STANDARD_PTP,Confirm if premises is located near Near Water Tank (pin is a guess near this landmark)
AC000987,FIELD_FORCE,2383.6,-2211.8,77.4,STANDARD_PTP,
AC000988,FIELD_FORCE,2409.4,-1150.0,162.1,STANDARD_PTP,Confirm if premises is located near nearby verified landmark
AC000989,TELE_DIALER,,,3710.3,ADDRESS_VERIFICATION_CAMPAIGN,"Your recorded address could not be verified. Please state your exact cross street, nearby landmark, and house gate color."
AC000990,FIELD_FORCE,1014.3,-72.9,77.4,STANDARD_PTP,
AC000991,TELE_DIALER,,,3710.3,ADDRESS_VERIFICATION_CAMPAIGN,"Your recorded address could not be verified. Please state your exact cross street, nearby landmark, and house gate color."
AC000992,FIELD_FORCE,1555.6,-2329.4,77.4,STANDARD_PTP,
AC000993,FIELD_FORCE,658.2,-1125.8,357.8,STANDARD_PTP,Confirm if premises is located near Near Ration Shop (pin is a guess near this landmark)
AC000994,FIELD_FORCE,-827.8,-3726.7,75.0,STANDARD_PTP,
AC000995,FIELD_FORCE,1680.3,-2133.9,75.0,STANDARD_PTP,
AC000995,TELE_DIALER,,,3710.3,ADDRESS_VERIFICATION_CAMPAIGN,"Your recorded address could not be verified. Please state your exact cross street, nearby landmark, and house gate color."
AC000996,FIELD_FORCE,1543.3,-4088.6,162.1,STANDARD_PTP,Confirm if premises is located near nearby verified landmark
AC000996,TELE_DIALER,,,3710.3,ADDRESS_VERIFICATION_CAMPAIGN,"Your recorded address could not be verified. Please state your exact cross street, nearby landmark, and house gate color."
AC000997,TELE_DIALER,,,3710.3,ADDRESS_VERIFICATION_CAMPAIGN,"Your recorded address could not be verified. Please state your exact cross street, nearby landmark, and house gate color."
AC000998,FIELD_FORCE,3994.3,668.4,162.1,STANDARD_PTP,Confirm if premises is located near nearby verified landmark
AC000999,FIELD_FORCE,978.5,-1033.2,387.8,STANDARD_PTP,Confirm if premises is located near nearby verified landmark
AC001000,FIELD_FORCE,894.6,-787.5,387.8,STANDARD_PTP,Confirm if premises is located near nearby verified landmark
AC001001,FIELD_FORCE,-938.9,-200.5,77.4,STANDARD_PTP,
AC001002,FIELD_FORCE,2712.3,-2460.1,47.9,STANDARD_PTP,
AC001003,TELE_DIALER,,,3710.3,ADDRESS_VERIFICATION_CAMPAIGN,"Your recorded address could not be verified. Please state your exact cross street, nearby landmark, and house gate color."
AC001004,TELE_DIALER,,,3710.3,ADDRESS_VERIFICATION_CAMPAIGN,"Your recorded address could not be verified. Please state your exact cross street, nearby landmark, and house gate color."
AC001004,FIELD_FORCE,2335.2,1476.5,357.8,STANDARD_PTP,Confirm if premises is located near Near Ration Shop (pin is a guess near this landmark)
AC001005,FIELD_FORCE,-846.0,-3041.6,77.4,STANDARD_PTP,
AC001005,FIELD_FORCE,-563.2,-1389.8,357.8,STANDARD_PTP,Confirm if premises is located near Near Church (pin is a guess near this landmark)
AC001006,FIELD_FORCE,1569.4,-2218.7,162.1,STANDARD_PTP,Confirm if premises is located near nearby verified landmark
AC001007,FIELD_FORCE,-1957.2,-3046.1,162.1,STANDARD_PTP,Confirm if premises is located near nearby verified landmark
AC001008,TELE_DIALER,,,3710.3,ADDRESS_VERIFICATION_CAMPAIGN,"Your recorded address could not be verified. Please state your exact cross street, nearby landmark, and house gate color."
AC001009,FIELD_FORCE,2283.3,-1218.0,162.1,STANDARD_PTP,Confirm if premises is located near nearby verified landmark
AC001010,FIELD_FORCE,-1958.0,-2771.0,162.1,STANDARD_PTP,Confirm if premises is located near nearby verified landmark
AC001011,FIELD_FORCE,-2678.2,-543.8,357.8,STANDARD_PTP,Confirm if premises is located near Near Church (pin is a guess near this landmark)
AC001012,FIELD_FORCE,2697.9,-2220.5,77.4,STANDARD_PTP,
AC001012,FIELD_FORCE,370.2,-3110.4,47.9,STANDARD_PTP,
AC001013,FIELD_FORCE,-2814.9,1417.8,162.1,STANDARD_PTP,Confirm if premises is located near nearby verified landmark
AC001013,TELE_DIALER,,,3710.3,ADDRESS_VERIFICATION_CAMPAIGN,"Your recorded address could not be verified. Please state your exact cross street, nearby landmark, and house gate color."
AC001014,TELE_DIALER,,,3710.3,ADDRESS_VERIFICATION_CAMPAIGN,"Your recorded address could not be verified. Please state your exact cross street, nearby landmark, and house gate color."
AC001015,FIELD_FORCE,-3155.2,823.8,357.8,STANDARD_PTP,Confirm if premises is located near Opposite Ganesh Temple (pin is a guess near this landmark)
AC001016,TELE_DIALER,,,3710.3,ADDRESS_VERIFICATION_CAMPAIGN,"Your recorded address could not be verified. Please state your exact cross street, nearby landmark, and house gate color."
AC001017,FIELD_FORCE,-2441.4,1275.8,387.8,STANDARD_PTP,Confirm if premises is located near nearby verified landmark
AC001018,FIELD_FORCE,-3155.2,823.8,357.8,STANDARD_PTP,Confirm if premises is located near Near Ganesh Temple (pin is a guess near this landmark)
AC001018,FIELD_FORCE,-834.6,-2978.5,357.8,STANDARD_PTP,Confirm if premises is located near Near Church (pin is a guess near this landmark)
AC001019,FIELD_FORCE,1919.8,-1156.5,162.1,STANDARD_PTP,Confirm if premises is located near nearby verified landmark
AC001020,FIELD_FORCE,1213.7,-55.1,162.1,STANDARD_PTP,Confirm if premises is located near Near Bus Stop (about 170 m from pin)
AC001021,FIELD_FORCE,-768.2,3483.0,357.8,STANDARD_PTP,Confirm if premises is located near Near Park (pin is a guess near this landmark)
AC001022,FIELD_FORCE,-543.2,-1029.4,162.1,STANDARD_PTP,Confirm if premises is located near nearby verified landmark
AC001022,FIELD_FORCE,569.7,2284.4,162.1,STANDARD_PTP,Confirm if premises is located near nearby verified landmark
AC001023,FIELD_FORCE,67.7,1994.8,77.4,STANDARD_PTP,
AC001024,FIELD_FORCE,681.3,-2735.2,77.4,STANDARD_PTP,
AC001025,FIELD_FORCE,2631.4,-1926.4,47.9,STANDARD_PTP,
AC001026,TELE_DIALER,,,3710.3,ADDRESS_VERIFICATION_CAMPAIGN,"Your recorded address could not be verified. Please state your exact cross street, nearby landmark, and house gate color."
AC001026,TELE_DIALER,,,3710.3,ADDRESS_VERIFICATION_CAMPAIGN,"Your recorded address could not be verified. Please state your exact cross street, nearby landmark, and house gate color."
AC001027,FIELD_FORCE,1207.0,-1878.5,75.0,STANDARD_PTP,
AC001027,TELE_DIALER,,,3710.3,ADDRESS_VERIFICATION_CAMPAIGN,"Your recorded address could not be verified. Please state your exact cross street, nearby landmark, and house gate color."
AC001028,FIELD_FORCE,1014.3,-406.9,357.8,STANDARD_PTP,Confirm if premises is located near Near Masjid (pin is a guess near this landmark)
AC001029,FIELD_FORCE,-2352.8,-530.8,47.9,STANDARD_PTP,
AC001030,FIELD_FORCE,-2937.9,-64.3,77.4,STANDARD_PTP,
AC001030,TELE_DIALER,,,3710.3,ADDRESS_VERIFICATION_CAMPAIGN,"Your recorded address could not be verified. Please state your exact cross street, nearby landmark, and house gate color."
AC001031,FIELD_FORCE,-2772.6,-349.4,357.8,STANDARD_PTP,Confirm if premises is located near Near Petrol Bunk (pin is a guess near this landmark)
AC001032,FIELD_FORCE,868.7,-2937.9,77.4,STANDARD_PTP,
AC001033,FIELD_FORCE,2695.9,-1797.1,47.9,STANDARD_PTP,
AC001034,FIELD_FORCE,1346.4,-2520.7,357.8,STANDARD_PTP,Confirm if premises is located near Near Masjid (pin is a guess near this landmark)
AC001035,FIELD_FORCE,2848.0,623.8,47.9,STANDARD_PTP,
AC001036,FIELD_FORCE,723.5,2835.4,387.8,STANDARD_PTP,Confirm if premises is located near nearby verified landmark
AC001037,FIELD_FORCE,1097.3,2655.1,357.8,STANDARD_PTP,Confirm if premises is located near Near Bus Stop (pin is a guess near this landmark)
AC001038,FIELD_FORCE,-980.8,-1755.2,162.1,STANDARD_PTP,Confirm if premises is located near nearby verified landmark
AC001039,FIELD_FORCE,2896.9,261.8,75.0,STANDARD_PTP,
AC001040,FIELD_FORCE,-1269.1,-501.1,77.4,STANDARD_PTP,
AC001041,TELE_DIALER,,,3710.3,ADDRESS_VERIFICATION_CAMPAIGN,"Your recorded address could not be verified. Please state your exact cross street, nearby landmark, and house gate color."
AC001042,FIELD_FORCE,-797.5,-721.5,77.4,STANDARD_PTP,
AC001043,FIELD_FORCE,2907.0,-2465.7,75.0,STANDARD_PTP,
AC001044,FIELD_FORCE,2041.4,-1312.6,162.1,STANDARD_PTP,Confirm if premises is located near Behind Hanuman Temple (about 90 m from pin)
AC001045,TELE_DIALER,,,3710.3,ADDRESS_VERIFICATION_CAMPAIGN,"Your recorded address could not be verified. Please state your exact cross street, nearby landmark, and house gate color."
AC001045,FIELD_FORCE,1493.2,396.7,77.4,STANDARD_PTP,
AC001046,FIELD_FORCE,4138.4,498.0,387.8,STANDARD_PTP,Confirm if premises is located near nearby verified landmark
AC001047,TELE_DIALER,,,3710.3,ADDRESS_VERIFICATION_CAMPAIGN,"Your recorded address could not be verified. Please state your exact cross street, nearby landmark, and house gate color."
AC001048,FIELD_FORCE,2955.5,-2079.1,387.8,STANDARD_PTP,Confirm if premises is located near nearby verified landmark
AC001049,FIELD_FORCE,637.8,-2621.0,77.4,STANDARD_PTP,
AC001049,FIELD_FORCE,1982.8,-1241.6,357.8,STANDARD_PTP,Confirm if premises is located near Near Hanuman Temple (pin is a guess near this landmark)
AC001050,FIELD_FORCE,-569.0,3374.1,47.9,STANDARD_PTP,
AC001051,FIELD_FORCE,-740.1,2565.6,357.8,STANDARD_PTP,Confirm if premises is located near Near Medical Store (pin is a guess near this landmark)
AC001052,FIELD_FORCE,-2302.2,1223.9,47.9,STANDARD_PTP,
AC001053,FIELD_FORCE,-442.6,-2771.0,77.4,STANDARD_PTP,
AC001054,FIELD_FORCE,-3051.2,1458.2,77.4,STANDARD_PTP,
AC001055,FIELD_FORCE,2919.5,-1805.5,47.9,STANDARD_PTP,
AC001056,FIELD_FORCE,2955.7,-2509.2,77.4,STANDARD_PTP,
AC001057,TELE_DIALER,,,3710.3,ADDRESS_VERIFICATION_CAMPAIGN,"Your recorded address could not be verified. Please state your exact cross street, nearby landmark, and house gate color."
AC001058,FIELD_FORCE,1631.8,-800.8,357.8,STANDARD_PTP,Confirm if premises is located near Near Milk Dairy (pin is a guess near this landmark)
AC001058,TELE_DIALER,,,3710.3,ADDRESS_VERIFICATION_CAMPAIGN,"Your recorded address could not be verified. Please state your exact cross street, nearby landmark, and house gate color."
AC001059,TELE_DIALER,,,3710.3,ADDRESS_VERIFICATION_CAMPAIGN,"Your recorded address could not be verified. Please state your exact cross street, nearby landmark, and house gate color."
AC001060,FIELD_FORCE,-551.4,-542.2,162.1,STANDARD_PTP,Confirm if premises is located near Near Water Tank (about 40 m from pin)
AC001061,TELE_DIALER,,,3710.3,ADDRESS_VERIFICATION_CAMPAIGN,"Your recorded address could not be verified. Please state your exact cross street, nearby landmark, and house gate color."
AC001062,FIELD_FORCE,-2595.5,-763.3,387.8,STANDARD_PTP,Confirm if premises is located near nearby verified landmark
AC001063,FIELD_FORCE,2994.2,-2501.1,47.9,STANDARD_PTP,
AC001064,FIELD_FORCE,2698.3,1438.9,357.8,STANDARD_PTP,Confirm if premises is located near Near Park (pin is a guess near this landmark)
AC001065,FIELD_FORCE,1982.8,-1241.6,357.8,STANDARD_PTP,Confirm if premises is located near Near Hanuman Temple (pin is a guess near this landmark)
AC001065,FIELD_FORCE,-3155.2,823.8,357.8,STANDARD_PTP,Confirm if premises is located near Behind Ganesh Temple (pin is a guess near this landmark)
AC001066,TELE_DIALER,,,3710.3,ADDRESS_VERIFICATION_CAMPAIGN,"Your recorded address could not be verified. Please state your exact cross street, nearby landmark, and house gate color."
AC001066,FIELD_FORCE,1010.6,-1193.0,162.1,STANDARD_PTP,Confirm if premises is located near nearby verified landmark
AC001067,TELE_DIALER,,,3710.3,ADDRESS_VERIFICATION_CAMPAIGN,"Your recorded address could not be verified. Please state your exact cross street, nearby landmark, and house gate color."
AC001068,FIELD_FORCE,1399.0,-1890.9,47.9,STANDARD_PTP,
AC001068,FIELD_FORCE,1034.5,-437.6,77.4,STANDARD_PTP,
AC001069,FIELD_FORCE,-447.3,-3356.9,77.4,STANDARD_PTP,
AC001070,FIELD_FORCE,2832.2,-2339.2,77.4,STANDARD_PTP,
AC001071,FIELD_FORCE,-2724.5,-495.2,47.9,STANDARD_PTP,
AC001071,TELE_DIALER,,,3710.3,ADDRESS_VERIFICATION_CAMPAIGN,"Your recorded address could not be verified. Please state your exact cross street, nearby landmark, and house gate color."
AC001072,FIELD_FORCE,-400.2,-3395.7,47.9,STANDARD_PTP,
AC001073,FIELD_FORCE,3330.8,-2001.4,47.9,STANDARD_PTP,
AC001073,FIELD_FORCE,2992.8,-2655.8,75.0,STANDARD_PTP,
AC001074,FIELD_FORCE,598.5,2374.0,77.4,STANDARD_PTP,
AC001075,FIELD_FORCE,-173.7,-3339.8,75.0,STANDARD_PTP,
AC001076,FIELD_FORCE,-2632.1,-59.9,47.9,STANDARD_PTP,
AC001076,TELE_DIALER,,,3710.3,ADDRESS_VERIFICATION_CAMPAIGN,"Your recorded address could not be verified. Please state your exact cross street, nearby landmark, and house gate color."
AC001077,FIELD_FORCE,-1365.3,538.5,77.4,STANDARD_PTP,
AC001078,FIELD_FORCE,3051.1,-2317.6,357.8,STANDARD_PTP,Confirm if premises is located near Behind Milk Dairy (pin is a guess near this landmark)
AC001079,FIELD_FORCE,1275.8,-1116.6,75.0,STANDARD_PTP,
AC001079,FIELD_FORCE,-651.7,-3390.5,77.4,STANDARD_PTP,
AC001080,FIELD_FORCE,1694.8,-1675.7,47.9,STANDARD_PTP,
AC001081,FIELD_FORCE,-2006.2,1866.7,162.1,STANDARD_PTP,Confirm if premises is located near nearby verified landmark
AC001082,TELE_DIALER,,,3710.3,ADDRESS_VERIFICATION_CAMPAIGN,"Your recorded address could not be verified. Please state your exact cross street, nearby landmark, and house gate color."
AC001082,TELE_DIALER,,,3710.3,ADDRESS_VERIFICATION_CAMPAIGN,"Your recorded address could not be verified. Please state your exact cross street, nearby landmark, and house gate color."
AC001083,FIELD_FORCE,1014.3,-72.9,75.0,STANDARD_PTP,
AC001083,FIELD_FORCE,-1605.8,-2971.2,162.1,STANDARD_PTP,Confirm if premises is located near nearby verified landmark
AC001084,TELE_DIALER,,,3710.3,ADDRESS_VERIFICATION_CAMPAIGN,"Your recorded address could not be verified. Please state your exact cross street, nearby landmark, and house gate color."
AC001084,TELE_DIALER,,,3710.3,ADDRESS_VERIFICATION_CAMPAIGN,"Your recorded address could not be verified. Please state your exact cross street, nearby landmark, and house gate color."
AC001085,TELE_DIALER,,,3710.3,ADDRESS_VERIFICATION_CAMPAIGN,"Your recorded address could not be verified. Please state your exact cross street, nearby landmark, and house gate color."
AC001086,FIELD_FORCE,2629.2,931.7,47.9,STANDARD_PTP,
AC001087,TELE_DIALER,,,3710.3,ADDRESS_VERIFICATION_CAMPAIGN,"Your recorded address could not be verified. Please state your exact cross street, nearby landmark, and house gate color."
AC001087,FIELD_FORCE,-789.1,2907.8,162.1,STANDARD_PTP,Confirm if premises is located near nearby verified landmark
AC001088,FIELD_FORCE,3072.2,-2466.7,162.1,STANDARD_PTP,Confirm if premises is located near nearby verified landmark
AC001089,TELE_DIALER,,,3710.3,ADDRESS_VERIFICATION_CAMPAIGN,"Your recorded address could not be verified. Please state your exact cross street, nearby landmark, and house gate color."
AC001089,FIELD_FORCE,-3155.2,823.8,357.8,STANDARD_PTP,Confirm if premises is located near Near Ganesh Temple (pin is a guess near this landmark)
AC001090,FIELD_FORCE,551.2,-2632.6,77.4,STANDARD_PTP,
AC001090,FIELD_FORCE,2627.8,962.2,357.8,STANDARD_PTP,Confirm if premises is located near Near Masjid (pin is a guess near this landmark)
AC001091,FIELD_FORCE,2605.5,-1655.0,47.9,STANDARD_PTP,
AC001092,FIELD_FORCE,1208.5,-447.1,387.8,STANDARD_PTP,Confirm if premises is located near Near Park (about 180 m from pin)
AC001093,TELE_DIALER,,,3710.3,ADDRESS_VERIFICATION_CAMPAIGN,"Your recorded address could not be verified. Please state your exact cross street, nearby landmark, and house gate color."
AC001093,FIELD_FORCE,-2042.0,-2085.1,77.4,STANDARD_PTP,
AC001094,TELE_DIALER,,,3710.3,ADDRESS_VERIFICATION_CAMPAIGN,"Your recorded address could not be verified. Please state your exact cross street, nearby landmark, and house gate color."
AC001095,FIELD_FORCE,3301.2,1357.0,387.8,STANDARD_PTP,Confirm if premises is located near nearby verified landmark
AC001096,FIELD_FORCE,562.2,2345.4,387.8,STANDARD_PTP,Confirm if premises is located near nearby verified landmark
AC001096,FIELD_FORCE,859.9,-3302.3,77.4,STANDARD_PTP,
AC001097,TELE_DIALER,,,3710.3,ADDRESS_VERIFICATION_CAMPAIGN,"Your recorded address could not be verified. Please state your exact cross street, nearby landmark, and house gate color."
AC001098,FIELD_FORCE,732.3,-1067.4,357.8,STANDARD_PTP,Confirm if premises is located near Near Church (pin is a guess near this landmark)
AC001099,FIELD_FORCE,-2799.4,893.5,357.8,STANDARD_PTP,Confirm if premises is located near Opposite Post Office (pin is a guess near this landmark)
AC001100,FIELD_FORCE,1290.0,2874.0,47.9,STANDARD_PTP,
AC001101,FIELD_FORCE,1092.3,-419.8,357.8,STANDARD_PTP,Confirm if premises is located near Near Hanuman Temple (pin is a guess near this landmark)
AC001102,FIELD_FORCE,-520.4,-3364.0,77.4,STANDARD_PTP,
AC001103,FIELD_FORCE,2736.8,-2478.3,47.9,STANDARD_PTP,
AC001104,FIELD_FORCE,710.9,-876.2,77.4,STANDARD_PTP,
AC001104,TELE_DIALER,,,3710.3,ADDRESS_VERIFICATION_CAMPAIGN,"Your recorded address could not be verified. Please state your exact cross street, nearby landmark, and house gate color."
AC001105,FIELD_FORCE,-2320.3,1225.5,47.9,STANDARD_PTP,
AC001106,FIELD_FORCE,-2423.1,-618.2,47.9,STANDARD_PTP,
AC001107,TELE_DIALER,,,3710.3,ADDRESS_VERIFICATION_CAMPAIGN,"Your recorded address could not be verified. Please state your exact cross street, nearby landmark, and house gate color."
AC001108,TELE_DIALER,,,3710.3,ADDRESS_VERIFICATION_CAMPAIGN,"Your recorded address could not be verified. Please state your exact cross street, nearby landmark, and house gate color."
AC001108,TELE_DIALER,,,3710.3,ADDRESS_VERIFICATION_CAMPAIGN,"Your recorded address could not be verified. Please state your exact cross street, nearby landmark, and house gate color."
AC001109,FIELD_FORCE,3638.9,93.0,77.4,STANDARD_PTP,
AC001110,TELE_DIALER,,,3710.3,ADDRESS_VERIFICATION_CAMPAIGN,"Your recorded address could not be verified. Please state your exact cross street, nearby landmark, and house gate color."
AC001111,FIELD_FORCE,-681.4,-3259.3,47.9,STANDARD_PTP,
AC001112,FIELD_FORCE,769.5,-257.8,47.9,STANDARD_PTP,
AC001113,TELE_DIALER,,,3710.3,ADDRESS_VERIFICATION_CAMPAIGN,"Your recorded address could not be verified. Please state your exact cross street, nearby landmark, and house gate color."
AC001113,TELE_DIALER,,,3710.3,ADDRESS_VERIFICATION_CAMPAIGN,"Your recorded address could not be verified. Please state your exact cross street, nearby landmark, and house gate color."
AC001114,FIELD_FORCE,-1332.2,-2867.8,387.8,STANDARD_PTP,Confirm if premises is located near nearby verified landmark
AC001115,FIELD_FORCE,-2678.2,-543.8,357.8,STANDARD_PTP,Confirm if premises is located near Opposite Church (pin is a guess near this landmark)
AC001116,TELE_DIALER,,,3710.3,ADDRESS_VERIFICATION_CAMPAIGN,"Your recorded address could not be verified. Please state your exact cross street, nearby landmark, and house gate color."
AC001117,FIELD_FORCE,2501.9,-973.1,47.9,STANDARD_PTP,
AC001118,FIELD_FORCE,-641.2,-647.3,162.1,STANDARD_PTP,Confirm if premises is located near Near Post Office (about 110 m from pin)
AC001119,TELE_DIALER,,,3710.3,ADDRESS_VERIFICATION_CAMPAIGN,"Your recorded address could not be verified. Please state your exact cross street, nearby landmark, and house gate color."
AC001120,FIELD_FORCE,-834.6,-2978.5,357.8,STANDARD_PTP,Confirm if premises is located near Near Church (pin is a guess near this landmark)
AC001121,FIELD_FORCE,1367.7,-2027.1,162.1,STANDARD_PTP,Confirm if premises is located near Near Milk Dairy (about 100 m from pin)
AC001121,TELE_DIALER,,,3710.3,ADDRESS_VERIFICATION_CAMPAIGN,"Your recorded address could not be verified. Please state your exact cross street, nearby landmark, and house gate color."
AC001122,FIELD_FORCE,1023.0,2581.7,47.9,STANDARD_PTP,
AC001123,FIELD_FORCE,-2859.1,-459.5,387.8,STANDARD_PTP,Confirm if premises is located near nearby verified landmark
AC001124,FIELD_FORCE,3246.0,-1984.0,162.1,STANDARD_PTP,Confirm if premises is located near nearby verified landmark
AC001125,FIELD_FORCE,-2799.4,893.5,357.8,STANDARD_PTP,Confirm if premises is located near Near Post Office (pin is a guess near this landmark)
AC001126,FIELD_FORCE,962.8,-3347.2,47.9,STANDARD_PTP,
AC001127,TELE_DIALER,,,3710.3,ADDRESS_VERIFICATION_CAMPAIGN,"Your recorded address could not be verified. Please state your exact cross street, nearby landmark, and house gate color."
AC001128,FIELD_FORCE,-785.3,-747.2,47.9,STANDARD_PTP,
AC001129,FIELD_FORCE,2336.7,-763.4,387.8,STANDARD_PTP,Confirm if premises is located near nearby verified landmark
AC001130,FIELD_FORCE,3205.8,-1685.6,357.8,STANDARD_PTP,Confirm if premises is located near Near Post Office (pin is a guess near this landmark)
AC001131,TELE_DIALER,,,3710.3,ADDRESS_VERIFICATION_CAMPAIGN,"Your recorded address could not be verified. Please state your exact cross street, nearby landmark, and house gate color."
AC001132,FIELD_FORCE,-2622.3,1441.4,47.9,STANDARD_PTP,
AC001132,FIELD_FORCE,293.1,2048.2,162.1,STANDARD_PTP,Confirm if premises is located near Opposite Ration Shop (about 130 m from pin)
AC001133,FIELD_FORCE,3049.4,-2157.6,357.8,STANDARD_PTP,Confirm if premises is located near Opposite Ration Shop (pin is a guess near this landmark)
AC001134,FIELD_FORCE,-424.7,-3924.7,387.8,STANDARD_PTP,Confirm if premises is located near nearby verified landmark
AC001134,FIELD_FORCE,678.0,1291.3,77.4,STANDARD_PTP,
AC001135,FIELD_FORCE,1185.3,-2043.0,357.8,STANDARD_PTP,Confirm if premises is located near Opposite Govt School (pin is a guess near this landmark)
AC001135,TELE_DIALER,,,3710.3,ADDRESS_VERIFICATION_CAMPAIGN,"Your recorded address could not be verified. Please state your exact cross street, nearby landmark, and house gate color."
AC001136,FIELD_FORCE,-768.2,3483.0,357.8,STANDARD_PTP,Confirm if premises is located near Opposite Park (pin is a guess near this landmark)
AC001137,TELE_DIALER,,,3710.3,ADDRESS_VERIFICATION_CAMPAIGN,"Your recorded address could not be verified. Please state your exact cross street, nearby landmark, and house gate color."
AC001138,FIELD_FORCE,-310.8,990.8,357.8,STANDARD_PTP,Confirm if premises is located near Near Masjid (pin is a guess near this landmark)
AC001139,FIELD_FORCE,2986.1,-2494.1,387.8,STANDARD_PTP,Confirm if premises is located near nearby verified landmark
AC001140,FIELD_FORCE,3628.2,-2240.7,47.9,STANDARD_PTP,
AC001141,FIELD_FORCE,2861.9,-1836.1,47.9,STANDARD_PTP,
AC001142,FIELD_FORCE,3433.8,-1644.8,357.8,STANDARD_PTP,Confirm if premises is located near Behind Ganesh Temple (pin is a guess near this landmark)
AC001143,TELE_DIALER,,,3710.3,ADDRESS_VERIFICATION_CAMPAIGN,"Your recorded address could not be verified. Please state your exact cross street, nearby landmark, and house gate color."
AC001144,TELE_DIALER,,,3710.3,ADDRESS_VERIFICATION_CAMPAIGN,"Your recorded address could not be verified. Please state your exact cross street, nearby landmark, and house gate color."
AC001144,TELE_DIALER,,,3710.3,ADDRESS_VERIFICATION_CAMPAIGN,"Your recorded address could not be verified. Please state your exact cross street, nearby landmark, and house gate color."
AC001145,TELE_DIALER,,,3710.3,ADDRESS_VERIFICATION_CAMPAIGN,"Your recorded address could not be verified. Please state your exact cross street, nearby landmark, and house gate color."
AC001146,TELE_DIALER,,,3710.3,ADDRESS_VERIFICATION_CAMPAIGN,"Your recorded address could not be verified. Please state your exact cross street, nearby landmark, and house gate color."
AC001146,FIELD_FORCE,-1507.4,-2857.9,47.9,STANDARD_PTP,
AC001147,FIELD_FORCE,1275.0,-1769.7,47.9,STANDARD_PTP,
AC001148,FIELD_FORCE,-1603.9,405.0,77.4,STANDARD_PTP,
AC001149,FIELD_FORCE,3703.3,-2173.9,162.1,STANDARD_PTP,Confirm if premises is located near Near Park (about 200 m from pin)
AC001150,FIELD_FORCE,659.9,-2908.5,47.9,STANDARD_PTP,
AC001150,FIELD_FORCE,726.5,-3044.8,77.4,STANDARD_PTP,
AC001151,FIELD_FORCE,1256.3,-1853.0,47.9,STANDARD_PTP,
AC001152,FIELD_FORCE,1816.3,-1306.1,77.4,STANDARD_PTP,
AC001153,FIELD_FORCE,1496.6,-2033.5,75.0,STANDARD_PTP,
AC001154,FIELD_FORCE,2792.5,-2125.6,357.8,STANDARD_PTP,Confirm if premises is located near Near Community Hall (pin is a guess near this landmark)
AC001155,FIELD_FORCE,3518.4,-3.0,387.8,STANDARD_PTP,Confirm if premises is located near nearby verified landmark
AC001156,FIELD_FORCE,-2717.6,1319.7,162.1,STANDARD_PTP,Confirm if premises is located near nearby verified landmark
AC001156,TELE_DIALER,,,3710.3,ADDRESS_VERIFICATION_CAMPAIGN,"Your recorded address could not be verified. Please state your exact cross street, nearby landmark, and house gate color."
AC001157,TELE_DIALER,,,3710.3,ADDRESS_VERIFICATION_CAMPAIGN,"Your recorded address could not be verified. Please state your exact cross street, nearby landmark, and house gate color."
AC001158,FIELD_FORCE,2895.2,-1487.7,387.8,STANDARD_PTP,Confirm if premises is located near nearby verified landmark
AC001159,TELE_DIALER,,,3710.3,ADDRESS_VERIFICATION_CAMPAIGN,"Your recorded address could not be verified. Please state your exact cross street, nearby landmark, and house gate color."
AC001160,FIELD_FORCE,1065.9,2652.1,47.9,STANDARD_PTP,
AC001160,FIELD_FORCE,-799.2,3343.4,75.0,STANDARD_PTP,
AC001161,TELE_DIALER,,,3710.3,ADDRESS_VERIFICATION_CAMPAIGN,"Your recorded address could not be verified. Please state your exact cross street, nearby landmark, and house gate color."
AC001162,FIELD_FORCE,-2184.5,-2407.6,357.8,STANDARD_PTP,Confirm if premises is located near Near Govt School (pin is a guess near this landmark)
AC001163,FIELD_FORCE,3103.3,-2566.7,387.8,STANDARD_PTP,Confirm if premises is located near nearby verified landmark
AC001164,TELE_DIALER,,,3710.3,ADDRESS_VERIFICATION_CAMPAIGN,"Your recorded address could not be verified. Please state your exact cross street, nearby landmark, and house gate color."
AC001165,FIELD_FORCE,674.9,1444.0,357.8,STANDARD_PTP,Confirm if premises is located near Near Post Office (pin is a guess near this landmark)
AC001166,FIELD_FORCE,-764.5,-471.1,357.8,STANDARD_PTP,Confirm if premises is located near Near Post Office (pin is a guess near this landmark)
AC001166,TELE_DIALER,,,3710.3,ADDRESS_VERIFICATION_CAMPAIGN,"Your recorded address could not be verified. Please state your exact cross street, nearby landmark, and house gate color."
AC001167,TELE_DIALER,,,3710.3,ADDRESS_VERIFICATION_CAMPAIGN,"Your recorded address could not be verified. Please state your exact cross street, nearby landmark, and house gate color."
AC001168,TELE_DIALER,,,3710.3,ADDRESS_VERIFICATION_CAMPAIGN,"Your recorded address could not be verified. Please state your exact cross street, nearby landmark, and house gate color."
AC001169,FIELD_FORCE,673.3,-2631.2,47.9,STANDARD_PTP,
AC001170,FIELD_FORCE,1171.6,-2988.3,162.1,STANDARD_PTP,Confirm if premises is located near nearby verified landmark
AC001171,TELE_DIALER,,,3710.3,ADDRESS_VERIFICATION_CAMPAIGN,"Your recorded address could not be verified. Please state your exact cross street, nearby landmark, and house gate color."
AC001172,FIELD_FORCE,-563.5,-3727.2,387.8,STANDARD_PTP,Confirm if premises is located near nearby verified landmark
AC001173,FIELD_FORCE,-736.2,3289.8,47.9,STANDARD_PTP,
AC001174,FIELD_FORCE,2946.9,261.8,47.9,STANDARD_PTP,
AC001175,FIELD_FORCE,4233.2,156.3,47.9,STANDARD_PTP,
AC001175,FIELD_FORCE,-877.2,-824.3,162.1,STANDARD_PTP,Confirm if premises is located near Near Ration Shop (about 120 m from pin)
AC001176,FIELD_FORCE,1007.8,-2813.1,77.4,STANDARD_PTP,
AC001177,FIELD_FORCE,1355.5,-2520.2,387.8,STANDARD_PTP,Confirm if premises is located near Near Masjid (pin is at this landmark)
AC001178,FIELD_FORCE,1158.1,-342.6,77.4,STANDARD_PTP,
AC001178,TELE_DIALER,,,3710.3,ADDRESS_VERIFICATION_CAMPAIGN,"Your recorded address could not be verified. Please state your exact cross street, nearby landmark, and house gate color."
AC001179,TELE_DIALER,,,3710.3,ADDRESS_VERIFICATION_CAMPAIGN,"Your recorded address could not be verified. Please state your exact cross street, nearby landmark, and house gate color."
AC001180,TELE_DIALER,,,3710.3,ADDRESS_VERIFICATION_CAMPAIGN,"Your recorded address could not be verified. Please state your exact cross street, nearby landmark, and house gate color."
AC001181,FIELD_FORCE,-2578.7,-188.5,47.9,STANDARD_PTP,
AC001181,TELE_DIALER,,,3710.3,ADDRESS_VERIFICATION_CAMPAIGN,"Your recorded address could not be verified. Please state your exact cross street, nearby landmark, and house gate color."
AC001182,TELE_DIALER,,,3710.3,ADDRESS_VERIFICATION_CAMPAIGN,"Your recorded address could not be verified. Please state your exact cross street, nearby landmark, and house gate color."
AC001183,FIELD_FORCE,-1528.9,-2813.1,357.8,STANDARD_PTP,Confirm if premises is located near Near Hanuman Temple (pin is a guess near this landmark)
AC001183,FIELD_FORCE,1075.2,1767.5,162.1,STANDARD_PTP,Confirm if premises is located near nearby verified landmark
AC001184,FIELD_FORCE,247.6,1987.7,47.9,STANDARD_PTP,
AC001185,FIELD_FORCE,-2369.7,1821.9,47.9,STANDARD_PTP,
AC001186,FIELD_FORCE,-2026.3,2547.9,357.8,STANDARD_PTP,Confirm if premises is located near Near Ganesh Temple (pin is a guess near this landmark)
AC001187,FIELD_FORCE,-821.6,-3377.5,162.1,STANDARD_PTP,Confirm if premises is located near nearby verified landmark
AC001188,FIELD_FORCE,2577.3,-1320.1,357.8,STANDARD_PTP,Confirm if premises is located near Near Water Tank (pin is a guess near this landmark)
AC001189,TELE_DIALER,,,3710.3,ADDRESS_VERIFICATION_CAMPAIGN,"Your recorded address could not be verified. Please state your exact cross street, nearby landmark, and house gate color."
AC001189,FIELD_FORCE,3550.4,-2296.1,357.8,STANDARD_PTP,Confirm if premises is located near Near Park (pin is a guess near this landmark)
AC001190,FIELD_FORCE,-1282.3,-3534.8,77.4,STANDARD_PTP,
AC001191,TELE_DIALER,,,3710.3,ADDRESS_VERIFICATION_CAMPAIGN,"Your recorded address could not be verified. Please state your exact cross street, nearby landmark, and house gate color."
AC001192,FIELD_FORCE,2297.9,-1306.9,47.9,STANDARD_PTP,
AC001193,FIELD_FORCE,1742.2,-2436.0,387.8,STANDARD_PTP,Confirm if premises is located near nearby verified landmark
AC001194,FIELD_FORCE,2843.8,757.1,357.8,STANDARD_PTP,Confirm if premises is located near Near Ration Shop (pin is a guess near this landmark)
AC001195,TELE_DIALER,,,3710.3,ADDRESS_VERIFICATION_CAMPAIGN,"Your recorded address could not be verified. Please state your exact cross street, nearby landmark, and house gate color."
AC001196,FIELD_FORCE,2634.3,-2180.4,47.9,STANDARD_PTP,
AC001197,FIELD_FORCE,-2590.9,1784.7,387.8,STANDARD_PTP,Confirm if premises is located near nearby verified landmark
AC001198,FIELD_FORCE,1034.0,2590.8,47.9,STANDARD_PTP,
AC001199,TELE_DIALER,,,3710.3,ADDRESS_VERIFICATION_CAMPAIGN,"Your recorded address could not be verified. Please state your exact cross street, nearby landmark, and house gate color."
AC001199,TELE_DIALER,,,3710.3,ADDRESS_VERIFICATION_CAMPAIGN,"Your recorded address could not be verified. Please state your exact cross street, nearby landmark, and house gate color."
AC001200,TELE_DIALER,,,3710.3,ADDRESS_VERIFICATION_CAMPAIGN,"Your recorded address could not be verified. Please state your exact cross street, nearby landmark, and house gate color."
AC001201,FIELD_FORCE,-3990.5,-1086.5,357.8,STANDARD_PTP,Confirm if premises is located near Opposite Hanuman Temple (pin is a guess near this landmark)
AC001202,TELE_DIALER,,,3710.3,ADDRESS_VERIFICATION_CAMPAIGN,"Your recorded address could not be verified. Please state your exact cross street, nearby landmark, and house gate color."
AC001203,FIELD_FORCE,-705.2,-739.2,47.9,STANDARD_PTP,
AC001204,FIELD_FORCE,-639.9,-3367.2,357.8,STANDARD_PTP,Confirm if premises is located near Near Hanuman Temple (pin is a guess near this landmark)
AC001204,FIELD_FORCE,-3731.2,-771.6,77.4,STANDARD_PTP,
AC001205,TELE_DIALER,,,3710.3,ADDRESS_VERIFICATION_CAMPAIGN,"Your recorded address could not be verified. Please state your exact cross street, nearby landmark, and house gate color."
AC001206,FIELD_FORCE,2860.6,-2181.8,387.8,STANDARD_PTP,Confirm if premises is located near Near Community Hall (about 90 m from pin)
AC001207,TELE_DIALER,,,3710.3,ADDRESS_VERIFICATION_CAMPAIGN,"Your recorded address could not be verified. Please state your exact cross street, nearby landmark, and house gate color."
AC001208,FIELD_FORCE,3388.0,-1378.0,77.4,STANDARD_PTP,
AC001209,FIELD_FORCE,2622.4,1233.6,77.4,STANDARD_PTP,
AC001210,FIELD_FORCE,2200.4,1114.7,162.1,STANDARD_PTP,Confirm if premises is located near nearby verified landmark
AC001211,FIELD_FORCE,-534.4,-1699.8,162.1,STANDARD_PTP,Confirm if premises is located near nearby verified landmark
AC001211,FIELD_FORCE,1014.3,-406.9,357.8,STANDARD_PTP,Confirm if premises is located near Near Masjid (pin is a guess near this landmark)
AC001212,FIELD_FORCE,3958.9,64.4,387.8,STANDARD_PTP,Confirm if premises is located near nearby verified landmark
AC001213,FIELD_FORCE,923.9,-2681.1,77.4,STANDARD_PTP,
AC001214,FIELD_FORCE,842.8,-3221.8,162.1,STANDARD_PTP,Confirm if premises is located near nearby verified landmark
AC001215,FIELD_FORCE,922.3,400.8,387.8,STANDARD_PTP,Confirm if premises is located near nearby verified landmark
AC001216,FIELD_FORCE,-2264.9,1710.3,387.8,STANDARD_PTP,Confirm if premises is located near Near Ganesh Temple (about 180 m from pin)
AC001217,FIELD_FORCE,2515.4,-2361.5,162.1,STANDARD_PTP,Confirm if premises is located near nearby verified landmark
AC001218,FIELD_FORCE,2734.8,-1810.6,47.9,STANDARD_PTP,
AC001219,TELE_DIALER,,,3710.3,ADDRESS_VERIFICATION_CAMPAIGN,"Your recorded address could not be verified. Please state your exact cross street, nearby landmark, and house gate color."
AC001220,FIELD_FORCE,-791.9,-718.7,357.8,STANDARD_PTP,Confirm if premises is located near Near Milk Dairy (pin is a guess near this landmark)
AC001221,FIELD_FORCE,1277.0,-2001.0,387.8,STANDARD_PTP,Confirm if premises is located near nearby verified landmark
AC001222,FIELD_FORCE,1014.3,-406.9,357.8,STANDARD_PTP,Confirm if premises is located near Near Masjid (pin is a guess near this landmark)
AC001223,FIELD_FORCE,1559.2,-1825.0,387.8,STANDARD_PTP,Confirm if premises is located near nearby verified landmark
AC001224,FIELD_FORCE,-867.0,2979.6,47.9,STANDARD_PTP,
AC001225,TELE_DIALER,,,3710.3,ADDRESS_VERIFICATION_CAMPAIGN,"Your recorded address could not be verified. Please state your exact cross street, nearby landmark, and house gate color."
AC001226,FIELD_FORCE,691.9,3116.3,47.9,STANDARD_PTP,
AC001227,FIELD_FORCE,-568.0,-3271.2,357.8,STANDARD_PTP,Confirm if premises is located near Near Park (pin is a guess near this landmark)
AC001228,FIELD_FORCE,-1702.1,-2948.3,77.4,STANDARD_PTP,
AC001229,FIELD_FORCE,1548.0,-2454.2,47.9,STANDARD_PTP,
AC001230,FIELD_FORCE,-873.0,-2219.9,162.1,STANDARD_PTP,Confirm if premises is located near nearby verified landmark
AC001231,FIELD_FORCE,907.5,2586.7,357.8,STANDARD_PTP,Confirm if premises is located near Near Govt School (pin is a guess near this landmark)
AC001232,FIELD_FORCE,745.6,-3225.4,47.9,STANDARD_PTP,
AC001233,FIELD_FORCE,331.0,-3084.2,357.8,STANDARD_PTP,Confirm if premises is located near Near Ganesh Temple (pin is a guess near this landmark)
AC001234,TELE_DIALER,,,3710.3,ADDRESS_VERIFICATION_CAMPAIGN,"Your recorded address could not be verified. Please state your exact cross street, nearby landmark, and house gate color."
AC001235,FIELD_FORCE,1268.9,-2044.0,357.8,STANDARD_PTP,Confirm if premises is located near Near Milk Dairy (pin is a guess near this landmark)
AC001236,TELE_DIALER,,,3710.3,ADDRESS_VERIFICATION_CAMPAIGN,"Your recorded address could not be verified. Please state your exact cross street, nearby landmark, and house gate color."
AC001237,TELE_DIALER,,,3710.3,ADDRESS_VERIFICATION_CAMPAIGN,"Your recorded address could not be verified. Please state your exact cross street, nearby landmark, and house gate color."
AC001237,FIELD_FORCE,1255.7,47.7,357.8,STANDARD_PTP,Confirm if premises is located near Near Milk Dairy (pin is a guess near this landmark)
AC001238,TELE_DIALER,,,3710.3,ADDRESS_VERIFICATION_CAMPAIGN,"Your recorded address could not be verified. Please state your exact cross street, nearby landmark, and house gate color."
AC001239,FIELD_FORCE,3646.8,552.3,47.9,STANDARD_PTP,
AC001240,FIELD_FORCE,-2506.9,-383.8,162.1,STANDARD_PTP,Confirm if premises is located near Opposite Masjid (about 160 m from pin)
AC001240,TELE_DIALER,,,3710.3,ADDRESS_VERIFICATION_CAMPAIGN,"Your recorded address could not be verified. Please state your exact cross street, nearby landmark, and house gate color."
AC001241,TELE_DIALER,,,3710.3,ADDRESS_VERIFICATION_CAMPAIGN,"Your recorded address could not be verified. Please state your exact cross street, nearby landmark, and house gate color."
AC001242,FIELD_FORCE,2326.7,1917.1,357.8,STANDARD_PTP,Confirm if premises is located near Near Ganesh Temple (pin is a guess near this landmark)
AC001243,FIELD_FORCE,-1388.7,-3524.7,357.8,STANDARD_PTP,Confirm if premises is located near Near Ration Shop (pin is a guess near this landmark)
AC001244,FIELD_FORCE,285.3,-2771.2,162.1,STANDARD_PTP,Confirm if premises is located near nearby verified landmark
AC001245,TELE_DIALER,,,3710.3,ADDRESS_VERIFICATION_CAMPAIGN,"Your recorded address could not be verified. Please state your exact cross street, nearby landmark, and house gate color."
AC001245,TELE_DIALER,,,3710.3,ADDRESS_VERIFICATION_CAMPAIGN,"Your recorded address could not be verified. Please state your exact cross street, nearby landmark, and house gate color."
AC001246,TELE_DIALER,,,3710.3,ADDRESS_VERIFICATION_CAMPAIGN,"Your recorded address could not be verified. Please state your exact cross street, nearby landmark, and house gate color."
AC001247,TELE_DIALER,,,3710.3,ADDRESS_VERIFICATION_CAMPAIGN,"Your recorded address could not be verified. Please state your exact cross street, nearby landmark, and house gate color."
AC001248,FIELD_FORCE,2515.8,1376.4,387.8,STANDARD_PTP,Confirm if premises is located near nearby verified landmark
AC001248,FIELD_FORCE,112.7,1974.3,77.4,STANDARD_PTP,
AC001249,FIELD_FORCE,1161.8,-386.0,77.4,STANDARD_PTP,
AC001250,FIELD_FORCE,2655.2,-1086.0,47.9,STANDARD_PTP,
AC001251,FIELD_FORCE,-19.2,-3368.5,387.8,STANDARD_PTP,Confirm if premises is located near nearby verified landmark
AC001252,FIELD_FORCE,-60.0,3221.6,77.4,STANDARD_PTP,
AC001253,FIELD_FORCE,965.5,-1048.4,77.4,STANDARD_PTP,
AC001254,FIELD_FORCE,3256.0,-2207.1,75.0,STANDARD_PTP,
AC001254,FIELD_FORCE,-2799.4,893.5,357.8,STANDARD_PTP,Confirm if premises is located near Near Post Office (pin is a guess near this landmark)
AC001255,FIELD_FORCE,-2806.4,1241.3,77.4,STANDARD_PTP,
AC001255,FIELD_FORCE,-738.6,-3032.5,77.4,STANDARD_PTP,
AC001256,FIELD_FORCE,1320.9,-2072.6,47.9,STANDARD_PTP,
AC001257,FIELD_FORCE,682.6,2936.6,77.4,STANDARD_PTP,
AC001258,FIELD_FORCE,802.8,-2892.6,387.8,STANDARD_PTP,Confirm if premises is located near nearby verified landmark
AC001258,FIELD_FORCE,567.6,2843.6,387.8,STANDARD_PTP,Confirm if premises is located near nearby verified landmark
AC001259,FIELD_FORCE,2713.3,501.5,47.9,STANDARD_PTP,
AC001260,FIELD_FORCE,1605.9,-543.8,77.4,STANDARD_PTP,
AC001261,FIELD_FORCE,546.3,-2981.0,357.8,STANDARD_PTP,Confirm if premises is located near Near Bus Stop (pin is a guess near this landmark)
AC001262,TELE_DIALER,,,3710.3,ADDRESS_VERIFICATION_CAMPAIGN,"Your recorded address could not be verified. Please state your exact cross street, nearby landmark, and house gate color."
AC001263,TELE_DIALER,,,3710.3,ADDRESS_VERIFICATION_CAMPAIGN,"Your recorded address could not be verified. Please state your exact cross street, nearby landmark, and house gate color."
AC001264,FIELD_FORCE,903.0,-2895.2,387.8,STANDARD_PTP,Confirm if premises is located near nearby verified landmark
AC001265,FIELD_FORCE,-1550.8,649.1,357.8,STANDARD_PTP,Confirm if premises is located near Near Hanuman Temple (pin is a guess near this landmark)
AC001266,TELE_DIALER,,,3710.3,ADDRESS_VERIFICATION_CAMPAIGN,"Your recorded address could not be verified. Please state your exact cross street, nearby landmark, and house gate color."
AC001267,FIELD_FORCE,3391.3,470.7,357.8,STANDARD_PTP,Confirm if premises is located near Near Community Hall (pin is a guess near this landmark)
AC001268,TELE_DIALER,,,3710.3,ADDRESS_VERIFICATION_CAMPAIGN,"Your recorded address could not be verified. Please state your exact cross street, nearby landmark, and house gate color."
AC001269,TELE_DIALER,,,3710.3,ADDRESS_VERIFICATION_CAMPAIGN,"Your recorded address could not be verified. Please state your exact cross street, nearby landmark, and house gate color."
AC001270,TELE_DIALER,,,3710.3,ADDRESS_VERIFICATION_CAMPAIGN,"Your recorded address could not be verified. Please state your exact cross street, nearby landmark, and house gate color."
AC001271,FIELD_FORCE,2218.1,-1962.8,162.1,STANDARD_PTP,Confirm if premises is located near nearby verified landmark
AC001271,FIELD_FORCE,1238.0,225.5,162.1,STANDARD_PTP,Confirm if premises is located near Near Milk Dairy (about 180 m from pin)
AC001272,FIELD_FORCE,-1507.4,-2857.9,75.0,STANDARD_PTP,
AC001273,FIELD_FORCE,2322.5,-2438.3,387.8,STANDARD_PTP,Confirm if premises is located near nearby verified landmark
AC001274,FIELD_FORCE,-603.4,-2923.5,387.8,STANDARD_PTP,Confirm if premises is located near nearby verified landmark
AC001275,FIELD_FORCE,1214.2,-2491.6,77.4,STANDARD_PTP,
AC001276,FIELD_FORCE,946.8,227.5,77.4,STANDARD_PTP,
AC001277,FIELD_FORCE,1065.2,2407.9,387.8,STANDARD_PTP,Confirm if premises is located near Near Ration Shop (about 190 m from pin)
AC001278,FIELD_FORCE,-2350.3,-2317.5,357.8,STANDARD_PTP,Confirm if premises is located near Near Water Tank (pin is a guess near this landmark)
AC001279,TELE_DIALER,,,3710.3,ADDRESS_VERIFICATION_CAMPAIGN,"Your recorded address could not be verified. Please state your exact cross street, nearby landmark, and house gate color."
AC001279,TELE_DIALER,,,3710.3,ADDRESS_VERIFICATION_CAMPAIGN,"Your recorded address could not be verified. Please state your exact cross street, nearby landmark, and house gate color."
AC001280,FIELD_FORCE,-37.5,3542.0,357.8,STANDARD_PTP,Confirm if premises is located near Near Hanuman Temple (pin is a guess near this landmark)
AC001280,FIELD_FORCE,-2618.5,2009.2,357.8,STANDARD_PTP,Confirm if premises is located near Near Govt School (pin is a guess near this landmark)
AC001281,FIELD_FORCE,557.6,2682.4,77.4,STANDARD_PTP,
AC001282,FIELD_FORCE,-478.0,3169.4,47.9,STANDARD_PTP,
AC001282,FIELD_FORCE,-651.2,-773.0,357.8,STANDARD_PTP,Confirm if premises is located near Near Masjid (pin is a guess near this landmark)
AC001283,FIELD_FORCE,1646.4,-1843.6,77.4,STANDARD_PTP,
AC001284,FIELD_FORCE,-386.8,3422.8,357.8,STANDARD_PTP,Confirm if premises is located near Near Milk Dairy (pin is a guess near this landmark)
AC001284,FIELD_FORCE,3051.1,-2317.6,357.8,STANDARD_PTP,Confirm if premises is located near Near Milk Dairy (pin is a guess near this landmark)
AC001285,FIELD_FORCE,254.3,1926.8,357.8,STANDARD_PTP,Confirm if premises is located near Near Ration Shop (pin is a guess near this landmark)
AC001286,TELE_DIALER,,,3710.3,ADDRESS_VERIFICATION_CAMPAIGN,"Your recorded address could not be verified. Please state your exact cross street, nearby landmark, and house gate color."
AC001287,TELE_DIALER,,,3710.3,ADDRESS_VERIFICATION_CAMPAIGN,"Your recorded address could not be verified. Please state your exact cross street, nearby landmark, and house gate color."
AC001288,FIELD_FORCE,1074.8,-1735.7,47.9,STANDARD_PTP,
AC001289,FIELD_FORCE,3176.3,-2343.0,162.1,STANDARD_PTP,Confirm if premises is located near nearby verified landmark
AC001290,FIELD_FORCE,1125.6,-3443.4,387.8,STANDARD_PTP,Confirm if premises is located near nearby verified landmark
AC001290,FIELD_FORCE,-819.4,-2720.9,77.4,STANDARD_PTP,
AC001291,TELE_DIALER,,,3710.3,ADDRESS_VERIFICATION_CAMPAIGN,"Your recorded address could not be verified. Please state your exact cross street, nearby landmark, and house gate color."
AC001292,FIELD_FORCE,-1699.1,-2891.2,162.1,STANDARD_PTP,Confirm if premises is located near Opposite Milk Dairy (about 100 m from pin)
AC001293,FIELD_FORCE,1469.0,-2457.8,162.1,STANDARD_PTP,Confirm if premises is located near Near Masjid (about 140 m from pin)
AC001294,TELE_DIALER,,,3710.3,ADDRESS_VERIFICATION_CAMPAIGN,"Your recorded address could not be verified. Please state your exact cross street, nearby landmark, and house gate color."
AC001295,FIELD_FORCE,-644.9,-310.4,47.9,STANDARD_PTP,
AC001296,FIELD_FORCE,2701.0,-1377.4,47.9,STANDARD_PTP,
AC001296,FIELD_FORCE,956.7,3025.5,75.0,STANDARD_PTP,
AC001297,FIELD_FORCE,431.5,1548.7,357.8,STANDARD_PTP,Confirm if premises is located near Near Bus Stop (pin is a guess near this landmark)
AC001297,TELE_DIALER,,,3710.3,ADDRESS_VERIFICATION_CAMPAIGN,"Your recorded address could not be verified. Please state your exact cross street, nearby landmark, and house gate color."
AC001298,FIELD_FORCE,-2791.4,1253.0,77.4,STANDARD_PTP,
AC001299,FIELD_FORCE,-315.1,-730.0,47.9,STANDARD_PTP,
AC001300,TELE_DIALER,,,3710.3,ADDRESS_VERIFICATION_CAMPAIGN,"Your recorded address could not be verified. Please state your exact cross street, nearby landmark, and house gate color."
AC001301,FIELD_FORCE,644.8,-3711.4,357.8,STANDARD_PTP,Confirm if premises is located near Near Ration Shop (pin is a guess near this landmark)
AC001302,FIELD_FORCE,-2905.0,1414.3,47.9,STANDARD_PTP,
AC001303,FIELD_FORCE,-610.5,3417.2,77.4,STANDARD_PTP,
AC001304,FIELD_FORCE,1753.8,-2197.7,47.9,STANDARD_PTP,
AC001305,FIELD_FORCE,2370.8,-2109.3,47.9,STANDARD_PTP,
AC001306,FIELD_FORCE,-2114.1,1913.9,162.1,STANDARD_PTP,Confirm if premises is located near nearby verified landmark
AC001307,FIELD_FORCE,847.4,3201.3,387.8,STANDARD_PTP,Confirm if premises is located near Opposite Petrol Bunk (about 110 m from pin)
AC001308,FIELD_FORCE,1092.3,-419.8,357.8,STANDARD_PTP,Confirm if premises is located near Near Hanuman Temple (pin is a guess near this landmark)
AC001308,FIELD_FORCE,-1501.8,711.2,162.1,STANDARD_PTP,Confirm if premises is located near nearby verified landmark
AC001309,FIELD_FORCE,2973.5,425.3,387.8,STANDARD_PTP,Confirm if premises is located near nearby verified landmark
AC001310,FIELD_FORCE,431.5,1548.7,357.8,STANDARD_PTP,Confirm if premises is located near Near Bus Stop (pin is a guess near this landmark)
AC001311,FIELD_FORCE,2457.5,-2259.4,47.9,STANDARD_PTP,
AC001312,FIELD_FORCE,-1608.1,-2813.4,162.1,STANDARD_PTP,Confirm if premises is located near nearby verified landmark
AC001312,TELE_DIALER,,,3710.3,ADDRESS_VERIFICATION_CAMPAIGN,"Your recorded address could not be verified. Please state your exact cross street, nearby landmark, and house gate color."
AC001313,FIELD_FORCE,-933.1,-1915.8,357.8,STANDARD_PTP,Confirm if premises is located near Near Water Tank (pin is a guess near this landmark)
AC001314,FIELD_FORCE,3393.9,-2268.9,47.9,STANDARD_PTP,
AC001315,FIELD_FORCE,-527.8,2561.9,162.1,STANDARD_PTP,Confirm if premises is located near nearby verified landmark
AC001316,TELE_DIALER,,,3710.3,ADDRESS_VERIFICATION_CAMPAIGN,"Your recorded address could not be verified. Please state your exact cross street, nearby landmark, and house gate color."
AC001317,FIELD_FORCE,-310.8,990.8,357.8,STANDARD_PTP,Confirm if premises is located near Near Masjid (pin is a guess near this landmark)
AC001318,TELE_DIALER,,,3710.3,ADDRESS_VERIFICATION_CAMPAIGN,"Your recorded address could not be verified. Please state your exact cross street, nearby landmark, and house gate color."
AC001319,FIELD_FORCE,3011.4,758.4,47.9,STANDARD_PTP,
AC001320,FIELD_FORCE,1731.3,-2056.6,47.9,STANDARD_PTP,
AC001320,FIELD_FORCE,2389.3,2156.4,77.4,STANDARD_PTP,
AC001321,FIELD_FORCE,-307.2,-3404.1,47.9,STANDARD_PTP,
AC001322,TELE_DIALER,,,3710.3,ADDRESS_VERIFICATION_CAMPAIGN,"Your recorded address could not be verified. Please state your exact cross street, nearby landmark, and house gate color."
AC001322,TELE_DIALER,,,3710.3,ADDRESS_VERIFICATION_CAMPAIGN,"Your recorded address could not be verified. Please state your exact cross street, nearby landmark, and house gate color."
AC001323,FIELD_FORCE,-386.8,3422.8,357.8,STANDARD_PTP,Confirm if premises is located near Near Milk Dairy (pin is a guess near this landmark)
AC001324,TELE_DIALER,,,3710.3,ADDRESS_VERIFICATION_CAMPAIGN,"Your recorded address could not be verified. Please state your exact cross street, nearby landmark, and house gate color."
AC001325,FIELD_FORCE,792.6,337.6,77.4,STANDARD_PTP,
AC001326,TELE_DIALER,,,3710.3,ADDRESS_VERIFICATION_CAMPAIGN,"Your recorded address could not be verified. Please state your exact cross street, nearby landmark, and house gate color."
AC001327,FIELD_FORCE,-2241.1,1296.9,387.8,STANDARD_PTP,Confirm if premises is located near nearby verified landmark
AC001328,FIELD_FORCE,820.1,-1302.0,162.1,STANDARD_PTP,Confirm if premises is located near nearby verified landmark
AC001329,TELE_DIALER,,,3710.3,ADDRESS_VERIFICATION_CAMPAIGN,"Your recorded address could not be verified. Please state your exact cross street, nearby landmark, and house gate color."
AC001330,FIELD_FORCE,2966.5,-2159.9,77.4,STANDARD_PTP,
AC001331,FIELD_FORCE,2920.8,881.2,387.8,STANDARD_PTP,Confirm if premises is located near nearby verified landmark
AC001332,TELE_DIALER,,,3710.3,ADDRESS_VERIFICATION_CAMPAIGN,"Your recorded address could not be verified. Please state your exact cross street, nearby landmark, and house gate color."
AC001333,FIELD_FORCE,-1376.9,-1789.2,162.1,STANDARD_PTP,Confirm if premises is located near nearby verified landmark
AC001334,FIELD_FORCE,-2600.4,997.2,75.0,STANDARD_PTP,
AC001335,FIELD_FORCE,1258.9,-1920.8,387.8,STANDARD_PTP,Confirm if premises is located near nearby verified landmark
AC001336,FIELD_FORCE,-2001.8,-2747.9,77.4,STANDARD_PTP,
AC001337,FIELD_FORCE,-1528.9,-2813.1,357.8,STANDARD_PTP,Confirm if premises is located near Near Hanuman Temple (pin is a guess near this landmark)
AC001338,FIELD_FORCE,-2903.4,1421.4,387.8,STANDARD_PTP,Confirm if premises is located near nearby verified landmark
AC001339,TELE_DIALER,,,3710.3,ADDRESS_VERIFICATION_CAMPAIGN,"Your recorded address could not be verified. Please state your exact cross street, nearby landmark, and house gate color."
AC001340,FIELD_FORCE,-232.8,-956.2,357.8,STANDARD_PTP,Confirm if premises is located near Near Govt School (pin is a guess near this landmark)
AC001341,FIELD_FORCE,-844.3,-1404.7,47.9,STANDARD_PTP,
AC001342,TELE_DIALER,,,3710.3,ADDRESS_VERIFICATION_CAMPAIGN,"Your recorded address could not be verified. Please state your exact cross street, nearby landmark, and house gate color."
AC001342,TELE_DIALER,,,3710.3,ADDRESS_VERIFICATION_CAMPAIGN,"Your recorded address could not be verified. Please state your exact cross street, nearby landmark, and house gate color."
AC001343,FIELD_FORCE,1572.7,-1864.7,47.9,STANDARD_PTP,
AC001344,FIELD_FORCE,-1436.9,-3083.4,47.9,STANDARD_PTP,
AC001345,FIELD_FORCE,1259.9,2807.9,47.9,STANDARD_PTP,
AC001346,TELE_DIALER,,,3710.3,ADDRESS_VERIFICATION_CAMPAIGN,"Your recorded address could not be verified. Please state your exact cross street, nearby landmark, and house gate color."
AC001347,FIELD_FORCE,-569.5,-3510.2,162.1,STANDARD_PTP,Confirm if premises is located near nearby verified landmark
AC001348,FIELD_FORCE,3024.4,-2191.4,387.8,STANDARD_PTP,Confirm if premises is located near Near Ration Shop (about 40 m from pin)
AC001349,FIELD_FORCE,-917.2,-1650.1,162.1,STANDARD_PTP,Confirm if premises is located near nearby verified landmark
AC001350,FIELD_FORCE,3899.6,139.2,47.9,STANDARD_PTP,
AC001350,TELE_DIALER,,,3710.3,ADDRESS_VERIFICATION_CAMPAIGN,"Your recorded address could not be verified. Please state your exact cross street, nearby landmark, and house gate color."
AC001351,TELE_DIALER,,,3710.3,ADDRESS_VERIFICATION_CAMPAIGN,"Your recorded address could not be verified. Please state your exact cross street, nearby landmark, and house gate color."
AC001352,FIELD_FORCE,-249.7,-957.3,162.1,STANDARD_PTP,Confirm if premises is located near nearby verified landmark
AC001353,FIELD_FORCE,1463.7,-2267.4,47.9,STANDARD_PTP,
AC001354,FIELD_FORCE,926.9,-2892.2,47.9,STANDARD_PTP,
AC001355,FIELD_FORCE,-2378.3,-89.9,387.8,STANDARD_PTP,Confirm if premises is located near nearby verified landmark
AC001356,FIELD_FORCE,597.0,-857.1,47.9,STANDARD_PTP,
AC001356,FIELD_FORCE,-1436.3,-2121.2,77.4,STANDARD_PTP,
AC001357,TELE_DIALER,,,3710.3,ADDRESS_VERIFICATION_CAMPAIGN,"Your recorded address could not be verified. Please state your exact cross street, nearby landmark, and house gate color."
AC001358,FIELD_FORCE,-365.2,-1648.2,162.1,STANDARD_PTP,Confirm if premises is located near Near Medical Store (about 90 m from pin)
AC001358,TELE_DIALER,,,3710.3,ADDRESS_VERIFICATION_CAMPAIGN,"Your recorded address could not be verified. Please state your exact cross street, nearby landmark, and house gate color."
AC001359,FIELD_FORCE,3174.0,-2422.7,47.9,STANDARD_PTP,
AC001360,FIELD_FORCE,-1761.6,-2632.5,387.8,STANDARD_PTP,Confirm if premises is located near nearby verified landmark
AC001361,FIELD_FORCE,-2279.5,-487.4,357.8,STANDARD_PTP,Confirm if premises is located near Near Post Office (pin is a guess near this landmark)
AC001362,TELE_DIALER,,,3710.3,ADDRESS_VERIFICATION_CAMPAIGN,"Your recorded address could not be verified. Please state your exact cross street, nearby landmark, and house gate color."
AC001363,FIELD_FORCE,2258.7,-1091.5,47.9,STANDARD_PTP,
AC001364,FIELD_FORCE,2324.9,-760.3,77.4,STANDARD_PTP,
AC001365,FIELD_FORCE,1008.4,2298.8,387.8,STANDARD_PTP,Confirm if premises is located near nearby verified landmark
AC001366,FIELD_FORCE,778.3,2297.6,77.4,STANDARD_PTP,
AC001367,TELE_DIALER,,,3710.3,ADDRESS_VERIFICATION_CAMPAIGN,"Your recorded address could not be verified. Please state your exact cross street, nearby landmark, and house gate color."
AC001368,FIELD_FORCE,2505.8,-2358.2,47.9,STANDARD_PTP,
AC001369,FIELD_FORCE,933.9,299.4,357.8,STANDARD_PTP,Confirm if premises is located near Opposite Post Office (pin is a guess near this landmark)
AC001370,TELE_DIALER,,,3710.3,ADDRESS_VERIFICATION_CAMPAIGN,"Your recorded address could not be verified. Please state your exact cross street, nearby landmark, and house gate color."
AC001370,FIELD_FORCE,1836.4,-1215.6,162.1,STANDARD_PTP,Confirm if premises is located near Opposite Hanuman Temple (about 150 m from pin)
AC001371,FIELD_FORCE,-2341.0,1181.0,162.1,STANDARD_PTP,Confirm if premises is located near nearby verified landmark
AC001372,FIELD_FORCE,2907.0,-2465.7,75.0,STANDARD_PTP,
AC001373,FIELD_FORCE,-2519.0,-42.4,47.9,STANDARD_PTP,
AC001374,TELE_DIALER,,,3710.3,ADDRESS_VERIFICATION_CAMPAIGN,"Your recorded address could not be verified. Please state your exact cross street, nearby landmark, and house gate color."
AC001375,TELE_DIALER,,,3710.3,ADDRESS_VERIFICATION_CAMPAIGN,"Your recorded address could not be verified. Please state your exact cross street, nearby landmark, and house gate color."
AC001376,FIELD_FORCE,3069.2,-1824.4,47.9,STANDARD_PTP,
AC001377,TELE_DIALER,,,3710.3,ADDRESS_VERIFICATION_CAMPAIGN,"Your recorded address could not be verified. Please state your exact cross street, nearby landmark, and house gate color."
AC001377,FIELD_FORCE,-136.4,-3781.7,357.8,STANDARD_PTP,Confirm if premises is located near Near Ganesh Temple (pin is a guess near this landmark)
AC001378,FIELD_FORCE,1144.6,-2628.3,162.1,STANDARD_PTP,Confirm if premises is located near nearby verified landmark
AC001378,FIELD_FORCE,-265.5,-1625.3,162.1,STANDARD_PTP,Confirm if premises is located near nearby verified landmark
AC001379,FIELD_FORCE,2450.4,1996.0,357.8,STANDARD_PTP,Confirm if premises is located near Near Hanuman Temple (pin is a guess near this landmark)
AC001380,FIELD_FORCE,1198.7,-465.1,162.1,STANDARD_PTP,Confirm if premises is located near Near Masjid (about 190 m from pin)
AC001381,TELE_DIALER,,,3710.3,ADDRESS_VERIFICATION_CAMPAIGN,"Your recorded address could not be verified. Please state your exact cross street, nearby landmark, and house gate color."
AC001382,FIELD_FORCE,-842.2,2899.6,357.8,STANDARD_PTP,Confirm if premises is located near Near Ration Shop (pin is a guess near this landmark)
AC001383,FIELD_FORCE,-1235.0,760.3,387.8,STANDARD_PTP,Confirm if premises is located near Near Water Tank (about 170 m from pin)
AC001384,TELE_DIALER,,,3710.3,ADDRESS_VERIFICATION_CAMPAIGN,"Your recorded address could not be verified. Please state your exact cross street, nearby landmark, and house gate color."
AC001385,FIELD_FORCE,-3117.0,1537.7,47.9,STANDARD_PTP,
AC001386,FIELD_FORCE,-2672.6,1243.4,357.8,STANDARD_PTP,Confirm if premises is located near Near Bus Stop (pin is a guess near this landmark)
AC001387,FIELD_FORCE,-2783.6,-502.0,387.8,STANDARD_PTP,Confirm if premises is located near nearby verified landmark
AC001388,FIELD_FORCE,932.0,-2909.7,47.9,STANDARD_PTP,
AC001389,TELE_DIALER,,,3710.3,ADDRESS_VERIFICATION_CAMPAIGN,"Your recorded address could not be verified. Please state your exact cross street, nearby landmark, and house gate color."
AC001390,FIELD_FORCE,2323.4,-2387.1,357.8,STANDARD_PTP,Confirm if premises is located near Near Masjid (pin is a guess near this landmark)
AC001391,FIELD_FORCE,-3966.5,-1075.6,77.4,STANDARD_PTP,
AC001392,FIELD_FORCE,3191.3,-2187.0,47.9,STANDARD_PTP,
AC001393,FIELD_FORCE,2587.5,-2211.9,75.0,STANDARD_PTP,
AC001394,TELE_DIALER,,,3710.3,ADDRESS_VERIFICATION_CAMPAIGN,"Your recorded address could not be verified. Please state your exact cross street, nearby landmark, and house gate color."
AC001395,FIELD_FORCE,3259.5,-1718.5,47.9,STANDARD_PTP,
AC001396,TELE_DIALER,,,3710.3,ADDRESS_VERIFICATION_CAMPAIGN,"Your recorded address could not be verified. Please state your exact cross street, nearby landmark, and house gate color."
AC001397,TELE_DIALER,,,3710.3,ADDRESS_VERIFICATION_CAMPAIGN,"Your recorded address could not be verified. Please state your exact cross street, nearby landmark, and house gate color."
AC001398,FIELD_FORCE,2377.0,-769.6,77.4,STANDARD_PTP,
AC001398,FIELD_FORCE,933.9,299.4,357.8,STANDARD_PTP,Confirm if premises is located near Opposite Post Office (pin is a guess near this landmark)
AC001399,FIELD_FORCE,1016.5,3112.2,47.9,STANDARD_PTP,
AC001400,FIELD_FORCE,979.8,-3196.5,387.8,STANDARD_PTP,Confirm if premises is located near nearby verified landmark
AC001401,FIELD_FORCE,1313.2,320.7,162.1,STANDARD_PTP,Confirm if premises is located near Near Hanuman Temple (about 30 m from pin)
AC001402,FIELD_FORCE,1097.3,2655.1,357.8,STANDARD_PTP,Confirm if premises is located near Near Bus Stop (pin is a guess near this landmark)
AC001403,FIELD_FORCE,873.7,3093.9,47.9,STANDARD_PTP,
AC001404,FIELD_FORCE,3837.1,580.8,387.8,STANDARD_PTP,Confirm if premises is located near Near Bus Stop (about 180 m from pin)
AC001405,TELE_DIALER,,,3710.3,ADDRESS_VERIFICATION_CAMPAIGN,"Your recorded address could not be verified. Please state your exact cross street, nearby landmark, and house gate color."
AC001406,FIELD_FORCE,-2480.5,1024.6,387.8,STANDARD_PTP,Confirm if premises is located near nearby verified landmark
AC001407,TELE_DIALER,,,3710.3,ADDRESS_VERIFICATION_CAMPAIGN,"Your recorded address could not be verified. Please state your exact cross street, nearby landmark, and house gate color."
AC001408,TELE_DIALER,,,3710.3,ADDRESS_VERIFICATION_CAMPAIGN,"Your recorded address could not be verified. Please state your exact cross street, nearby landmark, and house gate color."
AC001409,TELE_DIALER,,,3710.3,ADDRESS_VERIFICATION_CAMPAIGN,"Your recorded address could not be verified. Please state your exact cross street, nearby landmark, and house gate color."
AC001410,TELE_DIALER,,,3710.3,ADDRESS_VERIFICATION_CAMPAIGN,"Your recorded address could not be verified. Please state your exact cross street, nearby landmark, and house gate color."
AC001411,FIELD_FORCE,2477.7,-2429.4,47.9,STANDARD_PTP,
AC001412,FIELD_FORCE,-2686.7,-701.3,387.8,STANDARD_PTP,Confirm if premises is located near nearby verified landmark
AC001413,TELE_DIALER,,,3710.3,ADDRESS_VERIFICATION_CAMPAIGN,"Your recorded address could not be verified. Please state your exact cross street, nearby landmark, and house gate color."
AC001414,FIELD_FORCE,-2477.9,-542.1,357.8,STANDARD_PTP,Confirm if premises is located near Near Masjid (pin is a guess near this landmark)
AC001415,FIELD_FORCE,2844.3,775.5,357.8,STANDARD_PTP,Confirm if premises is located near Opposite Water Tank (pin is a guess near this landmark)
AC001416,FIELD_FORCE,1157.3,-3636.6,357.8,STANDARD_PTP,Confirm if premises is located near Near Water Tank (pin is a guess near this landmark)
AC001417,FIELD_FORCE,2195.7,2226.8,162.1,STANDARD_PTP,Confirm if premises is located near Near Govt School (about 180 m from pin)
AC001418,FIELD_FORCE,1063.5,2914.7,47.9,STANDARD_PTP,
AC001419,FIELD_FORCE,-1609.2,2422.2,162.1,STANDARD_PTP,Confirm if premises is located near Near Masjid (pin is at this landmark)
AC001420,FIELD_FORCE,4121.1,97.2,47.9,STANDARD_PTP,
AC001421,FIELD_FORCE,1534.0,-2417.4,47.9,STANDARD_PTP,
AC001422,TELE_DIALER,,,3710.3,ADDRESS_VERIFICATION_CAMPAIGN,"Your recorded address could not be verified. Please state your exact cross street, nearby landmark, and house gate color."
AC001423,TELE_DIALER,,,3710.3,ADDRESS_VERIFICATION_CAMPAIGN,"Your recorded address could not be verified. Please state your exact cross street, nearby landmark, and house gate color."
AC001424,FIELD_FORCE,-2691.2,1426.5,77.4,STANDARD_PTP,
AC001424,FIELD_FORCE,-1550.8,2318.4,47.9,STANDARD_PTP,
AC001425,TELE_DIALER,,,3710.3,ADDRESS_VERIFICATION_CAMPAIGN,"Your recorded address could not be verified. Please state your exact cross street, nearby landmark, and house gate color."
AC001426,TELE_DIALER,,,3710.3,ADDRESS_VERIFICATION_CAMPAIGN,"Your recorded address could not be verified. Please state your exact cross street, nearby landmark, and house gate color."
AC001427,FIELD_FORCE,731.9,-1039.8,357.8,STANDARD_PTP,Confirm if premises is located near Near Govt School (pin is a guess near this landmark)
AC001427,TELE_DIALER,,,3710.3,ADDRESS_VERIFICATION_CAMPAIGN,"Your recorded address could not be verified. Please state your exact cross street, nearby landmark, and house gate color."
AC001428,FIELD_FORCE,-3668.1,-725.5,77.4,STANDARD_PTP,
AC001429,FIELD_FORCE,-571.8,-9.0,387.8,STANDARD_PTP,Confirm if premises is located near nearby verified landmark
AC001430,FIELD_FORCE,3599.8,26.5,47.9,STANDARD_PTP,
AC001430,TELE_DIALER,,,3710.3,ADDRESS_VERIFICATION_CAMPAIGN,"Your recorded address could not be verified. Please state your exact cross street, nearby landmark, and house gate color."
AC001431,FIELD_FORCE,-2409.2,1149.0,77.4,STANDARD_PTP,
AC001431,TELE_DIALER,,,3710.3,ADDRESS_VERIFICATION_CAMPAIGN,"Your recorded address could not be verified. Please state your exact cross street, nearby landmark, and house gate color."
AC001432,FIELD_FORCE,437.4,2774.0,77.4,STANDARD_PTP,
AC001433,TELE_DIALER,,,3710.3,ADDRESS_VERIFICATION_CAMPAIGN,"Your recorded address could not be verified. Please state your exact cross street, nearby landmark, and house gate color."
AC001434,FIELD_FORCE,905.2,-2844.8,77.4,STANDARD_PTP,
AC001435,FIELD_FORCE,690.4,-3292.4,47.9,STANDARD_PTP,
AC001435,TELE_DIALER,,,3710.3,ADDRESS_VERIFICATION_CAMPAIGN,"Your recorded address could not be verified. Please state your exact cross street, nearby landmark, and house gate color."
AC001436,FIELD_FORCE,875.7,-804.5,47.9,STANDARD_PTP,
AC001437,FIELD_FORCE,2433.1,-1204.8,47.9,STANDARD_PTP,
AC001438,FIELD_FORCE,-1015.7,-302.2,77.4,STANDARD_PTP,
AC001439,FIELD_FORCE,1647.4,-2230.3,47.9,STANDARD_PTP,
AC001440,TELE_DIALER,,,3710.3,ADDRESS_VERIFICATION_CAMPAIGN,"Your recorded address could not be verified. Please state your exact cross street, nearby landmark, and house gate color."
AC001441,TELE_DIALER,,,3710.3,ADDRESS_VERIFICATION_CAMPAIGN,"Your recorded address could not be verified. Please state your exact cross street, nearby landmark, and house gate color."
AC001442,FIELD_FORCE,-2544.4,-605.3,162.1,STANDARD_PTP,Confirm if premises is located near nearby verified landmark
AC001442,FIELD_FORCE,2845.9,-1843.3,162.1,STANDARD_PTP,Confirm if premises is located near nearby verified landmark
AC001443,FIELD_FORCE,-3277.6,1267.1,387.8,STANDARD_PTP,Confirm if premises is located near nearby verified landmark
AC001444,TELE_DIALER,,,3710.3,ADDRESS_VERIFICATION_CAMPAIGN,"Your recorded address could not be verified. Please state your exact cross street, nearby landmark, and house gate color."
AC001445,FIELD_FORCE,-182.5,-3909.3,387.8,STANDARD_PTP,Confirm if premises is located near nearby verified landmark
AC001445,FIELD_FORCE,433.8,1321.1,47.9,STANDARD_PTP,
AC001446,FIELD_FORCE,549.2,-3467.8,77.4,STANDARD_PTP,
AC001447,FIELD_FORCE,2767.0,1295.3,162.1,STANDARD_PTP,Confirm if premises is located near nearby verified landmark
AC001448,FIELD_FORCE,-2223.6,-169.6,387.8,STANDARD_PTP,Confirm if premises is located near nearby verified landmark
AC001449,TELE_DIALER,,,3710.3,ADDRESS_VERIFICATION_CAMPAIGN,"Your recorded address could not be verified. Please state your exact cross street, nearby landmark, and house gate color."
AC001450,TELE_DIALER,,,3710.3,ADDRESS_VERIFICATION_CAMPAIGN,"Your recorded address could not be verified. Please state your exact cross street, nearby landmark, and house gate color."
AC001451,TELE_DIALER,,,3710.3,ADDRESS_VERIFICATION_CAMPAIGN,"Your recorded address could not be verified. Please state your exact cross street, nearby landmark, and house gate color."
AC001451,FIELD_FORCE,-497.8,-2076.0,387.8,STANDARD_PTP,Confirm if premises is located near nearby verified landmark
AC001452,FIELD_FORCE,-600.4,-539.8,357.8,STANDARD_PTP,Confirm if premises is located near Near Post Office (pin is a guess near this landmark)
AC001453,FIELD_FORCE,2883.9,-1878.8,162.1,STANDARD_PTP,Confirm if premises is located near nearby verified landmark
AC001453,FIELD_FORCE,2450.4,1996.0,357.8,STANDARD_PTP,Confirm if premises is located near Near Hanuman Temple (pin is a guess near this landmark)
AC001454,FIELD_FORCE,2488.4,-707.2,75.0,STANDARD_PTP,
AC001455,FIELD_FORCE,-2799.4,893.5,357.8,STANDARD_PTP,Confirm if premises is located near Opposite Post Office (pin is a guess near this landmark)
AC001456,FIELD_FORCE,575.1,-2853.0,47.9,STANDARD_PTP,
AC001457,FIELD_FORCE,3490.8,125.2,387.8,STANDARD_PTP,Confirm if premises is located near nearby verified landmark
AC001458,FIELD_FORCE,688.0,23.7,77.4,STANDARD_PTP,
AC001458,FIELD_FORCE,710.9,-3006.0,47.9,STANDARD_PTP,
AC001459,TELE_DIALER,,,3710.3,ADDRESS_VERIFICATION_CAMPAIGN,"Your recorded address could not be verified. Please state your exact cross street, nearby landmark, and house gate color."
AC001460,TELE_DIALER,,,3710.3,ADDRESS_VERIFICATION_CAMPAIGN,"Your recorded address could not be verified. Please state your exact cross street, nearby landmark, and house gate color."
AC001461,TELE_DIALER,,,3710.3,ADDRESS_VERIFICATION_CAMPAIGN,"Your recorded address could not be verified. Please state your exact cross street, nearby landmark, and house gate color."
AC001462,FIELD_FORCE,3482.0,-2134.5,387.8,STANDARD_PTP,Confirm if premises is located near nearby verified landmark
AC001463,TELE_DIALER,,,3710.3,ADDRESS_VERIFICATION_CAMPAIGN,"Your recorded address could not be verified. Please state your exact cross street, nearby landmark, and house gate color."
AC001464,FIELD_FORCE,-2132.8,-2396.2,75.0,STANDARD_PTP,
AC001465,FIELD_FORCE,1110.4,-484.4,47.9,STANDARD_PTP,
AC001466,FIELD_FORCE,-3127.5,-165.2,387.8,STANDARD_PTP,Confirm if premises is located near nearby verified landmark
AC001467,FIELD_FORCE,-513.7,-242.5,357.8,STANDARD_PTP,Confirm if premises is located near Near Medical Store (pin is a guess near this landmark)
AC001468,TELE_DIALER,,,3710.3,ADDRESS_VERIFICATION_CAMPAIGN,"Your recorded address could not be verified. Please state your exact cross street, nearby landmark, and house gate color."
AC001469,FIELD_FORCE,644.8,-3711.4,357.8,STANDARD_PTP,Confirm if premises is located near Near Ration Shop (pin is a guess near this landmark)
AC001470,FIELD_FORCE,-2608.2,-114.5,77.4,STANDARD_PTP,
AC001470,FIELD_FORCE,-254.4,-3659.9,162.1,STANDARD_PTP,Confirm if premises is located near Opposite Ganesh Temple (about 170 m from pin)
AC001471,TELE_DIALER,,,3710.3,ADDRESS_VERIFICATION_CAMPAIGN,"Your recorded address could not be verified. Please state your exact cross street, nearby landmark, and house gate color."
AC001472,FIELD_FORCE,3016.5,-2614.8,77.4,STANDARD_PTP,
AC001473,FIELD_FORCE,700.6,-2697.6,47.9,STANDARD_PTP,
AC001474,FIELD_FORCE,-3658.0,-785.0,47.9,STANDARD_PTP,
AC001474,TELE_DIALER,,,3710.3,ADDRESS_VERIFICATION_CAMPAIGN,"Your recorded address could not be verified. Please state your exact cross street, nearby landmark, and house gate color."
AC001475,FIELD_FORCE,2382.5,921.3,75.0,STANDARD_PTP,
AC001476,TELE_DIALER,,,3710.3,ADDRESS_VERIFICATION_CAMPAIGN,"Your recorded address could not be verified. Please state your exact cross street, nearby landmark, and house gate color."
AC001477,TELE_DIALER,,,3710.3,ADDRESS_VERIFICATION_CAMPAIGN,"Your recorded address could not be verified. Please state your exact cross street, nearby landmark, and house gate color."
AC001478,TELE_DIALER,,,3710.3,ADDRESS_VERIFICATION_CAMPAIGN,"Your recorded address could not be verified. Please state your exact cross street, nearby landmark, and house gate color."
AC001479,FIELD_FORCE,2919.8,-1638.7,162.1,STANDARD_PTP,Confirm if premises is located near nearby verified landmark
AC001480,FIELD_FORCE,-2501.8,-107.0,162.1,STANDARD_PTP,Confirm if premises is located near Near Govt School (pin is at this landmark)
AC001481,TELE_DIALER,,,3710.3,ADDRESS_VERIFICATION_CAMPAIGN,"Your recorded address could not be verified. Please state your exact cross street, nearby landmark, and house gate color."
AC001481,TELE_DIALER,,,3710.3,ADDRESS_VERIFICATION_CAMPAIGN,"Your recorded address could not be verified. Please state your exact cross street, nearby landmark, and house gate color."
AC001482,TELE_DIALER,,,3710.3,ADDRESS_VERIFICATION_CAMPAIGN,"Your recorded address could not be verified. Please state your exact cross street, nearby landmark, and house gate color."
AC001483,TELE_DIALER,,,3710.3,ADDRESS_VERIFICATION_CAMPAIGN,"Your recorded address could not be verified. Please state your exact cross street, nearby landmark, and house gate color."
AC001483,FIELD_FORCE,-1475.0,-2762.9,162.1,STANDARD_PTP,Confirm if premises is located near Opposite Hanuman Temple (about 70 m from pin)
AC001484,FIELD_FORCE,868.1,985.6,47.9,STANDARD_PTP,
AC001485,FIELD_FORCE,-347.0,-84.0,357.8,STANDARD_PTP,Confirm if premises is located near Opposite Hanuman Temple (pin is a guess near this landmark)
AC001485,FIELD_FORCE,1193.3,-221.1,357.8,STANDARD_PTP,Confirm if premises is located near Near Bus Stop (pin is a guess near this landmark)
AC001486,FIELD_FORCE,-170.1,3207.2,357.8,STANDARD_PTP,Confirm if premises is located near Behind Ration Shop (pin is a guess near this landmark)
AC001487,TELE_DIALER,,,3710.3,ADDRESS_VERIFICATION_CAMPAIGN,"Your recorded address could not be verified. Please state your exact cross street, nearby landmark, and house gate color."
AC001488,FIELD_FORCE,3583.6,624.9,387.8,STANDARD_PTP,Confirm if premises is located near Near Ration Shop (about 80 m from pin)
AC001489,FIELD_FORCE,1014.3,-406.9,357.8,STANDARD_PTP,Confirm if premises is located near Near Masjid (pin is a guess near this landmark)
AC001490,FIELD_FORCE,-827.8,-3726.7,77.4,STANDARD_PTP,
AC001491,FIELD_FORCE,1048.9,3212.1,387.8,STANDARD_PTP,Confirm if premises is located near nearby verified landmark
AC001491,FIELD_FORCE,1388.1,1115.9,357.8,STANDARD_PTP,Confirm if premises is located near Opposite Bus Stop (pin is a guess near this landmark)
AC001492,FIELD_FORCE,-786.5,-3777.6,162.1,STANDARD_PTP,Confirm if premises is located near nearby verified landmark
AC001492,TELE_DIALER,,,3710.3,ADDRESS_VERIFICATION_CAMPAIGN,"Your recorded address could not be verified. Please state your exact cross street, nearby landmark, and house gate color."
AC001493,FIELD_FORCE,1059.7,2409.3,47.9,STANDARD_PTP,
AC001493,FIELD_FORCE,789.2,2761.4,162.1,STANDARD_PTP,Confirm if premises is located near nearby verified landmark
AC001494,FIELD_FORCE,3091.4,236.2,77.4,STANDARD_PTP,
AC001495,FIELD_FORCE,2716.3,-2525.7,162.1,STANDARD_PTP,Confirm if premises is located near nearby verified landmark
AC001496,TELE_DIALER,,,3710.3,ADDRESS_VERIFICATION_CAMPAIGN,"Your recorded address could not be verified. Please state your exact cross street, nearby landmark, and house gate color."
AC001497,FIELD_FORCE,-418.5,-3362.8,162.1,STANDARD_PTP,Confirm if premises is located near Near Park (about 180 m from pin)
AC001498,FIELD_FORCE,3531.8,-2221.6,77.4,STANDARD_PTP,
AC001498,FIELD_FORCE,-3020.8,-690.5,47.9,STANDARD_PTP,
AC001499,FIELD_FORCE,-3155.2,823.8,357.8,STANDARD_PTP,Confirm if premises is located near Near Ganesh Temple (pin is a guess near this landmark)
AC001500,FIELD_FORCE,743.0,3086.7,47.9,STANDARD_PTP,
AC001501,TELE_DIALER,,,3710.3,ADDRESS_VERIFICATION_CAMPAIGN,"Your recorded address could not be verified. Please state your exact cross street, nearby landmark, and house gate color."
AC001502,TELE_DIALER,,,3710.3,ADDRESS_VERIFICATION_CAMPAIGN,"Your recorded address could not be verified. Please state your exact cross street, nearby landmark, and house gate color."
AC001503,TELE_DIALER,,,3710.3,ADDRESS_VERIFICATION_CAMPAIGN,"Your recorded address could not be verified. Please state your exact cross street, nearby landmark, and house gate color."
AC001503,FIELD_FORCE,-46.1,2664.5,75.0,STANDARD_PTP,
AC001504,FIELD_FORCE,-280.8,-278.0,357.8,STANDARD_PTP,Confirm if premises is located near Near Milk Dairy (pin is a guess near this landmark)
AC001505,TELE_DIALER,,,3710.3,ADDRESS_VERIFICATION_CAMPAIGN,"Your recorded address could not be verified. Please state your exact cross street, nearby landmark, and house gate color."
AC001506,FIELD_FORCE,2488.4,-707.2,47.9,STANDARD_PTP,
AC001507,FIELD_FORCE,-3019.0,711.5,387.8,STANDARD_PTP,Confirm if premises is located near Near Ganesh Temple (about 180 m from pin)
AC001508,FIELD_FORCE,-791.9,-718.7,357.8,STANDARD_PTP,Confirm if premises is located near Near Milk Dairy (pin is a guess near this landmark)
AC001509,TELE_DIALER,,,3710.3,ADDRESS_VERIFICATION_CAMPAIGN,"Your recorded address could not be verified. Please state your exact cross street, nearby landmark, and house gate color."
AC001510,TELE_DIALER,,,3710.3,ADDRESS_VERIFICATION_CAMPAIGN,"Your recorded address could not be verified. Please state your exact cross street, nearby landmark, and house gate color."
AC001511,FIELD_FORCE,2907.0,-2465.7,75.0,STANDARD_PTP,
AC001512,FIELD_FORCE,1185.3,-2043.0,357.8,STANDARD_PTP,Confirm if premises is located near Opposite Govt School (pin is a guess near this landmark)
AC001513,TELE_DIALER,,,3710.3,ADDRESS_VERIFICATION_CAMPAIGN,"Your recorded address could not be verified. Please state your exact cross street, nearby landmark, and house gate color."
AC001514,FIELD_FORCE,958.5,2633.9,77.4,STANDARD_PTP,
AC001515,FIELD_FORCE,-328.4,-17.3,162.1,STANDARD_PTP,Confirm if premises is located near nearby verified landmark
AC001516,FIELD_FORCE,1119.1,-1883.1,387.8,STANDARD_PTP,Confirm if premises is located near Near Ration Shop (about 80 m from pin)
AC001516,TELE_DIALER,,,3710.3,ADDRESS_VERIFICATION_CAMPAIGN,"Your recorded address could not be verified. Please state your exact cross street, nearby landmark, and house gate color."
AC001517,FIELD_FORCE,598.9,-3866.6,162.1,STANDARD_PTP,Confirm if premises is located near nearby verified landmark
AC001518,TELE_DIALER,,,3710.3,ADDRESS_VERIFICATION_CAMPAIGN,"Your recorded address could not be verified. Please state your exact cross street, nearby landmark, and house gate color."
AC001519,FIELD_FORCE,3616.5,556.1,357.8,STANDARD_PTP,Confirm if premises is located near Near Ration Shop (pin is a guess near this landmark)
AC001520,FIELD_FORCE,2107.2,-1380.9,162.1,STANDARD_PTP,Confirm if premises is located near Near Hanuman Temple (about 190 m from pin)
AC001521,FIELD_FORCE,2650.5,-2041.7,77.4,STANDARD_PTP,
AC001522,TELE_DIALER,,,3710.3,ADDRESS_VERIFICATION_CAMPAIGN,"Your recorded address could not be verified. Please state your exact cross street, nearby landmark, and house gate color."
AC001523,FIELD_FORCE,1397.2,-1976.3,47.9,STANDARD_PTP,
AC001524,FIELD_FORCE,-311.7,-731.2,387.8,STANDARD_PTP,Confirm if premises is located near nearby verified landmark
AC001525,FIELD_FORCE,3205.8,-1685.6,357.8,STANDARD_PTP,Confirm if premises is located near Near Post Office (pin is a guess near this landmark)
AC001526,FIELD_FORCE,1240.7,1472.2,357.8,STANDARD_PTP,Confirm if premises is located near Near Medical Store (pin is a guess near this landmark)
AC001526,TELE_DIALER,,,3710.3,ADDRESS_VERIFICATION_CAMPAIGN,"Your recorded address could not be verified. Please state your exact cross street, nearby landmark, and house gate color."
AC001527,TELE_DIALER,,,3710.3,ADDRESS_VERIFICATION_CAMPAIGN,"Your recorded address could not be verified. Please state your exact cross street, nearby landmark, and house gate color."
AC001528,FIELD_FORCE,2844.3,775.5,357.8,STANDARD_PTP,Confirm if premises is located near Opposite Water Tank (pin is a guess near this landmark)
AC001529,FIELD_FORCE,-1282.8,-3078.7,77.4,STANDARD_PTP,
AC001530,FIELD_FORCE,-3155.2,823.8,357.8,STANDARD_PTP,Confirm if premises is located near Near Ganesh Temple (pin is a guess near this landmark)
AC001531,FIELD_FORCE,2814.3,-1269.6,387.8,STANDARD_PTP,Confirm if premises is located near nearby verified landmark
AC001532,FIELD_FORCE,698.4,-2849.0,47.9,STANDARD_PTP,
AC001533,FIELD_FORCE,884.2,-405.4,387.8,STANDARD_PTP,Confirm if premises is located near nearby verified landmark
AC001534,FIELD_FORCE,875.6,1283.5,162.1,STANDARD_PTP,Confirm if premises is located near Near Govt School (about 140 m from pin)
AC001535,FIELD_FORCE,3437.0,-1759.5,77.4,STANDARD_PTP,
AC001536,FIELD_FORCE,3714.2,480.5,47.9,STANDARD_PTP,
AC001537,FIELD_FORCE,3061.4,-2536.7,47.9,STANDARD_PTP,
AC001538,TELE_DIALER,,,3710.3,ADDRESS_VERIFICATION_CAMPAIGN,"Your recorded address could not be verified. Please state your exact cross street, nearby landmark, and house gate color."
AC001539,FIELD_FORCE,-2517.5,-485.5,47.9,STANDARD_PTP,
AC001540,TELE_DIALER,,,3710.3,ADDRESS_VERIFICATION_CAMPAIGN,"Your recorded address could not be verified. Please state your exact cross street, nearby landmark, and house gate color."
AC001540,FIELD_FORCE,-933.1,-1915.8,357.8,STANDARD_PTP,Confirm if premises is located near Near Water Tank (pin is a guess near this landmark)
AC001541,FIELD_FORCE,-31.9,-3138.2,357.8,STANDARD_PTP,Confirm if premises is located near Near Medical Store (pin is a guess near this landmark)
AC001541,TELE_DIALER,,,3710.3,ADDRESS_VERIFICATION_CAMPAIGN,"Your recorded address could not be verified. Please state your exact cross street, nearby landmark, and house gate color."
AC001542,TELE_DIALER,,,3710.3,ADDRESS_VERIFICATION_CAMPAIGN,"Your recorded address could not be verified. Please state your exact cross street, nearby landmark, and house gate color."
AC001543,FIELD_FORCE,-1968.0,1774.7,162.1,STANDARD_PTP,Confirm if premises is located near nearby verified landmark
AC001543,TELE_DIALER,,,3710.3,ADDRESS_VERIFICATION_CAMPAIGN,"Your recorded address could not be verified. Please state your exact cross street, nearby landmark, and house gate color."
AC001544,FIELD_FORCE,-2911.8,1541.5,77.4,STANDARD_PTP,
AC001545,FIELD_FORCE,349.9,-3253.1,47.9,STANDARD_PTP,
AC001546,FIELD_FORCE,3049.4,-2157.6,357.8,STANDARD_PTP,Confirm if premises is located near Opposite Ration Shop (pin is a guess near this landmark)
AC001546,FIELD_FORCE,1210.4,-3329.8,77.4,STANDARD_PTP,
AC001547,FIELD_FORCE,3264.6,-2505.3,162.1,STANDARD_PTP,Confirm if premises is located near nearby verified landmark
AC001548,FIELD_FORCE,1016.0,-691.2,387.8,STANDARD_PTP,Confirm if premises is located near nearby verified landmark
AC001549,FIELD_FORCE,1639.8,-1767.4,387.8,STANDARD_PTP,Confirm if premises is located near nearby verified landmark
AC001550,FIELD_FORCE,2722.3,1738.9,162.1,STANDARD_PTP,Confirm if premises is located near nearby verified landmark
AC001551,TELE_DIALER,,,3710.3,ADDRESS_VERIFICATION_CAMPAIGN,"Your recorded address could not be verified. Please state your exact cross street, nearby landmark, and house gate color."
AC001552,FIELD_FORCE,-2847.1,-569.9,357.8,STANDARD_PTP,Confirm if premises is located near Opposite Bus Stop (pin is a guess near this landmark)
AC001552,TELE_DIALER,,,3710.3,ADDRESS_VERIFICATION_CAMPAIGN,"Your recorded address could not be verified. Please state your exact cross street, nearby landmark, and house gate color."
AC001553,TELE_DIALER,,,3710.3,ADDRESS_VERIFICATION_CAMPAIGN,"Your recorded address could not be verified. Please state your exact cross street, nearby landmark, and house gate color."
AC001554,FIELD_FORCE,-1447.2,-2485.2,162.1,STANDARD_PTP,Confirm if premises is located near nearby verified landmark
AC001554,FIELD_FORCE,3226.7,271.9,162.1,STANDARD_PTP,Confirm if premises is located near nearby verified landmark
AC001555,FIELD_FORCE,-102.4,3207.0,77.4,STANDARD_PTP,
AC001556,FIELD_FORCE,1124.9,-2164.7,47.9,STANDARD_PTP,
AC001557,TELE_DIALER,,,3710.3,ADDRESS_VERIFICATION_CAMPAIGN,"Your recorded address could not be verified. Please state your exact cross street, nearby landmark, and house gate color."
AC001558,FIELD_FORCE,-1195.3,-789.6,387.8,STANDARD_PTP,Confirm if premises is located near nearby verified landmark
AC001559,TELE_DIALER,,,3710.3,ADDRESS_VERIFICATION_CAMPAIGN,"Your recorded address could not be verified. Please state your exact cross street, nearby landmark, and house gate color."
AC001560,FIELD_FORCE,-2839.6,995.5,75.0,STANDARD_PTP,
AC001560,FIELD_FORCE,-2558.5,-2177.8,162.1,STANDARD_PTP,Confirm if premises is located near nearby verified landmark
AC001561,FIELD_FORCE,-1418.4,-2700.3,77.4,STANDARD_PTP,
AC001562,FIELD_FORCE,2768.2,-2327.0,47.9,STANDARD_PTP,
AC001563,FIELD_FORCE,970.9,1390.7,357.8,STANDARD_PTP,Confirm if premises is located near Near Govt School (pin is a guess near this landmark)
AC001564,FIELD_FORCE,1144.7,-1961.5,77.4,STANDARD_PTP,
AC001565,FIELD_FORCE,3148.6,-2466.4,77.4,STANDARD_PTP,
AC001566,FIELD_FORCE,-853.4,-708.6,357.8,STANDARD_PTP,Confirm if premises is located near Near Ration Shop (pin is a guess near this landmark)
AC001567,FIELD_FORCE,-2776.4,1751.9,47.9,STANDARD_PTP,
AC001568,TELE_DIALER,,,3710.3,ADDRESS_VERIFICATION_CAMPAIGN,"Your recorded address could not be verified. Please state your exact cross street, nearby landmark, and house gate color."
AC001569,TELE_DIALER,,,3710.3,ADDRESS_VERIFICATION_CAMPAIGN,"Your recorded address could not be verified. Please state your exact cross street, nearby landmark, and house gate color."
AC001570,TELE_DIALER,,,3710.3,ADDRESS_VERIFICATION_CAMPAIGN,"Your recorded address could not be verified. Please state your exact cross street, nearby landmark, and house gate color."
AC001571,FIELD_FORCE,-383.8,-632.5,47.9,STANDARD_PTP,
AC001572,FIELD_FORCE,-643.5,1512.2,357.8,STANDARD_PTP,Confirm if premises is located near Near Petrol Bunk (pin is a guess near this landmark)
AC001573,FIELD_FORCE,2698.2,1455.5,47.9,STANDARD_PTP,
AC001574,FIELD_FORCE,2698.3,1438.9,357.8,STANDARD_PTP,Confirm if premises is located near Near Park (pin is a guess near this landmark)
AC001575,FIELD_FORCE,4043.4,873.3,162.1,STANDARD_PTP,Confirm if premises is located near nearby verified landmark
AC001576,FIELD_FORCE,-2897.4,-529.4,77.4,STANDARD_PTP,
AC001577,FIELD_FORCE,2324.5,-1041.8,387.8,STANDARD_PTP,Confirm if premises is located near Opposite Post Office (about 190 m from pin)
AC001578,TELE_DIALER,,,3710.3,ADDRESS_VERIFICATION_CAMPAIGN,"Your recorded address could not be verified. Please state your exact cross street, nearby landmark, and house gate color."
AC001579,FIELD_FORCE,-1239.1,-2298.0,357.8,STANDARD_PTP,Confirm if premises is located near Near Church (pin is a guess near this landmark)
AC001580,FIELD_FORCE,778.1,-3852.1,357.8,STANDARD_PTP,Confirm if premises is located near Opposite Petrol Bunk (pin is a guess near this landmark)
AC001581,FIELD_FORCE,3038.9,-2449.2,47.9,STANDARD_PTP,
AC001582,FIELD_FORCE,2780.6,-2484.4,77.4,STANDARD_PTP,
AC001583,TELE_DIALER,,,3710.3,ADDRESS_VERIFICATION_CAMPAIGN,"Your recorded address could not be verified. Please state your exact cross street, nearby landmark, and house gate color."
AC001584,TELE_DIALER,,,3710.3,ADDRESS_VERIFICATION_CAMPAIGN,"Your recorded address could not be verified. Please state your exact cross street, nearby landmark, and house gate color."
AC001585,FIELD_FORCE,2921.0,104.9,47.9,STANDARD_PTP,
AC001586,FIELD_FORCE,3234.5,-2187.0,387.8,STANDARD_PTP,Confirm if premises is located near nearby verified landmark
AC001587,FIELD_FORCE,-944.8,-686.1,387.8,STANDARD_PTP,Confirm if premises is located near nearby verified landmark
AC001588,FIELD_FORCE,-1012.0,-3546.4,47.9,STANDARD_PTP,
AC001589,FIELD_FORCE,-2910.2,-36.3,357.8,STANDARD_PTP,Confirm if premises is located near Near Water Tank (pin is a guess near this landmark)
AC001590,TELE_DIALER,,,3710.3,ADDRESS_VERIFICATION_CAMPAIGN,"Your recorded address could not be verified. Please state your exact cross street, nearby landmark, and house gate color."
AC001590,FIELD_FORCE,4015.9,82.8,77.4,STANDARD_PTP,
AC001591,FIELD_FORCE,-868.8,3100.8,357.8,STANDARD_PTP,Confirm if premises is located near Near Milk Dairy (pin is a guess near this landmark)
AC001592,FIELD_FORCE,-278.4,-3857.6,77.4,STANDARD_PTP,
AC001593,FIELD_FORCE,-643.5,1512.2,357.8,STANDARD_PTP,Confirm if premises is located near Near Petrol Bunk (pin is a guess near this landmark)
AC001593,TELE_DIALER,,,3710.3,ADDRESS_VERIFICATION_CAMPAIGN,"Your recorded address could not be verified. Please state your exact cross street, nearby landmark, and house gate color."
AC001594,TELE_DIALER,,,3710.3,ADDRESS_VERIFICATION_CAMPAIGN,"Your recorded address could not be verified. Please state your exact cross street, nearby landmark, and house gate color."
AC001594,FIELD_FORCE,2665.0,509.0,357.8,STANDARD_PTP,Confirm if premises is located near Near Bus Stop (pin is a guess near this landmark)
AC001595,TELE_DIALER,,,3710.3,ADDRESS_VERIFICATION_CAMPAIGN,"Your recorded address could not be verified. Please state your exact cross street, nearby landmark, and house gate color."
AC001596,FIELD_FORCE,1020.1,2902.7,387.8,STANDARD_PTP,Confirm if premises is located near nearby verified landmark
AC001597,FIELD_FORCE,1123.5,-1925.7,75.0,STANDARD_PTP,
AC001598,FIELD_FORCE,760.4,-353.0,47.9,STANDARD_PTP,
AC001599,FIELD_FORCE,796.9,-2981.5,387.8,STANDARD_PTP,Confirm if premises is located near nearby verified landmark
AC001600,FIELD_FORCE,901.9,-88.1,47.9,STANDARD_PTP,
AC001601,FIELD_FORCE,1063.8,-332.3,357.8,STANDARD_PTP,Confirm if premises is located near Near Park (pin is a guess near this landmark)
AC001602,FIELD_FORCE,231.4,-3246.2,47.9,STANDARD_PTP,
AC001603,FIELD_FORCE,2763.3,856.4,162.1,STANDARD_PTP,Confirm if premises is located near Near Ration Shop (about 170 m from pin)
AC001604,FIELD_FORCE,1418.9,-2285.7,47.9,STANDARD_PTP,
AC001605,FIELD_FORCE,970.8,-299.1,75.0,STANDARD_PTP,
AC001606,FIELD_FORCE,-2063.1,1511.4,47.9,STANDARD_PTP,
AC001607,FIELD_FORCE,3835.3,530.0,47.9,STANDARD_PTP,
AC001607,FIELD_FORCE,2322.5,-755.9,387.8,STANDARD_PTP,Confirm if premises is located near nearby verified landmark
AC001608,FIELD_FORCE,3708.7,-2280.2,162.1,STANDARD_PTP,Confirm if premises is located near nearby verified landmark
AC001608,FIELD_FORCE,-639.9,-3367.2,357.8,STANDARD_PTP,Confirm if premises is located near Near Hanuman Temple (pin is a guess near this landmark)
AC001609,FIELD_FORCE,-2333.0,-2349.6,162.1,STANDARD_PTP,Confirm if premises is located near nearby verified landmark
AC001610,FIELD_FORCE,1754.7,-1655.7,47.9,STANDARD_PTP,
AC001611,FIELD_FORCE,1675.5,-2294.5,75.0,STANDARD_PTP,
AC001612,TELE_DIALER,,,3710.3,ADDRESS_VERIFICATION_CAMPAIGN,"Your recorded address could not be verified. Please state your exact cross street, nearby landmark, and house gate color."
AC001612,TELE_DIALER,,,3710.3,ADDRESS_VERIFICATION_CAMPAIGN,"Your recorded address could not be verified. Please state your exact cross street, nearby landmark, and house gate color."
AC001613,FIELD_FORCE,-1959.0,-1971.3,357.8,STANDARD_PTP,Confirm if premises is located near Near Masjid (pin is a guess near this landmark)
AC001613,FIELD_FORCE,581.6,-2919.4,75.0,STANDARD_PTP,
AC001614,FIELD_FORCE,914.7,-1261.8,77.4,STANDARD_PTP,
AC001614,FIELD_FORCE,2953.8,-2431.3,162.1,STANDARD_PTP,Confirm if premises is located near nearby verified landmark
AC001615,FIELD_FORCE,-447.1,-3969.0,387.8,STANDARD_PTP,Confirm if premises is located near nearby verified landmark
AC001616,FIELD_FORCE,3397.4,488.8,162.1,STANDARD_PTP,Confirm if premises is located near nearby verified landmark
AC001616,TELE_DIALER,,,3710.3,ADDRESS_VERIFICATION_CAMPAIGN,"Your recorded address could not be verified. Please state your exact cross street, nearby landmark, and house gate color."
AC001617,TELE_DIALER,,,3710.3,ADDRESS_VERIFICATION_CAMPAIGN,"Your recorded address could not be verified. Please state your exact cross street, nearby landmark, and house gate color."
AC001618,FIELD_FORCE,3049.4,-2157.6,357.8,STANDARD_PTP,Confirm if premises is located near Near Ration Shop (pin is a guess near this landmark)
AC001619,FIELD_FORCE,1027.1,249.4,47.9,STANDARD_PTP,
AC001620,FIELD_FORCE,1210.5,-3079.6,387.8,STANDARD_PTP,Confirm if premises is located near nearby verified landmark
AC001621,FIELD_FORCE,1770.5,-2196.9,47.9,STANDARD_PTP,
AC001622,TELE_DIALER,,,3710.3,ADDRESS_VERIFICATION_CAMPAIGN,"Your recorded address could not be verified. Please state your exact cross street, nearby landmark, and house gate color."
AC001623,FIELD_FORCE,-2110.2,1617.4,357.8,STANDARD_PTP,Confirm if premises is located near Near Ganesh Temple (pin is a guess near this landmark)
AC001624,FIELD_FORCE,-3980.3,-682.1,162.1,STANDARD_PTP,Confirm if premises is located near Opposite Community Hall (about 120 m from pin)
AC001625,FIELD_FORCE,3583.3,625.4,47.9,STANDARD_PTP,
AC001626,FIELD_FORCE,1092.3,-419.8,357.8,STANDARD_PTP,Confirm if premises is located near Near Hanuman Temple (pin is a guess near this landmark)
AC001627,FIELD_FORCE,-3990.5,-1086.5,357.8,STANDARD_PTP,Confirm if premises is located near Opposite Hanuman Temple (pin is a guess near this landmark)
AC001627,TELE_DIALER,,,3710.3,ADDRESS_VERIFICATION_CAMPAIGN,"Your recorded address could not be verified. Please state your exact cross street, nearby landmark, and house gate color."
AC001628,TELE_DIALER,,,3710.3,ADDRESS_VERIFICATION_CAMPAIGN,"Your recorded address could not be verified. Please state your exact cross street, nearby landmark, and house gate color."
AC001628,FIELD_FORCE,-546.4,3243.0,162.1,STANDARD_PTP,Confirm if premises is located near nearby verified landmark
AC001629,FIELD_FORCE,2954.4,-1811.8,47.9,STANDARD_PTP,
AC001630,FIELD_FORCE,303.0,-2743.6,47.9,STANDARD_PTP,
AC001631,FIELD_FORCE,2843.8,757.1,357.8,STANDARD_PTP,Confirm if premises is located near Opposite Ration Shop (pin is a guess near this landmark)
AC001632,FIELD_FORCE,2908.5,940.9,357.8,STANDARD_PTP,Confirm if premises is located near Near Ration Shop (pin is a guess near this landmark)
AC001632,FIELD_FORCE,2441.1,-1253.6,357.8,STANDARD_PTP,Confirm if premises is located near Near Govt School (pin is a guess near this landmark)
AC001633,FIELD_FORCE,-880.5,-1288.3,357.8,STANDARD_PTP,Confirm if premises is located near Near Ration Shop (pin is a guess near this landmark)
AC001634,FIELD_FORCE,2269.6,-2415.7,47.9,STANDARD_PTP,
AC001635,FIELD_FORCE,1998.4,-1381.6,47.9,STANDARD_PTP,
AC001636,FIELD_FORCE,3078.2,-1255.0,47.9,STANDARD_PTP,
AC001637,FIELD_FORCE,-362.4,3285.0,387.8,STANDARD_PTP,Confirm if premises is located near Near Hanuman Temple (about 200 m from pin)
AC001638,FIELD_FORCE,740.2,-3077.2,357.8,STANDARD_PTP,Confirm if premises is located near Near Community Hall (pin is a guess near this landmark)
AC001639,FIELD_FORCE,-1031.2,-536.6,357.8,STANDARD_PTP,Confirm if premises is located near Near Govt School (pin is a guess near this landmark)
AC001639,FIELD_FORCE,-460.7,-3589.7,357.8,STANDARD_PTP,Confirm if premises is located near Near Masjid (pin is a guess near this landmark)
AC001640,FIELD_FORCE,834.0,-3139.7,47.9,STANDARD_PTP,
AC001641,FIELD_FORCE,1922.2,1715.5,357.8,STANDARD_PTP,Confirm if premises is located near Near Masjid (pin is a guess near this landmark)
AC001642,FIELD_FORCE,1722.9,-2340.4,357.8,STANDARD_PTP,Confirm if premises is located near Near Medical Store (pin is a guess near this landmark)
AC001643,TELE_DIALER,,,3710.3,ADDRESS_VERIFICATION_CAMPAIGN,"Your recorded address could not be verified. Please state your exact cross street, nearby landmark, and house gate color."
AC001643,FIELD_FORCE,721.1,2768.6,77.4,STANDARD_PTP,
AC001644,TELE_DIALER,,,3710.3,ADDRESS_VERIFICATION_CAMPAIGN,"Your recorded address could not be verified. Please state your exact cross street, nearby landmark, and house gate color."
AC001645,TELE_DIALER,,,3710.3,ADDRESS_VERIFICATION_CAMPAIGN,"Your recorded address could not be verified. Please state your exact cross street, nearby landmark, and house gate color."
AC001646,FIELD_FORCE,1130.4,550.9,387.8,STANDARD_PTP,Confirm if premises is located near nearby verified landmark
AC001647,FIELD_FORCE,2369.6,-2293.4,47.9,STANDARD_PTP,
AC001647,FIELD_FORCE,1234.4,-247.1,77.4,STANDARD_PTP,
AC001648,FIELD_FORCE,2245.3,-1539.3,47.9,STANDARD_PTP,
AC001648,FIELD_FORCE,2471.8,2057.0,357.8,STANDARD_PTP,Confirm if premises is located near Near Medical Store (pin is a guess near this landmark)
AC001649,FIELD_FORCE,-2660.8,1186.8,162.1,STANDARD_PTP,Confirm if premises is located near Near Bus Stop (about 60 m from pin)
AC001649,FIELD_FORCE,1020.8,-299.1,77.4,STANDARD_PTP,
AC001650,FIELD_FORCE,-181.6,3389.2,162.1,STANDARD_PTP,Confirm if premises is located near nearby verified landmark
AC001651,FIELD_FORCE,-1525.0,-2454.1,47.9,STANDARD_PTP,
AC001651,FIELD_FORCE,2335.2,1476.5,357.8,STANDARD_PTP,Confirm if premises is located near Opposite Ration Shop (pin is a guess near this landmark)
AC001652,FIELD_FORCE,-1348.5,407.7,162.1,STANDARD_PTP,Confirm if premises is located near Opposite Petrol Bunk (about 90 m from pin)
AC001653,FIELD_FORCE,3128.4,-1901.5,47.9,STANDARD_PTP,
AC001654,FIELD_FORCE,1365.9,-882.5,357.8,STANDARD_PTP,Confirm if premises is located near Near Medical Store (pin is a guess near this landmark)
AC001655,FIELD_FORCE,1841.0,-2206.8,387.8,STANDARD_PTP,Confirm if premises is located near nearby verified landmark
AC001656,FIELD_FORCE,3740.6,563.2,387.8,STANDARD_PTP,Confirm if premises is located near Near Bus Stop (about 160 m from pin)
AC001656,FIELD_FORCE,-3788.8,-727.0,387.8,STANDARD_PTP,Confirm if premises is located near nearby verified landmark
AC001657,FIELD_FORCE,947.8,-124.7,47.9,STANDARD_PTP,
AC001657,FIELD_FORCE,-1788.7,-2733.6,77.4,STANDARD_PTP,
AC001658,FIELD_FORCE,-849.4,-3171.0,47.9,STANDARD_PTP,
AC001659,FIELD_FORCE,-2613.4,1348.1,387.8,STANDARD_PTP,Confirm if premises is located near nearby verified landmark
AC001660,TELE_DIALER,,,3710.3,ADDRESS_VERIFICATION_CAMPAIGN,"Your recorded address could not be verified. Please state your exact cross street, nearby landmark, and house gate color."
AC001660,TELE_DIALER,,,3710.3,ADDRESS_VERIFICATION_CAMPAIGN,"Your recorded address could not be verified. Please state your exact cross street, nearby landmark, and house gate color."
AC001661,FIELD_FORCE,-1437.6,13.0,162.1,STANDARD_PTP,Confirm if premises is located near Near Medical Store (about 160 m from pin)
AC001662,TELE_DIALER,,,3710.3,ADDRESS_VERIFICATION_CAMPAIGN,"Your recorded address could not be verified. Please state your exact cross street, nearby landmark, and house gate color."
AC001663,FIELD_FORCE,1112.0,1330.1,162.1,STANDARD_PTP,Confirm if premises is located near nearby verified landmark
AC001664,FIELD_FORCE,4005.7,543.9,47.9,STANDARD_PTP,
AC001665,FIELD_FORCE,1169.7,-3104.3,77.4,STANDARD_PTP,
AC001665,TELE_DIALER,,,3710.3,ADDRESS_VERIFICATION_CAMPAIGN,"Your recorded address could not be verified. Please state your exact cross street, nearby landmark, and house gate color."
AC001666,FIELD_FORCE,3441.6,-1748.8,387.8,STANDARD_PTP,Confirm if premises is located near nearby verified landmark
AC001667,FIELD_FORCE,755.8,-2686.3,47.9,STANDARD_PTP,
AC001668,FIELD_FORCE,-2378.1,1427.1,357.8,STANDARD_PTP,Confirm if premises is located near Near Masjid (pin is a guess near this landmark)
AC001669,FIELD_FORCE,581.3,-760.1,387.8,STANDARD_PTP,Confirm if premises is located near nearby verified landmark
AC001670,TELE_DIALER,,,3710.3,ADDRESS_VERIFICATION_CAMPAIGN,"Your recorded address could not be verified. Please state your exact cross street, nearby landmark, and house gate color."
AC001671,FIELD_FORCE,-506.7,2816.1,357.8,STANDARD_PTP,Confirm if premises is located near Near Ganesh Temple (pin is a guess near this landmark)
AC001671,TELE_DIALER,,,3710.3,ADDRESS_VERIFICATION_CAMPAIGN,"Your recorded address could not be verified. Please state your exact cross street, nearby landmark, and house gate color."
AC001672,FIELD_FORCE,2099.7,-777.9,77.4,STANDARD_PTP,
AC001673,TELE_DIALER,,,3710.3,ADDRESS_VERIFICATION_CAMPAIGN,"Your recorded address could not be verified. Please state your exact cross street, nearby landmark, and house gate color."
AC001674,TELE_DIALER,,,3710.3,ADDRESS_VERIFICATION_CAMPAIGN,"Your recorded address could not be verified. Please state your exact cross street, nearby landmark, and house gate color."
AC001675,FIELD_FORCE,-210.7,-3918.0,77.4,STANDARD_PTP,
AC001675,TELE_DIALER,,,3710.3,ADDRESS_VERIFICATION_CAMPAIGN,"Your recorded address could not be verified. Please state your exact cross street, nearby landmark, and house gate color."
AC001676,FIELD_FORCE,-973.3,3029.0,47.9,STANDARD_PTP,
AC001677,TELE_DIALER,,,3710.3,ADDRESS_VERIFICATION_CAMPAIGN,"Your recorded address could not be verified. Please state your exact cross street, nearby landmark, and house gate color."
AC001678,FIELD_FORCE,1039.7,-165.6,162.1,STANDARD_PTP,Confirm if premises is located near nearby verified landmark
AC001678,FIELD_FORCE,2739.7,-2130.3,357.8,STANDARD_PTP,Confirm if premises is located near Near Park (pin is a guess near this landmark)
AC001679,FIELD_FORCE,432.8,-3472.2,387.8,STANDARD_PTP,Confirm if premises is located near nearby verified landmark
AC001680,FIELD_FORCE,1097.3,2655.1,357.8,STANDARD_PTP,Confirm if premises is located near Opposite Bus Stop (pin is a guess near this landmark)
AC001681,FIELD_FORCE,3051.1,-2317.6,357.8,STANDARD_PTP,Confirm if premises is located near Near Milk Dairy (pin is a guess near this landmark)
AC001681,TELE_DIALER,,,3710.3,ADDRESS_VERIFICATION_CAMPAIGN,"Your recorded address could not be verified. Please state your exact cross street, nearby landmark, and house gate color."
AC001682,FIELD_FORCE,889.8,-778.8,75.0,STANDARD_PTP,
AC001683,FIELD_FORCE,772.0,2472.5,47.9,STANDARD_PTP,
AC001683,TELE_DIALER,,,3710.3,ADDRESS_VERIFICATION_CAMPAIGN,"Your recorded address could not be verified. Please state your exact cross street, nearby landmark, and house gate color."
AC001684,FIELD_FORCE,2965.5,-2420.3,77.4,STANDARD_PTP,
AC001685,TELE_DIALER,,,3710.3,ADDRESS_VERIFICATION_CAMPAIGN,"Your recorded address could not be verified. Please state your exact cross street, nearby landmark, and house gate color."
AC001685,FIELD_FORCE,792.6,-2762.4,77.4,STANDARD_PTP,
AC001686,FIELD_FORCE,-2718.4,168.2,387.8,STANDARD_PTP,Confirm if premises is located near nearby verified landmark
AC001687,FIELD_FORCE,2870.3,-2346.1,357.8,STANDARD_PTP,Confirm if premises is located near Near Hanuman Temple (pin is a guess near this landmark)
AC001688,TELE_DIALER,,,3710.3,ADDRESS_VERIFICATION_CAMPAIGN,"Your recorded address could not be verified. Please state your exact cross street, nearby landmark, and house gate color."
AC001688,FIELD_FORCE,-2068.5,-2466.1,77.4,STANDARD_PTP,
AC001689,FIELD_FORCE,-2369.7,1821.9,75.0,STANDARD_PTP,
AC001690,TELE_DIALER,,,3710.3,ADDRESS_VERIFICATION_CAMPAIGN,"Your recorded address could not be verified. Please state your exact cross street, nearby landmark, and house gate color."
AC001691,FIELD_FORCE,-4061.5,-883.0,162.1,STANDARD_PTP,Confirm if premises is located near nearby verified landmark
AC001692,FIELD_FORCE,-206.4,-3286.1,387.8,STANDARD_PTP,Confirm if premises is located near nearby verified landmark
AC001693,FIELD_FORCE,378.0,-3003.1,77.4,STANDARD_PTP,
AC001694,TELE_DIALER,,,3710.3,ADDRESS_VERIFICATION_CAMPAIGN,"Your recorded address could not be verified. Please state your exact cross street, nearby landmark, and house gate color."
AC001694,TELE_DIALER,,,3710.3,ADDRESS_VERIFICATION_CAMPAIGN,"Your recorded address could not be verified. Please state your exact cross street, nearby landmark, and house gate color."
AC001695,TELE_DIALER,,,3710.3,ADDRESS_VERIFICATION_CAMPAIGN,"Your recorded address could not be verified. Please state your exact cross street, nearby landmark, and house gate color."
AC001696,FIELD_FORCE,1440.8,-1984.6,357.8,STANDARD_PTP,Confirm if premises is located near Near Church (pin is a guess near this landmark)
AC001697,FIELD_FORCE,1720.8,-1749.8,47.9,STANDARD_PTP,
AC001698,TELE_DIALER,,,3710.3,ADDRESS_VERIFICATION_CAMPAIGN,"Your recorded address could not be verified. Please state your exact cross street, nearby landmark, and house gate color."
AC001699,FIELD_FORCE,209.9,2274.6,387.8,STANDARD_PTP,Confirm if premises is located near nearby verified landmark
AC001700,FIELD_FORCE,812.2,-240.4,75.0,STANDARD_PTP,
AC001701,FIELD_FORCE,2749.9,-2528.7,162.1,STANDARD_PTP,Confirm if premises is located near nearby verified landmark
AC001701,TELE_DIALER,,,3710.3,ADDRESS_VERIFICATION_CAMPAIGN,"Your recorded address could not be verified. Please state your exact cross street, nearby landmark, and house gate color."
AC001702,FIELD_FORCE,2825.4,497.5,162.1,STANDARD_PTP,Confirm if premises is located near nearby verified landmark
AC001702,FIELD_FORCE,-301.2,792.9,357.8,STANDARD_PTP,Confirm if premises is located near Near Ganesh Temple (pin is a guess near this landmark)
AC001703,FIELD_FORCE,-2018.6,-2173.4,357.8,STANDARD_PTP,Confirm if premises is located near Near Bus Stop (pin is a guess near this landmark)
AC001704,FIELD_FORCE,658.2,-1125.8,357.8,STANDARD_PTP,Confirm if premises is located near Near Ration Shop (pin is a guess near this landmark)
AC001704,TELE_DIALER,,,3710.3,ADDRESS_VERIFICATION_CAMPAIGN,"Your recorded address could not be verified. Please state your exact cross street, nearby landmark, and house gate color."
AC001705,FIELD_FORCE,1038.8,2918.5,47.9,STANDARD_PTP,
AC001706,TELE_DIALER,,,3710.3,ADDRESS_VERIFICATION_CAMPAIGN,"Your recorded address could not be verified. Please state your exact cross street, nearby landmark, and house gate color."
AC001707,FIELD_FORCE,-63.2,-3841.6,47.9,STANDARD_PTP,
AC001708,FIELD_FORCE,1646.0,-1602.1,47.9,STANDARD_PTP,
AC001709,TELE_DIALER,,,3710.3,ADDRESS_VERIFICATION_CAMPAIGN,"Your recorded address could not be verified. Please state your exact cross street, nearby landmark, and house gate color."
AC001710,FIELD_FORCE,-1550.8,649.1,357.8,STANDARD_PTP,Confirm if premises is located near Near Hanuman Temple (pin is a guess near this landmark)
AC001711,FIELD_FORCE,2843.6,617.2,47.9,STANDARD_PTP,
AC001712,FIELD_FORCE,778.1,-3852.1,357.8,STANDARD_PTP,Confirm if premises is located near Near Petrol Bunk (pin is a guess near this landmark)
AC001713,TELE_DIALER,,,3710.3,ADDRESS_VERIFICATION_CAMPAIGN,"Your recorded address could not be verified. Please state your exact cross street, nearby landmark, and house gate color."
AC001714,FIELD_FORCE,2823.6,124.9,162.1,STANDARD_PTP,Confirm if premises is located near nearby verified landmark
AC001715,FIELD_FORCE,-872.7,-3090.2,47.9,STANDARD_PTP,
AC001716,FIELD_FORCE,1032.5,2575.2,77.4,STANDARD_PTP,
AC001717,FIELD_FORCE,-718.2,2965.1,77.4,STANDARD_PTP,
AC001718,FIELD_FORCE,2627.8,962.2,357.8,STANDARD_PTP,Confirm if premises is located near Near Masjid (pin is a guess near this landmark)
AC001719,FIELD_FORCE,783.6,-216.0,75.0,STANDARD_PTP,
AC001719,FIELD_FORCE,1268.8,49.0,357.8,STANDARD_PTP,Confirm if premises is located near Near Govt School (pin is a guess near this landmark)
AC001720,FIELD_FORCE,1643.9,-1857.5,77.4,STANDARD_PTP,
AC001720,FIELD_FORCE,-933.4,-616.7,47.9,STANDARD_PTP,
AC001721,TELE_DIALER,,,3710.3,ADDRESS_VERIFICATION_CAMPAIGN,"Your recorded address could not be verified. Please state your exact cross street, nearby landmark, and house gate color."
AC001722,TELE_DIALER,,,3710.3,ADDRESS_VERIFICATION_CAMPAIGN,"Your recorded address could not be verified. Please state your exact cross street, nearby landmark, and house gate color."
AC001723,FIELD_FORCE,-720.2,2971.9,357.8,STANDARD_PTP,Confirm if premises is located near Near Church (pin is a guess near this landmark)
AC001724,FIELD_FORCE,-2343.3,1313.3,77.4,STANDARD_PTP,
AC001725,FIELD_FORCE,3395.4,-1819.6,47.9,STANDARD_PTP,
AC001726,FIELD_FORCE,2630.5,1450.1,77.4,STANDARD_PTP,
AC001726,FIELD_FORCE,-680.3,-3144.9,162.1,STANDARD_PTP,Confirm if premises is located near nearby verified landmark
AC001727,FIELD_FORCE,-2562.6,-528.6,47.9,STANDARD_PTP,
AC001728,FIELD_FORCE,-388.2,-3438.6,387.8,STANDARD_PTP,Confirm if premises is located near nearby verified landmark
AC001729,FIELD_FORCE,3288.7,1083.5,162.1,STANDARD_PTP,Confirm if premises is located near nearby verified landmark
AC001730,TELE_DIALER,,,3710.3,ADDRESS_VERIFICATION_CAMPAIGN,"Your recorded address could not be verified. Please state your exact cross street, nearby landmark, and house gate color."
AC001731,FIELD_FORCE,1631.4,-2384.3,77.4,STANDARD_PTP,
AC001732,FIELD_FORCE,-3425.3,1304.2,357.8,STANDARD_PTP,Confirm if premises is located near Near Masjid (pin is a guess near this landmark)
AC001733,TELE_DIALER,,,3710.3,ADDRESS_VERIFICATION_CAMPAIGN,"Your recorded address could not be verified. Please state your exact cross street, nearby landmark, and house gate color."
AC001733,FIELD_FORCE,1147.2,-3038.0,77.4,STANDARD_PTP,
AC001734,FIELD_FORCE,-144.9,-1105.9,162.1,STANDARD_PTP,Confirm if premises is located near nearby verified landmark
AC001735,TELE_DIALER,,,3710.3,ADDRESS_VERIFICATION_CAMPAIGN,"Your recorded address could not be verified. Please state your exact cross street, nearby landmark, and house gate color."
AC001735,FIELD_FORCE,-1872.5,-2486.2,357.8,STANDARD_PTP,Confirm if premises is located near Near Ration Shop (pin is a guess near this landmark)
AC001736,FIELD_FORCE,1237.6,-1849.9,387.8,STANDARD_PTP,Confirm if premises is located near nearby verified landmark
AC001737,FIELD_FORCE,2790.9,-1922.9,47.9,STANDARD_PTP,
AC001738,FIELD_FORCE,2449.9,-2337.2,47.9,STANDARD_PTP,
AC001739,FIELD_FORCE,2667.2,-1768.6,47.9,STANDARD_PTP,
AC001740,TELE_DIALER,,,3710.3,ADDRESS_VERIFICATION_CAMPAIGN,"Your recorded address could not be verified. Please state your exact cross street, nearby landmark, and house gate color."
AC001741,TELE_DIALER,,,3710.3,ADDRESS_VERIFICATION_CAMPAIGN,"Your recorded address could not be verified. Please state your exact cross street, nearby landmark, and house gate color."
AC001742,FIELD_FORCE,-1857.7,-2547.8,357.8,STANDARD_PTP,Confirm if premises is located near Opposite Ration Shop (pin is a guess near this landmark)
AC001743,FIELD_FORCE,-4170.2,-1068.4,47.9,STANDARD_PTP,
AC001744,FIELD_FORCE,-2921.0,-596.2,47.9,STANDARD_PTP,
AC001745,FIELD_FORCE,-2321.2,-429.3,47.9,STANDARD_PTP,
AC001746,FIELD_FORCE,-443.9,-296.8,47.9,STANDARD_PTP,
AC001747,TELE_DIALER,,,3710.3,ADDRESS_VERIFICATION_CAMPAIGN,"Your recorded address could not be verified. Please state your exact cross street, nearby landmark, and house gate color."
AC001748,FIELD_FORCE,-2018.6,-2173.4,357.8,STANDARD_PTP,Confirm if premises is located near Near Bus Stop (pin is a guess near this landmark)
AC001748,FIELD_FORCE,191.8,2753.6,77.4,STANDARD_PTP,
AC001749,FIELD_FORCE,1102.4,-945.3,162.1,STANDARD_PTP,Confirm if premises is located near nearby verified landmark
AC001750,TELE_DIALER,,,3710.3,ADDRESS_VERIFICATION_CAMPAIGN,"Your recorded address could not be verified. Please state your exact cross street, nearby landmark, and house gate color."
AC001751,FIELD_FORCE,1604.3,-1239.8,77.4,STANDARD_PTP,
AC001752,FIELD_FORCE,2678.3,244.1,47.9,STANDARD_PTP,
AC001753,FIELD_FORCE,2644.2,-1668.2,387.8,STANDARD_PTP,Confirm if premises is located near Near Ration Shop (about 140 m from pin)
AC001754,FIELD_FORCE,1686.4,-2440.2,77.4,STANDARD_PTP,
AC001755,FIELD_FORCE,948.0,2160.9,387.8,STANDARD_PTP,Confirm if premises is located near nearby verified landmark
AC001756,FIELD_FORCE,356.0,-3098.1,77.4,STANDARD_PTP,
AC001756,TELE_DIALER,,,3710.3,ADDRESS_VERIFICATION_CAMPAIGN,"Your recorded address could not be verified. Please state your exact cross street, nearby landmark, and house gate color."
AC001757,FIELD_FORCE,732.6,2936.6,75.0,STANDARD_PTP,
AC001758,TELE_DIALER,,,3710.3,ADDRESS_VERIFICATION_CAMPAIGN,"Your recorded address could not be verified. Please state your exact cross street, nearby landmark, and house gate color."
AC001759,FIELD_FORCE,581.6,-2919.4,47.9,STANDARD_PTP,
AC001760,FIELD_FORCE,1736.4,-2440.2,75.0,STANDARD_PTP,
AC001761,FIELD_FORCE,2665.0,509.0,357.8,STANDARD_PTP,Confirm if premises is located near Near Bus Stop (pin is a guess near this landmark)
AC001761,FIELD_FORCE,2577.3,-1320.1,357.8,STANDARD_PTP,Confirm if premises is located near Near Water Tank (pin is a guess near this landmark)
AC001762,FIELD_FORCE,637.8,-2832.5,162.1,STANDARD_PTP,Confirm if premises is located near Near Medical Store (about 200 m from pin)
AC001762,FIELD_FORCE,1097.3,2655.1,357.8,STANDARD_PTP,Confirm if premises is located near Near Bus Stop (pin is a guess near this landmark)
AC001763,TELE_DIALER,,,3710.3,ADDRESS_VERIFICATION_CAMPAIGN,"Your recorded address could not be verified. Please state your exact cross street, nearby landmark, and house gate color."
AC001764,FIELD_FORCE,1924.7,-2094.1,47.9,STANDARD_PTP,
AC001764,TELE_DIALER,,,3710.3,ADDRESS_VERIFICATION_CAMPAIGN,"Your recorded address could not be verified. Please state your exact cross street, nearby landmark, and house gate color."
AC001765,FIELD_FORCE,-649.6,-1534.5,162.1,STANDARD_PTP,Confirm if premises is located near nearby verified landmark
AC001765,FIELD_FORCE,677.7,-2777.8,357.8,STANDARD_PTP,Confirm if premises is located near Near Ration Shop (pin is a guess near this landmark)
AC001766,FIELD_FORCE,-2600.4,997.2,47.9,STANDARD_PTP,
AC001767,TELE_DIALER,,,3710.3,ADDRESS_VERIFICATION_CAMPAIGN,"Your recorded address could not be verified. Please state your exact cross street, nearby landmark, and house gate color."
AC001767,TELE_DIALER,,,3710.3,ADDRESS_VERIFICATION_CAMPAIGN,"Your recorded address could not be verified. Please state your exact cross street, nearby landmark, and house gate color."
AC001768,FIELD_FORCE,679.6,-22.7,77.4,STANDARD_PTP,
AC001769,TELE_DIALER,,,3710.3,ADDRESS_VERIFICATION_CAMPAIGN,"Your recorded address could not be verified. Please state your exact cross street, nearby landmark, and house gate color."
AC001770,FIELD_FORCE,1656.5,-1998.2,47.9,STANDARD_PTP,
AC001771,TELE_DIALER,,,3710.3,ADDRESS_VERIFICATION_CAMPAIGN,"Your recorded address could not be verified. Please state your exact cross street, nearby landmark, and house gate color."
AC001772,FIELD_FORCE,-1550.8,649.1,357.8,STANDARD_PTP,Confirm if premises is located near Near Hanuman Temple (pin is a guess near this landmark)
AC001773,FIELD_FORCE,-1732.7,-3234.4,162.1,STANDARD_PTP,Confirm if premises is located near nearby verified landmark
AC001774,FIELD_FORCE,-3455.1,-861.2,162.1,STANDARD_PTP,Confirm if premises is located near nearby verified landmark
AC001774,FIELD_FORCE,-786.4,-991.7,77.4,STANDARD_PTP,
AC001775,FIELD_FORCE,1173.1,-1885.2,47.9,STANDARD_PTP,
AC001776,TELE_DIALER,,,3710.3,ADDRESS_VERIFICATION_CAMPAIGN,"Your recorded address could not be verified. Please state your exact cross street, nearby landmark, and house gate color."
AC001777,TELE_DIALER,,,3710.3,ADDRESS_VERIFICATION_CAMPAIGN,"Your recorded address could not be verified. Please state your exact cross street, nearby landmark, and house gate color."
AC001778,FIELD_FORCE,1982.8,-1241.6,357.8,STANDARD_PTP,Confirm if premises is located near Near Hanuman Temple (pin is a guess near this landmark)
AC001779,FIELD_FORCE,2956.0,-2053.0,77.4,STANDARD_PTP,
AC001780,FIELD_FORCE,941.2,2305.4,47.9,STANDARD_PTP,
AC001781,TELE_DIALER,,,3710.3,ADDRESS_VERIFICATION_CAMPAIGN,"Your recorded address could not be verified. Please state your exact cross street, nearby landmark, and house gate color."
AC001782,TELE_DIALER,,,3710.3,ADDRESS_VERIFICATION_CAMPAIGN,"Your recorded address could not be verified. Please state your exact cross street, nearby landmark, and house gate color."
AC001783,FIELD_FORCE,1119.9,2528.2,77.4,STANDARD_PTP,
AC001784,TELE_DIALER,,,3710.3,ADDRESS_VERIFICATION_CAMPAIGN,"Your recorded address could not be verified. Please state your exact cross street, nearby landmark, and house gate color."
AC001785,TELE_DIALER,,,3710.3,ADDRESS_VERIFICATION_CAMPAIGN,"Your recorded address could not be verified. Please state your exact cross street, nearby landmark, and house gate color."
AC001786,FIELD_FORCE,2198.1,936.3,77.4,STANDARD_PTP,
AC001787,FIELD_FORCE,2791.9,-2003.3,47.9,STANDARD_PTP,
AC001788,FIELD_FORCE,2479.7,-2359.1,47.9,STANDARD_PTP,
AC001789,FIELD_FORCE,2931.5,-2465.2,387.8,STANDARD_PTP,Confirm if premises is located near Near Hanuman Temple (about 130 m from pin)
AC001790,FIELD_FORCE,2335.0,-780.8,77.4,STANDARD_PTP,
AC001791,FIELD_FORCE,2295.8,713.3,357.8,STANDARD_PTP,Confirm if premises is located near Near Post Office (pin is a guess near this landmark)
AC001792,TELE_DIALER,,,3710.3,ADDRESS_VERIFICATION_CAMPAIGN,"Your recorded address could not be verified. Please state your exact cross street, nearby landmark, and house gate color."
AC001793,FIELD_FORCE,1063.8,-332.3,357.8,STANDARD_PTP,Confirm if premises is located near Near Park (pin is a guess near this landmark)
AC001794,TELE_DIALER,,,3710.3,ADDRESS_VERIFICATION_CAMPAIGN,"Your recorded address could not be verified. Please state your exact cross street, nearby landmark, and house gate color."
AC001794,FIELD_FORCE,303.0,2703.0,357.8,STANDARD_PTP,Confirm if premises is located near Near Church (pin is a guess near this landmark)
AC001795,TELE_DIALER,,,3710.3,ADDRESS_VERIFICATION_CAMPAIGN,"Your recorded address could not be verified. Please state your exact cross street, nearby landmark, and house gate color."
AC001796,FIELD_FORCE,-2383.7,-2020.9,47.9,STANDARD_PTP,
AC001797,FIELD_FORCE,-73.6,894.1,162.1,STANDARD_PTP,Confirm if premises is located near nearby verified landmark
AC001798,TELE_DIALER,,,3710.3,ADDRESS_VERIFICATION_CAMPAIGN,"Your recorded address could not be verified. Please state your exact cross street, nearby landmark, and house gate color."
AC001799,FIELD_FORCE,3390.2,-1727.9,387.8,STANDARD_PTP,Confirm if premises is located near nearby verified landmark
AC001800,FIELD_FORCE,1097.3,2655.1,357.8,STANDARD_PTP,Confirm if premises is located near Near Bus Stop (pin is a guess near this landmark)
AC001801,TELE_DIALER,,,3710.3,ADDRESS_VERIFICATION_CAMPAIGN,"Your recorded address could not be verified. Please state your exact cross street, nearby landmark, and house gate color."
AC001801,FIELD_FORCE,-1698.8,-2329.8,357.8,STANDARD_PTP,Confirm if premises is located near Opposite Masjid (pin is a guess near this landmark)
AC001802,TELE_DIALER,,,3710.3,ADDRESS_VERIFICATION_CAMPAIGN,"Your recorded address could not be verified. Please state your exact cross street, nearby landmark, and house gate color."
AC001803,TELE_DIALER,,,3710.3,ADDRESS_VERIFICATION_CAMPAIGN,"Your recorded address could not be verified. Please state your exact cross street, nearby landmark, and house gate color."
AC001804,FIELD_FORCE,-136.4,-3781.7,357.8,STANDARD_PTP,Confirm if premises is located near Near Ganesh Temple (pin is a guess near this landmark)
AC001805,FIELD_FORCE,1268.9,-2044.0,357.8,STANDARD_PTP,Confirm if premises is located near Near Milk Dairy (pin is a guess near this landmark)
AC001806,FIELD_FORCE,3121.3,-2076.5,47.9,STANDARD_PTP,
AC001807,FIELD_FORCE,-2270.4,-520.2,47.9,STANDARD_PTP,
AC001808,FIELD_FORCE,-2757.4,1697.9,77.4,STANDARD_PTP,
AC001809,TELE_DIALER,,,3710.3,ADDRESS_VERIFICATION_CAMPAIGN,"Your recorded address could not be verified. Please state your exact cross street, nearby landmark, and house gate color."
AC001810,FIELD_FORCE,3926.9,760.4,77.4,STANDARD_PTP,
AC001811,FIELD_FORCE,1972.0,1560.0,162.1,STANDARD_PTP,Confirm if premises is located near nearby verified landmark
AC001812,FIELD_FORCE,1102.2,2984.7,47.9,STANDARD_PTP,
AC001812,TELE_DIALER,,,3710.3,ADDRESS_VERIFICATION_CAMPAIGN,"Your recorded address could not be verified. Please state your exact cross street, nearby landmark, and house gate color."
AC001813,FIELD_FORCE,-755.7,2722.2,387.8,STANDARD_PTP,Confirm if premises is located near nearby verified landmark
AC001814,FIELD_FORCE,2072.1,2097.3,357.8,STANDARD_PTP,Confirm if premises is located near Near Govt School (pin is a guess near this landmark)
AC001815,FIELD_FORCE,-286.4,2831.5,75.0,STANDARD_PTP,
AC001816,FIELD_FORCE,2389.3,2156.4,75.0,STANDARD_PTP,
AC001817,TELE_DIALER,,,3710.3,ADDRESS_VERIFICATION_CAMPAIGN,"Your recorded address could not be verified. Please state your exact cross street, nearby landmark, and house gate color."
AC001818,FIELD_FORCE,603.1,-747.9,357.8,STANDARD_PTP,Confirm if premises is located near Near Bus Stop (pin is a guess near this landmark)
AC001818,FIELD_FORCE,-136.4,-3781.7,357.8,STANDARD_PTP,Confirm if premises is located near Near Ganesh Temple (pin is a guess near this landmark)
AC001819,FIELD_FORCE,1058.3,-2743.0,162.1,STANDARD_PTP,Confirm if premises is located near nearby verified landmark
AC001820,FIELD_FORCE,-565.3,-847.2,162.1,STANDARD_PTP,Confirm if premises is located near Near Masjid (about 110 m from pin)
AC001821,TELE_DIALER,,,3710.3,ADDRESS_VERIFICATION_CAMPAIGN,"Your recorded address could not be verified. Please state your exact cross street, nearby landmark, and house gate color."
AC001821,FIELD_FORCE,3433.8,-1644.8,357.8,STANDARD_PTP,Confirm if premises is located near Near Ganesh Temple (pin is a guess near this landmark)
AC001822,FIELD_FORCE,-46.1,2664.5,77.4,STANDARD_PTP,
AC001823,FIELD_FORCE,-661.1,221.1,47.9,STANDARD_PTP,
AC001824,FIELD_FORCE,-2799.4,893.5,357.8,STANDARD_PTP,Confirm if premises is located near Near Post Office (pin is a guess near this landmark)
AC001825,FIELD_FORCE,3049.4,-2157.6,357.8,STANDARD_PTP,Confirm if premises is located near Near Ration Shop (pin is a guess near this landmark)
AC001825,TELE_DIALER,,,3710.3,ADDRESS_VERIFICATION_CAMPAIGN,"Your recorded address could not be verified. Please state your exact cross street, nearby landmark, and house gate color."
AC001826,FIELD_FORCE,1031.3,309.6,47.9,STANDARD_PTP,
AC001827,TELE_DIALER,,,3710.3,ADDRESS_VERIFICATION_CAMPAIGN,"Your recorded address could not be verified. Please state your exact cross street, nearby landmark, and house gate color."
AC001828,FIELD_FORCE,1650.9,-1604.4,387.8,STANDARD_PTP,Confirm if premises is located near nearby verified landmark
AC001829,TELE_DIALER,,,3710.3,ADDRESS_VERIFICATION_CAMPAIGN,"Your recorded address could not be verified. Please state your exact cross street, nearby landmark, and house gate color."
AC001829,FIELD_FORCE,331.0,-3084.2,357.8,STANDARD_PTP,Confirm if premises is located near Near Ganesh Temple (pin is a guess near this landmark)
AC001830,FIELD_FORCE,2514.1,-2119.6,47.9,STANDARD_PTP,
AC001831,FIELD_FORCE,3929.9,720.8,75.0,STANDARD_PTP,
AC001832,FIELD_FORCE,2471.8,2057.0,357.8,STANDARD_PTP,Confirm if premises is located near Near Medical Store (pin is a guess near this landmark)
AC001833,FIELD_FORCE,938.1,-632.6,162.1,STANDARD_PTP,Confirm if premises is located near nearby verified landmark
AC001833,TELE_DIALER,,,3710.3,ADDRESS_VERIFICATION_CAMPAIGN,"Your recorded address could not be verified. Please state your exact cross street, nearby landmark, and house gate color."
AC001834,FIELD_FORCE,2107.0,762.7,47.9,STANDARD_PTP,
AC001835,FIELD_FORCE,1251.7,-476.9,162.1,STANDARD_PTP,Confirm if premises is located near nearby verified landmark
AC001836,TELE_DIALER,,,3710.3,ADDRESS_VERIFICATION_CAMPAIGN,"Your recorded address could not be verified. Please state your exact cross street, nearby landmark, and house gate color."
AC001837,FIELD_FORCE,-2124.1,1805.2,162.1,STANDARD_PTP,Confirm if premises is located near nearby verified landmark
AC001838,TELE_DIALER,,,3710.3,ADDRESS_VERIFICATION_CAMPAIGN,"Your recorded address could not be verified. Please state your exact cross street, nearby landmark, and house gate color."
AC001839,FIELD_FORCE,2890.7,-1617.2,77.4,STANDARD_PTP,
AC001840,FIELD_FORCE,-1385.6,-2547.2,162.1,STANDARD_PTP,Confirm if premises is located near nearby verified landmark
AC001841,FIELD_FORCE,2678.6,1602.1,162.1,STANDARD_PTP,Confirm if premises is located near nearby verified landmark
AC001842,FIELD_FORCE,1394.6,-3569.6,162.1,STANDARD_PTP,Confirm if premises is located near nearby verified landmark
AC001843,FIELD_FORCE,-1122.4,327.5,357.8,STANDARD_PTP,Confirm if premises is located near Near Ganesh Temple (pin is a guess near this landmark)
AC001844,FIELD_FORCE,1157.3,-3636.6,357.8,STANDARD_PTP,Confirm if premises is located near Near Water Tank (pin is a guess near this landmark)
AC001845,FIELD_FORCE,-2839.6,995.5,77.4,STANDARD_PTP,
AC001846,FIELD_FORCE,3060.7,-2420.3,47.9,STANDARD_PTP,
AC001847,FIELD_FORCE,891.3,-339.7,162.1,STANDARD_PTP,Confirm if premises is located near Near Park (about 170 m from pin)
AC001848,FIELD_FORCE,1241.3,-275.5,162.1,STANDARD_PTP,Confirm if premises is located near nearby verified landmark
AC001849,TELE_DIALER,,,3710.3,ADDRESS_VERIFICATION_CAMPAIGN,"Your recorded address could not be verified. Please state your exact cross street, nearby landmark, and house gate color."
AC001850,TELE_DIALER,,,3710.3,ADDRESS_VERIFICATION_CAMPAIGN,"Your recorded address could not be verified. Please state your exact cross street, nearby landmark, and house gate color."
AC001851,FIELD_FORCE,-465.0,-534.0,75.0,STANDARD_PTP,
AC001852,FIELD_FORCE,-1646.6,-2357.3,77.4,STANDARD_PTP,
AC001852,TELE_DIALER,,,3710.3,ADDRESS_VERIFICATION_CAMPAIGN,"Your recorded address could not be verified. Please state your exact cross street, nearby landmark, and house gate color."
AC001853,TELE_DIALER,,,3710.3,ADDRESS_VERIFICATION_CAMPAIGN,"Your recorded address could not be verified. Please state your exact cross street, nearby landmark, and house gate color."
AC001854,FIELD_FORCE,-37.5,3542.0,357.8,STANDARD_PTP,Confirm if premises is located near Near Hanuman Temple (pin is a guess near this landmark)
AC001855,TELE_DIALER,,,3710.3,ADDRESS_VERIFICATION_CAMPAIGN,"Your recorded address could not be verified. Please state your exact cross street, nearby landmark, and house gate color."
AC001856,FIELD_FORCE,363.2,-3069.7,387.8,STANDARD_PTP,Confirm if premises is located near nearby verified landmark
AC001856,FIELD_FORCE,-2026.3,2547.9,357.8,STANDARD_PTP,Confirm if premises is located near Near Ganesh Temple (pin is a guess near this landmark)
AC001857,FIELD_FORCE,-3747.7,-786.6,77.4,STANDARD_PTP,
AC001858,TELE_DIALER,,,3710.3,ADDRESS_VERIFICATION_CAMPAIGN,"Your recorded address could not be verified. Please state your exact cross street, nearby landmark, and house gate color."
AC001859,FIELD_FORCE,-4072.0,-1017.3,357.8,STANDARD_PTP,Confirm if premises is located near Near Water Tank (pin is a guess near this landmark)
AC001859,FIELD_FORCE,669.1,-915.2,77.4,STANDARD_PTP,
AC001860,FIELD_FORCE,1167.8,-3506.3,162.1,STANDARD_PTP,Confirm if premises is located near nearby verified landmark
AC001861,TELE_DIALER,,,3710.3,ADDRESS_VERIFICATION_CAMPAIGN,"Your recorded address could not be verified. Please state your exact cross street, nearby landmark, and house gate color."
AC001862,FIELD_FORCE,612.3,-3466.4,47.9,STANDARD_PTP,
AC001863,FIELD_FORCE,-276.8,-3851.7,47.9,STANDARD_PTP,
AC001864,FIELD_FORCE,2332.5,921.3,77.4,STANDARD_PTP,
AC001865,FIELD_FORCE,3073.5,-1959.2,387.8,STANDARD_PTP,Confirm if premises is located near nearby verified landmark
AC001866,FIELD_FORCE,-957.2,-951.0,162.1,STANDARD_PTP,Confirm if premises is located near nearby verified landmark
AC001867,TELE_DIALER,,,3710.3,ADDRESS_VERIFICATION_CAMPAIGN,"Your recorded address could not be verified. Please state your exact cross street, nearby landmark, and house gate color."
AC001868,FIELD_FORCE,-1224.0,26.9,162.1,STANDARD_PTP,Confirm if premises is located near nearby verified landmark
AC001869,FIELD_FORCE,1375.8,-1116.6,75.0,STANDARD_PTP,
AC001869,FIELD_FORCE,1196.7,-1234.8,77.4,STANDARD_PTP,
AC001870,FIELD_FORCE,-2671.0,-140.2,387.8,STANDARD_PTP,Confirm if premises is located near Near Govt School (about 170 m from pin)
AC001871,FIELD_FORCE,2966.4,-1910.8,47.9,STANDARD_PTP,
AC001872,FIELD_FORCE,2907.6,-1791.0,47.9,STANDARD_PTP,
AC001873,FIELD_FORCE,-2685.0,-53.1,387.8,STANDARD_PTP,Confirm if premises is located near Near Govt School (about 180 m from pin)
AC001873,FIELD_FORCE,-151.1,-3827.1,387.8,STANDARD_PTP,Confirm if premises is located near Near Ganesh Temple (about 50 m from pin)
AC001874,FIELD_FORCE,-288.4,-1601.5,357.8,STANDARD_PTP,Confirm if premises is located near Near Medical Store (pin is a guess near this landmark)
AC001874,FIELD_FORCE,923.1,-3421.1,75.0,STANDARD_PTP,
AC001875,FIELD_FORCE,2769.9,-2321.9,47.9,STANDARD_PTP,
AC001876,TELE_DIALER,,,3710.3,ADDRESS_VERIFICATION_CAMPAIGN,"Your recorded address could not be verified. Please state your exact cross street, nearby landmark, and house gate color."
AC001877,FIELD_FORCE,644.8,-3711.4,357.8,STANDARD_PTP,Confirm if premises is located near Near Ration Shop (pin is a guess near this landmark)
AC001878,FIELD_FORCE,-2769.4,1380.4,77.4,STANDARD_PTP,
AC001879,FIELD_FORCE,-516.5,-3322.6,77.4,STANDARD_PTP,
AC001880,FIELD_FORCE,-3787.3,-505.2,162.1,STANDARD_PTP,Confirm if premises is located near Near Community Hall (about 150 m from pin)
AC001881,TELE_DIALER,,,3710.3,ADDRESS_VERIFICATION_CAMPAIGN,"Your recorded address could not be verified. Please state your exact cross street, nearby landmark, and house gate color."
AC001882,FIELD_FORCE,1193.3,-221.1,357.8,STANDARD_PTP,Confirm if premises is located near Near Bus Stop (pin is a guess near this landmark)
AC001883,FIELD_FORCE,-1137.4,-3087.3,75.0,STANDARD_PTP,
AC001883,FIELD_FORCE,2808.9,-1919.1,162.1,STANDARD_PTP,Confirm if premises is located near nearby verified landmark
AC001884,FIELD_FORCE,2853.8,-1207.7,77.4,STANDARD_PTP,
AC001884,FIELD_FORCE,797.1,2497.7,162.1,STANDARD_PTP,Confirm if premises is located near nearby verified landmark
AC001885,FIELD_FORCE,647.5,-2633.2,357.8,STANDARD_PTP,Confirm if premises is located near Near Medical Store (pin is a guess near this landmark)
AC001886,TELE_DIALER,,,3710.3,ADDRESS_VERIFICATION_CAMPAIGN,"Your recorded address could not be verified. Please state your exact cross street, nearby landmark, and house gate color."
AC001886,FIELD_FORCE,1982.8,-1241.6,357.8,STANDARD_PTP,Confirm if premises is located near Near Hanuman Temple (pin is a guess near this landmark)
AC001887,FIELD_FORCE,574.4,2932.1,162.1,STANDARD_PTP,Confirm if premises is located near nearby verified landmark
AC001887,FIELD_FORCE,1440.8,-1984.6,357.8,STANDARD_PTP,Confirm if premises is located near Near Church (pin is a guess near this landmark)
AC001888,FIELD_FORCE,2843.8,757.1,357.8,STANDARD_PTP,Confirm if premises is located near Opposite Ration Shop (pin is a guess near this landmark)
AC001889,FIELD_FORCE,2843.8,757.1,357.8,STANDARD_PTP,Confirm if premises is located near Behind Ration Shop (pin is a guess near this landmark)
AC001890,FIELD_FORCE,1130.7,-1807.7,47.9,STANDARD_PTP,
AC001890,FIELD_FORCE,-465.0,-534.0,77.4,STANDARD_PTP,
AC001891,TELE_DIALER,,,3710.3,ADDRESS_VERIFICATION_CAMPAIGN,"Your recorded address could not be verified. Please state your exact cross street, nearby landmark, and house gate color."
AC001892,FIELD_FORCE,-3083.2,1414.7,357.8,STANDARD_PTP,Confirm if premises is located near Opposite Community Hall (pin is a guess near this landmark)
AC001893,TELE_DIALER,,,3710.3,ADDRESS_VERIFICATION_CAMPAIGN,"Your recorded address could not be verified. Please state your exact cross street, nearby landmark, and house gate color."
AC001894,TELE_DIALER,,,3710.3,ADDRESS_VERIFICATION_CAMPAIGN,"Your recorded address could not be verified. Please state your exact cross street, nearby landmark, and house gate color."
AC001894,FIELD_FORCE,-3748.3,-772.2,77.4,STANDARD_PTP,
AC001895,FIELD_FORCE,2083.6,1623.1,357.8,STANDARD_PTP,Confirm if premises is located near Near Community Hall (pin is a guess near this landmark)
AC001895,FIELD_FORCE,1124.4,-231.7,162.1,STANDARD_PTP,Confirm if premises is located near Near Park (about 120 m from pin)
AC001896,TELE_DIALER,,,3710.3,ADDRESS_VERIFICATION_CAMPAIGN,"Your recorded address could not be verified. Please state your exact cross street, nearby landmark, and house gate color."
AC001896,TELE_DIALER,,,3710.3,ADDRESS_VERIFICATION_CAMPAIGN,"Your recorded address could not be verified. Please state your exact cross street, nearby landmark, and house gate color."
AC001897,FIELD_FORCE,1373.7,-1855.5,77.4,STANDARD_PTP,
AC001898,FIELD_FORCE,-2201.3,1392.4,357.8,STANDARD_PTP,Confirm if premises is located near Near Community Hall (pin is a guess near this landmark)
AC001899,FIELD_FORCE,2355.2,-1204.1,162.1,STANDARD_PTP,Confirm if premises is located near nearby verified landmark
AC001900,FIELD_FORCE,2446.7,-1848.0,387.8,STANDARD_PTP,Confirm if premises is located near nearby verified landmark
AC001901,FIELD_FORCE,1029.8,-3120.0,387.8,STANDARD_PTP,Confirm if premises is located near Near Hanuman Temple (about 30 m from pin)
AC001902,FIELD_FORCE,1662.0,-2149.6,47.9,STANDARD_PTP,
AC001903,FIELD_FORCE,2481.5,-2348.5,77.4,STANDARD_PTP,
AC001904,FIELD_FORCE,2463.1,-2441.7,77.4,STANDARD_PTP,
AC001905,FIELD_FORCE,708.4,-3319.2,357.8,STANDARD_PTP,Confirm if premises is located near Near Bus Stop (pin is a guess near this landmark)
AC001906,TELE_DIALER,,,3710.3,ADDRESS_VERIFICATION_CAMPAIGN,"Your recorded address could not be verified. Please state your exact cross street, nearby landmark, and house gate color."
AC001906,TELE_DIALER,,,3710.3,ADDRESS_VERIFICATION_CAMPAIGN,"Your recorded address could not be verified. Please state your exact cross street, nearby landmark, and house gate color."
AC001907,FIELD_FORCE,1858.4,-2104.3,387.8,STANDARD_PTP,Confirm if premises is located near nearby verified landmark
AC001908,FIELD_FORCE,2972.7,-2040.1,77.4,STANDARD_PTP,
AC001909,FIELD_FORCE,-3045.8,1450.9,387.8,STANDARD_PTP,Confirm if premises is located near nearby verified landmark
AC001910,FIELD_FORCE,-402.8,3230.6,357.8,STANDARD_PTP,Confirm if premises is located near Near Water Tank (pin is a guess near this landmark)
AC001911,FIELD_FORCE,2661.9,-1811.1,357.8,STANDARD_PTP,Confirm if premises is located near Near Ration Shop (pin is a guess near this landmark)
AC001912,FIELD_FORCE,3421.4,-2361.2,47.9,STANDARD_PTP,
AC001913,FIELD_FORCE,-3355.4,-1017.5,162.1,STANDARD_PTP,Confirm if premises is located near nearby verified landmark
AC001914,TELE_DIALER,,,3710.3,ADDRESS_VERIFICATION_CAMPAIGN,"Your recorded address could not be verified. Please state your exact cross street, nearby landmark, and house gate color."
AC001915,FIELD_FORCE,2801.5,837.3,77.4,STANDARD_PTP,
AC001916,TELE_DIALER,,,3710.3,ADDRESS_VERIFICATION_CAMPAIGN,"Your recorded address could not be verified. Please state your exact cross street, nearby landmark, and house gate color."
AC001916,FIELD_FORCE,1388.1,1115.9,357.8,STANDARD_PTP,Confirm if premises is located near Near Bus Stop (pin is a guess near this landmark)
AC001917,TELE_DIALER,,,3710.3,ADDRESS_VERIFICATION_CAMPAIGN,"Your recorded address could not be verified. Please state your exact cross street, nearby landmark, and house gate color."
AC001917,FIELD_FORCE,-877.9,-530.2,162.1,STANDARD_PTP,Confirm if premises is located near Near Post Office (about 130 m from pin)
AC001918,FIELD_FORCE,2791.9,-2113.9,357.8,STANDARD_PTP,Confirm if premises is located near Near Medical Store (pin is a guess near this landmark)
AC001919,FIELD_FORCE,1658.7,-2070.5,77.4,STANDARD_PTP,
AC001920,FIELD_FORCE,-3750.1,-779.9,77.4,STANDARD_PTP,
AC001920,TELE_DIALER,,,3710.3,ADDRESS_VERIFICATION_CAMPAIGN,"Your recorded address could not be verified. Please state your exact cross street, nearby landmark, and house gate color."
AC001921,FIELD_FORCE,797.0,-2790.7,387.8,STANDARD_PTP,Confirm if premises is located near Behind Community Hall (about 50 m from pin)
AC001922,TELE_DIALER,,,3710.3,ADDRESS_VERIFICATION_CAMPAIGN,"Your recorded address could not be verified. Please state your exact cross street, nearby landmark, and house gate color."
AC001923,FIELD_FORCE,2311.4,-794.4,387.8,STANDARD_PTP,Confirm if premises is located near nearby verified landmark
AC001924,TELE_DIALER,,,3710.3,ADDRESS_VERIFICATION_CAMPAIGN,"Your recorded address could not be verified. Please state your exact cross street, nearby landmark, and house gate color."
AC001925,FIELD_FORCE,1170.8,2770.1,77.4,STANDARD_PTP,
AC001925,FIELD_FORCE,1003.6,-353.0,47.9,STANDARD_PTP,
AC001926,FIELD_FORCE,-344.6,-385.0,387.8,STANDARD_PTP,Confirm if premises is located near Near Milk Dairy (about 120 m from pin)
AC001927,FIELD_FORCE,-844.9,-1411.8,47.9,STANDARD_PTP,
AC001927,FIELD_FORCE,-113.2,2612.6,162.1,STANDARD_PTP,Confirm if premises is located near nearby verified landmark
AC001928,FIELD_FORCE,-1041.1,-304.5,77.4,STANDARD_PTP,
AC001929,FIELD_FORCE,-2505.6,-92.4,357.8,STANDARD_PTP,Confirm if premises is located near Near Govt School (pin is a guess near this landmark)
AC001930,FIELD_FORCE,-717.4,-1125.2,47.9,STANDARD_PTP,
AC001931,TELE_DIALER,,,3710.3,ADDRESS_VERIFICATION_CAMPAIGN,"Your recorded address could not be verified. Please state your exact cross street, nearby landmark, and house gate color."
AC001931,FIELD_FORCE,-1114.9,-3404.5,357.8,STANDARD_PTP,Confirm if premises is located near Near Govt School (pin is a guess near this landmark)
AC001932,FIELD_FORCE,-791.9,-718.7,357.8,STANDARD_PTP,Confirm if premises is located near Near Milk Dairy (pin is a guess near this landmark)
AC001932,TELE_DIALER,,,3710.3,ADDRESS_VERIFICATION_CAMPAIGN,"Your recorded address could not be verified. Please state your exact cross street, nearby landmark, and house gate color."
AC001933,FIELD_FORCE,852.2,2777.1,47.9,STANDARD_PTP,
AC001934,FIELD_FORCE,1024.9,1623.8,162.1,STANDARD_PTP,Confirm if premises is located near nearby verified landmark
AC001935,FIELD_FORCE,632.7,3037.8,77.4,STANDARD_PTP,
AC001936,FIELD_FORCE,923.1,-3421.1,77.4,STANDARD_PTP,
AC001937,FIELD_FORCE,-2283.6,1299.8,47.9,STANDARD_PTP,
AC001938,FIELD_FORCE,2942.8,-2655.8,77.4,STANDARD_PTP,
AC001939,FIELD_FORCE,868.1,-869.3,77.4,STANDARD_PTP,
AC001940,TELE_DIALER,,,3710.3,ADDRESS_VERIFICATION_CAMPAIGN,"Your recorded address could not be verified. Please state your exact cross street, nearby landmark, and house gate color."
AC001941,FIELD_FORCE,-2424.8,-620.5,47.9,STANDARD_PTP,
AC001942,FIELD_FORCE,-2781.5,1580.8,77.4,STANDARD_PTP,
AC001943,TELE_DIALER,,,3710.3,ADDRESS_VERIFICATION_CAMPAIGN,"Your recorded address could not be verified. Please state your exact cross street, nearby landmark, and house gate color."
AC001943,TELE_DIALER,,,3710.3,ADDRESS_VERIFICATION_CAMPAIGN,"Your recorded address could not be verified. Please state your exact cross street, nearby landmark, and house gate color."
AC001944,FIELD_FORCE,-762.6,-387.1,47.9,STANDARD_PTP,
AC001945,FIELD_FORCE,747.6,-3290.5,387.8,STANDARD_PTP,Confirm if premises is located near nearby verified landmark
AC001945,FIELD_FORCE,1805.0,-710.3,47.9,STANDARD_PTP,
AC001946,FIELD_FORCE,492.6,2650.8,357.8,STANDARD_PTP,Confirm if premises is located near Near Community Hall (pin is a guess near this landmark)
AC001946,TELE_DIALER,,,3710.3,ADDRESS_VERIFICATION_CAMPAIGN,"Your recorded address could not be verified. Please state your exact cross street, nearby landmark, and house gate color."
AC001947,TELE_DIALER,,,3710.3,ADDRESS_VERIFICATION_CAMPAIGN,"Your recorded address could not be verified. Please state your exact cross street, nearby landmark, and house gate color."
AC001947,FIELD_FORCE,-245.6,2878.9,77.4,STANDARD_PTP,
AC001948,FIELD_FORCE,622.9,-860.8,47.9,STANDARD_PTP,
AC001949,FIELD_FORCE,1578.8,-2387.7,47.9,STANDARD_PTP,
AC001950,FIELD_FORCE,-2323.0,-92.2,77.4,STANDARD_PTP,
AC001951,TELE_DIALER,,,3710.3,ADDRESS_VERIFICATION_CAMPAIGN,"Your recorded address could not be verified. Please state your exact cross street, nearby landmark, and house gate color."
AC001952,TELE_DIALER,,,3710.3,ADDRESS_VERIFICATION_CAMPAIGN,"Your recorded address could not be verified. Please state your exact cross street, nearby landmark, and house gate color."
AC001953,FIELD_FORCE,1084.4,3001.3,77.4,STANDARD_PTP,
AC001954,FIELD_FORCE,1399.6,-2118.9,47.9,STANDARD_PTP,
AC001954,TELE_DIALER,,,3710.3,ADDRESS_VERIFICATION_CAMPAIGN,"Your recorded address could not be verified. Please state your exact cross street, nearby landmark, and house gate color."
AC001955,FIELD_FORCE,-3004.8,-622.0,77.4,STANDARD_PTP,
AC001956,TELE_DIALER,,,3710.3,ADDRESS_VERIFICATION_CAMPAIGN,"Your recorded address could not be verified. Please state your exact cross street, nearby landmark, and house gate color."
AC001957,FIELD_FORCE,2880.4,-2281.7,47.9,STANDARD_PTP,
AC001958,FIELD_FORCE,1169.2,99.1,387.8,STANDARD_PTP,Confirm if premises is located near nearby verified landmark
AC001959,FIELD_FORCE,-2593.4,1742.7,387.8,STANDARD_PTP,Confirm if premises is located near nearby verified landmark
AC001960,FIELD_FORCE,923.2,2845.6,162.1,STANDARD_PTP,Confirm if premises is located near nearby verified landmark
AC001960,FIELD_FORCE,1064.3,-72.9,75.0,STANDARD_PTP,
AC001961,FIELD_FORCE,2992.5,986.7,47.9,STANDARD_PTP,
AC001962,FIELD_FORCE,2843.3,705.2,162.1,STANDARD_PTP,Confirm if premises is located near Opposite Ration Shop (about 50 m from pin)
AC001963,FIELD_FORCE,2749.4,-2398.2,387.8,STANDARD_PTP,Confirm if premises is located near nearby verified landmark
AC001964,FIELD_FORCE,-2488.6,1258.9,77.4,STANDARD_PTP,
AC001965,FIELD_FORCE,2478.6,-1586.0,387.8,STANDARD_PTP,Confirm if premises is located near nearby verified landmark
AC001966,FIELD_FORCE,1285.0,155.3,387.8,STANDARD_PTP,Confirm if premises is located near Near Hanuman Temple (about 140 m from pin)
AC001967,FIELD_FORCE,3051.1,-2317.6,357.8,STANDARD_PTP,Confirm if premises is located near Near Milk Dairy (pin is a guess near this landmark)
AC001968,TELE_DIALER,,,3710.3,ADDRESS_VERIFICATION_CAMPAIGN,"Your recorded address could not be verified. Please state your exact cross street, nearby landmark, and house gate color."
AC001969,FIELD_FORCE,676.9,-2751.3,387.8,STANDARD_PTP,Confirm if premises is located near Opposite Ration Shop (about 30 m from pin)
AC001969,FIELD_FORCE,-2557.1,1436.8,77.4,STANDARD_PTP,
AC001970,FIELD_FORCE,-2314.0,-426.0,47.9,STANDARD_PTP,
AC001970,FIELD_FORCE,325.7,1309.9,77.4,STANDARD_PTP,
AC001971,FIELD_FORCE,731.2,-2922.2,77.4,STANDARD_PTP,
AC001972,FIELD_FORCE,731.9,-1039.8,357.8,STANDARD_PTP,Confirm if premises is located near Near Govt School (pin is a guess near this landmark)
AC001973,FIELD_FORCE,2896.8,563.3,77.4,STANDARD_PTP,
AC001974,FIELD_FORCE,3448.2,531.6,387.8,STANDARD_PTP,Confirm if premises is located near nearby verified landmark
AC001975,FIELD_FORCE,-2215.6,1334.3,47.9,STANDARD_PTP,
AC001976,TELE_DIALER,,,3710.3,ADDRESS_VERIFICATION_CAMPAIGN,"Your recorded address could not be verified. Please state your exact cross street, nearby landmark, and house gate color."
AC001977,FIELD_FORCE,2271.6,-1213.4,47.9,STANDARD_PTP,
AC001978,FIELD_FORCE,-548.4,-1445.6,357.8,STANDARD_PTP,Confirm if premises is located near Near Park (pin is a guess near this landmark)
AC001979,FIELD_FORCE,1448.4,-3612.2,357.8,STANDARD_PTP,Confirm if premises is located near Near Medical Store (pin is a guess near this landmark)
AC001980,FIELD_FORCE,2403.9,-2167.4,387.8,STANDARD_PTP,Confirm if premises is located near nearby verified landmark
AC001980,TELE_DIALER,,,3710.3,ADDRESS_VERIFICATION_CAMPAIGN,"Your recorded address could not be verified. Please state your exact cross street, nearby landmark, and house gate color."
AC001981,FIELD_FORCE,3212.9,712.1,77.4,STANDARD_PTP,
AC001982,FIELD_FORCE,-508.0,1565.4,162.1,STANDARD_PTP,Confirm if premises is located near Near Petrol Bunk (about 150 m from pin)
AC001983,FIELD_FORCE,1266.2,-1062.2,387.8,STANDARD_PTP,Confirm if premises is located near nearby verified landmark
AC001984,FIELD_FORCE,-224.8,-3537.3,162.1,STANDARD_PTP,Confirm if premises is located near nearby verified landmark
AC001985,FIELD_FORCE,-452.7,2884.4,387.8,STANDARD_PTP,Confirm if premises is located near nearby verified landmark
AC001986,FIELD_FORCE,2639.4,1394.4,162.1,STANDARD_PTP,Confirm if premises is located near nearby verified landmark
AC001987,FIELD_FORCE,-2629.7,-100.3,47.9,STANDARD_PTP,
AC001988,TELE_DIALER,,,3710.3,ADDRESS_VERIFICATION_CAMPAIGN,"Your recorded address could not be verified. Please state your exact cross street, nearby landmark, and house gate color."
AC001989,FIELD_FORCE,3176.1,345.7,47.9,STANDARD_PTP,
AC001990,FIELD_FORCE,562.7,2959.4,77.4,STANDARD_PTP,
AC001991,TELE_DIALER,,,3710.3,ADDRESS_VERIFICATION_CAMPAIGN,"Your recorded address could not be verified. Please state your exact cross street, nearby landmark, and house gate color."
AC001992,FIELD_FORCE,-2132.8,-2396.2,77.4,STANDARD_PTP,
AC001993,FIELD_FORCE,1240.7,1472.2,357.8,STANDARD_PTP,Confirm if premises is located near Near Medical Store (pin is a guess near this landmark)
AC001994,TELE_DIALER,,,3710.3,ADDRESS_VERIFICATION_CAMPAIGN,"Your recorded address could not be verified. Please state your exact cross street, nearby landmark, and house gate color."
AC001995,FIELD_FORCE,1801.2,-2200.0,47.9,STANDARD_PTP,
AC001996,FIELD_FORCE,2577.3,-1320.1,357.8,STANDARD_PTP,Confirm if premises is located near Near Water Tank (pin is a guess near this landmark)
AC001997,FIELD_FORCE,1446.4,-2346.3,47.9,STANDARD_PTP,
AC001998,FIELD_FORCE,-402.8,3230.6,357.8,STANDARD_PTP,Confirm if premises is located near Near Water Tank (pin is a guess near this landmark)
AC001998,FIELD_FORCE,-2378.1,1427.1,357.8,STANDARD_PTP,Confirm if premises is located near Near Masjid (pin is a guess near this landmark)
AC001999,FIELD_FORCE,-2003.6,-2588.5,47.9,STANDARD_PTP,
AC002000,TELE_DIALER,,,3710.3,ADDRESS_VERIFICATION_CAMPAIGN,"Your recorded address could not be verified. Please state your exact cross street, nearby landmark, and house gate color."
AC002001,TELE_DIALER,,,3710.3,ADDRESS_VERIFICATION_CAMPAIGN,"Your recorded address could not be verified. Please state your exact cross street, nearby landmark, and house gate color."
AC002001,FIELD_FORCE,-2364.7,1690.3,77.4,STANDARD_PTP,
AC002002,FIELD_FORCE,3436.2,573.5,47.9,STANDARD_PTP,
AC002002,TELE_DIALER,,,3710.3,ADDRESS_VERIFICATION_CAMPAIGN,"Your recorded address could not be verified. Please state your exact cross street, nearby landmark, and house gate color."
AC002003,FIELD_FORCE,2453.4,1323.8,162.1,STANDARD_PTP,Confirm if premises is located near Behind Ration Shop (about 190 m from pin)
AC002004,TELE_DIALER,,,3710.3,ADDRESS_VERIFICATION_CAMPAIGN,"Your recorded address could not be verified. Please state your exact cross street, nearby landmark, and house gate color."
AC002004,TELE_DIALER,,,3710.3,ADDRESS_VERIFICATION_CAMPAIGN,"Your recorded address could not be verified. Please state your exact cross street, nearby landmark, and house gate color."
AC002005,FIELD_FORCE,650.8,-3295.9,77.4,STANDARD_PTP,
AC002006,TELE_DIALER,,,3710.3,ADDRESS_VERIFICATION_CAMPAIGN,"Your recorded address could not be verified. Please state your exact cross street, nearby landmark, and house gate color."
AC002006,FIELD_FORCE,-946.0,2804.1,162.1,STANDARD_PTP,Confirm if premises is located near nearby verified landmark
AC002007,TELE_DIALER,,,3710.3,ADDRESS_VERIFICATION_CAMPAIGN,"Your recorded address could not be verified. Please state your exact cross street, nearby landmark, and house gate color."
AC002008,FIELD_FORCE,2344.2,1223.8,47.9,STANDARD_PTP,
AC002009,TELE_DIALER,,,3710.3,ADDRESS_VERIFICATION_CAMPAIGN,"Your recorded address could not be verified. Please state your exact cross street, nearby landmark, and house gate color."
AC002010,TELE_DIALER,,,3710.3,ADDRESS_VERIFICATION_CAMPAIGN,"Your recorded address could not be verified. Please state your exact cross street, nearby landmark, and house gate color."
AC002011,FIELD_FORCE,-789.3,2806.9,77.4,STANDARD_PTP,
AC002012,FIELD_FORCE,1268.9,-2044.0,357.8,STANDARD_PTP,Confirm if premises is located near Behind Milk Dairy (pin is a guess near this landmark)
AC002013,FIELD_FORCE,731.9,-1039.8,357.8,STANDARD_PTP,Confirm if premises is located near Near Govt School (pin is a guess near this landmark)
AC002013,FIELD_FORCE,-2847.1,-569.9,357.8,STANDARD_PTP,Confirm if premises is located near Opposite Bus Stop (pin is a guess near this landmark)
AC002014,TELE_DIALER,,,3710.3,ADDRESS_VERIFICATION_CAMPAIGN,"Your recorded address could not be verified. Please state your exact cross street, nearby landmark, and house gate color."
AC002015,FIELD_FORCE,-919.9,-745.9,162.1,STANDARD_PTP,Confirm if premises is located near nearby verified landmark
AC002016,FIELD_FORCE,3721.9,118.8,47.9,STANDARD_PTP,
AC002017,TELE_DIALER,,,3710.3,ADDRESS_VERIFICATION_CAMPAIGN,"Your recorded address could not be verified. Please state your exact cross street, nearby landmark, and house gate color."
AC002018,FIELD_FORCE,1210.3,-177.6,75.0,STANDARD_PTP,
AC002019,TELE_DIALER,,,3710.3,ADDRESS_VERIFICATION_CAMPAIGN,"Your recorded address could not be verified. Please state your exact cross street, nearby landmark, and house gate color."
AC002019,TELE_DIALER,,,3710.3,ADDRESS_VERIFICATION_CAMPAIGN,"Your recorded address could not be verified. Please state your exact cross street, nearby landmark, and house gate color."
AC002020,FIELD_FORCE,1100.3,-494.5,47.9,STANDARD_PTP,
AC002020,FIELD_FORCE,3399.1,-2220.0,162.1,STANDARD_PTP,Confirm if premises is located near Near Park (about 170 m from pin)
AC002021,FIELD_FORCE,126.5,1694.7,357.8,STANDARD_PTP,Confirm if premises is located near Near Water Tank (pin is a guess near this landmark)
AC002022,TELE_DIALER,,,3710.3,ADDRESS_VERIFICATION_CAMPAIGN,"Your recorded address could not be verified. Please state your exact cross street, nearby landmark, and house gate color."
AC002023,FIELD_FORCE,727.8,-3428.2,77.4,STANDARD_PTP,
AC002024,FIELD_FORCE,663.2,-819.1,47.9,STANDARD_PTP,
AC002025,FIELD_FORCE,1157.3,-3636.6,357.8,STANDARD_PTP,Confirm if premises is located near Near Water Tank (pin is a guess near this landmark)
AC002026,FIELD_FORCE,-563.2,-1389.8,357.8,STANDARD_PTP,Confirm if premises is located near Opposite Church (pin is a guess near this landmark)
AC002027,FIELD_FORCE,-2175.6,1173.5,77.4,STANDARD_PTP,
AC002028,FIELD_FORCE,2906.2,-1243.7,77.4,STANDARD_PTP,
AC002029,TELE_DIALER,,,3710.3,ADDRESS_VERIFICATION_CAMPAIGN,"Your recorded address could not be verified. Please state your exact cross street, nearby landmark, and house gate color."
AC002030,TELE_DIALER,,,3710.3,ADDRESS_VERIFICATION_CAMPAIGN,"Your recorded address could not be verified. Please state your exact cross street, nearby landmark, and house gate color."
AC002031,FIELD_FORCE,834.0,-3139.7,75.0,STANDARD_PTP,
AC002032,FIELD_FORCE,-651.2,-773.0,357.8,STANDARD_PTP,Confirm if premises is located near Near Masjid (pin is a guess near this landmark)
AC002033,FIELD_FORCE,2907.9,-1794.7,47.9,STANDARD_PTP,
AC002034,FIELD_FORCE,524.4,-3473.8,387.8,STANDARD_PTP,Confirm if premises is located near nearby verified landmark
AC002035,FIELD_FORCE,3131.9,455.5,47.9,STANDARD_PTP,
AC002036,TELE_DIALER,,,3710.3,ADDRESS_VERIFICATION_CAMPAIGN,"Your recorded address could not be verified. Please state your exact cross street, nearby landmark, and house gate color."
AC002037,TELE_DIALER,,,3710.3,ADDRESS_VERIFICATION_CAMPAIGN,"Your recorded address could not be verified. Please state your exact cross street, nearby landmark, and house gate color."
AC002038,FIELD_FORCE,877.2,-3615.8,357.8,STANDARD_PTP,Confirm if premises is located near Near Hanuman Temple (pin is a guess near this landmark)
AC002039,FIELD_FORCE,425.3,-3107.3,162.1,STANDARD_PTP,Confirm if premises is located near Near Water Tank (about 90 m from pin)
AC002040,FIELD_FORCE,723.4,-1185.3,47.9,STANDARD_PTP,
AC002041,FIELD_FORCE,3179.3,730.1,47.9,STANDARD_PTP,
AC002041,FIELD_FORCE,285.3,-3383.3,77.4,STANDARD_PTP,
AC002042,FIELD_FORCE,3240.6,-2179.1,387.8,STANDARD_PTP,Confirm if premises is located near nearby verified landmark
AC002042,FIELD_FORCE,-2397.3,1687.6,77.4,STANDARD_PTP,
AC002043,FIELD_FORCE,-1092.5,-3242.0,387.8,STANDARD_PTP,Confirm if premises is located near nearby verified landmark
AC002044,TELE_DIALER,,,3710.3,ADDRESS_VERIFICATION_CAMPAIGN,"Your recorded address could not be verified. Please state your exact cross street, nearby landmark, and house gate color."
AC002044,FIELD_FORCE,956.7,3025.5,75.0,STANDARD_PTP,
AC002045,FIELD_FORCE,566.8,-2961.3,162.1,STANDARD_PTP,Confirm if premises is located near Opposite Bus Stop (about 30 m from pin)
AC002046,FIELD_FORCE,-2819.7,847.0,387.8,STANDARD_PTP,Confirm if premises is located near Near Post Office (about 50 m from pin)
AC002047,FIELD_FORCE,2744.1,-1552.3,162.1,STANDARD_PTP,Confirm if premises is located near nearby verified landmark
AC002048,FIELD_FORCE,-1102.7,-2213.9,357.8,STANDARD_PTP,Confirm if premises is located near Near Milk Dairy (pin is a guess near this landmark)
AC002049,FIELD_FORCE,2827.5,1014.4,47.9,STANDARD_PTP,
AC002050,TELE_DIALER,,,3710.3,ADDRESS_VERIFICATION_CAMPAIGN,"Your recorded address could not be verified. Please state your exact cross street, nearby landmark, and house gate color."
AC002051,TELE_DIALER,,,3710.3,ADDRESS_VERIFICATION_CAMPAIGN,"Your recorded address could not be verified. Please state your exact cross street, nearby landmark, and house gate color."
AC002051,FIELD_FORCE,-661.1,3190.5,357.8,STANDARD_PTP,Confirm if premises is located near Near Community Hall (pin is a guess near this landmark)
AC002052,FIELD_FORCE,1751.2,-1671.5,47.9,STANDARD_PTP,
AC002053,FIELD_FORCE,2332.3,-778.6,77.4,STANDARD_PTP,
AC002053,FIELD_FORCE,-1004.7,-802.6,47.9,STANDARD_PTP,
AC002054,FIELD_FORCE,527.6,1498.2,162.1,STANDARD_PTP,Confirm if premises is located near Behind Post Office (about 160 m from pin)
AC002055,FIELD_FORCE,3818.0,198.6,77.4,STANDARD_PTP,
AC002056,FIELD_FORCE,-2986.9,22.9,47.9,STANDARD_PTP,
AC002057,FIELD_FORCE,-2309.7,2065.2,77.4,STANDARD_PTP,
AC002058,TELE_DIALER,,,3710.3,ADDRESS_VERIFICATION_CAMPAIGN,"Your recorded address could not be verified. Please state your exact cross street, nearby landmark, and house gate color."
AC002059,FIELD_FORCE,-1156.0,-798.4,162.1,STANDARD_PTP,Confirm if premises is located near nearby verified landmark
AC002060,TELE_DIALER,,,3710.3,ADDRESS_VERIFICATION_CAMPAIGN,"Your recorded address could not be verified. Please state your exact cross street, nearby landmark, and house gate color."
AC002061,FIELD_FORCE,-2350.3,-2317.5,357.8,STANDARD_PTP,Confirm if premises is located near Near Water Tank (pin is a guess near this landmark)
AC002062,FIELD_FORCE,1758.3,-1730.7,47.9,STANDARD_PTP,
AC002063,TELE_DIALER,,,3710.3,ADDRESS_VERIFICATION_CAMPAIGN,"Your recorded address could not be verified. Please state your exact cross street, nearby landmark, and house gate color."
AC002064,FIELD_FORCE,1583.8,-1942.1,387.8,STANDARD_PTP,Confirm if premises is located near nearby verified landmark
AC002065,FIELD_FORCE,1228.3,-2396.8,387.8,STANDARD_PTP,Confirm if premises is located near nearby verified landmark
AC002065,FIELD_FORCE,-141.3,1123.1,77.4,STANDARD_PTP,
AC002066,TELE_DIALER,,,3710.3,ADDRESS_VERIFICATION_CAMPAIGN,"Your recorded address could not be verified. Please state your exact cross street, nearby landmark, and house gate color."
AC002067,FIELD_FORCE,-1144.5,-628.9,387.8,STANDARD_PTP,Confirm if premises is located near Near Govt School (about 150 m from pin)
AC002068,FIELD_FORCE,-1122.4,327.5,357.8,STANDARD_PTP,Confirm if premises is located near Near Ganesh Temple (pin is a guess near this landmark)
AC002069,FIELD_FORCE,685.9,2606.8,47.9,STANDARD_PTP,
AC002070,FIELD_FORCE,3162.8,172.4,77.4,STANDARD_PTP,
AC002070,FIELD_FORCE,-223.6,1237.8,77.4,STANDARD_PTP,
AC002071,FIELD_FORCE,2107.0,762.7,75.0,STANDARD_PTP,
AC002072,FIELD_FORCE,2609.7,-2319.6,47.9,STANDARD_PTP,
AC002073,TELE_DIALER,,,3710.3,ADDRESS_VERIFICATION_CAMPAIGN,"Your recorded address could not be verified. Please state your exact cross street, nearby landmark, and house gate color."
AC002074,FIELD_FORCE,-665.5,3194.3,47.9,STANDARD_PTP,
AC002075,FIELD_FORCE,3674.9,471.6,47.9,STANDARD_PTP,
AC002076,TELE_DIALER,,,3710.3,ADDRESS_VERIFICATION_CAMPAIGN,"Your recorded address could not be verified. Please state your exact cross street, nearby landmark, and house gate color."
AC002077,TELE_DIALER,,,3710.3,ADDRESS_VERIFICATION_CAMPAIGN,"Your recorded address could not be verified. Please state your exact cross street, nearby landmark, and house gate color."
AC002078,FIELD_FORCE,2713.9,-1714.3,77.4,STANDARD_PTP,
AC002079,FIELD_FORCE,628.8,2447.7,162.1,STANDARD_PTP,Confirm if premises is located near nearby verified landmark
AC002080,FIELD_FORCE,1245.4,-2638.1,162.1,STANDARD_PTP,Confirm if premises is located near nearby verified landmark
AC002081,FIELD_FORCE,-2678.2,-543.8,357.8,STANDARD_PTP,Confirm if premises is located near Near Church (pin is a guess near this landmark)
AC002082,FIELD_FORCE,3872.6,592.7,387.8,STANDARD_PTP,Confirm if premises is located near nearby verified landmark
AC002083,FIELD_FORCE,80.2,2638.4,77.4,STANDARD_PTP,
AC002084,FIELD_FORCE,1675.5,-2292.3,47.9,STANDARD_PTP,
AC002084,FIELD_FORCE,-1869.6,-2662.9,357.8,STANDARD_PTP,Confirm if premises is located near Near Govt School (pin is a guess near this landmark)
AC002085,FIELD_FORCE,1588.4,-2083.8,47.9,STANDARD_PTP,
AC002086,FIELD_FORCE,3180.6,-2089.7,387.8,STANDARD_PTP,Confirm if premises is located near nearby verified landmark
AC002087,TELE_DIALER,,,3710.3,ADDRESS_VERIFICATION_CAMPAIGN,"Your recorded address could not be verified. Please state your exact cross street, nearby landmark, and house gate color."
AC002088,FIELD_FORCE,-347.0,-84.0,357.8,STANDARD_PTP,Confirm if premises is located near Opposite Hanuman Temple (pin is a guess near this landmark)
AC002089,TELE_DIALER,,,3710.3,ADDRESS_VERIFICATION_CAMPAIGN,"Your recorded address could not be verified. Please state your exact cross street, nearby landmark, and house gate color."
AC002089,FIELD_FORCE,2913.7,798.0,162.1,STANDARD_PTP,Confirm if premises is located near nearby verified landmark
AC002090,FIELD_FORCE,-2546.4,934.4,387.8,STANDARD_PTP,Confirm if premises is located near nearby verified landmark
AC002091,FIELD_FORCE,812.7,2152.5,77.4,STANDARD_PTP,
AC002091,FIELD_FORCE,-1811.8,1977.4,162.1,STANDARD_PTP,Confirm if premises is located near nearby verified landmark
AC002092,TELE_DIALER,,,3710.3,ADDRESS_VERIFICATION_CAMPAIGN,"Your recorded address could not be verified. Please state your exact cross street, nearby landmark, and house gate color."
AC002093,FIELD_FORCE,-1507.7,-2069.7,162.1,STANDARD_PTP,Confirm if premises is located near nearby verified landmark
AC002094,FIELD_FORCE,808.6,2956.5,77.4,STANDARD_PTP,
AC002094,FIELD_FORCE,304.9,-3232.0,77.4,STANDARD_PTP,
AC002095,FIELD_FORCE,326.1,-3245.2,162.1,STANDARD_PTP,Confirm if premises is located near nearby verified landmark
AC002096,FIELD_FORCE,911.4,119.6,77.4,STANDARD_PTP,
AC002096,TELE_DIALER,,,3710.3,ADDRESS_VERIFICATION_CAMPAIGN,"Your recorded address could not be verified. Please state your exact cross street, nearby landmark, and house gate color."
AC002097,FIELD_FORCE,1212.1,201.9,77.4,STANDARD_PTP,
AC002098,FIELD_FORCE,2476.1,-2350.5,47.9,STANDARD_PTP,
AC002099,FIELD_FORCE,-1176.8,-615.8,47.9,STANDARD_PTP,
AC002100,FIELD_FORCE,2436.2,-2363.7,77.4,STANDARD_PTP,
AC002101,FIELD_FORCE,-1138.4,-1991.8,357.8,STANDARD_PTP,Confirm if premises is located near Near Ganesh Temple (pin is a guess near this landmark)
AC002102,FIELD_FORCE,1197.2,-3177.1,75.0,STANDARD_PTP,
AC002103,FIELD_FORCE,-751.7,-3733.0,47.9,STANDARD_PTP,
AC002103,TELE_DIALER,,,3710.3,ADDRESS_VERIFICATION_CAMPAIGN,"Your recorded address could not be verified. Please state your exact cross street, nearby landmark, and house gate color."
AC002104,TELE_DIALER,,,3710.3,ADDRESS_VERIFICATION_CAMPAIGN,"Your recorded address could not be verified. Please state your exact cross street, nearby landmark, and house gate color."
AC002105,TELE_DIALER,,,3710.3,ADDRESS_VERIFICATION_CAMPAIGN,"Your recorded address could not be verified. Please state your exact cross street, nearby landmark, and house gate color."
AC002106,TELE_DIALER,,,3710.3,ADDRESS_VERIFICATION_CAMPAIGN,"Your recorded address could not be verified. Please state your exact cross street, nearby landmark, and house gate color."
AC002106,TELE_DIALER,,,3710.3,ADDRESS_VERIFICATION_CAMPAIGN,"Your recorded address could not be verified. Please state your exact cross street, nearby landmark, and house gate color."
AC002107,TELE_DIALER,,,3710.3,ADDRESS_VERIFICATION_CAMPAIGN,"Your recorded address could not be verified. Please state your exact cross street, nearby landmark, and house gate color."
AC002108,TELE_DIALER,,,3710.3,ADDRESS_VERIFICATION_CAMPAIGN,"Your recorded address could not be verified. Please state your exact cross street, nearby landmark, and house gate color."
AC002109,FIELD_FORCE,-731.0,-3645.7,47.9,STANDARD_PTP,
AC002110,TELE_DIALER,,,3710.3,ADDRESS_VERIFICATION_CAMPAIGN,"Your recorded address could not be verified. Please state your exact cross street, nearby landmark, and house gate color."
AC002111,FIELD_FORCE,-730.1,-3768.2,77.4,STANDARD_PTP,
AC002112,FIELD_FORCE,-1202.7,-2722.8,387.8,STANDARD_PTP,Confirm if premises is located near nearby verified landmark
AC002113,FIELD_FORCE,-1900.6,-3183.8,77.4,STANDARD_PTP,
AC002114,FIELD_FORCE,717.5,3101.5,75.0,STANDARD_PTP,
AC002114,TELE_DIALER,,,3710.3,ADDRESS_VERIFICATION_CAMPAIGN,"Your recorded address could not be verified. Please state your exact cross street, nearby landmark, and house gate color."
AC002115,FIELD_FORCE,823.7,159.2,77.4,STANDARD_PTP,
AC002116,FIELD_FORCE,774.3,3008.7,47.9,STANDARD_PTP,
AC002117,TELE_DIALER,,,3710.3,ADDRESS_VERIFICATION_CAMPAIGN,"Your recorded address could not be verified. Please state your exact cross street, nearby landmark, and house gate color."
AC002118,FIELD_FORCE,1286.5,688.5,77.4,STANDARD_PTP,
AC002118,FIELD_FORCE,852.0,1611.3,47.9,STANDARD_PTP,
AC002119,FIELD_FORCE,-128.5,1670.7,357.8,STANDARD_PTP,Confirm if premises is located near Near Govt School (pin is a guess near this landmark)
AC002120,TELE_DIALER,,,3710.3,ADDRESS_VERIFICATION_CAMPAIGN,"Your recorded address could not be verified. Please state your exact cross street, nearby landmark, and house gate color."
AC002120,TELE_DIALER,,,3710.3,ADDRESS_VERIFICATION_CAMPAIGN,"Your recorded address could not be verified. Please state your exact cross street, nearby landmark, and house gate color."
AC002121,FIELD_FORCE,3702.1,-33.7,387.8,STANDARD_PTP,Confirm if premises is located near nearby verified landmark
AC002122,TELE_DIALER,,,3710.3,ADDRESS_VERIFICATION_CAMPAIGN,"Your recorded address could not be verified. Please state your exact cross street, nearby landmark, and house gate color."
AC002123,FIELD_FORCE,3600.0,168.3,47.9,STANDARD_PTP,
AC002124,FIELD_FORCE,-1287.0,-45.0,357.8,STANDARD_PTP,Confirm if premises is located near Near Medical Store (pin is a guess near this landmark)
AC002125,FIELD_FORCE,603.1,-747.9,357.8,STANDARD_PTP,Confirm if premises is located near Behind Bus Stop (pin is a guess near this landmark)
AC002126,TELE_DIALER,,,3710.3,ADDRESS_VERIFICATION_CAMPAIGN,"Your recorded address could not be verified. Please state your exact cross street, nearby landmark, and house gate color."
AC002127,FIELD_FORCE,743.8,-130.6,77.4,STANDARD_PTP,
AC002127,FIELD_FORCE,647.5,-2633.2,357.8,STANDARD_PTP,Confirm if premises is located near Opposite Medical Store (pin is a guess near this landmark)
AC002128,FIELD_FORCE,-1138.4,-1991.8,357.8,STANDARD_PTP,Confirm if premises is located near Near Ganesh Temple (pin is a guess near this landmark)
AC002129,FIELD_FORCE,2131.3,831.8,47.9,STANDARD_PTP,
AC002130,FIELD_FORCE,2739.7,-2130.3,357.8,STANDARD_PTP,Confirm if premises is located near Near Park (pin is a guess near this landmark)
AC002131,FIELD_FORCE,1157.0,-1878.5,47.9,STANDARD_PTP,
AC002131,FIELD_FORCE,-1000.9,-804.8,77.4,STANDARD_PTP,
AC002132,FIELD_FORCE,606.7,2900.4,77.4,STANDARD_PTP,
AC002133,FIELD_FORCE,3108.4,458.9,387.8,STANDARD_PTP,Confirm if premises is located near nearby verified landmark
AC002133,FIELD_FORCE,1388.1,1115.9,357.8,STANDARD_PTP,Confirm if premises is located near Opposite Bus Stop (pin is a guess near this landmark)
AC002134,FIELD_FORCE,3788.5,411.2,357.8,STANDARD_PTP,Confirm if premises is located near Near Bus Stop (pin is a guess near this landmark)
AC002134,TELE_DIALER,,,3710.3,ADDRESS_VERIFICATION_CAMPAIGN,"Your recorded address could not be verified. Please state your exact cross street, nearby landmark, and house gate color."
AC002135,FIELD_FORCE,-3815.9,-1048.1,77.4,STANDARD_PTP,
AC002136,FIELD_FORCE,-2546.7,1414.7,47.9,STANDARD_PTP,
AC002137,FIELD_FORCE,2395.0,-2151.1,47.9,STANDARD_PTP,
AC002138,TELE_DIALER,,,3710.3,ADDRESS_VERIFICATION_CAMPAIGN,"Your recorded address could not be verified. Please state your exact cross street, nearby landmark, and house gate color."
AC002138,TELE_DIALER,,,3710.3,ADDRESS_VERIFICATION_CAMPAIGN,"Your recorded address could not be verified. Please state your exact cross street, nearby landmark, and house gate color."
AC002139,FIELD_FORCE,-460.7,-3589.7,357.8,STANDARD_PTP,Confirm if premises is located near Near Masjid (pin is a guess near this landmark)
AC002139,TELE_DIALER,,,3710.3,ADDRESS_VERIFICATION_CAMPAIGN,"Your recorded address could not be verified. Please state your exact cross street, nearby landmark, and house gate color."
AC002140,FIELD_FORCE,-1259.3,67.6,77.4,STANDARD_PTP,
AC002141,FIELD_FORCE,1799.6,-2199.7,47.9,STANDARD_PTP,
AC002142,FIELD_FORCE,739.8,-3457.8,387.8,STANDARD_PTP,Confirm if premises is located near nearby verified landmark
AC002142,FIELD_FORCE,895.5,-469.7,77.4,STANDARD_PTP,
AC002143,FIELD_FORCE,2782.0,-1914.5,47.9,STANDARD_PTP,
AC002144,TELE_DIALER,,,3710.3,ADDRESS_VERIFICATION_CAMPAIGN,"Your recorded address could not be verified. Please state your exact cross street, nearby landmark, and house gate color."
AC002145,FIELD_FORCE,46.1,-3341.5,162.1,STANDARD_PTP,Confirm if premises is located near nearby verified landmark
AC002145,TELE_DIALER,,,3710.3,ADDRESS_VERIFICATION_CAMPAIGN,"Your recorded address could not be verified. Please state your exact cross street, nearby landmark, and house gate color."
AC002146,TELE_DIALER,,,3710.3,ADDRESS_VERIFICATION_CAMPAIGN,"Your recorded address could not be verified. Please state your exact cross street, nearby landmark, and house gate color."
AC002147,FIELD_FORCE,2381.3,-2224.9,387.8,STANDARD_PTP,Confirm if premises is located near Near Masjid (about 170 m from pin)
AC002148,FIELD_FORCE,2531.6,-918.0,47.9,STANDARD_PTP,
AC002149,TELE_DIALER,,,3710.3,ADDRESS_VERIFICATION_CAMPAIGN,"Your recorded address could not be verified. Please state your exact cross street, nearby landmark, and house gate color."
AC002150,TELE_DIALER,,,3710.3,ADDRESS_VERIFICATION_CAMPAIGN,"Your recorded address could not be verified. Please state your exact cross street, nearby landmark, and house gate color."
AC002150,TELE_DIALER,,,3710.3,ADDRESS_VERIFICATION_CAMPAIGN,"Your recorded address could not be verified. Please state your exact cross street, nearby landmark, and house gate color."
AC002151,FIELD_FORCE,-933.1,-1915.8,357.8,STANDARD_PTP,Confirm if premises is located near Near Water Tank (pin is a guess near this landmark)
AC002152,FIELD_FORCE,982.9,751.3,162.1,STANDARD_PTP,Confirm if premises is located near nearby verified landmark
AC002153,FIELD_FORCE,-542.4,2993.3,77.4,STANDARD_PTP,
AC002154,FIELD_FORCE,-2184.5,-2407.6,357.8,STANDARD_PTP,Confirm if premises is located near Near Govt School (pin is a guess near this landmark)
AC002155,TELE_DIALER,,,3710.3,ADDRESS_VERIFICATION_CAMPAIGN,"Your recorded address could not be verified. Please state your exact cross street, nearby landmark, and house gate color."
AC002156,TELE_DIALER,,,3710.3,ADDRESS_VERIFICATION_CAMPAIGN,"Your recorded address could not be verified. Please state your exact cross street, nearby landmark, and house gate color."
AC002157,TELE_DIALER,,,3710.3,ADDRESS_VERIFICATION_CAMPAIGN,"Your recorded address could not be verified. Please state your exact cross street, nearby landmark, and house gate color."
AC002158,FIELD_FORCE,-651.2,-773.0,357.8,STANDARD_PTP,Confirm if premises is located near Opposite Masjid (pin is a guess near this landmark)
AC002159,TELE_DIALER,,,3710.3,ADDRESS_VERIFICATION_CAMPAIGN,"Your recorded address could not be verified. Please state your exact cross street, nearby landmark, and house gate color."
AC002159,FIELD_FORCE,-2878.1,1621.2,357.8,STANDARD_PTP,Confirm if premises is located near Near Milk Dairy (pin is a guess near this landmark)
AC002160,TELE_DIALER,,,3710.3,ADDRESS_VERIFICATION_CAMPAIGN,"Your recorded address could not be verified. Please state your exact cross street, nearby landmark, and house gate color."
AC002160,FIELD_FORCE,578.8,2597.4,77.4,STANDARD_PTP,
AC002161,TELE_DIALER,,,3710.3,ADDRESS_VERIFICATION_CAMPAIGN,"Your recorded address could not be verified. Please state your exact cross street, nearby landmark, and house gate color."
AC002162,FIELD_FORCE,2960.1,-2046.7,77.4,STANDARD_PTP,
AC002163,FIELD_FORCE,-1053.9,932.7,77.4,STANDARD_PTP,
AC002164,FIELD_FORCE,-836.7,-126.2,77.4,STANDARD_PTP,
AC002165,FIELD_FORCE,1629.1,-2310.6,47.9,STANDARD_PTP,
AC002166,TELE_DIALER,,,3710.3,ADDRESS_VERIFICATION_CAMPAIGN,"Your recorded address could not be verified. Please state your exact cross street, nearby landmark, and house gate color."
AC002167,FIELD_FORCE,843.2,3203.3,387.8,STANDARD_PTP,Confirm if premises is located near nearby verified landmark
AC002168,FIELD_FORCE,1353.4,2759.7,47.9,STANDARD_PTP,
AC002169,FIELD_FORCE,3478.9,-28.0,47.9,STANDARD_PTP,
AC002170,FIELD_FORCE,-3996.9,-1034.7,162.1,STANDARD_PTP,Confirm if premises is located near Near Hanuman Temple (about 50 m from pin)
AC002171,FIELD_FORCE,-751.8,-1700.8,47.9,STANDARD_PTP,
AC002172,FIELD_FORCE,690.4,-2778.3,47.9,STANDARD_PTP,
AC002172,FIELD_FORCE,-85.8,-1467.4,357.8,STANDARD_PTP,Confirm if premises is located near Behind Ganesh Temple (pin is a guess near this landmark)
AC002173,TELE_DIALER,,,3710.3,ADDRESS_VERIFICATION_CAMPAIGN,"Your recorded address could not be verified. Please state your exact cross street, nearby landmark, and house gate color."
AC002174,FIELD_FORCE,2866.0,-1819.5,47.9,STANDARD_PTP,
AC002174,FIELD_FORCE,1594.5,-1005.6,77.4,STANDARD_PTP,
AC002175,FIELD_FORCE,2797.3,-2267.7,387.8,STANDARD_PTP,Confirm if premises is located near nearby verified landmark
AC002176,FIELD_FORCE,2177.2,-922.9,47.9,STANDARD_PTP,
AC002177,FIELD_FORCE,-754.5,2722.1,77.4,STANDARD_PTP,
AC002178,FIELD_FORCE,-1044.9,-1004.8,47.9,STANDARD_PTP,
AC002178,FIELD_FORCE,-1067.8,173.3,77.4,STANDARD_PTP,
AC002179,FIELD_FORCE,-881.0,-3547.9,47.9,STANDARD_PTP,
AC002180,FIELD_FORCE,767.4,-2763.0,75.0,STANDARD_PTP,
AC002181,TELE_DIALER,,,3710.3,ADDRESS_VERIFICATION_CAMPAIGN,"Your recorded address could not be verified. Please state your exact cross street, nearby landmark, and house gate color."
AC002181,TELE_DIALER,,,3710.3,ADDRESS_VERIFICATION_CAMPAIGN,"Your recorded address could not be verified. Please state your exact cross street, nearby landmark, and house gate color."
AC002182,FIELD_FORCE,689.1,2363.1,77.4,STANDARD_PTP,
AC002183,FIELD_FORCE,1330.2,-913.0,387.8,STANDARD_PTP,Confirm if premises is located near Opposite Medical Store (about 50 m from pin)
AC002184,FIELD_FORCE,1882.3,-1869.5,47.9,STANDARD_PTP,
AC002185,FIELD_FORCE,1312.9,-2230.6,387.8,STANDARD_PTP,Confirm if premises is located near Near Milk Dairy (about 190 m from pin)
AC002186,FIELD_FORCE,958.5,-475.7,162.1,STANDARD_PTP,Confirm if premises is located near nearby verified landmark
AC002187,TELE_DIALER,,,3710.3,ADDRESS_VERIFICATION_CAMPAIGN,"Your recorded address could not be verified. Please state your exact cross street, nearby landmark, and house gate color."
AC002187,FIELD_FORCE,1097.3,2655.1,357.8,STANDARD_PTP,Confirm if premises is located near Opposite Bus Stop (pin is a guess near this landmark)
AC002188,FIELD_FORCE,745.8,-3140.7,47.9,STANDARD_PTP,
AC002189,TELE_DIALER,,,3710.3,ADDRESS_VERIFICATION_CAMPAIGN,"Your recorded address could not be verified. Please state your exact cross street, nearby landmark, and house gate color."
AC002190,TELE_DIALER,,,3710.3,ADDRESS_VERIFICATION_CAMPAIGN,"Your recorded address could not be verified. Please state your exact cross street, nearby landmark, and house gate color."
AC002191,FIELD_FORCE,-2987.9,726.1,77.4,STANDARD_PTP,
AC002192,FIELD_FORCE,-2377.0,-121.6,77.4,STANDARD_PTP,
AC002193,FIELD_FORCE,3469.5,-2083.9,357.8,STANDARD_PTP,Confirm if premises is located near Near Water Tank (pin is a guess near this landmark)
AC002194,FIELD_FORCE,940.8,2546.9,357.8,STANDARD_PTP,Confirm if premises is located near Near Ration Shop (pin is a guess near this landmark)
AC002195,FIELD_FORCE,2692.5,-1016.7,47.9,STANDARD_PTP,
AC002195,FIELD_FORCE,-191.9,1344.9,77.4,STANDARD_PTP,
AC002196,TELE_DIALER,,,3710.3,ADDRESS_VERIFICATION_CAMPAIGN,"Your recorded address could not be verified. Please state your exact cross street, nearby landmark, and house gate color."
AC002197,TELE_DIALER,,,3710.3,ADDRESS_VERIFICATION_CAMPAIGN,"Your recorded address could not be verified. Please state your exact cross street, nearby landmark, and house gate color."
AC002197,TELE_DIALER,,,3710.3,ADDRESS_VERIFICATION_CAMPAIGN,"Your recorded address could not be verified. Please state your exact cross street, nearby landmark, and house gate color."
AC002198,FIELD_FORCE,-1475.9,764.5,357.8,STANDARD_PTP,Confirm if premises is located near Near Community Hall (pin is a guess near this landmark)
AC002199,FIELD_FORCE,2783.3,-1094.2,162.1,STANDARD_PTP,Confirm if premises is located near nearby verified landmark
AC002199,TELE_DIALER,,,3710.3,ADDRESS_VERIFICATION_CAMPAIGN,"Your recorded address could not be verified. Please state your exact cross street, nearby landmark, and house gate color."
AC002200,FIELD_FORCE,1070.8,-299.1,75.0,STANDARD_PTP,
AC002201,FIELD_FORCE,2379.6,-621.7,47.9,STANDARD_PTP,
AC002202,FIELD_FORCE,-864.0,-2.0,77.4,STANDARD_PTP,
AC002203,FIELD_FORCE,-125.2,-570.8,162.1,STANDARD_PTP,Confirm if premises is located near nearby verified landmark
AC002203,TELE_DIALER,,,3710.3,ADDRESS_VERIFICATION_CAMPAIGN,"Your recorded address could not be verified. Please state your exact cross street, nearby landmark, and house gate color."
AC002204,FIELD_FORCE,-2278.0,-2775.7,162.1,STANDARD_PTP,Confirm if premises is located near nearby verified landmark
AC002204,TELE_DIALER,,,3710.3,ADDRESS_VERIFICATION_CAMPAIGN,"Your recorded address could not be verified. Please state your exact cross street, nearby landmark, and house gate color."
AC002205,FIELD_FORCE,1365.9,-882.5,357.8,STANDARD_PTP,Confirm if premises is located near Opposite Medical Store (pin is a guess near this landmark)
AC002206,FIELD_FORCE,982.4,-771.7,387.8,STANDARD_PTP,Confirm if premises is located near nearby verified landmark
AC002207,FIELD_FORCE,1709.5,-2365.4,47.9,STANDARD_PTP,
AC002208,FIELD_FORCE,665.4,2976.9,162.1,STANDARD_PTP,Confirm if premises is located near nearby verified landmark
AC002209,FIELD_FORCE,-569.8,-390.2,162.1,STANDARD_PTP,Confirm if premises is located near nearby verified landmark
AC002210,FIELD_FORCE,-286.4,2831.5,77.4,STANDARD_PTP,
AC002211,TELE_DIALER,,,3710.3,ADDRESS_VERIFICATION_CAMPAIGN,"Your recorded address could not be verified. Please state your exact cross street, nearby landmark, and house gate color."
AC002212,FIELD_FORCE,1440.8,-1984.6,357.8,STANDARD_PTP,Confirm if premises is located near Near Church (pin is a guess near this landmark)
AC002213,FIELD_FORCE,2627.8,962.2,357.8,STANDARD_PTP,Confirm if premises is located near Near Masjid (pin is a guess near this landmark)
AC002214,TELE_DIALER,,,3710.3,ADDRESS_VERIFICATION_CAMPAIGN,"Your recorded address could not be verified. Please state your exact cross street, nearby landmark, and house gate color."
AC002215,TELE_DIALER,,,3710.3,ADDRESS_VERIFICATION_CAMPAIGN,"Your recorded address could not be verified. Please state your exact cross street, nearby landmark, and house gate color."
AC002216,FIELD_FORCE,1162.8,-2870.4,47.9,STANDARD_PTP,
AC002217,TELE_DIALER,,,3710.3,ADDRESS_VERIFICATION_CAMPAIGN,"Your recorded address could not be verified. Please state your exact cross street, nearby landmark, and house gate color."
AC002218,TELE_DIALER,,,3710.3,ADDRESS_VERIFICATION_CAMPAIGN,"Your recorded address could not be verified. Please state your exact cross street, nearby landmark, and house gate color."
AC002219,FIELD_FORCE,128.2,2571.4,77.4,STANDARD_PTP,
AC002220,FIELD_FORCE,3382.4,-1869.9,77.4,STANDARD_PTP,
AC002221,TELE_DIALER,,,3710.3,ADDRESS_VERIFICATION_CAMPAIGN,"Your recorded address could not be verified. Please state your exact cross street, nearby landmark, and house gate color."
AC002221,FIELD_FORCE,-697.9,-3257.0,77.4,STANDARD_PTP,
AC002222,FIELD_FORCE,-3035.9,-246.8,77.4,STANDARD_PTP,
AC002223,FIELD_FORCE,4012.4,652.7,77.4,STANDARD_PTP,
AC002224,FIELD_FORCE,-2340.7,1721.4,47.9,STANDARD_PTP,
AC002225,TELE_DIALER,,,3710.3,ADDRESS_VERIFICATION_CAMPAIGN,"Your recorded address could not be verified. Please state your exact cross street, nearby landmark, and house gate color."
AC002226,FIELD_FORCE,-853.4,-708.6,357.8,STANDARD_PTP,Confirm if premises is located near Near Ration Shop (pin is a guess near this landmark)
AC002227,FIELD_FORCE,1498.0,-2259.8,47.9,STANDARD_PTP,
AC002228,FIELD_FORCE,913.8,-1116.8,162.1,STANDARD_PTP,Confirm if premises is located near nearby verified landmark
AC002229,FIELD_FORCE,3291.2,290.9,387.8,STANDARD_PTP,Confirm if premises is located near nearby verified landmark
AC002230,FIELD_FORCE,-2678.2,-543.8,357.8,STANDARD_PTP,Confirm if premises is located near Near Church (pin is a guess near this landmark)
AC002230,TELE_DIALER,,,3710.3,ADDRESS_VERIFICATION_CAMPAIGN,"Your recorded address could not be verified. Please state your exact cross street, nearby landmark, and house gate color."
AC002231,FIELD_FORCE,1374.0,265.7,387.8,STANDARD_PTP,Confirm if premises is located near nearby verified landmark
AC002232,FIELD_FORCE,740.2,-3077.2,357.8,STANDARD_PTP,Confirm if premises is located near Near Community Hall (pin is a guess near this landmark)
AC002233,FIELD_FORCE,-630.2,-485.3,77.4,STANDARD_PTP,
AC002234,FIELD_FORCE,2467.5,-710.3,47.9,STANDARD_PTP,
AC002235,TELE_DIALER,,,3710.3,ADDRESS_VERIFICATION_CAMPAIGN,"Your recorded address could not be verified. Please state your exact cross street, nearby landmark, and house gate color."
AC002236,FIELD_FORCE,-452.0,2927.4,47.9,STANDARD_PTP,
AC002237,FIELD_FORCE,2382.5,921.3,75.0,STANDARD_PTP,
AC002238,FIELD_FORCE,1201.6,-327.0,47.9,STANDARD_PTP,
AC002239,TELE_DIALER,,,3710.3,ADDRESS_VERIFICATION_CAMPAIGN,"Your recorded address could not be verified. Please state your exact cross street, nearby landmark, and house gate color."
AC002240,FIELD_FORCE,-379.8,-3305.2,77.4,STANDARD_PTP,
AC002241,TELE_DIALER,,,3710.3,ADDRESS_VERIFICATION_CAMPAIGN,"Your recorded address could not be verified. Please state your exact cross street, nearby landmark, and house gate color."
AC002241,FIELD_FORCE,2627.8,962.2,357.8,STANDARD_PTP,Confirm if premises is located near Near Masjid (pin is a guess near this landmark)
AC002242,FIELD_FORCE,2908.5,940.9,357.8,STANDARD_PTP,Confirm if premises is located near Near Ration Shop (pin is a guess near this landmark)
AC002243,FIELD_FORCE,4090.5,104.5,387.8,STANDARD_PTP,Confirm if premises is located near nearby verified landmark
AC002243,FIELD_FORCE,-2362.1,1239.0,77.4,STANDARD_PTP,
AC002244,FIELD_FORCE,526.1,-937.1,47.9,STANDARD_PTP,
AC002245,TELE_DIALER,,,3710.3,ADDRESS_VERIFICATION_CAMPAIGN,"Your recorded address could not be verified. Please state your exact cross street, nearby landmark, and house gate color."
AC002246,FIELD_FORCE,1722.9,-2340.4,357.8,STANDARD_PTP,Confirm if premises is located near Near Medical Store (pin is a guess near this landmark)
AC002247,FIELD_FORCE,431.5,1548.7,357.8,STANDARD_PTP,Confirm if premises is located near Near Bus Stop (pin is a guess near this landmark)
AC002248,FIELD_FORCE,1064.9,-454.5,47.9,STANDARD_PTP,
AC002249,TELE_DIALER,,,3710.3,ADDRESS_VERIFICATION_CAMPAIGN,"Your recorded address could not be verified. Please state your exact cross street, nearby landmark, and house gate color."
AC002250,TELE_DIALER,,,3710.3,ADDRESS_VERIFICATION_CAMPAIGN,"Your recorded address could not be verified. Please state your exact cross street, nearby landmark, and house gate color."
AC002251,TELE_DIALER,,,3710.3,ADDRESS_VERIFICATION_CAMPAIGN,"Your recorded address could not be verified. Please state your exact cross street, nearby landmark, and house gate color."
AC002252,FIELD_FORCE,910.2,-1234.0,387.8,STANDARD_PTP,Confirm if premises is located near nearby verified landmark
AC002253,TELE_DIALER,,,3710.3,ADDRESS_VERIFICATION_CAMPAIGN,"Your recorded address could not be verified. Please state your exact cross street, nearby landmark, and house gate color."
AC002254,FIELD_FORCE,-2246.4,1652.8,47.9,STANDARD_PTP,
AC002255,TELE_DIALER,,,3710.3,ADDRESS_VERIFICATION_CAMPAIGN,"Your recorded address could not be verified. Please state your exact cross street, nearby landmark, and house gate color."
AC002256,TELE_DIALER,,,3710.3,ADDRESS_VERIFICATION_CAMPAIGN,"Your recorded address could not be verified. Please state your exact cross street, nearby landmark, and house gate color."
AC002257,FIELD_FORCE,-341.5,-653.2,77.4,STANDARD_PTP,
AC002257,FIELD_FORCE,940.8,2546.9,357.8,STANDARD_PTP,Confirm if premises is located near Near Ration Shop (pin is a guess near this landmark)
AC002258,FIELD_FORCE,2637.8,-2240.0,162.1,STANDARD_PTP,Confirm if premises is located near nearby verified landmark
AC002259,TELE_DIALER,,,3710.3,ADDRESS_VERIFICATION_CAMPAIGN,"Your recorded address could not be verified. Please state your exact cross street, nearby landmark, and house gate color."
AC002260,FIELD_FORCE,2903.8,-2208.0,387.8,STANDARD_PTP,Confirm if premises is located near Behind Community Hall (about 140 m from pin)
AC002261,FIELD_FORCE,2340.3,423.9,387.8,STANDARD_PTP,Confirm if premises is located near nearby verified landmark
AC002261,FIELD_FORCE,-491.4,1504.2,77.4,STANDARD_PTP,
AC002262,FIELD_FORCE,-590.4,-1779.8,77.4,STANDARD_PTP,
AC002263,FIELD_FORCE,-214.4,-209.1,357.8,STANDARD_PTP,Confirm if premises is located near Near Bus Stop (pin is a guess near this landmark)
AC002264,FIELD_FORCE,-345.6,-3806.0,47.9,STANDARD_PTP,
AC002265,FIELD_FORCE,-834.6,-2978.5,357.8,STANDARD_PTP,Confirm if premises is located near Near Church (pin is a guess near this landmark)
AC002266,FIELD_FORCE,2739.7,-2130.3,357.8,STANDARD_PTP,Confirm if premises is located near Near Park (pin is a guess near this landmark)
AC002267,FIELD_FORCE,2738.1,-2555.3,47.9,STANDARD_PTP,
AC002268,TELE_DIALER,,,3710.3,ADDRESS_VERIFICATION_CAMPAIGN,"Your recorded address could not be verified. Please state your exact cross street, nearby landmark, and house gate color."
AC002269,FIELD_FORCE,782.5,-2683.6,75.0,STANDARD_PTP,
AC002270,TELE_DIALER,,,3710.3,ADDRESS_VERIFICATION_CAMPAIGN,"Your recorded address could not be verified. Please state your exact cross street, nearby landmark, and house gate color."
AC002271,TELE_DIALER,,,3710.3,ADDRESS_VERIFICATION_CAMPAIGN,"Your recorded address could not be verified. Please state your exact cross street, nearby landmark, and house gate color."
AC002272,FIELD_FORCE,2588.2,-1986.4,47.9,STANDARD_PTP,
AC002273,TELE_DIALER,,,3710.3,ADDRESS_VERIFICATION_CAMPAIGN,"Your recorded address could not be verified. Please state your exact cross street, nearby landmark, and house gate color."
AC002274,TELE_DIALER,,,3710.3,ADDRESS_VERIFICATION_CAMPAIGN,"Your recorded address could not be verified. Please state your exact cross street, nearby landmark, and house gate color."
AC002275,FIELD_FORCE,1166.8,-3175.8,47.9,STANDARD_PTP,
AC002275,FIELD_FORCE,1092.3,-419.8,357.8,STANDARD_PTP,Confirm if premises is located near Near Hanuman Temple (pin is a guess near this landmark)
AC002276,TELE_DIALER,,,3710.3,ADDRESS_VERIFICATION_CAMPAIGN,"Your recorded address could not be verified. Please state your exact cross street, nearby landmark, and house gate color."
AC002277,TELE_DIALER,,,3710.3,ADDRESS_VERIFICATION_CAMPAIGN,"Your recorded address could not be verified. Please state your exact cross street, nearby landmark, and house gate color."
AC002278,FIELD_FORCE,-628.6,-3460.1,387.8,STANDARD_PTP,Confirm if premises is located near Opposite Hanuman Temple (about 90 m from pin)
AC002279,FIELD_FORCE,912.7,-715.2,47.9,STANDARD_PTP,
AC002280,TELE_DIALER,,,3710.3,ADDRESS_VERIFICATION_CAMPAIGN,"Your recorded address could not be verified. Please state your exact cross street, nearby landmark, and house gate color."
AC002281,TELE_DIALER,,,3710.3,ADDRESS_VERIFICATION_CAMPAIGN,"Your recorded address could not be verified. Please state your exact cross street, nearby landmark, and house gate color."
AC002282,FIELD_FORCE,1131.1,2972.0,47.9,STANDARD_PTP,
AC002283,FIELD_FORCE,2129.0,991.8,47.9,STANDARD_PTP,
AC002284,TELE_DIALER,,,3710.3,ADDRESS_VERIFICATION_CAMPAIGN,"Your recorded address could not be verified. Please state your exact cross street, nearby landmark, and house gate color."
AC002285,TELE_DIALER,,,3710.3,ADDRESS_VERIFICATION_CAMPAIGN,"Your recorded address could not be verified. Please state your exact cross street, nearby landmark, and house gate color."
AC002285,TELE_DIALER,,,3710.3,ADDRESS_VERIFICATION_CAMPAIGN,"Your recorded address could not be verified. Please state your exact cross street, nearby landmark, and house gate color."
AC002286,FIELD_FORCE,1273.7,1633.5,162.1,STANDARD_PTP,Confirm if premises is located near nearby verified landmark
AC002287,FIELD_FORCE,-2344.3,-89.0,77.4,STANDARD_PTP,
AC002287,TELE_DIALER,,,3710.3,ADDRESS_VERIFICATION_CAMPAIGN,"Your recorded address could not be verified. Please state your exact cross street, nearby landmark, and house gate color."
AC002288,FIELD_FORCE,2958.1,214.7,357.8,STANDARD_PTP,Confirm if premises is located near Near Community Hall (pin is a guess near this landmark)
AC002289,FIELD_FORCE,933.9,299.4,357.8,STANDARD_PTP,Confirm if premises is located near Behind Post Office (pin is a guess near this landmark)
AC002290,TELE_DIALER,,,3710.3,ADDRESS_VERIFICATION_CAMPAIGN,"Your recorded address could not be verified. Please state your exact cross street, nearby landmark, and house gate color."
AC002290,TELE_DIALER,,,3710.3,ADDRESS_VERIFICATION_CAMPAIGN,"Your recorded address could not be verified. Please state your exact cross street, nearby landmark, and house gate color."
AC002291,TELE_DIALER,,,3710.3,ADDRESS_VERIFICATION_CAMPAIGN,"Your recorded address could not be verified. Please state your exact cross street, nearby landmark, and house gate color."
AC002292,FIELD_FORCE,1631.8,-800.8,357.8,STANDARD_PTP,Confirm if premises is located near Near Milk Dairy (pin is a guess near this landmark)
AC002293,FIELD_FORCE,2417.7,-1777.4,387.8,STANDARD_PTP,Confirm if premises is located near nearby verified landmark
AC002294,TELE_DIALER,,,3710.3,ADDRESS_VERIFICATION_CAMPAIGN,"Your recorded address could not be verified. Please state your exact cross street, nearby landmark, and house gate color."
AC002294,TELE_DIALER,,,3710.3,ADDRESS_VERIFICATION_CAMPAIGN,"Your recorded address could not be verified. Please state your exact cross street, nearby landmark, and house gate color."
AC002295,FIELD_FORCE,-3034.2,-201.5,47.9,STANDARD_PTP,
AC002296,TELE_DIALER,,,3710.3,ADDRESS_VERIFICATION_CAMPAIGN,"Your recorded address could not be verified. Please state your exact cross street, nearby landmark, and house gate color."
AC002296,TELE_DIALER,,,3710.3,ADDRESS_VERIFICATION_CAMPAIGN,"Your recorded address could not be verified. Please state your exact cross street, nearby landmark, and house gate color."
AC002297,FIELD_FORCE,-2450.1,-537.9,387.8,STANDARD_PTP,Confirm if premises is located near Opposite Masjid (about 30 m from pin)
AC002298,FIELD_FORCE,-432.7,-3506.1,162.1,STANDARD_PTP,Confirm if premises is located near nearby verified landmark
AC002299,TELE_DIALER,,,3710.3,ADDRESS_VERIFICATION_CAMPAIGN,"Your recorded address could not be verified. Please state your exact cross street, nearby landmark, and house gate color."
AC002300,FIELD_FORCE,976.6,3136.1,47.9,STANDARD_PTP,
AC002301,FIELD_FORCE,-2716.2,1918.1,47.9,STANDARD_PTP,
AC002302,TELE_DIALER,,,3710.3,ADDRESS_VERIFICATION_CAMPAIGN,"Your recorded address could not be verified. Please state your exact cross street, nearby landmark, and house gate color."
AC002303,FIELD_FORCE,417.2,2575.1,47.9,STANDARD_PTP,
AC002304,FIELD_FORCE,-1246.7,-3.8,47.9,STANDARD_PTP,
AC002305,FIELD_FORCE,3929.9,720.8,47.9,STANDARD_PTP,
AC002306,TELE_DIALER,,,3710.3,ADDRESS_VERIFICATION_CAMPAIGN,"Your recorded address could not be verified. Please state your exact cross street, nearby landmark, and house gate color."
AC002306,FIELD_FORCE,-1239.1,-2298.0,357.8,STANDARD_PTP,Confirm if premises is located near Near Church (pin is a guess near this landmark)
AC002307,FIELD_FORCE,2048.1,-1324.2,357.8,STANDARD_PTP,Confirm if premises is located near Behind Masjid (pin is a guess near this landmark)
AC002307,FIELD_FORCE,2083.6,1623.1,357.8,STANDARD_PTP,Confirm if premises is located near Near Community Hall (pin is a guess near this landmark)
AC002308,FIELD_FORCE,1156.6,-2176.6,387.8,STANDARD_PTP,Confirm if premises is located near Near Govt School (about 140 m from pin)
AC002309,FIELD_FORCE,1440.8,-1984.6,357.8,STANDARD_PTP,Confirm if premises is located near Near Church (pin is a guess near this landmark)
AC002310,TELE_DIALER,,,3710.3,ADDRESS_VERIFICATION_CAMPAIGN,"Your recorded address could not be verified. Please state your exact cross street, nearby landmark, and house gate color."
AC002311,FIELD_FORCE,1385.4,-1659.8,77.4,STANDARD_PTP,
AC002312,FIELD_FORCE,-2667.9,-491.0,47.9,STANDARD_PTP,
AC002313,FIELD_FORCE,2870.3,-2346.1,357.8,STANDARD_PTP,Confirm if premises is located near Near Hanuman Temple (pin is a guess near this landmark)
AC002314,FIELD_FORCE,1363.5,165.8,47.9,STANDARD_PTP,
AC002315,TELE_DIALER,,,3710.3,ADDRESS_VERIFICATION_CAMPAIGN,"Your recorded address could not be verified. Please state your exact cross street, nearby landmark, and house gate color."
AC002316,FIELD_FORCE,3925.0,539.3,47.9,STANDARD_PTP,
AC002317,FIELD_FORCE,3064.5,-2330.8,47.9,STANDARD_PTP,
AC002318,FIELD_FORCE,-2815.2,848.0,387.8,STANDARD_PTP,Confirm if premises is located near nearby verified landmark
AC002319,FIELD_FORCE,1353.4,2759.7,75.0,STANDARD_PTP,
AC002320,FIELD_FORCE,3789.2,102.4,77.4,STANDARD_PTP,
AC002321,FIELD_FORCE,730.4,-3301.6,77.4,STANDARD_PTP,
AC002322,FIELD_FORCE,3128.2,-2406.1,77.4,STANDARD_PTP,
AC002323,FIELD_FORCE,-2628.9,1730.9,77.4,STANDARD_PTP,
AC002324,FIELD_FORCE,-963.6,-311.3,77.4,STANDARD_PTP,
AC002325,FIELD_FORCE,2537.5,-2211.9,47.9,STANDARD_PTP,
AC002326,FIELD_FORCE,-651.2,-773.0,357.8,STANDARD_PTP,Confirm if premises is located near Near Masjid (pin is a guess near this landmark)
AC002327,FIELD_FORCE,293.9,-2746.9,47.9,STANDARD_PTP,
AC002328,FIELD_FORCE,-2018.6,-2173.4,357.8,STANDARD_PTP,Confirm if premises is located near Near Bus Stop (pin is a guess near this landmark)
AC002329,FIELD_FORCE,976.4,233.6,77.4,STANDARD_PTP,
AC002330,FIELD_FORCE,-750.8,-1527.6,47.9,STANDARD_PTP,
AC002331,FIELD_FORCE,2885.2,-2015.9,47.9,STANDARD_PTP,
AC002332,FIELD_FORCE,-1168.0,3189.9,162.1,STANDARD_PTP,Confirm if premises is located near nearby verified landmark
AC002333,FIELD_FORCE,817.7,172.4,357.8,STANDARD_PTP,Confirm if premises is located near Near Ration Shop (pin is a guess near this landmark)
AC002334,FIELD_FORCE,1728.0,-1906.3,77.4,STANDARD_PTP,
AC002335,TELE_DIALER,,,3710.3,ADDRESS_VERIFICATION_CAMPAIGN,"Your recorded address could not be verified. Please state your exact cross street, nearby landmark, and house gate color."
AC002336,FIELD_FORCE,2992.4,-2510.1,387.8,STANDARD_PTP,Confirm if premises is located near nearby verified landmark
AC002336,TELE_DIALER,,,3710.3,ADDRESS_VERIFICATION_CAMPAIGN,"Your recorded address could not be verified. Please state your exact cross street, nearby landmark, and house gate color."
AC002337,TELE_DIALER,,,3710.3,ADDRESS_VERIFICATION_CAMPAIGN,"Your recorded address could not be verified. Please state your exact cross street, nearby landmark, and house gate color."
AC002338,FIELD_FORCE,884.0,2753.0,77.4,STANDARD_PTP,
AC002338,FIELD_FORCE,1397.8,-82.2,77.4,STANDARD_PTP,
AC002339,FIELD_FORCE,-261.0,3381.3,162.1,STANDARD_PTP,Confirm if premises is located near nearby verified landmark
AC002340,FIELD_FORCE,-1120.2,-3087.4,47.9,STANDARD_PTP,
AC002340,FIELD_FORCE,1741.0,-632.8,77.4,STANDARD_PTP,
AC002341,FIELD_FORCE,-652.7,-3836.1,47.9,STANDARD_PTP,
AC002342,FIELD_FORCE,1526.1,-2484.8,387.8,STANDARD_PTP,Confirm if premises is located near nearby verified landmark
AC002342,FIELD_FORCE,3311.4,640.9,387.8,STANDARD_PTP,Confirm if premises is located near nearby verified landmark
AC002343,FIELD_FORCE,972.1,2461.3,47.9,STANDARD_PTP,
AC002344,FIELD_FORCE,2451.5,629.0,387.8,STANDARD_PTP,Confirm if premises is located near nearby verified landmark
AC002345,TELE_DIALER,,,3710.3,ADDRESS_VERIFICATION_CAMPAIGN,"Your recorded address could not be verified. Please state your exact cross street, nearby landmark, and house gate color."
AC002345,FIELD_FORCE,1213.8,2524.6,357.8,STANDARD_PTP,Confirm if premises is located near Near Medical Store (pin is a guess near this landmark)
AC002346,FIELD_FORCE,668.6,2782.5,47.9,STANDARD_PTP,
AC002347,FIELD_FORCE,-1550.8,649.1,357.8,STANDARD_PTP,Confirm if premises is located near Behind Hanuman Temple (pin is a guess near this landmark)
AC002348,FIELD_FORCE,732.3,-1067.4,357.8,STANDARD_PTP,Confirm if premises is located near Near Church (pin is a guess near this landmark)
AC002349,TELE_DIALER,,,3710.3,ADDRESS_VERIFICATION_CAMPAIGN,"Your recorded address could not be verified. Please state your exact cross street, nearby landmark, and house gate color."
AC002349,FIELD_FORCE,1252.3,-2490.2,162.1,STANDARD_PTP,Confirm if premises is located near nearby verified landmark
AC002350,FIELD_FORCE,2907.0,-2465.7,47.9,STANDARD_PTP,
AC002351,FIELD_FORCE,2109.4,1079.1,77.4,STANDARD_PTP,
AC002352,FIELD_FORCE,-1122.4,327.5,357.8,STANDARD_PTP,Confirm if premises is located near Near Ganesh Temple (pin is a guess near this landmark)
AC002353,FIELD_FORCE,-639.9,-3367.2,357.8,STANDARD_PTP,Confirm if premises is located near Near Hanuman Temple (pin is a guess near this landmark)
AC002354,FIELD_FORCE,2856.1,-1946.7,77.4,STANDARD_PTP,
AC002354,FIELD_FORCE,-523.1,-1063.1,162.1,STANDARD_PTP,Confirm if premises is located near nearby verified landmark
AC002355,FIELD_FORCE,2447.4,-1191.9,357.8,STANDARD_PTP,Confirm if premises is located near Near Post Office (pin is a guess near this landmark)
AC002356,TELE_DIALER,,,3710.3,ADDRESS_VERIFICATION_CAMPAIGN,"Your recorded address could not be verified. Please state your exact cross street, nearby landmark, and house gate color."
AC002357,FIELD_FORCE,2331.0,1450.7,47.9,STANDARD_PTP,
AC002357,FIELD_FORCE,2467.9,1182.6,162.1,STANDARD_PTP,Confirm if premises is located near nearby verified landmark
AC002358,FIELD_FORCE,2529.2,509.4,162.1,STANDARD_PTP,Confirm if premises is located near nearby verified landmark
AC002359,FIELD_FORCE,3316.0,761.7,77.4,STANDARD_PTP,
AC002360,TELE_DIALER,,,3710.3,ADDRESS_VERIFICATION_CAMPAIGN,"Your recorded address could not be verified. Please state your exact cross street, nearby landmark, and house gate color."
AC002361,TELE_DIALER,,,3710.3,ADDRESS_VERIFICATION_CAMPAIGN,"Your recorded address could not be verified. Please state your exact cross street, nearby landmark, and house gate color."
AC002362,FIELD_FORCE,783.6,-216.0,47.9,STANDARD_PTP,
AC002362,TELE_DIALER,,,3710.3,ADDRESS_VERIFICATION_CAMPAIGN,"Your recorded address could not be verified. Please state your exact cross street, nearby landmark, and house gate color."
AC002363,TELE_DIALER,,,3710.3,ADDRESS_VERIFICATION_CAMPAIGN,"Your recorded address could not be verified. Please state your exact cross street, nearby landmark, and house gate color."
AC002364,FIELD_FORCE,1215.5,-2555.7,387.8,STANDARD_PTP,Confirm if premises is located near Opposite Masjid (about 140 m from pin)
AC002365,FIELD_FORCE,2943.3,-1265.5,47.9,STANDARD_PTP,
AC002366,FIELD_FORCE,-3990.5,-1086.5,357.8,STANDARD_PTP,Confirm if premises is located near Near Hanuman Temple (pin is a guess near this landmark)
AC002366,TELE_DIALER,,,3710.3,ADDRESS_VERIFICATION_CAMPAIGN,"Your recorded address could not be verified. Please state your exact cross street, nearby landmark, and house gate color."
AC002367,TELE_DIALER,,,3710.3,ADDRESS_VERIFICATION_CAMPAIGN,"Your recorded address could not be verified. Please state your exact cross street, nearby landmark, and house gate color."
AC002368,FIELD_FORCE,-2508.2,-2473.3,162.1,STANDARD_PTP,Confirm if premises is located near nearby verified landmark
AC002369,FIELD_FORCE,794.1,2623.1,47.9,STANDARD_PTP,
AC002370,FIELD_FORCE,2870.3,-2346.1,357.8,STANDARD_PTP,Confirm if premises is located near Near Hanuman Temple (pin is a guess near this landmark)
AC002371,TELE_DIALER,,,3710.3,ADDRESS_VERIFICATION_CAMPAIGN,"Your recorded address could not be verified. Please state your exact cross street, nearby landmark, and house gate color."
AC002372,FIELD_FORCE,3256.0,-2207.1,77.4,STANDARD_PTP,
AC002372,TELE_DIALER,,,3710.3,ADDRESS_VERIFICATION_CAMPAIGN,"Your recorded address could not be verified. Please state your exact cross street, nearby landmark, and house gate color."
AC002373,FIELD_FORCE,3890.6,687.3,47.9,STANDARD_PTP,
AC002374,FIELD_FORCE,-724.9,-3104.0,75.0,STANDARD_PTP,
AC002375,FIELD_FORCE,-310.8,990.8,357.8,STANDARD_PTP,Confirm if premises is located near Near Masjid (pin is a guess near this landmark)
AC002376,FIELD_FORCE,-643.5,1512.2,357.8,STANDARD_PTP,Confirm if premises is located near Near Petrol Bunk (pin is a guess near this landmark)
AC002377,FIELD_FORCE,3049.4,-2157.6,357.8,STANDARD_PTP,Confirm if premises is located near Near Ration Shop (pin is a guess near this landmark)
AC002378,FIELD_FORCE,854.6,2780.8,47.9,STANDARD_PTP,
AC002379,FIELD_FORCE,1219.0,-157.6,162.1,STANDARD_PTP,Confirm if premises is located near nearby verified landmark
AC002380,FIELD_FORCE,748.3,-746.9,162.1,STANDARD_PTP,Confirm if premises is located near nearby verified landmark
AC002380,FIELD_FORCE,3231.2,-1663.6,357.8,STANDARD_PTP,Confirm if premises is located near Near Ration Shop (pin is a guess near this landmark)
AC002381,FIELD_FORCE,699.6,2863.9,47.9,STANDARD_PTP,
AC002381,FIELD_FORCE,2376.9,-1178.1,47.9,STANDARD_PTP,
AC002382,FIELD_FORCE,1402.7,-1827.3,47.9,STANDARD_PTP,
AC002382,TELE_DIALER,,,3710.3,ADDRESS_VERIFICATION_CAMPAIGN,"Your recorded address could not be verified. Please state your exact cross street, nearby landmark, and house gate color."
AC002383,TELE_DIALER,,,3710.3,ADDRESS_VERIFICATION_CAMPAIGN,"Your recorded address could not be verified. Please state your exact cross street, nearby landmark, and house gate color."
AC002384,FIELD_FORCE,2335.2,1476.5,357.8,STANDARD_PTP,Confirm if premises is located near Near Ration Shop (pin is a guess near this landmark)
AC002385,FIELD_FORCE,-668.5,-3901.1,162.1,STANDARD_PTP,Confirm if premises is located near nearby verified landmark
AC002385,FIELD_FORCE,-804.9,-831.0,77.4,STANDARD_PTP,
AC002386,TELE_DIALER,,,3710.3,ADDRESS_VERIFICATION_CAMPAIGN,"Your recorded address could not be verified. Please state your exact cross street, nearby landmark, and house gate color."
AC002387,FIELD_FORCE,1499.5,-2117.0,47.9,STANDARD_PTP,
AC002388,TELE_DIALER,,,3710.3,ADDRESS_VERIFICATION_CAMPAIGN,"Your recorded address could not be verified. Please state your exact cross street, nearby landmark, and house gate color."
AC002388,TELE_DIALER,,,3710.3,ADDRESS_VERIFICATION_CAMPAIGN,"Your recorded address could not be verified. Please state your exact cross street, nearby landmark, and house gate color."
AC002389,FIELD_FORCE,2936.0,-1523.8,387.8,STANDARD_PTP,Confirm if premises is located near nearby verified landmark
AC002390,FIELD_FORCE,2844.3,775.5,357.8,STANDARD_PTP,Confirm if premises is located near Near Water Tank (pin is a guess near this landmark)
AC002391,FIELD_FORCE,823.0,-420.4,357.8,STANDARD_PTP,Confirm if premises is located near Near Ganesh Temple (pin is a guess near this landmark)
AC002392,TELE_DIALER,,,3710.3,ADDRESS_VERIFICATION_CAMPAIGN,"Your recorded address could not be verified. Please state your exact cross street, nearby landmark, and house gate color."
AC002393,TELE_DIALER,,,3710.3,ADDRESS_VERIFICATION_CAMPAIGN,"Your recorded address could not be verified. Please state your exact cross street, nearby landmark, and house gate color."
AC002394,FIELD_FORCE,-1383.6,-2714.2,47.9,STANDARD_PTP,
AC002395,TELE_DIALER,,,3710.3,ADDRESS_VERIFICATION_CAMPAIGN,"Your recorded address could not be verified. Please state your exact cross street, nearby landmark, and house gate color."
AC002396,FIELD_FORCE,3334.2,-2080.9,47.9,STANDARD_PTP,
AC002397,FIELD_FORCE,703.2,-867.4,77.4,STANDARD_PTP,
AC002398,FIELD_FORCE,2670.5,-1356.2,47.9,STANDARD_PTP,
AC002399,FIELD_FORCE,3646.8,552.3,75.0,STANDARD_PTP,
AC002400,FIELD_FORCE,960.4,-2976.6,47.9,STANDARD_PTP,
AC001768,TELE_DIALER,,,3710.3,ADDRESS_VERIFICATION_CAMPAIGN,"Your recorded address could not be verified. Please state your exact cross street, nearby landmark, and house gate color."
AC002225,FIELD_FORCE,1137.6,-22.3,77.4,STANDARD_PTP,
AC001013,TELE_DIALER,,,3710.3,ADDRESS_VERIFICATION_CAMPAIGN,"Your recorded address could not be verified. Please state your exact cross street, nearby landmark, and house gate color."
AC001529,FIELD_FORCE,758.4,3083.5,387.8,STANDARD_PTP,Confirm if premises is located near Near Petrol Bunk (about 140 m from pin)
AC001408,FIELD_FORCE,2717.2,-2216.1,47.9,STANDARD_PTP,
AC001748,FIELD_FORCE,1014.9,243.1,47.9,STANDARD_PTP,
AC001232,FIELD_FORCE,1004.9,-3064.4,387.8,STANDARD_PTP,Confirm if premises is located near nearby verified landmark
AC001882,FIELD_FORCE,-643.5,1512.2,357.8,STANDARD_PTP,Confirm if premises is located near Opposite Petrol Bunk (pin is a guess near this landmark)
AC001373,FIELD_FORCE,-117.3,3050.8,387.8,STANDARD_PTP,Confirm if premises is located near nearby verified landmark
AC002288,FIELD_FORCE,1370.9,220.7,47.9,STANDARD_PTP,
AC001202,TELE_DIALER,,,3710.3,ADDRESS_VERIFICATION_CAMPAIGN,"Your recorded address could not be verified. Please state your exact cross street, nearby landmark, and house gate color."
AC000542,TELE_DIALER,,,3710.3,ADDRESS_VERIFICATION_CAMPAIGN,"Your recorded address could not be verified. Please state your exact cross street, nearby landmark, and house gate color."
AC000602,FIELD_FORCE,-720.2,2971.9,357.8,STANDARD_PTP,Confirm if premises is located near Near Church (pin is a guess near this landmark)
AC002368,FIELD_FORCE,-1122.4,327.5,357.8,STANDARD_PTP,Confirm if premises is located near Near Ganesh Temple (pin is a guess near this landmark)
AC001755,FIELD_FORCE,999.8,-3112.8,357.8,STANDARD_PTP,Confirm if premises is located near Opposite Hanuman Temple (pin is a guess near this landmark)
AC000977,FIELD_FORCE,2975.5,-2722.3,75.0,STANDARD_PTP,
