address_id,fx,fy,R90,tier,action,hint
AD000001,1211.1,-183.0,47.85237716143284,visits_agree,DIRECT_VISIT,
AD000002,-2449.8,-2068.9,77.439266525452,visit_1,DIRECT_VISIT,
AD000003,-3692.1,-916.4,3710.345440791194,baseline_coarse,VERIFY_FIRST,
AD000004,2775.9,-1262.8,3710.345440791194,baseline_coarse,VERIFY_FIRST,
AD000005,471.9,-3260.2,357.82349000589664,landmark,VISIT_WITH_HINT,Behind Ration Shop (pin is a guess near this landmark)
AD000007,107.8,1245.9,357.82349000589664,landmark,VISIT_WITH_HINT,Beside Ration Shop (pin is a guess near this landmark)
AD000008,-2950.8,1246.7,3710.345440791194,baseline_coarse,VERIFY_FIRST,
AD000009,2971.9,-2299.3,77.439266525452,visit_1,DIRECT_VISIT,Near Hanuman Temple (about 110 m from pin)
AD000010,-2067.2,1732.8,3710.345440791194,baseline_coarse,VERIFY_FIRST,
AD000011,3051.1,-2317.6,357.82349000589664,landmark,VISIT_WITH_HINT,Near Milk Dairy (pin is a guess near this landmark)
AD000012,-676.4,-682.4,387.8348230883865,visits_disagree,VISIT_WITH_HINT,Near Masjid (about 90 m from pin)
AD000013,-1016.5,2852.7,357.82349000589664,landmark,VISIT_WITH_HINT,Opposite Water Tank (pin is a guess near this landmark)
AD000014,-1054.7,2946.9,162.09531146828414,baseline_street,VISIT_WITH_HINT,
AD000015,1219.4,-161.4,77.439266525452,visit_1,DIRECT_VISIT,
AD000016,749.7,2395.7,387.8348230883865,visits_disagree,VISIT_WITH_HINT,
AD000017,-1058.4,2983.7,47.85237716143284,visits_agree,DIRECT_VISIT,Opposite Water Tank (about 140 m from pin)
AD000018,603.3,2344.3,47.85237716143284,visits_agree,DIRECT_VISIT,
AD000019,-3064.3,177.9,77.439266525452,visit_1,DIRECT_VISIT,
AD000020,-1757.6,1140.6,3710.345440791194,baseline_coarse,VERIFY_FIRST,
AD000021,4029.7,339.0,162.09531146828414,baseline_street,VISIT_WITH_HINT,
AD000022,1516.8,-353.6,162.09531146828414,baseline_street,VISIT_WITH_HINT,
AD000023,-2953.3,-22.1,387.8348230883865,visits_disagree,VISIT_WITH_HINT,
AD000024,-2110.2,1617.4,357.82349000589664,landmark,VISIT_WITH_HINT,Near Ganesh Temple (pin is a guess near this landmark)
AD000025,-252.0,2905.8,3710.345440791194,baseline_coarse,VERIFY_FIRST,
AD000026,-2808.8,965.6,3710.345440791194,baseline_coarse,VERIFY_FIRST,
AD000027,907.5,2916.2,387.8348230883865,visits_disagree,VISIT_WITH_HINT,
AD000028,-723.2,-1600.6,162.09531146828414,baseline_street,VISIT_WITH_HINT,
AD000029,-571.3,2970.6,3710.345440791194,baseline_coarse,VERIFY_FIRST,
AD000030,2944.0,-1697.5,387.8348230883865,visits_disagree,VISIT_WITH_HINT,
AD000031,2977.6,-2446.6,47.85237716143284,visits_agree,DIRECT_VISIT,
AD000032,1778.0,-1819.5,387.8348230883865,visits_disagree,VISIT_WITH_HINT,
AD000033,2426.3,941.4,162.09531146828414,baseline_street,VISIT_WITH_HINT,
AD000034,916.1,-109.8,357.82349000589664,landmark,VISIT_WITH_HINT,Near Ganesh Temple (pin is a guess near this landmark)
AD000035,3051.1,-2317.6,357.82349000589664,landmark,VISIT_WITH_HINT,Behind Milk Dairy (pin is a guess near this landmark)
AD000036,3305.3,491.5,162.09531146828414,baseline_street,VISIT_WITH_HINT,Opposite Community Hall (about 90 m from pin)
AD000037,535.9,-3227.3,387.8348230883865,visits_disagree,VISIT_WITH_HINT,
AD000039,-565.7,2542.2,47.85237716143284,visits_agree,DIRECT_VISIT,
AD000040,835.0,-2924.7,77.439266525452,visit_1,DIRECT_VISIT,
AD000041,-628.0,-1274.5,77.439266525452,visit_1,DIRECT_VISIT,Near Church (about 130 m from pin)
AD000042,3765.0,483.2,3710.345440791194,baseline_coarse,VERIFY_FIRST,
AD000043,3920.2,708.4,47.85237716143284,visits_agree,DIRECT_VISIT,
AD000045,-2505.6,-92.4,357.82349000589664,landmark,VISIT_WITH_HINT,Near Govt School (pin is a guess near this landmark)
AD000046,-842.2,2899.6,357.82349000589664,landmark,VISIT_WITH_HINT,Opposite Ration Shop (pin is a guess near this landmark)
AD000047,-2418.3,1132.2,387.8348230883865,visits_disagree,VISIT_WITH_HINT,
AD000048,-1850.9,2492.2,3710.345440791194,baseline_coarse,VERIFY_FIRST,
AD000049,759.7,2396.0,387.8348230883865,visits_disagree,VISIT_WITH_HINT,
AD000050,1085.8,-457.7,3710.345440791194,baseline_coarse,VERIFY_FIRST,
AD000052,386.5,-2773.4,162.09531146828414,baseline_street,VISIT_WITH_HINT,
AD000053,1978.1,-1152.9,3710.345440791194,baseline_coarse,VERIFY_FIRST,
AD000054,-3155.2,823.8,357.82349000589664,landmark,VISIT_WITH_HINT,Near Ganesh Temple (pin is a guess near this landmark)
AD000055,920.0,-972.3,3710.345440791194,baseline_coarse,VERIFY_FIRST,
AD000056,-3841.3,-903.0,3710.345440791194,baseline_coarse,VERIFY_FIRST,
AD000057,-2505.6,-92.4,357.82349000589664,landmark,VISIT_WITH_HINT,Near Govt School (pin is a guess near this landmark)
AD000058,-596.5,-626.0,3710.345440791194,baseline_coarse,VERIFY_FIRST,
AD000059,-763.9,167.5,162.09531146828414,baseline_street,VISIT_WITH_HINT,
AD000060,3803.1,106.6,47.85237716143284,visits_agree,DIRECT_VISIT,
AD000061,1440.8,-1984.6,357.82349000589664,landmark,VISIT_WITH_HINT,Near Church (pin is a guess near this landmark)
AD000062,595.8,-3084.5,387.8348230883865,visits_disagree,VISIT_WITH_HINT,Opposite Bus Stop (about 110 m from pin)
AD000063,3267.0,631.8,162.09531146828414,baseline_street,VISIT_WITH_HINT,
AD000064,-623.0,1796.3,3710.345440791194,baseline_coarse,VERIFY_FIRST,
AD000065,731.9,-1039.8,357.82349000589664,landmark,VISIT_WITH_HINT,Near Govt School (pin is a guess near this landmark)
AD000066,1183.9,-195.0,47.85237716143284,visits_agree,DIRECT_VISIT,
AD000067,3117.8,-2025.1,3710.345440791194,baseline_coarse,VERIFY_FIRST,
AD000068,3345.4,462.6,47.85237716143284,visits_agree,DIRECT_VISIT,
AD000069,725.5,-3440.1,387.8348230883865,visits_disagree,VISIT_WITH_HINT,
AD000071,858.3,-3936.9,162.09531146828414,baseline_street,VISIT_WITH_HINT,Near Petrol Bunk (about 120 m from pin)
AD000072,1600.0,-2585.2,3710.345440791194,baseline_coarse,VERIFY_FIRST,
AD000073,988.4,868.5,162.09531146828414,baseline_street,VISIT_WITH_HINT,
AD000074,912.5,2794.6,3710.345440791194,baseline_coarse,VERIFY_FIRST,
AD000075,2773.6,-2317.7,387.8348230883865,visits_disagree,VISIT_WITH_HINT,Opposite Hanuman Temple (about 100 m from pin)
AD000076,983.0,1451.1,77.439266525452,visit_1,DIRECT_VISIT,
AD000077,1912.1,-1886.9,3710.345440791194,baseline_coarse,VERIFY_FIRST,
AD000078,-2529.5,-133.2,387.8348230883865,visits_disagree,VISIT_WITH_HINT,Opposite Govt School (about 50 m from pin)
AD000079,1006.2,-1203.7,387.8348230883865,visits_disagree,VISIT_WITH_HINT,
AD000080,4327.2,439.3,162.09531146828414,baseline_street,VISIT_WITH_HINT,
AD000081,-756.1,-862.4,47.85237716143284,visits_agree,DIRECT_VISIT,Near Milk Dairy (about 150 m from pin)
AD000082,3973.1,369.9,77.439266525452,visit_1,DIRECT_VISIT,
AD000083,-764.5,-471.1,357.82349000589664,landmark,VISIT_WITH_HINT,Near Post Office (pin is a guess near this landmark)
AD000084,-460.7,-3589.7,357.82349000589664,landmark,VISIT_WITH_HINT,Near Masjid (pin is a guess near this landmark)
AD000085,342.9,-3120.5,77.439266525452,visit_1,DIRECT_VISIT,
AD000086,2547.1,-1379.7,47.85237716143284,visits_agree,DIRECT_VISIT,Opposite Water Tank (about 70 m from pin)
AD000087,647.2,1285.8,3710.345440791194,baseline_coarse,VERIFY_FIRST,
AD000088,-429.0,3101.5,387.8348230883865,visits_disagree,VISIT_WITH_HINT,
AD000089,-532.5,3389.7,357.82349000589664,landmark,VISIT_WITH_HINT,Near Hanuman Temple (pin is a guess near this landmark)
AD000090,-1528.9,-2813.1,357.82349000589664,landmark,VISIT_WITH_HINT,Near Hanuman Temple (pin is a guess near this landmark)
AD000091,2011.1,-2152.7,3710.345440791194,baseline_coarse,VERIFY_FIRST,
AD000092,3226.9,-1831.6,3710.345440791194,baseline_coarse,VERIFY_FIRST,
AD000093,-661.1,3190.5,357.82349000589664,landmark,VISIT_WITH_HINT,Near Community Hall (pin is a guess near this landmark)
AD000094,-2657.2,-180.7,47.85237716143284,visits_agree,DIRECT_VISIT,Near Govt School (about 180 m from pin)
AD000096,3372.7,548.7,387.8348230883865,visits_disagree,VISIT_WITH_HINT,
AD000097,-3608.2,-893.3,3710.345440791194,baseline_coarse,VERIFY_FIRST,
AD000098,-2492.9,1358.7,387.8348230883865,visits_disagree,VISIT_WITH_HINT,
AD000099,-344.8,-417.3,387.8348230883865,visits_disagree,VISIT_WITH_HINT,
AD000100,2817.3,-2082.9,47.85237716143284,visits_agree,DIRECT_VISIT,Near Park (about 90 m from pin)
AD000101,-2378.1,1427.1,357.82349000589664,landmark,VISIT_WITH_HINT,Near Masjid (pin is a guess near this landmark)
AD000102,641.8,2525.7,162.09531146828414,baseline_street,VISIT_WITH_HINT,
AD000103,3131.2,-1871.8,3710.345440791194,baseline_coarse,VERIFY_FIRST,
AD000104,2382.0,1003.2,3710.345440791194,baseline_coarse,VERIFY_FIRST,
AD000105,-680.7,-57.7,47.85237716143284,visits_agree,DIRECT_VISIT,
AD000106,-3155.2,823.8,357.82349000589664,landmark,VISIT_WITH_HINT,Near Ganesh Temple (pin is a guess near this landmark)
AD000107,2334.4,-765.7,77.439266525452,visit_1,DIRECT_VISIT,
AD000108,-1138.4,-1991.8,357.82349000589664,landmark,VISIT_WITH_HINT,Near Ganesh Temple (pin is a guess near this landmark)
AD000109,2046.8,-1272.3,3710.345440791194,baseline_coarse,VERIFY_FIRST,
AD000111,2702.3,1144.4,387.8348230883865,visits_disagree,VISIT_WITH_HINT,
AD000112,804.3,-2828.4,3710.345440791194,baseline_coarse,VERIFY_FIRST,
AD000113,-768.2,3483.0,357.82349000589664,landmark,VISIT_WITH_HINT,Opposite Park (pin is a guess near this landmark)
AD000114,2682.4,-1869.8,47.85237716143284,visits_agree,DIRECT_VISIT,
AD000115,-474.6,3263.8,3710.345440791194,baseline_coarse,VERIFY_FIRST,
AD000116,-2353.1,-1649.3,3710.345440791194,baseline_coarse,VERIFY_FIRST,
AD000117,3443.4,-1945.1,357.82349000589664,landmark,VISIT_WITH_HINT,Near Bus Stop (pin is a guess near this landmark)
AD000119,-968.8,-2481.6,3710.345440791194,baseline_coarse,VERIFY_FIRST,
AD000120,3379.5,-1929.9,3710.345440791194,baseline_coarse,VERIFY_FIRST,
AD000121,-1415.5,-1879.2,3710.345440791194,baseline_coarse,VERIFY_FIRST,
AD000122,1365.9,-882.5,357.82349000589664,landmark,VISIT_WITH_HINT,Opposite Medical Store (pin is a guess near this landmark)
AD000123,940.8,2546.9,357.82349000589664,landmark,VISIT_WITH_HINT,Near Ration Shop (pin is a guess near this landmark)
AD000124,3433.8,-1644.8,357.82349000589664,landmark,VISIT_WITH_HINT,Near Ganesh Temple (pin is a guess near this landmark)
AD000125,3788.5,411.2,357.82349000589664,landmark,VISIT_WITH_HINT,Near Bus Stop (pin is a guess near this landmark)
AD000126,700.5,-3095.1,387.8348230883865,visits_disagree,VISIT_WITH_HINT,
AD000127,731.9,-1039.8,357.82349000589664,landmark,VISIT_WITH_HINT,Near Govt School (pin is a guess near this landmark)
AD000128,2493.8,-2183.8,3710.345440791194,baseline_coarse,VERIFY_FIRST,
AD000129,3227.9,-1952.8,387.8348230883865,visits_disagree,VISIT_WITH_HINT,
AD000130,1690.6,-1164.5,357.82349000589664,landmark,VISIT_WITH_HINT,Near Medical Store (pin is a guess near this landmark)
AD000132,1014.3,-406.9,357.82349000589664,landmark,VISIT_WITH_HINT,Near Masjid (pin is a guess near this landmark)
AD000133,-3978.6,-1286.0,162.09531146828414,baseline_street,VISIT_WITH_HINT,Near Hanuman Temple (about 200 m from pin)
AD000134,1143.9,2406.8,162.09531146828414,baseline_street,VISIT_WITH_HINT,
AD000135,809.1,-2623.7,387.8348230883865,visits_disagree,VISIT_WITH_HINT,
AD000136,1074.5,-14.3,3710.345440791194,baseline_coarse,VERIFY_FIRST,
AD000137,-2374.3,-534.0,47.85237716143284,visits_agree,DIRECT_VISIT,Near Post Office (about 110 m from pin)
AD000138,630.7,-3083.7,387.8348230883865,visits_disagree,VISIT_WITH_HINT,
AD000139,751.7,-2626.5,162.09531146828414,baseline_street,VISIT_WITH_HINT,
AD000140,-643.5,1512.2,357.82349000589664,landmark,VISIT_WITH_HINT,Near Petrol Bunk (pin is a guess near this landmark)
AD000141,1537.3,-1398.4,3710.345440791194,baseline_coarse,VERIFY_FIRST,
AD000142,3912.3,805.3,387.8348230883865,visits_disagree,VISIT_WITH_HINT,
AD000144,-800.4,3450.6,357.82349000589664,landmark,VISIT_WITH_HINT,Opposite Bus Stop (pin is a guess near this landmark)
AD000145,-853.4,-708.6,357.82349000589664,landmark,VISIT_WITH_HINT,Near Ration Shop (pin is a guess near this landmark)
AD000146,717.9,2409.4,47.85237716143284,visits_agree,DIRECT_VISIT,
AD000147,1011.1,2871.0,47.85237716143284,visits_agree,DIRECT_VISIT,
AD000148,-834.6,-2978.5,357.82349000589664,landmark,VISIT_WITH_HINT,Near Church (pin is a guess near this landmark)
AD000149,898.6,1331.4,3710.345440791194,baseline_coarse,VERIFY_FIRST,
AD000150,2467.1,-1139.0,387.8348230883865,visits_disagree,VISIT_WITH_HINT,
AD000151,-749.2,3343.4,47.85237716143284,visits_agree,DIRECT_VISIT,
AD000152,2653.0,-1080.9,47.85237716143284,visits_agree,DIRECT_VISIT,
AD000153,-2351.2,-129.7,387.8348230883865,visits_disagree,VISIT_WITH_HINT,
AD000154,3574.3,-2265.2,47.85237716143284,visits_agree,DIRECT_VISIT,Beside Park (about 40 m from pin)
AD000155,1161.1,-606.8,47.85237716143284,visits_agree,DIRECT_VISIT,
AD000156,1540.6,-1875.4,3710.345440791194,baseline_coarse,VERIFY_FIRST,
AD000157,3469.5,-2083.9,357.82349000589664,landmark,VISIT_WITH_HINT,Near Water Tank (pin is a guess near this landmark)
AD000159,-2843.2,-104.5,47.85237716143284,visits_agree,DIRECT_VISIT,
AD000160,3714.4,463.4,3710.345440791194,baseline_coarse,VERIFY_FIRST,
AD000161,-2895.9,1119.9,3710.345440791194,baseline_coarse,VERIFY_FIRST,
AD000162,868.5,-3513.3,162.09531146828414,baseline_street,VISIT_WITH_HINT,
AD000163,-717.4,2785.1,77.439266525452,visit_1,DIRECT_VISIT,
AD000164,2695.6,440.9,162.09531146828414,baseline_street,VISIT_WITH_HINT,
AD000165,3311.0,698.1,77.439266525452,visit_1,DIRECT_VISIT,
AD000166,2818.5,943.1,77.439266525452,visit_1,DIRECT_VISIT,
AD000167,815.5,-2841.7,357.82349000589664,landmark,VISIT_WITH_HINT,Near Community Hall (pin is a guess near this landmark)
AD000168,-1851.1,2503.5,3710.345440791194,baseline_coarse,VERIFY_FIRST,
AD000169,3296.6,-2155.0,387.8348230883865,visits_disagree,VISIT_WITH_HINT,
AD000170,-3693.3,-790.0,387.8348230883865,visits_disagree,VISIT_WITH_HINT,
AD000171,330.4,46.5,3710.345440791194,baseline_coarse,VERIFY_FIRST,
AD000172,-2154.2,-2638.4,47.85237716143284,visits_agree,DIRECT_VISIT,
AD000173,1442.8,-2339.6,387.8348230883865,visits_disagree,VISIT_WITH_HINT,
AD000174,107.8,1245.9,357.82349000589664,landmark,VISIT_WITH_HINT,Behind Ration Shop (pin is a guess near this landmark)
AD000175,1839.7,-2155.9,77.439266525452,visit_1,DIRECT_VISIT,
AD000176,850.2,-2706.2,47.85237716143284,visits_agree,DIRECT_VISIT,
AD000177,-487.5,2891.6,77.439266525452,visit_1,DIRECT_VISIT,
AD000178,1113.4,169.5,47.85237716143284,visits_agree,DIRECT_VISIT,
AD000179,2359.4,960.2,3710.345440791194,baseline_coarse,VERIFY_FIRST,
AD000180,-2231.4,-2703.7,77.439266525452,visit_1,DIRECT_VISIT,
AD000181,2949.1,651.6,77.439266525452,visit_1,DIRECT_VISIT,
AD000182,1097.3,2655.1,357.82349000589664,landmark,VISIT_WITH_HINT,Opposite Bus Stop (pin is a guess near this landmark)
AD000184,-2110.2,1617.4,357.82349000589664,landmark,VISIT_WITH_HINT,Near Ganesh Temple (pin is a guess near this landmark)
AD000185,1196.4,-1078.7,162.09531146828414,baseline_street,VISIT_WITH_HINT,
AD000186,2335.2,1476.5,357.82349000589664,landmark,VISIT_WITH_HINT,Opposite Ration Shop (pin is a guess near this landmark)
AD000187,1178.3,1055.4,387.8348230883865,visits_disagree,VISIT_WITH_HINT,
AD000188,603.1,-747.9,357.82349000589664,landmark,VISIT_WITH_HINT,Near Bus Stop (pin is a guess near this landmark)
AD000189,3646.8,93.2,77.439266525452,visit_1,DIRECT_VISIT,
AD000190,2341.1,-763.1,77.439266525452,visit_1,DIRECT_VISIT,
AD000191,-3520.2,-911.8,77.439266525452,visit_1,DIRECT_VISIT,
AD000192,1551.7,-183.9,77.439266525452,visit_1,DIRECT_VISIT,
AD000193,1647.3,-1343.3,3710.345440791194,baseline_coarse,VERIFY_FIRST,
AD000194,-1251.3,-2795.5,77.439266525452,visit_1,DIRECT_VISIT,
AD000195,2070.8,1351.1,77.439266525452,visit_1,DIRECT_VISIT,Opposite Bus Stop (about 90 m from pin)
AD000196,945.8,2597.2,3710.345440791194,baseline_coarse,VERIFY_FIRST,
AD000197,-2675.6,-139.7,387.8348230883865,visits_disagree,VISIT_WITH_HINT,
AD000198,-481.4,3190.3,47.85237716143284,visits_agree,DIRECT_VISIT,
AD000199,1121.9,-542.2,77.439266525452,visit_1,DIRECT_VISIT,Near Hanuman Temple (about 130 m from pin)
AD000200,363.2,-2875.2,77.439266525452,visit_1,DIRECT_VISIT,
AD000201,1541.4,1225.3,77.439266525452,visit_1,DIRECT_VISIT,
AD000202,3562.0,-1789.0,77.439266525452,visit_1,DIRECT_VISIT,
AD000203,2619.4,-2436.0,387.8348230883865,visits_disagree,VISIT_WITH_HINT,
AD000204,993.7,2519.7,387.8348230883865,visits_disagree,VISIT_WITH_HINT,Opposite Ration Shop (about 60 m from pin)
AD000205,-3668.2,-895.0,3710.345440791194,baseline_coarse,VERIFY_FIRST,
AD000206,-1710.6,2446.3,3710.345440791194,baseline_coarse,VERIFY_FIRST,
AD000207,-2041.1,2351.0,3710.345440791194,baseline_coarse,VERIFY_FIRST,
AD000208,-875.5,2948.7,162.09531146828414,baseline_street,VISIT_WITH_HINT,Opposite Church (about 160 m from pin)
AD000209,2843.8,757.1,357.82349000589664,landmark,VISIT_WITH_HINT,Near Ration Shop (pin is a guess near this landmark)
AD000210,-617.3,-417.4,3710.345440791194,baseline_coarse,VERIFY_FIRST,
AD000211,1457.6,-3638.9,162.09531146828414,baseline_street,VISIT_WITH_HINT,
AD000212,667.9,-3156.5,162.09531146828414,baseline_street,VISIT_WITH_HINT,
AD000213,522.3,-3013.7,162.09531146828414,baseline_street,VISIT_WITH_HINT,
AD000214,719.5,-2910.2,3710.345440791194,baseline_coarse,VERIFY_FIRST,
AD000216,-4073.5,-1011.5,387.8348230883865,visits_disagree,VISIT_WITH_HINT,
AD000217,1097.3,2655.1,357.82349000589664,landmark,VISIT_WITH_HINT,Near Bus Stop (pin is a guess near this landmark)
AD000219,-2847.1,-569.9,357.82349000589664,landmark,VISIT_WITH_HINT,Near Bus Stop (pin is a guess near this landmark)
AD000220,1444.5,-471.0,47.85237716143284,visits_agree,DIRECT_VISIT,
AD000221,691.8,-707.9,387.8348230883865,visits_disagree,VISIT_WITH_HINT,Behind Bus Stop (about 100 m from pin)
AD000222,-720.3,3307.9,162.09531146828414,baseline_street,VISIT_WITH_HINT,
AD000223,1930.1,-2161.8,387.8348230883865,visits_disagree,VISIT_WITH_HINT,
AD000224,1482.8,285.8,162.09531146828414,baseline_street,VISIT_WITH_HINT,
AD000225,2390.0,1082.8,162.09531146828414,baseline_street,VISIT_WITH_HINT,
AD000226,-1122.4,327.5,357.82349000589664,landmark,VISIT_WITH_HINT,Near Ganesh Temple (pin is a guess near this landmark)
AD000227,1161.6,-1190.1,387.8348230883865,visits_disagree,VISIT_WITH_HINT,
AD000228,3808.8,-94.5,387.8348230883865,visits_disagree,VISIT_WITH_HINT,
AD000229,-232.8,-956.2,357.82349000589664,landmark,VISIT_WITH_HINT,Behind Govt School (pin is a guess near this landmark)
AD000230,3391.3,470.7,357.82349000589664,landmark,VISIT_WITH_HINT,Near Community Hall (pin is a guess near this landmark)
AD000231,192.2,2588.1,47.85237716143284,visits_agree,DIRECT_VISIT,
AD000232,-581.7,617.7,162.09531146828414,baseline_street,VISIT_WITH_HINT,
AD000233,884.8,-779.9,47.85237716143284,visits_agree,DIRECT_VISIT,
AD000234,311.7,1955.9,357.82349000589664,landmark,VISIT_WITH_HINT,Beside Milk Dairy (pin is a guess near this landmark)
AD000235,-3557.8,-771.9,77.439266525452,visit_1,DIRECT_VISIT,
AD000236,2638.8,-1993.3,77.439266525452,visit_1,DIRECT_VISIT,
AD000237,-3259.5,1123.9,77.439266525452,visit_1,DIRECT_VISIT,
AD000238,-2865.4,991.0,387.8348230883865,visits_disagree,VISIT_WITH_HINT,
AD000239,990.2,-713.2,387.8348230883865,visits_disagree,VISIT_WITH_HINT,
AD000240,1351.7,-2043.6,3710.345440791194,baseline_coarse,VERIFY_FIRST,
AD000241,1150.8,812.1,162.09531146828414,baseline_street,VISIT_WITH_HINT,
AD000242,2715.6,1452.3,162.09531146828414,baseline_street,VISIT_WITH_HINT,Opposite Park (pin is at this landmark)
AD000243,1206.9,-744.9,162.09531146828414,baseline_street,VISIT_WITH_HINT,
AD000244,-3921.2,-577.0,357.82349000589664,landmark,VISIT_WITH_HINT,Near Community Hall (pin is a guess near this landmark)
AD000245,2315.3,-2045.4,3710.345440791194,baseline_coarse,VERIFY_FIRST,
AD000246,-1958.5,2486.1,3710.345440791194,baseline_coarse,VERIFY_FIRST,
AD000247,818.4,-568.4,47.85237716143284,visits_agree,DIRECT_VISIT,
AD000248,1448.4,-3612.2,357.82349000589664,landmark,VISIT_WITH_HINT,Near Medical Store (pin is a guess near this landmark)
AD000249,1309.7,-694.4,162.09531146828414,baseline_street,VISIT_WITH_HINT,
AD000250,879.7,2744.0,3710.345440791194,baseline_coarse,VERIFY_FIRST,
AD000251,-1498.6,569.8,387.8348230883865,visits_disagree,VISIT_WITH_HINT,
AD000252,3587.9,471.9,3710.345440791194,baseline_coarse,VERIFY_FIRST,
AD000253,524.6,-2839.2,47.85237716143284,visits_agree,DIRECT_VISIT,Near Bus Stop (about 140 m from pin)
AD000254,-563.2,-1389.8,357.82349000589664,landmark,VISIT_WITH_HINT,Opposite Church (pin is a guess near this landmark)
AD000255,2374.4,932.2,47.85237716143284,visits_agree,DIRECT_VISIT,
AD000256,-184.5,-1112.1,162.09531146828414,baseline_street,VISIT_WITH_HINT,
AD000257,3139.1,-2096.0,387.8348230883865,visits_disagree,VISIT_WITH_HINT,
AD000258,-670.9,-3384.7,47.85237716143284,visits_agree,DIRECT_VISIT,Opposite Hanuman Temple (about 40 m from pin)
AD000259,2826.0,-2473.0,77.439266525452,visit_1,DIRECT_VISIT,Opposite Hanuman Temple (about 130 m from pin)
AD000260,1037.8,-475.3,47.85237716143284,visits_agree,DIRECT_VISIT,Near Hanuman Temple (about 80 m from pin)
AD000261,978.3,-31.3,3710.345440791194,baseline_coarse,VERIFY_FIRST,
AD000263,940.8,2546.9,357.82349000589664,landmark,VISIT_WITH_HINT,Near Ration Shop (pin is a guess near this landmark)
AD000264,3015.8,634.3,3710.345440791194,baseline_coarse,VERIFY_FIRST,
AD000265,2825.6,744.4,162.09531146828414,baseline_street,VISIT_WITH_HINT,
AD000266,2472.7,1773.6,3710.345440791194,baseline_coarse,VERIFY_FIRST,
AD000267,2468.3,-1135.3,77.439266525452,visit_1,DIRECT_VISIT,
AD000268,956.7,3025.5,47.85237716143284,visits_agree,DIRECT_VISIT,
AD000269,-2018.6,-2173.4,357.82349000589664,landmark,VISIT_WITH_HINT,Behind Bus Stop (pin is a guess near this landmark)
AD000270,903.1,-852.7,3710.345440791194,baseline_coarse,VERIFY_FIRST,
AD000272,-2374.7,-544.0,77.439266525452,visit_1,DIRECT_VISIT,Near Masjid (about 100 m from pin)
AD000273,-1141.9,-1670.5,3710.345440791194,baseline_coarse,VERIFY_FIRST,
AD000274,-1111.4,-3205.8,3710.345440791194,baseline_coarse,VERIFY_FIRST,
AD000275,1713.0,-2106.1,77.439266525452,visit_1,DIRECT_VISIT,
AD000276,522.5,2280.2,3710.345440791194,baseline_coarse,VERIFY_FIRST,
AD000277,-1550.8,649.1,357.82349000589664,landmark,VISIT_WITH_HINT,Near Hanuman Temple (pin is a guess near this landmark)
AD000278,-1906.6,-2723.3,162.09531146828414,baseline_street,VISIT_WITH_HINT,
AD000279,-4108.9,-675.7,77.439266525452,visit_1,DIRECT_VISIT,
AD000280,1261.2,-1087.1,77.439266525452,visit_1,DIRECT_VISIT,
AD000281,991.1,-2735.6,77.439266525452,visit_1,DIRECT_VISIT,
AD000282,723.4,-4003.0,162.09531146828414,baseline_street,VISIT_WITH_HINT,
AD000284,-438.9,3062.1,47.85237716143284,visits_agree,DIRECT_VISIT,
AD000285,362.5,2790.3,47.85237716143284,visits_agree,DIRECT_VISIT,Opposite Church (about 110 m from pin)
AD000286,409.3,-3331.4,387.8348230883865,visits_disagree,VISIT_WITH_HINT,
AD000287,2779.3,-2405.5,387.8348230883865,visits_disagree,VISIT_WITH_HINT,Near Hanuman Temple (about 110 m from pin)
AD000288,-3043.0,-595.3,387.8348230883865,visits_disagree,VISIT_WITH_HINT,
AD000290,2820.9,142.7,47.85237716143284,visits_agree,DIRECT_VISIT,Near Community Hall (about 150 m from pin)
AD000291,3391.3,470.7,357.82349000589664,landmark,VISIT_WITH_HINT,Opposite Community Hall (pin is a guess near this landmark)
AD000292,433.6,2325.6,77.439266525452,visit_1,DIRECT_VISIT,Near Ganesh Temple (about 160 m from pin)
AD000293,2579.1,637.1,77.439266525452,visit_1,DIRECT_VISIT,
AD000294,317.9,-2199.1,3710.345440791194,baseline_coarse,VERIFY_FIRST,
AD000295,1271.3,-2337.2,162.09531146828414,baseline_street,VISIT_WITH_HINT,Near Masjid (about 200 m from pin)
AD000296,2665.0,509.0,357.82349000589664,landmark,VISIT_WITH_HINT,Behind Bus Stop (pin is a guess near this landmark)
AD000297,2708.9,-2292.4,162.09531146828414,baseline_street,VISIT_WITH_HINT,
AD000298,25.4,2765.6,162.09531146828414,baseline_street,VISIT_WITH_HINT,
AD000299,1733.4,-1328.5,3710.345440791194,baseline_coarse,VERIFY_FIRST,
AD000300,-2878.1,1621.2,357.82349000589664,landmark,VISIT_WITH_HINT,Near Milk Dairy (pin is a guess near this landmark)
AD000301,-669.0,-472.4,357.82349000589664,landmark,VISIT_WITH_HINT,Near Water Tank (pin is a guess near this landmark)
AD000302,1095.4,-284.1,3710.345440791194,baseline_coarse,VERIFY_FIRST,
AD000303,3577.4,623.4,387.8348230883865,visits_disagree,VISIT_WITH_HINT,
AD000304,492.6,2650.8,357.82349000589664,landmark,VISIT_WITH_HINT,Beside Community Hall (pin is a guess near this landmark)
AD000305,-2621.5,1526.0,3710.345440791194,baseline_coarse,VERIFY_FIRST,
AD000306,3788.5,411.2,357.82349000589664,landmark,VISIT_WITH_HINT,Opposite Bus Stop (pin is a guess near this landmark)
AD000307,-2945.2,1006.0,162.09531146828414,baseline_street,VISIT_WITH_HINT,Near Post Office (about 180 m from pin)
AD000308,3788.5,411.2,357.82349000589664,landmark,VISIT_WITH_HINT,Near Bus Stop (pin is a guess near this landmark)
AD000309,2841.9,-1725.2,387.8348230883865,visits_disagree,VISIT_WITH_HINT,
AD000310,-1199.4,-2182.4,3710.345440791194,baseline_coarse,VERIFY_FIRST,
AD000311,984.5,2609.2,3710.345440791194,baseline_coarse,VERIFY_FIRST,
AD000312,431.5,1548.7,357.82349000589664,landmark,VISIT_WITH_HINT,Near Bus Stop (pin is a guess near this landmark)
AD000313,-2279.5,-487.4,357.82349000589664,landmark,VISIT_WITH_HINT,Near Post Office (pin is a guess near this landmark)
AD000314,2527.7,-2131.0,47.85237716143284,visits_agree,DIRECT_VISIT,
AD000315,-1021.5,-3266.2,162.09531146828414,baseline_street,VISIT_WITH_HINT,
AD000316,2395.7,-2145.6,387.8348230883865,visits_disagree,VISIT_WITH_HINT,
AD000317,-1833.5,1124.5,3710.345440791194,baseline_coarse,VERIFY_FIRST,
AD000318,1002.4,40.9,3710.345440791194,baseline_coarse,VERIFY_FIRST,
AD000319,2771.2,-2024.6,3710.345440791194,baseline_coarse,VERIFY_FIRST,
AD000320,2030.0,-913.0,77.439266525452,visit_1,DIRECT_VISIT,Opposite Park (about 110 m from pin)
AD000321,-2350.3,-2317.5,357.82349000589664,landmark,VISIT_WITH_HINT,Near Water Tank (pin is a guess near this landmark)
AD000322,3019.2,-2449.0,387.8348230883865,visits_disagree,VISIT_WITH_HINT,
AD000323,-2525.3,1863.1,387.8348230883865,visits_disagree,VISIT_WITH_HINT,
AD000324,-2635.5,1704.9,387.8348230883865,visits_disagree,VISIT_WITH_HINT,
AD000325,-3777.4,-867.7,3710.345440791194,baseline_coarse,VERIFY_FIRST,
AD000326,-1868.8,-1311.3,3710.345440791194,baseline_coarse,VERIFY_FIRST,
AD000327,1006.3,-146.5,3710.345440791194,baseline_coarse,VERIFY_FIRST,
AD000328,319.5,-2871.4,47.85237716143284,visits_agree,DIRECT_VISIT,
AD000330,2726.5,-1166.8,77.439266525452,visit_1,DIRECT_VISIT,
AD000331,2880.0,718.1,3710.345440791194,baseline_coarse,VERIFY_FIRST,
AD000332,-532.5,3389.7,357.82349000589664,landmark,VISIT_WITH_HINT,Near Hanuman Temple (pin is a guess near this landmark)
AD000333,1097.3,2655.1,357.82349000589664,landmark,VISIT_WITH_HINT,Near Bus Stop (pin is a guess near this landmark)
AD000334,740.2,-3077.2,357.82349000589664,landmark,VISIT_WITH_HINT,Near Community Hall (pin is a guess near this landmark)
AD000335,3433.8,-1644.8,357.82349000589664,landmark,VISIT_WITH_HINT,Opposite Ganesh Temple (pin is a guess near this landmark)
AD000336,1158.2,-2028.8,47.85237716143284,visits_agree,DIRECT_VISIT,Beside Govt School (about 30 m from pin)
AD000337,1478.3,-2033.8,387.8348230883865,visits_disagree,VISIT_WITH_HINT,Opposite Church (about 60 m from pin)
AD000338,1216.6,-2012.5,47.85237716143284,visits_agree,DIRECT_VISIT,Beside Govt School (about 40 m from pin)
AD000339,1523.2,-2053.0,3710.345440791194,baseline_coarse,VERIFY_FIRST,
AD000340,-572.7,-1114.1,3710.345440791194,baseline_coarse,VERIFY_FIRST,
AD000341,288.3,2340.7,3710.345440791194,baseline_coarse,VERIFY_FIRST,
AD000342,3541.7,-73.7,47.85237716143284,visits_agree,DIRECT_VISIT,
AD000343,2855.5,515.3,3710.345440791194,baseline_coarse,VERIFY_FIRST,
AD000344,-1249.4,-3317.3,357.82349000589664,landmark,VISIT_WITH_HINT,Near Medical Store (pin is a guess near this landmark)
AD000345,522.3,-2870.8,3710.345440791194,baseline_coarse,VERIFY_FIRST,
AD000346,-1574.7,217.8,162.09531146828414,baseline_street,VISIT_WITH_HINT,
AD000347,1165.2,-2141.1,3710.345440791194,baseline_coarse,VERIFY_FIRST,
AD000348,-834.7,-870.0,77.439266525452,visit_1,DIRECT_VISIT,Near Milk Dairy (about 160 m from pin)
AD000349,896.9,2688.7,3710.345440791194,baseline_coarse,VERIFY_FIRST,
AD000350,-765.8,2264.2,3710.345440791194,baseline_coarse,VERIFY_FIRST,
AD000351,-100.7,2693.8,162.09531146828414,baseline_street,VISIT_WITH_HINT,
AD000352,2908.2,439.2,3710.345440791194,baseline_coarse,VERIFY_FIRST,
AD000353,2072.1,2097.3,357.82349000589664,landmark,VISIT_WITH_HINT,Near Govt School (pin is a guess near this landmark)
AD000354,1074.3,-845.0,387.8348230883865,visits_disagree,VISIT_WITH_HINT,
AD000355,692.6,-3298.6,387.8348230883865,visits_disagree,VISIT_WITH_HINT,Near Bus Stop (about 30 m from pin)
AD000356,1157.3,-3636.6,357.82349000589664,landmark,VISIT_WITH_HINT,Near Water Tank (pin is a guess near this landmark)
AD000357,431.5,1548.7,357.82349000589664,landmark,VISIT_WITH_HINT,Near Bus Stop (pin is a guess near this landmark)
AD000358,655.6,95.2,77.439266525452,visit_1,DIRECT_VISIT,
AD000359,-2470.0,-2645.9,387.8348230883865,visits_disagree,VISIT_WITH_HINT,
AD000360,3075.0,-2386.4,387.8348230883865,visits_disagree,VISIT_WITH_HINT,
AD000361,-992.7,-2988.7,3710.345440791194,baseline_coarse,VERIFY_FIRST,
AD000362,-2217.3,-2491.4,3710.345440791194,baseline_coarse,VERIFY_FIRST,
AD000363,2462.2,-2539.4,387.8348230883865,visits_disagree,VISIT_WITH_HINT,
AD000364,950.8,-3476.6,77.439266525452,visit_1,DIRECT_VISIT,
AD000365,3086.1,540.2,47.85237716143284,visits_agree,DIRECT_VISIT,
AD000366,1540.8,326.1,162.09531146828414,baseline_street,VISIT_WITH_HINT,
AD000367,-2458.4,-252.4,3710.345440791194,baseline_coarse,VERIFY_FIRST,
AD000368,-2463.3,1582.8,357.82349000589664,landmark,VISIT_WITH_HINT,Near Bus Stop (pin is a guess near this landmark)
AD000369,709.1,-3218.3,387.8348230883865,visits_disagree,VISIT_WITH_HINT,
AD000370,2836.0,-2227.3,3710.345440791194,baseline_coarse,VERIFY_FIRST,
AD000371,694.6,-2877.7,3710.345440791194,baseline_coarse,VERIFY_FIRST,
AD000372,771.8,-3053.5,3710.345440791194,baseline_coarse,VERIFY_FIRST,
AD000374,1076.6,-1210.0,162.09531146828414,baseline_street,VISIT_WITH_HINT,
AD000375,-741.8,-2128.2,162.09531146828414,baseline_street,VISIT_WITH_HINT,
AD000376,1885.4,1658.3,3710.345440791194,baseline_coarse,VERIFY_FIRST,
AD000377,-1017.7,-3094.4,3710.345440791194,baseline_coarse,VERIFY_FIRST,
AD000378,-933.7,-1407.2,162.09531146828414,baseline_street,VISIT_WITH_HINT,Near Ration Shop (about 130 m from pin)
AD000379,-1934.3,-2521.8,387.8348230883865,visits_disagree,VISIT_WITH_HINT,
AD000380,-2878.1,1621.2,357.82349000589664,landmark,VISIT_WITH_HINT,Near Milk Dairy (pin is a guess near this landmark)
AD000381,495.4,-3176.7,3710.345440791194,baseline_coarse,VERIFY_FIRST,
AD000382,2903.5,618.8,3710.345440791194,baseline_coarse,VERIFY_FIRST,
AD000383,287.4,1293.4,162.09531146828414,baseline_street,VISIT_WITH_HINT,
AD000384,-2350.3,-2317.5,357.82349000589664,landmark,VISIT_WITH_HINT,Near Water Tank (pin is a guess near this landmark)
AD000385,2661.2,-1197.2,47.85237716143284,visits_agree,DIRECT_VISIT,
AD000386,1348.1,160.5,47.85237716143284,visits_agree,DIRECT_VISIT,Near Hanuman Temple (about 140 m from pin)
AD000387,-309.3,1732.2,387.8348230883865,visits_disagree,VISIT_WITH_HINT,Near Govt School (about 190 m from pin)
AD000388,951.3,-1098.8,162.09531146828414,baseline_street,VISIT_WITH_HINT,
AD000389,2872.4,-1785.7,47.85237716143284,visits_agree,DIRECT_VISIT,
AD000390,1982.8,-1241.6,357.82349000589664,landmark,VISIT_WITH_HINT,Near Hanuman Temple (pin is a guess near this landmark)
AD000391,944.1,-3196.2,3710.345440791194,baseline_coarse,VERIFY_FIRST,
AD000392,1380.6,-1327.9,3710.345440791194,baseline_coarse,VERIFY_FIRST,
AD000393,1560.3,2054.3,3710.345440791194,baseline_coarse,VERIFY_FIRST,
AD000394,1073.2,2573.2,3710.345440791194,baseline_coarse,VERIFY_FIRST,
AD000395,3646.1,300.3,3710.345440791194,baseline_coarse,VERIFY_FIRST,
AD000396,-764.5,-471.1,357.82349000589664,landmark,VISIT_WITH_HINT,Behind Post Office (pin is a guess near this landmark)
AD000397,3101.8,-1958.1,47.85237716143284,visits_agree,DIRECT_VISIT,
AD000398,-2287.0,1348.6,77.439266525452,visit_1,DIRECT_VISIT,
AD000399,3469.5,-2083.9,357.82349000589664,landmark,VISIT_WITH_HINT,Near Water Tank (pin is a guess near this landmark)
AD000400,-2069.8,-2671.8,77.439266525452,visit_1,DIRECT_VISIT,
AD000401,-2481.7,1656.7,3710.345440791194,baseline_coarse,VERIFY_FIRST,
AD000402,-2634.5,1922.4,162.09531146828414,baseline_street,VISIT_WITH_HINT,
AD000403,-2878.1,1621.2,357.82349000589664,landmark,VISIT_WITH_HINT,Near Milk Dairy (pin is a guess near this landmark)
AD000404,2988.2,1013.7,47.85237716143284,visits_agree,DIRECT_VISIT,Behind Ganesh Temple (about 120 m from pin)
AD000405,2471.8,2057.0,357.82349000589664,landmark,VISIT_WITH_HINT,Near Medical Store (pin is a guess near this landmark)
AD000406,2843.8,757.1,357.82349000589664,landmark,VISIT_WITH_HINT,Opposite Ration Shop (pin is a guess near this landmark)
AD000407,2357.3,-728.4,77.439266525452,visit_1,DIRECT_VISIT,
AD000408,2447.4,-1191.9,357.82349000589664,landmark,VISIT_WITH_HINT,Behind Post Office (pin is a guess near this landmark)
AD000409,986.0,-961.5,3710.345440791194,baseline_coarse,VERIFY_FIRST,
AD000410,1993.1,-2762.0,3710.345440791194,baseline_coarse,VERIFY_FIRST,
AD000411,3838.0,516.1,3710.345440791194,baseline_coarse,VERIFY_FIRST,
AD000412,1339.6,-2136.4,387.8348230883865,visits_disagree,VISIT_WITH_HINT,Near Church (about 180 m from pin)
AD000414,-853.4,-708.6,357.82349000589664,landmark,VISIT_WITH_HINT,Near Ration Shop (pin is a guess near this landmark)
AD000416,-730.6,-1578.6,162.09531146828414,baseline_street,VISIT_WITH_HINT,
AD000417,-2798.9,1474.5,162.09531146828414,baseline_street,VISIT_WITH_HINT,
AD000418,2844.3,775.5,357.82349000589664,landmark,VISIT_WITH_HINT,Opposite Water Tank (pin is a guess near this landmark)
AD000419,1919.5,-2324.9,77.439266525452,visit_1,DIRECT_VISIT,
AD000420,3037.6,-1292.9,387.8348230883865,visits_disagree,VISIT_WITH_HINT,
AD000421,-3648.6,-979.3,3710.345440791194,baseline_coarse,VERIFY_FIRST,
AD000422,-1261.7,-2299.0,162.09531146828414,baseline_street,VISIT_WITH_HINT,Opposite Church (pin is at this landmark)
AD000423,-1122.4,327.5,357.82349000589664,landmark,VISIT_WITH_HINT,Near Ganesh Temple (pin is a guess near this landmark)
AD000424,2901.6,329.9,387.8348230883865,visits_disagree,VISIT_WITH_HINT,Opposite Community Hall (about 130 m from pin)
AD000426,838.1,-1179.5,47.85237716143284,visits_agree,DIRECT_VISIT,Near Ration Shop (about 190 m from pin)
AD000427,-1119.0,-317.8,77.439266525452,visit_1,DIRECT_VISIT,
AD000428,2897.3,-2698.5,47.85237716143284,visits_agree,DIRECT_VISIT,
AD000429,740.2,-3077.2,357.82349000589664,landmark,VISIT_WITH_HINT,Near Community Hall (pin is a guess near this landmark)
AD000430,1743.8,-1971.1,387.8348230883865,visits_disagree,VISIT_WITH_HINT,
AD000432,1504.4,-2176.0,3710.345440791194,baseline_coarse,VERIFY_FIRST,
AD000433,4052.5,127.6,387.8348230883865,visits_disagree,VISIT_WITH_HINT,
AD000434,-685.7,-594.2,3710.345440791194,baseline_coarse,VERIFY_FIRST,
AD000435,-1869.3,2503.9,3710.345440791194,baseline_coarse,VERIFY_FIRST,
AD000436,1941.1,1128.7,3710.345440791194,baseline_coarse,VERIFY_FIRST,
AD000437,-609.5,3293.5,162.09531146828414,baseline_street,VISIT_WITH_HINT,
AD000438,795.5,2732.6,3710.345440791194,baseline_coarse,VERIFY_FIRST,
AD000439,1309.5,290.4,357.82349000589664,landmark,VISIT_WITH_HINT,Near Hanuman Temple (pin is a guess near this landmark)
AD000440,1980.7,-958.7,3710.345440791194,baseline_coarse,VERIFY_FIRST,
AD000441,2552.7,912.2,77.439266525452,visit_1,DIRECT_VISIT,
AD000442,-349.5,-1181.0,3710.345440791194,baseline_coarse,VERIFY_FIRST,
AD000443,1760.5,-1813.8,47.85237716143284,visits_agree,DIRECT_VISIT,
AD000444,2677.3,-1694.3,77.439266525452,visit_1,DIRECT_VISIT,Near Ration Shop (about 120 m from pin)
AD000445,2566.5,-1661.7,162.09531146828414,baseline_street,VISIT_WITH_HINT,
AD000446,-619.4,-3778.5,77.439266525452,visit_1,DIRECT_VISIT,
AD000447,369.8,2138.8,3710.345440791194,baseline_coarse,VERIFY_FIRST,
AD000448,-639.9,-3367.2,357.82349000589664,landmark,VISIT_WITH_HINT,Behind Hanuman Temple (pin is a guess near this landmark)
AD000449,-3725.0,-783.7,77.439266525452,visit_1,DIRECT_VISIT,
AD000450,2543.5,-1325.8,3710.345440791194,baseline_coarse,VERIFY_FIRST,
AD000451,-3739.3,-779.5,387.8348230883865,visits_disagree,VISIT_WITH_HINT,
AD000452,731.9,-1039.8,357.82349000589664,landmark,VISIT_WITH_HINT,Near Govt School (pin is a guess near this landmark)
AD000453,-2910.2,-36.3,357.82349000589664,landmark,VISIT_WITH_HINT,Opposite Water Tank (pin is a guess near this landmark)
AD000455,-310.8,990.8,357.82349000589664,landmark,VISIT_WITH_HINT,Near Masjid (pin is a guess near this landmark)
AD000456,-267.8,-378.5,77.439266525452,visit_1,DIRECT_VISIT,Opposite Milk Dairy (about 100 m from pin)
AD000457,-2618.5,2009.2,357.82349000589664,landmark,VISIT_WITH_HINT,Near Govt School (pin is a guess near this landmark)
AD000458,-2721.6,-466.7,3710.345440791194,baseline_coarse,VERIFY_FIRST,
AD000459,-1625.7,-2955.8,357.82349000589664,landmark,VISIT_WITH_HINT,Near Milk Dairy (pin is a guess near this landmark)
AD000460,2844.2,-1272.1,47.85237716143284,visits_agree,DIRECT_VISIT,
AD000461,2958.1,214.7,357.82349000589664,landmark,VISIT_WITH_HINT,Opposite Community Hall (pin is a guess near this landmark)
AD000462,-880.5,-1288.3,357.82349000589664,landmark,VISIT_WITH_HINT,Near Ration Shop (pin is a guess near this landmark)
AD000464,993.0,-896.4,3710.345440791194,baseline_coarse,VERIFY_FIRST,
AD000465,-2669.2,-62.6,47.85237716143284,visits_agree,DIRECT_VISIT,
AD000466,1310.1,-117.2,3710.345440791194,baseline_coarse,VERIFY_FIRST,
AD000467,-894.9,-3286.7,77.439266525452,visit_1,DIRECT_VISIT,
AD000468,-386.8,3422.8,357.82349000589664,landmark,VISIT_WITH_HINT,Near Milk Dairy (pin is a guess near this landmark)
AD000469,715.9,-2724.8,77.439266525452,visit_1,DIRECT_VISIT,Opposite Ration Shop (about 70 m from pin)
AD000471,-3828.4,-1132.5,77.439266525452,visit_1,DIRECT_VISIT,
AD000472,-324.5,-101.4,387.8348230883865,visits_disagree,VISIT_WITH_HINT,Beside Hanuman Temple (about 30 m from pin)
AD000473,1419.5,-1897.1,47.85237716143284,visits_agree,DIRECT_VISIT,
AD000475,2583.9,-2231.3,387.8348230883865,visits_disagree,VISIT_WITH_HINT,Near Park (about 190 m from pin)
AD000477,-2042.2,-2073.2,47.85237716143284,visits_agree,DIRECT_VISIT,Opposite Bus Stop (about 100 m from pin)
AD000478,633.9,-2929.8,3710.345440791194,baseline_coarse,VERIFY_FIRST,
AD000479,-1869.6,-2662.9,357.82349000589664,landmark,VISIT_WITH_HINT,Behind Govt School (pin is a guess near this landmark)
AD000480,1326.4,-2012.8,3710.345440791194,baseline_coarse,VERIFY_FIRST,
AD000481,-2406.1,1929.5,3710.345440791194,baseline_coarse,VERIFY_FIRST,
AD000482,-845.8,-694.0,3710.345440791194,baseline_coarse,VERIFY_FIRST,
AD000483,-1040.8,-2153.2,3710.345440791194,baseline_coarse,VERIFY_FIRST,
AD000484,-2001.1,1671.8,387.8348230883865,visits_disagree,VISIT_WITH_HINT,
AD000485,859.0,-2641.7,162.09531146828414,baseline_street,VISIT_WITH_HINT,
AD000486,2967.3,-995.6,162.09531146828414,baseline_street,VISIT_WITH_HINT,
AD000487,1287.5,-1265.5,3710.345440791194,baseline_coarse,VERIFY_FIRST,
AD000488,1237.1,221.4,47.85237716143284,visits_agree,DIRECT_VISIT,Near Milk Dairy (about 170 m from pin)
AD000489,-2597.7,-382.8,3710.345440791194,baseline_coarse,VERIFY_FIRST,
AD000491,479.9,-3006.3,162.09531146828414,baseline_street,VISIT_WITH_HINT,Near Church (about 80 m from pin)
AD000492,1156.6,2642.4,3710.345440791194,baseline_coarse,VERIFY_FIRST,
AD000493,3124.7,-2006.0,3710.345440791194,baseline_coarse,VERIFY_FIRST,
AD000495,2897.1,-1407.9,77.439266525452,visit_1,DIRECT_VISIT,
AD000497,-2692.4,1469.7,387.8348230883865,visits_disagree,VISIT_WITH_HINT,
AD000498,970.8,-341.6,77.439266525452,visit_1,DIRECT_VISIT,
AD000499,584.6,-381.1,3710.345440791194,baseline_coarse,VERIFY_FIRST,
AD000500,-559.1,-3059.6,162.09531146828414,baseline_street,VISIT_WITH_HINT,
AD000501,-933.1,-1915.8,357.82349000589664,landmark,VISIT_WITH_HINT,Near Water Tank (pin is a guess near this landmark)
AD000502,1676.5,-2505.6,162.09531146828414,baseline_street,VISIT_WITH_HINT,
AD000503,1213.3,-198.4,3710.345440791194,baseline_coarse,VERIFY_FIRST,
AD000504,2927.8,-2067.1,387.8348230883865,visits_disagree,VISIT_WITH_HINT,
AD000505,-1726.8,-1066.9,3710.345440791194,baseline_coarse,VERIFY_FIRST,
AD000506,3316.4,425.3,162.09531146828414,baseline_street,VISIT_WITH_HINT,
AD000507,3296.6,936.9,162.09531146828414,baseline_street,VISIT_WITH_HINT,
AD000508,-2014.4,1656.8,77.439266525452,visit_1,DIRECT_VISIT,Near Ganesh Temple (about 100 m from pin)
AD000509,893.3,2656.2,162.09531146828414,baseline_street,VISIT_WITH_HINT,Opposite Ration Shop (about 120 m from pin)
AD000510,-2847.1,-569.9,357.82349000589664,landmark,VISIT_WITH_HINT,Near Bus Stop (pin is a guess near this landmark)
AD000511,-402.8,3230.6,357.82349000589664,landmark,VISIT_WITH_HINT,Opposite Water Tank (pin is a guess near this landmark)
AD000512,-3804.8,-899.1,3710.345440791194,baseline_coarse,VERIFY_FIRST,
AD000513,-2677.9,1240.5,77.439266525452,visit_1,DIRECT_VISIT,Near Bus Stop (pin is at this landmark)
AD000515,2417.2,-1370.7,3710.345440791194,baseline_coarse,VERIFY_FIRST,
AD000517,2135.9,647.8,47.85237716143284,visits_agree,DIRECT_VISIT,
AD000518,313.3,2537.1,3710.345440791194,baseline_coarse,VERIFY_FIRST,
AD000519,-157.7,2828.5,162.09531146828414,baseline_street,VISIT_WITH_HINT,
AD000521,-866.1,-3863.5,77.439266525452,visit_1,DIRECT_VISIT,
AD000522,2908.5,940.9,357.82349000589664,landmark,VISIT_WITH_HINT,Behind Ration Shop (pin is a guess near this landmark)
AD000523,2378.9,-1282.9,357.82349000589664,landmark,VISIT_WITH_HINT,Near Bus Stop (pin is a guess near this landmark)
AD000524,2619.9,-1666.3,387.8348230883865,visits_disagree,VISIT_WITH_HINT,
AD000525,-764.5,-471.1,357.82349000589664,landmark,VISIT_WITH_HINT,Near Post Office (pin is a guess near this landmark)
AD000526,1215.3,-598.1,387.8348230883865,visits_disagree,VISIT_WITH_HINT,
AD000527,1013.7,2433.6,3710.345440791194,baseline_coarse,VERIFY_FIRST,
AD000528,-2718.7,-557.4,162.09531146828414,baseline_street,VISIT_WITH_HINT,
AD000529,2816.5,-2099.8,387.8348230883865,visits_disagree,VISIT_WITH_HINT,Beside Medical Store (about 30 m from pin)
AD000530,-1137.4,-3087.3,47.85237716143284,visits_agree,DIRECT_VISIT,
AD000531,1322.8,-2447.5,47.85237716143284,visits_agree,DIRECT_VISIT,
AD000532,1366.7,-774.0,47.85237716143284,visits_agree,DIRECT_VISIT,Near Medical Store (about 110 m from pin)
AD000533,-2581.0,-176.7,77.439266525452,visit_1,DIRECT_VISIT,
AD000534,3957.2,716.0,47.85237716143284,visits_agree,DIRECT_VISIT,
AD000535,3701.7,111.3,47.85237716143284,visits_agree,DIRECT_VISIT,
AD000536,-3085.4,1269.4,162.09531146828414,baseline_street,VISIT_WITH_HINT,Opposite Ration Shop (about 40 m from pin)
AD000537,1168.5,-2184.9,3710.345440791194,baseline_coarse,VERIFY_FIRST,
AD000538,1220.0,-2008.2,387.8348230883865,visits_disagree,VISIT_WITH_HINT,
AD000539,2580.7,-1024.6,387.8348230883865,visits_disagree,VISIT_WITH_HINT,
AD000540,1211.7,1315.1,162.09531146828414,baseline_street,VISIT_WITH_HINT,Near Medical Store (about 160 m from pin)
AD000541,2594.2,-2445.8,387.8348230883865,visits_disagree,VISIT_WITH_HINT,
AD000542,-1260.6,2056.9,3710.345440791194,baseline_coarse,VERIFY_FIRST,
AD000543,546.3,-2981.0,357.82349000589664,landmark,VISIT_WITH_HINT,Near Bus Stop (pin is a guess near this landmark)
AD000544,-391.5,-1246.1,162.09531146828414,baseline_street,VISIT_WITH_HINT,Near Milk Dairy (about 160 m from pin)
AD000545,-3915.5,-1049.4,3710.345440791194,baseline_coarse,VERIFY_FIRST,
AD000547,-1249.4,-3317.3,357.82349000589664,landmark,VISIT_WITH_HINT,Near Medical Store (pin is a guess near this landmark)
AD000548,1318.2,2616.1,162.09531146828414,baseline_street,VISIT_WITH_HINT,
AD000549,-463.2,-497.2,3710.345440791194,baseline_coarse,VERIFY_FIRST,
AD000550,864.6,-3087.8,77.439266525452,visit_1,DIRECT_VISIT,
AD000551,672.7,-2859.3,162.09531146828414,baseline_street,VISIT_WITH_HINT,Opposite Ration Shop (about 80 m from pin)
AD000552,866.6,1084.6,162.09531146828414,baseline_street,VISIT_WITH_HINT,
AD000553,1671.1,-1622.2,77.439266525452,visit_1,DIRECT_VISIT,
AD000554,823.0,-420.4,357.82349000589664,landmark,VISIT_WITH_HINT,Near Ganesh Temple (pin is a guess near this landmark)
AD000555,-107.4,3568.5,357.82349000589664,landmark,VISIT_WITH_HINT,Near Masjid (pin is a guess near this landmark)
AD000556,3824.9,208.4,77.439266525452,visit_1,DIRECT_VISIT,
AD000557,656.2,-2964.3,3710.345440791194,baseline_coarse,VERIFY_FIRST,
AD000558,2577.3,-1320.1,357.82349000589664,landmark,VISIT_WITH_HINT,Near Water Tank (pin is a guess near this landmark)
AD000560,1280.3,-2461.3,47.85237716143284,visits_agree,DIRECT_VISIT,Opposite Masjid (about 90 m from pin)
AD000561,-637.1,-3108.0,77.439266525452,visit_1,DIRECT_VISIT,
AD000562,-743.9,-3253.8,77.439266525452,visit_1,DIRECT_VISIT,
AD000563,3004.2,-2521.5,77.439266525452,visit_1,DIRECT_VISIT,
AD000565,1413.7,219.7,77.439266525452,visit_1,DIRECT_VISIT,Near Hanuman Temple (about 130 m from pin)
AD000566,2447.4,-1191.9,357.82349000589664,landmark,VISIT_WITH_HINT,Near Post Office (pin is a guess near this landmark)
AD000567,-2878.1,1621.2,357.82349000589664,landmark,VISIT_WITH_HINT,Near Milk Dairy (pin is a guess near this landmark)
AD000568,1195.7,-682.7,162.09531146828414,baseline_street,VISIT_WITH_HINT,
AD000569,2771.8,-2052.7,387.8348230883865,visits_disagree,VISIT_WITH_HINT,Opposite Community Hall (about 80 m from pin)
AD000570,-3733.1,-752.3,77.439266525452,visit_1,DIRECT_VISIT,
AD000572,-1133.0,-2027.4,3710.345440791194,baseline_coarse,VERIFY_FIRST,
AD000573,1694.2,-1690.3,47.85237716143284,visits_agree,DIRECT_VISIT,
AD000574,-67.0,-3856.9,77.439266525452,visit_1,DIRECT_VISIT,Near Ganesh Temple (about 100 m from pin)
AD000575,883.9,-3762.9,77.439266525452,visit_1,DIRECT_VISIT,
AD000576,-481.5,-3675.9,387.8348230883865,visits_disagree,VISIT_WITH_HINT,Near Masjid (about 90 m from pin)
AD000577,3743.0,495.1,3710.345440791194,baseline_coarse,VERIFY_FIRST,
AD000578,1028.4,-191.1,3710.345440791194,baseline_coarse,VERIFY_FIRST,
AD000579,-406.6,-628.5,47.85237716143284,visits_agree,DIRECT_VISIT,
AD000580,-1747.0,-1849.7,3710.345440791194,baseline_coarse,VERIFY_FIRST,
AD000581,720.1,-3426.2,77.439266525452,visit_1,DIRECT_VISIT,
AD000583,3051.1,-2317.6,357.82349000589664,landmark,VISIT_WITH_HINT,Behind Milk Dairy (pin is a guess near this landmark)
AD000584,-37.5,3542.0,357.82349000589664,landmark,VISIT_WITH_HINT,Near Hanuman Temple (pin is a guess near this landmark)
AD000585,1847.1,-1853.6,162.09531146828414,baseline_street,VISIT_WITH_HINT,
AD000586,139.1,2515.1,3710.345440791194,baseline_coarse,VERIFY_FIRST,
AD000587,1261.5,-470.9,77.439266525452,visit_1,DIRECT_VISIT,
AD000588,1058.6,-42.3,162.09531146828414,baseline_street,VISIT_WITH_HINT,
AD000589,2674.6,-1493.9,387.8348230883865,visits_disagree,VISIT_WITH_HINT,
AD000590,-577.4,-3539.9,3710.345440791194,baseline_coarse,VERIFY_FIRST,
AD000591,-764.5,-471.1,357.82349000589664,landmark,VISIT_WITH_HINT,Near Post Office (pin is a guess near this landmark)
AD000592,-3751.2,-862.8,3710.345440791194,baseline_coarse,VERIFY_FIRST,
AD000593,-1117.6,27.0,162.09531146828414,baseline_street,VISIT_WITH_HINT,
AD000594,-1688.1,1061.4,3710.345440791194,baseline_coarse,VERIFY_FIRST,
AD000595,-2089.0,1133.5,162.09531146828414,baseline_street,VISIT_WITH_HINT,
AD000596,690.5,-702.0,387.8348230883865,visits_disagree,VISIT_WITH_HINT,
AD000597,3443.4,-1945.1,357.82349000589664,landmark,VISIT_WITH_HINT,Near Bus Stop (pin is a guess near this landmark)
AD000598,1599.9,-2337.5,47.85237716143284,visits_agree,DIRECT_VISIT,
AD000599,-983.1,-2657.3,3710.345440791194,baseline_coarse,VERIFY_FIRST,
AD000600,1800.3,-2456.3,387.8348230883865,visits_disagree,VISIT_WITH_HINT,
AD000601,-789.6,-1921.2,3710.345440791194,baseline_coarse,VERIFY_FIRST,
AD000602,2954.7,-1906.3,387.8348230883865,visits_disagree,VISIT_WITH_HINT,
AD000603,3108.0,712.4,3710.345440791194,baseline_coarse,VERIFY_FIRST,
AD000604,644.7,-2883.9,3710.345440791194,baseline_coarse,VERIFY_FIRST,
AD000605,-2596.7,-457.9,77.439266525452,visit_1,DIRECT_VISIT,Behind Church (about 120 m from pin)
AD000606,-577.7,3294.5,77.439266525452,visit_1,DIRECT_VISIT,Behind Community Hall (about 130 m from pin)
AD000607,-862.8,-3920.9,387.8348230883865,visits_disagree,VISIT_WITH_HINT,
AD000608,915.4,-3354.9,47.85237716143284,visits_agree,DIRECT_VISIT,
AD000609,-1625.7,-2955.8,357.82349000589664,landmark,VISIT_WITH_HINT,Opposite Milk Dairy (pin is a guess near this landmark)
AD000610,2138.7,2240.0,162.09531146828414,baseline_street,VISIT_WITH_HINT,Near Govt School (about 160 m from pin)
AD000611,2519.2,-1266.8,3710.345440791194,baseline_coarse,VERIFY_FIRST,
AD000612,915.5,955.0,162.09531146828414,baseline_street,VISIT_WITH_HINT,
AD000613,2790.3,373.0,387.8348230883865,visits_disagree,VISIT_WITH_HINT,Near Bus Stop (about 180 m from pin)
AD000614,-2452.2,1354.7,77.439266525452,visit_1,DIRECT_VISIT,Near Masjid (about 100 m from pin)
AD000615,-501.4,3112.9,3710.345440791194,baseline_coarse,VERIFY_FIRST,
AD000616,-1911.1,-1192.2,3710.345440791194,baseline_coarse,VERIFY_FIRST,
AD000617,-2955.3,-9.1,387.8348230883865,visits_disagree,VISIT_WITH_HINT,Near Water Tank (about 50 m from pin)
AD000619,-1224.7,235.7,3710.345440791194,baseline_coarse,VERIFY_FIRST,
AD000620,680.3,969.2,162.09531146828414,baseline_street,VISIT_WITH_HINT,Near Petrol Bunk (about 50 m from pin)
AD000621,599.8,1168.5,162.09531146828414,baseline_street,VISIT_WITH_HINT,
AD000622,2483.7,-2499.3,387.8348230883865,visits_disagree,VISIT_WITH_HINT,
AD000623,2280.6,1285.2,47.85237716143284,visits_agree,DIRECT_VISIT,
AD000624,-129.2,-247.7,387.8348230883865,visits_disagree,VISIT_WITH_HINT,Behind Bus Stop (about 90 m from pin)
AD000625,2228.6,1618.5,3710.345440791194,baseline_coarse,VERIFY_FIRST,
AD000626,-1822.7,-2849.8,3710.345440791194,baseline_coarse,VERIFY_FIRST,
AD000627,-637.2,-3804.2,77.439266525452,visit_1,DIRECT_VISIT,
AD000628,-774.7,3249.2,162.09531146828414,baseline_street,VISIT_WITH_HINT,
AD000629,-2878.1,1621.2,357.82349000589664,landmark,VISIT_WITH_HINT,Near Milk Dairy (pin is a guess near this landmark)
AD000630,2874.2,-1947.0,387.8348230883865,visits_disagree,VISIT_WITH_HINT,
AD000631,-2849.7,-148.8,387.8348230883865,visits_disagree,VISIT_WITH_HINT,
AD000632,-918.3,-3860.8,47.85237716143284,visits_agree,DIRECT_VISIT,
AD000633,2632.1,-1183.3,3710.345440791194,baseline_coarse,VERIFY_FIRST,
AD000634,1819.2,-1596.4,387.8348230883865,visits_disagree,VISIT_WITH_HINT,
AD000635,1481.3,-684.1,77.439266525452,visit_1,DIRECT_VISIT,
AD000636,-1179.0,-2013.5,3710.345440791194,baseline_coarse,VERIFY_FIRST,
AD000637,1825.8,-1078.6,3710.345440791194,baseline_coarse,VERIFY_FIRST,
AD000638,2407.4,-1305.2,77.439266525452,visit_1,DIRECT_VISIT,
AD000639,1097.2,-984.3,387.8348230883865,visits_disagree,VISIT_WITH_HINT,
AD000641,3158.4,-2197.5,77.439266525452,visit_1,DIRECT_VISIT,
AD000642,674.2,-327.5,47.85237716143284,visits_agree,DIRECT_VISIT,
AD000644,-2910.2,-36.3,357.82349000589664,landmark,VISIT_WITH_HINT,Near Water Tank (pin is a guess near this landmark)
AD000645,3567.6,-90.0,387.8348230883865,visits_disagree,VISIT_WITH_HINT,
AD000646,2433.3,-2248.8,77.439266525452,visit_1,DIRECT_VISIT,
AD000647,-171.5,-3335.7,77.439266525452,visit_1,DIRECT_VISIT,
AD000648,-1833.1,-1089.9,3710.345440791194,baseline_coarse,VERIFY_FIRST,
AD000649,-2689.4,959.2,162.09531146828414,baseline_street,VISIT_WITH_HINT,
AD000650,3673.5,373.4,3710.345440791194,baseline_coarse,VERIFY_FIRST,
AD000651,3817.5,299.1,3710.345440791194,baseline_coarse,VERIFY_FIRST,
AD000652,2854.3,-2273.5,47.85237716143284,visits_agree,DIRECT_VISIT,Opposite Hanuman Temple (about 70 m from pin)
AD000653,1946.7,-906.7,3710.345440791194,baseline_coarse,VERIFY_FIRST,
AD000654,-219.8,3205.5,387.8348230883865,visits_disagree,VISIT_WITH_HINT,
AD000655,-923.8,-1591.3,162.09531146828414,baseline_street,VISIT_WITH_HINT,
AD000656,2432.9,944.5,3710.345440791194,baseline_coarse,VERIFY_FIRST,
AD000657,-2432.3,-2307.3,3710.345440791194,baseline_coarse,VERIFY_FIRST,
AD000658,2418.1,-2246.0,387.8348230883865,visits_disagree,VISIT_WITH_HINT,
AD000660,-1552.6,-2432.8,387.8348230883865,visits_disagree,VISIT_WITH_HINT,
AD000662,-579.7,3417.9,387.8348230883865,visits_disagree,VISIT_WITH_HINT,Near Milk Dairy (about 190 m from pin)
AD000663,2076.3,1122.7,357.82349000589664,landmark,VISIT_WITH_HINT,Near Hanuman Temple (pin is a guess near this landmark)
AD000664,-1260.2,450.6,3710.345440791194,baseline_coarse,VERIFY_FIRST,
AD000665,-920.9,-3141.1,3710.345440791194,baseline_coarse,VERIFY_FIRST,
AD000666,-2645.7,-482.5,47.85237716143284,visits_agree,DIRECT_VISIT,
AD000667,2276.3,-2358.2,387.8348230883865,visits_disagree,VISIT_WITH_HINT,
AD000668,2314.5,915.7,387.8348230883865,visits_disagree,VISIT_WITH_HINT,
AD000669,2252.6,615.2,47.85237716143284,visits_agree,DIRECT_VISIT,
AD000671,1271.7,-837.8,387.8348230883865,visits_disagree,VISIT_WITH_HINT,
AD000672,951.2,2635.7,387.8348230883865,visits_disagree,VISIT_WITH_HINT,
AD000673,1795.1,-1840.6,3710.345440791194,baseline_coarse,VERIFY_FIRST,
AD000674,935.4,-2908.1,77.439266525452,visit_1,DIRECT_VISIT,Near Community Hall (about 140 m from pin)
AD000675,3046.4,-1581.5,387.8348230883865,visits_disagree,VISIT_WITH_HINT,
AD000676,1686.0,-1575.7,3710.345440791194,baseline_coarse,VERIFY_FIRST,
AD000677,2441.6,1907.4,3710.345440791194,baseline_coarse,VERIFY_FIRST,
AD000678,865.9,-758.4,77.439266525452,visit_1,DIRECT_VISIT,
AD000679,813.6,-942.9,3710.345440791194,baseline_coarse,VERIFY_FIRST,
AD000680,-649.7,2784.3,47.85237716143284,visits_agree,DIRECT_VISIT,
AD000681,185.2,1825.7,162.09531146828414,baseline_street,VISIT_WITH_HINT,
AD000682,977.8,-895.5,3710.345440791194,baseline_coarse,VERIFY_FIRST,
AD000683,400.1,2181.6,3710.345440791194,baseline_coarse,VERIFY_FIRST,
AD000684,2819.9,-2162.9,3710.345440791194,baseline_coarse,VERIFY_FIRST,
AD000685,775.5,-3290.8,77.439266525452,visit_1,DIRECT_VISIT,
AD000686,2792.5,835.1,47.85237716143284,visits_agree,DIRECT_VISIT,
AD000687,2843.8,757.1,357.82349000589664,landmark,VISIT_WITH_HINT,Near Ration Shop (pin is a guess near this landmark)
AD000688,1037.2,-3032.6,162.09531146828414,baseline_street,VISIT_WITH_HINT,
AD000689,2791.9,-2113.9,357.82349000589664,landmark,VISIT_WITH_HINT,Near Medical Store (pin is a guess near this landmark)
AD000690,-1554.1,641.8,357.82349000589664,landmark,VISIT_WITH_HINT,Near Church (pin is a guess near this landmark)
AD000692,-1435.2,-1715.2,162.09531146828414,baseline_street,VISIT_WITH_HINT,
AD000693,802.8,-290.4,162.09531146828414,baseline_street,VISIT_WITH_HINT,
AD000694,-1540.6,-2833.0,3710.345440791194,baseline_coarse,VERIFY_FIRST,
AD000695,-347.0,-84.0,357.82349000589664,landmark,VISIT_WITH_HINT,Near Hanuman Temple (pin is a guess near this landmark)
AD000696,2355.8,1088.0,77.439266525452,visit_1,DIRECT_VISIT,
AD000697,-639.1,3104.8,3710.345440791194,baseline_coarse,VERIFY_FIRST,
AD000698,674.9,1444.0,357.82349000589664,landmark,VISIT_WITH_HINT,Opposite Post Office (pin is a guess near this landmark)
AD000699,3198.9,-2017.4,77.439266525452,visit_1,DIRECT_VISIT,
AD000700,53.2,2377.8,162.09531146828414,baseline_street,VISIT_WITH_HINT,
AD000701,1033.5,-47.2,3710.345440791194,baseline_coarse,VERIFY_FIRST,
AD000702,2902.7,-2289.0,3710.345440791194,baseline_coarse,VERIFY_FIRST,
AD000703,1277.3,150.4,77.439266525452,visit_1,DIRECT_VISIT,
AD000704,2488.2,-1430.6,3710.345440791194,baseline_coarse,VERIFY_FIRST,
AD000705,3246.1,-2236.8,77.439266525452,visit_1,DIRECT_VISIT,
AD000706,-270.5,3172.4,162.09531146828414,baseline_street,VISIT_WITH_HINT,Near Water Tank (about 140 m from pin)
AD000707,-665.6,-572.6,3710.345440791194,baseline_coarse,VERIFY_FIRST,
AD000708,2977.2,636.1,3710.345440791194,baseline_coarse,VERIFY_FIRST,
AD000709,384.7,-2922.4,3710.345440791194,baseline_coarse,VERIFY_FIRST,
AD000710,1193.1,1046.1,77.439266525452,visit_1,DIRECT_VISIT,
AD000711,773.8,2478.7,387.8348230883865,visits_disagree,VISIT_WITH_HINT,Near Ration Shop (about 180 m from pin)
AD000712,-1625.7,-2955.8,357.82349000589664,landmark,VISIT_WITH_HINT,Near Milk Dairy (pin is a guess near this landmark)
AD000713,864.1,2628.1,3710.345440791194,baseline_coarse,VERIFY_FIRST,
AD000715,1440.8,-1984.6,357.82349000589664,landmark,VISIT_WITH_HINT,Near Church (pin is a guess near this landmark)
AD000717,-813.3,-513.1,3710.345440791194,baseline_coarse,VERIFY_FIRST,
AD000718,999.1,2588.3,3710.345440791194,baseline_coarse,VERIFY_FIRST,
AD000719,2747.8,-1818.2,47.85237716143284,visits_agree,DIRECT_VISIT,
AD000720,983.4,-70.8,3710.345440791194,baseline_coarse,VERIFY_FIRST,
AD000721,-3061.2,-116.3,387.8348230883865,visits_disagree,VISIT_WITH_HINT,
AD000722,4025.7,325.7,387.8348230883865,visits_disagree,VISIT_WITH_HINT,
AD000723,-2799.4,893.5,357.82349000589664,landmark,VISIT_WITH_HINT,Near Post Office (pin is a guess near this landmark)
AD000725,-926.8,2620.3,162.09531146828414,baseline_street,VISIT_WITH_HINT,Near Medical Store (about 190 m from pin)
AD000727,-2694.6,-475.7,387.8348230883865,visits_disagree,VISIT_WITH_HINT,Near Petrol Bunk (about 150 m from pin)
AD000728,-657.4,-3343.2,162.09531146828414,baseline_street,VISIT_WITH_HINT,
AD000730,941.5,178.2,3710.345440791194,baseline_coarse,VERIFY_FIRST,
AD000731,2761.5,-2520.4,3710.345440791194,baseline_coarse,VERIFY_FIRST,
AD000732,-1171.3,-1668.4,3710.345440791194,baseline_coarse,VERIFY_FIRST,
AD000733,2828.0,-2258.2,387.8348230883865,visits_disagree,VISIT_WITH_HINT,Opposite Community Hall (about 140 m from pin)
AD000734,3880.1,627.7,162.09531146828414,baseline_street,VISIT_WITH_HINT,
AD000735,2686.5,-2375.5,47.85237716143284,visits_agree,DIRECT_VISIT,
AD000736,2517.8,1005.8,3710.345440791194,baseline_coarse,VERIFY_FIRST,
AD000737,-459.3,-2870.6,77.439266525452,visit_1,DIRECT_VISIT,
AD000738,-545.0,-990.4,387.8348230883865,visits_disagree,VISIT_WITH_HINT,
AD000739,709.2,-3292.8,47.85237716143284,visits_agree,DIRECT_VISIT,
AD000740,1975.6,-911.1,77.439266525452,visit_1,DIRECT_VISIT,Opposite Park (about 160 m from pin)
AD000741,-845.7,2847.6,387.8348230883865,visits_disagree,VISIT_WITH_HINT,
AD000742,517.0,2442.5,3710.345440791194,baseline_coarse,VERIFY_FIRST,
AD000743,-1982.6,-2304.3,3710.345440791194,baseline_coarse,VERIFY_FIRST,
AD000744,1325.8,-1116.6,77.439266525452,visit_1,DIRECT_VISIT,
AD000745,-1528.9,-2813.1,357.82349000589664,landmark,VISIT_WITH_HINT,Near Hanuman Temple (pin is a guess near this landmark)
AD000746,2717.5,908.5,162.09531146828414,baseline_street,VISIT_WITH_HINT,Opposite Ration Shop (about 190 m from pin)
AD000748,1006.3,-132.4,3710.345440791194,baseline_coarse,VERIFY_FIRST,
AD000749,-175.3,-3450.4,47.85237716143284,visits_agree,DIRECT_VISIT,
AD000750,-52.2,3155.0,77.439266525452,visit_1,DIRECT_VISIT,
AD000751,1185.1,1388.5,3710.345440791194,baseline_coarse,VERIFY_FIRST,
AD000752,-740.1,2565.6,357.82349000589664,landmark,VISIT_WITH_HINT,Near Medical Store (pin is a guess near this landmark)
AD000753,2842.7,-2599.3,387.8348230883865,visits_disagree,VISIT_WITH_HINT,
AD000754,1522.1,1955.0,3710.345440791194,baseline_coarse,VERIFY_FIRST,
AD000755,647.5,-2633.2,357.82349000589664,landmark,VISIT_WITH_HINT,Near Medical Store (pin is a guess near this landmark)
AD000756,1349.7,-2074.3,387.8348230883865,visits_disagree,VISIT_WITH_HINT,Opposite Milk Dairy (about 90 m from pin)
AD000757,2708.9,-1379.3,3710.345440791194,baseline_coarse,VERIFY_FIRST,
AD000758,544.9,-3023.5,3710.345440791194,baseline_coarse,VERIFY_FIRST,
AD000759,3136.2,572.7,47.85237716143284,visits_agree,DIRECT_VISIT,
AD000760,2680.7,-1810.8,3710.345440791194,baseline_coarse,VERIFY_FIRST,
AD000761,2690.3,1062.0,77.439266525452,visit_1,DIRECT_VISIT,Near Masjid (about 120 m from pin)
AD000762,-2604.3,-560.8,162.09531146828414,baseline_street,VISIT_WITH_HINT,
AD000763,3205.8,-1685.6,357.82349000589664,landmark,VISIT_WITH_HINT,Near Post Office (pin is a guess near this landmark)
AD000764,830.4,-3154.2,3710.345440791194,baseline_coarse,VERIFY_FIRST,
AD000765,-853.4,-708.6,357.82349000589664,landmark,VISIT_WITH_HINT,Opposite Ration Shop (pin is a guess near this landmark)
AD000766,3205.8,-1685.6,357.82349000589664,landmark,VISIT_WITH_HINT,Near Post Office (pin is a guess near this landmark)
AD000767,787.1,-2816.4,162.09531146828414,baseline_street,VISIT_WITH_HINT,
AD000768,2661.6,-1596.4,47.85237716143284,visits_agree,DIRECT_VISIT,
AD000769,-643.5,1512.2,357.82349000589664,landmark,VISIT_WITH_HINT,Opposite Petrol Bunk (pin is a guess near this landmark)
AD000770,2524.4,-500.7,162.09531146828414,baseline_street,VISIT_WITH_HINT,
AD000771,824.8,-711.4,47.85237716143284,visits_agree,DIRECT_VISIT,
AD000772,-402.8,3230.6,357.82349000589664,landmark,VISIT_WITH_HINT,Near Water Tank (pin is a guess near this landmark)
AD000773,1346.4,-2520.7,357.82349000589664,landmark,VISIT_WITH_HINT,Near Masjid (pin is a guess near this landmark)
AD000774,-2668.6,1741.0,387.8348230883865,visits_disagree,VISIT_WITH_HINT,
AD000775,-661.6,-272.4,77.439266525452,visit_1,DIRECT_VISIT,
AD000776,3745.4,207.6,3710.345440791194,baseline_coarse,VERIFY_FIRST,
AD000778,1918.1,-847.5,3710.345440791194,baseline_coarse,VERIFY_FIRST,
AD000779,2177.4,689.4,387.8348230883865,visits_disagree,VISIT_WITH_HINT,Near Govt School (about 120 m from pin)
AD000780,752.0,-3188.0,3710.345440791194,baseline_coarse,VERIFY_FIRST,
AD000781,3782.6,498.5,47.85237716143284,visits_agree,DIRECT_VISIT,Near Bus Stop (about 90 m from pin)
AD000782,676.2,-2465.6,387.8348230883865,visits_disagree,VISIT_WITH_HINT,
AD000783,772.4,-2604.8,77.439266525452,visit_1,DIRECT_VISIT,
AD000784,-1113.1,-1993.6,3710.345440791194,baseline_coarse,VERIFY_FIRST,
AD000785,2446.0,-2255.4,47.85237716143284,visits_agree,DIRECT_VISIT,Near Masjid (about 180 m from pin)
AD000787,1077.0,-1178.0,47.85237716143284,visits_agree,DIRECT_VISIT,
AD000788,1241.6,-165.0,3710.345440791194,baseline_coarse,VERIFY_FIRST,
AD000789,-2824.0,-318.6,3710.345440791194,baseline_coarse,VERIFY_FIRST,
AD000790,1097.3,2655.1,357.82349000589664,landmark,VISIT_WITH_HINT,Near Bus Stop (pin is a guess near this landmark)
AD000791,3030.2,-2330.6,162.09531146828414,baseline_street,VISIT_WITH_HINT,Near Hanuman Temple (about 160 m from pin)
AD000792,925.7,2483.2,47.85237716143284,visits_agree,DIRECT_VISIT,
AD000793,-310.8,990.8,357.82349000589664,landmark,VISIT_WITH_HINT,Opposite Masjid (pin is a guess near this landmark)
AD000794,2167.8,2230.7,162.09531146828414,baseline_street,VISIT_WITH_HINT,Near Govt School (about 160 m from pin)
AD000795,-2885.9,186.5,77.439266525452,visit_1,DIRECT_VISIT,
AD000797,2506.7,-1130.7,387.8348230883865,visits_disagree,VISIT_WITH_HINT,Opposite Post Office (about 90 m from pin)
AD000798,845.5,1301.3,3710.345440791194,baseline_coarse,VERIFY_FIRST,
AD000799,1253.6,-276.9,47.85237716143284,visits_agree,DIRECT_VISIT,Behind Bus Stop (about 80 m from pin)
AD000800,641.1,-178.9,3710.345440791194,baseline_coarse,VERIFY_FIRST,
AD000801,1199.0,-546.3,77.439266525452,visit_1,DIRECT_VISIT,
AD000802,1569.4,-252.0,47.85237716143284,visits_agree,DIRECT_VISIT,
AD000803,-352.4,-1405.2,77.439266525452,visit_1,DIRECT_VISIT,
AD000804,-2333.0,-3.2,162.09531146828414,baseline_street,VISIT_WITH_HINT,
AD000805,-3663.3,-1063.1,3710.345440791194,baseline_coarse,VERIFY_FIRST,
AD000806,2291.9,1878.5,3710.345440791194,baseline_coarse,VERIFY_FIRST,
AD000807,-1165.1,-1839.0,3710.345440791194,baseline_coarse,VERIFY_FIRST,
AD000808,-720.8,3385.8,387.8348230883865,visits_disagree,VISIT_WITH_HINT,Opposite Park (about 110 m from pin)
AD000809,667.5,87.7,47.85237716143284,visits_agree,DIRECT_VISIT,Beside Bus Stop (pin is at this landmark)
AD000810,1145.4,-3187.0,47.85237716143284,visits_agree,DIRECT_VISIT,
AD000812,-1248.8,-2714.3,47.85237716143284,visits_agree,DIRECT_VISIT,
AD000813,3038.5,-2249.6,47.85237716143284,visits_agree,DIRECT_VISIT,Near Ration Shop (about 90 m from pin)
AD000814,-1196.1,-2249.7,3710.345440791194,baseline_coarse,VERIFY_FIRST,
AD000815,3122.7,-2480.5,387.8348230883865,visits_disagree,VISIT_WITH_HINT,
AD000816,1097.3,2655.1,357.82349000589664,landmark,VISIT_WITH_HINT,Near Bus Stop (pin is a guess near this landmark)
AD000817,1292.4,-1932.1,387.8348230883865,visits_disagree,VISIT_WITH_HINT,Near Milk Dairy (about 110 m from pin)
AD000818,1136.9,-100.0,3710.345440791194,baseline_coarse,VERIFY_FIRST,
AD000819,3020.4,-1138.3,162.09531146828414,baseline_street,VISIT_WITH_HINT,
AD000820,2418.5,-2001.4,162.09531146828414,baseline_street,VISIT_WITH_HINT,
AD000821,1041.5,-1855.2,357.82349000589664,landmark,VISIT_WITH_HINT,Opposite Ration Shop (pin is a guess near this landmark)
AD000822,482.9,-2881.3,387.8348230883865,visits_disagree,VISIT_WITH_HINT,
AD000823,-3083.2,1414.7,357.82349000589664,landmark,VISIT_WITH_HINT,Opposite Community Hall (pin is a guess near this landmark)
AD000824,1593.3,-1926.2,3710.345440791194,baseline_coarse,VERIFY_FIRST,
AD000825,-2212.5,1138.9,47.85237716143284,visits_agree,DIRECT_VISIT,
AD000826,-1048.8,-3124.8,3710.345440791194,baseline_coarse,VERIFY_FIRST,
AD000827,3161.3,-2444.6,77.439266525452,visit_1,DIRECT_VISIT,Opposite Milk Dairy (about 170 m from pin)
AD000828,-1817.4,-1413.1,3710.345440791194,baseline_coarse,VERIFY_FIRST,
AD000829,362.5,-0.4,3710.345440791194,baseline_coarse,VERIFY_FIRST,
AD000830,2531.8,613.7,47.85237716143284,visits_agree,DIRECT_VISIT,
AD000831,-1522.9,552.2,162.09531146828414,baseline_street,VISIT_WITH_HINT,
AD000832,3536.4,-2072.5,77.439266525452,visit_1,DIRECT_VISIT,
AD000833,-2847.1,-569.9,357.82349000589664,landmark,VISIT_WITH_HINT,Near Bus Stop (pin is a guess near this landmark)
AD000834,3346.5,-1801.1,3710.345440791194,baseline_coarse,VERIFY_FIRST,
AD000835,983.4,37.0,3710.345440791194,baseline_coarse,VERIFY_FIRST,
AD000836,821.2,-588.2,47.85237716143284,visits_agree,DIRECT_VISIT,
AD000837,-1934.8,-2593.9,3710.345440791194,baseline_coarse,VERIFY_FIRST,
AD000838,-2559.7,1431.3,162.09531146828414,baseline_street,VISIT_WITH_HINT,
AD000839,1071.1,2727.5,3710.345440791194,baseline_coarse,VERIFY_FIRST,
AD000840,3084.3,-2478.4,47.85237716143284,visits_agree,DIRECT_VISIT,
AD000841,1738.6,-2333.1,47.85237716143284,visits_agree,DIRECT_VISIT,Near Medical Store (pin is at this landmark)
AD000842,846.2,1312.2,77.439266525452,visit_1,DIRECT_VISIT,
AD000843,2732.8,-2595.5,77.439266525452,visit_1,DIRECT_VISIT,
AD000844,1982.8,-1241.6,357.82349000589664,landmark,VISIT_WITH_HINT,Near Hanuman Temple (pin is a guess near this landmark)
AD000845,1289.8,-1903.6,3710.345440791194,baseline_coarse,VERIFY_FIRST,
AD000846,-1855.9,-3266.1,47.85237716143284,visits_agree,DIRECT_VISIT,
AD000847,592.5,-3169.5,3710.345440791194,baseline_coarse,VERIFY_FIRST,
AD000848,-568.0,-3271.2,357.82349000589664,landmark,VISIT_WITH_HINT,Near Park (pin is a guess near this landmark)
AD000849,-3921.2,-577.0,357.82349000589664,landmark,VISIT_WITH_HINT,Near Community Hall (pin is a guess near this landmark)
AD000850,3761.8,220.1,387.8348230883865,visits_disagree,VISIT_WITH_HINT,
AD000851,2958.1,214.7,357.82349000589664,landmark,VISIT_WITH_HINT,Near Community Hall (pin is a guess near this landmark)
AD000852,-2726.0,11.6,77.439266525452,visit_1,DIRECT_VISIT,
AD000853,-3688.7,-857.1,3710.345440791194,baseline_coarse,VERIFY_FIRST,
AD000854,1336.7,-2557.0,387.8348230883865,visits_disagree,VISIT_WITH_HINT,Near Masjid (about 40 m from pin)
AD000855,907.5,2586.7,357.82349000589664,landmark,VISIT_WITH_HINT,Near Govt School (pin is a guess near this landmark)
AD000856,-581.9,-859.2,47.85237716143284,visits_agree,DIRECT_VISIT,
AD000857,1063.8,-332.3,357.82349000589664,landmark,VISIT_WITH_HINT,Behind Park (pin is a guess near this landmark)
AD000858,-1270.3,-1990.4,162.09531146828414,baseline_street,VISIT_WITH_HINT,Behind Ganesh Temple (about 130 m from pin)
AD000860,1349.4,-1819.9,47.85237716143284,visits_agree,DIRECT_VISIT,
AD000861,3050.0,593.8,3710.345440791194,baseline_coarse,VERIFY_FIRST,
AD000862,-2012.6,2454.5,3710.345440791194,baseline_coarse,VERIFY_FIRST,
AD000863,1817.8,-1642.3,162.09531146828414,baseline_street,VISIT_WITH_HINT,
AD000864,-1765.0,-2809.4,3710.345440791194,baseline_coarse,VERIFY_FIRST,
AD000865,-2528.7,1618.7,3710.345440791194,baseline_coarse,VERIFY_FIRST,
AD000866,1560.3,-1972.3,387.8348230883865,visits_disagree,VISIT_WITH_HINT,
AD000867,2923.0,-2544.8,387.8348230883865,visits_disagree,VISIT_WITH_HINT,
AD000868,811.5,354.9,47.85237716143284,visits_agree,DIRECT_VISIT,
AD000869,-2051.9,1555.5,387.8348230883865,visits_disagree,VISIT_WITH_HINT,Near Ganesh Temple (about 90 m from pin)
AD000870,3338.9,-2400.5,387.8348230883865,visits_disagree,VISIT_WITH_HINT,
AD000871,2441.1,-1253.6,357.82349000589664,landmark,VISIT_WITH_HINT,Near Govt School (pin is a guess near this landmark)
AD000872,2110.1,2097.2,162.09531146828414,baseline_street,VISIT_WITH_HINT,Opposite Govt School (about 40 m from pin)
AD000873,-2816.1,1289.1,3710.345440791194,baseline_coarse,VERIFY_FIRST,
AD000874,-3857.9,-540.3,47.85237716143284,visits_agree,DIRECT_VISIT,
AD000875,3866.0,551.9,3710.345440791194,baseline_coarse,VERIFY_FIRST,
AD000876,-1367.6,-1285.1,3710.345440791194,baseline_coarse,VERIFY_FIRST,
AD000877,1222.7,-2021.7,3710.345440791194,baseline_coarse,VERIFY_FIRST,
AD000878,-1777.9,2511.4,3710.345440791194,baseline_coarse,VERIFY_FIRST,
AD000879,-478.1,-3616.1,3710.345440791194,baseline_coarse,VERIFY_FIRST,
AD000880,2323.4,-2387.1,357.82349000589664,landmark,VISIT_WITH_HINT,Near Masjid (pin is a guess near this landmark)
AD000881,553.6,2268.1,3710.345440791194,baseline_coarse,VERIFY_FIRST,
AD000882,345.8,2454.5,357.82349000589664,landmark,VISIT_WITH_HINT,Opposite Ganesh Temple (pin is a guess near this landmark)
AD000883,3111.2,474.2,3710.345440791194,baseline_coarse,VERIFY_FIRST,
AD000884,935.3,2747.0,77.439266525452,visit_1,DIRECT_VISIT,Near Govt School (about 160 m from pin)
AD000885,3200.4,-2340.5,77.439266525452,visit_1,DIRECT_VISIT,Near Milk Dairy (about 150 m from pin)
AD000886,761.5,107.4,77.439266525452,visit_1,DIRECT_VISIT,
AD000888,740.2,-3077.2,357.82349000589664,landmark,VISIT_WITH_HINT,Opposite Community Hall (pin is a guess near this landmark)
AD000889,2682.0,-2208.9,3710.345440791194,baseline_coarse,VERIFY_FIRST,
AD000890,-661.4,3352.0,162.09531146828414,baseline_street,VISIT_WITH_HINT,Near Hanuman Temple (about 130 m from pin)
AD000891,-1316.2,-1522.3,3710.345440791194,baseline_coarse,VERIFY_FIRST,
AD000892,-272.4,-3176.9,162.09531146828414,baseline_street,VISIT_WITH_HINT,
AD000894,1233.3,-1108.1,162.09531146828414,baseline_street,VISIT_WITH_HINT,
AD000895,410.3,2335.9,47.85237716143284,visits_agree,DIRECT_VISIT,
AD000897,1606.0,-2536.8,47.85237716143284,visits_agree,DIRECT_VISIT,
AD000898,1190.6,-3389.6,77.439266525452,visit_1,DIRECT_VISIT,
AD000899,2155.4,-2099.7,3710.345440791194,baseline_coarse,VERIFY_FIRST,
AD000900,-2505.6,-92.4,357.82349000589664,landmark,VISIT_WITH_HINT,Near Govt School (pin is a guess near this landmark)
AD000901,1882.3,-2148.6,77.439266525452,visit_1,DIRECT_VISIT,
AD000902,755.2,2993.1,77.439266525452,visit_1,DIRECT_VISIT,Near Petrol Bunk (about 180 m from pin)
AD000903,2990.1,-2681.5,387.8348230883865,visits_disagree,VISIT_WITH_HINT,
AD000904,915.4,-2889.8,47.85237716143284,visits_agree,DIRECT_VISIT,
AD000905,426.2,1688.8,162.09531146828414,baseline_street,VISIT_WITH_HINT,
AD000906,3489.7,434.3,3710.345440791194,baseline_coarse,VERIFY_FIRST,
AD000907,3348.3,-1913.4,3710.345440791194,baseline_coarse,VERIFY_FIRST,
AD000908,2324.8,2017.9,3710.345440791194,baseline_coarse,VERIFY_FIRST,
AD000910,2538.0,-2371.9,162.09531146828414,baseline_street,VISIT_WITH_HINT,
AD000911,-548.4,-1445.6,357.82349000589664,landmark,VISIT_WITH_HINT,Near Park (pin is a guess near this landmark)
AD000912,1639.9,-1719.4,77.439266525452,visit_1,DIRECT_VISIT,
AD000913,622.6,-845.0,77.439266525452,visit_1,DIRECT_VISIT,Near Bus Stop (about 100 m from pin)
AD000914,1353.7,-2306.1,3710.345440791194,baseline_coarse,VERIFY_FIRST,
AD000915,-892.8,-668.4,387.8348230883865,visits_disagree,VISIT_WITH_HINT,
AD000916,2016.2,-757.8,3710.345440791194,baseline_coarse,VERIFY_FIRST,
AD000917,910.4,2357.5,387.8348230883865,visits_disagree,VISIT_WITH_HINT,
AD000918,2021.5,1946.3,387.8348230883865,visits_disagree,VISIT_WITH_HINT,
AD000919,3038.2,-2551.4,387.8348230883865,visits_disagree,VISIT_WITH_HINT,
AD000920,-1419.5,580.8,387.8348230883865,visits_disagree,VISIT_WITH_HINT,
AD000921,1703.0,-2314.5,77.439266525452,visit_1,DIRECT_VISIT,
AD000922,-1539.7,-2789.7,3710.345440791194,baseline_coarse,VERIFY_FIRST,
AD000923,518.3,-3402.9,47.85237716143284,visits_agree,DIRECT_VISIT,
AD000924,505.3,-2724.8,387.8348230883865,visits_disagree,VISIT_WITH_HINT,Near Medical Store (about 170 m from pin)
AD000925,1210.5,-1699.2,162.09531146828414,baseline_street,VISIT_WITH_HINT,
AD000926,1127.1,-622.5,162.09531146828414,baseline_street,VISIT_WITH_HINT,
AD000927,2577.3,-1320.1,357.82349000589664,landmark,VISIT_WITH_HINT,Near Water Tank (pin is a guess near this landmark)
AD000928,2843.8,757.1,357.82349000589664,landmark,VISIT_WITH_HINT,Opposite Ration Shop (pin is a guess near this landmark)
AD000929,1743.6,-1726.8,3710.345440791194,baseline_coarse,VERIFY_FIRST,
AD000930,-2597.1,1574.2,77.439266525452,visit_1,DIRECT_VISIT,
AD000932,-3669.6,-1081.6,3710.345440791194,baseline_coarse,VERIFY_FIRST,
AD000933,1440.8,-1984.6,357.82349000589664,landmark,VISIT_WITH_HINT,Near Church (pin is a guess near this landmark)
AD000934,492.6,2650.8,357.82349000589664,landmark,VISIT_WITH_HINT,Near Community Hall (pin is a guess near this landmark)
AD000935,-241.5,-3420.1,162.09531146828414,baseline_street,VISIT_WITH_HINT,
AD000936,1021.0,-2975.6,387.8348230883865,visits_disagree,VISIT_WITH_HINT,
AD000937,-663.7,2826.8,3710.345440791194,baseline_coarse,VERIFY_FIRST,
AD000938,1982.8,-1241.6,357.82349000589664,landmark,VISIT_WITH_HINT,Near Hanuman Temple (pin is a guess near this landmark)
AD000939,2364.6,1132.3,3710.345440791194,baseline_coarse,VERIFY_FIRST,
AD000940,320.8,-3029.4,387.8348230883865,visits_disagree,VISIT_WITH_HINT,
AD000942,800.7,3241.4,47.85237716143284,visits_agree,DIRECT_VISIT,
AD000943,-2594.8,-473.2,77.439266525452,visit_1,DIRECT_VISIT,Opposite Church (about 110 m from pin)
AD000944,-2331.7,1326.0,47.85237716143284,visits_agree,DIRECT_VISIT,Behind Masjid (about 110 m from pin)
AD000945,2843.8,757.1,357.82349000589664,landmark,VISIT_WITH_HINT,Opposite Ration Shop (pin is a guess near this landmark)
AD000946,-2856.5,1097.7,3710.345440791194,baseline_coarse,VERIFY_FIRST,
AD000947,907.5,2586.7,357.82349000589664,landmark,VISIT_WITH_HINT,Near Govt School (pin is a guess near this landmark)
AD000948,992.7,-690.7,77.439266525452,visit_1,DIRECT_VISIT,
AD000949,-764.5,-471.1,357.82349000589664,landmark,VISIT_WITH_HINT,Opposite Post Office (pin is a guess near this landmark)
AD000950,-3032.1,-243.2,47.85237716143284,visits_agree,DIRECT_VISIT,
AD000951,921.7,-30.1,3710.345440791194,baseline_coarse,VERIFY_FIRST,
AD000952,-521.0,2862.9,3710.345440791194,baseline_coarse,VERIFY_FIRST,
AD000953,204.7,-3167.1,387.8348230883865,visits_disagree,VISIT_WITH_HINT,
AD000954,-2490.9,1182.2,387.8348230883865,visits_disagree,VISIT_WITH_HINT,
AD000955,3118.6,-1923.1,47.85237716143284,visits_agree,DIRECT_VISIT,
AD000957,2861.0,64.4,77.439266525452,visit_1,DIRECT_VISIT,
AD000958,2374.2,-1074.8,162.09531146828414,baseline_street,VISIT_WITH_HINT,
AD000959,2925.5,-2722.3,77.439266525452,visit_1,DIRECT_VISIT,
AD000961,2844.3,775.5,357.82349000589664,landmark,VISIT_WITH_HINT,Near Water Tank (pin is a guess near this landmark)
AD000962,2674.5,251.2,77.439266525452,visit_1,DIRECT_VISIT,
AD000963,1610.8,-1555.4,3710.345440791194,baseline_coarse,VERIFY_FIRST,
AD000964,1032.9,-1837.5,47.85237716143284,visits_agree,DIRECT_VISIT,Opposite Ration Shop (pin is at this landmark)
AD000965,-2237.6,-2477.1,3710.345440791194,baseline_coarse,VERIFY_FIRST,
AD000967,-2477.9,-542.1,357.82349000589664,landmark,VISIT_WITH_HINT,Near Masjid (pin is a guess near this landmark)
AD000968,-2360.1,1644.4,3710.345440791194,baseline_coarse,VERIFY_FIRST,
AD000969,2188.3,971.9,47.85237716143284,visits_agree,DIRECT_VISIT,
AD000970,2705.2,1471.0,47.85237716143284,visits_agree,DIRECT_VISIT,
AD000971,813.3,-2903.7,387.8348230883865,visits_disagree,VISIT_WITH_HINT,
AD000972,-2202.0,-1094.0,3710.345440791194,baseline_coarse,VERIFY_FIRST,
AD000973,3789.0,285.5,3710.345440791194,baseline_coarse,VERIFY_FIRST,
AD000974,1697.4,-1921.3,3710.345440791194,baseline_coarse,VERIFY_FIRST,
AD000975,-280.8,-278.0,357.82349000589664,landmark,VISIT_WITH_HINT,Near Milk Dairy (pin is a guess near this landmark)
AD000976,-1114.0,-3021.9,3710.345440791194,baseline_coarse,VERIFY_FIRST,
AD000978,-1195.0,-594.7,47.85237716143284,visits_agree,DIRECT_VISIT,Near Govt School (about 170 m from pin)
AD000979,834.5,2612.0,3710.345440791194,baseline_coarse,VERIFY_FIRST,
AD000980,1373.7,4.8,387.8348230883865,visits_disagree,VISIT_WITH_HINT,
AD000981,-2528.1,-202.8,77.439266525452,visit_1,DIRECT_VISIT,Near Govt School (about 110 m from pin)
AD000982,4010.3,789.2,387.8348230883865,visits_disagree,VISIT_WITH_HINT,
AD000984,-2387.8,-2247.0,77.439266525452,visit_1,DIRECT_VISIT,Near Water Tank (about 80 m from pin)
AD000985,-2505.6,-92.4,357.82349000589664,landmark,VISIT_WITH_HINT,Near Govt School (pin is a guess near this landmark)
AD000986,1216.7,2516.0,387.8348230883865,visits_disagree,VISIT_WITH_HINT,
AD000987,2827.6,1123.3,77.439266525452,visit_1,DIRECT_VISIT,
AD000988,-2970.3,1121.1,3710.345440791194,baseline_coarse,VERIFY_FIRST,
AD000989,2298.9,-1400.3,3710.345440791194,baseline_coarse,VERIFY_FIRST,
AD000990,1434.6,219.8,162.09531146828414,baseline_street,VISIT_WITH_HINT,
AD000991,-676.1,3283.3,387.8348230883865,visits_disagree,VISIT_WITH_HINT,
AD000992,2588.6,-1304.9,77.439266525452,visit_1,DIRECT_VISIT,Opposite Water Tank (pin is at this landmark)
AD000993,2736.0,-2113.7,3710.345440791194,baseline_coarse,VERIFY_FIRST,
AD000994,-659.1,2860.5,3710.345440791194,baseline_coarse,VERIFY_FIRST,
AD000995,756.8,-2692.8,162.09531146828414,baseline_street,VISIT_WITH_HINT,Near Community Hall (about 160 m from pin)
AD000996,1041.5,-1855.2,357.82349000589664,landmark,VISIT_WITH_HINT,Near Ration Shop (pin is a guess near this landmark)
AD000997,-1405.5,-2598.4,162.09531146828414,baseline_street,VISIT_WITH_HINT,
AD000998,-662.8,3160.9,3710.345440791194,baseline_coarse,VERIFY_FIRST,
AD000999,-40.5,-3534.5,77.439266525452,visit_1,DIRECT_VISIT,
AD001000,2249.6,-1284.1,77.439266525452,visit_1,DIRECT_VISIT,
AD001001,3615.9,595.1,77.439266525452,visit_1,DIRECT_VISIT,
AD001002,-2110.2,1617.4,357.82349000589664,landmark,VISIT_WITH_HINT,Behind Ganesh Temple (pin is a guess near this landmark)
AD001003,863.3,1144.3,387.8348230883865,visits_disagree,VISIT_WITH_HINT,
AD001004,1092.3,-419.8,357.82349000589664,landmark,VISIT_WITH_HINT,Near Hanuman Temple (pin is a guess near this landmark)
AD001005,-2027.7,-2565.4,3710.345440791194,baseline_coarse,VERIFY_FIRST,
AD001006,1203.0,-1158.9,77.439266525452,visit_1,DIRECT_VISIT,
AD001007,-2813.1,992.4,162.09531146828414,baseline_street,VISIT_WITH_HINT,
AD001008,-2159.4,2328.3,162.09531146828414,baseline_street,VISIT_WITH_HINT,
AD001009,1639.0,-2308.5,77.439266525452,visit_1,DIRECT_VISIT,Behind Medical Store (about 90 m from pin)
AD001010,1180.4,36.7,3710.345440791194,baseline_coarse,VERIFY_FIRST,
AD001011,-868.8,3100.8,357.82349000589664,landmark,VISIT_WITH_HINT,Near Milk Dairy (pin is a guess near this landmark)
AD001012,802.2,-3287.1,387.8348230883865,visits_disagree,VISIT_WITH_HINT,
AD001013,1331.2,-2070.4,387.8348230883865,visits_disagree,VISIT_WITH_HINT,
AD001015,3288.5,210.8,162.09531146828414,baseline_street,VISIT_WITH_HINT,
AD001016,406.1,1611.5,3710.345440791194,baseline_coarse,VERIFY_FIRST,
AD001017,-934.6,-724.5,77.439266525452,visit_1,DIRECT_VISIT,Near Ration Shop (about 80 m from pin)
AD001018,-740.1,-361.6,3710.345440791194,baseline_coarse,VERIFY_FIRST,
AD001019,3099.8,579.9,3710.345440791194,baseline_coarse,VERIFY_FIRST,
AD001020,2497.3,-1687.0,162.09531146828414,baseline_street,VISIT_WITH_HINT,
AD001021,-280.8,-1189.1,77.439266525452,visit_1,DIRECT_VISIT,
AD001022,1677.0,-916.9,3710.345440791194,baseline_coarse,VERIFY_FIRST,
AD001023,-1638.2,-1514.4,3710.345440791194,baseline_coarse,VERIFY_FIRST,
AD001024,574.4,1656.1,3710.345440791194,baseline_coarse,VERIFY_FIRST,
AD001025,-597.7,-690.3,3710.345440791194,baseline_coarse,VERIFY_FIRST,
AD001026,767.1,2306.3,47.85237716143284,visits_agree,DIRECT_VISIT,
AD001027,900.0,3101.3,357.82349000589664,landmark,VISIT_WITH_HINT,Near Petrol Bunk (pin is a guess near this landmark)
AD001028,1160.8,2302.5,3710.345440791194,baseline_coarse,VERIFY_FIRST,
AD001029,907.5,2586.7,357.82349000589664,landmark,VISIT_WITH_HINT,Near Govt School (pin is a guess near this landmark)
AD001031,1435.4,-2121.0,387.8348230883865,visits_disagree,VISIT_WITH_HINT,
AD001032,-549.5,-336.6,3710.345440791194,baseline_coarse,VERIFY_FIRST,
AD001033,-1205.0,-3497.9,162.09531146828414,baseline_street,VISIT_WITH_HINT,Opposite Govt School (about 130 m from pin)
AD001034,3231.9,-1984.8,47.85237716143284,visits_agree,DIRECT_VISIT,
AD001035,800.2,-339.3,387.8348230883865,visits_disagree,VISIT_WITH_HINT,
AD001036,-2334.9,1811.3,387.8348230883865,visits_disagree,VISIT_WITH_HINT,
AD001037,-2878.1,1621.2,357.82349000589664,landmark,VISIT_WITH_HINT,Near Milk Dairy (pin is a guess near this landmark)
AD001039,2977.4,-2372.7,77.439266525452,visit_1,DIRECT_VISIT,
AD001040,852.9,-1117.6,387.8348230883865,visits_disagree,VISIT_WITH_HINT,Opposite Church (about 130 m from pin)
AD001041,1771.0,1594.8,3710.345440791194,baseline_coarse,VERIFY_FIRST,
AD001042,-2989.3,793.9,387.8348230883865,visits_disagree,VISIT_WITH_HINT,
AD001043,-2599.0,1069.1,47.85237716143284,visits_agree,DIRECT_VISIT,
AD001044,2707.3,-2312.1,3710.345440791194,baseline_coarse,VERIFY_FIRST,
AD001045,2677.3,1419.7,47.85237716143284,visits_agree,DIRECT_VISIT,
AD001046,-2773.3,-44.3,3710.345440791194,baseline_coarse,VERIFY_FIRST,
AD001047,2720.7,-1705.7,162.09531146828414,baseline_street,VISIT_WITH_HINT,
AD001048,2672.5,-2098.5,77.439266525452,visit_1,DIRECT_VISIT,
AD001049,-1031.2,-536.6,357.82349000589664,landmark,VISIT_WITH_HINT,Near Govt School (pin is a guess near this landmark)
AD001050,3014.9,580.4,3710.345440791194,baseline_coarse,VERIFY_FIRST,
AD001052,2817.7,-2277.3,3710.345440791194,baseline_coarse,VERIFY_FIRST,
AD001053,895.8,-722.1,387.8348230883865,visits_disagree,VISIT_WITH_HINT,
AD001054,-133.5,2765.2,77.439266525452,visit_1,DIRECT_VISIT,
AD001055,390.8,-3230.0,387.8348230883865,visits_disagree,VISIT_WITH_HINT,
AD001057,1089.5,-2854.5,47.85237716143284,visits_agree,DIRECT_VISIT,
AD001058,2762.2,-2150.4,3710.345440791194,baseline_coarse,VERIFY_FIRST,
AD001059,996.4,-195.5,3710.345440791194,baseline_coarse,VERIFY_FIRST,
AD001060,1013.0,-1642.5,77.439266525452,visit_1,DIRECT_VISIT,
AD001062,3539.0,502.8,3710.345440791194,baseline_coarse,VERIFY_FIRST,
AD001063,2911.4,-1833.7,77.439266525452,visit_1,DIRECT_VISIT,
AD001064,-2943.1,-11.0,387.8348230883865,visits_disagree,VISIT_WITH_HINT,
AD001065,1621.2,-1200.0,3710.345440791194,baseline_coarse,VERIFY_FIRST,Near Medical Store (about 80 m from pin)
AD001066,-3698.1,-909.9,3710.345440791194,baseline_coarse,VERIFY_FIRST,
AD001067,1100.6,-2782.6,77.439266525452,visit_1,DIRECT_VISIT,
AD001068,573.8,1670.9,3710.345440791194,baseline_coarse,VERIFY_FIRST,
AD001069,-21.9,-94.8,3710.345440791194,baseline_coarse,VERIFY_FIRST,
AD001070,-2018.6,-2173.4,357.82349000589664,landmark,VISIT_WITH_HINT,Near Bus Stop (pin is a guess near this landmark)
AD001071,-1054.7,-650.2,387.8348230883865,visits_disagree,VISIT_WITH_HINT,
AD001073,914.0,-778.8,3710.345440791194,baseline_coarse,VERIFY_FIRST,
AD001074,2533.3,-1888.0,77.439266525452,visit_1,DIRECT_VISIT,
AD001075,-3292.4,1100.6,162.09531146828414,baseline_street,VISIT_WITH_HINT,
AD001076,-513.7,-242.5,357.82349000589664,landmark,VISIT_WITH_HINT,Near Medical Store (pin is a guess near this landmark)
AD001078,3061.6,-1915.8,387.8348230883865,visits_disagree,VISIT_WITH_HINT,
AD001079,-2570.4,-31.3,387.8348230883865,visits_disagree,VISIT_WITH_HINT,
AD001080,-2306.2,-144.4,387.8348230883865,visits_disagree,VISIT_WITH_HINT,
AD001081,1086.5,-83.6,3710.345440791194,baseline_coarse,VERIFY_FIRST,
AD001082,940.8,2546.9,357.82349000589664,landmark,VISIT_WITH_HINT,Near Ration Shop (pin is a guess near this landmark)
AD001083,789.0,-3288.8,387.8348230883865,visits_disagree,VISIT_WITH_HINT,
AD001084,-1869.6,-2662.9,357.82349000589664,landmark,VISIT_WITH_HINT,Near Govt School (pin is a guess near this landmark)
AD001086,-778.5,-484.3,3710.345440791194,baseline_coarse,VERIFY_FIRST,
AD001087,988.3,-2664.9,387.8348230883865,visits_disagree,VISIT_WITH_HINT,
AD001088,1478.1,-298.4,387.8348230883865,visits_disagree,VISIT_WITH_HINT,
AD001089,3509.8,540.2,357.82349000589664,landmark,VISIT_WITH_HINT,Near Milk Dairy (pin is a guess near this landmark)
AD001091,-3691.6,-718.5,77.439266525452,visit_1,DIRECT_VISIT,
AD001092,-1031.2,-536.6,357.82349000589664,landmark,VISIT_WITH_HINT,Near Govt School (pin is a guess near this landmark)
AD001094,-2463.5,1758.0,47.85237716143284,visits_agree,DIRECT_VISIT,
AD001095,1186.1,-1723.2,3710.345440791194,baseline_coarse,VERIFY_FIRST,
AD001096,2710.8,1010.6,387.8348230883865,visits_disagree,VISIT_WITH_HINT,
AD001097,1982.8,-1241.6,357.82349000589664,landmark,VISIT_WITH_HINT,Near Hanuman Temple (pin is a guess near this landmark)
AD001098,2217.5,-1609.0,3710.345440791194,baseline_coarse,VERIFY_FIRST,
AD001099,-3779.9,-823.9,3710.345440791194,baseline_coarse,VERIFY_FIRST,
AD001100,2902.4,-2543.2,47.85237716143284,visits_agree,DIRECT_VISIT,
AD001101,486.3,-2813.1,3710.345440791194,baseline_coarse,VERIFY_FIRST,
AD001102,1097.3,2655.1,357.82349000589664,landmark,VISIT_WITH_HINT,Near Bus Stop (pin is a guess near this landmark)
AD001103,542.9,111.2,3710.345440791194,baseline_coarse,VERIFY_FIRST,Near Bus Stop (about 150 m from pin)
AD001104,2105.4,1739.7,3710.345440791194,baseline_coarse,VERIFY_FIRST,
AD001105,2892.8,-2515.3,387.8348230883865,visits_disagree,VISIT_WITH_HINT,Opposite Hanuman Temple (about 170 m from pin)
AD001107,1557.9,-1653.5,3710.345440791194,baseline_coarse,VERIFY_FIRST,
AD001108,312.1,2546.9,387.8348230883865,visits_disagree,VISIT_WITH_HINT,
AD001109,-2575.9,-346.3,3710.345440791194,baseline_coarse,VERIFY_FIRST,
AD001110,-412.2,-1176.3,77.439266525452,visit_1,DIRECT_VISIT,
AD001112,-1138.4,-1991.8,357.82349000589664,landmark,VISIT_WITH_HINT,Near Ganesh Temple (pin is a guess near this landmark)
AD001113,603.1,-747.9,357.82349000589664,landmark,VISIT_WITH_HINT,Near Bus Stop (pin is a guess near this landmark)
AD001114,2707.2,-1445.8,3710.345440791194,baseline_coarse,VERIFY_FIRST,
AD001115,-532.5,3389.7,357.82349000589664,landmark,VISIT_WITH_HINT,Beside Hanuman Temple (pin is a guess near this landmark)
AD001116,3114.7,-1943.0,387.8348230883865,visits_disagree,VISIT_WITH_HINT,
AD001117,2509.2,-1235.1,3710.345440791194,baseline_coarse,VERIFY_FIRST,
AD001118,-2477.7,1422.2,3710.345440791194,baseline_coarse,VERIFY_FIRST,
AD001119,3820.8,341.4,3710.345440791194,baseline_coarse,VERIFY_FIRST,
AD001120,-3990.5,-1086.5,357.82349000589664,landmark,VISIT_WITH_HINT,Near Hanuman Temple (pin is a guess near this landmark)
AD001121,3733.5,642.4,47.85237716143284,visits_agree,DIRECT_VISIT,Opposite Ration Shop (about 150 m from pin)
AD001122,3389.4,498.4,387.8348230883865,visits_disagree,VISIT_WITH_HINT,Opposite Community Hall (about 30 m from pin)
AD001123,-2723.5,-234.0,3710.345440791194,baseline_coarse,VERIFY_FIRST,
AD001124,1209.5,-1669.2,77.439266525452,visit_1,DIRECT_VISIT,
AD001125,1275.4,1129.1,162.09531146828414,baseline_street,VISIT_WITH_HINT,Near Bus Stop (about 110 m from pin)
AD001126,3094.5,622.8,3710.345440791194,baseline_coarse,VERIFY_FIRST,
AD001127,626.8,-3388.2,387.8348230883865,visits_disagree,VISIT_WITH_HINT,
AD001128,780.7,-1352.6,387.8348230883865,visits_disagree,VISIT_WITH_HINT,
AD001129,-707.4,3230.6,162.09531146828414,baseline_street,VISIT_WITH_HINT,
AD001130,-781.8,-3319.2,387.8348230883865,visits_disagree,VISIT_WITH_HINT,
AD001131,1126.0,-1756.0,47.85237716143284,visits_agree,DIRECT_VISIT,
AD001132,2564.4,-1844.1,162.09531146828414,baseline_street,VISIT_WITH_HINT,Beside Ration Shop (about 100 m from pin)
AD001133,2387.7,-1258.5,47.85237716143284,visits_agree,DIRECT_VISIT,Near Govt School (about 50 m from pin)
AD001134,760.8,-2998.2,3710.345440791194,baseline_coarse,VERIFY_FIRST,
AD001135,-883.8,2954.2,387.8348230883865,visits_disagree,VISIT_WITH_HINT,
AD001136,812.2,-240.4,47.85237716143284,visits_agree,DIRECT_VISIT,
AD001137,295.3,1838.8,3710.345440791194,baseline_coarse,VERIFY_FIRST,
AD001138,-364.6,-3305.7,47.85237716143284,visits_agree,DIRECT_VISIT,
AD001139,1117.8,-2063.2,3710.345440791194,baseline_coarse,VERIFY_FIRST,
AD001140,-320.1,-1102.8,357.82349000589664,landmark,VISIT_WITH_HINT,Near Milk Dairy (pin is a guess near this landmark)
AD001141,-622.3,-3498.9,3710.345440791194,baseline_coarse,VERIFY_FIRST,
AD001142,-689.3,-604.3,3710.345440791194,baseline_coarse,VERIFY_FIRST,
AD001143,3231.2,-1663.6,357.82349000589664,landmark,VISIT_WITH_HINT,Near Ration Shop (pin is a guess near this landmark)
AD001144,-613.2,-1231.1,162.09531146828414,baseline_street,VISIT_WITH_HINT,Near Church (about 170 m from pin)
AD001145,593.9,2301.0,387.8348230883865,visits_disagree,VISIT_WITH_HINT,
AD001146,260.2,-163.8,3710.345440791194,baseline_coarse,VERIFY_FIRST,
AD001147,-1795.0,2348.4,3710.345440791194,baseline_coarse,VERIFY_FIRST,
AD001148,-1220.3,476.3,3710.345440791194,baseline_coarse,VERIFY_FIRST,
AD001149,1638.1,-1617.0,387.8348230883865,visits_disagree,VISIT_WITH_HINT,
AD001150,1293.3,689.5,3710.345440791194,baseline_coarse,VERIFY_FIRST,
AD001151,667.5,-2917.9,387.8348230883865,visits_disagree,VISIT_WITH_HINT,Behind Bus Stop (about 140 m from pin)
AD001152,1471.0,356.7,387.8348230883865,visits_disagree,VISIT_WITH_HINT,Near Hanuman Temple (about 170 m from pin)
AD001153,-390.6,2116.3,3710.345440791194,baseline_coarse,VERIFY_FIRST,
AD001154,-2578.9,1707.1,47.85237716143284,visits_agree,DIRECT_VISIT,
AD001155,933.7,991.6,162.09531146828414,baseline_street,VISIT_WITH_HINT,
AD001156,641.5,-289.3,387.8348230883865,visits_disagree,VISIT_WITH_HINT,
AD001157,-1887.3,-2910.8,77.439266525452,visit_1,DIRECT_VISIT,
AD001158,927.7,2564.5,77.439266525452,visit_1,DIRECT_VISIT,Beside Govt School (about 30 m from pin)
AD001160,-2714.8,1734.5,77.439266525452,visit_1,DIRECT_VISIT,
AD001161,3425.0,389.5,162.09531146828414,baseline_street,VISIT_WITH_HINT,Beside Community Hall (about 90 m from pin)
AD001162,-145.9,-3531.5,77.439266525452,visit_1,DIRECT_VISIT,
AD001163,-1869.6,-2662.9,357.82349000589664,landmark,VISIT_WITH_HINT,Near Govt School (pin is a guess near this landmark)
AD001164,-764.5,-471.1,357.82349000589664,landmark,VISIT_WITH_HINT,Near Post Office (pin is a guess near this landmark)
AD001165,-186.5,2836.7,77.439266525452,visit_1,DIRECT_VISIT,
AD001166,-2805.7,1404.6,3710.345440791194,baseline_coarse,VERIFY_FIRST,
AD001167,1287.7,-1408.7,3710.345440791194,baseline_coarse,VERIFY_FIRST,
AD001168,-280.8,-278.0,357.82349000589664,landmark,VISIT_WITH_HINT,Near Milk Dairy (pin is a guess near this landmark)
AD001170,3658.8,-1915.9,387.8348230883865,visits_disagree,VISIT_WITH_HINT,
AD001171,-2680.8,-627.4,77.439266525452,visit_1,DIRECT_VISIT,
AD001172,2419.2,-2172.7,3710.345440791194,baseline_coarse,VERIFY_FIRST,
AD001173,2540.5,1008.7,3710.345440791194,baseline_coarse,VERIFY_FIRST,
AD001174,2592.6,-1926.1,47.85237716143284,visits_agree,DIRECT_VISIT,
AD001175,1006.7,-770.0,162.09531146828414,baseline_street,VISIT_WITH_HINT,
AD001176,3795.3,38.5,387.8348230883865,visits_disagree,VISIT_WITH_HINT,
AD001177,823.4,2799.6,3710.345440791194,baseline_coarse,VERIFY_FIRST,
AD001178,1803.6,-2195.5,47.85237716143284,visits_agree,DIRECT_VISIT,
AD001180,1031.2,-3518.5,3710.345440791194,baseline_coarse,VERIFY_FIRST,
AD001181,-411.3,-3489.0,3710.345440791194,baseline_coarse,VERIFY_FIRST,
AD001182,1438.2,927.4,357.82349000589664,landmark,VISIT_WITH_HINT,Near Hanuman Temple (pin is a guess near this landmark)
AD001183,3720.8,249.7,3710.345440791194,baseline_coarse,VERIFY_FIRST,
AD001184,732.3,-1067.4,357.82349000589664,landmark,VISIT_WITH_HINT,Near Church (pin is a guess near this landmark)
AD001186,2875.7,-1998.5,387.8348230883865,visits_disagree,VISIT_WITH_HINT,
AD001187,1365.3,-304.6,47.85237716143284,visits_agree,DIRECT_VISIT,
AD001188,3580.9,547.8,3710.345440791194,baseline_coarse,VERIFY_FIRST,
AD001189,-777.2,2882.0,3710.345440791194,baseline_coarse,VERIFY_FIRST,
AD001190,1036.4,-39.7,3710.345440791194,baseline_coarse,VERIFY_FIRST,
AD001191,366.9,2806.8,77.439266525452,visit_1,DIRECT_VISIT,Behind Church (about 120 m from pin)
AD001192,-1409.6,-2935.6,357.82349000589664,landmark,VISIT_WITH_HINT,Behind Masjid (pin is a guess near this landmark)
AD001193,-170.1,3207.2,357.82349000589664,landmark,VISIT_WITH_HINT,Near Ration Shop (pin is a guess near this landmark)
AD001194,2469.1,-1329.6,357.82349000589664,landmark,VISIT_WITH_HINT,Behind Hanuman Temple (pin is a guess near this landmark)
AD001195,2447.4,-1191.9,357.82349000589664,landmark,VISIT_WITH_HINT,Near Post Office (pin is a guess near this landmark)
AD001196,2124.8,-1743.3,3710.345440791194,baseline_coarse,VERIFY_FIRST,
AD001197,719.5,-1491.5,77.439266525452,visit_1,DIRECT_VISIT,
AD001198,566.9,-2780.6,77.439266525452,visit_1,DIRECT_VISIT,Beside Ration Shop (about 110 m from pin)
AD001199,990.6,-358.9,3710.345440791194,baseline_coarse,VERIFY_FIRST,
AD001200,-2824.4,850.0,47.85237716143284,visits_agree,DIRECT_VISIT,
AD001201,660.3,-2619.4,77.439266525452,visit_1,DIRECT_VISIT,
AD001202,-1528.9,-2813.1,357.82349000589664,landmark,VISIT_WITH_HINT,Near Hanuman Temple (pin is a guess near this landmark)
AD001203,-581.4,-3536.0,162.09531146828414,baseline_street,VISIT_WITH_HINT,
AD001204,1346.4,-2520.7,357.82349000589664,landmark,VISIT_WITH_HINT,Beside Masjid (pin is a guess near this landmark)
AD001206,-2505.6,-92.4,357.82349000589664,landmark,VISIT_WITH_HINT,Near Govt School (pin is a guess near this landmark)
AD001207,2520.6,902.4,387.8348230883865,visits_disagree,VISIT_WITH_HINT,Near Masjid (about 120 m from pin)
AD001208,1596.3,-1026.8,77.439266525452,visit_1,DIRECT_VISIT,Near Medical Store (about 170 m from pin)
AD001209,-1034.4,3134.4,162.09531146828414,baseline_street,VISIT_WITH_HINT,
AD001210,900.0,3101.3,357.82349000589664,landmark,VISIT_WITH_HINT,Near Petrol Bunk (pin is a guess near this landmark)
AD001211,1016.8,19.7,3710.345440791194,baseline_coarse,VERIFY_FIRST,
AD001212,-2997.2,1341.6,387.8348230883865,visits_disagree,VISIT_WITH_HINT,
AD001213,491.5,1762.5,3710.345440791194,baseline_coarse,VERIFY_FIRST,
AD001214,2804.4,-1616.0,77.439266525452,visit_1,DIRECT_VISIT,
AD001215,2216.5,1652.3,3710.345440791194,baseline_coarse,VERIFY_FIRST,
AD001216,978.3,-984.2,77.439266525452,visit_1,DIRECT_VISIT,
AD001217,874.7,-764.5,3710.345440791194,baseline_coarse,VERIFY_FIRST,
AD001218,-1244.1,379.8,3710.345440791194,baseline_coarse,VERIFY_FIRST,
AD001219,-528.2,-3741.9,77.439266525452,visit_1,DIRECT_VISIT,Near Masjid (about 170 m from pin)
AD001220,2339.9,-773.6,387.8348230883865,visits_disagree,VISIT_WITH_HINT,
AD001222,3651.1,482.4,3710.345440791194,baseline_coarse,VERIFY_FIRST,
AD001223,727.0,-2999.6,47.85237716143284,visits_agree,DIRECT_VISIT,
AD001224,2816.8,-2167.8,3710.345440791194,baseline_coarse,VERIFY_FIRST,
AD001225,331.0,-3084.2,357.82349000589664,landmark,VISIT_WITH_HINT,Behind Ganesh Temple (pin is a guess near this landmark)
AD001226,1123.4,722.1,3710.345440791194,baseline_coarse,VERIFY_FIRST,
AD001227,3268.6,-2130.6,3710.345440791194,baseline_coarse,VERIFY_FIRST,
AD001228,-1060.5,-3169.8,3710.345440791194,baseline_coarse,VERIFY_FIRST,
AD001230,1168.9,1631.0,162.09531146828414,baseline_street,VISIT_WITH_HINT,Near Medical Store (about 170 m from pin)
AD001231,2914.5,-2195.6,47.85237716143284,visits_agree,DIRECT_VISIT,
AD001232,370.9,-2842.5,387.8348230883865,visits_disagree,VISIT_WITH_HINT,
AD001233,2519.5,-2359.3,47.85237716143284,visits_agree,DIRECT_VISIT,
AD001234,-1280.4,-1272.2,3710.345440791194,baseline_coarse,VERIFY_FIRST,
AD001236,2937.3,-2642.7,387.8348230883865,visits_disagree,VISIT_WITH_HINT,
AD001237,2701.0,526.4,77.439266525452,visit_1,DIRECT_VISIT,
AD001238,1440.8,-1984.6,357.82349000589664,landmark,VISIT_WITH_HINT,Near Church (pin is a guess near this landmark)
AD001239,-700.5,-3049.2,47.85237716143284,visits_agree,DIRECT_VISIT,Near Church (about 150 m from pin)
AD001240,1317.5,-221.5,47.85237716143284,visits_agree,DIRECT_VISIT,
AD001242,1561.3,-1866.8,387.8348230883865,visits_disagree,VISIT_WITH_HINT,
AD001243,2870.3,-2346.1,357.82349000589664,landmark,VISIT_WITH_HINT,Near Hanuman Temple (pin is a guess near this landmark)
AD001245,1514.8,-1952.7,77.439266525452,visit_1,DIRECT_VISIT,Beside Church (about 80 m from pin)
AD001246,2832.5,-2360.1,3710.345440791194,baseline_coarse,VERIFY_FIRST,
AD001247,-825.3,-399.5,77.439266525452,visit_1,DIRECT_VISIT,Near Post Office (about 90 m from pin)
AD001248,1413.1,-821.8,77.439266525452,visit_1,DIRECT_VISIT,Near Medical Store (about 80 m from pin)
AD001249,731.9,-1039.8,357.82349000589664,landmark,VISIT_WITH_HINT,Near Govt School (pin is a guess near this landmark)
AD001250,3049.4,-2157.6,357.82349000589664,landmark,VISIT_WITH_HINT,Near Ration Shop (pin is a guess near this landmark)
AD001251,-1185.1,474.0,3710.345440791194,baseline_coarse,VERIFY_FIRST,
AD001252,671.4,-3199.5,3710.345440791194,baseline_coarse,VERIFY_FIRST,
AD001253,-770.6,-3236.6,162.09531146828414,baseline_street,VISIT_WITH_HINT,
AD001254,2723.1,267.4,47.85237716143284,visits_agree,DIRECT_VISIT,
AD001255,3482.5,429.2,162.09531146828414,baseline_street,VISIT_WITH_HINT,
AD001256,3310.1,-1981.7,47.85237716143284,visits_agree,DIRECT_VISIT,
AD001257,2319.9,1438.9,47.85237716143284,visits_agree,DIRECT_VISIT,
AD001258,127.4,1822.5,77.439266525452,visit_1,DIRECT_VISIT,
AD001259,-2776.2,-194.0,3710.345440791194,baseline_coarse,VERIFY_FIRST,
AD001260,2469.1,-1329.6,357.82349000589664,landmark,VISIT_WITH_HINT,Near Hanuman Temple (pin is a guess near this landmark)
AD001261,619.5,-2985.1,3710.345440791194,baseline_coarse,VERIFY_FIRST,
AD001262,-978.6,-432.0,77.439266525452,visit_1,DIRECT_VISIT,
AD001263,-2350.3,-2317.5,357.82349000589664,landmark,VISIT_WITH_HINT,Near Water Tank (pin is a guess near this landmark)
AD001264,-1281.4,-2066.2,3710.345440791194,baseline_coarse,VERIFY_FIRST,
AD001265,-1022.1,-1809.8,3710.345440791194,baseline_coarse,VERIFY_FIRST,
AD001266,2323.4,-2387.1,357.82349000589664,landmark,VISIT_WITH_HINT,Near Masjid (pin is a guess near this landmark)
AD001267,-2375.0,-2090.4,77.439266525452,visit_1,DIRECT_VISIT,
AD001268,-147.1,-850.7,387.8348230883865,visits_disagree,VISIT_WITH_HINT,
AD001269,-2970.7,-210.4,77.439266525452,visit_1,DIRECT_VISIT,
AD001270,-528.9,-1355.9,3710.345440791194,baseline_coarse,VERIFY_FIRST,
AD001271,2951.4,-1848.8,77.439266525452,visit_1,DIRECT_VISIT,
AD001272,3104.5,-2334.1,387.8348230883865,visits_disagree,VISIT_WITH_HINT,Near Milk Dairy (about 60 m from pin)
AD001273,2310.5,-2143.2,387.8348230883865,visits_disagree,VISIT_WITH_HINT,
AD001274,673.1,-933.9,77.439266525452,visit_1,DIRECT_VISIT,Opposite Govt School (about 120 m from pin)
AD001275,-2563.6,-363.4,3710.345440791194,baseline_coarse,VERIFY_FIRST,
AD001276,2377.4,-2214.7,77.439266525452,visit_1,DIRECT_VISIT,
AD001277,2409.4,-1150.0,162.09531146828414,baseline_street,VISIT_WITH_HINT,
AD001278,228.9,2213.6,3710.345440791194,baseline_coarse,VERIFY_FIRST,
AD001279,1014.3,-72.9,77.439266525452,visit_1,DIRECT_VISIT,
AD001280,853.4,2676.5,3710.345440791194,baseline_coarse,VERIFY_FIRST,
AD001281,1559.5,-2338.1,77.439266525452,visit_1,DIRECT_VISIT,
AD001282,658.2,-1125.8,357.82349000589664,landmark,VISIT_WITH_HINT,Near Ration Shop (pin is a guess near this landmark)
AD001283,3799.3,510.2,3710.345440791194,baseline_coarse,VERIFY_FIRST,
AD001284,1487.9,-2023.2,3710.345440791194,baseline_coarse,VERIFY_FIRST,
AD001285,-459.9,2746.1,3710.345440791194,baseline_coarse,VERIFY_FIRST,
AD001286,1543.3,-4088.6,162.09531146828414,baseline_street,VISIT_WITH_HINT,
AD001287,-3730.3,-719.1,3710.345440791194,baseline_coarse,VERIFY_FIRST,
AD001288,1109.7,-68.9,3710.345440791194,baseline_coarse,VERIFY_FIRST,
AD001289,3994.3,668.4,162.09531146828414,baseline_street,VISIT_WITH_HINT,
AD001290,995.0,-1036.5,387.8348230883865,visits_disagree,VISIT_WITH_HINT,
AD001291,894.6,-787.5,387.8348230883865,visits_disagree,VISIT_WITH_HINT,
AD001293,-938.9,-200.5,77.439266525452,visit_1,DIRECT_VISIT,
AD001294,2665.4,-2386.6,387.8348230883865,visits_disagree,VISIT_WITH_HINT,
AD001295,483.5,-2857.5,3710.345440791194,baseline_coarse,VERIFY_FIRST,
AD001296,3000.4,647.0,3710.345440791194,baseline_coarse,VERIFY_FIRST,
AD001297,2335.2,1476.5,357.82349000589664,landmark,VISIT_WITH_HINT,Near Ration Shop (pin is a guess near this landmark)
AD001298,-846.0,-3041.6,77.439266525452,visit_1,DIRECT_VISIT,Beside Church (about 60 m from pin)
AD001299,-563.2,-1389.8,357.82349000589664,landmark,VISIT_WITH_HINT,Near Church (pin is a guess near this landmark)
AD001300,1569.4,-2218.7,162.09531146828414,baseline_street,VISIT_WITH_HINT,
AD001301,-1957.2,-3046.1,162.09531146828414,baseline_street,VISIT_WITH_HINT,
AD001302,-3558.0,-825.4,3710.345440791194,baseline_coarse,VERIFY_FIRST,
AD001303,2283.3,-1218.0,162.09531146828414,baseline_street,VISIT_WITH_HINT,
AD001304,-1958.0,-2771.0,162.09531146828414,baseline_street,VISIT_WITH_HINT,
AD001305,-2678.2,-543.8,357.82349000589664,landmark,VISIT_WITH_HINT,Near Church (pin is a guess near this landmark)
AD001306,2697.9,-2220.5,77.439266525452,visit_1,DIRECT_VISIT,Near Community Hall (about 130 m from pin)
AD001307,409.0,-3158.9,47.85237716143284,visits_agree,DIRECT_VISIT,Near Water Tank (about 110 m from pin)
AD001308,-2814.9,1417.8,162.09531146828414,baseline_street,VISIT_WITH_HINT,
AD001309,-684.4,-1520.8,3710.345440791194,baseline_coarse,VERIFY_FIRST,
AD001310,2354.8,1619.0,3710.345440791194,baseline_coarse,VERIFY_FIRST,
AD001311,-3155.2,823.8,357.82349000589664,landmark,VISIT_WITH_HINT,Opposite Ganesh Temple (pin is a guess near this landmark)
AD001312,-2787.5,1143.8,3710.345440791194,baseline_coarse,VERIFY_FIRST,
AD001314,-2436.6,1276.8,387.8348230883865,visits_disagree,VISIT_WITH_HINT,
AD001315,-3155.2,823.8,357.82349000589664,landmark,VISIT_WITH_HINT,Near Ganesh Temple (pin is a guess near this landmark)
AD001316,-834.6,-2978.5,357.82349000589664,landmark,VISIT_WITH_HINT,Near Church (pin is a guess near this landmark)
AD001317,1919.8,-1156.5,162.09531146828414,baseline_street,VISIT_WITH_HINT,
AD001318,1213.7,-55.1,162.09531146828414,baseline_street,VISIT_WITH_HINT,Near Bus Stop (about 170 m from pin)
AD001319,-768.2,3483.0,357.82349000589664,landmark,VISIT_WITH_HINT,Near Park (pin is a guess near this landmark)
AD001320,-543.2,-1029.4,162.09531146828414,baseline_street,VISIT_WITH_HINT,
AD001321,569.7,2284.4,162.09531146828414,baseline_street,VISIT_WITH_HINT,
AD001322,16.7,1989.0,77.439266525452,visit_1,DIRECT_VISIT,
AD001323,681.3,-2735.2,77.439266525452,visit_1,DIRECT_VISIT,Beside Ration Shop (about 40 m from pin)
AD001324,2641.6,-1930.0,387.8348230883865,visits_disagree,VISIT_WITH_HINT,
AD001325,-1730.4,-2813.1,3710.345440791194,baseline_coarse,VERIFY_FIRST,
AD001326,806.4,1175.1,3710.345440791194,baseline_coarse,VERIFY_FIRST,
AD001327,1460.0,-1918.0,3710.345440791194,baseline_coarse,VERIFY_FIRST,
AD001328,933.9,2624.5,3710.345440791194,baseline_coarse,VERIFY_FIRST,
AD001329,1014.3,-406.9,357.82349000589664,landmark,VISIT_WITH_HINT,Near Masjid (pin is a guess near this landmark)
AD001330,-2362.7,-538.5,387.8348230883865,visits_disagree,VISIT_WITH_HINT,
AD001331,-2948.6,-20.5,77.439266525452,visit_1,DIRECT_VISIT,
AD001332,-1153.3,-2028.0,3710.345440791194,baseline_coarse,VERIFY_FIRST,
AD001333,-2772.6,-349.4,357.82349000589664,landmark,VISIT_WITH_HINT,Near Petrol Bunk (pin is a guess near this landmark)
AD001335,868.7,-2937.9,77.439266525452,visit_1,DIRECT_VISIT,
AD001336,2695.2,-1794.1,387.8348230883865,visits_disagree,VISIT_WITH_HINT,
AD001337,1346.4,-2520.7,357.82349000589664,landmark,VISIT_WITH_HINT,Beside Masjid (pin is a guess near this landmark)
AD001338,2849.8,625.5,47.85237716143284,visits_agree,DIRECT_VISIT,
AD001339,608.3,3028.8,387.8348230883865,visits_disagree,VISIT_WITH_HINT,
AD001340,1097.3,2655.1,357.82349000589664,landmark,VISIT_WITH_HINT,Near Bus Stop (pin is a guess near this landmark)
AD001341,-980.8,-1755.2,162.09531146828414,baseline_street,VISIT_WITH_HINT,
AD001342,2906.1,710.1,3710.345440791194,baseline_coarse,VERIFY_FIRST,
AD001343,-1269.1,-501.1,77.439266525452,visit_1,DIRECT_VISIT,
AD001344,-1311.8,-1762.3,3710.345440791194,baseline_coarse,VERIFY_FIRST,
AD001346,-797.5,-721.5,77.439266525452,visit_1,DIRECT_VISIT,Near Masjid (about 160 m from pin)
AD001348,2614.3,-2334.9,3710.345440791194,baseline_coarse,VERIFY_FIRST,
AD001349,2041.4,-1312.6,162.09531146828414,baseline_street,VISIT_WITH_HINT,Behind Hanuman Temple (about 90 m from pin)
AD001350,-1748.6,-2600.8,3710.345440791194,baseline_coarse,VERIFY_FIRST,
AD001351,1493.2,396.7,77.439266525452,visit_1,DIRECT_VISIT,
AD001352,4138.4,498.0,387.8348230883865,visits_disagree,VISIT_WITH_HINT,
AD001353,3550.7,499.2,3710.345440791194,baseline_coarse,VERIFY_FIRST,
AD001354,2964.4,-1964.9,387.8348230883865,visits_disagree,VISIT_WITH_HINT,
AD001355,640.7,-2608.5,77.439266525452,visit_1,DIRECT_VISIT,
AD001356,1982.8,-1241.6,357.82349000589664,landmark,VISIT_WITH_HINT,
AD001357,-556.9,3376.0,47.85237716143284,visits_agree,DIRECT_VISIT,
AD001359,-740.1,2565.6,357.82349000589664,landmark,VISIT_WITH_HINT,Near Medical Store (pin is a guess near this landmark)
AD001360,-2302.2,1223.9,47.85237716143284,visits_agree,DIRECT_VISIT,
AD001361,-442.6,-2771.0,77.439266525452,visit_1,DIRECT_VISIT,
AD001362,-3060.6,1459.4,77.439266525452,visit_1,DIRECT_VISIT,
AD001363,2922.9,-1807.8,47.85237716143284,visits_agree,DIRECT_VISIT,
AD001364,2965.6,-2530.9,77.439266525452,visit_1,DIRECT_VISIT,
AD001365,1544.1,-1711.5,3710.345440791194,baseline_coarse,VERIFY_FIRST,
AD001366,1631.8,-800.8,357.82349000589664,landmark,VISIT_WITH_HINT,Beside Milk Dairy (pin is a guess near this landmark)
AD001367,285.9,2454.1,3710.345440791194,baseline_coarse,VERIFY_FIRST,
AD001368,858.6,2534.8,3710.345440791194,baseline_coarse,VERIFY_FIRST,
AD001369,-551.4,-542.2,162.09531146828414,baseline_street,VISIT_WITH_HINT,
AD001370,1371.8,1402.5,3710.345440791194,baseline_coarse,VERIFY_FIRST,
AD001371,-2595.5,-762.4,387.8348230883865,visits_disagree,VISIT_WITH_HINT,
AD001372,2899.1,-2737.4,387.8348230883865,visits_disagree,VISIT_WITH_HINT,
AD001373,2698.3,1438.9,357.82349000589664,landmark,VISIT_WITH_HINT,Near Park (pin is a guess near this landmark)
AD001374,1982.8,-1241.6,357.82349000589664,landmark,VISIT_WITH_HINT,Behind Hanuman Temple (pin is a guess near this landmark)
AD001375,-3155.2,823.8,357.82349000589664,landmark,VISIT_WITH_HINT,Behind Ganesh Temple (pin is a guess near this landmark)
AD001376,-777.4,-578.9,3710.345440791194,baseline_coarse,VERIFY_FIRST,
AD001377,1010.6,-1193.0,162.09531146828414,baseline_street,VISIT_WITH_HINT,
AD001378,1943.2,-842.2,3710.345440791194,baseline_coarse,VERIFY_FIRST,
AD001380,1398.7,-1884.8,47.85237716143284,visits_agree,DIRECT_VISIT,Behind Church (about 110 m from pin)
AD001381,1029.7,-440.2,77.439266525452,visit_1,DIRECT_VISIT,Opposite Park (about 110 m from pin)
AD001382,-447.3,-3356.9,77.439266525452,visit_1,DIRECT_VISIT,Near Park (about 150 m from pin)
AD001383,2832.2,-2339.2,77.439266525452,visit_1,DIRECT_VISIT,
AD001384,-2724.5,-504.7,47.85237716143284,visits_agree,DIRECT_VISIT,Near Church (about 60 m from pin)
AD001385,1141.8,-3394.7,3710.345440791194,baseline_coarse,VERIFY_FIRST,
AD001386,-407.0,-3393.0,387.8348230883865,visits_disagree,VISIT_WITH_HINT,
AD001387,3311.5,-2095.1,387.8348230883865,visits_disagree,VISIT_WITH_HINT,
AD001388,2001.7,-1434.8,3710.345440791194,baseline_coarse,VERIFY_FIRST,
AD001389,652.6,2369.8,77.439266525452,visit_1,DIRECT_VISIT,
AD001390,-518.2,-3678.9,3710.345440791194,baseline_coarse,VERIFY_FIRST,
AD001391,-2632.1,-59.9,47.85237716143284,visits_agree,DIRECT_VISIT,Opposite Govt School (about 130 m from pin)
AD001392,-3663.5,-835.3,3710.345440791194,baseline_coarse,VERIFY_FIRST,
AD001393,-1365.3,538.5,77.439266525452,visit_1,DIRECT_VISIT,
AD001394,3051.1,-2317.6,357.82349000589664,landmark,VISIT_WITH_HINT,Behind Milk Dairy (pin is a guess near this landmark)
AD001395,1342.9,-1066.3,387.8348230883865,visits_disagree,VISIT_WITH_HINT,Near Medical Store (about 190 m from pin)
AD001396,-636.3,-3371.2,77.439266525452,visit_1,DIRECT_VISIT,
AD001397,1692.5,-1660.4,387.8348230883865,visits_disagree,VISIT_WITH_HINT,
AD001399,-2006.2,1866.7,162.09531146828414,baseline_street,VISIT_WITH_HINT,
AD001401,-1177.5,-3196.8,3710.345440791194,baseline_coarse,VERIFY_FIRST,
AD001402,304.3,2577.8,3710.345440791194,baseline_coarse,VERIFY_FIRST,
AD001403,1207.7,-44.5,3710.345440791194,baseline_coarse,VERIFY_FIRST,
AD001404,-1605.8,-2971.2,162.09531146828414,baseline_street,VISIT_WITH_HINT,
AD001405,-3706.9,-982.2,3710.345440791194,baseline_coarse,VERIFY_FIRST,
AD001406,-3793.5,-908.3,3710.345440791194,baseline_coarse,VERIFY_FIRST,
AD001407,-610.8,3318.4,3710.345440791194,baseline_coarse,VERIFY_FIRST,
AD001408,2602.5,928.4,387.8348230883865,visits_disagree,VISIT_WITH_HINT,Beside Masjid (about 40 m from pin)
AD001409,-1630.7,-3030.7,3710.345440791194,baseline_coarse,VERIFY_FIRST,
AD001410,-789.1,2907.8,162.09531146828414,baseline_street,VISIT_WITH_HINT,
AD001411,3072.2,-2466.7,162.09531146828414,baseline_street,VISIT_WITH_HINT,
AD001412,-3053.6,1121.0,3710.345440791194,baseline_coarse,VERIFY_FIRST,
AD001413,-3155.2,823.8,357.82349000589664,landmark,VISIT_WITH_HINT,Near Ganesh Temple (pin is a guess near this landmark)
AD001414,551.2,-2632.6,77.439266525452,visit_1,DIRECT_VISIT,
AD001415,2627.8,962.2,357.82349000589664,landmark,VISIT_WITH_HINT,Near Masjid (pin is a guess near this landmark)
AD001416,2603.8,-1655.6,47.85237716143284,visits_agree,DIRECT_VISIT,
AD001417,1378.9,-448.3,387.8348230883865,visits_disagree,VISIT_WITH_HINT,
AD001419,1247.4,-1496.1,3710.345440791194,baseline_coarse,VERIFY_FIRST,
AD001420,-2042.0,-2085.1,77.439266525452,visit_1,DIRECT_VISIT,
AD001421,-2652.1,-214.7,3710.345440791194,baseline_coarse,VERIFY_FIRST,
AD001422,3301.2,1357.0,387.8348230883865,visits_disagree,VISIT_WITH_HINT,
AD001424,562.2,2345.4,387.8348230883865,visits_disagree,VISIT_WITH_HINT,
AD001425,859.9,-3302.3,77.439266525452,visit_1,DIRECT_VISIT,
AD001426,-2413.6,1348.9,3710.345440791194,baseline_coarse,VERIFY_FIRST,
AD001427,732.3,-1067.4,357.82349000589664,landmark,VISIT_WITH_HINT,Near Church (pin is a guess near this landmark)
AD001428,-2799.4,893.5,357.82349000589664,landmark,VISIT_WITH_HINT,Opposite Post Office (pin is a guess near this landmark)
AD001430,1296.5,2878.4,47.85237716143284,visits_agree,DIRECT_VISIT,
AD001431,1092.3,-419.8,357.82349000589664,landmark,VISIT_WITH_HINT,Near Hanuman Temple (pin is a guess near this landmark)
AD001432,-519.1,-3402.1,77.439266525452,visit_1,DIRECT_VISIT,
AD001433,2736.8,-2482.1,47.85237716143284,visits_agree,DIRECT_VISIT,Near Hanuman Temple (about 190 m from pin)
AD001434,710.9,-876.2,77.439266525452,visit_1,DIRECT_VISIT,
AD001435,-429.0,3335.1,3710.345440791194,baseline_coarse,VERIFY_FIRST,
AD001436,-2315.0,1230.5,387.8348230883865,visits_disagree,VISIT_WITH_HINT,
AD001437,-2394.7,-591.1,387.8348230883865,visits_disagree,VISIT_WITH_HINT,Opposite Masjid (about 100 m from pin)
AD001438,-2370.1,1695.4,3710.345440791194,baseline_coarse,VERIFY_FIRST,
AD001439,-171.2,-3644.3,3710.345440791194,baseline_coarse,VERIFY_FIRST,
AD001440,-839.6,-649.1,3710.345440791194,baseline_coarse,VERIFY_FIRST,
AD001441,3628.5,77.5,77.439266525452,visit_1,DIRECT_VISIT,
AD001442,2005.9,-1809.6,3710.345440791194,baseline_coarse,VERIFY_FIRST,
AD001443,-689.8,-3267.0,387.8348230883865,visits_disagree,VISIT_WITH_HINT,Near Hanuman Temple (about 110 m from pin)
AD001444,769.5,-257.8,47.85237716143284,visits_agree,DIRECT_VISIT,
AD001445,1017.0,934.6,3710.345440791194,baseline_coarse,VERIFY_FIRST,
AD001446,1335.7,-2267.0,3710.345440791194,baseline_coarse,VERIFY_FIRST,
AD001447,-1340.8,-2857.0,387.8348230883865,visits_disagree,VISIT_WITH_HINT,
AD001448,-2678.2,-543.8,357.82349000589664,landmark,VISIT_WITH_HINT,Opposite Church (pin is a guess near this landmark)
AD001449,1375.2,-1911.3,3710.345440791194,baseline_coarse,VERIFY_FIRST,
AD001450,2501.9,-973.1,387.8348230883865,visits_disagree,VISIT_WITH_HINT,
AD001451,-641.2,-647.3,162.09531146828414,baseline_street,VISIT_WITH_HINT,
AD001453,-2401.6,1615.4,3710.345440791194,baseline_coarse,VERIFY_FIRST,
AD001454,-834.6,-2978.5,357.82349000589664,landmark,VISIT_WITH_HINT,Near Church (pin is a guess near this landmark)
AD001455,1367.7,-2027.1,162.09531146828414,baseline_street,VISIT_WITH_HINT,Beside Milk Dairy (about 100 m from pin)
AD001456,909.1,25.0,3710.345440791194,baseline_coarse,VERIFY_FIRST,
AD001457,1029.4,2593.8,47.85237716143284,visits_agree,DIRECT_VISIT,Opposite Govt School (about 120 m from pin)
AD001458,-2860.6,-455.6,387.8348230883865,visits_disagree,VISIT_WITH_HINT,
AD001460,3246.0,-1984.0,162.09531146828414,baseline_street,VISIT_WITH_HINT,
AD001461,-2799.4,893.5,357.82349000589664,landmark,VISIT_WITH_HINT,Near Post Office (pin is a guess near this landmark)
AD001462,974.0,-3355.4,387.8348230883865,visits_disagree,VISIT_WITH_HINT,
AD001463,-2652.6,1795.5,3710.345440791194,baseline_coarse,VERIFY_FIRST,
AD001465,-779.8,-740.1,47.85237716143284,visits_agree,DIRECT_VISIT,Near Masjid (about 130 m from pin)
AD001466,2338.9,-763.4,387.8348230883865,visits_disagree,VISIT_WITH_HINT,
AD001467,3205.8,-1685.6,357.82349000589664,landmark,VISIT_WITH_HINT,Near Post Office (pin is a guess near this landmark)
AD001468,444.8,-2899.2,3710.345440791194,baseline_coarse,VERIFY_FIRST,
AD001469,-2621.2,1438.0,47.85237716143284,visits_agree,DIRECT_VISIT,
AD001470,293.1,2048.2,162.09531146828414,baseline_street,VISIT_WITH_HINT,Opposite Ration Shop (about 130 m from pin)
AD001471,3049.4,-2157.6,357.82349000589664,landmark,VISIT_WITH_HINT,Opposite Ration Shop (pin is a guess near this landmark)
AD001472,-429.8,-3922.5,387.8348230883865,visits_disagree,VISIT_WITH_HINT,
AD001473,668.0,1271.0,77.439266525452,visit_1,DIRECT_VISIT,
AD001474,1185.3,-2043.0,357.82349000589664,landmark,VISIT_WITH_HINT,Opposite Govt School (pin is a guess near this landmark)
AD001475,1171.8,21.4,3710.345440791194,baseline_coarse,VERIFY_FIRST,
AD001476,-768.2,3483.0,357.82349000589664,landmark,VISIT_WITH_HINT,Opposite Park (pin is a guess near this landmark)
AD001477,-769.1,-1345.8,3710.345440791194,baseline_coarse,VERIFY_FIRST,
AD001478,-310.8,990.8,357.82349000589664,landmark,VISIT_WITH_HINT,Beside Masjid (pin is a guess near this landmark)
AD001479,2972.4,-2491.7,387.8348230883865,visits_disagree,VISIT_WITH_HINT,
AD001480,3628.2,-2240.7,47.85237716143284,visits_agree,DIRECT_VISIT,
AD001481,2861.9,-1836.1,387.8348230883865,visits_disagree,VISIT_WITH_HINT,
AD001482,3433.8,-1644.8,357.82349000589664,landmark,VISIT_WITH_HINT,Behind Ganesh Temple (pin is a guess near this landmark)
AD001483,-498.6,3142.2,3710.345440791194,baseline_coarse,VERIFY_FIRST,
AD001484,2740.1,-2429.8,3710.345440791194,baseline_coarse,VERIFY_FIRST,
AD001485,874.5,-3188.1,3710.345440791194,baseline_coarse,VERIFY_FIRST,
AD001486,-108.9,190.6,3710.345440791194,baseline_coarse,VERIFY_FIRST,
AD001487,1782.5,-2167.1,3710.345440791194,baseline_coarse,VERIFY_FIRST,
AD001488,-1507.4,-2857.9,47.85237716143284,visits_agree,DIRECT_VISIT,
AD001489,1275.0,-1769.7,47.85237716143284,visits_agree,DIRECT_VISIT,
AD001490,-1592.4,475.3,77.439266525452,visit_1,DIRECT_VISIT,
AD001491,3703.3,-2173.9,162.09531146828414,baseline_street,VISIT_WITH_HINT,Near Park (about 200 m from pin)
AD001493,659.5,-2899.7,47.85237716143284,visits_agree,DIRECT_VISIT,
AD001494,721.8,-3050.8,77.439266525452,visit_1,DIRECT_VISIT,
AD001495,1266.5,-1846.9,387.8348230883865,visits_disagree,VISIT_WITH_HINT,
AD001496,1827.2,-1313.9,77.439266525452,visit_1,DIRECT_VISIT,
AD001497,1543.4,-2177.2,3710.345440791194,baseline_coarse,VERIFY_FIRST,
AD001498,2792.5,-2125.6,357.82349000589664,landmark,VISIT_WITH_HINT,Near Community Hall (pin is a guess near this landmark)
AD001499,3528.2,-10.8,387.8348230883865,visits_disagree,VISIT_WITH_HINT,
AD001500,-2717.6,1319.7,162.09531146828414,baseline_street,VISIT_WITH_HINT,
AD001501,1607.2,-1807.7,3710.345440791194,baseline_coarse,VERIFY_FIRST,
AD001502,-2367.3,-1426.6,3710.345440791194,baseline_coarse,VERIFY_FIRST,
AD001503,2887.1,-1495.9,387.8348230883865,visits_disagree,VISIT_WITH_HINT,
AD001504,960.4,2733.4,3710.345440791194,baseline_coarse,VERIFY_FIRST,
AD001505,1068.0,2644.2,47.85237716143284,visits_agree,DIRECT_VISIT,Behind Bus Stop (about 30 m from pin)
AD001506,-827.7,3017.0,3710.345440791194,baseline_coarse,VERIFY_FIRST,
AD001507,-2586.0,1853.4,3710.345440791194,baseline_coarse,VERIFY_FIRST,
AD001508,-2184.5,-2407.6,357.82349000589664,landmark,VISIT_WITH_HINT,Near Govt School (pin is a guess near this landmark)
AD001509,3096.6,-2564.7,387.8348230883865,visits_disagree,VISIT_WITH_HINT,
AD001510,989.3,-261.7,3710.345440791194,baseline_coarse,VERIFY_FIRST,
AD001511,674.9,1444.0,357.82349000589664,landmark,VISIT_WITH_HINT,Near Post Office (pin is a guess near this landmark)
AD001512,-764.5,-471.1,357.82349000589664,landmark,VISIT_WITH_HINT,Near Post Office (pin is a guess near this landmark)
AD001513,581.0,1779.9,3710.345440791194,baseline_coarse,VERIFY_FIRST,
AD001514,-1707.8,-2403.1,3710.345440791194,baseline_coarse,VERIFY_FIRST,
AD001515,1409.9,-1980.9,3710.345440791194,baseline_coarse,VERIFY_FIRST,
AD001516,556.5,-2618.1,387.8348230883865,visits_disagree,VISIT_WITH_HINT,
AD001517,1171.6,-2988.3,162.09531146828414,baseline_street,VISIT_WITH_HINT,
AD001519,1081.1,-3832.5,3710.345440791194,baseline_coarse,VERIFY_FIRST,
AD001520,-732.6,-3714.5,387.8348230883865,visits_disagree,VISIT_WITH_HINT,
AD001521,-734.5,3279.7,47.85237716143284,visits_agree,DIRECT_VISIT,
AD001523,2944.3,271.5,47.85237716143284,visits_agree,DIRECT_VISIT,Opposite Community Hall (about 60 m from pin)
AD001524,4236.0,154.8,47.85237716143284,visits_agree,DIRECT_VISIT,
AD001525,-877.2,-824.3,162.09531146828414,baseline_street,VISIT_WITH_HINT,Near Ration Shop (about 120 m from pin)
AD001526,1007.8,-2813.1,77.439266525452,visit_1,DIRECT_VISIT,Near Community Hall (about 190 m from pin)
AD001528,1355.5,-2520.2,387.8348230883865,visits_disagree,VISIT_WITH_HINT,Near Masjid (pin is at this landmark)
AD001530,1167.0,-343.9,77.439266525452,visit_1,DIRECT_VISIT,
AD001531,-1670.5,1927.3,3710.345440791194,baseline_coarse,VERIFY_FIRST,
AD001532,-1496.3,-2003.2,3710.345440791194,baseline_coarse,VERIFY_FIRST,
AD001533,741.5,-2979.3,3710.345440791194,baseline_coarse,VERIFY_FIRST,
AD001534,-2568.5,-186.6,47.85237716143284,visits_agree,DIRECT_VISIT,
AD001535,-413.7,3044.8,3710.345440791194,baseline_coarse,VERIFY_FIRST,
AD001536,-2447.8,1734.6,3710.345440791194,baseline_coarse,VERIFY_FIRST,
AD001537,-1528.9,-2813.1,357.82349000589664,landmark,VISIT_WITH_HINT,Near Hanuman Temple (pin is a guess near this landmark)
AD001538,1075.2,1767.5,162.09531146828414,baseline_street,VISIT_WITH_HINT,
AD001539,256.7,1989.2,47.85237716143284,visits_agree,DIRECT_VISIT,Near Milk Dairy (about 180 m from pin)
AD001540,-2365.2,1808.8,47.85237716143284,visits_agree,DIRECT_VISIT,
AD001541,-2026.3,2547.9,357.82349000589664,landmark,VISIT_WITH_HINT,Near Ganesh Temple (pin is a guess near this landmark)
AD001542,-821.6,-3377.5,162.09531146828414,baseline_street,VISIT_WITH_HINT,
AD001543,2577.3,-1320.1,357.82349000589664,landmark,VISIT_WITH_HINT,Near Water Tank (pin is a guess near this landmark)
AD001544,-472.9,2955.5,3710.345440791194,baseline_coarse,VERIFY_FIRST,
AD001545,3550.4,-2296.1,357.82349000589664,landmark,VISIT_WITH_HINT,Near Park (pin is a guess near this landmark)
AD001546,-1282.3,-3534.8,77.439266525452,visit_1,DIRECT_VISIT,
AD001548,1756.3,-925.5,3710.345440791194,baseline_coarse,VERIFY_FIRST,
AD001549,2293.1,-1317.5,47.85237716143284,visits_agree,DIRECT_VISIT,Near Govt School (about 160 m from pin)
AD001551,1601.6,-2255.1,387.8348230883865,visits_disagree,VISIT_WITH_HINT,
AD001552,2494.0,967.6,3710.345440791194,baseline_coarse,VERIFY_FIRST,
AD001553,944.6,2651.5,3710.345440791194,baseline_coarse,VERIFY_FIRST,
AD001554,2642.3,-2179.9,47.85237716143284,visits_agree,DIRECT_VISIT,
AD001555,-2647.1,1589.1,387.8348230883865,visits_disagree,VISIT_WITH_HINT,
AD001556,1065.2,2620.2,387.8348230883865,visits_disagree,VISIT_WITH_HINT,Near Bus Stop (about 50 m from pin)
AD001557,1565.9,-1851.0,3710.345440791194,baseline_coarse,VERIFY_FIRST,
AD001558,1816.7,1537.4,3710.345440791194,baseline_coarse,VERIFY_FIRST,
AD001559,2796.5,-1444.2,3710.345440791194,baseline_coarse,VERIFY_FIRST,
AD001560,-3990.5,-1086.5,357.82349000589664,landmark,VISIT_WITH_HINT,Opposite Hanuman Temple (pin is a guess near this landmark)
AD001561,1149.5,18.8,3710.345440791194,baseline_coarse,VERIFY_FIRST,
AD001563,-714.2,-735.9,47.85237716143284,visits_agree,DIRECT_VISIT,Near Milk Dairy (about 80 m from pin)
AD001564,-639.9,-3367.2,357.82349000589664,landmark,VISIT_WITH_HINT,Near Hanuman Temple (pin is a guess near this landmark)
AD001565,-3731.2,-771.6,77.439266525452,visit_1,DIRECT_VISIT,
AD001566,1575.7,-2215.8,3710.345440791194,baseline_coarse,VERIFY_FIRST,
AD001567,2856.8,-2194.9,387.8348230883865,visits_disagree,VISIT_WITH_HINT,Near Community Hall (about 90 m from pin)
AD001568,2578.3,-2244.7,3710.345440791194,baseline_coarse,VERIFY_FIRST,
AD001569,3388.0,-1378.0,77.439266525452,visit_1,DIRECT_VISIT,
AD001570,2746.5,1165.7,77.439266525452,visit_1,DIRECT_VISIT,
AD001571,2200.4,1114.7,162.09531146828414,baseline_street,VISIT_WITH_HINT,
AD001572,-534.4,-1699.8,162.09531146828414,baseline_street,VISIT_WITH_HINT,
AD001573,1014.3,-406.9,357.82349000589664,landmark,VISIT_WITH_HINT,Near Masjid (pin is a guess near this landmark)
AD001574,3875.9,64.4,387.8348230883865,visits_disagree,VISIT_WITH_HINT,
AD001575,767.6,-2632.7,77.439266525452,visit_1,DIRECT_VISIT,
AD001576,842.8,-3221.8,162.09531146828414,baseline_street,VISIT_WITH_HINT,
AD001577,922.3,400.8,387.8348230883865,visits_disagree,VISIT_WITH_HINT,
AD001578,-2263.9,1693.5,387.8348230883865,visits_disagree,VISIT_WITH_HINT,Near Ganesh Temple (about 170 m from pin)
AD001579,2515.4,-2361.5,162.09531146828414,baseline_street,VISIT_WITH_HINT,
AD001581,2735.7,-1808.2,387.8348230883865,visits_disagree,VISIT_WITH_HINT,
AD001582,1014.9,-921.0,3710.345440791194,baseline_coarse,VERIFY_FIRST,
AD001583,-791.9,-718.7,357.82349000589664,landmark,VISIT_WITH_HINT,Near Milk Dairy (pin is a guess near this landmark)
AD001584,1382.3,-1870.2,387.8348230883865,visits_disagree,VISIT_WITH_HINT,
AD001585,1014.3,-406.9,357.82349000589664,landmark,VISIT_WITH_HINT,Near Masjid (pin is a guess near this landmark)
AD001586,1615.9,-1825.0,387.8348230883865,visits_disagree,VISIT_WITH_HINT,
AD001587,-867.0,2979.6,47.85237716143284,visits_agree,DIRECT_VISIT,
AD001588,-267.6,94.2,3710.345440791194,baseline_coarse,VERIFY_FIRST,
AD001589,687.8,3122.0,47.85237716143284,visits_agree,DIRECT_VISIT,
AD001590,-568.0,-3271.2,357.82349000589664,landmark,VISIT_WITH_HINT,Near Park (pin is a guess near this landmark)
AD001591,-1699.8,-2935.9,77.439266525452,visit_1,DIRECT_VISIT,
AD001592,1586.8,-2424.2,387.8348230883865,visits_disagree,VISIT_WITH_HINT,
AD001593,-873.0,-2219.9,162.09531146828414,baseline_street,VISIT_WITH_HINT,
AD001594,907.5,2586.7,357.82349000589664,landmark,VISIT_WITH_HINT,Near Govt School (pin is a guess near this landmark)
AD001596,746.9,-3225.4,47.85237716143284,visits_agree,DIRECT_VISIT,Behind Community Hall (about 150 m from pin)
AD001597,331.0,-3084.2,357.82349000589664,landmark,VISIT_WITH_HINT,Near Ganesh Temple (pin is a guess near this landmark)
AD001598,2497.5,-1891.1,3710.345440791194,baseline_coarse,VERIFY_FIRST,
AD001600,1268.9,-2044.0,357.82349000589664,landmark,VISIT_WITH_HINT,Near Milk Dairy (pin is a guess near this landmark)
AD001601,-31.0,1658.0,3710.345440791194,baseline_coarse,VERIFY_FIRST,
AD001602,1778.7,-2199.5,3710.345440791194,baseline_coarse,VERIFY_FIRST,
AD001603,1255.7,47.7,357.82349000589664,landmark,VISIT_WITH_HINT,Near Milk Dairy (pin is a guess near this landmark)
AD001604,-1777.6,2338.1,3710.345440791194,baseline_coarse,VERIFY_FIRST,Near Govt School (about 100 m from pin)
AD001605,3646.8,552.3,47.85237716143284,visits_agree,DIRECT_VISIT,Opposite Ration Shop (about 30 m from pin)
AD001606,-2506.9,-383.8,162.09531146828414,baseline_street,VISIT_WITH_HINT,Opposite Masjid (about 160 m from pin)
AD001607,3278.2,-1936.8,3710.345440791194,baseline_coarse,VERIFY_FIRST,
AD001608,-451.3,2598.7,3710.345440791194,baseline_coarse,VERIFY_FIRST,
AD001609,2326.7,1917.1,357.82349000589664,landmark,VISIT_WITH_HINT,Near Ganesh Temple (pin is a guess near this landmark)
AD001610,-1388.7,-3524.7,357.82349000589664,landmark,VISIT_WITH_HINT,Near Ration Shop (pin is a guess near this landmark)
AD001611,285.3,-2771.2,162.09531146828414,baseline_street,VISIT_WITH_HINT,
AD001612,1697.8,-1096.0,3710.345440791194,baseline_coarse,VERIFY_FIRST,
AD001613,1205.4,74.3,3710.345440791194,baseline_coarse,VERIFY_FIRST,
AD001614,2582.7,-1182.3,3710.345440791194,baseline_coarse,VERIFY_FIRST,
AD001615,-1850.9,2731.0,3710.345440791194,baseline_coarse,VERIFY_FIRST,
AD001616,2348.3,1389.2,387.8348230883865,visits_disagree,VISIT_WITH_HINT,
AD001617,112.7,1974.3,77.439266525452,visit_1,DIRECT_VISIT,
AD001618,1082.0,-369.6,77.439266525452,visit_1,DIRECT_VISIT,Opposite Masjid (about 80 m from pin)
AD001619,2608.3,-1091.6,387.8348230883865,visits_disagree,VISIT_WITH_HINT,
AD001620,-17.2,-3371.8,387.8348230883865,visits_disagree,VISIT_WITH_HINT,
AD001621,-6.9,3267.9,77.439266525452,visit_1,DIRECT_VISIT,
AD001622,1140.4,-1091.8,77.439266525452,visit_1,DIRECT_VISIT,
AD001623,2840.8,-2207.2,3710.345440791194,baseline_coarse,VERIFY_FIRST,
AD001624,-2799.4,893.5,357.82349000589664,landmark,VISIT_WITH_HINT,Near Post Office (pin is a guess near this landmark)
AD001625,-2806.4,1241.3,77.439266525452,visit_1,DIRECT_VISIT,
AD001626,-808.5,-3198.0,77.439266525452,visit_1,DIRECT_VISIT,
AD001627,1321.6,-2078.0,47.85237716143284,visits_agree,DIRECT_VISIT,Beside Milk Dairy (about 60 m from pin)
AD001628,682.6,2936.6,77.439266525452,visit_1,DIRECT_VISIT,
AD001629,802.8,-2892.6,387.8348230883865,visits_disagree,VISIT_WITH_HINT,
AD001630,567.6,2843.6,387.8348230883865,visits_disagree,VISIT_WITH_HINT,
AD001631,2713.3,501.5,47.85237716143284,visits_agree,DIRECT_VISIT,
AD001633,1605.9,-543.8,77.439266525452,visit_1,DIRECT_VISIT,
AD001634,546.3,-2981.0,357.82349000589664,landmark,VISIT_WITH_HINT,Near Bus Stop (pin is a guess near this landmark)
AD001635,-2458.4,1536.0,3710.345440791194,baseline_coarse,VERIFY_FIRST,
AD001637,444.3,-2979.3,3710.345440791194,baseline_coarse,VERIFY_FIRST,
AD001638,900.6,-2904.9,387.8348230883865,visits_disagree,VISIT_WITH_HINT,
AD001639,-1550.8,649.1,357.82349000589664,landmark,VISIT_WITH_HINT,
AD001640,1235.1,-3752.5,3710.345440791194,baseline_coarse,VERIFY_FIRST,
AD001641,3391.3,470.7,357.82349000589664,landmark,VISIT_WITH_HINT,Near Community Hall (pin is a guess near this landmark)
AD001642,1601.5,-1577.8,3710.345440791194,baseline_coarse,VERIFY_FIRST,
AD001643,1517.5,-1967.9,3710.345440791194,baseline_coarse,VERIFY_FIRST,
AD001644,626.0,2553.9,3710.345440791194,baseline_coarse,VERIFY_FIRST,
AD001645,2218.1,-1962.8,162.09531146828414,baseline_street,VISIT_WITH_HINT,
AD001646,1238.0,225.5,162.09531146828414,baseline_street,VISIT_WITH_HINT,Near Milk Dairy (about 180 m from pin)
AD001647,-1644.6,-2900.5,387.8348230883865,visits_disagree,VISIT_WITH_HINT,Near Milk Dairy (about 60 m from pin)
AD001649,2344.3,-2445.1,387.8348230883865,visits_disagree,VISIT_WITH_HINT,
AD001651,-603.4,-2923.5,387.8348230883865,visits_disagree,VISIT_WITH_HINT,
AD001652,1214.2,-2491.6,77.439266525452,visit_1,DIRECT_VISIT,Opposite Masjid (about 140 m from pin)
AD001653,932.9,197.4,77.439266525452,visit_1,DIRECT_VISIT,
AD001654,1088.7,2402.3,387.8348230883865,visits_disagree,VISIT_WITH_HINT,
AD001655,-2350.3,-2317.5,357.82349000589664,landmark,VISIT_WITH_HINT,Near Water Tank (pin is a guess near this landmark)
AD001656,1125.6,67.9,3710.345440791194,baseline_coarse,VERIFY_FIRST,
AD001657,1951.9,1647.1,3710.345440791194,baseline_coarse,VERIFY_FIRST,
AD001658,-37.5,3542.0,357.82349000589664,landmark,VISIT_WITH_HINT,Near Hanuman Temple (pin is a guess near this landmark)
AD001659,-2618.5,2009.2,357.82349000589664,landmark,VISIT_WITH_HINT,Near Govt School (pin is a guess near this landmark)
AD001660,558.4,2667.6,77.439266525452,visit_1,DIRECT_VISIT,
AD001662,-459.5,3036.9,387.8348230883865,visits_disagree,VISIT_WITH_HINT,
AD001663,-651.2,-773.0,357.82349000589664,landmark,VISIT_WITH_HINT,Near Masjid (pin is a guess near this landmark)
AD001664,1419.3,-1684.3,77.439266525452,visit_1,DIRECT_VISIT,
AD001665,-386.8,3422.8,357.82349000589664,landmark,VISIT_WITH_HINT,Beside Milk Dairy (pin is a guess near this landmark)
AD001666,3051.1,-2317.6,357.82349000589664,landmark,VISIT_WITH_HINT,Near Milk Dairy (pin is a guess near this landmark)
AD001667,254.3,1926.8,357.82349000589664,landmark,VISIT_WITH_HINT,Near Ration Shop (pin is a guess near this landmark)
AD001669,2878.2,-2099.2,3710.345440791194,baseline_coarse,VERIFY_FIRST,
AD001671,2513.6,1104.9,3710.345440791194,baseline_coarse,VERIFY_FIRST,
AD001673,1058.5,-1724.2,47.85237716143284,visits_agree,DIRECT_VISIT,
AD001674,3176.3,-2343.0,162.09531146828414,baseline_street,VISIT_WITH_HINT,
AD001676,1125.6,-3443.4,387.8348230883865,visits_disagree,VISIT_WITH_HINT,
AD001677,-940.0,-2940.1,77.439266525452,visit_1,DIRECT_VISIT,Near Church (about 110 m from pin)
AD001678,1252.7,55.6,3710.345440791194,baseline_coarse,VERIFY_FIRST,
AD001679,-1699.1,-2891.2,162.09531146828414,baseline_street,VISIT_WITH_HINT,Opposite Milk Dairy (about 100 m from pin)
AD001680,1469.0,-2457.8,162.09531146828414,baseline_street,VISIT_WITH_HINT,Near Masjid (about 140 m from pin)
AD001681,-1561.9,2327.4,3710.345440791194,baseline_coarse,VERIFY_FIRST,
AD001682,-644.9,-310.4,387.8348230883865,visits_disagree,VISIT_WITH_HINT,
AD001683,2698.5,-1371.1,387.8348230883865,visits_disagree,VISIT_WITH_HINT,Near Water Tank (about 130 m from pin)
AD001684,1011.4,2568.5,3710.345440791194,baseline_coarse,VERIFY_FIRST,
AD001685,431.5,1548.7,357.82349000589664,landmark,VISIT_WITH_HINT,Near Bus Stop (pin is a guess near this landmark)
AD001686,562.4,1636.9,3710.345440791194,baseline_coarse,VERIFY_FIRST,
AD001687,-2791.4,1253.0,77.439266525452,visit_1,DIRECT_VISIT,
AD001689,-302.4,-737.9,387.8348230883865,visits_disagree,VISIT_WITH_HINT,
AD001690,409.9,-3182.5,3710.345440791194,baseline_coarse,VERIFY_FIRST,
AD001691,644.8,-3711.4,357.82349000589664,landmark,VISIT_WITH_HINT,Near Ration Shop (pin is a guess near this landmark)
AD001692,-2868.6,1366.7,387.8348230883865,visits_disagree,VISIT_WITH_HINT,
AD001693,-601.5,3418.2,77.439266525452,visit_1,DIRECT_VISIT,Opposite Hanuman Temple (about 70 m from pin)
AD001694,1733.9,-2212.5,47.85237716143284,visits_agree,DIRECT_VISIT,
AD001695,2370.8,-2109.3,47.85237716143284,visits_agree,DIRECT_VISIT,
AD001696,-2114.1,1913.9,162.09531146828414,baseline_street,VISIT_WITH_HINT,
AD001697,847.4,3201.3,387.8348230883865,visits_disagree,VISIT_WITH_HINT,Opposite Petrol Bunk (about 110 m from pin)
AD001698,1092.3,-419.8,357.82349000589664,landmark,VISIT_WITH_HINT,Near Hanuman Temple (pin is a guess near this landmark)
AD001699,-1501.8,711.2,162.09531146828414,baseline_street,VISIT_WITH_HINT,
AD001700,3016.6,470.4,387.8348230883865,visits_disagree,VISIT_WITH_HINT,
AD001701,431.5,1548.7,357.82349000589664,landmark,VISIT_WITH_HINT,Near Bus Stop (pin is a guess near this landmark)
AD001702,2465.9,-2257.0,47.85237716143284,visits_agree,DIRECT_VISIT,Near Masjid (about 190 m from pin)
AD001703,-1608.1,-2813.4,162.09531146828414,baseline_street,VISIT_WITH_HINT,
AD001704,-347.2,-581.3,3710.345440791194,baseline_coarse,VERIFY_FIRST,
AD001705,-933.1,-1915.8,357.82349000589664,landmark,VISIT_WITH_HINT,Near Water Tank (pin is a guess near this landmark)
AD001706,3393.9,-2268.9,47.85237716143284,visits_agree,DIRECT_VISIT,Near Water Tank (about 200 m from pin)
AD001707,-527.8,2561.9,162.09531146828414,baseline_street,VISIT_WITH_HINT,
AD001709,-1292.5,-2969.0,3710.345440791194,baseline_coarse,VERIFY_FIRST,
AD001710,-310.8,990.8,357.82349000589664,landmark,VISIT_WITH_HINT,Near Masjid (pin is a guess near this landmark)
AD001711,788.6,-3052.7,3710.345440791194,baseline_coarse,VERIFY_FIRST,
AD001712,3003.7,758.8,47.85237716143284,visits_agree,DIRECT_VISIT,
AD001713,1785.8,-2079.5,387.8348230883865,visits_disagree,VISIT_WITH_HINT,
AD001714,2389.3,2156.4,77.439266525452,visit_1,DIRECT_VISIT,
AD001715,-334.9,-3399.1,387.8348230883865,visits_disagree,VISIT_WITH_HINT,
AD001716,1704.3,-1882.9,3710.345440791194,baseline_coarse,VERIFY_FIRST,
AD001717,2307.3,1737.2,3710.345440791194,baseline_coarse,VERIFY_FIRST,
AD001718,-386.8,3422.8,357.82349000589664,landmark,VISIT_WITH_HINT,Near Milk Dairy (pin is a guess near this landmark)
AD001719,-646.0,3305.4,3710.345440791194,baseline_coarse,VERIFY_FIRST,
AD001720,791.8,346.8,77.439266525452,visit_1,DIRECT_VISIT,
AD001721,695.1,-3199.6,3710.345440791194,baseline_coarse,VERIFY_FIRST,
AD001722,-2243.5,1271.9,387.8348230883865,visits_disagree,VISIT_WITH_HINT,
AD001723,820.1,-1302.0,162.09531146828414,baseline_street,VISIT_WITH_HINT,
AD001724,1991.6,-1060.8,3710.345440791194,baseline_coarse,VERIFY_FIRST,
AD001725,2967.0,-2148.1,77.439266525452,visit_1,DIRECT_VISIT,Behind Ration Shop (about 80 m from pin)
AD001726,2927.8,883.2,387.8348230883865,visits_disagree,VISIT_WITH_HINT,
AD001727,956.8,1887.2,3710.345440791194,baseline_coarse,VERIFY_FIRST,
AD001729,-1376.9,-1789.2,162.09531146828414,baseline_street,VISIT_WITH_HINT,
AD001730,-3044.6,1147.2,3710.345440791194,baseline_coarse,VERIFY_FIRST,
AD001731,1229.5,-1897.1,387.8348230883865,visits_disagree,VISIT_WITH_HINT,
AD001732,-2019.8,-2742.0,77.439266525452,visit_1,DIRECT_VISIT,
AD001733,-1528.9,-2813.1,357.82349000589664,landmark,VISIT_WITH_HINT,Behind Hanuman Temple (pin is a guess near this landmark)
AD001734,-2900.8,1419.2,387.8348230883865,visits_disagree,VISIT_WITH_HINT,
AD001735,-2843.2,1009.0,3710.345440791194,baseline_coarse,VERIFY_FIRST,
AD001736,-232.8,-956.2,357.82349000589664,landmark,VISIT_WITH_HINT,Near Govt School (pin is a guess near this landmark)
AD001738,-847.6,-1408.1,387.8348230883865,visits_disagree,VISIT_WITH_HINT,
AD001739,143.6,-32.7,3710.345440791194,baseline_coarse,VERIFY_FIRST,
AD001740,347.8,2476.6,3710.345440791194,baseline_coarse,VERIFY_FIRST,
AD001741,1571.2,-1873.1,47.85237716143284,visits_agree,DIRECT_VISIT,
AD001742,-1473.2,-3141.8,47.85237716143284,visits_agree,DIRECT_VISIT,
AD001743,1257.4,2820.0,47.85237716143284,visits_agree,DIRECT_VISIT,
AD001744,-2461.0,1435.1,3710.345440791194,baseline_coarse,VERIFY_FIRST,
AD001745,-569.5,-3510.2,162.09531146828414,baseline_street,VISIT_WITH_HINT,
AD001746,3025.4,-2191.6,387.8348230883865,visits_disagree,VISIT_WITH_HINT,Beside Ration Shop (about 40 m from pin)
AD001747,-917.2,-1650.1,162.09531146828414,baseline_street,VISIT_WITH_HINT,
AD001748,3902.7,139.2,47.85237716143284,visits_agree,DIRECT_VISIT,
AD001749,2981.5,816.1,3710.345440791194,baseline_coarse,VERIFY_FIRST,
AD001750,922.4,1323.5,3710.345440791194,baseline_coarse,VERIFY_FIRST,
AD001751,-249.7,-957.3,162.09531146828414,baseline_street,VISIT_WITH_HINT,
AD001752,1459.7,-2273.0,387.8348230883865,visits_disagree,VISIT_WITH_HINT,
AD001753,919.5,-2891.4,387.8348230883865,visits_disagree,VISIT_WITH_HINT,
AD001754,-2380.1,-104.3,387.8348230883865,visits_disagree,VISIT_WITH_HINT,
AD001755,597.2,-859.2,47.85237716143284,visits_agree,DIRECT_VISIT,Near Bus Stop (about 110 m from pin)
AD001756,-1436.3,-2121.2,77.439266525452,visit_1,DIRECT_VISIT,
AD001757,-2329.3,-2495.7,3710.345440791194,baseline_coarse,VERIFY_FIRST,
AD001758,-365.2,-1648.2,162.09531146828414,baseline_street,VISIT_WITH_HINT,Near Medical Store (about 90 m from pin)
AD001759,-2781.8,1013.7,3710.345440791194,baseline_coarse,VERIFY_FIRST,
AD001760,3170.1,-2461.2,47.85237716143284,visits_agree,DIRECT_VISIT,
AD001761,-1760.5,-2638.7,387.8348230883865,visits_disagree,VISIT_WITH_HINT,
AD001763,-2279.5,-487.4,357.82349000589664,landmark,VISIT_WITH_HINT,Near Post Office (pin is a guess near this landmark)
AD001764,-3014.2,1200.2,3710.345440791194,baseline_coarse,VERIFY_FIRST,
AD001765,2262.6,-1091.5,387.8348230883865,visits_disagree,VISIT_WITH_HINT,
AD001766,2324.9,-760.3,77.439266525452,visit_1,DIRECT_VISIT,
AD001767,1016.9,2290.6,387.8348230883865,visits_disagree,VISIT_WITH_HINT,
AD001768,778.3,2297.6,77.439266525452,visit_1,DIRECT_VISIT,
AD001769,971.4,3.1,3710.345440791194,baseline_coarse,VERIFY_FIRST,
AD001770,2503.8,-2351.5,387.8348230883865,visits_disagree,VISIT_WITH_HINT,Near Masjid (about 180 m from pin)
AD001771,933.9,299.4,357.82349000589664,landmark,VISIT_WITH_HINT,Opposite Post Office (pin is a guess near this landmark)
AD001772,2718.1,-2321.7,3710.345440791194,baseline_coarse,VERIFY_FIRST,
AD001773,1836.4,-1215.6,162.09531146828414,baseline_street,VISIT_WITH_HINT,Opposite Hanuman Temple (about 150 m from pin)
AD001774,-2341.0,1181.0,162.09531146828414,baseline_street,VISIT_WITH_HINT,
AD001775,2939.4,-2490.0,387.8348230883865,visits_disagree,VISIT_WITH_HINT,Near Hanuman Temple (about 160 m from pin)
AD001776,-2526.1,54.4,47.85237716143284,visits_agree,DIRECT_VISIT,
AD001777,-1622.5,-2725.0,3710.345440791194,baseline_coarse,VERIFY_FIRST,
AD001778,-333.6,-3560.4,3710.345440791194,baseline_coarse,VERIFY_FIRST,
AD001779,3077.3,-1812.6,47.85237716143284,visits_agree,DIRECT_VISIT,
AD001780,-3883.8,-946.9,3710.345440791194,baseline_coarse,VERIFY_FIRST,
AD001781,-136.4,-3781.7,357.82349000589664,landmark,VISIT_WITH_HINT,Near Ganesh Temple (pin is a guess near this landmark)
AD001782,1144.6,-2628.3,162.09531146828414,baseline_street,VISIT_WITH_HINT,
AD001783,-265.5,-1625.3,162.09531146828414,baseline_street,VISIT_WITH_HINT,
AD001784,2450.4,1996.0,357.82349000589664,landmark,VISIT_WITH_HINT,Near Hanuman Temple (pin is a guess near this landmark)
AD001785,1198.7,-465.1,162.09531146828414,baseline_street,VISIT_WITH_HINT,Near Masjid (about 190 m from pin)
AD001786,-3711.8,-1040.6,3710.345440791194,baseline_coarse,VERIFY_FIRST,
AD001787,-842.2,2899.6,357.82349000589664,landmark,VISIT_WITH_HINT,Near Ration Shop (pin is a guess near this landmark)
AD001788,-1297.1,712.6,387.8348230883865,visits_disagree,VISIT_WITH_HINT,
AD001789,-1059.2,-3032.5,3710.345440791194,baseline_coarse,VERIFY_FIRST,
AD001790,-3144.6,1510.0,47.85237716143284,visits_agree,DIRECT_VISIT,Near Community Hall (about 110 m from pin)
AD001791,-2672.6,1243.4,357.82349000589664,landmark,VISIT_WITH_HINT,Near Bus Stop (pin is a guess near this landmark)
AD001792,-2777.1,-510.4,387.8348230883865,visits_disagree,VISIT_WITH_HINT,
AD001794,928.2,-2908.4,47.85237716143284,visits_agree,DIRECT_VISIT,
AD001795,1752.4,2164.5,3710.345440791194,baseline_coarse,VERIFY_FIRST,
AD001797,2323.4,-2387.1,357.82349000589664,landmark,VISIT_WITH_HINT,Near Masjid (pin is a guess near this landmark)
AD001798,-3966.5,-1075.6,77.439266525452,visit_1,DIRECT_VISIT,
AD001799,3187.7,-2186.0,47.85237716143284,visits_agree,DIRECT_VISIT,Near Ration Shop (about 140 m from pin)
AD001800,2538.4,-2228.8,47.85237716143284,visits_agree,DIRECT_VISIT,
AD001801,3743.3,612.7,3710.345440791194,baseline_coarse,VERIFY_FIRST,
AD001802,3253.9,-1714.1,47.85237716143284,visits_agree,DIRECT_VISIT,Near Ration Shop (about 60 m from pin)
AD001803,-2867.5,1100.8,3710.345440791194,baseline_coarse,VERIFY_FIRST,
AD001804,382.6,2362.8,3710.345440791194,baseline_coarse,VERIFY_FIRST,
AD001805,2377.0,-769.6,77.439266525452,visit_1,DIRECT_VISIT,
AD001806,933.9,299.4,357.82349000589664,landmark,VISIT_WITH_HINT,Opposite Post Office (pin is a guess near this landmark)
AD001807,1016.9,3097.3,47.85237716143284,visits_agree,DIRECT_VISIT,
AD001808,948.3,-3197.7,387.8348230883865,visits_disagree,VISIT_WITH_HINT,
AD001809,1313.2,320.7,162.09531146828414,baseline_street,VISIT_WITH_HINT,Near Hanuman Temple (about 30 m from pin)
AD001810,1097.3,2655.1,357.82349000589664,landmark,VISIT_WITH_HINT,Near Bus Stop (pin is a guess near this landmark)
AD001811,873.7,3184.7,387.8348230883865,visits_disagree,VISIT_WITH_HINT,Beside Petrol Bunk (about 90 m from pin)
AD001812,3837.1,575.4,387.8348230883865,visits_disagree,VISIT_WITH_HINT,Near Bus Stop (about 170 m from pin)
AD001813,3192.7,-1887.9,3710.345440791194,baseline_coarse,VERIFY_FIRST,
AD001815,-2481.9,1022.8,387.8348230883865,visits_disagree,VISIT_WITH_HINT,
AD001816,-2104.6,1495.5,3710.345440791194,baseline_coarse,VERIFY_FIRST,
AD001817,-2087.6,2424.6,3710.345440791194,baseline_coarse,VERIFY_FIRST,
AD001818,216.3,-270.9,3710.345440791194,baseline_coarse,VERIFY_FIRST,
AD001820,-2050.5,2320.6,3710.345440791194,baseline_coarse,VERIFY_FIRST,
AD001821,2482.3,-2430.5,47.85237716143284,visits_agree,DIRECT_VISIT,Near Masjid (about 160 m from pin)
AD001822,-2686.7,-701.3,387.8348230883865,visits_disagree,VISIT_WITH_HINT,
AD001823,2334.0,-1654.6,3710.345440791194,baseline_coarse,VERIFY_FIRST,
AD001824,-2477.9,-542.1,357.82349000589664,landmark,VISIT_WITH_HINT,Near Masjid (pin is a guess near this landmark)
AD001825,2844.3,775.5,357.82349000589664,landmark,VISIT_WITH_HINT,Opposite Water Tank (pin is a guess near this landmark)
AD001827,1157.3,-3636.6,357.82349000589664,landmark,VISIT_WITH_HINT,Near Water Tank (pin is a guess near this landmark)
AD001829,2195.7,2226.8,162.09531146828414,baseline_street,VISIT_WITH_HINT,Near Govt School (about 180 m from pin)
AD001830,1060.3,2917.9,387.8348230883865,visits_disagree,VISIT_WITH_HINT,
AD001831,-1609.2,2422.2,162.09531146828414,baseline_street,VISIT_WITH_HINT,Near Masjid (pin is at this landmark)
AD001832,4119.0,100.2,387.8348230883865,visits_disagree,VISIT_WITH_HINT,
AD001833,1534.0,-2417.4,47.85237716143284,visits_agree,DIRECT_VISIT,
AD001834,533.8,-3112.4,3710.345440791194,baseline_coarse,VERIFY_FIRST,
AD001835,859.6,2869.0,3710.345440791194,baseline_coarse,VERIFY_FIRST,
AD001836,-2691.2,1426.5,77.439266525452,visit_1,DIRECT_VISIT,
AD001837,-1564.8,2318.0,47.85237716143284,visits_agree,DIRECT_VISIT,
AD001838,-477.5,-3317.9,3710.345440791194,baseline_coarse,VERIFY_FIRST,
AD001839,-784.3,-476.8,3710.345440791194,baseline_coarse,VERIFY_FIRST,
AD001840,731.9,-1039.8,357.82349000589664,landmark,VISIT_WITH_HINT,Near Govt School (pin is a guess near this landmark)
AD001841,3490.0,610.0,3710.345440791194,baseline_coarse,VERIFY_FIRST,
AD001842,-3668.1,-725.5,77.439266525452,visit_1,DIRECT_VISIT,
AD001844,-571.8,-9.0,387.8348230883865,visits_disagree,VISIT_WITH_HINT,
AD001845,3594.5,25.5,47.85237716143284,visits_agree,DIRECT_VISIT,
AD001846,-3620.1,-802.0,3710.345440791194,baseline_coarse,VERIFY_FIRST,
AD001847,-2409.5,1137.8,77.439266525452,visit_1,DIRECT_VISIT,
AD001848,-3740.2,-887.6,3710.345440791194,baseline_coarse,VERIFY_FIRST,
AD001849,437.6,2786.9,77.439266525452,visit_1,DIRECT_VISIT,
AD001850,-1141.0,-3103.8,3710.345440791194,baseline_coarse,VERIFY_FIRST,
AD001851,905.2,-2844.8,77.439266525452,visit_1,DIRECT_VISIT,Near Community Hall (about 90 m from pin)
AD001852,720.8,-3291.4,47.85237716143284,visits_agree,DIRECT_VISIT,
AD001853,-718.8,-527.3,3710.345440791194,baseline_coarse,VERIFY_FIRST,
AD001854,875.7,-804.5,47.85237716143284,visits_agree,DIRECT_VISIT,
AD001855,2432.3,-1204.7,387.8348230883865,visits_disagree,VISIT_WITH_HINT,Opposite Govt School (about 50 m from pin)
AD001856,-1095.7,-221.0,77.439266525452,visit_1,DIRECT_VISIT,
AD001857,1648.8,-2235.0,47.85237716143284,visits_agree,DIRECT_VISIT,
AD001858,1813.9,-1555.0,3710.345440791194,baseline_coarse,VERIFY_FIRST,
AD001859,-484.7,3203.2,3710.345440791194,baseline_coarse,VERIFY_FIRST,
AD001860,-2544.4,-605.3,162.09531146828414,baseline_street,VISIT_WITH_HINT,
AD001861,2845.9,-1843.3,162.09531146828414,baseline_street,VISIT_WITH_HINT,
AD001862,-3276.0,1264.9,387.8348230883865,visits_disagree,VISIT_WITH_HINT,
AD001863,-892.6,-1156.7,3710.345440791194,baseline_coarse,VERIFY_FIRST,
AD001864,-171.0,-3909.3,387.8348230883865,visits_disagree,VISIT_WITH_HINT,
AD001865,433.8,1321.1,47.85237716143284,visits_agree,DIRECT_VISIT,
AD001866,541.8,-3464.0,77.439266525452,visit_1,DIRECT_VISIT,
AD001867,2767.0,1295.3,162.09531146828414,baseline_street,VISIT_WITH_HINT,
AD001868,-2217.5,-178.7,387.8348230883865,visits_disagree,VISIT_WITH_HINT,
AD001870,1346.4,1646.2,3710.345440791194,baseline_coarse,VERIFY_FIRST,
AD001871,1150.4,-2185.3,3710.345440791194,baseline_coarse,VERIFY_FIRST,
AD001872,-2556.4,-361.6,3710.345440791194,baseline_coarse,VERIFY_FIRST,
AD001873,-497.8,-2076.0,387.8348230883865,visits_disagree,VISIT_WITH_HINT,
AD001874,-600.4,-539.8,357.82349000589664,landmark,VISIT_WITH_HINT,Beside Post Office (pin is a guess near this landmark)
AD001875,2883.9,-1878.8,162.09531146828414,baseline_street,VISIT_WITH_HINT,
AD001876,2450.4,1996.0,357.82349000589664,landmark,VISIT_WITH_HINT,Near Hanuman Temple (pin is a guess near this landmark)
AD001877,2445.4,-1146.5,3710.345440791194,baseline_coarse,VERIFY_FIRST,
AD001878,-2799.4,893.5,357.82349000589664,landmark,VISIT_WITH_HINT,Opposite Post Office (pin is a guess near this landmark)
AD001879,575.1,-2853.0,47.85237716143284,visits_agree,DIRECT_VISIT,
AD001880,3493.7,123.5,387.8348230883865,visits_disagree,VISIT_WITH_HINT,
AD001881,688.0,23.7,77.439266525452,visit_1,DIRECT_VISIT,Near Ration Shop (about 200 m from pin)
AD001882,710.9,-3006.0,47.85237716143284,visits_agree,DIRECT_VISIT,
AD001883,2674.9,-2182.4,3710.345440791194,baseline_coarse,VERIFY_FIRST,
AD001884,945.2,-3595.2,3710.345440791194,baseline_coarse,VERIFY_FIRST,
AD001885,155.1,-211.5,3710.345440791194,baseline_coarse,VERIFY_FIRST,
AD001886,3482.0,-2134.5,387.8348230883865,visits_disagree,VISIT_WITH_HINT,
AD001888,-499.6,-1345.9,3710.345440791194,baseline_coarse,VERIFY_FIRST,
AD001889,-2291.8,-2415.0,3710.345440791194,baseline_coarse,VERIFY_FIRST,
AD001890,1123.2,-490.0,47.85237716143284,visits_agree,DIRECT_VISIT,
AD001891,-3127.5,-165.2,387.8348230883865,visits_disagree,VISIT_WITH_HINT,
AD001892,-513.7,-242.5,357.82349000589664,landmark,VISIT_WITH_HINT,Near Medical Store (pin is a guess near this landmark)
AD001894,2953.3,577.4,3710.345440791194,baseline_coarse,VERIFY_FIRST,
AD001895,644.8,-3711.4,357.82349000589664,landmark,VISIT_WITH_HINT,Near Ration Shop (pin is a guess near this landmark)
AD001896,-2608.2,-114.5,77.439266525452,visit_1,DIRECT_VISIT,
AD001897,-254.4,-3659.9,162.09531146828414,baseline_street,VISIT_WITH_HINT,Opposite Ganesh Temple (about 170 m from pin)
AD001898,1699.7,1613.3,3710.345440791194,baseline_coarse,VERIFY_FIRST,
AD001899,3016.5,-2614.8,77.439266525452,visit_1,DIRECT_VISIT,
AD001900,699.4,-2691.9,47.85237716143284,visits_agree,DIRECT_VISIT,
AD001901,-3658.0,-785.0,47.85237716143284,visits_agree,DIRECT_VISIT,
AD001902,-694.8,-414.5,3710.345440791194,baseline_coarse,VERIFY_FIRST,
AD001903,1655.8,1952.0,3710.345440791194,baseline_coarse,VERIFY_FIRST,
AD001904,-1070.1,-3088.1,3710.345440791194,baseline_coarse,VERIFY_FIRST,
AD001905,1143.6,72.9,3710.345440791194,baseline_coarse,VERIFY_FIRST,
AD001906,-1757.4,-1453.8,3710.345440791194,baseline_coarse,VERIFY_FIRST,
AD001907,2919.8,-1638.7,162.09531146828414,baseline_street,VISIT_WITH_HINT,
AD001908,-2501.8,-107.0,162.09531146828414,baseline_street,VISIT_WITH_HINT,Near Govt School (pin is at this landmark)
AD001909,-2068.5,1404.2,3710.345440791194,baseline_coarse,VERIFY_FIRST,
AD001910,-593.2,-1136.2,3710.345440791194,baseline_coarse,VERIFY_FIRST,
AD001911,1949.1,-1374.0,3710.345440791194,baseline_coarse,VERIFY_FIRST,
AD001912,2965.1,705.9,3710.345440791194,baseline_coarse,VERIFY_FIRST,
AD001913,-1475.0,-2762.9,162.09531146828414,baseline_street,VISIT_WITH_HINT,Opposite Hanuman Temple (about 70 m from pin)
AD001914,842.9,989.9,47.85237716143284,visits_agree,DIRECT_VISIT,
AD001916,-347.0,-84.0,357.82349000589664,landmark,VISIT_WITH_HINT,Opposite Hanuman Temple (pin is a guess near this landmark)
AD001917,1193.3,-221.1,357.82349000589664,landmark,VISIT_WITH_HINT,Near Bus Stop (pin is a guess near this landmark)
AD001918,-170.1,3207.2,357.82349000589664,landmark,VISIT_WITH_HINT,Behind Ration Shop (pin is a guess near this landmark)
AD001919,-323.1,-3267.1,3710.345440791194,baseline_coarse,VERIFY_FIRST,
AD001920,3618.5,590.3,387.8348230883865,visits_disagree,VISIT_WITH_HINT,Near Ration Shop (about 30 m from pin)
AD001921,1014.3,-406.9,357.82349000589664,landmark,VISIT_WITH_HINT,Near Masjid (pin is a guess near this landmark)
AD001922,-816.9,-3739.9,77.439266525452,visit_1,DIRECT_VISIT,
AD001923,1048.9,3212.1,387.8348230883865,visits_disagree,VISIT_WITH_HINT,
AD001924,1388.1,1115.9,357.82349000589664,landmark,VISIT_WITH_HINT,Opposite Bus Stop (pin is a guess near this landmark)
AD001925,-786.5,-3777.6,162.09531146828414,baseline_street,VISIT_WITH_HINT,
AD001926,636.4,1521.6,3710.345440791194,baseline_coarse,VERIFY_FIRST,
AD001927,1053.4,2416.6,47.85237716143284,visits_agree,DIRECT_VISIT,
AD001928,789.2,2761.4,162.09531146828414,baseline_street,VISIT_WITH_HINT,
AD001929,3091.4,236.2,77.439266525452,visit_1,DIRECT_VISIT,
AD001930,2716.3,-2525.7,162.09531146828414,baseline_street,VISIT_WITH_HINT,
AD001931,-1045.2,-1268.8,3710.345440791194,baseline_coarse,VERIFY_FIRST,
AD001932,-418.5,-3362.8,162.09531146828414,baseline_street,VISIT_WITH_HINT,Near Park (about 180 m from pin)
AD001933,3531.8,-2221.6,77.439266525452,visit_1,DIRECT_VISIT,
AD001934,-2998.7,-721.4,47.85237716143284,visits_agree,DIRECT_VISIT,
AD001935,-3155.2,823.8,357.82349000589664,landmark,VISIT_WITH_HINT,Near Ganesh Temple (pin is a guess near this landmark)
AD001937,740.4,3085.7,47.85237716143284,visits_agree,DIRECT_VISIT,Near Petrol Bunk (about 160 m from pin)
AD001938,-654.4,-509.2,3710.345440791194,baseline_coarse,VERIFY_FIRST,
AD001939,-3738.3,-933.1,3710.345440791194,baseline_coarse,VERIFY_FIRST,
AD001940,2336.2,1203.8,3710.345440791194,baseline_coarse,VERIFY_FIRST,
AD001941,138.1,2504.1,3710.345440791194,baseline_coarse,VERIFY_FIRST,
AD001942,-280.8,-278.0,357.82349000589664,landmark,VISIT_WITH_HINT,Near Milk Dairy (pin is a guess near this landmark)
AD001943,3174.8,-1939.4,3710.345440791194,baseline_coarse,VERIFY_FIRST,
AD001944,2496.8,-697.2,387.8348230883865,visits_disagree,VISIT_WITH_HINT,
AD001945,-3020.0,712.1,387.8348230883865,visits_disagree,VISIT_WITH_HINT,Near Ganesh Temple (about 180 m from pin)
AD001946,-791.9,-718.7,357.82349000589664,landmark,VISIT_WITH_HINT,Near Milk Dairy (pin is a guess near this landmark)
AD001947,-315.1,-3592.1,3710.345440791194,baseline_coarse,VERIFY_FIRST,
AD001948,-598.8,-473.6,3710.345440791194,baseline_coarse,VERIFY_FIRST,
AD001949,2656.3,-2082.9,3710.345440791194,baseline_coarse,VERIFY_FIRST,
AD001950,1185.3,-2043.0,357.82349000589664,landmark,VISIT_WITH_HINT,Opposite Govt School (pin is a guess near this landmark)
AD001951,-316.8,1507.7,3710.345440791194,baseline_coarse,VERIFY_FIRST,
AD001952,958.5,2633.9,77.439266525452,visit_1,DIRECT_VISIT,
AD001953,-328.4,-17.3,162.09531146828414,baseline_street,VISIT_WITH_HINT,
AD001954,1119.1,-1880.7,387.8348230883865,visits_disagree,VISIT_WITH_HINT,Near Ration Shop (about 80 m from pin)
AD001955,2816.1,540.8,3710.345440791194,baseline_coarse,VERIFY_FIRST,
AD001956,598.9,-3866.6,162.09531146828414,baseline_street,VISIT_WITH_HINT,
AD001957,879.4,-879.4,3710.345440791194,baseline_coarse,VERIFY_FIRST,
AD001958,3616.5,556.1,357.82349000589664,landmark,VISIT_WITH_HINT,Near Ration Shop (pin is a guess near this landmark)
AD001959,2107.2,-1380.9,162.09531146828414,baseline_street,VISIT_WITH_HINT,Near Hanuman Temple (about 190 m from pin)
AD001960,2650.5,-2041.7,77.439266525452,visit_1,DIRECT_VISIT,
AD001961,-2980.7,1212.5,3710.345440791194,baseline_coarse,VERIFY_FIRST,
AD001962,1410.8,-1966.1,387.8348230883865,visits_disagree,VISIT_WITH_HINT,Near Church (about 40 m from pin)
AD001963,-311.1,-737.7,387.8348230883865,visits_disagree,VISIT_WITH_HINT,
AD001964,3205.8,-1685.6,357.82349000589664,landmark,VISIT_WITH_HINT,Near Post Office (pin is a guess near this landmark)
AD001965,1240.7,1472.2,357.82349000589664,landmark,VISIT_WITH_HINT,Near Medical Store (pin is a guess near this landmark)
AD001966,2575.0,-1393.3,3710.345440791194,baseline_coarse,VERIFY_FIRST,
AD001967,-1769.9,2444.6,3710.345440791194,baseline_coarse,VERIFY_FIRST,
AD001968,2844.3,775.5,357.82349000589664,landmark,VISIT_WITH_HINT,Opposite Water Tank (pin is a guess near this landmark)
AD001969,-1282.8,-3078.7,77.439266525452,visit_1,DIRECT_VISIT,Near Bus Stop (about 150 m from pin)
AD001970,-3155.2,823.8,357.82349000589664,landmark,VISIT_WITH_HINT,Near Ganesh Temple (pin is a guess near this landmark)
AD001971,2812.7,-1268.6,387.8348230883865,visits_disagree,VISIT_WITH_HINT,
AD001972,693.0,-2829.0,387.8348230883865,visits_disagree,VISIT_WITH_HINT,
AD001973,891.6,-409.2,387.8348230883865,visits_disagree,VISIT_WITH_HINT,
AD001974,875.6,1283.5,162.09531146828414,baseline_street,VISIT_WITH_HINT,Near Govt School (about 140 m from pin)
AD001976,3437.0,-1759.5,77.439266525452,visit_1,DIRECT_VISIT,Near Masjid (about 170 m from pin)
AD001977,3718.9,488.2,47.85237716143284,visits_agree,DIRECT_VISIT,
AD001978,2960.2,-2374.2,387.8348230883865,visits_disagree,VISIT_WITH_HINT,
AD001980,613.4,-3008.5,3710.345440791194,baseline_coarse,VERIFY_FIRST,
AD001982,-2525.6,-484.4,47.85237716143284,visits_agree,DIRECT_VISIT,Behind Masjid (about 70 m from pin)
AD001983,3757.9,440.4,3710.345440791194,baseline_coarse,VERIFY_FIRST,
AD001984,-933.1,-1915.8,357.82349000589664,landmark,VISIT_WITH_HINT,Near Water Tank (pin is a guess near this landmark)
AD001985,-31.9,-3138.2,357.82349000589664,landmark,VISIT_WITH_HINT,Near Medical Store (pin is a guess near this landmark)
AD001986,1349.5,-1917.2,3710.345440791194,baseline_coarse,VERIFY_FIRST,
AD001987,1517.4,-1353.2,3710.345440791194,baseline_coarse,VERIFY_FIRST,
AD001988,-1968.0,1774.7,162.09531146828414,baseline_street,VISIT_WITH_HINT,
AD001989,3364.7,-1833.8,3710.345440791194,baseline_coarse,VERIFY_FIRST,
AD001990,-2911.8,1541.5,77.439266525452,visit_1,DIRECT_VISIT,
AD001991,335.6,-3253.1,47.85237716143284,visits_agree,DIRECT_VISIT,
AD001992,3049.4,-2157.6,357.82349000589664,landmark,VISIT_WITH_HINT,Opposite Ration Shop (pin is a guess near this landmark)
AD001993,1228.5,-3340.6,77.439266525452,visit_1,DIRECT_VISIT,
AD001994,3264.6,-2505.3,162.09531146828414,baseline_street,VISIT_WITH_HINT,
AD001995,1211.3,-710.2,387.8348230883865,visits_disagree,VISIT_WITH_HINT,
AD001996,1709.5,-1819.6,387.8348230883865,visits_disagree,VISIT_WITH_HINT,
AD001998,2722.3,1738.9,162.09531146828414,baseline_street,VISIT_WITH_HINT,
AD001999,-2221.9,1115.3,3710.345440791194,baseline_coarse,VERIFY_FIRST,
AD002000,-2847.1,-569.9,357.82349000589664,landmark,VISIT_WITH_HINT,Opposite Bus Stop (pin is a guess near this landmark)
AD002001,-1168.1,-1848.2,3710.345440791194,baseline_coarse,VERIFY_FIRST,
AD002002,518.0,-2991.0,3710.345440791194,baseline_coarse,VERIFY_FIRST,
AD002003,-1447.2,-2485.2,162.09531146828414,baseline_street,VISIT_WITH_HINT,
AD002004,3226.7,271.9,162.09531146828414,baseline_street,VISIT_WITH_HINT,
AD002005,-102.4,3207.0,77.439266525452,visit_1,DIRECT_VISIT,Opposite Ration Shop (about 70 m from pin)
AD002007,1124.9,-2164.7,47.85237716143284,visits_agree,DIRECT_VISIT,Opposite Govt School (about 140 m from pin)
AD002008,605.6,1594.9,3710.345440791194,baseline_coarse,VERIFY_FIRST,
AD002009,-1195.3,-789.6,387.8348230883865,visits_disagree,VISIT_WITH_HINT,
AD002011,-1026.9,-2116.1,3710.345440791194,baseline_coarse,VERIFY_FIRST,
AD002013,2475.8,874.1,3710.345440791194,baseline_coarse,VERIFY_FIRST,
AD002014,-2558.5,-2177.8,162.09531146828414,baseline_street,VISIT_WITH_HINT,
AD002015,-1418.4,-2700.3,77.439266525452,visit_1,DIRECT_VISIT,
AD002016,2768.2,-2327.0,387.8348230883865,visits_disagree,VISIT_WITH_HINT,Near Hanuman Temple (about 100 m from pin)
AD002018,970.9,1390.7,357.82349000589664,landmark,VISIT_WITH_HINT,Near Govt School (pin is a guess near this landmark)
AD002019,1154.0,-1962.7,77.439266525452,visit_1,DIRECT_VISIT,Near Govt School (about 90 m from pin)
AD002021,3148.6,-2466.4,77.439266525452,visit_1,DIRECT_VISIT,
AD002022,-853.4,-708.6,357.82349000589664,landmark,VISIT_WITH_HINT,Near Ration Shop (pin is a guess near this landmark)
AD002023,-2729.4,1809.4,387.8348230883865,visits_disagree,VISIT_WITH_HINT,
AD002024,1676.3,-977.3,3710.345440791194,baseline_coarse,VERIFY_FIRST,
AD002025,-2418.2,1573.6,3710.345440791194,baseline_coarse,VERIFY_FIRST,
AD002026,-1756.9,-2671.6,3710.345440791194,baseline_coarse,VERIFY_FIRST,
AD002027,-385.9,-634.1,387.8348230883865,visits_disagree,VISIT_WITH_HINT,
AD002028,-643.5,1512.2,357.82349000589664,landmark,VISIT_WITH_HINT,Near Petrol Bunk (pin is a guess near this landmark)
AD002029,2694.1,1453.4,47.85237716143284,visits_agree,DIRECT_VISIT,
AD002030,2698.3,1438.9,357.82349000589664,landmark,VISIT_WITH_HINT,Near Park (pin is a guess near this landmark)
AD002031,4043.4,873.3,162.09531146828414,baseline_street,VISIT_WITH_HINT,
AD002033,-2897.4,-529.4,77.439266525452,visit_1,DIRECT_VISIT,Near Bus Stop (about 60 m from pin)
AD002034,2328.1,-1046.1,387.8348230883865,visits_disagree,VISIT_WITH_HINT,
AD002035,-857.8,-485.7,3710.345440791194,baseline_coarse,VERIFY_FIRST,
AD002036,-1239.1,-2298.0,357.82349000589664,landmark,VISIT_WITH_HINT,Beside Church (pin is a guess near this landmark)
AD002037,778.1,-3852.1,357.82349000589664,landmark,VISIT_WITH_HINT,Opposite Petrol Bunk (pin is a guess near this landmark)
AD002038,3045.0,-2457.2,387.8348230883865,visits_disagree,VISIT_WITH_HINT,
AD002039,2780.6,-2484.4,77.439266525452,visit_1,DIRECT_VISIT,
AD002040,-3774.3,-749.5,3710.345440791194,baseline_coarse,VERIFY_FIRST,
AD002042,-2402.2,-340.0,3710.345440791194,baseline_coarse,VERIFY_FIRST,
AD002043,2921.0,104.9,47.85237716143284,visits_agree,DIRECT_VISIT,
AD002044,3251.1,-2169.6,387.8348230883865,visits_disagree,VISIT_WITH_HINT,
AD002045,-947.6,-690.2,387.8348230883865,visits_disagree,VISIT_WITH_HINT,
AD002046,-1062.3,-3495.7,47.85237716143284,visits_agree,DIRECT_VISIT,
AD002047,-2910.2,-36.3,357.82349000589664,landmark,VISIT_WITH_HINT,Near Water Tank (pin is a guess near this landmark)
AD002048,845.6,-775.5,3710.345440791194,baseline_coarse,VERIFY_FIRST,
AD002049,4015.9,82.8,77.439266525452,visit_1,DIRECT_VISIT,
AD002050,-868.8,3100.8,357.82349000589664,landmark,VISIT_WITH_HINT,Near Milk Dairy (pin is a guess near this landmark)
AD002051,-278.4,-3857.6,77.439266525452,visit_1,DIRECT_VISIT,
AD002052,-643.5,1512.2,357.82349000589664,landmark,VISIT_WITH_HINT,Near Petrol Bunk (pin is a guess near this landmark)
AD002053,-206.5,1462.1,3710.345440791194,baseline_coarse,VERIFY_FIRST,
AD002054,1317.3,21.4,3710.345440791194,baseline_coarse,VERIFY_FIRST,
AD002055,2665.0,509.0,357.82349000589664,landmark,VISIT_WITH_HINT,Near Bus Stop (pin is a guess near this landmark)
AD002056,3033.4,411.0,3710.345440791194,baseline_coarse,VERIFY_FIRST,
AD002057,1020.1,2902.7,387.8348230883865,visits_disagree,VISIT_WITH_HINT,
AD002059,1214.5,-2030.8,387.8348230883865,visits_disagree,VISIT_WITH_HINT,Opposite Govt School (about 30 m from pin)
AD002060,760.6,-348.7,47.85237716143284,visits_agree,DIRECT_VISIT,
AD002061,801.7,-2966.1,387.8348230883865,visits_disagree,VISIT_WITH_HINT,
AD002062,901.9,-88.1,47.85237716143284,visits_agree,DIRECT_VISIT,Opposite Ganesh Temple (about 30 m from pin)
AD002063,1063.8,-332.3,357.82349000589664,landmark,VISIT_WITH_HINT,Near Park (pin is a guess near this landmark)
AD002064,235.2,-3247.5,387.8348230883865,visits_disagree,VISIT_WITH_HINT,Near Ganesh Temple (about 190 m from pin)
AD002065,2763.3,856.4,162.09531146828414,baseline_street,VISIT_WITH_HINT,Near Ration Shop (about 170 m from pin)
AD002066,1418.9,-2285.7,387.8348230883865,visits_disagree,VISIT_WITH_HINT,
AD002067,1042.0,-358.1,387.8348230883865,visits_disagree,VISIT_WITH_HINT,
AD002068,-2063.1,1511.4,387.8348230883865,visits_disagree,VISIT_WITH_HINT,
AD002069,3835.3,530.0,47.85237716143284,visits_agree,DIRECT_VISIT,Opposite Bus Stop (about 130 m from pin)
AD002070,2322.5,-755.9,387.8348230883865,visits_disagree,VISIT_WITH_HINT,
AD002071,3708.7,-2280.2,162.09531146828414,baseline_street,VISIT_WITH_HINT,
AD002072,-639.9,-3367.2,357.82349000589664,landmark,VISIT_WITH_HINT,Near Hanuman Temple (pin is a guess near this landmark)
AD002073,-2333.0,-2349.6,162.09531146828414,baseline_street,VISIT_WITH_HINT,
AD002074,1750.0,-1665.3,47.85237716143284,visits_agree,DIRECT_VISIT,
AD002075,1545.6,-1946.4,3710.345440791194,baseline_coarse,VERIFY_FIRST,
AD002077,1656.2,-2345.5,3710.345440791194,baseline_coarse,VERIFY_FIRST,
AD002078,1224.3,-745.5,3710.345440791194,baseline_coarse,VERIFY_FIRST,
AD002079,-1959.0,-1971.3,357.82349000589664,landmark,VISIT_WITH_HINT,Near Masjid (pin is a guess near this landmark)
AD002080,819.1,-2905.5,3710.345440791194,baseline_coarse,VERIFY_FIRST,
AD002081,914.7,-1261.8,77.439266525452,visit_1,DIRECT_VISIT,
AD002082,2953.8,-2431.3,162.09531146828414,baseline_street,VISIT_WITH_HINT,
AD002083,-447.1,-3969.0,387.8348230883865,visits_disagree,VISIT_WITH_HINT,
AD002085,3397.4,488.8,162.09531146828414,baseline_street,VISIT_WITH_HINT,
AD002086,1580.7,-2179.5,3710.345440791194,baseline_coarse,VERIFY_FIRST,
AD002087,-662.0,-3420.5,3710.345440791194,baseline_coarse,VERIFY_FIRST,
AD002088,3049.4,-2157.6,357.82349000589664,landmark,VISIT_WITH_HINT,Near Ration Shop (pin is a guess near this landmark)
AD002089,1043.9,239.1,47.85237716143284,visits_agree,DIRECT_VISIT,
AD002090,1210.5,-3079.6,387.8348230883865,visits_disagree,VISIT_WITH_HINT,
AD002091,1765.7,-2219.8,47.85237716143284,visits_agree,DIRECT_VISIT,
AD002092,3814.2,505.5,3710.345440791194,baseline_coarse,VERIFY_FIRST,
AD002094,-2110.2,1617.4,357.82349000589664,landmark,VISIT_WITH_HINT,Near Ganesh Temple (pin is a guess near this landmark)
AD002095,-3980.3,-682.1,162.09531146828414,baseline_street,VISIT_WITH_HINT,Opposite Community Hall (about 120 m from pin)
AD002096,3588.3,644.1,387.8348230883865,visits_disagree,VISIT_WITH_HINT,Near Ration Shop (about 90 m from pin)
AD002097,1092.3,-419.8,357.82349000589664,landmark,VISIT_WITH_HINT,Near Hanuman Temple (pin is a guess near this landmark)
AD002098,-3990.5,-1086.5,357.82349000589664,landmark,VISIT_WITH_HINT,Opposite Hanuman Temple (pin is a guess near this landmark)
AD002099,-1020.8,-1844.2,3710.345440791194,baseline_coarse,VERIFY_FIRST,
AD002100,-1710.1,-907.3,3710.345440791194,baseline_coarse,VERIFY_FIRST,
AD002101,-546.4,3243.0,162.09531146828414,baseline_street,VISIT_WITH_HINT,
AD002102,2960.7,-1824.6,47.85237716143284,visits_agree,DIRECT_VISIT,
AD002103,304.2,-2740.2,47.85237716143284,visits_agree,DIRECT_VISIT,
AD002104,2843.8,757.1,357.82349000589664,landmark,VISIT_WITH_HINT,Opposite Ration Shop (pin is a guess near this landmark)
AD002105,2908.5,940.9,357.82349000589664,landmark,VISIT_WITH_HINT,Near Ration Shop (pin is a guess near this landmark)
AD002106,2441.1,-1253.6,357.82349000589664,landmark,VISIT_WITH_HINT,Near Govt School (pin is a guess near this landmark)
AD002107,-880.5,-1288.3,357.82349000589664,landmark,VISIT_WITH_HINT,Near Ration Shop (pin is a guess near this landmark)
AD002108,2264.9,-2401.5,47.85237716143284,visits_agree,DIRECT_VISIT,Opposite Masjid (about 60 m from pin)
AD002110,1990.1,-1376.6,47.85237716143284,visits_agree,DIRECT_VISIT,
AD002111,3063.1,-1243.7,387.8348230883865,visits_disagree,VISIT_WITH_HINT,
AD002112,-358.9,3278.7,387.8348230883865,visits_disagree,VISIT_WITH_HINT,
AD002113,740.2,-3077.2,357.82349000589664,landmark,VISIT_WITH_HINT,Near Community Hall (pin is a guess near this landmark)
AD002114,-661.9,-476.9,3710.345440791194,baseline_coarse,VERIFY_FIRST,
AD002115,-460.7,-3589.7,357.82349000589664,landmark,VISIT_WITH_HINT,Near Masjid (pin is a guess near this landmark)
AD002116,886.7,-2906.5,387.8348230883865,visits_disagree,VISIT_WITH_HINT,
AD002117,1922.2,1715.5,357.82349000589664,landmark,VISIT_WITH_HINT,Near Masjid (pin is a guess near this landmark)
AD002118,1722.9,-2340.4,357.82349000589664,landmark,VISIT_WITH_HINT,Near Medical Store (pin is a guess near this landmark)
AD002119,-1182.3,-1061.7,3710.345440791194,baseline_coarse,VERIFY_FIRST,
AD002120,755.7,2775.5,77.439266525452,visit_1,DIRECT_VISIT,
AD002121,2706.6,-2248.4,3710.345440791194,baseline_coarse,VERIFY_FIRST,
AD002122,1034.1,-864.9,3710.345440791194,baseline_coarse,VERIFY_FIRST,
AD002123,1126.5,545.3,387.8348230883865,visits_disagree,VISIT_WITH_HINT,
AD002124,2358.8,-2342.8,47.85237716143284,visits_agree,DIRECT_VISIT,
AD002125,1211.1,-251.7,77.439266525452,visit_1,DIRECT_VISIT,
AD002126,2230.1,-1535.1,47.85237716143284,visits_agree,DIRECT_VISIT,
AD002127,2471.8,2057.0,357.82349000589664,landmark,VISIT_WITH_HINT,Near Medical Store (pin is a guess near this landmark)
AD002128,-2660.8,1186.8,162.09531146828414,baseline_street,VISIT_WITH_HINT,Near Bus Stop (about 60 m from pin)
AD002129,1028.6,-322.5,77.439266525452,visit_1,DIRECT_VISIT,
AD002130,-181.6,3389.2,162.09531146828414,baseline_street,VISIT_WITH_HINT,
AD002131,-1539.2,-2450.6,47.85237716143284,visits_agree,DIRECT_VISIT,
AD002132,2335.2,1476.5,357.82349000589664,landmark,VISIT_WITH_HINT,Opposite Ration Shop (pin is a guess near this landmark)
AD002133,-1348.5,407.7,162.09531146828414,baseline_street,VISIT_WITH_HINT,Opposite Petrol Bunk (about 90 m from pin)
AD002134,3132.2,-1878.6,47.85237716143284,visits_agree,DIRECT_VISIT,
AD002135,1365.9,-882.5,357.82349000589664,landmark,VISIT_WITH_HINT,Near Medical Store (pin is a guess near this landmark)
AD002136,1841.0,-2206.8,387.8348230883865,visits_disagree,VISIT_WITH_HINT,
AD002138,3740.6,563.2,387.8348230883865,visits_disagree,VISIT_WITH_HINT,Near Bus Stop (about 160 m from pin)
AD002139,-3788.8,-704.8,387.8348230883865,visits_disagree,VISIT_WITH_HINT,
AD002140,956.8,-131.8,47.85237716143284,visits_agree,DIRECT_VISIT,
AD002141,-1793.8,-2738.4,77.439266525452,visit_1,DIRECT_VISIT,Behind Govt School (about 110 m from pin)
AD002142,-841.8,-3218.5,47.85237716143284,visits_agree,DIRECT_VISIT,
AD002143,-2608.4,1347.7,387.8348230883865,visits_disagree,VISIT_WITH_HINT,
AD002145,-331.9,3321.1,3710.345440791194,baseline_coarse,VERIFY_FIRST,
AD002146,1495.7,1391.6,3710.345440791194,baseline_coarse,VERIFY_FIRST,
AD002147,-1437.6,13.0,162.09531146828414,baseline_street,VISIT_WITH_HINT,Near Medical Store (about 160 m from pin)
AD002148,-1237.6,387.9,3710.345440791194,baseline_coarse,VERIFY_FIRST,
AD002149,1112.0,1330.1,162.09531146828414,baseline_street,VISIT_WITH_HINT,
AD002150,4042.4,252.7,387.8348230883865,visits_disagree,VISIT_WITH_HINT,
AD002151,1395.9,-2921.4,77.439266525452,visit_1,DIRECT_VISIT,
AD002152,-606.0,-1186.7,3710.345440791194,baseline_coarse,VERIFY_FIRST,
AD002153,3449.0,-1746.3,387.8348230883865,visits_disagree,VISIT_WITH_HINT,
AD002154,751.5,-2694.6,387.8348230883865,visits_disagree,VISIT_WITH_HINT,
AD002155,-2378.1,1427.1,357.82349000589664,landmark,VISIT_WITH_HINT,Near Masjid (pin is a guess near this landmark)
AD002157,581.3,-760.1,387.8348230883865,visits_disagree,VISIT_WITH_HINT,
AD002158,1625.8,-1191.2,3710.345440791194,baseline_coarse,VERIFY_FIRST,
AD002159,-506.7,2816.1,357.82349000589664,landmark,VISIT_WITH_HINT,Near Ganesh Temple (pin is a guess near this landmark)
AD002160,-143.9,1249.8,3710.345440791194,baseline_coarse,VERIFY_FIRST,
AD002161,2099.7,-777.9,77.439266525452,visit_1,DIRECT_VISIT,Behind Govt School (about 140 m from pin)
AD002162,1460.3,-1988.1,3710.345440791194,baseline_coarse,VERIFY_FIRST,
AD002163,1540.4,-1495.6,3710.345440791194,baseline_coarse,VERIFY_FIRST,
AD002164,-210.7,-3918.0,77.439266525452,visit_1,DIRECT_VISIT,
AD002165,-2910.2,-36.3,357.82349000589664,landmark,VISIT_WITH_HINT,Near Water Tank (pin is a guess near this landmark)
AD002166,-940.5,2990.1,47.85237716143284,visits_agree,DIRECT_VISIT,Near Milk Dairy (about 130 m from pin)
AD002167,-826.3,2784.6,3710.345440791194,baseline_coarse,VERIFY_FIRST,
AD002169,1039.7,-165.6,162.09531146828414,baseline_street,VISIT_WITH_HINT,
AD002170,2739.7,-2130.3,357.82349000589664,landmark,VISIT_WITH_HINT,Near Park (pin is a guess near this landmark)
AD002171,467.9,-3439.9,387.8348230883865,visits_disagree,VISIT_WITH_HINT,
AD002172,1097.3,2655.1,357.82349000589664,landmark,VISIT_WITH_HINT,Opposite Bus Stop (pin is a guess near this landmark)
AD002173,3051.1,-2317.6,357.82349000589664,landmark,VISIT_WITH_HINT,Near Milk Dairy (pin is a guess near this landmark)
AD002174,-699.0,-572.8,3710.345440791194,baseline_coarse,VERIFY_FIRST,
AD002175,971.9,-924.3,3710.345440791194,baseline_coarse,VERIFY_FIRST,
AD002176,770.8,2469.3,47.85237716143284,visits_agree,DIRECT_VISIT,
AD002177,-1625.4,-2933.7,3710.345440791194,baseline_coarse,VERIFY_FIRST,
AD002178,2956.4,-2421.9,77.439266525452,visit_1,DIRECT_VISIT,Near Milk Dairy (about 140 m from pin)
AD002179,1308.7,-1638.6,3710.345440791194,baseline_coarse,VERIFY_FIRST,
AD002180,792.6,-2762.4,77.439266525452,visit_1,DIRECT_VISIT,
AD002181,-2708.8,166.1,387.8348230883865,visits_disagree,VISIT_WITH_HINT,
AD002182,2834.8,-2238.3,3710.345440791194,baseline_coarse,VERIFY_FIRST,
AD002183,-2232.7,-2593.2,3710.345440791194,baseline_coarse,VERIFY_FIRST,
AD002184,-2051.8,-2466.5,77.439266525452,visit_1,DIRECT_VISIT,
AD002185,-2566.2,1751.2,3710.345440791194,baseline_coarse,VERIFY_FIRST,
AD002186,918.8,30.8,3710.345440791194,baseline_coarse,VERIFY_FIRST,
AD002187,-4061.5,-883.0,162.09531146828414,baseline_street,VISIT_WITH_HINT,
AD002188,-240.7,-3321.4,387.8348230883865,visits_disagree,VISIT_WITH_HINT,
AD002189,378.0,-3003.1,77.439266525452,visit_1,DIRECT_VISIT,
AD002190,-1142.7,310.5,3710.345440791194,baseline_coarse,VERIFY_FIRST,
AD002191,2911.9,-2206.9,3710.345440791194,baseline_coarse,VERIFY_FIRST,
AD002192,-777.6,2805.7,3710.345440791194,baseline_coarse,VERIFY_FIRST,
AD002193,1440.8,-1984.6,357.82349000589664,landmark,VISIT_WITH_HINT,Near Church (pin is a guess near this landmark)
AD002194,1709.3,-1748.7,387.8348230883865,visits_disagree,VISIT_WITH_HINT,
AD002195,-1441.7,-2192.3,3710.345440791194,baseline_coarse,VERIFY_FIRST,
AD002196,209.9,2274.6,387.8348230883865,visits_disagree,VISIT_WITH_HINT,
AD002197,947.5,-268.5,387.8348230883865,visits_disagree,VISIT_WITH_HINT,Near Park (about 130 m from pin)
AD002198,2749.9,-2528.7,162.09531146828414,baseline_street,VISIT_WITH_HINT,
AD002199,1984.1,-966.8,3710.345440791194,baseline_coarse,VERIFY_FIRST,
AD002200,2825.4,497.5,162.09531146828414,baseline_street,VISIT_WITH_HINT,
AD002201,-301.2,792.9,357.82349000589664,landmark,VISIT_WITH_HINT,Near Ganesh Temple (pin is a guess near this landmark)
AD002202,-2018.6,-2173.4,357.82349000589664,landmark,VISIT_WITH_HINT,Near Bus Stop (pin is a guess near this landmark)
AD002204,744.9,-704.8,3710.345440791194,baseline_coarse,VERIFY_FIRST,
AD002205,-778.5,-471.9,3710.345440791194,baseline_coarse,VERIFY_FIRST,
AD002206,1040.8,2916.3,47.85237716143284,visits_agree,DIRECT_VISIT,
AD002207,-1260.9,-2214.6,3710.345440791194,baseline_coarse,VERIFY_FIRST,
AD002209,-14.2,-3821.2,47.85237716143284,visits_agree,DIRECT_VISIT,
AD002210,1646.0,-1602.1,47.85237716143284,visits_agree,DIRECT_VISIT,
AD002211,1978.1,1115.8,3710.345440791194,baseline_coarse,VERIFY_FIRST,
AD002212,-1550.8,649.1,357.82349000589664,landmark,VISIT_WITH_HINT,Behind Hanuman Temple (pin is a guess near this landmark)
AD002213,2842.6,579.1,387.8348230883865,visits_disagree,VISIT_WITH_HINT,Opposite Water Tank (about 200 m from pin)
AD002214,778.1,-3852.1,357.82349000589664,landmark,VISIT_WITH_HINT,Near Petrol Bunk (pin is a guess near this landmark)
AD002215,667.3,-3157.9,3710.345440791194,baseline_coarse,VERIFY_FIRST,
AD002216,2823.6,124.9,162.09531146828414,baseline_street,VISIT_WITH_HINT,
AD002217,-866.5,-3076.6,387.8348230883865,visits_disagree,VISIT_WITH_HINT,
AD002218,1007.8,2616.1,77.439266525452,visit_1,DIRECT_VISIT,Near Govt School (about 100 m from pin)
AD002220,-721.8,2943.9,77.439266525452,visit_1,DIRECT_VISIT,
AD002221,2627.8,962.2,357.82349000589664,landmark,VISIT_WITH_HINT,Near Masjid (pin is a guess near this landmark)
AD002222,-1826.1,1487.7,3710.345440791194,baseline_coarse,VERIFY_FIRST,
AD002223,1268.8,49.0,357.82349000589664,landmark,VISIT_WITH_HINT,Near Govt School (pin is a guess near this landmark)
AD002224,1643.9,-1857.5,77.439266525452,visit_1,DIRECT_VISIT,
AD002225,-895.9,-347.3,387.8348230883865,visits_disagree,VISIT_WITH_HINT,
AD002226,-664.3,2902.8,3710.345440791194,baseline_coarse,VERIFY_FIRST,
AD002227,-767.6,-523.6,3710.345440791194,baseline_coarse,VERIFY_FIRST,
AD002228,-720.2,2971.9,357.82349000589664,landmark,VISIT_WITH_HINT,Near Church (pin is a guess near this landmark)
AD002229,-2358.1,1319.5,77.439266525452,visit_1,DIRECT_VISIT,Opposite Masjid (about 110 m from pin)
AD002230,3397.6,-1817.8,387.8348230883865,visits_disagree,VISIT_WITH_HINT,Near Masjid (about 120 m from pin)
AD002231,2630.5,1450.1,77.439266525452,visit_1,DIRECT_VISIT,
AD002232,-680.3,-3144.9,162.09531146828414,baseline_street,VISIT_WITH_HINT,
AD002233,-2563.4,-524.7,387.8348230883865,visits_disagree,VISIT_WITH_HINT,
AD002234,-385.6,-3429.8,387.8348230883865,visits_disagree,VISIT_WITH_HINT,
AD002235,3288.7,1083.5,162.09531146828414,baseline_street,VISIT_WITH_HINT,
AD002236,-478.2,-453.3,3710.345440791194,baseline_coarse,VERIFY_FIRST,
AD002237,1609.5,-2350.9,77.439266525452,visit_1,DIRECT_VISIT,
AD002238,-3425.3,1304.2,357.82349000589664,landmark,VISIT_WITH_HINT,Near Masjid (pin is a guess near this landmark)
AD002239,1894.6,1498.2,3710.345440791194,baseline_coarse,VERIFY_FIRST,
AD002240,1147.2,-3038.0,77.439266525452,visit_1,DIRECT_VISIT,
AD002241,-144.9,-1105.9,162.09531146828414,baseline_street,VISIT_WITH_HINT,
AD002242,-438.5,-465.6,3710.345440791194,baseline_coarse,VERIFY_FIRST,
AD002243,-1872.5,-2486.2,357.82349000589664,landmark,VISIT_WITH_HINT,Near Ration Shop (pin is a guess near this landmark)
AD002244,1237.7,-1845.6,387.8348230883865,visits_disagree,VISIT_WITH_HINT,
AD002245,2873.9,-2070.2,387.8348230883865,visits_disagree,VISIT_WITH_HINT,
AD002246,2451.3,-2330.3,47.85237716143284,visits_agree,DIRECT_VISIT,
AD002247,2668.7,-1779.4,47.85237716143284,visits_agree,DIRECT_VISIT,
AD002248,-238.8,-59.2,3710.345440791194,baseline_coarse,VERIFY_FIRST,
AD002249,603.8,1864.0,3710.345440791194,baseline_coarse,VERIFY_FIRST,
AD002250,-1857.7,-2547.8,357.82349000589664,landmark,VISIT_WITH_HINT,Opposite Ration Shop (pin is a guess near this landmark)
AD002251,-4180.6,-1064.5,47.85237716143284,visits_agree,DIRECT_VISIT,
AD002252,-3040.2,-695.6,387.8348230883865,visits_disagree,VISIT_WITH_HINT,
AD002253,-2326.1,-427.8,47.85237716143284,visits_agree,DIRECT_VISIT,
AD002254,-443.9,-296.8,387.8348230883865,visits_disagree,VISIT_WITH_HINT,
AD002255,754.7,2781.3,3710.345440791194,baseline_coarse,VERIFY_FIRST,
AD002256,-2018.6,-2173.4,357.82349000589664,landmark,VISIT_WITH_HINT,Near Bus Stop (pin is a guess near this landmark)
AD002257,191.8,2753.6,77.439266525452,visit_1,DIRECT_VISIT,Beside Govt School (about 40 m from pin)
AD002258,1102.4,-945.3,162.09531146828414,baseline_street,VISIT_WITH_HINT,
AD002259,3410.9,-2029.6,3710.345440791194,baseline_coarse,VERIFY_FIRST,
AD002260,1602.9,-1230.7,77.439266525452,visit_1,DIRECT_VISIT,
AD002261,2671.2,252.7,47.85237716143284,visits_agree,DIRECT_VISIT,
AD002262,2644.2,-1668.2,387.8348230883865,visits_disagree,VISIT_WITH_HINT,Near Ration Shop (about 140 m from pin)
AD002263,1686.4,-2440.2,77.439266525452,visit_1,DIRECT_VISIT,
AD002264,948.0,2160.9,387.8348230883865,visits_disagree,VISIT_WITH_HINT,
AD002265,356.0,-3098.1,77.439266525452,visit_1,DIRECT_VISIT,
AD002266,-1905.9,2508.4,3710.345440791194,baseline_coarse,VERIFY_FIRST,
AD002267,767.4,2788.3,3710.345440791194,baseline_coarse,VERIFY_FIRST,
AD002269,1147.8,-53.4,3710.345440791194,baseline_coarse,VERIFY_FIRST,
AD002270,607.5,-2898.5,47.85237716143284,visits_agree,DIRECT_VISIT,Beside Bus Stop (about 100 m from pin)
AD002271,1344.0,-2078.0,3710.345440791194,baseline_coarse,VERIFY_FIRST,
AD002272,2665.0,509.0,357.82349000589664,landmark,VISIT_WITH_HINT,Near Bus Stop (pin is a guess near this landmark)
AD002273,2577.3,-1320.1,357.82349000589664,landmark,VISIT_WITH_HINT,Near Water Tank (pin is a guess near this landmark)
AD002274,637.8,-2832.5,162.09531146828414,baseline_street,VISIT_WITH_HINT,Beside Medical Store (about 200 m from pin)
AD002275,1097.3,2655.1,357.82349000589664,landmark,VISIT_WITH_HINT,Near Bus Stop (pin is a guess near this landmark)
AD002276,-2947.5,1325.8,3710.345440791194,baseline_coarse,VERIFY_FIRST,
AD002277,1954.8,-2123.0,47.85237716143284,visits_agree,DIRECT_VISIT,
AD002278,836.5,1382.5,3710.345440791194,baseline_coarse,VERIFY_FIRST,
AD002279,-649.6,-1534.5,162.09531146828414,baseline_street,VISIT_WITH_HINT,
AD002280,677.7,-2777.8,357.82349000589664,landmark,VISIT_WITH_HINT,Near Ration Shop (pin is a guess near this landmark)
AD002281,-2608.7,979.2,387.8348230883865,visits_disagree,VISIT_WITH_HINT,
AD002282,-999.7,-557.3,3710.345440791194,baseline_coarse,VERIFY_FIRST,
AD002283,-443.2,-3363.8,3710.345440791194,baseline_coarse,VERIFY_FIRST,
AD002284,729.1,-41.5,77.439266525452,visit_1,DIRECT_VISIT,
AD002286,2514.3,1849.5,3710.345440791194,baseline_coarse,VERIFY_FIRST,
AD002287,1656.5,-1998.2,47.85237716143284,visits_agree,DIRECT_VISIT,
AD002288,1629.6,-1241.3,3710.345440791194,baseline_coarse,VERIFY_FIRST,
AD002289,-1550.8,649.1,357.82349000589664,landmark,VISIT_WITH_HINT,Near Hanuman Temple (pin is a guess near this landmark)
AD002291,-1732.7,-3234.4,162.09531146828414,baseline_street,VISIT_WITH_HINT,
AD002292,-3455.1,-861.2,162.09531146828414,baseline_street,VISIT_WITH_HINT,
AD002293,-769.0,-977.9,77.439266525452,visit_1,DIRECT_VISIT,
AD002294,1173.1,-1885.2,47.85237716143284,visits_agree,DIRECT_VISIT,
AD002295,-1260.2,-1505.9,3710.345440791194,baseline_coarse,VERIFY_FIRST,
AD002296,3317.5,-1924.0,3710.345440791194,baseline_coarse,VERIFY_FIRST,
AD002297,1982.8,-1241.6,357.82349000589664,landmark,VISIT_WITH_HINT,Near Hanuman Temple (pin is a guess near this landmark)
AD002298,2964.6,-2057.9,77.439266525452,visit_1,DIRECT_VISIT,
AD002299,933.2,2298.6,387.8348230883865,visits_disagree,VISIT_WITH_HINT,
AD002300,2997.2,497.5,3710.345440791194,baseline_coarse,VERIFY_FIRST,
AD002301,1282.7,-2128.4,3710.345440791194,baseline_coarse,VERIFY_FIRST,
AD002302,1119.9,2528.2,77.439266525452,visit_1,DIRECT_VISIT,Opposite Bus Stop (about 130 m from pin)
AD002303,-1241.8,-2716.3,3710.345440791194,baseline_coarse,VERIFY_FIRST,
AD002304,2870.3,-2346.1,357.82349000589664,landmark,VISIT_WITH_HINT,Near Hanuman Temple (pin is a guess near this landmark)
AD002305,2198.1,936.3,77.439266525452,visit_1,DIRECT_VISIT,
AD002306,2792.1,-2000.0,387.8348230883865,visits_disagree,VISIT_WITH_HINT,
AD002307,2482.8,-2346.0,387.8348230883865,visits_disagree,VISIT_WITH_HINT,
AD002308,2931.5,-2465.2,387.8348230883865,visits_disagree,VISIT_WITH_HINT,Near Hanuman Temple (about 130 m from pin)
AD002309,2326.1,-783.5,77.439266525452,visit_1,DIRECT_VISIT,
AD002310,2295.8,713.3,357.82349000589664,landmark,VISIT_WITH_HINT,Near Post Office (pin is a guess near this landmark)
AD002311,3065.5,-1761.0,3710.345440791194,baseline_coarse,VERIFY_FIRST,
AD002312,1063.8,-332.3,357.82349000589664,landmark,VISIT_WITH_HINT,Near Park (pin is a guess near this landmark)
AD002314,-870.5,-2963.3,3710.345440791194,baseline_coarse,VERIFY_FIRST,
AD002315,303.0,2703.0,357.82349000589664,landmark,VISIT_WITH_HINT,Beside Church (pin is a guess near this landmark)
AD002316,1902.2,-954.2,3710.345440791194,baseline_coarse,VERIFY_FIRST,
AD002317,-2383.5,-2023.0,387.8348230883865,visits_disagree,VISIT_WITH_HINT,
AD002318,-73.6,894.1,162.09531146828414,baseline_street,VISIT_WITH_HINT,
AD002319,2834.0,-2145.4,3710.345440791194,baseline_coarse,VERIFY_FIRST,
AD002321,3390.2,-1727.9,387.8348230883865,visits_disagree,VISIT_WITH_HINT,
AD002322,1097.3,2655.1,357.82349000589664,landmark,VISIT_WITH_HINT,Near Bus Stop (pin is a guess near this landmark)
AD002323,-347.1,1800.6,3710.345440791194,baseline_coarse,VERIFY_FIRST,
AD002324,-1698.8,-2329.8,357.82349000589664,landmark,VISIT_WITH_HINT,Opposite Masjid (pin is a guess near this landmark)
AD002325,2975.9,428.7,3710.345440791194,baseline_coarse,VERIFY_FIRST,
AD002327,1425.0,1283.9,3710.345440791194,baseline_coarse,VERIFY_FIRST,
AD002328,-136.4,-3781.7,357.82349000589664,landmark,VISIT_WITH_HINT,Near Ganesh Temple (pin is a guess near this landmark)
AD002330,1268.9,-2044.0,357.82349000589664,landmark,VISIT_WITH_HINT,Near Milk Dairy (pin is a guess near this landmark)
AD002332,3127.8,-2087.1,387.8348230883865,visits_disagree,VISIT_WITH_HINT,
AD002333,-2265.3,-522.1,387.8348230883865,visits_disagree,VISIT_WITH_HINT,Near Post Office (about 40 m from pin)
AD002334,-2764.5,1756.2,77.439266525452,visit_1,DIRECT_VISIT,Behind Milk Dairy (about 180 m from pin)
AD002335,3162.3,-2245.3,3710.345440791194,baseline_coarse,VERIFY_FIRST,
AD002336,3941.0,748.7,77.439266525452,visit_1,DIRECT_VISIT,
AD002337,1972.0,1560.0,162.09531146828414,baseline_street,VISIT_WITH_HINT,
AD002339,1088.4,2982.1,47.85237716143284,visits_agree,DIRECT_VISIT,
AD002340,2711.6,1801.6,3710.345440791194,baseline_coarse,VERIFY_FIRST,
AD002341,-757.6,2714.3,387.8348230883865,visits_disagree,VISIT_WITH_HINT,
AD002342,2072.1,2097.3,357.82349000589664,landmark,VISIT_WITH_HINT,Near Govt School (pin is a guess near this landmark)
AD002343,-1250.8,2119.2,3710.345440791194,baseline_coarse,VERIFY_FIRST,
AD002344,2054.9,1624.7,3710.345440791194,baseline_coarse,VERIFY_FIRST,
AD002345,1165.2,1227.4,3710.345440791194,baseline_coarse,VERIFY_FIRST,
AD002346,603.1,-747.9,357.82349000589664,landmark,VISIT_WITH_HINT,Near Bus Stop (pin is a guess near this landmark)
AD002347,-136.4,-3781.7,357.82349000589664,landmark,VISIT_WITH_HINT,Near Ganesh Temple (pin is a guess near this landmark)
AD002348,1058.3,-2743.0,162.09531146828414,baseline_street,VISIT_WITH_HINT,
AD002349,-565.3,-847.2,162.09531146828414,baseline_street,VISIT_WITH_HINT,Near Masjid (about 110 m from pin)
AD002350,-3867.6,-917.6,3710.345440791194,baseline_coarse,VERIFY_FIRST,
AD002351,3433.8,-1644.8,357.82349000589664,landmark,VISIT_WITH_HINT,Near Ganesh Temple (pin is a guess near this landmark)
AD002352,-46.1,2664.5,77.439266525452,visit_1,DIRECT_VISIT,
AD002353,-661.1,221.1,47.85237716143284,visits_agree,DIRECT_VISIT,
AD002354,-2799.4,893.5,357.82349000589664,landmark,VISIT_WITH_HINT,Near Post Office (pin is a guess near this landmark)
AD002355,3049.4,-2157.6,357.82349000589664,landmark,VISIT_WITH_HINT,Near Ration Shop (pin is a guess near this landmark)
AD002356,-2191.2,975.9,3710.345440791194,baseline_coarse,VERIFY_FIRST,
AD002357,1031.3,309.6,387.8348230883865,visits_disagree,VISIT_WITH_HINT,
AD002358,2274.6,1095.5,3710.345440791194,baseline_coarse,VERIFY_FIRST,
AD002359,1650.6,-1605.0,387.8348230883865,visits_disagree,VISIT_WITH_HINT,
AD002360,-541.5,2979.8,3710.345440791194,baseline_coarse,VERIFY_FIRST,
AD002361,331.0,-3084.2,357.82349000589664,landmark,VISIT_WITH_HINT,Near Ganesh Temple (pin is a guess near this landmark)
AD002362,2514.1,-2119.6,47.85237716143284,visits_agree,DIRECT_VISIT,
AD002363,3183.8,-2047.9,3710.345440791194,baseline_coarse,VERIFY_FIRST,
AD002364,2471.8,2057.0,357.82349000589664,landmark,VISIT_WITH_HINT,Near Medical Store (pin is a guess near this landmark)
AD002365,938.1,-632.6,162.09531146828414,baseline_street,VISIT_WITH_HINT,
AD002366,1344.7,-3566.1,3710.345440791194,baseline_coarse,VERIFY_FIRST,
AD002367,2101.2,759.0,387.8348230883865,visits_disagree,VISIT_WITH_HINT,Opposite Park (pin is at this landmark)
AD002368,1251.7,-476.9,162.09531146828414,baseline_street,VISIT_WITH_HINT,
AD002369,-1672.1,-2840.5,3710.345440791194,baseline_coarse,VERIFY_FIRST,
AD002370,-2124.1,1805.2,162.09531146828414,baseline_street,VISIT_WITH_HINT,
AD002371,835.1,-129.4,3710.345440791194,baseline_coarse,VERIFY_FIRST,
AD002372,2890.7,-1617.2,77.439266525452,visit_1,DIRECT_VISIT,
AD002373,-1385.6,-2547.2,162.09531146828414,baseline_street,VISIT_WITH_HINT,
AD002374,2678.6,1602.1,162.09531146828414,baseline_street,VISIT_WITH_HINT,
AD002375,1394.6,-3569.6,162.09531146828414,baseline_street,VISIT_WITH_HINT,
AD002376,-1122.4,327.5,357.82349000589664,landmark,VISIT_WITH_HINT,Near Ganesh Temple (pin is a guess near this landmark)
AD002377,1390.2,-3335.9,3710.345440791194,baseline_coarse,VERIFY_FIRST,
AD002378,-2852.2,992.7,77.439266525452,visit_1,DIRECT_VISIT,Behind Post Office (about 110 m from pin)
AD002380,3060.7,-2420.3,47.85237716143284,visits_agree,DIRECT_VISIT,
AD002381,891.3,-339.7,162.09531146828414,baseline_street,VISIT_WITH_HINT,Beside Park (about 170 m from pin)
AD002382,1241.3,-275.5,162.09531146828414,baseline_street,VISIT_WITH_HINT,
AD002383,-399.6,-3606.8,3710.345440791194,baseline_coarse,VERIFY_FIRST,
AD002384,-517.2,-739.0,3710.345440791194,baseline_coarse,VERIFY_FIRST,
AD002385,-609.3,-752.7,3710.345440791194,baseline_coarse,VERIFY_FIRST,
AD002387,-1646.6,-2357.3,77.439266525452,visit_1,DIRECT_VISIT,Near Masjid (about 60 m from pin)
AD002388,1829.7,-1850.6,3710.345440791194,baseline_coarse,VERIFY_FIRST,
AD002389,42.5,2414.6,3710.345440791194,baseline_coarse,VERIFY_FIRST,
AD002391,-37.5,3542.0,357.82349000589664,landmark,VISIT_WITH_HINT,Near Hanuman Temple (pin is a guess near this landmark)
AD002392,2162.7,1118.7,3710.345440791194,baseline_coarse,VERIFY_FIRST,
AD002393,363.2,-3069.7,387.8348230883865,visits_disagree,VISIT_WITH_HINT,
AD002394,-2026.3,2547.9,357.82349000589664,landmark,VISIT_WITH_HINT,Near Ganesh Temple (pin is a guess near this landmark)
AD002395,-3747.7,-786.6,77.439266525452,visit_1,DIRECT_VISIT,
AD002396,2769.0,-1241.2,3710.345440791194,baseline_coarse,VERIFY_FIRST,
AD002397,-4072.0,-1017.3,357.82349000589664,landmark,VISIT_WITH_HINT,Near Water Tank (pin is a guess near this landmark)
AD002398,678.7,-927.4,77.439266525452,visit_1,DIRECT_VISIT,Opposite Govt School (about 120 m from pin)
AD002399,1167.8,-3506.3,162.09531146828414,baseline_street,VISIT_WITH_HINT,
AD002400,-2541.2,1706.8,3710.345440791194,baseline_coarse,VERIFY_FIRST,
AD002401,619.0,-3491.8,387.8348230883865,visits_disagree,VISIT_WITH_HINT,Near Bus Stop (about 190 m from pin)
AD002402,-236.3,-3862.8,387.8348230883865,visits_disagree,VISIT_WITH_HINT,Behind Ganesh Temple (about 130 m from pin)
AD002403,2330.5,903.0,77.439266525452,visit_1,DIRECT_VISIT,Near Govt School (about 150 m from pin)
AD002404,3073.5,-1966.3,387.8348230883865,visits_disagree,VISIT_WITH_HINT,
AD002405,-957.2,-951.0,162.09531146828414,baseline_street,VISIT_WITH_HINT,
AD002407,3748.5,474.4,3710.345440791194,baseline_coarse,VERIFY_FIRST,
AD002408,-1224.0,26.9,162.09531146828414,baseline_street,VISIT_WITH_HINT,
AD002410,805.6,-676.1,3710.345440791194,baseline_coarse,VERIFY_FIRST,
AD002411,1201.8,-1239.8,77.439266525452,visit_1,DIRECT_VISIT,
AD002412,-2670.7,-129.5,387.8348230883865,visits_disagree,VISIT_WITH_HINT,Near Govt School (about 170 m from pin)
AD002413,3155.8,-2082.4,387.8348230883865,visits_disagree,VISIT_WITH_HINT,
AD002414,2907.6,-1791.0,387.8348230883865,visits_disagree,VISIT_WITH_HINT,
AD002415,-2623.7,-71.8,387.8348230883865,visits_disagree,VISIT_WITH_HINT,Near Govt School (about 120 m from pin)
AD002416,-131.6,-3801.0,387.8348230883865,visits_disagree,VISIT_WITH_HINT,Beside Ganesh Temple (pin is at this landmark)
AD002417,-288.4,-1601.5,357.82349000589664,landmark,VISIT_WITH_HINT,Near Medical Store (pin is a guess near this landmark)
AD002418,1080.6,-1354.2,3710.345440791194,baseline_coarse,VERIFY_FIRST,
AD002419,2769.9,-2321.9,387.8348230883865,visits_disagree,VISIT_WITH_HINT,Behind Hanuman Temple (about 100 m from pin)
AD002421,508.0,-2950.9,3710.345440791194,baseline_coarse,VERIFY_FIRST,
AD002422,644.8,-3711.4,357.82349000589664,landmark,VISIT_WITH_HINT,Near Ration Shop (pin is a guess near this landmark)
AD002423,-2768.3,1382.6,77.439266525452,visit_1,DIRECT_VISIT,
AD002424,-516.2,-3331.9,77.439266525452,visit_1,DIRECT_VISIT,
AD002425,-3787.3,-505.2,162.09531146828414,baseline_street,VISIT_WITH_HINT,Near Community Hall (about 150 m from pin)
AD002427,-309.2,-3515.3,3710.345440791194,baseline_coarse,VERIFY_FIRST,
AD002428,1193.3,-221.1,357.82349000589664,landmark,VISIT_WITH_HINT,Near Bus Stop (pin is a guess near this landmark)
AD002429,2322.2,1169.7,3710.345440791194,baseline_coarse,VERIFY_FIRST,
AD002430,2808.9,-1919.1,162.09531146828414,baseline_street,VISIT_WITH_HINT,
AD002431,2853.8,-1207.7,77.439266525452,visit_1,DIRECT_VISIT,
AD002432,797.1,2497.7,162.09531146828414,baseline_street,VISIT_WITH_HINT,
AD002433,647.5,-2633.2,357.82349000589664,landmark,VISIT_WITH_HINT,Near Medical Store (pin is a guess near this landmark)
AD002434,-2750.1,1316.1,3710.345440791194,baseline_coarse,VERIFY_FIRST,
AD002435,1982.8,-1241.6,357.82349000589664,landmark,VISIT_WITH_HINT,Near Hanuman Temple (pin is a guess near this landmark)
AD002436,574.4,2932.1,162.09531146828414,baseline_street,VISIT_WITH_HINT,
AD002437,1440.8,-1984.6,357.82349000589664,landmark,VISIT_WITH_HINT,Near Church (pin is a guess near this landmark)
AD002438,2843.8,757.1,357.82349000589664,landmark,VISIT_WITH_HINT,Opposite Ration Shop (pin is a guess near this landmark)
AD002439,2843.8,757.1,357.82349000589664,landmark,VISIT_WITH_HINT,Behind Ration Shop (pin is a guess near this landmark)
AD002440,1122.6,-1815.9,47.85237716143284,visits_agree,DIRECT_VISIT,Near Ration Shop (about 90 m from pin)
AD002441,-419.6,-515.2,77.439266525452,visit_1,DIRECT_VISIT,
AD002442,-2687.3,1245.5,3710.345440791194,baseline_coarse,VERIFY_FIRST,
AD002444,-3083.2,1414.7,357.82349000589664,landmark,VISIT_WITH_HINT,Opposite Community Hall (pin is a guess near this landmark)
AD002445,926.9,-812.3,3710.345440791194,baseline_coarse,VERIFY_FIRST,
AD002447,699.4,-912.4,3710.345440791194,baseline_coarse,VERIFY_FIRST,
AD002448,-3748.3,-772.2,77.439266525452,visit_1,DIRECT_VISIT,
AD002449,2083.6,1623.1,357.82349000589664,landmark,VISIT_WITH_HINT,Near Community Hall (pin is a guess near this landmark)
AD002450,1124.4,-231.7,162.09531146828414,baseline_street,VISIT_WITH_HINT,Near Park (about 120 m from pin)
AD002451,-1298.8,259.0,3710.345440791194,baseline_coarse,VERIFY_FIRST,
AD002452,-1278.7,-3243.6,3710.345440791194,baseline_coarse,VERIFY_FIRST,
AD002453,1373.7,-1855.5,77.439266525452,visit_1,DIRECT_VISIT,
AD002454,-2431.1,1469.1,3710.345440791194,baseline_coarse,VERIFY_FIRST,
AD002456,2355.2,-1204.1,162.09531146828414,baseline_street,VISIT_WITH_HINT,
AD002457,2446.7,-1848.0,387.8348230883865,visits_disagree,VISIT_WITH_HINT,
AD002458,1055.4,-3105.4,387.8348230883865,visits_disagree,VISIT_WITH_HINT,Beside Hanuman Temple (about 60 m from pin)
AD002459,1671.9,-2216.6,387.8348230883865,visits_disagree,VISIT_WITH_HINT,Near Medical Store (about 130 m from pin)
AD002461,2504.5,-2326.7,77.439266525452,visit_1,DIRECT_VISIT,Near Masjid (about 190 m from pin)
AD002462,2463.1,-2441.7,77.439266525452,visit_1,DIRECT_VISIT,Near Masjid (about 150 m from pin)
AD002463,708.4,-3319.2,357.82349000589664,landmark,VISIT_WITH_HINT,Near Bus Stop (pin is a guess near this landmark)
AD002464,3192.8,669.8,3710.345440791194,baseline_coarse,VERIFY_FIRST,
AD002465,2086.3,2116.8,3710.345440791194,baseline_coarse,VERIFY_FIRST,
AD002466,1864.7,-2110.4,387.8348230883865,visits_disagree,VISIT_WITH_HINT,
AD002467,2974.3,-2037.7,77.439266525452,visit_1,DIRECT_VISIT,
AD002468,-3045.8,1450.9,387.8348230883865,visits_disagree,VISIT_WITH_HINT,
AD002469,-402.8,3230.6,357.82349000589664,landmark,VISIT_WITH_HINT,Near Water Tank (pin is a guess near this landmark)
AD002470,2661.9,-1811.1,357.82349000589664,landmark,VISIT_WITH_HINT,Near Ration Shop (pin is a guess near this landmark)
AD002471,3407.8,-2353.9,47.85237716143284,visits_agree,DIRECT_VISIT,
AD002472,-3355.4,-1017.5,162.09531146828414,baseline_street,VISIT_WITH_HINT,
AD002473,1673.9,-2049.5,3710.345440791194,baseline_coarse,VERIFY_FIRST,
AD002474,2803.3,831.7,77.439266525452,visit_1,DIRECT_VISIT,Opposite Water Tank (about 70 m from pin)
AD002475,1053.7,1235.7,3710.345440791194,baseline_coarse,VERIFY_FIRST,
AD002476,1388.1,1115.9,357.82349000589664,landmark,VISIT_WITH_HINT,Near Bus Stop (pin is a guess near this landmark)
AD002477,-2418.0,1582.2,3710.345440791194,baseline_coarse,VERIFY_FIRST,
AD002478,-877.9,-530.2,162.09531146828414,baseline_street,VISIT_WITH_HINT,Near Post Office (about 130 m from pin)
AD002479,2791.9,-2113.9,357.82349000589664,landmark,VISIT_WITH_HINT,Near Medical Store (pin is a guess near this landmark)
AD002480,1658.7,-2070.5,77.439266525452,visit_1,DIRECT_VISIT,
AD002481,-3747.7,-773.5,77.439266525452,visit_1,DIRECT_VISIT,
AD002482,5.2,-306.6,3710.345440791194,baseline_coarse,VERIFY_FIRST,
AD002483,783.1,-2773.5,387.8348230883865,visits_disagree,VISIT_WITH_HINT,Behind Community Hall (about 80 m from pin)
AD002484,2869.9,-2197.6,3710.345440791194,baseline_coarse,VERIFY_FIRST,
AD002485,2307.4,-787.4,387.8348230883865,visits_disagree,VISIT_WITH_HINT,
AD002486,3395.3,-1949.4,3710.345440791194,baseline_coarse,VERIFY_FIRST,
AD002487,1170.8,2770.1,77.439266525452,visit_1,DIRECT_VISIT,
AD002488,1006.2,-350.2,47.85237716143284,visits_agree,DIRECT_VISIT,
AD002489,-344.6,-385.0,387.8348230883865,visits_disagree,VISIT_WITH_HINT,Near Milk Dairy (about 120 m from pin)
AD002490,-844.9,-1411.8,47.85237716143284,visits_agree,DIRECT_VISIT,
AD002491,-113.2,2612.6,162.09531146828414,baseline_street,VISIT_WITH_HINT,Behind Community Hall (about 120 m from pin)
AD002492,-1041.1,-304.5,77.439266525452,visit_1,DIRECT_VISIT,
AD002493,-2505.6,-92.4,357.82349000589664,landmark,VISIT_WITH_HINT,Near Govt School (pin is a guess near this landmark)
AD002494,-717.4,-1125.2,387.8348230883865,visits_disagree,VISIT_WITH_HINT,
AD002495,-1911.2,-2128.2,3710.345440791194,baseline_coarse,VERIFY_FIRST,
AD002496,-1114.9,-3404.5,357.82349000589664,landmark,VISIT_WITH_HINT,Near Govt School (pin is a guess near this landmark)
AD002497,-791.9,-718.7,357.82349000589664,landmark,VISIT_WITH_HINT,Near Milk Dairy (pin is a guess near this landmark)
AD002498,1205.6,-3827.8,3710.345440791194,baseline_coarse,VERIFY_FIRST,
AD002499,858.4,2773.5,47.85237716143284,visits_agree,DIRECT_VISIT,Near Govt School (about 190 m from pin)
AD002500,1024.9,1623.8,162.09531146828414,baseline_street,VISIT_WITH_HINT,
AD002501,632.7,3037.8,77.439266525452,visit_1,DIRECT_VISIT,
AD002502,939.4,-3438.0,77.439266525452,visit_1,DIRECT_VISIT,
AD002504,-2280.6,1290.1,47.85237716143284,visits_agree,DIRECT_VISIT,Near Community Hall (about 130 m from pin)
AD002505,2942.8,-2655.8,77.439266525452,visit_1,DIRECT_VISIT,
AD002506,868.1,-869.3,77.439266525452,visit_1,DIRECT_VISIT,
AD002508,271.0,2306.3,3710.345440791194,baseline_coarse,VERIFY_FIRST,
AD002509,-2435.6,-620.9,387.8348230883865,visits_disagree,VISIT_WITH_HINT,Near Masjid (about 90 m from pin)
AD002510,-2781.5,1580.8,77.439266525452,visit_1,DIRECT_VISIT,
AD002511,1950.8,-2070.4,3710.345440791194,baseline_coarse,VERIFY_FIRST,
AD002512,3742.2,532.5,3710.345440791194,baseline_coarse,VERIFY_FIRST,
AD002513,-762.6,-387.1,47.85237716143284,visits_agree,DIRECT_VISIT,
AD002514,748.0,-3276.3,387.8348230883865,visits_disagree,VISIT_WITH_HINT,Near Community Hall (about 200 m from pin)
AD002515,1803.7,-713.0,47.85237716143284,visits_agree,DIRECT_VISIT,
AD002516,492.6,2650.8,357.82349000589664,landmark,VISIT_WITH_HINT,Near Community Hall (pin is a guess near this landmark)
AD002517,984.3,1423.0,3710.345440791194,baseline_coarse,VERIFY_FIRST,
AD002518,-279.3,-3229.4,3710.345440791194,baseline_coarse,VERIFY_FIRST,
AD002519,-245.6,2878.9,77.439266525452,visit_1,DIRECT_VISIT,
AD002520,620.8,-867.2,47.85237716143284,visits_agree,DIRECT_VISIT,
AD002521,1566.4,-2400.1,387.8348230883865,visits_disagree,VISIT_WITH_HINT,
AD002522,-2334.7,-106.6,77.439266525452,visit_1,DIRECT_VISIT,Near Govt School (about 170 m from pin)
AD002523,3101.5,-2232.5,3710.345440791194,baseline_coarse,VERIFY_FIRST,
AD002524,626.7,1703.2,3710.345440791194,baseline_coarse,VERIFY_FIRST,
AD002525,1077.9,2992.7,77.439266525452,visit_1,DIRECT_VISIT,
AD002526,1425.2,-2268.0,387.8348230883865,visits_disagree,VISIT_WITH_HINT,
AD002527,943.4,2702.4,3710.345440791194,baseline_coarse,VERIFY_FIRST,
AD002528,-3004.8,-622.0,77.439266525452,visit_1,DIRECT_VISIT,
AD002529,2028.4,933.3,3710.345440791194,baseline_coarse,VERIFY_FIRST,
AD002530,2834.3,-2275.5,47.85237716143284,visits_agree,DIRECT_VISIT,Opposite Hanuman Temple (about 80 m from pin)
AD002531,1169.2,99.1,387.8348230883865,visits_disagree,VISIT_WITH_HINT,
AD002532,-2593.4,1742.7,387.8348230883865,visits_disagree,VISIT_WITH_HINT,
AD002533,923.2,2845.6,162.09531146828414,baseline_street,VISIT_WITH_HINT,
AD002534,902.8,-40.9,3710.345440791194,baseline_coarse,VERIFY_FIRST,
AD002535,3002.8,1048.3,387.8348230883865,visits_disagree,VISIT_WITH_HINT,
AD002536,2843.3,705.2,162.09531146828414,baseline_street,VISIT_WITH_HINT,Opposite Ration Shop (about 50 m from pin)
AD002537,2747.1,-2402.5,387.8348230883865,visits_disagree,VISIT_WITH_HINT,
AD002539,-2488.6,1258.9,77.439266525452,visit_1,DIRECT_VISIT,
AD002540,2476.3,-1591.7,387.8348230883865,visits_disagree,VISIT_WITH_HINT,
AD002541,1274.6,155.2,387.8348230883865,visits_disagree,VISIT_WITH_HINT,Near Hanuman Temple (about 140 m from pin)
AD002542,3051.1,-2317.6,357.82349000589664,landmark,VISIT_WITH_HINT,Near Milk Dairy (pin is a guess near this landmark)
AD002543,-672.6,-1185.8,3710.345440791194,baseline_coarse,VERIFY_FIRST,
AD002544,617.6,-2751.3,387.8348230883865,visits_disagree,VISIT_WITH_HINT,Opposite Ration Shop (about 70 m from pin)
AD002545,-2557.1,1436.8,77.439266525452,visit_1,DIRECT_VISIT,
AD002546,-2321.2,-436.0,47.85237716143284,visits_agree,DIRECT_VISIT,Opposite Post Office (about 70 m from pin)
AD002547,319.4,1329.5,77.439266525452,visit_1,DIRECT_VISIT,
AD002548,696.5,-2940.3,77.439266525452,visit_1,DIRECT_VISIT,
AD002549,731.9,-1039.8,357.82349000589664,landmark,VISIT_WITH_HINT,Near Govt School (pin is a guess near this landmark)
AD002550,2899.5,554.0,77.439266525452,visit_1,DIRECT_VISIT,
AD002551,3434.6,528.4,387.8348230883865,visits_disagree,VISIT_WITH_HINT,
AD002552,-2216.1,1347.7,47.85237716143284,visits_agree,DIRECT_VISIT,Near Masjid (about 180 m from pin)
AD002553,3202.3,-2117.0,3710.345440791194,baseline_coarse,VERIFY_FIRST,
AD002555,2271.6,-1213.4,47.85237716143284,visits_agree,DIRECT_VISIT,
AD002556,-548.4,-1445.6,357.82349000589664,landmark,VISIT_WITH_HINT,Near Park (pin is a guess near this landmark)
AD002557,1448.4,-3612.2,357.82349000589664,landmark,VISIT_WITH_HINT,Near Medical Store (pin is a guess near this landmark)
AD002558,2403.9,-2167.4,387.8348230883865,visits_disagree,VISIT_WITH_HINT,
AD002559,-1827.1,2485.6,3710.345440791194,baseline_coarse,VERIFY_FIRST,
AD002560,3212.9,712.1,77.439266525452,visit_1,DIRECT_VISIT,
AD002561,-508.0,1565.4,162.09531146828414,baseline_street,VISIT_WITH_HINT,Behind Petrol Bunk (about 150 m from pin)
AD002562,1220.4,-1052.7,387.8348230883865,visits_disagree,VISIT_WITH_HINT,
AD002563,-224.8,-3537.3,162.09531146828414,baseline_street,VISIT_WITH_HINT,
AD002564,-467.5,2907.3,387.8348230883865,visits_disagree,VISIT_WITH_HINT,
AD002565,2639.4,1394.4,162.09531146828414,baseline_street,VISIT_WITH_HINT,
AD002566,-2630.3,-85.4,387.8348230883865,visits_disagree,VISIT_WITH_HINT,
AD002567,-757.6,-506.3,3710.345440791194,baseline_coarse,VERIFY_FIRST,
AD002568,3176.1,345.7,47.85237716143284,visits_agree,DIRECT_VISIT,
AD002569,562.7,2959.4,77.439266525452,visit_1,DIRECT_VISIT,
AD002570,2314.5,1671.1,3710.345440791194,baseline_coarse,VERIFY_FIRST,
AD002571,-2132.8,-2396.2,77.439266525452,visit_1,DIRECT_VISIT,
AD002572,1240.7,1472.2,357.82349000589664,landmark,VISIT_WITH_HINT,Near Medical Store (pin is a guess near this landmark)
AD002573,-2766.1,1133.6,3710.345440791194,baseline_coarse,VERIFY_FIRST,
AD002574,1801.2,-2201.6,47.85237716143284,visits_agree,DIRECT_VISIT,Near Medical Store (about 160 m from pin)
AD002575,2577.3,-1320.1,357.82349000589664,landmark,VISIT_WITH_HINT,Near Water Tank (pin is a guess near this landmark)
AD002576,1446.4,-2345.5,387.8348230883865,visits_disagree,VISIT_WITH_HINT,
AD002577,-402.8,3230.6,357.82349000589664,landmark,VISIT_WITH_HINT,Near Water Tank (pin is a guess near this landmark)
AD002578,-2378.1,1427.1,357.82349000589664,landmark,VISIT_WITH_HINT,Near Masjid (pin is a guess near this landmark)
AD002579,-2014.8,-2592.2,47.85237716143284,visits_agree,DIRECT_VISIT,
AD002580,-1562.1,-2731.0,3710.345440791194,baseline_coarse,VERIFY_FIRST,
AD002581,-472.3,3397.3,3710.345440791194,baseline_coarse,VERIFY_FIRST,
AD002582,-2358.3,1692.1,77.439266525452,visit_1,DIRECT_VISIT,
AD002583,3436.2,573.5,47.85237716143284,visits_agree,DIRECT_VISIT,
AD002584,1445.9,2074.3,3710.345440791194,baseline_coarse,VERIFY_FIRST,
AD002585,2453.4,1323.8,162.09531146828414,baseline_street,VISIT_WITH_HINT,Behind Ration Shop (about 190 m from pin)
AD002586,949.6,-740.0,3710.345440791194,baseline_coarse,VERIFY_FIRST,
AD002587,3237.3,-1897.0,3710.345440791194,baseline_coarse,VERIFY_FIRST,
AD002588,562.0,-3240.9,77.439266525452,visit_1,DIRECT_VISIT,Opposite Bus Stop (about 170 m from pin)
AD002590,-2540.5,-373.6,3710.345440791194,baseline_coarse,VERIFY_FIRST,
AD002591,-946.0,2804.1,162.09531146828414,baseline_street,VISIT_WITH_HINT,
AD002592,3851.8,152.7,3710.345440791194,baseline_coarse,VERIFY_FIRST,
AD002593,2330.0,1220.3,47.85237716143284,visits_agree,DIRECT_VISIT,
AD002594,-1102.5,-1913.9,3710.345440791194,baseline_coarse,VERIFY_FIRST,
AD002595,-478.1,-544.6,3710.345440791194,baseline_coarse,VERIFY_FIRST,
AD002596,-786.0,2769.1,77.439266525452,visit_1,DIRECT_VISIT,Opposite Ration Shop (about 140 m from pin)
AD002598,1268.9,-2044.0,357.82349000589664,landmark,VISIT_WITH_HINT,Behind Milk Dairy (pin is a guess near this landmark)
AD002599,731.9,-1039.8,357.82349000589664,landmark,VISIT_WITH_HINT,Near Govt School (pin is a guess near this landmark)
AD002600,-2847.1,-569.9,357.82349000589664,landmark,VISIT_WITH_HINT,Opposite Bus Stop (pin is a guess near this landmark)
AD002601,1172.7,-79.9,3710.345440791194,baseline_coarse,VERIFY_FIRST,
AD002602,-919.9,-745.9,162.09531146828414,baseline_street,VISIT_WITH_HINT,
AD002603,3732.5,114.5,387.8348230883865,visits_disagree,VISIT_WITH_HINT,
AD002605,-3554.4,-943.4,3710.345440791194,baseline_coarse,VERIFY_FIRST,
AD002606,1223.5,-171.9,387.8348230883865,visits_disagree,VISIT_WITH_HINT,
AD002607,-1916.0,1020.5,3710.345440791194,baseline_coarse,VERIFY_FIRST,
AD002608,-493.4,-1259.8,3710.345440791194,baseline_coarse,VERIFY_FIRST,
AD002609,1100.3,-494.5,47.85237716143284,visits_agree,DIRECT_VISIT,
AD002610,3399.1,-2220.0,162.09531146828414,baseline_street,VISIT_WITH_HINT,Near Park (about 170 m from pin)
AD002611,126.5,1694.7,357.82349000589664,landmark,VISIT_WITH_HINT,Near Water Tank (pin is a guess near this landmark)
AD002612,-1082.4,-3038.7,3710.345440791194,baseline_coarse,VERIFY_FIRST,
AD002613,723.9,-3568.6,77.439266525452,visit_1,DIRECT_VISIT,
AD002614,802.7,-781.9,387.8348230883865,visits_disagree,VISIT_WITH_HINT,
AD002615,1157.3,-3636.6,357.82349000589664,landmark,VISIT_WITH_HINT,Near Water Tank (pin is a guess near this landmark)
AD002616,-563.2,-1389.8,357.82349000589664,landmark,VISIT_WITH_HINT,Opposite Church (pin is a guess near this landmark)
AD002617,-2175.6,1173.5,77.439266525452,visit_1,DIRECT_VISIT,
AD002618,2905.5,-1246.5,77.439266525452,visit_1,DIRECT_VISIT,
AD002619,1031.9,1274.6,3710.345440791194,baseline_coarse,VERIFY_FIRST,
AD002620,-705.3,-705.6,3710.345440791194,baseline_coarse,VERIFY_FIRST,
AD002621,856.1,-3104.2,387.8348230883865,visits_disagree,VISIT_WITH_HINT,
AD002622,-651.2,-773.0,357.82349000589664,landmark,VISIT_WITH_HINT,Near Masjid (pin is a guess near this landmark)
AD002623,2912.9,-1803.3,47.85237716143284,visits_agree,DIRECT_VISIT,
AD002624,524.4,-3479.7,387.8348230883865,visits_disagree,VISIT_WITH_HINT,
AD002626,3131.9,455.5,387.8348230883865,visits_disagree,VISIT_WITH_HINT,
AD002627,395.1,-103.4,3710.345440791194,baseline_coarse,VERIFY_FIRST,
AD002628,729.5,-2968.7,3710.345440791194,baseline_coarse,VERIFY_FIRST,
AD002629,877.2,-3615.8,357.82349000589664,landmark,VISIT_WITH_HINT,Near Hanuman Temple (pin is a guess near this landmark)
AD002631,425.3,-3107.3,162.09531146828414,baseline_street,VISIT_WITH_HINT,
AD002632,723.4,-1185.3,47.85237716143284,visits_agree,DIRECT_VISIT,
AD002633,3182.5,744.3,47.85237716143284,visits_agree,DIRECT_VISIT,
AD002634,270.1,-3296.1,77.439266525452,visit_1,DIRECT_VISIT,
AD002635,3240.6,-2179.1,387.8348230883865,visits_disagree,VISIT_WITH_HINT,
AD002636,-2397.3,1687.6,77.439266525452,visit_1,DIRECT_VISIT,Near Bus Stop (about 120 m from pin)
AD002637,-1093.3,-3238.9,387.8348230883865,visits_disagree,VISIT_WITH_HINT,
AD002638,2460.1,-1195.4,3710.345440791194,baseline_coarse,VERIFY_FIRST,
AD002639,1007.7,2661.1,3710.345440791194,baseline_coarse,VERIFY_FIRST,
AD002640,566.8,-2961.3,162.09531146828414,baseline_street,VISIT_WITH_HINT,Opposite Bus Stop (about 30 m from pin)
AD002641,-2817.9,838.4,387.8348230883865,visits_disagree,VISIT_WITH_HINT,Near Post Office (about 60 m from pin)
AD002642,2744.1,-1552.3,162.09531146828414,baseline_street,VISIT_WITH_HINT,
AD002643,-1102.7,-2213.9,357.82349000589664,landmark,VISIT_WITH_HINT,Near Milk Dairy (pin is a guess near this landmark)
AD002645,2827.5,1014.4,47.85237716143284,visits_agree,DIRECT_VISIT,
AD002647,1650.6,-2080.7,3710.345440791194,baseline_coarse,VERIFY_FIRST,
AD002648,3208.9,-1986.1,3710.345440791194,baseline_coarse,VERIFY_FIRST,
AD002649,-661.1,3190.5,357.82349000589664,landmark,VISIT_WITH_HINT,Near Community Hall (pin is a guess near this landmark)
AD002650,1744.7,-1683.7,47.85237716143284,visits_agree,DIRECT_VISIT,
AD002651,2329.5,-786.5,77.439266525452,visit_1,DIRECT_VISIT,
AD002652,-1004.7,-802.6,47.85237716143284,visits_agree,DIRECT_VISIT,
AD002653,527.6,1498.2,162.09531146828414,baseline_street,VISIT_WITH_HINT,Behind Post Office (about 160 m from pin)
AD002654,3812.5,195.3,77.439266525452,visit_1,DIRECT_VISIT,
AD002655,-2986.9,22.9,387.8348230883865,visits_disagree,VISIT_WITH_HINT,Near Water Tank (about 100 m from pin)
AD002656,-2308.8,2067.8,77.439266525452,visit_1,DIRECT_VISIT,
AD002657,1421.0,-2053.7,3710.345440791194,baseline_coarse,VERIFY_FIRST,
AD002658,-1156.0,-798.4,162.09531146828414,baseline_street,VISIT_WITH_HINT,
AD002659,-813.6,-745.8,3710.345440791194,baseline_coarse,VERIFY_FIRST,
AD002660,-2227.1,-2292.9,3710.345440791194,baseline_coarse,VERIFY_FIRST,
AD002661,1763.9,-1738.1,47.85237716143284,visits_agree,DIRECT_VISIT,
AD002662,-3880.3,-979.9,3710.345440791194,baseline_coarse,VERIFY_FIRST,
AD002663,1589.7,-1884.0,387.8348230883865,visits_disagree,VISIT_WITH_HINT,
AD002664,1220.3,-2391.6,387.8348230883865,visits_disagree,VISIT_WITH_HINT,
AD002665,-137.2,1123.0,77.439266525452,visit_1,DIRECT_VISIT,
AD002666,-1384.9,-1815.1,3710.345440791194,baseline_coarse,VERIFY_FIRST,
AD002667,-1144.9,-634.8,387.8348230883865,visits_disagree,VISIT_WITH_HINT,Near Govt School (about 150 m from pin)
AD002668,-1122.4,327.5,357.82349000589664,landmark,VISIT_WITH_HINT,Near Ganesh Temple (pin is a guess near this landmark)
AD002669,702.0,2596.6,47.85237716143284,visits_agree,DIRECT_VISIT,
AD002670,3149.2,182.1,77.439266525452,visit_1,DIRECT_VISIT,
AD002671,-297.6,1227.1,77.439266525452,visit_1,DIRECT_VISIT,
AD002672,2314.7,1011.9,3710.345440791194,baseline_coarse,VERIFY_FIRST,
AD002673,2643.2,-2319.2,47.85237716143284,visits_agree,DIRECT_VISIT,
AD002674,-1639.8,-541.6,3710.345440791194,baseline_coarse,VERIFY_FIRST,
AD002675,-672.7,3200.4,47.85237716143284,visits_agree,DIRECT_VISIT,Near Community Hall (pin is at this landmark)
AD002676,3674.9,477.7,387.8348230883865,visits_disagree,VISIT_WITH_HINT,Near Ration Shop (about 100 m from pin)
AD002678,-3729.3,-765.3,3710.345440791194,baseline_coarse,VERIFY_FIRST,
AD002680,-2011.6,-1639.1,3710.345440791194,baseline_coarse,VERIFY_FIRST,
AD002681,2718.0,-1711.9,77.439266525452,visit_1,DIRECT_VISIT,
AD002682,628.8,2447.7,162.09531146828414,baseline_street,VISIT_WITH_HINT,
AD002683,1245.4,-2638.1,162.09531146828414,baseline_street,VISIT_WITH_HINT,
AD002684,-2678.2,-543.8,357.82349000589664,landmark,VISIT_WITH_HINT,Near Church (pin is a guess near this landmark)
AD002685,3895.1,604.5,387.8348230883865,visits_disagree,VISIT_WITH_HINT,
AD002687,69.8,2611.7,77.439266525452,visit_1,DIRECT_VISIT,Near Govt School (about 150 m from pin)
AD002688,1782.2,-2311.2,387.8348230883865,visits_disagree,VISIT_WITH_HINT,Beside Medical Store (about 70 m from pin)
AD002689,-1869.6,-2662.9,357.82349000589664,landmark,VISIT_WITH_HINT,Near Govt School (pin is a guess near this landmark)
AD002690,1596.2,-2069.0,47.85237716143284,visits_agree,DIRECT_VISIT,
AD002691,3185.7,-2087.9,387.8348230883865,visits_disagree,VISIT_WITH_HINT,
AD002692,-449.5,-3593.8,3710.345440791194,baseline_coarse,VERIFY_FIRST,
AD002693,-347.0,-84.0,357.82349000589664,landmark,VISIT_WITH_HINT,Opposite Hanuman Temple (pin is a guess near this landmark)
AD002694,2034.3,-1244.0,3710.345440791194,baseline_coarse,VERIFY_FIRST,
AD002695,2913.7,798.0,162.09531146828414,baseline_street,VISIT_WITH_HINT,
AD002696,-2549.8,923.2,387.8348230883865,visits_disagree,VISIT_WITH_HINT,
AD002697,812.7,2152.5,77.439266525452,visit_1,DIRECT_VISIT,Behind Medical Store (about 120 m from pin)
AD002698,-1811.8,1977.4,162.09531146828414,baseline_street,VISIT_WITH_HINT,
AD002699,1179.7,-109.2,3710.345440791194,baseline_coarse,VERIFY_FIRST,
AD002700,-1507.7,-2069.7,162.09531146828414,baseline_street,VISIT_WITH_HINT,
AD002701,801.0,2960.4,77.439266525452,visit_1,DIRECT_VISIT,Near Petrol Bunk (about 170 m from pin)
AD002702,310.1,-3226.4,77.439266525452,visit_1,DIRECT_VISIT,Opposite Ganesh Temple (about 140 m from pin)
AD002703,326.1,-3245.2,162.09531146828414,baseline_street,VISIT_WITH_HINT,
AD002704,911.4,119.6,77.439266525452,visit_1,DIRECT_VISIT,
AD002705,-517.6,2993.4,3710.345440791194,baseline_coarse,VERIFY_FIRST,
AD002706,1212.1,201.9,77.439266525452,visit_1,DIRECT_VISIT,
AD002707,2477.3,-2346.4,387.8348230883865,visits_disagree,VISIT_WITH_HINT,Near Masjid (about 160 m from pin)
AD002708,-1165.7,-633.7,387.8348230883865,visits_disagree,VISIT_WITH_HINT,
AD002709,2436.2,-2363.7,77.439266525452,visit_1,DIRECT_VISIT,Near Masjid (about 120 m from pin)
AD002710,-1138.4,-1991.8,357.82349000589664,landmark,VISIT_WITH_HINT,Near Ganesh Temple (pin is a guess near this landmark)
AD002711,1196.3,-3175.5,387.8348230883865,visits_disagree,VISIT_WITH_HINT,
AD002712,-751.8,-3724.1,387.8348230883865,visits_disagree,VISIT_WITH_HINT,
AD002713,-2522.1,-154.3,3710.345440791194,baseline_coarse,VERIFY_FIRST,
AD002714,3095.0,-1966.2,3710.345440791194,baseline_coarse,VERIFY_FIRST,
AD002715,587.3,-3000.1,3710.345440791194,baseline_coarse,VERIFY_FIRST,
AD002716,-1166.5,-2153.3,3710.345440791194,baseline_coarse,VERIFY_FIRST,
AD002717,2512.3,-1035.3,3710.345440791194,baseline_coarse,VERIFY_FIRST,
AD002718,-335.5,3119.5,3710.345440791194,baseline_coarse,VERIFY_FIRST,
AD002719,-730.6,-469.9,3710.345440791194,baseline_coarse,VERIFY_FIRST,
AD002720,-435.4,-3668.1,387.8348230883865,visits_disagree,VISIT_WITH_HINT,Near Masjid (about 80 m from pin)
AD002721,-1990.6,2387.0,3710.345440791194,baseline_coarse,VERIFY_FIRST,
AD002722,-730.1,-3768.2,77.439266525452,visit_1,DIRECT_VISIT,
AD002723,-1185.5,-2718.2,387.8348230883865,visits_disagree,VISIT_WITH_HINT,
AD002724,-1899.2,-3178.6,77.439266525452,visit_1,DIRECT_VISIT,
AD002725,748.1,2560.2,3710.345440791194,baseline_coarse,VERIFY_FIRST,
AD002726,987.2,1171.2,3710.345440791194,baseline_coarse,VERIFY_FIRST,
AD002727,823.7,159.2,77.439266525452,visit_1,DIRECT_VISIT,
AD002728,774.3,3009.0,47.85237716143284,visits_agree,DIRECT_VISIT,Near Petrol Bunk (about 160 m from pin)
AD002729,277.1,2254.7,3710.345440791194,baseline_coarse,VERIFY_FIRST,
AD002730,1286.5,688.5,77.439266525452,visit_1,DIRECT_VISIT,
AD002731,850.8,1611.3,387.8348230883865,visits_disagree,VISIT_WITH_HINT,
AD002732,-128.5,1670.7,357.82349000589664,landmark,VISIT_WITH_HINT,Near Govt School (pin is a guess near this landmark)
AD002733,790.6,2881.0,3710.345440791194,baseline_coarse,VERIFY_FIRST,
AD002734,1033.1,2638.9,3710.345440791194,baseline_coarse,VERIFY_FIRST,
AD002735,3550.6,125.9,387.8348230883865,visits_disagree,VISIT_WITH_HINT,
AD002736,1105.5,-3758.9,3710.345440791194,baseline_coarse,VERIFY_FIRST,
AD002737,3607.2,167.7,47.85237716143284,visits_agree,DIRECT_VISIT,
AD002738,-1287.0,-45.0,357.82349000589664,landmark,VISIT_WITH_HINT,Near Medical Store (pin is a guess near this landmark)
AD002739,603.1,-747.9,357.82349000589664,landmark,VISIT_WITH_HINT,Behind Bus Stop (pin is a guess near this landmark)
AD002740,-3082.3,1063.6,3710.345440791194,baseline_coarse,VERIFY_FIRST,
AD002741,743.8,-130.6,77.439266525452,visit_1,DIRECT_VISIT,
AD002742,647.5,-2633.2,357.82349000589664,landmark,VISIT_WITH_HINT,Opposite Medical Store (pin is a guess near this landmark)
AD002743,-1138.4,-1991.8,357.82349000589664,landmark,VISIT_WITH_HINT,Near Ganesh Temple (pin is a guess near this landmark)
AD002744,2155.6,890.5,47.85237716143284,visits_agree,DIRECT_VISIT,
AD002746,2739.7,-2130.3,357.82349000589664,landmark,VISIT_WITH_HINT,Near Park (pin is a guess near this landmark)
AD002748,1172.2,-1902.1,387.8348230883865,visits_disagree,VISIT_WITH_HINT,
AD002749,-1000.9,-804.8,77.439266525452,visit_1,DIRECT_VISIT,
AD002750,603.1,2900.1,77.439266525452,visit_1,DIRECT_VISIT,
AD002751,3089.4,447.0,387.8348230883865,visits_disagree,VISIT_WITH_HINT,
AD002752,1388.1,1115.9,357.82349000589664,landmark,VISIT_WITH_HINT,Opposite Bus Stop (pin is a guess near this landmark)
AD002753,3788.5,411.2,357.82349000589664,landmark,VISIT_WITH_HINT,Near Bus Stop (pin is a guess near this landmark)
AD002754,-580.1,3135.0,3710.345440791194,baseline_coarse,VERIFY_FIRST,
AD002755,-3818.7,-1055.2,77.439266525452,visit_1,DIRECT_VISIT,Near Hanuman Temple (about 170 m from pin)
AD002756,-2542.9,1412.2,47.85237716143284,visits_agree,DIRECT_VISIT,Near Bus Stop (about 190 m from pin)
AD002757,2395.0,-2151.1,47.85237716143284,visits_agree,DIRECT_VISIT,
AD002758,-2657.2,-346.2,3710.345440791194,baseline_coarse,VERIFY_FIRST,
AD002759,1162.0,-3599.7,3710.345440791194,baseline_coarse,VERIFY_FIRST,
AD002760,-460.7,-3589.7,357.82349000589664,landmark,VISIT_WITH_HINT,Near Masjid (pin is a guess near this landmark)
AD002761,-3570.0,-723.9,3710.345440791194,baseline_coarse,VERIFY_FIRST,
AD002762,-1243.8,57.2,77.439266525452,visit_1,DIRECT_VISIT,Near Medical Store (about 110 m from pin)
AD002763,1788.2,-2199.6,47.85237716143284,visits_agree,DIRECT_VISIT,
AD002764,739.8,-3457.8,387.8348230883865,visits_disagree,VISIT_WITH_HINT,
AD002765,895.5,-469.7,77.439266525452,visit_1,DIRECT_VISIT,
AD002766,2778.0,-1911.2,47.85237716143284,visits_agree,DIRECT_VISIT,
AD002767,-2341.5,1549.1,3710.345440791194,baseline_coarse,VERIFY_FIRST,
AD002768,46.1,-3341.5,162.09531146828414,baseline_street,VISIT_WITH_HINT,
AD002769,487.1,1792.8,3710.345440791194,baseline_coarse,VERIFY_FIRST,
AD002770,-1750.0,-2878.3,3710.345440791194,baseline_coarse,VERIFY_FIRST,
AD002771,2584.4,-2376.9,387.8348230883865,visits_disagree,VISIT_WITH_HINT,
AD002772,2534.6,-930.3,387.8348230883865,visits_disagree,VISIT_WITH_HINT,
AD002773,-978.5,-3155.4,3710.345440791194,baseline_coarse,VERIFY_FIRST,
AD002774,1155.3,-34.8,3710.345440791194,baseline_coarse,VERIFY_FIRST,
AD002775,693.3,-2951.2,3710.345440791194,baseline_coarse,VERIFY_FIRST,
AD002776,-902.0,-1869.6,3710.345440791194,baseline_coarse,VERIFY_FIRST,
AD002777,982.9,751.3,162.09531146828414,baseline_street,VISIT_WITH_HINT,
AD002778,-542.4,2993.3,77.439266525452,visit_1,DIRECT_VISIT,Near Church (about 180 m from pin)
AD002779,-2184.5,-2407.6,357.82349000589664,landmark,VISIT_WITH_HINT,Near Govt School (pin is a guess near this landmark)
AD002781,2689.0,-2009.5,3710.345440791194,baseline_coarse,VERIFY_FIRST,
AD002782,1293.0,-3742.6,3710.345440791194,baseline_coarse,VERIFY_FIRST,
AD002783,2870.3,-2346.1,357.82349000589664,landmark,VISIT_WITH_HINT,Near Hanuman Temple (pin is a guess near this landmark)
AD002784,-651.2,-773.0,357.82349000589664,landmark,VISIT_WITH_HINT,Opposite Masjid (pin is a guess near this landmark)
AD002785,3262.4,-1994.0,3710.345440791194,baseline_coarse,VERIFY_FIRST,
AD002786,-2878.1,1621.2,357.82349000589664,landmark,VISIT_WITH_HINT,Near Milk Dairy (pin is a guess near this landmark)
AD002787,557.0,-3284.0,3710.345440791194,baseline_coarse,VERIFY_FIRST,
AD002788,578.8,2597.4,77.439266525452,visit_1,DIRECT_VISIT,Opposite Community Hall (about 100 m from pin)
AD002789,-2448.2,1701.0,3710.345440791194,baseline_coarse,VERIFY_FIRST,
AD002791,2973.6,-2050.6,77.439266525452,visit_1,DIRECT_VISIT,
AD002792,-1053.9,932.7,77.439266525452,visit_1,DIRECT_VISIT,Near Masjid (about 70 m from pin)
AD002793,-836.7,-126.2,77.439266525452,visit_1,DIRECT_VISIT,
AD002794,1630.4,-2310.6,387.8348230883865,visits_disagree,VISIT_WITH_HINT,Near Medical Store (about 100 m from pin)
AD002795,289.0,2439.4,3710.345440791194,baseline_coarse,VERIFY_FIRST,
AD002796,848.7,3205.0,387.8348230883865,visits_disagree,VISIT_WITH_HINT,
AD002798,1344.8,2753.9,47.85237716143284,visits_agree,DIRECT_VISIT,
AD002799,3483.6,-21.5,47.85237716143284,visits_agree,DIRECT_VISIT,
AD002800,-3996.9,-1034.7,162.09531146828414,baseline_street,VISIT_WITH_HINT,Near Hanuman Temple (about 50 m from pin)
AD002801,-751.8,-1700.8,47.85237716143284,visits_agree,DIRECT_VISIT,
AD002802,695.6,-2790.3,47.85237716143284,visits_agree,DIRECT_VISIT,Opposite Ration Shop (pin is at this landmark)
AD002803,-85.8,-1467.4,357.82349000589664,landmark,VISIT_WITH_HINT,Behind Ganesh Temple (pin is a guess near this landmark)
AD002804,-572.1,3027.8,3710.345440791194,baseline_coarse,VERIFY_FIRST,
AD002806,2866.0,-1819.5,47.85237716143284,visits_agree,DIRECT_VISIT,
AD002807,1594.5,-1005.6,77.439266525452,visit_1,DIRECT_VISIT,
AD002808,2797.2,-2257.9,387.8348230883865,visits_disagree,VISIT_WITH_HINT,
AD002809,2175.8,-927.8,47.85237716143284,visits_agree,DIRECT_VISIT,Behind Park (about 40 m from pin)
AD002811,-758.4,2718.7,77.439266525452,visit_1,DIRECT_VISIT,
AD002812,-1046.4,-1002.5,387.8348230883865,visits_disagree,VISIT_WITH_HINT,
AD002813,-1067.8,173.3,77.439266525452,visit_1,DIRECT_VISIT,Near Ganesh Temple (about 160 m from pin)
AD002814,-876.9,-3557.3,47.85237716143284,visits_agree,DIRECT_VISIT,
AD002815,1681.8,-2023.3,3710.345440791194,baseline_coarse,VERIFY_FIRST,
AD002816,-1400.0,2521.1,3710.345440791194,baseline_coarse,VERIFY_FIRST,
AD002817,871.8,-795.5,3710.345440791194,baseline_coarse,VERIFY_FIRST,
AD002818,689.1,2363.1,77.439266525452,visit_1,DIRECT_VISIT,
AD002819,1332.3,-909.1,387.8348230883865,visits_disagree,VISIT_WITH_HINT,Opposite Medical Store (about 40 m from pin)
AD002820,1922.7,-1912.3,387.8348230883865,visits_disagree,VISIT_WITH_HINT,
AD002821,1311.9,-2242.2,387.8348230883865,visits_disagree,VISIT_WITH_HINT,
AD002822,958.5,-475.7,162.09531146828414,baseline_street,VISIT_WITH_HINT,
AD002823,-1505.6,-2989.9,3710.345440791194,baseline_coarse,VERIFY_FIRST,
AD002824,1097.3,2655.1,357.82349000589664,landmark,VISIT_WITH_HINT,Opposite Bus Stop (pin is a guess near this landmark)
AD002825,745.8,-3140.7,47.85237716143284,visits_agree,DIRECT_VISIT,
AD002826,33.6,1599.8,3710.345440791194,baseline_coarse,VERIFY_FIRST,Near Water Tank (about 130 m from pin)
AD002827,-980.0,311.6,3710.345440791194,baseline_coarse,VERIFY_FIRST,
AD002828,-2987.9,726.1,77.439266525452,visit_1,DIRECT_VISIT,Near Ganesh Temple (about 190 m from pin)
AD002829,-2388.8,-113.8,77.439266525452,visit_1,DIRECT_VISIT,
AD002830,3469.5,-2083.9,357.82349000589664,landmark,VISIT_WITH_HINT,Near Water Tank (pin is a guess near this landmark)
AD002831,940.8,2546.9,357.82349000589664,landmark,VISIT_WITH_HINT,Near Ration Shop (pin is a guess near this landmark)
AD002832,2692.6,-1033.3,47.85237716143284,visits_agree,DIRECT_VISIT,
AD002833,-191.9,1344.9,77.439266525452,visit_1,DIRECT_VISIT,
AD002834,1504.4,1737.4,3710.345440791194,baseline_coarse,VERIFY_FIRST,
AD002835,2757.5,-2266.5,3710.345440791194,baseline_coarse,VERIFY_FIRST,
AD002836,1514.7,-1545.0,3710.345440791194,baseline_coarse,VERIFY_FIRST,
AD002837,-1475.9,764.5,357.82349000589664,landmark,VISIT_WITH_HINT,Near Community Hall (pin is a guess near this landmark)
AD002838,2783.3,-1094.2,162.09531146828414,baseline_street,VISIT_WITH_HINT,
AD002839,-353.8,-431.3,3710.345440791194,baseline_coarse,VERIFY_FIRST,
AD002840,1037.0,-227.0,3710.345440791194,baseline_coarse,VERIFY_FIRST,
AD002841,2379.6,-621.7,47.85237716143284,visits_agree,DIRECT_VISIT,
AD002842,-897.0,27.2,77.439266525452,visit_1,DIRECT_VISIT,
AD002843,-125.2,-570.8,162.09531146828414,baseline_street,VISIT_WITH_HINT,
AD002844,675.0,-3131.9,3710.345440791194,baseline_coarse,VERIFY_FIRST,
AD002845,-2278.0,-2775.7,162.09531146828414,baseline_street,VISIT_WITH_HINT,
AD002846,2543.2,1074.8,3710.345440791194,baseline_coarse,VERIFY_FIRST,
AD002847,1365.9,-882.5,357.82349000589664,landmark,VISIT_WITH_HINT,Opposite Medical Store (pin is a guess near this landmark)
AD002848,976.0,-821.9,387.8348230883865,visits_disagree,VISIT_WITH_HINT,
AD002849,1711.7,-2359.0,387.8348230883865,visits_disagree,VISIT_WITH_HINT,Opposite Medical Store (pin is at this landmark)
AD002850,665.4,2976.9,162.09531146828414,baseline_street,VISIT_WITH_HINT,
AD002851,-569.8,-390.2,162.09531146828414,baseline_street,VISIT_WITH_HINT,
AD002852,-327.3,2839.8,77.439266525452,visit_1,DIRECT_VISIT,
AD002853,-72.9,1583.9,3710.345440791194,baseline_coarse,VERIFY_FIRST,
AD002854,1440.8,-1984.6,357.82349000589664,landmark,VISIT_WITH_HINT,Near Church (pin is a guess near this landmark)
AD002855,2627.8,962.2,357.82349000589664,landmark,VISIT_WITH_HINT,Near Masjid (pin is a guess near this landmark)
AD002856,1713.9,-1796.4,3710.345440791194,baseline_coarse,VERIFY_FIRST,
AD002857,1010.0,-874.3,3710.345440791194,baseline_coarse,VERIFY_FIRST,
AD002858,1153.8,-2873.8,387.8348230883865,visits_disagree,VISIT_WITH_HINT,
AD002859,947.7,2897.3,3710.345440791194,baseline_coarse,VERIFY_FIRST,
AD002860,3771.7,597.6,3710.345440791194,baseline_coarse,VERIFY_FIRST,
AD002861,140.0,2571.7,77.439266525452,visit_1,DIRECT_VISIT,Near Govt School (about 150 m from pin)
AD002862,3390.7,-1916.5,77.439266525452,visit_1,DIRECT_VISIT,Near Masjid (about 40 m from pin)
AD002863,-409.1,-3408.0,3710.345440791194,baseline_coarse,VERIFY_FIRST,
AD002864,-689.1,-3257.6,77.439266525452,visit_1,DIRECT_VISIT,Opposite Hanuman Temple (about 120 m from pin)
AD002865,-3036.3,-257.3,77.439266525452,visit_1,DIRECT_VISIT,
AD002866,4012.4,652.7,77.439266525452,visit_1,DIRECT_VISIT,
AD002867,-2344.4,1721.4,47.85237716143284,visits_agree,DIRECT_VISIT,
AD002868,-640.3,-1408.3,3710.345440791194,baseline_coarse,VERIFY_FIRST,
AD002869,-853.4,-708.6,357.82349000589664,landmark,VISIT_WITH_HINT,Behind Ration Shop (pin is a guess near this landmark)
AD002870,1498.0,-2257.7,387.8348230883865,visits_disagree,VISIT_WITH_HINT,
AD002871,913.8,-1116.8,162.09531146828414,baseline_street,VISIT_WITH_HINT,
AD002872,3278.2,285.8,387.8348230883865,visits_disagree,VISIT_WITH_HINT,
AD002873,-2678.2,-543.8,357.82349000589664,landmark,VISIT_WITH_HINT,Near Church (pin is a guess near this landmark)
AD002874,3716.2,548.1,3710.345440791194,baseline_coarse,VERIFY_FIRST,
AD002875,1387.0,260.8,387.8348230883865,visits_disagree,VISIT_WITH_HINT,
AD002876,740.2,-3077.2,357.82349000589664,landmark,VISIT_WITH_HINT,Near Community Hall (pin is a guess near this landmark)
AD002877,-629.9,-482.0,77.439266525452,visit_1,DIRECT_VISIT,
AD002878,2467.5,-710.3,47.85237716143284,visits_agree,DIRECT_VISIT,
AD002879,2512.4,-1304.3,3710.345440791194,baseline_coarse,VERIFY_FIRST,
AD002880,-435.2,2942.3,47.85237716143284,visits_agree,DIRECT_VISIT,
AD002881,1983.5,1458.4,3710.345440791194,baseline_coarse,VERIFY_FIRST,
AD002882,1202.9,-308.0,47.85237716143284,visits_agree,DIRECT_VISIT,
AD002883,686.8,-2860.7,3710.345440791194,baseline_coarse,VERIFY_FIRST,
AD002884,-328.9,-3349.3,77.439266525452,visit_1,DIRECT_VISIT,
AD002886,508.5,-3008.0,3710.345440791194,baseline_coarse,VERIFY_FIRST,
AD002887,2627.8,962.2,357.82349000589664,landmark,VISIT_WITH_HINT,Near Masjid (pin is a guess near this landmark)
AD002888,2908.5,940.9,357.82349000589664,landmark,VISIT_WITH_HINT,Near Ration Shop (pin is a guess near this landmark)
AD002889,4086.9,111.0,387.8348230883865,visits_disagree,VISIT_WITH_HINT,
AD002890,-2375.0,1242.0,77.439266525452,visit_1,DIRECT_VISIT,
AD002891,526.1,-937.1,47.85237716143284,visits_agree,DIRECT_VISIT,
AD002892,-2359.3,1492.0,3710.345440791194,baseline_coarse,VERIFY_FIRST,
AD002893,1722.9,-2340.4,357.82349000589664,landmark,VISIT_WITH_HINT,Near Medical Store (pin is a guess near this landmark)
AD002894,431.5,1548.7,357.82349000589664,landmark,VISIT_WITH_HINT,Near Bus Stop (pin is a guess near this landmark)
AD002896,1021.0,-657.4,387.8348230883865,visits_disagree,VISIT_WITH_HINT,
AD002898,-408.9,-3529.5,3710.345440791194,baseline_coarse,VERIFY_FIRST,
AD002899,3064.9,575.3,3710.345440791194,baseline_coarse,VERIFY_FIRST,
AD002900,3238.8,-2095.0,3710.345440791194,baseline_coarse,VERIFY_FIRST,
AD002901,854.2,-1179.2,387.8348230883865,visits_disagree,VISIT_WITH_HINT,
AD002902,-283.8,3266.7,3710.345440791194,baseline_coarse,VERIFY_FIRST,
AD002903,-2251.1,1647.0,47.85237716143284,visits_agree,DIRECT_VISIT,
AD002904,2840.0,-2034.1,3710.345440791194,baseline_coarse,VERIFY_FIRST,
AD002905,802.7,-800.0,3710.345440791194,baseline_coarse,VERIFY_FIRST,
AD002906,-346.6,-661.3,77.439266525452,visit_1,DIRECT_VISIT,
AD002907,940.8,2546.9,357.82349000589664,landmark,VISIT_WITH_HINT,Near Ration Shop (pin is a guess near this landmark)
AD002908,2637.8,-2240.0,162.09531146828414,baseline_street,VISIT_WITH_HINT,
AD002910,-622.1,-1083.7,3710.345440791194,baseline_coarse,VERIFY_FIRST,
AD002911,2896.6,-2205.0,387.8348230883865,visits_disagree,VISIT_WITH_HINT,Behind Community Hall (about 130 m from pin)
AD002912,2340.3,423.9,387.8348230883865,visits_disagree,VISIT_WITH_HINT,
AD002913,-491.4,1504.2,77.439266525452,visit_1,DIRECT_VISIT,
AD002914,-590.4,-1779.8,77.439266525452,visit_1,DIRECT_VISIT,
AD002915,-214.4,-209.1,357.82349000589664,landmark,VISIT_WITH_HINT,Near Bus Stop (pin is a guess near this landmark)
AD002916,-345.6,-3806.0,47.85237716143284,visits_agree,DIRECT_VISIT,
AD002917,-834.6,-2978.5,357.82349000589664,landmark,VISIT_WITH_HINT,Near Church (pin is a guess near this landmark)
AD002918,2739.7,-2130.3,357.82349000589664,landmark,VISIT_WITH_HINT,Near Park (pin is a guess near this landmark)
AD002920,2745.4,-2558.5,47.85237716143284,visits_agree,DIRECT_VISIT,
AD002921,-2569.0,1614.1,3710.345440791194,baseline_coarse,VERIFY_FIRST,
AD002922,780.4,-2699.9,387.8348230883865,visits_disagree,VISIT_WITH_HINT,
AD002923,2742.8,-2135.6,3710.345440791194,baseline_coarse,VERIFY_FIRST,
AD002924,1722.7,-1104.1,3710.345440791194,baseline_coarse,VERIFY_FIRST,
AD002925,2615.8,-1936.4,47.85237716143284,visits_agree,DIRECT_VISIT,
AD002926,-3529.2,-882.9,3710.345440791194,baseline_coarse,VERIFY_FIRST,
AD002927,-2185.5,-662.3,3710.345440791194,baseline_coarse,VERIFY_FIRST,
AD002928,1168.3,-3166.2,47.85237716143284,visits_agree,DIRECT_VISIT,
AD002929,1092.3,-419.8,357.82349000589664,landmark,VISIT_WITH_HINT,Near Hanuman Temple (pin is a guess near this landmark)
AD002930,-570.9,3061.4,3710.345440791194,baseline_coarse,VERIFY_FIRST,
AD002931,2587.3,-1334.5,3710.345440791194,baseline_coarse,VERIFY_FIRST,
AD002932,-628.6,-3460.1,387.8348230883865,visits_disagree,VISIT_WITH_HINT,Opposite Hanuman Temple (about 90 m from pin)
AD002933,912.7,-712.3,387.8348230883865,visits_disagree,VISIT_WITH_HINT,
AD002934,1516.3,-2047.5,3710.345440791194,baseline_coarse,VERIFY_FIRST,
AD002935,-268.3,-3571.6,3710.345440791194,baseline_coarse,VERIFY_FIRST,
AD002936,1136.1,2977.6,47.85237716143284,visits_agree,DIRECT_VISIT,
AD002938,2123.4,979.5,47.85237716143284,visits_agree,DIRECT_VISIT,
AD002939,-2240.9,1633.7,3710.345440791194,baseline_coarse,VERIFY_FIRST,
AD002940,-519.4,-1252.3,3710.345440791194,baseline_coarse,VERIFY_FIRST,
AD002941,560.3,-2950.9,3710.345440791194,baseline_coarse,VERIFY_FIRST,
AD002942,1273.7,1633.5,162.09531146828414,baseline_street,VISIT_WITH_HINT,
AD002943,-2344.3,-89.0,77.439266525452,visit_1,DIRECT_VISIT,
AD002944,-2429.0,-265.2,3710.345440791194,baseline_coarse,VERIFY_FIRST,
AD002945,2958.1,214.7,357.82349000589664,landmark,VISIT_WITH_HINT,Near Community Hall (pin is a guess near this landmark)
AD002947,1096.1,137.7,3710.345440791194,baseline_coarse,VERIFY_FIRST,
AD002948,2430.7,-1073.0,3710.345440791194,baseline_coarse,VERIFY_FIRST,
AD002949,1126.2,-65.1,3710.345440791194,baseline_coarse,VERIFY_FIRST,
AD002950,-1008.5,-3226.7,3710.345440791194,baseline_coarse,VERIFY_FIRST,
AD002952,1631.8,-800.8,357.82349000589664,landmark,VISIT_WITH_HINT,Near Milk Dairy (pin is a guess near this landmark)
AD002953,2417.7,-1777.4,387.8348230883865,visits_disagree,VISIT_WITH_HINT,
AD002954,-1121.2,-3036.6,3710.345440791194,baseline_coarse,VERIFY_FIRST,
AD002955,1954.8,-1804.7,3710.345440791194,baseline_coarse,VERIFY_FIRST,
AD002956,-3051.8,-203.1,47.85237716143284,visits_agree,DIRECT_VISIT,
AD002957,528.6,-2959.5,3710.345440791194,baseline_coarse,VERIFY_FIRST,
AD002958,1758.6,1911.0,3710.345440791194,baseline_coarse,VERIFY_FIRST,
AD002959,-2450.1,-543.1,387.8348230883865,visits_disagree,VISIT_WITH_HINT,Opposite Masjid (about 30 m from pin)
AD002960,-432.7,-3506.1,162.09531146828414,baseline_street,VISIT_WITH_HINT,
AD002961,1002.9,2713.9,3710.345440791194,baseline_coarse,VERIFY_FIRST,
AD002962,978.6,3133.7,47.85237716143284,visits_agree,DIRECT_VISIT,
AD002964,-2701.3,1925.4,47.85237716143284,visits_agree,DIRECT_VISIT,
AD002965,-700.0,-1242.5,3710.345440791194,baseline_coarse,VERIFY_FIRST,
AD002966,415.9,2576.6,47.85237716143284,visits_agree,DIRECT_VISIT,Opposite Community Hall (about 110 m from pin)
AD002967,-1249.1,11.5,387.8348230883865,visits_disagree,VISIT_WITH_HINT,Near Medical Store (about 70 m from pin)
AD002968,3937.3,724.0,47.85237716143284,visits_agree,DIRECT_VISIT,
AD002969,1007.5,-3914.8,3710.345440791194,baseline_coarse,VERIFY_FIRST,
AD002970,-1239.1,-2298.0,357.82349000589664,landmark,VISIT_WITH_HINT,Near Church (pin is a guess near this landmark)
AD002971,2048.1,-1324.2,357.82349000589664,landmark,VISIT_WITH_HINT,Behind Masjid (pin is a guess near this landmark)
AD002972,2083.6,1623.1,357.82349000589664,landmark,VISIT_WITH_HINT,Near Community Hall (pin is a guess near this landmark)
AD002973,1160.8,-2170.3,387.8348230883865,visits_disagree,VISIT_WITH_HINT,Near Govt School (about 130 m from pin)
AD002974,1440.8,-1984.6,357.82349000589664,landmark,VISIT_WITH_HINT,Near Church (pin is a guess near this landmark)
AD002975,2343.2,1984.5,3710.345440791194,baseline_coarse,VERIFY_FIRST,
AD002976,1385.4,-1659.8,77.439266525452,visit_1,DIRECT_VISIT,
AD002977,-2660.8,-495.1,47.85237716143284,visits_agree,DIRECT_VISIT,
AD002978,2870.3,-2346.1,357.82349000589664,landmark,VISIT_WITH_HINT,Near Hanuman Temple (pin is a guess near this landmark)
AD002979,1372.1,175.3,47.85237716143284,visits_agree,DIRECT_VISIT,Behind Govt School (about 160 m from pin)
AD002980,671.1,-3184.1,3710.345440791194,baseline_coarse,VERIFY_FIRST,
AD002981,3925.0,539.3,47.85237716143284,visits_agree,DIRECT_VISIT,
AD002982,3058.5,-2334.6,47.85237716143284,visits_agree,DIRECT_VISIT,Opposite Milk Dairy (pin is at this landmark)
AD002983,-2772.5,907.4,387.8348230883865,visits_disagree,VISIT_WITH_HINT,
AD002984,823.3,2671.5,3710.345440791194,baseline_coarse,VERIFY_FIRST,
AD002986,3868.6,78.8,77.439266525452,visit_1,DIRECT_VISIT,
AD002987,849.3,-3448.1,77.439266525452,visit_1,DIRECT_VISIT,
AD002988,3132.5,-2420.1,77.439266525452,visit_1,DIRECT_VISIT,
AD002989,-2628.9,1730.9,77.439266525452,visit_1,DIRECT_VISIT,
AD002990,-909.1,-60.3,77.439266525452,visit_1,DIRECT_VISIT,
AD002991,2540.9,-2207.9,47.85237716143284,visits_agree,DIRECT_VISIT,
AD002992,-651.2,-773.0,357.82349000589664,landmark,VISIT_WITH_HINT,Near Masjid (pin is a guess near this landmark)
AD002993,293.9,-2746.9,47.85237716143284,visits_agree,DIRECT_VISIT,Opposite Hanuman Temple (about 120 m from pin)
AD002994,-2018.6,-2173.4,357.82349000589664,landmark,VISIT_WITH_HINT,Near Bus Stop (pin is a guess near this landmark)
AD002995,1011.3,240.1,77.439266525452,visit_1,DIRECT_VISIT,
AD002996,-755.7,-1529.2,47.85237716143284,visits_agree,DIRECT_VISIT,
AD002997,2890.7,-2022.4,47.85237716143284,visits_agree,DIRECT_VISIT,
AD002999,-1168.0,3189.9,162.09531146828414,baseline_street,VISIT_WITH_HINT,
AD003000,1089.4,-153.9,3710.345440791194,baseline_coarse,VERIFY_FIRST,
AD003002,1749.4,-1897.5,77.439266525452,visit_1,DIRECT_VISIT,
AD003003,1508.7,-1034.7,3710.345440791194,baseline_coarse,VERIFY_FIRST,
AD003004,2992.2,-2512.6,387.8348230883865,visits_disagree,VISIT_WITH_HINT,
AD003005,-1401.7,-2364.6,3710.345440791194,baseline_coarse,VERIFY_FIRST,
AD003006,490.6,-3208.3,3710.345440791194,baseline_coarse,VERIFY_FIRST,
AD003007,894.0,2754.0,77.439266525452,visit_1,DIRECT_VISIT,Near Govt School (about 170 m from pin)
AD003008,1397.8,-82.2,77.439266525452,visit_1,DIRECT_VISIT,
AD003009,-261.0,3381.3,162.09531146828414,baseline_street,VISIT_WITH_HINT,
AD003010,-1120.2,-3088.2,387.8348230883865,visits_disagree,VISIT_WITH_HINT,
AD003011,1679.8,-409.5,77.439266525452,visit_1,DIRECT_VISIT,
AD003012,-664.8,-3831.5,47.85237716143284,visits_agree,DIRECT_VISIT,
AD003013,1507.7,-2474.8,387.8348230883865,visits_disagree,VISIT_WITH_HINT,
AD003014,3311.4,640.9,387.8348230883865,visits_disagree,VISIT_WITH_HINT,
AD003015,975.6,2461.3,387.8348230883865,visits_disagree,VISIT_WITH_HINT,Opposite Ration Shop (about 90 m from pin)
AD003016,2443.0,633.3,387.8348230883865,visits_disagree,VISIT_WITH_HINT,
AD003017,2578.6,-1291.4,3710.345440791194,baseline_coarse,VERIFY_FIRST,
AD003018,1213.8,2524.6,357.82349000589664,landmark,VISIT_WITH_HINT,Near Medical Store (pin is a guess near this landmark)
AD003019,670.9,2784.3,387.8348230883865,visits_disagree,VISIT_WITH_HINT,
AD003020,-1550.8,649.1,357.82349000589664,landmark,VISIT_WITH_HINT,Behind Hanuman Temple (pin is a guess near this landmark)
AD003022,732.3,-1067.4,357.82349000589664,landmark,VISIT_WITH_HINT,Near Church (pin is a guess near this landmark)
AD003024,815.7,2749.5,3710.345440791194,baseline_coarse,VERIFY_FIRST,
AD003025,1252.3,-2490.2,162.09531146828414,baseline_street,VISIT_WITH_HINT,
AD003026,2903.1,-2459.3,47.85237716143284,visits_agree,DIRECT_VISIT,
AD003027,2109.4,1079.1,77.439266525452,visit_1,DIRECT_VISIT,
AD003028,-1122.4,327.5,357.82349000589664,landmark,VISIT_WITH_HINT,Near Ganesh Temple (pin is a guess near this landmark)
AD003029,-639.9,-3367.2,357.82349000589664,landmark,VISIT_WITH_HINT,Near Hanuman Temple (pin is a guess near this landmark)
AD003030,2881.0,-1954.9,77.439266525452,visit_1,DIRECT_VISIT,Near Community Hall (about 190 m from pin)
AD003031,-523.1,-1063.1,162.09531146828414,baseline_street,VISIT_WITH_HINT,
AD003032,2447.4,-1191.9,357.82349000589664,landmark,VISIT_WITH_HINT,Near Post Office (pin is a guess near this landmark)
AD003034,919.4,-866.2,3710.345440791194,baseline_coarse,VERIFY_FIRST,
AD003035,2322.5,1437.9,47.85237716143284,visits_agree,DIRECT_VISIT,
AD003036,2467.9,1182.6,162.09531146828414,baseline_street,VISIT_WITH_HINT,
AD003037,2529.2,509.4,162.09531146828414,baseline_street,VISIT_WITH_HINT,
AD003038,3316.0,761.7,77.439266525452,visit_1,DIRECT_VISIT,
AD003039,-2676.5,1609.6,3710.345440791194,baseline_coarse,VERIFY_FIRST,
AD003040,-1740.4,-2787.2,3710.345440791194,baseline_coarse,VERIFY_FIRST,
AD003041,783.6,-216.0,47.85237716143284,visits_agree,DIRECT_VISIT,Near Ganesh Temple (about 170 m from pin)
AD003042,990.6,19.4,3710.345440791194,baseline_coarse,VERIFY_FIRST,
AD003043,428.7,2225.7,3710.345440791194,baseline_coarse,VERIFY_FIRST,
AD003044,1267.3,-2525.0,387.8348230883865,visits_disagree,VISIT_WITH_HINT,Opposite Masjid (about 80 m from pin)
AD003045,2923.3,-1271.5,387.8348230883865,visits_disagree,VISIT_WITH_HINT,
AD003046,-3990.5,-1086.5,357.82349000589664,landmark,VISIT_WITH_HINT,Near Hanuman Temple (pin is a guess near this landmark)
AD003047,-3974.0,-1113.7,3710.345440791194,baseline_coarse,VERIFY_FIRST,
AD003048,-2418.9,-2368.6,3710.345440791194,baseline_coarse,VERIFY_FIRST,
AD003049,-2508.2,-2473.3,162.09531146828414,baseline_street,VISIT_WITH_HINT,
AD003050,778.6,2603.2,387.8348230883865,visits_disagree,VISIT_WITH_HINT,
AD003051,2870.3,-2346.1,357.82349000589664,landmark,VISIT_WITH_HINT,Near Hanuman Temple (pin is a guess near this landmark)
AD003052,611.9,-2869.8,3710.345440791194,baseline_coarse,VERIFY_FIRST,
AD003053,3289.1,-2185.5,77.439266525452,visit_1,DIRECT_VISIT,
AD003054,-2784.3,1198.3,3710.345440791194,baseline_coarse,VERIFY_FIRST,
AD003055,3890.6,687.3,47.85237716143284,visits_agree,DIRECT_VISIT,
AD003056,-2496.9,-2499.0,3710.345440791194,baseline_coarse,VERIFY_FIRST,
AD003057,-310.8,990.8,357.82349000589664,landmark,VISIT_WITH_HINT,Near Masjid (pin is a guess near this landmark)
AD003058,-643.5,1512.2,357.82349000589664,landmark,VISIT_WITH_HINT,Near Petrol Bunk (pin is a guess near this landmark)
AD003059,3049.4,-2157.6,357.82349000589664,landmark,VISIT_WITH_HINT,Near Ration Shop (pin is a guess near this landmark)
AD003060,852.9,2781.8,387.8348230883865,visits_disagree,VISIT_WITH_HINT,
AD003062,1219.0,-157.6,162.09531146828414,baseline_street,VISIT_WITH_HINT,
AD003063,748.3,-746.9,162.09531146828414,baseline_street,VISIT_WITH_HINT,
AD003064,3231.2,-1663.6,357.82349000589664,landmark,VISIT_WITH_HINT,Near Ration Shop (pin is a guess near this landmark)
AD003065,714.0,2872.1,387.8348230883865,visits_disagree,VISIT_WITH_HINT,
AD003066,2379.7,-1173.3,47.85237716143284,visits_agree,DIRECT_VISIT,Opposite Post Office (about 70 m from pin)
AD003067,1401.4,-1827.3,47.85237716143284,visits_agree,DIRECT_VISIT,
AD003068,-618.6,-758.5,3710.345440791194,baseline_coarse,VERIFY_FIRST,
AD003069,1072.8,1320.5,3710.345440791194,baseline_coarse,VERIFY_FIRST,
AD003070,2335.2,1476.5,357.82349000589664,landmark,VISIT_WITH_HINT,Behind Ration Shop (pin is a guess near this landmark)
AD003071,-668.5,-3901.1,162.09531146828414,baseline_street,VISIT_WITH_HINT,
AD003072,-804.9,-831.0,77.439266525452,visit_1,DIRECT_VISIT,
AD003073,1137.8,-1134.5,3710.345440791194,baseline_coarse,VERIFY_FIRST,
AD003074,1507.7,-2091.0,387.8348230883865,visits_disagree,VISIT_WITH_HINT,
AD003075,-629.8,-575.4,3710.345440791194,baseline_coarse,VERIFY_FIRST,
AD003076,-815.5,-589.5,3710.345440791194,baseline_coarse,VERIFY_FIRST,
AD003077,2936.0,-1524.9,387.8348230883865,visits_disagree,VISIT_WITH_HINT,
AD003078,2844.3,775.5,357.82349000589664,landmark,VISIT_WITH_HINT,Near Water Tank (pin is a guess near this landmark)
AD003080,823.0,-420.4,357.82349000589664,landmark,VISIT_WITH_HINT,Near Ganesh Temple (pin is a guess near this landmark)
AD003081,624.1,-2928.1,3710.345440791194,baseline_coarse,VERIFY_FIRST,
AD003082,3071.4,663.7,3710.345440791194,baseline_coarse,VERIFY_FIRST,
AD003083,-1375.5,-2705.4,387.8348230883865,visits_disagree,VISIT_WITH_HINT,
AD003084,-2950.8,1344.1,3710.345440791194,baseline_coarse,VERIFY_FIRST,
AD003085,3343.6,-2088.0,47.85237716143284,visits_agree,DIRECT_VISIT,
AD003086,703.2,-867.4,77.439266525452,visit_1,DIRECT_VISIT,
AD003087,2685.8,-1351.5,47.85237716143284,visits_agree,DIRECT_VISIT,
AD003088,3327.9,-2012.0,3710.345440791194,baseline_coarse,VERIFY_FIRST,
AD003090,982.2,-2913.5,47.85237716143284,visits_agree,DIRECT_VISIT,
AD003092,2129.1,1820.0,3710.345440791194,baseline_coarse,VERIFY_FIRST,
AD003094,1137.6,-22.3,77.439266525452,visit_1,DIRECT_VISIT,
AD003096,-1724.4,2563.0,3710.345440791194,baseline_coarse,VERIFY_FIRST,
AD003098,759.0,3081.3,387.8348230883865,visits_disagree,VISIT_WITH_HINT,Near Petrol Bunk (about 140 m from pin)
AD003099,2715.7,-2250.2,387.8348230883865,visits_disagree,VISIT_WITH_HINT,Opposite Park (about 120 m from pin)
AD003100,1014.9,243.1,47.85237716143284,visits_agree,DIRECT_VISIT,
AD003102,1020.5,-3064.4,387.8348230883865,visits_disagree,VISIT_WITH_HINT,
AD003104,-643.5,1512.2,357.82349000589664,landmark,VISIT_WITH_HINT,Opposite Petrol Bunk (pin is a guess near this landmark)
AD003105,-117.3,3050.8,387.8348230883865,visits_disagree,VISIT_WITH_HINT,
AD003106,1368.3,219.3,47.85237716143284,visits_agree,DIRECT_VISIT,
AD003107,1029.2,-1109.4,3710.345440791194,baseline_coarse,VERIFY_FIRST,
AD003110,-533.9,-1247.6,3710.345440791194,baseline_coarse,VERIFY_FIRST,
AD003111,-720.2,2971.9,357.82349000589664,landmark,VISIT_WITH_HINT,Near Church (pin is a guess near this landmark)
AD003113,-1122.4,327.5,357.82349000589664,landmark,VISIT_WITH_HINT,Near Ganesh Temple (pin is a guess near this landmark)
AD003115,999.8,-3112.8,357.82349000589664,landmark,VISIT_WITH_HINT,Opposite Hanuman Temple (pin is a guess near this landmark)
AD003117,566.7,-1323.1,3710.345440791194,baseline_coarse,VERIFY_FIRST,
