address_id,radius_90,location_confidence,hard_to_find,dispatch_channel,dialer_campaign,voice_bot_prompt
AD000001,25.0,high,False,FIELD_FORCE,,
AD000002,33.0,high,False,FIELD_FORCE,,
AD000003,280.0,medium,False,FIELD_FORCE,,
AD000004,387.0,medium,False,FIELD_FORCE,,
AD000005,329.0,medium,False,FIELD_FORCE,,
AD000006,,low,True,TELE_DIALER,ADDR_VERIFY_OUT_OF_AREA_HI,"Namaste, aapke ghar tak pahunchne ke liye thodi madad chahiye. Kripya bataiye: aapka ghar kaun si cross ya gali mein hai, sabse paas ka landmark kya hai (mandir, school, bus stop), aur aapke gate ka rang kya hai?"
AD000007,329.0,medium,False,FIELD_FORCE,,
AD000008,569.0,low,True,TELE_DIALER,ADDR_VERIFY_LOW_CONFIDENCE_EN,"Hello, we need a little help to reach your home. Please tell us which cross or street your house is on, the nearest landmark (temple, school, bus stop), and the colour of your gate."
AD000009,42.0,high,False,FIELD_FORCE,,
AD000010,396.0,medium,False,FIELD_FORCE,,
AD000011,175.0,medium,False,FIELD_FORCE,,
AD000012,18.0,high,False,FIELD_FORCE,,
AD000013,296.0,medium,False,FIELD_FORCE,,
AD000014,239.0,medium,False,FIELD_FORCE,,
AD000015,36.0,high,False,FIELD_FORCE,,
AD000016,11.0,high,False,FIELD_FORCE,,
AD000017,30.0,high,False,FIELD_FORCE,,
AD000018,18.0,high,False,FIELD_FORCE,,
AD000019,64.0,high,False,FIELD_FORCE,,
AD000020,2278.0,low,True,TELE_DIALER,ADDR_VERIFY_LOW_CONFIDENCE_KN,"Namaskara, nimma manege baralu swalpa sahaya beku. Dayavittu heli: nimma mane yaava cross athava raste alli ide, hattirada landmark yavudu (gudi, shaale, bus stop), mattu nimma gate yaava banna?"
AD000021,134.0,medium,False,FIELD_FORCE,,
AD000022,215.0,medium,False,FIELD_FORCE,,
AD000023,36.0,high,False,FIELD_FORCE,,
AD000024,175.0,medium,False,FIELD_FORCE,,
AD000025,304.0,medium,False,FIELD_FORCE,,
AD000026,140.0,medium,True,FIELD_FORCE,,
AD000027,22.0,high,False,FIELD_FORCE,,
AD000028,255.0,medium,False,FIELD_FORCE,,
AD000029,296.0,medium,False,FIELD_FORCE,,
AD000030,113.0,medium,False,FIELD_FORCE,,
AD000031,31.0,high,False,FIELD_FORCE,,
AD000032,22.0,high,False,FIELD_FORCE,,
AD000033,126.0,medium,False,FIELD_FORCE,,
AD000034,329.0,medium,False,FIELD_FORCE,,
AD000035,175.0,medium,False,FIELD_FORCE,,
AD000036,149.0,medium,False,FIELD_FORCE,,
AD000037,44.0,high,False,FIELD_FORCE,,
AD000038,,low,True,TELE_DIALER,ADDR_VERIFY_OUT_OF_AREA_KN,"Namaskara, nimma manege baralu swalpa sahaya beku. Dayavittu heli: nimma mane yaava cross athava raste alli ide, hattirada landmark yavudu (gudi, shaale, bus stop), mattu nimma gate yaava banna?"
AD000039,34.0,high,False,FIELD_FORCE,,
AD000040,56.0,high,False,FIELD_FORCE,,
AD000041,49.0,high,False,FIELD_FORCE,,
AD000042,569.0,low,True,TELE_DIALER,ADDR_VERIFY_LOW_CONFIDENCE_EN,"Hello, we need a little help to reach your home. Please tell us which cross or street your house is on, the nearest landmark (temple, school, bus stop), and the colour of your gate."
AD000043,16.0,high,False,FIELD_FORCE,,
AD000044,,low,True,TELE_DIALER,ADDR_VERIFY_OUT_OF_AREA_EN,"Hello, we need a little help to reach your home. Please tell us which cross or street your house is on, the nearest landmark (temple, school, bus stop), and the colour of your gate."
AD000045,329.0,medium,False,FIELD_FORCE,,
AD000046,175.0,medium,False,FIELD_FORCE,,
AD000047,16.0,high,False,FIELD_FORCE,,
AD000048,569.0,low,True,TELE_DIALER,ADDR_VERIFY_LOW_CONFIDENCE_EN,"Hello, we need a little help to reach your home. Please tell us which cross or street your house is on, the nearest landmark (temple, school, bus stop), and the colour of your gate."
AD000049,17.0,high,False,FIELD_FORCE,,
AD000050,569.0,low,True,TELE_DIALER,ADDR_VERIFY_LOW_CONFIDENCE_KN,"Namaskara, nimma manege baralu swalpa sahaya beku. Dayavittu heli: nimma mane yaava cross athava raste alli ide, hattirada landmark yavudu (gudi, shaale, bus stop), mattu nimma gate yaava banna?"
AD000051,,low,True,TELE_DIALER,ADDR_VERIFY_OUT_OF_AREA_KN,"Namaskara, nimma manege baralu swalpa sahaya beku. Dayavittu heli: nimma mane yaava cross athava raste alli ide, hattirada landmark yavudu (gudi, shaale, bus stop), mattu nimma gate yaava banna?"
AD000052,255.0,medium,False,FIELD_FORCE,,
AD000053,569.0,low,True,TELE_DIALER,ADDR_VERIFY_LOW_CONFIDENCE_KN,"Namaskara, nimma manege baralu swalpa sahaya beku. Dayavittu heli: nimma mane yaava cross athava raste alli ide, hattirada landmark yavudu (gudi, shaale, bus stop), mattu nimma gate yaava banna?"
AD000054,329.0,medium,False,FIELD_FORCE,,
AD000055,175.0,medium,False,FIELD_FORCE,,
AD000056,304.0,medium,False,FIELD_FORCE,,
AD000057,329.0,medium,False,FIELD_FORCE,,
AD000058,175.0,medium,False,FIELD_FORCE,,
AD000059,215.0,medium,False,FIELD_FORCE,,
AD000060,54.0,high,False,FIELD_FORCE,,
AD000061,271.0,medium,False,FIELD_FORCE,,
AD000062,22.0,high,False,FIELD_FORCE,,
AD000063,205.0,medium,False,FIELD_FORCE,,
AD000064,396.0,medium,False,FIELD_FORCE,,
AD000065,228.0,medium,False,FIELD_FORCE,,
AD000066,18.0,high,True,FIELD_FORCE,,
AD000067,194.0,medium,False,FIELD_FORCE,,
AD000068,35.0,high,False,FIELD_FORCE,,
AD000069,16.0,high,False,FIELD_FORCE,,
AD000070,,low,True,TELE_DIALER,ADDR_VERIFY_OUT_OF_AREA_HI,"Namaste, aapke ghar tak pahunchne ke liye thodi madad chahiye. Kripya bataiye: aapka ghar kaun si cross ya gali mein hai, sabse paas ka landmark kya hai (mandir, school, bus stop), aur aapke gate ka rang kya hai?"
AD000071,215.0,medium,False,FIELD_FORCE,,
AD000072,396.0,medium,False,FIELD_FORCE,,
AD000073,255.0,medium,False,FIELD_FORCE,,
AD000074,569.0,low,True,TELE_DIALER,ADDR_VERIFY_LOW_CONFIDENCE_HI,"Namaste, aapke ghar tak pahunchne ke liye thodi madad chahiye. Kripya bataiye: aapka ghar kaun si cross ya gali mein hai, sabse paas ka landmark kya hai (mandir, school, bus stop), aur aapke gate ka rang kya hai?"
AD000075,16.0,high,False,FIELD_FORCE,,
AD000076,34.0,high,False,FIELD_FORCE,,
AD000077,396.0,medium,False,FIELD_FORCE,,
AD000078,20.0,high,False,FIELD_FORCE,,
AD000079,37.0,high,False,FIELD_FORCE,,
AD000080,199.0,medium,False,FIELD_FORCE,,
AD000081,32.0,high,False,FIELD_FORCE,,
AD000082,42.0,high,False,FIELD_FORCE,,
AD000083,243.0,medium,False,FIELD_FORCE,,
AD000084,175.0,medium,False,FIELD_FORCE,,
AD000085,35.0,high,False,FIELD_FORCE,,
AD000086,29.0,high,False,FIELD_FORCE,,
AD000087,569.0,low,True,TELE_DIALER,ADDR_VERIFY_LOW_CONFIDENCE_HI,"Namaste, aapke ghar tak pahunchne ke liye thodi madad chahiye. Kripya bataiye: aapka ghar kaun si cross ya gali mein hai, sabse paas ka landmark kya hai (mandir, school, bus stop), aur aapke gate ka rang kya hai?"
AD000088,19.0,high,False,FIELD_FORCE,,
AD000089,296.0,medium,False,FIELD_FORCE,,
AD000090,329.0,medium,False,FIELD_FORCE,,
AD000091,396.0,medium,False,FIELD_FORCE,,
AD000092,194.0,medium,False,FIELD_FORCE,,
AD000093,257.0,medium,False,FIELD_FORCE,,
AD000094,31.0,high,False,FIELD_FORCE,,
AD000095,,low,True,TELE_DIALER,ADDR_VERIFY_OUT_OF_AREA_KN,"Namaskara, nimma manege baralu swalpa sahaya beku. Dayavittu heli: nimma mane yaava cross athava raste alli ide, hattirada landmark yavudu (gudi, shaale, bus stop), mattu nimma gate yaava banna?"
AD000096,25.0,high,False,FIELD_FORCE,,
AD000097,243.0,medium,False,FIELD_FORCE,,
AD000098,23.0,high,False,FIELD_FORCE,,
AD000099,25.0,high,False,FIELD_FORCE,,
AD000100,14.0,high,False,FIELD_FORCE,,
AD000101,231.0,medium,False,FIELD_FORCE,,
AD000102,126.0,medium,False,FIELD_FORCE,,
AD000103,194.0,medium,False,FIELD_FORCE,,
AD000104,569.0,low,True,TELE_DIALER,ADDR_VERIFY_LOW_CONFIDENCE_KN,"Namaskara, nimma manege baralu swalpa sahaya beku. Dayavittu heli: nimma mane yaava cross athava raste alli ide, hattirada landmark yavudu (gudi, shaale, bus stop), mattu nimma gate yaava banna?"
AD000105,25.0,high,False,FIELD_FORCE,,
AD000106,60.0,high,False,FIELD_FORCE,,
AD000107,194.0,medium,True,FIELD_FORCE,,
AD000108,329.0,medium,False,FIELD_FORCE,,
AD000109,569.0,low,True,TELE_DIALER,ADDR_VERIFY_LOW_CONFIDENCE_HI,"Namaste, aapke ghar tak pahunchne ke liye thodi madad chahiye. Kripya bataiye: aapka ghar kaun si cross ya gali mein hai, sabse paas ka landmark kya hai (mandir, school, bus stop), aur aapke gate ka rang kya hai?"
AD000110,,low,True,TELE_DIALER,ADDR_VERIFY_OUT_OF_AREA_HI,"Namaste, aapke ghar tak pahunchne ke liye thodi madad chahiye. Kripya bataiye: aapka ghar kaun si cross ya gali mein hai, sabse paas ka landmark kya hai (mandir, school, bus stop), aur aapke gate ka rang kya hai?"
AD000111,126.0,medium,False,FIELD_FORCE,,
AD000112,140.0,medium,False,FIELD_FORCE,,
AD000113,175.0,medium,False,FIELD_FORCE,,
AD000114,29.0,high,False,FIELD_FORCE,,
AD000115,194.0,medium,False,FIELD_FORCE,,
AD000116,396.0,medium,False,FIELD_FORCE,,
AD000117,329.0,medium,False,FIELD_FORCE,,
AD000118,,low,True,TELE_DIALER,ADDR_VERIFY_OUT_OF_AREA_EN,"Hello, we need a little help to reach your home. Please tell us which cross or street your house is on, the nearest landmark (temple, school, bus stop), and the colour of your gate."
AD000119,396.0,medium,False,FIELD_FORCE,,
AD000120,276.0,medium,False,FIELD_FORCE,,
AD000121,396.0,medium,False,FIELD_FORCE,,
AD000122,175.0,medium,False,FIELD_FORCE,,
AD000123,279.0,medium,False,FIELD_FORCE,,
AD000124,194.0,medium,False,FIELD_FORCE,,
AD000125,175.0,medium,False,FIELD_FORCE,,
AD000126,25.0,high,False,FIELD_FORCE,,
AD000127,175.0,medium,False,FIELD_FORCE,,
AD000128,140.0,medium,False,FIELD_FORCE,,
AD000129,20.0,high,False,FIELD_FORCE,,
AD000130,63.0,high,False,FIELD_FORCE,,
AD000131,,low,True,TELE_DIALER,ADDR_VERIFY_OUT_OF_AREA_HI,"Namaste, aapke ghar tak pahunchne ke liye thodi madad chahiye. Kripya bataiye: aapka ghar kaun si cross ya gali mein hai, sabse paas ka landmark kya hai (mandir, school, bus stop), aur aapke gate ka rang kya hai?"
AD000132,175.0,medium,False,FIELD_FORCE,,
AD000133,53.0,high,False,FIELD_FORCE,,
AD000134,232.0,medium,False,FIELD_FORCE,,
AD000135,13.0,high,False,FIELD_FORCE,,
AD000136,569.0,low,True,TELE_DIALER,ADDR_VERIFY_LOW_CONFIDENCE_EN,"Hello, we need a little help to reach your home. Please tell us which cross or street your house is on, the nearest landmark (temple, school, bus stop), and the colour of your gate."
AD000137,33.0,high,False,FIELD_FORCE,,
AD000138,20.0,high,False,FIELD_FORCE,,
AD000139,201.0,medium,False,FIELD_FORCE,,
AD000140,329.0,medium,False,FIELD_FORCE,,
AD000141,9110.0,low,True,TELE_DIALER,ADDR_VERIFY_LOW_CONFIDENCE_EN,"Hello, we need a little help to reach your home. Please tell us which cross or street your house is on, the nearest landmark (temple, school, bus stop), and the colour of your gate."
AD000142,25.0,high,False,FIELD_FORCE,,
AD000143,,low,True,TELE_DIALER,ADDR_VERIFY_OUT_OF_AREA_KN,"Namaskara, nimma manege baralu swalpa sahaya beku. Dayavittu heli: nimma mane yaava cross athava raste alli ide, hattirada landmark yavudu (gudi, shaale, bus stop), mattu nimma gate yaava banna?"
AD000144,175.0,medium,False,FIELD_FORCE,,
AD000145,231.0,medium,False,FIELD_FORCE,,
AD000146,41.0,high,False,FIELD_FORCE,,
AD000147,26.0,high,False,FIELD_FORCE,,
AD000148,329.0,medium,False,FIELD_FORCE,,
AD000149,569.0,low,True,TELE_DIALER,ADDR_VERIFY_LOW_CONFIDENCE_HI,"Namaste, aapke ghar tak pahunchne ke liye thodi madad chahiye. Kripya bataiye: aapka ghar kaun si cross ya gali mein hai, sabse paas ka landmark kya hai (mandir, school, bus stop), aur aapke gate ka rang kya hai?"
AD000150,40.0,high,False,FIELD_FORCE,,
AD000151,47.0,high,False,FIELD_FORCE,,
AD000152,17.0,high,False,FIELD_FORCE,,
AD000153,67.0,high,False,FIELD_FORCE,,
AD000154,39.0,high,False,FIELD_FORCE,,
AD000155,23.0,high,False,FIELD_FORCE,,
AD000156,396.0,medium,False,FIELD_FORCE,,
AD000157,230.0,medium,False,FIELD_FORCE,,
AD000158,,low,True,TELE_DIALER,ADDR_VERIFY_OUT_OF_AREA_EN,"Hello, we need a little help to reach your home. Please tell us which cross or street your house is on, the nearest landmark (temple, school, bus stop), and the colour of your gate."
AD000159,16.0,high,False,FIELD_FORCE,,
AD000160,175.0,medium,False,FIELD_FORCE,,
AD000161,569.0,low,True,TELE_DIALER,ADDR_VERIFY_LOW_CONFIDENCE_KN,"Namaskara, nimma manege baralu swalpa sahaya beku. Dayavittu heli: nimma mane yaava cross athava raste alli ide, hattirada landmark yavudu (gudi, shaale, bus stop), mattu nimma gate yaava banna?"
AD000162,198.0,medium,False,FIELD_FORCE,,
AD000163,37.0,high,False,FIELD_FORCE,,
AD000164,130.0,medium,False,FIELD_FORCE,,
AD000165,39.0,high,False,FIELD_FORCE,,
AD000166,52.0,high,False,FIELD_FORCE,,
AD000167,272.0,medium,False,FIELD_FORCE,,
AD000168,329.0,medium,False,FIELD_FORCE,,
AD000169,37.0,high,False,FIELD_FORCE,,
AD000170,76.0,high,True,FIELD_FORCE,,
AD000171,396.0,medium,False,FIELD_FORCE,,
AD000172,39.0,high,False,FIELD_FORCE,,
AD000173,17.0,high,False,FIELD_FORCE,,
AD000174,329.0,medium,False,FIELD_FORCE,,
AD000175,60.0,high,False,FIELD_FORCE,,
AD000176,45.0,high,False,FIELD_FORCE,,
AD000177,52.0,high,False,FIELD_FORCE,,
AD000178,25.0,high,False,FIELD_FORCE,,
AD000179,569.0,low,True,TELE_DIALER,ADDR_VERIFY_LOW_CONFIDENCE_KN,"Namaskara, nimma manege baralu swalpa sahaya beku. Dayavittu heli: nimma mane yaava cross athava raste alli ide, hattirada landmark yavudu (gudi, shaale, bus stop), mattu nimma gate yaava banna?"
AD000180,35.0,high,False,FIELD_FORCE,,
AD000181,46.0,high,False,FIELD_FORCE,,
AD000182,126.0,medium,True,FIELD_FORCE,,
AD000183,,low,True,TELE_DIALER,ADDR_VERIFY_OUT_OF_AREA_HI,"Namaste, aapke ghar tak pahunchne ke liye thodi madad chahiye. Kripya bataiye: aapka ghar kaun si cross ya gali mein hai, sabse paas ka landmark kya hai (mandir, school, bus stop), aur aapke gate ka rang kya hai?"
AD000184,175.0,medium,False,FIELD_FORCE,,
AD000185,149.0,medium,False,FIELD_FORCE,,
AD000186,329.0,medium,False,FIELD_FORCE,,
AD000187,29.0,high,False,FIELD_FORCE,,
AD000188,226.0,medium,False,FIELD_FORCE,,
AD000189,40.0,high,False,FIELD_FORCE,,
AD000190,194.0,medium,False,FIELD_FORCE,,
AD000191,27.0,high,False,FIELD_FORCE,,
AD000192,33.0,high,False,FIELD_FORCE,,
AD000193,55.0,high,True,FIELD_FORCE,,
AD000194,23.0,high,False,FIELD_FORCE,,
AD000195,34.0,high,False,FIELD_FORCE,,
AD000196,403.0,medium,False,FIELD_FORCE,,
AD000197,24.0,high,False,FIELD_FORCE,,
AD000198,22.0,high,False,FIELD_FORCE,,
AD000199,59.0,high,False,FIELD_FORCE,,
AD000200,55.0,high,False,FIELD_FORCE,,
AD000201,31.0,high,False,FIELD_FORCE,,
AD000202,57.0,high,False,FIELD_FORCE,,
AD000203,73.0,high,False,FIELD_FORCE,,
AD000204,25.0,high,False,FIELD_FORCE,,
AD000205,569.0,low,True,TELE_DIALER,ADDR_VERIFY_LOW_CONFIDENCE_HI,"Namaste, aapke ghar tak pahunchne ke liye thodi madad chahiye. Kripya bataiye: aapka ghar kaun si cross ya gali mein hai, sabse paas ka landmark kya hai (mandir, school, bus stop), aur aapke gate ka rang kya hai?"
AD000206,569.0,low,True,TELE_DIALER,ADDR_VERIFY_LOW_CONFIDENCE_EN,"Hello, we need a little help to reach your home. Please tell us which cross or street your house is on, the nearest landmark (temple, school, bus stop), and the colour of your gate."
AD000207,569.0,low,True,TELE_DIALER,ADDR_VERIFY_LOW_CONFIDENCE_EN,"Hello, we need a little help to reach your home. Please tell us which cross or street your house is on, the nearest landmark (temple, school, bus stop), and the colour of your gate."
AD000208,185.0,medium,False,FIELD_FORCE,,
AD000209,52.0,high,True,FIELD_FORCE,,
AD000210,194.0,medium,False,FIELD_FORCE,,
AD000211,215.0,medium,False,FIELD_FORCE,,
AD000212,255.0,medium,False,FIELD_FORCE,,
AD000213,255.0,medium,False,FIELD_FORCE,,
AD000214,140.0,medium,False,FIELD_FORCE,,
AD000215,,low,True,TELE_DIALER,ADDR_VERIFY_OUT_OF_AREA_KN,"Namaskara, nimma manege baralu swalpa sahaya beku. Dayavittu heli: nimma mane yaava cross athava raste alli ide, hattirada landmark yavudu (gudi, shaale, bus stop), mattu nimma gate yaava banna?"
AD000216,219.0,medium,False,FIELD_FORCE,,
AD000217,296.0,medium,False,FIELD_FORCE,,
AD000218,,low,True,TELE_DIALER,ADDR_VERIFY_OUT_OF_AREA_HI,"Namaste, aapke ghar tak pahunchne ke liye thodi madad chahiye. Kripya bataiye: aapka ghar kaun si cross ya gali mein hai, sabse paas ka landmark kya hai (mandir, school, bus stop), aur aapke gate ka rang kya hai?"
AD000219,175.0,medium,False,FIELD_FORCE,,
AD000220,21.0,high,False,FIELD_FORCE,,
AD000221,75.0,high,False,FIELD_FORCE,,
AD000222,215.0,medium,False,FIELD_FORCE,,
AD000223,27.0,high,False,FIELD_FORCE,,
AD000224,229.0,medium,False,FIELD_FORCE,,
AD000225,215.0,medium,False,FIELD_FORCE,,
AD000226,329.0,medium,False,FIELD_FORCE,,
AD000227,23.0,high,False,FIELD_FORCE,,
AD000228,55.0,high,False,FIELD_FORCE,,
AD000229,329.0,medium,False,FIELD_FORCE,,
AD000230,329.0,medium,False,FIELD_FORCE,,
AD000231,27.0,high,False,FIELD_FORCE,,
AD000232,215.0,medium,False,FIELD_FORCE,,
AD000233,44.0,high,False,FIELD_FORCE,,
AD000234,329.0,medium,False,FIELD_FORCE,,
AD000235,33.0,high,False,FIELD_FORCE,,
AD000236,35.0,high,False,FIELD_FORCE,,
AD000237,36.0,high,False,FIELD_FORCE,,
AD000238,15.0,high,False,FIELD_FORCE,,
AD000239,13.0,high,False,FIELD_FORCE,,
AD000240,358.0,medium,False,FIELD_FORCE,,
AD000241,255.0,medium,False,FIELD_FORCE,,
AD000242,127.0,medium,False,FIELD_FORCE,,
AD000243,198.0,medium,False,FIELD_FORCE,,
AD000244,243.0,medium,False,FIELD_FORCE,,
AD000245,2278.0,low,True,TELE_DIALER,ADDR_VERIFY_LOW_CONFIDENCE_KN,"Namaskara, nimma manege baralu swalpa sahaya beku. Dayavittu heli: nimma mane yaava cross athava raste alli ide, hattirada landmark yavudu (gudi, shaale, bus stop), mattu nimma gate yaava banna?"
AD000246,569.0,low,True,TELE_DIALER,ADDR_VERIFY_LOW_CONFIDENCE_KN,"Namaskara, nimma manege baralu swalpa sahaya beku. Dayavittu heli: nimma mane yaava cross athava raste alli ide, hattirada landmark yavudu (gudi, shaale, bus stop), mattu nimma gate yaava banna?"
AD000247,17.0,high,False,FIELD_FORCE,,
AD000248,329.0,medium,False,FIELD_FORCE,,
AD000249,202.0,medium,False,FIELD_FORCE,,
AD000250,368.0,medium,False,FIELD_FORCE,,
AD000251,145.0,medium,False,FIELD_FORCE,,
AD000252,710.0,low,True,TELE_DIALER,ADDR_VERIFY_NOT_TRACEABLE_HI,"Namaste, aapke ghar tak pahunchne ke liye thodi madad chahiye. Kripya bataiye: aapka ghar kaun si cross ya gali mein hai, sabse paas ka landmark kya hai (mandir, school, bus stop), aur aapke gate ka rang kya hai?"
AD000253,35.0,high,False,FIELD_FORCE,,
AD000254,329.0,medium,False,FIELD_FORCE,,
AD000255,27.0,high,False,FIELD_FORCE,,
AD000256,215.0,medium,False,FIELD_FORCE,,
AD000257,75.0,high,False,FIELD_FORCE,,
AD000258,42.0,high,False,FIELD_FORCE,,
AD000259,32.0,high,False,FIELD_FORCE,,
AD000260,40.0,high,False,FIELD_FORCE,,
AD000261,403.0,medium,False,FIELD_FORCE,,
AD000262,,low,True,TELE_DIALER,ADDR_VERIFY_OUT_OF_AREA_HI,"Namaste, aapke ghar tak pahunchne ke liye thodi madad chahiye. Kripya bataiye: aapka ghar kaun si cross ya gali mein hai, sabse paas ka landmark kya hai (mandir, school, bus stop), aur aapke gate ka rang kya hai?"
AD000263,329.0,medium,True,FIELD_FORCE,,
AD000264,387.0,medium,False,FIELD_FORCE,,
AD000265,255.0,medium,False,FIELD_FORCE,,
AD000266,437.0,medium,False,FIELD_FORCE,,
AD000267,34.0,high,False,FIELD_FORCE,,
AD000268,31.0,high,False,FIELD_FORCE,,
AD000269,329.0,medium,False,FIELD_FORCE,,
AD000270,569.0,low,True,TELE_DIALER,ADDR_VERIFY_LOW_CONFIDENCE_KN,"Namaskara, nimma manege baralu swalpa sahaya beku. Dayavittu heli: nimma mane yaava cross athava raste alli ide, hattirada landmark yavudu (gudi, shaale, bus stop), mattu nimma gate yaava banna?"
AD000271,,low,True,TELE_DIALER,ADDR_VERIFY_OUT_OF_AREA_KN,"Namaskara, nimma manege baralu swalpa sahaya beku. Dayavittu heli: nimma mane yaava cross athava raste alli ide, hattirada landmark yavudu (gudi, shaale, bus stop), mattu nimma gate yaava banna?"
AD000272,41.0,high,False,FIELD_FORCE,,
AD000273,9110.0,low,True,TELE_DIALER,ADDR_VERIFY_LOW_CONFIDENCE_HI,"Namaste, aapke ghar tak pahunchne ke liye thodi madad chahiye. Kripya bataiye: aapka ghar kaun si cross ya gali mein hai, sabse paas ka landmark kya hai (mandir, school, bus stop), aur aapke gate ka rang kya hai?"
AD000274,133.0,medium,False,FIELD_FORCE,,
AD000275,51.0,high,False,FIELD_FORCE,,
AD000276,569.0,low,True,TELE_DIALER,ADDR_VERIFY_LOW_CONFIDENCE_EN,"Hello, we need a little help to reach your home. Please tell us which cross or street your house is on, the nearest landmark (temple, school, bus stop), and the colour of your gate."
AD000277,569.0,low,True,TELE_DIALER,ADDR_VERIFY_LOW_CONFIDENCE_EN,"Hello, we need a little help to reach your home. Please tell us which cross or street your house is on, the nearest landmark (temple, school, bus stop), and the colour of your gate."
AD000278,255.0,medium,False,FIELD_FORCE,,
AD000279,79.0,high,False,FIELD_FORCE,,
AD000280,78.0,high,False,FIELD_FORCE,,
AD000281,55.0,high,False,FIELD_FORCE,,
AD000282,255.0,medium,False,FIELD_FORCE,,
AD000283,,low,True,TELE_DIALER,ADDR_VERIFY_OUT_OF_AREA_KN,"Namaskara, nimma manege baralu swalpa sahaya beku. Dayavittu heli: nimma mane yaava cross athava raste alli ide, hattirada landmark yavudu (gudi, shaale, bus stop), mattu nimma gate yaava banna?"
AD000284,16.0,high,False,FIELD_FORCE,,
AD000285,26.0,high,False,FIELD_FORCE,,
AD000286,21.0,high,False,FIELD_FORCE,,
AD000287,25.0,high,False,FIELD_FORCE,,
AD000288,22.0,high,False,FIELD_FORCE,,
AD000289,,low,True,TELE_DIALER,ADDR_VERIFY_OUT_OF_AREA_HI,"Namaste, aapke ghar tak pahunchne ke liye thodi madad chahiye. Kripya bataiye: aapka ghar kaun si cross ya gali mein hai, sabse paas ka landmark kya hai (mandir, school, bus stop), aur aapke gate ka rang kya hai?"
AD000290,16.0,high,False,FIELD_FORCE,,
AD000291,243.0,medium,False,FIELD_FORCE,,
AD000292,29.0,high,False,FIELD_FORCE,,
AD000293,20.0,high,False,FIELD_FORCE,,
AD000294,2278.0,low,True,TELE_DIALER,ADDR_VERIFY_LOW_CONFIDENCE_HI,"Namaste, aapke ghar tak pahunchne ke liye thodi madad chahiye. Kripya bataiye: aapka ghar kaun si cross ya gali mein hai, sabse paas ka landmark kya hai (mandir, school, bus stop), aur aapke gate ka rang kya hai?"
AD000295,196.0,medium,False,FIELD_FORCE,,
AD000296,274.0,medium,False,FIELD_FORCE,,
AD000297,126.0,medium,False,FIELD_FORCE,,
AD000298,255.0,medium,False,FIELD_FORCE,,
AD000299,2278.0,low,True,TELE_DIALER,ADDR_VERIFY_LOW_CONFIDENCE_HI,"Namaste, aapke ghar tak pahunchne ke liye thodi madad chahiye. Kripya bataiye: aapka ghar kaun si cross ya gali mein hai, sabse paas ka landmark kya hai (mandir, school, bus stop), aur aapke gate ka rang kya hai?"
AD000300,231.0,medium,False,FIELD_FORCE,,
AD000301,285.0,medium,False,FIELD_FORCE,,
AD000302,837.0,low,True,TELE_DIALER,ADDR_VERIFY_LOW_CONFIDENCE_KN,"Namaskara, nimma manege baralu swalpa sahaya beku. Dayavittu heli: nimma mane yaava cross athava raste alli ide, hattirada landmark yavudu (gudi, shaale, bus stop), mattu nimma gate yaava banna?"
AD000303,37.0,high,False,FIELD_FORCE,,
AD000304,274.0,medium,False,FIELD_FORCE,,
AD000305,569.0,low,True,TELE_DIALER,ADDR_VERIFY_LOW_CONFIDENCE_KN,"Namaskara, nimma manege baralu swalpa sahaya beku. Dayavittu heli: nimma mane yaava cross athava raste alli ide, hattirada landmark yavudu (gudi, shaale, bus stop), mattu nimma gate yaava banna?"
AD000306,227.0,medium,False,FIELD_FORCE,,
AD000307,65.0,high,False,FIELD_FORCE,,
AD000308,175.0,medium,False,FIELD_FORCE,,
AD000309,117.0,medium,False,FIELD_FORCE,,
AD000310,396.0,medium,False,FIELD_FORCE,,
AD000311,569.0,low,True,TELE_DIALER,ADDR_VERIFY_LOW_CONFIDENCE_HI,"Namaste, aapke ghar tak pahunchne ke liye thodi madad chahiye. Kripya bataiye: aapka ghar kaun si cross ya gali mein hai, sabse paas ka landmark kya hai (mandir, school, bus stop), aur aapke gate ka rang kya hai?"
AD000312,329.0,medium,False,FIELD_FORCE,,
AD000313,175.0,medium,False,FIELD_FORCE,,
AD000314,25.0,high,False,FIELD_FORCE,,
AD000315,255.0,medium,False,FIELD_FORCE,,
AD000316,19.0,high,False,FIELD_FORCE,,
AD000317,396.0,medium,False,FIELD_FORCE,,
AD000318,140.0,medium,False,FIELD_FORCE,,
AD000319,837.0,low,True,TELE_DIALER,ADDR_VERIFY_LOW_CONFIDENCE_EN,"Hello, we need a little help to reach your home. Please tell us which cross or street your house is on, the nearest landmark (temple, school, bus stop), and the colour of your gate."
AD000320,55.0,high,False,FIELD_FORCE,,
AD000321,329.0,medium,False,FIELD_FORCE,,
AD000322,175.0,medium,False,FIELD_FORCE,,
AD000323,91.0,high,False,FIELD_FORCE,,
AD000324,20.0,high,False,FIELD_FORCE,,
AD000325,304.0,medium,False,FIELD_FORCE,,
AD000326,396.0,medium,False,FIELD_FORCE,,
AD000327,329.0,medium,False,FIELD_FORCE,,
AD000328,17.0,high,False,FIELD_FORCE,,
AD000329,,low,True,TELE_DIALER,ADDR_VERIFY_OUT_OF_AREA_EN,"Hello, we need a little help to reach your home. Please tell us which cross or street your house is on, the nearest landmark (temple, school, bus stop), and the colour of your gate."
AD000330,44.0,high,False,FIELD_FORCE,,
AD000331,403.0,medium,False,FIELD_FORCE,,
AD000332,279.0,medium,False,FIELD_FORCE,,
AD000333,285.0,medium,False,FIELD_FORCE,,
AD000334,329.0,medium,False,FIELD_FORCE,,
AD000335,329.0,medium,False,FIELD_FORCE,,
AD000336,24.0,high,False,FIELD_FORCE,,
AD000337,42.0,high,False,FIELD_FORCE,,
AD000338,24.0,high,False,FIELD_FORCE,,
AD000339,358.0,medium,False,FIELD_FORCE,,
AD000340,329.0,medium,False,FIELD_FORCE,,
AD000341,133.0,medium,False,FIELD_FORCE,,
AD000342,39.0,high,False,FIELD_FORCE,,
AD000343,437.0,medium,False,FIELD_FORCE,,
AD000344,329.0,medium,False,FIELD_FORCE,,
AD000345,837.0,low,True,TELE_DIALER,ADDR_VERIFY_LOW_CONFIDENCE_KN,"Namaskara, nimma manege baralu swalpa sahaya beku. Dayavittu heli: nimma mane yaava cross athava raste alli ide, hattirada landmark yavudu (gudi, shaale, bus stop), mattu nimma gate yaava banna?"
AD000346,215.0,medium,False,FIELD_FORCE,,
AD000347,396.0,medium,False,FIELD_FORCE,,
AD000348,46.0,high,True,FIELD_FORCE,,
AD000349,403.0,medium,False,FIELD_FORCE,,
AD000350,396.0,medium,False,FIELD_FORCE,,
AD000351,161.0,medium,False,FIELD_FORCE,,
AD000352,437.0,medium,False,FIELD_FORCE,,
AD000353,329.0,medium,False,FIELD_FORCE,,
AD000354,53.0,high,False,FIELD_FORCE,,
AD000355,25.0,high,False,FIELD_FORCE,,
AD000356,329.0,medium,False,FIELD_FORCE,,
AD000357,257.0,medium,False,FIELD_FORCE,,
AD000358,137.0,medium,False,FIELD_FORCE,,
AD000359,24.0,high,False,FIELD_FORCE,,
AD000360,23.0,high,False,FIELD_FORCE,,
AD000361,569.0,low,True,TELE_DIALER,ADDR_VERIFY_LOW_CONFIDENCE_HI,"Namaste, aapke ghar tak pahunchne ke liye thodi madad chahiye. Kripya bataiye: aapka ghar kaun si cross ya gali mein hai, sabse paas ka landmark kya hai (mandir, school, bus stop), aur aapke gate ka rang kya hai?"
AD000362,569.0,low,True,TELE_DIALER,ADDR_VERIFY_LOW_CONFIDENCE_HI,"Namaste, aapke ghar tak pahunchne ke liye thodi madad chahiye. Kripya bataiye: aapka ghar kaun si cross ya gali mein hai, sabse paas ka landmark kya hai (mandir, school, bus stop), aur aapke gate ka rang kya hai?"
AD000363,20.0,high,False,FIELD_FORCE,,
AD000364,38.0,high,False,FIELD_FORCE,,
AD000365,49.0,high,False,FIELD_FORCE,,
AD000366,215.0,medium,True,FIELD_FORCE,,
AD000367,194.0,medium,False,FIELD_FORCE,,
AD000368,231.0,medium,False,FIELD_FORCE,,
AD000369,19.0,high,False,FIELD_FORCE,,
AD000370,140.0,medium,False,FIELD_FORCE,,
AD000371,133.0,medium,False,FIELD_FORCE,,
AD000372,569.0,low,True,TELE_DIALER,ADDR_VERIFY_LOW_CONFIDENCE_KN,"Namaskara, nimma manege baralu swalpa sahaya beku. Dayavittu heli: nimma mane yaava cross athava raste alli ide, hattirada landmark yavudu (gudi, shaale, bus stop), mattu nimma gate yaava banna?"
AD000373,,low,True,TELE_DIALER,ADDR_VERIFY_OUT_OF_AREA_KN,"Namaskara, nimma manege baralu swalpa sahaya beku. Dayavittu heli: nimma mane yaava cross athava raste alli ide, hattirada landmark yavudu (gudi, shaale, bus stop), mattu nimma gate yaava banna?"
AD000374,161.0,medium,False,FIELD_FORCE,,
AD000375,126.0,medium,False,FIELD_FORCE,,
AD000376,3348.0,low,True,TELE_DIALER,ADDR_VERIFY_LOW_CONFIDENCE_HI,"Namaste, aapke ghar tak pahunchne ke liye thodi madad chahiye. Kripya bataiye: aapka ghar kaun si cross ya gali mein hai, sabse paas ka landmark kya hai (mandir, school, bus stop), aur aapke gate ka rang kya hai?"
AD000377,569.0,low,True,TELE_DIALER,ADDR_VERIFY_LOW_CONFIDENCE_HI,"Namaste, aapke ghar tak pahunchne ke liye thodi madad chahiye. Kripya bataiye: aapka ghar kaun si cross ya gali mein hai, sabse paas ka landmark kya hai (mandir, school, bus stop), aur aapke gate ka rang kya hai?"
AD000378,120.0,medium,False,FIELD_FORCE,,
AD000379,25.0,high,False,FIELD_FORCE,,
AD000380,231.0,medium,False,FIELD_FORCE,,
AD000381,372.0,medium,False,FIELD_FORCE,,
AD000382,403.0,medium,False,FIELD_FORCE,,
AD000383,255.0,medium,False,FIELD_FORCE,,
AD000384,329.0,medium,False,FIELD_FORCE,,
AD000385,43.0,high,False,FIELD_FORCE,,
AD000386,44.0,high,False,FIELD_FORCE,,
AD000387,125.0,medium,False,FIELD_FORCE,,
AD000388,149.0,medium,False,FIELD_FORCE,,
AD000389,41.0,high,False,FIELD_FORCE,,
AD000390,329.0,medium,False,FIELD_FORCE,,
AD000391,140.0,medium,False,FIELD_FORCE,,
AD000392,396.0,medium,False,FIELD_FORCE,,
AD000393,2278.0,low,True,TELE_DIALER,ADDR_VERIFY_LOW_CONFIDENCE_KN,"Namaskara, nimma manege baralu swalpa sahaya beku. Dayavittu heli: nimma mane yaava cross athava raste alli ide, hattirada landmark yavudu (gudi, shaale, bus stop), mattu nimma gate yaava banna?"
AD000394,329.0,medium,False,FIELD_FORCE,,
AD000395,275.0,medium,False,FIELD_FORCE,,
AD000396,234.0,medium,False,FIELD_FORCE,,
AD000397,25.0,high,False,FIELD_FORCE,,
AD000398,32.0,high,False,FIELD_FORCE,,
AD000399,175.0,medium,False,FIELD_FORCE,,
AD000400,31.0,high,False,FIELD_FORCE,,
AD000401,411.0,medium,False,FIELD_FORCE,,
AD000402,149.0,medium,False,FIELD_FORCE,,
AD000403,329.0,medium,False,FIELD_FORCE,,
AD000404,37.0,high,False,FIELD_FORCE,,
AD000405,329.0,medium,False,FIELD_FORCE,,
AD000406,329.0,medium,False,FIELD_FORCE,,
AD000407,51.0,high,False,FIELD_FORCE,,
AD000408,276.0,medium,False,FIELD_FORCE,,
AD000409,329.0,medium,False,FIELD_FORCE,,
AD000410,396.0,medium,False,FIELD_FORCE,,
AD000411,1230.0,low,True,TELE_DIALER,ADDR_VERIFY_LOW_CONFIDENCE_HI,"Namaste, aapke ghar tak pahunchne ke liye thodi madad chahiye. Kripya bataiye: aapka ghar kaun si cross ya gali mein hai, sabse paas ka landmark kya hai (mandir, school, bus stop), aur aapke gate ka rang kya hai?"
AD000412,36.0,high,False,FIELD_FORCE,,
AD000413,,low,True,TELE_DIALER,ADDR_VERIFY_OUT_OF_AREA_HI,"Namaste, aapke ghar tak pahunchne ke liye thodi madad chahiye. Kripya bataiye: aapka ghar kaun si cross ya gali mein hai, sabse paas ka landmark kya hai (mandir, school, bus stop), aur aapke gate ka rang kya hai?"
AD000414,175.0,medium,False,FIELD_FORCE,,
AD000415,,low,True,TELE_DIALER,ADDR_VERIFY_OUT_OF_AREA_EN,"Hello, we need a little help to reach your home. Please tell us which cross or street your house is on, the nearest landmark (temple, school, bus stop), and the colour of your gate."
AD000416,255.0,medium,False,FIELD_FORCE,,
AD000417,149.0,medium,False,FIELD_FORCE,,
AD000418,329.0,medium,False,FIELD_FORCE,,
AD000419,44.0,high,False,FIELD_FORCE,,
AD000420,56.0,high,False,FIELD_FORCE,,
AD000421,194.0,medium,False,FIELD_FORCE,,
AD000422,191.0,medium,False,FIELD_FORCE,,
AD000423,329.0,medium,False,FIELD_FORCE,,
AD000424,26.0,high,False,FIELD_FORCE,,
AD000425,,low,True,TELE_DIALER,ADDR_VERIFY_OUT_OF_AREA_HI,"Namaste, aapke ghar tak pahunchne ke liye thodi madad chahiye. Kripya bataiye: aapka ghar kaun si cross ya gali mein hai, sabse paas ka landmark kya hai (mandir, school, bus stop), aur aapke gate ka rang kya hai?"
AD000426,50.0,high,False,FIELD_FORCE,,
AD000427,65.0,high,False,FIELD_FORCE,,
AD000428,38.0,high,False,FIELD_FORCE,,
AD000429,329.0,medium,False,FIELD_FORCE,,
AD000430,166.0,medium,False,FIELD_FORCE,,
AD000431,,low,True,TELE_DIALER,ADDR_VERIFY_OUT_OF_AREA_HI,"Namaste, aapke ghar tak pahunchne ke liye thodi madad chahiye. Kripya bataiye: aapka ghar kaun si cross ya gali mein hai, sabse paas ka landmark kya hai (mandir, school, bus stop), aur aapke gate ka rang kya hai?"
AD000432,372.0,medium,False,FIELD_FORCE,,
AD000433,56.0,high,False,FIELD_FORCE,,
AD000434,243.0,medium,False,FIELD_FORCE,,
AD000435,329.0,medium,False,FIELD_FORCE,,
AD000436,2278.0,low,True,TELE_DIALER,ADDR_VERIFY_LOW_CONFIDENCE_HI,"Namaste, aapke ghar tak pahunchne ke liye thodi madad chahiye. Kripya bataiye: aapka ghar kaun si cross ya gali mein hai, sabse paas ka landmark kya hai (mandir, school, bus stop), aur aapke gate ka rang kya hai?"
AD000437,215.0,medium,False,FIELD_FORCE,,
AD000438,569.0,low,True,TELE_DIALER,ADDR_VERIFY_NOT_TRACEABLE_HI,"Namaste, aapke ghar tak pahunchne ke liye thodi madad chahiye. Kripya bataiye: aapka ghar kaun si cross ya gali mein hai, sabse paas ka landmark kya hai (mandir, school, bus stop), aur aapke gate ka rang kya hai?"
AD000439,279.0,medium,False,FIELD_FORCE,,
AD000440,569.0,low,True,TELE_DIALER,ADDR_VERIFY_LOW_CONFIDENCE_KN,"Namaskara, nimma manege baralu swalpa sahaya beku. Dayavittu heli: nimma mane yaava cross athava raste alli ide, hattirada landmark yavudu (gudi, shaale, bus stop), mattu nimma gate yaava banna?"
AD000441,37.0,high,False,FIELD_FORCE,,
AD000442,569.0,low,True,TELE_DIALER,ADDR_VERIFY_LOW_CONFIDENCE_EN,"Hello, we need a little help to reach your home. Please tell us which cross or street your house is on, the nearest landmark (temple, school, bus stop), and the colour of your gate."
AD000443,40.0,high,False,FIELD_FORCE,,
AD000444,34.0,high,False,FIELD_FORCE,,
AD000445,255.0,medium,False,FIELD_FORCE,,
AD000446,46.0,high,False,FIELD_FORCE,,
AD000447,133.0,medium,False,FIELD_FORCE,,
AD000448,237.0,medium,False,FIELD_FORCE,,
AD000449,67.0,high,False,FIELD_FORCE,,
AD000450,556.0,low,True,TELE_DIALER,ADDR_VERIFY_LOW_CONFIDENCE_EN,"Hello, we need a little help to reach your home. Please tell us which cross or street your house is on, the nearest landmark (temple, school, bus stop), and the colour of your gate."
AD000451,26.0,high,False,FIELD_FORCE,,
AD000452,226.0,medium,False,FIELD_FORCE,,
AD000453,175.0,medium,False,FIELD_FORCE,,
AD000454,,low,True,TELE_DIALER,ADDR_VERIFY_OUT_OF_AREA_KN,"Namaskara, nimma manege baralu swalpa sahaya beku. Dayavittu heli: nimma mane yaava cross athava raste alli ide, hattirada landmark yavudu (gudi, shaale, bus stop), mattu nimma gate yaava banna?"
AD000455,329.0,medium,False,FIELD_FORCE,,
AD000456,35.0,high,False,FIELD_FORCE,,
AD000457,175.0,medium,False,FIELD_FORCE,,
AD000458,194.0,medium,False,FIELD_FORCE,,
AD000459,285.0,medium,False,FIELD_FORCE,,
AD000460,20.0,high,False,FIELD_FORCE,,
AD000461,279.0,medium,False,FIELD_FORCE,,
AD000462,329.0,medium,False,FIELD_FORCE,,
AD000463,,low,True,TELE_DIALER,ADDR_VERIFY_OUT_OF_AREA_KN,"Namaskara, nimma manege baralu swalpa sahaya beku. Dayavittu heli: nimma mane yaava cross athava raste alli ide, hattirada landmark yavudu (gudi, shaale, bus stop), mattu nimma gate yaava banna?"
AD000464,286.0,medium,False,FIELD_FORCE,,
AD000465,34.0,high,False,FIELD_FORCE,,
AD000466,569.0,low,True,TELE_DIALER,ADDR_VERIFY_LOW_CONFIDENCE_KN,"Namaskara, nimma manege baralu swalpa sahaya beku. Dayavittu heli: nimma mane yaava cross athava raste alli ide, hattirada landmark yavudu (gudi, shaale, bus stop), mattu nimma gate yaava banna?"
AD000467,41.0,high,False,FIELD_FORCE,,
AD000468,237.0,medium,False,FIELD_FORCE,,
AD000469,43.0,high,False,FIELD_FORCE,,
AD000470,,low,True,TELE_DIALER,ADDR_VERIFY_OUT_OF_AREA_KN,"Namaskara, nimma manege baralu swalpa sahaya beku. Dayavittu heli: nimma mane yaava cross athava raste alli ide, hattirada landmark yavudu (gudi, shaale, bus stop), mattu nimma gate yaava banna?"
AD000471,47.0,high,False,FIELD_FORCE,,
AD000472,33.0,high,False,FIELD_FORCE,,
AD000473,25.0,high,False,FIELD_FORCE,,
AD000474,,low,True,TELE_DIALER,ADDR_VERIFY_OUT_OF_AREA_HI,"Namaste, aapke ghar tak pahunchne ke liye thodi madad chahiye. Kripya bataiye: aapka ghar kaun si cross ya gali mein hai, sabse paas ka landmark kya hai (mandir, school, bus stop), aur aapke gate ka rang kya hai?"
AD000475,23.0,high,False,FIELD_FORCE,,
AD000476,,low,True,TELE_DIALER,ADDR_VERIFY_OUT_OF_AREA_KN,"Namaskara, nimma manege baralu swalpa sahaya beku. Dayavittu heli: nimma mane yaava cross athava raste alli ide, hattirada landmark yavudu (gudi, shaale, bus stop), mattu nimma gate yaava banna?"
AD000477,31.0,high,False,FIELD_FORCE,,
AD000478,140.0,medium,False,FIELD_FORCE,,
AD000479,276.0,medium,False,FIELD_FORCE,,
AD000480,569.0,low,True,TELE_DIALER,ADDR_VERIFY_LOW_CONFIDENCE_HI,"Namaste, aapke ghar tak pahunchne ke liye thodi madad chahiye. Kripya bataiye: aapka ghar kaun si cross ya gali mein hai, sabse paas ka landmark kya hai (mandir, school, bus stop), aur aapke gate ka rang kya hai?"
AD000481,569.0,low,True,TELE_DIALER,ADDR_VERIFY_LOW_CONFIDENCE_HI,"Namaste, aapke ghar tak pahunchne ke liye thodi madad chahiye. Kripya bataiye: aapka ghar kaun si cross ya gali mein hai, sabse paas ka landmark kya hai (mandir, school, bus stop), aur aapke gate ka rang kya hai?"
AD000482,243.0,medium,False,FIELD_FORCE,,
AD000483,569.0,low,True,TELE_DIALER,ADDR_VERIFY_LOW_CONFIDENCE_KN,"Namaskara, nimma manege baralu swalpa sahaya beku. Dayavittu heli: nimma mane yaava cross athava raste alli ide, hattirada landmark yavudu (gudi, shaale, bus stop), mattu nimma gate yaava banna?"
AD000484,33.0,high,False,FIELD_FORCE,,
AD000485,201.0,medium,False,FIELD_FORCE,,
AD000486,129.0,medium,False,FIELD_FORCE,,
AD000487,396.0,medium,False,FIELD_FORCE,,
AD000488,11.0,high,False,FIELD_FORCE,,
AD000489,76.0,high,False,FIELD_FORCE,,
AD000490,,low,True,TELE_DIALER,ADDR_VERIFY_OUT_OF_AREA_HI,"Namaste, aapke ghar tak pahunchne ke liye thodi madad chahiye. Kripya bataiye: aapka ghar kaun si cross ya gali mein hai, sabse paas ka landmark kya hai (mandir, school, bus stop), aur aapke gate ka rang kya hai?"
AD000491,205.0,medium,False,FIELD_FORCE,,
AD000492,569.0,low,True,TELE_DIALER,ADDR_VERIFY_LOW_CONFIDENCE_EN,"Hello, we need a little help to reach your home. Please tell us which cross or street your house is on, the nearest landmark (temple, school, bus stop), and the colour of your gate."
AD000493,569.0,low,True,TELE_DIALER,ADDR_VERIFY_LOW_CONFIDENCE_KN,"Namaskara, nimma manege baralu swalpa sahaya beku. Dayavittu heli: nimma mane yaava cross athava raste alli ide, hattirada landmark yavudu (gudi, shaale, bus stop), mattu nimma gate yaava banna?"
AD000494,,low,True,TELE_DIALER,ADDR_VERIFY_OUT_OF_AREA_KN,"Namaskara, nimma manege baralu swalpa sahaya beku. Dayavittu heli: nimma mane yaava cross athava raste alli ide, hattirada landmark yavudu (gudi, shaale, bus stop), mattu nimma gate yaava banna?"
AD000495,41.0,high,True,FIELD_FORCE,,
AD000496,,low,True,TELE_DIALER,ADDR_VERIFY_OUT_OF_AREA_HI,"Namaste, aapke ghar tak pahunchne ke liye thodi madad chahiye. Kripya bataiye: aapka ghar kaun si cross ya gali mein hai, sabse paas ka landmark kya hai (mandir, school, bus stop), aur aapke gate ka rang kya hai?"
AD000497,57.0,high,False,FIELD_FORCE,,
AD000498,35.0,high,False,FIELD_FORCE,,
AD000499,396.0,medium,False,FIELD_FORCE,,
AD000500,149.0,medium,False,FIELD_FORCE,,
AD000501,329.0,medium,False,FIELD_FORCE,,
AD000502,224.0,medium,False,FIELD_FORCE,,
AD000503,403.0,medium,False,FIELD_FORCE,,
AD000504,33.0,high,False,FIELD_FORCE,,
AD000505,396.0,medium,False,FIELD_FORCE,,
AD000506,232.0,medium,False,FIELD_FORCE,,
AD000507,239.0,medium,False,FIELD_FORCE,,
AD000508,33.0,high,False,FIELD_FORCE,,
AD000509,196.0,medium,False,FIELD_FORCE,,
AD000510,175.0,medium,False,FIELD_FORCE,,
AD000511,175.0,medium,False,FIELD_FORCE,,
AD000512,194.0,medium,False,FIELD_FORCE,,
AD000513,62.0,high,False,FIELD_FORCE,,
AD000514,,low,True,TELE_DIALER,ADDR_VERIFY_OUT_OF_AREA_KN,"Namaskara, nimma manege baralu swalpa sahaya beku. Dayavittu heli: nimma mane yaava cross athava raste alli ide, hattirada landmark yavudu (gudi, shaale, bus stop), mattu nimma gate yaava banna?"
AD000515,365.0,medium,False,FIELD_FORCE,,
AD000516,,low,True,TELE_DIALER,ADDR_VERIFY_OUT_OF_AREA_HI,"Namaste, aapke ghar tak pahunchne ke liye thodi madad chahiye. Kripya bataiye: aapka ghar kaun si cross ya gali mein hai, sabse paas ka landmark kya hai (mandir, school, bus stop), aur aapke gate ka rang kya hai?"
AD000517,33.0,high,False,FIELD_FORCE,,
AD000518,329.0,medium,False,FIELD_FORCE,,
AD000519,111.0,medium,False,FIELD_FORCE,,
AD000520,,low,True,TELE_DIALER,ADDR_VERIFY_OUT_OF_AREA_HI,"Namaste, aapke ghar tak pahunchne ke liye thodi madad chahiye. Kripya bataiye: aapka ghar kaun si cross ya gali mein hai, sabse paas ka landmark kya hai (mandir, school, bus stop), aur aapke gate ka rang kya hai?"
AD000521,29.0,high,False,FIELD_FORCE,,
AD000522,296.0,medium,False,FIELD_FORCE,,
AD000523,329.0,medium,False,FIELD_FORCE,,
AD000524,14.0,high,False,FIELD_FORCE,,
AD000525,230.0,medium,False,FIELD_FORCE,,
AD000526,32.0,high,False,FIELD_FORCE,,
AD000527,569.0,low,True,TELE_DIALER,ADDR_VERIFY_LOW_CONFIDENCE_HI,"Namaste, aapke ghar tak pahunchne ke liye thodi madad chahiye. Kripya bataiye: aapka ghar kaun si cross ya gali mein hai, sabse paas ka landmark kya hai (mandir, school, bus stop), aur aapke gate ka rang kya hai?"
AD000528,161.0,medium,False,FIELD_FORCE,,
AD000529,18.0,high,False,FIELD_FORCE,,
AD000530,41.0,high,False,FIELD_FORCE,,
AD000531,41.0,high,False,FIELD_FORCE,,
AD000532,26.0,high,False,FIELD_FORCE,,
AD000533,65.0,high,False,FIELD_FORCE,,
AD000534,38.0,high,False,FIELD_FORCE,,
AD000535,40.0,high,False,FIELD_FORCE,,
AD000536,215.0,medium,False,FIELD_FORCE,,
AD000537,396.0,medium,False,FIELD_FORCE,,
AD000538,23.0,high,False,FIELD_FORCE,,
AD000539,20.0,high,False,FIELD_FORCE,,
AD000540,215.0,medium,False,FIELD_FORCE,,
AD000541,22.0,high,False,FIELD_FORCE,,
AD000542,396.0,medium,False,FIELD_FORCE,,
AD000543,133.0,medium,False,FIELD_FORCE,,
AD000544,215.0,medium,False,FIELD_FORCE,,
AD000545,569.0,low,True,TELE_DIALER,ADDR_VERIFY_LOW_CONFIDENCE_KN,"Namaskara, nimma manege baralu swalpa sahaya beku. Dayavittu heli: nimma mane yaava cross athava raste alli ide, hattirada landmark yavudu (gudi, shaale, bus stop), mattu nimma gate yaava banna?"
AD000546,,low,True,TELE_DIALER,ADDR_VERIFY_OUT_OF_AREA_KN,"Namaskara, nimma manege baralu swalpa sahaya beku. Dayavittu heli: nimma mane yaava cross athava raste alli ide, hattirada landmark yavudu (gudi, shaale, bus stop), mattu nimma gate yaava banna?"
AD000547,133.0,medium,False,FIELD_FORCE,,
AD000548,201.0,medium,False,FIELD_FORCE,,
AD000549,285.0,medium,False,FIELD_FORCE,,
AD000550,33.0,high,False,FIELD_FORCE,,
AD000551,120.0,medium,False,FIELD_FORCE,,
AD000552,205.0,medium,False,FIELD_FORCE,,
AD000553,61.0,high,False,FIELD_FORCE,,
AD000554,175.0,medium,False,FIELD_FORCE,,
AD000555,175.0,medium,False,FIELD_FORCE,,
AD000556,41.0,high,False,FIELD_FORCE,,
AD000557,43.0,high,False,FIELD_FORCE,,
AD000558,285.0,medium,False,FIELD_FORCE,,
AD000559,,low,True,TELE_DIALER,ADDR_VERIFY_OUT_OF_AREA_HI,"Namaste, aapke ghar tak pahunchne ke liye thodi madad chahiye. Kripya bataiye: aapka ghar kaun si cross ya gali mein hai, sabse paas ka landmark kya hai (mandir, school, bus stop), aur aapke gate ka rang kya hai?"
AD000560,21.0,high,False,FIELD_FORCE,,
AD000561,35.0,high,False,FIELD_FORCE,,
AD000562,55.0,high,False,FIELD_FORCE,,
AD000563,32.0,high,False,FIELD_FORCE,,
AD000564,,low,True,TELE_DIALER,ADDR_VERIFY_OUT_OF_AREA_KN,"Namaskara, nimma manege baralu swalpa sahaya beku. Dayavittu heli: nimma mane yaava cross athava raste alli ide, hattirada landmark yavudu (gudi, shaale, bus stop), mattu nimma gate yaava banna?"
AD000565,44.0,high,False,FIELD_FORCE,,
AD000566,279.0,medium,False,FIELD_FORCE,,
AD000567,231.0,medium,False,FIELD_FORCE,,
AD000568,215.0,medium,False,FIELD_FORCE,,
AD000569,22.0,high,False,FIELD_FORCE,,
AD000570,52.0,high,False,FIELD_FORCE,,
AD000571,,low,True,TELE_DIALER,ADDR_VERIFY_OUT_OF_AREA_HI,"Namaste, aapke ghar tak pahunchne ke liye thodi madad chahiye. Kripya bataiye: aapka ghar kaun si cross ya gali mein hai, sabse paas ka landmark kya hai (mandir, school, bus stop), aur aapke gate ka rang kya hai?"
AD000572,569.0,low,True,TELE_DIALER,ADDR_VERIFY_LOW_CONFIDENCE_EN,"Hello, we need a little help to reach your home. Please tell us which cross or street your house is on, the nearest landmark (temple, school, bus stop), and the colour of your gate."
AD000573,26.0,high,False,FIELD_FORCE,,
AD000574,42.0,high,False,FIELD_FORCE,,
AD000575,51.0,high,False,FIELD_FORCE,,
AD000576,31.0,high,False,FIELD_FORCE,,
AD000577,175.0,medium,False,FIELD_FORCE,,
AD000578,569.0,low,True,TELE_DIALER,ADDR_VERIFY_LOW_CONFIDENCE_KN,"Namaskara, nimma manege baralu swalpa sahaya beku. Dayavittu heli: nimma mane yaava cross athava raste alli ide, hattirada landmark yavudu (gudi, shaale, bus stop), mattu nimma gate yaava banna?"
AD000579,12.0,high,False,FIELD_FORCE,,
AD000580,396.0,medium,False,FIELD_FORCE,,
AD000581,60.0,high,False,FIELD_FORCE,,
AD000582,,low,True,TELE_DIALER,ADDR_VERIFY_OUT_OF_AREA_HI,"Namaste, aapke ghar tak pahunchne ke liye thodi madad chahiye. Kripya bataiye: aapka ghar kaun si cross ya gali mein hai, sabse paas ka landmark kya hai (mandir, school, bus stop), aur aapke gate ka rang kya hai?"
AD000583,175.0,medium,False,FIELD_FORCE,,
AD000584,329.0,medium,False,FIELD_FORCE,,
AD000585,225.0,medium,False,FIELD_FORCE,,
AD000586,66.0,high,False,FIELD_FORCE,,
AD000587,58.0,high,False,FIELD_FORCE,,
AD000588,232.0,medium,False,FIELD_FORCE,,
AD000589,28.0,high,False,FIELD_FORCE,,
AD000590,280.0,medium,False,FIELD_FORCE,,
AD000591,234.0,medium,False,FIELD_FORCE,,
AD000592,194.0,medium,True,FIELD_FORCE,,
AD000593,215.0,medium,False,FIELD_FORCE,,
AD000594,396.0,medium,False,FIELD_FORCE,,
AD000595,149.0,medium,False,FIELD_FORCE,,
AD000596,24.0,high,False,FIELD_FORCE,,
AD000597,234.0,medium,False,FIELD_FORCE,,
AD000598,23.0,high,False,FIELD_FORCE,,
AD000599,9110.0,low,True,TELE_DIALER,ADDR_VERIFY_NOT_TRACEABLE_HI,"Namaste, aapke ghar tak pahunchne ke liye thodi madad chahiye. Kripya bataiye: aapka ghar kaun si cross ya gali mein hai, sabse paas ka landmark kya hai (mandir, school, bus stop), aur aapke gate ka rang kya hai?"
AD000600,24.0,high,False,FIELD_FORCE,,
AD000601,396.0,medium,False,FIELD_FORCE,,
AD000602,23.0,high,False,FIELD_FORCE,,
AD000603,837.0,low,True,TELE_DIALER,ADDR_VERIFY_LOW_CONFIDENCE_HI,"Namaste, aapke ghar tak pahunchne ke liye thodi madad chahiye. Kripya bataiye: aapka ghar kaun si cross ya gali mein hai, sabse paas ka landmark kya hai (mandir, school, bus stop), aur aapke gate ka rang kya hai?"
AD000604,569.0,low,True,TELE_DIALER,ADDR_VERIFY_LOW_CONFIDENCE_HI,"Namaste, aapke ghar tak pahunchne ke liye thodi madad chahiye. Kripya bataiye: aapka ghar kaun si cross ya gali mein hai, sabse paas ka landmark kya hai (mandir, school, bus stop), aur aapke gate ka rang kya hai?"
AD000605,56.0,high,False,FIELD_FORCE,,
AD000606,38.0,high,False,FIELD_FORCE,,
AD000607,15.0,high,False,FIELD_FORCE,,
AD000608,15.0,high,False,FIELD_FORCE,,
AD000609,285.0,medium,False,FIELD_FORCE,,
AD000610,215.0,medium,False,FIELD_FORCE,,
AD000611,387.0,medium,False,FIELD_FORCE,,
AD000612,374.0,medium,False,FIELD_FORCE,,
AD000613,41.0,high,False,FIELD_FORCE,,
AD000614,62.0,high,False,FIELD_FORCE,,
AD000615,175.0,medium,False,FIELD_FORCE,,
AD000616,396.0,medium,False,FIELD_FORCE,,
AD000617,32.0,high,False,FIELD_FORCE,,
AD000618,,low,True,TELE_DIALER,ADDR_VERIFY_OUT_OF_AREA_HI,"Namaste, aapke ghar tak pahunchne ke liye thodi madad chahiye. Kripya bataiye: aapka ghar kaun si cross ya gali mein hai, sabse paas ka landmark kya hai (mandir, school, bus stop), aur aapke gate ka rang kya hai?"
AD000619,569.0,low,True,TELE_DIALER,ADDR_VERIFY_LOW_CONFIDENCE_HI,"Namaste, aapke ghar tak pahunchne ke liye thodi madad chahiye. Kripya bataiye: aapka ghar kaun si cross ya gali mein hai, sabse paas ka landmark kya hai (mandir, school, bus stop), aur aapke gate ka rang kya hai?"
AD000620,205.0,medium,False,FIELD_FORCE,,
AD000621,215.0,medium,False,FIELD_FORCE,,
AD000622,28.0,high,False,FIELD_FORCE,,
AD000623,28.0,high,False,FIELD_FORCE,,
AD000624,195.0,medium,False,FIELD_FORCE,,
AD000625,396.0,medium,False,FIELD_FORCE,,
AD000626,378.0,medium,False,FIELD_FORCE,,
AD000627,77.0,high,True,FIELD_FORCE,,
AD000628,182.0,medium,False,FIELD_FORCE,,
AD000629,329.0,medium,False,FIELD_FORCE,,
AD000630,75.0,high,False,FIELD_FORCE,,
AD000631,38.0,high,False,FIELD_FORCE,,
AD000632,19.0,high,False,FIELD_FORCE,,
AD000633,403.0,medium,False,FIELD_FORCE,,
AD000634,32.0,high,False,FIELD_FORCE,,
AD000635,46.0,high,False,FIELD_FORCE,,
AD000636,396.0,medium,False,FIELD_FORCE,,
AD000637,396.0,medium,False,FIELD_FORCE,,
AD000638,38.0,high,False,FIELD_FORCE,,
AD000639,23.0,high,False,FIELD_FORCE,,
AD000640,,low,True,TELE_DIALER,ADDR_VERIFY_OUT_OF_AREA_HI,"Namaste, aapke ghar tak pahunchne ke liye thodi madad chahiye. Kripya bataiye: aapka ghar kaun si cross ya gali mein hai, sabse paas ka landmark kya hai (mandir, school, bus stop), aur aapke gate ka rang kya hai?"
AD000641,117.0,medium,False,FIELD_FORCE,,
AD000642,50.0,high,False,FIELD_FORCE,,
AD000643,,low,True,TELE_DIALER,ADDR_VERIFY_OUT_OF_AREA_HI,"Namaste, aapke ghar tak pahunchne ke liye thodi madad chahiye. Kripya bataiye: aapka ghar kaun si cross ya gali mein hai, sabse paas ka landmark kya hai (mandir, school, bus stop), aur aapke gate ka rang kya hai?"
AD000644,175.0,medium,False,FIELD_FORCE,,
AD000645,18.0,high,False,FIELD_FORCE,,
AD000646,57.0,high,False,FIELD_FORCE,,
AD000647,19.0,high,False,FIELD_FORCE,,
AD000648,396.0,medium,False,FIELD_FORCE,,
AD000649,170.0,medium,True,FIELD_FORCE,,
AD000650,278.0,medium,False,FIELD_FORCE,,
AD000651,175.0,medium,False,FIELD_FORCE,,
AD000652,15.0,high,False,FIELD_FORCE,,
AD000653,329.0,medium,False,FIELD_FORCE,,
AD000654,52.0,high,False,FIELD_FORCE,,
AD000655,126.0,medium,False,FIELD_FORCE,,
AD000656,837.0,low,True,TELE_DIALER,ADDR_VERIFY_LOW_CONFIDENCE_EN,"Hello, we need a little help to reach your home. Please tell us which cross or street your house is on, the nearest landmark (temple, school, bus stop), and the colour of your gate."
AD000657,569.0,low,True,TELE_DIALER,ADDR_VERIFY_LOW_CONFIDENCE_EN,"Hello, we need a little help to reach your home. Please tell us which cross or street your house is on, the nearest landmark (temple, school, bus stop), and the colour of your gate."
AD000658,21.0,high,False,FIELD_FORCE,,
AD000659,,low,True,TELE_DIALER,ADDR_VERIFY_OUT_OF_AREA_KN,"Namaskara, nimma manege baralu swalpa sahaya beku. Dayavittu heli: nimma mane yaava cross athava raste alli ide, hattirada landmark yavudu (gudi, shaale, bus stop), mattu nimma gate yaava banna?"
AD000660,32.0,high,False,FIELD_FORCE,,
AD000661,,low,True,TELE_DIALER,ADDR_VERIFY_OUT_OF_AREA_HI,"Namaste, aapke ghar tak pahunchne ke liye thodi madad chahiye. Kripya bataiye: aapka ghar kaun si cross ya gali mein hai, sabse paas ka landmark kya hai (mandir, school, bus stop), aur aapke gate ka rang kya hai?"
AD000662,31.0,high,False,FIELD_FORCE,,
AD000663,46.0,high,False,FIELD_FORCE,,
AD000664,569.0,low,True,TELE_DIALER,ADDR_VERIFY_LOW_CONFIDENCE_KN,"Namaskara, nimma manege baralu swalpa sahaya beku. Dayavittu heli: nimma mane yaava cross athava raste alli ide, hattirada landmark yavudu (gudi, shaale, bus stop), mattu nimma gate yaava banna?"
AD000665,140.0,medium,False,FIELD_FORCE,,
AD000666,28.0,high,False,FIELD_FORCE,,
AD000667,29.0,high,False,FIELD_FORCE,,
AD000668,17.0,high,False,FIELD_FORCE,,
AD000669,20.0,high,False,FIELD_FORCE,,
AD000670,,low,True,TELE_DIALER,ADDR_VERIFY_OUT_OF_AREA_HI,"Namaste, aapke ghar tak pahunchne ke liye thodi madad chahiye. Kripya bataiye: aapka ghar kaun si cross ya gali mein hai, sabse paas ka landmark kya hai (mandir, school, bus stop), aur aapke gate ka rang kya hai?"
AD000671,46.0,high,False,FIELD_FORCE,,
AD000672,21.0,high,False,FIELD_FORCE,,
AD000673,396.0,medium,False,FIELD_FORCE,,
AD000674,43.0,high,False,FIELD_FORCE,,
AD000675,215.0,medium,False,FIELD_FORCE,,
AD000676,396.0,medium,False,FIELD_FORCE,,
AD000677,329.0,medium,False,FIELD_FORCE,,
AD000678,42.0,high,False,FIELD_FORCE,,
AD000679,234.0,medium,False,FIELD_FORCE,,
AD000680,32.0,high,False,FIELD_FORCE,,
AD000681,132.0,medium,False,FIELD_FORCE,,
AD000682,194.0,medium,False,FIELD_FORCE,,
AD000683,569.0,low,True,TELE_DIALER,ADDR_VERIFY_LOW_CONFIDENCE_KN,"Namaskara, nimma manege baralu swalpa sahaya beku. Dayavittu heli: nimma mane yaava cross athava raste alli ide, hattirada landmark yavudu (gudi, shaale, bus stop), mattu nimma gate yaava banna?"
AD000684,140.0,medium,False,FIELD_FORCE,,
AD000685,36.0,high,False,FIELD_FORCE,,
AD000686,29.0,high,False,FIELD_FORCE,,
AD000687,329.0,medium,False,FIELD_FORCE,,
AD000688,126.0,medium,False,FIELD_FORCE,,
AD000689,329.0,medium,False,FIELD_FORCE,,
AD000690,329.0,medium,False,FIELD_FORCE,,
AD000691,,low,True,TELE_DIALER,ADDR_VERIFY_OUT_OF_AREA_HI,"Namaste, aapke ghar tak pahunchne ke liye thodi madad chahiye. Kripya bataiye: aapka ghar kaun si cross ya gali mein hai, sabse paas ka landmark kya hai (mandir, school, bus stop), aur aapke gate ka rang kya hai?"
AD000692,255.0,medium,False,FIELD_FORCE,,
AD000693,255.0,medium,False,FIELD_FORCE,,
AD000694,378.0,medium,False,FIELD_FORCE,,
AD000695,285.0,medium,False,FIELD_FORCE,,
AD000696,38.0,high,False,FIELD_FORCE,,
AD000697,296.0,medium,False,FIELD_FORCE,,
AD000698,329.0,medium,False,FIELD_FORCE,,
AD000699,37.0,high,False,FIELD_FORCE,,
AD000700,215.0,medium,False,FIELD_FORCE,,
AD000701,569.0,low,True,TELE_DIALER,ADDR_VERIFY_LOW_CONFIDENCE_HI,"Namaste, aapke ghar tak pahunchne ke liye thodi madad chahiye. Kripya bataiye: aapka ghar kaun si cross ya gali mein hai, sabse paas ka landmark kya hai (mandir, school, bus stop), aur aapke gate ka rang kya hai?"
AD000702,140.0,medium,False,FIELD_FORCE,,
AD000703,38.0,high,False,FIELD_FORCE,,
AD000704,592.0,low,True,TELE_DIALER,ADDR_VERIFY_NOT_TRACEABLE_HI,"Namaste, aapke ghar tak pahunchne ke liye thodi madad chahiye. Kripya bataiye: aapka ghar kaun si cross ya gali mein hai, sabse paas ka landmark kya hai (mandir, school, bus stop), aur aapke gate ka rang kya hai?"
AD000705,55.0,high,False,FIELD_FORCE,,
AD000706,182.0,medium,False,FIELD_FORCE,,
AD000707,569.0,low,True,TELE_DIALER,ADDR_VERIFY_LOW_CONFIDENCE_HI,"Namaste, aapke ghar tak pahunchne ke liye thodi madad chahiye. Kripya bataiye: aapka ghar kaun si cross ya gali mein hai, sabse paas ka landmark kya hai (mandir, school, bus stop), aur aapke gate ka rang kya hai?"
AD000708,372.0,medium,False,FIELD_FORCE,,
AD000709,569.0,low,True,TELE_DIALER,ADDR_VERIFY_LOW_CONFIDENCE_EN,"Hello, we need a little help to reach your home. Please tell us which cross or street your house is on, the nearest landmark (temple, school, bus stop), and the colour of your gate."
AD000710,43.0,high,False,FIELD_FORCE,,
AD000711,25.0,high,False,FIELD_FORCE,,
AD000712,296.0,medium,False,FIELD_FORCE,,
AD000713,387.0,medium,False,FIELD_FORCE,,
AD000714,,low,True,TELE_DIALER,ADDR_VERIFY_OUT_OF_AREA_HI,"Namaste, aapke ghar tak pahunchne ke liye thodi madad chahiye. Kripya bataiye: aapka ghar kaun si cross ya gali mein hai, sabse paas ka landmark kya hai (mandir, school, bus stop), aur aapke gate ka rang kya hai?"
AD000715,272.0,medium,False,FIELD_FORCE,,
AD000716,,low,True,TELE_DIALER,ADDR_VERIFY_OUT_OF_AREA_HI,"Namaste, aapke ghar tak pahunchne ke liye thodi madad chahiye. Kripya bataiye: aapka ghar kaun si cross ya gali mein hai, sabse paas ka landmark kya hai (mandir, school, bus stop), aur aapke gate ka rang kya hai?"
AD000717,231.0,medium,False,FIELD_FORCE,,
AD000718,533.0,low,True,TELE_DIALER,ADDR_VERIFY_LOW_CONFIDENCE_HI,"Namaste, aapke ghar tak pahunchne ke liye thodi madad chahiye. Kripya bataiye: aapka ghar kaun si cross ya gali mein hai, sabse paas ka landmark kya hai (mandir, school, bus stop), aur aapke gate ka rang kya hai?"
AD000719,14.0,high,False,FIELD_FORCE,,
AD000720,403.0,medium,False,FIELD_FORCE,,
AD000721,103.0,medium,False,FIELD_FORCE,,
AD000722,43.0,high,False,FIELD_FORCE,,
AD000723,329.0,medium,False,FIELD_FORCE,,
AD000724,,low,True,TELE_DIALER,ADDR_VERIFY_OUT_OF_AREA_KN,"Namaskara, nimma manege baralu swalpa sahaya beku. Dayavittu heli: nimma mane yaava cross athava raste alli ide, hattirada landmark yavudu (gudi, shaale, bus stop), mattu nimma gate yaava banna?"
AD000725,215.0,medium,False,FIELD_FORCE,,
AD000726,,low,True,TELE_DIALER,ADDR_VERIFY_OUT_OF_AREA_HI,"Namaste, aapke ghar tak pahunchne ke liye thodi madad chahiye. Kripya bataiye: aapka ghar kaun si cross ya gali mein hai, sabse paas ka landmark kya hai (mandir, school, bus stop), aur aapke gate ka rang kya hai?"
AD000727,26.0,high,False,FIELD_FORCE,,
AD000728,255.0,medium,False,FIELD_FORCE,,
AD000729,,low,True,TELE_DIALER,ADDR_VERIFY_OUT_OF_AREA_HI,"Namaste, aapke ghar tak pahunchne ke liye thodi madad chahiye. Kripya bataiye: aapka ghar kaun si cross ya gali mein hai, sabse paas ka landmark kya hai (mandir, school, bus stop), aur aapke gate ka rang kya hai?"
AD000730,378.0,medium,False,FIELD_FORCE,,
AD000731,569.0,low,True,TELE_DIALER,ADDR_VERIFY_LOW_CONFIDENCE_KN,"Namaskara, nimma manege baralu swalpa sahaya beku. Dayavittu heli: nimma mane yaava cross athava raste alli ide, hattirada landmark yavudu (gudi, shaale, bus stop), mattu nimma gate yaava banna?"
AD000732,333.0,medium,False,FIELD_FORCE,,
AD000733,20.0,high,False,FIELD_FORCE,,
AD000734,149.0,medium,False,FIELD_FORCE,,
AD000735,12.0,high,False,FIELD_FORCE,,
AD000736,569.0,low,True,TELE_DIALER,ADDR_VERIFY_LOW_CONFIDENCE_HI,"Namaste, aapke ghar tak pahunchne ke liye thodi madad chahiye. Kripya bataiye: aapka ghar kaun si cross ya gali mein hai, sabse paas ka landmark kya hai (mandir, school, bus stop), aur aapke gate ka rang kya hai?"
AD000737,35.0,high,False,FIELD_FORCE,,
AD000738,25.0,high,False,FIELD_FORCE,,
AD000739,26.0,high,False,FIELD_FORCE,,
AD000740,37.0,high,False,FIELD_FORCE,,
AD000741,21.0,high,False,FIELD_FORCE,,
AD000742,569.0,low,True,TELE_DIALER,ADDR_VERIFY_LOW_CONFIDENCE_KN,"Namaskara, nimma manege baralu swalpa sahaya beku. Dayavittu heli: nimma mane yaava cross athava raste alli ide, hattirada landmark yavudu (gudi, shaale, bus stop), mattu nimma gate yaava banna?"
AD000743,49.0,high,True,FIELD_FORCE,,
AD000744,51.0,high,False,FIELD_FORCE,,
AD000745,296.0,medium,False,FIELD_FORCE,,
AD000746,124.0,medium,False,FIELD_FORCE,,
AD000747,,low,True,TELE_DIALER,ADDR_VERIFY_OUT_OF_AREA_HI,"Namaste, aapke ghar tak pahunchne ke liye thodi madad chahiye. Kripya bataiye: aapka ghar kaun si cross ya gali mein hai, sabse paas ka landmark kya hai (mandir, school, bus stop), aur aapke gate ka rang kya hai?"
AD000748,140.0,medium,False,FIELD_FORCE,,
AD000749,35.0,high,False,FIELD_FORCE,,
AD000750,57.0,high,False,FIELD_FORCE,,
AD000751,329.0,medium,False,FIELD_FORCE,,
AD000752,296.0,medium,False,FIELD_FORCE,,
AD000753,29.0,high,True,FIELD_FORCE,,
AD000754,396.0,medium,False,FIELD_FORCE,,
AD000755,272.0,medium,False,FIELD_FORCE,,
AD000756,23.0,high,False,FIELD_FORCE,,
AD000757,403.0,medium,False,FIELD_FORCE,,
AD000758,569.0,low,True,TELE_DIALER,ADDR_VERIFY_LOW_CONFIDENCE_HI,"Namaste, aapke ghar tak pahunchne ke liye thodi madad chahiye. Kripya bataiye: aapka ghar kaun si cross ya gali mein hai, sabse paas ka landmark kya hai (mandir, school, bus stop), aur aapke gate ka rang kya hai?"
AD000759,36.0,high,False,FIELD_FORCE,,
AD000760,140.0,medium,False,FIELD_FORCE,,
AD000761,52.0,high,False,FIELD_FORCE,,
AD000762,178.0,medium,False,FIELD_FORCE,,
AD000763,175.0,medium,False,FIELD_FORCE,,
AD000764,133.0,medium,False,FIELD_FORCE,,
AD000765,175.0,medium,False,FIELD_FORCE,,
AD000766,329.0,medium,False,FIELD_FORCE,,
AD000767,374.0,medium,False,FIELD_FORCE,,
AD000768,21.0,high,False,FIELD_FORCE,,
AD000769,296.0,medium,False,FIELD_FORCE,,
AD000770,232.0,medium,False,FIELD_FORCE,,
AD000771,38.0,high,False,FIELD_FORCE,,
AD000772,231.0,medium,False,FIELD_FORCE,,
AD000773,274.0,medium,False,FIELD_FORCE,,
AD000774,32.0,high,False,FIELD_FORCE,,
AD000775,58.0,high,False,FIELD_FORCE,,
AD000776,45.0,high,False,FIELD_FORCE,,
AD000777,,low,True,TELE_DIALER,ADDR_VERIFY_OUT_OF_AREA_HI,"Namaste, aapke ghar tak pahunchne ke liye thodi madad chahiye. Kripya bataiye: aapka ghar kaun si cross ya gali mein hai, sabse paas ka landmark kya hai (mandir, school, bus stop), aur aapke gate ka rang kya hai?"
AD000778,569.0,low,True,TELE_DIALER,ADDR_VERIFY_LOW_CONFIDENCE_KN,"Namaskara, nimma manege baralu swalpa sahaya beku. Dayavittu heli: nimma mane yaava cross athava raste alli ide, hattirada landmark yavudu (gudi, shaale, bus stop), mattu nimma gate yaava banna?"
AD000779,19.0,high,False,FIELD_FORCE,,
AD000780,140.0,medium,False,FIELD_FORCE,,
AD000781,35.0,high,False,FIELD_FORCE,,
AD000782,29.0,high,False,FIELD_FORCE,,
AD000783,30.0,high,False,FIELD_FORCE,,
AD000784,333.0,medium,False,FIELD_FORCE,,
AD000785,16.0,high,False,FIELD_FORCE,,
AD000786,,low,True,TELE_DIALER,ADDR_VERIFY_OUT_OF_AREA_EN,"Hello, we need a little help to reach your home. Please tell us which cross or street your house is on, the nearest landmark (temple, school, bus stop), and the colour of your gate."
AD000787,28.0,high,False,FIELD_FORCE,,
AD000788,50.0,high,False,FIELD_FORCE,,
AD000789,194.0,medium,False,FIELD_FORCE,,
AD000790,285.0,medium,False,FIELD_FORCE,,
AD000791,120.0,medium,False,FIELD_FORCE,,
AD000792,26.0,high,True,FIELD_FORCE,,
AD000793,329.0,medium,False,FIELD_FORCE,,
AD000794,215.0,medium,False,FIELD_FORCE,,
AD000795,62.0,high,False,FIELD_FORCE,,
AD000796,,low,True,TELE_DIALER,ADDR_VERIFY_OUT_OF_AREA_HI,"Namaste, aapke ghar tak pahunchne ke liye thodi madad chahiye. Kripya bataiye: aapka ghar kaun si cross ya gali mein hai, sabse paas ka landmark kya hai (mandir, school, bus stop), aur aapke gate ka rang kya hai?"
AD000797,12.0,high,False,FIELD_FORCE,,
AD000798,569.0,low,True,TELE_DIALER,ADDR_VERIFY_LOW_CONFIDENCE_HI,"Namaste, aapke ghar tak pahunchne ke liye thodi madad chahiye. Kripya bataiye: aapka ghar kaun si cross ya gali mein hai, sabse paas ka landmark kya hai (mandir, school, bus stop), aur aapke gate ka rang kya hai?"
AD000799,30.0,high,False,FIELD_FORCE,,
AD000800,140.0,medium,False,FIELD_FORCE,,
AD000801,48.0,high,False,FIELD_FORCE,,
AD000802,29.0,high,False,FIELD_FORCE,,
AD000803,54.0,high,False,FIELD_FORCE,,
AD000804,198.0,medium,False,FIELD_FORCE,,
AD000805,194.0,medium,False,FIELD_FORCE,,
AD000806,569.0,low,True,TELE_DIALER,ADDR_VERIFY_LOW_CONFIDENCE_HI,"Namaste, aapke ghar tak pahunchne ke liye thodi madad chahiye. Kripya bataiye: aapka ghar kaun si cross ya gali mein hai, sabse paas ka landmark kya hai (mandir, school, bus stop), aur aapke gate ka rang kya hai?"
AD000807,329.0,medium,False,FIELD_FORCE,,
AD000808,28.0,high,False,FIELD_FORCE,,
AD000809,27.0,high,False,FIELD_FORCE,,
AD000810,34.0,high,False,FIELD_FORCE,,
AD000811,,low,True,TELE_DIALER,ADDR_VERIFY_OUT_OF_AREA_KN,"Namaskara, nimma manege baralu swalpa sahaya beku. Dayavittu heli: nimma mane yaava cross athava raste alli ide, hattirada landmark yavudu (gudi, shaale, bus stop), mattu nimma gate yaava banna?"
AD000812,22.0,high,False,FIELD_FORCE,,
AD000813,26.0,high,False,FIELD_FORCE,,
AD000814,2278.0,low,True,TELE_DIALER,ADDR_VERIFY_LOW_CONFIDENCE_EN,"Hello, we need a little help to reach your home. Please tell us which cross or street your house is on, the nearest landmark (temple, school, bus stop), and the colour of your gate."
AD000815,59.0,high,False,FIELD_FORCE,,
AD000816,285.0,medium,False,FIELD_FORCE,,
AD000817,40.0,high,False,FIELD_FORCE,,
AD000818,403.0,medium,False,FIELD_FORCE,,
AD000819,225.0,medium,False,FIELD_FORCE,,
AD000820,132.0,medium,False,FIELD_FORCE,,
AD000821,372.0,medium,False,FIELD_FORCE,,
AD000822,50.0,high,False,FIELD_FORCE,,
AD000823,133.0,medium,False,FIELD_FORCE,,
AD000824,9110.0,low,True,TELE_DIALER,ADDR_VERIFY_NOT_TRACEABLE_KN,"Namaskara, nimma manege baralu swalpa sahaya beku. Dayavittu heli: nimma mane yaava cross athava raste alli ide, hattirada landmark yavudu (gudi, shaale, bus stop), mattu nimma gate yaava banna?"
AD000825,50.0,high,False,FIELD_FORCE,,
AD000826,140.0,medium,False,FIELD_FORCE,,
AD000827,57.0,high,False,FIELD_FORCE,,
AD000828,4921.0,low,True,TELE_DIALER,ADDR_VERIFY_LOW_CONFIDENCE_EN,"Hello, we need a little help to reach your home. Please tell us which cross or street your house is on, the nearest landmark (temple, school, bus stop), and the colour of your gate."
AD000829,396.0,medium,False,FIELD_FORCE,,
AD000830,42.0,high,False,FIELD_FORCE,,
AD000831,215.0,medium,False,FIELD_FORCE,,
AD000832,47.0,high,True,FIELD_FORCE,,
AD000833,227.0,medium,False,FIELD_FORCE,,
AD000834,194.0,medium,False,FIELD_FORCE,,
AD000835,403.0,medium,False,FIELD_FORCE,,
AD000836,25.0,high,False,FIELD_FORCE,,
AD000837,50.0,high,False,FIELD_FORCE,,
AD000838,126.0,medium,False,FIELD_FORCE,,
AD000839,569.0,low,True,TELE_DIALER,ADDR_VERIFY_LOW_CONFIDENCE_HI,"Namaste, aapke ghar tak pahunchne ke liye thodi madad chahiye. Kripya bataiye: aapka ghar kaun si cross ya gali mein hai, sabse paas ka landmark kya hai (mandir, school, bus stop), aur aapke gate ka rang kya hai?"
AD000840,31.0,high,False,FIELD_FORCE,,
AD000841,31.0,high,False,FIELD_FORCE,,
AD000842,51.0,high,False,FIELD_FORCE,,
AD000843,30.0,high,False,FIELD_FORCE,,
AD000844,329.0,medium,False,FIELD_FORCE,,
AD000845,2278.0,low,True,TELE_DIALER,ADDR_VERIFY_LOW_CONFIDENCE_KN,"Namaskara, nimma manege baralu swalpa sahaya beku. Dayavittu heli: nimma mane yaava cross athava raste alli ide, hattirada landmark yavudu (gudi, shaale, bus stop), mattu nimma gate yaava banna?"
AD000846,16.0,high,False,FIELD_FORCE,,
AD000847,569.0,low,True,TELE_DIALER,ADDR_VERIFY_LOW_CONFIDENCE_KN,"Namaskara, nimma manege baralu swalpa sahaya beku. Dayavittu heli: nimma mane yaava cross athava raste alli ide, hattirada landmark yavudu (gudi, shaale, bus stop), mattu nimma gate yaava banna?"
AD000848,175.0,medium,False,FIELD_FORCE,,
AD000849,329.0,medium,False,FIELD_FORCE,,
AD000850,29.0,high,False,FIELD_FORCE,,
AD000851,285.0,medium,False,FIELD_FORCE,,
AD000852,51.0,high,False,FIELD_FORCE,,
AD000853,194.0,medium,False,FIELD_FORCE,,
AD000854,20.0,high,False,FIELD_FORCE,,
AD000855,271.0,medium,False,FIELD_FORCE,,
AD000856,40.0,high,True,FIELD_FORCE,,
AD000857,279.0,medium,False,FIELD_FORCE,,
AD000858,215.0,medium,False,FIELD_FORCE,,
AD000859,,low,True,TELE_DIALER,ADDR_VERIFY_OUT_OF_AREA_EN,"Hello, we need a little help to reach your home. Please tell us which cross or street your house is on, the nearest landmark (temple, school, bus stop), and the colour of your gate."
AD000860,12.0,high,False,FIELD_FORCE,,
AD000861,437.0,medium,False,FIELD_FORCE,,
AD000862,329.0,medium,False,FIELD_FORCE,,
AD000863,225.0,medium,False,FIELD_FORCE,,
AD000864,403.0,medium,False,FIELD_FORCE,,
AD000865,194.0,medium,False,FIELD_FORCE,,
AD000866,33.0,high,False,FIELD_FORCE,,
AD000867,46.0,high,False,FIELD_FORCE,,
AD000868,40.0,high,False,FIELD_FORCE,,
AD000869,27.0,high,False,FIELD_FORCE,,
AD000870,24.0,high,False,FIELD_FORCE,,
AD000871,276.0,medium,False,FIELD_FORCE,,
AD000872,124.0,medium,False,FIELD_FORCE,,
AD000873,569.0,low,True,TELE_DIALER,ADDR_VERIFY_LOW_CONFIDENCE_HI,"Namaste, aapke ghar tak pahunchne ke liye thodi madad chahiye. Kripya bataiye: aapka ghar kaun si cross ya gali mein hai, sabse paas ka landmark kya hai (mandir, school, bus stop), aur aapke gate ka rang kya hai?"
AD000874,54.0,high,False,FIELD_FORCE,,
AD000875,278.0,medium,False,FIELD_FORCE,,
AD000876,396.0,medium,False,FIELD_FORCE,,
AD000877,396.0,medium,False,FIELD_FORCE,,
AD000878,329.0,medium,False,FIELD_FORCE,,
AD000879,194.0,medium,False,FIELD_FORCE,,
AD000880,133.0,medium,False,FIELD_FORCE,,
AD000881,569.0,low,True,TELE_DIALER,ADDR_VERIFY_LOW_CONFIDENCE_HI,"Namaste, aapke ghar tak pahunchne ke liye thodi madad chahiye. Kripya bataiye: aapka ghar kaun si cross ya gali mein hai, sabse paas ka landmark kya hai (mandir, school, bus stop), aur aapke gate ka rang kya hai?"
AD000882,329.0,medium,False,FIELD_FORCE,,
AD000883,403.0,medium,False,FIELD_FORCE,,
AD000884,45.0,high,False,FIELD_FORCE,,
AD000885,69.0,high,False,FIELD_FORCE,,
AD000886,38.0,high,False,FIELD_FORCE,,
AD000887,,low,True,TELE_DIALER,ADDR_VERIFY_OUT_OF_AREA_HI,"Namaste, aapke ghar tak pahunchne ke liye thodi madad chahiye. Kripya bataiye: aapka ghar kaun si cross ya gali mein hai, sabse paas ka landmark kya hai (mandir, school, bus stop), aur aapke gate ka rang kya hai?"
AD000888,329.0,medium,False,FIELD_FORCE,,
AD000889,140.0,medium,False,FIELD_FORCE,,
AD000890,198.0,medium,False,FIELD_FORCE,,
AD000891,396.0,medium,False,FIELD_FORCE,,
AD000892,200.0,medium,False,FIELD_FORCE,,
AD000893,,low,True,TELE_DIALER,ADDR_VERIFY_OUT_OF_AREA_KN,"Namaskara, nimma manege baralu swalpa sahaya beku. Dayavittu heli: nimma mane yaava cross athava raste alli ide, hattirada landmark yavudu (gudi, shaale, bus stop), mattu nimma gate yaava banna?"
AD000894,198.0,medium,False,FIELD_FORCE,,
AD000895,42.0,high,False,FIELD_FORCE,,
AD000896,,low,True,TELE_DIALER,ADDR_VERIFY_OUT_OF_AREA_HI,"Namaste, aapke ghar tak pahunchne ke liye thodi madad chahiye. Kripya bataiye: aapka ghar kaun si cross ya gali mein hai, sabse paas ka landmark kya hai (mandir, school, bus stop), aur aapke gate ka rang kya hai?"
AD000897,69.0,high,False,FIELD_FORCE,,
AD000898,44.0,high,False,FIELD_FORCE,,
AD000899,396.0,medium,False,FIELD_FORCE,,
AD000900,227.0,medium,False,FIELD_FORCE,,
AD000901,43.0,high,False,FIELD_FORCE,,
AD000902,42.0,high,False,FIELD_FORCE,,
AD000903,33.0,high,False,FIELD_FORCE,,
AD000904,41.0,high,False,FIELD_FORCE,,
AD000905,215.0,medium,False,FIELD_FORCE,,
AD000906,194.0,medium,False,FIELD_FORCE,,
AD000907,237.0,medium,False,FIELD_FORCE,,
AD000908,569.0,low,True,TELE_DIALER,ADDR_VERIFY_LOW_CONFIDENCE_EN,"Hello, we need a little help to reach your home. Please tell us which cross or street your house is on, the nearest landmark (temple, school, bus stop), and the colour of your gate."
AD000909,,low,True,TELE_DIALER,ADDR_VERIFY_OUT_OF_AREA_EN,"Hello, we need a little help to reach your home. Please tell us which cross or street your house is on, the nearest landmark (temple, school, bus stop), and the colour of your gate."
AD000910,120.0,medium,False,FIELD_FORCE,,
AD000911,329.0,medium,False,FIELD_FORCE,,
AD000912,38.0,high,False,FIELD_FORCE,,
AD000913,48.0,high,False,FIELD_FORCE,,
AD000914,363.0,medium,False,FIELD_FORCE,,
AD000915,39.0,high,False,FIELD_FORCE,,
AD000916,569.0,low,True,TELE_DIALER,ADDR_VERIFY_LOW_CONFIDENCE_KN,"Namaskara, nimma manege baralu swalpa sahaya beku. Dayavittu heli: nimma mane yaava cross athava raste alli ide, hattirada landmark yavudu (gudi, shaale, bus stop), mattu nimma gate yaava banna?"
AD000917,81.0,high,False,FIELD_FORCE,,
AD000918,31.0,high,False,FIELD_FORCE,,
AD000919,100.0,high,False,FIELD_FORCE,,
AD000920,227.0,medium,False,FIELD_FORCE,,
AD000921,38.0,high,False,FIELD_FORCE,,
AD000922,569.0,low,True,TELE_DIALER,ADDR_VERIFY_LOW_CONFIDENCE_HI,"Namaste, aapke ghar tak pahunchne ke liye thodi madad chahiye. Kripya bataiye: aapka ghar kaun si cross ya gali mein hai, sabse paas ka landmark kya hai (mandir, school, bus stop), aur aapke gate ka rang kya hai?"
AD000923,45.0,high,False,FIELD_FORCE,,
AD000924,19.0,high,False,FIELD_FORCE,,
AD000925,127.0,medium,False,FIELD_FORCE,,
AD000926,149.0,medium,False,FIELD_FORCE,,
AD000927,329.0,medium,False,FIELD_FORCE,,
AD000928,329.0,medium,False,FIELD_FORCE,,
AD000929,2278.0,low,True,TELE_DIALER,ADDR_VERIFY_LOW_CONFIDENCE_HI,"Namaste, aapke ghar tak pahunchne ke liye thodi madad chahiye. Kripya bataiye: aapka ghar kaun si cross ya gali mein hai, sabse paas ka landmark kya hai (mandir, school, bus stop), aur aapke gate ka rang kya hai?"
AD000930,25.0,high,False,FIELD_FORCE,,
AD000931,,low,True,TELE_DIALER,ADDR_VERIFY_OUT_OF_AREA_EN,"Hello, we need a little help to reach your home. Please tell us which cross or street your house is on, the nearest landmark (temple, school, bus stop), and the colour of your gate."
AD000932,569.0,low,True,TELE_DIALER,ADDR_VERIFY_LOW_CONFIDENCE_EN,"Hello, we need a little help to reach your home. Please tell us which cross or street your house is on, the nearest landmark (temple, school, bus stop), and the colour of your gate."
AD000933,271.0,medium,False,FIELD_FORCE,,
AD000934,279.0,medium,False,FIELD_FORCE,,
AD000935,161.0,medium,False,FIELD_FORCE,,
AD000936,18.0,high,False,FIELD_FORCE,,
AD000937,569.0,low,True,TELE_DIALER,ADDR_VERIFY_LOW_CONFIDENCE_HI,"Namaste, aapke ghar tak pahunchne ke liye thodi madad chahiye. Kripya bataiye: aapka ghar kaun si cross ya gali mein hai, sabse paas ka landmark kya hai (mandir, school, bus stop), aur aapke gate ka rang kya hai?"
AD000938,133.0,medium,False,FIELD_FORCE,,
AD000939,140.0,medium,False,FIELD_FORCE,,
AD000940,45.0,high,False,FIELD_FORCE,,
AD000941,,low,True,TELE_DIALER,ADDR_VERIFY_OUT_OF_AREA_HI,"Namaste, aapke ghar tak pahunchne ke liye thodi madad chahiye. Kripya bataiye: aapka ghar kaun si cross ya gali mein hai, sabse paas ka landmark kya hai (mandir, school, bus stop), aur aapke gate ka rang kya hai?"
AD000942,39.0,high,False,FIELD_FORCE,,
AD000943,50.0,high,False,FIELD_FORCE,,
AD000944,29.0,high,False,FIELD_FORCE,,
AD000945,329.0,medium,False,FIELD_FORCE,,
AD000946,569.0,low,True,TELE_DIALER,ADDR_VERIFY_LOW_CONFIDENCE_KN,"Namaskara, nimma manege baralu swalpa sahaya beku. Dayavittu heli: nimma mane yaava cross athava raste alli ide, hattirada landmark yavudu (gudi, shaale, bus stop), mattu nimma gate yaava banna?"
AD000947,272.0,medium,False,FIELD_FORCE,,
AD000948,215.0,medium,False,FIELD_FORCE,,
AD000949,175.0,medium,False,FIELD_FORCE,,
AD000950,22.0,high,False,FIELD_FORCE,,
AD000951,403.0,medium,False,FIELD_FORCE,,
AD000952,378.0,medium,False,FIELD_FORCE,,
AD000953,33.0,high,True,FIELD_FORCE,,
AD000954,109.0,medium,False,FIELD_FORCE,,
AD000955,13.0,high,False,FIELD_FORCE,,
AD000956,,low,True,TELE_DIALER,ADDR_VERIFY_OUT_OF_AREA_KN,"Namaskara, nimma manege baralu swalpa sahaya beku. Dayavittu heli: nimma mane yaava cross athava raste alli ide, hattirada landmark yavudu (gudi, shaale, bus stop), mattu nimma gate yaava banna?"
AD000957,55.0,high,False,FIELD_FORCE,,
AD000958,228.0,medium,False,FIELD_FORCE,,
AD000959,31.0,high,False,FIELD_FORCE,,
AD000960,,low,True,TELE_DIALER,ADDR_VERIFY_OUT_OF_AREA_EN,"Hello, we need a little help to reach your home. Please tell us which cross or street your house is on, the nearest landmark (temple, school, bus stop), and the colour of your gate."
AD000961,285.0,medium,False,FIELD_FORCE,,
AD000962,38.0,high,True,FIELD_FORCE,,
AD000963,37.0,high,False,FIELD_FORCE,,
AD000964,28.0,high,False,FIELD_FORCE,,
AD000965,329.0,medium,False,FIELD_FORCE,,
AD000966,,low,True,TELE_DIALER,ADDR_VERIFY_OUT_OF_AREA_KN,"Namaskara, nimma manege baralu swalpa sahaya beku. Dayavittu heli: nimma mane yaava cross athava raste alli ide, hattirada landmark yavudu (gudi, shaale, bus stop), mattu nimma gate yaava banna?"
AD000967,329.0,medium,False,FIELD_FORCE,,
AD000968,194.0,medium,False,FIELD_FORCE,,
AD000969,17.0,high,False,FIELD_FORCE,,
AD000970,27.0,high,False,FIELD_FORCE,,
AD000971,31.0,high,False,FIELD_FORCE,,
AD000972,396.0,medium,False,FIELD_FORCE,,
AD000973,569.0,low,True,TELE_DIALER,ADDR_VERIFY_LOW_CONFIDENCE_HI,"Namaste, aapke ghar tak pahunchne ke liye thodi madad chahiye. Kripya bataiye: aapka ghar kaun si cross ya gali mein hai, sabse paas ka landmark kya hai (mandir, school, bus stop), aur aapke gate ka rang kya hai?"
AD000974,396.0,medium,False,FIELD_FORCE,,
AD000975,50.0,high,False,FIELD_FORCE,,
AD000976,569.0,low,True,TELE_DIALER,ADDR_VERIFY_LOW_CONFIDENCE_KN,"Namaskara, nimma manege baralu swalpa sahaya beku. Dayavittu heli: nimma mane yaava cross athava raste alli ide, hattirada landmark yavudu (gudi, shaale, bus stop), mattu nimma gate yaava banna?"
AD000977,,low,True,TELE_DIALER,ADDR_VERIFY_OUT_OF_AREA_KN,"Namaskara, nimma manege baralu swalpa sahaya beku. Dayavittu heli: nimma mane yaava cross athava raste alli ide, hattirada landmark yavudu (gudi, shaale, bus stop), mattu nimma gate yaava banna?"
AD000978,23.0,high,False,FIELD_FORCE,,
AD000979,1148.0,low,True,TELE_DIALER,ADDR_VERIFY_LOW_CONFIDENCE_HI,"Namaste, aapke ghar tak pahunchne ke liye thodi madad chahiye. Kripya bataiye: aapka ghar kaun si cross ya gali mein hai, sabse paas ka landmark kya hai (mandir, school, bus stop), aur aapke gate ka rang kya hai?"
AD000980,23.0,high,False,FIELD_FORCE,,
AD000981,68.0,high,False,FIELD_FORCE,,
AD000982,46.0,high,False,FIELD_FORCE,,
AD000983,,low,True,TELE_DIALER,ADDR_VERIFY_OUT_OF_AREA_EN,"Hello, we need a little help to reach your home. Please tell us which cross or street your house is on, the nearest landmark (temple, school, bus stop), and the colour of your gate."
AD000984,37.0,high,False,FIELD_FORCE,,
AD000985,227.0,medium,False,FIELD_FORCE,,
AD000986,20.0,high,False,FIELD_FORCE,,
AD000987,34.0,high,False,FIELD_FORCE,,
AD000988,569.0,low,True,TELE_DIALER,ADDR_VERIFY_LOW_CONFIDENCE_KN,"Namaskara, nimma manege baralu swalpa sahaya beku. Dayavittu heli: nimma mane yaava cross athava raste alli ide, hattirada landmark yavudu (gudi, shaale, bus stop), mattu nimma gate yaava banna?"
AD000989,403.0,medium,False,FIELD_FORCE,,
AD000990,232.0,medium,False,FIELD_FORCE,,
AD000991,135.0,medium,False,FIELD_FORCE,,
AD000992,36.0,high,False,FIELD_FORCE,,
AD000993,569.0,low,True,TELE_DIALER,ADDR_VERIFY_LOW_CONFIDENCE_EN,"Hello, we need a little help to reach your home. Please tell us which cross or street your house is on, the nearest landmark (temple, school, bus stop), and the colour of your gate."
AD000994,437.0,medium,False,FIELD_FORCE,,
AD000995,201.0,medium,False,FIELD_FORCE,,
AD000996,569.0,low,True,TELE_DIALER,ADDR_VERIFY_LOW_CONFIDENCE_HI,"Namaste, aapke ghar tak pahunchne ke liye thodi madad chahiye. Kripya bataiye: aapka ghar kaun si cross ya gali mein hai, sabse paas ka landmark kya hai (mandir, school, bus stop), aur aapke gate ka rang kya hai?"
AD000997,239.0,medium,False,FIELD_FORCE,,
AD000998,569.0,low,True,TELE_DIALER,ADDR_VERIFY_LOW_CONFIDENCE_HI,"Namaste, aapke ghar tak pahunchne ke liye thodi madad chahiye. Kripya bataiye: aapka ghar kaun si cross ya gali mein hai, sabse paas ka landmark kya hai (mandir, school, bus stop), aur aapke gate ka rang kya hai?"
AD000999,35.0,high,False,FIELD_FORCE,,
AD001000,22.0,high,False,FIELD_FORCE,,
AD001001,36.0,high,False,FIELD_FORCE,,
AD001002,175.0,medium,False,FIELD_FORCE,,
AD001003,28.0,high,False,FIELD_FORCE,,
AD001004,329.0,medium,False,FIELD_FORCE,,
AD001005,396.0,medium,False,FIELD_FORCE,,
AD001006,45.0,high,False,FIELD_FORCE,,
AD001007,374.0,medium,False,FIELD_FORCE,,
AD001008,215.0,medium,False,FIELD_FORCE,,
AD001009,42.0,high,False,FIELD_FORCE,,
AD001010,403.0,medium,False,FIELD_FORCE,,
AD001011,329.0,medium,False,FIELD_FORCE,,
AD001012,17.0,high,False,FIELD_FORCE,,
AD001013,30.0,high,False,FIELD_FORCE,,
AD001014,,low,True,TELE_DIALER,ADDR_VERIFY_OUT_OF_AREA_HI,"Namaste, aapke ghar tak pahunchne ke liye thodi madad chahiye. Kripya bataiye: aapka ghar kaun si cross ya gali mein hai, sabse paas ka landmark kya hai (mandir, school, bus stop), aur aapke gate ka rang kya hai?"
AD001015,185.0,medium,False,FIELD_FORCE,,
AD001016,329.0,medium,False,FIELD_FORCE,,
AD001017,27.0,high,False,FIELD_FORCE,,
AD001018,175.0,medium,False,FIELD_FORCE,,
AD001019,569.0,low,True,TELE_DIALER,ADDR_VERIFY_LOW_CONFIDENCE_HI,"Namaste, aapke ghar tak pahunchne ke liye thodi madad chahiye. Kripya bataiye: aapka ghar kaun si cross ya gali mein hai, sabse paas ka landmark kya hai (mandir, school, bus stop), aur aapke gate ka rang kya hai?"
AD001020,255.0,medium,False,FIELD_FORCE,,
AD001021,51.0,high,False,FIELD_FORCE,,
AD001022,329.0,medium,False,FIELD_FORCE,,
AD001023,396.0,medium,False,FIELD_FORCE,,
AD001024,329.0,medium,False,FIELD_FORCE,,
AD001025,437.0,medium,False,FIELD_FORCE,,
AD001026,18.0,high,False,FIELD_FORCE,,
AD001027,296.0,medium,False,FIELD_FORCE,,
AD001028,396.0,medium,False,FIELD_FORCE,,
AD001029,279.0,medium,False,FIELD_FORCE,,
AD001030,,low,True,TELE_DIALER,ADDR_VERIFY_OUT_OF_AREA_HI,"Namaste, aapke ghar tak pahunchne ke liye thodi madad chahiye. Kripya bataiye: aapka ghar kaun si cross ya gali mein hai, sabse paas ka landmark kya hai (mandir, school, bus stop), aur aapke gate ka rang kya hai?"
AD001031,37.0,high,False,FIELD_FORCE,,
AD001032,387.0,medium,False,FIELD_FORCE,,
AD001033,47.0,high,False,FIELD_FORCE,,
AD001034,14.0,high,False,FIELD_FORCE,,
AD001035,40.0,high,False,FIELD_FORCE,,
AD001036,54.0,high,False,FIELD_FORCE,,
AD001037,231.0,medium,False,FIELD_FORCE,,
AD001038,,low,True,TELE_DIALER,ADDR_VERIFY_OUT_OF_AREA_KN,"Namaskara, nimma manege baralu swalpa sahaya beku. Dayavittu heli: nimma mane yaava cross athava raste alli ide, hattirada landmark yavudu (gudi, shaale, bus stop), mattu nimma gate yaava banna?"
AD001039,68.0,high,False,FIELD_FORCE,,
AD001040,20.0,high,False,FIELD_FORCE,,
AD001041,396.0,medium,False,FIELD_FORCE,,
AD001042,12.0,high,False,FIELD_FORCE,,
AD001043,43.0,high,False,FIELD_FORCE,,
AD001044,569.0,low,True,TELE_DIALER,ADDR_VERIFY_LOW_CONFIDENCE_KN,"Namaskara, nimma manege baralu swalpa sahaya beku. Dayavittu heli: nimma mane yaava cross athava raste alli ide, hattirada landmark yavudu (gudi, shaale, bus stop), mattu nimma gate yaava banna?"
AD001045,27.0,high,False,FIELD_FORCE,,
AD001046,194.0,medium,False,FIELD_FORCE,,
AD001047,45.0,high,True,FIELD_FORCE,,
AD001048,32.0,high,False,FIELD_FORCE,,
AD001049,175.0,medium,False,FIELD_FORCE,,
AD001050,569.0,low,True,TELE_DIALER,ADDR_VERIFY_LOW_CONFIDENCE_HI,"Namaste, aapke ghar tak pahunchne ke liye thodi madad chahiye. Kripya bataiye: aapka ghar kaun si cross ya gali mein hai, sabse paas ka landmark kya hai (mandir, school, bus stop), aur aapke gate ka rang kya hai?"
AD001051,,low,True,TELE_DIALER,ADDR_VERIFY_OUT_OF_AREA_HI,"Namaste, aapke ghar tak pahunchne ke liye thodi madad chahiye. Kripya bataiye: aapka ghar kaun si cross ya gali mein hai, sabse paas ka landmark kya hai (mandir, school, bus stop), aur aapke gate ka rang kya hai?"
AD001052,569.0,low,True,TELE_DIALER,ADDR_VERIFY_LOW_CONFIDENCE_KN,"Namaskara, nimma manege baralu swalpa sahaya beku. Dayavittu heli: nimma mane yaava cross athava raste alli ide, hattirada landmark yavudu (gudi, shaale, bus stop), mattu nimma gate yaava banna?"
AD001053,22.0,high,False,FIELD_FORCE,,
AD001054,47.0,high,False,FIELD_FORCE,,
AD001055,20.0,high,False,FIELD_FORCE,,
AD001056,,low,True,TELE_DIALER,ADDR_VERIFY_OUT_OF_AREA_HI,"Namaste, aapke ghar tak pahunchne ke liye thodi madad chahiye. Kripya bataiye: aapka ghar kaun si cross ya gali mein hai, sabse paas ka landmark kya hai (mandir, school, bus stop), aur aapke gate ka rang kya hai?"
AD001057,26.0,high,False,FIELD_FORCE,,
AD001058,140.0,medium,False,FIELD_FORCE,,
AD001059,569.0,low,True,TELE_DIALER,ADDR_VERIFY_LOW_CONFIDENCE_HI,"Namaste, aapke ghar tak pahunchne ke liye thodi madad chahiye. Kripya bataiye: aapka ghar kaun si cross ya gali mein hai, sabse paas ka landmark kya hai (mandir, school, bus stop), aur aapke gate ka rang kya hai?"
AD001060,59.0,high,False,FIELD_FORCE,,
AD001061,,low,True,TELE_DIALER,ADDR_VERIFY_OUT_OF_AREA_HI,"Namaste, aapke ghar tak pahunchne ke liye thodi madad chahiye. Kripya bataiye: aapka ghar kaun si cross ya gali mein hai, sabse paas ka landmark kya hai (mandir, school, bus stop), aur aapke gate ka rang kya hai?"
AD001062,304.0,medium,False,FIELD_FORCE,,
AD001063,34.0,high,False,FIELD_FORCE,,
AD001064,21.0,high,False,FIELD_FORCE,,
AD001065,396.0,medium,False,FIELD_FORCE,,
AD001066,333.0,medium,False,FIELD_FORCE,,
AD001067,46.0,high,False,FIELD_FORCE,,
AD001068,333.0,medium,False,FIELD_FORCE,,
AD001069,396.0,medium,False,FIELD_FORCE,,
AD001070,329.0,medium,False,FIELD_FORCE,,
AD001071,83.0,high,False,FIELD_FORCE,,
AD001072,,low,True,TELE_DIALER,ADDR_VERIFY_OUT_OF_AREA_KN,"Namaskara, nimma manege baralu swalpa sahaya beku. Dayavittu heli: nimma mane yaava cross athava raste alli ide, hattirada landmark yavudu (gudi, shaale, bus stop), mattu nimma gate yaava banna?"
AD001073,234.0,medium,False,FIELD_FORCE,,
AD001074,35.0,high,False,FIELD_FORCE,,
AD001075,215.0,medium,False,FIELD_FORCE,,
AD001076,329.0,medium,False,FIELD_FORCE,,
AD001077,,low,True,TELE_DIALER,ADDR_VERIFY_OUT_OF_AREA_EN,"Hello, we need a little help to reach your home. Please tell us which cross or street your house is on, the nearest landmark (temple, school, bus stop), and the colour of your gate."
AD001078,35.0,high,False,FIELD_FORCE,,
AD001079,26.0,high,False,FIELD_FORCE,,
AD001080,38.0,high,False,FIELD_FORCE,,
AD001081,378.0,medium,False,FIELD_FORCE,,
AD001082,279.0,medium,False,FIELD_FORCE,,
AD001083,14.0,high,False,FIELD_FORCE,,
AD001084,296.0,medium,False,FIELD_FORCE,,
AD001085,,low,True,TELE_DIALER,ADDR_VERIFY_OUT_OF_AREA_HI,"Namaste, aapke ghar tak pahunchne ke liye thodi madad chahiye. Kripya bataiye: aapka ghar kaun si cross ya gali mein hai, sabse paas ka landmark kya hai (mandir, school, bus stop), aur aapke gate ka rang kya hai?"
AD001086,304.0,medium,False,FIELD_FORCE,,
AD001087,29.0,high,False,FIELD_FORCE,,
AD001088,26.0,high,False,FIELD_FORCE,,
AD001089,329.0,medium,False,FIELD_FORCE,,
AD001090,,low,True,TELE_DIALER,ADDR_VERIFY_OUT_OF_AREA_HI,"Namaste, aapke ghar tak pahunchne ke liye thodi madad chahiye. Kripya bataiye: aapka ghar kaun si cross ya gali mein hai, sabse paas ka landmark kya hai (mandir, school, bus stop), aur aapke gate ka rang kya hai?"
AD001091,60.0,high,False,FIELD_FORCE,,
AD001092,230.0,medium,False,FIELD_FORCE,,
AD001093,,low,True,TELE_DIALER,ADDR_VERIFY_OUT_OF_AREA_KN,"Namaskara, nimma manege baralu swalpa sahaya beku. Dayavittu heli: nimma mane yaava cross athava raste alli ide, hattirada landmark yavudu (gudi, shaale, bus stop), mattu nimma gate yaava banna?"
AD001094,23.0,high,False,FIELD_FORCE,,
AD001095,7235.0,low,True,TELE_DIALER,ADDR_VERIFY_LOW_CONFIDENCE_HI,"Namaste, aapke ghar tak pahunchne ke liye thodi madad chahiye. Kripya bataiye: aapka ghar kaun si cross ya gali mein hai, sabse paas ka landmark kya hai (mandir, school, bus stop), aur aapke gate ka rang kya hai?"
AD001096,18.0,high,False,FIELD_FORCE,,
AD001097,329.0,medium,False,FIELD_FORCE,,
AD001098,3348.0,low,True,TELE_DIALER,ADDR_VERIFY_LOW_CONFIDENCE_KN,"Namaskara, nimma manege baralu swalpa sahaya beku. Dayavittu heli: nimma mane yaava cross athava raste alli ide, hattirada landmark yavudu (gudi, shaale, bus stop), mattu nimma gate yaava banna?"
AD001099,194.0,medium,False,FIELD_FORCE,,
AD001100,27.0,high,False,FIELD_FORCE,,
AD001101,569.0,low,True,TELE_DIALER,ADDR_VERIFY_LOW_CONFIDENCE_KN,"Namaskara, nimma manege baralu swalpa sahaya beku. Dayavittu heli: nimma mane yaava cross athava raste alli ide, hattirada landmark yavudu (gudi, shaale, bus stop), mattu nimma gate yaava banna?"
AD001102,279.0,medium,False,FIELD_FORCE,,
AD001103,396.0,medium,False,FIELD_FORCE,,
AD001104,396.0,medium,False,FIELD_FORCE,,
AD001105,34.0,high,False,FIELD_FORCE,,
AD001106,,low,True,TELE_DIALER,ADDR_VERIFY_OUT_OF_AREA_KN,"Namaskara, nimma manege baralu swalpa sahaya beku. Dayavittu heli: nimma mane yaava cross athava raste alli ide, hattirada landmark yavudu (gudi, shaale, bus stop), mattu nimma gate yaava banna?"
AD001107,396.0,medium,False,FIELD_FORCE,,
AD001108,34.0,high,False,FIELD_FORCE,,
AD001109,329.0,medium,False,FIELD_FORCE,,
AD001110,39.0,high,False,FIELD_FORCE,,
AD001111,,low,True,TELE_DIALER,ADDR_VERIFY_OUT_OF_AREA_KN,"Namaskara, nimma manege baralu swalpa sahaya beku. Dayavittu heli: nimma mane yaava cross athava raste alli ide, hattirada landmark yavudu (gudi, shaale, bus stop), mattu nimma gate yaava banna?"
AD001112,329.0,medium,False,FIELD_FORCE,,
AD001113,175.0,medium,False,FIELD_FORCE,,
AD001114,272.0,medium,False,FIELD_FORCE,,
AD001115,276.0,medium,False,FIELD_FORCE,,
AD001116,27.0,high,False,FIELD_FORCE,,
AD001117,403.0,medium,False,FIELD_FORCE,,
AD001118,194.0,medium,False,FIELD_FORCE,,
AD001119,194.0,medium,False,FIELD_FORCE,,
AD001120,231.0,medium,False,FIELD_FORCE,,
AD001121,37.0,high,False,FIELD_FORCE,,
AD001122,24.0,high,False,FIELD_FORCE,,
AD001123,194.0,medium,False,FIELD_FORCE,,
AD001124,71.0,high,False,FIELD_FORCE,,
AD001125,215.0,medium,False,FIELD_FORCE,,
AD001126,437.0,medium,False,FIELD_FORCE,,
AD001127,55.0,high,False,FIELD_FORCE,,
AD001128,57.0,high,False,FIELD_FORCE,,
AD001129,229.0,medium,False,FIELD_FORCE,,
AD001130,18.0,high,False,FIELD_FORCE,,
AD001131,41.0,high,False,FIELD_FORCE,,
AD001132,201.0,medium,False,FIELD_FORCE,,
AD001133,21.0,high,False,FIELD_FORCE,,
AD001134,372.0,medium,False,FIELD_FORCE,,
AD001135,21.0,high,False,FIELD_FORCE,,
AD001136,30.0,high,False,FIELD_FORCE,,
AD001137,396.0,medium,False,FIELD_FORCE,,
AD001138,35.0,high,False,FIELD_FORCE,,
AD001139,396.0,medium,False,FIELD_FORCE,,
AD001140,329.0,medium,False,FIELD_FORCE,,
AD001141,194.0,medium,False,FIELD_FORCE,,
AD001142,194.0,medium,False,FIELD_FORCE,,
AD001143,230.0,medium,False,FIELD_FORCE,,
AD001144,215.0,medium,False,FIELD_FORCE,,
AD001145,23.0,high,False,FIELD_FORCE,,
AD001146,396.0,medium,False,FIELD_FORCE,,
AD001147,396.0,medium,False,FIELD_FORCE,,
AD001148,569.0,low,True,TELE_DIALER,ADDR_VERIFY_LOW_CONFIDENCE_HI,"Namaste, aapke ghar tak pahunchne ke liye thodi madad chahiye. Kripya bataiye: aapka ghar kaun si cross ya gali mein hai, sabse paas ka landmark kya hai (mandir, school, bus stop), aur aapke gate ka rang kya hai?"
AD001149,33.0,high,False,FIELD_FORCE,,
AD001150,396.0,medium,False,FIELD_FORCE,,
AD001151,17.0,high,False,FIELD_FORCE,,
AD001152,18.0,high,False,FIELD_FORCE,,
AD001153,396.0,medium,False,FIELD_FORCE,,
AD001154,19.0,high,False,FIELD_FORCE,,
AD001155,239.0,medium,False,FIELD_FORCE,,
AD001156,24.0,high,False,FIELD_FORCE,,
AD001157,46.0,high,False,FIELD_FORCE,,
AD001158,36.0,high,False,FIELD_FORCE,,
AD001159,,low,True,TELE_DIALER,ADDR_VERIFY_OUT_OF_AREA_HI,"Namaste, aapke ghar tak pahunchne ke liye thodi madad chahiye. Kripya bataiye: aapka ghar kaun si cross ya gali mein hai, sabse paas ka landmark kya hai (mandir, school, bus stop), aur aapke gate ka rang kya hai?"
AD001160,49.0,high,False,FIELD_FORCE,,
AD001161,185.0,medium,False,FIELD_FORCE,,
AD001162,69.0,high,False,FIELD_FORCE,,
AD001163,329.0,medium,False,FIELD_FORCE,,
AD001164,329.0,medium,False,FIELD_FORCE,,
AD001165,45.0,high,False,FIELD_FORCE,,
AD001166,140.0,medium,False,FIELD_FORCE,,
AD001167,396.0,medium,False,FIELD_FORCE,,
AD001168,329.0,medium,False,FIELD_FORCE,,
AD001169,,low,True,TELE_DIALER,ADDR_VERIFY_OUT_OF_AREA_HI,"Namaste, aapke ghar tak pahunchne ke liye thodi madad chahiye. Kripya bataiye: aapka ghar kaun si cross ya gali mein hai, sabse paas ka landmark kya hai (mandir, school, bus stop), aur aapke gate ka rang kya hai?"
AD001170,40.0,high,True,FIELD_FORCE,,
AD001171,47.0,high,False,FIELD_FORCE,,
AD001172,133.0,medium,False,FIELD_FORCE,,
AD001173,569.0,low,True,TELE_DIALER,ADDR_VERIFY_LOW_CONFIDENCE_KN,"Namaskara, nimma manege baralu swalpa sahaya beku. Dayavittu heli: nimma mane yaava cross athava raste alli ide, hattirada landmark yavudu (gudi, shaale, bus stop), mattu nimma gate yaava banna?"
AD001174,25.0,high,False,FIELD_FORCE,,
AD001175,161.0,medium,False,FIELD_FORCE,,
AD001176,30.0,high,True,FIELD_FORCE,,
AD001177,365.0,medium,False,FIELD_FORCE,,
AD001178,42.0,high,False,FIELD_FORCE,,
AD001179,,low,True,TELE_DIALER,ADDR_VERIFY_OUT_OF_AREA_HI,"Namaste, aapke ghar tak pahunchne ke liye thodi madad chahiye. Kripya bataiye: aapka ghar kaun si cross ya gali mein hai, sabse paas ka landmark kya hai (mandir, school, bus stop), aur aapke gate ka rang kya hai?"
AD001180,569.0,low,True,TELE_DIALER,ADDR_VERIFY_LOW_CONFIDENCE_HI,"Namaste, aapke ghar tak pahunchne ke liye thodi madad chahiye. Kripya bataiye: aapka ghar kaun si cross ya gali mein hai, sabse paas ka landmark kya hai (mandir, school, bus stop), aur aapke gate ka rang kya hai?"
AD001181,194.0,medium,False,FIELD_FORCE,,
AD001182,569.0,low,True,TELE_DIALER,ADDR_VERIFY_LOW_CONFIDENCE_HI,"Namaste, aapke ghar tak pahunchne ke liye thodi madad chahiye. Kripya bataiye: aapka ghar kaun si cross ya gali mein hai, sabse paas ka landmark kya hai (mandir, school, bus stop), aur aapke gate ka rang kya hai?"
AD001183,175.0,medium,False,FIELD_FORCE,,
AD001184,175.0,medium,False,FIELD_FORCE,,
AD001185,,low,True,TELE_DIALER,ADDR_VERIFY_OUT_OF_AREA_KN,"Namaskara, nimma manege baralu swalpa sahaya beku. Dayavittu heli: nimma mane yaava cross athava raste alli ide, hattirada landmark yavudu (gudi, shaale, bus stop), mattu nimma gate yaava banna?"
AD001186,19.0,high,False,FIELD_FORCE,,
AD001187,26.0,high,False,FIELD_FORCE,,
AD001188,837.0,low,True,TELE_DIALER,ADDR_VERIFY_LOW_CONFIDENCE_HI,"Namaste, aapke ghar tak pahunchne ke liye thodi madad chahiye. Kripya bataiye: aapka ghar kaun si cross ya gali mein hai, sabse paas ka landmark kya hai (mandir, school, bus stop), aur aapke gate ka rang kya hai?"
AD001189,569.0,low,True,TELE_DIALER,ADDR_VERIFY_LOW_CONFIDENCE_HI,"Namaste, aapke ghar tak pahunchne ke liye thodi madad chahiye. Kripya bataiye: aapka ghar kaun si cross ya gali mein hai, sabse paas ka landmark kya hai (mandir, school, bus stop), aur aapke gate ka rang kya hai?"
AD001190,387.0,medium,False,FIELD_FORCE,,
AD001191,48.0,high,False,FIELD_FORCE,,
AD001192,329.0,medium,False,FIELD_FORCE,,
AD001193,276.0,medium,False,FIELD_FORCE,,
AD001194,271.0,medium,False,FIELD_FORCE,,
AD001195,279.0,medium,False,FIELD_FORCE,,
AD001196,396.0,medium,False,FIELD_FORCE,,
AD001197,70.0,high,False,FIELD_FORCE,,
AD001198,55.0,high,False,FIELD_FORCE,,
AD001199,569.0,low,True,TELE_DIALER,ADDR_VERIFY_LOW_CONFIDENCE_KN,"Namaskara, nimma manege baralu swalpa sahaya beku. Dayavittu heli: nimma mane yaava cross athava raste alli ide, hattirada landmark yavudu (gudi, shaale, bus stop), mattu nimma gate yaava banna?"
AD001200,22.0,high,False,FIELD_FORCE,,
AD001201,48.0,high,False,FIELD_FORCE,,
AD001202,329.0,medium,False,FIELD_FORCE,,
AD001203,204.0,medium,False,FIELD_FORCE,,
AD001204,329.0,medium,False,FIELD_FORCE,,
AD001205,,low,True,TELE_DIALER,ADDR_VERIFY_OUT_OF_AREA_HI,"Namaste, aapke ghar tak pahunchne ke liye thodi madad chahiye. Kripya bataiye: aapka ghar kaun si cross ya gali mein hai, sabse paas ka landmark kya hai (mandir, school, bus stop), aur aapke gate ka rang kya hai?"
AD001206,175.0,medium,False,FIELD_FORCE,,
AD001207,12.0,high,False,FIELD_FORCE,,
AD001208,46.0,high,False,FIELD_FORCE,,
AD001209,255.0,medium,False,FIELD_FORCE,,
AD001210,296.0,medium,False,FIELD_FORCE,,
AD001211,387.0,medium,False,FIELD_FORCE,,
AD001212,43.0,high,False,FIELD_FORCE,,
AD001213,194.0,medium,False,FIELD_FORCE,,
AD001214,53.0,high,False,FIELD_FORCE,,
AD001215,569.0,low,True,TELE_DIALER,ADDR_VERIFY_LOW_CONFIDENCE_HI,"Namaste, aapke ghar tak pahunchne ke liye thodi madad chahiye. Kripya bataiye: aapka ghar kaun si cross ya gali mein hai, sabse paas ka landmark kya hai (mandir, school, bus stop), aur aapke gate ka rang kya hai?"
AD001216,41.0,high,False,FIELD_FORCE,,
AD001217,234.0,medium,False,FIELD_FORCE,,
AD001218,569.0,low,True,TELE_DIALER,ADDR_VERIFY_LOW_CONFIDENCE_KN,"Namaskara, nimma manege baralu swalpa sahaya beku. Dayavittu heli: nimma mane yaava cross athava raste alli ide, hattirada landmark yavudu (gudi, shaale, bus stop), mattu nimma gate yaava banna?"
AD001219,49.0,high,False,FIELD_FORCE,,
AD001220,36.0,high,False,FIELD_FORCE,,
AD001221,,low,True,TELE_DIALER,ADDR_VERIFY_OUT_OF_AREA_EN,"Hello, we need a little help to reach your home. Please tell us which cross or street your house is on, the nearest landmark (temple, school, bus stop), and the colour of your gate."
AD001222,569.0,low,True,TELE_DIALER,ADDR_VERIFY_LOW_CONFIDENCE_HI,"Namaste, aapke ghar tak pahunchne ke liye thodi madad chahiye. Kripya bataiye: aapka ghar kaun si cross ya gali mein hai, sabse paas ka landmark kya hai (mandir, school, bus stop), aur aapke gate ka rang kya hai?"
AD001223,34.0,high,False,FIELD_FORCE,,
AD001224,2277.0,low,True,TELE_DIALER,ADDR_VERIFY_NOT_TRACEABLE_EN,"Hello, we need a little help to reach your home. Please tell us which cross or street your house is on, the nearest landmark (temple, school, bus stop), and the colour of your gate."
AD001225,285.0,medium,False,FIELD_FORCE,,
AD001226,2278.0,low,True,TELE_DIALER,ADDR_VERIFY_LOW_CONFIDENCE_HI,"Namaste, aapke ghar tak pahunchne ke liye thodi madad chahiye. Kripya bataiye: aapka ghar kaun si cross ya gali mein hai, sabse paas ka landmark kya hai (mandir, school, bus stop), aur aapke gate ka rang kya hai?"
AD001227,194.0,medium,False,FIELD_FORCE,,
AD001228,569.0,low,True,TELE_DIALER,ADDR_VERIFY_LOW_CONFIDENCE_KN,"Namaskara, nimma manege baralu swalpa sahaya beku. Dayavittu heli: nimma mane yaava cross athava raste alli ide, hattirada landmark yavudu (gudi, shaale, bus stop), mattu nimma gate yaava banna?"
AD001229,,low,True,TELE_DIALER,ADDR_VERIFY_OUT_OF_AREA_KN,"Namaskara, nimma manege baralu swalpa sahaya beku. Dayavittu heli: nimma mane yaava cross athava raste alli ide, hattirada landmark yavudu (gudi, shaale, bus stop), mattu nimma gate yaava banna?"
AD001230,215.0,medium,False,FIELD_FORCE,,
AD001231,20.0,high,False,FIELD_FORCE,,
AD001232,22.0,high,False,FIELD_FORCE,,
AD001233,29.0,high,False,FIELD_FORCE,,
AD001234,396.0,medium,False,FIELD_FORCE,,
AD001235,,low,True,TELE_DIALER,ADDR_VERIFY_OUT_OF_AREA_KN,"Namaskara, nimma manege baralu swalpa sahaya beku. Dayavittu heli: nimma mane yaava cross athava raste alli ide, hattirada landmark yavudu (gudi, shaale, bus stop), mattu nimma gate yaava banna?"
AD001236,22.0,high,False,FIELD_FORCE,,
AD001237,44.0,high,False,FIELD_FORCE,,
AD001238,271.0,medium,False,FIELD_FORCE,,
AD001239,34.0,high,False,FIELD_FORCE,,
AD001240,11.0,high,False,FIELD_FORCE,,
AD001241,,low,True,TELE_DIALER,ADDR_VERIFY_OUT_OF_AREA_KN,"Namaskara, nimma manege baralu swalpa sahaya beku. Dayavittu heli: nimma mane yaava cross athava raste alli ide, hattirada landmark yavudu (gudi, shaale, bus stop), mattu nimma gate yaava banna?"
AD001242,23.0,high,False,FIELD_FORCE,,
AD001243,133.0,medium,False,FIELD_FORCE,,
AD001244,,low,True,TELE_DIALER,ADDR_VERIFY_OUT_OF_AREA_KN,"Namaskara, nimma manege baralu swalpa sahaya beku. Dayavittu heli: nimma mane yaava cross athava raste alli ide, hattirada landmark yavudu (gudi, shaale, bus stop), mattu nimma gate yaava banna?"
AD001245,48.0,high,False,FIELD_FORCE,,
AD001246,837.0,low,True,TELE_DIALER,ADDR_VERIFY_LOW_CONFIDENCE_KN,"Namaskara, nimma manege baralu swalpa sahaya beku. Dayavittu heli: nimma mane yaava cross athava raste alli ide, hattirada landmark yavudu (gudi, shaale, bus stop), mattu nimma gate yaava banna?"
AD001247,32.0,high,False,FIELD_FORCE,,
AD001248,49.0,high,False,FIELD_FORCE,,
AD001249,175.0,medium,False,FIELD_FORCE,,
AD001250,133.0,medium,False,FIELD_FORCE,,
AD001251,329.0,medium,False,FIELD_FORCE,,
AD001252,296.0,medium,False,FIELD_FORCE,,
AD001253,120.0,medium,False,FIELD_FORCE,,
AD001254,18.0,high,False,FIELD_FORCE,,
AD001255,161.0,medium,False,FIELD_FORCE,,
AD001256,14.0,high,False,FIELD_FORCE,,
AD001257,26.0,high,False,FIELD_FORCE,,
AD001258,64.0,high,False,FIELD_FORCE,,
AD001259,329.0,medium,False,FIELD_FORCE,,
AD001260,483.0,medium,False,FIELD_FORCE,,
AD001261,569.0,low,True,TELE_DIALER,ADDR_VERIFY_LOW_CONFIDENCE_KN,"Namaskara, nimma manege baralu swalpa sahaya beku. Dayavittu heli: nimma mane yaava cross athava raste alli ide, hattirada landmark yavudu (gudi, shaale, bus stop), mattu nimma gate yaava banna?"
AD001262,48.0,high,False,FIELD_FORCE,,
AD001263,329.0,medium,False,FIELD_FORCE,,
AD001264,569.0,low,True,TELE_DIALER,ADDR_VERIFY_LOW_CONFIDENCE_EN,"Hello, we need a little help to reach your home. Please tell us which cross or street your house is on, the nearest landmark (temple, school, bus stop), and the colour of your gate."
AD001265,569.0,low,True,TELE_DIALER,ADDR_VERIFY_LOW_CONFIDENCE_EN,"Hello, we need a little help to reach your home. Please tell us which cross or street your house is on, the nearest landmark (temple, school, bus stop), and the colour of your gate."
AD001266,329.0,medium,False,FIELD_FORCE,,
AD001267,56.0,high,False,FIELD_FORCE,,
AD001268,37.0,high,False,FIELD_FORCE,,
AD001269,62.0,high,False,FIELD_FORCE,,
AD001270,569.0,low,True,TELE_DIALER,ADDR_VERIFY_LOW_CONFIDENCE_KN,"Namaskara, nimma manege baralu swalpa sahaya beku. Dayavittu heli: nimma mane yaava cross athava raste alli ide, hattirada landmark yavudu (gudi, shaale, bus stop), mattu nimma gate yaava banna?"
AD001271,32.0,high,False,FIELD_FORCE,,
AD001272,51.0,high,False,FIELD_FORCE,,
AD001273,21.0,high,False,FIELD_FORCE,,
AD001274,48.0,high,False,FIELD_FORCE,,
AD001275,175.0,medium,False,FIELD_FORCE,,
AD001276,39.0,high,False,FIELD_FORCE,,
AD001277,198.0,medium,False,FIELD_FORCE,,
AD001278,569.0,low,True,TELE_DIALER,ADDR_VERIFY_LOW_CONFIDENCE_KN,"Namaskara, nimma manege baralu swalpa sahaya beku. Dayavittu heli: nimma mane yaava cross athava raste alli ide, hattirada landmark yavudu (gudi, shaale, bus stop), mattu nimma gate yaava banna?"
AD001279,52.0,high,False,FIELD_FORCE,,
AD001280,368.0,medium,False,FIELD_FORCE,,
AD001281,34.0,high,False,FIELD_FORCE,,
AD001282,175.0,medium,False,FIELD_FORCE,,
AD001283,194.0,medium,False,FIELD_FORCE,,
AD001284,365.0,medium,False,FIELD_FORCE,,
AD001285,569.0,low,True,TELE_DIALER,ADDR_VERIFY_LOW_CONFIDENCE_HI,"Namaste, aapke ghar tak pahunchne ke liye thodi madad chahiye. Kripya bataiye: aapka ghar kaun si cross ya gali mein hai, sabse paas ka landmark kya hai (mandir, school, bus stop), aur aapke gate ka rang kya hai?"
AD001286,255.0,medium,False,FIELD_FORCE,,
AD001287,304.0,medium,False,FIELD_FORCE,,
AD001288,140.0,medium,False,FIELD_FORCE,,
AD001289,111.0,medium,False,FIELD_FORCE,,
AD001290,55.0,high,False,FIELD_FORCE,,
AD001291,28.0,high,False,FIELD_FORCE,,
AD001292,,low,True,TELE_DIALER,ADDR_VERIFY_OUT_OF_AREA_KN,"Namaskara, nimma manege baralu swalpa sahaya beku. Dayavittu heli: nimma mane yaava cross athava raste alli ide, hattirada landmark yavudu (gudi, shaale, bus stop), mattu nimma gate yaava banna?"
AD001293,89.0,high,False,FIELD_FORCE,,
AD001294,42.0,high,False,FIELD_FORCE,,
AD001295,837.0,low,True,TELE_DIALER,ADDR_VERIFY_LOW_CONFIDENCE_KN,"Namaskara, nimma manege baralu swalpa sahaya beku. Dayavittu heli: nimma mane yaava cross athava raste alli ide, hattirada landmark yavudu (gudi, shaale, bus stop), mattu nimma gate yaava banna?"
AD001296,403.0,medium,False,FIELD_FORCE,,
AD001297,296.0,medium,False,FIELD_FORCE,,
AD001298,47.0,high,False,FIELD_FORCE,,
AD001299,329.0,medium,False,FIELD_FORCE,,
AD001300,122.0,medium,False,FIELD_FORCE,,
AD001301,232.0,medium,False,FIELD_FORCE,,
AD001302,243.0,medium,False,FIELD_FORCE,,
AD001303,228.0,medium,False,FIELD_FORCE,,
AD001304,215.0,medium,False,FIELD_FORCE,,
AD001305,329.0,medium,False,FIELD_FORCE,,
AD001306,49.0,high,False,FIELD_FORCE,,
AD001307,40.0,high,False,FIELD_FORCE,,
AD001308,215.0,medium,False,FIELD_FORCE,,
AD001309,569.0,low,True,TELE_DIALER,ADDR_VERIFY_LOW_CONFIDENCE_HI,"Namaste, aapke ghar tak pahunchne ke liye thodi madad chahiye. Kripya bataiye: aapka ghar kaun si cross ya gali mein hai, sabse paas ka landmark kya hai (mandir, school, bus stop), aur aapke gate ka rang kya hai?"
AD001310,437.0,medium,False,FIELD_FORCE,,
AD001311,329.0,medium,False,FIELD_FORCE,,
AD001312,140.0,medium,False,FIELD_FORCE,,
AD001313,,low,True,TELE_DIALER,ADDR_VERIFY_OUT_OF_AREA_KN,"Namaskara, nimma manege baralu swalpa sahaya beku. Dayavittu heli: nimma mane yaava cross athava raste alli ide, hattirada landmark yavudu (gudi, shaale, bus stop), mattu nimma gate yaava banna?"
AD001314,17.0,high,False,FIELD_FORCE,,
AD001315,329.0,medium,False,FIELD_FORCE,,
AD001316,329.0,medium,False,FIELD_FORCE,,
AD001317,255.0,medium,False,FIELD_FORCE,,
AD001318,173.0,medium,True,FIELD_FORCE,,
AD001319,329.0,medium,False,FIELD_FORCE,,
AD001320,120.0,medium,False,FIELD_FORCE,,
AD001321,255.0,medium,False,FIELD_FORCE,,
AD001322,48.0,high,False,FIELD_FORCE,,
AD001323,36.0,high,False,FIELD_FORCE,,
AD001324,20.0,high,False,FIELD_FORCE,,
AD001325,403.0,medium,False,FIELD_FORCE,,
AD001326,329.0,medium,False,FIELD_FORCE,,
AD001327,372.0,medium,False,FIELD_FORCE,,
AD001328,569.0,low,True,TELE_DIALER,ADDR_VERIFY_LOW_CONFIDENCE_HI,"Namaste, aapke ghar tak pahunchne ke liye thodi madad chahiye. Kripya bataiye: aapka ghar kaun si cross ya gali mein hai, sabse paas ka landmark kya hai (mandir, school, bus stop), aur aapke gate ka rang kya hai?"
AD001329,175.0,medium,False,FIELD_FORCE,,
AD001330,23.0,high,True,FIELD_FORCE,,
AD001331,37.0,high,False,FIELD_FORCE,,
AD001332,569.0,low,True,TELE_DIALER,ADDR_VERIFY_LOW_CONFIDENCE_EN,"Hello, we need a little help to reach your home. Please tell us which cross or street your house is on, the nearest landmark (temple, school, bus stop), and the colour of your gate."
AD001333,51.0,high,True,FIELD_FORCE,,
AD001334,,low,True,TELE_DIALER,ADDR_VERIFY_OUT_OF_AREA_HI,"Namaste, aapke ghar tak pahunchne ke liye thodi madad chahiye. Kripya bataiye: aapka ghar kaun si cross ya gali mein hai, sabse paas ka landmark kya hai (mandir, school, bus stop), aur aapke gate ka rang kya hai?"
AD001335,31.0,high,False,FIELD_FORCE,,
AD001336,14.0,high,False,FIELD_FORCE,,
AD001337,39.0,high,False,FIELD_FORCE,,
AD001338,41.0,high,False,FIELD_FORCE,,
AD001339,29.0,high,False,FIELD_FORCE,,
AD001340,271.0,medium,False,FIELD_FORCE,,
AD001341,255.0,medium,False,FIELD_FORCE,,
AD001342,387.0,medium,False,FIELD_FORCE,,
AD001343,31.0,high,False,FIELD_FORCE,,
AD001344,569.0,low,True,TELE_DIALER,ADDR_VERIFY_LOW_CONFIDENCE_KN,"Namaskara, nimma manege baralu swalpa sahaya beku. Dayavittu heli: nimma mane yaava cross athava raste alli ide, hattirada landmark yavudu (gudi, shaale, bus stop), mattu nimma gate yaava banna?"
AD001345,,low,True,TELE_DIALER,ADDR_VERIFY_OUT_OF_AREA_KN,"Namaskara, nimma manege baralu swalpa sahaya beku. Dayavittu heli: nimma mane yaava cross athava raste alli ide, hattirada landmark yavudu (gudi, shaale, bus stop), mattu nimma gate yaava banna?"
AD001346,45.0,high,False,FIELD_FORCE,,
AD001347,,low,True,TELE_DIALER,ADDR_VERIFY_OUT_OF_AREA_HI,"Namaste, aapke ghar tak pahunchne ke liye thodi madad chahiye. Kripya bataiye: aapka ghar kaun si cross ya gali mein hai, sabse paas ka landmark kya hai (mandir, school, bus stop), aur aapke gate ka rang kya hai?"
AD001348,569.0,low,True,TELE_DIALER,ADDR_VERIFY_LOW_CONFIDENCE_EN,"Hello, we need a little help to reach your home. Please tell us which cross or street your house is on, the nearest landmark (temple, school, bus stop), and the colour of your gate."
AD001349,120.0,medium,False,FIELD_FORCE,,
AD001350,569.0,low,True,TELE_DIALER,ADDR_VERIFY_LOW_CONFIDENCE_HI,"Namaste, aapke ghar tak pahunchne ke liye thodi madad chahiye. Kripya bataiye: aapka ghar kaun si cross ya gali mein hai, sabse paas ka landmark kya hai (mandir, school, bus stop), aur aapke gate ka rang kya hai?"
AD001351,55.0,high,False,FIELD_FORCE,,
AD001352,26.0,high,False,FIELD_FORCE,,
AD001353,447.0,medium,False,FIELD_FORCE,,
AD001354,23.0,high,True,FIELD_FORCE,,
AD001355,32.0,high,False,FIELD_FORCE,,
AD001356,569.0,low,True,TELE_DIALER,ADDR_VERIFY_LOW_CONFIDENCE_EN,"Hello, we need a little help to reach your home. Please tell us which cross or street your house is on, the nearest landmark (temple, school, bus stop), and the colour of your gate."
AD001357,60.0,high,False,FIELD_FORCE,,
AD001358,,low,True,TELE_DIALER,ADDR_VERIFY_OUT_OF_AREA_HI,"Namaste, aapke ghar tak pahunchne ke liye thodi madad chahiye. Kripya bataiye: aapka ghar kaun si cross ya gali mein hai, sabse paas ka landmark kya hai (mandir, school, bus stop), aur aapke gate ka rang kya hai?"
AD001359,329.0,medium,False,FIELD_FORCE,,
AD001360,31.0,high,False,FIELD_FORCE,,
AD001361,34.0,high,False,FIELD_FORCE,,
AD001362,51.0,high,False,FIELD_FORCE,,
AD001363,22.0,high,False,FIELD_FORCE,,
AD001364,45.0,high,False,FIELD_FORCE,,
AD001365,396.0,medium,False,FIELD_FORCE,,
AD001366,329.0,medium,False,FIELD_FORCE,,
AD001367,569.0,low,True,TELE_DIALER,ADDR_VERIFY_LOW_CONFIDENCE_KN,"Namaskara, nimma manege baralu swalpa sahaya beku. Dayavittu heli: nimma mane yaava cross athava raste alli ide, hattirada landmark yavudu (gudi, shaale, bus stop), mattu nimma gate yaava banna?"
AD001368,403.0,medium,False,FIELD_FORCE,,
AD001369,185.0,medium,False,FIELD_FORCE,,
AD001370,396.0,medium,False,FIELD_FORCE,,
AD001371,33.0,high,False,FIELD_FORCE,,
AD001372,21.0,high,False,FIELD_FORCE,,
AD001373,437.0,medium,False,FIELD_FORCE,,
AD001374,329.0,medium,False,FIELD_FORCE,,
AD001375,329.0,medium,False,FIELD_FORCE,,
AD001376,194.0,medium,False,FIELD_FORCE,,
AD001377,149.0,medium,False,FIELD_FORCE,,
AD001378,569.0,low,True,TELE_DIALER,ADDR_VERIFY_LOW_CONFIDENCE_HI,"Namaste, aapke ghar tak pahunchne ke liye thodi madad chahiye. Kripya bataiye: aapka ghar kaun si cross ya gali mein hai, sabse paas ka landmark kya hai (mandir, school, bus stop), aur aapke gate ka rang kya hai?"
AD001379,,low,True,TELE_DIALER,ADDR_VERIFY_OUT_OF_AREA_HI,"Namaste, aapke ghar tak pahunchne ke liye thodi madad chahiye. Kripya bataiye: aapka ghar kaun si cross ya gali mein hai, sabse paas ka landmark kya hai (mandir, school, bus stop), aur aapke gate ka rang kya hai?"
AD001380,15.0,high,False,FIELD_FORCE,,
AD001381,23.0,high,False,FIELD_FORCE,,
AD001382,69.0,high,False,FIELD_FORCE,,
AD001383,36.0,high,False,FIELD_FORCE,,
AD001384,26.0,high,False,FIELD_FORCE,,
AD001385,569.0,low,True,TELE_DIALER,ADDR_VERIFY_LOW_CONFIDENCE_HI,"Namaste, aapke ghar tak pahunchne ke liye thodi madad chahiye. Kripya bataiye: aapka ghar kaun si cross ya gali mein hai, sabse paas ka landmark kya hai (mandir, school, bus stop), aur aapke gate ka rang kya hai?"
AD001386,17.0,high,False,FIELD_FORCE,,
AD001387,20.0,high,False,FIELD_FORCE,,
AD001388,3348.0,low,True,TELE_DIALER,ADDR_VERIFY_LOW_CONFIDENCE_KN,"Namaskara, nimma manege baralu swalpa sahaya beku. Dayavittu heli: nimma mane yaava cross athava raste alli ide, hattirada landmark yavudu (gudi, shaale, bus stop), mattu nimma gate yaava banna?"
AD001389,57.0,high,False,FIELD_FORCE,,
AD001390,293.0,medium,False,FIELD_FORCE,,
AD001391,49.0,high,False,FIELD_FORCE,,
AD001392,304.0,medium,False,FIELD_FORCE,,
AD001393,35.0,high,False,FIELD_FORCE,,
AD001394,175.0,medium,False,FIELD_FORCE,,
AD001395,19.0,high,False,FIELD_FORCE,,
AD001396,69.0,high,False,FIELD_FORCE,,
AD001397,20.0,high,False,FIELD_FORCE,,
AD001398,,low,True,TELE_DIALER,ADDR_VERIFY_OUT_OF_AREA_HI,"Namaste, aapke ghar tak pahunchne ke liye thodi madad chahiye. Kripya bataiye: aapka ghar kaun si cross ya gali mein hai, sabse paas ka landmark kya hai (mandir, school, bus stop), aur aapke gate ka rang kya hai?"
AD001399,161.0,medium,False,FIELD_FORCE,,
AD001400,,low,True,TELE_DIALER,ADDR_VERIFY_OUT_OF_AREA_EN,"Hello, we need a little help to reach your home. Please tell us which cross or street your house is on, the nearest landmark (temple, school, bus stop), and the colour of your gate."
AD001401,329.0,medium,False,FIELD_FORCE,,
AD001402,329.0,medium,False,FIELD_FORCE,,
AD001403,378.0,medium,False,FIELD_FORCE,,
AD001404,239.0,medium,False,FIELD_FORCE,,
AD001405,304.0,medium,False,FIELD_FORCE,,
AD001406,194.0,medium,False,FIELD_FORCE,,
AD001407,194.0,medium,False,FIELD_FORCE,,
AD001408,17.0,high,False,FIELD_FORCE,,
AD001409,569.0,low,True,TELE_DIALER,ADDR_VERIFY_LOW_CONFIDENCE_HI,"Namaste, aapke ghar tak pahunchne ke liye thodi madad chahiye. Kripya bataiye: aapka ghar kaun si cross ya gali mein hai, sabse paas ka landmark kya hai (mandir, school, bus stop), aur aapke gate ka rang kya hai?"
AD001410,255.0,medium,False,FIELD_FORCE,,
AD001411,215.0,medium,False,FIELD_FORCE,,
AD001412,140.0,medium,False,FIELD_FORCE,,
AD001413,329.0,medium,False,FIELD_FORCE,,
AD001414,36.0,high,False,FIELD_FORCE,,
AD001415,329.0,medium,False,FIELD_FORCE,,
AD001416,22.0,high,False,FIELD_FORCE,,
AD001417,997.0,low,True,TELE_DIALER,ADDR_VERIFY_LOW_CONFIDENCE_HI,"Namaste, aapke ghar tak pahunchne ke liye thodi madad chahiye. Kripya bataiye: aapka ghar kaun si cross ya gali mein hai, sabse paas ka landmark kya hai (mandir, school, bus stop), aur aapke gate ka rang kya hai?"
AD001418,,low,True,TELE_DIALER,ADDR_VERIFY_OUT_OF_AREA_HI,"Namaste, aapke ghar tak pahunchne ke liye thodi madad chahiye. Kripya bataiye: aapka ghar kaun si cross ya gali mein hai, sabse paas ka landmark kya hai (mandir, school, bus stop), aur aapke gate ka rang kya hai?"
AD001419,4921.0,low,True,TELE_DIALER,ADDR_VERIFY_LOW_CONFIDENCE_KN,"Namaskara, nimma manege baralu swalpa sahaya beku. Dayavittu heli: nimma mane yaava cross athava raste alli ide, hattirada landmark yavudu (gudi, shaale, bus stop), mattu nimma gate yaava banna?"
AD001420,60.0,high,False,FIELD_FORCE,,
AD001421,194.0,medium,False,FIELD_FORCE,,
AD001422,28.0,high,False,FIELD_FORCE,,
AD001423,,low,True,TELE_DIALER,ADDR_VERIFY_OUT_OF_AREA_HI,"Namaste, aapke ghar tak pahunchne ke liye thodi madad chahiye. Kripya bataiye: aapka ghar kaun si cross ya gali mein hai, sabse paas ka landmark kya hai (mandir, school, bus stop), aur aapke gate ka rang kya hai?"
AD001424,90.0,high,False,FIELD_FORCE,,
AD001425,46.0,high,False,FIELD_FORCE,,
AD001426,2278.0,low,True,TELE_DIALER,ADDR_VERIFY_LOW_CONFIDENCE_HI,"Namaste, aapke ghar tak pahunchne ke liye thodi madad chahiye. Kripya bataiye: aapka ghar kaun si cross ya gali mein hai, sabse paas ka landmark kya hai (mandir, school, bus stop), aur aapke gate ka rang kya hai?"
AD001427,175.0,medium,False,FIELD_FORCE,,
AD001428,329.0,medium,False,FIELD_FORCE,,
AD001429,,low,True,TELE_DIALER,ADDR_VERIFY_OUT_OF_AREA_KN,"Namaskara, nimma manege baralu swalpa sahaya beku. Dayavittu heli: nimma mane yaava cross athava raste alli ide, hattirada landmark yavudu (gudi, shaale, bus stop), mattu nimma gate yaava banna?"
AD001430,24.0,high,False,FIELD_FORCE,,
AD001431,329.0,medium,False,FIELD_FORCE,,
AD001432,50.0,high,False,FIELD_FORCE,,
AD001433,16.0,high,False,FIELD_FORCE,,
AD001434,54.0,high,False,FIELD_FORCE,,
AD001435,283.0,medium,False,FIELD_FORCE,,
AD001436,20.0,high,False,FIELD_FORCE,,
AD001437,32.0,high,False,FIELD_FORCE,,
AD001438,194.0,medium,False,FIELD_FORCE,,
AD001439,293.0,medium,False,FIELD_FORCE,,
AD001440,194.0,medium,False,FIELD_FORCE,,
AD001441,67.0,high,False,FIELD_FORCE,,
AD001442,396.0,medium,False,FIELD_FORCE,,
AD001443,22.0,high,False,FIELD_FORCE,,
AD001444,28.0,high,True,FIELD_FORCE,,
AD001445,837.0,low,True,TELE_DIALER,ADDR_VERIFY_LOW_CONFIDENCE_HI,"Namaste, aapke ghar tak pahunchne ke liye thodi madad chahiye. Kripya bataiye: aapka ghar kaun si cross ya gali mein hai, sabse paas ka landmark kya hai (mandir, school, bus stop), aur aapke gate ka rang kya hai?"
AD001446,396.0,medium,False,FIELD_FORCE,,
AD001447,27.0,high,False,FIELD_FORCE,,
AD001448,227.0,medium,False,FIELD_FORCE,,
AD001449,396.0,medium,False,FIELD_FORCE,,
AD001450,13.0,high,False,FIELD_FORCE,,
AD001451,199.0,medium,False,FIELD_FORCE,,
AD001452,,low,True,TELE_DIALER,ADDR_VERIFY_OUT_OF_AREA_HI,"Namaste, aapke ghar tak pahunchne ke liye thodi madad chahiye. Kripya bataiye: aapka ghar kaun si cross ya gali mein hai, sabse paas ka landmark kya hai (mandir, school, bus stop), aur aapke gate ka rang kya hai?"
AD001453,283.0,medium,False,FIELD_FORCE,,
AD001454,133.0,medium,False,FIELD_FORCE,,
AD001455,196.0,medium,False,FIELD_FORCE,,
AD001456,569.0,low,True,TELE_DIALER,ADDR_VERIFY_LOW_CONFIDENCE_HI,"Namaste, aapke ghar tak pahunchne ke liye thodi madad chahiye. Kripya bataiye: aapka ghar kaun si cross ya gali mein hai, sabse paas ka landmark kya hai (mandir, school, bus stop), aur aapke gate ka rang kya hai?"
AD001457,16.0,high,False,FIELD_FORCE,,
AD001458,24.0,high,False,FIELD_FORCE,,
AD001459,,low,True,TELE_DIALER,ADDR_VERIFY_OUT_OF_AREA_KN,"Namaskara, nimma manege baralu swalpa sahaya beku. Dayavittu heli: nimma mane yaava cross athava raste alli ide, hattirada landmark yavudu (gudi, shaale, bus stop), mattu nimma gate yaava banna?"
AD001460,149.0,medium,False,FIELD_FORCE,,
AD001461,483.0,medium,False,FIELD_FORCE,,
AD001462,23.0,high,False,FIELD_FORCE,,
AD001463,329.0,medium,False,FIELD_FORCE,,
AD001464,,low,True,TELE_DIALER,ADDR_VERIFY_OUT_OF_AREA_HI,"Namaste, aapke ghar tak pahunchne ke liye thodi madad chahiye. Kripya bataiye: aapka ghar kaun si cross ya gali mein hai, sabse paas ka landmark kya hai (mandir, school, bus stop), aur aapke gate ka rang kya hai?"
AD001465,38.0,high,False,FIELD_FORCE,,
AD001466,30.0,high,False,FIELD_FORCE,,
AD001467,229.0,medium,False,FIELD_FORCE,,
AD001468,44.0,high,False,FIELD_FORCE,,
AD001469,26.0,high,False,FIELD_FORCE,,
AD001470,215.0,medium,False,FIELD_FORCE,,
AD001471,133.0,medium,False,FIELD_FORCE,,
AD001472,30.0,high,False,FIELD_FORCE,,
AD001473,84.0,high,False,FIELD_FORCE,,
AD001474,271.0,medium,False,FIELD_FORCE,,
AD001475,569.0,low,True,TELE_DIALER,ADDR_VERIFY_LOW_CONFIDENCE_HI,"Namaste, aapke ghar tak pahunchne ke liye thodi madad chahiye. Kripya bataiye: aapka ghar kaun si cross ya gali mein hai, sabse paas ka landmark kya hai (mandir, school, bus stop), aur aapke gate ka rang kya hai?"
AD001476,175.0,medium,False,FIELD_FORCE,,
AD001477,569.0,low,True,TELE_DIALER,ADDR_VERIFY_LOW_CONFIDENCE_KN,"Namaskara, nimma manege baralu swalpa sahaya beku. Dayavittu heli: nimma mane yaava cross athava raste alli ide, hattirada landmark yavudu (gudi, shaale, bus stop), mattu nimma gate yaava banna?"
AD001478,329.0,medium,False,FIELD_FORCE,,
AD001479,22.0,high,False,FIELD_FORCE,,
AD001480,33.0,high,False,FIELD_FORCE,,
AD001481,26.0,high,False,FIELD_FORCE,,
AD001482,329.0,medium,False,FIELD_FORCE,,
AD001483,243.0,medium,False,FIELD_FORCE,,
AD001484,1230.0,low,True,TELE_DIALER,ADDR_VERIFY_NOT_TRACEABLE_EN,"Hello, we need a little help to reach your home. Please tell us which cross or street your house is on, the nearest landmark (temple, school, bus stop), and the colour of your gate."
AD001485,569.0,low,True,TELE_DIALER,ADDR_VERIFY_LOW_CONFIDENCE_EN,"Hello, we need a little help to reach your home. Please tell us which cross or street your house is on, the nearest landmark (temple, school, bus stop), and the colour of your gate."
AD001486,396.0,medium,False,FIELD_FORCE,,
AD001487,55.0,high,True,FIELD_FORCE,,
AD001488,39.0,high,False,FIELD_FORCE,,
AD001489,27.0,high,False,FIELD_FORCE,,
AD001490,43.0,high,False,FIELD_FORCE,,
AD001491,149.0,medium,False,FIELD_FORCE,,
AD001492,,low,True,TELE_DIALER,ADDR_VERIFY_OUT_OF_AREA_KN,"Namaskara, nimma manege baralu swalpa sahaya beku. Dayavittu heli: nimma mane yaava cross athava raste alli ide, hattirada landmark yavudu (gudi, shaale, bus stop), mattu nimma gate yaava banna?"
AD001493,25.0,high,False,FIELD_FORCE,,
AD001494,54.0,high,False,FIELD_FORCE,,
AD001495,16.0,high,False,FIELD_FORCE,,
AD001496,22.0,high,False,FIELD_FORCE,,
AD001497,365.0,medium,False,FIELD_FORCE,,
AD001498,133.0,medium,False,FIELD_FORCE,,
AD001499,25.0,high,False,FIELD_FORCE,,
AD001500,149.0,medium,False,FIELD_FORCE,,
AD001501,396.0,medium,False,FIELD_FORCE,,
AD001502,396.0,medium,False,FIELD_FORCE,,
AD001503,16.0,high,False,FIELD_FORCE,,
AD001504,378.0,medium,False,FIELD_FORCE,,
AD001505,25.0,high,False,FIELD_FORCE,,
AD001506,387.0,medium,False,FIELD_FORCE,,
AD001507,569.0,low,True,TELE_DIALER,ADDR_VERIFY_LOW_CONFIDENCE_HI,"Namaste, aapke ghar tak pahunchne ke liye thodi madad chahiye. Kripya bataiye: aapka ghar kaun si cross ya gali mein hai, sabse paas ka landmark kya hai (mandir, school, bus stop), aur aapke gate ka rang kya hai?"
AD001508,329.0,medium,False,FIELD_FORCE,,
AD001509,20.0,high,False,FIELD_FORCE,,
AD001510,403.0,medium,False,FIELD_FORCE,,
AD001511,276.0,medium,False,FIELD_FORCE,,
AD001512,175.0,medium,False,FIELD_FORCE,,
AD001513,569.0,low,True,TELE_DIALER,ADDR_VERIFY_LOW_CONFIDENCE_EN,"Hello, we need a little help to reach your home. Please tell us which cross or street your house is on, the nearest landmark (temple, school, bus stop), and the colour of your gate."
AD001514,396.0,medium,False,FIELD_FORCE,,
AD001515,269.0,medium,False,FIELD_FORCE,,
AD001516,10.0,high,False,FIELD_FORCE,,
AD001517,126.0,medium,False,FIELD_FORCE,,
AD001518,,low,True,TELE_DIALER,ADDR_VERIFY_OUT_OF_AREA_EN,"Hello, we need a little help to reach your home. Please tell us which cross or street your house is on, the nearest landmark (temple, school, bus stop), and the colour of your gate."
AD001519,329.0,medium,False,FIELD_FORCE,,
AD001520,28.0,high,False,FIELD_FORCE,,
AD001521,25.0,high,False,FIELD_FORCE,,
AD001522,,low,True,TELE_DIALER,ADDR_VERIFY_OUT_OF_AREA_EN,"Hello, we need a little help to reach your home. Please tell us which cross or street your house is on, the nearest landmark (temple, school, bus stop), and the colour of your gate."
AD001523,27.0,high,False,FIELD_FORCE,,
AD001524,46.0,high,False,FIELD_FORCE,,
AD001525,180.0,medium,False,FIELD_FORCE,,
AD001526,57.0,high,False,FIELD_FORCE,,
AD001527,,low,True,TELE_DIALER,ADDR_VERIFY_OUT_OF_AREA_HI,"Namaste, aapke ghar tak pahunchne ke liye thodi madad chahiye. Kripya bataiye: aapka ghar kaun si cross ya gali mein hai, sabse paas ka landmark kya hai (mandir, school, bus stop), aur aapke gate ka rang kya hai?"
AD001528,46.0,high,True,FIELD_FORCE,,
AD001529,,low,True,TELE_DIALER,ADDR_VERIFY_OUT_OF_AREA_EN,"Hello, we need a little help to reach your home. Please tell us which cross or street your house is on, the nearest landmark (temple, school, bus stop), and the colour of your gate."
AD001530,36.0,high,False,FIELD_FORCE,,
AD001531,396.0,medium,False,FIELD_FORCE,,
AD001532,2278.0,low,True,TELE_DIALER,ADDR_VERIFY_LOW_CONFIDENCE_KN,"Namaskara, nimma manege baralu swalpa sahaya beku. Dayavittu heli: nimma mane yaava cross athava raste alli ide, hattirada landmark yavudu (gudi, shaale, bus stop), mattu nimma gate yaava banna?"
AD001533,569.0,low,True,TELE_DIALER,ADDR_VERIFY_LOW_CONFIDENCE_KN,"Namaskara, nimma manege baralu swalpa sahaya beku. Dayavittu heli: nimma mane yaava cross athava raste alli ide, hattirada landmark yavudu (gudi, shaale, bus stop), mattu nimma gate yaava banna?"
AD001534,30.0,high,False,FIELD_FORCE,,
AD001535,194.0,medium,False,FIELD_FORCE,,
AD001536,569.0,low,True,TELE_DIALER,ADDR_VERIFY_LOW_CONFIDENCE_EN,"Hello, we need a little help to reach your home. Please tell us which cross or street your house is on, the nearest landmark (temple, school, bus stop), and the colour of your gate."
AD001537,276.0,medium,False,FIELD_FORCE,,
AD001538,255.0,medium,False,FIELD_FORCE,,
AD001539,23.0,high,False,FIELD_FORCE,,
AD001540,35.0,high,False,FIELD_FORCE,,
AD001541,329.0,medium,False,FIELD_FORCE,,
AD001542,204.0,medium,False,FIELD_FORCE,,
AD001543,276.0,medium,False,FIELD_FORCE,,
AD001544,286.0,medium,False,FIELD_FORCE,,
AD001545,237.0,medium,False,FIELD_FORCE,,
AD001546,36.0,high,False,FIELD_FORCE,,
AD001547,,low,True,TELE_DIALER,ADDR_VERIFY_OUT_OF_AREA_EN,"Hello, we need a little help to reach your home. Please tell us which cross or street your house is on, the nearest landmark (temple, school, bus stop), and the colour of your gate."
AD001548,569.0,low,True,TELE_DIALER,ADDR_VERIFY_LOW_CONFIDENCE_KN,"Namaskara, nimma manege baralu swalpa sahaya beku. Dayavittu heli: nimma mane yaava cross athava raste alli ide, hattirada landmark yavudu (gudi, shaale, bus stop), mattu nimma gate yaava banna?"
AD001549,40.0,high,False,FIELD_FORCE,,
AD001550,,low,True,TELE_DIALER,ADDR_VERIFY_OUT_OF_AREA_HI,"Namaste, aapke ghar tak pahunchne ke liye thodi madad chahiye. Kripya bataiye: aapka ghar kaun si cross ya gali mein hai, sabse paas ka landmark kya hai (mandir, school, bus stop), aur aapke gate ka rang kya hai?"
AD001551,35.0,high,False,FIELD_FORCE,,
AD001552,329.0,medium,False,FIELD_FORCE,,
AD001553,437.0,medium,False,FIELD_FORCE,,
AD001554,91.0,high,False,FIELD_FORCE,,
AD001555,25.0,high,False,FIELD_FORCE,,
AD001556,21.0,high,False,FIELD_FORCE,,
AD001557,365.0,medium,False,FIELD_FORCE,,
AD001558,396.0,medium,False,FIELD_FORCE,,
AD001559,403.0,medium,False,FIELD_FORCE,,
AD001560,175.0,medium,False,FIELD_FORCE,,
AD001561,569.0,low,True,TELE_DIALER,ADDR_VERIFY_LOW_CONFIDENCE_EN,"Hello, we need a little help to reach your home. Please tell us which cross or street your house is on, the nearest landmark (temple, school, bus stop), and the colour of your gate."
AD001562,,low,True,TELE_DIALER,ADDR_VERIFY_OUT_OF_AREA_EN,"Hello, we need a little help to reach your home. Please tell us which cross or street your house is on, the nearest landmark (temple, school, bus stop), and the colour of your gate."
AD001563,21.0,high,False,FIELD_FORCE,,
AD001564,61.0,high,True,FIELD_FORCE,,
AD001565,293.0,medium,False,FIELD_FORCE,,
AD001566,365.0,medium,False,FIELD_FORCE,,
AD001567,18.0,high,False,FIELD_FORCE,,
AD001568,140.0,medium,False,FIELD_FORCE,,
AD001569,85.0,high,False,FIELD_FORCE,,
AD001570,35.0,high,False,FIELD_FORCE,,
AD001571,255.0,medium,False,FIELD_FORCE,,
AD001572,255.0,medium,False,FIELD_FORCE,,
AD001573,175.0,medium,False,FIELD_FORCE,,
AD001574,23.0,high,False,FIELD_FORCE,,
AD001575,39.0,high,False,FIELD_FORCE,,
AD001576,255.0,medium,False,FIELD_FORCE,,
AD001577,20.0,high,False,FIELD_FORCE,,
AD001578,21.0,high,False,FIELD_FORCE,,
AD001579,46.0,high,True,FIELD_FORCE,,
AD001580,,low,True,TELE_DIALER,ADDR_VERIFY_OUT_OF_AREA_HI,"Namaste, aapke ghar tak pahunchne ke liye thodi madad chahiye. Kripya bataiye: aapka ghar kaun si cross ya gali mein hai, sabse paas ka landmark kya hai (mandir, school, bus stop), aur aapke gate ka rang kya hai?"
AD001581,17.0,high,False,FIELD_FORCE,,
AD001582,194.0,medium,False,FIELD_FORCE,,
AD001583,175.0,medium,False,FIELD_FORCE,,
AD001584,19.0,high,False,FIELD_FORCE,,
AD001585,329.0,medium,False,FIELD_FORCE,,
AD001586,26.0,high,False,FIELD_FORCE,,
AD001587,33.0,high,False,FIELD_FORCE,,
AD001588,2278.0,low,True,TELE_DIALER,ADDR_VERIFY_LOW_CONFIDENCE_KN,"Namaskara, nimma manege baralu swalpa sahaya beku. Dayavittu heli: nimma mane yaava cross athava raste alli ide, hattirada landmark yavudu (gudi, shaale, bus stop), mattu nimma gate yaava banna?"
AD001589,27.0,high,False,FIELD_FORCE,,
AD001590,329.0,medium,False,FIELD_FORCE,,
AD001591,114.0,medium,False,FIELD_FORCE,,
AD001592,44.0,high,False,FIELD_FORCE,,
AD001593,126.0,medium,False,FIELD_FORCE,,
AD001594,285.0,medium,False,FIELD_FORCE,,
AD001595,,low,True,TELE_DIALER,ADDR_VERIFY_OUT_OF_AREA_HI,"Namaste, aapke ghar tak pahunchne ke liye thodi madad chahiye. Kripya bataiye: aapka ghar kaun si cross ya gali mein hai, sabse paas ka landmark kya hai (mandir, school, bus stop), aur aapke gate ka rang kya hai?"
AD001596,33.0,high,False,FIELD_FORCE,,
AD001597,279.0,medium,False,FIELD_FORCE,,
AD001598,396.0,medium,False,FIELD_FORCE,,
AD001599,,low,True,TELE_DIALER,ADDR_VERIFY_OUT_OF_AREA_KN,"Namaskara, nimma manege baralu swalpa sahaya beku. Dayavittu heli: nimma mane yaava cross athava raste alli ide, hattirada landmark yavudu (gudi, shaale, bus stop), mattu nimma gate yaava banna?"
AD001600,329.0,medium,False,FIELD_FORCE,,
AD001601,329.0,medium,False,FIELD_FORCE,,
AD001602,396.0,medium,False,FIELD_FORCE,,
AD001603,133.0,medium,False,FIELD_FORCE,,
AD001604,329.0,medium,False,FIELD_FORCE,,
AD001605,40.0,high,False,FIELD_FORCE,,
AD001606,178.0,medium,False,FIELD_FORCE,,
AD001607,569.0,low,True,TELE_DIALER,ADDR_VERIFY_LOW_CONFIDENCE_HI,"Namaste, aapke ghar tak pahunchne ke liye thodi madad chahiye. Kripya bataiye: aapka ghar kaun si cross ya gali mein hai, sabse paas ka landmark kya hai (mandir, school, bus stop), aur aapke gate ka rang kya hai?"
AD001608,569.0,low,True,TELE_DIALER,ADDR_VERIFY_LOW_CONFIDENCE_HI,"Namaste, aapke ghar tak pahunchne ke liye thodi madad chahiye. Kripya bataiye: aapka ghar kaun si cross ya gali mein hai, sabse paas ka landmark kya hai (mandir, school, bus stop), aur aapke gate ka rang kya hai?"
AD001609,329.0,medium,False,FIELD_FORCE,,
AD001610,329.0,medium,False,FIELD_FORCE,,
AD001611,232.0,medium,False,FIELD_FORCE,,
AD001612,396.0,medium,False,FIELD_FORCE,,
AD001613,403.0,medium,False,FIELD_FORCE,,
AD001614,368.0,medium,False,FIELD_FORCE,,
AD001615,329.0,medium,False,FIELD_FORCE,,
AD001616,17.0,high,False,FIELD_FORCE,,
AD001617,40.0,high,False,FIELD_FORCE,,
AD001618,46.0,high,False,FIELD_FORCE,,
AD001619,34.0,high,False,FIELD_FORCE,,
AD001620,27.0,high,False,FIELD_FORCE,,
AD001621,49.0,high,True,FIELD_FORCE,,
AD001622,60.0,high,False,FIELD_FORCE,,
AD001623,140.0,medium,False,FIELD_FORCE,,
AD001624,329.0,medium,False,FIELD_FORCE,,
AD001625,52.0,high,False,FIELD_FORCE,,
AD001626,39.0,high,False,FIELD_FORCE,,
AD001627,49.0,high,False,FIELD_FORCE,,
AD001628,38.0,high,False,FIELD_FORCE,,
AD001629,169.0,medium,False,FIELD_FORCE,,
AD001630,28.0,high,False,FIELD_FORCE,,
AD001631,21.0,high,False,FIELD_FORCE,,
AD001632,,low,True,TELE_DIALER,ADDR_VERIFY_OUT_OF_AREA_HI,"Namaste, aapke ghar tak pahunchne ke liye thodi madad chahiye. Kripya bataiye: aapka ghar kaun si cross ya gali mein hai, sabse paas ka landmark kya hai (mandir, school, bus stop), aur aapke gate ka rang kya hai?"
AD001633,63.0,high,False,FIELD_FORCE,,
AD001634,133.0,medium,False,FIELD_FORCE,,
AD001635,283.0,medium,False,FIELD_FORCE,,
AD001636,,low,True,TELE_DIALER,ADDR_VERIFY_OUT_OF_AREA_HI,"Namaste, aapke ghar tak pahunchne ke liye thodi madad chahiye. Kripya bataiye: aapka ghar kaun si cross ya gali mein hai, sabse paas ka landmark kya hai (mandir, school, bus stop), aur aapke gate ka rang kya hai?"
AD001637,276.0,medium,False,FIELD_FORCE,,
AD001638,23.0,high,False,FIELD_FORCE,,
AD001639,569.0,low,True,TELE_DIALER,ADDR_VERIFY_LOW_CONFIDENCE_KN,"Namaskara, nimma manege baralu swalpa sahaya beku. Dayavittu heli: nimma mane yaava cross athava raste alli ide, hattirada landmark yavudu (gudi, shaale, bus stop), mattu nimma gate yaava banna?"
AD001640,569.0,low,True,TELE_DIALER,ADDR_VERIFY_LOW_CONFIDENCE_KN,"Namaskara, nimma manege baralu swalpa sahaya beku. Dayavittu heli: nimma mane yaava cross athava raste alli ide, hattirada landmark yavudu (gudi, shaale, bus stop), mattu nimma gate yaava banna?"
AD001641,243.0,medium,False,FIELD_FORCE,,
AD001642,396.0,medium,False,FIELD_FORCE,,
AD001643,363.0,medium,False,FIELD_FORCE,,
AD001644,569.0,low,True,TELE_DIALER,ADDR_VERIFY_LOW_CONFIDENCE_HI,"Namaste, aapke ghar tak pahunchne ke liye thodi madad chahiye. Kripya bataiye: aapka ghar kaun si cross ya gali mein hai, sabse paas ka landmark kya hai (mandir, school, bus stop), aur aapke gate ka rang kya hai?"
AD001645,255.0,medium,False,FIELD_FORCE,,
AD001646,95.0,high,False,FIELD_FORCE,,
AD001647,17.0,high,False,FIELD_FORCE,,
AD001648,,low,True,TELE_DIALER,ADDR_VERIFY_OUT_OF_AREA_HI,"Namaste, aapke ghar tak pahunchne ke liye thodi madad chahiye. Kripya bataiye: aapka ghar kaun si cross ya gali mein hai, sabse paas ka landmark kya hai (mandir, school, bus stop), aur aapke gate ka rang kya hai?"
AD001649,27.0,high,True,FIELD_FORCE,,
AD001650,,low,True,TELE_DIALER,ADDR_VERIFY_OUT_OF_AREA_HI,"Namaste, aapke ghar tak pahunchne ke liye thodi madad chahiye. Kripya bataiye: aapka ghar kaun si cross ya gali mein hai, sabse paas ka landmark kya hai (mandir, school, bus stop), aur aapke gate ka rang kya hai?"
AD001651,144.0,medium,False,FIELD_FORCE,,
AD001652,35.0,high,False,FIELD_FORCE,,
AD001653,31.0,high,False,FIELD_FORCE,,
AD001654,31.0,high,False,FIELD_FORCE,,
AD001655,329.0,medium,False,FIELD_FORCE,,
AD001656,51.0,high,False,FIELD_FORCE,,
AD001657,396.0,medium,False,FIELD_FORCE,,
AD001658,237.0,medium,False,FIELD_FORCE,,
AD001659,175.0,medium,False,FIELD_FORCE,,
AD001660,38.0,high,False,FIELD_FORCE,,
AD001661,,low,True,TELE_DIALER,ADDR_VERIFY_OUT_OF_AREA_EN,"Hello, we need a little help to reach your home. Please tell us which cross or street your house is on, the nearest landmark (temple, school, bus stop), and the colour of your gate."
AD001662,18.0,high,False,FIELD_FORCE,,
AD001663,296.0,medium,False,FIELD_FORCE,,
AD001664,59.0,high,False,FIELD_FORCE,,
AD001665,329.0,medium,False,FIELD_FORCE,,
AD001666,329.0,medium,False,FIELD_FORCE,,
AD001667,329.0,medium,False,FIELD_FORCE,,
AD001668,,low,True,TELE_DIALER,ADDR_VERIFY_OUT_OF_AREA_EN,"Hello, we need a little help to reach your home. Please tell us which cross or street your house is on, the nearest landmark (temple, school, bus stop), and the colour of your gate."
AD001669,569.0,low,True,TELE_DIALER,ADDR_VERIFY_LOW_CONFIDENCE_HI,"Namaste, aapke ghar tak pahunchne ke liye thodi madad chahiye. Kripya bataiye: aapka ghar kaun si cross ya gali mein hai, sabse paas ka landmark kya hai (mandir, school, bus stop), aur aapke gate ka rang kya hai?"
AD001670,,low,True,TELE_DIALER,ADDR_VERIFY_OUT_OF_AREA_HI,"Namaste, aapke ghar tak pahunchne ke liye thodi madad chahiye. Kripya bataiye: aapka ghar kaun si cross ya gali mein hai, sabse paas ka landmark kya hai (mandir, school, bus stop), aur aapke gate ka rang kya hai?"
AD001671,569.0,low,True,TELE_DIALER,ADDR_VERIFY_LOW_CONFIDENCE_EN,"Hello, we need a little help to reach your home. Please tell us which cross or street your house is on, the nearest landmark (temple, school, bus stop), and the colour of your gate."
AD001672,,low,True,TELE_DIALER,ADDR_VERIFY_OUT_OF_AREA_EN,"Hello, we need a little help to reach your home. Please tell us which cross or street your house is on, the nearest landmark (temple, school, bus stop), and the colour of your gate."
AD001673,15.0,high,False,FIELD_FORCE,,
AD001674,161.0,medium,False,FIELD_FORCE,,
AD001675,,low,True,TELE_DIALER,ADDR_VERIFY_OUT_OF_AREA_HI,"Namaste, aapke ghar tak pahunchne ke liye thodi madad chahiye. Kripya bataiye: aapka ghar kaun si cross ya gali mein hai, sabse paas ka landmark kya hai (mandir, school, bus stop), aur aapke gate ka rang kya hai?"
AD001676,34.0,high,False,FIELD_FORCE,,
AD001677,52.0,high,False,FIELD_FORCE,,
AD001678,403.0,medium,False,FIELD_FORCE,,
AD001679,198.0,medium,False,FIELD_FORCE,,
AD001680,54.0,high,False,FIELD_FORCE,,
AD001681,396.0,medium,False,FIELD_FORCE,,
AD001682,15.0,high,False,FIELD_FORCE,,
AD001683,21.0,high,False,FIELD_FORCE,,
AD001684,378.0,medium,False,FIELD_FORCE,,
AD001685,329.0,medium,False,FIELD_FORCE,,
AD001686,569.0,low,True,TELE_DIALER,ADDR_VERIFY_LOW_CONFIDENCE_EN,"Hello, we need a little help to reach your home. Please tell us which cross or street your house is on, the nearest landmark (temple, school, bus stop), and the colour of your gate."
AD001687,46.0,high,False,FIELD_FORCE,,
AD001688,,low,True,TELE_DIALER,ADDR_VERIFY_OUT_OF_AREA_EN,"Hello, we need a little help to reach your home. Please tell us which cross or street your house is on, the nearest landmark (temple, school, bus stop), and the colour of your gate."
AD001689,36.0,high,False,FIELD_FORCE,,
AD001690,569.0,low,True,TELE_DIALER,ADDR_VERIFY_LOW_CONFIDENCE_HI,"Namaste, aapke ghar tak pahunchne ke liye thodi madad chahiye. Kripya bataiye: aapka ghar kaun si cross ya gali mein hai, sabse paas ka landmark kya hai (mandir, school, bus stop), aur aapke gate ka rang kya hai?"
AD001691,329.0,medium,False,FIELD_FORCE,,
AD001692,24.0,high,False,FIELD_FORCE,,
AD001693,36.0,high,False,FIELD_FORCE,,
AD001694,30.0,high,False,FIELD_FORCE,,
AD001695,51.0,high,False,FIELD_FORCE,,
AD001696,161.0,medium,False,FIELD_FORCE,,
AD001697,17.0,high,False,FIELD_FORCE,,
AD001698,329.0,medium,False,FIELD_FORCE,,
AD001699,255.0,medium,False,FIELD_FORCE,,
AD001700,163.0,medium,False,FIELD_FORCE,,
AD001701,257.0,medium,False,FIELD_FORCE,,
AD001702,21.0,high,False,FIELD_FORCE,,
AD001703,228.0,medium,False,FIELD_FORCE,,
AD001704,569.0,low,True,TELE_DIALER,ADDR_VERIFY_LOW_CONFIDENCE_HI,"Namaste, aapke ghar tak pahunchne ke liye thodi madad chahiye. Kripya bataiye: aapka ghar kaun si cross ya gali mein hai, sabse paas ka landmark kya hai (mandir, school, bus stop), aur aapke gate ka rang kya hai?"
AD001705,329.0,medium,False,FIELD_FORCE,,
AD001706,15.0,high,False,FIELD_FORCE,,
AD001707,126.0,medium,False,FIELD_FORCE,,
AD001708,,low,True,TELE_DIALER,ADDR_VERIFY_OUT_OF_AREA_EN,"Hello, we need a little help to reach your home. Please tell us which cross or street your house is on, the nearest landmark (temple, school, bus stop), and the colour of your gate."
AD001709,329.0,medium,False,FIELD_FORCE,,
AD001710,329.0,medium,False,FIELD_FORCE,,
AD001711,569.0,low,True,TELE_DIALER,ADDR_VERIFY_LOW_CONFIDENCE_EN,"Hello, we need a little help to reach your home. Please tell us which cross or street your house is on, the nearest landmark (temple, school, bus stop), and the colour of your gate."
AD001712,11.0,high,False,FIELD_FORCE,,
AD001713,16.0,high,False,FIELD_FORCE,,
AD001714,26.0,high,False,FIELD_FORCE,,
AD001715,30.0,high,False,FIELD_FORCE,,
AD001716,365.0,medium,False,FIELD_FORCE,,
AD001717,329.0,medium,False,FIELD_FORCE,,
AD001718,257.0,medium,False,FIELD_FORCE,,
AD001719,194.0,medium,False,FIELD_FORCE,,
AD001720,34.0,high,False,FIELD_FORCE,,
AD001721,837.0,low,True,TELE_DIALER,ADDR_VERIFY_LOW_CONFIDENCE_EN,"Hello, we need a little help to reach your home. Please tell us which cross or street your house is on, the nearest landmark (temple, school, bus stop), and the colour of your gate."
AD001722,38.0,high,False,FIELD_FORCE,,
AD001723,149.0,medium,False,FIELD_FORCE,,
AD001724,837.0,low,True,TELE_DIALER,ADDR_VERIFY_LOW_CONFIDENCE_HI,"Namaste, aapke ghar tak pahunchne ke liye thodi madad chahiye. Kripya bataiye: aapka ghar kaun si cross ya gali mein hai, sabse paas ka landmark kya hai (mandir, school, bus stop), aur aapke gate ka rang kya hai?"
AD001725,51.0,high,False,FIELD_FORCE,,
AD001726,18.0,high,False,FIELD_FORCE,,
AD001727,3348.0,low,True,TELE_DIALER,ADDR_VERIFY_LOW_CONFIDENCE_HI,"Namaste, aapke ghar tak pahunchne ke liye thodi madad chahiye. Kripya bataiye: aapka ghar kaun si cross ya gali mein hai, sabse paas ka landmark kya hai (mandir, school, bus stop), aur aapke gate ka rang kya hai?"
AD001728,,low,True,TELE_DIALER,ADDR_VERIFY_OUT_OF_AREA_HI,"Namaste, aapke ghar tak pahunchne ke liye thodi madad chahiye. Kripya bataiye: aapka ghar kaun si cross ya gali mein hai, sabse paas ka landmark kya hai (mandir, school, bus stop), aur aapke gate ka rang kya hai?"
AD001729,255.0,medium,False,FIELD_FORCE,,
AD001730,569.0,low,True,TELE_DIALER,ADDR_VERIFY_LOW_CONFIDENCE_KN,"Namaskara, nimma manege baralu swalpa sahaya beku. Dayavittu heli: nimma mane yaava cross athava raste alli ide, hattirada landmark yavudu (gudi, shaale, bus stop), mattu nimma gate yaava banna?"
AD001731,28.0,high,False,FIELD_FORCE,,
AD001732,33.0,high,False,FIELD_FORCE,,
AD001733,296.0,medium,False,FIELD_FORCE,,
AD001734,29.0,high,False,FIELD_FORCE,,
AD001735,569.0,low,True,TELE_DIALER,ADDR_VERIFY_LOW_CONFIDENCE_EN,"Hello, we need a little help to reach your home. Please tell us which cross or street your house is on, the nearest landmark (temple, school, bus stop), and the colour of your gate."
AD001736,329.0,medium,False,FIELD_FORCE,,
AD001737,,low,True,TELE_DIALER,ADDR_VERIFY_OUT_OF_AREA_HI,"Namaste, aapke ghar tak pahunchne ke liye thodi madad chahiye. Kripya bataiye: aapka ghar kaun si cross ya gali mein hai, sabse paas ka landmark kya hai (mandir, school, bus stop), aur aapke gate ka rang kya hai?"
AD001738,20.0,high,False,FIELD_FORCE,,
AD001739,2278.0,low,True,TELE_DIALER,ADDR_VERIFY_LOW_CONFIDENCE_EN,"Hello, we need a little help to reach your home. Please tell us which cross or street your house is on, the nearest landmark (temple, school, bus stop), and the colour of your gate."
AD001740,569.0,low,True,TELE_DIALER,ADDR_VERIFY_LOW_CONFIDENCE_EN,"Hello, we need a little help to reach your home. Please tell us which cross or street your house is on, the nearest landmark (temple, school, bus stop), and the colour of your gate."
AD001741,20.0,high,False,FIELD_FORCE,,
AD001742,44.0,high,False,FIELD_FORCE,,
AD001743,39.0,high,False,FIELD_FORCE,,
AD001744,283.0,medium,False,FIELD_FORCE,,
AD001745,161.0,medium,False,FIELD_FORCE,,
AD001746,20.0,high,False,FIELD_FORCE,,
AD001747,132.0,medium,False,FIELD_FORCE,,
AD001748,35.0,high,False,FIELD_FORCE,,
AD001749,3348.0,low,True,TELE_DIALER,ADDR_VERIFY_LOW_CONFIDENCE_HI,"Namaste, aapke ghar tak pahunchne ke liye thodi madad chahiye. Kripya bataiye: aapka ghar kaun si cross ya gali mein hai, sabse paas ka landmark kya hai (mandir, school, bus stop), aur aapke gate ka rang kya hai?"
AD001750,569.0,low,True,TELE_DIALER,ADDR_VERIFY_LOW_CONFIDENCE_HI,"Namaste, aapke ghar tak pahunchne ke liye thodi madad chahiye. Kripya bataiye: aapka ghar kaun si cross ya gali mein hai, sabse paas ka landmark kya hai (mandir, school, bus stop), aur aapke gate ka rang kya hai?"
AD001751,208.0,medium,False,FIELD_FORCE,,
AD001752,11.0,high,False,FIELD_FORCE,,
AD001753,15.0,high,False,FIELD_FORCE,,
AD001754,14.0,high,False,FIELD_FORCE,,
AD001755,35.0,high,False,FIELD_FORCE,,
AD001756,29.0,high,False,FIELD_FORCE,,
AD001757,569.0,low,True,TELE_DIALER,ADDR_VERIFY_LOW_CONFIDENCE_EN,"Hello, we need a little help to reach your home. Please tell us which cross or street your house is on, the nearest landmark (temple, school, bus stop), and the colour of your gate."
AD001758,126.0,medium,False,FIELD_FORCE,,
AD001759,329.0,medium,False,FIELD_FORCE,,
AD001760,24.0,high,False,FIELD_FORCE,,
AD001761,36.0,high,False,FIELD_FORCE,,
AD001762,,low,True,TELE_DIALER,ADDR_VERIFY_OUT_OF_AREA_HI,"Namaste, aapke ghar tak pahunchne ke liye thodi madad chahiye. Kripya bataiye: aapka ghar kaun si cross ya gali mein hai, sabse paas ka landmark kya hai (mandir, school, bus stop), aur aapke gate ka rang kya hai?"
AD001763,228.0,medium,False,FIELD_FORCE,,
AD001764,140.0,medium,False,FIELD_FORCE,,
AD001765,24.0,high,False,FIELD_FORCE,,
AD001766,409.0,medium,False,FIELD_FORCE,,
AD001767,172.0,medium,False,FIELD_FORCE,,
AD001768,33.0,high,False,FIELD_FORCE,,
AD001769,387.0,medium,False,FIELD_FORCE,,
AD001770,16.0,high,False,FIELD_FORCE,,
AD001771,279.0,medium,False,FIELD_FORCE,,
AD001772,569.0,low,True,TELE_DIALER,ADDR_VERIFY_LOW_CONFIDENCE_KN,"Namaskara, nimma manege baralu swalpa sahaya beku. Dayavittu heli: nimma mane yaava cross athava raste alli ide, hattirada landmark yavudu (gudi, shaale, bus stop), mattu nimma gate yaava banna?"
AD001773,215.0,medium,False,FIELD_FORCE,,
AD001774,149.0,medium,False,FIELD_FORCE,,
AD001775,22.0,high,False,FIELD_FORCE,,
AD001776,34.0,high,False,FIELD_FORCE,,
AD001777,569.0,low,True,TELE_DIALER,ADDR_VERIFY_LOW_CONFIDENCE_HI,"Namaste, aapke ghar tak pahunchne ke liye thodi madad chahiye. Kripya bataiye: aapka ghar kaun si cross ya gali mein hai, sabse paas ka landmark kya hai (mandir, school, bus stop), aur aapke gate ka rang kya hai?"
AD001778,280.0,medium,False,FIELD_FORCE,,
AD001779,35.0,high,False,FIELD_FORCE,,
AD001780,304.0,medium,False,FIELD_FORCE,,
AD001781,175.0,medium,False,FIELD_FORCE,,
AD001782,255.0,medium,False,FIELD_FORCE,,
AD001783,255.0,medium,False,FIELD_FORCE,,
AD001784,329.0,medium,False,FIELD_FORCE,,
AD001785,177.0,medium,False,FIELD_FORCE,,
AD001786,304.0,medium,False,FIELD_FORCE,,
AD001787,329.0,medium,False,FIELD_FORCE,,
AD001788,102.0,medium,False,FIELD_FORCE,,
AD001789,77.0,high,False,FIELD_FORCE,,
AD001790,41.0,high,False,FIELD_FORCE,,
AD001791,329.0,medium,False,FIELD_FORCE,,
AD001792,34.0,high,False,FIELD_FORCE,,
AD001793,,low,True,TELE_DIALER,ADDR_VERIFY_OUT_OF_AREA_HI,"Namaste, aapke ghar tak pahunchne ke liye thodi madad chahiye. Kripya bataiye: aapka ghar kaun si cross ya gali mein hai, sabse paas ka landmark kya hai (mandir, school, bus stop), aur aapke gate ka rang kya hai?"
AD001794,26.0,high,False,FIELD_FORCE,,
AD001795,396.0,medium,False,FIELD_FORCE,,
AD001796,,low,True,TELE_DIALER,ADDR_VERIFY_OUT_OF_AREA_HI,"Namaste, aapke ghar tak pahunchne ke liye thodi madad chahiye. Kripya bataiye: aapka ghar kaun si cross ya gali mein hai, sabse paas ka landmark kya hai (mandir, school, bus stop), aur aapke gate ka rang kya hai?"
AD001797,133.0,medium,False,FIELD_FORCE,,
AD001798,50.0,high,False,FIELD_FORCE,,
AD001799,28.0,high,False,FIELD_FORCE,,
AD001800,31.0,high,False,FIELD_FORCE,,
AD001801,194.0,medium,False,FIELD_FORCE,,
AD001802,36.0,high,False,FIELD_FORCE,,
AD001803,569.0,low,True,TELE_DIALER,ADDR_VERIFY_LOW_CONFIDENCE_KN,"Namaskara, nimma manege baralu swalpa sahaya beku. Dayavittu heli: nimma mane yaava cross athava raste alli ide, hattirada landmark yavudu (gudi, shaale, bus stop), mattu nimma gate yaava banna?"
AD001804,569.0,low,True,TELE_DIALER,ADDR_VERIFY_LOW_CONFIDENCE_EN,"Hello, we need a little help to reach your home. Please tell us which cross or street your house is on, the nearest landmark (temple, school, bus stop), and the colour of your gate."
AD001805,64.0,high,False,FIELD_FORCE,,
AD001806,329.0,medium,False,FIELD_FORCE,,
AD001807,35.0,high,False,FIELD_FORCE,,
AD001808,22.0,high,False,FIELD_FORCE,,
AD001809,122.0,medium,False,FIELD_FORCE,,
AD001810,329.0,medium,False,FIELD_FORCE,,
AD001811,30.0,high,False,FIELD_FORCE,,
AD001812,49.0,high,False,FIELD_FORCE,,
AD001813,293.0,medium,False,FIELD_FORCE,,
AD001814,,low,True,TELE_DIALER,ADDR_VERIFY_OUT_OF_AREA_KN,"Namaskara, nimma manege baralu swalpa sahaya beku. Dayavittu heli: nimma mane yaava cross athava raste alli ide, hattirada landmark yavudu (gudi, shaale, bus stop), mattu nimma gate yaava banna?"
AD001815,16.0,high,False,FIELD_FORCE,,
AD001816,396.0,medium,False,FIELD_FORCE,,
AD001817,569.0,low,True,TELE_DIALER,ADDR_VERIFY_LOW_CONFIDENCE_EN,"Hello, we need a little help to reach your home. Please tell us which cross or street your house is on, the nearest landmark (temple, school, bus stop), and the colour of your gate."
AD001818,396.0,medium,False,FIELD_FORCE,,
AD001819,,low,True,TELE_DIALER,ADDR_VERIFY_OUT_OF_AREA_KN,"Namaskara, nimma manege baralu swalpa sahaya beku. Dayavittu heli: nimma mane yaava cross athava raste alli ide, hattirada landmark yavudu (gudi, shaale, bus stop), mattu nimma gate yaava banna?"
AD001820,329.0,medium,False,FIELD_FORCE,,
AD001821,20.0,high,False,FIELD_FORCE,,
AD001822,125.0,medium,False,FIELD_FORCE,,
AD001823,2278.0,low,True,TELE_DIALER,ADDR_VERIFY_LOW_CONFIDENCE_EN,"Hello, we need a little help to reach your home. Please tell us which cross or street your house is on, the nearest landmark (temple, school, bus stop), and the colour of your gate."
AD001824,228.0,medium,False,FIELD_FORCE,,
AD001825,296.0,medium,False,FIELD_FORCE,,
AD001826,,low,True,TELE_DIALER,ADDR_VERIFY_OUT_OF_AREA_HI,"Namaste, aapke ghar tak pahunchne ke liye thodi madad chahiye. Kripya bataiye: aapka ghar kaun si cross ya gali mein hai, sabse paas ka landmark kya hai (mandir, school, bus stop), aur aapke gate ka rang kya hai?"
AD001827,329.0,medium,False,FIELD_FORCE,,
AD001828,,low,True,TELE_DIALER,ADDR_VERIFY_OUT_OF_AREA_HI,"Namaste, aapke ghar tak pahunchne ke liye thodi madad chahiye. Kripya bataiye: aapka ghar kaun si cross ya gali mein hai, sabse paas ka landmark kya hai (mandir, school, bus stop), aur aapke gate ka rang kya hai?"
AD001829,215.0,medium,False,FIELD_FORCE,,
AD001830,14.0,high,False,FIELD_FORCE,,
AD001831,120.0,medium,False,FIELD_FORCE,,
AD001832,94.0,high,False,FIELD_FORCE,,
AD001833,15.0,high,False,FIELD_FORCE,,
AD001834,569.0,low,True,TELE_DIALER,ADDR_VERIFY_LOW_CONFIDENCE_KN,"Namaskara, nimma manege baralu swalpa sahaya beku. Dayavittu heli: nimma mane yaava cross athava raste alli ide, hattirada landmark yavudu (gudi, shaale, bus stop), mattu nimma gate yaava banna?"
AD001835,387.0,medium,False,FIELD_FORCE,,
AD001836,36.0,high,True,FIELD_FORCE,,
AD001837,30.0,high,False,FIELD_FORCE,,
AD001838,194.0,medium,False,FIELD_FORCE,,
AD001839,437.0,medium,False,FIELD_FORCE,,
AD001840,175.0,medium,False,FIELD_FORCE,,
AD001841,194.0,medium,False,FIELD_FORCE,,
AD001842,46.0,high,False,FIELD_FORCE,,
AD001843,,low,True,TELE_DIALER,ADDR_VERIFY_OUT_OF_AREA_EN,"Hello, we need a little help to reach your home. Please tell us which cross or street your house is on, the nearest landmark (temple, school, bus stop), and the colour of your gate."
AD001844,27.0,high,False,FIELD_FORCE,,
AD001845,23.0,high,False,FIELD_FORCE,,
AD001846,1230.0,low,True,TELE_DIALER,ADDR_VERIFY_NOT_TRACEABLE_HI,"Namaste, aapke ghar tak pahunchne ke liye thodi madad chahiye. Kripya bataiye: aapka ghar kaun si cross ya gali mein hai, sabse paas ka landmark kya hai (mandir, school, bus stop), aur aapke gate ka rang kya hai?"
AD001847,70.0,high,False,FIELD_FORCE,,
AD001848,194.0,medium,False,FIELD_FORCE,,
AD001849,49.0,high,False,FIELD_FORCE,,
AD001850,569.0,low,True,TELE_DIALER,ADDR_VERIFY_LOW_CONFIDENCE_KN,"Namaskara, nimma manege baralu swalpa sahaya beku. Dayavittu heli: nimma mane yaava cross athava raste alli ide, hattirada landmark yavudu (gudi, shaale, bus stop), mattu nimma gate yaava banna?"
AD001851,50.0,high,False,FIELD_FORCE,,
AD001852,19.0,high,False,FIELD_FORCE,,
AD001853,569.0,low,True,TELE_DIALER,ADDR_VERIFY_LOW_CONFIDENCE_HI,"Namaste, aapke ghar tak pahunchne ke liye thodi madad chahiye. Kripya bataiye: aapka ghar kaun si cross ya gali mein hai, sabse paas ka landmark kya hai (mandir, school, bus stop), aur aapke gate ka rang kya hai?"
AD001854,37.0,high,False,FIELD_FORCE,,
AD001855,15.0,high,False,FIELD_FORCE,,
AD001856,70.0,high,False,FIELD_FORCE,,
AD001857,22.0,high,False,FIELD_FORCE,,
AD001858,396.0,medium,False,FIELD_FORCE,,
AD001859,283.0,medium,False,FIELD_FORCE,,
AD001860,149.0,medium,False,FIELD_FORCE,,
AD001861,199.0,medium,False,FIELD_FORCE,,
AD001862,27.0,high,False,FIELD_FORCE,,
AD001863,396.0,medium,False,FIELD_FORCE,,
AD001864,29.0,high,False,FIELD_FORCE,,
AD001865,37.0,high,False,FIELD_FORCE,,
AD001866,36.0,high,False,FIELD_FORCE,,
AD001867,168.0,medium,True,FIELD_FORCE,,
AD001868,75.0,high,False,FIELD_FORCE,,
AD001869,,low,True,TELE_DIALER,ADDR_VERIFY_OUT_OF_AREA_EN,"Hello, we need a little help to reach your home. Please tell us which cross or street your house is on, the nearest landmark (temple, school, bus stop), and the colour of your gate."
AD001870,4921.0,low,True,TELE_DIALER,ADDR_VERIFY_LOW_CONFIDENCE_KN,"Namaskara, nimma manege baralu swalpa sahaya beku. Dayavittu heli: nimma mane yaava cross athava raste alli ide, hattirada landmark yavudu (gudi, shaale, bus stop), mattu nimma gate yaava banna?"
AD001871,396.0,medium,False,FIELD_FORCE,,
AD001872,194.0,medium,False,FIELD_FORCE,,
AD001873,376.0,medium,False,FIELD_FORCE,,
AD001874,285.0,medium,False,FIELD_FORCE,,
AD001875,232.0,medium,False,FIELD_FORCE,,
AD001876,569.0,low,True,TELE_DIALER,ADDR_VERIFY_LOW_CONFIDENCE_HI,"Namaste, aapke ghar tak pahunchne ke liye thodi madad chahiye. Kripya bataiye: aapka ghar kaun si cross ya gali mein hai, sabse paas ka landmark kya hai (mandir, school, bus stop), aur aapke gate ka rang kya hai?"
AD001877,403.0,medium,False,FIELD_FORCE,,
AD001878,329.0,medium,False,FIELD_FORCE,,
AD001879,25.0,high,False,FIELD_FORCE,,
AD001880,31.0,high,False,FIELD_FORCE,,
AD001881,36.0,high,False,FIELD_FORCE,,
AD001882,38.0,high,False,FIELD_FORCE,,
AD001883,140.0,medium,False,FIELD_FORCE,,
AD001884,569.0,low,True,TELE_DIALER,ADDR_VERIFY_LOW_CONFIDENCE_HI,"Namaste, aapke ghar tak pahunchne ke liye thodi madad chahiye. Kripya bataiye: aapka ghar kaun si cross ya gali mein hai, sabse paas ka landmark kya hai (mandir, school, bus stop), aur aapke gate ka rang kya hai?"
AD001885,396.0,medium,False,FIELD_FORCE,,
AD001886,31.0,high,False,FIELD_FORCE,,
AD001887,,low,True,TELE_DIALER,ADDR_VERIFY_OUT_OF_AREA_KN,"Namaskara, nimma manege baralu swalpa sahaya beku. Dayavittu heli: nimma mane yaava cross athava raste alli ide, hattirada landmark yavudu (gudi, shaale, bus stop), mattu nimma gate yaava banna?"
AD001888,569.0,low,True,TELE_DIALER,ADDR_VERIFY_LOW_CONFIDENCE_HI,"Namaste, aapke ghar tak pahunchne ke liye thodi madad chahiye. Kripya bataiye: aapka ghar kaun si cross ya gali mein hai, sabse paas ka landmark kya hai (mandir, school, bus stop), aur aapke gate ka rang kya hai?"
AD001889,569.0,low,True,TELE_DIALER,ADDR_VERIFY_LOW_CONFIDENCE_KN,"Namaskara, nimma manege baralu swalpa sahaya beku. Dayavittu heli: nimma mane yaava cross athava raste alli ide, hattirada landmark yavudu (gudi, shaale, bus stop), mattu nimma gate yaava banna?"
AD001890,18.0,high,False,FIELD_FORCE,,
AD001891,53.0,high,False,FIELD_FORCE,,
AD001892,234.0,medium,False,FIELD_FORCE,,
AD001893,,low,True,TELE_DIALER,ADDR_VERIFY_OUT_OF_AREA_KN,"Namaskara, nimma manege baralu swalpa sahaya beku. Dayavittu heli: nimma mane yaava cross athava raste alli ide, hattirada landmark yavudu (gudi, shaale, bus stop), mattu nimma gate yaava banna?"
AD001894,387.0,medium,False,FIELD_FORCE,,
AD001895,329.0,medium,False,FIELD_FORCE,,
AD001896,69.0,high,False,FIELD_FORCE,,
AD001897,179.0,medium,False,FIELD_FORCE,,
AD001898,2278.0,low,True,TELE_DIALER,ADDR_VERIFY_LOW_CONFIDENCE_HI,"Namaste, aapke ghar tak pahunchne ke liye thodi madad chahiye. Kripya bataiye: aapka ghar kaun si cross ya gali mein hai, sabse paas ka landmark kya hai (mandir, school, bus stop), aur aapke gate ka rang kya hai?"
AD001899,44.0,high,False,FIELD_FORCE,,
AD001900,11.0,high,False,FIELD_FORCE,,
AD001901,49.0,high,False,FIELD_FORCE,,
AD001902,283.0,medium,False,FIELD_FORCE,,
AD001903,396.0,medium,False,FIELD_FORCE,,
AD001904,569.0,low,True,TELE_DIALER,ADDR_VERIFY_LOW_CONFIDENCE_HI,"Namaste, aapke ghar tak pahunchne ke liye thodi madad chahiye. Kripya bataiye: aapka ghar kaun si cross ya gali mein hai, sabse paas ka landmark kya hai (mandir, school, bus stop), aur aapke gate ka rang kya hai?"
AD001905,403.0,medium,False,FIELD_FORCE,,
AD001906,396.0,medium,False,FIELD_FORCE,,
AD001907,205.0,medium,False,FIELD_FORCE,,
AD001908,178.0,medium,False,FIELD_FORCE,,
AD001909,2278.0,low,True,TELE_DIALER,ADDR_VERIFY_LOW_CONFIDENCE_HI,"Namaste, aapke ghar tak pahunchne ke liye thodi madad chahiye. Kripya bataiye: aapka ghar kaun si cross ya gali mein hai, sabse paas ka landmark kya hai (mandir, school, bus stop), aur aapke gate ka rang kya hai?"
AD001910,569.0,low,True,TELE_DIALER,ADDR_VERIFY_LOW_CONFIDENCE_HI,"Namaste, aapke ghar tak pahunchne ke liye thodi madad chahiye. Kripya bataiye: aapka ghar kaun si cross ya gali mein hai, sabse paas ka landmark kya hai (mandir, school, bus stop), aur aapke gate ka rang kya hai?"
AD001911,396.0,medium,False,FIELD_FORCE,,
AD001912,569.0,low,True,TELE_DIALER,ADDR_VERIFY_LOW_CONFIDENCE_HI,"Namaste, aapke ghar tak pahunchne ke liye thodi madad chahiye. Kripya bataiye: aapka ghar kaun si cross ya gali mein hai, sabse paas ka landmark kya hai (mandir, school, bus stop), aur aapke gate ka rang kya hai?"
AD001913,215.0,medium,False,FIELD_FORCE,,
AD001914,27.0,high,False,FIELD_FORCE,,
AD001915,,low,True,TELE_DIALER,ADDR_VERIFY_OUT_OF_AREA_HI,"Namaste, aapke ghar tak pahunchne ke liye thodi madad chahiye. Kripya bataiye: aapka ghar kaun si cross ya gali mein hai, sabse paas ka landmark kya hai (mandir, school, bus stop), aur aapke gate ka rang kya hai?"
AD001916,329.0,medium,False,FIELD_FORCE,,
AD001917,285.0,medium,False,FIELD_FORCE,,
AD001918,329.0,medium,False,FIELD_FORCE,,
AD001919,283.0,medium,False,FIELD_FORCE,,
AD001920,37.0,high,False,FIELD_FORCE,,
AD001921,175.0,medium,False,FIELD_FORCE,,
AD001922,67.0,high,False,FIELD_FORCE,,
AD001923,42.0,high,False,FIELD_FORCE,,
AD001924,329.0,medium,False,FIELD_FORCE,,
AD001925,161.0,medium,False,FIELD_FORCE,,
AD001926,333.0,medium,False,FIELD_FORCE,,
AD001927,25.0,high,False,FIELD_FORCE,,
AD001928,196.0,medium,False,FIELD_FORCE,,
AD001929,41.0,high,False,FIELD_FORCE,,
AD001930,255.0,medium,False,FIELD_FORCE,,
AD001931,2278.0,low,True,TELE_DIALER,ADDR_VERIFY_LOW_CONFIDENCE_HI,"Namaste, aapke ghar tak pahunchne ke liye thodi madad chahiye. Kripya bataiye: aapka ghar kaun si cross ya gali mein hai, sabse paas ka landmark kya hai (mandir, school, bus stop), aur aapke gate ka rang kya hai?"
AD001932,149.0,medium,False,FIELD_FORCE,,
AD001933,39.0,high,False,FIELD_FORCE,,
AD001934,39.0,high,False,FIELD_FORCE,,
AD001935,329.0,medium,False,FIELD_FORCE,,
AD001936,,low,True,TELE_DIALER,ADDR_VERIFY_OUT_OF_AREA_HI,"Namaste, aapke ghar tak pahunchne ke liye thodi madad chahiye. Kripya bataiye: aapka ghar kaun si cross ya gali mein hai, sabse paas ka landmark kya hai (mandir, school, bus stop), aur aapke gate ka rang kya hai?"
AD001937,14.0,high,False,FIELD_FORCE,,
AD001938,403.0,medium,False,FIELD_FORCE,,
AD001939,569.0,low,True,TELE_DIALER,ADDR_VERIFY_LOW_CONFIDENCE_HI,"Namaste, aapke ghar tak pahunchne ke liye thodi madad chahiye. Kripya bataiye: aapka ghar kaun si cross ya gali mein hai, sabse paas ka landmark kya hai (mandir, school, bus stop), aur aapke gate ka rang kya hai?"
AD001940,569.0,low,True,TELE_DIALER,ADDR_VERIFY_LOW_CONFIDENCE_KN,"Namaskara, nimma manege baralu swalpa sahaya beku. Dayavittu heli: nimma mane yaava cross athava raste alli ide, hattirada landmark yavudu (gudi, shaale, bus stop), mattu nimma gate yaava banna?"
AD001941,329.0,medium,False,FIELD_FORCE,,
AD001942,329.0,medium,False,FIELD_FORCE,,
AD001943,283.0,medium,False,FIELD_FORCE,,
AD001944,38.0,high,False,FIELD_FORCE,,
AD001945,18.0,high,False,FIELD_FORCE,,
AD001946,243.0,medium,False,FIELD_FORCE,,
AD001947,46.0,high,False,FIELD_FORCE,,
AD001948,378.0,medium,False,FIELD_FORCE,,
AD001949,569.0,low,True,TELE_DIALER,ADDR_VERIFY_LOW_CONFIDENCE_EN,"Hello, we need a little help to reach your home. Please tell us which cross or street your house is on, the nearest landmark (temple, school, bus stop), and the colour of your gate."
AD001950,329.0,medium,False,FIELD_FORCE,,
AD001951,569.0,low,True,TELE_DIALER,ADDR_VERIFY_LOW_CONFIDENCE_HI,"Namaste, aapke ghar tak pahunchne ke liye thodi madad chahiye. Kripya bataiye: aapka ghar kaun si cross ya gali mein hai, sabse paas ka landmark kya hai (mandir, school, bus stop), aur aapke gate ka rang kya hai?"
AD001952,42.0,high,False,FIELD_FORCE,,
AD001953,232.0,medium,False,FIELD_FORCE,,
AD001954,17.0,high,False,FIELD_FORCE,,
AD001955,403.0,medium,False,FIELD_FORCE,,
AD001956,255.0,medium,False,FIELD_FORCE,,
AD001957,276.0,medium,False,FIELD_FORCE,,
AD001958,227.0,medium,False,FIELD_FORCE,,
AD001959,215.0,medium,False,FIELD_FORCE,,
AD001960,48.0,high,False,FIELD_FORCE,,
AD001961,140.0,medium,False,FIELD_FORCE,,
AD001962,21.0,high,False,FIELD_FORCE,,
AD001963,40.0,high,False,FIELD_FORCE,,
AD001964,231.0,medium,False,FIELD_FORCE,,
AD001965,329.0,medium,False,FIELD_FORCE,,
AD001966,329.0,medium,False,FIELD_FORCE,,
AD001967,569.0,low,True,TELE_DIALER,ADDR_VERIFY_LOW_CONFIDENCE_HI,"Namaste, aapke ghar tak pahunchne ke liye thodi madad chahiye. Kripya bataiye: aapka ghar kaun si cross ya gali mein hai, sabse paas ka landmark kya hai (mandir, school, bus stop), aur aapke gate ka rang kya hai?"
AD001968,329.0,medium,False,FIELD_FORCE,,
AD001969,39.0,high,False,FIELD_FORCE,,
AD001970,329.0,medium,False,FIELD_FORCE,,
AD001971,40.0,high,False,FIELD_FORCE,,
AD001972,17.0,high,False,FIELD_FORCE,,
AD001973,18.0,high,False,FIELD_FORCE,,
AD001974,198.0,medium,False,FIELD_FORCE,,
AD001975,,low,True,TELE_DIALER,ADDR_VERIFY_OUT_OF_AREA_HI,"Namaste, aapke ghar tak pahunchne ke liye thodi madad chahiye. Kripya bataiye: aapka ghar kaun si cross ya gali mein hai, sabse paas ka landmark kya hai (mandir, school, bus stop), aur aapke gate ka rang kya hai?"
AD001976,63.0,high,False,FIELD_FORCE,,
AD001977,37.0,high,False,FIELD_FORCE,,
AD001978,16.0,high,False,FIELD_FORCE,,
AD001979,,low,True,TELE_DIALER,ADDR_VERIFY_OUT_OF_AREA_KN,"Namaskara, nimma manege baralu swalpa sahaya beku. Dayavittu heli: nimma mane yaava cross athava raste alli ide, hattirada landmark yavudu (gudi, shaale, bus stop), mattu nimma gate yaava banna?"
AD001980,329.0,medium,False,FIELD_FORCE,,
AD001981,,low,True,TELE_DIALER,ADDR_VERIFY_OUT_OF_AREA_HI,"Namaste, aapke ghar tak pahunchne ke liye thodi madad chahiye. Kripya bataiye: aapka ghar kaun si cross ya gali mein hai, sabse paas ka landmark kya hai (mandir, school, bus stop), aur aapke gate ka rang kya hai?"
AD001982,22.0,high,False,FIELD_FORCE,,
AD001983,569.0,low,True,TELE_DIALER,ADDR_VERIFY_LOW_CONFIDENCE_HI,"Namaste, aapke ghar tak pahunchne ke liye thodi madad chahiye. Kripya bataiye: aapka ghar kaun si cross ya gali mein hai, sabse paas ka landmark kya hai (mandir, school, bus stop), aur aapke gate ka rang kya hai?"
AD001984,329.0,medium,False,FIELD_FORCE,,
AD001985,175.0,medium,False,FIELD_FORCE,,
AD001986,396.0,medium,False,FIELD_FORCE,,
AD001987,396.0,medium,False,FIELD_FORCE,,
AD001988,161.0,medium,False,FIELD_FORCE,,
AD001989,276.0,medium,False,FIELD_FORCE,,
AD001990,71.0,high,False,FIELD_FORCE,,
AD001991,18.0,high,False,FIELD_FORCE,,
AD001992,329.0,medium,False,FIELD_FORCE,,
AD001993,49.0,high,False,FIELD_FORCE,,
AD001994,161.0,medium,False,FIELD_FORCE,,
AD001995,219.0,medium,False,FIELD_FORCE,,
AD001996,25.0,high,False,FIELD_FORCE,,
AD001997,,low,True,TELE_DIALER,ADDR_VERIFY_OUT_OF_AREA_HI,"Namaste, aapke ghar tak pahunchne ke liye thodi madad chahiye. Kripya bataiye: aapka ghar kaun si cross ya gali mein hai, sabse paas ka landmark kya hai (mandir, school, bus stop), aur aapke gate ka rang kya hai?"
AD001998,128.0,medium,False,FIELD_FORCE,,
AD001999,396.0,medium,False,FIELD_FORCE,,
AD002000,329.0,medium,False,FIELD_FORCE,,
AD002001,569.0,low,True,TELE_DIALER,ADDR_VERIFY_LOW_CONFIDENCE_EN,"Hello, we need a little help to reach your home. Please tell us which cross or street your house is on, the nearest landmark (temple, school, bus stop), and the colour of your gate."
AD002002,296.0,medium,False,FIELD_FORCE,,
AD002003,198.0,medium,False,FIELD_FORCE,,
AD002004,201.0,medium,False,FIELD_FORCE,,
AD002005,56.0,high,False,FIELD_FORCE,,
AD002006,,low,True,TELE_DIALER,ADDR_VERIFY_OUT_OF_AREA_HI,"Namaste, aapke ghar tak pahunchne ke liye thodi madad chahiye. Kripya bataiye: aapka ghar kaun si cross ya gali mein hai, sabse paas ka landmark kya hai (mandir, school, bus stop), aur aapke gate ka rang kya hai?"
AD002007,31.0,high,False,FIELD_FORCE,,
AD002008,333.0,medium,False,FIELD_FORCE,,
AD002009,48.0,high,False,FIELD_FORCE,,
AD002010,,low,True,TELE_DIALER,ADDR_VERIFY_OUT_OF_AREA_KN,"Namaskara, nimma manege baralu swalpa sahaya beku. Dayavittu heli: nimma mane yaava cross athava raste alli ide, hattirada landmark yavudu (gudi, shaale, bus stop), mattu nimma gate yaava banna?"
AD002011,396.0,medium,False,FIELD_FORCE,,
AD002012,,low,True,TELE_DIALER,ADDR_VERIFY_OUT_OF_AREA_HI,"Namaste, aapke ghar tak pahunchne ke liye thodi madad chahiye. Kripya bataiye: aapka ghar kaun si cross ya gali mein hai, sabse paas ka landmark kya hai (mandir, school, bus stop), aur aapke gate ka rang kya hai?"
AD002013,569.0,low,True,TELE_DIALER,ADDR_VERIFY_LOW_CONFIDENCE_HI,"Namaste, aapke ghar tak pahunchne ke liye thodi madad chahiye. Kripya bataiye: aapka ghar kaun si cross ya gali mein hai, sabse paas ka landmark kya hai (mandir, school, bus stop), aur aapke gate ka rang kya hai?"
AD002014,215.0,medium,False,FIELD_FORCE,,
AD002015,40.0,high,False,FIELD_FORCE,,
AD002016,15.0,high,False,FIELD_FORCE,,
AD002017,,low,True,TELE_DIALER,ADDR_VERIFY_OUT_OF_AREA_HI,"Namaste, aapke ghar tak pahunchne ke liye thodi madad chahiye. Kripya bataiye: aapka ghar kaun si cross ya gali mein hai, sabse paas ka landmark kya hai (mandir, school, bus stop), aur aapke gate ka rang kya hai?"
AD002018,329.0,medium,False,FIELD_FORCE,,
AD002019,19.0,high,False,FIELD_FORCE,,
AD002020,,low,True,TELE_DIALER,ADDR_VERIFY_OUT_OF_AREA_HI,"Namaste, aapke ghar tak pahunchne ke liye thodi madad chahiye. Kripya bataiye: aapka ghar kaun si cross ya gali mein hai, sabse paas ka landmark kya hai (mandir, school, bus stop), aur aapke gate ka rang kya hai?"
AD002021,43.0,high,False,FIELD_FORCE,,
AD002022,243.0,medium,False,FIELD_FORCE,,
AD002023,27.0,high,False,FIELD_FORCE,,
AD002024,569.0,low,True,TELE_DIALER,ADDR_VERIFY_LOW_CONFIDENCE_EN,"Hello, we need a little help to reach your home. Please tell us which cross or street your house is on, the nearest landmark (temple, school, bus stop), and the colour of your gate."
AD002025,194.0,medium,False,FIELD_FORCE,,
AD002026,569.0,low,True,TELE_DIALER,ADDR_VERIFY_LOW_CONFIDENCE_HI,"Namaste, aapke ghar tak pahunchne ke liye thodi madad chahiye. Kripya bataiye: aapka ghar kaun si cross ya gali mein hai, sabse paas ka landmark kya hai (mandir, school, bus stop), aur aapke gate ka rang kya hai?"
AD002027,18.0,high,False,FIELD_FORCE,,
AD002028,329.0,medium,False,FIELD_FORCE,,
AD002029,28.0,high,False,FIELD_FORCE,,
AD002030,569.0,low,True,TELE_DIALER,ADDR_VERIFY_LOW_CONFIDENCE_EN,"Hello, we need a little help to reach your home. Please tell us which cross or street your house is on, the nearest landmark (temple, school, bus stop), and the colour of your gate."
AD002031,149.0,medium,False,FIELD_FORCE,,
AD002032,,low,True,TELE_DIALER,ADDR_VERIFY_OUT_OF_AREA_KN,"Namaskara, nimma manege baralu swalpa sahaya beku. Dayavittu heli: nimma mane yaava cross athava raste alli ide, hattirada landmark yavudu (gudi, shaale, bus stop), mattu nimma gate yaava banna?"
AD002033,42.0,high,False,FIELD_FORCE,,
AD002034,25.0,high,False,FIELD_FORCE,,
AD002035,283.0,medium,False,FIELD_FORCE,,
AD002036,329.0,medium,False,FIELD_FORCE,,
AD002037,329.0,medium,False,FIELD_FORCE,,
AD002038,38.0,high,False,FIELD_FORCE,,
AD002039,48.0,high,False,FIELD_FORCE,,
AD002040,304.0,medium,False,FIELD_FORCE,,
AD002041,,low,True,TELE_DIALER,ADDR_VERIFY_OUT_OF_AREA_EN,"Hello, we need a little help to reach your home. Please tell us which cross or street your house is on, the nearest landmark (temple, school, bus stop), and the colour of your gate."
AD002042,194.0,medium,False,FIELD_FORCE,,
AD002043,43.0,high,True,FIELD_FORCE,,
AD002044,26.0,high,True,FIELD_FORCE,,
AD002045,22.0,high,False,FIELD_FORCE,,
AD002046,48.0,high,False,FIELD_FORCE,,
AD002047,329.0,medium,False,FIELD_FORCE,,
AD002048,194.0,medium,False,FIELD_FORCE,,
AD002049,72.0,high,False,FIELD_FORCE,,
AD002050,296.0,medium,False,FIELD_FORCE,,
AD002051,52.0,high,False,FIELD_FORCE,,
AD002052,329.0,medium,False,FIELD_FORCE,,
AD002053,437.0,medium,False,FIELD_FORCE,,
AD002054,403.0,medium,False,FIELD_FORCE,,
AD002055,285.0,medium,False,FIELD_FORCE,,
AD002056,403.0,medium,False,FIELD_FORCE,,
AD002057,201.0,medium,False,FIELD_FORCE,,
AD002058,,low,True,TELE_DIALER,ADDR_VERIFY_OUT_OF_AREA_HI,"Namaste, aapke ghar tak pahunchne ke liye thodi madad chahiye. Kripya bataiye: aapka ghar kaun si cross ya gali mein hai, sabse paas ka landmark kya hai (mandir, school, bus stop), aur aapke gate ka rang kya hai?"
AD002059,18.0,high,False,FIELD_FORCE,,
AD002060,24.0,high,False,FIELD_FORCE,,
AD002061,20.0,high,False,FIELD_FORCE,,
AD002062,25.0,high,False,FIELD_FORCE,,
AD002063,279.0,medium,False,FIELD_FORCE,,
AD002064,25.0,high,False,FIELD_FORCE,,
AD002065,205.0,medium,False,FIELD_FORCE,,
AD002066,20.0,high,False,FIELD_FORCE,,
AD002067,26.0,high,False,FIELD_FORCE,,
AD002068,23.0,high,False,FIELD_FORCE,,
AD002069,44.0,high,False,FIELD_FORCE,,
AD002070,78.0,high,False,FIELD_FORCE,,
AD002071,123.0,medium,False,FIELD_FORCE,,
AD002072,237.0,medium,False,FIELD_FORCE,,
AD002073,255.0,medium,False,FIELD_FORCE,,
AD002074,26.0,high,False,FIELD_FORCE,,
AD002075,361.0,medium,False,FIELD_FORCE,,
AD002076,,low,True,TELE_DIALER,ADDR_VERIFY_OUT_OF_AREA_HI,"Namaste, aapke ghar tak pahunchne ke liye thodi madad chahiye. Kripya bataiye: aapka ghar kaun si cross ya gali mein hai, sabse paas ka landmark kya hai (mandir, school, bus stop), aur aapke gate ka rang kya hai?"
AD002077,396.0,medium,False,FIELD_FORCE,,
AD002078,228.0,medium,False,FIELD_FORCE,,
AD002079,133.0,medium,False,FIELD_FORCE,,
AD002080,140.0,medium,False,FIELD_FORCE,,
AD002081,35.0,high,False,FIELD_FORCE,,
AD002082,161.0,medium,False,FIELD_FORCE,,
AD002083,44.0,high,False,FIELD_FORCE,,
AD002084,,low,True,TELE_DIALER,ADDR_VERIFY_OUT_OF_AREA_KN,"Namaskara, nimma manege baralu swalpa sahaya beku. Dayavittu heli: nimma mane yaava cross athava raste alli ide, hattirada landmark yavudu (gudi, shaale, bus stop), mattu nimma gate yaava banna?"
AD002085,60.0,high,False,FIELD_FORCE,,
AD002086,396.0,medium,False,FIELD_FORCE,,
AD002087,329.0,medium,False,FIELD_FORCE,,
AD002088,329.0,medium,False,FIELD_FORCE,,
AD002089,35.0,high,False,FIELD_FORCE,,
AD002090,57.0,high,False,FIELD_FORCE,,
AD002091,25.0,high,False,FIELD_FORCE,,
AD002092,569.0,low,True,TELE_DIALER,ADDR_VERIFY_LOW_CONFIDENCE_HI,"Namaste, aapke ghar tak pahunchne ke liye thodi madad chahiye. Kripya bataiye: aapka ghar kaun si cross ya gali mein hai, sabse paas ka landmark kya hai (mandir, school, bus stop), aur aapke gate ka rang kya hai?"
AD002093,,low,True,TELE_DIALER,ADDR_VERIFY_OUT_OF_AREA_HI,"Namaste, aapke ghar tak pahunchne ke liye thodi madad chahiye. Kripya bataiye: aapka ghar kaun si cross ya gali mein hai, sabse paas ka landmark kya hai (mandir, school, bus stop), aur aapke gate ka rang kya hai?"
AD002094,175.0,medium,False,FIELD_FORCE,,
AD002095,185.0,medium,False,FIELD_FORCE,,
AD002096,34.0,high,False,FIELD_FORCE,,
AD002097,329.0,medium,False,FIELD_FORCE,,
AD002098,231.0,medium,False,FIELD_FORCE,,
AD002099,569.0,low,True,TELE_DIALER,ADDR_VERIFY_LOW_CONFIDENCE_EN,"Hello, we need a little help to reach your home. Please tell us which cross or street your house is on, the nearest landmark (temple, school, bus stop), and the colour of your gate."
AD002100,396.0,medium,False,FIELD_FORCE,,
AD002101,216.0,medium,False,FIELD_FORCE,,
AD002102,21.0,high,False,FIELD_FORCE,,
AD002103,17.0,high,False,FIELD_FORCE,,
AD002104,329.0,medium,False,FIELD_FORCE,,
AD002105,296.0,medium,False,FIELD_FORCE,,
AD002106,329.0,medium,False,FIELD_FORCE,,
AD002107,329.0,medium,False,FIELD_FORCE,,
AD002108,33.0,high,False,FIELD_FORCE,,
AD002109,,low,True,TELE_DIALER,ADDR_VERIFY_OUT_OF_AREA_EN,"Hello, we need a little help to reach your home. Please tell us which cross or street your house is on, the nearest landmark (temple, school, bus stop), and the colour of your gate."
AD002110,27.0,high,False,FIELD_FORCE,,
AD002111,24.0,high,False,FIELD_FORCE,,
AD002112,16.0,high,False,FIELD_FORCE,,
AD002113,329.0,medium,False,FIELD_FORCE,,
AD002114,175.0,medium,False,FIELD_FORCE,,
AD002115,230.0,medium,False,FIELD_FORCE,,
AD002116,16.0,high,False,FIELD_FORCE,,
AD002117,296.0,medium,False,FIELD_FORCE,,
AD002118,71.0,high,False,FIELD_FORCE,,
AD002119,396.0,medium,False,FIELD_FORCE,,
AD002120,59.0,high,False,FIELD_FORCE,,
AD002121,140.0,medium,False,FIELD_FORCE,,
AD002122,194.0,medium,False,FIELD_FORCE,,
AD002123,44.0,high,False,FIELD_FORCE,,
AD002124,29.0,high,False,FIELD_FORCE,,
AD002125,53.0,high,False,FIELD_FORCE,,
AD002126,28.0,high,False,FIELD_FORCE,,
AD002127,329.0,medium,False,FIELD_FORCE,,
AD002128,120.0,medium,False,FIELD_FORCE,,
AD002129,38.0,high,False,FIELD_FORCE,,
AD002130,204.0,medium,False,FIELD_FORCE,,
AD002131,19.0,high,False,FIELD_FORCE,,
AD002132,329.0,medium,False,FIELD_FORCE,,
AD002133,215.0,medium,False,FIELD_FORCE,,
AD002134,24.0,high,False,FIELD_FORCE,,
AD002135,483.0,medium,False,FIELD_FORCE,,
AD002136,121.0,medium,False,FIELD_FORCE,,
AD002137,,low,True,TELE_DIALER,ADDR_VERIFY_OUT_OF_AREA_EN,"Hello, we need a little help to reach your home. Please tell us which cross or street your house is on, the nearest landmark (temple, school, bus stop), and the colour of your gate."
AD002138,52.0,high,False,FIELD_FORCE,,
AD002139,2887.0,low,True,TELE_DIALER,ADDR_VERIFY_LOW_CONFIDENCE_HI,"Namaste, aapke ghar tak pahunchne ke liye thodi madad chahiye. Kripya bataiye: aapka ghar kaun si cross ya gali mein hai, sabse paas ka landmark kya hai (mandir, school, bus stop), aur aapke gate ka rang kya hai?"
AD002140,40.0,high,False,FIELD_FORCE,,
AD002141,39.0,high,False,FIELD_FORCE,,
AD002142,42.0,high,False,FIELD_FORCE,,
AD002143,25.0,high,False,FIELD_FORCE,,
AD002144,,low,True,TELE_DIALER,ADDR_VERIFY_OUT_OF_AREA_EN,"Hello, we need a little help to reach your home. Please tell us which cross or street your house is on, the nearest landmark (temple, school, bus stop), and the colour of your gate."
AD002145,569.0,low,True,TELE_DIALER,ADDR_VERIFY_LOW_CONFIDENCE_HI,"Namaste, aapke ghar tak pahunchne ke liye thodi madad chahiye. Kripya bataiye: aapka ghar kaun si cross ya gali mein hai, sabse paas ka landmark kya hai (mandir, school, bus stop), aur aapke gate ka rang kya hai?"
AD002146,2278.0,low,True,TELE_DIALER,ADDR_VERIFY_LOW_CONFIDENCE_HI,"Namaste, aapke ghar tak pahunchne ke liye thodi madad chahiye. Kripya bataiye: aapka ghar kaun si cross ya gali mein hai, sabse paas ka landmark kya hai (mandir, school, bus stop), aur aapke gate ka rang kya hai?"
AD002147,120.0,medium,False,FIELD_FORCE,,
AD002148,569.0,low,True,TELE_DIALER,ADDR_VERIFY_LOW_CONFIDENCE_KN,"Namaskara, nimma manege baralu swalpa sahaya beku. Dayavittu heli: nimma mane yaava cross athava raste alli ide, hattirada landmark yavudu (gudi, shaale, bus stop), mattu nimma gate yaava banna?"
AD002149,239.0,medium,False,FIELD_FORCE,,
AD002150,22.0,high,False,FIELD_FORCE,,
AD002151,51.0,high,False,FIELD_FORCE,,
AD002152,329.0,medium,False,FIELD_FORCE,,
AD002153,23.0,high,False,FIELD_FORCE,,
AD002154,15.0,high,False,FIELD_FORCE,,
AD002155,231.0,medium,False,FIELD_FORCE,,
AD002156,,low,True,TELE_DIALER,ADDR_VERIFY_OUT_OF_AREA_HI,"Namaste, aapke ghar tak pahunchne ke liye thodi madad chahiye. Kripya bataiye: aapka ghar kaun si cross ya gali mein hai, sabse paas ka landmark kya hai (mandir, school, bus stop), aur aapke gate ka rang kya hai?"
AD002157,27.0,high,False,FIELD_FORCE,,
AD002158,396.0,medium,False,FIELD_FORCE,,
AD002159,276.0,medium,False,FIELD_FORCE,,
AD002160,437.0,medium,False,FIELD_FORCE,,
AD002161,41.0,high,False,FIELD_FORCE,,
AD002162,569.0,low,True,TELE_DIALER,ADDR_VERIFY_LOW_CONFIDENCE_EN,"Hello, we need a little help to reach your home. Please tell us which cross or street your house is on, the nearest landmark (temple, school, bus stop), and the colour of your gate."
AD002163,396.0,medium,False,FIELD_FORCE,,
AD002164,54.0,high,False,FIELD_FORCE,,
AD002165,329.0,medium,False,FIELD_FORCE,,
AD002166,16.0,high,False,FIELD_FORCE,,
AD002167,569.0,low,True,TELE_DIALER,ADDR_VERIFY_LOW_CONFIDENCE_EN,"Hello, we need a little help to reach your home. Please tell us which cross or street your house is on, the nearest landmark (temple, school, bus stop), and the colour of your gate."
AD002168,,low,True,TELE_DIALER,ADDR_VERIFY_OUT_OF_AREA_EN,"Hello, we need a little help to reach your home. Please tell us which cross or street your house is on, the nearest landmark (temple, school, bus stop), and the colour of your gate."
AD002169,120.0,medium,False,FIELD_FORCE,,
AD002170,329.0,medium,False,FIELD_FORCE,,
AD002171,38.0,high,True,FIELD_FORCE,,
AD002172,285.0,medium,False,FIELD_FORCE,,
AD002173,175.0,medium,False,FIELD_FORCE,,
AD002174,569.0,low,True,TELE_DIALER,ADDR_VERIFY_LOW_CONFIDENCE_EN,"Hello, we need a little help to reach your home. Please tell us which cross or street your house is on, the nearest landmark (temple, school, bus stop), and the colour of your gate."
AD002175,276.0,medium,False,FIELD_FORCE,,
AD002176,31.0,high,False,FIELD_FORCE,,
AD002177,437.0,medium,False,FIELD_FORCE,,
AD002178,53.0,high,False,FIELD_FORCE,,
AD002179,59.0,high,False,FIELD_FORCE,,
AD002180,47.0,high,True,FIELD_FORCE,,
AD002181,52.0,high,False,FIELD_FORCE,,
AD002182,329.0,medium,False,FIELD_FORCE,,
AD002183,329.0,medium,False,FIELD_FORCE,,
AD002184,37.0,high,False,FIELD_FORCE,,
AD002185,194.0,medium,False,FIELD_FORCE,,
AD002186,403.0,medium,False,FIELD_FORCE,,
AD002187,208.0,medium,False,FIELD_FORCE,,
AD002188,55.0,high,False,FIELD_FORCE,,
AD002189,56.0,high,False,FIELD_FORCE,,
AD002190,569.0,low,True,TELE_DIALER,ADDR_VERIFY_LOW_CONFIDENCE_HI,"Namaste, aapke ghar tak pahunchne ke liye thodi madad chahiye. Kripya bataiye: aapka ghar kaun si cross ya gali mein hai, sabse paas ka landmark kya hai (mandir, school, bus stop), aur aapke gate ka rang kya hai?"
AD002191,569.0,low,True,TELE_DIALER,ADDR_VERIFY_LOW_CONFIDENCE_HI,"Namaste, aapke ghar tak pahunchne ke liye thodi madad chahiye. Kripya bataiye: aapka ghar kaun si cross ya gali mein hai, sabse paas ka landmark kya hai (mandir, school, bus stop), aur aapke gate ka rang kya hai?"
AD002192,569.0,low,True,TELE_DIALER,ADDR_VERIFY_LOW_CONFIDENCE_HI,"Namaste, aapke ghar tak pahunchne ke liye thodi madad chahiye. Kripya bataiye: aapka ghar kaun si cross ya gali mein hai, sabse paas ka landmark kya hai (mandir, school, bus stop), aur aapke gate ka rang kya hai?"
AD002193,271.0,medium,False,FIELD_FORCE,,
AD002194,21.0,high,False,FIELD_FORCE,,
AD002195,2278.0,low,True,TELE_DIALER,ADDR_VERIFY_LOW_CONFIDENCE_HI,"Namaste, aapke ghar tak pahunchne ke liye thodi madad chahiye. Kripya bataiye: aapka ghar kaun si cross ya gali mein hai, sabse paas ka landmark kya hai (mandir, school, bus stop), aur aapke gate ka rang kya hai?"
AD002196,175.0,medium,False,FIELD_FORCE,,
AD002197,22.0,high,False,FIELD_FORCE,,
AD002198,255.0,medium,False,FIELD_FORCE,,
AD002199,396.0,medium,False,FIELD_FORCE,,
AD002200,232.0,medium,False,FIELD_FORCE,,
AD002201,437.0,medium,False,FIELD_FORCE,,
AD002202,329.0,medium,False,FIELD_FORCE,,
AD002203,,low,True,TELE_DIALER,ADDR_VERIFY_OUT_OF_AREA_KN,"Namaskara, nimma manege baralu swalpa sahaya beku. Dayavittu heli: nimma mane yaava cross athava raste alli ide, hattirada landmark yavudu (gudi, shaale, bus stop), mattu nimma gate yaava banna?"
AD002204,228.0,medium,False,FIELD_FORCE,,
AD002205,286.0,medium,False,FIELD_FORCE,,
AD002206,23.0,high,False,FIELD_FORCE,,
AD002207,396.0,medium,False,FIELD_FORCE,,
AD002208,,low,True,TELE_DIALER,ADDR_VERIFY_OUT_OF_AREA_EN,"Hello, we need a little help to reach your home. Please tell us which cross or street your house is on, the nearest landmark (temple, school, bus stop), and the colour of your gate."
AD002209,47.0,high,False,FIELD_FORCE,,
AD002210,34.0,high,False,FIELD_FORCE,,
AD002211,396.0,medium,False,FIELD_FORCE,,
AD002212,329.0,medium,False,FIELD_FORCE,,
AD002213,65.0,high,False,FIELD_FORCE,,
AD002214,329.0,medium,False,FIELD_FORCE,,
AD002215,56.0,high,False,FIELD_FORCE,,
AD002216,226.0,medium,False,FIELD_FORCE,,
AD002217,17.0,high,False,FIELD_FORCE,,
AD002218,57.0,high,False,FIELD_FORCE,,
AD002219,,low,True,TELE_DIALER,ADDR_VERIFY_OUT_OF_AREA_HI,"Namaste, aapke ghar tak pahunchne ke liye thodi madad chahiye. Kripya bataiye: aapka ghar kaun si cross ya gali mein hai, sabse paas ka landmark kya hai (mandir, school, bus stop), aur aapke gate ka rang kya hai?"
AD002220,62.0,high,False,FIELD_FORCE,,
AD002221,329.0,medium,False,FIELD_FORCE,,
AD002222,396.0,medium,False,FIELD_FORCE,,
AD002223,329.0,medium,False,FIELD_FORCE,,
AD002224,20.0,high,False,FIELD_FORCE,,
AD002225,18.0,high,False,FIELD_FORCE,,
AD002226,437.0,medium,False,FIELD_FORCE,,
AD002227,194.0,medium,False,FIELD_FORCE,,
AD002228,175.0,medium,False,FIELD_FORCE,,
AD002229,32.0,high,False,FIELD_FORCE,,
AD002230,19.0,high,False,FIELD_FORCE,,
AD002231,53.0,high,False,FIELD_FORCE,,
AD002232,215.0,medium,False,FIELD_FORCE,,
AD002233,17.0,high,False,FIELD_FORCE,,
AD002234,25.0,high,False,FIELD_FORCE,,
AD002235,226.0,medium,False,FIELD_FORCE,,
AD002236,403.0,medium,False,FIELD_FORCE,,
AD002237,41.0,high,False,FIELD_FORCE,,
AD002238,569.0,low,True,TELE_DIALER,ADDR_VERIFY_LOW_CONFIDENCE_EN,"Hello, we need a little help to reach your home. Please tell us which cross or street your house is on, the nearest landmark (temple, school, bus stop), and the colour of your gate."
AD002239,396.0,medium,False,FIELD_FORCE,,
AD002240,38.0,high,False,FIELD_FORCE,,
AD002241,255.0,medium,False,FIELD_FORCE,,
AD002242,329.0,medium,False,FIELD_FORCE,,
AD002243,329.0,medium,False,FIELD_FORCE,,
AD002244,20.0,high,False,FIELD_FORCE,,
AD002245,34.0,high,False,FIELD_FORCE,,
AD002246,19.0,high,False,FIELD_FORCE,,
AD002247,30.0,high,False,FIELD_FORCE,,
AD002248,396.0,medium,False,FIELD_FORCE,,
AD002249,569.0,low,True,TELE_DIALER,ADDR_VERIFY_LOW_CONFIDENCE_EN,"Hello, we need a little help to reach your home. Please tell us which cross or street your house is on, the nearest landmark (temple, school, bus stop), and the colour of your gate."
AD002250,329.0,medium,False,FIELD_FORCE,,
AD002251,62.0,high,False,FIELD_FORCE,,
AD002252,33.0,high,False,FIELD_FORCE,,
AD002253,24.0,high,False,FIELD_FORCE,,
AD002254,56.0,high,False,FIELD_FORCE,,
AD002255,279.0,medium,False,FIELD_FORCE,,
AD002256,837.0,low,True,TELE_DIALER,ADDR_VERIFY_LOW_CONFIDENCE_KN,"Namaskara, nimma manege baralu swalpa sahaya beku. Dayavittu heli: nimma mane yaava cross athava raste alli ide, hattirada landmark yavudu (gudi, shaale, bus stop), mattu nimma gate yaava banna?"
AD002257,38.0,high,False,FIELD_FORCE,,
AD002258,149.0,medium,False,FIELD_FORCE,,
AD002259,278.0,medium,False,FIELD_FORCE,,
AD002260,34.0,high,False,FIELD_FORCE,,
AD002261,30.0,high,False,FIELD_FORCE,,
AD002262,28.0,high,False,FIELD_FORCE,,
AD002263,71.0,high,False,FIELD_FORCE,,
AD002264,143.0,medium,False,FIELD_FORCE,,
AD002265,35.0,high,False,FIELD_FORCE,,
AD002266,569.0,low,True,TELE_DIALER,ADDR_VERIFY_LOW_CONFIDENCE_KN,"Namaskara, nimma manege baralu swalpa sahaya beku. Dayavittu heli: nimma mane yaava cross athava raste alli ide, hattirada landmark yavudu (gudi, shaale, bus stop), mattu nimma gate yaava banna?"
AD002267,403.0,medium,False,FIELD_FORCE,,
AD002268,,low,True,TELE_DIALER,ADDR_VERIFY_OUT_OF_AREA_HI,"Namaste, aapke ghar tak pahunchne ke liye thodi madad chahiye. Kripya bataiye: aapka ghar kaun si cross ya gali mein hai, sabse paas ka landmark kya hai (mandir, school, bus stop), aur aapke gate ka rang kya hai?"
AD002269,569.0,low,True,TELE_DIALER,ADDR_VERIFY_LOW_CONFIDENCE_KN,"Namaskara, nimma manege baralu swalpa sahaya beku. Dayavittu heli: nimma mane yaava cross athava raste alli ide, hattirada landmark yavudu (gudi, shaale, bus stop), mattu nimma gate yaava banna?"
AD002270,42.0,high,False,FIELD_FORCE,,
AD002271,372.0,medium,False,FIELD_FORCE,,
AD002272,296.0,medium,False,FIELD_FORCE,,
AD002273,285.0,medium,False,FIELD_FORCE,,
AD002274,215.0,medium,False,FIELD_FORCE,,
AD002275,296.0,medium,False,FIELD_FORCE,,
AD002276,140.0,medium,False,FIELD_FORCE,,
AD002277,31.0,high,False,FIELD_FORCE,,
AD002278,569.0,low,True,TELE_DIALER,ADDR_VERIFY_LOW_CONFIDENCE_EN,"Hello, we need a little help to reach your home. Please tell us which cross or street your house is on, the nearest landmark (temple, school, bus stop), and the colour of your gate."
AD002279,215.0,medium,False,FIELD_FORCE,,
AD002280,133.0,medium,False,FIELD_FORCE,,
AD002281,34.0,high,False,FIELD_FORCE,,
AD002282,569.0,low,True,TELE_DIALER,ADDR_VERIFY_LOW_CONFIDENCE_EN,"Hello, we need a little help to reach your home. Please tell us which cross or street your house is on, the nearest landmark (temple, school, bus stop), and the colour of your gate."
AD002283,194.0,medium,False,FIELD_FORCE,,
AD002284,41.0,high,False,FIELD_FORCE,,
AD002285,,low,True,TELE_DIALER,ADDR_VERIFY_OUT_OF_AREA_HI,"Namaste, aapke ghar tak pahunchne ke liye thodi madad chahiye. Kripya bataiye: aapka ghar kaun si cross ya gali mein hai, sabse paas ka landmark kya hai (mandir, school, bus stop), aur aapke gate ka rang kya hai?"
AD002286,329.0,medium,False,FIELD_FORCE,,
AD002287,39.0,high,False,FIELD_FORCE,,
AD002288,396.0,medium,False,FIELD_FORCE,,
AD002289,329.0,medium,False,FIELD_FORCE,,
AD002290,,low,True,TELE_DIALER,ADDR_VERIFY_OUT_OF_AREA_KN,"Namaskara, nimma manege baralu swalpa sahaya beku. Dayavittu heli: nimma mane yaava cross athava raste alli ide, hattirada landmark yavudu (gudi, shaale, bus stop), mattu nimma gate yaava banna?"
AD002291,239.0,medium,False,FIELD_FORCE,,
AD002292,124.0,medium,False,FIELD_FORCE,,
AD002293,73.0,high,False,FIELD_FORCE,,
AD002294,35.0,high,False,FIELD_FORCE,,
AD002295,2278.0,low,True,TELE_DIALER,ADDR_VERIFY_LOW_CONFIDENCE_HI,"Namaste, aapke ghar tak pahunchne ke liye thodi madad chahiye. Kripya bataiye: aapka ghar kaun si cross ya gali mein hai, sabse paas ka landmark kya hai (mandir, school, bus stop), aur aapke gate ka rang kya hai?"
AD002296,569.0,low,True,TELE_DIALER,ADDR_VERIFY_LOW_CONFIDENCE_EN,"Hello, we need a little help to reach your home. Please tell us which cross or street your house is on, the nearest landmark (temple, school, bus stop), and the colour of your gate."
AD002297,329.0,medium,False,FIELD_FORCE,,
AD002298,33.0,high,False,FIELD_FORCE,,
AD002299,19.0,high,False,FIELD_FORCE,,
AD002300,437.0,medium,False,FIELD_FORCE,,
AD002301,269.0,medium,False,FIELD_FORCE,,
AD002302,58.0,high,False,FIELD_FORCE,,
AD002303,2278.0,low,True,TELE_DIALER,ADDR_VERIFY_LOW_CONFIDENCE_KN,"Namaskara, nimma manege baralu swalpa sahaya beku. Dayavittu heli: nimma mane yaava cross athava raste alli ide, hattirada landmark yavudu (gudi, shaale, bus stop), mattu nimma gate yaava banna?"
AD002304,49.0,high,False,FIELD_FORCE,,
AD002305,39.0,high,False,FIELD_FORCE,,
AD002306,25.0,high,False,FIELD_FORCE,,
AD002307,46.0,high,False,FIELD_FORCE,,
AD002308,49.0,high,False,FIELD_FORCE,,
AD002309,3348.0,low,True,TELE_DIALER,ADDR_VERIFY_LOW_CONFIDENCE_KN,"Namaskara, nimma manege baralu swalpa sahaya beku. Dayavittu heli: nimma mane yaava cross athava raste alli ide, hattirada landmark yavudu (gudi, shaale, bus stop), mattu nimma gate yaava banna?"
AD002310,133.0,medium,False,FIELD_FORCE,,
AD002311,837.0,low,True,TELE_DIALER,ADDR_VERIFY_LOW_CONFIDENCE_EN,"Hello, we need a little help to reach your home. Please tell us which cross or street your house is on, the nearest landmark (temple, school, bus stop), and the colour of your gate."
AD002312,285.0,medium,False,FIELD_FORCE,,
AD002313,,low,True,TELE_DIALER,ADDR_VERIFY_OUT_OF_AREA_EN,"Hello, we need a little help to reach your home. Please tell us which cross or street your house is on, the nearest landmark (temple, school, bus stop), and the colour of your gate."
AD002314,569.0,low,True,TELE_DIALER,ADDR_VERIFY_LOW_CONFIDENCE_KN,"Namaskara, nimma manege baralu swalpa sahaya beku. Dayavittu heli: nimma mane yaava cross athava raste alli ide, hattirada landmark yavudu (gudi, shaale, bus stop), mattu nimma gate yaava banna?"
AD002315,133.0,medium,False,FIELD_FORCE,,
AD002316,569.0,low,True,TELE_DIALER,ADDR_VERIFY_LOW_CONFIDENCE_EN,"Hello, we need a little help to reach your home. Please tell us which cross or street your house is on, the nearest landmark (temple, school, bus stop), and the colour of your gate."
AD002317,25.0,high,False,FIELD_FORCE,,
AD002318,255.0,medium,False,FIELD_FORCE,,
AD002319,569.0,low,True,TELE_DIALER,ADDR_VERIFY_LOW_CONFIDENCE_KN,"Namaskara, nimma manege baralu swalpa sahaya beku. Dayavittu heli: nimma mane yaava cross athava raste alli ide, hattirada landmark yavudu (gudi, shaale, bus stop), mattu nimma gate yaava banna?"
AD002320,,low,True,TELE_DIALER,ADDR_VERIFY_OUT_OF_AREA_KN,"Namaskara, nimma manege baralu swalpa sahaya beku. Dayavittu heli: nimma mane yaava cross athava raste alli ide, hattirada landmark yavudu (gudi, shaale, bus stop), mattu nimma gate yaava banna?"
AD002321,55.0,high,False,FIELD_FORCE,,
AD002322,329.0,medium,False,FIELD_FORCE,,
AD002323,3348.0,low,True,TELE_DIALER,ADDR_VERIFY_LOW_CONFIDENCE_HI,"Namaste, aapke ghar tak pahunchne ke liye thodi madad chahiye. Kripya bataiye: aapka ghar kaun si cross ya gali mein hai, sabse paas ka landmark kya hai (mandir, school, bus stop), aur aapke gate ka rang kya hai?"
AD002324,329.0,medium,False,FIELD_FORCE,,
AD002325,387.0,medium,False,FIELD_FORCE,,
AD002326,,low,True,TELE_DIALER,ADDR_VERIFY_OUT_OF_AREA_HI,"Namaste, aapke ghar tak pahunchne ke liye thodi madad chahiye. Kripya bataiye: aapka ghar kaun si cross ya gali mein hai, sabse paas ka landmark kya hai (mandir, school, bus stop), aur aapke gate ka rang kya hai?"
AD002327,3348.0,low,True,TELE_DIALER,ADDR_VERIFY_LOW_CONFIDENCE_HI,"Namaste, aapke ghar tak pahunchne ke liye thodi madad chahiye. Kripya bataiye: aapka ghar kaun si cross ya gali mein hai, sabse paas ka landmark kya hai (mandir, school, bus stop), aur aapke gate ka rang kya hai?"
AD002328,175.0,medium,False,FIELD_FORCE,,
AD002329,,low,True,TELE_DIALER,ADDR_VERIFY_OUT_OF_AREA_HI,"Namaste, aapke ghar tak pahunchne ke liye thodi madad chahiye. Kripya bataiye: aapka ghar kaun si cross ya gali mein hai, sabse paas ka landmark kya hai (mandir, school, bus stop), aur aapke gate ka rang kya hai?"
AD002330,272.0,medium,False,FIELD_FORCE,,
AD002331,,low,True,TELE_DIALER,ADDR_VERIFY_OUT_OF_AREA_HI,"Namaste, aapke ghar tak pahunchne ke liye thodi madad chahiye. Kripya bataiye: aapka ghar kaun si cross ya gali mein hai, sabse paas ka landmark kya hai (mandir, school, bus stop), aur aapke gate ka rang kya hai?"
AD002332,26.0,high,False,FIELD_FORCE,,
AD002333,24.0,high,False,FIELD_FORCE,,
AD002334,62.0,high,False,FIELD_FORCE,,
AD002335,194.0,medium,False,FIELD_FORCE,,
AD002336,48.0,high,False,FIELD_FORCE,,
AD002337,132.0,medium,False,FIELD_FORCE,,
AD002338,,low,True,TELE_DIALER,ADDR_VERIFY_OUT_OF_AREA_HI,"Namaste, aapke ghar tak pahunchne ke liye thodi madad chahiye. Kripya bataiye: aapka ghar kaun si cross ya gali mein hai, sabse paas ka landmark kya hai (mandir, school, bus stop), aur aapke gate ka rang kya hai?"
AD002339,24.0,high,True,FIELD_FORCE,,
AD002340,396.0,medium,False,FIELD_FORCE,,
AD002341,20.0,high,False,FIELD_FORCE,,
AD002342,329.0,medium,False,FIELD_FORCE,,
AD002343,396.0,medium,False,FIELD_FORCE,,
AD002344,396.0,medium,False,FIELD_FORCE,,
AD002345,329.0,medium,False,FIELD_FORCE,,
AD002346,175.0,medium,False,FIELD_FORCE,,
AD002347,230.0,medium,False,FIELD_FORCE,,
AD002348,255.0,medium,False,FIELD_FORCE,,
AD002349,201.0,medium,False,FIELD_FORCE,,
AD002350,304.0,medium,False,FIELD_FORCE,,
AD002351,230.0,medium,False,FIELD_FORCE,,
AD002352,39.0,high,False,FIELD_FORCE,,
AD002353,31.0,high,False,FIELD_FORCE,,
AD002354,329.0,medium,False,FIELD_FORCE,,
AD002355,329.0,medium,False,FIELD_FORCE,,
AD002356,2278.0,low,True,TELE_DIALER,ADDR_VERIFY_LOW_CONFIDENCE_KN,"Namaskara, nimma manege baralu swalpa sahaya beku. Dayavittu heli: nimma mane yaava cross athava raste alli ide, hattirada landmark yavudu (gudi, shaale, bus stop), mattu nimma gate yaava banna?"
AD002357,17.0,high,False,FIELD_FORCE,,
AD002358,396.0,medium,False,FIELD_FORCE,,
AD002359,11.0,high,False,FIELD_FORCE,,
AD002360,378.0,medium,False,FIELD_FORCE,,
AD002361,296.0,medium,False,FIELD_FORCE,,
AD002362,32.0,high,False,FIELD_FORCE,,
AD002363,175.0,medium,False,FIELD_FORCE,,
AD002364,329.0,medium,False,FIELD_FORCE,,
AD002365,149.0,medium,False,FIELD_FORCE,,
AD002366,569.0,low,True,TELE_DIALER,ADDR_VERIFY_LOW_CONFIDENCE_HI,"Namaste, aapke ghar tak pahunchne ke liye thodi madad chahiye. Kripya bataiye: aapka ghar kaun si cross ya gali mein hai, sabse paas ka landmark kya hai (mandir, school, bus stop), aur aapke gate ka rang kya hai?"
AD002367,17.0,high,False,FIELD_FORCE,,
AD002368,149.0,medium,False,FIELD_FORCE,,
AD002369,378.0,medium,False,FIELD_FORCE,,
AD002370,179.0,medium,False,FIELD_FORCE,,
AD002371,279.0,medium,False,FIELD_FORCE,,
AD002372,49.0,high,False,FIELD_FORCE,,
AD002373,205.0,medium,False,FIELD_FORCE,,
AD002374,126.0,medium,False,FIELD_FORCE,,
AD002375,255.0,medium,False,FIELD_FORCE,,
AD002376,329.0,medium,False,FIELD_FORCE,,
AD002377,329.0,medium,False,FIELD_FORCE,,
AD002378,48.0,high,False,FIELD_FORCE,,
AD002379,,low,True,TELE_DIALER,ADDR_VERIFY_OUT_OF_AREA_EN,"Hello, we need a little help to reach your home. Please tell us which cross or street your house is on, the nearest landmark (temple, school, bus stop), and the colour of your gate."
AD002380,31.0,high,False,FIELD_FORCE,,
AD002381,201.0,medium,False,FIELD_FORCE,,
AD002382,232.0,medium,False,FIELD_FORCE,,
AD002383,569.0,low,True,TELE_DIALER,ADDR_VERIFY_LOW_CONFIDENCE_EN,"Hello, we need a little help to reach your home. Please tell us which cross or street your house is on, the nearest landmark (temple, school, bus stop), and the colour of your gate."
AD002384,378.0,medium,False,FIELD_FORCE,,
AD002385,403.0,medium,False,FIELD_FORCE,,
AD002386,,low,True,TELE_DIALER,ADDR_VERIFY_OUT_OF_AREA_HI,"Namaste, aapke ghar tak pahunchne ke liye thodi madad chahiye. Kripya bataiye: aapka ghar kaun si cross ya gali mein hai, sabse paas ka landmark kya hai (mandir, school, bus stop), aur aapke gate ka rang kya hai?"
AD002387,43.0,high,False,FIELD_FORCE,,
AD002388,396.0,medium,False,FIELD_FORCE,,
AD002389,396.0,medium,False,FIELD_FORCE,,
AD002390,,low,True,TELE_DIALER,ADDR_VERIFY_OUT_OF_AREA_HI,"Namaste, aapke ghar tak pahunchne ke liye thodi madad chahiye. Kripya bataiye: aapka ghar kaun si cross ya gali mein hai, sabse paas ka landmark kya hai (mandir, school, bus stop), aur aapke gate ka rang kya hai?"
AD002391,237.0,medium,False,FIELD_FORCE,,
AD002392,329.0,medium,False,FIELD_FORCE,,
AD002393,31.0,high,False,FIELD_FORCE,,
AD002394,329.0,medium,False,FIELD_FORCE,,
AD002395,208.0,medium,False,FIELD_FORCE,,
AD002396,569.0,low,True,TELE_DIALER,ADDR_VERIFY_LOW_CONFIDENCE_HI,"Namaste, aapke ghar tak pahunchne ke liye thodi madad chahiye. Kripya bataiye: aapka ghar kaun si cross ya gali mein hai, sabse paas ka landmark kya hai (mandir, school, bus stop), aur aapke gate ka rang kya hai?"
AD002397,329.0,medium,False,FIELD_FORCE,,
AD002398,61.0,high,False,FIELD_FORCE,,
AD002399,255.0,medium,False,FIELD_FORCE,,
AD002400,175.0,medium,False,FIELD_FORCE,,
AD002401,26.0,high,False,FIELD_FORCE,,
AD002402,47.0,high,False,FIELD_FORCE,,
AD002403,48.0,high,False,FIELD_FORCE,,
AD002404,19.0,high,False,FIELD_FORCE,,
AD002405,180.0,medium,False,FIELD_FORCE,,
AD002406,,low,True,TELE_DIALER,ADDR_VERIFY_OUT_OF_AREA_HI,"Namaste, aapke ghar tak pahunchne ke liye thodi madad chahiye. Kripya bataiye: aapka ghar kaun si cross ya gali mein hai, sabse paas ka landmark kya hai (mandir, school, bus stop), aur aapke gate ka rang kya hai?"
AD002407,194.0,medium,False,FIELD_FORCE,,
AD002408,215.0,medium,False,FIELD_FORCE,,
AD002409,,low,True,TELE_DIALER,ADDR_VERIFY_OUT_OF_AREA_EN,"Hello, we need a little help to reach your home. Please tell us which cross or street your house is on, the nearest landmark (temple, school, bus stop), and the colour of your gate."
AD002410,194.0,medium,False,FIELD_FORCE,,
AD002411,75.0,high,False,FIELD_FORCE,,
AD002412,37.0,high,False,FIELD_FORCE,,
AD002413,18.0,high,False,FIELD_FORCE,,
AD002414,19.0,high,False,FIELD_FORCE,,
AD002415,32.0,high,False,FIELD_FORCE,,
AD002416,68.0,high,False,FIELD_FORCE,,
AD002417,329.0,medium,False,FIELD_FORCE,,
AD002418,396.0,medium,False,FIELD_FORCE,,
AD002419,23.0,high,False,FIELD_FORCE,,
AD002420,,low,True,TELE_DIALER,ADDR_VERIFY_OUT_OF_AREA_HI,"Namaste, aapke ghar tak pahunchne ke liye thodi madad chahiye. Kripya bataiye: aapka ghar kaun si cross ya gali mein hai, sabse paas ka landmark kya hai (mandir, school, bus stop), aur aapke gate ka rang kya hai?"
AD002421,569.0,low,True,TELE_DIALER,ADDR_VERIFY_LOW_CONFIDENCE_HI,"Namaste, aapke ghar tak pahunchne ke liye thodi madad chahiye. Kripya bataiye: aapka ghar kaun si cross ya gali mein hai, sabse paas ka landmark kya hai (mandir, school, bus stop), aur aapke gate ka rang kya hai?"
AD002422,329.0,medium,False,FIELD_FORCE,,
AD002423,40.0,high,False,FIELD_FORCE,,
AD002424,63.0,high,False,FIELD_FORCE,,
AD002425,149.0,medium,False,FIELD_FORCE,,
AD002426,,low,True,TELE_DIALER,ADDR_VERIFY_OUT_OF_AREA_EN,"Hello, we need a little help to reach your home. Please tell us which cross or street your house is on, the nearest landmark (temple, school, bus stop), and the colour of your gate."
AD002427,194.0,medium,False,FIELD_FORCE,,
AD002428,329.0,medium,False,FIELD_FORCE,,
AD002429,329.0,medium,False,FIELD_FORCE,,
AD002430,120.0,medium,False,FIELD_FORCE,,
AD002431,28.0,high,False,FIELD_FORCE,,
AD002432,226.0,medium,False,FIELD_FORCE,,
AD002433,296.0,medium,False,FIELD_FORCE,,
AD002434,140.0,medium,False,FIELD_FORCE,,
AD002435,133.0,medium,False,FIELD_FORCE,,
AD002436,196.0,medium,False,FIELD_FORCE,,
AD002437,271.0,medium,False,FIELD_FORCE,,
AD002438,329.0,medium,False,FIELD_FORCE,,
AD002439,329.0,medium,False,FIELD_FORCE,,
AD002440,24.0,high,False,FIELD_FORCE,,
AD002441,53.0,high,False,FIELD_FORCE,,
AD002442,569.0,low,True,TELE_DIALER,ADDR_VERIFY_LOW_CONFIDENCE_HI,"Namaste, aapke ghar tak pahunchne ke liye thodi madad chahiye. Kripya bataiye: aapka ghar kaun si cross ya gali mein hai, sabse paas ka landmark kya hai (mandir, school, bus stop), aur aapke gate ka rang kya hai?"
AD002443,,low,True,TELE_DIALER,ADDR_VERIFY_OUT_OF_AREA_HI,"Namaste, aapke ghar tak pahunchne ke liye thodi madad chahiye. Kripya bataiye: aapka ghar kaun si cross ya gali mein hai, sabse paas ka landmark kya hai (mandir, school, bus stop), aur aapke gate ka rang kya hai?"
AD002444,198.0,medium,False,FIELD_FORCE,,
AD002445,44.0,high,True,FIELD_FORCE,,
AD002446,,low,True,TELE_DIALER,ADDR_VERIFY_OUT_OF_AREA_EN,"Hello, we need a little help to reach your home. Please tell us which cross or street your house is on, the nearest landmark (temple, school, bus stop), and the colour of your gate."
AD002447,194.0,medium,False,FIELD_FORCE,,
AD002448,194.0,medium,False,FIELD_FORCE,,
AD002449,329.0,medium,False,FIELD_FORCE,,
AD002450,201.0,medium,False,FIELD_FORCE,,
AD002451,569.0,low,True,TELE_DIALER,ADDR_VERIFY_LOW_CONFIDENCE_KN,"Namaskara, nimma manege baralu swalpa sahaya beku. Dayavittu heli: nimma mane yaava cross athava raste alli ide, hattirada landmark yavudu (gudi, shaale, bus stop), mattu nimma gate yaava banna?"
AD002452,569.0,low,True,TELE_DIALER,ADDR_VERIFY_LOW_CONFIDENCE_KN,"Namaskara, nimma manege baralu swalpa sahaya beku. Dayavittu heli: nimma mane yaava cross athava raste alli ide, hattirada landmark yavudu (gudi, shaale, bus stop), mattu nimma gate yaava banna?"
AD002453,56.0,high,False,FIELD_FORCE,,
AD002454,175.0,medium,False,FIELD_FORCE,,
AD002455,,low,True,TELE_DIALER,ADDR_VERIFY_OUT_OF_AREA_KN,"Namaskara, nimma manege baralu swalpa sahaya beku. Dayavittu heli: nimma mane yaava cross athava raste alli ide, hattirada landmark yavudu (gudi, shaale, bus stop), mattu nimma gate yaava banna?"
AD002456,215.0,medium,False,FIELD_FORCE,,
AD002457,31.0,high,True,FIELD_FORCE,,
AD002458,43.0,high,False,FIELD_FORCE,,
AD002459,24.0,high,False,FIELD_FORCE,,
AD002460,,low,True,TELE_DIALER,ADDR_VERIFY_OUT_OF_AREA_HI,"Namaste, aapke ghar tak pahunchne ke liye thodi madad chahiye. Kripya bataiye: aapka ghar kaun si cross ya gali mein hai, sabse paas ka landmark kya hai (mandir, school, bus stop), aur aapke gate ka rang kya hai?"
AD002461,37.0,high,False,FIELD_FORCE,,
AD002462,45.0,high,False,FIELD_FORCE,,
AD002463,276.0,medium,False,FIELD_FORCE,,
AD002464,274.0,medium,False,FIELD_FORCE,,
AD002465,2278.0,low,True,TELE_DIALER,ADDR_VERIFY_LOW_CONFIDENCE_HI,"Namaste, aapke ghar tak pahunchne ke liye thodi madad chahiye. Kripya bataiye: aapka ghar kaun si cross ya gali mein hai, sabse paas ka landmark kya hai (mandir, school, bus stop), aur aapke gate ka rang kya hai?"
AD002466,41.0,high,False,FIELD_FORCE,,
AD002467,42.0,high,False,FIELD_FORCE,,
AD002468,28.0,high,False,FIELD_FORCE,,
AD002469,175.0,medium,False,FIELD_FORCE,,
AD002470,296.0,medium,False,FIELD_FORCE,,
AD002471,16.0,high,True,FIELD_FORCE,,
AD002472,208.0,medium,False,FIELD_FORCE,,
AD002473,358.0,medium,False,FIELD_FORCE,,
AD002474,53.0,high,False,FIELD_FORCE,,
AD002475,569.0,low,True,TELE_DIALER,ADDR_VERIFY_LOW_CONFIDENCE_HI,"Namaste, aapke ghar tak pahunchne ke liye thodi madad chahiye. Kripya bataiye: aapka ghar kaun si cross ya gali mein hai, sabse paas ka landmark kya hai (mandir, school, bus stop), aur aapke gate ka rang kya hai?"
AD002476,329.0,medium,False,FIELD_FORCE,,
AD002477,283.0,medium,False,FIELD_FORCE,,
AD002478,181.0,medium,False,FIELD_FORCE,,
AD002479,61.0,high,False,FIELD_FORCE,,
AD002480,38.0,high,False,FIELD_FORCE,,
AD002481,286.0,medium,False,FIELD_FORCE,,
AD002482,396.0,medium,False,FIELD_FORCE,,
AD002483,33.0,high,False,FIELD_FORCE,,
AD002484,569.0,low,True,TELE_DIALER,ADDR_VERIFY_LOW_CONFIDENCE_EN,"Hello, we need a little help to reach your home. Please tell us which cross or street your house is on, the nearest landmark (temple, school, bus stop), and the colour of your gate."
AD002485,58.0,high,False,FIELD_FORCE,,
AD002486,569.0,low,True,TELE_DIALER,ADDR_VERIFY_LOW_CONFIDENCE_EN,"Hello, we need a little help to reach your home. Please tell us which cross or street your house is on, the nearest landmark (temple, school, bus stop), and the colour of your gate."
AD002487,34.0,high,False,FIELD_FORCE,,
AD002488,43.0,high,False,FIELD_FORCE,,
AD002489,22.0,high,False,FIELD_FORCE,,
AD002490,42.0,high,False,FIELD_FORCE,,
AD002491,215.0,medium,False,FIELD_FORCE,,
AD002492,61.0,high,False,FIELD_FORCE,,
AD002493,175.0,medium,False,FIELD_FORCE,,
AD002494,26.0,high,False,FIELD_FORCE,,
AD002495,2278.0,low,True,TELE_DIALER,ADDR_VERIFY_LOW_CONFIDENCE_KN,"Namaskara, nimma manege baralu swalpa sahaya beku. Dayavittu heli: nimma mane yaava cross athava raste alli ide, hattirada landmark yavudu (gudi, shaale, bus stop), mattu nimma gate yaava banna?"
AD002496,329.0,medium,False,FIELD_FORCE,,
AD002497,243.0,medium,False,FIELD_FORCE,,
AD002498,569.0,low,True,TELE_DIALER,ADDR_VERIFY_LOW_CONFIDENCE_EN,"Hello, we need a little help to reach your home. Please tell us which cross or street your house is on, the nearest landmark (temple, school, bus stop), and the colour of your gate."
AD002499,22.0,high,False,FIELD_FORCE,,
AD002500,161.0,medium,False,FIELD_FORCE,,
AD002501,50.0,high,False,FIELD_FORCE,,
AD002502,36.0,high,False,FIELD_FORCE,,
AD002503,,low,True,TELE_DIALER,ADDR_VERIFY_OUT_OF_AREA_KN,"Namaskara, nimma manege baralu swalpa sahaya beku. Dayavittu heli: nimma mane yaava cross athava raste alli ide, hattirada landmark yavudu (gudi, shaale, bus stop), mattu nimma gate yaava banna?"
AD002504,29.0,high,True,FIELD_FORCE,,
AD002505,36.0,high,False,FIELD_FORCE,,
AD002506,56.0,high,False,FIELD_FORCE,,
AD002507,,low,True,TELE_DIALER,ADDR_VERIFY_OUT_OF_AREA_HI,"Namaste, aapke ghar tak pahunchne ke liye thodi madad chahiye. Kripya bataiye: aapka ghar kaun si cross ya gali mein hai, sabse paas ka landmark kya hai (mandir, school, bus stop), aur aapke gate ka rang kya hai?"
AD002508,569.0,low,True,TELE_DIALER,ADDR_VERIFY_LOW_CONFIDENCE_KN,"Namaskara, nimma manege baralu swalpa sahaya beku. Dayavittu heli: nimma mane yaava cross athava raste alli ide, hattirada landmark yavudu (gudi, shaale, bus stop), mattu nimma gate yaava banna?"
AD002509,20.0,high,False,FIELD_FORCE,,
AD002510,43.0,high,False,FIELD_FORCE,,
AD002511,396.0,medium,False,FIELD_FORCE,,
AD002512,569.0,low,True,TELE_DIALER,ADDR_VERIFY_LOW_CONFIDENCE_KN,"Namaskara, nimma manege baralu swalpa sahaya beku. Dayavittu heli: nimma mane yaava cross athava raste alli ide, hattirada landmark yavudu (gudi, shaale, bus stop), mattu nimma gate yaava banna?"
AD002513,31.0,high,False,FIELD_FORCE,,
AD002514,33.0,high,False,FIELD_FORCE,,
AD002515,40.0,high,False,FIELD_FORCE,,
AD002516,285.0,medium,False,FIELD_FORCE,,
AD002517,569.0,low,True,TELE_DIALER,ADDR_VERIFY_LOW_CONFIDENCE_HI,"Namaste, aapke ghar tak pahunchne ke liye thodi madad chahiye. Kripya bataiye: aapka ghar kaun si cross ya gali mein hai, sabse paas ka landmark kya hai (mandir, school, bus stop), aur aapke gate ka rang kya hai?"
AD002518,194.0,medium,False,FIELD_FORCE,,
AD002519,46.0,high,False,FIELD_FORCE,,
AD002520,50.0,high,False,FIELD_FORCE,,
AD002521,28.0,high,False,FIELD_FORCE,,
AD002522,48.0,high,False,FIELD_FORCE,,
AD002523,293.0,medium,False,FIELD_FORCE,,
AD002524,569.0,low,True,TELE_DIALER,ADDR_VERIFY_LOW_CONFIDENCE_KN,"Namaskara, nimma manege baralu swalpa sahaya beku. Dayavittu heli: nimma mane yaava cross athava raste alli ide, hattirada landmark yavudu (gudi, shaale, bus stop), mattu nimma gate yaava banna?"
AD002525,54.0,high,False,FIELD_FORCE,,
AD002526,40.0,high,False,FIELD_FORCE,,
AD002527,569.0,low,True,TELE_DIALER,ADDR_VERIFY_LOW_CONFIDENCE_HI,"Namaste, aapke ghar tak pahunchne ke liye thodi madad chahiye. Kripya bataiye: aapka ghar kaun si cross ya gali mein hai, sabse paas ka landmark kya hai (mandir, school, bus stop), aur aapke gate ka rang kya hai?"
AD002528,53.0,high,False,FIELD_FORCE,,
AD002529,396.0,medium,False,FIELD_FORCE,,
AD002530,22.0,high,False,FIELD_FORCE,,
AD002531,83.0,high,False,FIELD_FORCE,,
AD002532,131.0,medium,False,FIELD_FORCE,,
AD002533,196.0,medium,False,FIELD_FORCE,,
AD002534,378.0,medium,False,FIELD_FORCE,,
AD002535,39.0,high,False,FIELD_FORCE,,
AD002536,120.0,medium,False,FIELD_FORCE,,
AD002537,40.0,high,False,FIELD_FORCE,,
AD002538,,low,True,TELE_DIALER,ADDR_VERIFY_OUT_OF_AREA_KN,"Namaskara, nimma manege baralu swalpa sahaya beku. Dayavittu heli: nimma mane yaava cross athava raste alli ide, hattirada landmark yavudu (gudi, shaale, bus stop), mattu nimma gate yaava banna?"
AD002539,37.0,high,False,FIELD_FORCE,,
AD002540,28.0,high,False,FIELD_FORCE,,
AD002541,20.0,high,False,FIELD_FORCE,,
AD002542,175.0,medium,False,FIELD_FORCE,,
AD002543,569.0,low,True,TELE_DIALER,ADDR_VERIFY_LOW_CONFIDENCE_EN,"Hello, we need a little help to reach your home. Please tell us which cross or street your house is on, the nearest landmark (temple, school, bus stop), and the colour of your gate."
AD002544,35.0,high,False,FIELD_FORCE,,
AD002545,65.0,high,False,FIELD_FORCE,,
AD002546,31.0,high,False,FIELD_FORCE,,
AD002547,71.0,high,False,FIELD_FORCE,,
AD002548,39.0,high,False,FIELD_FORCE,,
AD002549,175.0,medium,False,FIELD_FORCE,,
AD002550,41.0,high,False,FIELD_FORCE,,
AD002551,18.0,high,False,FIELD_FORCE,,
AD002552,20.0,high,False,FIELD_FORCE,,
AD002553,175.0,medium,False,FIELD_FORCE,,
AD002554,,low,True,TELE_DIALER,ADDR_VERIFY_OUT_OF_AREA_HI,"Namaste, aapke ghar tak pahunchne ke liye thodi madad chahiye. Kripya bataiye: aapka ghar kaun si cross ya gali mein hai, sabse paas ka landmark kya hai (mandir, school, bus stop), aur aapke gate ka rang kya hai?"
AD002555,26.0,high,False,FIELD_FORCE,,
AD002556,329.0,medium,False,FIELD_FORCE,,
AD002557,329.0,medium,False,FIELD_FORCE,,
AD002558,108.0,medium,False,FIELD_FORCE,,
AD002559,569.0,low,True,TELE_DIALER,ADDR_VERIFY_LOW_CONFIDENCE_KN,"Namaskara, nimma manege baralu swalpa sahaya beku. Dayavittu heli: nimma mane yaava cross athava raste alli ide, hattirada landmark yavudu (gudi, shaale, bus stop), mattu nimma gate yaava banna?"
AD002560,60.0,high,False,FIELD_FORCE,,
AD002561,205.0,medium,False,FIELD_FORCE,,
AD002562,41.0,high,False,FIELD_FORCE,,
AD002563,200.0,medium,False,FIELD_FORCE,,
AD002564,50.0,high,False,FIELD_FORCE,,
AD002565,215.0,medium,False,FIELD_FORCE,,
AD002566,19.0,high,False,FIELD_FORCE,,
AD002567,329.0,medium,False,FIELD_FORCE,,
AD002568,36.0,high,True,FIELD_FORCE,,
AD002569,45.0,high,False,FIELD_FORCE,,
AD002570,437.0,medium,False,FIELD_FORCE,,
AD002571,149.0,medium,False,FIELD_FORCE,,
AD002572,329.0,medium,False,FIELD_FORCE,,
AD002573,569.0,low,True,TELE_DIALER,ADDR_VERIFY_LOW_CONFIDENCE_KN,"Namaskara, nimma manege baralu swalpa sahaya beku. Dayavittu heli: nimma mane yaava cross athava raste alli ide, hattirada landmark yavudu (gudi, shaale, bus stop), mattu nimma gate yaava banna?"
AD002574,17.0,high,False,FIELD_FORCE,,
AD002575,276.0,medium,False,FIELD_FORCE,,
AD002576,19.0,high,False,FIELD_FORCE,,
AD002577,237.0,medium,False,FIELD_FORCE,,
AD002578,175.0,medium,False,FIELD_FORCE,,
AD002579,41.0,high,False,FIELD_FORCE,,
AD002580,437.0,medium,False,FIELD_FORCE,,
AD002581,333.0,medium,False,FIELD_FORCE,,
AD002582,34.0,high,False,FIELD_FORCE,,
AD002583,30.0,high,False,FIELD_FORCE,,
AD002584,51.0,high,False,FIELD_FORCE,,
AD002585,215.0,medium,False,FIELD_FORCE,,
AD002586,175.0,medium,False,FIELD_FORCE,,
AD002587,286.0,medium,False,FIELD_FORCE,,
AD002588,21.0,high,False,FIELD_FORCE,,
AD002589,,low,True,TELE_DIALER,ADDR_VERIFY_OUT_OF_AREA_HI,"Namaste, aapke ghar tak pahunchne ke liye thodi madad chahiye. Kripya bataiye: aapka ghar kaun si cross ya gali mein hai, sabse paas ka landmark kya hai (mandir, school, bus stop), aur aapke gate ka rang kya hai?"
AD002590,58.0,high,True,FIELD_FORCE,,
AD002591,149.0,medium,False,FIELD_FORCE,,
AD002592,278.0,medium,False,FIELD_FORCE,,
AD002593,27.0,high,False,FIELD_FORCE,,
AD002594,194.0,medium,False,FIELD_FORCE,,
AD002595,329.0,medium,False,FIELD_FORCE,,
AD002596,33.0,high,False,FIELD_FORCE,,
AD002597,,low,True,TELE_DIALER,ADDR_VERIFY_OUT_OF_AREA_EN,"Hello, we need a little help to reach your home. Please tell us which cross or street your house is on, the nearest landmark (temple, school, bus stop), and the colour of your gate."
AD002598,271.0,medium,False,FIELD_FORCE,,
AD002599,228.0,medium,False,FIELD_FORCE,,
AD002600,175.0,medium,False,FIELD_FORCE,,
AD002601,569.0,low,True,TELE_DIALER,ADDR_VERIFY_LOW_CONFIDENCE_HI,"Namaste, aapke ghar tak pahunchne ke liye thodi madad chahiye. Kripya bataiye: aapka ghar kaun si cross ya gali mein hai, sabse paas ka landmark kya hai (mandir, school, bus stop), aur aapke gate ka rang kya hai?"
AD002602,205.0,medium,False,FIELD_FORCE,,
AD002603,18.0,high,False,FIELD_FORCE,,
AD002604,,low,True,TELE_DIALER,ADDR_VERIFY_OUT_OF_AREA_EN,"Hello, we need a little help to reach your home. Please tell us which cross or street your house is on, the nearest landmark (temple, school, bus stop), and the colour of your gate."
AD002605,304.0,medium,False,FIELD_FORCE,,
AD002606,24.0,high,False,FIELD_FORCE,,
AD002607,396.0,medium,False,FIELD_FORCE,,
AD002608,837.0,low,True,TELE_DIALER,ADDR_VERIFY_LOW_CONFIDENCE_KN,"Namaskara, nimma manege baralu swalpa sahaya beku. Dayavittu heli: nimma mane yaava cross athava raste alli ide, hattirada landmark yavudu (gudi, shaale, bus stop), mattu nimma gate yaava banna?"
AD002609,44.0,high,False,FIELD_FORCE,,
AD002610,149.0,medium,False,FIELD_FORCE,,
AD002611,329.0,medium,False,FIELD_FORCE,,
AD002612,140.0,medium,False,FIELD_FORCE,,
AD002613,37.0,high,False,FIELD_FORCE,,
AD002614,14.0,high,False,FIELD_FORCE,,
AD002615,329.0,medium,False,FIELD_FORCE,,
AD002616,329.0,medium,False,FIELD_FORCE,,
AD002617,42.0,high,False,FIELD_FORCE,,
AD002618,34.0,high,False,FIELD_FORCE,,
AD002619,569.0,low,True,TELE_DIALER,ADDR_VERIFY_LOW_CONFIDENCE_HI,"Namaste, aapke ghar tak pahunchne ke liye thodi madad chahiye. Kripya bataiye: aapka ghar kaun si cross ya gali mein hai, sabse paas ka landmark kya hai (mandir, school, bus stop), aur aapke gate ka rang kya hai?"
AD002620,304.0,medium,False,FIELD_FORCE,,
AD002621,30.0,high,False,FIELD_FORCE,,
AD002622,279.0,medium,False,FIELD_FORCE,,
AD002623,15.0,high,False,FIELD_FORCE,,
AD002624,40.0,high,False,FIELD_FORCE,,
AD002625,,low,True,TELE_DIALER,ADDR_VERIFY_OUT_OF_AREA_HI,"Namaste, aapke ghar tak pahunchne ke liye thodi madad chahiye. Kripya bataiye: aapka ghar kaun si cross ya gali mein hai, sabse paas ka landmark kya hai (mandir, school, bus stop), aur aapke gate ka rang kya hai?"
AD002626,18.0,high,False,FIELD_FORCE,,
AD002627,2278.0,low,True,TELE_DIALER,ADDR_VERIFY_LOW_CONFIDENCE_HI,"Namaste, aapke ghar tak pahunchne ke liye thodi madad chahiye. Kripya bataiye: aapka ghar kaun si cross ya gali mein hai, sabse paas ka landmark kya hai (mandir, school, bus stop), aur aapke gate ka rang kya hai?"
AD002628,403.0,medium,False,FIELD_FORCE,,
AD002629,329.0,medium,False,FIELD_FORCE,,
AD002630,,low,True,TELE_DIALER,ADDR_VERIFY_OUT_OF_AREA_EN,"Hello, we need a little help to reach your home. Please tell us which cross or street your house is on, the nearest landmark (temple, school, bus stop), and the colour of your gate."
AD002631,215.0,medium,False,FIELD_FORCE,,
AD002632,40.0,high,False,FIELD_FORCE,,
AD002633,22.0,high,False,FIELD_FORCE,,
AD002634,63.0,high,False,FIELD_FORCE,,
AD002635,26.0,high,False,FIELD_FORCE,,
AD002636,45.0,high,False,FIELD_FORCE,,
AD002637,40.0,high,False,FIELD_FORCE,,
AD002638,569.0,low,True,TELE_DIALER,ADDR_VERIFY_LOW_CONFIDENCE_HI,"Namaste, aapke ghar tak pahunchne ke liye thodi madad chahiye. Kripya bataiye: aapka ghar kaun si cross ya gali mein hai, sabse paas ka landmark kya hai (mandir, school, bus stop), aur aapke gate ka rang kya hai?"
AD002639,378.0,medium,False,FIELD_FORCE,,
AD002640,120.0,medium,False,FIELD_FORCE,,
AD002641,20.0,high,False,FIELD_FORCE,,
AD002642,232.0,medium,False,FIELD_FORCE,,
AD002643,329.0,medium,False,FIELD_FORCE,,
AD002644,,low,True,TELE_DIALER,ADDR_VERIFY_OUT_OF_AREA_EN,"Hello, we need a little help to reach your home. Please tell us which cross or street your house is on, the nearest landmark (temple, school, bus stop), and the colour of your gate."
AD002645,25.0,high,False,FIELD_FORCE,,
AD002646,,low,True,TELE_DIALER,ADDR_VERIFY_OUT_OF_AREA_EN,"Hello, we need a little help to reach your home. Please tell us which cross or street your house is on, the nearest landmark (temple, school, bus stop), and the colour of your gate."
AD002647,396.0,medium,False,FIELD_FORCE,,
AD002648,278.0,medium,False,FIELD_FORCE,,
AD002649,237.0,medium,False,FIELD_FORCE,,
AD002650,28.0,high,False,FIELD_FORCE,,
AD002651,43.0,high,False,FIELD_FORCE,,
AD002652,55.0,high,False,FIELD_FORCE,,
AD002653,215.0,medium,False,FIELD_FORCE,,
AD002654,41.0,high,False,FIELD_FORCE,,
AD002655,68.0,high,False,FIELD_FORCE,,
AD002656,69.0,high,False,FIELD_FORCE,,
AD002657,372.0,medium,False,FIELD_FORCE,,
AD002658,149.0,medium,False,FIELD_FORCE,,
AD002659,234.0,medium,False,FIELD_FORCE,,
AD002660,329.0,medium,False,FIELD_FORCE,,
AD002661,18.0,high,False,FIELD_FORCE,,
AD002662,333.0,medium,False,FIELD_FORCE,,
AD002663,36.0,high,False,FIELD_FORCE,,
AD002664,31.0,high,False,FIELD_FORCE,,
AD002665,39.0,high,False,FIELD_FORCE,,
AD002666,396.0,medium,False,FIELD_FORCE,,
AD002667,32.0,high,False,FIELD_FORCE,,
AD002668,329.0,medium,False,FIELD_FORCE,,
AD002669,27.0,high,False,FIELD_FORCE,,
AD002670,26.0,high,False,FIELD_FORCE,,
AD002671,137.0,medium,False,FIELD_FORCE,,
AD002672,133.0,medium,False,FIELD_FORCE,,
AD002673,52.0,high,False,FIELD_FORCE,,
AD002674,396.0,medium,False,FIELD_FORCE,,
AD002675,26.0,high,False,FIELD_FORCE,,
AD002676,20.0,high,True,FIELD_FORCE,,
AD002677,,low,True,TELE_DIALER,ADDR_VERIFY_OUT_OF_AREA_KN,"Namaskara, nimma manege baralu swalpa sahaya beku. Dayavittu heli: nimma mane yaava cross athava raste alli ide, hattirada landmark yavudu (gudi, shaale, bus stop), mattu nimma gate yaava banna?"
AD002678,194.0,medium,False,FIELD_FORCE,,
AD002679,,low,True,TELE_DIALER,ADDR_VERIFY_OUT_OF_AREA_HI,"Namaste, aapke ghar tak pahunchne ke liye thodi madad chahiye. Kripya bataiye: aapka ghar kaun si cross ya gali mein hai, sabse paas ka landmark kya hai (mandir, school, bus stop), aur aapke gate ka rang kya hai?"
AD002680,396.0,medium,False,FIELD_FORCE,,
AD002681,47.0,high,False,FIELD_FORCE,,
AD002682,199.0,medium,False,FIELD_FORCE,,
AD002683,255.0,medium,False,FIELD_FORCE,,
AD002684,175.0,medium,False,FIELD_FORCE,,
AD002685,177.0,medium,False,FIELD_FORCE,,
AD002686,,low,True,TELE_DIALER,ADDR_VERIFY_OUT_OF_AREA_HI,"Namaste, aapke ghar tak pahunchne ke liye thodi madad chahiye. Kripya bataiye: aapka ghar kaun si cross ya gali mein hai, sabse paas ka landmark kya hai (mandir, school, bus stop), aur aapke gate ka rang kya hai?"
AD002687,37.0,high,False,FIELD_FORCE,,
AD002688,31.0,high,False,FIELD_FORCE,,
AD002689,329.0,medium,False,FIELD_FORCE,,
AD002690,16.0,high,False,FIELD_FORCE,,
AD002691,26.0,high,False,FIELD_FORCE,,
AD002692,194.0,medium,False,FIELD_FORCE,,
AD002693,285.0,medium,False,FIELD_FORCE,,
AD002694,396.0,medium,False,FIELD_FORCE,,
AD002695,226.0,medium,False,FIELD_FORCE,,
AD002696,31.0,high,False,FIELD_FORCE,,
AD002697,64.0,high,False,FIELD_FORCE,,
AD002698,255.0,medium,False,FIELD_FORCE,,
AD002699,387.0,medium,False,FIELD_FORCE,,
AD002700,191.0,medium,False,FIELD_FORCE,,
AD002701,21.0,high,False,FIELD_FORCE,,
AD002702,57.0,high,False,FIELD_FORCE,,
AD002703,239.0,medium,False,FIELD_FORCE,,
AD002704,23.0,high,False,FIELD_FORCE,,
AD002705,378.0,medium,False,FIELD_FORCE,,
AD002706,36.0,high,False,FIELD_FORCE,,
AD002707,42.0,high,False,FIELD_FORCE,,
AD002708,29.0,high,False,FIELD_FORCE,,
AD002709,35.0,high,False,FIELD_FORCE,,
AD002710,329.0,medium,False,FIELD_FORCE,,
AD002711,27.0,high,False,FIELD_FORCE,,
AD002712,28.0,high,False,FIELD_FORCE,,
AD002713,275.0,medium,False,FIELD_FORCE,,
AD002714,293.0,medium,False,FIELD_FORCE,,
AD002715,569.0,low,True,TELE_DIALER,ADDR_VERIFY_LOW_CONFIDENCE_KN,"Namaskara, nimma manege baralu swalpa sahaya beku. Dayavittu heli: nimma mane yaava cross athava raste alli ide, hattirada landmark yavudu (gudi, shaale, bus stop), mattu nimma gate yaava banna?"
AD002716,396.0,medium,False,FIELD_FORCE,,
AD002717,569.0,low,True,TELE_DIALER,ADDR_VERIFY_LOW_CONFIDENCE_HI,"Namaste, aapke ghar tak pahunchne ke liye thodi madad chahiye. Kripya bataiye: aapka ghar kaun si cross ya gali mein hai, sabse paas ka landmark kya hai (mandir, school, bus stop), aur aapke gate ka rang kya hai?"
AD002718,194.0,medium,True,FIELD_FORCE,,
AD002719,51.0,high,True,FIELD_FORCE,,
AD002720,26.0,high,False,FIELD_FORCE,,
AD002721,329.0,medium,False,FIELD_FORCE,,
AD002722,93.0,high,False,FIELD_FORCE,,
AD002723,148.0,medium,True,FIELD_FORCE,,
AD002724,19.0,high,False,FIELD_FORCE,,
AD002725,368.0,medium,False,FIELD_FORCE,,
AD002726,569.0,low,True,TELE_DIALER,ADDR_VERIFY_LOW_CONFIDENCE_EN,"Hello, we need a little help to reach your home. Please tell us which cross or street your house is on, the nearest landmark (temple, school, bus stop), and the colour of your gate."
AD002727,60.0,high,False,FIELD_FORCE,,
AD002728,68.0,high,False,FIELD_FORCE,,
AD002729,569.0,low,True,TELE_DIALER,ADDR_VERIFY_LOW_CONFIDENCE_KN,"Namaskara, nimma manege baralu swalpa sahaya beku. Dayavittu heli: nimma mane yaava cross athava raste alli ide, hattirada landmark yavudu (gudi, shaale, bus stop), mattu nimma gate yaava banna?"
AD002730,54.0,high,False,FIELD_FORCE,,
AD002731,13.0,high,False,FIELD_FORCE,,
AD002732,329.0,medium,False,FIELD_FORCE,,
AD002733,569.0,low,True,TELE_DIALER,ADDR_VERIFY_LOW_CONFIDENCE_HI,"Namaste, aapke ghar tak pahunchne ke liye thodi madad chahiye. Kripya bataiye: aapka ghar kaun si cross ya gali mein hai, sabse paas ka landmark kya hai (mandir, school, bus stop), aur aapke gate ka rang kya hai?"
AD002734,271.0,medium,False,FIELD_FORCE,,
AD002735,35.0,high,True,FIELD_FORCE,,
AD002736,329.0,medium,False,FIELD_FORCE,,
AD002737,35.0,high,True,FIELD_FORCE,,
AD002738,329.0,medium,False,FIELD_FORCE,,
AD002739,329.0,medium,False,FIELD_FORCE,,
AD002740,569.0,low,True,TELE_DIALER,ADDR_VERIFY_LOW_CONFIDENCE_EN,"Hello, we need a little help to reach your home. Please tell us which cross or street your house is on, the nearest landmark (temple, school, bus stop), and the colour of your gate."
AD002741,42.0,high,False,FIELD_FORCE,,
AD002742,296.0,medium,False,FIELD_FORCE,,
AD002743,329.0,medium,False,FIELD_FORCE,,
AD002744,48.0,high,True,FIELD_FORCE,,
AD002745,,low,True,TELE_DIALER,ADDR_VERIFY_OUT_OF_AREA_KN,"Namaskara, nimma manege baralu swalpa sahaya beku. Dayavittu heli: nimma mane yaava cross athava raste alli ide, hattirada landmark yavudu (gudi, shaale, bus stop), mattu nimma gate yaava banna?"
AD002746,133.0,medium,False,FIELD_FORCE,,
AD002747,,low,True,TELE_DIALER,ADDR_VERIFY_OUT_OF_AREA_KN,"Namaskara, nimma manege baralu swalpa sahaya beku. Dayavittu heli: nimma mane yaava cross athava raste alli ide, hattirada landmark yavudu (gudi, shaale, bus stop), mattu nimma gate yaava banna?"
AD002748,30.0,high,False,FIELD_FORCE,,
AD002749,43.0,high,False,FIELD_FORCE,,
AD002750,39.0,high,False,FIELD_FORCE,,
AD002751,21.0,high,False,FIELD_FORCE,,
AD002752,329.0,medium,False,FIELD_FORCE,,
AD002753,175.0,medium,False,FIELD_FORCE,,
AD002754,175.0,medium,False,FIELD_FORCE,,
AD002755,29.0,high,False,FIELD_FORCE,,
AD002756,40.0,high,False,FIELD_FORCE,,
AD002757,12.0,high,False,FIELD_FORCE,,
AD002758,229.0,medium,False,FIELD_FORCE,,
AD002759,569.0,low,True,TELE_DIALER,ADDR_VERIFY_LOW_CONFIDENCE_EN,"Hello, we need a little help to reach your home. Please tell us which cross or street your house is on, the nearest landmark (temple, school, bus stop), and the colour of your gate."
AD002760,175.0,medium,False,FIELD_FORCE,,
AD002761,75.0,high,False,FIELD_FORCE,,
AD002762,52.0,high,False,FIELD_FORCE,,
AD002763,41.0,high,False,FIELD_FORCE,,
AD002764,396.0,medium,False,FIELD_FORCE,,
AD002765,44.0,high,False,FIELD_FORCE,,
AD002766,26.0,high,False,FIELD_FORCE,,
AD002767,9110.0,low,True,TELE_DIALER,ADDR_VERIFY_NOT_TRACEABLE_HI,"Namaste, aapke ghar tak pahunchne ke liye thodi madad chahiye. Kripya bataiye: aapka ghar kaun si cross ya gali mein hai, sabse paas ka landmark kya hai (mandir, school, bus stop), aur aapke gate ka rang kya hai?"
AD002768,149.0,medium,False,FIELD_FORCE,,
AD002769,569.0,low,True,TELE_DIALER,ADDR_VERIFY_LOW_CONFIDENCE_KN,"Namaskara, nimma manege baralu swalpa sahaya beku. Dayavittu heli: nimma mane yaava cross athava raste alli ide, hattirada landmark yavudu (gudi, shaale, bus stop), mattu nimma gate yaava banna?"
AD002770,556.0,low,True,TELE_DIALER,ADDR_VERIFY_LOW_CONFIDENCE_HI,"Namaste, aapke ghar tak pahunchne ke liye thodi madad chahiye. Kripya bataiye: aapka ghar kaun si cross ya gali mein hai, sabse paas ka landmark kya hai (mandir, school, bus stop), aur aapke gate ka rang kya hai?"
AD002771,23.0,high,False,FIELD_FORCE,,
AD002772,17.0,high,False,FIELD_FORCE,,
AD002773,569.0,low,True,TELE_DIALER,ADDR_VERIFY_LOW_CONFIDENCE_KN,"Namaskara, nimma manege baralu swalpa sahaya beku. Dayavittu heli: nimma mane yaava cross athava raste alli ide, hattirada landmark yavudu (gudi, shaale, bus stop), mattu nimma gate yaava banna?"
AD002774,569.0,low,True,TELE_DIALER,ADDR_VERIFY_LOW_CONFIDENCE_KN,"Namaskara, nimma manege baralu swalpa sahaya beku. Dayavittu heli: nimma mane yaava cross athava raste alli ide, hattirada landmark yavudu (gudi, shaale, bus stop), mattu nimma gate yaava banna?"
AD002775,569.0,low,True,TELE_DIALER,ADDR_VERIFY_LOW_CONFIDENCE_KN,"Namaskara, nimma manege baralu swalpa sahaya beku. Dayavittu heli: nimma mane yaava cross athava raste alli ide, hattirada landmark yavudu (gudi, shaale, bus stop), mattu nimma gate yaava banna?"
AD002776,329.0,medium,False,FIELD_FORCE,,
AD002777,255.0,medium,False,FIELD_FORCE,,
AD002778,37.0,high,False,FIELD_FORCE,,
AD002779,329.0,medium,False,FIELD_FORCE,,
AD002780,,low,True,TELE_DIALER,ADDR_VERIFY_OUT_OF_AREA_KN,"Namaskara, nimma manege baralu swalpa sahaya beku. Dayavittu heli: nimma mane yaava cross athava raste alli ide, hattirada landmark yavudu (gudi, shaale, bus stop), mattu nimma gate yaava banna?"
AD002781,569.0,low,True,TELE_DIALER,ADDR_VERIFY_LOW_CONFIDENCE_KN,"Namaskara, nimma manege baralu swalpa sahaya beku. Dayavittu heli: nimma mane yaava cross athava raste alli ide, hattirada landmark yavudu (gudi, shaale, bus stop), mattu nimma gate yaava banna?"
AD002782,569.0,low,True,TELE_DIALER,ADDR_VERIFY_LOW_CONFIDENCE_HI,"Namaste, aapke ghar tak pahunchne ke liye thodi madad chahiye. Kripya bataiye: aapka ghar kaun si cross ya gali mein hai, sabse paas ka landmark kya hai (mandir, school, bus stop), aur aapke gate ka rang kya hai?"
AD002783,483.0,medium,False,FIELD_FORCE,,
AD002784,51.0,high,False,FIELD_FORCE,,
AD002785,194.0,medium,False,FIELD_FORCE,,
AD002786,329.0,medium,False,FIELD_FORCE,,
AD002787,329.0,medium,False,FIELD_FORCE,,
AD002788,36.0,high,False,FIELD_FORCE,,
AD002789,194.0,medium,False,FIELD_FORCE,,
AD002790,,low,True,TELE_DIALER,ADDR_VERIFY_OUT_OF_AREA_HI,"Namaste, aapke ghar tak pahunchne ke liye thodi madad chahiye. Kripya bataiye: aapka ghar kaun si cross ya gali mein hai, sabse paas ka landmark kya hai (mandir, school, bus stop), aur aapke gate ka rang kya hai?"
AD002791,80.0,high,False,FIELD_FORCE,,
AD002792,61.0,high,False,FIELD_FORCE,,
AD002793,60.0,high,False,FIELD_FORCE,,
AD002794,16.0,high,False,FIELD_FORCE,,
AD002795,133.0,medium,False,FIELD_FORCE,,
AD002796,59.0,high,True,FIELD_FORCE,,
AD002797,,low,True,TELE_DIALER,ADDR_VERIFY_OUT_OF_AREA_HI,"Namaste, aapke ghar tak pahunchne ke liye thodi madad chahiye. Kripya bataiye: aapka ghar kaun si cross ya gali mein hai, sabse paas ka landmark kya hai (mandir, school, bus stop), aur aapke gate ka rang kya hai?"
AD002798,44.0,high,False,FIELD_FORCE,,
AD002799,25.0,high,False,FIELD_FORCE,,
AD002800,149.0,medium,False,FIELD_FORCE,,
AD002801,27.0,high,False,FIELD_FORCE,,
AD002802,22.0,high,False,FIELD_FORCE,,
AD002803,329.0,medium,False,FIELD_FORCE,,
AD002804,569.0,low,True,TELE_DIALER,ADDR_VERIFY_LOW_CONFIDENCE_EN,"Hello, we need a little help to reach your home. Please tell us which cross or street your house is on, the nearest landmark (temple, school, bus stop), and the colour of your gate."
AD002805,,low,True,TELE_DIALER,ADDR_VERIFY_OUT_OF_AREA_EN,"Hello, we need a little help to reach your home. Please tell us which cross or street your house is on, the nearest landmark (temple, school, bus stop), and the colour of your gate."
AD002806,30.0,high,False,FIELD_FORCE,,
AD002807,36.0,high,False,FIELD_FORCE,,
AD002808,39.0,high,False,FIELD_FORCE,,
AD002809,40.0,high,False,FIELD_FORCE,,
AD002810,,low,True,TELE_DIALER,ADDR_VERIFY_OUT_OF_AREA_KN,"Namaskara, nimma manege baralu swalpa sahaya beku. Dayavittu heli: nimma mane yaava cross athava raste alli ide, hattirada landmark yavudu (gudi, shaale, bus stop), mattu nimma gate yaava banna?"
AD002811,62.0,high,False,FIELD_FORCE,,
AD002812,22.0,high,False,FIELD_FORCE,,
AD002813,38.0,high,False,FIELD_FORCE,,
AD002814,12.0,high,False,FIELD_FORCE,,
AD002815,396.0,medium,False,FIELD_FORCE,,
AD002816,396.0,medium,False,FIELD_FORCE,,
AD002817,329.0,medium,False,FIELD_FORCE,,
AD002818,163.0,medium,False,FIELD_FORCE,,
AD002819,35.0,high,False,FIELD_FORCE,,
AD002820,24.0,high,False,FIELD_FORCE,,
AD002821,41.0,high,False,FIELD_FORCE,,
AD002822,197.0,medium,False,FIELD_FORCE,,
AD002823,569.0,low,True,TELE_DIALER,ADDR_VERIFY_LOW_CONFIDENCE_HI,"Namaste, aapke ghar tak pahunchne ke liye thodi madad chahiye. Kripya bataiye: aapka ghar kaun si cross ya gali mein hai, sabse paas ka landmark kya hai (mandir, school, bus stop), aur aapke gate ka rang kya hai?"
AD002824,329.0,medium,False,FIELD_FORCE,,
AD002825,32.0,high,False,FIELD_FORCE,,
AD002826,296.0,medium,False,FIELD_FORCE,,
AD002827,329.0,medium,False,FIELD_FORCE,,
AD002828,35.0,high,False,FIELD_FORCE,,
AD002829,62.0,high,False,FIELD_FORCE,,
AD002830,234.0,medium,False,FIELD_FORCE,,
AD002831,279.0,medium,False,FIELD_FORCE,,
AD002832,22.0,high,False,FIELD_FORCE,,
AD002833,66.0,high,False,FIELD_FORCE,,
AD002834,396.0,medium,False,FIELD_FORCE,,
AD002835,569.0,low,True,TELE_DIALER,ADDR_VERIFY_LOW_CONFIDENCE_KN,"Namaskara, nimma manege baralu swalpa sahaya beku. Dayavittu heli: nimma mane yaava cross athava raste alli ide, hattirada landmark yavudu (gudi, shaale, bus stop), mattu nimma gate yaava banna?"
AD002836,396.0,medium,False,FIELD_FORCE,,
AD002837,133.0,medium,False,FIELD_FORCE,,
AD002838,199.0,medium,False,FIELD_FORCE,,
AD002839,569.0,low,True,TELE_DIALER,ADDR_VERIFY_LOW_CONFIDENCE_HI,"Namaste, aapke ghar tak pahunchne ke liye thodi madad chahiye. Kripya bataiye: aapka ghar kaun si cross ya gali mein hai, sabse paas ka landmark kya hai (mandir, school, bus stop), aur aapke gate ka rang kya hai?"
AD002840,569.0,low,True,TELE_DIALER,ADDR_VERIFY_LOW_CONFIDENCE_HI,"Namaste, aapke ghar tak pahunchne ke liye thodi madad chahiye. Kripya bataiye: aapka ghar kaun si cross ya gali mein hai, sabse paas ka landmark kya hai (mandir, school, bus stop), aur aapke gate ka rang kya hai?"
AD002841,27.0,high,False,FIELD_FORCE,,
AD002842,47.0,high,False,FIELD_FORCE,,
AD002843,229.0,medium,False,FIELD_FORCE,,
AD002844,569.0,low,True,TELE_DIALER,ADDR_VERIFY_LOW_CONFIDENCE_HI,"Namaste, aapke ghar tak pahunchne ke liye thodi madad chahiye. Kripya bataiye: aapka ghar kaun si cross ya gali mein hai, sabse paas ka landmark kya hai (mandir, school, bus stop), aur aapke gate ka rang kya hai?"
AD002845,255.0,medium,False,FIELD_FORCE,,
AD002846,569.0,low,True,TELE_DIALER,ADDR_VERIFY_LOW_CONFIDENCE_HI,"Namaste, aapke ghar tak pahunchne ke liye thodi madad chahiye. Kripya bataiye: aapka ghar kaun si cross ya gali mein hai, sabse paas ka landmark kya hai (mandir, school, bus stop), aur aapke gate ka rang kya hai?"
AD002847,175.0,medium,False,FIELD_FORCE,,
AD002848,23.0,high,False,FIELD_FORCE,,
AD002849,32.0,high,False,FIELD_FORCE,,
AD002850,255.0,medium,False,FIELD_FORCE,,
AD002851,205.0,medium,False,FIELD_FORCE,,
AD002852,75.0,high,False,FIELD_FORCE,,
AD002853,437.0,medium,False,FIELD_FORCE,,
AD002854,272.0,medium,False,FIELD_FORCE,,
AD002855,329.0,medium,False,FIELD_FORCE,,
AD002856,396.0,medium,False,FIELD_FORCE,,
AD002857,286.0,medium,False,FIELD_FORCE,,
AD002858,13.0,high,False,FIELD_FORCE,,
AD002859,569.0,low,True,TELE_DIALER,ADDR_VERIFY_LOW_CONFIDENCE_HI,"Namaste, aapke ghar tak pahunchne ke liye thodi madad chahiye. Kripya bataiye: aapka ghar kaun si cross ya gali mein hai, sabse paas ka landmark kya hai (mandir, school, bus stop), aur aapke gate ka rang kya hai?"
AD002860,278.0,medium,False,FIELD_FORCE,,
AD002861,38.0,high,False,FIELD_FORCE,,
AD002862,34.0,high,False,FIELD_FORCE,,
AD002863,175.0,medium,False,FIELD_FORCE,,
AD002864,73.0,high,False,FIELD_FORCE,,
AD002865,34.0,high,False,FIELD_FORCE,,
AD002866,26.0,high,False,FIELD_FORCE,,
AD002867,13.0,high,False,FIELD_FORCE,,
AD002868,329.0,medium,False,FIELD_FORCE,,
AD002869,175.0,medium,False,FIELD_FORCE,,
AD002870,17.0,high,False,FIELD_FORCE,,
AD002871,161.0,medium,False,FIELD_FORCE,,
AD002872,29.0,high,False,FIELD_FORCE,,
AD002873,227.0,medium,False,FIELD_FORCE,,
AD002874,194.0,medium,False,FIELD_FORCE,,
AD002875,38.0,high,False,FIELD_FORCE,,
AD002876,133.0,medium,False,FIELD_FORCE,,
AD002877,46.0,high,False,FIELD_FORCE,,
AD002878,22.0,high,False,FIELD_FORCE,,
AD002879,437.0,medium,False,FIELD_FORCE,,
AD002880,28.0,high,False,FIELD_FORCE,,
AD002881,396.0,medium,False,FIELD_FORCE,,
AD002882,22.0,high,False,FIELD_FORCE,,
AD002883,569.0,low,True,TELE_DIALER,ADDR_VERIFY_LOW_CONFIDENCE_KN,"Namaskara, nimma manege baralu swalpa sahaya beku. Dayavittu heli: nimma mane yaava cross athava raste alli ide, hattirada landmark yavudu (gudi, shaale, bus stop), mattu nimma gate yaava banna?"
AD002884,48.0,high,False,FIELD_FORCE,,
AD002885,,low,True,TELE_DIALER,ADDR_VERIFY_OUT_OF_AREA_HI,"Namaste, aapke ghar tak pahunchne ke liye thodi madad chahiye. Kripya bataiye: aapka ghar kaun si cross ya gali mein hai, sabse paas ka landmark kya hai (mandir, school, bus stop), aur aapke gate ka rang kya hai?"
AD002886,569.0,low,True,TELE_DIALER,ADDR_VERIFY_LOW_CONFIDENCE_KN,"Namaskara, nimma manege baralu swalpa sahaya beku. Dayavittu heli: nimma mane yaava cross athava raste alli ide, hattirada landmark yavudu (gudi, shaale, bus stop), mattu nimma gate yaava banna?"
AD002887,329.0,medium,False,FIELD_FORCE,,
AD002888,296.0,medium,False,FIELD_FORCE,,
AD002889,17.0,high,False,FIELD_FORCE,,
AD002890,27.0,high,False,FIELD_FORCE,,
AD002891,58.0,high,False,FIELD_FORCE,,
AD002892,194.0,medium,False,FIELD_FORCE,,
AD002893,274.0,medium,False,FIELD_FORCE,,
AD002894,257.0,medium,False,FIELD_FORCE,,
AD002895,,low,True,TELE_DIALER,ADDR_VERIFY_OUT_OF_AREA_EN,"Hello, we need a little help to reach your home. Please tell us which cross or street your house is on, the nearest landmark (temple, school, bus stop), and the colour of your gate."
AD002896,20.0,high,False,FIELD_FORCE,,
AD002897,,low,True,TELE_DIALER,ADDR_VERIFY_OUT_OF_AREA_HI,"Namaste, aapke ghar tak pahunchne ke liye thodi madad chahiye. Kripya bataiye: aapka ghar kaun si cross ya gali mein hai, sabse paas ka landmark kya hai (mandir, school, bus stop), aur aapke gate ka rang kya hai?"
AD002898,293.0,medium,False,FIELD_FORCE,,
AD002899,437.0,medium,False,FIELD_FORCE,,
AD002900,280.0,medium,False,FIELD_FORCE,,
AD002901,70.0,high,False,FIELD_FORCE,,
AD002902,283.0,medium,False,FIELD_FORCE,,
AD002903,14.0,high,False,FIELD_FORCE,,
AD002904,110.0,medium,True,FIELD_FORCE,,
AD002905,227.0,medium,False,FIELD_FORCE,,
AD002906,58.0,high,True,FIELD_FORCE,,
AD002907,176.0,medium,False,FIELD_FORCE,,
AD002908,120.0,medium,False,FIELD_FORCE,,
AD002909,,low,True,TELE_DIALER,ADDR_VERIFY_OUT_OF_AREA_HI,"Namaste, aapke ghar tak pahunchne ke liye thodi madad chahiye. Kripya bataiye: aapka ghar kaun si cross ya gali mein hai, sabse paas ka landmark kya hai (mandir, school, bus stop), aur aapke gate ka rang kya hai?"
AD002910,569.0,low,True,TELE_DIALER,ADDR_VERIFY_LOW_CONFIDENCE_EN,"Hello, we need a little help to reach your home. Please tell us which cross or street your house is on, the nearest landmark (temple, school, bus stop), and the colour of your gate."
AD002911,16.0,high,False,FIELD_FORCE,,
AD002912,36.0,high,False,FIELD_FORCE,,
AD002913,47.0,high,False,FIELD_FORCE,,
AD002914,56.0,high,False,FIELD_FORCE,,
AD002915,329.0,medium,False,FIELD_FORCE,,
AD002916,63.0,high,False,FIELD_FORCE,,
AD002917,329.0,medium,False,FIELD_FORCE,,
AD002918,329.0,medium,False,FIELD_FORCE,,
AD002919,,low,True,TELE_DIALER,ADDR_VERIFY_OUT_OF_AREA_KN,"Namaskara, nimma manege baralu swalpa sahaya beku. Dayavittu heli: nimma mane yaava cross athava raste alli ide, hattirada landmark yavudu (gudi, shaale, bus stop), mattu nimma gate yaava banna?"
AD002920,30.0,high,False,FIELD_FORCE,,
AD002921,194.0,medium,False,FIELD_FORCE,,
AD002922,34.0,high,False,FIELD_FORCE,,
AD002923,140.0,medium,False,FIELD_FORCE,,
AD002924,569.0,low,True,TELE_DIALER,ADDR_VERIFY_LOW_CONFIDENCE_EN,"Hello, we need a little help to reach your home. Please tell us which cross or street your house is on, the nearest landmark (temple, school, bus stop), and the colour of your gate."
AD002925,17.0,high,False,FIELD_FORCE,,
AD002926,304.0,medium,False,FIELD_FORCE,,
AD002927,396.0,medium,False,FIELD_FORCE,,
AD002928,15.0,high,False,FIELD_FORCE,,
AD002929,329.0,medium,False,FIELD_FORCE,,
AD002930,329.0,medium,False,FIELD_FORCE,,
AD002931,403.0,medium,False,FIELD_FORCE,,
AD002932,46.0,high,False,FIELD_FORCE,,
AD002933,22.0,high,False,FIELD_FORCE,,
AD002934,396.0,medium,False,FIELD_FORCE,,
AD002935,194.0,medium,False,FIELD_FORCE,,
AD002936,19.0,high,True,FIELD_FORCE,,
AD002937,,low,True,TELE_DIALER,ADDR_VERIFY_OUT_OF_AREA_HI,"Namaste, aapke ghar tak pahunchne ke liye thodi madad chahiye. Kripya bataiye: aapka ghar kaun si cross ya gali mein hai, sabse paas ka landmark kya hai (mandir, school, bus stop), aur aapke gate ka rang kya hai?"
AD002938,27.0,high,False,FIELD_FORCE,,
AD002939,569.0,low,True,TELE_DIALER,ADDR_VERIFY_LOW_CONFIDENCE_KN,"Namaskara, nimma manege baralu swalpa sahaya beku. Dayavittu heli: nimma mane yaava cross athava raste alli ide, hattirada landmark yavudu (gudi, shaale, bus stop), mattu nimma gate yaava banna?"
AD002940,569.0,low,True,TELE_DIALER,ADDR_VERIFY_LOW_CONFIDENCE_KN,"Namaskara, nimma manege baralu swalpa sahaya beku. Dayavittu heli: nimma mane yaava cross athava raste alli ide, hattirada landmark yavudu (gudi, shaale, bus stop), mattu nimma gate yaava banna?"
AD002941,569.0,low,True,TELE_DIALER,ADDR_VERIFY_LOW_CONFIDENCE_KN,"Namaskara, nimma manege baralu swalpa sahaya beku. Dayavittu heli: nimma mane yaava cross athava raste alli ide, hattirada landmark yavudu (gudi, shaale, bus stop), mattu nimma gate yaava banna?"
AD002942,228.0,medium,False,FIELD_FORCE,,
AD002943,42.0,high,False,FIELD_FORCE,,
AD002944,275.0,medium,False,FIELD_FORCE,,
AD002945,47.0,high,False,FIELD_FORCE,,
AD002946,,low,True,TELE_DIALER,ADDR_VERIFY_OUT_OF_AREA_HI,"Namaste, aapke ghar tak pahunchne ke liye thodi madad chahiye. Kripya bataiye: aapka ghar kaun si cross ya gali mein hai, sabse paas ka landmark kya hai (mandir, school, bus stop), aur aapke gate ka rang kya hai?"
AD002947,279.0,medium,False,FIELD_FORCE,,
AD002948,569.0,low,True,TELE_DIALER,ADDR_VERIFY_LOW_CONFIDENCE_EN,"Hello, we need a little help to reach your home. Please tell us which cross or street your house is on, the nearest landmark (temple, school, bus stop), and the colour of your gate."
AD002949,569.0,low,True,TELE_DIALER,ADDR_VERIFY_LOW_CONFIDENCE_EN,"Hello, we need a little help to reach your home. Please tell us which cross or street your house is on, the nearest landmark (temple, school, bus stop), and the colour of your gate."
AD002950,569.0,low,True,TELE_DIALER,ADDR_VERIFY_LOW_CONFIDENCE_KN,"Namaskara, nimma manege baralu swalpa sahaya beku. Dayavittu heli: nimma mane yaava cross athava raste alli ide, hattirada landmark yavudu (gudi, shaale, bus stop), mattu nimma gate yaava banna?"
AD002951,,low,True,TELE_DIALER,ADDR_VERIFY_OUT_OF_AREA_KN,"Namaskara, nimma manege baralu swalpa sahaya beku. Dayavittu heli: nimma mane yaava cross athava raste alli ide, hattirada landmark yavudu (gudi, shaale, bus stop), mattu nimma gate yaava banna?"
AD002952,329.0,medium,False,FIELD_FORCE,,
AD002953,35.0,high,False,FIELD_FORCE,,
AD002954,140.0,medium,False,FIELD_FORCE,,
AD002955,396.0,medium,False,FIELD_FORCE,,
AD002956,59.0,high,False,FIELD_FORCE,,
AD002957,437.0,medium,False,FIELD_FORCE,,
AD002958,396.0,medium,False,FIELD_FORCE,,
AD002959,51.0,high,False,FIELD_FORCE,,
AD002960,161.0,medium,False,FIELD_FORCE,,
AD002961,403.0,medium,False,FIELD_FORCE,,
AD002962,18.0,high,False,FIELD_FORCE,,
AD002963,,low,True,TELE_DIALER,ADDR_VERIFY_OUT_OF_AREA_HI,"Namaste, aapke ghar tak pahunchne ke liye thodi madad chahiye. Kripya bataiye: aapka ghar kaun si cross ya gali mein hai, sabse paas ka landmark kya hai (mandir, school, bus stop), aur aapke gate ka rang kya hai?"
AD002964,59.0,high,False,FIELD_FORCE,,
AD002965,569.0,low,True,TELE_DIALER,ADDR_VERIFY_LOW_CONFIDENCE_HI,"Namaste, aapke ghar tak pahunchne ke liye thodi madad chahiye. Kripya bataiye: aapka ghar kaun si cross ya gali mein hai, sabse paas ka landmark kya hai (mandir, school, bus stop), aur aapke gate ka rang kya hai?"
AD002966,32.0,high,False,FIELD_FORCE,,
AD002967,38.0,high,False,FIELD_FORCE,,
AD002968,29.0,high,False,FIELD_FORCE,,
AD002969,569.0,low,True,TELE_DIALER,ADDR_VERIFY_LOW_CONFIDENCE_EN,"Hello, we need a little help to reach your home. Please tell us which cross or street your house is on, the nearest landmark (temple, school, bus stop), and the colour of your gate."
AD002970,257.0,medium,False,FIELD_FORCE,,
AD002971,329.0,medium,False,FIELD_FORCE,,
AD002972,296.0,medium,False,FIELD_FORCE,,
AD002973,26.0,high,False,FIELD_FORCE,,
AD002974,272.0,medium,False,FIELD_FORCE,,
AD002975,569.0,low,True,TELE_DIALER,ADDR_VERIFY_LOW_CONFIDENCE_HI,"Namaste, aapke ghar tak pahunchne ke liye thodi madad chahiye. Kripya bataiye: aapka ghar kaun si cross ya gali mein hai, sabse paas ka landmark kya hai (mandir, school, bus stop), aur aapke gate ka rang kya hai?"
AD002976,35.0,high,False,FIELD_FORCE,,
AD002977,23.0,high,False,FIELD_FORCE,,
AD002978,37.0,high,False,FIELD_FORCE,,
AD002979,26.0,high,False,FIELD_FORCE,,
AD002980,569.0,low,True,TELE_DIALER,ADDR_VERIFY_LOW_CONFIDENCE_HI,"Namaste, aapke ghar tak pahunchne ke liye thodi madad chahiye. Kripya bataiye: aapka ghar kaun si cross ya gali mein hai, sabse paas ka landmark kya hai (mandir, school, bus stop), aur aapke gate ka rang kya hai?"
AD002981,35.0,high,False,FIELD_FORCE,,
AD002982,29.0,high,False,FIELD_FORCE,,
AD002983,40.0,high,False,FIELD_FORCE,,
AD002984,403.0,medium,False,FIELD_FORCE,,
AD002985,,low,True,TELE_DIALER,ADDR_VERIFY_OUT_OF_AREA_HI,"Namaste, aapke ghar tak pahunchne ke liye thodi madad chahiye. Kripya bataiye: aapka ghar kaun si cross ya gali mein hai, sabse paas ka landmark kya hai (mandir, school, bus stop), aur aapke gate ka rang kya hai?"
AD002986,41.0,high,False,FIELD_FORCE,,
AD002987,34.0,high,False,FIELD_FORCE,,
AD002988,226.0,medium,True,FIELD_FORCE,,
AD002989,71.0,high,False,FIELD_FORCE,,
AD002990,43.0,high,False,FIELD_FORCE,,
AD002991,31.0,high,False,FIELD_FORCE,,
AD002992,285.0,medium,False,FIELD_FORCE,,
AD002993,39.0,high,False,FIELD_FORCE,,
AD002994,329.0,medium,False,FIELD_FORCE,,
AD002995,23.0,high,False,FIELD_FORCE,,
AD002996,25.0,high,False,FIELD_FORCE,,
AD002997,32.0,high,True,FIELD_FORCE,,
AD002998,,low,True,TELE_DIALER,ADDR_VERIFY_OUT_OF_AREA_HI,"Namaste, aapke ghar tak pahunchne ke liye thodi madad chahiye. Kripya bataiye: aapka ghar kaun si cross ya gali mein hai, sabse paas ka landmark kya hai (mandir, school, bus stop), aur aapke gate ka rang kya hai?"
AD002999,239.0,medium,False,FIELD_FORCE,,
AD003000,329.0,medium,False,FIELD_FORCE,,
AD003001,,low,True,TELE_DIALER,ADDR_VERIFY_OUT_OF_AREA_HI,"Namaste, aapke ghar tak pahunchne ke liye thodi madad chahiye. Kripya bataiye: aapka ghar kaun si cross ya gali mein hai, sabse paas ka landmark kya hai (mandir, school, bus stop), aur aapke gate ka rang kya hai?"
AD003002,36.0,high,False,FIELD_FORCE,,
AD003003,2278.0,low,True,TELE_DIALER,ADDR_VERIFY_LOW_CONFIDENCE_HI,"Namaste, aapke ghar tak pahunchne ke liye thodi madad chahiye. Kripya bataiye: aapka ghar kaun si cross ya gali mein hai, sabse paas ka landmark kya hai (mandir, school, bus stop), aur aapke gate ka rang kya hai?"
AD003004,25.0,high,False,FIELD_FORCE,,
AD003005,69.0,high,False,FIELD_FORCE,,
AD003006,569.0,low,True,TELE_DIALER,ADDR_VERIFY_LOW_CONFIDENCE_EN,"Hello, we need a little help to reach your home. Please tell us which cross or street your house is on, the nearest landmark (temple, school, bus stop), and the colour of your gate."
AD003007,36.0,high,False,FIELD_FORCE,,
AD003008,37.0,high,False,FIELD_FORCE,,
AD003009,182.0,medium,False,FIELD_FORCE,,
AD003010,42.0,high,False,FIELD_FORCE,,
AD003011,22.0,high,False,FIELD_FORCE,,
AD003012,25.0,high,False,FIELD_FORCE,,
AD003013,13.0,high,False,FIELD_FORCE,,
AD003014,52.0,high,False,FIELD_FORCE,,
AD003015,17.0,high,False,FIELD_FORCE,,
AD003016,39.0,high,False,FIELD_FORCE,,
AD003017,569.0,low,True,TELE_DIALER,ADDR_VERIFY_LOW_CONFIDENCE_HI,"Namaste, aapke ghar tak pahunchne ke liye thodi madad chahiye. Kripya bataiye: aapka ghar kaun si cross ya gali mein hai, sabse paas ka landmark kya hai (mandir, school, bus stop), aur aapke gate ka rang kya hai?"
AD003018,274.0,medium,False,FIELD_FORCE,,
AD003019,40.0,high,False,FIELD_FORCE,,
AD003020,837.0,low,True,TELE_DIALER,ADDR_VERIFY_LOW_CONFIDENCE_KN,"Namaskara, nimma manege baralu swalpa sahaya beku. Dayavittu heli: nimma mane yaava cross athava raste alli ide, hattirada landmark yavudu (gudi, shaale, bus stop), mattu nimma gate yaava banna?"
AD003021,,low,True,TELE_DIALER,ADDR_VERIFY_OUT_OF_AREA_KN,"Namaskara, nimma manege baralu swalpa sahaya beku. Dayavittu heli: nimma mane yaava cross athava raste alli ide, hattirada landmark yavudu (gudi, shaale, bus stop), mattu nimma gate yaava banna?"
AD003022,175.0,medium,False,FIELD_FORCE,,
AD003023,,low,True,TELE_DIALER,ADDR_VERIFY_OUT_OF_AREA_EN,"Hello, we need a little help to reach your home. Please tell us which cross or street your house is on, the nearest landmark (temple, school, bus stop), and the colour of your gate."
AD003024,533.0,low,True,TELE_DIALER,ADDR_VERIFY_LOW_CONFIDENCE_HI,"Namaste, aapke ghar tak pahunchne ke liye thodi madad chahiye. Kripya bataiye: aapka ghar kaun si cross ya gali mein hai, sabse paas ka landmark kya hai (mandir, school, bus stop), aur aapke gate ka rang kya hai?"
AD003025,224.0,medium,False,FIELD_FORCE,,
AD003026,27.0,high,False,FIELD_FORCE,,
AD003027,41.0,high,False,FIELD_FORCE,,
AD003028,329.0,medium,False,FIELD_FORCE,,
AD003029,175.0,medium,False,FIELD_FORCE,,
AD003030,39.0,high,False,FIELD_FORCE,,
AD003031,127.0,medium,False,FIELD_FORCE,,
AD003032,279.0,medium,False,FIELD_FORCE,,
AD003033,,low,True,TELE_DIALER,ADDR_VERIFY_OUT_OF_AREA_HI,"Namaste, aapke ghar tak pahunchne ke liye thodi madad chahiye. Kripya bataiye: aapka ghar kaun si cross ya gali mein hai, sabse paas ka landmark kya hai (mandir, school, bus stop), aur aapke gate ka rang kya hai?"
AD003034,194.0,medium,False,FIELD_FORCE,,
AD003035,32.0,high,False,FIELD_FORCE,,
AD003036,255.0,medium,False,FIELD_FORCE,,
AD003037,239.0,medium,False,FIELD_FORCE,,
AD003038,35.0,high,False,FIELD_FORCE,,
AD003039,569.0,low,True,TELE_DIALER,ADDR_VERIFY_LOW_CONFIDENCE_KN,"Namaskara, nimma manege baralu swalpa sahaya beku. Dayavittu heli: nimma mane yaava cross athava raste alli ide, hattirada landmark yavudu (gudi, shaale, bus stop), mattu nimma gate yaava banna?"
AD003040,58.0,high,False,FIELD_FORCE,,
AD003041,29.0,high,False,FIELD_FORCE,,
AD003042,569.0,low,True,TELE_DIALER,ADDR_VERIFY_LOW_CONFIDENCE_KN,"Namaskara, nimma manege baralu swalpa sahaya beku. Dayavittu heli: nimma mane yaava cross athava raste alli ide, hattirada landmark yavudu (gudi, shaale, bus stop), mattu nimma gate yaava banna?"
AD003043,329.0,medium,False,FIELD_FORCE,,
AD003044,10.0,high,False,FIELD_FORCE,,
AD003045,17.0,high,False,FIELD_FORCE,,
AD003046,243.0,medium,False,FIELD_FORCE,,
AD003047,280.0,medium,False,FIELD_FORCE,,
AD003048,569.0,low,True,TELE_DIALER,ADDR_VERIFY_LOW_CONFIDENCE_EN,"Hello, we need a little help to reach your home. Please tell us which cross or street your house is on, the nearest landmark (temple, school, bus stop), and the colour of your gate."
AD003049,215.0,medium,False,FIELD_FORCE,,
AD003050,20.0,high,True,FIELD_FORCE,,
AD003051,133.0,medium,False,FIELD_FORCE,,
AD003052,437.0,medium,False,FIELD_FORCE,,
AD003053,51.0,high,False,FIELD_FORCE,,
AD003054,569.0,low,True,TELE_DIALER,ADDR_VERIFY_LOW_CONFIDENCE_HI,"Namaste, aapke ghar tak pahunchne ke liye thodi madad chahiye. Kripya bataiye: aapka ghar kaun si cross ya gali mein hai, sabse paas ka landmark kya hai (mandir, school, bus stop), aur aapke gate ka rang kya hai?"
AD003055,37.0,high,False,FIELD_FORCE,,
AD003056,2278.0,low,True,TELE_DIALER,ADDR_VERIFY_LOW_CONFIDENCE_HI,"Namaste, aapke ghar tak pahunchne ke liye thodi madad chahiye. Kripya bataiye: aapka ghar kaun si cross ya gali mein hai, sabse paas ka landmark kya hai (mandir, school, bus stop), aur aapke gate ka rang kya hai?"
AD003057,296.0,medium,False,FIELD_FORCE,,
AD003058,329.0,medium,False,FIELD_FORCE,,
AD003059,329.0,medium,False,FIELD_FORCE,,
AD003060,14.0,high,False,FIELD_FORCE,,
AD003061,,low,True,TELE_DIALER,ADDR_VERIFY_OUT_OF_AREA_HI,"Namaste, aapke ghar tak pahunchne ke liye thodi madad chahiye. Kripya bataiye: aapka ghar kaun si cross ya gali mein hai, sabse paas ka landmark kya hai (mandir, school, bus stop), aur aapke gate ka rang kya hai?"
AD003062,232.0,medium,False,FIELD_FORCE,,
AD003063,161.0,medium,False,FIELD_FORCE,,
AD003064,175.0,medium,False,FIELD_FORCE,,
AD003065,23.0,high,False,FIELD_FORCE,,
AD003066,38.0,high,False,FIELD_FORCE,,
AD003067,18.0,high,False,FIELD_FORCE,,
AD003068,569.0,low,True,TELE_DIALER,ADDR_VERIFY_LOW_CONFIDENCE_HI,"Namaste, aapke ghar tak pahunchne ke liye thodi madad chahiye. Kripya bataiye: aapka ghar kaun si cross ya gali mein hai, sabse paas ka landmark kya hai (mandir, school, bus stop), aur aapke gate ka rang kya hai?"
AD003069,437.0,medium,False,FIELD_FORCE,,
AD003070,329.0,medium,False,FIELD_FORCE,,
AD003071,204.0,medium,False,FIELD_FORCE,,
AD003072,38.0,high,False,FIELD_FORCE,,
AD003073,7235.0,low,True,TELE_DIALER,ADDR_VERIFY_LOW_CONFIDENCE_KN,"Namaskara, nimma manege baralu swalpa sahaya beku. Dayavittu heli: nimma mane yaava cross athava raste alli ide, hattirada landmark yavudu (gudi, shaale, bus stop), mattu nimma gate yaava banna?"
AD003074,51.0,high,False,FIELD_FORCE,,
AD003075,569.0,low,True,TELE_DIALER,ADDR_VERIFY_LOW_CONFIDENCE_EN,"Hello, we need a little help to reach your home. Please tell us which cross or street your house is on, the nearest landmark (temple, school, bus stop), and the colour of your gate."
AD003076,283.0,medium,False,FIELD_FORCE,,
AD003077,42.0,high,False,FIELD_FORCE,,
AD003078,329.0,medium,False,FIELD_FORCE,,
AD003079,,low,True,TELE_DIALER,ADDR_VERIFY_OUT_OF_AREA_HI,"Namaste, aapke ghar tak pahunchne ke liye thodi madad chahiye. Kripya bataiye: aapka ghar kaun si cross ya gali mein hai, sabse paas ka landmark kya hai (mandir, school, bus stop), aur aapke gate ka rang kya hai?"
AD003080,226.0,medium,False,FIELD_FORCE,,
AD003081,378.0,medium,False,FIELD_FORCE,,
AD003082,437.0,medium,False,FIELD_FORCE,,
AD003083,27.0,high,False,FIELD_FORCE,,
AD003084,140.0,medium,False,FIELD_FORCE,,
AD003085,20.0,high,False,FIELD_FORCE,,
AD003086,44.0,high,False,FIELD_FORCE,,
AD003087,23.0,high,False,FIELD_FORCE,,
AD003088,231.0,medium,False,FIELD_FORCE,,
AD003089,,low,True,TELE_DIALER,ADDR_VERIFY_OUT_OF_AREA_KN,"Namaskara, nimma manege baralu swalpa sahaya beku. Dayavittu heli: nimma mane yaava cross athava raste alli ide, hattirada landmark yavudu (gudi, shaale, bus stop), mattu nimma gate yaava banna?"
AD003090,40.0,high,False,FIELD_FORCE,,
AD003091,,low,True,TELE_DIALER,ADDR_VERIFY_OUT_OF_AREA_HI,"Namaste, aapke ghar tak pahunchne ke liye thodi madad chahiye. Kripya bataiye: aapka ghar kaun si cross ya gali mein hai, sabse paas ka landmark kya hai (mandir, school, bus stop), aur aapke gate ka rang kya hai?"
AD003092,437.0,medium,False,FIELD_FORCE,,
AD003093,,low,True,TELE_DIALER,ADDR_VERIFY_OUT_OF_AREA_HI,"Namaste, aapke ghar tak pahunchne ke liye thodi madad chahiye. Kripya bataiye: aapka ghar kaun si cross ya gali mein hai, sabse paas ka landmark kya hai (mandir, school, bus stop), aur aapke gate ka rang kya hai?"
AD003094,163.0,medium,False,FIELD_FORCE,,
AD003095,,low,True,TELE_DIALER,ADDR_VERIFY_OUT_OF_AREA_KN,"Namaskara, nimma manege baralu swalpa sahaya beku. Dayavittu heli: nimma mane yaava cross athava raste alli ide, hattirada landmark yavudu (gudi, shaale, bus stop), mattu nimma gate yaava banna?"
AD003096,569.0,low,True,TELE_DIALER,ADDR_VERIFY_LOW_CONFIDENCE_HI,"Namaste, aapke ghar tak pahunchne ke liye thodi madad chahiye. Kripya bataiye: aapka ghar kaun si cross ya gali mein hai, sabse paas ka landmark kya hai (mandir, school, bus stop), aur aapke gate ka rang kya hai?"
AD003097,,low,True,TELE_DIALER,ADDR_VERIFY_OUT_OF_AREA_KN,"Namaskara, nimma manege baralu swalpa sahaya beku. Dayavittu heli: nimma mane yaava cross athava raste alli ide, hattirada landmark yavudu (gudi, shaale, bus stop), mattu nimma gate yaava banna?"
AD003098,39.0,high,False,FIELD_FORCE,,
AD003099,43.0,high,False,FIELD_FORCE,,
AD003100,34.0,high,False,FIELD_FORCE,,
AD003101,,low,True,TELE_DIALER,ADDR_VERIFY_OUT_OF_AREA_EN,"Hello, we need a little help to reach your home. Please tell us which cross or street your house is on, the nearest landmark (temple, school, bus stop), and the colour of your gate."
AD003102,83.0,high,False,FIELD_FORCE,,
AD003103,,low,True,TELE_DIALER,ADDR_VERIFY_OUT_OF_AREA_KN,"Namaskara, nimma manege baralu swalpa sahaya beku. Dayavittu heli: nimma mane yaava cross athava raste alli ide, hattirada landmark yavudu (gudi, shaale, bus stop), mattu nimma gate yaava banna?"
AD003104,296.0,medium,False,FIELD_FORCE,,
AD003105,31.0,high,False,FIELD_FORCE,,
AD003106,29.0,high,False,FIELD_FORCE,,
AD003107,396.0,medium,False,FIELD_FORCE,,
AD003108,,low,True,TELE_DIALER,ADDR_VERIFY_OUT_OF_AREA_HI,"Namaste, aapke ghar tak pahunchne ke liye thodi madad chahiye. Kripya bataiye: aapka ghar kaun si cross ya gali mein hai, sabse paas ka landmark kya hai (mandir, school, bus stop), aur aapke gate ka rang kya hai?"
AD003109,,low,True,TELE_DIALER,ADDR_VERIFY_OUT_OF_AREA_KN,"Namaskara, nimma manege baralu swalpa sahaya beku. Dayavittu heli: nimma mane yaava cross athava raste alli ide, hattirada landmark yavudu (gudi, shaale, bus stop), mattu nimma gate yaava banna?"
AD003110,569.0,low,True,TELE_DIALER,ADDR_VERIFY_LOW_CONFIDENCE_EN,"Hello, we need a little help to reach your home. Please tell us which cross or street your house is on, the nearest landmark (temple, school, bus stop), and the colour of your gate."
AD003111,234.0,medium,False,FIELD_FORCE,,
AD003112,,low,True,TELE_DIALER,ADDR_VERIFY_OUT_OF_AREA_HI,"Namaste, aapke ghar tak pahunchne ke liye thodi madad chahiye. Kripya bataiye: aapka ghar kaun si cross ya gali mein hai, sabse paas ka landmark kya hai (mandir, school, bus stop), aur aapke gate ka rang kya hai?"
AD003113,329.0,medium,False,FIELD_FORCE,,
AD003114,,low,True,TELE_DIALER,ADDR_VERIFY_OUT_OF_AREA_HI,"Namaste, aapke ghar tak pahunchne ke liye thodi madad chahiye. Kripya bataiye: aapka ghar kaun si cross ya gali mein hai, sabse paas ka landmark kya hai (mandir, school, bus stop), aur aapke gate ka rang kya hai?"
AD003115,329.0,medium,False,FIELD_FORCE,,
AD003116,,low,True,TELE_DIALER,ADDR_VERIFY_OUT_OF_AREA_EN,"Hello, we need a little help to reach your home. Please tell us which cross or street your house is on, the nearest landmark (temple, school, bus stop), and the colour of your gate."
AD003117,2278.0,low,True,TELE_DIALER,ADDR_VERIFY_LOW_CONFIDENCE_KN,"Namaskara, nimma manege baralu swalpa sahaya beku. Dayavittu heli: nimma mane yaava cross athava raste alli ide, hattirada landmark yavudu (gudi, shaale, bus stop), mattu nimma gate yaava banna?"
