visit_id,address_id,agent_id,town_id,split,outcome,checkin_x,checkin_y,pos_x,pos_y,pos_source,tail_n,role,sigma,agent_factor,flag_photo,flag_hotspot,flag_fake
VS000001,AD000840,FA003,T1,train,address_not_traceable,1409.8,-1495.1,1391.0,-1498.5,trail_tail,2.0,negative,,1.0,False,False,False
VS000002,AD001233,FA003,T1,test,cash_collected,2517.3,-2363.0,2517.3,-2363.0,checkin,,positive,70.14900213117788,1.0,False,False,False
VS000003,AD001899,FA003,T1,train,locked_premises,3016.5,-2614.8,3016.5,-2614.8,checkin,,positive,39.14361378309368,1.0,False,False,False
VS000004,AD000785,FA003,T1,test,address_not_traceable,1617.3,-1579.5,1617.3,-1579.5,checkin,,negative,,1.0,False,False,False
VS000005,AD001186,FA003,T1,train,met_family,2864.1,-2032.0,2858.0042533081287,-2031.990548204159,dwell,4.0,positive,30.688637962607594,1.0,False,False,False
VS000006,AD000761,FA003,T1,test,met_borrower,2690.3,1062.0,2695.0,1078.0,trail_tail,2.0,positive,51.9747294365252,1.0,False,False,False
VS000007,AD002806,FA003,T1,train,locked_premises,2866.0,-1819.5,2845.6666666666665,-1782.0,trail_tail,3.0,positive,37.75609222363988,1.0,False,False,False
VS000008,AD002771,FA003,T1,train,address_not_traceable,1722.8,-1672.2,1710.6666666666667,-1681.6666666666667,trail_tail,3.0,negative,,1.0,False,False,False
VS000009,AD001433,FA003,T1,train,locked_premises,2736.8,-2482.1,2731.25,-2466.25,trail_tail,4.0,positive,31.861457907635046,1.0,False,False,False
VS000010,AD002362,FA003,T1,train,met_family,2518.6,-2132.4,2521.764104458927,-2127.690451823996,dwell,9.0,positive,31.670490997141183,1.0,False,False,False
VS000011,AD001306,FA001,T1,train,locked_premises,2697.9,-2220.5,2713.0,-2293.5,trail_tail,2.0,positive,48.789394339343865,1.0,False,False,False
VS000012,AD000569,FA001,T1,test,met_borrower,2865.5,-2126.9,2867.6666666666665,-2128.0,trail_tail,6.0,positive,50.56436492234427,1.0,False,False,False
VS000013,AD001267,FA001,T1,train,address_not_traceable,-2265.3,-2561.2,-2265.3,-2561.2,checkin,,negative,,1.0,False,False,False
VS000014,AD000652,FA001,T1,train,met_family,2866.8,-2265.9,2857.098965893862,-2272.2909592977385,dwell,,positive,34.52104430633583,1.0,False,False,False
VS000015,AD001107,FA001,T1,train,address_not_traceable,1660.9,-1521.4,1660.9,-1521.4,checkin,,negative,,1.0,False,False,False
VS000016,AD000237,FA001,T1,train,locked_premises,-3259.5,1123.9,-3272.5,1114.0,trail_tail,2.0,positive,31.96333837383073,1.0,False,False,False
VS000017,AD000314,FA001,T1,validation,locked_premises,2498.7,-2131.9,2498.7,-2131.9,checkin,,positive,36.528276718181,1.0,False,False,False
VS000018,AD002016,FA002,T1,train,no_such_person,2775.4,-2319.6,2775.4,-2319.6,checkin,,positive,49.715591115866275,1.0,False,False,False
VS000019,AD000075,FA002,T1,train,locked_premises,379.8,2274.2,388.0,2261.3333333333335,trail_tail,3.0,positive,32.24329387640163,1.0,False,False,False
VS000020,AD001416,FA002,T1,test,met_family,2598.5,-1657.4,2605.3130612187847,-1654.5598352630395,dwell,4.0,positive,32.724799464626216,1.0,False,False,False
VS000021,AD002537,FA002,T1,train,address_not_traceable,1619.1,-2222.7,1614.0,-2221.5,trail_tail,2.0,negative,,1.0,False,False,False
VS000022,AD002691,FA002,T1,train,met_borrower,2923.4,-2128.7,2923.4,-2128.7,checkin,,positive,52.33691335950183,1.0,False,False,False
VS000023,AD000193,FA002,T1,train,no_such_person,1396.8,-1470.9,1396.8,-1470.9,checkin,,positive,49.44100019214822,1.0,False,False,False
VS000024,AD000904,FA002,T1,train,met_borrower,889.8,-2903.8,901.0,-2891.5,trail_tail,2.0,positive,51.69148866109392,1.0,False,False,False
VS000025,AD002359,FA004,T2,train,neighbour_says_shifted,1661.9,-1602.3,1651.1851851851854,-1601.3827160493827,dwell,5.0,positive,18.834143009245487,1.1098606920552958,False,False,False
VS000026,AD000539,FA004,T2,train,address_not_traceable,1277.4,-1627.3,1277.4,-1627.3,checkin,,negative,,1.1098606920552958,False,False,False
VS000027,AD001627,FA004,T2,test,met_family,1301.6,-2074.9,1317.0,-2081.5,trail_tail,2.0,positive,37.08882271206945,1.1098606920552958,False,False,False
VS000028,AD001752,FA004,T2,train,neighbour_says_shifted,1427.8,-2199.8,1464.1797235023041,-2267.3456221198157,dwell,5.0,positive,47.00636739428828,1.1098606920552958,False,False,False
VS000029,AD002973,FA004,T2,train,address_not_traceable,1690.0,-1414.6,1692.0,-1409.5,trail_tail,2.0,negative,,1.1098606920552958,False,False,False
VS000030,AD002576,FA004,T2,train,met_family,1305.3,-2201.0,1441.9949498350281,-2348.3434112181,dwell,,positive,36.100724852779535,1.1098606920552958,False,False,False
VS000031,AD003074,FA004,T2,train,met_borrower,1507.7,-2091.0,1497.5714285714287,-2117.4285714285716,trail_tail,7.0,positive,58.80358367699883,1.1098606920552958,False,False,False
VS000032,AD001495,FA004,T2,train,met_family,1168.7,-1859.2,1255.0962671905695,-1854.7603143418467,dwell,,positive,33.98498732847441,1.1098606920552958,False,False,False
VS000033,AD002059,FA004,T2,train,met_borrower,1152.5,-2022.1,1220.597385881837,-2024.663866596933,dwell,,positive,63.744324930346636,1.1098606920552958,False,False,False
VS000034,AD001124,FA005,T2,train,met_borrower,1209.5,-1669.2,1209.5,-1669.2,checkin,,positive,75.99975328907324,1.0,False,False,False
VS000035,AD002849,FA005,T2,validation,met_borrower,1711.7,-2359.0,1709.5833333333333,-2364.9166666666665,trail_tail,12.0,positive,50.40895257789037,1.0,False,False,False
VS000036,AD001013,FA005,T2,train,locked_premises,1331.2,-2070.4,1333.4,-2070.8,trail_tail,5.0,positive,30.778888868833455,1.0,False,False,False
VS000037,AD000412,FA005,T2,validation,locked_premises,1339.6,-2148.6,1334.0,-2136.75,trail_tail,4.0,positive,31.38534689946886,1.0,False,False,False
VS000038,AD001673,FA005,T2,train,neighbour_says_shifted,1058.5,-1724.2,1074.7518891687655,-1735.6722534392557,dwell,5.0,positive,20.483224843759334,1.0,False,False,False
VS000039,AD003067,FA005,T2,validation,locked_premises,1438.7,-1827.8,1438.7,-1827.8,checkin,,positive,36.12675601268401,1.0,False,False,False
VS000040,AD001833,FA005,T2,test,locked_premises,1534.0,-2417.4,1533.0,-2411.6666666666665,trail_tail,3.0,positive,30.592319297496886,1.0,False,False,False
VS000041,AD001381,FA005,T2,test,neighbour_says_shifted,1029.7,-440.2,1034.5118336606401,-437.5635211467212,dwell,,positive,20.268756745296443,1.0,False,False,False
VS000042,AD002466,FA005,T2,train,locked_premises,1913.9,-2118.0,1861.0,-2103.0,trail_tail,3.0,positive,46.037946305194836,1.0,False,False,False
VS000043,AD003015,FA006,T2,test,address_not_traceable,1158.2,2844.1,1158.2,2844.1,checkin,,negative,,1.0,False,False,False
VS000044,AD003007,FA006,T2,train,address_not_traceable,682.2,2544.3,678.3333333333334,2545.3333333333335,trail_tail,3.0,negative,,1.0,False,False,False
VS000045,AD003060,FA006,T2,train,met_family,852.9,2794.5,855.0081300813008,2780.79674796748,dwell,3.0,positive,31.33312943196067,1.0,False,False,False
VS000046,AD002299,FA006,T2,train,met_borrower,933.2,2298.6,940.6363636363636,2304.3636363636365,trail_tail,11.0,positive,50.420829029281144,1.0,False,False,False
VS000047,AD002669,FA006,T2,train,address_not_traceable,-472.6,179.1,-472.6,179.1,checkin,,negative,,1.0,False,False,False
VS000048,AD001830,FA006,T2,validation,met_family,917.2,2936.8,1063.537750385208,2907.7657935285056,dwell,,positive,31.77042650012745,1.0,False,False,False
VS000049,AD000027,FA006,T2,validation,met_borrower,977.5,2926.8,906.3388801610664,2915.5808357356027,dwell,,positive,69.84004939860797,1.0,False,False,False
VS000050,AD001080,FA007,T3,test,met_borrower,-2166.7,-144.4,-2348.670155466599,-175.2832976473874,dwell,,positive,68.6199120049663,1.3663037714355222,False,False,False
VS000051,AD001891,FA007,T3,train,met_borrower,-2969.2,-20.0,-2979.7537913874207,-22.689987104742187,dwell,,positive,75.79230743548823,1.3663037714355222,False,False,False
VS000052,AD000197,FA007,T3,validation,met_borrower,-2844.4,-382.7,-2844.4,-382.7,checkin,,positive,76.75055619886243,1.3663037714355222,False,False,False
VS000053,AD000019,FA007,T3,train,met_borrower,-3064.3,177.9,-3064.3,177.9,checkin,,positive,68.60239672635116,1.3663037714355222,False,False,False
VS000054,AD002566,FA007,T3,train,locked_premises,-2707.2,-85.4,-2626.5,-98.0,trail_tail,2.0,positive,69.01254314386517,1.3663037714355222,False,False,False
VS000055,AD002485,FA007,T3,train,met_borrower,-2666.9,-127.9,-2681.7396061269146,-136.41137855579868,dwell,,positive,75.1959403417915,1.3663037714355222,False,False,False
VS000056,AD002233,FA007,T3,train,locked_premises,-2525.0,-465.4,-2525.0,-465.4,checkin,,positive,65.89268199551466,1.3663037714355222,False,False,False
VS000057,AD001534,FA007,T3,train,address_not_traceable,-1782.0,-1756.2,-1782.0,-1756.2,checkin,,negative,,1.3663037714355222,False,False,False
VS000058,AD000617,FA007,T3,train,address_not_traceable,-2588.0,-148.9,-2588.0,-148.9,checkin,,negative,,1.3663037714355222,False,False,False
VS000059,AD001333,FA007,T3,train,address_not_traceable,-2762.6,-525.0,-2762.6,-525.0,checkin,,negative,,1.3663037714355222,False,False,False
VS000060,AD001040,FA009,T3,train,met_family,824.7,-1126.3,854.0,-1114.3333333333333,trail_tail,3.0,positive,36.15708782521069,1.0,False,False,False
VS000061,AD002609,FA009,T3,train,locked_premises,2341.3,-755.4,2341.3,-755.4,checkin,,positive,36.138241517815985,1.0,True,True,True
VS000062,AD001995,FA009,T3,train,address_not_traceable,-3711.3,-792.7,-3718.0,-787.0,trail_tail,2.0,negative,,1.0,True,True,True
VS000063,AD000913,FA009,T3,train,met_borrower,622.6,-845.0,629.3307509590331,-841.5505624292871,dwell,,positive,53.059777609786494,1.0,False,False,False
VS000064,AD002731,FA009,T3,train,neighbour_says_shifted,850.8,1601.3,852.0306513409962,1604.5095785440612,dwell,6.0,positive,15.559000610579076,1.0,False,False,False
VS000065,AD001755,FA009,T3,train,address_not_traceable,2333.1,-796.8,2333.1,-796.8,checkin,,negative,,1.0,True,True,True
VS000066,AD000744,FA009,T3,validation,met_borrower,1325.8,-1116.6,1325.8,-1116.6,checkin,,positive,53.8554546912381,1.0,False,False,False
VS000067,AD002069,FA008,T3,validation,locked_premises,3835.3,530.0,3835.3333333333335,533.3333333333334,trail_tail,3.0,positive,46.177861923313785,1.4612131704915665,False,False,False
VS000068,AD002096,FA008,T3,validation,met_family,3608.4,622.3,3580.8967778152523,622.6803296763719,dwell,8.0,positive,53.66398620872958,1.4612131704915665,False,False,False
VS000069,AD002676,FA008,T3,train,met_family,3660.9,465.7,3667.9802921772202,466.3565201213908,dwell,,positive,51.48625610023519,1.4612131704915665,False,False,False
VS000070,AD001352,FA008,T3,validation,met_borrower,4138.4,337.7,4138.4,337.7,checkin,,positive,73.81690422337957,1.4612131704915665,False,False,False
VS000071,AD000107,FA008,T3,train,address_not_traceable,3506.0,294.8,3506.0,294.8,checkin,,negative,,1.4612131704915665,False,False,False
VS000072,AD002981,FA008,T3,train,locked_premises,3930.4,533.2,3927.75,523.25,trail_tail,4.0,positive,46.69393510048959,1.4612131704915665,False,False,False
VS000073,AD002311,FA008,T3,test,address_not_traceable,2911.6,-1792.4,2917.5,-1774.5,trail_tail,2.0,negative,,1.4612131704915665,False,False,False
VS000074,AD000667,FA002,T1,test,met_family,2276.3,-2358.2,2298.0,-2343.5,trail_tail,2.0,positive,36.22902841645077,1.0,False,False,False
VS000075,AD001649,FA002,T1,train,address_not_traceable,2717.1,-2096.4,2713.5,-2117.5,trail_tail,2.0,negative,,1.0,False,False,False
VS000076,AD001821,FA002,T1,train,met_family,2490.7,-2443.0,2490.7,-2443.0,checkin,,positive,35.426437867784536,1.0,False,False,False
VS000077,AD002332,FA002,T1,train,address_not_traceable,1798.2,-1513.8,1796.5,-1511.0,trail_tail,2.0,negative,,1.0,False,False,False
VS000078,AD000955,FA002,T1,train,neighbour_says_shifted,3135.4,-1912.8,3138.721790690781,-1916.8957227615836,dwell,4.0,positive,22.949727667229507,1.0,False,False,False
VS000079,AD001236,FA002,T1,train,met_borrower,2926.1,-2650.1,2926.1,-2650.1,checkin,,positive,52.89579378362706,1.0,False,False,False
VS000080,AD003004,FA002,T1,train,address_not_traceable,2651.7,-2323.7,2651.7,-2323.7,checkin,,negative,,1.0,False,False,False
VS000081,AD000541,FA002,T1,train,locked_premises,2649.9,-2513.3,2649.9,-2513.3,checkin,,positive,49.78990861610418,1.0,False,False,False
VS000082,AD000287,FA002,T1,test,met_borrower,2876.1,-2282.3,2876.1,-2282.3,checkin,,positive,90.61934120263732,1.0,False,False,False
VS000083,AD002246,FA002,T1,validation,locked_premises,2482.6,-2327.6,2451.3333333333335,-2340.0,trail_tail,3.0,positive,34.81508293828982,1.0,False,False,False
VS000084,AD001509,FA003,T1,train,met_family,3096.6,-2564.7,3107.2894711901595,-2561.418256331904,dwell,3.0,positive,31.32654625074396,1.0,False,False,False
VS000085,AD001746,FA003,T1,train,met_family,3030.1,-2206.1,3030.1,-2206.1,checkin,,positive,32.222895586833886,1.0,False,False,False
VS000086,AD000920,FA003,T1,train,locked_premises,-1419.5,580.8,-1419.5,580.8,checkin,,positive,33.26653724089719,1.0,False,False,False
VS000087,AD000030,FA003,T1,test,met_borrower,2813.1,-1821.6,2808.5,-1838.5,trail_tail,2.0,positive,53.23422301489899,1.0,False,False,False
VS000088,AD002709,FA003,T1,train,met_family,2436.2,-2363.7,2444.0,-2334.5,trail_tail,2.0,positive,36.78100732715185,1.0,False,False,False
VS000089,AD000524,FA003,T1,validation,met_borrower,2610.2,-1663.7,2603.0,-1660.0,trail_tail,2.0,positive,51.36674507889321,1.0,False,False,False
VS000090,AD001105,FA003,T1,test,met_borrower,2892.8,-2525.9,2922.25,-2536.5,trail_tail,4.0,positive,52.32114773205952,1.0,False,False,False
VS000091,AD001581,FA003,T1,train,met_family,2893.2,-1721.6,2734.847654190828,-1806.9667896678968,dwell,,positive,31.686905812969506,1.0,False,False,False
VS000092,AD001294,FA003,T1,test,met_family,2665.4,-2386.6,2712.2914072229146,-2460.116230801162,dwell,,positive,31.596993527865912,1.0,False,False,False
VS000093,AD000138,FA001,T1,train,met_borrower,363.2,-2975.0,621.5296446435768,-3082.479268899794,dwell,,positive,50.923177434248935,1.0,False,False,False
VS000094,AD002154,FA001,T1,train,locked_premises,751.5,-2682.6,754.6,-2687.6,trail_tail,5.0,positive,30.652120644418716,1.0,False,False,False
VS000095,AD002858,FA001,T1,train,met_family,953.7,-3001.2,1163.0431509558475,-2869.939511207901,dwell,,positive,32.46032193309239,1.0,False,False,False
VS000096,AD002544,FA001,T1,test,met_family,662.7,-2761.4,662.7,-2761.4,checkin,,positive,40.38146233112416,1.0,False,False,False
VS000097,AD001355,FA001,T1,train,met_family,640.7,-2608.5,637.8166342152418,-2620.97232344729,dwell,2.0,positive,32.727282196968325,1.0,False,False,False
VS000098,AD001638,FA001,T1,validation,address_not_traceable,639.0,-2970.1,648.3333333333334,-2969.3333333333335,trail_tail,3.0,negative,,1.0,False,False,False
VS000099,AD002665,FA006,T2,train,address_not_traceable,-304.7,1106.7,-304.7,1106.7,checkin,,negative,,1.0,False,False,False
VS000100,AD001713,FA006,T2,train,met_borrower,1725.4,-2051.8,1725.3333333333333,-2053.0,trail_tail,3.0,positive,50.59189658433453,1.0,False,False,False
VS000101,AD002574,FA006,T2,train,locked_premises,1795.3,-2201.6,1799.6666666666667,-2198.3333333333335,trail_tail,3.0,positive,30.422072578968052,1.0,False,False,False
VS000102,AD002821,FA006,T2,validation,met_family,1288.6,-2239.9,1311.1394883109676,-2228.3938758806426,dwell,,positive,33.9209743374214,1.0,False,False,False
VS000103,AD002194,FA006,T2,train,locked_premises,1746.0,-1760.1,1727.3333333333333,-1755.0,trail_tail,3.0,positive,35.63302541182828,1.0,False,False,False
VS000104,AD000860,FA006,T2,train,neighbour_says_shifted,1349.4,-1839.2,1349.4,-1839.2,checkin,,positive,23.733731270072155,1.0,False,False,False
VS000105,AD000942,FA005,T2,train,met_borrower,796.5,3248.0,792.9016722408027,3236.3669808452414,dwell,,positive,52.69784151177352,1.0,False,False,False
VS000106,AD000672,FA005,T2,train,locked_premises,936.2,2648.8,946.0,2645.3333333333335,trail_tail,3.0,positive,34.95296840040915,1.0,False,False,False
VS000107,AD001697,FA005,T2,train,met_borrower,843.2,3211.5,834.6320183604462,3211.14815002986,dwell,,positive,51.17941480712729,1.0,False,False,False
VS000108,AD000792,FA005,T2,train,address_not_traceable,1005.0,1001.4,1005.0,1001.4,checkin,,negative,,1.0,False,False,False
VS000109,AD001767,FA005,T2,train,address_not_traceable,783.3,2571.2,783.3,2571.2,checkin,,negative,,1.0,False,False,False
VS000110,AD002339,FA005,T2,test,address_not_traceable,966.2,2814.3,967.0,2821.0,trail_tail,3.0,negative,,1.0,False,False,False
VS000111,AD000438,FA005,T2,train,address_not_traceable,701.7,2761.0,701.5,2742.5,trail_tail,2.0,negative,,1.0,False,False,False
VS000112,AD003065,FA005,T2,train,address_not_traceable,933.4,2591.8,927.0,2583.3333333333335,trail_tail,3.0,negative,,1.0,False,False,False
VS000113,AD000424,FA004,T2,train,met_borrower,2946.7,254.3,2946.7,254.3,checkin,,positive,62.53289427866428,1.1098606920552958,False,False,False
VS000114,AD000686,FA004,T2,validation,address_not_traceable,3227.7,693.5,3224.0,717.0,trail_tail,2.0,negative,,1.1098606920552958,False,False,False
VS000115,AD002535,FA004,T2,validation,met_borrower,3002.8,1048.3,2992.4,986.9,trail_tail,10.0,positive,65.79070794565378,1.1098606920552958,False,False,False
VS000116,AD002272,FA004,T2,train,address_not_traceable,2907.1,350.6,2907.1,350.6,checkin,,negative,,1.1098606920552958,False,False,False
VS000117,AD002583,FA004,T2,train,met_borrower,3380.9,556.7,3403.5714285714284,554.1428571428571,trail_tail,7.0,positive,57.434245283403534,1.1098606920552958,False,False,False
VS000118,AD000613,FA004,T2,train,met_borrower,2790.3,373.0,2778.0833333333335,370.3333333333333,trail_tail,12.0,positive,56.32160288594388,1.1098606920552958,False,False,False
VS000119,AD000290,FA004,T2,train,neighbour_says_shifted,2784.8,166.0,2826.0,150.5,trail_tail,2.0,positive,31.575487925284644,1.1098606920552958,False,False,False
VS000120,AD000639,FA009,T3,train,met_borrower,2332.4,-770.5,2348.0,-772.5,trail_tail,2.0,positive,51.224627865900594,1.0,True,True,True
VS000121,AD002081,FA009,T3,train,locked_premises,914.7,-1261.8,914.7,-1261.8,checkin,,positive,34.697874574676746,1.0,False,False,False
VS000122,AD000079,FA009,T3,test,met_borrower,-3731.6,-771.0,-3731.6,-771.0,checkin,,positive,53.991202987153386,1.0,False,True,True
VS000123,AD001290,FA009,T3,train,locked_premises,2337.9,-770.5,2335.4,-765.8,trail_tail,5.0,positive,30.61723370913839,1.0,False,True,True
VS000124,AD002448,FA009,T3,test,locked_premises,-3748.3,-772.2,-3747.0,-775.5,trail_tail,2.0,positive,34.36106081016708,1.0,False,True,True
VS000125,AD002614,FA009,T3,validation,address_not_traceable,902.6,-761.6,902.6,-761.6,checkin,,negative,,1.0,False,False,False
VS000126,AD001291,FA009,T3,train,met_family,-3724.5,-788.5,-3729.3076923076924,-785.6153846153846,dwell,2.0,positive,30.618376834835644,1.0,True,True,True
VS000127,AD001582,FA009,T3,train,locked_premises,2325.1,-774.0,2328.625,-773.25,trail_tail,8.0,positive,30.389183931129175,1.0,True,True,True
VS000128,AD002567,FA009,T3,train,address_not_traceable,-741.3,-212.4,-741.3,-212.4,checkin,,negative,,1.0,False,False,False
VS000129,AD001792,FA008,T3,train,met_borrower,-2876.7,-738.6,-2780.6352966746363,-506.57770049989136,dwell,,positive,75.15243216613418,1.4612131704915665,False,False,False
VS000130,AD002253,FA008,T3,train,address_not_traceable,-2773.8,-236.7,-2773.8,-236.7,checkin,,negative,,1.4612131704915665,False,False,False
VS000131,AD000094,FA008,T3,train,address_not_traceable,-2836.0,-86.7,-2836.0,-86.7,checkin,,negative,,1.4612131704915665,False,False,False
VS000132,AD000023,FA008,T3,test,address_not_traceable,-2507.4,-69.9,-2502.0,-68.5,trail_tail,2.0,negative,,1.4612131704915665,False,False,False
VS000133,AD001458,FA008,T3,validation,met_family,-3072.5,-528.4,-2853.2202304737516,-451.1920614596671,dwell,,positive,50.90629505941781,1.4612131704915665,False,False,False
VS000134,AD000727,FA008,T3,train,met_borrower,-2768.8,-526.0,-2768.8,-526.0,checkin,,positive,77.05527234834912,1.4612131704915665,False,False,False
VS000135,AD001896,FA008,T3,train,address_not_traceable,1288.2,673.1,1292.125,683.125,trail_tail,8.0,negative,,1.4612131704915665,False,False,False
VS000136,AD002230,FA007,T3,train,locked_premises,3390.1,-1810.6,3401.0,-1812.0,trail_tail,2.0,positive,44.040413042133515,1.3663037714355222,False,False,False
VS000137,AD002471,FA007,T3,validation,address_not_traceable,3420.0,-1806.7,3420.0,-1806.7,checkin,,negative,,1.3663037714355222,False,False,False
VS000138,AD001481,FA007,T3,train,met_borrower,2828.1,-1740.2,2874.300068577569,-1833.4961910117672,dwell,,positive,70.45283494154884,1.3663037714355222,False,False,False
VS000139,AD001170,FA007,T3,validation,address_not_traceable,3334.9,-2087.3,3337.5,-2089.5,trail_tail,2.0,negative,,1.3663037714355222,False,False,False
VS000140,AD000397,FA007,T3,test,address_not_traceable,3472.4,-1976.0,3472.4,-1976.0,checkin,,negative,,1.3663037714355222,False,False,False
VS000141,AD001886,FA007,T3,train,locked_premises,3482.0,-2134.5,3482.0,-2134.5,checkin,,positive,59.030371356767326,1.3663037714355222,False,False,False
VS000142,AD002102,FA007,T3,train,address_not_traceable,3211.3,-1957.1,3212.6666666666665,-1950.3333333333333,trail_tail,3.0,negative,,1.3663037714355222,False,False,False
VS000143,AD001480,FA007,T3,test,address_not_traceable,3291.1,-1669.3,3291.1,-1669.3,checkin,,negative,,1.3663037714355222,False,False,False
VS000144,AD002542,FA007,T3,train,address_not_traceable,3655.8,-1668.2,3654.0,-1676.0,trail_tail,2.0,negative,,1.3663037714355222,False,False,False
VS000145,AD000309,FA003,T1,test,locked_premises,2779.1,-1817.0,2779.1,-1817.0,checkin,,positive,36.54124382119471,1.0,False,False,False
VS000146,AD000719,FA003,T1,train,locked_premises,2759.7,-1818.2,2760.3333333333335,-1817.6666666666667,trail_tail,3.0,positive,32.43212142305835,1.0,False,False,False
VS000147,AD000622,FA003,T1,test,locked_premises,2498.0,-2485.5,2498.0,-2485.5,checkin,,positive,40.5243445351063,1.0,False,False,False
VS000148,AD001256,FA003,T1,train,address_not_traceable,2617.0,-2374.3,2617.0,-2374.3,checkin,,negative,,1.0,False,False,False
VS000149,AD003073,FA003,T1,train,address_not_traceable,1192.1,-1199.5,1183.5,-1200.0,trail_tail,2.0,negative,,1.0,False,False,False
VS000150,AD000658,FA003,T1,train,met_borrower,2348.8,-2342.9,2348.8,-2342.9,checkin,,positive,51.93796780776083,1.0,False,False,False
VS000151,AD000129,FA003,T1,train,locked_premises,3229.4,-1949.4,3227.2,-1944.8,trail_tail,5.0,positive,31.024828766650757,1.0,False,False,False
VS000152,AD002404,FA003,T1,train,locked_premises,3053.1,-1949.7,3053.1,-1949.7,checkin,,positive,34.06427747655894,1.0,False,False,False
VS000153,AD002308,FA003,T1,train,locked_premises,2879.4,-2465.2,2879.4,-2465.2,checkin,,positive,37.809390368002475,1.0,False,False,False
VS000154,AD000608,FA001,T1,train,met_borrower,915.1,-3353.1,914.5142857142856,-3346.1265306122446,dwell,,positive,51.42727875359535,1.0,False,False,False
VS000155,AD000898,FA001,T1,train,met_family,1190.6,-3389.6,1171.9493670886077,-3321.3095512082855,dwell,5.0,positive,46.95189027078671,1.0,False,False,False
VS000156,AD001462,FA001,T1,validation,met_family,959.0,-3356.5,959.459246704859,-3349.9371413630656,dwell,3.0,positive,35.025026766585064,1.0,False,False,False
VS000157,AD001629,FA001,T1,train,locked_premises,525.4,-2991.2,525.4,-2991.2,checkin,,positive,36.61748216357868,1.0,False,False,False
VS000158,AD000810,FA001,T1,train,met_family,1137.9,-3201.3,1146.4783823348973,-3175.96896464187,dwell,,positive,35.22733313777813,1.0,False,False,False
VS000159,AD002180,FA001,T1,train,address_not_traceable,787.1,-2967.4,787.1,-2967.4,checkin,,negative,,1.0,False,False,False
VS000160,AD001808,FA001,T1,train,address_not_traceable,919.3,-3203.3,914.3333333333334,-3198.6666666666665,trail_tail,3.0,negative,,1.0,False,False,False
VS000161,AD000936,FA001,T1,train,met_family,1021.0,-2975.6,1009.2020365081338,-2966.3633428535954,dwell,10.0,positive,31.219224846238568,1.0,False,False,False
VS000162,AD001224,FA002,T1,train,address_not_traceable,2663.4,-2235.7,2663.4,-2235.7,checkin,,negative,,1.0,False,False,False
VS000163,AD000735,FA002,T1,validation,met_family,2727.3,-2363.7,2675.332729741965,-2364.4325486645544,dwell,6.0,positive,38.06776851878771,1.0,False,False,False
VS000164,AD001074,FA002,T1,test,locked_premises,2533.3,-1888.0,2541.0,-1882.2,trail_tail,5.0,positive,30.77031849038939,1.0,False,False,False
VS000165,AD000630,FA002,T1,validation,met_borrower,2754.9,-1899.2,2754.9,-1899.2,checkin,,positive,53.03322072060114,1.0,False,False,False
VS000166,AD001479,FA002,T1,test,address_not_traceable,2865.7,-1833.4,2866.5,-1844.0,trail_tail,2.0,negative,,1.0,False,False,False
VS000167,AD001383,FA002,T1,validation,address_not_traceable,1940.5,-1941.3,1940.5,-1941.3,checkin,,negative,,1.0,False,False,False
VS000168,AD001273,FA002,T1,train,address_not_traceable,2531.5,-2236.4,2532.0,-2229.0,trail_tail,3.0,negative,,1.0,False,False,False
VS000169,AD002808,FA002,T1,train,met_borrower,2797.2,-2257.9,2797.2,-2267.9,trail_tail,10.0,positive,50.41698622488258,1.0,False,False,False
VS000170,AD000009,FA002,T1,train,neighbour_says_shifted,2971.9,-2299.3,3055.5555555555557,-2277.777777777778,dwell,4.0,positive,44.50533675864052,1.0,False,False,False
VS000171,AD000963,FA002,T1,validation,address_not_traceable,1602.9,-1488.8,1598.5,-1491.5,trail_tail,2.0,negative,,1.0,False,False,False
VS000172,AD000150,FA005,T2,train,locked_premises,2228.7,-1021.2,2228.7,-1021.2,checkin,,positive,37.17852202549208,1.0,False,False,False
VS000173,AD001765,FA005,T2,train,locked_premises,2213.8,-1091.5,2213.8,-1091.5,checkin,,positive,39.02540838991946,1.0,False,False,False
VS000174,AD000330,FA005,T2,train,met_family,2726.5,-1166.8,2659.907551052715,-1165.9391799905018,dwell,7.0,positive,42.35070837660216,1.0,False,False,False
VS000175,AD002953,FA005,T2,train,locked_premises,2412.2,-1599.9,2404.5,-1625.5,trail_tail,2.0,positive,34.76999424791437,1.0,False,False,False
VS000176,AD000768,FA005,T2,test,locked_premises,2639.4,-1588.2,2639.4,-1588.2,checkin,,positive,36.47108443685216,1.0,False,False,False
VS000177,AD000797,FA005,T2,validation,locked_premises,2507.1,-1136.1,2502.0,-1136.5,trail_tail,2.0,positive,32.216688222100046,1.0,False,False,False
VS000178,AD000495,FA005,T2,train,address_not_traceable,2323.5,-1221.7,2323.5,-1221.7,checkin,,negative,,1.0,False,False,False
VS000179,AD001971,FA005,T2,train,met_borrower,2812.7,-1268.6,2814.3333333333335,-1269.9166666666667,trail_tail,12.0,positive,50.18817091705973,1.0,False,False,False
VS000180,AD000267,FA005,T2,validation,met_family,2468.3,-1135.3,2464.79674796748,-1135.780487804878,dwell,5.0,positive,31.078207799035013,1.0,False,False,False
VS000181,AD002772,FA005,T2,train,met_family,2615.4,-1007.9,2531.5719044975017,-917.9727928928374,dwell,,positive,31.523047124286705,1.0,False,False,False
VS000182,AD002661,FA006,T2,train,met_family,1779.0,-1755.0,1779.0,-1755.0,checkin,,positive,35.7594742690661,1.0,False,False,False
VS000183,AD000560,FA006,T2,train,met_borrower,1294.4,-2466.3,1290.857142857143,-2463.1428571428573,trail_tail,7.0,positive,50.52645346746595,1.0,False,False,False
VS000184,AD002794,FA006,T2,validation,address_not_traceable,1394.6,-1832.7,1402.0,-1826.3333333333333,trail_tail,3.0,negative,,1.0,False,False,False
VS000185,AD002074,FA006,T2,train,met_borrower,1726.1,-1645.7,1765.433628318584,-1652.9424778761063,dwell,,positive,54.890572961119666,1.0,False,False,False
VS000186,AD000173,FA006,T2,train,locked_premises,1445.7,-2339.6,1443.4,-2346.6,trail_tail,5.0,positive,31.077363144256633,1.0,False,False,False
VS000187,AD000755,FA006,T2,train,address_not_traceable,801.6,-3399.0,794.5,-3374.0,trail_tail,2.0,negative,,1.0,False,False,False
VS000188,AD000841,FA006,T2,train,address_not_traceable,1434.8,-2024.5,1436.0,-2041.5,trail_tail,2.0,negative,,1.0,False,False,False
VS000189,AD002244,FA006,T2,validation,address_not_traceable,833.3,-2881.1,833.3,-2881.1,checkin,,negative,,1.0,False,False,False
VS000190,AD000032,FA006,T2,train,address_not_traceable,1477.4,-1904.9,1477.4,-1904.9,checkin,,negative,,1.0,False,False,False
VS000191,AD001954,FA006,T2,validation,locked_premises,1128.7,-1889.9,1118.5,-1883.75,trail_tail,4.0,positive,31.268754372376275,1.0,False,False,False
VS000192,AD000642,FA004,T2,train,address_not_traceable,1571.6,307.2,1571.6,307.2,checkin,,negative,,1.1098606920552958,False,False,False
VS000193,AD000386,FA004,T2,train,address_not_traceable,971.2,-118.2,971.2,-118.2,checkin,,negative,,1.1098606920552958,False,False,False
VS000194,AD001137,FA004,T2,test,address_not_traceable,571.7,1757.0,571.0,1760.0,trail_tail,2.0,negative,,1.1098606920552958,False,False,False
VS000195,AD001577,FA004,T2,train,address_not_traceable,1247.7,12.1,1240.0,11.0,trail_tail,2.0,negative,,1.1098606920552958,False,False,False
VS000196,AD002531,FA004,T2,test,address_not_traceable,813.1,1132.8,833.6666666666666,1125.6666666666667,trail_tail,3.0,negative,,1.1098606920552958,False,False,False
VS000197,AD002357,FA004,T2,test,locked_premises,1061.4,292.4,1035.0,312.0,trail_tail,2.0,positive,41.84366159964765,1.1098606920552958,False,False,False
VS000198,AD001152,FA004,T2,test,met_borrower,1503.1,361.7,1492.6363636363637,369.27272727272725,trail_tail,11.0,positive,57.14365430339325,1.1098606920552958,False,False,False
VS000199,AD002741,FA004,T2,train,locked_premises,743.8,-130.6,743.8,-130.6,checkin,,positive,37.39505923898609,1.1098606920552958,False,False,False
VS000200,AD002932,FA008,T3,test,address_not_traceable,-239.1,-3689.5,-239.1,-3689.5,checkin,,negative,,1.4612131704915665,False,False,False
VS000201,AD001520,FA008,T3,train,locked_premises,-886.2,-3592.1,-886.2,-3592.1,checkin,,positive,59.640100689137654,1.4612131704915665,False,False,False
VS000202,AD002051,FA008,T3,train,locked_premises,-278.4,-3857.6,-283.5,-3815.0,trail_tail,2.0,positive,55.61005676440945,1.4612131704915665,False,False,False
VS000203,AD000632,FA008,T3,train,met_family,-934.5,-3864.1,-881.9658580413297,-3849.8715184186885,dwell,7.0,positive,58.639360233654294,1.4612131704915665,False,False,False
VS000204,AD000607,FA008,T3,train,no_such_person,-835.4,-3897.1,-845.5,-3849.5,trail_tail,2.0,positive,75.23392709836037,1.4612131704915665,False,False,False
VS000205,AD000576,FA008,T3,train,address_not_traceable,-431.9,-3540.9,-431.9,-3540.9,checkin,,negative,,1.4612131704915665,False,False,False
VS000206,AD001715,FA008,T3,train,address_not_traceable,-1971.8,-811.2,-1971.8,-811.2,checkin,,negative,,1.4612131704915665,False,False,False
VS000207,AD001386,FA008,T3,train,neighbour_says_shifted,-397.7,-3408.9,-403.7047238273147,-3398.448269501324,dwell,8.0,positive,29.454773953322714,1.4612131704915665,False,False,False
VS000208,AD002867,FA007,T3,train,neighbour_says_shifted,-2329.1,1737.9,-2329.0,1719.5,trail_tail,2.0,positive,29.99946990638286,1.3663037714355222,False,False,False
VS000209,AD002423,FA007,T3,train,met_family,-2768.3,1382.6,-2769.4170691419135,1380.4408232785968,dwell,11.0,positive,42.339381847037394,1.3663037714355222,False,False,False
VS000210,AD000324,FA007,T3,train,met_family,-2653.6,1701.6,-2660.5,1731.5,trail_tail,2.0,positive,57.5442641376099,1.3663037714355222,False,False,False
VS000211,AD001555,FA007,T3,train,met_family,-2597.4,1589.1,-2590.902453031047,1799.806975850464,dwell,,positive,44.310234010763075,1.3663037714355222,False,False,False
VS000212,AD000869,FA007,T3,train,address_not_traceable,-2268.0,1623.1,-2272.0,1622.0,trail_tail,2.0,negative,,1.3663037714355222,False,False,False
VS000213,AD001360,FA007,T3,train,locked_premises,-2302.2,1223.9,-2311.5,1217.25,trail_tail,4.0,positive,42.095074176620976,1.3663037714355222,False,False,False
VS000214,AD000781,FA009,T3,train,locked_premises,3729.7,495.5,3729.7,495.5,checkin,,positive,39.41287860585679,1.0,False,False,False
VS000215,AD001121,FA009,T3,test,met_borrower,2324.6,-800.1,2309.0,-773.0,trail_tail,2.0,positive,63.39158067125318,1.0,True,True,True
VS000216,AD001188,FA009,T3,validation,address_not_traceable,3786.9,509.2,3790.5,499.0,trail_tail,2.0,negative,,1.0,False,False,False
VS000217,AD002551,FA009,T3,train,neighbour_says_shifted,3434.6,528.4,3448.1597444089457,531.6198083067093,dwell,3.0,positive,19.021829565002434,1.0,False,False,False
VS000218,AD001466,FA009,T3,train,met_family,3625.3,-35.4,3630.6832560050625,-18.65922621742473,dwell,,positive,41.116328873088804,1.0,False,False,False
VS000219,AD001880,FA009,T3,train,met_family,3493.7,123.5,3490.813725490196,125.18627450980392,dwell,5.0,positive,30.883247886192283,1.0,False,False,False
VS000220,AD003090,FA002,T1,test,met_family,982.2,-2913.5,960.3688639551192,-2976.5862552594667,dwell,6.0,positive,45.72332555709394,1.0,False,False,False
VS000221,AD001972,FA002,T1,validation,met_family,690.4,-2849.8,697.126075871493,-2846.194174470124,dwell,9.0,positive,31.59968354271923,1.0,False,False,False
VS000222,AD002061,FA002,T1,train,locked_premises,796.9,-2981.5,796.9,-2981.5,checkin,,positive,33.1982680271125,1.0,False,False,False
VS000223,AD001468,FA002,T1,train,address_not_traceable,600.2,-3199.5,606.0,-3181.5,trail_tail,2.0,negative,,1.0,False,False,False
VS000224,AD000923,FA002,T1,train,met_family,518.3,-3402.9,541.7257754509133,-3399.251085798171,dwell,7.0,positive,34.46193552312465,1.0,False,False,False
VS000225,AD000037,FA002,T1,train,met_borrower,551.3,-3238.9,551.3,-3238.9,checkin,,positive,53.76323092969766,1.0,False,False,False
VS000226,AD001516,FA002,T1,train,neighbour_says_shifted,665.3,-2640.0,675.9743734386333,-2629.4545894109115,dwell,4.0,positive,18.376139420454997,1.0,False,False,False
VS000227,AD002621,FA002,T1,train,locked_premises,825.9,-3134.4,799.0,-3141.5,trail_tail,2.0,positive,41.97383113321918,1.0,False,False,False
VS000228,AD002515,FA002,T1,train,locked_premises,1806.4,-716.0,1806.4,-716.0,checkin,,positive,32.811278548694204,1.0,False,False,False
VS000229,AD001047,FA003,T1,validation,address_not_traceable,2561.6,-1605.1,2559.0,-1620.5,trail_tail,2.0,negative,,1.0,False,False,False
VS000230,AD002108,FA003,T1,train,neighbour_says_shifted,2264.9,-2401.5,2269.5957593518356,-2415.7493535597314,dwell,4.0,positive,17.76386782207073,1.0,False,False,False
VS000231,AD002673,FA003,T1,train,met_family,2643.2,-2331.1,2604.9407072783865,-2319.634177429306,dwell,3.0,positive,36.65518380802361,1.0,False,False,False
VS000232,AD001702,FA003,T1,train,locked_premises,2481.7,-2260.9,2471.0,-2267.0,trail_tail,2.0,positive,34.761832517863596,1.0,False,False,False
VS000233,AD002457,FA003,T1,train,address_not_traceable,2668.4,-2279.9,2668.4,-2279.9,checkin,,negative,,1.0,False,False,False
VS000234,AD000363,FA003,T1,train,address_not_traceable,2150.9,-724.5,2150.9,-724.5,checkin,,negative,,1.0,False,False,False
VS000235,AD001083,FA001,T1,train,no_such_person,788.3,-3306.4,811.6666666666666,-3289.6666666666665,trail_tail,3.0,positive,50.220737748464046,1.0,False,False,False
VS000236,AD002624,FA001,T1,validation,address_not_traceable,898.3,-3218.9,898.3,-3218.9,checkin,,negative,,1.0,False,False,False
VS000237,AD002103,FA001,T1,test,address_not_traceable,967.5,-3196.6,967.5,-3196.6,checkin,,negative,,1.0,False,False,False
VS000238,AD001101,FA001,T1,train,address_not_traceable,759.7,-2710.7,759.7,-2710.7,checkin,,negative,,1.0,False,False,False
VS000239,AD001087,FA001,T1,train,address_not_traceable,2036.6,-1739.4,2030.6666666666667,-1734.3333333333333,trail_tail,3.0,negative,,1.0,False,False,False
VS000240,AD000286,FA001,T1,test,address_not_traceable,513.9,-2849.3,513.9,-2849.3,checkin,,negative,,1.0,False,False,False
VS000241,AD001676,FA001,T1,train,met_family,1231.3,-3544.3,1231.3,-3544.3,checkin,,positive,34.07616469029341,1.0,False,False,False
VS000242,AD002270,FA001,T1,train,locked_premises,581.6,-2919.4,581.6,-2919.4,checkin,,positive,33.602678464670035,1.0,False,False,False
VS000243,AD000049,FA005,T2,train,address_not_traceable,554.8,2696.4,554.8,2696.4,checkin,,negative,,1.0,False,False,False
VS000244,AD002936,FA005,T2,train,address_not_traceable,1061.9,2822.8,1063.0,2812.0,trail_tail,2.0,negative,,1.0,False,False,False
VS000245,AD001743,FA005,T2,train,met_borrower,1258.5,2790.8,1258.0,2807.0,trail_tail,3.0,positive,52.26913525207777,1.0,False,False,False
VS000246,AD002525,FA005,T2,validation,met_borrower,1077.9,2992.7,1084.4166666666667,3002.1666666666665,trail_tail,12.0,positive,51.04189455731439,1.0,False,False,False
VS000247,AD002728,FA005,T2,train,address_not_traceable,650.5,2120.1,650.5,2120.1,checkin,,negative,,1.0,False,False,False
VS000248,AD000268,FA005,T2,train,address_not_traceable,868.5,2447.4,850.5,2456.0,trail_tail,2.0,negative,,1.0,False,False,False
VS000249,AD002176,FA005,T2,train,address_not_traceable,654.9,3039.2,654.9,3039.2,checkin,,negative,,1.0,False,False,False
VS000250,AD001811,FA005,T2,train,met_borrower,906.2,3087.7,893.0,3094.6666666666665,trail_tail,3.0,positive,52.90011814731609,1.0,False,False,False
VS000251,AD000979,FA005,T2,test,address_not_traceable,643.9,2686.1,643.9,2686.1,checkin,,negative,,1.0,False,False,False
VS000252,AD000986,FA005,T2,train,locked_premises,1216.7,2507.3,1216.7,2507.3,checkin,,positive,40.16970251321265,1.0,False,False,False
VS000253,AD000355,FA006,T2,train,met_family,454.3,-3346.3,454.3,-3346.3,checkin,,positive,35.90550097129965,1.0,False,False,False
VS000254,AD001493,FA006,T2,train,address_not_traceable,739.2,-3113.2,736.5,-3124.0,trail_tail,2.0,negative,,1.0,False,False,False
VS000255,AD001232,FA006,T2,train,locked_premises,376.6,-2970.3,376.6,-2970.3,checkin,,positive,36.10363555100787,1.0,False,False,False
VS000256,AD000069,FA006,T2,train,locked_premises,713.1,-3442.8,713.1,-3442.8,checkin,,positive,33.82857519908279,1.0,False,False,False
VS000257,AD000924,FA006,T2,train,locked_premises,709.2,-2831.3,709.2,-2831.3,checkin,,positive,31.060787176116467,1.0,False,False,False
VS000258,AD000141,FA006,T2,train,address_not_traceable,889.5,-1528.4,896.0,-1519.5,trail_tail,2.0,negative,,1.0,False,False,False
VS000259,AD000176,FA006,T2,train,met_borrower,850.2,-2706.2,853.6,-2706.0,trail_tail,5.0,positive,53.221893991101076,1.0,False,False,False
VS000260,AD001127,FA006,T2,test,address_not_traceable,308.1,-3031.9,308.1,-3031.9,checkin,,negative,,1.0,False,False,False
VS000261,AD001794,FA006,T2,train,met_borrower,928.2,-2908.4,931.1666666666666,-2909.6666666666665,trail_tail,12.0,positive,50.26977222944222,1.0,False,False,False
VS000262,AD001664,FA004,T2,train,met_borrower,1419.3,-1684.3,1646.4445377546367,-1843.55011157233,dwell,,positive,55.99722904361598,1.1098606920552958,False,False,False
VS000263,AD001456,FA004,T2,test,address_not_traceable,991.2,297.2,987.0,308.5,trail_tail,2.0,negative,,1.1098606920552958,False,False,False
VS000264,AD002749,FA004,T2,validation,address_not_traceable,-696.8,-229.6,-696.8,-229.6,checkin,,negative,,1.1098606920552958,False,False,False
VS000265,AD003044,FA004,T2,train,no_such_person,1229.7,-2585.1,1213.0,-2566.0,trail_tail,2.0,positive,55.22284718230117,1.1098606920552958,False,False,False
VS000266,AD000223,FA004,T2,validation,met_borrower,2093.0,-1930.6,2093.0,-1930.6,checkin,,positive,56.357869170810794,1.1098606920552958,False,False,False
VS000267,AD002224,FA004,T2,train,address_not_traceable,1780.4,-1404.1,1780.4,-1404.1,checkin,,negative,,1.1098606920552958,False,False,False
VS000268,AD002690,FA004,T2,train,neighbour_says_shifted,1596.2,-2069.0,1588.3763440860216,-2083.822580645161,dwell,5.0,positive,19.921922133893617,1.1098606920552958,False,False,False
VS000269,AD001031,FA004,T2,validation,cash_collected,1440.6,-2134.0,1448.0,-2118.0,trail_tail,4.0,positive,73.83351903382506,1.1098606920552958,False,False,False
VS000270,AD000922,FA004,T2,train,address_not_traceable,-1306.0,-2863.9,-1307.0,-2854.6666666666665,trail_tail,3.0,negative,,1.1098606920552958,False,False,False
VS000271,AD001006,FA008,T3,validation,locked_premises,1203.0,-1158.9,1198.6666666666667,-1157.3333333333333,trail_tail,3.0,positive,46.57907781935872,1.4612131704915665,False,False,False
VS000272,AD001128,FA008,T3,train,address_not_traceable,625.1,-663.5,615.5,-658.0,trail_tail,2.0,negative,,1.4612131704915665,False,False,False
VS000273,AD002933,FA008,T3,train,met_borrower,830.6,-679.9,913.824101317641,-717.6218498145068,dwell,,positive,74.76290439790543,1.4612131704915665,False,False,False
VS000274,AD000155,FA008,T3,train,met_family,1168.2,-587.4,1168.2,-587.4,checkin,,positive,49.07610114962698,1.4612131704915665,False,False,False
VS000275,AD001395,FA008,T3,train,locked_premises,1374.1,-1085.0,1374.1,-1085.0,checkin,,positive,51.89554684213483,1.4612131704915665,False,False,False
VS000276,AD000354,FA008,T3,train,met_borrower,1074.3,-832.9,965.4834173981633,-1038.3755128919508,dwell,,positive,74.54285577299376,1.4612131704915665,False,False,False
VS000277,AD001053,FA008,T3,train,met_family,887.2,-791.5,898.6567164179105,-719.9029850746268,dwell,4.0,positive,68.45877270659165,1.4612131704915665,False,False,False
VS000278,AD001620,FA009,T3,train,address_not_traceable,-449.7,-3147.4,-449.7,-3147.4,checkin,,negative,,1.0,False,False,False
VS000279,AD002722,FA009,T3,train,address_not_traceable,-3718.4,-746.6,-3725.5,-775.5,trail_tail,2.0,negative,,1.0,False,True,True
VS000280,AD001162,FA009,T3,train,address_not_traceable,-429.2,-3580.8,-435.6666666666667,-3575.6666666666665,trail_tail,3.0,negative,,1.0,False,False,False
VS000281,AD002234,FA009,T3,train,locked_premises,-379.6,-3453.1,-390.4,-3436.6,trail_tail,5.0,positive,31.951564906902437,1.0,False,False,False
VS000282,AD001472,FA009,T3,train,met_family,-429.8,-3922.5,-424.69230769230774,-3924.6923076923076,dwell,4.0,positive,30.36976292301275,1.0,False,False,False
VS000283,AD002720,FA009,T3,train,address_not_traceable,210.9,-3496.6,210.9,-3496.6,checkin,,negative,,1.0,False,False,False
VS000284,AD001443,FA009,T3,train,locked_premises,-3737.1,-754.9,-3741.5,-774.0,trail_tail,2.0,positive,32.999166656144524,1.0,True,True,True
VS000285,AD001864,FA009,T3,train,met_borrower,-282.3,-4009.3,-282.3,-4009.3,checkin,,positive,50.7740583369106,1.0,False,False,False
VS000286,AD002402,FA009,T3,validation,locked_premises,2325.9,-785.7,2331.0,-796.0,trail_tail,4.0,positive,32.22289558683389,1.0,True,True,True
VS000287,AD000645,FA007,T3,train,no_such_person,3553.3,-81.7,3553.3,-81.7,checkin,,positive,66.50959902006592,1.3663037714355222,False,False,False
VS000288,AD000043,FA007,T3,validation,neighbour_says_shifted,3914.0,690.3,3914.0,690.3,checkin,,positive,32.93252688403267,1.3663037714355222,False,False,False
VS000289,AD002890,FA007,T3,test,address_not_traceable,-1526.3,2828.1,-1526.3,2828.1,checkin,,negative,,1.3663037714355222,False,False,False
VS000290,AD001422,FA007,T3,train,met_family,3979.6,671.9,3979.6,671.9,checkin,,positive,60.39978363879548,1.3663037714355222,False,False,False
VS000291,AD001499,FA007,T3,train,met_family,3257.2,-89.4,3515.0861917326297,-5.247344563967256,dwell,,positive,42.258563055071804,1.3663037714355222,False,False,False
VS000292,AD002737,FA007,T3,train,address_not_traceable,3717.4,253.1,3711.3333333333335,254.0,trail_tail,3.0,negative,,1.3663037714355222,False,False,False
VS000293,AD000722,FA007,T3,test,met_family,4043.5,83.7,4030.102022182238,323.9249939576228,dwell,,positive,41.84091983893006,1.3663037714355222,False,False,False
VS000294,AD002558,FA002,T1,train,locked_premises,2403.9,-2167.4,2403.9,-2167.4,checkin,,positive,30.633192781686983,1.0,False,False,False
VS000295,AD000602,FA002,T1,train,met_borrower,2954.7,-1893.7,2958.0,-1913.0,trail_tail,3.0,positive,52.909403701043544,1.0,False,False,False
VS000296,AD000530,FA002,T1,test,locked_premises,-1137.4,-3087.3,-1137.4,-3087.3,checkin,,positive,31.260398270015678,1.0,False,False,False
VS000297,AD002681,FA002,T1,train,met_borrower,2718.0,-1711.9,2713.75,-1714.25,trail_tail,12.0,positive,50.20669776035863,1.0,False,False,False
VS000298,AD001063,FA002,T1,train,address_not_traceable,2676.4,-1949.0,2672.3333333333335,-1954.6666666666667,trail_tail,3.0,negative,,1.0,False,False,False
VS000299,AD001978,FA002,T1,train,neighbour_says_shifted,2960.2,-2374.2,3061.440414507772,-2536.6787564766837,dwell,,positive,18.043835512440264,1.0,False,False,False
VS000300,AD002462,FA002,T1,train,address_not_traceable,2715.5,-2122.9,2711.0,-2125.3333333333335,trail_tail,3.0,negative,,1.0,False,False,False
VS000301,AD000589,FA002,T1,test,met_borrower,3031.3,-1493.9,2920.5005476401275,-1692.036057538723,dwell,,positive,50.79876967014062,1.0,False,False,False
VS000302,AD001775,FA002,T1,train,address_not_traceable,2579.9,-2359.0,2573.5,-2360.5,trail_tail,2.0,negative,,1.0,False,False,False
VS000303,AD000867,FA002,T1,train,address_not_traceable,2816.3,-2528.5,2816.3,-2528.5,checkin,,negative,,1.0,False,False,False
VS000304,AD000809,FA003,T1,train,met_borrower,666.3,64.6,664.5,86.0,trail_tail,2.0,positive,51.903492175382574,1.0,False,False,False
VS000305,AD000066,FA003,T1,validation,address_not_traceable,915.2,-313.0,915.2,-313.0,checkin,,negative,,1.0,False,False,False
VS000306,AD002979,FA003,T1,train,locked_premises,1354.2,172.4,1354.2,172.4,checkin,,positive,35.75597852108092,1.0,False,False,False
VS000307,AD000366,FA003,T1,train,address_not_traceable,1522.3,158.7,1529.0,152.0,trail_tail,2.0,negative,,1.0,False,False,False
VS000308,AD000836,FA003,T1,train,locked_premises,821.2,-588.2,819.3333333333334,-581.3333333333334,trail_tail,3.0,positive,30.42400368130401,1.0,False,False,False
VS000309,AD001240,FA003,T1,train,locked_premises,1314.1,-213.0,1338.3333333333333,-219.33333333333334,trail_tail,3.0,positive,32.952124362474734,1.0,False,False,False
VS000310,AD003042,FA003,T1,test,address_not_traceable,895.9,60.4,901.0,74.5,trail_tail,2.0,negative,,1.0,False,False,False
VS000311,AD001288,FA003,T1,train,address_not_traceable,1173.9,-243.1,1173.9,-243.1,checkin,,negative,,1.0,False,False,False
VS000312,AD001973,FA003,T1,train,met_family,891.6,-409.2,884.2370432019368,-405.25595823560565,dwell,9.0,positive,31.45615996907442,1.0,False,False,False
VS000313,AD001389,FA001,T1,train,met_borrower,652.6,2369.8,599.1,2373.7,trail_tail,10.0,positive,57.78676319019781,1.0,False,False,False
VS000314,AD002818,FA001,T1,train,neighbour_says_shifted,689.1,2363.1,689.1,2363.1,checkin,,positive,19.512688179746018,1.0,False,False,False
VS000315,AD000895,FA001,T1,train,address_not_traceable,673.3,2644.9,674.5,2645.5,trail_tail,2.0,negative,,1.0,False,False,False
VS000316,AD001322,FA001,T1,validation,address_not_traceable,1595.2,1007.1,1604.6666666666667,1009.6666666666666,trail_tail,3.0,negative,,1.0,False,False,False
VS000317,AD002352,FA001,T1,train,locked_premises,-46.1,2664.5,-33.5,2666.5,trail_tail,2.0,positive,35.07142711667149,1.0,False,False,False
VS000318,AD000018,FA001,T1,train,met_family,603.3,2344.3,646.1060606060606,2392.863636363636,dwell,4.0,positive,45.42449779579293,1.0,False,False,False
VS000319,AD001539,FA001,T1,train,met_family,256.7,1989.2,247.58847627419433,1987.6903620652483,dwell,9.0,positive,30.71192765034458,1.0,False,False,False
VS000320,AD001145,FA001,T1,train,met_family,598.0,2292.4,592.5950413223139,2304.1404958677685,dwell,,positive,33.079449814046164,1.0,False,False,False
VS000321,AD002569,FA001,T1,test,met_borrower,562.7,2959.4,562.7,2959.4,checkin,,positive,50.79835135120037,1.0,False,False,False
VS000322,AD000846,FA005,T2,train,locked_premises,-1825.1,-3266.1,-1863.0,-3257.5,trail_tail,2.0,positive,36.65944625877485,1.0,False,False,False
VS000323,AD002131,FA005,T2,validation,met_family,-1540.0,-2452.0,-1526.1635148947166,-2454.0900946261404,dwell,4.0,positive,33.77365837453799,1.0,False,False,False
VS000324,AD001647,FA005,T2,train,met_family,-1522.9,-3126.9,-1638.8796342774183,-2904.1620195730143,dwell,,positive,32.62613982683211,1.0,False,False,False
VS000325,AD001447,FA005,T2,validation,locked_premises,-1413.4,-2812.1,-1413.4,-2812.1,checkin,,positive,74.10838346637988,1.0,False,False,False
VS000326,AD001761,FA005,T2,train,met_family,-1760.5,-2638.7,-1761.5963182152304,-2632.495857857997,dwell,6.0,positive,31.885341459673896,1.0,False,False,False
VS000327,AD000379,FA005,T2,train,met_family,-1934.3,-2492.9,-1948.3458422879817,-2478.93403868408,dwell,2.0,positive,33.90847976539204,1.0,False,False,False
VS000328,AD002213,FA004,T2,train,met_family,2842.6,579.1,2843.582329317269,617.2208835341365,dwell,4.0,positive,39.26856678167524,1.1098606920552958,False,False,False
VS000329,AD002751,FA004,T2,train,met_family,3087.1,479.2,3087.1,479.2,checkin,,positive,41.88239135042781,1.1098606920552958,False,False,False
VS000330,AD001726,FA004,T2,validation,met_family,2903.1,883.2,2923.4041907651463,882.9590088808824,dwell,4.0,positive,38.477167110329276,1.1098606920552958,False,False,False
VS000331,AD001254,FA004,T2,train,met_family,2767.3,291.0,2767.3,291.0,checkin,,positive,43.196720593572174,1.1098606920552958,False,False,False
VS000332,AD000404,FA004,T2,train,met_family,2988.2,1013.7,2982.387662584718,985.5908378634579,dwell,3.0,positive,38.77104966937359,1.1098606920552958,False,False,False
VS000333,AD001929,FA004,T2,validation,address_not_traceable,2901.3,-158.2,2884.0,-146.5,trail_tail,2.0,negative,,1.1098606920552958,False,False,False
VS000334,AD002568,FA004,T2,validation,neighbour_says_shifted,3176.1,345.7,3176.1,345.7,checkin,,positive,36.97377256399842,1.1098606920552958,False,False,False
VS000335,AD002633,FA004,T2,validation,locked_premises,3182.5,744.3,3180.0,730.0,trail_tail,3.0,positive,34.89845720082994,1.1098606920552958,False,False,False
VS000336,AD002796,FA006,T2,test,address_not_traceable,389.4,-129.9,389.4,-129.9,checkin,,negative,,1.0,False,False,False
VS000337,AD000016,FA006,T2,validation,neighbour_says_shifted,749.5,2461.1,748.0,2390.0,trail_tail,2.0,positive,38.69916019760632,1.0,False,False,False
VS000338,AD001937,FA006,T2,test,met_family,754.0,3062.4,754.0,3062.4,checkin,,positive,33.75174069585151,1.0,False,False,False
VS000339,AD003050,FA006,T2,train,met_family,800.1,2656.3,800.1,2656.3,checkin,,positive,40.020807088313475,1.0,False,False,False
VS000340,AD001425,FA006,T2,train,locked_premises,859.9,-3302.3,798.0,-3260.5,trail_tail,2.0,positive,48.24080223213543,1.0,False,False,False
VS000341,AD000711,FA006,T2,train,met_borrower,657.8,2598.6,770.5599181527572,2467.113952624719,dwell,,positive,54.5945052180162,1.0,False,False,False
VS000342,AD001927,FA006,T2,train,locked_premises,1076.8,2395.9,1076.8,2395.9,checkin,,positive,40.98685764973938,1.0,False,False,False
VS000343,AD002153,FA009,T3,train,met_borrower,3565.2,-2035.5,3565.2,-2035.5,checkin,,positive,55.57132803883675,1.0,False,False,False
VS000344,AD002298,FA009,T3,validation,met_family,2964.6,-2057.9,2955.9969059653527,-2052.951155595268,dwell,,positive,32.22425328847822,1.0,False,False,False
VS000345,AD001078,FA009,T3,train,address_not_traceable,-3744.3,-780.3,-3744.3,-780.3,checkin,,negative,,1.0,True,True,True
VS000346,AD000870,FA009,T3,train,locked_premises,3328.4,-2400.5,3330.0,-2395.0,trail_tail,2.0,positive,33.613129875094934,1.0,False,False,False
VS000347,AD001039,FA009,T3,train,address_not_traceable,-3734.8,-776.2,-3739.9,-770.5,trail_tail,10.0,negative,,1.0,True,True,True
VS000348,AD002044,FA009,T3,train,locked_premises,2355.2,-769.0,2355.2,-769.0,checkin,,positive,35.15821383403883,1.0,False,True,True
VS000349,AD002134,FA009,T3,test,locked_premises,-3740.5,-786.2,-3740.5,-786.2,checkin,,positive,33.11815967109284,1.0,True,True,True
VS000350,AD000705,FA009,T3,validation,met_borrower,3246.1,-2236.8,3293.75,-2215.0,trail_tail,8.0,positive,56.93911221647211,1.0,False,False,False
VS000351,AD002997,FA009,T3,train,address_not_traceable,3165.5,-2065.0,3165.5,-2065.0,checkin,,negative,,1.0,False,False,False
VS000352,AD002321,FA009,T3,train,met_borrower,2319.6,-787.9,2329.3711340206187,-787.5463917525773,dwell,,positive,50.9058199030327,1.0,True,True,True
VS000353,AD002333,FA008,T3,validation,met_family,-2309.1,-779.5,-2267.76235124414,-524.4403173458348,dwell,,positive,53.652098442770814,1.4612131704915665,False,False,False
VS000354,AD000153,FA008,T3,test,address_not_traceable,-2714.9,-260.7,-2719.5,-257.5,trail_tail,2.0,negative,,1.4612131704915665,False,False,False
VS000355,AD001064,FA008,T3,train,address_not_traceable,-4072.9,-848.2,-4077.0,-845.0,trail_tail,3.0,negative,,1.4612131704915665,False,False,False
VS000356,AD001384,FA008,T3,train,address_not_traceable,-2542.5,-273.2,-2542.5,-273.2,checkin,,negative,,1.4612131704915665,False,False,False
VS000357,AD001754,FA008,T3,train,no_such_person,-2369.0,-80.7,-2375.0,-93.33333333333333,trail_tail,6.0,positive,67.51156699898334,1.4612131704915665,False,False,False
VS000358,AD000170,FA008,T3,train,address_not_traceable,-3898.7,-410.5,-3901.5,-424.0,trail_tail,2.0,negative,,1.4612131704915665,False,False,False
VS000359,AD001868,FA008,T3,train,locked_premises,-2212.6,-169.6,-2223.5,-175.0,trail_tail,2.0,positive,46.54692203723664,1.4612131704915665,False,False,False
VS000360,AD002666,FA008,T3,test,address_not_traceable,-1117.9,-2136.5,-1117.9,-2136.5,checkin,,negative,,1.4612131704915665,False,False,False
VS000361,AD000098,FA007,T3,train,address_not_traceable,-2591.8,1501.7,-2594.0,1495.5,trail_tail,2.0,negative,,1.3663037714355222,False,False,False
VS000362,AD002504,FA007,T3,validation,address_not_traceable,-2414.5,1435.9,-2426.3333333333335,1430.6666666666667,trail_tail,3.0,negative,,1.3663037714355222,False,False,False
VS000363,AD001722,FA007,T3,test,locked_premises,-2161.5,1528.2,-2161.5,1528.2,checkin,,positive,44.25268932302246,1.3663037714355222,False,False,False
VS000364,AD002903,FA007,T3,train,neighbour_says_shifted,-2224.9,1644.1,-2224.9,1644.1,checkin,,positive,37.10703459724067,1.3663037714355222,False,False,False
VS000365,AD002068,FA007,T3,train,cash_collected,-2072.8,1522.3,-2058.1,1512.5,trail_tail,10.0,positive,90.1552673169335,1.3663037714355222,False,False,False
VS000366,AD002696,FA007,T3,validation,locked_premises,-2480.2,1164.6,-2480.2,1164.6,checkin,,positive,112.90779228390014,1.3663037714355222,False,False,False
VS000367,AD000323,FA007,T3,train,met_borrower,-2641.3,1771.4,-2573.127844870916,1796.015500039255,dwell,,positive,88.87501471402773,1.3663037714355222,False,False,False
VS000368,AD002964,FA007,T3,train,met_borrower,-2764.3,1949.5,-2712.7,1918.1,trail_tail,10.0,positive,83.29719995104429,1.3663037714355222,False,False,False
VS000369,AD001879,FA003,T1,train,met_family,564.0,-2846.3,560.6362823883915,-2858.9283017926746,dwell,5.0,positive,33.67361726931038,1.0,False,False,False
VS000370,AD001596,FA003,T1,test,met_borrower,733.3,-3228.3,744.1666666666666,-3232.5,trail_tail,6.0,positive,51.13741291852766,1.0,False,False,False
VS000371,AD000040,FA003,T1,train,met_borrower,835.0,-2924.7,826.8333333333334,-2925.0,trail_tail,6.0,positive,50.30529296207308,1.0,False,False,False
VS000372,AD000822,FA003,T1,train,met_family,482.9,-2881.3,440.36,-2877.68,dwell,5.0,positive,36.871737143779924,1.0,False,False,False
VS000373,AD002928,FA003,T1,train,met_family,1169.3,-3166.2,1165.2686751577196,-3175.661488421996,dwell,2.0,positive,32.07915990171813,1.0,False,False,False
VS000374,AD000469,FA003,T1,train,met_family,715.9,-2724.8,767.4010018455048,-2762.9799320730135,dwell,7.0,positive,44.778370894886265,1.0,False,False,False
VS000375,AD000062,FA003,T1,test,met_borrower,595.8,-3084.5,597.3333333333334,-3086.1666666666665,trail_tail,12.0,positive,50.26054615700072,1.0,False,False,False
VS000376,AD001753,FA003,T1,validation,address_not_traceable,1040.4,-2695.3,1040.4,-2695.3,checkin,,negative,,1.0,False,False,False
VS000377,AD002802,FA003,T1,train,address_not_traceable,830.9,-3112.0,830.9,-3112.0,checkin,,negative,,1.0,False,False,False
VS000378,AD001900,FA003,T1,train,address_not_traceable,-1153.0,-3224.0,-1126.5,-3226.0,trail_tail,2.0,negative,,1.0,False,False,False
VS000379,AD003085,FA002,T1,train,met_family,3346.6,-2066.5,3335.109840045931,-2077.1247586529767,dwell,4.0,positive,33.48719904679995,1.0,False,False,False
VS000380,AD002414,FA002,T1,train,met_family,2828.2,-1551.5,2906.4935327788494,-1797.9158470636603,dwell,,positive,36.31642190524835,1.0,False,False,False
VS000381,AD002707,FA002,T1,train,met_family,2477.3,-2353.3,2476.0893528183715,-2350.4605427974952,dwell,8.0,positive,31.10683204699573,1.0,False,False,False
VS000382,AD003026,FA002,T1,test,address_not_traceable,2469.3,-2303.8,2481.5,-2313.5,trail_tail,2.0,negative,,1.0,False,False,False
VS000383,AD001770,FA002,T1,train,met_borrower,2511.5,-2348.7,2506.3333333333335,-2359.25,trail_tail,12.0,positive,50.93451678380783,1.0,False,False,False
VS000384,AD000389,FA002,T1,train,address_not_traceable,1391.8,-1179.9,1412.5,-1180.0,trail_tail,2.0,negative,,1.0,False,False,False
VS000385,AD001815,FA001,T1,train,address_not_traceable,-2426.4,1038.1,-2432.0,1033.5,trail_tail,2.0,negative,,1.0,False,False,False
VS000386,AD001154,FA001,T1,test,address_not_traceable,-3149.1,1121.3,-3156.5,1129.5,trail_tail,2.0,negative,,1.0,False,False,False
VS000387,AD000026,FA001,T1,test,address_not_traceable,-2743.1,1025.4,-2743.1,1025.4,checkin,,negative,,1.0,False,False,False
VS000388,AD000238,FA001,T1,train,met_family,-2873.1,991.0,-2861.45851548393,996.5689368336285,dwell,8.0,positive,32.15886347494263,1.0,False,False,False
VS000389,AD001042,FA001,T1,train,met_family,-2970.7,793.9,-2985.192549392631,804.095510611424,dwell,7.0,positive,31.884400574575665,1.0,False,False,False
VS000390,AD001314,FA001,T1,train,met_borrower,-2449.2,1292.3,-2449.2,1292.3,checkin,,positive,51.18293172533203,1.0,False,False,False
VS000391,AD000649,FA001,T1,validation,address_not_traceable,-2863.9,1078.5,-2823.0,1072.6666666666667,trail_tail,3.0,negative,,1.0,False,False,False
VS000392,AD000047,FA001,T1,train,locked_premises,-2480.7,1213.0,-2451.5,1200.5,trail_tail,2.0,positive,38.8822903132004,1.0,False,False,False
VS000393,AD002378,FA001,T1,train,met_borrower,-2852.2,992.7,-2839.572959464934,995.4869020050521,dwell,,positive,51.31366776990317,1.0,False,False,False
VS000394,AD001790,FA001,T1,train,met_family,-3112.5,1541.0,-3118.0510161530888,1537.355837242955,dwell,,positive,31.389050638717954,1.0,False,False,False
VS000395,AD002541,FA006,T2,train,met_family,1301.0,141.1,1282.1054428343737,157.4914270708338,dwell,,positive,33.61848449885866,1.0,False,False,False
VS000396,AD001318,FA006,T2,train,address_not_traceable,1278.9,-227.5,1278.9,-227.5,checkin,,negative,,1.0,False,False,False
VS000397,AD002123,FA006,T2,test,met_family,1113.4,175.3,1120.8010416213945,165.4161704840135,dwell,9.0,positive,31.74905510404994,1.0,False,False,False
VS000398,AD001156,FA006,T2,train,locked_premises,424.6,-238.1,424.6,-238.1,checkin,,positive,39.38848181892773,1.0,False,False,False
VS000399,AD001417,FA006,T2,train,met_family,1378.9,-258.5,1208.5212646894238,-447.1422309270659,dwell,,positive,31.18501242584329,1.0,False,False,False
VS000400,AD000358,FA006,T2,validation,no_such_person,643.2,-169.1,659.0,-177.33333333333334,trail_tail,3.0,positive,46.29225097140989,1.0,False,False,False
VS000401,AD001963,FA004,T2,validation,locked_premises,-311.1,-741.3,-305.5,-732.0,trail_tail,2.0,positive,34.89157371921492,1.1098606920552958,False,False,False
VS000402,AD000975,FA004,T2,train,address_not_traceable,-573.2,-626.5,-573.2,-626.5,checkin,,negative,,1.1098606920552958,False,False,False
VS000403,AD000472,FA004,T2,train,met_family,-363.0,-115.4,-314.6451605166939,-103.93743188470783,dwell,8.0,positive,44.56861156619887,1.1098606920552958,False,False,False
VS000404,AD001465,FA004,T2,train,met_borrower,-779.8,-736.0,-783.4576451970445,-749.7785059666852,dwell,,positive,58.86500645984234,1.1098606920552958,False,False,False
VS000405,AD002027,FA004,T2,test,met_family,-385.9,-634.1,-379.4,-630.0,trail_tail,5.0,positive,34.421162317652666,1.1098606920552958,False,False,False
VS000406,AD001682,FA004,T2,test,no_such_person,-699.3,-271.3,-699.3,-271.3,checkin,,positive,65.56952331333969,1.1098606920552958,False,False,False
VS000407,AD000579,FA004,T2,train,neighbour_says_shifted,-408.5,-619.9,-411.63438636525706,-625.9832046110582,dwell,8.0,positive,18.220823347169684,1.1098606920552958,False,False,False
VS000408,AD000012,FA004,T2,train,met_family,-571.2,-623.6,-657.7320974641949,-544.1650443300887,dwell,,positive,35.7979540304297,1.1098606920552958,False,False,False
VS000409,AD001117,FA005,T2,train,address_not_traceable,2656.4,-1283.3,2653.6666666666665,-1276.0,trail_tail,3.0,negative,,1.0,False,False,False
VS000410,AD001855,FA005,T2,train,met_family,2438.3,-1201.9,2435.2026243503274,-1205.1742684777614,dwell,9.0,positive,30.458578430386403,1.0,False,False,False
VS000411,AD003077,FA005,T2,train,met_borrower,2935.5,-1503.4,2924.25,-1521.25,trail_tail,4.0,positive,51.88345111882978,1.0,False,False,False
VS000412,AD001684,FA005,T2,validation,address_not_traceable,1225.5,2619.2,1225.5,2619.2,checkin,,negative,,1.0,False,False,False
VS000413,AD001944,FA005,T2,train,met_family,2561.2,-698.9,2487.9785061794732,-710.5233745298227,dwell,5.0,positive,48.27082452165069,1.0,False,False,False
VS000414,AD001133,FA005,T2,train,met_family,2389.1,-1258.5,2388.1155092321505,-1263.1897177655462,dwell,7.0,positive,31.31094057993148,1.0,False,False,False
VS000415,AD000978,FA009,T3,train,locked_premises,-1195.0,-594.7,-1195.2,-612.0,trail_tail,5.0,positive,31.900039184928904,1.0,False,False,False
VS000416,AD001369,FA009,T3,train,address_not_traceable,-3728.6,-764.1,-3738.75,-790.0,trail_tail,4.0,negative,,1.0,True,True,True
VS000417,AD001262,FA009,T3,train,met_family,2336.9,-773.7,2336.8571428571427,-772.1428571428571,trail_tail,7.0,positive,30.27251228424889,1.0,True,True,True
VS000418,AD000099,FA009,T3,train,address_not_traceable,-711.7,-511.3,-724.5,-526.0,trail_tail,2.0,negative,,1.0,False,False,False
VS000419,AD001247,FA009,T3,test,met_family,-825.3,-399.5,-842.2384064345858,-391.39047379665703,dwell,3.0,positive,32.52837223102319,1.0,False,False,False
VS000420,AD002254,FA009,T3,validation,locked_premises,-443.9,-296.8,-443.9,-296.8,checkin,,positive,44.45618629617256,1.0,False,False,False
VS000421,AD000915,FA009,T3,train,address_not_traceable,-884.3,-1648.4,-885.6666666666666,-1667.3333333333333,trail_tail,3.0,negative,,1.0,False,False,False
VS000422,AD000775,FA009,T3,train,met_borrower,-661.6,-272.4,-634.2,-337.6,trail_tail,5.0,positive,61.68703267300188,1.0,False,False,False
VS000423,AD001563,FA009,T3,train,locked_premises,-714.2,-735.9,-706.6,-738.6,trail_tail,5.0,positive,31.309144031736167,1.0,False,False,False
VS000424,AD002667,FA009,T3,train,met_family,-1144.9,-634.8,-1144.4929760905914,-628.8857249178122,dwell,9.0,positive,31.29812294691169,1.0,False,False,False
VS000425,AD000191,FA008,T3,train,address_not_traceable,-3878.0,-727.7,-3878.0,-727.7,checkin,,negative,,1.4612131704915665,False,False,False
VS000426,AD001901,FA008,T3,train,met_borrower,-3654.0,-777.0,-3665.0,-782.6666666666666,trail_tail,3.0,positive,74.32118605997286,1.4612131704915665,False,False,False
VS000427,AD000279,FA008,T3,train,met_borrower,-4108.9,-675.7,-4056.3333333333335,-680.0,trail_tail,3.0,positive,82.83371174940129,1.4612131704915665,False,False,False
VS000428,AD002251,FA008,T3,train,met_borrower,-4183.5,-1102.7,-4166.0,-1063.5,trail_tail,2.0,positive,84.79727348430981,1.4612131704915665,False,False,False
VS000429,AD000216,FA008,T3,train,met_family,-4073.5,-1011.5,-4073.772184485212,-1012.5078792189869,dwell,2.0,positive,45.93685636610791,1.4612131704915665,False,False,False
VS000430,AD001842,FA008,T3,test,locked_premises,-3668.1,-725.5,-3659.0,-737.0,trail_tail,4.0,positive,47.447258938646755,1.4612131704915665,False,False,False
VS000431,AD000948,FA007,T3,train,cash_collected,1014.4,-691.1,1005.0,-702.3333333333334,trail_tail,3.0,positive,91.02600897268916,1.3663037714355222,False,False,False
VS000432,AD002506,FA007,T3,validation,address_not_traceable,796.6,-826.7,796.0,-823.0,trail_tail,2.0,negative,,1.3663037714355222,False,False,False
VS000433,AD000787,FA007,T3,train,met_borrower,1100.4,-1174.1,1100.4,-1174.1,checkin,,positive,73.71879938680215,1.3663037714355222,False,False,False
VS000434,AD002819,FA007,T3,train,met_borrower,1326.2,-926.1,1326.5,-909.25,trail_tail,4.0,positive,72.90895093084433,1.3663037714355222,False,False,False
VS000435,AD002157,FA007,T3,train,address_not_traceable,987.9,-1001.0,992.5,-988.5,trail_tail,2.0,negative,,1.3663037714355222,False,False,False
VS000436,AD000239,FA007,T3,train,address_not_traceable,1216.5,-752.2,1228.0,-754.0,trail_tail,2.0,negative,,1.3663037714355222,False,False,False
VS000437,AD000779,FA002,T1,train,address_not_traceable,2489.8,1127.8,2493.0,1127.5,trail_tail,2.0,negative,,1.0,False,False,False
VS000438,AD000209,FA002,T1,test,address_not_traceable,2647.6,833.1,2647.6,833.1,checkin,,negative,,1.0,False,False,False
VS000439,AD000668,FA002,T1,train,locked_premises,2314.5,915.7,2324.0,918.2,trail_tail,5.0,positive,31.18244698544359,1.0,False,False,False
VS000440,AD000669,FA002,T1,train,met_borrower,2251.1,608.5,2256.285714285714,620.5714285714286,trail_tail,7.0,positive,51.09613488317879,1.0,False,False,False
VS000441,AD001617,FA002,T1,train,locked_premises,112.7,1974.3,112.7,1974.3,checkin,,positive,35.12185929019133,1.0,False,False,False
VS000442,AD001408,FA002,T1,train,met_borrower,2620.0,928.2,2625.75,935.0,trail_tail,4.0,positive,51.342964464471656,1.0,False,False,False
VS000443,AD001867,FA002,T1,validation,no_such_person,2919.9,1213.8,2919.9,1213.8,checkin,,positive,46.96916541732458,1.0,False,False,False
VS000444,AD000970,FA002,T1,train,locked_premises,2705.2,1471.0,2695.2,1452.8,trail_tail,5.0,positive,35.05281729048321,1.0,False,False,False
VS000445,AD002783,FA001,T1,train,address_not_traceable,2903.4,-2280.7,2915.3333333333335,-2287.3333333333335,trail_tail,3.0,negative,,1.0,False,False,False
VS000446,AD001372,FA001,T1,train,met_family,2991.0,-2507.3,2994.4729600908126,-2502.1323992862945,dwell,6.0,positive,31.87526470478325,1.0,False,False,False
VS000447,AD000753,FA001,T1,validation,address_not_traceable,2732.3,-2095.7,2732.3,-2095.7,checkin,,negative,,1.0,False,False,False
VS000448,AD000733,FA001,T1,test,met_family,2921.6,-2436.8,2921.6,-2436.8,checkin,,positive,42.54244938881631,1.0,False,False,False
VS000449,AD001336,FA001,T1,train,locked_premises,2690.6,-1787.9,2699.25,-1795.75,trail_tail,4.0,positive,31.84309187249253,1.0,False,False,False
VS000450,AD001800,FA001,T1,train,locked_premises,2538.4,-2228.8,2543.6,-2214.6,trail_tail,5.0,positive,32.71620393627601,1.0,False,False,False
VS000451,AD002039,FA001,T1,test,met_borrower,2780.6,-2484.4,2765.0,-2481.4,trail_tail,5.0,positive,51.37674571243298,1.0,False,False,False
VS000452,AD002996,FA003,T1,train,met_borrower,-715.0,-1522.9,-715.0,-1522.9,checkin,,positive,55.814357471890695,1.0,False,False,False
VS000453,AD002494,FA003,T1,train,locked_premises,-666.7,-1148.5,-666.7,-1148.5,checkin,,positive,51.489173619315345,1.0,False,False,False
VS000454,AD000738,FA003,T1,train,address_not_traceable,-722.6,-963.4,-724.5,-963.0,trail_tail,2.0,negative,,1.0,False,False,False
VS000455,AD002914,FA003,T1,train,address_not_traceable,-1556.9,216.9,-1583.0,198.0,trail_tail,2.0,negative,,1.0,False,False,False
VS000456,AD001738,FA003,T1,train,met_family,-781.5,-1195.2,-837.5599146695109,-1404.7269091030298,dwell,,positive,34.73071407270516,1.0,False,False,False
VS000457,AD002490,FA003,T1,validation,met_family,-871.1,-1412.1,-842.0,-1419.0,trail_tail,2.0,positive,46.494569575381604,1.0,False,False,False
VS000458,AD002812,FA003,T1,train,locked_premises,-1047.2,-1001.4,-1047.2,-1001.4,checkin,,positive,34.33525884568224,1.0,False,False,False
VS000459,AD000229,FA003,T1,validation,address_not_traceable,-484.1,-1112.1,-485.0,-1084.0,trail_tail,3.0,negative,,1.0,False,False,False
VS000460,AD002256,FA003,T1,train,address_not_traceable,-1047.3,644.6,-1047.3,644.6,checkin,,negative,,1.0,False,False,False
VS000461,AD001110,FA003,T1,train,address_not_traceable,-887.4,-976.9,-887.4,-976.9,checkin,,negative,,1.0,False,False,False
VS000462,AD002870,FA006,T2,train,met_borrower,1480.9,-2248.4,1500.3333333333333,-2265.6666666666665,trail_tail,3.0,positive,54.49772931049512,1.0,False,False,False
VS000463,AD000756,FA006,T2,train,met_family,1345.0,-2066.0,1351.3230327847468,-2070.0570468902233,dwell,3.0,positive,32.155870381627054,1.0,False,False,False
VS000464,AD002763,FA006,T2,validation,met_borrower,1788.2,-2199.6,1798.9166666666667,-2199.4166666666665,trail_tail,12.0,positive,50.566787519082126,1.0,False,False,False
VS000465,AD000336,FA006,T2,train,locked_premises,1149.7,-2043.3,1159.3333333333333,-2030.3333333333333,trail_tail,3.0,positive,32.730032080644214,1.0,False,False,False
VS000466,AD001584,FA006,T2,test,address_not_traceable,1235.5,-2253.9,1235.5,-2253.9,checkin,,negative,,1.0,False,False,False
VS000467,AD000817,FA006,T2,test,address_not_traceable,1534.2,-1855.6,1549.6666666666667,-1870.6666666666667,trail_tail,3.0,negative,,1.0,False,False,False
VS000468,AD001242,FA006,T2,train,neighbour_says_shifted,1691.1,-1973.1,1691.1,-1973.1,checkin,,positive,34.33227344642354,1.0,False,False,False
VS000469,AD000918,FA004,T2,validation,met_borrower,2163.2,1759.2,2133.9580848639457,1708.9638130123124,dwell,,positive,63.50430464965589,1.1098606920552958,False,False,False
VS000470,AD000182,FA004,T2,test,address_not_traceable,829.2,2848.1,829.2,2848.1,checkin,,negative,,1.1098606920552958,False,False,False
VS000471,AD001556,FA004,T2,train,met_family,1107.9,2440.8,1032.3112251322643,2589.074373085648,dwell,,positive,35.61273872541517,1.1098606920552958,False,False,False
VS000472,AD002499,FA004,T2,train,met_borrower,855.7,2779.0,851.326927669905,2777.0141943220133,dwell,,positive,57.49423866814467,1.1098606920552958,False,False,False
VS000473,AD000204,FA004,T2,validation,met_family,1019.1,2516.7,993.3897855789619,2516.3184639383826,dwell,8.0,positive,38.92218310737989,1.1098606920552958,False,False,False
VS000474,AD001339,FA004,T2,train,address_not_traceable,774.3,2326.1,783.0,2325.3333333333335,trail_tail,3.0,negative,,1.1098606920552958,False,False,False
VS000475,AD002962,FA004,T2,train,locked_premises,978.9,3150.1,978.9,3150.1,checkin,,positive,37.861787713842105,1.1098606920552958,False,False,False
VS000476,AD001505,FA004,T2,validation,met_family,1068.0,2644.2,1066.6714553404122,2652.0768269831356,dwell,6.0,positive,34.65485583799984,1.1098606920552958,False,False,False
VS000477,AD001923,FA004,T2,train,met_borrower,1048.9,3212.1,1048.9,3212.1,checkin,,positive,56.564962343950235,1.1098606920552958,False,False,False
VS000478,AD002057,FA004,T2,train,address_not_traceable,1418.7,1987.5,1429.3333333333333,1993.0,trail_tail,3.0,negative,,1.1098606920552958,False,False,False
VS000479,AD000674,FA005,T2,train,address_not_traceable,1665.9,-1865.5,1668.3333333333333,-1858.0,trail_tail,3.0,negative,,1.0,False,False,False
VS000480,AD002458,FA005,T2,test,met_family,1858.0,-2053.5,1858.0987396948738,-2055.7624372216433,dwell,4.0,positive,30.56881580957954,1.0,False,False,False
VS000481,AD002483,FA005,T2,test,no_such_person,626.6,-2663.8,626.6,-2663.8,checkin,,positive,46.194047235547565,1.0,False,False,False
VS000482,AD001055,FA005,T2,train,met_family,285.4,-3216.4,341.36983669548516,-3219.8962536023055,dwell,4.0,positive,45.58168491839679,1.0,False,False,False
VS000483,AD000581,FA005,T2,test,address_not_traceable,749.9,-3004.6,739.3333333333334,-3001.6666666666665,trail_tail,3.0,negative,,1.0,False,False,False
VS000484,AD001851,FA005,T2,train,address_not_traceable,2225.3,-1751.3,2239.0,-1746.0,trail_tail,2.0,negative,,1.0,False,False,False
VS000485,AD000685,FA005,T2,train,locked_premises,775.5,-3290.8,775.5,-3290.8,checkin,,positive,32.5355574717877,1.0,False,False,False
VS000486,AD002675,FA008,T3,train,address_not_traceable,-582.1,3311.3,-582.1,3311.3,checkin,,negative,,1.4612131704915665,False,False,False
VS000487,AD002596,FA008,T3,train,neighbour_says_shifted,-786.0,2769.1,-789.32,2806.92,dwell,5.0,positive,36.626715234086,1.4612131704915665,False,False,False
VS000488,AD001587,FA008,T3,train,locked_premises,-867.0,2979.6,-867.0,2979.6,checkin,,positive,63.06789695625978,1.4612131704915665,False,False,False
VS000489,AD000808,FA008,T3,test,met_family,-714.7,3379.4,-710.0,3386.0,trail_tail,2.0,positive,51.665871507875174,1.4612131704915665,False,False,False
VS000490,AD001521,FA008,T3,validation,locked_premises,-724.4,3271.2,-724.4,3271.2,checkin,,positive,53.117661335884605,1.4612131704915665,False,False,False
VS000491,AD000662,FA008,T3,validation,address_not_traceable,-671.5,3264.3,-674.3333333333334,3259.3333333333335,trail_tail,3.0,negative,,1.4612131704915665,False,False,False
VS000492,AD000741,FA008,T3,test,met_family,-845.7,2860.3,-844.4927975158287,2856.9486873412106,dwell,5.0,positive,45.82843006353601,1.4612131704915665,False,False,False
VS000493,AD001219,FA007,T3,train,address_not_traceable,666.5,-3141.0,660.0,-3149.0,trail_tail,3.0,negative,,1.3663037714355222,False,False,False
VS000494,AD002188,FA007,T3,test,locked_premises,-159.0,-3053.6,-159.0,-3053.6,checkin,,positive,45.63106871309049,1.3663037714355222,False,False,False
VS000495,AD001564,FA007,T3,train,no_such_person,-218.8,-3273.5,-225.5,-3290.75,trail_tail,4.0,positive,64.660569578883,1.3663037714355222,False,False,False
VS000496,AD002712,FA007,T3,test,address_not_traceable,-354.2,-3269.7,-354.2,-3269.7,checkin,,negative,,1.3663037714355222,False,False,False
VS000497,AD000521,FA007,T3,train,neighbour_says_shifted,-866.1,-3863.5,-852.7631286890598,-3859.4913854594743,dwell,7.0,positive,27.564649500698952,1.3663037714355222,False,False,False
VS000498,AD002209,FA007,T3,train,met_family,-14.2,-3821.2,-63.166212534059945,-3841.6451354383717,dwell,9.0,positive,56.6869538941484,1.3663037714355222,False,False,False
VS000499,AD003012,FA007,T3,validation,met_family,-665.5,-3822.7,-652.674593241552,-3836.0682102628284,dwell,5.0,positive,44.49065664718691,1.3663037714355222,False,False,False
VS000500,AD001947,FA007,T3,train,address_not_traceable,-402.9,-3518.5,-404.3333333333333,-3513.0,trail_tail,3.0,negative,,1.3663037714355222,False,False,False
VS000501,AD001138,FA007,T3,validation,locked_premises,-364.6,-3305.7,-368.5,-3309.0,trail_tail,2.0,positive,43.792167341778416,1.3663037714355222,False,False,False
VS000502,AD000505,FA007,T3,train,address_not_traceable,-2371.5,-1356.3,-2380.0,-1367.0,trail_tail,2.0,negative,,1.3663037714355222,False,False,False
VS000503,AD001845,FA009,T3,test,met_family,3597.6,23.8,3598.9907621247107,26.51963048498845,dwell,6.0,positive,31.284021480621707,1.0,False,False,False
VS000504,AD001524,FA009,T3,train,address_not_traceable,3540.9,140.4,3540.9,140.4,checkin,,negative,,1.0,False,False,False
VS000505,AD002603,FA009,T3,train,address_not_traceable,2324.2,604.5,2324.2,604.5,checkin,,negative,,1.0,False,False,False
VS000506,AD002138,FA009,T3,validation,met_family,3902.4,591.6,3873.0,604.0,trail_tail,2.0,positive,45.157280697579665,1.0,False,False,False
VS000507,AD002968,FA009,T3,validation,address_not_traceable,3824.6,253.5,3827.0,257.3333333333333,trail_tail,3.0,negative,,1.0,False,False,False
VS000508,AD001605,FA009,T3,train,address_not_traceable,2325.7,-793.2,2336.0,-791.0,trail_tail,2.0,negative,,1.0,True,True,True
VS000509,AD000788,FA003,T1,train,no_such_person,1281.3,-244.9,1281.3,-244.9,checkin,,positive,46.3328717003382,1.0,False,False,False
VS000510,AD002060,FA003,T1,test,met_borrower,683.4,-353.0,683.4,-353.0,checkin,,positive,62.29044870604161,1.0,False,False,False
VS000511,AD000247,FA003,T1,validation,address_not_traceable,2078.2,-969.1,2078.2,-969.1,checkin,,negative,,1.0,False,False,False
VS000512,AD001035,FA003,T1,train,address_not_traceable,976.5,321.3,972.0,324.5,trail_tail,2.0,negative,,1.0,False,False,False
VS000513,AD001004,FA003,T1,test,address_not_traceable,1313.2,137.7,1339.0,131.0,trail_tail,3.0,negative,,1.0,False,False,False
VS000514,AD002067,FA003,T1,train,met_borrower,869.4,-645.1,924.2,-674.3,trail_tail,10.0,positive,58.86580076750847,1.0,False,False,False
VS000515,AD000001,FA003,T1,train,met_family,1211.1,-183.0,1210.3469387755104,-177.63265306122452,dwell,7.0,positive,30.368610439070142,1.0,False,False,False
VS000516,AD002841,FA002,T1,train,locked_premises,2379.6,-621.7,2380.0,-622.0,trail_tail,4.0,positive,30.931416068457004,1.0,False,False,False
VS000517,AD002161,FA002,T1,validation,address_not_traceable,1931.2,-1117.6,1925.6666666666667,-1110.6666666666667,trail_tail,3.0,negative,,1.0,False,False,False
VS000518,AD002110,FA002,T1,train,met_family,1998.8,-1363.4,1992.7052814785325,-1389.1917054592668,dwell,2.0,positive,33.43142234485394,1.0,False,False,False
VS000519,AD002809,FA002,T1,train,met_borrower,2175.8,-927.8,2178.0,-921.25,trail_tail,4.0,positive,50.65056761774738,1.0,False,False,False
VS000520,AD000130,FA002,T1,train,met_borrower,1829.1,-1073.1,1835.5,-1060.0,trail_tail,2.0,positive,60.86842366941992,1.0,False,False,False
VS000521,AD000638,FA002,T1,test,met_family,2407.4,-1305.2,2401.8506727670638,-1290.8595982985955,dwell,,positive,34.48057424115789,1.0,False,False,False
VS000522,AD002260,FA002,T1,test,locked_premises,1602.9,-1230.7,1601.5,-1235.5,trail_tail,2.0,positive,31.79347417316956,1.0,False,False,False
VS000523,AD001000,FA002,T1,train,neighbour_says_shifted,2249.6,-1284.1,2244.0,-1297.25,trail_tail,4.0,positive,19.626576369810408,1.0,False,False,False
VS000524,AD001442,FA002,T1,train,address_not_traceable,2027.6,-1837.5,2027.6,-1837.5,checkin,,negative,,1.0,False,False,False
VS000525,AD000359,FA001,T1,test,locked_premises,-2435.0,-2645.9,-2453.25,-2639.0,trail_tail,4.0,positive,33.70077892274896,1.0,False,False,False
VS000526,AD002579,FA001,T1,train,address_not_traceable,-1921.7,-2424.6,-1907.0,-2435.0,trail_tail,2.0,negative,,1.0,False,False,False
VS000527,AD000172,FA001,T1,train,locked_premises,-2185.5,-2701.9,-2185.5,-2701.9,checkin,,positive,39.85304254382596,1.0,False,False,False
VS000528,AD002317,FA001,T1,train,locked_premises,-2380.4,-2015.9,-2382.4,-2020.2,trail_tail,5.0,positive,30.82908529295022,1.0,False,False,False
VS000529,AD000599,FA001,T1,train,address_not_traceable,-908.1,-2649.6,-908.1,-2649.6,checkin,,negative,,1.0,False,False,False
VS000530,AD001263,FA001,T1,train,address_not_traceable,-2524.2,-2470.6,-2526.5,-2459.0,trail_tail,2.0,negative,,1.0,False,False,False
VS000531,AD000477,FA001,T1,validation,locked_premises,-2071.2,-2036.9,-2068.0,-2043.0,trail_tail,2.0,positive,31.229193073148718,1.0,False,False,False
VS000532,AD002184,FA001,T1,test,locked_premises,-2051.8,-2466.5,-2068.5252525252527,-2466.138047138047,dwell,,positive,34.866351974360576,1.0,False,False,False
VS000533,AD000220,FA004,T2,train,neighbour_says_shifted,1442.4,-436.2,1444.0,-474.0,trail_tail,2.0,positive,39.01440550494551,1.1098606920552958,False,False,False
VS000534,AD002089,FA004,T2,validation,met_family,1018.0,244.4,1018.0,244.4,checkin,,positive,44.171200658359254,1.1098606920552958,False,False,False
VS000535,AD001720,FA004,T2,train,address_not_traceable,1433.1,-256.1,1433.1,-256.1,checkin,,negative,,1.1098606920552958,False,False,False
VS000536,AD002197,FA004,T2,validation,locked_premises,877.1,-287.1,896.0,-276.0,trail_tail,2.0,positive,36.156852821553265,1.1098606920552958,False,False,False
VS000537,AD001279,FA004,T2,train,locked_premises,1014.3,-72.9,1014.3,-72.9,checkin,,positive,53.401198337799336,1.1098606920552958,False,False,False
VS000538,AD002141,FA004,T2,train,no_such_person,-1801.4,-2733.3,-1789.0,-2735.0,trail_tail,6.0,positive,51.82648369289572,1.1098606920552958,False,False,False
VS000539,AD000886,FA004,T2,train,met_family,761.5,107.4,748.2074516805646,117.30455745745732,dwell,3.0,positive,35.80642637449281,1.1098606920552958,False,False,False
VS000540,AD000198,FA005,T2,train,met_family,-481.4,3165.9,-478.39350180505414,3169.5839350180504,dwell,6.0,positive,30.76170508928268,1.0,False,False,False
VS000541,AD002341,FA005,T2,train,address_not_traceable,768.3,2439.9,768.3,2439.9,checkin,,negative,,1.0,False,False,False
VS000542,AD000284,FA005,T2,train,no_such_person,-505.4,3016.6,-505.4,3016.6,checkin,,positive,61.29942903486134,1.0,False,False,False
VS000543,AD002112,FA005,T2,test,met_family,-334.0,3272.2,-334.0,3272.2,checkin,,positive,37.716972306907145,1.0,False,False,False
VS000544,AD002166,FA005,T2,train,locked_premises,-989.5,3027.4,-989.5,3027.4,checkin,,positive,33.46733482068747,1.0,False,False,False
VS000545,AD000163,FA005,T2,train,neighbour_says_shifted,-717.4,2785.1,-724.5,2701.5,trail_tail,2.0,positive,44.58466664672953,1.0,False,False,False
VS000546,AD001662,FA005,T2,validation,met_borrower,-380.8,2961.0,-478.0185185185185,3169.4074074074074,dwell,,positive,50.36278387857446,1.0,False,False,False
VS000547,AD001135,FA005,T2,test,met_family,-749.7,2879.2,-885.5995874793955,2969.4075410147316,dwell,,positive,30.87754038131924,1.0,False,False,False
VS000548,AD000088,FA005,T2,validation,met_family,-395.8,3100.6,-395.8,3100.6,checkin,,positive,39.73046689884225,1.0,False,False,False
VS000549,AD000680,FA005,T2,test,locked_premises,-649.7,2784.3,-662.6666666666666,2837.3333333333335,trail_tail,3.0,positive,40.12162758413466,1.0,False,False,False
VS000550,AD000194,FA006,T2,train,address_not_traceable,-1276.2,-1480.0,-1276.2,-1480.0,checkin,,negative,,1.0,False,False,False
VS000551,AD002723,FA006,T2,train,address_not_traceable,-1722.9,-2677.5,-1722.9,-2677.5,checkin,,negative,,1.0,False,False,False
VS000552,AD001591,FA006,T2,train,met_borrower,-1699.8,-2935.9,-1702.090909090909,-2946.0,trail_tail,11.0,positive,50.835248597798746,1.0,False,False,False
VS000553,AD003040,FA006,T2,train,address_not_traceable,-1734.7,-2589.6,-1734.7,-2589.6,checkin,,negative,,1.0,False,False,False
VS000554,AD002724,FA006,T2,train,neighbour_says_shifted,-1899.2,-3178.6,-1900.5548985916937,-3183.830345076862,dwell,2.0,positive,17.127755252805322,1.0,False,False,False
VS000555,AD000660,FA006,T2,train,neighbour_says_shifted,-1568.9,-2432.8,-1568.9,-2432.8,checkin,,positive,28.93531579229785,1.0,False,False,False
VS000556,AD002770,FA006,T2,train,address_not_traceable,-1653.9,-2776.8,-1670.0,-2768.0,trail_tail,2.0,negative,,1.0,False,False,False
VS000557,AD002412,FA009,T3,train,cash_collected,-2690.6,47.6,-2690.6,47.6,checkin,,positive,67.13546007885847,1.0,False,False,False
VS000558,AD000159,FA009,T3,train,neighbour_says_shifted,-2855.8,-126.2,-2837.771631968875,-103.21117503414594,dwell,,positive,24.087548650703354,1.0,False,False,False
VS000559,AD002546,FA009,T3,validation,met_borrower,-3732.7,-778.2,-3728.8,-778.8,trail_tail,5.0,positive,51.13973504037735,1.0,True,True,True
VS000560,AD000950,FA009,T3,validation,met_family,-3029.5,-247.2,-3016.497303774715,-238.7890952666267,dwell,5.0,positive,31.699093046962716,1.0,False,False,False
VS000561,AD001330,FA009,T3,test,locked_premises,2318.0,-765.6,2318.25,-767.25,trail_tail,4.0,positive,31.499206339207973,1.0,True,True,True
VS000562,AD002416,FA009,T3,train,met_family,2344.3,-772.9,2335.0,-775.75,trail_tail,4.0,positive,31.51055378758045,1.0,False,True,True
VS000563,AD002865,FA009,T3,train,met_family,-3036.3,-257.3,-3035.944813769238,-246.75484928512884,dwell,5.0,positive,34.06178210252658,1.0,False,False,False
VS000564,AD001371,FA009,T3,train,locked_premises,2333.9,-762.4,2332.0,-757.5,trail_tail,2.0,positive,31.05853344895731,1.0,False,True,True
VS000565,AD002181,FA009,T3,train,locked_premises,-3773.9,-747.4,-3773.9,-747.4,checkin,,positive,46.13840591091117,1.0,True,True,True
VS000566,AD001436,FA008,T3,train,met_family,-2308.8,1241.0,-2323.0,1217.3333333333333,trail_tail,3.0,positive,52.04381023096049,1.4612131704915665,False,False,False
VS000567,AD002756,FA008,T3,train,met_family,-2598.5,1401.8,-2537.3333333333335,1405.3333333333333,trail_tail,3.0,positive,66.06433037025808,1.4612131704915665,False,False,False
VS000568,AD002552,FA008,T3,train,neighbour_says_shifted,-2229.0,1332.2,-2213.437256430242,1337.7747466874514,dwell,,positive,25.537809485189264,1.4612131704915665,False,False,False
VS000569,AD001220,FA008,T3,train,met_family,-2234.5,1741.2,-2231.0,1741.6666666666667,trail_tail,3.0,positive,45.782457674170765,1.4612131704915665,False,False,False
VS000570,AD002143,FA008,T3,train,met_family,-2611.4,1351.4,-2611.4,1351.4,checkin,,positive,45.66893137932472,1.4612131704915665,False,False,False
VS000571,AD001734,FA008,T3,validation,address_not_traceable,-2465.1,1230.5,-2465.1,1230.5,checkin,,negative,,1.4612131704915665,False,False,False
VS000572,AD001692,FA008,T3,train,neighbour_says_shifted,-2868.6,1366.7,-2905.0320102432784,1414.313700384123,dwell,4.0,positive,52.728591459010374,1.4612131704915665,False,False,False
VS000573,AD001872,FA008,T3,train,address_not_traceable,-2537.9,-208.7,-2542.0,-205.0,trail_tail,3.0,negative,,1.4612131704915665,False,False,False
VS000574,AD001578,FA008,T3,train,locked_premises,-2270.3,1710.3,-2273.5,1711.5,trail_tail,2.0,positive,50.921444580507085,1.4612131704915665,False,False,False
VS000575,AD002617,FA008,T3,train,locked_premises,-2175.6,1173.5,-2169.6666666666665,1176.6666666666667,trail_tail,3.0,positive,44.931116998723205,1.4612131704915665,False,False,False
VS000576,AD003022,FA007,T3,validation,address_not_traceable,1327.6,-831.9,1327.6,-831.9,checkin,,negative,,1.3663037714355222,False,False,False
VS000577,AD000570,FA007,T3,train,address_not_traceable,695.5,-597.6,692.6666666666666,-605.6666666666666,trail_tail,3.0,negative,,1.3663037714355222,False,False,False
VS000578,AD002848,FA007,T3,train,neighbour_says_shifted,1024.3,-821.9,987.115862856211,-771.6544090668189,dwell,6.0,positive,48.675998065871305,1.3663037714355222,False,False,False
VS000579,AD000227,FA007,T3,train,met_family,1144.8,-1199.3,1144.8,-1199.3,checkin,,positive,51.37688255919547,1.3663037714355222,False,False,False
VS000580,AD000133,FA007,T3,train,locked_premises,-3966.5,-1155.9,-3966.5,-1155.9,checkin,,positive,61.09341413303453,1.3663037714355222,False,False,False
VS000581,AD001197,FA007,T3,train,address_not_traceable,1264.6,-414.9,1253.0,-413.0,trail_tail,2.0,negative,,1.3663037714355222,False,False,False
VS000582,AD000347,FA007,T3,validation,address_not_traceable,982.1,-1803.4,984.5,-1785.0,trail_tail,2.0,negative,,1.3663037714355222,False,False,False
VS000583,AD001622,FA007,T3,train,address_not_traceable,1289.4,-749.0,1289.4,-749.0,checkin,,negative,,1.3663037714355222,False,False,False
VS000584,AD002637,FA003,T1,train,met_family,-1093.3,-3238.9,-1092.5151515151513,-3242.0303030303025,dwell,4.0,positive,30.767921606764407,1.0,False,False,False
VS000585,AD000743,FA003,T1,test,no_such_person,-655.4,-2890.4,-655.0,-2887.3333333333335,trail_tail,3.0,positive,45.23195772902164,1.0,False,False,False
VS000586,AD003083,FA003,T1,train,locked_premises,-1380.1,-2720.5,-1388.0,-2707.0,trail_tail,3.0,positive,33.29677161527827,1.0,False,False,False
VS000587,AD001298,FA003,T1,train,met_family,-846.0,-3041.6,-846.0,-3041.6,checkin,,positive,49.82619792839905,1.0,False,False,False
VS000588,AD002217,FA003,T1,test,address_not_traceable,-1292.7,-3182.0,-1292.7,-3182.0,checkin,,negative,,1.0,False,False,False
VS000589,AD002142,FA003,T1,train,met_borrower,-811.0,-3152.1,-816.7,-3139.0,trail_tail,10.0,positive,50.91279308778884,1.0,False,False,False
VS000590,AD002967,FA001,T1,train,locked_premises,-1256.4,208.4,-1249.9014207139674,0.21098345685828976,dwell,,positive,34.080639665358404,1.0,False,False,False
VS000591,AD002767,FA001,T1,validation,address_not_traceable,-2573.0,1268.3,-2573.0,1268.3,checkin,,negative,,1.0,False,False,False
VS000592,AD000251,FA001,T1,train,address_not_traceable,-1128.4,506.3,-1126.0,508.0,trail_tail,3.0,negative,,1.0,False,False,False
VS000593,AD001788,FA001,T1,train,cash_collected,-1336.8,603.5,-1332.142857142857,611.5714285714286,trail_tail,7.0,positive,65.4271541487172,1.0,False,False,False
VS000594,AD002793,FA001,T1,train,met_borrower,-836.7,-126.2,-836.7,-126.2,checkin,,positive,56.15685621542574,1.0,False,False,False
VS000595,AD001490,FA001,T1,train,locked_premises,-1544.9,451.9,-1544.9,451.9,checkin,,positive,58.662637172223995,1.0,False,False,False
VS000596,AD002353,FA001,T1,train,locked_premises,-661.1,221.1,-661.1,221.1,checkin,,positive,32.02912736869364,1.0,False,False,False
VS000597,AD003020,FA001,T1,test,address_not_traceable,-602.7,-1185.3,-602.7,-1185.3,checkin,,negative,,1.0,False,False,False
VS000598,AD002304,FA002,T1,train,no_such_person,2982.0,-2036.9,2990.8333333333335,-2042.6666666666667,trail_tail,6.0,positive,45.64386596247079,1.0,False,False,False
VS000599,AD001324,FA002,T1,train,met_family,2583.3,-1950.2,2631.1603062883783,-1926.7804478197884,dwell,5.0,positive,45.457920102001985,1.0,False,False,False
VS000600,AD000319,FA002,T1,train,address_not_traceable,2672.7,-2051.3,2666.3333333333335,-2067.0,trail_tail,3.0,negative,,1.0,False,False,False
VS000601,AD000316,FA002,T1,train,locked_premises,2234.3,-2392.2,2234.3,-2392.2,checkin,,positive,35.61913109552226,1.0,False,False,False
VS000602,AD000689,FA002,T1,test,address_not_traceable,2618.9,-2118.0,2618.9,-2118.0,checkin,,negative,,1.0,False,False,False
VS000603,AD000100,FA002,T1,train,neighbour_says_shifted,2834.8,-2100.0,2823.0,-2085.0,trail_tail,2.0,positive,21.53740931495711,1.0,False,False,False
VS000604,AD002925,FA002,T1,train,address_not_traceable,2375.9,-2434.8,2375.9,-2434.8,checkin,,negative,,1.0,False,False,False
VS000605,AD002626,FA004,T2,train,locked_premises,3131.9,455.5,3131.9,455.5,checkin,,positive,34.4587169796745,1.1098606920552958,False,False,False
VS000606,AD000759,FA004,T2,train,met_family,3136.2,572.7,3138.682933276938,562.4487152373903,dwell,9.0,positive,34.82332730813139,1.1098606920552958,False,False,False
VS000607,AD001712,FA004,T2,train,locked_premises,2990.9,775.8,3007.5,752.5,trail_tail,2.0,positive,37.96473946707304,1.1098606920552958,False,False,False
VS000608,AD001523,FA004,T2,train,address_not_traceable,3329.1,288.4,3329.1,288.4,checkin,,negative,,1.1098606920552958,False,False,False
VS000609,AD001237,FA004,T2,train,met_family,2701.0,526.4,2701.0,526.4,checkin,,positive,39.813690284397524,1.1098606920552958,False,False,False
VS000610,AD002872,FA004,T2,test,address_not_traceable,2863.5,698.7,2863.5,698.7,checkin,,negative,,1.1098606920552958,False,False,False
VS000611,AD002671,FA004,T2,train,met_borrower,-297.6,1227.1,-223.2,1237.0,trail_tail,5.0,positive,67.31131250444305,1.1098606920552958,False,False,False
VS000612,AD001503,FA005,T2,train,locked_premises,2892.9,-1498.5,2892.9,-1498.5,checkin,,positive,32.88046532517447,1.0,False,False,False
VS000613,AD000460,FA005,T2,train,met_borrower,2844.2,-1279.1,2832.4166666666665,-1282.8333333333333,trail_tail,12.0,positive,50.917310416006835,1.0,False,False,False
VS000614,AD002540,FA005,T2,train,address_not_traceable,2729.1,-1118.1,2729.1,-1118.1,checkin,,negative,,1.0,False,False,False
VS000615,AD002262,FA005,T2,validation,address_not_traceable,2749.1,-1230.2,2749.1,-1230.2,checkin,,negative,,1.0,False,False,False
VS000616,AD000704,FA005,T2,train,address_not_traceable,2561.1,-1237.9,2561.1,-1237.9,checkin,,negative,,1.0,False,False,False
VS000617,AD002126,FA005,T2,validation,address_not_traceable,2567.5,-1428.6,2567.5,-1428.6,checkin,,negative,,1.0,False,False,False
VS000618,AD003045,FA005,T2,train,neighbour_says_shifted,2923.3,-1202.9,2942.945945945946,-1265.4774774774776,dwell,5.0,positive,36.686714216457105,1.0,False,False,False
VS000619,AD002832,FA005,T2,validation,met_family,2710.2,-1021.3,2710.2,-1021.3,checkin,,positive,37.03029165426592,1.0,False,False,False
VS000620,AD001450,FA005,T2,test,no_such_person,2487.0,-1059.1,2477.0,-1050.5,trail_tail,2.0,positive,46.06780329036756,1.0,False,False,False
VS000621,AD002572,FA006,T2,test,address_not_traceable,1250.7,923.5,1250.7,923.5,checkin,,negative,,1.0,False,False,False
VS000622,AD000076,FA006,T2,validation,address_not_traceable,654.4,1268.7,654.4,1268.7,checkin,,negative,,1.0,False,False,False
VS000623,AD000799,FA006,T2,train,locked_premises,1253.6,-276.9,1253.6,-276.9,checkin,,positive,39.75402495345598,1.0,False,False,False
VS000624,AD000710,FA006,T2,test,cash_collected,1179.5,1091.4,1207.1442481067436,1048.3407861521819,dwell,,positive,71.70420141107493,1.0,False,False,False
VS000625,AD001914,FA006,T2,train,met_family,842.9,989.9,868.088485252458,985.6280619896684,dwell,4.0,positive,32.90083585564355,1.0,False,False,False
VS000626,AD000187,FA006,T2,train,met_family,1178.3,1055.4,1003.6146075690411,1283.8814502148607,dwell,,positive,30.847244609527124,1.0,False,False,False
VS000627,AD001445,FA006,T2,train,address_not_traceable,890.5,1006.3,890.6666666666666,985.3333333333334,trail_tail,3.0,negative,,1.0,False,False,False
VS000628,AD000815,FA008,T3,train,met_borrower,2971.4,-2366.0,2956.0,-2316.5,trail_tail,2.0,positive,81.82832894297663,1.4612131704915665,False,False,False
VS000629,AD002635,FA008,T3,train,cash_collected,3232.3,-2181.3,3247.0,-2178.5,trail_tail,6.0,positive,96.68059274541562,1.4612131704915665,False,False,False
VS000630,AD002988,FA008,T3,validation,address_not_traceable,3435.0,-1857.9,3435.0,-1857.9,checkin,,negative,,1.4612131704915665,False,False,False
VS000631,AD001706,FA008,T3,validation,neighbour_says_shifted,3393.9,-2273.6,3393.9,-2273.6,checkin,,positive,26.249119679477978,1.4612131704915665,False,False,False
VS000632,AD001467,FA008,T3,train,address_not_traceable,3173.5,-1796.3,3173.5,-1796.3,checkin,,negative,,1.4612131704915665,False,False,False
VS000633,AD000885,FA008,T3,train,met_borrower,3200.4,-2340.5,3200.4,-2340.5,checkin,,positive,73.32615346125768,1.4612131704915665,False,False,False
VS000634,AD002372,FA008,T3,train,locked_premises,2890.7,-1617.2,2890.7,-1617.2,checkin,,positive,51.78227969519407,1.4612131704915665,False,False,False
VS000635,AD001272,FA008,T3,train,met_borrower,3115.8,-2331.6,3115.8,-2331.6,checkin,,positive,85.83293527374946,1.4612131704915665,False,False,False
VS000636,AD000827,FA008,T3,train,met_family,3161.3,-2444.6,3136.5,-2457.0,trail_tail,2.0,positive,53.77507666547101,1.4612131704915665,False,False,False
VS000637,AD001343,FA009,T3,train,locked_premises,-1269.1,-501.1,-1269.1,-501.1,checkin,,positive,30.35877138488974,1.0,False,False,False
VS000638,AD000348,FA009,T3,train,locked_premises,-3747.0,-794.4,-3747.0,-794.4,checkin,,positive,38.00973559497619,1.0,True,True,True
VS000639,AD000081,FA009,T3,train,met_family,-716.5,-849.4,-729.922014928646,-881.1156224508593,dwell,3.0,positive,38.58681769723957,1.0,False,False,False
VS000640,AD002009,FA009,T3,train,met_family,2353.2,-770.8,2342.9892635463843,-770.18235195437,dwell,2.0,positive,31.77200025179402,1.0,False,True,True
VS000641,AD002708,FA009,T3,train,address_not_traceable,-3729.4,-772.4,-3732.375,-769.25,trail_tail,8.0,negative,,1.0,True,True,True
VS000642,AD001017,FA009,T3,train,address_not_traceable,2344.8,-751.8,2342.5,-752.3333333333334,trail_tail,6.0,negative,,1.0,False,True,True
VS000643,AD002395,FA009,T3,test,locked_premises,-3747.7,-786.6,-3747.7,-786.6,checkin,,positive,32.471872443701166,1.0,False,True,True
VS000644,AD002022,FA009,T3,train,address_not_traceable,-830.5,-65.8,-832.3333333333334,-65.66666666666667,trail_tail,3.0,negative,,1.0,False,False,False
VS000645,AD001071,FA009,T3,train,locked_premises,2324.7,-780.4,2333.75,-778.5,trail_tail,4.0,positive,35.180996290611226,1.0,True,True,True
VS000646,AD000096,FA007,T3,train,met_family,3336.9,605.4,3363.928630935851,541.7647875590113,dwell,,positive,61.98160671829828,1.3663037714355222,False,False,False
VS000647,AD002150,FA007,T3,validation,met_family,4042.4,252.7,4005.714808043876,543.8976234003657,dwell,,positive,41.431063925499735,1.3663037714355222,False,False,False
VS000648,AD002685,FA007,T3,train,met_borrower,4160.3,484.2,4160.3,484.2,checkin,,positive,76.01159995465402,1.3663037714355222,False,False,False
VS000649,AD001812,FA007,T3,test,address_not_traceable,3406.4,522.8,3424.5,531.5,trail_tail,2.0,negative,,1.3663037714355222,False,False,False
VS000650,AD000142,FA007,T3,train,met_family,3979.4,774.2,3976.5610564829635,776.2896181111365,dwell,4.0,positive,43.45211184800405,1.3663037714355222,False,False,False
VS000651,AD000433,FA007,T3,train,met_borrower,4124.4,76.2,4109.5,125.0,trail_tail,2.0,positive,81.88298513180217,1.3663037714355222,False,False,False
VS000652,AD000252,FA007,T3,validation,address_not_traceable,3466.3,356.8,3466.3,356.8,checkin,,negative,,1.3663037714355222,False,False,False
VS000653,AD001433,FA002,T1,train,met_family,2712.5,-2469.2,2732.385673933512,-2471.7151651853615,dwell,,positive,32.07043030581284,1.0,False,False,False
VS000654,AD002771,FA002,T1,train,address_not_traceable,1839.1,-1728.4,1843.0,-1720.3333333333333,trail_tail,3.0,negative,,1.0,False,False,False
VS000655,AD001899,FA002,T1,train,address_not_traceable,2409.5,-2265.3,2406.5,-2267.5,trail_tail,2.0,negative,,1.0,False,False,False
VS000656,AD002806,FA002,T1,train,address_not_traceable,3150.6,-2172.5,3150.6,-2172.5,checkin,,negative,,1.0,False,False,False
VS000657,AD001233,FA002,T1,test,address_not_traceable,2785.4,-2055.6,2766.5,-2035.5,trail_tail,2.0,negative,,1.0,False,False,False
VS000658,AD000785,FA002,T1,test,address_not_traceable,1657.1,-1726.8,1657.1,-1726.8,checkin,,negative,,1.0,False,False,False
VS000659,AD002362,FA001,T1,train,cash_collected,2752.0,-2274.0,2525.671045319052,-2128.09700399131,dwell,,positive,65.78404061776686,1.0,False,False,False
VS000660,AD001186,FA001,T1,train,met_borrower,2867.7,-1998.5,2867.7,-1998.5,checkin,,positive,55.495720555732916,1.0,False,False,False
VS000661,AD001307,FA001,T1,train,locked_premises,372.4,-3110.9,372.3333333333333,-3111.3333333333335,trail_tail,3.0,positive,31.93011901011332,1.0,False,False,False
VS000662,AD000652,FA001,T1,train,locked_premises,2837.5,-2273.5,2854.0,-2270.4,trail_tail,5.0,positive,31.825540058261385,1.0,False,False,False
VS000663,AD000569,FA001,T1,test,met_family,2771.8,-1933.1,2867.910375789824,-2126.358496840705,dwell,,positive,30.960822017511088,1.0,False,False,False
VS000664,AD001267,FA001,T1,train,met_borrower,-2375.0,-2090.4,-2378.5,-2102.5,trail_tail,2.0,positive,53.507476113156365,1.0,False,False,False
VS000665,AD000236,FA001,T1,train,met_family,2638.8,-1993.3,2615.0,-2013.0,trail_tail,2.0,positive,37.63034015259498,1.0,False,False,False
VS000666,AD001107,FA001,T1,train,address_not_traceable,1641.8,-1659.2,1641.8,-1659.2,checkin,,negative,,1.0,False,False,False
VS000667,AD002016,FA001,T1,train,neighbour_says_shifted,2920.7,-2282.8,2770.3472005658346,-2319.532463148419,dwell,,positive,19.68178091535417,1.0,False,False,False
VS000668,AD000314,FA001,T1,validation,locked_premises,2537.2,-2128.4,2540.5,-2131.5,trail_tail,4.0,positive,30.447495791936653,1.0,False,False,False
VS000669,AD002537,FA003,T1,train,address_not_traceable,1960.3,-2206.8,1993.0,-2232.3333333333335,trail_tail,3.0,negative,,1.0,False,False,False
VS000670,AD002691,FA003,T1,train,address_not_traceable,1256.7,-1732.6,1256.7,-1732.6,checkin,,negative,,1.0,False,False,False
VS000671,AD000075,FA003,T1,train,met_family,2773.6,-2333.6,2769.5089405323542,-2327.1706564156325,dwell,2.0,positive,33.03906778345901,1.0,False,False,False
VS000672,AD000193,FA003,T1,train,no_such_person,1895.0,-1278.8,1880.5,-1297.0,trail_tail,2.0,positive,47.45229183084838,1.0,False,False,False
VS000673,AD001416,FA003,T1,test,met_family,2603.8,-1655.6,2613.9693438630825,-1655.0152711713968,dwell,,positive,32.327233101519816,1.0,False,False,False
VS000674,AD000760,FA003,T1,test,address_not_traceable,2775.2,-1612.2,2772.5,-1612.5,trail_tail,2.0,negative,,1.0,False,False,False
VS000675,AD000903,FA003,T1,train,met_borrower,2990.1,-2815.0,2976.5,-2749.8,trail_tail,10.0,positive,61.10231174022796,1.0,False,False,False
VS000676,AD003051,FA003,T1,train,address_not_traceable,2758.1,-2207.2,2757.6666666666665,-2198.3333333333335,trail_tail,3.0,negative,,1.0,False,False,False
VS000677,AD001627,FA004,T2,test,locked_premises,1319.9,-2072.8,1316.6,-2071.0,trail_tail,5.0,positive,36.06573392912953,1.1098606920552958,False,False,False
VS000678,AD000538,FA004,T2,train,locked_premises,1278.9,-1767.7,1283.0,-1762.3333333333333,trail_tail,3.0,positive,34.742805821455875,1.1098606920552958,False,False,False
VS000679,AD001752,FA004,T2,train,no_such_person,1469.8,-2285.2,1466.5,-2268.5,trail_tail,2.0,positive,52.116912071965686,1.1098606920552958,False,False,False
VS000680,AD002359,FA004,T2,train,no_such_person,1628.7,-1613.9,1652.0,-1604.0,trail_tail,3.0,positive,53.07902232864508,1.1098606920552958,False,False,False
VS000681,AD003074,FA004,T2,train,locked_premises,1515.6,-2124.7,1515.6,-2124.7,checkin,,positive,36.8596165114062,1.1098606920552958,False,False,False
VS000682,AD002973,FA004,T2,train,met_borrower,1160.8,-2170.3,1157.6666666666667,-2175.9166666666665,trail_tail,12.0,positive,55.97354938684338,1.1098606920552958,False,False,False
VS000683,AD002849,FA004,T2,validation,met_borrower,1727.7,-2110.8,1666.4749620637328,-2379.9135053110776,dwell,,positive,59.30066273388329,1.1098606920552958,False,False,False
VS000684,AD001495,FA006,T2,train,cash_collected,1245.9,-1861.2,1245.9,-1861.2,checkin,,positive,67.57530984020717,1.0,False,False,False
VS000685,AD001013,FA006,T2,train,address_not_traceable,1449.2,-2135.0,1449.2,-2135.0,checkin,,negative,,1.0,False,False,False
VS000686,AD002576,FA006,T2,train,address_not_traceable,1834.3,-2220.1,1834.3,-2220.1,checkin,,negative,,1.0,False,False,False
VS000687,AD000412,FA006,T2,validation,met_borrower,1223.9,-2085.1,1230.465525452929,-2089.988832959176,dwell,,positive,51.914015448624276,1.0,False,False,False
VS000688,AD001673,FA006,T2,train,neighbour_says_shifted,1063.1,-1739.5,1078.4826485839649,-1735.8310729956122,dwell,4.0,positive,18.770322320088184,1.0,False,False,False
VS000689,AD002059,FA006,T2,train,locked_premises,1234.9,-2082.7,1234.9,-2082.7,checkin,,positive,43.82094248187727,1.0,False,False,False
VS000690,AD001380,FA005,T2,test,cash_collected,1414.9,-1895.9,1397.4,-1893.6,trail_tail,10.0,positive,65.49431273019056,1.0,False,False,False
VS000691,AD002466,FA005,T2,train,met_borrower,1954.6,-2047.2,1954.6,-2047.2,checkin,,positive,51.01382165648835,1.0,False,False,False
VS000692,AD001833,FA005,T2,test,locked_premises,1538.1,-2406.1,1533.8,-2407.4,trail_tail,5.0,positive,30.450697857356243,1.0,False,False,False
VS000693,AD003067,FA005,T2,validation,met_borrower,1413.3,-1814.7,1413.3,-1814.7,checkin,,positive,55.918288600421235,1.0,False,False,False
VS000694,AD002480,FA005,T2,validation,locked_premises,1658.7,-2070.5,1658.7,-2070.5,checkin,,positive,39.27142727225483,1.0,False,False,False
VS000695,AD002091,FA005,T2,test,address_not_traceable,1591.3,-2148.0,1579.5,-2144.0,trail_tail,2.0,negative,,1.0,False,False,False
VS000696,AD003002,FA005,T2,test,met_family,1749.4,-1897.5,1728.0038871904926,-1906.297511793169,dwell,5.0,positive,32.4729502817345,1.0,False,False,False
VS000697,AD002663,FA005,T2,train,met_borrower,1566.5,-1884.0,1582.2836205241592,-1943.6616399997351,dwell,,positive,56.88859727572829,1.0,False,False,False
VS000698,AD001337,FA005,T2,validation,neighbour_says_shifted,1357.0,-2513.1,1368.0,-2514.0,trail_tail,2.0,positive,35.310657031553525,1.0,False,False,False
VS000699,AD000197,FA007,T3,validation,met_family,-2673.4,-144.0,-2678.7368421052633,-141.3684210526316,dwell,2.0,positive,42.03532976724964,1.3663037714355222,False,False,False
VS000700,AD001079,FA007,T3,test,address_not_traceable,-2411.7,-249.3,-2421.6666666666665,-250.33333333333334,trail_tail,3.0,negative,,1.3663037714355222,False,False,False
VS000701,AD000617,FA007,T3,train,met_family,-2955.3,-9.1,-2976.697516077744,-23.970197967051636,dwell,9.0,positive,44.552084259501015,1.3663037714355222,False,False,False
VS000702,AD002233,FA007,T3,train,neighbour_says_shifted,-2562.0,-510.8,-2567.6542155816433,-518.1590181430096,dwell,,positive,30.16098167786173,1.3663037714355222,False,False,False
VS000703,AD001535,FA007,T3,train,address_not_traceable,-466.4,3040.4,-466.4,3040.4,checkin,,negative,,1.3663037714355222,False,False,False
VS000704,AD001333,FA007,T3,train,address_not_traceable,-2707.8,-345.7,-2716.5,-358.0,trail_tail,2.0,negative,,1.3663037714355222,False,False,False
VS000705,AD002566,FA007,T3,train,met_family,-2651.3,-84.7,-2624.7096822405806,-91.09249398504834,dwell,2.0,positive,51.86351260389509,1.3663037714355222,False,False,False
VS000706,AD002522,FA007,T3,test,neighbour_says_shifted,-2334.7,-106.6,-2323.001365912885,-92.17453331309758,dwell,,positive,28.00497812062774,1.3663037714355222,False,False,False
VS000707,AD000631,FA007,T3,train,met_borrower,-2866.9,-150.7,-2852.625,-144.25,trail_tail,8.0,positive,70.77117227406875,1.3663037714355222,False,False,False
VS000708,AD002609,FA008,T3,train,address_not_traceable,2477.5,-2218.4,2493.0,-2219.0,trail_tail,2.0,negative,,1.4612131704915665,False,False,False
VS000709,AD001040,FA008,T3,train,met_family,852.9,-1113.6,855.006442903602,-1117.2625636620237,dwell,11.0,positive,45.237057091765145,1.4612131704915665,False,False,False
VS000710,AD001995,FA008,T3,train,met_borrower,1211.3,-710.2,1015.9735565955646,-691.1886691281956,dwell,,positive,74.86892541907763,1.4612131704915665,False,False,False
VS000711,AD002730,FA008,T3,train,locked_premises,1286.5,688.5,1286.5,688.5,checkin,,positive,48.99173421426464,1.4612131704915665,False,False,False
VS000712,AD000744,FA008,T3,validation,address_not_traceable,1202.3,-877.3,1202.3,-877.3,checkin,,negative,,1.4612131704915665,False,False,False
VS000713,AD000532,FA008,T3,train,address_not_traceable,926.2,-823.2,928.3333333333334,-833.6666666666666,trail_tail,3.0,negative,,1.4612131704915665,False,False,False
VS000714,AD000451,FA008,T3,validation,address_not_traceable,848.8,-827.9,848.8,-827.9,checkin,,negative,,1.4612131704915665,False,False,False
VS000715,AD002562,FA008,T3,train,met_family,1260.4,-1052.7,1266.209753539591,-1062.187205034085,dwell,10.0,positive,45.15249183661501,1.4612131704915665,False,False,False
VS000716,AD001854,FA008,T3,train,locked_premises,875.7,-804.5,888.5,-790.5,trail_tail,2.0,positive,51.04687091589519,1.4612131704915665,False,False,False
VS000717,AD002096,FA009,T3,validation,address_not_traceable,2341.4,-752.4,2341.8571428571427,-756.4285714285714,trail_tail,7.0,negative,,1.0,False,True,True
VS000718,AD002981,FA009,T3,train,address_not_traceable,3698.3,544.5,3698.6666666666665,550.0,trail_tail,3.0,negative,,1.0,False,False,False
VS000719,AD000107,FA009,T3,train,address_not_traceable,3815.0,470.8,3807.0,468.0,trail_tail,3.0,negative,,1.0,False,False,False
VS000720,AD002676,FA009,T3,train,locked_premises,3674.9,477.7,3672.6666666666665,471.0,trail_tail,3.0,positive,30.833666664864882,1.0,False,False,False
VS000721,AD002070,FA009,T3,validation,met_borrower,2322.5,-755.9,2318.0,-760.0,trail_tail,2.0,positive,50.73514560933082,1.0,False,True,True
VS000722,AD002311,FA009,T3,test,address_not_traceable,3262.6,-1255.7,3262.6,-1255.7,checkin,,negative,,1.0,False,False,False
VS000723,AD001352,FA009,T3,validation,locked_premises,2323.8,-771.2,2323.6,-759.6,trail_tail,5.0,positive,31.636687563649907,1.0,True,True,True
VS000724,AD000667,FA002,T1,test,met_borrower,2199.3,-2177.7,2199.3,-2177.7,checkin,,positive,50.50202966218289,1.0,False,False,False
VS000725,AD001649,FA002,T1,train,met_borrower,2344.3,-2445.1,2320.181818181818,-2438.181818181818,trail_tail,11.0,positive,52.5624866230661,1.0,False,False,False
VS000726,AD000955,FA002,T1,train,neighbour_says_shifted,3167.1,-1896.7,3145.239476119696,-1915.8297389011975,dwell,2.0,positive,23.99510366720675,1.0,False,False,False
VS000727,AD001746,FA002,T1,train,locked_premises,3090.3,-2426.3,3090.3,-2426.3,checkin,,positive,33.18862757029884,1.0,False,False,False
VS000728,AD002246,FA002,T1,validation,locked_premises,2451.3,-2373.5,2451.3,-2373.5,checkin,,positive,36.729211807497315,1.0,False,False,False
VS000729,AD002332,FA002,T1,train,address_not_traceable,1814.0,-1759.7,1814.0,-1759.7,checkin,,negative,,1.0,False,False,False
VS000730,AD000524,FA002,T1,validation,met_family,2602.6,-1649.3,2601.5,-1664.0,trail_tail,2.0,positive,32.14657835602415,1.0,False,False,False
VS000731,AD000287,FA001,T1,test,met_family,2779.7,-2406.0,2773.605527219575,-2407.417177639926,dwell,6.0,positive,31.8099434139704,1.0,False,False,False
VS000732,AD001236,FA001,T1,train,locked_premises,2937.3,-2651.0,2935.0,-2642.0,trail_tail,3.0,positive,31.869460302929525,1.0,False,False,False
VS000733,AD001581,FA001,T1,train,met_family,2735.7,-1808.2,2735.7241379310344,-1810.6206896551726,dwell,5.0,positive,30.32544311300331,1.0,False,False,False
VS000734,AD003004,FA001,T1,train,met_family,2974.5,-2521.5,2974.5,-2521.5,checkin,,positive,56.68787348278289,1.0,False,False,False
VS000735,AD000919,FA001,T1,train,address_not_traceable,2761.2,-2050.5,2756.0,-2054.6666666666665,trail_tail,3.0,negative,,1.0,False,False,False
VS000736,AD001509,FA001,T1,train,address_not_traceable,2692.6,-1910.5,2692.6,-1910.5,checkin,,negative,,1.0,False,False,False
VS000737,AD000030,FA001,T1,test,address_not_traceable,2760.5,-1652.4,2764.6666666666665,-1628.3333333333333,trail_tail,3.0,negative,,1.0,False,False,False
VS000738,AD001224,FA001,T1,train,address_not_traceable,2903.8,-2207.9,2903.8,-2207.9,checkin,,negative,,1.0,False,False,False
VS000739,AD000541,FA001,T1,train,cash_collected,2654.8,-2411.4,2607.6666666666665,-2462.6666666666665,trail_tail,3.0,positive,72.36746506545605,1.0,False,False,False
VS000740,AD001256,FA003,T1,train,met_family,3314.0,-1980.8,3309.987556226811,-1986.7984371408872,dwell,6.0,positive,31.029340953362194,1.0,False,False,False
VS000741,AD001294,FA003,T1,test,met_family,2704.4,-2473.8,2716.580231453493,-2467.3517143103895,dwell,,positive,33.34456477448761,1.0,False,False,False
VS000742,AD000719,FA003,T1,train,neighbour_says_shifted,2747.8,-1829.0,2759.587278633374,-1819.4325118755928,dwell,7.0,positive,18.563674205285952,1.0,False,False,False
VS000743,AD000129,FA003,T1,train,met_borrower,3227.9,-1959.4,3229.375,-1944.75,trail_tail,8.0,positive,51.06899744463367,1.0,False,False,False
VS000744,AD002808,FA003,T1,train,met_borrower,2448.3,-2256.6,2448.5998047033936,-2253.260720969973,dwell,,positive,54.14252025903486,1.0,False,False,False
VS000745,AD000309,FA003,T1,test,met_borrower,2778.0,-1821.1,2771.0,-1833.3333333333333,trail_tail,3.0,positive,53.5565355488945,1.0,False,False,False
VS000746,AD001713,FA006,T2,train,met_family,1785.8,-2317.7,1730.7718883104592,-2056.5679129200194,dwell,,positive,30.69759762587295,1.0,False,False,False
VS000747,AD002574,FA006,T2,train,neighbour_says_shifted,1810.8,-2188.9,1810.8,-2188.9,checkin,,positive,25.293329160076986,1.0,False,False,False
VS000748,AD002664,FA006,T2,train,met_borrower,1232.1,-2396.9,1228.7,-2395.5,trail_tail,10.0,positive,50.26246114149207,1.0,False,False,False
VS000749,AD002821,FA006,T2,validation,cash_collected,1310.5,-2179.0,1309.0,-2224.75,trail_tail,4.0,positive,72.91654476180285,1.0,False,False,False
VS000750,AD002661,FA006,T2,train,locked_premises,1755.2,-1721.0,1755.2,-1721.0,checkin,,positive,31.098553021000832,1.0,False,False,False
VS000751,AD000755,FA006,T2,train,address_not_traceable,932.2,-2631.5,932.2,-2631.5,checkin,,negative,,1.0,False,False,False
VS000752,AD000173,FA006,T2,train,met_borrower,1315.3,-2283.1,1442.42263069314,-2343.8369077807947,dwell,,positive,51.329182732632724,1.0,False,False,False
VS000753,AD000841,FA006,T2,train,address_not_traceable,1680.7,-2220.0,1687.5,-2230.0,trail_tail,2.0,negative,,1.0,False,False,False
VS000754,AD003013,FA006,T2,train,neighbour_says_shifted,1336.0,-2299.6,1336.0,-2299.6,checkin,,positive,26.853305196939928,1.0,False,False,False
VS000755,AD002794,FA006,T2,validation,met_family,1606.5,-2360.0,1606.5,-2360.0,checkin,,positive,36.70384857205031,1.0,False,False,False
VS000756,AD003015,FA005,T2,test,locked_premises,975.6,2455.4,970.6,2459.2,trail_tail,5.0,positive,31.589871794611636,1.0,False,False,False
VS000757,AD003007,FA005,T2,train,address_not_traceable,736.9,2470.7,741.0,2468.0,trail_tail,2.0,negative,,1.0,False,False,False
VS000758,AD002669,FA005,T2,train,address_not_traceable,-878.0,176.5,-881.5,169.0,trail_tail,2.0,negative,,1.0,False,False,False
VS000759,AD001830,FA005,T2,validation,met_family,1070.9,2909.7,1062.2136476172004,2915.176522264943,dwell,4.0,positive,32.023194718828435,1.0,False,False,False
VS000760,AD003060,FA005,T2,train,met_family,844.8,2766.8,852.7585818795723,2777.0450196961174,dwell,4.0,positive,31.54092579490968,1.0,False,False,False
VS000761,AD000027,FA005,T2,validation,met_family,900.3,2900.9,908.5542533101736,2921.554722824859,dwell,4.0,positive,33.83511489562285,1.0,False,False,False
VS000762,AD000942,FA005,T2,train,met_borrower,800.7,3241.4,796.0508966673758,3231.8918993329744,dwell,,positive,51.84209197167877,1.0,False,False,False
VS000763,AD001697,FA005,T2,train,met_borrower,691.6,3007.2,837.3380246634897,3210.204123253279,dwell,,positive,52.09232189104265,1.0,False,False,False
VS000764,AD000792,FA005,T2,train,address_not_traceable,1066.6,1189.2,1066.6,1189.2,checkin,,negative,,1.0,False,False,False
VS000765,AD000672,FA005,T2,train,locked_premises,951.2,2635.7,940.0,2636.8,trail_tail,5.0,positive,31.089105808948577,1.0,False,False,False
VS000766,AD000686,FA004,T2,validation,address_not_traceable,2891.4,952.1,2891.4,952.1,checkin,,negative,,1.1098606920552958,False,False,False
VS000767,AD002535,FA004,T2,validation,cash_collected,2996.9,1006.2,2996.9,1006.2,checkin,,positive,78.1074860748264,1.1098606920552958,False,False,False
VS000768,AD000424,FA004,T2,train,met_borrower,2907.0,327.0,2899.5,334.0,trail_tail,2.0,positive,56.70519294357578,1.1098606920552958,False,False,False
VS000769,AD002583,FA004,T2,train,locked_premises,3398.2,548.7,3398.2,548.7,checkin,,positive,39.000076753686784,1.1098606920552958,False,False,False
VS000770,AD000290,FA004,T2,train,no_such_person,2821.2,134.4,2827.0,146.25,trail_tail,4.0,positive,51.24696867860417,1.1098606920552958,False,False,False
VS000771,AD000613,FA004,T2,train,address_not_traceable,2782.5,546.7,2777.5,548.5,trail_tail,2.0,negative,,1.1098606920552958,False,False,False
VS000772,AD000365,FA004,T2,train,address_not_traceable,2492.8,732.9,2492.6666666666665,742.3333333333334,trail_tail,3.0,negative,,1.1098606920552958,False,False,False
VS000773,AD002043,FA004,T2,train,address_not_traceable,3045.0,694.7,3045.0,694.7,checkin,,negative,,1.1098606920552958,False,False,False
VS000774,AD000068,FA004,T2,train,met_family,3356.3,472.9,3351.572552143637,453.8616069062008,dwell,,positive,37.22544567190228,1.1098606920552958,False,False,False
VS000775,AD000181,FA004,T2,test,met_family,2949.1,651.6,2949.1,651.6,checkin,,positive,41.825001151020736,1.1098606920552958,False,False,False
VS000776,AD001755,FA009,T3,train,address_not_traceable,-3732.0,-778.2,-3735.6666666666665,-772.0,trail_tail,6.0,negative,,1.0,True,True,True
VS000777,AD000079,FA009,T3,test,locked_premises,2333.5,-781.9,2336.3333333333335,-778.6666666666666,trail_tail,6.0,positive,31.348444937508464,1.0,True,True,True
VS000778,AD001291,FA009,T3,train,locked_premises,2345.6,-793.0,2335.0,-789.1428571428571,trail_tail,7.0,positive,31.175150360503466,1.0,True,True,True
VS000779,AD000639,FA009,T3,train,met_borrower,-3750.1,-793.6,-3750.1,-793.6,checkin,,positive,51.84450308374071,1.0,True,True,True
VS000780,AD001582,FA009,T3,train,met_borrower,-3735.8,-763.5,-3731.6,-758.6,trail_tail,5.0,positive,50.24223820651304,1.0,True,True,True
VS000781,AD002567,FA009,T3,train,address_not_traceable,-721.1,-649.2,-721.1,-649.2,checkin,,negative,,1.0,False,False,False
VS000782,AD001290,FA009,T3,train,locked_premises,975.7,-1036.5,978.4607087827428,-1033.1926040061633,dwell,,positive,31.365984760565066,1.0,False,False,False
VS000783,AD002253,FA008,T3,train,met_family,-2314.7,-441.1,-2329.0,-427.5,trail_tail,2.0,positive,52.459893151653525,1.4612131704915665,False,False,False
VS000784,AD000094,FA008,T3,train,address_not_traceable,-2844.5,-216.1,-2844.5,-216.1,checkin,,negative,,1.4612131704915665,False,False,False
VS000785,AD001792,FA008,T3,train,locked_premises,-2789.8,-444.5,-2795.0,-510.5,trail_tail,2.0,positive,69.9860476369601,1.4612131704915665,False,False,False
VS000786,AD000023,FA008,T3,test,met_borrower,-2951.8,-19.7,-2953.0,-16.916666666666668,trail_tail,12.0,positive,73.89380430610649,1.4612131704915665,False,False,False
VS000787,AD000727,FA008,T3,train,met_family,-2699.2,-568.6,-2689.7581324975686,-487.75445801361724,dwell,3.0,positive,77.05679634211714,1.4612131704915665,False,False,False
VS000788,AD001896,FA008,T3,train,met_borrower,-2608.2,-114.5,-2608.2,-114.5,checkin,,positive,73.97942766966905,1.4612131704915665,False,False,False
VS000789,AD002509,FA008,T3,test,locked_premises,-2418.4,-592.0,-2418.4,-592.0,checkin,,positive,49.270842747989306,1.4612131704915665,False,False,False
VS000790,AD000273,FA008,T3,train,address_not_traceable,-1080.1,-2062.7,-1083.3333333333333,-2066.0,trail_tail,3.0,negative,,1.4612131704915665,False,False,False
VS000791,AD001170,FA007,T3,validation,address_not_traceable,3334.1,-1891.5,3334.1,-1891.5,checkin,,negative,,1.3663037714355222,False,False,False
VS000792,AD002230,FA007,T3,train,locked_premises,3401.9,-1827.6,3397.5,-1820.25,trail_tail,4.0,positive,42.802450577290074,1.3663037714355222,False,False,False
VS000793,AD002471,FA007,T3,validation,neighbour_says_shifted,3407.8,-2353.9,3421.4259960472623,-2361.1549135218506,dwell,7.0,positive,25.816363090090785,1.3663037714355222,False,False,False
VS000794,AD000397,FA007,T3,test,locked_premises,3101.8,-1913.2,3118.0,-1944.0,trail_tail,3.0,positive,49.48170547204716,1.3663037714355222,False,False,False
VS000795,AD001886,FA007,T3,train,no_such_person,3542.1,-2135.5,3545.75,-2133.25,trail_tail,4.0,positive,62.04696680393597,1.3663037714355222,False,False,False
VS000796,AD002102,FA007,T3,train,met_family,2954.7,-1806.3,2956.0841601153065,-1809.7651638915197,dwell,4.0,positive,41.95676179289976,1.3663037714355222,False,False,False
VS000797,AD001480,FA007,T3,test,neighbour_says_shifted,3628.2,-2240.7,3701.3333333333335,-2228.0,trail_tail,3.0,positive,58.40117595393574,1.3663037714355222,False,False,False
VS000798,AD002380,FA007,T3,test,address_not_traceable,2918.6,-2588.8,2929.5,-2584.0,trail_tail,2.0,negative,,1.3663037714355222,False,False,False
VS000799,AD002714,FA007,T3,train,address_not_traceable,3259.1,-2063.4,3258.0,-2068.0,trail_tail,3.0,negative,,1.3663037714355222,False,False,False
VS000800,AD001976,FA007,T3,train,met_family,3437.0,-1759.5,3364.0,-1776.0,trail_tail,3.0,positive,66.60604764205976,1.3663037714355222,False,False,False
VS000801,AD002154,FA003,T1,train,met_family,622.9,-2780.4,758.0840978983176,-2683.6974719631176,dwell,,positive,33.91979510551323,1.0,False,False,False
VS000802,AD000138,FA003,T1,train,address_not_traceable,750.9,-3075.2,765.5,-3069.0,trail_tail,2.0,negative,,1.0,False,False,False
VS000803,AD002544,FA003,T1,test,locked_premises,536.1,-2751.3,536.1,-2751.3,checkin,,positive,33.037327373744986,1.0,False,False,False
VS000804,AD002858,FA003,T1,train,met_family,1166.0,-2858.5,1147.5,-2876.0,trail_tail,2.0,positive,42.291399834954625,1.0,False,False,False
VS000805,AD001462,FA003,T1,validation,address_not_traceable,893.3,-2863.9,891.0,-2863.6666666666665,trail_tail,3.0,negative,,1.0,False,False,False
VS000806,AD000608,FA003,T1,train,met_family,896.7,-3330.6,924.5,-3350.0,trail_tail,2.0,positive,41.17368698574371,1.0,False,False,False
VS000807,AD001630,FA003,T1,train,address_not_traceable,720.6,2734.1,720.6,2734.1,checkin,,negative,,1.0,False,False,False
VS000808,AD001808,FA001,T1,train,met_borrower,948.3,-3230.6,979.3,-3194.5,trail_tail,10.0,positive,56.006807621931095,1.0,False,False,False
VS000809,AD002179,FA001,T1,train,address_not_traceable,1271.4,-1679.4,1271.4,-1679.4,checkin,,negative,,1.0,False,False,False
VS000810,AD000810,FA001,T1,train,met_borrower,1151.6,-3187.0,1149.5,-3176.5,trail_tail,2.0,positive,51.62305686415713,1.0,False,False,False
VS000811,AD003090,FA001,T1,test,met_borrower,953.8,-2970.2,959.7692307692307,-2976.3846153846152,trail_tail,13.0,positive,50.83414207006941,1.0,False,False,False
VS000812,AD002061,FA001,T1,train,address_not_traceable,684.3,-3094.4,684.3,-3094.4,checkin,,negative,,1.0,False,False,False
VS000813,AD000923,FA001,T1,train,met_borrower,546.2,-3403.4,547.0,-3419.6666666666665,trail_tail,3.0,positive,56.4879633196312,1.0,False,False,False
VS000814,AD000622,FA002,T1,test,locked_premises,2529.3,-2709.5,2529.3,-2709.5,checkin,,positive,34.921698125950286,1.0,False,False,False
VS000815,AD001048,FA002,T1,validation,locked_premises,2672.5,-2098.5,2672.5,-2098.5,checkin,,positive,33.72335985633697,1.0,False,False,False
VS000816,AD001479,FA002,T1,test,met_family,2972.4,-2491.7,2986.0511009517554,-2494.062334035971,dwell,11.0,positive,31.160110718673632,1.0,False,False,False
VS000817,AD000630,FA002,T1,validation,met_borrower,2874.2,-1947.0,2844.8333333333335,-1939.5,trail_tail,6.0,positive,53.50672854884698,1.0,False,False,False
VS000818,AD000363,FA002,T1,train,address_not_traceable,2047.3,-1197.9,2049.0,-1196.5,trail_tail,2.0,negative,,1.0,False,False,False
VS000819,AD002108,FA002,T1,train,address_not_traceable,2879.1,-2194.1,2879.1,-2194.1,checkin,,negative,,1.0,False,False,False
VS000820,AD003073,FA002,T1,train,address_not_traceable,1226.3,-944.9,1226.3,-944.9,checkin,,negative,,1.0,False,False,False
VS000821,AD000963,FA002,T1,validation,no_such_person,1751.0,-1626.8,1751.0,-1626.8,checkin,,positive,46.12320457210232,1.0,False,False,False
VS000822,AD002690,FA005,T2,train,neighbour_says_shifted,1621.6,-2070.4,1582.0246489968843,-2083.051678862785,dwell,2.0,positive,27.75049549107182,1.0,False,False,False
VS000823,AD000032,FA005,T2,train,met_family,1772.1,-1924.1,1765.8992028799175,-1816.5371560812548,dwell,,positive,31.219625237981308,1.0,False,False,False
VS000824,AD001031,FA005,T2,validation,met_borrower,1182.7,-2101.7,1182.7,-2101.7,checkin,,positive,51.9690773441284,1.0,False,False,False
VS000825,AD003044,FA005,T2,train,neighbour_says_shifted,1215.4,-2849.8,1213.4262295081965,-2557.016393442623,dwell,,positive,16.445364088398883,1.0,False,False,False
VS000826,AD000223,FA005,T2,validation,met_borrower,1915.2,-2164.5,1904.25,-2173.5,trail_tail,4.0,positive,52.72553935238596,1.0,False,False,False
VS000827,AD001060,FA005,T2,train,met_borrower,1013.0,-1642.5,1004.5,-1660.5,trail_tail,2.0,positive,53.0108715265086,1.0,False,False,False
VS000828,AD000860,FA005,T2,train,neighbour_says_shifted,1342.7,-1832.2,1342.7,-1832.2,checkin,,positive,20.618983971088394,1.0,False,False,False
VS000829,AD001149,FA005,T2,train,address_not_traceable,1525.2,-2030.9,1515.5,-2021.5,trail_tail,2.0,negative,,1.0,False,False,False
VS000830,AD002210,FA005,T2,train,met_family,1666.9,-1610.4,1652.8416096850128,-1603.8019280349738,dwell,5.0,positive,32.970479220053825,1.0,False,False,False
VS000831,AD002224,FA005,T2,train,address_not_traceable,1773.1,-1611.1,1773.1,-1611.1,checkin,,negative,,1.0,False,False,False
VS000832,AD002339,FA004,T2,test,address_not_traceable,734.5,2652.6,734.5,2652.6,checkin,,negative,,1.1098606920552958,False,False,False
VS000833,AD000049,FA004,T2,train,locked_premises,762.1,2394.8,753.0,2392.3333333333335,trail_tail,3.0,positive,34.287376347327346,1.1098606920552958,False,False,False
VS000834,AD001743,FA004,T2,train,locked_premises,1259.2,2794.3,1266.1131639722862,2803.8152424942264,dwell,,positive,35.05284639582594,1.1098606920552958,False,False,False
VS000835,AD003065,FA004,T2,train,met_family,769.8,2821.5,697.676812442512,2861.5690544845424,dwell,2.0,positive,57.374135492963745,1.1098606920552958,False,False,False
VS000836,AD000438,FA004,T2,train,address_not_traceable,792.6,2612.3,792.6,2612.3,checkin,,negative,,1.1098606920552958,False,False,False
VS000837,AD000986,FA004,T2,train,met_family,1198.7,2516.0,1186.0357221430029,2511.256092890609,dwell,,positive,37.32800753573899,1.1098606920552958,False,False,False
VS000838,AD002176,FA004,T2,train,met_borrower,770.8,2469.3,772.2,2472.6,trail_tail,10.0,positive,55.8004193370288,1.1098606920552958,False,False,False
VS000839,AD001767,FA004,T2,train,met_borrower,817.5,2511.6,804.0698694489865,2513.787173298035,dwell,,positive,57.31269999260167,1.1098606920552958,False,False,False
VS000840,AD002728,FA004,T2,train,met_borrower,807.3,3059.8,801.1666666666666,3067.5833333333335,trail_tail,12.0,positive,56.12804298198462,1.1098606920552958,False,False,False
VS000841,AD001494,FA006,T2,train,met_borrower,721.8,-3050.8,725.4,-3044.2,trail_tail,10.0,positive,51.55986811464902,1.0,False,False,False
VS000842,AD000355,FA006,T2,train,met_borrower,718.6,-3240.2,718.6,-3240.2,checkin,,positive,61.829523692165104,1.0,False,False,False
VS000843,AD000069,FA006,T2,train,met_borrower,1109.5,-3453.1,1107.25,-3478.75,trail_tail,4.0,positive,52.37704649939705,1.0,False,False,False
VS000844,AD001127,FA006,T2,test,met_family,619.4,-3376.7,619.4,-3376.7,checkin,,positive,36.43833832654833,1.0,False,False,False
VS000845,AD000141,FA006,T2,train,address_not_traceable,1403.3,-1457.4,1403.3,-1457.4,checkin,,negative,,1.0,False,False,False
VS000846,AD000924,FA006,T2,train,met_family,505.3,-2713.5,504.8216453841323,-2716.4230688716766,dwell,7.0,positive,30.448891605442718,1.0,False,False,False
VS000847,AD001794,FA006,T2,train,met_borrower,954.9,-2947.3,954.9,-2947.3,checkin,,positive,57.46324912498426,1.0,False,False,False
VS000848,AD001520,FA007,T3,train,met_family,-569.1,-3663.1,-628.3054813543112,-3710.3096694770393,dwell,,positive,64.0381928082696,1.3663037714355222,False,False,False
VS000849,AD002932,FA007,T3,test,met_borrower,-625.4,-3685.8,-625.4,-3685.8,checkin,,positive,81.39329708208875,1.3663037714355222,False,False,False
VS000850,AD001715,FA007,T3,train,address_not_traceable,-1540.3,-1159.9,-1528.0,-1172.0,trail_tail,2.0,negative,,1.3663037714355222,False,False,False
VS000851,AD000607,FA007,T3,train,address_not_traceable,-316.0,-3669.4,-320.3333333333333,-3676.6666666666665,trail_tail,3.0,negative,,1.3663037714355222,False,False,False
VS000852,AD000632,FA007,T3,train,neighbour_says_shifted,-888.2,-3833.5,-882.1927034611786,-3850.6089803554723,dwell,8.0,positive,23.94396195593127,1.3663037714355222,False,False,False
VS000853,AD000576,FA007,T3,train,locked_premises,-487.1,-3696.8,-488.5,-3690.0,trail_tail,4.0,positive,43.753998372237625,1.3663037714355222,False,False,False
VS000854,AD002551,FA009,T3,train,address_not_traceable,2322.3,-764.6,2323.6666666666665,-772.3333333333334,trail_tail,3.0,negative,,1.0,True,True,True
VS000855,AD000781,FA009,T3,train,met_family,3757.7,516.5,3748.2058883311975,508.20139692551805,dwell,,positive,33.78971737082155,1.0,False,False,False
VS000856,AD001121,FA009,T3,test,address_not_traceable,3863.3,917.1,3863.3,917.1,checkin,,negative,,1.0,False,False,False
VS000857,AD001880,FA009,T3,train,met_family,2338.6,-790.3,2335.671280276817,-792.4913494809689,dwell,6.0,positive,30.958399506434436,1.0,False,True,True
VS000858,AD001466,FA009,T3,train,locked_premises,3611.5,-26.7,3634.0,-16.0,trail_tail,4.0,positive,34.2190736286066,1.0,False,False,False
VS000859,AD000645,FA009,T3,train,address_not_traceable,-3728.6,-780.1,-3728.4285714285716,-782.8571428571429,trail_tail,7.0,negative,,1.0,True,True,True
VS000860,AD002889,FA009,T3,test,address_not_traceable,-3754.2,-781.5,-3754.2,-781.5,checkin,,negative,,1.0,True,True,True
VS000861,AD001422,FA009,T3,train,address_not_traceable,3725.4,388.4,3728.0,379.5,trail_tail,2.0,negative,,1.0,False,False,False
VS000862,AD001620,FA008,T3,train,address_not_traceable,-609.6,-3448.8,-609.6,-3448.8,checkin,,negative,,1.4612131704915665,False,False,False
VS000863,AD001386,FA008,T3,train,neighbour_says_shifted,-421.5,-3401.8,-421.5,-3401.8,checkin,,positive,40.22272924167733,1.4612131704915665,False,False,False
VS000864,AD002720,FA008,T3,train,no_such_person,-805.0,-3549.8,-805.0,-3549.8,checkin,,positive,66.9391944497016,1.4612131704915665,False,False,False
VS000865,AD001864,FA008,T3,train,locked_premises,3.7,-3872.6,-180.8194961444031,-3917.2064382348494,dwell,,positive,51.23261142492975,1.4612131704915665,False,False,False
VS000866,AD002424,FA008,T3,test,cash_collected,-513.7,-3305.8,-513.7,-3305.8,checkin,,positive,95.39151107759321,1.4612131704915665,False,False,False
VS000867,AD002722,FA008,T3,train,address_not_traceable,-1598.9,-1080.8,-1598.9,-1080.8,checkin,,negative,,1.4612131704915665,False,False,False
VS000868,AD001162,FA008,T3,train,address_not_traceable,-729.2,-3522.6,-729.2,-3522.6,checkin,,negative,,1.4612131704915665,False,False,False
VS000869,AD001516,FA003,T1,train,address_not_traceable,2037.3,-1984.0,2037.3,-1984.0,checkin,,negative,,1.0,False,False,False
VS000870,AD000037,FA003,T1,train,address_not_traceable,1395.2,-2414.6,1395.2,-2414.6,checkin,,negative,,1.0,False,False,False
VS000871,AD002624,FA003,T1,validation,address_not_traceable,781.4,-2750.8,781.4,-2750.8,checkin,,negative,,1.0,False,False,False
VS000872,AD000936,FA003,T1,train,address_not_traceable,642.3,-3251.0,646.6666666666666,-3254.0,trail_tail,3.0,negative,,1.0,False,False,False
VS000873,AD001083,FA003,T1,train,locked_premises,805.6,-3288.4,804.5,-3288.5,trail_tail,2.0,positive,31.615502526450534,1.0,False,False,False
VS000874,AD002621,FA003,T1,train,locked_premises,856.1,-3104.2,856.1,-3104.2,checkin,,positive,40.74398728646969,1.0,False,False,False
VS000875,AD000369,FA003,T1,validation,met_family,671.2,-3324.1,719.6366334617867,-3218.988792305505,dwell,,positive,33.325853327409334,1.0,False,False,False
VS000876,AD002103,FA003,T1,test,met_borrower,290.3,-2696.4,305.1,-2742.0,trail_tail,10.0,positive,55.71285758242883,1.0,False,False,False
VS000877,AD002911,FA002,T1,train,met_borrower,2896.6,-2131.3,2905.0,-2208.6,trail_tail,10.0,positive,61.85687108155401,1.0,False,False,False
VS000878,AD001383,FA002,T1,validation,locked_premises,2832.2,-2339.2,2844.0,-2344.3333333333335,trail_tail,3.0,positive,31.709304628137172,1.0,False,False,False
VS000879,AD002308,FA002,T1,train,met_family,3070.5,-2648.5,3070.5,-2648.5,checkin,,positive,31.10409940827736,1.0,False,False,False
VS000880,AD001364,FA002,T1,train,cash_collected,2964.4,-2497.0,2953.6666666666665,-2505.0,trail_tail,3.0,positive,66.55373768617358,1.0,False,False,False
VS000881,AD002404,FA002,T1,train,locked_premises,3142.2,-2121.1,3142.2,-2121.1,checkin,,positive,36.432162988216895,1.0,False,False,False
VS000882,AD000646,FA002,T1,train,met_borrower,2433.3,-2248.8,2439.909090909091,-2254.7272727272725,trail_tail,11.0,positive,51.77878426537261,1.0,False,False,False
VS000883,AD000169,FA002,T1,test,address_not_traceable,2622.5,-2207.1,2622.5,-2207.1,checkin,,negative,,1.0,False,False,False
VS000884,AD000360,FA002,T1,test,locked_premises,2823.6,-2388.9,3066.4183006535945,-2377.9803921568628,dwell,,positive,30.997620876447932,1.0,False,False,False
VS000885,AD002673,FA002,T1,train,met_borrower,2617.6,-2275.3,2617.6,-2275.3,checkin,,positive,55.888035392201765,1.0,False,False,False
VS000886,AD000285,FA001,T1,validation,met_family,381.0,2789.5,381.0,2789.5,checkin,,positive,37.08062162369989,1.0,False,False,False
VS000887,AD001041,FA001,T1,train,address_not_traceable,1842.4,1327.1,1842.4,1327.1,checkin,,negative,,1.0,False,False,False
VS000888,AD002196,FA001,T1,train,met_family,209.9,2274.6,209.9,2274.6,checkin,,positive,33.681337562513754,1.0,False,False,False
VS000889,AD001191,FA001,T1,train,met_borrower,366.9,2806.8,375.42857142857144,2793.0,trail_tail,7.0,positive,51.349513142774796,1.0,False,False,False
VS000890,AD002861,FA001,T1,test,met_family,140.0,2571.7,128.2235961712168,2571.423141433744,dwell,3.0,positive,34.3195643911749,1.0,False,False,False
VS000891,AD002687,FA001,T1,train,address_not_traceable,46.8,2309.8,46.8,2309.8,checkin,,negative,,1.0,False,False,False
VS000892,AD000231,FA001,T1,train,locked_premises,211.8,2554.7,205.33333333333334,2581.3333333333335,trail_tail,3.0,positive,34.02781950110824,1.0,False,False,False
VS000893,AD000151,FA006,T2,train,met_borrower,-749.2,3343.4,-746.5,3348.5,trail_tail,2.0,positive,54.45557822666104,1.0,False,False,False
VS000894,AD002953,FA006,T2,train,address_not_traceable,687.3,-1656.5,686.0,-1649.0,trail_tail,2.0,negative,,1.0,False,False,False
VS000895,AD001765,FA006,T2,train,locked_premises,2325.8,-1067.6,2260.0,-1096.5,trail_tail,2.0,positive,50.0960078249755,1.0,False,False,False
VS000896,AD000768,FA006,T2,test,met_family,2647.8,-1552.5,2643.3482280431435,-1595.8443759630202,dwell,3.0,positive,37.940380862611285,1.0,False,False,False
VS000897,AD000797,FA006,T2,validation,neighbour_says_shifted,2502.3,-1149.1,2494.0,-1149.0,trail_tail,3.0,positive,16.860753245332806,1.0,False,False,False
VS000898,AD001971,FA006,T2,train,locked_premises,2695.0,-1291.7,2695.0,-1291.7,checkin,,positive,32.29833587044385,1.0,False,False,False
VS000899,AD002772,FA006,T2,train,met_family,2545.8,-924.4,2545.8,-924.4,checkin,,positive,37.05077597028168,1.0,False,False,False
VS000900,AD002489,FA004,T2,train,locked_premises,-344.6,-385.0,-383.0,-403.5,trail_tail,2.0,positive,41.1806178582897,1.1098606920552958,False,False,False
VS000901,AD002906,FA004,T2,validation,address_not_traceable,-442.4,-502.9,-439.6666666666667,-499.6666666666667,trail_tail,3.0,negative,,1.1098606920552958,False,False,False
VS000902,AD000105,FA004,T2,test,address_not_traceable,-528.7,-606.9,-517.0,-606.0,trail_tail,2.0,negative,,1.1098606920552958,False,False,False
VS000903,AD001003,FA004,T2,train,address_not_traceable,-554.8,-276.2,-567.5,-257.0,trail_tail,2.0,negative,,1.1098606920552958,False,False,False
VS000904,AD002045,FA004,T2,train,locked_premises,-955.2,-790.5,-955.2,-790.5,checkin,,positive,35.84029572284303,1.1098606920552958,False,False,False
VS000905,AD000624,FA004,T2,test,met_borrower,-129.2,-247.7,-119.5,-254.16666666666666,trail_tail,6.0,positive,56.15316562597541,1.1098606920552958,False,False,False
VS000906,AD002719,FA004,T2,train,address_not_traceable,-1042.9,-690.4,-1032.0,-690.5,trail_tail,2.0,negative,,1.1098606920552958,False,False,False
VS000907,AD002784,FA004,T2,test,no_such_person,-572.6,-300.7,-572.6,-300.7,checkin,,positive,56.040299792639544,1.1098606920552958,False,False,False
VS000908,AD000642,FA005,T2,train,locked_premises,674.2,-327.5,679.3333333333334,-330.3333333333333,trail_tail,3.0,positive,32.13211010811459,1.0,False,False,False
VS000909,AD001577,FA005,T2,train,neighbour_says_shifted,930.2,421.0,930.2,421.0,checkin,,positive,27.743467699622556,1.0,False,False,False
VS000910,AD000386,FA005,T2,train,met_borrower,1270.7,128.3,1345.3033073539063,156.15836946391815,dwell,,positive,70.06964392659633,1.0,False,False,False
VS000911,AD001136,FA005,T2,test,address_not_traceable,1402.7,-33.6,1398.5,-32.5,trail_tail,2.0,negative,,1.0,False,False,False
VS000912,AD002357,FA005,T2,test,met_family,888.5,545.7,1024.695612394916,313.99537073065056,dwell,,positive,31.965215469319148,1.0,False,False,False
VS000913,AD001152,FA005,T2,test,met_family,1309.3,337.0,1488.982800982801,366.42416796962254,dwell,,positive,31.761808827584115,1.0,False,False,False
VS000914,AD002284,FA005,T2,validation,met_family,729.1,-41.5,679.590909090909,-22.727272727272727,dwell,2.0,positive,38.99365332974073,1.0,False,False,False
VS000915,AD001128,FA009,T3,train,met_borrower,908.5,-1401.3,908.5,-1401.3,checkin,,positive,59.701633143491144,1.0,False,False,False
VS000916,AD001053,FA009,T3,train,met_family,957.1,-707.6,899.4683232869972,-722.076885225735,dwell,,positive,44.485418959474806,1.0,False,False,False
VS000917,AD002933,FA009,T3,train,address_not_traceable,-3716.3,-804.7,-3722.3333333333335,-809.5555555555555,trail_tail,9.0,negative,,1.0,True,True,True
VS000918,AD001890,FA009,T3,train,address_not_traceable,1209.4,-534.2,1209.4,-534.2,checkin,,negative,,1.0,False,False,False
VS000919,AD002891,FA009,T3,train,locked_premises,526.1,-937.1,526.1,-937.1,checkin,,positive,50.397370963176236,1.0,False,False,False
VS000920,AD002896,FA009,T3,train,met_family,1115.6,-481.5,1068.884578997162,-448.9044465468307,dwell,,positive,45.468588058130834,1.0,False,False,False
VS000921,AD000155,FA009,T3,train,address_not_traceable,2306.2,-772.7,2306.2,-772.7,checkin,,negative,,1.0,True,True,True
VS000922,AD002411,FA009,T3,train,address_not_traceable,-3747.4,-771.5,-3749.0,-778.0,trail_tail,2.0,negative,,1.0,False,True,True
VS000923,AD000354,FA009,T3,train,met_family,971.6,-1034.8,967.8210376011424,-1041.5116611137555,dwell,6.0,positive,30.686967917994117,1.0,False,False,False
VS000924,AD000801,FA009,T3,train,met_borrower,1199.0,-546.3,1204.3846153846155,-531.6923076923077,trail_tail,13.0,positive,51.2412187599007,1.0,False,False,False
VS000925,AD002867,FA007,T3,train,neighbour_says_shifted,-2344.4,1720.9,-2333.539856008861,1723.5626361454676,dwell,5.0,positive,25.009424520984584,1.3663037714355222,False,False,False
VS000926,AD000869,FA007,T3,train,met_borrower,-2102.1,1679.8,-2102.1,1679.8,checkin,,positive,70.6909053501667,1.3663037714355222,False,False,False
VS000927,AD000324,FA007,T3,train,met_borrower,-2642.3,1717.4,-2642.3,1717.4,checkin,,positive,74.89367047503009,1.3663037714355222,False,False,False
VS000928,AD001555,FA007,T3,train,met_borrower,-2567.4,1783.4,-2583.0,1801.3333333333333,trail_tail,3.0,positive,71.5405839900112,1.3663037714355222,False,False,False
VS000929,AD001360,FA007,T3,train,met_family,-2310.1,1215.9,-2310.1,1215.9,checkin,,positive,45.29693687012962,1.3663037714355222,False,False,False
VS000930,AD001399,FA007,T3,train,address_not_traceable,-1963.7,1662.9,-1957.5,1665.0,trail_tail,2.0,negative,,1.3663037714355222,False,False,False
VS000931,AD001990,FA007,T3,train,met_borrower,-2911.8,1541.5,-2911.8,1541.5,checkin,,positive,74.913857666894,1.3663037714355222,False,False,False
VS000932,AD000398,FA007,T3,train,address_not_traceable,-2515.5,1475.7,-2515.5,1475.7,checkin,,negative,,1.3663037714355222,False,False,False
VS000933,AD000874,FA008,T3,train,met_family,-3857.9,-540.3,-3861.2704626334516,-583.644128113879,dwell,,positive,67.22827264668098,1.4612131704915665,False,False,False
VS000934,AD002397,FA008,T3,train,address_not_traceable,-3594.6,-763.6,-3582.3333333333335,-770.6666666666666,trail_tail,3.0,negative,,1.4612131704915665,False,False,False
VS000935,AD001798,FA008,T3,train,locked_premises,-3966.5,-1075.6,-3974.75,-1073.5,trail_tail,4.0,positive,47.223699204834176,1.4612131704915665,False,False,False
VS000936,AD002293,FA008,T3,train,met_borrower,-769.0,-977.9,-786.4057322973171,-991.7064213458436,dwell,,positive,77.51680781112327,1.4612131704915665,False,False,False
VS000937,AD000471,FA008,T3,train,address_not_traceable,-3839.2,-1027.2,-3839.2,-1027.2,checkin,,negative,,1.4612131704915665,False,False,False
VS000938,AD001091,FA008,T3,validation,met_borrower,-3691.6,-718.5,-3691.6,-718.5,checkin,,positive,80.72594456212309,1.4612131704915665,False,False,False
VS000939,AD000235,FA008,T3,train,neighbour_says_shifted,-3557.8,-771.9,-3565.3333333333335,-778.6666666666666,trail_tail,3.0,positive,30.955741526773174,1.4612131704915665,False,False,False
VS000940,AD002462,FA003,T1,train,met_family,2463.1,-2441.7,2463.1,-2441.7,checkin,,positive,40.98920589618681,1.0,False,False,False
VS000941,AD000602,FA003,T1,train,met_borrower,2968.2,-1913.8,2968.5759588738406,-1910.1438166898906,dwell,,positive,51.27387248882222,1.0,False,False,False
VS000942,AD001775,FA003,T1,train,address_not_traceable,2705.5,-2353.7,2703.5,-2355.5,trail_tail,2.0,negative,,1.0,False,False,False
VS000943,AD001063,FA003,T1,train,locked_premises,2911.4,-1833.7,3127.2222222222217,-1908.132275132275,dwell,,positive,30.62062213607032,1.0,False,False,False
VS000944,AD000529,FA003,T1,test,met_family,2952.4,-1877.9,2820.122259541769,-2101.448080356198,dwell,,positive,35.01046272187785,1.0,False,False,False
VS000945,AD000658,FA003,T1,train,met_borrower,2375.7,-2255.0,2375.7,-2255.0,checkin,,positive,55.77510645440313,1.0,False,False,False
VS000946,AD000867,FA003,T1,train,address_not_traceable,3159.9,-2454.7,3159.9,-2454.7,checkin,,negative,,1.0,False,False,False
VS000947,AD000589,FA003,T1,test,met_borrower,2660.5,-1848.1,2660.5,-1848.1,checkin,,positive,55.905053438843964,1.0,False,False,False
VS000948,AD000114,FA003,T1,train,locked_premises,2684.1,-1854.1,2684.1,-1854.1,checkin,,positive,42.28480814666187,1.0,False,False,False
VS000949,AD000475,FA003,T1,train,met_family,2593.3,-2256.9,2589.2090156650406,-2244.2864902921156,dwell,9.0,positive,33.77077138591895,1.0,False,False,False
VS000950,AD000066,FA001,T1,validation,locked_premises,1156.7,-205.0,1159.6666666666667,-184.66666666666666,trail_tail,3.0,positive,34.028407250413586,1.0,False,False,False
VS000951,AD000809,FA001,T1,train,met_borrower,686.0,77.6,686.0,77.6,checkin,,positive,53.1333228774561,1.0,False,False,False
VS000952,AD002979,FA001,T1,train,address_not_traceable,65.0,-246.4,60.0,-252.0,trail_tail,2.0,negative,,1.0,False,False,False
VS000953,AD000366,FA001,T1,train,address_not_traceable,1682.3,231.2,1682.3,231.2,checkin,,negative,,1.0,False,False,False
VS000954,AD001240,FA001,T1,train,neighbour_says_shifted,1349.7,-211.4,1335.3198443579763,-219.57821011673153,dwell,4.0,positive,18.516276623554756,1.0,False,False,False
VS000955,AD000836,FA001,T1,train,address_not_traceable,1067.9,-185.6,1064.6666666666667,-180.0,trail_tail,3.0,negative,,1.0,False,False,False
VS000956,AD003041,FA001,T1,test,met_borrower,735.8,-220.2,735.8,-220.2,checkin,,positive,55.24861989226518,1.0,False,False,False
VS000957,AD000488,FA001,T1,train,address_not_traceable,1138.2,-1153.8,1138.2,-1153.8,checkin,,negative,,1.0,False,False,False
VS000958,AD001973,FA001,T1,train,met_family,895.5,-398.4,882.9795642243315,-406.7689437831973,dwell,7.0,positive,31.264076829485948,1.0,False,False,False
VS000959,AD001676,FA002,T1,train,address_not_traceable,2159.3,-1810.3,2159.3,-1810.3,checkin,,negative,,1.0,False,False,False
VS000960,AD002215,FA002,T1,train,address_not_traceable,962.6,-3050.7,962.6,-3050.7,checkin,,negative,,1.0,False,False,False
VS000961,AD000286,FA002,T1,test,met_family,329.8,-3171.0,409.9444802504373,-3326.3534665316265,dwell,,positive,30.876690237135197,1.0,False,False,False
VS000962,AD002270,FA002,T1,train,met_borrower,734.7,-2939.5,734.7,-2939.5,checkin,,positive,62.049858984529536,1.0,False,False,False
VS000963,AD001414,FA002,T1,train,locked_premises,551.2,-2632.6,560.5,-2630.0,trail_tail,2.0,positive,31.463629796957623,1.0,False,False,False
VS000964,AD001012,FA002,T1,validation,neighbour_says_shifted,819.2,-3288.6,808.6666666666666,-3282.6666666666665,trail_tail,3.0,positive,22.088232161039958,1.0,False,False,False
VS000965,AD002711,FA002,T1,train,cash_collected,1407.5,-3321.3,1424.5,-3314.4,trail_tail,10.0,positive,66.33208122771364,1.0,False,False,False
VS000966,AD001991,FA002,T1,train,locked_premises,299.0,-3262.6,351.0,-3269.5,trail_tail,2.0,positive,38.69173038260243,1.0,False,False,False
VS000967,AD002987,FA002,T1,test,met_family,849.3,-3448.1,730.3518621456365,-3301.6399851769506,dwell,,positive,31.460530828325194,1.0,False,False,False
VS000968,AD002764,FA002,T1,train,address_not_traceable,542.5,-3401.3,542.5,-3401.3,checkin,,negative,,1.0,False,False,False
VS000969,AD002936,FA005,T2,train,locked_premises,1122.1,2974.2,1127.495084165053,2977.1703411291523,dwell,,positive,35.94054117566956,1.0,False,False,False
VS000970,AD001927,FA005,T2,train,met_family,1053.4,2416.6,1059.674418604651,2409.255813953488,dwell,5.0,positive,30.816067237725182,1.0,False,False,False
VS000971,AD002796,FA005,T2,test,address_not_traceable,844.6,216.2,846.5,233.5,trail_tail,2.0,negative,,1.0,False,False,False
VS000972,AD003050,FA005,T2,train,address_not_traceable,1027.2,2725.9,1031.0,2713.5,trail_tail,2.0,negative,,1.0,False,False,False
VS000973,AD000016,FA005,T2,validation,neighbour_says_shifted,655.5,2169.3,655.5,2169.3,checkin,,positive,20.086687133522055,1.0,False,False,False
VS000974,AD000268,FA005,T2,train,locked_premises,956.7,3025.5,975.0,3040.0,trail_tail,3.0,positive,33.03157580255595,1.0,False,False,False
VS000975,AD000711,FA005,T2,train,address_not_traceable,539.4,2811.6,539.4,2811.6,checkin,,negative,,1.0,False,False,False
VS000976,AD001811,FA005,T2,train,locked_premises,873.7,3184.7,873.7,3184.7,checkin,,positive,31.11117162692527,1.0,False,False,False
VS000977,AD003024,FA005,T2,train,address_not_traceable,1007.9,2782.0,1003.0,2790.0,trail_tail,2.0,negative,,1.0,False,False,False
VS000978,AD002501,FA005,T2,test,met_family,632.7,3037.8,632.7,3037.8,checkin,,positive,46.95511154283416,1.0,False,False,False
VS000979,AD002194,FA004,T2,train,met_borrower,1709.3,-1748.7,1720.25,-1749.5,trail_tail,12.0,positive,56.15494791927101,1.1098606920552958,False,False,False
VS000980,AD001954,FA004,T2,validation,met_family,1098.6,-1892.0,1112.083317700385,-1884.130997348314,dwell,2.0,positive,37.958046961296375,1.1098606920552958,False,False,False
VS000981,AD002244,FA004,T2,validation,met_family,1237.7,-1845.6,1239.0974999197665,-1851.3141307487404,dwell,11.0,positive,34.18213277228341,1.1098606920552958,False,False,False
VS000982,AD001731,FA004,T2,train,met_family,1229.5,-1897.1,1258.9402985074628,-1920.8059701492539,dwell,7.0,positive,39.939027479960004,1.1098606920552958,False,False,False
VS000983,AD001857,FA004,T2,validation,met_family,1642.1,-2214.1,1643.5195642799558,-2232.7818212497887,dwell,2.0,positive,38.215567468004565,1.1098606920552958,False,False,False
VS000984,AD001586,FA004,T2,validation,locked_premises,1559.2,-1849.4,1559.2,-1849.4,checkin,,positive,37.509186652503125,1.1098606920552958,False,False,False
VS000985,AD001528,FA004,T2,validation,address_not_traceable,1262.2,-2250.0,1262.2,-2250.0,checkin,,negative,,1.1098606920552958,False,False,False
VS000986,AD002748,FA004,T2,validation,met_family,1172.2,-1852.5,1157.6666666666667,-1875.3333333333333,trail_tail,3.0,positive,40.5924246338474,1.1098606920552958,False,False,False
VS000987,AD000921,FA004,T2,train,address_not_traceable,1528.7,-2195.5,1528.7,-2195.5,checkin,,negative,,1.1098606920552958,False,False,False
VS000988,AD000846,FA006,T2,train,address_not_traceable,-1548.1,-1737.7,-1550.0,-1746.0,trail_tail,2.0,negative,,1.0,False,False,False
VS000989,AD001647,FA006,T2,train,met_family,-1645.9,-2897.6,-1645.9,-2897.6,checkin,,positive,32.58976066190117,1.0,False,False,False
VS000990,AD001447,FA006,T2,validation,met_family,-1366.7,-2840.0,-1331.3833730473923,-2867.323537198835,dwell,7.0,positive,38.49120029305401,1.0,False,False,False
VS000991,AD002131,FA006,T2,validation,met_family,-1539.2,-2450.6,-1524.9308772390264,-2454.1670494062073,dwell,7.0,positive,32.50615326365149,1.0,False,False,False
VS000992,AD000379,FA006,T2,train,address_not_traceable,-1584.4,-2825.7,-1584.4,-2825.7,checkin,,negative,,1.0,False,False,False
VS000993,AD001351,FA006,T2,train,met_borrower,1493.2,396.7,1502.0,352.0,trail_tail,3.0,positive,56.76726609587606,1.0,False,False,False
VS000994,AD000153,FA009,T3,test,locked_premises,-2294.5,-154.5,-2294.5,-154.5,checkin,,positive,42.28610883020569,1.0,False,False,False
VS000995,AD001776,FA009,T3,validation,address_not_traceable,-3955.0,-694.5,-3955.0,-694.5,checkin,,negative,,1.0,False,False,False
VS000996,AD001458,FA009,T3,validation,met_borrower,-3734.4,-762.5,-3740.8,-775.0,trail_tail,5.0,positive,52.705716008797374,1.0,True,True,True
VS000997,AD001384,FA009,T3,train,locked_premises,-2724.5,-471.0,-2724.5,-471.0,checkin,,positive,33.876282263554245,1.0,False,False,False
VS000998,AD002333,FA009,T3,validation,address_not_traceable,-2693.3,-94.6,-2687.0,-92.5,trail_tail,2.0,negative,,1.0,False,False,False
VS000999,AD001754,FA009,T3,train,locked_premises,2319.2,-787.2,2318.6666666666665,-782.5,trail_tail,6.0,positive,32.03841444266554,1.0,True,True,True
VS001000,AD000170,FA009,T3,train,address_not_traceable,-3939.9,-968.2,-3939.9,-968.2,checkin,,negative,,1.0,False,False,False
VS001001,AD001064,FA009,T3,train,met_borrower,2322.5,-766.2,2330.3333333333335,-783.6666666666666,trail_tail,3.0,positive,51.702635329352404,1.0,True,True,True
VS001002,AD001868,FA009,T3,train,locked_premises,2347.0,-778.8,2347.0,-778.8,checkin,,positive,32.96149268464642,1.0,False,True,True
VS001003,AD000098,FA008,T3,train,address_not_traceable,-2708.2,1581.7,-2708.2,1581.7,checkin,,negative,,1.4612131704915665,False,False,False
VS001004,AD002504,FA008,T3,validation,address_not_traceable,-2169.2,1457.7,-2166.3333333333335,1457.0,trail_tail,3.0,negative,,1.4612131704915665,False,False,False
VS001005,AD002068,FA008,T3,train,locked_premises,-2053.8,1535.2,-2053.8,1535.2,checkin,,positive,54.55689408503206,1.4612131704915665,False,False,False
VS001006,AD002903,FA008,T3,train,locked_premises,-2246.8,1646.2,-2246.8,1646.2,checkin,,positive,48.776512563884296,1.4612131704915665,False,False,False
VS001007,AD002696,FA008,T3,validation,met_borrower,-2624.7,672.2,-2624.7,672.2,checkin,,positive,74.49654685984352,1.4612131704915665,False,False,False
VS001008,AD001722,FA008,T3,test,met_family,-2288.6,1271.9,-2241.149101326064,1296.9394261424018,dwell,8.0,positive,60.021054081945394,1.4612131704915665,False,False,False
VS001009,AD000323,FA008,T3,train,locked_premises,-2525.3,1863.1,-2526.75,1866.75,trail_tail,4.0,positive,44.31898328542582,1.4612131704915665,False,False,False
VS001010,AD001212,FA008,T3,test,met_borrower,-2997.2,1380.8,-2966.285714285714,1347.2857142857142,trail_tail,7.0,positive,80.61289387206119,1.4612131704915665,False,False,False
VS001011,AD002298,FA007,T3,validation,address_not_traceable,3018.0,-2255.1,3002.0,-2243.0,trail_tail,3.0,negative,,1.3663037714355222,False,False,False
VS001012,AD000870,FA007,T3,train,met_family,3340.1,-2384.2,3333.8858509911142,-2389.978127136022,dwell,9.0,positive,41.875650349054766,1.3663037714355222,False,False,False
VS001013,AD001078,FA007,T3,train,met_borrower,2934.4,-2084.4,2942.8353413654618,-2040.6144578313251,dwell,,positive,81.91147794469674,1.3663037714355222,False,False,False
VS001014,AD001039,FA007,T3,train,met_borrower,2977.4,-2372.7,2956.4,-2373.2,trail_tail,5.0,positive,72.56439844612503,1.3663037714355222,False,False,False
VS001015,AD002044,FA007,T3,train,address_not_traceable,3214.1,-2154.7,3226.5,-2150.0,trail_tail,2.0,negative,,1.3663037714355222,False,False,False
VS001016,AD002321,FA007,T3,train,address_not_traceable,3140.9,-1696.5,3144.0,-1684.5,trail_tail,2.0,negative,,1.3663037714355222,False,False,False
VS001017,AD002134,FA007,T3,test,locked_premises,3132.2,-1902.1,3130.5,-1902.25,trail_tail,4.0,positive,41.90506233942144,1.3663037714355222,False,False,False
VS001018,AD001154,FA001,T1,test,locked_premises,-2619.4,1725.2,-2619.4,1725.2,checkin,,positive,42.231978404995445,1.0,False,False,False
VS001019,AD001815,FA001,T1,train,met_family,-2481.9,1022.8,-2477.2344739481023,1021.3749192961249,dwell,6.0,positive,31.127198717520344,1.0,False,False,False
VS001020,AD000238,FA001,T1,train,met_borrower,-2851.5,982.4,-2857.828112449799,993.4481927710843,dwell,,positive,53.45196441666106,1.0,False,False,False
VS001021,AD000026,FA001,T1,test,address_not_traceable,-2889.6,868.5,-2894.6666666666665,872.3333333333334,trail_tail,3.0,negative,,1.0,False,False,False
VS001022,AD001314,FA001,T1,train,locked_premises,-2372.6,1265.4,-2440.3333333333335,1281.0,trail_tail,3.0,positive,45.685117926957375,1.0,False,False,False
VS001023,AD001042,FA001,T1,train,met_family,-2954.9,885.0,-2986.809141435847,803.432224090591,dwell,9.0,positive,53.30855935025818,1.0,False,False,False
VS001024,AD001790,FA001,T1,train,locked_premises,-3095.9,1569.3,-3123.0,1544.3333333333333,trail_tail,3.0,positive,38.51863185524634,1.0,False,False,False
VS001025,AD000649,FA001,T1,validation,address_not_traceable,-2614.1,1157.8,-2616.0,1164.0,trail_tail,2.0,negative,,1.0,False,False,False
VS001026,AD001200,FA001,T1,train,met_borrower,-2824.4,850.0,-2824.6666666666665,846.5555555555555,trail_tail,9.0,positive,50.55986550615023,1.0,False,False,False
VS001027,AD003026,FA002,T1,test,address_not_traceable,2736.1,-2412.2,2740.0,-2426.3333333333335,trail_tail,3.0,negative,,1.0,False,False,False
VS001028,AD001978,FA002,T1,train,neighbour_says_shifted,3082.2,-2539.0,3082.2,-2539.0,checkin,,positive,28.754130138120964,1.0,False,False,False
VS001029,AD000735,FA002,T1,validation,met_borrower,2701.5,-2383.6,2683.9644791229193,-2372.7370305696163,dwell,,positive,55.62465730231512,1.0,False,False,False
VS001030,AD002414,FA002,T1,train,met_family,2902.1,-1790.1,2909.4933926468666,-1791.1345021588384,dwell,5.0,positive,31.30758693990963,1.0,False,False,False
VS001031,AD002457,FA002,T1,train,address_not_traceable,2569.0,-2301.3,2569.0,-2301.3,checkin,,negative,,1.0,False,False,False
VS001032,AD000832,FA002,T1,train,address_not_traceable,2571.1,-2180.2,2552.6666666666665,-2177.6666666666665,trail_tail,3.0,negative,,1.0,False,False,False
VS001033,AD001724,FA002,T1,validation,address_not_traceable,2344.8,-1230.0,2342.3333333333335,-1221.3333333333333,trail_tail,3.0,negative,,1.0,False,False,False
VS001034,AD002707,FA002,T1,train,locked_premises,2718.2,-2194.9,2476.345661450924,-2345.6539321276164,dwell,,positive,31.188339167066918,1.0,False,False,False
VS001035,AD003085,FA002,T1,train,met_family,3342.8,-2051.4,3342.8,-2051.4,checkin,,positive,39.855990766759234,1.0,False,False,False
VS001036,AD000389,FA002,T1,train,address_not_traceable,698.2,-1328.7,698.2,-1328.7,checkin,,negative,,1.0,False,False,False
VS001037,AD002046,FA003,T1,train,met_family,-1008.3,-3577.5,-1008.3,-3577.5,checkin,,positive,38.9541397029892,1.0,False,False,False
VS001038,AD003010,FA003,T1,train,locked_premises,-1195.4,-3108.0,-1195.4,-3108.0,checkin,,positive,32.856506205012124,1.0,False,False,False
VS001039,AD002315,FA003,T1,train,address_not_traceable,435.8,2304.1,435.8,2304.1,checkin,,negative,,1.0,False,False,False
VS001040,AD001789,FA003,T1,train,address_not_traceable,-1017.2,-3111.0,-1017.2,-3111.0,checkin,,negative,,1.0,False,False,False
VS001041,AD001742,FA003,T1,train,met_borrower,-1445.8,-3096.5,-1437.6963638661455,-3081.0786888180464,dwell,,positive,51.556498135540586,1.0,False,False,False
VS001042,AD000562,FA003,T1,validation,met_borrower,-743.9,-3253.8,-744.5,-3256.0,trail_tail,2.0,positive,52.335958002123164,1.0,False,False,False
VS001043,AD001130,FA003,T1,test,met_family,-784.8,-3314.6,-766.5288135593219,-3324.403389830508,dwell,6.0,positive,31.91801998871484,1.0,False,False,False
VS001044,AD001239,FA003,T1,train,address_not_traceable,-1141.2,-3525.0,-1132.0,-3537.0,trail_tail,2.0,negative,,1.0,False,False,False
VS001045,AD001465,FA005,T2,train,met_borrower,-777.4,-740.1,-785.2222222222222,-746.6666666666666,trail_tail,9.0,positive,51.002475430120064,1.0,False,False,False
VS001046,AD000975,FA005,T2,train,address_not_traceable,-589.6,-481.4,-589.6,-481.4,checkin,,negative,,1.0,False,False,False
VS001047,AD001963,FA005,T2,validation,met_borrower,-316.7,-734.8,-318.3333333333333,-732.6666666666666,trail_tail,3.0,positive,50.68996449002504,1.0,False,False,False
VS001048,AD000472,FA005,T2,train,locked_premises,-291.7,-287.2,-291.7,-287.2,checkin,,positive,31.455404940963643,1.0,False,False,False
VS001049,AD001682,FA005,T2,test,neighbour_says_shifted,-630.0,-457.9,-637.0,-318.0,dwell,,positive,21.012198837817998,1.0,False,False,False
VS001050,AD000579,FA005,T2,train,address_not_traceable,-205.6,-214.8,-218.0,-219.0,trail_tail,3.0,negative,,1.0,False,False,False
VS001051,AD002027,FA005,T2,test,cash_collected,-393.9,-423.0,-369.7576595374176,-637.810176062337,dwell,,positive,65.57707297524037,1.0,False,False,False
VS001052,AD001726,FA004,T2,validation,locked_premises,3229.9,820.8,3229.9,820.8,checkin,,positive,38.04738592409681,1.1098606920552958,False,False,False
VS001053,AD002751,FA004,T2,train,locked_premises,3082.2,450.0,3106.9416027768248,455.5262234428043,dwell,,positive,38.097493979567176,1.1098606920552958,False,False,False
VS001054,AD000404,FA004,T2,train,met_borrower,2958.8,1035.5,2990.918591562446,983.8804083389961,dwell,,positive,66.41403506451994,1.1098606920552958,False,False,False
VS001055,AD002213,FA004,T2,train,cash_collected,2874.9,629.2,2848.25,625.75,trail_tail,4.0,positive,74.07605118527246,1.1098606920552958,False,False,False
VS001056,AD001929,FA004,T2,validation,met_family,3091.4,236.2,3091.4,236.2,checkin,,positive,39.028768447032384,1.1098606920552958,False,False,False
VS001057,AD001254,FA004,T2,train,locked_premises,2724.2,250.4,2734.25,261.25,trail_tail,4.0,positive,35.60024144164813,1.1098606920552958,False,False,False
VS001058,AD002568,FA004,T2,validation,no_such_person,3165.8,331.6,3160.0,323.8,trail_tail,5.0,positive,50.654533200944364,1.1098606920552958,False,False,False
VS001059,AD002634,FA004,T2,validation,met_borrower,270.1,-3296.1,285.281698530986,-3383.3027852442797,dwell,,positive,56.92076129099673,1.1098606920552958,False,False,False
VS001060,AD002945,FA004,T2,train,address_not_traceable,3066.9,662.8,3069.0,659.6666666666666,trail_tail,3.0,negative,,1.1098606920552958,False,False,False
VS001061,AD001318,FA006,T2,train,address_not_traceable,1267.3,-44.7,1267.3,-44.7,checkin,,negative,,1.0,False,False,False
VS001062,AD002541,FA006,T2,train,met_borrower,1337.2,90.6,1337.2,90.6,checkin,,positive,81.00493812108,1.0,False,False,False
VS001063,AD002123,FA006,T2,test,met_borrower,1115.5,212.5,1115.5,212.5,checkin,,positive,62.43448566297315,1.0,False,False,False
VS001064,AD001156,FA006,T2,train,met_family,641.3,-289.3,641.3,-289.3,checkin,,positive,32.9105606150974,1.0,False,False,False
VS001065,AD001417,FA006,T2,train,locked_premises,1202.2,-435.2,1203.5,-451.5,trail_tail,4.0,positive,32.18027346061559,1.0,False,False,False
VS001066,AD000703,FA006,T2,train,locked_premises,1277.3,150.4,1277.3,150.4,checkin,,positive,32.93497381204363,1.0,False,False,False
VS001067,AD001499,FA008,T3,train,locked_premises,3528.2,7.2,3516.25,-1.5,trail_tail,4.0,positive,45.96160028856121,1.4612131704915665,False,False,False
VS001068,AD000722,FA008,T3,test,address_not_traceable,3878.3,325.3,3879.6666666666665,327.0,trail_tail,3.0,negative,,1.4612131704915665,False,False,False
VS001069,AD002737,FA008,T3,train,address_not_traceable,3898.9,270.5,3898.9,270.5,checkin,,negative,,1.4612131704915665,False,False,False
VS001070,AD001832,FA008,T3,train,met_family,4041.2,119.4,4041.2,119.4,checkin,,positive,56.88024477013862,1.4612131704915665,False,False,False
VS001071,AD000982,FA008,T3,train,met_family,4209.7,576.3,4005.6989078272377,786.2367201720999,dwell,,positive,45.73818967865681,1.4612131704915665,False,False,False
VS001072,AD002735,FA008,T3,train,address_not_traceable,3886.1,295.3,3886.1,295.3,checkin,,negative,,1.4612131704915665,False,False,False
VS001073,AD001885,FA008,T3,train,address_not_traceable,583.0,-225.9,583.0,-225.9,checkin,,negative,,1.4612131704915665,False,False,False
VS001074,AD000228,FA008,T3,train,address_not_traceable,3790.5,399.4,3790.5,399.4,checkin,,negative,,1.4612131704915665,False,False,False
VS001075,AD001574,FA008,T3,train,neighbour_says_shifted,3713.1,-58.4,3963.7058823529414,55.35294117647059,dwell,,positive,29.445620808519372,1.4612131704915665,False,False,False
VS001076,AD002157,FA007,T3,train,met_borrower,581.3,-760.1,581.3,-760.1,checkin,,positive,68.76886624809735,1.3663037714355222,False,False,False
VS001077,AD002819,FA007,T3,train,met_family,3312.8,1374.4,3307.687170474517,1372.1985940246045,dwell,6.0,positive,43.511144383249835,1.3663037714355222,False,False,False
VS001078,AD000239,FA007,T3,train,neighbour_says_shifted,1023.4,-720.5,1023.4,-720.5,checkin,,positive,35.87848405738017,1.3663037714355222,False,False,False
VS001079,AD001395,FA007,T3,train,neighbour_says_shifted,1379.1,-1076.6,1379.1,-1076.6,checkin,,positive,41.90305763224409,1.3663037714355222,False,False,False
VS001080,AD001216,FA007,T3,train,locked_premises,978.3,-984.2,978.3,-984.2,checkin,,positive,42.25574678389925,1.3663037714355222,False,False,False
VS001081,AD002049,FA007,T3,validation,met_borrower,4015.9,82.8,4056.8571428571427,89.14285714285714,trail_tail,7.0,positive,76.3013377904214,1.3663037714355222,False,False,False
VS001082,AD000587,FA007,T3,train,address_not_traceable,926.5,-790.4,926.5,-790.4,checkin,,negative,,1.3663037714355222,False,False,False
VS001083,AD000526,FA007,T3,train,met_family,1112.0,-515.9,1112.0,-515.9,checkin,,positive,67.31473079887336,1.3663037714355222,False,False,False
VS001084,AD001443,FA009,T3,train,met_family,-689.8,-3247.5,-689.3333333333334,-3260.0,trail_tail,3.0,positive,32.17036679927663,1.0,False,False,False
VS001085,AD000258,FA009,T3,train,met_borrower,-670.9,-3384.7,-672.8,-3400.8,trail_tail,5.0,positive,51.28766908331867,1.0,False,False,False
VS001086,AD000647,FA009,T3,train,address_not_traceable,-837.4,-3371.0,-835.6666666666666,-3362.6666666666665,trail_tail,3.0,negative,,1.0,False,False,False
VS001087,AD001472,FA009,T3,train,locked_premises,-420.0,-3929.7,-420.0,-3929.7,checkin,,positive,33.128273423165275,1.0,False,False,False
VS001088,AD002898,FA009,T3,train,address_not_traceable,-304.4,-3388.2,-304.4,-3388.2,checkin,,negative,,1.0,False,False,False
VS001089,AD002234,FA009,T3,train,met_borrower,-615.1,-3351.9,-615.1,-3351.9,checkin,,positive,50.915567364019424,1.0,False,False,False
VS001090,AD000627,FA009,T3,train,address_not_traceable,2317.7,-773.7,2308.8,-781.4,trail_tail,5.0,negative,,1.0,False,True,True
VS001091,AD003072,FA009,T3,train,neighbour_says_shifted,-804.9,-831.0,-760.0,-775.0,trail_tail,3.0,positive,39.71640089434086,1.0,False,False,False
VS001092,AD000446,FA009,T3,train,address_not_traceable,2336.7,-752.3,2336.7,-752.3,checkin,,negative,,1.0,True,True,True
VS001093,AD002916,FA009,T3,train,locked_premises,2324.8,-754.0,2327.3333333333335,-760.6666666666666,trail_tail,3.0,positive,31.12233924370081,1.0,True,True,True
VS001094,AD000779,FA002,T1,train,locked_premises,2200.5,837.1,2204.6666666666665,848.3333333333334,trail_tail,3.0,positive,32.094781507279336,1.0,False,False,False
VS001095,AD000209,FA002,T1,test,no_such_person,2685.8,1032.4,2679.0,1046.0,trail_tail,2.0,positive,46.21255240732761,1.0,False,False,False
VS001096,AD000668,FA002,T1,train,address_not_traceable,2228.4,794.2,2228.4,794.2,checkin,,negative,,1.0,False,False,False
VS001097,AD000669,FA002,T1,train,locked_premises,2270.7,612.7,2255.5,614.5,trail_tail,2.0,positive,34.38727962488453,1.0,False,False,False
VS001098,AD001616,FA002,T1,train,locked_premises,410.2,2268.7,419.25,2276.375,trail_tail,8.0,positive,31.424234278658247,1.0,False,False,False
VS001099,AD001408,FA002,T1,train,met_borrower,2602.5,956.1,2629.2,932.7,trail_tail,10.0,positive,53.45049111093368,1.0,False,False,False
VS001100,AD001207,FA002,T1,train,neighbour_says_shifted,2490.1,904.0,2482.666666666667,928.6666666666666,dwell,,positive,32.35602725922946,1.0,False,False,False
VS001101,AD001800,FA001,T1,train,address_not_traceable,2422.3,-2218.8,2421.3333333333335,-2209.3333333333335,trail_tail,3.0,negative,,1.0,False,False,False
VS001102,AD001372,FA001,T1,train,met_borrower,2899.1,-2737.4,2994.2355340860504,-2501.1038009499484,dwell,,positive,50.378889428013395,1.0,False,False,False
VS001103,AD000733,FA001,T1,test,met_borrower,2865.7,-2273.3,2852.6483545572282,-2269.3313596720186,dwell,,positive,51.92643835273127,1.0,False,False,False
VS001104,AD001484,FA001,T1,validation,address_not_traceable,2795.4,-2421.3,2798.5,-2429.0,trail_tail,2.0,negative,,1.0,False,False,False
VS001105,AD001336,FA001,T1,train,locked_premises,2709.5,-1810.6,2704.5,-1797.5,trail_tail,2.0,positive,32.81451660469798,1.0,False,False,False
VS001106,AD002920,FA001,T1,test,met_family,2745.4,-2558.5,2738.1174486561667,-2555.265595285328,dwell,9.0,positive,31.058050486146108,1.0,False,False,False
VS001107,AD001273,FA001,T1,train,locked_premises,2308.8,-2143.2,2340.3333333333335,-2200.0,trail_tail,3.0,positive,43.61605209094471,1.0,False,False,False
VS001108,AD000641,FA001,T1,train,address_not_traceable,2753.2,-2105.8,2753.2,-2105.8,checkin,,negative,,1.0,False,False,False
VS001109,AD001354,FA001,T1,train,address_not_traceable,2850.1,-2275.5,2847.0,-2268.5,trail_tail,2.0,negative,,1.0,False,False,False
VS001110,AD001821,FA001,T1,train,met_family,2485.4,-2381.9,2474.6248393611163,-2430.9144483201762,dwell,,positive,38.69925709881261,1.0,False,False,False
VS001111,AD002802,FA003,T1,train,met_family,695.6,-2790.3,690.3836268443598,-2778.285102332223,dwell,7.0,positive,31.233355567405834,1.0,False,False,False
VS001112,AD000201,FA003,T1,train,met_family,1541.4,1225.3,1547.0,1234.75,trail_tail,4.0,positive,31.221827300784298,1.0,False,False,False
VS001113,AD001753,FA003,T1,validation,met_borrower,940.3,-2893.9,915.0,-2896.5,trail_tail,2.0,positive,54.58328498725594,1.0,False,False,False
VS001114,AD000822,FA003,T1,train,locked_premises,431.3,-2855.5,431.3,-2855.5,checkin,,positive,37.017225719926664,1.0,False,False,False
VS001115,AD001900,FA003,T1,train,neighbour_says_shifted,699.4,-2681.9,700.5637920233869,-2701.421173522656,dwell,6.0,positive,19.97579785640611,1.0,False,False,False
VS001116,AD001879,FA003,T1,train,cash_collected,551.2,-2850.2,551.2,-2850.2,checkin,,positive,68.608891552043,1.0,False,False,False
VS001117,AD000041,FA003,T1,train,met_borrower,-628.0,-1274.5,-608.924071082391,-1093.3166397415187,dwell,,positive,50.581147673812225,1.0,False,False,False
VS001118,AD000917,FA006,T2,validation,address_not_traceable,845.7,2756.3,837.0,2754.6666666666665,trail_tail,3.0,negative,,1.0,False,False,False
VS001119,AD001339,FA006,T2,train,met_family,608.3,3028.8,723.5102040816327,2835.428571428571,dwell,,positive,30.511350347042985,1.0,False,False,False
VS001120,AD001505,FA006,T2,validation,met_borrower,1077.1,2669.1,1077.1,2669.1,checkin,,positive,52.883031304946954,1.0,False,False,False
VS001121,AD001937,FA006,T2,test,met_borrower,740.4,3085.7,741.6153846153846,3084.846153846154,trail_tail,13.0,positive,50.425811842745766,1.0,False,False,False
VS001122,AD001924,FA006,T2,train,address_not_traceable,861.9,1689.0,854.6666666666666,1681.0,trail_tail,3.0,negative,,1.0,False,False,False
VS001123,AD002499,FA006,T2,train,met_borrower,858.4,2773.5,852.0833333333334,2777.4166666666665,trail_tail,12.0,positive,50.34791455462679,1.0,False,False,False
VS001124,AD002057,FA006,T2,train,met_borrower,702.7,3033.0,702.7,3033.0,checkin,,positive,56.792010881813304,1.0,False,False,False
VS001125,AD000182,FA006,T2,test,address_not_traceable,1009.9,2912.7,1009.9,2912.7,checkin,,negative,,1.0,False,False,False
VS001126,AD002870,FA005,T2,train,locked_premises,1498.0,-2251.8,1492.0,-2259.0,trail_tail,2.0,positive,31.407323986611768,1.0,False,False,False
VS001127,AD000336,FA005,T2,train,address_not_traceable,1407.8,-1776.8,1412.0,-1772.0,trail_tail,3.0,negative,,1.0,False,False,False
VS001128,AD000275,FA005,T2,train,address_not_traceable,-2036.7,-1170.5,-2036.7,-1170.5,checkin,,negative,,1.0,False,False,False
VS001129,AD000756,FA005,T2,train,address_not_traceable,1062.4,-2160.4,1066.0,-2149.5,trail_tail,2.0,negative,,1.0,False,False,False
VS001130,AD002263,FA005,T2,train,met_borrower,1686.4,-2440.2,1686.4,-2440.2,checkin,,positive,69.1642248564964,1.0,False,False,False
VS001131,AD000821,FA005,T2,validation,address_not_traceable,1653.5,-2739.4,1640.3333333333333,-2735.3333333333335,trail_tail,3.0,negative,,1.0,False,False,False
VS001132,AD000817,FA005,T2,test,met_family,1480.7,-1962.5,1480.7,-1962.5,checkin,,positive,44.01959790820449,1.0,False,False,False
VS001133,AD001242,FA005,T2,train,no_such_person,1529.2,-2083.4,1526.7246915666722,-1863.5484198073348,dwell,,positive,45.5544728868637,1.0,False,False,False
VS001134,AD000338,FA005,T2,train,locked_premises,1205.3,-2016.5,1217.0,-2005.0,trail_tail,2.0,positive,36.43315797457037,1.0,False,False,False
VS001135,AD001996,FA005,T2,train,met_family,1662.1,-1760.7,1643.584739000696,-1767.4442682845986,dwell,6.0,positive,35.439737583678564,1.0,False,False,False
VS001136,AD002458,FA004,T2,test,address_not_traceable,718.0,-3040.5,705.3333333333334,-3042.6666666666665,trail_tail,3.0,negative,,1.1098606920552958,False,False,False
VS001137,AD000674,FA004,T2,train,address_not_traceable,1296.6,-1683.8,1296.5,-1679.5,trail_tail,2.0,negative,,1.1098606920552958,False,False,False
VS001138,AD000953,FA004,T2,validation,address_not_traceable,545.6,-3272.7,558.0,-3270.5,trail_tail,2.0,negative,,1.1098606920552958,False,False,False
VS001139,AD000581,FA004,T2,test,met_borrower,720.1,-3426.2,731.0,-3434.5,trail_tail,2.0,positive,56.50567178420441,1.1098606920552958,False,False,False
VS001140,AD001852,FA004,T2,train,neighbour_says_shifted,685.5,-3294.8,690.6363636363636,-3289.9090909090905,dwell,3.0,positive,20.5944961701769,1.1098606920552958,False,False,False
VS001141,AD000176,FA004,T2,train,met_borrower,847.8,-2714.1,847.8,-2714.1,checkin,,positive,62.46625394467569,1.1098606920552958,False,False,False
VS001142,AD002483,FA004,T2,test,neighbour_says_shifted,783.1,-2773.5,796.9999999999999,-2790.695238095238,dwell,3.0,positive,22.014024577268913,1.1098606920552958,False,False,False
VS001143,AD000364,FA004,T2,train,met_family,950.8,-3476.6,877.3483059692205,-3391.7980272189707,dwell,,positive,37.077653524516116,1.1098606920552958,False,False,False
VS001144,AD001055,FA004,T2,train,met_family,353.0,-3230.0,344.42857142857144,-3211.0,trail_tail,7.0,positive,36.30177712113279,1.1098606920552958,False,False,False
VS001145,AD001564,FA007,T3,train,address_not_traceable,-425.2,-3338.5,-434.3333333333333,-3330.6666666666665,trail_tail,3.0,negative,,1.3663037714355222,False,False,False
VS001146,AD001219,FA007,T3,train,address_not_traceable,1294.5,-3430.4,1290.0,-3437.0,trail_tail,2.0,negative,,1.3663037714355222,False,False,False
VS001147,AD002713,FA007,T3,test,address_not_traceable,-2499.0,-24.5,-2499.0,-24.5,checkin,,negative,,1.3663037714355222,False,False,False
VS001148,AD000505,FA007,T3,train,address_not_traceable,-2434.0,-511.8,-2432.5,-513.5,trail_tail,2.0,negative,,1.3663037714355222,False,False,False
VS001149,AD001138,FA007,T3,validation,locked_premises,-353.5,-3259.2,-362.0,-3301.5,trail_tail,2.0,positive,53.39630685983587,1.3663037714355222,False,False,False
VS001150,AD002402,FA007,T3,validation,met_family,-236.3,-3862.8,-276.76440460947504,-3851.6542893725996,dwell,4.0,positive,50.70151530945631,1.3663037714355222,False,False,False
VS001151,AD003012,FA007,T3,validation,met_family,-635.0,-3831.5,-650.7309071690136,-3830.1172713201704,dwell,7.0,positive,45.24100830886503,1.3663037714355222,False,False,False
VS001152,AD000574,FA007,T3,train,locked_premises,-67.0,-3856.9,-64.5,-3836.0,trail_tail,2.0,positive,45.138973293411894,1.3663037714355222,False,False,False
VS001153,AD001922,FA007,T3,train,met_borrower,-816.9,-3739.9,-827.8101629179116,-3726.7413310428446,dwell,,positive,71.24845138355519,1.3663037714355222,False,False,False
VS001154,AD002675,FA008,T3,train,met_family,-693.2,3159.5,-667.6666666666666,3193.3333333333335,dwell,4.0,positive,54.565747908679455,1.4612131704915665,False,False,False
VS001155,AD001587,FA008,T3,train,met_family,-815.9,2980.9,-810.1191742272075,2989.7627265973088,dwell,7.0,positive,49.09034755756286,1.4612131704915665,False,False,False
VS001156,AD002596,FA008,T3,train,no_such_person,-799.1,2801.6,-793.8333333333334,2805.1666666666665,trail_tail,6.0,positive,66.718463728772,1.4612131704915665,False,False,False
VS001157,AD000808,FA008,T3,test,met_family,-704.1,3095.5,-711.8456630668203,3387.227965204942,dwell,,positive,46.02995437710315,1.4612131704915665,False,False,False
VS001158,AD001521,FA008,T3,validation,met_borrower,-725.9,3281.9,-730.3333333333334,3299.3333333333335,trail_tail,3.0,positive,77.45112132527305,1.4612131704915665,False,False,False
VS001159,AD000654,FA008,T3,train,address_not_traceable,-1556.4,2259.9,-1556.4,2259.9,checkin,,negative,,1.4612131704915665,False,False,False
VS001160,AD000662,FA008,T3,validation,address_not_traceable,-641.8,3123.3,-641.8,3123.3,checkin,,negative,,1.4612131704915665,False,False,False
VS001161,AD000978,FA009,T3,train,address_not_traceable,-3742.5,-774.1,-3753.5,-780.0,trail_tail,2.0,negative,,1.0,False,True,True
VS001162,AD001262,FA009,T3,train,address_not_traceable,-727.5,-543.0,-727.5,-543.0,checkin,,negative,,1.0,False,False,False
VS001163,AD000099,FA009,T3,train,met_family,-341.2,-434.4,-349.0087780597487,-422.6437941240931,dwell,6.0,positive,31.946204782415077,1.0,False,False,False
VS001164,AD002254,FA009,T3,validation,address_not_traceable,2307.4,-785.9,2314.5,-768.75,trail_tail,4.0,negative,,1.0,True,True,True
VS001165,AD000915,FA009,T3,train,locked_premises,-753.9,-822.7,-753.9,-822.7,checkin,,positive,50.29249446985107,1.0,False,False,False
VS001166,AD002667,FA009,T3,train,met_borrower,-1418.7,-734.0,-1428.5,-736.0,trail_tail,6.0,positive,51.20129392896238,1.0,False,False,False
VS001167,AD000856,FA009,T3,train,met_family,-581.9,-859.2,-574.6720554272517,-866.8221709006928,dwell,6.0,positive,31.43966443841282,1.0,False,False,False
VS001168,AD001035,FA002,T1,train,met_family,1007.9,-409.3,978.4382978723404,-468.157811550152,dwell,5.0,positive,45.993097308183096,1.0,False,False,False
VS001169,AD000247,FA002,T1,validation,neighbour_says_shifted,789.6,-594.7,820.0,-565.0,dwell,,positive,29.217332184852193,1.0,False,False,False
VS001170,AD002067,FA002,T1,train,met_family,1042.0,-389.9,1038.8845722809767,-371.7887012564784,dwell,4.0,positive,35.377429245212255,1.0,False,False,False
VS001171,AD002169,FA002,T1,train,address_not_traceable,1040.2,-318.9,1040.2,-318.9,checkin,,negative,,1.0,False,False,False
VS001172,AD000788,FA002,T1,train,no_such_person,1293.7,-56.5,1290.5,-59.5,trail_tail,2.0,positive,46.10200646392737,1.0,False,False,False
VS001173,AD000002,FA002,T1,train,locked_premises,-2449.8,-2068.9,-2454.25,-2064.5,trail_tail,4.0,positive,30.618825908254543,1.0,False,False,False
VS001174,AD001088,FA002,T1,test,locked_premises,1478.1,-298.4,1333.5420054200542,-221.89701897018972,dwell,,positive,34.16112556693646,1.0,False,False,False
VS001175,AD002882,FA002,T1,train,met_borrower,1183.1,-326.3,1200.0,-333.0,trail_tail,3.0,positive,52.055595280430715,1.0,False,False,False
VS001176,AD002060,FA002,T1,test,met_family,771.7,-348.7,760.437762258722,-352.28132867761656,dwell,5.0,positive,31.077081587562244,1.0,False,False,False
VS001177,AD002579,FA001,T1,train,met_family,-2009.7,-2592.2,-2003.2646662679197,-2588.545897949534,dwell,7.0,positive,30.83086927091093,1.0,False,False,False
VS001178,AD000359,FA001,T1,test,met_family,-2600.0,-2558.8,-2457.305039355794,-2639.737320177627,dwell,,positive,30.88527157076653,1.0,False,False,False
VS001179,AD000172,FA001,T1,train,met_family,-2222.4,-2670.5,-2204.4494239738333,-2686.771571368331,dwell,,positive,37.29963136547063,1.0,False,False,False
VS001180,AD000180,FA001,T1,train,locked_premises,-2231.4,-2703.7,-2231.4,-2703.7,checkin,,positive,37.40217239680071,1.0,False,False,False
VS001181,AD002317,FA001,T1,train,met_family,-2383.5,-2026.4,-2388.308003142889,-2022.147940285105,dwell,,positive,31.694045182021185,1.0,False,False,False
VS001182,AD000599,FA001,T1,train,address_not_traceable,-1035.3,-2617.7,-1035.3,-2617.7,checkin,,negative,,1.0,False,False,False
VS001183,AD000477,FA001,T1,validation,met_borrower,-2042.2,-2073.2,-2081.5,-2042.75,trail_tail,8.0,positive,55.88175015154766,1.0,False,False,False
VS001184,AD001867,FA003,T1,validation,address_not_traceable,2733.0,1486.0,2733.5,1478.0,trail_tail,2.0,negative,,1.0,False,False,False
VS001185,AD000969,FA003,T1,train,met_family,2126.4,1043.4,2164.0,994.5,trail_tail,2.0,positive,47.57120978070665,1.0,False,False,False
VS001186,AD002367,FA003,T1,train,locked_premises,2101.2,761.6,2105.2,761.8,trail_tail,5.0,positive,30.85465929158837,1.0,False,False,False
VS001187,AD000111,FA003,T1,train,address_not_traceable,2390.3,1072.6,2390.3,1072.6,checkin,,negative,,1.0,False,False,False
VS001188,AD000441,FA003,T1,train,met_family,2552.7,912.2,2564.712643678161,924.2471264367817,dwell,,positive,33.38476448920976,1.0,False,False,False
VS001189,AD002744,FA003,T1,test,address_not_traceable,2393.1,1008.6,2393.1,1008.6,checkin,,negative,,1.0,False,False,False
VS001190,AD001096,FA003,T1,train,met_family,2712.2,943.5,2709.3987206823026,939.0788912579958,dwell,5.0,positive,30.427331463669297,1.0,False,False,False
VS001191,AD003016,FA003,T1,test,met_family,2596.8,379.7,2596.8,379.7,checkin,,positive,34.83808978689848,1.0,False,False,False
VS001192,AD000517,FA003,T1,train,met_borrower,2091.6,613.2,2093.5,619.0,trail_tail,2.0,positive,51.54551386881307,1.0,False,False,False
VS001193,AD000495,FA006,T2,train,locked_premises,2867.2,-1351.3,2867.2,-1351.3,checkin,,positive,51.3495131427748,1.0,False,False,False
VS001194,AD001117,FA006,T2,train,address_not_traceable,2085.2,-1047.1,2085.2,-1047.1,checkin,,negative,,1.0,False,False,False
VS001195,AD001503,FA006,T2,train,neighbour_says_shifted,2927.9,-1497.7,2927.9,-1497.7,checkin,,positive,33.23123530656063,1.0,False,False,False
VS001196,AD001683,FA006,T2,validation,met_borrower,2712.3,-1364.9,2705.791119342325,-1377.4403165384497,dwell,,positive,52.419605111065074,1.0,False,False,False
VS001197,AD002540,FA006,T2,train,met_family,2481.5,-1583.5,2481.5,-1583.5,checkin,,positive,35.348479458103995,1.0,False,False,False
VS001198,AD001855,FA006,T2,train,met_family,2343.3,-1346.0,2431.8365783050463,-1204.804393483567,dwell,,positive,30.58860081795178,1.0,False,False,False
VS001199,AD001133,FA006,T2,train,address_not_traceable,2642.7,-1188.6,2628.3333333333335,-1201.6666666666667,trail_tail,3.0,negative,,1.0,False,False,False
VS001200,AD000198,FA005,T2,train,cash_collected,-501.7,3049.5,-486.9791206753119,3164.270549628083,dwell,,positive,65.9787465779701,1.0,False,False,False
VS001201,AD002112,FA005,T2,test,met_family,-356.3,3278.7,-362.4365209309363,3285.574372774383,dwell,6.0,positive,31.108760823922264,1.0,False,False,False
VS001202,AD002341,FA005,T2,train,met_family,-770.0,2731.8,-755.8622327790974,2727.396674584323,dwell,3.0,positive,34.020141093181856,1.0,False,False,False
VS001203,AD000284,FA005,T2,train,neighbour_says_shifted,-436.6,3061.5,-445.5307864255233,3063.909368014631,dwell,4.0,positive,18.552425717409566,1.0,False,False,False
VS001204,AD002166,FA005,T2,train,no_such_person,-980.4,3032.9,-980.4,3032.9,checkin,,positive,46.057382687252215,1.0,False,False,False
VS001205,AD000163,FA005,T2,train,no_such_person,-734.0,2698.3,-721.25,2706.5,trail_tail,4.0,positive,46.47539671697273,1.0,False,False,False
VS001206,AD003077,FA004,T2,train,met_borrower,3166.0,-1420.7,3166.0,-1420.7,checkin,,positive,56.765577094284204,1.1098606920552958,False,False,False
VS001207,AD002262,FA004,T2,validation,locked_premises,2648.1,-1628.8,2612.5,-1667.5,trail_tail,2.0,positive,45.02975103599966,1.1098606920552958,False,False,False
VS001208,AD000460,FA004,T2,train,address_not_traceable,2788.3,-1394.4,2788.3,-1394.4,checkin,,negative,,1.1098606920552958,False,False,False
VS001209,AD003045,FA004,T2,train,address_not_traceable,2834.3,-1304.8,2834.3,-1304.8,checkin,,negative,,1.1098606920552958,False,False,False
VS001210,AD001944,FA004,T2,train,address_not_traceable,2672.4,-1441.7,2661.3333333333335,-1441.3333333333333,trail_tail,3.0,negative,,1.1098606920552958,False,False,False
VS001211,AD003087,FA004,T2,train,met_borrower,2658.8,-1351.7,2666.0,-1355.6666666666667,trail_tail,6.0,positive,56.51221123118166,1.1098606920552958,False,False,False
VS001212,AD002111,FA004,T2,train,met_family,3063.1,-1243.7,3078.1851088296335,-1255.0131503294228,dwell,9.0,positive,35.94346866149544,1.1098606920552958,False,False,False
VS001213,AD002034,FA004,T2,train,address_not_traceable,1337.2,-2728.5,1340.6666666666667,-2724.0,trail_tail,3.0,negative,,1.1098606920552958,False,False,False
VS001214,AD000633,FA004,T2,train,address_not_traceable,2886.1,-1360.4,2896.0,-1369.0,trail_tail,2.0,negative,,1.1098606920552958,False,False,False
VS001215,AD001858,FA004,T2,train,address_not_traceable,1338.9,-1528.8,1341.0,-1548.0,trail_tail,2.0,negative,,1.1098606920552958,False,False,False
VS001216,AD002416,FA007,T3,train,met_borrower,-131.6,-3801.0,-152.3,-3827.7,trail_tail,10.0,positive,72.60654456004191,1.3663037714355222,False,False,False
VS001217,AD001330,FA007,T3,test,address_not_traceable,-3797.9,-367.4,-3771.5,-351.5,trail_tail,2.0,negative,,1.3663037714355222,False,False,False
VS001218,AD002181,FA007,T3,train,met_borrower,-2708.8,166.1,-2718.4285714285716,167.57142857142858,trail_tail,7.0,positive,68.96887746935059,1.3663037714355222,False,False,False
VS001219,AD002666,FA007,T3,test,address_not_traceable,-1688.5,-1639.1,-1650.0,-1663.0,trail_tail,2.0,negative,,1.3663037714355222,False,False,False
VS001220,AD002977,FA007,T3,train,locked_premises,-2665.4,-486.1,-2665.4,-486.1,checkin,,positive,46.045298631012685,1.3663037714355222,False,False,False
VS001221,AD000981,FA007,T3,train,met_borrower,-2528.1,-202.8,-2669.7774464636195,-141.25795904685646,dwell,,positive,72.13776617670936,1.3663037714355222,False,False,False
VS001222,AD000288,FA007,T3,train,neighbour_says_shifted,-3043.0,-595.3,-3029.5,-595.5,trail_tail,4.0,positive,25.821424306935942,1.3663037714355222,False,False,False
VS001223,AD002956,FA007,T3,validation,locked_premises,-3068.4,-133.1,-3068.4,-133.1,checkin,,positive,75.81634893644274,1.3663037714355222,False,False,False
VS001224,AD002959,FA007,T3,train,locked_premises,-2446.3,-509.6,-2440.5,-525.0,trail_tail,2.0,positive,49.98790915506662,1.3663037714355222,False,False,False
VS001225,AD000326,FA007,T3,train,address_not_traceable,-1968.7,-1289.8,-1968.7,-1289.8,checkin,,negative,,1.3663037714355222,False,False,False
VS001226,AD001481,FA008,T3,train,locked_premises,2871.3,-1841.0,2871.5,-1831.5,trail_tail,4.0,positive,47.95501494832635,1.4612131704915665,False,False,False
VS001227,AD002635,FA008,T3,train,address_not_traceable,3403.9,-2059.6,3394.5,-2067.5,trail_tail,2.0,negative,,1.4612131704915665,False,False,False
VS001228,AD001272,FA008,T3,train,met_family,3124.9,-2317.2,3126.0394544209116,-2316.726922697007,dwell,8.0,positive,46.3085288737428,1.4612131704915665,False,False,False
VS001229,AD000815,FA008,T3,train,met_borrower,3042.4,-2502.1,3042.4,-2502.1,checkin,,positive,75.29222554946917,1.4612131704915665,False,False,False
VS001230,AD002988,FA008,T3,validation,address_not_traceable,3161.6,-1576.3,3166.0,-1581.0,trail_tail,2.0,negative,,1.4612131704915665,False,False,False
VS001231,AD000202,FA008,T3,train,locked_premises,3562.0,-1789.0,3575.5,-1756.5,trail_tail,2.0,positive,54.70599455624939,1.4612131704915665,False,False,False
VS001232,AD001845,FA009,T3,test,met_borrower,3662.4,-45.7,3600.5,15.0,trail_tail,2.0,positive,68.90654903563232,1.0,False,False,False
VS001233,AD001524,FA009,T3,train,neighbour_says_shifted,4236.0,148.1,4233.169025811823,156.31057452123233,dwell,5.0,positive,16.35061160935578,1.0,False,False,False
VS001234,AD001812,FA009,T3,test,met_borrower,3882.8,575.4,3850.0,581.1111111111111,trail_tail,9.0,positive,53.62592656542172,1.0,False,False,False
VS001235,AD002150,FA009,T3,validation,locked_premises,2345.3,-786.8,2345.3,-786.8,checkin,,positive,32.620277435975325,1.0,True,True,True
VS001236,AD001605,FA009,T3,train,met_borrower,2314.4,-775.9,2314.2,-777.8,trail_tail,5.0,positive,50.38653093833708,1.0,True,True,True
VS001237,AD001122,FA009,T3,train,met_family,3389.4,498.4,3385.9072445226293,511.3120102350872,dwell,10.0,positive,31.51333051265766,1.0,False,False,False
VS001238,AD002139,FA009,T3,validation,met_family,2339.8,-784.9,2328.4,-765.8,trail_tail,5.0,positive,36.675230060628124,1.0,True,True,True
VS001239,AD000142,FA009,T3,train,cash_collected,4146.2,680.8,4146.2,680.8,checkin,,positive,77.72631472030562,1.0,False,False,False
VS001240,AD001233,FA003,T1,test,met_borrower,2537.5,-2373.4,2537.5,-2373.4,checkin,,positive,58.38452277787325,1.0,False,False,False
VS001241,AD002806,FA003,T1,train,no_such_person,2847.2,-1771.9,2847.75,-1785.0,trail_tail,4.0,positive,45.78441328661971,1.0,False,False,False
VS001242,AD001307,FA003,T1,train,met_borrower,409.0,-3158.9,370.8,-3110.4,trail_tail,10.0,positive,57.81645527010457,1.0,False,False,False
VS001243,AD002362,FA003,T1,train,locked_premises,2513.7,-2119.6,2520.0,-2125.6,trail_tail,5.0,positive,31.020517403808736,1.0,False,False,False
VS001244,AD000785,FA003,T1,test,met_borrower,2437.1,-2255.4,2428.3333333333335,-2254.0,trail_tail,3.0,positive,50.268106190705055,1.0,False,False,False
VS001245,AD002016,FA003,T1,train,address_not_traceable,2711.9,-2081.5,2711.9,-2081.5,checkin,,negative,,1.0,False,False,False
VS001246,AD000652,FA003,T1,train,locked_premises,2860.3,-2284.7,2860.3,-2284.7,checkin,,positive,34.88273211776852,1.0,False,False,False
VS001247,AD000569,FA003,T1,test,address_not_traceable,2851.7,-2377.5,2851.7,-2377.5,checkin,,negative,,1.0,False,False,False
VS001248,AD002691,FA003,T1,train,address_not_traceable,1478.6,-2249.2,1471.5,-2253.0,trail_tail,2.0,negative,,1.0,False,False,False
VS001249,AD001108,FA003,T1,train,locked_premises,312.1,2546.9,314.7029449423815,2540.4148527528814,dwell,,positive,32.06002183405371,1.0,False,False,False
VS001250,AD002537,FA001,T1,train,address_not_traceable,2090.0,-2029.5,2090.0,-2029.5,checkin,,negative,,1.0,False,False,False
VS001251,AD001416,FA001,T1,test,met_borrower,2641.6,-1712.4,2604.0,-1654.4444444444443,trail_tail,9.0,positive,60.25230286055464,1.0,False,False,False
VS001252,AD000075,FA001,T1,train,neighbour_says_shifted,2760.1,-2266.7,2775.32189180639,-2331.111831698829,dwell,5.0,positive,36.99087725372306,1.0,False,False,False
VS001253,AD000193,FA001,T1,train,address_not_traceable,1627.6,-820.6,1621.0,-820.0,trail_tail,3.0,negative,,1.0,False,False,False
VS001254,AD000903,FA001,T1,train,met_family,3089.9,-2518.2,3089.9,-2518.2,checkin,,positive,35.0978987975064,1.0,False,False,False
VS001255,AD001186,FA001,T1,train,met_borrower,2922.1,-2013.1,2859.0756918188795,-2034.1508640452437,dwell,,positive,58.02159080893938,1.0,False,False,False
VS001256,AD002304,FA001,T1,train,no_such_person,2741.5,-2347.4,2741.5,-2347.4,checkin,,positive,49.591254269276156,1.0,False,False,False
VS001257,AD001945,FA002,T1,train,no_such_person,-3136.7,798.7,-3136.7,798.7,checkin,,positive,47.29434427074764,1.0,False,False,False
VS001258,AD001836,FA002,T1,train,address_not_traceable,-2991.6,1446.0,-2991.6,1446.0,checkin,,negative,,1.0,False,False,False
VS001259,AD000930,FA002,T1,train,neighbour_says_shifted,-2597.1,1574.2,-2604.82776801406,1544.8277680140598,dwell,,positive,24.03065750244886,1.0,False,False,False
VS001260,AD002983,FA002,T1,train,address_not_traceable,-1709.8,883.7,-1709.8,883.7,checkin,,negative,,1.0,False,False,False
VS001261,AD000047,FA002,T1,train,met_borrower,-2418.3,1132.2,-2411.2,1192.4,trail_tail,10.0,positive,58.083323768531,1.0,False,False,False
VS001262,AD002641,FA002,T1,train,neighbour_says_shifted,-2817.9,838.4,-2817.9,838.4,checkin,,positive,20.654115812592874,1.0,False,False,False
VS001263,AD001862,FA002,T1,train,met_family,-3276.0,1255.3,-3276.972731753281,1271.15311148761,dwell,11.0,positive,31.60241288256326,1.0,False,False,False
VS001264,AD001903,FA002,T1,test,address_not_traceable,1688.4,2445.0,1680.0,2433.5,trail_tail,2.0,negative,,1.0,False,False,False
VS001265,AD001461,FA002,T1,validation,address_not_traceable,-2466.0,1079.2,-2466.0,1079.2,checkin,,negative,,1.0,False,False,False
VS001266,AD002359,FA006,T2,train,neighbour_says_shifted,1650.6,-1618.9,1650.8630566304448,-1603.5091080595896,dwell,2.0,positive,17.758167135152227,1.0,False,False,False
VS001267,AD000538,FA006,T2,train,address_not_traceable,586.6,-3120.2,584.2007392688874,-3133.8707233902246,dwell,,negative,,1.0,False,False,False
VS001268,AD001752,FA006,T2,train,neighbour_says_shifted,1459.7,-2273.0,1461.75,-2257.0,trail_tail,4.0,positive,19.83992187484618,1.0,False,False,False
VS001269,AD003074,FA006,T2,train,address_not_traceable,2390.0,-1418.7,2379.5,-1427.5,trail_tail,2.0,negative,,1.0,False,False,False
VS001270,AD002973,FA006,T2,train,address_not_traceable,1855.3,-1469.5,1855.3,-1469.5,checkin,,negative,,1.0,False,False,False
VS001271,AD002576,FA006,T2,train,address_not_traceable,1425.9,-1987.7,1417.0,-1979.0,trail_tail,2.0,negative,,1.0,False,False,False
VS001272,AD001013,FA006,T2,train,address_not_traceable,1299.5,-1967.9,1299.5,-1967.9,checkin,,negative,,1.0,False,False,False
VS001273,AD002849,FA005,T2,validation,met_borrower,1677.7,-2350.1,1655.6666666666667,-2368.3333333333335,trail_tail,3.0,positive,57.03529608935156,1.0,False,False,False
VS001274,AD001495,FA005,T2,train,locked_premises,1266.3,-1846.9,1258.8,-1853.6,trail_tail,5.0,positive,31.093648869182264,1.0,False,False,False
VS001275,AD001673,FA005,T2,train,locked_premises,1066.2,-1740.3,1071.7404033478085,-1730.8863421164333,dwell,,positive,35.32523885269567,1.0,False,False,False
VS001276,AD000412,FA005,T2,validation,met_borrower,1346.8,-2136.4,1346.8,-2136.4,checkin,,positive,52.09021021266855,1.0,False,False,False
VS001277,AD002466,FA005,T2,train,locked_premises,1836.8,-2113.1,1836.8,-2113.1,checkin,,positive,35.8504184076002,1.0,False,False,False
VS001278,AD002059,FA005,T2,train,locked_premises,1214.5,-2023.0,1217.5,-2027.0,trail_tail,2.0,positive,30.830544918959834,1.0,False,False,False
VS001279,AD001662,FA004,T2,validation,locked_premises,-470.3,3140.3,-470.3,3140.3,checkin,,positive,38.93831999990869,1.1098606920552958,False,False,False
VS001280,AD000088,FA004,T2,validation,met_family,-475.7,3182.2,-475.7,3182.2,checkin,,positive,39.49330538518264,1.1098606920552958,False,False,False
VS001281,AD000992,FA004,T2,train,locked_premises,2588.6,-1304.9,2588.4,-1304.2,trail_tail,5.0,positive,33.61600215540561,1.1098606920552958,False,False,False
VS001282,AD001135,FA004,T2,test,met_borrower,-893.8,2960.0,-886.375,2968.75,trail_tail,8.0,positive,57.64409587322037,1.1098606920552958,False,False,False
VS001283,AD002811,FA004,T2,train,met_borrower,-758.4,2718.7,-757.0,2723.6666666666665,trail_tail,3.0,positive,56.15886876541609,1.1098606920552958,False,False,False
VS001284,AD002220,FA004,T2,train,met_borrower,-721.8,2943.9,-718.1949829897119,2965.1106693445918,dwell,,positive,60.51715790425037,1.1098606920552958,False,False,False
VS001285,AD000039,FA004,T2,train,locked_premises,-565.7,2542.2,-576.0,2531.6666666666665,trail_tail,6.0,positive,39.03953718581821,1.1098606920552958,False,False,False
VS001286,AD000197,FA008,T3,validation,met_borrower,-2678.3,-126.1,-2684.0,-141.5,trail_tail,2.0,positive,74.8815081173269,1.4612131704915665,False,False,False
VS001287,AD002233,FA008,T3,train,locked_premises,-2648.0,-456.3,-2559.377162629758,-527.6020761245675,dwell,,positive,46.309451003088505,1.4612131704915665,False,False,False
VS001288,AD002566,FA008,T3,train,locked_premises,-2630.3,-82.3,-2629.3333333333335,-100.33333333333333,trail_tail,3.0,positive,47.41867509748012,1.4612131704915665,False,False,False
VS001289,AD001079,FA008,T3,test,locked_premises,-2447.0,-88.5,-2447.0,-88.5,checkin,,positive,62.78036536002479,1.4612131704915665,False,False,False
VS001290,AD000617,FA008,T3,train,met_family,-2997.9,-21.3,-2987.5,-21.0,trail_tail,2.0,positive,57.23807188196358,1.4612131704915665,False,False,False
VS001291,AD001534,FA008,T3,train,locked_premises,-2542.5,-185.8,-2542.5,-185.8,checkin,,positive,92.47392923140201,1.4612131704915665,False,False,False
VS001292,AD001333,FA008,T3,train,address_not_traceable,-2507.9,-568.1,-2507.9,-568.1,checkin,,negative,,1.4612131704915665,False,False,False
VS001293,AD000631,FA008,T3,train,locked_premises,-2849.7,-130.5,-2847.0,-142.0,trail_tail,2.0,positive,49.27831744035921,1.4612131704915665,False,False,False
VS001294,AD002412,FA008,T3,train,locked_premises,-2678.1,-163.5,-2669.0,-142.25,trail_tail,4.0,positive,51.31261798005827,1.4612131704915665,False,False,False
VS001295,AD002546,FA008,T3,validation,address_not_traceable,-2535.7,-157.5,-2535.7,-157.5,checkin,,negative,,1.4612131704915665,False,False,False
VS001296,AD002731,FA007,T3,train,neighbour_says_shifted,852.9,1611.3,852.9,1611.3,checkin,,positive,24.415393466443795,1.3663037714355222,False,False,False
VS001297,AD002848,FA007,T3,train,locked_premises,976.0,-911.6,982.3838509316771,-774.8993788819876,dwell,,positive,42.90476666568427,1.3663037714355222,False,False,False
VS001298,AD000948,FA007,T3,train,met_family,992.7,-690.7,1006.3305588585017,-699.3519619500594,dwell,7.0,positive,43.43116286384133,1.3663037714355222,False,False,False
VS001299,AD000227,FA007,T3,train,met_borrower,1161.6,-1182.7,1168.0,-1202.0,trail_tail,2.0,positive,70.79250208457238,1.3663037714355222,False,False,False
VS001300,AD001197,FA007,T3,train,address_not_traceable,1363.0,-589.7,1373.0,-608.5,trail_tail,2.0,negative,,1.3663037714355222,False,False,False
VS001301,AD000451,FA007,T3,validation,cash_collected,1006.6,-489.2,995.5,-496.5,trail_tail,2.0,positive,91.13778732087862,1.3663037714355222,False,False,False
VS001302,AD000570,FA007,T3,train,no_such_person,638.9,-790.5,652.6666666666666,-794.3333333333334,trail_tail,3.0,positive,63.72272929260758,1.3663037714355222,False,False,False
VS001303,AD000533,FA007,T3,train,met_borrower,-2581.0,-176.7,-2603.3333333333335,-169.0,trail_tail,3.0,positive,74.90177092779375,1.3663037714355222,False,False,False
VS001304,AD000347,FA007,T3,validation,address_not_traceable,1362.3,-2228.4,1362.3,-2228.4,checkin,,negative,,1.3663037714355222,False,False,False
VS001305,AD000249,FA007,T3,train,address_not_traceable,1280.3,-652.6,1272.5,-656.0,trail_tail,2.0,negative,,1.3663037714355222,False,False,False
VS001306,AD001247,FA009,T3,test,address_not_traceable,2327.5,-763.0,2332.2,-767.2,trail_tail,5.0,negative,,1.0,True,True,True
VS001307,AD001343,FA009,T3,train,met_borrower,2333.1,-794.3,2311.0,-778.0,trail_tail,2.0,positive,53.014950721471,1.0,True,True,True
VS001308,AD000348,FA009,T3,train,address_not_traceable,-719.1,-549.9,-719.1,-549.9,checkin,,negative,,1.0,False,False,False
VS001309,AD001017,FA009,T3,train,neighbour_says_shifted,-934.6,-724.5,-934.6,-724.5,checkin,,positive,23.996093432056814,1.0,False,False,False
VS001310,AD001268,FA009,T3,validation,met_borrower,-147.1,-850.7,-160.9480630055343,-846.8982545764155,dwell,,positive,50.68209743094696,1.0,False,False,False
VS001311,AD000081,FA009,T3,train,met_borrower,-756.1,-862.4,-734.6666666666666,-875.0,trail_tail,6.0,positive,51.28588987236158,1.0,False,False,False
VS001312,AD002708,FA009,T3,train,met_family,-1265.2,-620.2,-1265.2,-620.2,checkin,,positive,53.38895016761429,1.0,False,False,False
VS001313,AD002009,FA009,T3,train,locked_premises,-1173.3,-749.3,-1173.5,-704.5,trail_tail,2.0,positive,49.65324762792459,1.0,False,False,False
VS001314,AD002925,FA002,T1,train,met_family,2578.1,-1956.1,2584.0392230205325,-1995.5183021249436,dwell,,positive,37.42679521412436,1.0,False,False,False
VS001315,AD000100,FA002,T1,train,locked_premises,2831.7,-2128.6,2831.7,-2128.6,checkin,,positive,53.23647715617548,1.0,False,False,False
VS001316,AD001324,FA002,T1,train,met_family,2613.4,-1900.3,2638.5,-1934.5,trail_tail,2.0,positive,44.76832027226395,1.0,False,False,False
VS001317,AD001579,FA002,T1,validation,address_not_traceable,2293.1,-2412.4,2293.1,-2412.4,checkin,,negative,,1.0,False,False,False
VS001318,AD002247,FA002,T1,test,address_not_traceable,1795.2,-697.0,1802.0,-698.5,trail_tail,2.0,negative,,1.0,False,False,False
VS001319,AD000753,FA002,T1,validation,met_borrower,2792.7,-2556.0,2778.4,-2567.8,trail_tail,5.0,positive,51.779943028164865,1.0,False,False,False
VS001320,AD002978,FA002,T1,train,no_such_person,2783.5,-2388.3,2783.5,-2388.3,checkin,,positive,46.98505081406211,1.0,False,False,False
VS001321,AD001105,FA002,T1,test,met_borrower,2911.7,-2515.3,2919.5,-2537.3333333333335,trail_tail,6.0,positive,52.004663252443024,1.0,False,False,False
VS001322,AD000316,FA002,T1,train,met_borrower,2385.4,-2176.7,2395.8333333333335,-2148.5,trail_tail,6.0,positive,54.64569973932072,1.0,False,False,False
VS001323,AD002530,FA002,T1,train,address_not_traceable,1288.7,-2740.5,1288.7,-2740.5,checkin,,negative,,1.0,False,False,False
VS001324,AD000738,FA001,T1,train,locked_premises,-361.8,-944.9,-364.0,-931.6666666666666,trail_tail,3.0,positive,31.534148157196192,1.0,False,False,False
VS001325,AD002494,FA001,T1,train,met_family,-745.4,-940.3,-721.5921614436477,-1133.2577136872633,dwell,,positive,31.749212588661155,1.0,False,False,False
VS001326,AD002914,FA001,T1,train,address_not_traceable,-1326.4,242.3,-1326.4,242.3,checkin,,negative,,1.0,False,False,False
VS001327,AD001738,FA001,T1,train,locked_premises,-891.6,-1440.7,-846.0,-1403.5,trail_tail,2.0,positive,44.46372116681196,1.0,False,False,False
VS001328,AD002490,FA001,T1,validation,met_borrower,-839.4,-1394.9,-837.0,-1414.0,trail_tail,3.0,positive,51.77115509625026,1.0,False,False,False
VS001329,AD002257,FA001,T1,train,locked_premises,191.8,2753.6,191.8,2753.6,checkin,,positive,34.80244244302401,1.0,False,False,False
VS001330,AD002812,FA001,T1,train,locked_premises,-1030.5,-1008.3,-1048.3333333333333,-1002.6666666666666,trail_tail,3.0,positive,31.56968482579451,1.0,False,False,False
VS001331,AD002818,FA003,T1,train,address_not_traceable,225.0,2278.9,225.0,2278.9,checkin,,negative,,1.0,False,False,False
VS001332,AD001322,FA003,T1,validation,address_not_traceable,1506.1,1147.0,1506.1,1147.0,checkin,,negative,,1.0,False,False,False
VS001333,AD001145,FA003,T1,train,met_family,592.3,2228.1,594.5533524664368,2293.897829227421,dwell,,positive,48.13392774332886,1.0,False,False,False
VS001334,AD000895,FA003,T1,train,met_family,489.7,2356.2,480.462962962963,2354.62962962963,dwell,,positive,35.95055632392912,1.0,False,False,False
VS001335,AD000018,FA003,T1,train,met_family,636.4,2396.0,654.0,2394.0,trail_tail,2.0,positive,36.60191251833707,1.0,False,False,False
VS001336,AD001849,FA003,T1,validation,met_borrower,437.6,2786.9,437.353953675192,2774.025948865417,dwell,,positive,51.80253372181713,1.0,False,False,False
VS001337,AD000146,FA003,T1,train,met_family,717.9,2409.4,646.3333333333334,2392.0,trail_tail,3.0,positive,49.123848587015246,1.0,False,False,False
VS001338,AD000586,FA003,T1,train,cash_collected,420.7,2672.3,363.2,2711.0,trail_tail,5.0,positive,72.82509869543603,1.0,False,False,False
VS001339,AD000292,FA003,T1,test,address_not_traceable,197.4,2196.1,197.4,2196.1,checkin,,negative,,1.0,False,False,False
VS001340,AD000194,FA005,T2,train,address_not_traceable,-1108.4,-1162.8,-1108.4,-1162.8,checkin,,negative,,1.0,False,False,False
VS001341,AD002723,FA005,T2,train,address_not_traceable,-1769.9,-2515.9,-1773.5,-2514.5,trail_tail,2.0,negative,,1.0,False,False,False
VS001342,AD000660,FA005,T2,train,locked_premises,-1552.6,-2579.9,-1552.6,-2579.9,checkin,,positive,34.09959677180947,1.0,False,False,False
VS001343,AD003040,FA005,T2,train,no_such_person,-1787.1,-2896.7,-1781.0,-2896.0,trail_tail,2.0,positive,46.279206994070236,1.0,False,False,False
VS001344,AD001969,FA005,T2,train,locked_premises,-1282.8,-3078.7,-1282.8,-3078.7,checkin,,positive,36.96542303288306,1.0,False,False,False
VS001345,AD002823,FA005,T2,train,address_not_traceable,-1551.8,-3160.4,-1570.0,-3138.6666666666665,trail_tail,3.0,negative,,1.0,False,False,False
VS001346,AD001733,FA005,T2,test,address_not_traceable,-1712.3,-2820.2,-1717.5,-2827.5,trail_tail,2.0,negative,,1.0,False,False,False
VS001347,AD001252,FA005,T2,train,address_not_traceable,851.8,-2852.1,851.8,-2852.1,checkin,,negative,,1.0,False,False,False
VS001348,AD001712,FA004,T2,train,no_such_person,3062.6,544.9,3004.842701105541,760.7303210384781,dwell,,positive,56.83670724281073,1.1098606920552958,False,False,False
VS001349,AD002626,FA004,T2,train,locked_premises,3151.2,472.8,3142.5,481.0,trail_tail,2.0,positive,35.11898079560009,1.1098606920552958,False,False,False
VS001350,AD001237,FA004,T2,train,cash_collected,2573.5,750.4,2574.286046142768,761.4741382093395,dwell,,positive,73.59650608998987,1.1098606920552958,False,False,False
VS001351,AD001700,FA004,T2,train,met_family,3016.6,470.4,2973.4891726818437,425.33370349805665,dwell,4.0,positive,49.08006772876419,1.1098606920552958,False,False,False
VS001352,AD002261,FA004,T2,train,neighbour_says_shifted,2680.7,236.7,2680.7,236.7,checkin,,positive,37.692722092609756,1.1098606920552958,False,False,False
VS001353,AD002872,FA004,T2,test,address_not_traceable,2993.2,893.4,2993.2,893.4,checkin,,negative,,1.1098606920552958,False,False,False
VS001354,AD001523,FA004,T2,train,met_family,2944.3,263.0,2946.5875,262.3333333333333,dwell,9.0,positive,34.40894822727627,1.1098606920552958,False,False,False
VS001355,AD002572,FA006,T2,test,address_not_traceable,1451.5,701.2,1449.3333333333333,703.0,trail_tail,3.0,negative,,1.0,False,False,False
VS001356,AD000076,FA006,T2,validation,met_family,983.0,1451.1,986.0,1450.3333333333333,dwell,5.0,positive,30.615233136463292,1.0,False,False,False
VS001357,AD000799,FA006,T2,train,locked_premises,1263.7,-238.7,1283.0,-233.33333333333334,trail_tail,3.0,positive,32.616483562763165,1.0,False,False,False
VS001358,AD000710,FA006,T2,test,met_borrower,1193.1,1046.1,1208.0,1049.3636363636363,trail_tail,11.0,positive,50.790894853310085,1.0,False,False,False
VS001359,AD001914,FA006,T2,train,met_family,893.5,992.9,868.7462650458426,983.7051124166185,dwell,3.0,positive,33.84176413841335,1.0,False,False,False
VS001360,AD000187,FA006,T2,train,met_borrower,1116.3,1268.4,999.7108203986218,1278.8145231029384,dwell,,positive,53.335471311314016,1.0,False,False,False
VS001361,AD000625,FA006,T2,train,address_not_traceable,2398.7,1644.3,2405.0,1643.0,trail_tail,2.0,negative,,1.0,False,False,False
VS001362,AD001182,FA006,T2,train,address_not_traceable,1031.9,1556.5,1033.5,1556.0,trail_tail,2.0,negative,,1.0,False,False,False
VS001363,AD001578,FA007,T3,train,met_family,-2330.5,1655.4,-2265.1993222537617,1711.980636991131,dwell,,positive,42.77409208419003,1.3663037714355222,False,False,False
VS001364,AD001436,FA007,T3,train,address_not_traceable,-2604.1,1305.1,-2604.1,1305.1,checkin,,negative,,1.3663037714355222,False,False,False
VS001365,AD002756,FA007,T3,train,address_not_traceable,-1990.1,2228.3,-1990.1,2228.3,checkin,,negative,,1.3663037714355222,False,False,False
VS001366,AD001220,FA007,T3,train,address_not_traceable,-2645.4,1571.7,-2645.4,1571.7,checkin,,negative,,1.3663037714355222,False,False,False
VS001367,AD000484,FA007,T3,test,met_family,-1933.0,1493.0,-2042.7834536368684,1690.4358689616881,dwell,,positive,43.889199100306676,1.3663037714355222,False,False,False
VS001368,AD001036,FA007,T3,train,neighbour_says_shifted,-2501.8,1752.2,-2501.8,1752.2,checkin,,positive,53.65261105895577,1.3663037714355222,False,False,False
VS001369,AD002617,FA007,T3,train,address_not_traceable,-2143.8,1459.6,-2143.8,1459.6,checkin,,negative,,1.3663037714355222,False,False,False
VS001370,AD000774,FA007,T3,validation,locked_premises,-2759.8,1775.8,-2668.3513261982316,1721.7431363424848,dwell,,positive,43.123283010630246,1.3663037714355222,False,False,False
VS001371,AD001872,FA007,T3,train,address_not_traceable,-2072.8,-303.7,-2072.8,-303.7,checkin,,negative,,1.3663037714355222,False,False,False
VS001372,AD002143,FA007,T3,train,cash_collected,-2696.1,1355.2,-2696.1,1355.2,checkin,,positive,102.35952199786155,1.3663037714355222,False,False,False
VS001373,AD002070,FA008,T3,validation,met_borrower,-278.3,-3847.5,-278.3,-3847.5,checkin,,positive,83.52715503774913,1.4612131704915665,False,False,False
VS001374,AD002096,FA008,T3,validation,met_borrower,3588.3,644.1,3583.1111111111113,627.2222222222222,trail_tail,9.0,positive,75.9055588670242,1.4612131704915665,False,False,False
VS001375,AD000107,FA008,T3,train,address_not_traceable,3482.2,291.9,3492.3333333333335,288.6666666666667,trail_tail,3.0,negative,,1.4612131704915665,False,False,False
VS001376,AD002981,FA008,T3,train,met_family,3925.0,539.3,3930.5,511.0,trail_tail,2.0,positive,49.29429214828935,1.4612131704915665,False,False,False
VS001377,AD002676,FA008,T3,train,address_not_traceable,3695.6,450.7,3697.3333333333335,453.0,trail_tail,3.0,negative,,1.4612131704915665,False,False,False
VS001378,AD002311,FA008,T3,test,address_not_traceable,3271.7,-1927.0,3279.5,-1923.0,trail_tail,2.0,negative,,1.4612131704915665,False,False,False
VS001379,AD001352,FA008,T3,validation,met_borrower,3931.5,280.0,3942.5,286.5,trail_tail,2.0,positive,77.15568759351325,1.4612131704915665,False,False,False
VS001380,AD000303,FA008,T3,train,met_family,3577.4,607.2,3577.4,607.2,checkin,,positive,54.19879765206206,1.4612131704915665,False,False,False
VS001381,AD001176,FA008,T3,train,address_not_traceable,3697.8,79.0,3697.8,79.0,checkin,,negative,,1.4612131704915665,False,False,False
VS001382,AD002652,FA009,T3,test,locked_premises,-1004.7,-802.6,-1013.0,-802.0,trail_tail,4.0,positive,31.09183976544328,1.0,False,False,False
VS001383,AD002564,FA009,T3,train,address_not_traceable,2319.7,-779.3,2324.8,-782.4,trail_tail,5.0,negative,,1.0,True,True,True
VS001384,AD002778,FA009,T3,train,locked_premises,-542.4,2993.3,-542.4,2993.3,checkin,,positive,32.93634011240473,1.0,False,False,False
VS001385,AD000177,FA009,T3,validation,met_borrower,-487.5,2891.6,-487.5,2891.6,checkin,,positive,58.49070438967203,1.0,False,False,False
VS001386,AD002880,FA009,T3,train,met_family,-443.9,2923.4,-448.54648342764756,2923.0654810024253,dwell,2.0,positive,34.48452551507704,1.0,False,False,False
VS001387,AD001054,FA009,T3,test,address_not_traceable,-439.4,2887.9,-439.4,2887.9,checkin,,negative,,1.0,False,False,False
VS001388,AD000449,FA009,T3,train,locked_premises,-3725.0,-783.7,-3740.3792985652476,-780.0079708494648,dwell,,positive,33.32915390465231,1.0,False,True,True
VS001389,AD000667,FA003,T1,test,met_borrower,2326.8,-2371.3,2310.9,-2341.1,trail_tail,10.0,positive,51.987426364458585,1.0,False,False,False
VS001390,AD001746,FA003,T1,train,locked_premises,3099.7,-2202.4,3099.7,-2202.4,checkin,,positive,62.95436839489372,1.0,False,False,False
VS001391,AD001236,FA003,T1,train,address_not_traceable,2904.9,-2090.8,2926.0,-2062.5,trail_tail,2.0,negative,,1.0,False,False,False
VS001392,AD002332,FA003,T1,train,met_borrower,3112.5,-2133.7,3112.5,-2133.7,checkin,,positive,74.88274166989342,1.0,False,False,False
VS001393,AD001649,FA003,T1,train,address_not_traceable,2820.7,-1992.7,2820.7,-1992.7,checkin,,negative,,1.0,False,False,False
VS001394,AD000287,FA003,T1,test,address_not_traceable,2895.6,-2027.9,2895.6,-2027.9,checkin,,negative,,1.0,False,False,False
VS001395,AD003004,FA002,T1,train,met_borrower,2992.9,-2504.6,2988.5,-2502.25,trail_tail,4.0,positive,52.876577990637784,1.0,False,False,False
VS001396,AD000524,FA002,T1,validation,met_borrower,2614.8,-1647.6,2618.5,-1671.5,trail_tail,2.0,positive,52.96168426324829,1.0,False,False,False
VS001397,AD000955,FA002,T1,train,neighbour_says_shifted,3112.0,-1923.1,3146.3872431424693,-1919.1710373000312,dwell,6.0,positive,24.922128721279005,1.0,False,False,False
VS001398,AD002246,FA002,T1,validation,met_borrower,2454.5,-2338.8,2449.0,-2338.0,trail_tail,5.0,positive,52.845364035078795,1.0,False,False,False
VS001399,AD000541,FA002,T1,train,met_borrower,2492.6,-2346.6,2596.227322445984,-2480.464264203975,dwell,,positive,50.3946425724005,1.0,False,False,False
VS001400,AD000919,FA002,T1,train,address_not_traceable,2753.9,-2355.2,2753.9,-2355.2,checkin,,negative,,1.0,False,False,False
VS001401,AD000719,FA002,T1,train,no_such_person,2767.9,-1813.7,2760.0,-1817.6666666666667,trail_tail,3.0,positive,46.31376685176882,1.0,False,False,False
VS001402,AD000030,FA002,T1,test,locked_premises,2944.0,-1697.5,2944.0,-1697.5,checkin,,positive,31.7128128679876,1.0,False,False,False
VS001403,AD001581,FA002,T1,train,met_family,2736.8,-1812.5,2731.9646017699115,-1812.3761061946905,dwell,2.0,positive,32.24875966607089,1.0,False,False,False
VS001404,AD001638,FA001,T1,validation,met_family,900.6,-2904.9,903.4557624916329,-2895.221285978659,dwell,10.0,positive,30.72755278247847,1.0,False,False,False
VS001405,AD000062,FA001,T1,test,locked_premises,326.4,-3067.1,326.4,-3067.1,checkin,,positive,34.6494227946152,1.0,False,False,False
VS001406,AD001596,FA001,T1,test,address_not_traceable,588.9,-3107.7,588.9,-3107.7,checkin,,negative,,1.0,False,False,False
VS001407,AD001101,FA001,T1,train,address_not_traceable,322.1,-2862.8,322.1,-2862.8,checkin,,negative,,1.0,False,False,False
VS001408,AD002171,FA001,T1,train,address_not_traceable,559.3,-2950.6,559.3,-2950.6,checkin,,negative,,1.0,False,False,False
VS001409,AD002090,FA001,T1,train,address_not_traceable,870.4,-3268.7,880.5,-3256.0,trail_tail,2.0,negative,,1.0,False,False,False
VS001410,AD002922,FA001,T1,train,address_not_traceable,677.7,-3123.5,677.7,-3123.5,checkin,,negative,,1.0,False,False,False
VS001411,AD000253,FA001,T1,validation,met_family,502.9,-2870.8,540.2286765525699,-2855.5731965659497,dwell,5.0,positive,35.02031553255911,1.0,False,False,False
VS001412,AD001627,FA004,T2,test,met_borrower,1321.6,-2078.0,1320.6923076923076,-2073.076923076923,trail_tail,13.0,positive,55.84750187106406,1.1098606920552958,False,False,False
VS001413,AD002821,FA004,T2,validation,address_not_traceable,1425.3,-2308.1,1427.0,-2305.0,trail_tail,2.0,negative,,1.1098606920552958,False,False,False
VS001414,AD002665,FA004,T2,train,neighbour_says_shifted,-137.2,1123.0,-141.34559252772914,1123.1313485113835,dwell,7.0,positive,17.549140285423682,1.1098606920552958,False,False,False
VS001415,AD001380,FA004,T2,test,met_borrower,1386.2,-1884.8,1398.75,-1889.25,trail_tail,8.0,positive,57.14683373047597,1.1098606920552958,False,False,False
VS001416,AD002574,FA004,T2,train,no_such_person,1745.6,-2176.7,1802.0,-2202.3333333333335,trail_tail,3.0,positive,60.53903493559246,1.1098606920552958,False,False,False
VS001417,AD001833,FA004,T2,test,address_not_traceable,1874.7,-2222.4,1874.7,-2222.4,checkin,,negative,,1.1098606920552958,False,False,False
VS001418,AD002661,FA004,T2,train,locked_premises,1756.8,-1753.2,1738.6666666666667,-1726.0,trail_tail,3.0,positive,50.236492894389315,1.1098606920552958,False,False,False
VS001419,AD003015,FA006,T2,test,locked_premises,967.5,2438.2,967.5,2438.2,checkin,,positive,36.4586409510832,1.0,False,False,False
VS001420,AD003007,FA006,T2,train,met_family,894.0,2754.0,883.9893859619567,2753.022004652886,dwell,9.0,positive,32.32893440866865,1.0,False,False,False
VS001421,AD001830,FA006,T2,validation,locked_premises,1062.5,2926.5,1062.5,2926.5,checkin,,positive,32.48253376816532,1.0,False,False,False
VS001422,AD003060,FA006,T2,train,locked_premises,861.0,2772.3,848.3333333333334,2774.3333333333335,trail_tail,3.0,positive,32.15171068543631,1.0,False,False,False
VS001423,AD002669,FA006,T2,train,met_family,706.8,2622.2,684.3265306122447,2611.4571428571426,dwell,2.0,positive,34.79827581935631,1.0,False,False,False
VS001424,AD001697,FA006,T2,train,met_borrower,914.6,2975.3,920.0184583118371,2967.833253239589,dwell,,positive,50.74940886355229,1.0,False,False,False
VS001425,AD000792,FA006,T2,train,address_not_traceable,1306.5,1121.2,1306.5,1121.2,checkin,,negative,,1.0,False,False,False
VS001426,AD000027,FA006,T2,validation,locked_premises,911.1,2916.6,911.1,2916.6,checkin,,positive,31.762438508401715,1.0,False,False,False
VS001427,AD001424,FA006,T2,train,locked_premises,651.9,2472.5,651.9,2472.5,checkin,,positive,53.041257526570774,1.0,False,False,False
VS001428,AD003067,FA005,T2,validation,met_borrower,1377.4,-1823.8,1394.0,-1821.5,trail_tail,2.0,positive,56.241799402223954,1.0,False,False,False
VS001429,AD000755,FA005,T2,train,address_not_traceable,402.4,-2924.0,399.0,-2936.0,trail_tail,2.0,negative,,1.0,False,False,False
VS001430,AD001713,FA005,T2,train,met_borrower,1705.1,-2261.4,1728.56403992099,-2058.0043455660675,dwell,,positive,51.26102320477032,1.0,False,False,False
VS001431,AD000173,FA005,T2,train,locked_premises,1442.8,-2339.4,1443.1666666666667,-2343.8333333333335,trail_tail,6.0,positive,30.324907254598486,1.0,False,False,False
VS001432,AD003013,FA005,T2,train,neighbour_says_shifted,1692.1,-2487.5,1692.1,-2487.5,checkin,,positive,50.19018828416564,1.0,False,False,False
VS001433,AD002794,FA005,T2,validation,locked_premises,1631.1,-2304.7,1629.5,-2318.0,trail_tail,2.0,positive,32.41010644845217,1.0,False,False,False
VS001434,AD000854,FA005,T2,train,met_borrower,1253.5,-2442.1,1253.5,-2442.1,checkin,,positive,57.91852035402838,1.0,False,False,False
VS001435,AD001741,FA005,T2,validation,locked_premises,1559.9,-1857.1,1573.6666666666667,-1868.0,trail_tail,3.0,positive,32.46097657187781,1.0,False,False,False
VS001436,AD000841,FA005,T2,train,met_family,1829.5,-2332.5,1818.4680405992663,-2350.145087871779,dwell,5.0,positive,34.426515943382945,1.0,False,False,False
VS001437,AD002663,FA005,T2,train,met_borrower,1589.7,-1933.1,1579.6619582884684,-1942.7839955204538,dwell,,positive,51.69173047983595,1.0,False,False,False
VS001438,AD002230,FA009,T3,train,locked_premises,-3719.4,-777.6,-3713.0,-776.5,trail_tail,2.0,positive,31.79135102508228,1.0,True,True,True
VS001439,AD002471,FA009,T3,validation,neighbour_says_shifted,3421.4,-2357.5,3421.4,-2357.5,checkin,,positive,20.09881837322783,1.0,False,False,False
VS001440,AD001170,FA009,T3,validation,met_family,3763.4,-1661.4,3555.859437751004,-1815.4578313253012,dwell,,positive,32.94267748681031,1.0,False,False,False
VS001441,AD001886,FA009,T3,train,neighbour_says_shifted,3524.9,-2136.5,3542.777375436821,-2134.9631410003003,dwell,,positive,22.38090704149407,1.0,False,False,False
VS001442,AD000397,FA009,T3,test,met_borrower,3105.3,-1958.1,3105.3,-1958.1,checkin,,positive,54.23573545182179,1.0,False,False,False
VS001443,AD001480,FA009,T3,test,locked_premises,-3732.5,-762.3,-3729.434628975265,-778.8409893992932,dwell,,positive,35.20859270121429,1.0,True,True,True
VS001444,AD002997,FA009,T3,train,met_borrower,2888.9,-2014.5,2882.6666666666665,-2015.3333333333333,trail_tail,3.0,positive,50.71020607333399,1.0,False,False,False
VS001445,AD002380,FA009,T3,test,locked_premises,-3725.4,-802.0,-3730.3333333333335,-801.3333333333334,trail_tail,3.0,positive,33.73855361452236,1.0,True,True,True
VS001446,AD001706,FA009,T3,validation,no_such_person,3412.5,-2272.8,3412.5,-2272.8,checkin,,positive,48.62234568590864,1.0,False,False,False
VS001447,AD002610,FA008,T3,train,address_not_traceable,3477.5,-2047.1,3477.5,-2047.1,checkin,,negative,,1.4612131704915665,False,False,False
VS001448,AD000079,FA008,T3,test,met_family,1029.0,-1094.0,988.9996552854109,-1188.0030662575487,dwell,,positive,47.33383495033303,1.4612131704915665,False,False,False
VS001449,AD001755,FA008,T3,train,met_family,597.2,-859.2,596.9993823347745,-857.0889437924643,dwell,8.0,positive,44.2417127059908,1.4612131704915665,False,False,False
VS001450,AD000639,FA008,T3,train,met_borrower,1061.7,-948.3,1066.3636363636363,-954.4545454545455,trail_tail,11.0,positive,74.75937015443459,1.4612131704915665,False,False,False
VS001451,AD001291,FA008,T3,train,locked_premises,903.3,-806.1,903.3,-806.1,checkin,,positive,55.81308326257517,1.4612131704915665,False,False,False
VS001452,AD001290,FA008,T3,train,met_borrower,995.0,-1058.1,976.75,-1030.0,trail_tail,4.0,positive,81.4741658834655,1.4612131704915665,False,False,False
VS001453,AD002567,FA008,T3,train,address_not_traceable,-776.6,-666.0,-776.6,-666.0,checkin,,negative,,1.4612131704915665,False,False,False
VS001454,AD000094,FA007,T3,train,met_borrower,-2639.7,-185.7,-2639.7,-185.7,checkin,,positive,69.35919677553184,1.3663037714355222,False,False,False
VS001455,AD001792,FA007,T3,train,met_family,-2761.2,-481.9,-2761.2,-481.9,checkin,,positive,48.142823846953306,1.3663037714355222,False,False,False
VS001456,AD002253,FA007,T3,train,met_borrower,-2320.1,-429.9,-2317.8,-425.0,trail_tail,5.0,positive,70.1526805396643,1.3663037714355222,False,False,False
VS001457,AD000727,FA007,T3,train,met_borrower,-2687.9,-465.7,-2687.2,-487.2,trail_tail,5.0,positive,71.34716105749024,1.3663037714355222,False,False,False
VS001458,AD002509,FA007,T3,test,met_family,-2435.6,-620.9,-2426.1632449468348,-620.4633087416544,dwell,8.0,positive,42.917002105919174,1.3663037714355222,False,False,False
VS001459,AD001371,FA007,T3,train,locked_premises,-2819.6,-680.8,-2828.5,-681.25,trail_tail,4.0,positive,44.23639248557866,1.3663037714355222,False,False,False
VS001460,AD001433,FA001,T1,train,locked_premises,2732.1,-2442.9,2732.1,-2442.9,checkin,,positive,34.89348076646982,1.0,False,False,False
VS001461,AD001509,FA001,T1,train,met_family,3176.8,-2553.8,3176.8,-2553.8,checkin,,positive,56.513803623539665,1.0,False,False,False
VS001462,AD001294,FA001,T1,test,met_borrower,2744.8,-2494.6,2714.5,-2465.5,trail_tail,2.0,positive,56.6735387989845,1.0,False,False,False
VS001463,AD001047,FA001,T1,validation,address_not_traceable,2594.2,-1801.4,2594.2,-1801.4,checkin,,negative,,1.0,False,False,False
VS001464,AD000129,FA001,T1,train,address_not_traceable,2526.6,-1977.9,2526.0,-1976.0,trail_tail,2.0,negative,,1.0,False,False,False
VS001465,AD002808,FA001,T1,train,met_borrower,2810.8,-2399.0,2810.8,-2399.0,checkin,,positive,55.71911700664326,1.0,False,False,False
VS001466,AD003073,FA001,T1,train,address_not_traceable,870.6,-1150.8,871.5,-1159.0,trail_tail,2.0,negative,,1.0,False,False,False
VS001467,AD002108,FA001,T1,train,neighbour_says_shifted,2226.7,-2444.4,2282.6666666666665,-2412.6666666666665,trail_tail,3.0,positive,41.11778812144454,1.0,False,False,False
VS001468,AD001479,FA001,T1,test,met_borrower,2940.0,-2668.9,2940.0,-2668.9,checkin,,positive,54.12025960765524,1.0,False,False,False
VS001469,AD000138,FA003,T1,train,locked_premises,630.7,-3084.3,625.0,-3084.3333333333335,trail_tail,3.0,positive,31.008789076647293,1.0,False,False,False
VS001470,AD002154,FA003,T1,train,met_family,761.0,-2694.6,756.2253890021418,-2683.99714860785,dwell,6.0,positive,31.935873246241435,1.0,False,False,False
VS001471,AD002858,FA003,T1,train,met_borrower,1177.8,-2927.2,1158.5132756344433,-2870.3548481736834,dwell,,positive,56.90659012803346,1.0,False,False,False
VS001472,AD002545,FA003,T1,test,met_borrower,-2557.1,1436.8,-2557.1,1436.8,checkin,,positive,63.31392027034811,1.0,False,False,False
VS001473,AD001462,FA003,T1,validation,met_borrower,974.0,-3355.4,963.1,-3347.5,trail_tail,10.0,positive,50.618573666194905,1.0,False,False,False
VS001474,AD001630,FA003,T1,train,locked_premises,567.6,2843.6,578.0,2850.5,trail_tail,2.0,positive,31.434535148463706,1.0,False,False,False
VS001475,AD000608,FA003,T1,train,met_borrower,940.7,-3356.7,919.8333333333334,-3345.1666666666665,trail_tail,6.0,positive,51.26338849510437,1.0,False,False,False
VS001476,AD001808,FA003,T1,train,locked_premises,976.8,-3151.6,966.3333333333334,-3190.3333333333335,trail_tail,3.0,positive,40.81041533726411,1.0,False,False,False
VS001477,AD000623,FA002,T1,test,met_borrower,2280.6,1285.2,2259.0,1221.1,trail_tail,10.0,positive,61.71012882825639,1.0,False,False,False
VS001478,AD002558,FA002,T1,train,locked_premises,2316.1,-2341.2,2541.474074074074,-2294.7333333333336,dwell,,positive,31.495436177325757,1.0,False,False,False
VS001479,AD000309,FA002,T1,test,address_not_traceable,2636.0,-2125.5,2636.0,-2125.5,checkin,,negative,,1.0,False,False,False
VS001480,AD001256,FA002,T1,train,locked_premises,3266.6,-1942.6,3311.0,-1988.0,trail_tail,2.0,positive,45.0108875717865,1.0,False,False,False
VS001481,AD001224,FA002,T1,train,address_not_traceable,2615.0,-2372.8,2615.0,-2372.8,checkin,,negative,,1.0,False,False,False
VS001482,AD001725,FA002,T1,train,address_not_traceable,1452.3,-1640.6,1450.3333333333333,-1626.3333333333333,trail_tail,3.0,negative,,1.0,False,False,False
VS001483,AD002339,FA004,T2,test,address_not_traceable,602.7,2773.5,602.7,2773.5,checkin,,negative,,1.1098606920552958,False,False,False
VS001484,AD003066,FA004,T2,train,locked_premises,2349.7,-1238.7,2349.7,-1238.7,checkin,,positive,46.5604087584627,1.1098606920552958,False,False,False
VS001485,AD000049,FA004,T2,train,cash_collected,842.8,2371.9,842.8,2371.9,checkin,,positive,72.70521535108854,1.1098606920552958,False,False,False
VS001486,AD001743,FA004,T2,train,locked_premises,1257.4,2820.0,1259.6666666666667,2808.0,trail_tail,3.0,positive,34.10434141319481,1.1098606920552958,False,False,False
VS001487,AD000986,FA004,T2,train,address_not_traceable,1317.0,2548.6,1317.0,2548.6,checkin,,negative,,1.1098606920552958,False,False,False
VS001488,AD002728,FA004,T2,train,met_borrower,761.4,2977.2,765.4166666666666,2984.0833333333335,trail_tail,12.0,positive,56.20258274002947,1.1098606920552958,False,False,False
VS001489,AD001556,FA004,T2,train,locked_premises,1082.1,2647.2,1031.5,2589.5,trail_tail,2.0,positive,53.9499903270106,1.1098606920552958,False,False,False
VS001490,AD001767,FA004,T2,train,met_borrower,1016.9,2290.6,1009.2,2296.6,trail_tail,5.0,positive,56.63968827587027,1.1098606920552958,False,False,False
VS001491,AD001654,FA004,T2,train,neighbour_says_shifted,1111.4,2402.3,1065.2383207474722,2407.8516574939204,dwell,5.0,positive,32.20265149077833,1.1098606920552958,False,False,False
VS001492,AD002176,FA004,T2,train,met_family,755.0,2469.8,773.0067899179849,2473.8386707118016,dwell,,positive,40.46123458268913,1.1098606920552958,False,False,False
VS001493,AD001031,FA005,T2,validation,locked_premises,1435.4,-2133.4,1435.4,-2133.4,checkin,,positive,34.90515721207971,1.0,False,False,False
VS001494,AD000032,FA005,T2,train,cash_collected,1857.1,-1618.5,1857.1,-1618.5,checkin,,positive,67.0682860970817,1.0,False,False,False
VS001495,AD000223,FA005,T2,validation,met_borrower,1881.4,-2175.6,1903.25,-2174.75,trail_tail,4.0,positive,54.904280343157204,1.0,False,False,False
VS001496,AD000634,FA005,T2,train,met_borrower,1866.2,-1596.4,1821.4444444444443,-1570.4444444444443,trail_tail,9.0,positive,56.79797531602691,1.0,False,False,False
VS001497,AD003044,FA005,T2,train,locked_premises,1267.3,-2525.0,1214.5,-2559.0,trail_tail,2.0,positive,42.986189642721286,1.0,False,False,False
VS001498,AD000600,FA005,T2,validation,locked_premises,1761.1,-2421.0,1761.1,-2421.0,checkin,,positive,30.95953003519272,1.0,False,False,False
VS001499,AD001584,FA005,T2,test,neighbour_says_shifted,1311.6,-2013.8,1284.0,-1990.5,trail_tail,2.0,positive,35.16262220028532,1.0,False,False,False
VS001500,AD000424,FA006,T2,train,met_borrower,2903.5,329.9,2904.25,331.6666666666667,trail_tail,12.0,positive,50.855334036853996,1.0,False,False,False
VS001501,AD002535,FA006,T2,validation,met_family,2998.1,1008.9,2998.1,1008.9,checkin,,positive,38.744741578696846,1.0,False,False,False
VS001502,AD000290,FA006,T2,train,address_not_traceable,3033.2,570.2,3041.6666666666665,562.6666666666666,trail_tail,3.0,negative,,1.0,False,False,False
VS001503,AD000613,FA006,T2,train,met_family,2875.8,101.1,2778.516129032258,368.65591397849465,dwell,,positive,30.68489041857571,1.0,False,False,False
VS001504,AD002583,FA006,T2,train,address_not_traceable,2832.3,597.9,2838.0,605.3333333333334,trail_tail,3.0,negative,,1.0,False,False,False
VS001505,AD002043,FA006,T2,train,locked_premises,2921.0,104.9,2905.0,93.0,trail_tail,3.0,positive,32.07120983062535,1.0,False,False,False
VS001506,AD000365,FA006,T2,train,met_family,3086.1,540.2,3084.0263157894733,541.0526315789473,dwell,5.0,positive,30.421579511918836,1.0,False,False,False
VS001507,AD002327,FA006,T2,train,address_not_traceable,1427.5,1160.5,1427.5,1160.5,checkin,,negative,,1.0,False,False,False
VS001508,AD002670,FA006,T2,train,neighbour_says_shifted,3149.2,182.1,3162.769908344245,172.3940007142007,dwell,4.0,positive,22.21379076159676,1.0,False,False,False
VS001509,AD001520,FA008,T3,train,met_family,-652.3,-3634.0,-626.8023260465695,-3702.6386769781307,dwell,,positive,70.18102810690336,1.4612131704915665,False,False,False
VS001510,AD002932,FA008,T3,test,address_not_traceable,-337.5,-3376.9,-337.5,-3376.9,checkin,,negative,,1.4612131704915665,False,False,False
VS001511,AD001715,FA008,T3,train,met_family,-312.9,-3395.7,-307.17375759742583,-3407.5574722917413,dwell,5.0,positive,44.504317084426866,1.4612131704915665,False,False,False
VS001512,AD000607,FA008,T3,train,neighbour_says_shifted,-832.5,-3850.4,-836.7417948550109,-3854.4771093801137,dwell,6.0,positive,25.107473621219768,1.4612131704915665,False,False,False
VS001513,AD001620,FA008,T3,train,address_not_traceable,-543.3,-2997.5,-543.3,-2997.5,checkin,,negative,,1.4612131704915665,False,False,False
VS001514,AD000576,FA008,T3,train,address_not_traceable,-138.9,-3604.3,-138.9,-3604.3,checkin,,negative,,1.4612131704915665,False,False,False
VS001515,AD001947,FA008,T3,train,address_not_traceable,-109.9,-3386.3,-109.9,-3386.3,checkin,,negative,,1.4612131704915665,False,False,False
VS001516,AD000781,FA009,T3,train,locked_premises,2309.1,-821.7,2337.0,-792.5,trail_tail,2.0,positive,38.961070313840224,1.0,True,True,True
VS001517,AD002551,FA009,T3,train,no_such_person,3314.0,535.4,3438.3177152517815,528.6867528076319,dwell,,positive,45.58870474141594,1.0,False,False,False
VS001518,AD001121,FA009,T3,test,met_borrower,3743.3,657.4,3743.3,657.4,checkin,,positive,55.87094504301856,1.0,False,False,False
VS001519,AD001880,FA009,T3,train,locked_premises,2313.0,-785.3,2324.0,-771.0,trail_tail,3.0,positive,32.85167423435219,1.0,True,True,True
VS001520,AD001466,FA009,T3,train,met_borrower,-3725.4,-763.4,-3735.25,-759.5,trail_tail,4.0,positive,50.84574711812188,1.0,False,True,True
VS001521,AD000645,FA009,T3,train,neighbour_says_shifted,3562.7,-31.7,3562.7,-31.7,checkin,,positive,38.460174206573726,1.0,False,False,False
VS001522,AD002889,FA009,T3,test,met_borrower,-3748.6,-805.2,-3748.6,-805.2,checkin,,positive,75.06264050777857,1.0,False,True,True
VS001523,AD002968,FA009,T3,validation,met_borrower,3937.3,724.0,3930.090909090909,721.9090909090909,trail_tail,11.0,positive,50.602000948579104,1.0,False,False,False
VS001524,AD000060,FA009,T3,train,met_family,3780.7,108.8,3802.159169550173,97.19377162629758,dwell,,positive,33.445814386855666,1.0,False,False,False
VS001525,AD002424,FA007,T3,test,met_borrower,-516.2,-3331.9,-516.5303176804014,-3322.574996308882,dwell,,positive,70.11564914387355,1.3663037714355222,False,False,False
VS001526,AD002209,FA007,T3,train,met_borrower,-70.8,-3837.7,-59.0,-3839.6666666666665,trail_tail,3.0,positive,71.41786916616843,1.3663037714355222,False,False,False
VS001527,AD001865,FA007,T3,train,locked_premises,439.5,1322.4,414.0,1329.5,trail_tail,2.0,positive,45.52155306869523,1.3663037714355222,False,False,False
VS001528,AD002864,FA007,T3,validation,met_borrower,-689.1,-3257.6,-696.8333333333334,-3258.0,trail_tail,6.0,positive,70.20066251382664,1.3663037714355222,False,False,False
VS001529,AD001162,FA007,T3,train,met_borrower,-145.9,-3531.5,-145.9,-3531.5,checkin,,positive,72.39753478059116,1.3663037714355222,False,False,False
VS001530,AD001985,FA007,T3,validation,address_not_traceable,-388.7,-3381.8,-388.7,-3381.8,checkin,,negative,,1.3663037714355222,False,False,False
VS001531,AD002722,FA007,T3,train,address_not_traceable,-1335.9,-1194.1,-1366.0,-1193.0,trail_tail,2.0,negative,,1.3663037714355222,False,False,False
VS001532,AD000749,FA007,T3,validation,met_family,-175.3,-3450.4,-178.44278193405376,-3427.659462454974,dwell,4.0,positive,46.4927396418715,1.3663037714355222,False,False,False
VS001533,AD002188,FA007,T3,test,locked_premises,-185.4,-3272.1,-214.0,-3284.0,trail_tail,2.0,positive,49.10227542620407,1.3663037714355222,False,False,False
VS001534,AD002083,FA007,T3,train,locked_premises,-447.1,-3969.0,-447.1,-3969.0,checkin,,positive,57.97287440444585,1.3663037714355222,False,False,False
VS001535,AD002673,FA002,T1,train,met_borrower,2604.6,-2328.3,2610.0,-2320.4545454545455,trail_tail,11.0,positive,50.6543433478315,1.0,False,False,False
VS001536,AD002911,FA002,T1,train,locked_premises,2885.4,-2228.5,2885.4,-2228.5,checkin,,positive,37.70997878546206,1.0,False,False,False
VS001537,AD000363,FA002,T1,train,met_family,2714.7,-2620.1,2710.0,-2620.25,trail_tail,4.0,positive,31.936421214657095,1.0,False,False,False
VS001538,AD000963,FA002,T1,validation,no_such_person,1158.4,-1469.9,1151.6666666666667,-1451.3333333333333,trail_tail,3.0,positive,46.5642835228891,1.0,False,False,False
VS001539,AD001567,FA002,T1,validation,neighbour_says_shifted,2856.8,-2194.9,2860.626662592832,-2181.763967258194,dwell,6.0,positive,18.740664342546673,1.0,False,False,False
VS001540,AD000169,FA002,T1,test,met_borrower,3294.1,-2167.3,3294.1,-2167.3,checkin,,positive,55.54489175432788,1.0,False,False,False
VS001541,AD001760,FA002,T1,train,met_family,3192.0,-2426.1,3173.5296940845947,-2424.212384891525,dwell,3.0,positive,32.991551948945954,1.0,False,False,False
VS001542,AD002404,FA002,T1,train,locked_premises,3050.4,-1948.5,3065.75,-1957.5,trail_tail,4.0,positive,32.666687925163146,1.0,False,False,False
VS001543,AD000319,FA002,T1,train,address_not_traceable,2817.3,-2336.9,2817.3,-2336.9,checkin,,negative,,1.0,False,False,False
VS001544,AD000936,FA003,T1,train,met_borrower,1018.2,-2983.3,1007.8,-2967.3,trail_tail,10.0,positive,51.27711477842724,1.0,False,False,False
VS001545,AD000037,FA003,T1,train,locked_premises,535.9,-3227.3,542.0,-3230.8,trail_tail,5.0,positive,31.119688301780904,1.0,False,False,False
VS001546,AD002061,FA003,T1,train,address_not_traceable,890.5,-3066.8,890.5,-3066.8,checkin,,negative,,1.0,False,False,False
VS001547,AD001516,FA003,T1,train,neighbour_says_shifted,479.0,-2618.1,673.2859522487507,-2632.1421432537477,dwell,,positive,16.27428953902442,1.0,False,False,False
VS001548,AD002624,FA003,T1,validation,address_not_traceable,666.1,-2960.5,671.5,-2963.5,trail_tail,2.0,negative,,1.0,False,False,False
VS001549,AD002621,FA003,T1,train,met_borrower,755.3,-2994.3,815.6851724884821,-3138.9053401971532,dwell,,positive,50.43703996072727,1.0,False,False,False
VS001550,AD002103,FA003,T1,test,address_not_traceable,504.9,-2678.9,503.6666666666667,-2686.6666666666665,trail_tail,3.0,negative,,1.0,False,False,False
VS001551,AD001151,FA003,T1,train,met_family,729.8,-2788.8,664.2659203161014,-2919.2229832071125,dwell,,positive,31.234916359740758,1.0,False,False,False
VS001552,AD002967,FA001,T1,train,met_borrower,-1255.1,-16.8,-1241.0,0.0,trail_tail,2.0,positive,52.25153107804593,1.0,False,False,False
VS001553,AD002767,FA001,T1,validation,address_not_traceable,-2061.5,1880.3,-2074.5,1875.0,trail_tail,2.0,negative,,1.0,False,False,False
VS001554,AD001788,FA001,T1,train,met_borrower,-1252.2,750.2,-1234.990501107965,762.9001918559685,dwell,,positive,52.6780789323225,1.0,False,False,False
VS001555,AD000251,FA001,T1,train,locked_premises,-1498.6,569.8,-1498.6,569.8,checkin,,positive,30.7471949940153,1.0,False,False,False
VS001556,AD001490,FA001,T1,train,met_family,-1592.4,475.3,-1603.8784769290185,404.971237949549,dwell,5.0,positive,46.99843082486903,1.0,False,False,False
VS001557,AD003020,FA001,T1,test,address_not_traceable,-222.7,-1323.3,-222.7,-1323.3,checkin,,negative,,1.0,False,False,False
VS001558,AD001393,FA001,T1,validation,locked_premises,-1365.3,538.5,-1370.6666666666667,533.6666666666666,trail_tail,3.0,positive,31.159188051038814,1.0,False,False,False
VS001559,AD002792,FA001,T1,train,address_not_traceable,-1186.7,178.2,-1186.7,178.2,checkin,,negative,,1.0,False,False,False
VS001560,AD002762,FA001,T1,test,met_borrower,-1243.8,57.2,-1261.3333333333333,65.66666666666667,trail_tail,3.0,positive,51.922345863799336,1.0,False,False,False
VS001561,AD002353,FA001,T1,train,met_borrower,-649.8,234.3,-643.0,224.4,trail_tail,10.0,positive,51.04108639125935,1.0,False,False,False
VS001562,AD000387,FA004,T2,train,met_borrower,-405.0,1667.3,-405.0,1667.3,checkin,,positive,58.00190272744687,1.1098606920552958,False,False,False
VS001563,AD000642,FA004,T2,train,address_not_traceable,1006.5,226.3,1006.5,226.3,checkin,,negative,,1.1098606920552958,False,False,False
VS001564,AD001136,FA004,T2,test,met_family,836.6,-250.5,836.6,-250.5,checkin,,positive,49.66229759393672,1.1098606920552958,False,False,False
VS001565,AD002357,FA004,T2,test,met_borrower,1018.2,333.6,1025.0147531288158,318.5148873073506,dwell,,positive,58.731034230217574,1.1098606920552958,False,False,False
VS001566,AD001153,FA004,T2,test,address_not_traceable,-883.0,2119.7,-883.0,2119.7,checkin,,negative,,1.1098606920552958,False,False,False
VS001567,AD001577,FA004,T2,train,neighbour_says_shifted,922.3,400.8,929.5,400.25,trail_tail,4.0,positive,18.34571524023469,1.1098606920552958,False,False,False
VS001568,AD000220,FA004,T2,train,neighbour_says_shifted,1462.4,-471.0,1450.9601780096677,-467.49474411110253,dwell,4.0,positive,20.653252063910102,1.1098606920552958,False,False,False
VS001569,AD002089,FA004,T2,validation,met_borrower,1043.9,239.1,1026.75,252.5,trail_tail,4.0,positive,57.485159279278925,1.1098606920552958,False,False,False
VS001570,AD000012,FA005,T2,train,cash_collected,-659.2,-548.5,-658.0,-544.5,trail_tail,4.0,positive,66.10122918675567,1.0,False,False,False
VS001571,AD002489,FA005,T2,train,address_not_traceable,-623.0,-528.2,-622.0,-532.0,trail_tail,2.0,negative,,1.0,False,False,False
VS001572,AD000105,FA005,T2,test,met_borrower,-690.5,-40.8,-682.4,-60.4,trail_tail,10.0,positive,51.637994732561026,1.0,False,False,False
VS001573,AD002907,FA005,T2,validation,address_not_traceable,1050.2,3065.3,1050.2,3065.3,checkin,,negative,,1.0,False,False,False
VS001574,AD001003,FA005,T2,train,locked_premises,863.3,1144.3,856.0,1148.0,trail_tail,4.0,positive,31.05406575635467,1.0,False,False,False
VS001575,AD001844,FA005,T2,train,met_borrower,-634.2,-180.5,-634.2,-180.5,checkin,,positive,51.73695487753411,1.0,False,False,False
VS001576,AD001493,FA006,T2,train,address_not_traceable,631.2,-3367.8,641.6666666666666,-3380.3333333333335,trail_tail,3.0,negative,,1.0,False,False,False
VS001577,AD000355,FA006,T2,train,locked_premises,700.5,-3282.7,693.6666666666666,-3293.0,trail_tail,3.0,positive,31.82758237755423,1.0,False,False,False
VS001578,AD000069,FA006,T2,train,met_borrower,725.5,-3427.5,723.0,-3436.4166666666665,trail_tail,12.0,positive,51.053746189677405,1.0,False,False,False
VS001579,AD001232,FA006,T2,train,met_borrower,237.5,-2837.4,385.8799272818998,-2979.8267908200637,dwell,,positive,53.25122064328666,1.0,False,False,False
VS001580,AD001127,FA006,T2,test,cash_collected,578.5,-3373.0,578.5,-3373.0,checkin,,positive,74.99114947778837,1.0,False,False,False
VS001581,AD000924,FA006,T2,train,locked_premises,563.2,-2782.8,506.1150442477877,-2715.5840707964603,dwell,,positive,31.091317115876585,1.0,False,False,False
VS001582,AD001128,FA009,T3,train,met_borrower,847.1,-1370.4,854.797223580753,-1372.0299085813172,dwell,,positive,52.98105793583211,1.0,False,False,False
VS001583,AD002933,FA009,T3,train,met_family,922.9,-736.5,922.9,-736.5,checkin,,positive,34.759243374964306,1.0,False,False,False
VS001584,AD000354,FA009,T3,train,met_borrower,1255.1,-845.0,1252.5,-832.5833333333334,trail_tail,12.0,positive,50.883617206326825,1.0,False,False,False
VS001585,AD001053,FA009,T3,train,locked_premises,880.7,-709.3,910.0,-721.5,trail_tail,2.0,positive,35.86579150109474,1.0,False,False,False
VS001586,AD000155,FA009,T3,train,met_borrower,1137.1,-593.8,1137.1,-593.8,checkin,,positive,62.34318326810079,1.0,False,False,False
VS001587,AD001890,FA009,T3,train,locked_premises,2334.5,-765.8,2328.0,-769.0,trail_tail,2.0,positive,32.9694176472682,1.0,True,True,True
VS001588,AD000596,FA009,T3,train,locked_premises,861.7,-707.9,861.7,-707.9,checkin,,positive,34.920123138385414,1.0,False,False,False
VS001589,AD002258,FA009,T3,test,locked_premises,-3717.8,-771.8,-3716.875,-772.5,trail_tail,8.0,positive,30.701302903948548,1.0,True,True,True
VS001590,AD002896,FA009,T3,train,address_not_traceable,2342.4,-765.6,2337.3333333333335,-765.6666666666666,trail_tail,3.0,negative,,1.0,True,True,True
VS001591,AD000191,FA007,T3,train,neighbour_says_shifted,-3520.2,-911.8,-3526.6446656567846,-916.2910625405757,dwell,6.0,positive,23.645741130565554,1.3663037714355222,False,False,False
VS001592,AD001901,FA007,T3,train,locked_premises,-3658.0,-785.0,-3658.0,-785.0,checkin,,positive,42.77403753051351,1.3663037714355222,False,False,False
VS001593,AD000280,FA007,T3,train,met_borrower,1261.2,-1087.1,1261.2,-1087.1,checkin,,positive,81.95115192183115,1.3663037714355222,False,False,False
VS001594,AD002251,FA007,T3,train,met_borrower,-4180.6,-1064.5,-4171.166666666667,-1067.9166666666667,trail_tail,12.0,positive,68.93760790549605,1.3663037714355222,False,False,False
VS001595,AD002398,FA007,T3,train,met_borrower,678.7,-927.4,668.1,-915.9,trail_tail,10.0,positive,69.81227357221219,1.3663037714355222,False,False,False
VS001596,AD000471,FA007,T3,train,locked_premises,-3828.4,-1132.5,-3828.4,-1132.5,checkin,,positive,44.65728919739489,1.3663037714355222,False,False,False
VS001597,AD000874,FA007,T3,train,met_family,-3938.5,-525.8,-3865.5270072992703,-578.8175182481752,dwell,3.0,positive,78.90723669262823,1.3663037714355222,False,False,False
VS001598,AD002755,FA007,T3,train,neighbour_says_shifted,-3818.7,-1055.2,-3815.9031575436006,-1048.1249048775658,dwell,2.0,positive,27.47502356873199,1.3663037714355222,False,False,False
VS001599,AD001091,FA007,T3,validation,cash_collected,-3681.4,-712.5,-3695.0,-717.5833333333334,trail_tail,12.0,positive,90.09644210806204,1.3663037714355222,False,False,False
VS001600,AD000216,FA007,T3,train,met_borrower,-4410.0,-818.5,-4411.5,-838.5,trail_tail,2.0,positive,70.37542128531399,1.3663037714355222,False,False,False
VS001601,AD002867,FA008,T3,train,no_such_person,-2319.9,1711.9,-2319.9,1711.9,checkin,,positive,73.34162100641852,1.4612131704915665,False,False,False
VS001602,AD000324,FA008,T3,train,locked_premises,-2641.5,1709.1,-2645.0211267605637,1717.3661971830986,dwell,,positive,47.29175285054077,1.4612131704915665,False,False,False
VS001603,AD000869,FA008,T3,train,locked_premises,-2046.3,1562.8,-2041.0,1564.0,trail_tail,2.0,positive,45.32758858590817,1.4612131704915665,False,False,False
VS001604,AD001555,FA008,T3,train,met_family,-2573.9,1784.7,-2573.9,1784.7,checkin,,positive,56.13483892706741,1.4612131704915665,False,False,False
VS001605,AD001692,FA008,T3,train,neighbour_says_shifted,-2875.5,1671.9,-2906.6767119033275,1414.1275028461473,dwell,,positive,25.13562739407193,1.4612131704915665,False,False,False
VS001606,AD002552,FA008,T3,train,neighbour_says_shifted,-2216.1,1347.7,-2215.587864882069,1334.2534619724647,dwell,7.0,positive,25.14284667577748,1.4612131704915665,False,False,False
VS001607,AD000398,FA008,T3,train,neighbour_says_shifted,-2287.0,1348.6,-2287.0,1348.6,checkin,,positive,29.227916214471534,1.4612131704915665,False,False,False
VS001608,AD001734,FA008,T3,validation,met_borrower,-2890.8,1442.0,-2911.5357395618485,1419.5109653853217,dwell,,positive,74.54579164043346,1.4612131704915665,False,False,False
VS001609,AD001469,FA008,T3,train,met_family,-2621.2,1455.2,-2624.1335395311376,1441.3903565159828,dwell,,positive,49.249820867545964,1.4612131704915665,False,False,False
VS001610,AD002656,FA008,T3,train,met_borrower,-2308.8,2067.8,-2308.8333333333335,2064.5,trail_tail,6.0,positive,73.6538409766678,1.4612131704915665,False,False,False
VS001611,AD002771,FA001,T1,train,met_borrower,2108.5,-1912.6,2392.0936247175873,-1992.8397802442346,dwell,,positive,51.696155563059044,1.0,False,False,False
VS001612,AD002457,FA001,T1,train,locked_premises,2446.7,-1848.0,2446.7,-1848.0,checkin,,positive,31.96142205847544,1.0,False,False,False
VS001613,AD003085,FA001,T1,train,locked_premises,3343.6,-2088.0,3336.1666666666665,-2080.8333333333335,trail_tail,6.0,positive,30.547340309755278,1.0,False,False,False
VS001614,AD000589,FA001,T1,test,met_borrower,2665.7,-1860.8,2679.0,-1859.3333333333333,trail_tail,3.0,positive,53.023508937074325,1.0,False,False,False
VS001615,AD000867,FA001,T1,train,address_not_traceable,3255.9,-2139.1,3254.6666666666665,-2137.6666666666665,trail_tail,3.0,negative,,1.0,False,False,False
VS001616,AD001775,FA001,T1,train,locked_premises,2943.1,-2402.1,2943.1,-2402.1,checkin,,positive,41.83724417310487,1.0,False,False,False
VS001617,AD000735,FA001,T1,validation,met_family,2680.5,-2367.3,2682.530787051907,-2366.159941547496,dwell,6.0,positive,31.48166132846232,1.0,False,False,False
VS001618,AD002414,FA001,T1,train,address_not_traceable,2698.0,-1758.5,2698.0,-1758.5,checkin,,negative,,1.0,False,False,False
VS001619,AD001818,FA001,T1,train,address_not_traceable,422.1,-265.8,414.0,-280.0,trail_tail,2.0,negative,,1.0,False,False,False
VS001620,AD002707,FA001,T1,train,met_borrower,2429.9,-2381.7,2434.0,-2360.6666666666665,trail_tail,6.0,positive,52.1130022163375,1.0,False,False,False
VS001621,AD000809,FA003,T1,train,met_family,681.0,73.3,681.0,73.3,checkin,,positive,45.397494424252095,1.0,False,False,False
VS001622,AD000066,FA003,T1,validation,address_not_traceable,820.2,-365.3,823.5,-371.5,trail_tail,2.0,negative,,1.0,False,False,False
VS001623,AD002979,FA003,T1,train,met_family,1372.1,175.3,1363.504805052169,165.79997254255903,dwell,6.0,positive,31.33552297313705,1.0,False,False,False
VS001624,AD000366,FA003,T1,train,address_not_traceable,1505.7,483.2,1505.7,483.2,checkin,,negative,,1.0,False,False,False
VS001625,AD000836,FA003,T1,train,met_borrower,806.6,-597.4,822.0,-583.6666666666666,trail_tail,3.0,positive,52.774425624539006,1.0,False,False,False
VS001626,AD001240,FA003,T1,train,address_not_traceable,1228.6,-26.2,1234.0,-38.0,trail_tail,2.0,negative,,1.0,False,False,False
VS001627,AD001444,FA003,T1,validation,address_not_traceable,1012.0,-49.9,1022.5,-50.5,trail_tail,2.0,negative,,1.0,False,False,False
VS001628,AD000488,FA003,T1,train,neighbour_says_shifted,1242.1,224.8,1240.6682420654881,221.6061627730139,dwell,2.0,positive,18.048614905305058,1.0,False,False,False
VS001629,AD001973,FA003,T1,train,locked_premises,877.9,-412.5,877.9,-412.5,checkin,,positive,37.680565282383974,1.0,False,False,False
VS001630,AD000743,FA002,T1,test,address_not_traceable,-1992.1,-2499.9,-1992.1,-2499.9,checkin,,negative,,1.0,False,False,False
VS001631,AD003083,FA002,T1,train,no_such_person,-1375.3,-2757.7,-1382.5,-2713.5,trail_tail,2.0,positive,49.56969840537661,1.0,False,False,False
VS001632,AD002637,FA002,T1,train,met_borrower,-1283.4,-3459.6,-1283.4,-3459.6,checkin,,positive,54.358899915285264,1.0,False,False,False
VS001633,AD003010,FA002,T1,train,met_family,-1093.6,-3088.2,-1113.4039507586601,-3087.4348697394794,dwell,,positive,40.13340254700563,1.0,False,False,False
VS001634,AD002046,FA002,T1,train,met_borrower,-1062.3,-3495.7,-1012.0004645247269,-3546.4198556815813,dwell,,positive,60.818048308047516,1.0,False,False,False
VS001635,AD002217,FA002,T1,test,met_family,-683.9,-3074.4,-873.7406048074439,-3088.4716464202634,dwell,,positive,31.306429052193092,1.0,False,False,False
VS001636,AD002015,FA002,T1,train,met_family,-1418.4,-2700.3,-1406.0,-2713.0,trail_tail,3.0,positive,35.09376725288978,1.0,False,False,False
VS001637,AD001130,FA002,T1,test,locked_premises,-746.0,-3327.0,-768.6666666666666,-3322.3333333333335,trail_tail,3.0,positive,32.72598356046767,1.0,False,False,False
VS001638,AD002814,FA002,T1,train,no_such_person,-707.4,-3490.4,-707.4,-3490.4,checkin,,positive,46.64054030561825,1.0,False,False,False
VS001639,AD000561,FA002,T1,validation,address_not_traceable,1778.7,-1222.2,1770.5,-1222.5,trail_tail,2.0,negative,,1.0,False,False,False
VS001640,AD002194,FA005,T2,train,met_family,1657.2,-1701.1,1717.5990698669934,-1749.0865114172507,dwell,,positive,55.125787976227606,1.0,False,False,False
VS001641,AD002748,FA005,T2,validation,met_borrower,1212.6,-1969.2,1157.176663031625,-1876.989094874591,dwell,,positive,53.53073883293597,1.0,False,False,False
VS001642,AD000860,FA005,T2,train,locked_premises,1341.0,-1837.1,1341.4,-1840.6,trail_tail,5.0,positive,30.821461678512268,1.0,False,False,False
VS001643,AD000419,FA005,T2,validation,neighbour_says_shifted,1919.5,-2324.9,1923.7627118644066,-2314.728813559322,dwell,5.0,positive,16.524981089247895,1.0,False,False,False
VS001644,AD002244,FA005,T2,validation,met_borrower,1216.2,-1861.5,1236.7,-1850.5,trail_tail,10.0,positive,51.94432115255719,1.0,False,False,False
VS001645,AD002690,FA005,T2,train,neighbour_says_shifted,1574.8,-2075.8,1574.8,-2075.8,checkin,,positive,24.825591634440457,1.0,False,False,False
VS001646,AD001551,FA005,T2,train,met_family,1601.6,-2255.1,1742.1562826853299,-2436.0398615756103,dwell,,positive,30.993265397502086,1.0,False,False,False
VS001647,AD001586,FA005,T2,validation,met_borrower,1720.0,-1590.2,1557.2399735566328,-1671.3957690612604,dwell,,positive,50.45116450588628,1.0,False,False,False
VS001648,AD002299,FA006,T2,train,cash_collected,938.4,2286.7,941.7,2304.0,trail_tail,10.0,positive,65.79561155578692,1.0,False,False,False
VS001649,AD002936,FA006,T2,train,met_borrower,1136.4,2977.6,1130.3333333333333,2971.25,trail_tail,12.0,positive,50.87219279724435,1.0,False,False,False
VS001650,AD001927,FA006,T2,train,locked_premises,1067.9,2392.0,1063.0,2397.25,trail_tail,4.0,positive,33.29418117329213,1.0,False,False,False
VS001651,AD001811,FA006,T2,train,met_borrower,993.9,3255.0,893.5151515151515,3093.4242424242425,dwell,,positive,51.020118580810845,1.0,False,False,False
VS001652,AD002796,FA006,T2,test,met_borrower,848.7,3205.0,840.6666666666666,3203.0,trail_tail,6.0,positive,51.08730272778159,1.0,False,False,False
VS001653,AD003050,FA006,T2,train,met_family,742.3,2671.7,789.7921500648318,2622.451864616421,dwell,6.0,positive,46.35466535312273,1.0,False,False,False
VS001654,AD000711,FA006,T2,train,met_family,773.8,2478.7,768.1761874540067,2469.5916653363497,dwell,5.0,positive,32.85456589273398,1.0,False,False,False
VS001655,AD001963,FA004,T2,validation,met_family,-309.0,-737.7,-311.7309042502528,-730.4909810822701,dwell,11.0,positive,33.78650927017414,1.1098606920552958,False,False,False
VS001656,AD000975,FA004,T2,train,no_such_person,-561.2,-437.1,-573.6666666666666,-448.0,trail_tail,3.0,positive,50.86883366098884,1.1098606920552958,False,False,False
VS001657,AD002027,FA004,T2,test,locked_premises,-375.9,-636.7,-373.0,-622.5,trail_tail,2.0,positive,35.996377218481754,1.1098606920552958,False,False,False
VS001658,AD001682,FA004,T2,test,neighbour_says_shifted,-606.1,-262.2,-640.1900826446282,-314.504132231405,dwell,,positive,40.71423013309926,1.1098606920552958,False,False,False
VS001659,AD000472,FA004,T2,train,met_borrower,-324.5,-101.4,-319.3333333333333,-105.75,trail_tail,12.0,positive,55.79412762520326,1.1098606920552958,False,False,False
VS001660,AD000579,FA004,T2,train,neighbour_says_shifted,-412.4,-607.6,-412.4,-607.6,checkin,,positive,36.95086122575629,1.1098606920552958,False,False,False
VS001661,AD002784,FA004,T2,test,address_not_traceable,-509.0,-517.2,-509.0,-517.2,checkin,,negative,,1.1098606920552958,False,False,False
VS001662,AD002045,FA004,T2,train,locked_premises,-967.6,-678.8,-948.6666666666666,-677.6666666666666,trail_tail,3.0,positive,36.1525088938063,1.1098606920552958,False,False,False
VS001663,AD000456,FA004,T2,train,neighbour_says_shifted,-267.8,-378.5,-217.78860898138007,-371.89704271631985,dwell,5.0,positive,33.133059575501754,1.1098606920552958,False,False,False
VS001664,AD001891,FA008,T3,train,met_borrower,-3127.5,-165.2,-3127.5,-165.2,checkin,,positive,81.03757692345724,1.4612131704915665,False,False,False
VS001665,AD002485,FA008,T3,train,address_not_traceable,-2081.1,-1639.9,-2081.0,-1633.6666666666667,trail_tail,3.0,negative,,1.4612131704915665,False,False,False
VS001666,AD002333,FA008,T3,validation,met_family,-2254.0,-536.1,-2262.6203653949487,-525.8997850617948,dwell,2.0,positive,53.513977445343116,1.4612131704915665,False,False,False
VS001667,AD000153,FA008,T3,test,met_family,-2226.0,-145.1,-2226.0,-145.1,checkin,,positive,50.18182379996375,1.4612131704915665,False,False,False
VS001668,AD001458,FA008,T3,validation,locked_premises,-2860.6,-455.6,-2860.6666666666665,-457.3333333333333,trail_tail,6.0,positive,44.29982889391117,1.4612131704915665,False,False,False
VS001669,AD001384,FA008,T3,train,neighbour_says_shifted,-2715.5,-504.7,-2710.720678632899,-495.17014998770594,dwell,,positive,28.4477227194633,1.4612131704915665,False,False,False
VS001670,AD001064,FA008,T3,train,met_borrower,-2882.7,72.6,-2976.2724511930587,-24.888937093275487,dwell,,positive,73.43831929668099,1.4612131704915665,False,False,False
VS001671,AD001868,FA008,T3,train,met_family,-2217.5,-178.7,-2223.626918957515,-169.3752231345948,dwell,4.0,positive,45.382961704892935,1.4612131704915665,False,False,False
VS001672,AD000273,FA008,T3,train,address_not_traceable,-1057.7,-1662.5,-1050.3333333333333,-1656.3333333333333,trail_tail,3.0,negative,,1.4612131704915665,False,False,False
VS001673,AD000096,FA007,T3,train,locked_premises,3372.9,553.2,3365.0,543.0,trail_tail,2.0,positive,45.263078704594804,1.3663037714355222,False,False,False
VS001674,AD001422,FA007,T3,train,met_borrower,3978.4,693.8,3987.1428571428573,676.4285714285714,trail_tail,7.0,positive,70.77084255112425,1.3663037714355222,False,False,False
VS001675,AD002737,FA007,T3,train,met_family,3607.2,167.7,3599.9696315098745,168.30861926248258,dwell,6.0,positive,42.88088391120662,1.3663037714355222,False,False,False
VS001676,AD000043,FA007,T3,validation,locked_premises,3920.2,708.2,3929.3333333333335,709.6666666666666,trail_tail,3.0,positive,43.00949791774785,1.3663037714355222,False,False,False
VS001677,AD000722,FA007,T3,test,met_borrower,4025.7,325.7,4029.625,322.875,trail_tail,8.0,positive,68.72311035046891,1.3663037714355222,False,False,False
VS001678,AD001499,FA007,T3,train,met_family,3510.3,4.2,3516.7201554691837,-6.66129927817879,dwell,2.0,positive,48.27757573128349,1.3663037714355222,False,False,False
VS001679,AD002102,FA009,T3,train,met_borrower,2968.0,-1824.8,2954.6666666666665,-1817.0,trail_tail,3.0,positive,50.993823155358726,1.0,False,False,False
VS001680,AD000870,FA009,T3,train,address_not_traceable,-3757.8,-781.1,-3744.5,-782.0,trail_tail,2.0,negative,,1.0,True,True,True
VS001681,AD001078,FA009,T3,train,met_borrower,3061.6,-1848.8,3065.5,-1858.5,trail_tail,2.0,positive,50.74189590466639,1.0,False,False,False
VS001682,AD002044,FA009,T3,train,address_not_traceable,3174.9,-2062.7,3174.9,-2062.7,checkin,,negative,,1.0,False,False,False
VS001683,AD002134,FA009,T3,test,met_family,3095.7,-1836.8,3128.35650446872,-1897.8971933308947,dwell,6.0,positive,47.22523160345542,1.0,False,False,False
VS001684,AD000827,FA009,T3,train,locked_premises,-3733.8,-780.6,-3737.0,-786.0,trail_tail,2.0,positive,33.37214407256447,1.0,True,True,True
VS001685,AD000031,FA009,T3,train,locked_premises,2325.8,-729.4,2342.0,-794.0,trail_tail,2.0,positive,49.110996731892946,1.0,True,True,True
VS001686,AD002982,FA009,T3,train,met_family,3041.4,-2337.1,3065.0000032590588,-2330.765013527246,dwell,9.0,positive,33.55670573819782,1.0,False,False,False
VS001687,AD001083,FA003,T1,train,locked_premises,802.2,-3288.8,803.2,-3286.4,trail_tail,5.0,positive,30.39506538897391,1.0,False,False,False
VS001688,AD001753,FA003,T1,validation,locked_premises,918.8,-2909.8,918.8,-2909.8,checkin,,positive,36.800543474247796,1.0,False,False,False
VS001689,AD002215,FA003,T1,train,address_not_traceable,817.8,-3477.4,817.8,-3477.4,checkin,,negative,,1.0,False,False,False
VS001690,AD001879,FA003,T1,train,locked_premises,575.1,-2853.0,566.2,-2855.6,trail_tail,5.0,positive,31.05257638264497,1.0,False,False,False
VS001691,AD001676,FA003,T1,train,locked_premises,1095.7,-3411.7,1091.5,-3410.5,trail_tail,2.0,positive,30.764508772284994,1.0,False,False,False
VS001692,AD000200,FA003,T1,train,met_borrower,363.2,-2875.2,374.55555555555554,-2878.6666666666665,trail_tail,9.0,positive,50.72208591925218,1.0,False,False,False
VS001693,AD002802,FA003,T1,train,met_family,640.6,-2764.9,695.6666666666666,-2776.3333333333335,trail_tail,3.0,positive,43.46093073094499,1.0,False,False,False
VS001694,AD001900,FA003,T1,train,neighbour_says_shifted,699.6,-2696.1,707.4367346938774,-2697.555102040816,dwell,7.0,positive,18.462191094233646,1.0,False,False,False
VS001695,AD000286,FA003,T1,test,address_not_traceable,729.0,-3141.9,729.0,-3141.9,checkin,,negative,,1.0,False,False,False
VS001696,AD002270,FA003,T1,train,met_borrower,612.2,-2898.5,582.5,-2928.5,trail_tail,2.0,positive,55.925955512624014,1.0,False,False,False
VS001697,AD001372,FA001,T1,train,met_family,2994.2,-2500.8,2994.4308024529337,-2501.8730940848027,dwell,2.0,positive,31.97154985295519,1.0,False,False,False
VS001698,AD000658,FA001,T1,train,met_borrower,2135.1,-2115.4,2139.935165325235,-2133.6770158635773,dwell,,positive,52.648195600609135,1.0,False,False,False
VS001699,AD001800,FA001,T1,train,met_family,2563.1,-2311.6,2563.1,-2311.6,checkin,,positive,32.3578815746643,1.0,False,False,False
VS001700,AD000733,FA001,T1,test,locked_premises,2828.0,-2258.2,2859.5,-2267.5,trail_tail,2.0,positive,35.39095929753813,1.0,False,False,False
VS001701,AD001821,FA001,T1,train,locked_premises,2482.3,-2425.2,2477.0,-2434.0,trail_tail,3.0,positive,32.48726673636922,1.0,False,False,False
VS001702,AD002623,FA001,T1,test,address_not_traceable,1466.1,-1468.3,1463.0,-1464.0,trail_tail,2.0,negative,,1.0,False,False,False
VS001703,AD000602,FA001,T1,train,met_family,3016.0,-1616.8,2968.6084586783845,-1910.991761027548,dwell,,positive,34.92420364160077,1.0,False,False,False
VS001704,AD001154,FA002,T1,test,met_family,-2603.5,1717.8,-2596.6666666666665,1713.1666666666667,trail_tail,6.0,positive,34.207638035970845,1.0,False,False,False
VS001705,AD001815,FA002,T1,train,locked_premises,-2484.9,1025.5,-2482.2,1026.4,trail_tail,5.0,positive,30.710340278153872,1.0,False,False,False
VS001706,AD000238,FA002,T1,train,met_family,-2865.4,1007.0,-2863.2957640914683,994.807704397543,dwell,9.0,positive,31.3820012108852,1.0,False,False,False
VS001707,AD001314,FA002,T1,train,cash_collected,-2432.5,1274.0,-2447.5,1283.0,trail_tail,2.0,positive,66.52595358204195,1.0,False,False,False
VS001708,AD001042,FA002,T1,train,met_family,-2989.3,807.4,-2985.3014588323485,801.8375079793619,dwell,4.0,positive,30.792896908215702,1.0,False,False,False
VS001709,AD001200,FA002,T1,train,locked_premises,-2804.3,844.7,-2825.0,846.6666666666666,trail_tail,3.0,positive,36.325541978062724,1.0,False,False,False
VS001710,AD000817,FA004,T2,test,address_not_traceable,1465.0,-1855.5,1466.5,-1857.5,trail_tail,2.0,negative,,1.1098606920552958,False,False,False
VS001711,AD001954,FA004,T2,validation,met_family,1119.1,-1866.7,1119.1,-1866.7,checkin,,positive,38.69317248867883,1.1098606920552958,False,False,False
VS001712,AD001242,FA004,T2,train,neighbour_says_shifted,1515.9,-1922.3,1515.9,-1922.3,checkin,,positive,33.32401778139997,1.1098606920552958,False,False,False
VS001713,AD002870,FA004,T2,train,address_not_traceable,1695.0,-2372.9,1686.5,-2390.5,trail_tail,2.0,negative,,1.1098606920552958,False,False,False
VS001714,AD002007,FA004,T2,train,locked_premises,1124.9,-2164.7,1124.9,-2164.7,checkin,,positive,55.928224829011924,1.1098606920552958,False,False,False
VS001715,AD001857,FA004,T2,validation,met_family,1646.1,-2253.7,1648.904203725377,-2230.1575135372773,dwell,8.0,positive,39.681594195155434,1.1098606920552958,False,False,False
VS001716,AD001397,FA004,T2,train,met_family,1692.5,-1696.4,1698.0,-1675.6666666666667,dwell,4.0,positive,38.21278729687537,1.1098606920552958,False,False,False
VS001717,AD002263,FA004,T2,train,address_not_traceable,1687.0,-1894.7,1679.3333333333333,-1889.6666666666667,trail_tail,3.0,negative,,1.1098606920552958,False,False,False
VS001718,AD000756,FA004,T2,train,met_borrower,1322.6,-2271.2,1467.9250478181577,-2225.7872870423917,dwell,,positive,56.609532307884194,1.1098606920552958,False,False,False
VS001719,AD000268,FA005,T2,train,met_borrower,986.3,3042.7,977.75,3043.5,trail_tail,4.0,positive,51.747028900218034,1.0,False,False,False
VS001720,AD000918,FA005,T2,validation,address_not_traceable,1988.4,1917.4,1988.4,1917.4,checkin,,negative,,1.0,False,False,False
VS001721,AD000182,FA005,T2,test,address_not_traceable,712.7,2675.0,718.0,2677.5,trail_tail,2.0,negative,,1.0,False,False,False
VS001722,AD000016,FA005,T2,validation,neighbour_says_shifted,749.7,2350.7,754.0,2400.3333333333335,trail_tail,3.0,positive,31.057124786431935,1.0,False,False,False
VS001723,AD002966,FA005,T2,train,met_family,434.2,2611.5,418.0084705882353,2582.075294117647,dwell,4.0,positive,36.48647009509141,1.0,False,False,False
VS001724,AD002057,FA005,T2,train,met_borrower,1020.1,2900.5,1032.0,2927.0,trail_tail,2.0,positive,55.46552983610632,1.0,False,False,False
VS001725,AD002962,FA005,T2,train,met_borrower,996.0,3134.5,973.419412501928,3136.1220042867703,dwell,,positive,55.20754024587583,1.0,False,False,False
VS001726,AD001488,FA006,T2,train,locked_premises,-1517.6,-2862.9,-1513.3333333333333,-2858.3333333333335,trail_tail,3.0,positive,31.383634270109642,1.0,False,False,False
VS001727,AD000192,FA006,T2,train,met_family,1551.7,-183.9,1547.75,-184.125,trail_tail,8.0,positive,30.81257860030543,1.0,False,False,False
VS001728,AD000531,FA006,T2,train,address_not_traceable,1227.1,-1007.4,1227.1,-1007.4,checkin,,negative,,1.0,False,False,False
VS001729,AD001150,FA006,T2,train,address_not_traceable,1252.1,717.2,1252.1,717.2,checkin,,negative,,1.0,False,False,False
VS001730,AD000821,FA006,T2,validation,address_not_traceable,1412.7,-2460.6,1416.5,-2468.0,trail_tail,2.0,negative,,1.0,False,False,False
VS001731,AD002019,FA006,T2,train,neighbour_says_shifted,1154.0,-1962.7,1144.7043545780114,-1961.543529933762,dwell,7.0,positive,17.1117649586476,1.0,False,False,False
VS001732,AD000275,FA006,T2,train,address_not_traceable,-1836.0,-1385.5,-1837.5,-1403.5,trail_tail,2.0,negative,,1.0,False,False,False
VS001733,AD001731,FA006,T2,train,met_borrower,1458.4,-2230.5,1458.4,-2230.5,checkin,,positive,51.144525611251886,1.0,False,False,False
VS001734,AD002521,FA006,T2,train,met_family,1764.0,-2526.9,1580.6980461811722,-2381.9023090586143,dwell,,positive,40.73650083156381,1.0,False,False,False
VS001735,AD002675,FA008,T3,train,locked_premises,-654.5,3200.4,-665.6666666666666,3200.3333333333335,trail_tail,3.0,positive,46.18549046297339,1.4612131704915665,False,False,False
VS001736,AD001587,FA008,T3,train,met_family,-812.4,2989.2,-808.6734635441522,3000.2041405999184,dwell,3.0,positive,48.67156087975704,1.4612131704915665,False,False,False
VS001737,AD002596,FA008,T3,train,address_not_traceable,-576.6,2767.6,-576.6,2767.6,checkin,,negative,,1.4612131704915665,False,False,False
VS001738,AD000808,FA008,T3,test,met_family,-720.8,3385.8,-711.142859719692,3387.858998178178,dwell,10.0,positive,44.623737311439456,1.4612131704915665,False,False,False
VS001739,AD000654,FA008,T3,train,address_not_traceable,-1362.2,2481.9,-1364.3333333333333,2486.6666666666665,trail_tail,3.0,negative,,1.4612131704915665,False,False,False
VS001740,AD000662,FA008,T3,validation,locked_premises,-561.3,3419.8,-578.5,3421.0,trail_tail,2.0,positive,50.904617326546486,1.4612131704915665,False,False,False
VS001741,AD000606,FA008,T3,train,met_family,-577.7,3294.5,-570.178965148253,3293.0768746347285,dwell,8.0,positive,45.58622115879174,1.4612131704915665,False,False,False
VS001742,AD001357,FA008,T3,train,met_family,-505.0,3422.1,-505.0,3422.1,checkin,,positive,81.37005999509455,1.4612131704915665,False,False,False
VS001743,AD002852,FA008,T3,train,met_borrower,-327.3,2839.8,-287.3333333333333,2832.0,trail_tail,3.0,positive,79.86893481037416,1.4612131704915665,False,False,False
VS001744,AD000239,FA007,T3,train,neighbour_says_shifted,1068.9,-666.9,1083.5,-667.0,trail_tail,2.0,positive,25.84427780730562,1.3663037714355222,False,False,False
VS001745,AD001395,FA007,T3,train,neighbour_says_shifted,1363.0,-1066.3,1353.6632996632998,-1062.3569023569025,dwell,8.0,positive,22.940582099239382,1.3663037714355222,False,False,False
VS001746,AD000587,FA007,T3,train,address_not_traceable,1103.5,-867.7,1103.6666666666667,-848.3333333333334,trail_tail,3.0,negative,,1.3663037714355222,False,False,False
VS001747,AD002819,FA007,T3,train,met_borrower,1329.7,-909.1,1330.8791417415912,-913.9109503170112,dwell,,positive,69.34291143507015,1.3663037714355222,False,False,False
VS001748,AD000526,FA007,T3,train,met_borrower,1215.3,-598.1,1172.8,-557.6,trail_tail,5.0,positive,81.95528055737799,1.3663037714355222,False,False,False
VS001749,AD000824,FA007,T3,test,address_not_traceable,1566.8,-2133.4,1541.3333333333333,-2127.6666666666665,trail_tail,3.0,negative,,1.3663037714355222,False,False,False
VS001750,AD001565,FA009,T3,train,locked_premises,-3731.2,-771.6,-3730.6666666666665,-773.3333333333334,trail_tail,3.0,positive,31.294408446238428,1.0,False,True,True
VS001751,AD001219,FA009,T3,train,address_not_traceable,1512.4,-3496.1,1509.0,-3483.5,trail_tail,2.0,negative,,1.0,False,False,False
VS001752,AD003012,FA009,T3,validation,neighbour_says_shifted,-664.8,-3841.2,-654.25,-3843.25,trail_tail,4.0,positive,18.327847664142126,1.0,False,False,False
VS001753,AD000647,FA009,T3,train,neighbour_says_shifted,-171.5,-3335.7,-173.71681415929206,-3339.83185840708,dwell,5.0,positive,16.6938611471403,1.0,False,False,False
VS001754,AD002712,FA009,T3,test,locked_premises,-739.2,-3702.1,-754.6,-3728.6,trail_tail,5.0,positive,36.24806891408149,1.0,False,False,False
VS001755,AD001443,FA009,T3,train,met_borrower,-3730.7,-776.3,-3729.6666666666665,-772.0,trail_tail,3.0,positive,50.68781904955074,1.0,True,True,True
VS001756,AD001473,FA009,T3,train,address_not_traceable,596.2,1778.6,593.6666666666666,1772.0,trail_tail,3.0,negative,,1.0,False,False,False
VS001757,AD000258,FA009,T3,train,met_borrower,-651.6,-3367.2,-651.6,-3367.2,checkin,,positive,64.52433649407024,1.0,False,False,False
VS001758,AD002764,FA001,T1,train,met_borrower,533.8,-3288.3,515.4,-3266.4,trail_tail,10.0,positive,53.24868542978316,1.0,False,False,False
VS001759,AD000822,FA001,T1,train,met_borrower,370.0,-2935.0,370.0,-2935.0,checkin,,positive,78.44717968161761,1.0,False,False,False
VS001760,AD000369,FA001,T1,validation,met_borrower,718.5,-3210.5,718.5,-3210.5,checkin,,positive,55.29027943499653,1.0,False,False,False
VS001761,AD003006,FA001,T1,train,address_not_traceable,295.6,-3163.1,295.6,-3163.1,checkin,,negative,,1.0,False,False,False
VS001762,AD002711,FA001,T1,train,met_borrower,1461.2,-3343.4,1427.7,-3312.9,trail_tail,10.0,positive,54.15810188697534,1.0,False,False,False
VS001763,AD001067,FA001,T1,train,address_not_traceable,1680.3,-1857.3,1677.6666666666667,-1856.3333333333333,trail_tail,3.0,negative,,1.0,False,False,False
VS001764,AD000782,FA001,T1,train,met_borrower,676.2,-2465.6,652.8635444165511,-2631.3792098497765,dwell,,positive,52.380435278832884,1.0,False,False,False
VS001765,AD000328,FA001,T1,validation,no_such_person,383.6,-2906.1,383.6,-2906.1,checkin,,positive,58.026739525842736,1.0,False,False,False
VS001766,AD000126,FA001,T1,train,no_such_person,769.6,-3410.6,912.9445822040251,-3200.3498644830174,dwell,,positive,47.364227007310056,1.0,False,False,False
VS001767,AD000281,FA001,T1,train,met_borrower,991.1,-2735.6,991.1,-2735.6,checkin,,positive,57.728697369679146,1.0,False,False,False
VS001768,AD002308,FA002,T1,train,met_borrower,2931.5,-2432.0,2931.5,-2432.0,checkin,,positive,53.13805133800072,1.0,False,False,False
VS001769,AD003026,FA002,T1,test,met_family,2843.2,-2492.5,2843.2,-2492.5,checkin,,positive,51.876126493792945,1.0,False,False,False
VS001770,AD000475,FA002,T1,train,met_borrower,2579.2,-2282.1,2596.5,-2252.0,trail_tail,2.0,positive,55.996450780384286,1.0,False,False,False
VS001771,AD001484,FA002,T1,validation,address_not_traceable,2769.4,-2319.3,2762.3333333333335,-2324.3333333333335,trail_tail,3.0,negative,,1.0,False,False,False
VS001772,AD001724,FA002,T1,validation,address_not_traceable,1906.2,-856.5,1905.0,-852.5,trail_tail,2.0,negative,,1.0,False,False,False
VS001773,AD000389,FA002,T1,train,address_not_traceable,691.2,-1654.3,705.0,-1661.5,trail_tail,2.0,negative,,1.0,False,False,False
VS001774,AD000779,FA003,T1,train,met_family,2300.4,830.2,2204.9870550161813,851.0097087378641,dwell,2.0,positive,57.1949298452232,1.0,False,False,False
VS001775,AD000209,FA003,T1,test,address_not_traceable,2337.2,983.5,2337.6666666666665,984.0,trail_tail,3.0,negative,,1.0,False,False,False
VS001776,AD000669,FA003,T1,train,locked_premises,2264.5,678.5,2264.5,678.5,checkin,,positive,46.318300918751326,1.0,False,False,False
VS001777,AD001616,FA003,T1,train,neighbour_says_shifted,2588.1,1404.9,2518.3333333333335,1376.0,trail_tail,3.0,positive,39.520437750612,1.0,False,False,False
VS001778,AD001408,FA003,T1,train,address_not_traceable,2293.8,1040.6,2298.3333333333335,1042.6666666666667,trail_tail,3.0,negative,,1.0,False,False,False
VS001779,AD001207,FA003,T1,train,neighbour_says_shifted,2455.0,914.5,2483.5,928.0,trail_tail,2.0,positive,29.339606336827355,1.0,False,False,False
VS001780,AD000668,FA003,T1,train,met_family,2325.8,925.2,2324.3155506855837,914.2798993419797,dwell,2.0,positive,33.22694689555453,1.0,False,False,False
VS001781,AD000141,FA004,T2,train,address_not_traceable,1639.0,-1267.9,1639.0,-1267.9,checkin,,negative,,1.1098606920552958,False,False,False
VS001782,AD001794,FA004,T2,train,address_not_traceable,414.3,-3017.3,414.3,-3017.3,checkin,,negative,,1.1098606920552958,False,False,False
VS001783,AD000953,FA004,T2,validation,address_not_traceable,537.7,-3363.7,541.0,-3354.3333333333335,trail_tail,3.0,negative,,1.1098606920552958,False,False,False
VS001784,AD000674,FA004,T2,train,locked_premises,935.4,-2908.1,931.0,-2918.5,trail_tail,2.0,positive,40.09658805817759,1.1098606920552958,False,False,False
VS001785,AD002458,FA004,T2,test,met_borrower,1031.5,-3112.6,1030.142857142857,-3120.714285714286,trail_tail,7.0,positive,56.005230008794825,1.1098606920552958,False,False,False
VS001786,AD002401,FA004,T2,validation,met_family,655.8,-3633.4,612.3252180402033,-3464.8807425026816,dwell,,positive,35.52611893056919,1.1098606920552958,False,False,False
VS001787,AD002123,FA006,T2,test,met_family,1135.0,183.4,1135.0,183.4,checkin,,positive,48.630545956219734,1.0,False,False,False
VS001788,AD002541,FA006,T2,train,met_borrower,1300.4,154.8,1283.459945503303,156.02448085320432,dwell,,positive,52.765992836295624,1.0,False,False,False
VS001789,AD001318,FA006,T2,train,address_not_traceable,1226.4,55.2,1228.6666666666667,55.333333333333336,trail_tail,3.0,negative,,1.0,False,False,False
VS001790,AD001417,FA006,T2,train,met_borrower,1203.3,-448.3,1201.0,-448.84615384615387,trail_tail,13.0,positive,50.63185756023573,1.0,False,False,False
VS001791,AD002141,FA006,T2,train,address_not_traceable,-1529.8,-3067.9,-1529.8,-3067.9,checkin,,negative,,1.0,False,False,False
VS001792,AD000980,FA006,T2,validation,locked_premises,1440.0,-34.7,1378.5,9.0,trail_tail,2.0,positive,46.64346149247502,1.0,False,False,False
VS001793,AD000846,FA005,T2,train,locked_premises,-1855.9,-3248.3,-1857.0,-3254.75,trail_tail,4.0,positive,31.208412327447846,1.0,False,False,False
VS001794,AD002131,FA005,T2,validation,met_family,-1509.9,-2438.4,-1524.9862964298593,-2453.332131265777,dwell,4.0,positive,32.42903791357368,1.0,False,False,False
VS001795,AD001647,FA005,T2,train,met_family,-1639.1,-2886.1,-1640.5733879733114,-2908.448406305093,dwell,12.0,positive,33.76307154273736,1.0,False,False,False
VS001796,AD001447,FA005,T2,validation,met_borrower,-1254.7,-2708.2,-1178.1773354300121,-2847.669813221795,dwell,,positive,55.64649584654904,1.0,False,False,False
VS001797,AD001761,FA005,T2,train,met_family,-1919.0,-2665.5,-1919.0,-2665.5,checkin,,positive,41.39411190012415,1.0,False,False,False
VS001798,AD000379,FA005,T2,train,met_borrower,-1667.6,-2521.8,-1667.6,-2521.8,checkin,,positive,50.8651157474354,1.0,False,False,False
VS001799,AD001591,FA005,T2,train,locked_premises,-1829.7,-3098.3,-1829.7,-3098.3,checkin,,positive,45.409305213799534,1.0,False,False,False
VS001800,AD002387,FA005,T2,train,neighbour_says_shifted,-1646.6,-2357.3,-1646.6,-2357.3,checkin,,positive,39.098625295526716,1.0,False,False,False
VS001801,AD000400,FA005,T2,train,locked_premises,-2069.8,-2671.8,-1956.840087423732,-2726.360713960478,dwell,,positive,32.06275097367661,1.0,False,False,False
VS001802,AD001754,FA007,T3,train,neighbour_says_shifted,-2380.1,-92.2,-2378.2832723662923,-88.5452357316725,dwell,8.0,positive,22.838228350780344,1.3663037714355222,False,False,False
VS001803,AD002655,FA007,T3,train,address_not_traceable,-2949.3,72.3,-2949.3,72.3,checkin,,negative,,1.3663037714355222,False,False,False
VS001804,AD000465,FA007,T3,train,locked_premises,-2642.1,-57.5,-2642.1,-57.5,checkin,,positive,48.259059987724584,1.3663037714355222,False,False,False
VS001805,AD000950,FA007,T3,validation,locked_premises,-3018.3,-239.1,-3017.0,-239.0,trail_tail,4.0,positive,42.160269066124066,1.3663037714355222,False,False,False
VS001806,AD001776,FA007,T3,validation,neighbour_says_shifted,-2533.0,-18.3,-2533.0,-18.3,checkin,,positive,49.805708167796595,1.3663037714355222,False,False,False
VS001807,AD000170,FA007,T3,train,address_not_traceable,-3891.6,-879.1,-3883.0,-882.5,trail_tail,2.0,negative,,1.3663037714355222,False,False,False
VS001808,AD000078,FA007,T3,train,locked_premises,-2523.9,-89.8,-2534.3333333333335,-132.33333333333334,trail_tail,3.0,positive,53.474038410720674,1.3663037714355222,False,False,False
VS001809,AD000342,FA009,T3,validation,address_not_traceable,3653.7,635.2,3644.6666666666665,635.0,trail_tail,3.0,negative,,1.0,False,False,False
VS001810,AD001832,FA009,T3,train,address_not_traceable,-3715.4,-765.5,-3722.8333333333335,-762.5,trail_tail,6.0,negative,,1.0,True,True,True
VS001811,AD000982,FA009,T3,train,address_not_traceable,2333.0,-759.5,2329.25,-758.25,trail_tail,4.0,negative,,1.0,True,True,True
VS001812,AD002866,FA009,T3,test,address_not_traceable,2346.9,-744.5,2351.6666666666665,-759.3333333333334,trail_tail,3.0,negative,,1.0,False,True,True
VS001813,AD001749,FA009,T3,train,address_not_traceable,2331.4,-786.5,2338.0,-776.4285714285714,trail_tail,7.0,negative,,1.0,True,True,True
VS001814,AD000433,FA009,T3,train,address_not_traceable,2349.7,-766.1,2349.7,-766.1,checkin,,negative,,1.0,True,True,True
VS001815,AD003088,FA009,T3,train,address_not_traceable,2335.2,-765.8,2338.6,-758.0,trail_tail,10.0,negative,,1.0,False,True,True
VS001816,AD000228,FA009,T3,train,address_not_traceable,3485.9,285.7,3485.9,285.7,checkin,,negative,,1.0,False,False,False
VS001817,AD002799,FA009,T3,train,met_family,3483.6,-21.5,3472.747086078332,-23.7692391225657,dwell,,positive,34.55882665832275,1.0,False,False,False
VS001818,AD002903,FA008,T3,train,neighbour_says_shifted,-2244.9,1667.2,-2241.3333333333335,1660.0,trail_tail,3.0,positive,29.008025794981034,1.4612131704915665,False,False,False
VS001819,AD000098,FA008,T3,train,locked_premises,-2494.9,1363.7,-2494.9,1363.7,checkin,,positive,47.95106329005328,1.4612131704915665,False,False,False
VS001820,AD002504,FA008,T3,validation,met_family,-2297.8,1290.1,-2297.8,1290.1,checkin,,positive,56.700390259364745,1.4612131704915665,False,False,False
VS001821,AD002068,FA008,T3,train,met_family,-2034.0,1433.2,-2060.5633859707505,1513.4448816929853,dwell,,positive,46.058357018807996,1.4612131704915665,False,False,False
VS001822,AD001722,FA008,T3,test,met_borrower,-2243.5,1292.8,-2242.1111111111113,1295.888888888889,trail_tail,9.0,positive,75.17174905660822,1.4612131704915665,False,False,False
VS001823,AD002964,FA008,T3,train,met_family,-2701.3,1925.4,-2716.2429394527103,1918.139416493809,dwell,8.0,positive,46.44066722826317,1.4612131704915665,False,False,False
VS001824,AD000359,FA001,T1,test,met_borrower,-2470.0,-2648.2,-2469.5,-2638.5,trail_tail,2.0,positive,50.76238765070058,1.0,False,False,False
VS001825,AD002579,FA001,T1,train,met_borrower,-2042.0,-2569.2,-2007.8,-2586.2,trail_tail,5.0,positive,54.61291056151468,1.0,False,False,False
VS001826,AD000172,FA001,T1,train,locked_premises,-2191.7,-2660.0,-2191.7,-2660.0,checkin,,positive,47.968348939691516,1.0,False,False,False
VS001827,AD002317,FA001,T1,train,locked_premises,-2395.7,-2023.0,-2382.4,-2021.6,trail_tail,5.0,positive,31.389209929528313,1.0,False,False,False
VS001828,AD000180,FA001,T1,train,address_not_traceable,-2405.9,-2700.8,-2405.9,-2700.8,checkin,,negative,,1.0,False,False,False
VS001829,AD000599,FA001,T1,train,address_not_traceable,-927.1,-2476.9,-930.0,-2477.0,trail_tail,3.0,negative,,1.0,False,False,False
VS001830,AD001263,FA001,T1,train,address_not_traceable,-2643.8,-2423.9,-2647.0,-2416.0,trail_tail,2.0,negative,,1.0,False,False,False
VS001831,AD001727,FA001,T1,validation,address_not_traceable,1236.9,1992.4,1236.9,1992.4,checkin,,negative,,1.0,False,False,False
VS001832,AD002845,FA001,T1,validation,address_not_traceable,-2224.4,-2855.7,-2222.0,-2862.0,trail_tail,2.0,negative,,1.0,False,False,False
VS001833,AD001867,FA002,T1,validation,no_such_person,2850.0,1461.5,2872.4,1446.6,trail_tail,5.0,positive,48.0505202885463,1.0,False,False,False
VS001834,AD000517,FA002,T1,train,met_borrower,2115.4,636.4,2115.4,636.4,checkin,,positive,52.59790870367377,1.0,False,False,False
VS001835,AD002367,FA002,T1,train,met_family,2094.0,759.0,2107.0138408304497,762.688581314879,dwell,3.0,positive,30.693484650655098,1.0,False,False,False
VS001836,AD000969,FA002,T1,train,met_family,2174.9,1002.3,2160.7653450882904,994.6702119480253,dwell,7.0,positive,32.32514501127567,1.0,False,False,False
VS001837,AD001045,FA002,T1,train,met_family,2615.2,1450.9,2624.096629213483,1461.0179775280897,dwell,6.0,positive,31.371523711799526,1.0,False,False,False
VS001838,AD001096,FA002,T1,train,met_family,2634.6,1151.5,2707.0221760841214,941.2704604645683,dwell,,positive,30.59595561508089,1.0,False,False,False
VS001839,AD000111,FA002,T1,train,locked_premises,2702.3,1144.4,2702.3,1144.4,checkin,,positive,30.391651814272947,1.0,False,False,False
VS001840,AD001257,FA002,T1,test,met_family,2318.6,1449.6,2319.9057034844773,1445.1944213599465,dwell,9.0,positive,30.819149890936313,1.0,False,False,False
VS001841,AD002239,FA002,T1,train,address_not_traceable,1884.8,1330.5,1884.8,1330.5,checkin,,negative,,1.0,False,False,False
VS001842,AD002672,FA002,T1,train,address_not_traceable,2212.7,990.9,2212.7,990.9,checkin,,negative,,1.0,False,False,False
VS001843,AD001035,FA003,T1,train,met_borrower,979.9,-494.4,970.0,-481.0,trail_tail,2.0,positive,50.82905173225249,1.0,False,False,False
VS001844,AD000788,FA003,T1,train,no_such_person,1255.4,-392.5,1255.4,-392.5,checkin,,positive,50.30002485088849,1.0,False,False,False
VS001845,AD001187,FA003,T1,train,locked_premises,1365.3,-304.6,1378.0,-297.3333333333333,trail_tail,3.0,positive,31.991756750763162,1.0,False,False,False
VS001846,AD000001,FA003,T1,train,met_borrower,1221.2,-281.1,1207.1611295070206,-180.3331003496262,dwell,,positive,52.21362370109931,1.0,False,False,False
VS001847,AD000247,FA003,T1,validation,address_not_traceable,1883.5,-1199.9,1871.5,-1210.5,trail_tail,2.0,negative,,1.0,False,False,False
VS001848,AD002060,FA003,T1,test,met_borrower,760.6,-342.2,761.5714285714286,-353.57142857142856,trail_tail,7.0,positive,51.45979012782699,1.0,False,False,False
VS001849,AD002067,FA003,T1,train,met_family,1028.0,-308.2,1039.1763956058035,-375.7843704961086,dwell,6.0,positive,46.74986630996928,1.0,False,False,False
VS001850,AD002882,FA003,T1,train,met_borrower,1202.9,-333.4,1202.5,-327.7,trail_tail,10.0,positive,50.535457848920295,1.0,False,False,False
VS001851,AD002606,FA003,T1,train,met_family,1224.9,-188.6,1217.2330566037735,-181.9269433962264,dwell,2.0,positive,35.64971949398761,1.0,False,False,False
VS001852,AD000260,FA003,T1,train,cash_collected,1175.8,-376.1,1175.8,-376.1,checkin,,positive,66.59971846787343,1.0,False,False,False
VS001853,AD002953,FA004,T2,train,address_not_traceable,584.9,-1567.2,577.0,-1561.0,trail_tail,2.0,negative,,1.1098606920552958,False,False,False
VS001854,AD001765,FA004,T2,train,address_not_traceable,2346.6,-981.5,2353.3333333333335,-984.3333333333334,trail_tail,3.0,negative,,1.1098606920552958,False,False,False
VS001855,AD000768,FA004,T2,test,address_not_traceable,2676.8,-1229.5,2678.3333333333335,-1223.3333333333333,trail_tail,3.0,negative,,1.1098606920552958,False,False,False
VS001856,AD000150,FA004,T2,train,locked_premises,2505.6,-865.4,2505.6,-865.4,checkin,,positive,37.52149952226251,1.1098606920552958,False,False,False
VS001857,AD000797,FA004,T2,validation,neighbour_says_shifted,2586.7,-1122.4,2494.7086133170433,-1148.8649969456324,dwell,,positive,19.048019492555714,1.1098606920552958,False,False,False
VS001858,AD000495,FA004,T2,train,address_not_traceable,2652.8,-1289.3,2654.6666666666665,-1285.3333333333333,trail_tail,3.0,negative,,1.1098606920552958,False,False,False
VS001859,AD001971,FA006,T2,train,met_borrower,2818.7,-1044.4,2813.601682186843,-1270.340042054671,dwell,,positive,50.40736553322341,1.0,False,False,False
VS001860,AD001117,FA006,T2,train,address_not_traceable,2319.7,-1322.7,2330.6666666666665,-1310.6666666666667,trail_tail,3.0,negative,,1.0,False,False,False
VS001861,AD002772,FA006,T2,train,met_family,2534.6,-930.3,2532.420348571758,-917.5417189279397,dwell,9.0,positive,31.195392287964573,1.0,False,False,False
VS001862,AD001855,FA006,T2,train,locked_premises,2412.7,-1204.6,2434.25,-1203.5,trail_tail,4.0,positive,36.49880135018138,1.0,False,False,False
VS001863,AD002262,FA006,T2,validation,met_borrower,2610.9,-1650.6,2614.0,-1671.25,trail_tail,4.0,positive,52.03510834042724,1.0,False,False,False
VS001864,AD003077,FA006,T2,train,address_not_traceable,2609.8,-1333.4,2609.8,-1333.4,checkin,,negative,,1.0,False,False,False
VS001865,AD001450,FA006,T2,test,neighbour_says_shifted,2501.9,-973.1,2484.6666666666665,-1052.6666666666667,trail_tail,3.0,positive,43.56196735685843,1.0,False,False,False
VS001866,AD000686,FA005,T2,validation,locked_premises,2792.5,835.1,2801.0,836.4,trail_tail,5.0,positive,30.444457623679224,1.0,False,False,False
VS001867,AD002213,FA005,T2,train,met_family,2763.2,673.7,2763.2,673.7,checkin,,positive,31.4852743357907,1.0,False,False,False
VS001868,AD002751,FA005,T2,train,met_family,3094.8,405.1,3107.888324873096,461.21319796954316,dwell,5.0,positive,41.154131019862376,1.0,False,False,False
VS001869,AD002568,FA005,T2,validation,address_not_traceable,3057.9,681.0,3056.3333333333335,685.0,trail_tail,3.0,negative,,1.0,False,False,False
VS001870,AD001726,FA005,T2,validation,locked_premises,2927.8,883.2,2926.3333333333335,880.1666666666666,trail_tail,6.0,positive,30.47244657063165,1.0,False,False,False
VS001871,AD001254,FA005,T2,train,address_not_traceable,2624.6,7.3,2617.5,-7.5,trail_tail,2.0,negative,,1.0,False,False,False
VS001872,AD002956,FA009,T3,validation,locked_premises,2325.8,-765.7,2333.6666666666665,-765.6666666666666,trail_tail,3.0,positive,31.95735439613235,1.0,True,True,True
VS001873,AD002415,FA009,T3,train,met_borrower,-2825.0,197.2,-2689.6137471774427,-53.21464737301893,dwell,,positive,56.458923121150654,1.0,False,False,False
VS001874,AD002181,FA009,T3,train,met_borrower,2326.4,-776.3,2326.4,-776.3,checkin,,positive,52.52239998324525,1.0,True,True,True
VS001875,AD000721,FA009,T3,validation,met_borrower,-3035.4,-140.9,-3039.7,-116.1,trail_tail,10.0,positive,52.096473009216275,1.0,False,False,False
VS001876,AD000288,FA009,T3,train,address_not_traceable,2317.0,-771.1,2316.82249817385,-770.2885317750183,dwell,,negative,,1.0,True,True,True
VS001877,AD002590,FA009,T3,train,locked_premises,-3744.0,-785.6,-3734.4169432047916,-767.1754586718541,dwell,,positive,32.46305592515899,1.0,True,True,True
VS001878,AD001822,FA009,T3,validation,locked_premises,-3727.7,-781.0,-3727.7,-781.0,checkin,,positive,30.557036832782067,1.0,True,True,True
VS001879,AD001109,FA009,T3,test,address_not_traceable,-3743.7,-768.7,-3743.0,-766.0,trail_tail,4.0,negative,,1.0,True,True,True
VS001880,AD001437,FA009,T3,train,locked_premises,-2394.7,-618.2,-2394.7,-618.2,checkin,,positive,41.39616528133982,1.0,False,False,False
VS001881,AD002977,FA009,T3,train,met_family,-2652.5,-496.2,-2665.9929003967422,-491.75923992482774,dwell,4.0,positive,31.5940263341031,1.0,False,False,False
VS001882,AD001524,FA007,T3,train,locked_premises,4269.1,181.4,4269.1,181.4,checkin,,positive,54.651339608535665,1.3663037714355222,False,False,False
VS001883,AD001846,FA007,T3,test,address_not_traceable,-3626.5,-786.9,-3626.5,-786.9,checkin,,negative,,1.3663037714355222,False,False,False
VS001884,AD001122,FA007,T3,train,address_not_traceable,3755.9,435.9,3771.5,446.0,trail_tail,2.0,negative,,1.3663037714355222,False,False,False
VS001885,AD002138,FA007,T3,validation,met_borrower,3740.6,563.2,3740.6,563.2,checkin,,positive,69.077297400115,1.3663037714355222,False,False,False
VS001886,AD000534,FA007,T3,train,locked_premises,3956.9,732.9,3971.0,726.5,trail_tail,2.0,positive,44.279731992861116,1.3663037714355222,False,False,False
VS001887,AD000252,FA007,T3,validation,address_not_traceable,3537.9,638.0,3537.9,638.0,checkin,,negative,,1.3663037714355222,False,False,False
VS001888,AD002603,FA007,T3,train,address_not_traceable,2475.3,588.0,2480.0,593.5,trail_tail,2.0,negative,,1.3663037714355222,False,False,False
VS001889,AD000142,FA007,T3,train,met_family,3928.8,774.2,3928.8,774.2,checkin,,positive,55.93474763781567,1.3663037714355222,False,False,False
VS001890,AD000850,FA007,T3,train,met_borrower,3785.4,225.5,3750.621862133085,226.99282773276664,dwell,,positive,78.83125799055328,1.3663037714355222,False,False,False
VS001891,AD001481,FA008,T3,train,address_not_traceable,2786.2,-1720.6,2797.6666666666665,-1715.0,trail_tail,3.0,negative,,1.4612131704915665,False,False,False
VS001892,AD002636,FA008,T3,train,locked_premises,-2397.3,1687.6,-2397.3,1687.6,checkin,,positive,49.19348350267728,1.4612131704915665,False,False,False
VS001893,AD001272,FA008,T3,train,address_not_traceable,2924.1,-2313.7,2924.1,-2313.7,checkin,,negative,,1.4612131704915665,False,False,False
VS001894,AD000815,FA008,T3,train,locked_premises,2943.1,-2314.2,2953.0,-2316.5,trail_tail,2.0,positive,45.91564498038392,1.4612131704915665,False,False,False
VS001895,AD001467,FA008,T3,train,address_not_traceable,2997.5,-1848.2,2997.5,-1848.2,checkin,,negative,,1.4612131704915665,False,False,False
VS001896,AD001146,FA008,T3,test,address_not_traceable,379.5,-425.8,381.0,-409.5,trail_tail,2.0,negative,,1.4612131704915665,False,False,False
VS001897,AD002321,FA008,T3,train,address_not_traceable,2832.5,-1913.6,2832.5,-1913.6,checkin,,negative,,1.4612131704915665,False,False,False
VS001898,AD002806,FA003,T1,train,no_such_person,2795.8,-1801.5,2846.5,-1776.5,trail_tail,2.0,positive,55.597054778108486,1.0,False,False,False
VS001899,AD000840,FA003,T1,train,address_not_traceable,1094.6,-1764.7,1094.6,-1764.7,checkin,,negative,,1.0,False,False,False
VS001900,AD002016,FA003,T1,train,neighbour_says_shifted,2768.2,-2327.0,2770.0,-2317.5,trail_tail,2.0,positive,17.613914953808553,1.0,False,False,False
VS001901,AD002362,FA003,T1,train,met_family,2494.1,-2121.9,2494.1,-2121.9,checkin,,positive,45.633485512285844,1.0,False,False,False
VS001902,AD000652,FA003,T1,train,met_borrower,2815.0,-2230.3,2860.0,-2277.5,trail_tail,2.0,positive,61.289334308670675,1.0,False,False,False
VS001903,AD000785,FA003,T1,test,met_borrower,2446.0,-2317.7,2439.9,-2252.9,trail_tail,10.0,positive,60.50390483266344,1.0,False,False,False
VS001904,AD000569,FA003,T1,test,locked_premises,2824.7,-2148.7,2868.6666666666665,-2127.0,trail_tail,3.0,positive,40.3615534884375,1.0,False,False,False
VS001905,AD001416,FA003,T1,test,met_borrower,2601.3,-1652.5,2604.0,-1655.0833333333333,trail_tail,12.0,positive,50.61052262128894,1.0,False,False,False
VS001906,AD001107,FA001,T1,train,address_not_traceable,1595.7,-1674.4,1595.7,-1674.4,checkin,,negative,,1.0,False,False,False
VS001907,AD002691,FA001,T1,train,address_not_traceable,1534.8,-2437.6,1549.6666666666667,-2437.0,trail_tail,3.0,negative,,1.0,False,False,False
VS001908,AD000075,FA001,T1,train,neighbour_says_shifted,2785.1,-2317.7,2769.642713230356,-2331.3431833445266,dwell,6.0,positive,18.350068119764583,1.0,False,False,False
VS001909,AD000193,FA001,T1,train,address_not_traceable,1660.5,-1460.9,1660.5,-1460.9,checkin,,negative,,1.0,False,False,False
VS001910,AD000904,FA001,T1,train,met_borrower,954.0,-2889.8,907.0,-2893.5,trail_tail,2.0,positive,57.40226476368332,1.0,False,False,False
VS001911,AD001186,FA001,T1,train,met_borrower,2875.7,-2018.5,2859.5714285714284,-2031.142857142857,trail_tail,7.0,positive,52.43066850613292,1.0,False,False,False
VS001912,AD002304,FA001,T1,train,no_such_person,2786.0,-2052.9,2791.1666666666665,-2052.5,trail_tail,6.0,positive,46.22080159408748,1.0,False,False,False
VS001913,AD001770,FA001,T1,train,met_family,2497.6,-2351.5,2497.6,-2351.5,checkin,,positive,31.858946938026694,1.0,False,False,False
VS001914,AD000114,FA001,T1,train,met_family,2716.4,-1869.8,2705.9647025468985,-1873.726220290129,dwell,4.0,positive,32.34439673266454,1.0,False,False,False
VS001915,AD000529,FA001,T1,test,locked_premises,2816.5,-2095.5,2819.75,-2093.25,trail_tail,4.0,positive,31.425546932392443,1.0,False,False,False
VS001916,AD001945,FA002,T1,train,address_not_traceable,-2978.1,594.6,-2989.0,608.0,trail_tail,2.0,negative,,1.0,False,False,False
VS001917,AD001362,FA002,T1,train,address_not_traceable,-1461.9,752.0,-1463.5,757.0,trail_tail,2.0,negative,,1.0,False,False,False
VS001918,AD000047,FA002,T1,train,locked_premises,-2462.7,1209.7,-2460.5,1199.5,trail_tail,4.0,positive,32.39683626528985,1.0,False,False,False
VS001919,AD000649,FA002,T1,validation,address_not_traceable,-2618.8,899.9,-2589.5,913.0,trail_tail,2.0,negative,,1.0,False,False,False
VS001920,AD002468,FA002,T1,train,met_family,-3049.4,1477.7,-3071.1582487564865,1473.4567876036851,dwell,2.0,positive,35.30017705338033,1.0,False,False,False
VS001921,AD001790,FA002,T1,train,met_borrower,-3144.6,1510.0,-3116.7,1536.2,trail_tail,10.0,positive,54.22342667150426,1.0,False,False,False
VS001922,AD000539,FA004,T2,train,neighbour_says_shifted,2682.0,-941.8,2682.0,-941.8,checkin,,positive,37.58070902773755,1.1098606920552958,False,False,False
VS001923,AD002359,FA004,T2,train,neighbour_says_shifted,1821.8,-1735.5,1821.8,-1735.5,checkin,,positive,26.799918532543085,1.1098606920552958,False,False,False
VS001924,AD001752,FA004,T2,train,no_such_person,1466.6,-2259.8,1465.0,-2262.1428571428573,trail_tail,7.0,positive,50.41370397492698,1.1098606920552958,False,False,False
VS001925,AD002973,FA004,T2,train,locked_premises,1141.9,-2165.8,1141.9,-2165.8,checkin,,positive,40.1582889668544,1.1098606920552958,False,False,False
VS001926,AD001495,FA004,T2,train,met_borrower,1266.5,-1832.2,1298.2,-1842.3,trail_tail,10.0,positive,58.49421251365672,1.1098606920552958,False,False,False
VS001927,AD003074,FA004,T2,train,met_family,1508.6,-2121.3,1493.5383762815184,-2117.406760875589,dwell,6.0,positive,36.576814202793244,1.1098606920552958,False,False,False
VS001928,AD001673,FA005,T2,train,locked_premises,1008.0,-1764.5,1008.0,-1764.5,checkin,,positive,52.49821425534396,1.0,False,False,False
VS001929,AD001013,FA005,T2,train,neighbour_says_shifted,1319.6,-2075.4,1319.6,-2075.4,checkin,,positive,27.820675764617977,1.0,False,False,False
VS001930,AD002849,FA005,T2,validation,met_borrower,1721.6,-2413.9,1776.0,-2397.5,trail_tail,2.0,positive,59.74389090107878,1.0,False,False,False
VS001931,AD002576,FA005,T2,train,locked_premises,1484.1,-2345.5,1484.1,-2345.5,checkin,,positive,37.85003302508464,1.0,False,False,False
VS001932,AD002059,FA005,T2,train,locked_premises,1313.0,-1876.4,1313.0,-1876.4,checkin,,positive,45.06051486612197,1.0,False,False,False
VS001933,AD002466,FA005,T2,train,locked_premises,1858.5,-2089.2,1860.0,-2101.75,trail_tail,4.0,positive,34.685912125818476,1.0,False,False,False
VS001934,AD002341,FA006,T2,train,met_family,-701.1,2667.7,-701.1,2667.7,checkin,,positive,62.86799662785514,1.0,False,False,False
VS001935,AD002112,FA006,T2,test,met_family,-358.9,3274.8,-362.4124604504682,3285.04587135821,dwell,10.0,positive,31.4876563116406,1.0,False,False,False
VS001936,AD002166,FA006,T2,train,neighbour_says_shifted,-940.5,2990.1,-973.2814498933902,3029.0127931769725,dwell,4.0,positive,30.468426280331606,1.0,False,False,False
VS001937,AD001662,FA006,T2,validation,address_not_traceable,-634.6,2697.6,-634.6,2697.6,checkin,,negative,,1.0,False,False,False
VS001938,AD000198,FA006,T2,train,locked_premises,-471.1,3190.3,-470.0,3169.3333333333335,trail_tail,3.0,positive,33.78779365392186,1.0,False,False,False
VS001939,AD001135,FA006,T2,test,cash_collected,-732.6,2999.1,-727.4,2921.2,trail_tail,5.0,positive,75.02021394264347,1.0,False,False,False
VS001940,AD000088,FA006,T2,validation,locked_premises,-429.0,3101.5,-429.0,3101.5,checkin,,positive,53.012380629434105,1.0,False,False,False
VS001941,AD000991,FA006,T2,train,locked_premises,-437.7,3260.2,-437.7,3260.2,checkin,,positive,33.371282564504455,1.0,False,False,False
VS001942,AD001040,FA007,T3,train,locked_premises,617.2,-1232.4,851.8461538461538,-1116.5384615384617,dwell,,positive,41.794158160040595,1.3663037714355222,False,False,False
VS001943,AD001995,FA007,T3,train,met_borrower,831.9,-358.7,831.9,-358.7,checkin,,positive,71.79942568920136,1.3663037714355222,False,False,False
VS001944,AD002614,FA007,T3,validation,neighbour_says_shifted,802.7,-781.9,663.171469740634,-819.0907780979827,dwell,,positive,22.385501977686886,1.3663037714355222,False,False,False
VS001945,AD002731,FA007,T3,train,neighbour_says_shifted,764.0,1378.6,855.3881575068875,1601.4786012707034,dwell,,positive,26.2902551330215,1.3663037714355222,False,False,False
VS001946,AD000227,FA007,T3,train,locked_premises,1166.7,-1190.1,1162.6666666666667,-1190.5,trail_tail,6.0,positive,42.86395664068606,1.3663037714355222,False,False,False
VS001947,AD000451,FA007,T3,validation,locked_premises,1002.1,-514.1,1000.5,-492.5,trail_tail,2.0,positive,43.58819543402838,1.3663037714355222,False,False,False
VS001948,AD002848,FA007,T3,train,no_such_person,1003.3,-774.6,988.790040331989,-768.0469317689409,dwell,,positive,63.816808095416384,1.3663037714355222,False,False,False
VS001949,AD001622,FA007,T3,train,met_borrower,1140.4,-1091.8,965.506897270999,-1048.4111070527247,dwell,,positive,71.11542224178271,1.3663037714355222,False,False,False
VS001950,AD002077,FA007,T3,test,address_not_traceable,1717.7,-2203.2,1712.0,-2213.0,trail_tail,2.0,negative,,1.3663037714355222,False,False,False
VS001951,AD002411,FA007,T3,train,met_borrower,1201.8,-1239.8,1196.2,-1234.0,trail_tail,5.0,positive,68.83147668341498,1.3663037714355222,False,False,False
VS001952,AD000570,FA009,T3,train,met_borrower,-3733.1,-752.3,-3724.6,-766.6,trail_tail,10.0,positive,52.48442626151114,1.0,False,True,True
VS001953,AD001197,FA009,T3,train,address_not_traceable,1093.1,-386.1,1093.0,-387.0,trail_tail,3.0,negative,,1.0,False,False,False
VS001954,AD000787,FA009,T3,train,met_borrower,1073.7,-1175.3,1099.0,-1176.1666666666667,trail_tail,6.0,positive,51.935392556521606,1.0,False,False,False
VS001955,AD002506,FA009,T3,validation,met_borrower,868.1,-869.3,868.1,-869.3,checkin,,positive,53.074617285478375,1.0,False,False,False
VS001956,AD000426,FA009,T3,train,met_family,838.1,-1179.5,835.0538246454963,-1185.995606151388,dwell,8.0,positive,30.871588880392924,1.0,False,False,False
VS001957,AD001840,FA009,T3,train,locked_premises,-3746.2,-759.4,-3746.6666666666665,-757.3333333333334,trail_tail,3.0,positive,30.643270060488003,1.0,True,True,True
VS001958,AD000978,FA008,T3,train,no_such_person,-1255.0,-710.8,-1255.0,-710.8,checkin,,positive,69.79109606132505,1.4612131704915665,False,False,False
VS001959,AD001262,FA008,T3,train,locked_premises,-978.6,-432.0,-978.6,-432.0,checkin,,positive,51.43242040504849,1.4612131704915665,False,False,False
VS001960,AD000099,FA008,T3,train,locked_premises,1285.2,667.7,1286.0,673.5714285714286,trail_tail,7.0,positive,48.9820908101348,1.4612131704915665,False,False,False
VS001961,AD002254,FA008,T3,validation,locked_premises,-438.5,-272.6,-438.5,-272.6,checkin,,positive,45.69516377463228,1.4612131704915665,False,False,False
VS001962,AD000348,FA008,T3,train,address_not_traceable,-760.8,-654.5,-759.5,-661.5,trail_tail,2.0,negative,,1.4612131704915665,False,False,False
VS001963,AD000915,FA008,T3,train,address_not_traceable,-689.0,-1711.8,-702.0,-1710.0,trail_tail,2.0,negative,,1.4612131704915665,False,False,False
VS001964,AD002537,FA001,T1,train,address_not_traceable,2126.3,-2157.9,2130.6666666666665,-2158.6666666666665,trail_tail,3.0,negative,,1.0,False,False,False
VS001965,AD002247,FA001,T1,test,address_not_traceable,1672.6,-566.7,1672.6,-566.7,checkin,,negative,,1.0,False,False,False
VS001966,AD001100,FA001,T1,train,met_family,2891.6,-2591.2,2891.6,-2591.2,checkin,,positive,43.75785643744444,1.0,False,False,False
VS001967,AD000832,FA001,T1,train,address_not_traceable,2777.8,-2100.3,2771.5,-2106.0,trail_tail,2.0,negative,,1.0,False,False,False
VS001968,AD002978,FA001,T1,train,no_such_person,2777.3,-2402.5,2786.0,-2396.5,trail_tail,2.0,positive,45.99657595952115,1.0,False,False,False
VS001969,AD002920,FA001,T1,test,met_borrower,2743.2,-2544.0,2742.5,-2559.5,trail_tail,2.0,positive,52.58992298910505,1.0,False,False,False
VS001970,AD000360,FA001,T1,test,met_borrower,3269.9,-2386.4,3301.4,-2460.9,trail_tail,10.0,positive,63.609767331754924,1.0,False,False,False
VS001971,AD000316,FA001,T1,train,met_family,2317.5,-2130.3,2396.8622394869126,-2157.4993002780066,dwell,,positive,33.071664608846056,1.0,False,False,False
VS001972,AD002307,FA001,T1,train,met_borrower,2482.8,-2346.0,2480.0,-2357.25,trail_tail,8.0,positive,50.83748616916458,1.0,False,False,False
VS001973,AD000428,FA001,T1,train,neighbour_says_shifted,2891.6,-2724.9,2891.6,-2724.9,checkin,,positive,29.920436159922545,1.0,False,False,False
VS001974,AD001105,FA002,T1,test,met_family,2818.6,-2258.0,2832.032561784328,-2268.584123493043,dwell,,positive,37.06993390876223,1.0,False,False,False
VS001975,AD002757,FA002,T1,train,neighbour_says_shifted,2408.1,-2151.8,2394.5371044844073,-2148.468244935124,dwell,4.0,positive,17.70882548335716,1.0,False,False,False
VS001976,AD001579,FA002,T1,validation,address_not_traceable,2695.4,-2282.5,2695.4,-2282.5,checkin,,negative,,1.0,False,False,False
VS001977,AD001387,FA002,T1,train,address_not_traceable,3011.1,-2031.0,3011.1,-2031.0,checkin,,negative,,1.0,False,False,False
VS001978,AD001354,FA002,T1,train,address_not_traceable,2617.1,-2325.6,2627.0,-2331.5,trail_tail,2.0,negative,,1.0,False,False,False
VS001979,AD001364,FA002,T1,train,met_borrower,2965.6,-2530.9,2954.5,-2509.1,trail_tail,10.0,positive,51.96674417355778,1.0,False,False,False
VS001980,AD001336,FA002,T1,train,locked_premises,2677.1,-1873.9,2677.1,-1873.9,checkin,,positive,45.46993512201225,1.0,False,False,False
VS001981,AD001324,FA002,T1,train,locked_premises,2624.4,-1951.7,2624.4,-1951.7,checkin,,positive,38.95000000000001,1.0,False,False,False
VS001982,AD001363,FA002,T1,train,locked_premises,2922.9,-1807.8,2917.0,-1808.5,trail_tail,2.0,positive,31.699723973561664,1.0,False,False,False
VS001983,AD000641,FA002,T1,train,met_family,2977.4,-2281.2,2977.4,-2281.2,checkin,,positive,60.80592076434662,1.0,False,False,False
VS001984,AD002996,FA003,T1,train,met_borrower,-754.3,-1531.0,-745.3333333333334,-1532.6666666666667,trail_tail,3.0,positive,51.391949758692746,1.0,False,False,False
VS001985,AD002494,FA003,T1,train,locked_premises,-743.8,-958.2,-722.9071740807406,-1132.3972743635895,dwell,,positive,30.974344222275317,1.0,False,False,False
VS001986,AD002914,FA003,T1,train,address_not_traceable,-1637.4,200.4,-1637.4,200.4,checkin,,negative,,1.0,False,False,False
VS001987,AD000738,FA003,T1,train,locked_premises,-376.7,-953.5,-360.3333333333333,-941.6666666666666,trail_tail,3.0,positive,34.29117962392078,1.0,False,False,False
VS001988,AD002490,FA003,T1,validation,locked_premises,-844.9,-1411.8,-842.0,-1413.3333333333333,trail_tail,3.0,positive,30.581898240625943,1.0,False,False,False
VS001989,AD001738,FA003,T1,train,locked_premises,-837.3,-1392.5,-847.3333333333334,-1402.0,trail_tail,3.0,positive,36.243551150515046,1.0,False,False,False
VS001990,AD002813,FA003,T1,train,locked_premises,-1067.8,173.3,-1093.3333333333333,155.66666666666666,trail_tail,3.0,positive,35.25936045931634,1.0,False,False,False
VS001991,AD002256,FA003,T1,train,address_not_traceable,-514.5,220.0,-514.5,220.0,checkin,,negative,,1.0,False,False,False
VS001992,AD000544,FA003,T1,train,address_not_traceable,-489.5,-1092.1,-489.5,-1092.1,checkin,,negative,,1.0,False,False,False
VS001993,AD002272,FA004,T2,train,address_not_traceable,2897.2,346.0,2897.2,346.0,checkin,,negative,,1.1098606920552958,False,False,False
VS001994,AD001712,FA004,T2,train,no_such_person,2957.8,801.7,3015.5,756.5,trail_tail,2.0,positive,66.15060684245624,1.1098606920552958,False,False,False
VS001995,AD001523,FA004,T2,train,met_borrower,2940.4,271.5,2947.3846153846152,262.6923076923077,trail_tail,13.0,positive,56.322696408442106,1.1098606920552958,False,False,False
VS001996,AD002626,FA004,T2,train,met_family,3190.3,462.2,3190.3,462.2,checkin,,positive,52.901862356348055,1.1098606920552958,False,False,False
VS001997,AD000962,FA004,T2,validation,address_not_traceable,2275.0,2069.6,2275.0,2069.6,checkin,,negative,,1.1098606920552958,False,False,False
VS001998,AD002550,FA004,T2,train,no_such_person,2893.0,573.5,2893.0,573.5,checkin,,positive,52.80852579665782,1.1098606920552958,False,False,False
VS001999,AD002872,FA004,T2,test,locked_premises,3430.3,285.8,3430.3,285.8,checkin,,positive,36.12119161659836,1.1098606920552958,False,False,False
VS002000,AD001631,FA004,T2,validation,locked_premises,2716.3,501.5,2711.0,495.6666666666667,trail_tail,3.0,positive,34.72152657128523,1.1098606920552958,False,False,False
VS002001,AD002474,FA004,T2,train,met_borrower,2803.3,831.7,2801.1428571428573,836.8571428571429,trail_tail,7.0,positive,56.401292411862435,1.1098606920552958,False,False,False
VS002002,AD002261,FA004,T2,train,neighbour_says_shifted,2671.2,252.7,2678.3152017666303,244.06972771400595,dwell,2.0,positive,19.221508753539116,1.1098606920552958,False,False,False
VS002003,AD000412,FA005,T2,validation,met_borrower,1168.8,-1889.3,1230.2742873340421,-2088.99188015792,dwell,,positive,50.953140236888245,1.0,False,False,False
VS002004,AD002225,FA005,T2,train,locked_premises,-929.6,-626.3,-939.75,-623.75,trail_tail,4.0,positive,32.8362985124694,1.0,False,False,False
VS002005,AD002074,FA005,T2,train,locked_premises,1750.0,-1665.3,1750.0,-1654.0,trail_tail,2.0,positive,32.13428854043605,1.0,False,False,False
VS002006,AD002440,FA005,T2,train,met_family,1114.2,-1819.0,1127.0,-1807.75,trail_tail,4.0,positive,31.821690715610945,1.0,False,False,False
VS002007,AD002210,FA005,T2,train,locked_premises,1652.9,-1596.4,1654.0,-1602.5,trail_tail,2.0,positive,31.296205840325115,1.0,False,False,False
VS002008,AD000921,FA005,T2,train,locked_premises,1703.0,-2314.5,1713.0,-2297.75,trail_tail,4.0,positive,33.529874738805695,1.0,False,False,False
VS002009,AD002820,FA005,T2,train,met_family,1838.2,-1602.1,1882.762909584979,-1867.2972023613843,dwell,,positive,32.39849533543187,1.0,False,False,False
VS002010,AD002091,FA005,T2,test,met_family,1834.8,-2219.8,1777.1982851357338,-2195.6170347402394,dwell,2.0,positive,46.21211962245403,1.0,False,False,False
VS002011,AD000338,FA005,T2,train,met_family,1216.6,-2012.5,1214.0915032679738,-2013.8366013071895,dwell,6.0,positive,31.05547455763637,1.0,False,False,False
VS002012,AD002237,FA005,T2,test,met_family,1609.5,-2350.9,1631.438596491228,-2384.280701754386,dwell,5.0,positive,36.60006830594717,1.0,False,False,False
VS002013,AD001503,FA006,T2,train,locked_premises,2786.4,-1488.6,2786.4,-1488.6,checkin,,positive,33.26289223744681,1.0,False,False,False
VS002014,AD001944,FA006,T2,train,address_not_traceable,2415.2,-1669.3,2406.5,-1661.5,trail_tail,2.0,negative,,1.0,False,False,False
VS002015,AD000461,FA006,T2,train,address_not_traceable,2958.8,644.2,2958.0,634.6666666666666,trail_tail,3.0,negative,,1.0,False,False,False
VS002016,AD003087,FA006,T2,train,neighbour_says_shifted,2703.7,-1343.4,2670.5243452125374,-1356.2244740231858,dwell,5.0,positive,23.376751271295095,1.0,False,False,False
VS002017,AD000704,FA006,T2,train,address_not_traceable,2498.3,-1468.8,2498.3,-1468.8,checkin,,negative,,1.0,False,False,False
VS002018,AD002832,FA006,T2,validation,locked_premises,2692.6,-1033.3,2692.0,-1015.6666666666666,trail_tail,3.0,positive,31.06384554429795,1.0,False,False,False
VS002019,AD002540,FA006,T2,train,locked_premises,2353.4,-1561.0,2353.4,-1561.0,checkin,,positive,35.463784344031865,1.0,False,False,False
VS002020,AD003045,FA006,T2,train,neighbour_says_shifted,2951.0,-1271.5,2943.338983050847,-1261.9999999999998,dwell,5.0,positive,18.440783605910028,1.0,False,False,False
VS002021,AD002696,FA008,T3,validation,locked_premises,-2534.2,1231.2,-2534.2,1231.2,checkin,,positive,51.9456657996859,1.4612131704915665,False,False,False
VS002022,AD002756,FA008,T3,train,met_borrower,-2542.9,1412.2,-2546.923076923077,1415.3076923076924,trail_tail,13.0,positive,73.51314666342884,1.4612131704915665,False,False,False
VS002023,AD000323,FA008,T3,train,met_family,-2539.6,1871.9,-2527.0173209156587,1868.1590216729046,dwell,2.0,positive,47.13635657345962,1.4612131704915665,False,False,False
VS002024,AD001436,FA008,T3,train,locked_premises,-2310.7,1214.1,-2314.5,1223.5,trail_tail,2.0,positive,46.073073130270885,1.4612131704915665,False,False,False
VS002025,AD002617,FA008,T3,train,cash_collected,-2497.4,1038.2,-2497.4,1038.2,checkin,,positive,101.21852214946581,1.4612131704915665,False,False,False
VS002026,AD001578,FA008,T3,train,met_family,-2263.9,1693.5,-2264.853508095605,1710.2891287586738,dwell,10.0,positive,45.73865649491008,1.4612131704915665,False,False,False
VS002027,AD001094,FA008,T3,train,met_borrower,-2471.0,1745.6,-2465.6026148447754,1755.9629694907458,dwell,,positive,78.28203237267584,1.4612131704915665,False,False,False
VS002028,AD001212,FA008,T3,test,met_borrower,-3127.8,1341.6,-2964.6808658275663,1347.6483683814881,dwell,,positive,74.61721932307391,1.4612131704915665,False,False,False
VS002029,AD000484,FA008,T3,test,locked_premises,-2001.1,1671.8,-2048.5,1696.0,trail_tail,2.0,positive,59.52901576413682,1.4612131704915665,False,False,False
VS002030,AD001036,FA008,T3,train,address_not_traceable,-2114.5,-454.7,-2114.5,-454.7,checkin,,negative,,1.4612131704915665,False,False,False
VS002031,AD000197,FA009,T3,validation,locked_premises,2347.3,-764.8,2347.25,-774.0,trail_tail,8.0,positive,31.518605616365697,1.0,False,True,True
VS002032,AD001080,FA009,T3,test,met_borrower,-2313.1,-118.6,-2357.5,-171.0,trail_tail,2.0,positive,61.25506101539695,1.0,False,False,False
VS002033,AD002233,FA009,T3,train,locked_premises,2337.5,-792.7,2337.5,-792.7,checkin,,positive,34.83712100619109,1.0,True,True,True
VS002034,AD002566,FA009,T3,train,met_family,-3710.9,-762.3,-3720.3333333333335,-770.3333333333334,trail_tail,3.0,positive,32.90098782711546,1.0,True,True,True
VS002035,AD000617,FA009,T3,train,locked_premises,2293.7,-868.6,2293.7,-868.6,checkin,,positive,78.29465179691398,1.0,True,False,True
VS002036,AD001333,FA009,T3,train,no_such_person,-2893.9,-220.7,-2895.6666666666665,-217.66666666666666,trail_tail,6.0,positive,45.48202941822187,1.0,False,False,False
VS002037,AD002069,FA007,T3,validation,met_family,3813.2,471.2,3813.2,471.2,checkin,,positive,59.41348031475443,1.3663037714355222,False,False,False
VS002038,AD002676,FA007,T3,train,locked_premises,3686.8,465.0,3676.6666666666665,466.3333333333333,trail_tail,3.0,positive,43.88303122765756,1.3663037714355222,False,False,False
VS002039,AD002096,FA007,T3,validation,met_borrower,3593.6,616.7,3593.6,616.7,checkin,,positive,72.71730657277173,1.3663037714355222,False,False,False
VS002040,AD000107,FA007,T3,train,address_not_traceable,3523.3,481.4,3523.3,481.4,checkin,,negative,,1.3663037714355222,False,False,False
VS002041,AD002311,FA007,T3,test,address_not_traceable,2843.6,-1981.1,2851.5,-1994.5,trail_tail,2.0,negative,,1.3663037714355222,False,False,False
VS002042,AD001352,FA007,T3,validation,locked_premises,3938.8,498.0,3938.8,498.0,checkin,,positive,42.23646961434681,1.3663037714355222,False,False,False
VS002043,AD001433,FA001,T1,train,met_family,2697.4,-2482.6,2697.4,-2482.6,checkin,,positive,43.91047710968303,1.0,False,False,False
VS002044,AD000667,FA001,T1,test,address_not_traceable,3038.7,-2117.8,3027.6666666666665,-2118.6666666666665,trail_tail,3.0,negative,,1.0,False,False,False
VS002045,AD001746,FA001,T1,train,address_not_traceable,2938.5,-1988.5,2938.5,-1988.5,checkin,,negative,,1.0,False,False,False
VS002046,AD002332,FA001,T1,train,locked_premises,3060.9,-2087.1,3118.0,-2073.5,trail_tail,2.0,positive,42.045867811236775,1.0,False,False,False
VS002047,AD001236,FA001,T1,train,locked_premises,2925.2,-2631.9,2932.3333333333335,-2640.6666666666665,trail_tail,3.0,positive,30.796144239173845,1.0,False,False,False
VS002048,AD000955,FA001,T1,train,no_such_person,3139.3,-1904.5,3152.0,-1896.0,trail_tail,2.0,positive,51.91170388265058,1.0,False,False,False
VS002049,AD003005,FA001,T1,train,cash_collected,-2076.0,-2216.0,-2075.8,-2215.4,trail_tail,5.0,positive,65.98189145515609,1.0,False,False,False
VS002050,AD000541,FA001,T1,train,address_not_traceable,2504.7,-2447.2,2504.5,-2444.5,trail_tail,2.0,negative,,1.0,False,False,False
VS002051,AD000524,FA001,T1,validation,address_not_traceable,2591.5,-1942.5,2584.3333333333335,-1942.3333333333333,trail_tail,3.0,negative,,1.0,False,False,False
VS002052,AD001509,FA001,T1,train,met_family,3106.5,-2572.2,3106.5,-2572.2,checkin,,positive,32.97518006016039,1.0,False,False,False
VS002053,AD002154,FA002,T1,train,met_borrower,756.1,-2663.4,755.835141757088,-2682.6184809240463,dwell,,positive,52.30623767773782,1.0,False,False,False
VS002054,AD000138,FA002,T1,train,locked_premises,638.2,-3093.1,617.6666666666666,-3079.3333333333335,trail_tail,3.0,positive,33.229843514527715,1.0,False,False,False
VS002055,AD001462,FA002,T1,validation,met_borrower,938.3,-3404.6,964.8,-3348.9,trail_tail,10.0,positive,58.446150429262644,1.0,False,False,False
VS002056,AD000608,FA002,T1,train,locked_premises,922.6,-3351.9,912.3333333333334,-3352.3333333333335,trail_tail,3.0,positive,32.129464670299136,1.0,False,False,False
VS002057,AD001629,FA002,T1,train,neighbour_says_shifted,802.8,-2892.6,802.8,-2892.6,checkin,,positive,22.53108963188423,1.0,False,False,False
VS002058,AD000810,FA002,T1,train,address_not_traceable,552.3,-2751.7,552.3,-2751.7,checkin,,negative,,1.0,False,False,False
VS002059,AD000919,FA003,T1,train,address_not_traceable,2599.4,-2185.7,2585.5,-2188.0,trail_tail,2.0,negative,,1.0,False,False,False
VS002060,AD000309,FA003,T1,test,met_family,2841.9,-1644.6,2775.7422879066808,-1831.9355238811736,dwell,,positive,31.886399922223905,1.0,False,False,False
VS002061,AD000719,FA003,T1,train,no_such_person,2868.4,-1941.0,2868.4,-1941.0,checkin,,positive,52.598288945554096,1.0,False,False,False
VS002062,AD000622,FA003,T1,test,locked_premises,2483.7,-2499.3,2474.6666666666665,-2520.3333333333335,trail_tail,3.0,positive,32.87073166207283,1.0,False,False,False
VS002063,AD001256,FA003,T1,train,locked_premises,3308.4,-1993.2,3308.4,-1993.2,checkin,,positive,36.08961069338376,1.0,False,False,False
VS002064,AD001047,FA003,T1,validation,no_such_person,2902.6,-1732.1,2902.6,-1732.1,checkin,,positive,47.59256769706799,1.0,False,False,False
VS002065,AD002808,FA003,T1,train,locked_premises,2451.7,-2319.7,2456.0,-2256.5,trail_tail,2.0,positive,46.01776830747004,1.0,False,False,False
VS002066,AD002574,FA006,T2,train,locked_premises,1814.8,-2203.6,1805.3333333333333,-2199.6666666666665,trail_tail,3.0,positive,32.08270562156502,1.0,False,False,False
VS002067,AD002664,FA006,T2,train,met_borrower,1220.3,-2391.6,1227.923076923077,-2396.076923076923,trail_tail,13.0,positive,50.396056393333005,1.0,False,False,False
VS002068,AD003067,FA006,T2,validation,address_not_traceable,1741.1,-2084.5,1744.6666666666667,-2089.3333333333335,trail_tail,3.0,negative,,1.0,False,False,False
VS002069,AD002821,FA006,T2,validation,met_borrower,1311.9,-2242.2,1313.4166666666667,-2231.0,trail_tail,12.0,positive,50.53229165593026,1.0,False,False,False
VS002070,AD002661,FA006,T2,train,met_family,1752.8,-1728.7,1763.2,-1735.7,trail_tail,10.0,positive,31.74149492383747,1.0,False,False,False
VS002071,AD001833,FA006,T2,test,neighbour_says_shifted,1526.9,-2386.5,1531.6400996264013,-2409.164383561644,dwell,2.0,positive,20.3193257762161,1.0,False,False,False
VS002072,AD001380,FA006,T2,test,met_family,1405.5,-1891.1,1400.8421187966057,-1889.4535870403704,dwell,5.0,positive,30.72238597505083,1.0,False,False,False
VS002073,AD000560,FA006,T2,train,met_family,1276.3,-2461.3,1291.4263260223793,-2462.052547680983,dwell,11.0,positive,31.92420711623079,1.0,False,False,False
VS002074,AD001713,FA006,T2,train,met_family,1808.9,-2079.5,1732.8058727569332,-2053.662316476346,dwell,5.0,positive,50.30760379902827,1.0,False,False,False
VS002075,AD003015,FA004,T2,test,address_not_traceable,1181.4,2821.0,1171.0,2825.0,trail_tail,2.0,negative,,1.1098606920552958,False,False,False
VS002076,AD001830,FA004,T2,validation,locked_premises,1081.8,2897.5,1081.8,2897.5,checkin,,positive,38.01289072600727,1.1098606920552958,False,False,False
VS002077,AD003060,FA004,T2,train,met_family,858.5,2781.8,851.1402395423668,2776.6043975688235,dwell,6.0,positive,34.621828112098726,1.1098606920552958,False,False,False
VS002078,AD002669,FA004,T2,train,address_not_traceable,-390.7,432.3,-396.5,422.0,trail_tail,2.0,negative,,1.1098606920552958,False,False,False
VS002079,AD001697,FA004,T2,train,locked_premises,847.4,3201.3,840.0,3207.3333333333335,trail_tail,3.0,positive,34.19582374846956,1.1098606920552958,False,False,False
VS002080,AD000792,FA004,T2,train,met_family,923.8,2483.2,925.5425892132812,2477.574022078906,dwell,6.0,positive,35.44298024360832,1.1098606920552958,False,False,False
VS002081,AD003007,FA004,T2,train,address_not_traceable,731.1,2682.2,722.3333333333334,2685.0,trail_tail,3.0,negative,,1.1098606920552958,False,False,False
VS002082,AD002794,FA005,T2,validation,locked_premises,1610.0,-2311.9,1610.0,-2311.9,checkin,,positive,34.88326962886363,1.0,False,False,False
VS002083,AD000755,FA005,T2,train,address_not_traceable,967.0,-2999.4,967.0,-2999.4,checkin,,negative,,1.0,False,False,False
VS002084,AD000173,FA005,T2,train,met_borrower,1457.3,-2341.3,1440.6666666666667,-2346.8333333333335,trail_tail,6.0,positive,51.05198331113102,1.0,False,False,False
VS002085,AD001741,FA005,T2,validation,met_family,1517.8,-1878.1,1572.3333333333333,-1867.6666666666667,trail_tail,3.0,positive,40.67336351963039,1.0,False,False,False
VS002086,AD000223,FA005,T2,validation,locked_premises,1930.1,-2161.8,1930.1,-2161.8,checkin,,positive,35.31787790907036,1.0,False,False,False
VS002087,AD001031,FA005,T2,validation,met_family,1277.5,-2283.7,1277.5,-2283.7,checkin,,positive,33.3537853923659,1.0,False,False,False
VS002088,AD003014,FA005,T2,train,met_borrower,3211.2,842.7,3211.2,842.7,checkin,,positive,53.18714600352231,1.0,False,False,False
VS002089,AD001520,FA008,T3,train,met_family,-639.6,-3696.0,-639.6,-3696.0,checkin,,positive,50.95529192941582,1.4612131704915665,False,False,False
VS002090,AD002932,FA008,T3,test,address_not_traceable,-127.2,-3642.3,-141.33333333333334,-3637.0,trail_tail,3.0,negative,,1.4612131704915665,False,False,False
VS002091,AD001715,FA008,T3,train,met_borrower,-346.3,-3399.1,-306.5,-3403.3,trail_tail,10.0,positive,80.47909281582835,1.4612131704915665,False,False,False
VS002092,AD001620,FA008,T3,train,met_family,-39.1,-3371.8,-28.50894217764179,-3368.4571036867433,dwell,6.0,positive,46.31383086675172,1.4612131704915665,False,False,False
VS002093,AD000607,FA008,T3,train,no_such_person,-827.1,-3865.6,-829.3333333333334,-3858.3333333333335,trail_tail,3.0,positive,68.57033754495336,1.4612131704915665,False,False,False
VS002094,AD000576,FA008,T3,train,met_family,-481.5,-3617.3,-482.3333333333333,-3684.6666666666665,trail_tail,3.0,positive,67.06753564824056,1.4612131704915665,False,False,False
VS002095,AD000094,FA007,T3,train,met_borrower,-2643.2,-191.0,-2646.6666666666665,-193.0,trail_tail,3.0,positive,70.89655346909555,1.3663037714355222,False,False,False
VS002096,AD000023,FA007,T3,test,met_family,-2953.6,-25.9,-2951.0588235294117,-17.294117647058822,dwell,5.0,positive,42.31027177500439,1.3663037714355222,False,False,False
VS002097,AD001792,FA007,T3,train,address_not_traceable,-2985.0,-650.2,-2985.0,-650.2,checkin,,negative,,1.3663037714355222,False,False,False
VS002098,AD002253,FA007,T3,train,locked_premises,-2326.5,-419.8,-2326.5,-419.8,checkin,,positive,43.07460894876774,1.3663037714355222,False,False,False
VS002099,AD002547,FA007,T3,validation,met_borrower,319.4,1329.5,325.6566702778045,1309.9286459046577,dwell,,positive,70.79658928968891,1.3663037714355222,False,False,False
VS002100,AD001371,FA007,T3,train,met_family,-2819.1,-681.4,-2825.4285714285716,-678.7142857142857,trail_tail,7.0,positive,42.844735268796875,1.3663037714355222,False,False,False
VS002101,AD000727,FA007,T3,train,met_family,-2698.9,-758.6,-2687.4716122224568,-490.493412832487,dwell,,positive,43.79216734177843,1.3663037714355222,False,False,False
VS002102,AD002509,FA007,T3,test,met_family,-2435.6,-614.5,-2422.8121538834826,-618.6289304064579,dwell,10.0,positive,43.146923428158395,1.3663037714355222,False,False,False
VS002103,AD001330,FA007,T3,test,address_not_traceable,-3812.7,-802.1,-3812.7,-802.1,checkin,,negative,,1.3663037714355222,False,False,False
VS002104,AD000781,FA009,T3,train,cash_collected,3808.3,648.1,3756.6821651630808,505.46183206106866,dwell,,positive,65.18147743032524,1.0,False,False,False
VS002105,AD001466,FA009,T3,train,met_family,2332.2,-770.3,2332.2,-770.3,checkin,,positive,36.0072562131579,1.0,True,True,True
VS002106,AD000645,FA009,T3,train,locked_premises,3538.6,-92.3,3551.0,-88.5,trail_tail,2.0,positive,34.01650334763996,1.0,False,False,False
VS002107,AD002889,FA009,T3,test,neighbour_says_shifted,4088.0,110.3,4090.4690181366523,106.16719686695986,dwell,3.0,positive,17.58785092045074,1.0,False,False,False
VS002108,AD002685,FA009,T3,train,locked_premises,-3736.9,-775.6,-3736.9,-775.6,checkin,,positive,41.46206097144714,1.0,True,True,True
VS002109,AD002551,FA009,T3,train,neighbour_says_shifted,3471.4,628.9,3434.6666666666665,523.6666666666666,trail_tail,3.0,positive,59.297828796676875,1.0,False,False,False
VS002110,AD000303,FA009,T3,train,met_borrower,2338.3,-787.1,2333.75,-785.625,trail_tail,8.0,positive,50.28941240460064,1.0,True,True,True
VS002111,AD002735,FA009,T3,train,address_not_traceable,3939.5,241.9,3930.5,245.5,trail_tail,2.0,negative,,1.0,False,False,False
VS002112,AD000060,FA009,T3,train,locked_premises,3792.8,96.7,3794.0,99.0,trail_tail,4.0,positive,30.414511339161766,1.0,False,False,False
VS002113,AD001638,FA003,T1,validation,met_borrower,861.2,-3298.2,860.5,-3291.0,trail_tail,2.0,positive,52.03421950985715,1.0,False,False,False
VS002114,AD002180,FA003,T1,train,locked_premises,792.6,-2762.4,785.6666666666666,-2690.6666666666665,trail_tail,3.0,positive,49.676654476725815,1.0,False,False,False
VS002115,AD000936,FA003,T1,train,locked_premises,1005.1,-2973.5,1009.6666666666666,-2967.0,trail_tail,6.0,positive,31.08415995326237,1.0,False,False,False
VS002116,AD002061,FA003,T1,train,met_borrower,801.7,-2952.2,784.3,-2993.3,trail_tail,10.0,positive,55.18498437075075,1.0,False,False,False
VS002117,AD001972,FA003,T1,validation,met_family,693.0,-2829.0,698.5845875728405,-2848.9898669999016,dwell,6.0,positive,33.97852262827211,1.0,False,False,False
VS002118,AD001516,FA003,T1,train,neighbour_says_shifted,655.6,-2630.7,675.3333333333334,-2631.0,trail_tail,3.0,positive,27.953040979471282,1.0,False,False,False
VS002119,AD002624,FA003,T1,validation,address_not_traceable,868.2,-2778.4,863.6666666666666,-2773.3333333333335,trail_tail,3.0,negative,,1.0,False,False,False
VS002120,AD000037,FA003,T1,train,met_borrower,708.3,-3438.3,852.9997968498433,-3269.257218723475,dwell,,positive,51.63046581234765,1.0,False,False,False
VS002121,AD002621,FA003,T1,train,locked_premises,838.9,-3205.2,838.9,-3205.2,checkin,,positive,52.54876306822067,1.0,False,False,False
VS002122,AD002103,FA003,T1,test,cash_collected,189.1,-2827.1,189.1,-2827.1,checkin,,positive,65.78369858863213,1.0,False,False,False
VS002123,AD001649,FA002,T1,train,locked_premises,2539.3,-2482.3,2539.3,-2482.3,checkin,,positive,33.404116512789294,1.0,False,False,False
VS002124,AD000129,FA002,T1,train,met_family,3281.4,-1952.9,3225.6299726736665,-1948.1080972242198,dwell,3.0,positive,43.181043294482855,1.0,False,False,False
VS002125,AD001224,FA002,T1,train,address_not_traceable,2975.9,-2216.8,2984.0,-2215.0,trail_tail,3.0,negative,,1.0,False,False,False
VS002126,AD002108,FA002,T1,train,address_not_traceable,2937.8,-2569.6,2937.8,-2569.6,checkin,,negative,,1.0,False,False,False
VS002127,AD000363,FA002,T1,train,met_family,2462.2,-2539.4,2714.030927835052,-2618.40206185567,dwell,,positive,31.58654776958065,1.0,False,False,False
VS002128,AD000320,FA002,T1,train,met_borrower,2030.0,-913.0,2021.5,-916.3333333333334,trail_tail,12.0,positive,50.88997936725854,1.0,False,False,False
VS002129,AD001479,FA002,T1,test,locked_premises,2974.6,-2510.1,2992.0,-2489.5,trail_tail,2.0,positive,38.549092077505534,1.0,False,False,False
VS002130,AD001567,FA002,T1,validation,no_such_person,2871.1,-2172.7,2858.75,-2187.0,trail_tail,4.0,positive,48.00380193276361,1.0,False,False,False
VS002131,AD001087,FA001,T1,train,address_not_traceable,2204.8,-1994.5,2184.5,-1998.5,trail_tail,2.0,negative,,1.0,False,False,False
VS002132,AD002928,FA001,T1,train,locked_premises,1179.8,-3156.3,1173.0,-3173.5,trail_tail,2.0,positive,33.39644442152485,1.0,False,False,False
VS002133,AD001596,FA001,T1,test,locked_premises,741.0,-3242.6,757.0,-3225.5,trail_tail,2.0,positive,48.773353380713935,1.0,False,False,False
VS002134,AD002171,FA001,T1,train,met_borrower,424.7,-3439.9,432.4,-3472.5,trail_tail,10.0,positive,53.21169984129429,1.0,False,False,False
VS002135,AD000253,FA001,T1,validation,met_family,524.6,-2839.2,538.5091928949829,-2857.1196634465564,dwell,5.0,positive,32.835803629574855,1.0,False,False,False
VS002136,AD002090,FA001,T1,train,address_not_traceable,733.7,-3194.3,722.5,-3173.5,trail_tail,2.0,negative,,1.0,False,False,False
VS002137,AD000027,FA006,T2,validation,locked_premises,617.2,2944.6,617.2,2944.6,checkin,,positive,33.717799453701005,1.0,False,False,False
VS002138,AD002339,FA006,T2,test,met_family,1087.1,2978.4,1103.5,2990.0,trail_tail,2.0,positive,34.11967907234768,1.0,False,False,False
VS002139,AD000049,FA006,T2,train,locked_premises,738.9,2391.8,756.5,2390.5,trail_tail,2.0,positive,33.171561615335506,1.0,False,False,False
VS002140,AD000986,FA006,T2,train,met_family,1334.8,2536.2,1190.9949661715054,2510.1306885842423,dwell,,positive,30.338424481175686,1.0,False,False,False
VS002141,AD003066,FA006,T2,train,locked_premises,2375.2,-1144.8,2375.2,-1144.8,checkin,,positive,33.84937222460709,1.0,False,False,False
VS002142,AD002176,FA006,T2,train,address_not_traceable,1089.4,3162.9,1089.4,3162.9,checkin,,negative,,1.0,False,False,False
VS002143,AD002728,FA006,T2,train,met_borrower,775.5,3073.7,775.5,3073.7,checkin,,positive,55.80586886699283,1.0,False,False,False
VS002144,AD000032,FA005,T2,train,met_borrower,1786.3,-1829.0,1770.6,-1816.6,trail_tail,10.0,positive,51.50837310573883,1.0,False,False,False
VS002145,AD000842,FA005,T2,train,met_borrower,846.2,1312.2,848.5,1317.4166666666667,trail_tail,12.0,positive,50.7287886707341,1.0,False,False,False
VS002146,AD003044,FA005,T2,train,neighbour_says_shifted,1200.0,-2372.1,1211.0275335650515,-2560.664894704559,dwell,,positive,17.97616477450071,1.0,False,False,False
VS002147,AD000854,FA005,T2,train,met_family,1309.3,-2503.4,1297.0,-2457.6666666666665,trail_tail,3.0,positive,41.647598970408865,1.0,False,False,False
VS002148,AD000600,FA005,T2,validation,locked_premises,1800.3,-2501.6,1765.5,-2433.0,trail_tail,2.0,positive,49.74798990914101,1.0,False,False,False
VS002149,AD000634,FA005,T2,train,met_borrower,1791.3,-1655.5,1791.3,-1655.5,checkin,,positive,58.76669975419754,1.0,False,False,False
VS002150,AD001996,FA005,T2,train,met_family,1709.5,-1819.6,1641.795008912656,-1763.698752228164,dwell,,positive,35.887358498501946,1.0,False,False,False
VS002151,AD001584,FA005,T2,test,neighbour_says_shifted,1341.5,-1965.7,1341.5,-1965.7,checkin,,positive,54.9738574233244,1.0,False,False,False
VS002152,AD000672,FA004,T2,train,locked_premises,930.5,2633.0,941.25,2634.25,trail_tail,4.0,positive,35.800577660912296,1.1098606920552958,False,False,False
VS002153,AD001556,FA004,T2,train,locked_premises,1019.1,2599.7,1039.3333333333333,2595.6666666666665,trail_tail,3.0,positive,37.96121083834597,1.1098606920552958,False,False,False
VS002154,AD001505,FA004,T2,validation,met_family,1068.0,2643.0,1064.5993817919418,2651.313735204472,dwell,3.0,positive,34.699613050538325,1.1098606920552958,False,False,False
VS002155,AD001339,FA004,T2,train,met_borrower,550.0,2652.9,579.0,2648.8,trail_tail,5.0,positive,58.61559317207678,1.1098606920552958,False,False,False
VS002156,AD001937,FA004,T2,test,locked_premises,738.4,3065.8,748.5,3077.5,trail_tail,2.0,positive,37.723020433187315,1.1098606920552958,False,False,False
VS002157,AD003019,FA004,T2,train,locked_premises,668.6,2784.3,673.5,2782.0,trail_tail,2.0,positive,33.59895884561557,1.1098606920552958,False,False,False
VS002158,AD001923,FA004,T2,train,met_borrower,966.0,2935.6,966.0,2935.6,checkin,,positive,61.644644241338824,1.1098606920552958,False,False,False
VS002159,AD000147,FA004,T2,test,address_not_traceable,1159.4,1107.5,1159.4,1107.5,checkin,,negative,,1.1098606920552958,False,False,False
VS002160,AD002255,FA004,T2,train,address_not_traceable,919.7,2828.5,919.7,2828.5,checkin,,negative,,1.1098606920552958,False,False,False
VS002161,AD001424,FA004,T2,train,met_borrower,562.2,2345.4,562.2,2345.4,checkin,,positive,68.07473300653126,1.1098606920552958,False,False,False
VS002162,AD001755,FA007,T3,train,address_not_traceable,1338.5,-1280.3,1338.5,-1280.3,checkin,,negative,,1.3663037714355222,False,False,False
VS002163,AD001291,FA007,T3,train,met_borrower,981.6,-836.6,955.2355967896865,-607.9726077336012,dwell,,positive,71.00955559289595,1.3663037714355222,False,False,False
VS002164,AD000639,FA007,T3,train,met_borrower,717.2,-820.0,724.0,-824.0,trail_tail,2.0,positive,70.3958102769904,1.3663037714355222,False,False,False
VS002165,AD002567,FA007,T3,train,address_not_traceable,-873.1,-159.8,-845.3333333333334,-157.33333333333334,trail_tail,3.0,negative,,1.3663037714355222,False,False,False
VS002166,AD001128,FA007,T3,train,address_not_traceable,788.0,-991.8,788.0,-991.8,checkin,,negative,,1.3663037714355222,False,False,False
VS002167,AD002933,FA007,T3,train,met_family,905.3,-720.4,913.6032682339851,-710.3731676408413,dwell,,positive,44.571092875953866,1.3663037714355222,False,False,False
VS002168,AD001890,FA007,T3,train,neighbour_says_shifted,1095.4,-477.7,1107.867298578199,-484.07109004739334,dwell,,positive,25.179406801428165,1.3663037714355222,False,False,False
VS002169,AD000155,FA007,T3,train,met_family,1161.1,-606.8,1170.0,-604.6666666666666,trail_tail,3.0,positive,42.28202468662138,1.3663037714355222,False,False,False
VS002170,AD000233,FA007,T3,train,met_borrower,796.3,-763.5,890.4543284014078,-778.790488135377,dwell,,positive,69.74810130395207,1.3663037714355222,False,False,False
VS002171,AD000325,FA009,T3,train,locked_premises,2327.0,-778.9,2320.0,-783.25,trail_tail,8.0,positive,30.935618629663768,1.0,True,True,True
VS002172,AD000869,FA009,T3,train,locked_premises,2335.3,-768.4,2335.3,-768.4,checkin,,positive,33.38491425779017,1.0,False,True,True
VS002173,AD001555,FA009,T3,train,met_borrower,-2647.1,1797.2,-2592.25,1798.5,trail_tail,4.0,positive,57.84636980831206,1.0,False,False,False
VS002174,AD001220,FA009,T3,train,met_borrower,2339.9,-773.6,2338.6666666666665,-772.1666666666666,trail_tail,6.0,positive,50.36896365818936,1.0,False,True,True
VS002175,AD001734,FA009,T3,validation,locked_premises,2342.8,-765.4,2342.8,-765.4,checkin,,positive,32.82438118228584,1.0,True,True,True
VS002176,AD002143,FA009,T3,train,locked_premises,2333.8,-756.7,2320.6466051914813,-768.7224428182325,dwell,,positive,31.97768753365383,1.0,False,True,True
VS002177,AD000774,FA009,T3,validation,met_borrower,-2653.3,1741.0,-2653.3,1741.0,checkin,,positive,53.10586125843359,1.0,False,False,False
VS002178,AD002023,FA009,T3,train,locked_premises,-2752.5,1778.9,-2779.5,1755.5,trail_tail,2.0,positive,37.89558021722324,1.0,False,False,False
VS002179,AD002229,FA009,T3,train,address_not_traceable,2325.1,-792.9,2332.5,-792.0,trail_tail,6.0,negative,,1.0,True,True,True
VS002180,AD001386,FA008,T3,train,neighbour_says_shifted,-534.7,-3511.4,-403.6066974146427,-3397.1926591358138,dwell,,positive,35.46573877417186,1.4612131704915665,False,False,False
VS002181,AD001865,FA008,T3,train,locked_premises,394.3,1309.6,421.0,1310.5,trail_tail,2.0,positive,49.21062469459799,1.4612131704915665,False,False,False
VS002182,AD002188,FA008,T3,test,met_borrower,-240.7,-3321.4,-206.0,-3286.0,trail_tail,10.0,positive,82.34039939160408,1.4612131704915665,False,False,False
VS002183,AD002402,FA008,T3,validation,address_not_traceable,1006.9,-4046.9,1006.9,-4046.9,checkin,,negative,,1.4612131704915665,False,False,False
VS002184,AD001162,FA008,T3,train,address_not_traceable,-512.2,-3826.8,-516.0,-3818.3333333333335,trail_tail,3.0,negative,,1.4612131704915665,False,False,False
VS002185,AD002761,FA008,T3,test,no_such_person,-3623.7,-815.8,-3613.6666666666665,-817.3333333333334,trail_tail,3.0,positive,68.5731399086856,1.4612131704915665,False,False,False
VS002186,AD002246,FA001,T1,validation,met_family,2439.9,-2330.3,2445.1311475409834,-2338.327868852459,dwell,3.0,positive,30.762558411159485,1.0,False,False,False
VS002187,AD002911,FA001,T1,train,met_family,2907.0,-2221.7,2913.145696886131,-2215.2042399172697,dwell,,positive,33.555513704903994,1.0,False,False,False
VS002188,AD000100,FA001,T1,train,locked_premises,2834.1,-2084.1,2819.5,-2092.5,trail_tail,2.0,positive,32.42923064150612,1.0,False,False,False
VS002189,AD002608,FA001,T1,train,address_not_traceable,-611.8,-1436.5,-611.8,-1436.5,checkin,,negative,,1.0,False,False,False
VS002190,AD001760,FA001,T1,train,met_borrower,3170.1,-2461.2,3174.2,-2422.7,trail_tail,10.0,positive,54.39165836780486,1.0,False,False,False
VS002191,AD001419,FA001,T1,train,address_not_traceable,1471.9,-1379.5,1475.0,-1394.5,trail_tail,2.0,negative,,1.0,False,False,False
VS002192,AD000169,FA001,T1,test,address_not_traceable,3000.0,-2106.0,3003.0,-2098.5,trail_tail,2.0,negative,,1.0,False,False,False
VS002193,AD002245,FA001,T1,test,met_family,2774.2,-1915.2,2774.2,-1915.2,checkin,,positive,41.86143810238724,1.0,False,False,False
VS002194,AD001034,FA001,T1,train,neighbour_says_shifted,3182.1,-2003.2,3162.3058473265783,-2002.3369415267339,dwell,2.0,positive,22.41433692974206,1.0,False,False,False
VS002195,AD002904,FA001,T1,train,no_such_person,2617.7,-1947.3,2622.5,-1944.8333333333333,trail_tail,6.0,positive,45.35565014416616,1.0,False,False,False
VS002196,AD000062,FA003,T1,test,met_family,580.1,-3096.0,598.8805382859841,-3088.867710710632,dwell,5.0,positive,32.42903791357369,1.0,False,False,False
VS002197,AD001012,FA003,T1,validation,neighbour_says_shifted,866.1,-3267.0,811.25,-3296.75,trail_tail,4.0,positive,36.55068398812806,1.0,False,False,False
VS002198,AD002922,FA003,T1,train,met_borrower,780.4,-2699.9,780.1111111111111,-2692.6666666666665,trail_tail,9.0,positive,50.47764356623633,1.0,False,False,False
VS002199,AD001468,FA003,T1,train,no_such_person,358.4,-2688.1,362.6,-2696.2,trail_tail,5.0,positive,47.201721366916274,1.0,False,False,False
VS002200,AD002514,FA003,T1,train,met_borrower,748.0,-3276.3,746.4615384615385,-3288.5384615384614,trail_tail,13.0,positive,51.15381217465614,1.0,False,False,False
VS002201,AD000135,FA003,T1,train,neighbour_says_shifted,809.1,-2623.7,809.8,-2617.6,trail_tail,5.0,positive,18.853779461953998,1.0,False,False,False
VS002202,AD002886,FA003,T1,train,address_not_traceable,351.4,-3160.8,354.6666666666667,-3148.6666666666665,trail_tail,3.0,negative,,1.0,False,False,False
VS002203,AD001151,FA003,T1,train,met_family,671.5,-2914.5,666.3566302940632,-2918.3009247272053,dwell,12.0,positive,30.742722716116084,1.0,False,False,False
VS002204,AD002818,FA002,T1,train,no_such_person,824.7,2115.0,824.7,2115.0,checkin,,positive,49.1801026839107,1.0,False,False,False
VS002205,AD001145,FA002,T1,train,met_family,593.9,2301.0,595.5893024883502,2301.814303869744,dwell,11.0,positive,30.448357919598884,1.0,False,False,False
VS002206,AD001539,FA002,T1,train,met_family,246.0,1979.9,256.3333333333333,1988.3333333333333,trail_tail,3.0,positive,33.412759538834855,1.0,False,False,False
VS002207,AD001322,FA002,T1,validation,met_family,16.7,1989.0,67.69683450180581,1994.8271368883222,dwell,3.0,positive,41.75479014436547,1.0,False,False,False
VS002208,AD000285,FA002,T1,validation,locked_premises,362.5,2790.3,368.75,2790.5,trail_tail,4.0,positive,31.047141575352793,1.0,False,False,False
VS002209,AD000018,FA002,T1,train,neighbour_says_shifted,643.2,2400.9,645.3333333333334,2401.6666666666665,trail_tail,3.0,positive,22.62194730786896,1.0,False,False,False
VS002210,AD002687,FA002,T1,train,met_family,69.8,2611.7,80.24016044121335,2638.395838556029,dwell,2.0,positive,33.309045318051396,1.0,False,False,False
VS002211,AD000146,FA002,T1,train,address_not_traceable,582.5,2416.4,582.5,2416.4,checkin,,negative,,1.0,False,False,False
VS002212,AD000337,FA005,T2,train,met_borrower,1478.3,-2033.8,1486.75,-2032.3333333333333,trail_tail,12.0,positive,50.65345496607314,1.0,False,False,False
VS002213,AD000443,FA005,T2,train,met_borrower,1765.8,-1808.2,1765.2,-1820.0,trail_tail,5.0,positive,51.35192304091444,1.0,False,False,False
VS002214,AD000430,FA005,T2,test,met_borrower,1621.4,-2264.3,1621.4,-2264.3,checkin,,positive,54.0990064603778,1.0,False,False,False
VS002215,AD000964,FA005,T2,validation,neighbour_says_shifted,1032.9,-1837.5,1070.0,-1886.5,trail_tail,2.0,positive,34.57274938445015,1.0,False,False,False
VS002216,AD001694,FA005,T2,test,met_borrower,1757.5,-2215.3,1743.9984789545035,-2201.574940501625,dwell,,positive,52.929906480174324,1.0,False,False,False
VS002217,AD001962,FA005,T2,train,met_borrower,1458.8,-1796.2,1395.154442951452,-1976.3390196880293,dwell,,positive,51.297758235618836,1.0,False,False,False
VS002218,AD002535,FA006,T2,validation,met_borrower,2991.1,979.8,2986.804620416191,986.7253110505134,dwell,,positive,51.5223495194076,1.0,False,False,False
VS002219,AD000424,FA006,T2,train,met_borrower,2918.9,337.2,2905.0,326.6666666666667,trail_tail,3.0,positive,51.77839800534583,1.0,False,False,False
VS002220,AD002583,FA006,T2,train,met_borrower,3393.4,553.8,3398.8,554.6,trail_tail,5.0,positive,51.74253569356647,1.0,False,False,False
VS002221,AD000290,FA006,T2,train,address_not_traceable,3235.6,670.3,3242.0,681.0,trail_tail,2.0,negative,,1.0,False,False,False
VS002222,AD000613,FA006,T2,train,cash_collected,2779.5,358.7,2779.0,370.2857142857143,trail_tail,7.0,positive,65.60621159615908,1.0,False,False,False
VS002223,AD002633,FA006,T2,validation,met_borrower,3185.4,669.5,3180.0,732.75,trail_tail,8.0,positive,59.658549261610446,1.0,False,False,False
VS002224,AD000386,FA004,T2,train,address_not_traceable,1053.2,21.9,1053.2,21.9,checkin,,negative,,1.1098606920552958,False,False,False
VS002225,AD000642,FA004,T2,train,met_borrower,669.3,-346.7,687.5,-315.5,trail_tail,2.0,positive,62.33658821933385,1.1098606920552958,False,False,False
VS002226,AD001136,FA004,T2,test,locked_premises,834.0,-264.2,834.0,-264.2,checkin,,positive,38.72539184461646,1.1098606920552958,False,False,False
VS002227,AD001577,FA004,T2,train,neighbour_says_shifted,930.0,410.2,931.3224047535828,404.9162530583712,dwell,7.0,positive,21.703949429109826,1.1098606920552958,False,False,False
VS002228,AD002531,FA004,T2,test,met_family,876.0,157.7,876.0,157.7,checkin,,positive,40.96893312250043,1.1098606920552958,False,False,False
VS002229,AD002357,FA004,T2,test,locked_premises,1031.3,309.6,1031.3,309.6,checkin,,positive,34.47404003679261,1.1098606920552958,False,False,False
VS002230,AD000220,FA004,T2,train,locked_premises,1415.8,-395.8,1415.8,-395.8,checkin,,positive,55.702513880571416,1.1098606920552958,False,False,False
VS002231,AD001152,FA004,T2,test,met_family,1417.1,355.7,1417.1,355.7,checkin,,positive,57.73212194110265,1.1098606920552958,False,False,False
VS002232,AD002089,FA004,T2,validation,met_borrower,1064.1,187.7,1064.1,187.7,checkin,,positive,66.67312019308953,1.1098606920552958,False,False,False
VS002233,AD002197,FA004,T2,validation,locked_premises,947.5,-268.5,947.5,-268.5,checkin,,positive,46.13771125461359,1.1098606920552958,False,False,False
VS002234,AD000948,FA009,T3,train,cash_collected,1324.4,-505.1,1323.7,-502.0,trail_tail,10.0,positive,65.88097221504856,1.0,False,False,False
VS002235,AD000532,FA009,T3,train,no_such_person,1401.3,-751.2,1406.0,-757.6666666666666,trail_tail,3.0,positive,45.47892368999073,1.0,False,False,False
VS002236,AD001053,FA009,T3,train,locked_premises,897.8,-725.4,893.5,-717.5,trail_tail,2.0,positive,33.29579553036689,1.0,False,False,False
VS002237,AD002175,FA009,T3,test,address_not_traceable,758.6,-767.4,758.6,-767.4,checkin,,negative,,1.0,False,False,False
VS002238,AD000596,FA009,T3,train,locked_premises,698.9,-706.4,676.5,-706.0,trail_tail,2.0,positive,32.92388950291262,1.0,False,False,False
VS002239,AD002048,FA009,T3,validation,address_not_traceable,874.4,-769.1,874.4,-769.1,checkin,,negative,,1.0,False,False,False
VS002240,AD002520,FA009,T3,train,met_borrower,620.8,-867.2,622.9461641792373,-860.8266949165107,dwell,,positive,50.74770930790867,1.0,False,False,False
VS002241,AD001618,FA009,T3,train,met_family,2344.4,-775.0,2346.0,-769.0,trail_tail,3.0,positive,31.348843678834466,1.0,True,True,True
VS002242,AD001098,FA009,T3,train,address_not_traceable,2279.2,-1545.9,2277.0,-1546.0,trail_tail,2.0,negative,,1.0,False,False,False
VS002243,AD002230,FA008,T3,train,locked_premises,3397.6,-1817.8,3396.0,-1819.6,trail_tail,5.0,positive,44.38192966545961,1.4612131704915665,False,False,False
VS002244,AD002471,FA008,T3,validation,address_not_traceable,3400.7,-1769.2,3400.7,-1769.2,checkin,,negative,,1.4612131704915665,False,False,False
VS002245,AD001170,FA008,T3,validation,met_borrower,3658.8,-1915.9,3658.8,-1915.9,checkin,,positive,73.8795000141368,1.4612131704915665,False,False,False
VS002246,AD001886,FA008,T3,train,address_not_traceable,3198.7,-1889.4,3198.7,-1889.4,checkin,,negative,,1.4612131704915665,False,False,False
VS002247,AD001480,FA008,T3,test,address_not_traceable,2905.1,-1731.6,2906.3333333333335,-1728.3333333333333,trail_tail,3.0,negative,,1.4612131704915665,False,False,False
VS002248,AD002153,FA008,T3,train,address_not_traceable,3738.7,-1993.5,3738.7,-1993.5,checkin,,negative,,1.4612131704915665,False,False,False
VS002249,AD002178,FA008,T3,test,met_family,2956.4,-2421.9,2965.493032555676,-2420.346453338655,dwell,,positive,56.790882171927244,1.4612131704915665,False,False,False
VS002250,AD002988,FA008,T3,validation,address_not_traceable,3370.6,-1669.3,3370.6,-1669.3,checkin,,negative,,1.4612131704915665,False,False,False
VS002251,AD001521,FA007,T3,validation,met_borrower,-742.0,3279.7,-732.0,3289.3333333333335,trail_tail,3.0,positive,70.25090368418371,1.3663037714355222,False,False,False
VS002252,AD002652,FA007,T3,test,address_not_traceable,-1077.8,-787.6,-1084.0,-777.0,trail_tail,2.0,negative,,1.3663037714355222,False,False,False
VS002253,AD002880,FA007,T3,train,met_family,-507.2,2938.8,-452.17389447133957,2927.5301452341237,dwell,9.0,positive,54.661714147106295,1.3663037714355222,False,False,False
VS002254,AD000741,FA007,T3,test,met_borrower,-633.8,2732.5,-632.8181818181819,2726.2727272727275,trail_tail,11.0,positive,69.66089427870173,1.3663037714355222,False,False,False
VS002255,AD001621,FA007,T3,test,address_not_traceable,-502.2,3349.4,-502.2,3349.4,checkin,,negative,,1.3663037714355222,False,False,False
VS002256,AD002564,FA007,T3,train,address_not_traceable,-358.9,3153.2,-371.5,3157.0,trail_tail,2.0,negative,,1.3663037714355222,False,False,False
VS002257,AD000449,FA007,T3,train,no_such_person,-246.0,2741.4,-246.0,2741.4,checkin,,positive,70.95116951593577,1.3663037714355222,False,False,False
VS002258,AD002718,FA007,T3,train,address_not_traceable,-298.4,3001.7,-298.4,3001.7,checkin,,negative,,1.3663037714355222,False,False,False
VS002259,AD001165,FA007,T3,train,locked_premises,-186.5,2836.7,-186.5,2836.7,checkin,,positive,47.05017363661494,1.3663037714355222,False,False,False
VS002260,AD001054,FA007,T3,test,met_family,-133.5,2765.2,-99.25686365751513,2792.3220102373202,dwell,4.0,positive,49.92008241710244,1.3663037714355222,False,False,False
VS002261,AD002771,FA003,T1,train,locked_premises,2584.4,-2376.9,2381.2691807542265,-2224.8946684005205,dwell,,positive,30.29426513385,1.0,False,False,False
VS002262,AD002414,FA003,T1,train,locked_premises,2909.7,-1803.4,2909.0,-1798.0,trail_tail,5.0,positive,30.85162070297118,1.0,False,False,False
VS002263,AD000589,FA003,T1,test,met_borrower,2674.6,-1858.7,2684.0,-1864.5,trail_tail,2.0,positive,50.46387321639115,1.0,False,False,False
VS002264,AD001818,FA003,T1,train,address_not_traceable,509.1,-408.1,509.1,-408.1,checkin,,negative,,1.0,False,False,False
VS002265,AD000867,FA003,T1,train,met_family,2980.0,-2544.8,2908.5711947626837,-2556.834697217676,dwell,5.0,positive,49.16757061315922,1.0,False,False,False
VS002266,AD000735,FA003,T1,validation,address_not_traceable,2961.8,-2412.4,2961.8,-2412.4,checkin,,negative,,1.0,False,False,False
VS002267,AD001775,FA003,T1,train,address_not_traceable,2508.8,-2359.6,2512.5,-2360.5,trail_tail,2.0,negative,,1.0,False,False,False
VS002268,AD003085,FA003,T1,train,met_borrower,3361.7,-2050.3,3327.222222222222,-2110.222222222222,trail_tail,9.0,positive,61.14887570511817,1.0,False,False,False
VS002269,AD001725,FA003,T1,train,met_borrower,2967.0,-2148.1,2965.6,-2159.6,trail_tail,10.0,positive,50.43800650303301,1.0,False,False,False
VS002270,AD000809,FA001,T1,train,locked_premises,667.5,87.7,669.75,83.5,trail_tail,4.0,positive,30.51942004691439,1.0,False,False,False
VS002271,AD000066,FA001,T1,validation,locked_premises,1183.9,-195.0,1159.0,-187.0,trail_tail,2.0,positive,33.015337344937144,1.0,False,False,False
VS002272,AD002979,FA001,T1,train,address_not_traceable,152.7,135.1,149.5,140.0,trail_tail,2.0,negative,,1.0,False,False,False
VS002273,AD000366,FA001,T1,train,address_not_traceable,1532.5,477.7,1539.5,479.0,trail_tail,2.0,negative,,1.0,False,False,False
VS002274,AD000836,FA001,T1,train,locked_premises,792.3,-581.1,792.3,-581.1,checkin,,positive,40.09507451046825,1.0,False,False,False
VS002275,AD001882,FA001,T1,train,met_borrower,718.8,-3012.1,718.8,-3012.1,checkin,,positive,61.502540597929766,1.0,False,False,False
VS002276,AD002062,FA001,T1,validation,address_not_traceable,2173.5,-951.6,2173.5,-951.6,checkin,,negative,,1.0,False,False,False
VS002277,AD003041,FA001,T1,test,met_borrower,722.6,-237.3,748.0,-214.66666666666666,trail_tail,3.0,positive,55.66778691487564,1.0,False,False,False
VS002278,AD001444,FA001,T1,validation,address_not_traceable,758.7,148.0,758.7,148.0,checkin,,negative,,1.0,False,False,False
VS002279,AD001973,FA001,T1,train,met_family,895.1,-400.9,885.4978676502263,-402.58938860756297,dwell,2.0,positive,31.541163580312,1.0,False,False,False
VS002280,AD000743,FA002,T1,test,address_not_traceable,-1992.6,-2241.7,-2001.0,-2240.5,trail_tail,2.0,negative,,1.0,False,False,False
VS002281,AD002637,FA002,T1,train,met_borrower,-1099.6,-3241.0,-1088.1413400065435,-3245.3845201566905,dwell,,positive,52.492856656882374,1.0,False,False,False
VS002282,AD003083,FA002,T1,train,neighbour_says_shifted,-1572.0,-2635.5,-1390.2110874200428,-2706.4413646055436,dwell,,positive,20.28922127633291,1.0,False,False,False
VS002283,AD002217,FA002,T1,test,locked_premises,-873.5,-3085.4,-873.5,-3085.4,checkin,,positive,31.662477793122886,1.0,False,False,False
VS002284,AD003010,FA002,T1,train,locked_premises,-1120.2,-3037.8,-1120.2,-3037.8,checkin,,positive,43.39550667983952,1.0,False,False,False
VS002285,AD002814,FA002,T1,train,locked_premises,-826.0,-3516.2,-884.0,-3545.0,trail_tail,2.0,positive,44.85543445336365,1.0,False,False,False
VS002286,AD000812,FA002,T1,train,locked_premises,-1248.8,-2714.3,-1245.3333333333333,-2708.3333333333335,trail_tail,3.0,positive,30.445730406741763,1.0,False,False,False
VS002287,AD000975,FA004,T2,train,address_not_traceable,-746.6,-588.1,-738.6666666666666,-581.6666666666666,trail_tail,3.0,negative,,1.1098606920552958,False,False,False
VS002288,AD001963,FA004,T2,validation,met_borrower,-319.3,-737.9,-314.54545454545456,-733.2727272727273,trail_tail,11.0,positive,56.499158832744236,1.1098606920552958,False,False,False
VS002289,AD001465,FA004,T2,train,met_family,-794.8,-758.2,-786.2496249196256,-747.2395513324283,dwell,5.0,positive,35.80242698981814,1.1098606920552958,False,False,False
VS002290,AD002027,FA004,T2,test,locked_premises,-449.2,-600.8,-449.2,-600.8,checkin,,positive,60.57857160329825,1.1098606920552958,False,False,False
VS002291,AD000579,FA004,T2,train,neighbour_says_shifted,-406.6,-628.5,-407.75,-622.75,trail_tail,4.0,positive,18.029771488414653,1.1098606920552958,False,False,False
VS002292,AD000012,FA004,T2,train,locked_premises,-650.8,-551.0,-650.8,-551.0,checkin,,positive,43.382068001766896,1.1098606920552958,False,False,False
VS002293,AD000472,FA004,T2,train,met_family,-515.7,-201.2,-515.7,-201.2,checkin,,positive,36.82551393023812,1.1098606920552958,False,False,False
VS002294,AD001682,FA004,T2,test,locked_premises,-545.4,-64.0,-638.0201823708207,-310.36316109422495,dwell,,positive,35.48830543180907,1.1098606920552958,False,False,False
VS002295,AD002906,FA004,T2,validation,address_not_traceable,-337.0,-747.8,-337.0,-747.8,checkin,,negative,,1.1098606920552958,False,False,False
VS002296,AD000105,FA004,T2,test,address_not_traceable,-408.2,-720.2,-399.0,-727.5,trail_tail,2.0,negative,,1.1098606920552958,False,False,False
VS002297,AD001627,FA005,T2,test,met_borrower,1310.9,-1996.0,1322.1,-2071.6,trail_tail,10.0,positive,63.257351351443724,1.0,False,False,False
VS002298,AD002194,FA005,T2,train,met_family,1723.6,-1750.4,1721.1496018202504,-1750.4584755403869,dwell,6.0,positive,30.655179007795724,1.0,False,False,False
VS002299,AD002244,FA005,T2,validation,met_family,1211.9,-1901.3,1211.9,-1901.3,checkin,,positive,41.890631410853636,1.0,False,False,False
VS002300,AD002748,FA005,T2,validation,locked_premises,1170.8,-1904.5,1170.8,-1904.5,checkin,,positive,36.31091433715212,1.0,False,False,False
VS002301,AD002663,FA005,T2,train,met_borrower,1817.4,-1842.6,1819.142857142857,-1832.5714285714287,trail_tail,7.0,positive,50.61047322442262,1.0,False,False,False
VS002302,AD001551,FA005,T2,train,met_borrower,1510.6,-2550.3,1510.6,-2550.3,checkin,,positive,50.45614432356083,1.0,False,False,False
VS002303,AD001528,FA005,T2,validation,met_borrower,1355.5,-2520.2,1355.5,-2520.2,checkin,,positive,50.94931304738072,1.0,False,False,False
VS002304,AD001178,FA005,T2,train,met_borrower,1803.6,-2195.5,1802.1666666666667,-2197.5833333333335,trail_tail,12.0,positive,50.6837498612721,1.0,False,False,False
VS002305,AD002299,FA006,T2,train,met_family,868.1,2294.9,928.0,2311.5,trail_tail,2.0,positive,52.98929137099305,1.0,False,False,False
VS002306,AD002796,FA006,T2,test,address_not_traceable,961.7,3115.4,960.0,3116.5,trail_tail,2.0,negative,,1.0,False,False,False
VS002307,AD002936,FA006,T2,train,met_family,1121.6,2984.6,1130.1501416430594,2970.291784702549,dwell,7.0,positive,31.339112942136698,1.0,False,False,False
VS002308,AD001927,FA006,T2,train,locked_premises,1070.5,2404.0,1070.5,2404.0,checkin,,positive,32.604639240451654,1.0,False,False,False
VS002309,AD003050,FA006,T2,train,met_borrower,788.1,2594.2,788.1,2594.2,checkin,,positive,54.187383217867236,1.0,False,False,False
VS002310,AD002206,FA006,T2,train,met_borrower,1042.1,2958.1,1039.5,2919.7,trail_tail,10.0,positive,54.3921409764315,1.0,False,False,False
VS002311,AD001654,FA006,T2,train,locked_premises,1088.7,2092.5,1088.7,2092.5,checkin,,positive,44.91864868849018,1.0,False,False,False
VS002312,AD000096,FA007,T3,train,met_family,3383.0,563.5,3367.0417785490686,543.7847591193259,dwell,,positive,45.43350395758496,1.3663037714355222,False,False,False
VS002313,AD001121,FA007,T3,test,met_borrower,3732.9,673.9,3733.0,646.75,trail_tail,4.0,positive,72.65364466855121,1.3663037714355222,False,False,False
VS002314,AD001499,FA007,T3,train,met_borrower,3471.4,-35.9,3517.4,-2.6,trail_tail,5.0,positive,78.2963890025619,1.3663037714355222,False,False,False
VS002315,AD001422,FA007,T3,train,met_borrower,3977.4,652.9,3977.4,652.9,checkin,,positive,89.9826181564921,1.3663037714355222,False,False,False
VS002316,AD002737,FA007,T3,train,met_borrower,3587.8,169.6,3598.609482815563,168.8235935284341,dwell,,positive,71.31922463727669,1.3663037714355222,False,False,False
VS002317,AD000043,FA007,T3,validation,neighbour_says_shifted,3918.0,708.4,3934.690829214717,713.6221856123009,dwell,,positive,24.94954489189115,1.3663037714355222,False,False,False
VS002318,AD001812,FA007,T3,test,met_borrower,3859.5,582.3,3856.0,595.25,trail_tail,4.0,positive,70.15068473650717,1.3663037714355222,False,False,False
VS002319,AD001176,FA007,T3,train,met_borrower,3639.0,-221.7,3639.0,-221.7,checkin,,positive,73.47504172296573,1.3663037714355222,False,False,False
VS002320,AD001605,FA007,T3,train,address_not_traceable,3491.0,272.0,3491.0,272.0,checkin,,negative,,1.3663037714355222,False,False,False
VS002321,AD002485,FA009,T3,train,locked_premises,2307.4,-787.4,2311.4430908458057,-794.4034110685694,dwell,,positive,30.662191702485984,1.0,False,True,True
VS002322,AD002333,FA009,T3,validation,address_not_traceable,-2533.8,-40.4,-2523.0,-45.0,trail_tail,2.0,negative,,1.0,False,False,False
VS002323,AD001384,FA009,T3,train,locked_premises,2317.6,-784.6,2316.3333333333335,-783.8333333333334,trail_tail,6.0,positive,30.46998523137154,1.0,True,True,True
VS002324,AD001458,FA009,T3,validation,locked_premises,-2871.6,-453.6,-2863.0,-453.6666666666667,trail_tail,3.0,positive,31.043195711781983,1.0,False,False,False
VS002325,AD001064,FA009,T3,train,address_not_traceable,2338.5,-780.0,2338.5,-780.0,checkin,,negative,,1.0,True,True,True
VS002326,AD000154,FA009,T3,test,met_borrower,3507.9,-2260.0,3563.0,-2270.4285714285716,trail_tail,7.0,positive,57.57866358296272,1.0,False,False,False
VS002327,AD001868,FA009,T3,train,locked_premises,-3744.1,-771.1,-3728.5,-767.0,trail_tail,2.0,positive,32.00851449224096,1.0,False,True,True
VS002328,AD002102,FA008,T3,train,locked_premises,2947.0,-1824.6,2952.75,-1817.0,trail_tail,4.0,positive,46.62941635156084,1.4612131704915665,False,False,False
VS002329,AD000870,FA008,T3,train,locked_premises,3294.8,-2338.7,3294.8,-2338.7,checkin,,positive,70.53547808257798,1.4612131704915665,False,False,False
VS002330,AD001078,FA008,T3,train,met_borrower,2958.9,-2058.1,2942.0,-2050.3333333333335,trail_tail,3.0,positive,76.74144947907385,1.4612131704915665,False,False,False
VS002331,AD002134,FA008,T3,test,met_family,3121.6,-1912.9,3129.1761294829994,-1901.3929203539822,dwell,7.0,positive,46.96459380717696,1.4612131704915665,False,False,False
VS002332,AD002044,FA008,T3,train,met_family,3445.5,-1965.5,3230.6469550953457,-2187.040352675825,dwell,,positive,46.37769524349985,1.4612131704915665,False,False,False
VS002333,AD002380,FA008,T3,test,locked_premises,3086.2,-2423.8,3071.0,-2427.5,trail_tail,2.0,positive,49.34943279878302,1.4612131704915665,False,False,False
VS002334,AD001706,FA008,T3,validation,neighbour_says_shifted,3399.7,-2268.9,3393.3333333333335,-2267.6666666666665,trail_tail,3.0,positive,29.485203569624773,1.4612131704915665,False,False,False
VS002335,AD002997,FA008,T3,train,address_not_traceable,3297.8,-2061.6,3293.0,-2055.5,trail_tail,2.0,negative,,1.4612131704915665,False,False,False
VS002336,AD001569,FA008,T3,train,address_not_traceable,1376.0,-3260.9,1376.0,-3260.9,checkin,,negative,,1.4612131704915665,False,False,False
VS002337,AD001779,FA008,T3,train,met_family,3077.3,-1812.6,3069.2065471551055,-1824.3839133742704,dwell,7.0,positive,45.95213411729814,1.4612131704915665,False,False,False
VS002338,AD000733,FA002,T1,test,met_borrower,2801.7,-2241.2,2853.3333333333335,-2272.0,trail_tail,6.0,positive,60.647938959209554,1.0,False,False,False
VS002339,AD000658,FA002,T1,train,met_borrower,2418.1,-2242.3,2441.3636363636365,-2250.909090909091,trail_tail,11.0,positive,52.59073112250865,1.0,False,False,False
VS002340,AD001821,FA002,T1,train,locked_premises,2487.4,-2454.9,2487.4,-2454.9,checkin,,positive,40.051872615397166,1.0,False,False,False
VS002341,AD000602,FA002,T1,train,met_borrower,2966.6,-1909.7,2965.8498865788747,-1910.9682820319126,dwell,,positive,54.86394535576166,1.0,False,False,False
VS002342,AD001554,FA002,T1,train,met_family,2700.8,-2138.1,2700.8,-2138.1,checkin,,positive,32.24999999999999,1.0,False,False,False
VS002343,AD000843,FA002,T1,train,address_not_traceable,1160.2,-1839.3,1160.2,-1839.3,checkin,,negative,,1.0,False,False,False
VS002344,AD000203,FA002,T1,validation,met_borrower,2619.4,-2354.9,2617.818181818182,-2359.3636363636365,trail_tail,11.0,positive,50.55840681825328,1.0,False,False,False
VS002345,AD002530,FA002,T1,train,neighbour_says_shifted,2834.3,-2275.5,2880.406015037594,-2281.654135338346,dwell,4.0,positive,26.758643463374522,1.0,False,False,False
VS002346,AD002991,FA002,T1,train,met_borrower,2540.9,-2207.9,2537.125,-2212.125,trail_tail,8.0,positive,50.564364922344275,1.0,False,False,False
VS002347,AD001815,FA003,T1,train,met_borrower,-2330.9,1046.6,-2330.9,1046.6,checkin,,positive,53.2229508764781,1.0,False,False,False
VS002348,AD001154,FA003,T1,test,met_family,-2578.9,1707.1,-2589.6350412321685,1707.4949313618258,dwell,8.0,positive,31.840932775281555,1.0,False,False,False
VS002349,AD001314,FA003,T1,train,met_borrower,-2616.6,1478.6,-2616.6,1478.6,checkin,,positive,51.216891744814035,1.0,False,False,False
VS002350,AD001043,FA003,T1,train,address_not_traceable,-2549.1,1209.5,-2558.0,1206.0,trail_tail,2.0,negative,,1.0,False,False,False
VS002351,AD001200,FA003,T1,train,locked_premises,-2832.7,850.6,-2830.0,833.0,trail_tail,2.0,positive,34.965733225545264,1.0,False,False,False
VS002352,AD002444,FA003,T1,train,address_not_traceable,-2785.6,1218.3,-2785.5,1211.5,trail_tail,2.0,negative,,1.0,False,False,False
VS002353,AD002281,FA003,T1,train,met_borrower,-2617.6,1007.5,-2617.6,1007.5,checkin,,positive,58.70998637369965,1.0,False,False,False
VS002354,AD002641,FA003,T1,train,address_not_traceable,-3261.8,968.7,-3261.8,968.7,checkin,,negative,,1.0,False,False,False
VS002355,AD002983,FA003,T1,train,locked_premises,-2810.4,847.1,-2814.0,845.4,trail_tail,5.0,positive,31.43409772842224,1.0,False,False,False
VS002356,AD001862,FA003,T1,train,address_not_traceable,-2545.0,1141.0,-2545.0,1141.0,checkin,,negative,,1.0,False,False,False
VS002357,AD002841,FA001,T1,train,met_family,2364.3,-614.6,2381.2155617715366,-617.4639372695419,dwell,6.0,positive,32.99928029518217,1.0,False,False,False
VS002358,AD002161,FA001,T1,validation,locked_premises,2099.7,-777.9,2056.0,-780.0,trail_tail,2.0,positive,36.93961288373223,1.0,False,False,False
VS002359,AD002809,FA001,T1,train,met_family,2183.6,-919.0,2176.8336763786206,-922.9884743710601,dwell,6.0,positive,34.986997584817125,1.0,False,False,False
VS002360,AD002110,FA001,T1,train,met_family,1990.1,-1376.6,1998.4141303263148,-1381.5977677646174,dwell,8.0,positive,30.964374690925055,1.0,False,False,False
VS002361,AD001000,FA001,T1,train,address_not_traceable,2262.3,-1016.6,2270.0,-1024.5,trail_tail,2.0,negative,,1.0,False,False,False
VS002362,AD001496,FA001,T1,validation,neighbour_says_shifted,1827.2,-1313.9,1816.3292013818332,-1306.1194879089617,dwell,5.0,positive,19.118119677415994,1.0,False,False,False
VS002363,AD001633,FA001,T1,train,met_borrower,1605.9,-543.8,1566.8,-553.6,trail_tail,5.0,positive,56.5178953960602,1.0,False,False,False
VS002364,AD001242,FA006,T2,train,no_such_person,1566.9,-1870.1,1566.9,-1870.1,checkin,,positive,53.012215573394045,1.0,False,False,False
VS002365,AD000817,FA006,T2,test,address_not_traceable,1750.8,-2136.7,1750.8,-2136.7,checkin,,negative,,1.0,False,False,False
VS002366,AD002007,FA006,T2,train,address_not_traceable,1636.7,-1946.1,1636.7,-1946.1,checkin,,negative,,1.0,False,False,False
VS002367,AD000419,FA006,T2,validation,address_not_traceable,1312.0,-1803.2,1312.0,-1803.2,checkin,,negative,,1.0,False,False,False
VS002368,AD001857,FA006,T2,validation,address_not_traceable,1424.0,-1865.0,1424.0,-1865.0,checkin,,negative,,1.0,False,False,False
VS002369,AD002521,FA006,T2,train,met_family,1566.4,-2400.1,1578.8158005041998,-2383.029003248319,dwell,5.0,positive,32.14393410894191,1.0,False,False,False
VS002370,AD002870,FA006,T2,train,met_borrower,1536.2,-2283.1,1494.3,-2260.2,trail_tail,10.0,positive,57.383120340392786,1.0,False,False,False
VS002371,AD001487,FA006,T2,train,address_not_traceable,1701.2,-2185.9,1701.2,-2185.9,checkin,,negative,,1.0,False,False,False
VS002372,AD001954,FA006,T2,validation,locked_premises,980.8,-1741.8,980.8,-1741.8,checkin,,positive,33.12416036671723,1.0,False,False,False
VS002373,AD000531,FA004,T2,train,address_not_traceable,1350.2,-1106.0,1350.2,-1106.0,checkin,,negative,,1.1098606920552958,False,False,False
VS002374,AD000912,FA004,T2,train,met_family,1639.9,-1719.4,1443.041612483745,-1665.715214564369,dwell,,positive,34.19294189325441,1.1098606920552958,False,False,False
VS002375,AD000756,FA004,T2,train,met_borrower,1458.6,-2245.6,1458.5,-2230.5,trail_tail,2.0,positive,58.37877790207901,1.1098606920552958,False,False,False
VS002376,AD002287,FA004,T2,train,met_family,1709.3,-2024.7,1680.3333333333333,-2000.0,trail_tail,3.0,positive,43.28520728966604,1.1098606920552958,False,False,False
VS002377,AD000275,FA004,T2,train,locked_premises,1713.0,-2106.1,1713.0,-2106.1,checkin,,positive,47.05734077828507,1.1098606920552958,False,False,False
VS002378,AD000175,FA004,T2,validation,address_not_traceable,1417.6,-2358.0,1417.0,-2362.5,trail_tail,2.0,negative,,1.1098606920552958,False,False,False
VS002379,AD001149,FA004,T2,train,locked_premises,1916.8,-1684.1,1916.8,-1684.1,checkin,,positive,42.52088370195644,1.1098606920552958,False,False,False
VS002380,AD000553,FA004,T2,train,met_borrower,1671.1,-1622.2,1663.5,-1600.2,trail_tail,10.0,positive,58.115515991845925,1.1098606920552958,False,False,False
VS002381,AD002459,FA004,T2,test,met_family,1807.9,-2216.6,1662.004866180049,-2149.5839416058393,dwell,,positive,36.48273488663457,1.1098606920552958,False,False,False
VS002382,AD002650,FA004,T2,train,locked_premises,1744.7,-1683.7,1751.5,-1671.5,trail_tail,4.0,positive,35.548215981713525,1.1098606920552958,False,False,False
VS002383,AD000917,FA005,T2,validation,met_family,1038.6,2415.3,1038.6,2415.3,checkin,,positive,36.685453520435026,1.0,False,False,False
VS002384,AD000711,FA005,T2,train,met_borrower,1071.7,2367.3,1068.0,2376.5,trail_tail,2.0,positive,52.365112431847216,1.0,False,False,False
VS002385,AD001811,FA005,T2,train,met_borrower,899.3,3084.2,894.4033314306062,3093.871809704764,dwell,,positive,52.056051521412975,1.0,False,False,False
VS002386,AD000182,FA005,T2,test,address_not_traceable,639.6,2628.3,639.6,2628.3,checkin,,negative,,1.0,False,False,False
VS002387,AD000016,FA005,T2,validation,neighbour_says_shifted,773.5,2395.7,755.8,2394.2,trail_tail,5.0,positive,19.979614610897777,1.0,False,False,False
VS002388,AD000902,FA005,T2,train,address_not_traceable,1122.4,2490.1,1135.6666666666667,2485.3333333333335,trail_tail,3.0,negative,,1.0,False,False,False
VS002389,AD000204,FA005,T2,validation,met_family,1098.2,2494.0,992.1638344465127,2514.6628599583923,dwell,,positive,30.56632133574467,1.0,False,False,False
VS002390,AD001026,FA005,T2,train,no_such_person,735.0,2318.2,735.0,2318.2,checkin,,positive,53.68537976022892,1.0,False,False,False
VS002391,AD002234,FA008,T3,train,neighbour_says_shifted,-417.9,-3434.6,-417.9,-3434.6,checkin,,positive,41.469953170586706,1.4612131704915665,False,False,False
VS002392,AD002712,FA008,T3,test,locked_premises,-735.2,-3798.2,-735.2,-3798.2,checkin,,positive,64.50738993225377,1.4612131704915665,False,False,False
VS002393,AD001564,FA008,T3,train,address_not_traceable,-429.3,-3328.7,-429.3,-3328.7,checkin,,negative,,1.4612131704915665,False,False,False
VS002394,AD001472,FA008,T3,train,met_family,-428.5,-3950.5,-422.456848900602,-3926.638170261566,dwell,3.0,positive,51.14173035540089,1.4612131704915665,False,False,False
VS002395,AD001443,FA008,T3,train,locked_premises,-660.8,-3274.6,-687.5,-3231.0,trail_tail,2.0,positive,66.45564728043206,1.4612131704915665,False,False,False
VS002396,AD000648,FA008,T3,train,address_not_traceable,-1759.9,-1463.4,-1759.9,-1463.4,checkin,,negative,,1.4612131704915665,False,False,False
VS002397,AD001219,FA008,T3,train,address_not_traceable,906.6,-3476.7,906.6,-3476.7,checkin,,negative,,1.4612131704915665,False,False,False
VS002398,AD000239,FA009,T3,train,neighbour_says_shifted,1248.6,-721.4,1248.6,-721.4,checkin,,positive,23.327451639645503,1.0,False,False,False
VS002399,AD000587,FA009,T3,train,address_not_traceable,2327.0,-788.7,2327.0,-788.7,checkin,,negative,,1.0,True,True,True
VS002400,AD000824,FA009,T3,test,address_not_traceable,1993.3,-2194.1,1993.3,-2194.1,checkin,,negative,,1.0,False,False,False
VS002401,AD002819,FA009,T3,train,met_borrower,1332.3,-909.1,1330.0,-912.75,trail_tail,12.0,positive,50.33125271637892,1.0,False,False,False
VS002402,AD002562,FA009,T3,train,address_not_traceable,-3741.1,-773.7,-3738.75,-773.5,trail_tail,4.0,negative,,1.0,True,True,True
VS002403,AD002896,FA009,T3,train,address_not_traceable,-3747.2,-776.0,-3743.285714285714,-769.1428571428571,trail_tail,7.0,negative,,1.0,True,True,True
VS002404,AD001395,FA009,T3,train,neighbour_says_shifted,1342.9,-1065.1,1352.5200000000002,-1064.666666666667,dwell,9.0,positive,16.33141145155554,1.0,False,False,False
VS002405,AD001534,FA007,T3,train,met_borrower,-2588.9,-191.6,-2578.5,-184.0,trail_tail,4.0,positive,69.75382202087268,1.3663037714355222,False,False,False
VS002406,AD000273,FA007,T3,train,address_not_traceable,-1034.2,-1821.0,-1034.5,-1832.0,trail_tail,2.0,negative,,1.3663037714355222,False,False,False
VS002407,AD000631,FA007,T3,train,met_borrower,-2846.3,-148.8,-2855.0,-142.2,trail_tail,5.0,positive,69.82430557275633,1.3663037714355222,False,False,False
VS002408,AD002412,FA007,T3,train,met_borrower,-2870.7,-108.5,-2870.7,-108.5,checkin,,positive,76.02808354723778,1.3663037714355222,False,False,False
VS002409,AD001391,FA007,T3,train,locked_premises,-2625.6,-45.8,-2635.75,-53.0,trail_tail,4.0,positive,42.93890842406545,1.3663037714355222,False,False,False
VS002410,AD001982,FA007,T3,train,neighbour_says_shifted,-2525.6,-489.6,-2509.5,-493.5,trail_tail,2.0,positive,30.077929272199942,1.3663037714355222,False,False,False
VS002411,AD000666,FA007,T3,test,locked_premises,-2654.0,-490.1,-2649.0,-492.0,trail_tail,4.0,positive,41.98939590652653,1.3663037714355222,False,False,False
VS002412,AD002858,FA003,T1,train,locked_premises,1154.2,-2868.4,1160.6666666666667,-2870.0,trail_tail,3.0,positive,30.681590571546323,1.0,False,False,False
VS002413,AD002544,FA003,T1,test,met_family,805.9,-2658.2,805.9,-2658.2,checkin,,positive,35.95764869954654,1.0,False,False,False
VS002414,AD001753,FA003,T1,validation,met_family,917.1,-2860.3,932.8892314897936,-2893.800788415753,dwell,3.0,positive,37.93725082290488,1.0,False,False,False
VS002415,AD002802,FA003,T1,train,met_borrower,623.5,-2808.7,688.25,-2775.75,trail_tail,8.0,positive,63.36035826918907,1.0,False,False,False
VS002416,AD001676,FA003,T1,train,locked_premises,1079.1,-3410.0,1077.75,-3412.5,trail_tail,4.0,positive,31.09907554896126,1.0,False,False,False
VS002417,AD002215,FA003,T1,train,no_such_person,377.4,-3047.3,395.0,-3062.3333333333335,trail_tail,3.0,positive,48.90012781169389,1.0,False,False,False
VS002418,AD002764,FA003,T1,train,met_borrower,739.8,-3457.8,739.8,-3457.8,checkin,,positive,50.5747960944975,1.0,False,False,False
VS002419,AD001900,FA003,T1,train,locked_premises,683.3,-2710.7,683.3,-2710.7,checkin,,positive,35.906197236688804,1.0,False,False,False
VS002420,AD002711,FA003,T1,train,met_borrower,1196.3,-3168.2,1174.4285714285713,-3170.5714285714284,trail_tail,7.0,positive,52.418436642082334,1.0,False,False,False
VS002421,AD000779,FA002,T1,train,met_family,380.9,2310.8,391.3333333333333,2290.6666666666665,trail_tail,3.0,positive,35.02588328650689,1.0,False,False,False
VS002422,AD001616,FA002,T1,train,locked_premises,2454.3,1193.0,2454.3,1193.0,checkin,,positive,51.90724901205995,1.0,False,False,False
VS002423,AD001408,FA002,T1,train,met_borrower,2458.6,726.5,2627.456144103563,930.0582141617579,dwell,,positive,50.796284312929814,1.0,False,False,False
VS002424,AD001208,FA002,T1,train,address_not_traceable,2193.6,-1014.6,2186.0,-1026.5,trail_tail,2.0,negative,,1.0,False,False,False
VS002425,AD000668,FA002,T1,train,cash_collected,2311.7,885.8,2311.7,885.8,checkin,,positive,70.95486241266345,1.0,False,False,False
VS002426,AD000255,FA002,T1,train,met_borrower,2374.4,934.7,2368.0,921.4444444444445,trail_tail,9.0,positive,52.559704146808144,1.0,False,False,False
VS002427,AD003016,FA002,T1,test,met_borrower,2267.2,607.1,2218.75,619.5,trail_tail,4.0,positive,56.88112604370623,1.0,False,False,False
VS002428,AD000293,FA002,T1,train,neighbour_says_shifted,2579.1,637.1,2581.3617133791645,624.0624008461131,dwell,3.0,positive,17.596732651262293,1.0,False,False,False
VS002429,AD002744,FA002,T1,test,address_not_traceable,2688.0,1270.1,2688.0,1270.1,checkin,,negative,,1.0,False,False,False
VS002430,AD002938,FA002,T1,validation,met_borrower,2129.0,979.5,2130.36981334222,989.1910133618411,dwell,,positive,50.975214565512125,1.0,False,False,False
VS002431,AD003026,FA001,T1,test,met_borrower,2903.1,-2454.9,2906.1786542923437,-2465.682134570766,dwell,,positive,52.70004743830881,1.0,False,False,False
VS002432,AD000475,FA001,T1,train,met_family,2564.6,-2240.5,2589.5,-2252.0,trail_tail,2.0,positive,33.7341444237141,1.0,False,False,False
VS002433,AD002673,FA001,T1,train,address_not_traceable,2689.3,-2138.9,2684.6666666666665,-2137.6666666666665,trail_tail,3.0,negative,,1.0,False,False,False
VS002434,AD000646,FA001,T1,train,address_not_traceable,2805.9,-2236.9,2803.5,-2232.0,trail_tail,2.0,negative,,1.0,False,False,False
VS002435,AD000389,FA001,T1,train,met_borrower,2833.7,-1785.7,2833.5,-1776.5,dwell,,positive,51.78180182264808,1.0,False,False,False
VS002436,AD002925,FA001,T1,train,address_not_traceable,2641.5,-2262.1,2640.0,-2264.0,trail_tail,3.0,negative,,1.0,False,False,False
VS002437,AD000753,FA001,T1,validation,met_family,2784.8,-2571.7,2782.1745423231487,-2570.9932385022644,dwell,2.0,positive,33.80417873577172,1.0,False,False,False
VS002438,AD001231,FA001,T1,test,address_not_traceable,2699.3,-2477.6,2699.3,-2477.6,checkin,,negative,,1.0,False,False,False
VS002439,AD001273,FA001,T1,train,locked_premises,2366.3,-2212.7,2342.0,-2200.6666666666665,trail_tail,3.0,positive,34.79374943865638,1.0,False,False,False
VS002440,AD000355,FA006,T2,train,met_borrower,757.1,-3375.7,729.8,-3307.6,trail_tail,10.0,positive,62.113484848300004,1.0,False,False,False
VS002441,AD001493,FA006,T2,train,address_not_traceable,713.8,-3535.4,719.3333333333334,-3530.0,trail_tail,3.0,negative,,1.0,False,False,False
VS002442,AD000069,FA006,T2,train,met_borrower,1102.7,-3523.0,1104.5555555555557,-3481.1111111111113,trail_tail,9.0,positive,54.79710302561623,1.0,False,False,False
VS002443,AD001232,FA006,T2,train,cash_collected,329.1,-2848.5,329.1,-2848.5,checkin,,positive,66.08521014568993,1.0,False,False,False
VS002444,AD000141,FA006,T2,train,address_not_traceable,1566.3,-1264.3,1556.5,-1254.5,trail_tail,2.0,negative,,1.0,False,False,False
VS002445,AD000924,FA006,T2,train,met_family,520.3,-2714.6,505.11175995774744,-2716.0683614186487,dwell,10.0,positive,31.20693032004269,1.0,False,False,False
VS002446,AD001794,FA006,T2,train,met_borrower,920.2,-2947.2,930.3601403810417,-2909.2456703284565,dwell,,positive,55.5879483341488,1.0,False,False,False
VS002447,AD000759,FA004,T2,train,met_borrower,3172.4,632.7,3140.0,553.0,trail_tail,2.0,positive,75.4392853595544,1.1098606920552958,False,False,False
VS002448,AD000365,FA004,T2,train,address_not_traceable,3038.7,1063.5,3031.6666666666665,1076.0,trail_tail,3.0,negative,,1.1098606920552958,False,False,False
VS002449,AD002913,FA004,T2,train,locked_premises,-491.4,1504.2,-491.4,1504.2,checkin,,positive,41.94832971939294,1.1098606920552958,False,False,False
VS002450,AD002560,FA004,T2,train,met_borrower,3212.9,712.1,3212.9,712.1,checkin,,positive,56.20658244614872,1.1098606920552958,False,False,False
VS002451,AD000068,FA004,T2,train,met_borrower,3345.4,462.6,3348.769230769231,460.0769230769231,trail_tail,13.0,positive,56.12911284339173,1.1098606920552958,False,False,False
VS002452,AD002043,FA004,T2,train,address_not_traceable,3014.1,691.0,3014.1,691.0,checkin,,negative,,1.1098606920552958,False,False,False
VS002453,AD000166,FA004,T2,validation,met_borrower,2818.5,943.1,2801.1,950.0,trail_tail,10.0,positive,56.548082985200004,1.1098606920552958,False,False,False
VS002454,AD002286,FA004,T2,train,address_not_traceable,2772.7,1609.0,2772.7,1609.0,checkin,,negative,,1.1098606920552958,False,False,False
VS002455,AD001700,FA004,T2,train,met_borrower,2888.3,535.3,2976.500210327729,426.52929291641703,dwell,,positive,60.40676177790298,1.1098606920552958,False,False,False
VS002456,AD002489,FA005,T2,train,address_not_traceable,-967.9,-458.3,-967.9,-458.3,checkin,,negative,,1.0,False,False,False
VS002457,AD001003,FA005,T2,train,neighbour_says_shifted,-594.6,-248.9,-594.6,-248.9,checkin,,positive,24.85342028775918,1.0,False,False,False
VS002458,AD002045,FA005,T2,train,met_family,-955.9,-693.1,-942.8923860909804,-678.5406272360971,dwell,,positive,32.976430977290434,1.0,False,False,False
VS002459,AD001689,FA005,T2,test,met_borrower,-318.5,-737.9,-261.2,-724.6,trail_tail,5.0,positive,58.33913780645031,1.0,False,False,False
VS002460,AD002784,FA005,T2,test,address_not_traceable,-507.0,-430.7,-505.0,-430.0,trail_tail,3.0,negative,,1.0,False,False,False
VS002461,AD002120,FA005,T2,test,met_borrower,755.7,2775.5,724.0,2746.5,trail_tail,2.0,positive,55.27019992726642,1.0,False,False,False
VS002462,AD000342,FA007,T3,validation,met_borrower,3541.7,-73.7,3555.9,-35.3,trail_tail,10.0,positive,76.09717138647368,1.3663037714355222,False,False,False
VS002463,AD000982,FA007,T3,train,address_not_traceable,3877.3,674.1,3876.0,674.5,trail_tail,2.0,negative,,1.3663037714355222,False,False,False
VS002464,AD001832,FA007,T3,train,met_borrower,4122.5,82.6,4118.0,95.2,trail_tail,5.0,positive,73.97512962494349,1.3663037714355222,False,False,False
VS002465,AD001748,FA007,T3,train,locked_premises,3960.5,142.1,3960.5,142.1,checkin,,positive,64.11772601774325,1.3663037714355222,False,False,False
VS002466,AD000722,FA007,T3,test,met_borrower,4004.6,105.5,3992.5555555555557,111.55555555555556,trail_tail,9.0,positive,69.7958264837269,1.3663037714355222,False,False,False
VS002467,AD003088,FA007,T3,train,address_not_traceable,3301.6,-2155.0,3301.6,-2155.0,checkin,,negative,,1.3663037714355222,False,False,False
VS002468,AD000650,FA007,T3,train,address_not_traceable,3822.0,181.1,3838.0,167.0,trail_tail,3.0,negative,,1.3663037714355222,False,False,False
VS002469,AD002867,FA008,T3,train,neighbour_says_shifted,-2345.3,1736.9,-2345.3,1736.9,checkin,,positive,36.518199179045894,1.4612131704915665,False,False,False
VS002470,AD002504,FA008,T3,validation,met_family,-2280.6,1303.8,-2280.6,1303.8,checkin,,positive,48.517998540787545,1.4612131704915665,False,False,False
VS002471,AD001722,FA008,T3,test,address_not_traceable,-2334.9,1405.8,-2334.9,1405.8,checkin,,negative,,1.4612131704915665,False,False,False
VS002472,AD002068,FA008,T3,train,met_family,-2054.2,1524.5,-2056.9629718689016,1517.7653722007592,dwell,,positive,50.42418847702802,1.4612131704915665,False,False,False
VS002473,AD001873,FA008,T3,train,locked_premises,-497.8,-2076.0,-497.8,-2076.0,checkin,,positive,45.20323816547263,1.4612131704915665,False,False,False
VS002474,AD001687,FA008,T3,train,locked_premises,-2791.4,1253.0,-2740.0,1276.0,trail_tail,2.0,positive,61.47575790294725,1.4612131704915665,False,False,False
VS002475,AD002532,FA008,T3,train,met_borrower,-2593.4,1742.7,-2593.4,1742.7,checkin,,positive,73.35541166623253,1.4612131704915665,False,False,False
VS002476,AD000098,FA008,T3,train,no_such_person,-2501.5,1374.9,-2483.5,1354.5,trail_tail,2.0,positive,74.71808924170352,1.4612131704915665,False,False,False
VS002477,AD001540,FA008,T3,train,met_family,-2365.2,1823.5,-2369.7104142710627,1821.9678725578553,dwell,9.0,positive,45.084346557738726,1.4612131704915665,False,False,False
VS002478,AD002921,FA008,T3,train,address_not_traceable,-2470.2,1768.7,-2470.2,1768.7,checkin,,negative,,1.4612131704915665,False,False,False
VS002479,AD001754,FA009,T3,train,neighbour_says_shifted,-2363.8,-104.3,-2376.450813871196,-91.07430997876857,dwell,6.0,positive,18.406316850472813,1.0,False,False,False
VS002480,AD000170,FA009,T3,train,address_not_traceable,-3654.9,-720.5,-3654.9,-720.5,checkin,,negative,,1.0,False,True,True
VS002481,AD001776,FA009,T3,validation,address_not_traceable,-3598.6,-1098.0,-3598.6,-1098.0,checkin,,negative,,1.0,False,False,False
VS002482,AD000465,FA009,T3,train,neighbour_says_shifted,-2669.2,-62.6,-2655.6342416383172,-56.43234868132978,dwell,2.0,positive,19.26551322960275,1.0,False,False,False
VS002483,AD000950,FA009,T3,validation,met_family,-3045.0,-255.0,-3019.5,-244.5,trail_tail,2.0,positive,36.44516428828384,1.0,False,False,False
VS002484,AD002959,FA009,T3,train,locked_premises,2338.0,-762.6,2344.6666666666665,-762.0,trail_tail,3.0,positive,30.937517676762628,1.0,False,True,True
VS002485,AD000489,FA009,T3,validation,address_not_traceable,-2488.9,-494.0,-2488.9,-494.0,checkin,,negative,,1.0,False,False,False
VS002486,AD000852,FA009,T3,test,address_not_traceable,2337.0,-792.4,2332.0,-783.5,trail_tail,6.0,negative,,1.0,True,True,True
VS002487,AD001233,FA003,T1,test,cash_collected,2384.4,-2151.3,2524.1599610642443,-2373.9490590525634,dwell,,positive,65.12344048036775,1.0,False,False,False
VS002488,AD002806,FA003,T1,train,locked_premises,2848.2,-1769.1,2847.5,-1789.5,trail_tail,2.0,positive,34.156587944348324,1.0,False,False,False
VS002489,AD000840,FA003,T1,train,met_family,3084.3,-2478.4,3083.0914826498424,-2465.618296529968,dwell,3.0,positive,32.45847346995852,1.0,False,False,False
VS002490,AD002362,FA003,T1,train,met_family,2533.7,-2131.1,2525.5,-2123.5,trail_tail,2.0,positive,33.17883361421856,1.0,False,False,False
VS002491,AD000652,FA003,T1,train,locked_premises,2854.3,-2264.3,2853.25,-2274.5,trail_tail,4.0,positive,31.45051668891943,1.0,False,False,False
VS002492,AD000569,FA003,T1,test,address_not_traceable,2973.1,-2339.9,2972.0,-2343.5,trail_tail,2.0,negative,,1.0,False,False,False
VS002493,AD001867,FA001,T1,validation,address_not_traceable,2737.6,1128.3,2737.6,1128.3,checkin,,negative,,1.0,False,False,False
VS002494,AD000969,FA001,T1,train,neighbour_says_shifted,2216.6,1030.7,2163.056452267013,993.8124746532566,dwell,,positive,33.40991619265153,1.0,False,False,False
VS002495,AD002239,FA001,T1,train,address_not_traceable,1900.1,1512.3,1892.75,1504.25,trail_tail,4.0,negative,,1.0,False,False,False
VS002496,AD000111,FA001,T1,train,address_not_traceable,2317.2,987.9,2338.6666666666665,995.6666666666666,trail_tail,3.0,negative,,1.0,False,False,False
VS002497,AD002367,FA001,T1,train,locked_premises,2100.4,772.5,2100.4,772.5,checkin,,positive,36.114989962618026,1.0,False,False,False
VS002498,AD002672,FA001,T1,train,address_not_traceable,2439.7,1008.5,2439.7,1008.5,checkin,,negative,,1.0,False,False,False
VS002499,AD001257,FA001,T1,test,address_not_traceable,2403.0,849.9,2403.0,849.9,checkin,,negative,,1.0,False,False,False
VS002500,AD000517,FA001,T1,train,met_borrower,2135.9,647.8,2105.3333333333335,616.7777777777778,trail_tail,9.0,positive,55.73295703620973,1.0,False,False,False
VS002501,AD000785,FA002,T1,test,address_not_traceable,1615.3,-1547.3,1609.0,-1537.6666666666667,trail_tail,3.0,negative,,1.0,False,False,False
VS002502,AD002691,FA002,T1,train,cash_collected,3168.1,-2137.1,3163.0,-2123.2,trail_tail,5.0,positive,66.17850859606915,1.0,False,False,False
VS002503,AD001107,FA002,T1,train,address_not_traceable,1435.6,-1588.2,1426.5,-1584.0,trail_tail,2.0,negative,,1.0,False,False,False
VS002504,AD000193,FA002,T1,train,address_not_traceable,1418.6,-1386.8,1412.5,-1389.5,trail_tail,2.0,negative,,1.0,False,False,False
VS002505,AD001581,FA002,T1,train,met_family,2705.6,-1844.2,2723.5,-1821.5,trail_tail,2.0,positive,41.59134525355006,1.0,False,False,False
VS002506,AD001186,FA002,T1,train,address_not_traceable,2381.3,-2299.7,2381.3,-2299.7,checkin,,negative,,1.0,False,False,False
VS002507,AD002304,FA002,T1,train,address_not_traceable,2559.5,-2231.6,2563.6666666666665,-2227.0,trail_tail,3.0,negative,,1.0,False,False,False
VS002508,AD001770,FA002,T1,train,met_family,2503.1,-2344.9,2503.1,-2344.9,checkin,,positive,41.96611728525762,1.0,False,False,False
VS002509,AD000963,FA002,T1,validation,no_such_person,1827.5,-1726.2,1833.5,-1737.5,trail_tail,2.0,positive,46.9693783224773,1.0,False,False,False
VS002510,AD001765,FA004,T2,train,met_borrower,2259.8,-1098.8,2262.5,-1094.0,trail_tail,4.0,positive,56.578190062432796,1.1098606920552958,False,False,False
VS002511,AD000150,FA004,T2,train,neighbour_says_shifted,2467.1,-1152.0,2461.9936349424897,-1137.6422296145438,dwell,4.0,positive,26.418239982790432,1.1098606920552958,False,False,False
VS002512,AD000768,FA004,T2,test,met_family,2661.6,-1596.4,2644.464589235127,-1595.597733711048,dwell,6.0,positive,35.30368992757916,1.1098606920552958,False,False,False
VS002513,AD002953,FA004,T2,train,address_not_traceable,485.6,-1747.8,485.6,-1747.8,checkin,,negative,,1.1098606920552958,False,False,False
VS002514,AD000797,FA004,T2,validation,no_such_person,2495.3,-1146.9,2493.2,-1145.2,trail_tail,5.0,positive,50.899244712502586,1.1098606920552958,False,False,False
VS002515,AD000495,FA004,T2,train,address_not_traceable,2400.9,-1198.7,2385.5,-1190.5,trail_tail,2.0,negative,,1.1098606920552958,False,False,False
VS002516,AD001971,FA004,T2,train,address_not_traceable,2314.1,-1545.9,2314.1,-1545.9,checkin,,negative,,1.1098606920552958,False,False,False
VS002517,AD002772,FA004,T2,train,address_not_traceable,2236.3,-1313.7,2236.3,-1313.7,checkin,,negative,,1.1098606920552958,False,False,False
VS002518,AD001855,FA004,T2,train,locked_premises,2424.3,-1198.1,2424.3,-1198.1,checkin,,positive,38.11664622666508,1.1098606920552958,False,False,False
VS002519,AD000538,FA005,T2,train,met_borrower,1288.3,-1798.0,1280.2235649546828,-1763.6918429003022,dwell,,positive,55.18797423352301,1.0,False,False,False
VS002520,AD001752,FA005,T2,train,address_not_traceable,1280.4,-2506.6,1280.4,-2506.6,checkin,,negative,,1.0,False,False,False
VS002521,AD002973,FA005,T2,train,address_not_traceable,1688.0,-1065.4,1695.6666666666667,-1065.6666666666667,trail_tail,3.0,negative,,1.0,False,False,False
VS002522,AD003074,FA005,T2,train,met_borrower,1420.6,-2082.7,1499.6,-2115.9,trail_tail,10.0,positive,67.13249958105244,1.0,False,False,False
VS002523,AD001013,FA005,T2,train,neighbour_says_shifted,1403.0,-1964.9,1337.4390725053408,-2069.668509133127,dwell,,positive,21.74425211406454,1.0,False,False,False
VS002524,AD002576,FA005,T2,train,met_borrower,1435.1,-2346.3,1435.1,-2346.3,checkin,,positive,54.11963599286308,1.0,False,False,False
VS002525,AD002466,FA005,T2,train,met_borrower,1867.2,-2113.7,1860.3636363636363,-2106.909090909091,trail_tail,11.0,positive,50.68503230737848,1.0,False,False,False
VS002526,AD001495,FA005,T2,train,locked_premises,1324.3,-1849.8,1257.0,-1852.5,trail_tail,2.0,positive,44.23994235981777,1.0,False,False,False
VS002527,AD002059,FA005,T2,train,neighbour_says_shifted,1202.6,-2030.8,1215.1851579044287,-2024.6271061596537,dwell,5.0,positive,17.987217683677493,1.0,False,False,False
VS002528,AD001673,FA005,T2,train,no_such_person,1066.7,-1736.4,1066.7,-1736.4,checkin,,positive,46.93849699340616,1.0,False,False,False
VS002529,AD003077,FA006,T2,train,locked_premises,2678.1,-1653.6,2678.1,-1653.6,checkin,,positive,34.16771136614216,1.0,False,False,False
VS002530,AD002111,FA006,T2,train,address_not_traceable,1647.1,-1274.2,1649.0,-1273.6666666666667,trail_tail,3.0,negative,,1.0,False,False,False
VS002531,AD001133,FA006,T2,train,met_family,2372.8,-1247.3,2392.368495862734,-1268.3807299862938,dwell,,positive,33.24894735175835,1.0,False,False,False
VS002532,AD002262,FA006,T2,validation,locked_premises,2644.2,-1713.5,2612.6666666666665,-1664.0,trail_tail,3.0,positive,41.36946337577993,1.0,False,False,False
VS002533,AD002555,FA006,T2,train,locked_premises,2271.6,-1213.4,2266.75,-1197.5,trail_tail,4.0,positive,32.425144564057085,1.0,False,False,False
VS002534,AD001619,FA006,T2,validation,met_borrower,2698.1,-1114.6,2651.75,-1087.75,trail_tail,4.0,positive,59.86052539027699,1.0,False,False,False
VS002535,AD001846,FA007,T3,test,address_not_traceable,-3799.9,-751.1,-3838.0,-752.5,trail_tail,2.0,negative,,1.3663037714355222,False,False,False
VS002536,AD001524,FA007,T3,train,no_such_person,4190.1,193.0,4190.1,193.0,checkin,,positive,75.84515175858434,1.3663037714355222,False,False,False
VS002537,AD002138,FA007,T3,validation,met_borrower,3865.6,545.2,3878.0,596.25,trail_tail,4.0,positive,78.64926830156813,1.3663037714355222,False,False,False
VS002538,AD001122,FA007,T3,train,address_not_traceable,3533.2,660.0,3533.2,660.0,checkin,,negative,,1.3663037714355222,False,False,False
VS002539,AD002603,FA007,T3,train,address_not_traceable,2225.9,599.9,2226.0,606.5,trail_tail,2.0,negative,,1.3663037714355222,False,False,False
VS002540,AD000850,FA007,T3,train,met_family,3683.5,256.9,3752.3789161261952,228.58195009343737,dwell,5.0,positive,64.88612429530245,1.3663037714355222,False,False,False
VS002541,AD001040,FA009,T3,train,met_family,862.5,-1128.6,860.0,-1105.5,trail_tail,2.0,positive,35.91437734389946,1.0,False,False,False
VS002542,AD002730,FA009,T3,train,address_not_traceable,-3726.9,-781.3,-3731.0,-774.0,trail_tail,3.0,negative,,1.0,True,True,True
VS002543,AD002614,FA009,T3,validation,address_not_traceable,1149.0,-778.8,1149.0,-778.8,checkin,,negative,,1.0,False,False,False
VS002544,AD000787,FA009,T3,train,met_borrower,2332.0,-773.7,2329.5714285714284,-772.7142857142857,trail_tail,7.0,positive,50.249701491650676,1.0,True,True,True
VS002545,AD002848,FA009,T3,train,locked_premises,-3722.3,-776.2,-3721.375,-775.875,trail_tail,8.0,positive,30.445730406741763,1.0,True,True,True
VS002546,AD001622,FA009,T3,train,locked_premises,2314.9,-767.9,2331.5,-770.0,trail_tail,2.0,positive,33.668160032885666,1.0,True,True,True
VS002547,AD000570,FA009,T3,train,address_not_traceable,793.4,-788.9,798.5,-776.0,trail_tail,2.0,negative,,1.0,False,False,False
VS002548,AD001197,FA009,T3,train,address_not_traceable,2343.3,-759.2,2339.6666666666665,-761.7777777777778,trail_tail,9.0,negative,,1.0,True,True,True
VS002549,AD002866,FA008,T3,test,neighbour_says_shifted,4012.4,652.7,4011.25,646.5,trail_tail,4.0,positive,24.099055722495105,1.4612131704915665,False,False,False
VS002550,AD000534,FA008,T3,train,locked_premises,3959.6,717.5,3962.5,724.5,trail_tail,2.0,positive,46.28247112903331,1.4612131704915665,False,False,False
VS002551,AD000142,FA008,T3,train,address_not_traceable,3916.3,701.1,3916.3,701.1,checkin,,negative,,1.4612131704915665,False,False,False
VS002552,AD000252,FA008,T3,validation,address_not_traceable,3689.9,358.0,3689.9,358.0,checkin,,negative,,1.4612131704915665,False,False,False
VS002553,AD002150,FA008,T3,validation,met_family,4039.5,558.7,4008.3333333333335,546.0,trail_tail,3.0,positive,50.63151077517067,1.4612131704915665,False,False,False
VS002554,AD001885,FA008,T3,train,address_not_traceable,-565.2,-123.7,-565.2,-123.7,checkin,,negative,,1.4612131704915665,False,False,False
VS002555,AD001574,FA008,T3,train,locked_premises,3875.9,125.9,3875.9,125.9,checkin,,positive,53.587191548934676,1.4612131704915665,False,False,False
VS002556,AD002799,FA008,T3,train,locked_premises,3484.3,-28.0,3484.3,-28.0,checkin,,positive,46.33871906945714,1.4612131704915665,False,False,False
VS002557,AD002968,FA008,T3,validation,address_not_traceable,3650.5,339.9,3664.0,343.5,trail_tail,2.0,negative,,1.4612131704915665,False,False,False
VS002558,AD000228,FA008,T3,train,met_borrower,3808.8,-120.4,3809.2727272727275,-114.0909090909091,trail_tail,11.0,positive,73.84752207348978,1.4612131704915665,False,False,False
VS002559,AD002537,FA001,T1,train,met_borrower,2747.1,-2402.5,2747.3333333333335,-2396.6666666666665,trail_tail,3.0,positive,51.086739962538225,1.0,False,False,False
VS002560,AD000287,FA001,T1,test,met_borrower,2745.2,-2386.0,2770.4,-2408.6,trail_tail,10.0,positive,54.41332557379674,1.0,False,False,False
VS002561,AD002247,FA001,T1,test,address_not_traceable,1478.0,-726.8,1478.0,-726.8,checkin,,negative,,1.0,False,False,False
VS002562,AD002623,FA001,T1,test,address_not_traceable,1688.3,-1182.6,1685.6666666666667,-1185.0,trail_tail,3.0,negative,,1.0,False,False,False
VS002563,AD001324,FA001,T1,train,met_borrower,2642.5,-1930.0,2629.3,-1925.8,trail_tail,10.0,positive,50.86228956702598,1.0,False,False,False
VS002564,AD000114,FA001,T1,train,met_borrower,2682.4,-1874.2,2682.4,-1874.2,checkin,,positive,52.628034354324875,1.0,False,False,False
VS002565,AD001336,FA001,T1,train,locked_premises,2695.2,-1790.3,2700.75,-1796.5,trail_tail,4.0,positive,31.19026290366917,1.0,False,False,False
VS002566,AD001240,FA002,T1,train,neighbour_says_shifted,1379.2,-218.2,1334.5,-221.0,trail_tail,2.0,positive,30.82060998747431,1.0,False,False,False
VS002567,AD000788,FA002,T1,train,address_not_traceable,1163.3,-88.7,1170.6666666666667,-100.0,trail_tail,3.0,negative,,1.0,False,False,False
VS002568,AD001035,FA002,T1,train,locked_premises,961.8,-431.7,961.8,-431.7,checkin,,positive,41.09187875967708,1.0,False,False,False
VS002569,AD000247,FA002,T1,validation,neighbour_says_shifted,805.3,-539.2,821.4162590656097,-580.2798110979928,dwell,4.0,positive,31.146307967397984,1.0,False,False,False
VS002570,AD000488,FA002,T1,train,neighbour_says_shifted,1250.9,204.2,1231.5,215.5,trail_tail,2.0,positive,19.868631055007306,1.0,False,False,False
VS002571,AD002875,FA002,T1,train,met_family,1383.8,299.8,1397.982475118996,256.18714842059717,dwell,,positive,40.47727757643788,1.0,False,False,False
VS002572,AD000802,FA002,T1,train,met_family,1569.4,-252.0,1576.0305848685387,-242.52570700198558,dwell,6.0,positive,33.15855847288901,1.0,False,False,False
VS002573,AD000529,FA003,T1,test,met_borrower,2804.2,-2111.3,2822.3333333333335,-2096.3333333333335,trail_tail,3.0,positive,53.0752531788592,1.0,False,False,False
VS002574,AD000641,FA003,T1,train,met_borrower,3158.4,-2197.5,3143.6,-2165.2,trail_tail,10.0,positive,53.06121464874321,1.0,False,False,False
VS002575,AD001579,FA003,T1,validation,no_such_person,2498.3,-2275.3,2498.3,-2275.3,checkin,,positive,55.34604773603979,1.0,False,False,False
VS002576,AD001695,FA003,T1,train,address_not_traceable,2881.8,-2339.5,2881.8,-2339.5,checkin,,negative,,1.0,False,False,False
VS002577,AD000832,FA003,T1,train,met_borrower,3536.4,-2072.5,3288.7527622097678,-2147.0182546036826,dwell,,positive,50.490023767077,1.0,False,False,False
VS002578,AD000316,FA003,T1,train,locked_premises,2395.7,-2143.2,2400.591677503251,-2149.2678803641093,dwell,,positive,31.11948746364567,1.0,False,False,False
VS002579,AD000504,FA003,T1,validation,neighbour_says_shifted,3147.3,-2066.4,3147.3,-2066.4,checkin,,positive,19.428651522944165,1.0,False,False,False
VS002580,AD000686,FA006,T2,validation,met_family,2785.1,796.0,2802.6100387858733,834.2923665454766,dwell,2.0,positive,37.598570451547765,1.0,False,False,False
VS002581,AD002272,FA006,T2,train,address_not_traceable,2986.0,402.0,2986.0,402.0,checkin,,negative,,1.0,False,False,False
VS002582,AD002751,FA006,T2,train,address_not_traceable,2998.7,686.3,2985.0,684.5,trail_tail,2.0,negative,,1.0,False,False,False
VS002583,AD001726,FA006,T2,validation,met_family,2936.5,870.9,2920.9964210672147,879.3248054676858,dwell,,positive,33.3452395403002,1.0,False,False,False
VS002584,AD001254,FA006,T2,train,met_family,2769.8,317.6,2729.037723661262,253.23913183902846,dwell,,positive,57.34544445725402,1.0,False,False,False
VS002585,AD002568,FA006,T2,validation,address_not_traceable,2989.1,686.2,2982.6666666666665,684.3333333333334,trail_tail,3.0,negative,,1.0,False,False,False
VS002586,AD002872,FA006,T2,test,met_family,3097.1,256.8,3288.79292929293,296.50505050505046,dwell,,positive,32.18077842439491,1.0,False,False,False
VS002587,AD001712,FA006,T2,train,address_not_traceable,3258.8,551.7,3258.8,551.7,checkin,,negative,,1.0,False,False,False
VS002588,AD000962,FA006,T2,validation,address_not_traceable,2579.8,2170.6,2579.8,2170.6,checkin,,negative,,1.0,False,False,False
VS002589,AD001503,FA004,T2,train,address_not_traceable,2787.7,-1690.7,2787.7,-1690.7,checkin,,negative,,1.1098606920552958,False,False,False
VS002590,AD001944,FA004,T2,train,locked_premises,2499.5,-723.0,2489.0,-714.5,trail_tail,2.0,positive,39.322170101249746,1.1098606920552958,False,False,False
VS002591,AD003087,FA004,T2,train,locked_premises,2676.3,-1341.7,2676.3,-1341.7,checkin,,positive,43.612794618955455,1.1098606920552958,False,False,False
VS002592,AD002540,FA004,T2,train,address_not_traceable,2839.8,-1346.9,2836.5,-1350.0,trail_tail,2.0,negative,,1.1098606920552958,False,False,False
VS002593,AD001683,FA004,T2,validation,address_not_traceable,2448.5,-998.1,2432.0,-1007.0,trail_tail,2.0,negative,,1.1098606920552958,False,False,False
VS002594,AD001450,FA004,T2,test,no_such_person,2485.5,-1062.8,2479.6666666666665,-1046.3333333333333,trail_tail,3.0,positive,52.89778742069906,1.1098606920552958,False,False,False
VS002595,AD002833,FA004,T2,validation,met_borrower,-191.9,1344.9,-191.9,1344.9,checkin,,positive,59.81104040185128,1.1098606920552958,False,False,False
VS002596,AD000412,FA005,T2,validation,address_not_traceable,1400.2,-2191.7,1388.5,-2199.0,trail_tail,2.0,negative,,1.0,False,False,False
VS002597,AD002074,FA005,T2,train,met_borrower,1769.0,-1670.2,1766.75,-1657.5,trail_tail,4.0,positive,51.633516246717114,1.0,False,False,False
VS002598,AD002224,FA005,T2,train,address_not_traceable,1490.1,-1278.8,1486.3333333333333,-1286.6666666666667,trail_tail,3.0,negative,,1.0,False,False,False
VS002599,AD002440,FA005,T2,train,met_borrower,1073.4,-1738.1,1137.672737923081,-1814.8033828186497,dwell,,positive,67.39682856040038,1.0,False,False,False
VS002600,AD002091,FA005,T2,test,neighbour_says_shifted,1759.7,-2251.6,1776.6666666666667,-2197.3333333333335,trail_tail,3.0,positive,36.26296319938564,1.0,False,False,False
VS002601,AD000860,FA005,T2,train,neighbour_says_shifted,1344.6,-1834.9,1357.5,-1863.0,trail_tail,2.0,positive,34.321021255201586,1.0,False,False,False
VS002602,AD002066,FA005,T2,train,locked_premises,1310.1,-2170.8,1418.4197530864199,-2282.8395061728397,dwell,,positive,32.00628844461664,1.0,False,False,False
VS002603,AD000866,FA005,T2,train,met_family,1701.6,-2122.9,1701.6,-2122.9,checkin,,positive,53.30949727768964,1.0,False,False,False
VS002604,AD000197,FA009,T3,validation,locked_premises,-3736.3,-777.4,-3731.777777777778,-784.3333333333334,trail_tail,9.0,positive,31.146789561686784,1.0,True,True,True
VS002605,AD002566,FA009,T3,train,met_family,-2669.6,-98.7,-2669.6,-98.7,checkin,,positive,43.66362902920459,1.0,False,False,False
VS002606,AD001079,FA009,T3,test,locked_premises,2327.9,-757.4,2329.4,-765.4,trail_tail,5.0,positive,31.672582780695354,1.0,True,True,True
VS002607,AD002233,FA009,T3,train,locked_premises,-2558.3,-535.0,-2558.3,-535.0,checkin,,positive,36.74455742011328,1.0,False,False,False
VS002608,AD000617,FA009,T3,train,address_not_traceable,-2738.4,85.1,-2738.4,85.1,checkin,,negative,,1.0,False,False,False
VS002609,AD001333,FA009,T3,train,no_such_person,-2431.6,-179.4,-2431.6,-179.4,checkin,,positive,53.68258563072388,1.0,False,False,False
VS002610,AD002181,FA009,T3,train,met_borrower,-2445.5,-13.5,-2454.0,-1.5,trail_tail,4.0,positive,51.46974839650958,1.0,False,False,False
VS002611,AD000978,FA008,T3,train,no_such_person,-1221.6,-643.3,-1198.0,-620.5,trail_tail,2.0,positive,72.02717545293433,1.4612131704915665,False,False,False
VS002612,AD000099,FA008,T3,train,address_not_traceable,-1140.4,-491.2,-1158.0,-479.0,trail_tail,2.0,negative,,1.4612131704915665,False,False,False
VS002613,AD002254,FA008,T3,validation,locked_premises,-538.3,-324.2,-538.3,-324.2,checkin,,positive,58.61764588821533,1.4612131704915665,False,False,False
VS002614,AD000348,FA008,T3,train,locked_premises,-834.7,-870.0,-834.7,-870.0,checkin,,positive,72.64041047518536,1.4612131704915665,False,False,False
VS002615,AD002667,FA008,T3,train,address_not_traceable,-755.2,-403.9,-755.2,-403.9,checkin,,negative,,1.4612131704915665,False,False,False
VS002616,AD002708,FA008,T3,train,address_not_traceable,-885.8,-634.6,-885.8,-634.6,checkin,,negative,,1.4612131704915665,False,False,False
VS002617,AD001268,FA008,T3,validation,locked_premises,-540.4,-761.3,-536.0,-774.6,trail_tail,5.0,positive,46.767325399712895,1.4612131704915665,False,False,False
VS002618,AD000856,FA008,T3,train,address_not_traceable,-631.1,-578.6,-631.1,-578.6,checkin,,negative,,1.4612131704915665,False,False,False
VS002619,AD001563,FA008,T3,train,locked_premises,-699.6,-718.7,-699.6,-718.7,checkin,,positive,57.53400450885742,1.4612131704915665,False,False,False
VS002620,AD001481,FA007,T3,train,met_family,2901.3,-1946.5,2875.5015281502783,-1833.1563948997598,dwell,,positive,44.99238526792951,1.3663037714355222,False,False,False
VS002621,AD000827,FA007,T3,train,address_not_traceable,2971.3,-1921.0,2963.5,-1929.0,trail_tail,2.0,negative,,1.3663037714355222,False,False,False
VS002622,AD002635,FA007,T3,train,locked_premises,3258.2,-2192.3,3248.0,-2184.0,trail_tail,2.0,positive,45.495505004025624,1.3663037714355222,False,False,False
VS002623,AD000815,FA007,T3,train,met_borrower,3122.7,-2480.5,3122.7,-2480.5,checkin,,positive,69.1594708546025,1.3663037714355222,False,False,False
VS002624,AD002791,FA007,T3,train,met_borrower,2973.6,-2050.6,2960.6666666666665,-2046.6666666666667,trail_tail,3.0,positive,69.93473601822093,1.3663037714355222,False,False,False
VS002625,AD001116,FA007,T3,train,met_family,3188.3,-2032.6,3188.3,-2032.6,checkin,,positive,58.232477436619554,1.3663037714355222,False,False,False
VS002626,AD002321,FA007,T3,train,met_family,3536.4,-1798.6,3563.8360047345445,-1868.5787734569572,dwell,6.0,positive,66.61792314105726,1.3663037714355222,False,False,False
VS002627,AD001146,FA007,T3,test,address_not_traceable,235.8,-834.1,225.0,-839.0,trail_tail,2.0,negative,,1.3663037714355222,False,False,False
VS002628,AD001272,FA007,T3,train,met_borrower,3134.0,-2321.5,3128.3205928128646,-2318.1234872341997,dwell,,positive,70.16621723914552,1.3663037714355222,False,False,False
VS002629,AD001933,FA007,T3,train,locked_premises,3531.8,-2221.6,3534.0,-2229.25,trail_tail,4.0,positive,42.01933915144811,1.3663037714355222,False,False,False
VS002630,AD000649,FA001,T1,validation,no_such_person,-2774.3,816.7,-2791.0,821.5,trail_tail,2.0,positive,46.94992012772757,1.0,False,False,False
VS002631,AD001837,FA001,T1,train,locked_premises,-1529.8,2321.4,-1529.8,2321.4,checkin,,positive,32.20652107881261,1.0,False,False,False
VS002632,AD001945,FA001,T1,train,locked_premises,-3008.2,700.2,-3016.25,713.25,trail_tail,4.0,positive,31.98327688026979,1.0,False,False,False
VS002633,AD002510,FA001,T1,train,met_family,-2781.5,1580.8,-2781.5,1580.8,checkin,,positive,38.02055365193936,1.0,False,False,False
VS002634,AD000047,FA001,T1,train,met_borrower,-2587.2,1286.2,-2454.286571142952,1197.9613462179273,dwell,,positive,57.62794461023229,1.0,False,False,False
VS002635,AD001625,FA001,T1,validation,locked_premises,-2806.4,1241.3,-2806.4,1241.3,checkin,,positive,46.63424171142919,1.0,False,False,False
VS002636,AD001808,FA003,T1,train,locked_premises,923.2,-2986.6,979.9952277454727,-3200.791737774988,dwell,,positive,32.74965648674807,1.0,False,False,False
VS002637,AD000369,FA003,T1,validation,locked_premises,689.0,-3224.8,689.0,-3224.8,checkin,,positive,37.78055055183821,1.0,False,False,False
VS002638,AD000286,FA003,T1,test,locked_premises,612.8,-3452.7,408.0202020202021,-3323.2525252525256,dwell,,positive,31.289654839898773,1.0,False,False,False
VS002639,AD000822,FA003,T1,train,met_borrower,551.2,-2865.8,437.239608801956,-2881.5061124694375,dwell,,positive,52.92834779208585,1.0,False,False,False
VS002640,AD001991,FA003,T1,train,locked_premises,352.2,-3238.1,343.0,-3263.5,trail_tail,2.0,positive,35.75643298764575,1.0,False,False,False
VS002641,AD000085,FA003,T1,train,met_family,342.9,-3120.5,345.3374083129584,-3110.18337408313,dwell,2.0,positive,31.581877714917457,1.0,False,False,False
VS002642,AD000314,FA002,T1,validation,locked_premises,2527.7,-2131.0,2536.75,-2130.5,trail_tail,4.0,positive,31.044685535530892,1.0,False,False,False
VS002643,AD002457,FA002,T1,train,address_not_traceable,2765.4,-2070.3,2765.4,-2070.3,checkin,,negative,,1.0,False,False,False
VS002644,AD001702,FA002,T1,train,locked_premises,2457.8,-2253.3,2456.0,-2263.0,trail_tail,2.0,positive,31.293329960232736,1.0,False,False,False
VS002645,AD001363,FA002,T1,train,met_family,2911.3,-1805.5,2911.3,-1805.5,checkin,,positive,34.45975914019132,1.0,False,False,False
VS002646,AD002413,FA002,T1,validation,met_family,2964.2,-1900.1,2963.0,-1914.0,trail_tail,2.0,positive,40.350371745499444,1.0,False,False,False
VS002647,AD002404,FA002,T1,train,locked_premises,3075.6,-1959.2,3075.6,-1959.2,checkin,,positive,31.92271918242554,1.0,False,False,False
VS002648,AD002479,FA002,T1,train,cash_collected,2856.6,-2187.3,2845.1,-2186.4,trail_tail,10.0,positive,65.24624510268771,1.0,False,False,False
VS002649,AD001799,FA002,T1,train,address_not_traceable,2742.1,-2167.2,2742.1,-2167.2,checkin,,negative,,1.0,False,False,False
VS002650,AD001647,FA005,T2,train,locked_premises,-1913.6,-2832.3,-1913.6,-2832.3,checkin,,positive,30.84497527961402,1.0,False,False,False
VS002651,AD000846,FA005,T2,train,met_family,-1896.9,-3290.8,-1896.9,-3290.8,checkin,,positive,37.85567989086979,1.0,False,False,False
VS002652,AD002132,FA005,T2,validation,address_not_traceable,2176.4,1905.7,2176.4,1905.7,checkin,,negative,,1.0,False,False,False
VS002653,AD001447,FA005,T2,validation,met_borrower,-1356.0,-2834.0,-1331.5,-2868.6666666666665,trail_tail,6.0,positive,55.03535227469703,1.0,False,False,False
VS002654,AD000194,FA005,T2,train,address_not_traceable,-738.1,-1189.0,-738.1,-1189.0,checkin,,negative,,1.0,False,False,False
VS002655,AD000379,FA005,T2,train,cash_collected,-2126.8,-2658.9,-2123.3333333333335,-2657.0,trail_tail,3.0,positive,66.66860205524037,1.0,False,False,False
VS002656,AD002723,FA005,T2,train,met_borrower,-1185.5,-2718.2,-1206.3333333333333,-2725.3333333333335,trail_tail,3.0,positive,51.9271845953543,1.0,False,False,False
VS002657,AD003040,FA005,T2,train,no_such_person,-1708.2,-2931.3,-1708.2,-2931.3,checkin,,positive,47.27623610229565,1.0,False,False,False
VS002658,AD000660,FA005,T2,train,neighbour_says_shifted,-1332.6,-2236.9,-1438.3679306461897,-2496.1389355438273,dwell,,positive,19.869134354571177,1.0,False,False,False
VS002659,AD002341,FA006,T2,train,locked_premises,-757.6,2714.3,-756.5,2724.1666666666665,trail_tail,6.0,positive,30.942729356021573,1.0,False,False,False
VS002660,AD002166,FA006,T2,train,locked_premises,-978.0,3012.1,-978.0,3012.1,checkin,,positive,35.30074361822993,1.0,False,False,False
VS002661,AD002112,FA006,T2,test,locked_premises,-382.8,3027.1,-382.8,3027.1,checkin,,positive,32.933303812402414,1.0,False,False,False
VS002662,AD001662,FA006,T2,validation,met_family,-526.5,3036.9,-468.9344262295082,3167.6557377049176,dwell,,positive,34.78181996388345,1.0,False,False,False
VS002663,AD000284,FA006,T2,train,no_such_person,-441.3,3060.5,-441.0,3064.5,trail_tail,2.0,positive,45.6237328591162,1.0,False,False,False
VS002664,AD000198,FA006,T2,train,met_family,-476.6,3169.1,-473.5,3168.5,trail_tail,2.0,positive,33.192356047740866,1.0,False,False,False
VS002665,AD000680,FA006,T2,test,met_family,-681.7,2823.9,-668.0,2836.0,trail_tail,2.0,positive,32.29992260052646,1.0,False,False,False
VS002666,AD001135,FA006,T2,test,met_borrower,-884.2,2954.2,-884.2,2954.2,checkin,,positive,50.88791605086614,1.0,False,False,False
VS002667,AD002057,FA004,T2,train,address_not_traceable,1461.4,1671.9,1470.0,1673.0,trail_tail,2.0,negative,,1.1098606920552958,False,False,False
VS002668,AD002701,FA004,T2,validation,neighbour_says_shifted,801.0,2960.4,808.6391914343732,2956.506645744877,dwell,6.0,positive,19.11346390234137,1.1098606920552958,False,False,False
VS002669,AD002962,FA004,T2,train,met_family,978.6,3130.5,976.6355932203392,3135.3389830508477,dwell,6.0,positive,33.96051304377302,1.1098606920552958,False,False,False
VS002670,AD002725,FA004,T2,test,address_not_traceable,842.8,2516.9,832.0,2507.5,trail_tail,2.0,negative,,1.1098606920552958,False,False,False
VS002671,AD002966,FA004,T2,train,met_borrower,415.9,2576.6,415.15384615384613,2578.6153846153848,trail_tail,13.0,positive,56.491609409799,1.1098606920552958,False,False,False
VS002672,AD002264,FA004,T2,train,locked_premises,881.4,2386.0,881.4,2386.0,checkin,,positive,36.20068876631453,1.1098606920552958,False,False,False
VS002673,AD002609,FA008,T3,train,locked_premises,1002.5,-478.9,1012.6666666666666,-482.0,trail_tail,3.0,positive,48.15035526032358,1.4612131704915665,False,False,False
VS002674,AD000227,FA008,T3,train,neighbour_says_shifted,1301.1,-1169.5,1301.1,-1169.5,checkin,,positive,29.71351023720856,1.4612131704915665,False,False,False
VS002675,AD000451,FA008,T3,validation,met_borrower,1002.4,-495.2,1001.5714285714286,-490.42857142857144,trail_tail,7.0,positive,74.14573447892847,1.4612131704915665,False,False,False
VS002676,AD001854,FA008,T3,train,address_not_traceable,1016.1,-860.3,1016.1,-860.3,checkin,,negative,,1.4612131704915665,False,False,False
VS002677,AD002632,FA008,T3,train,locked_premises,715.5,-1198.5,715.5,-1198.5,checkin,,positive,49.147291893022114,1.4612131704915665,False,False,False
VS002678,AD002135,FA008,T3,train,address_not_traceable,1223.6,-942.0,1223.6,-942.0,checkin,,negative,,1.4612131704915665,False,False,False
VS002679,AD000426,FA008,T3,train,met_borrower,847.5,-1190.7,837.4545454545455,-1185.8181818181818,trail_tail,11.0,positive,76.04803893830267,1.4612131704915665,False,False,False
VS002680,AD002934,FA008,T3,train,address_not_traceable,1482.8,-1973.0,1482.8,-1973.0,checkin,,negative,,1.4612131704915665,False,False,False
VS002681,AD000771,FA008,T3,train,met_family,824.8,-711.4,824.726643598616,-713.9065743944637,dwell,4.0,positive,45.91884184357196,1.4612131704915665,False,False,False
VS002682,AD000288,FA009,T3,train,met_family,2331.2,-770.7,2336.75,-776.0,trail_tail,4.0,positive,30.72836637375961,1.0,True,True,True
VS002683,AD002977,FA009,T3,train,locked_premises,-2690.1,-494.7,-2657.0,-492.5,trail_tail,2.0,positive,36.81215831759934,1.0,False,False,False
VS002684,AD000078,FA009,T3,train,neighbour_says_shifted,-2525.2,-129.5,-2525.2,-129.5,checkin,,positive,31.20917333092952,1.0,False,False,False
VS002685,AD002655,FA009,T3,train,met_family,-2979.5,-36.5,-2944.0,-18.0,trail_tail,3.0,positive,39.54585945456237,1.0,False,False,False
VS002686,AD002415,FA009,T3,train,met_borrower,2319.6,-790.0,2330.9763316371786,-792.9427197609823,dwell,,positive,52.27025923027358,1.0,False,True,True
VS002687,AD000137,FA009,T3,train,address_not_traceable,2339.7,-773.6,2335.25,-775.75,trail_tail,8.0,negative,,1.0,True,True,True
VS002688,AD001331,FA009,T3,test,met_family,-2948.6,-20.5,-2937.9093511845163,-64.3188554500997,dwell,,positive,36.18442344434964,1.0,False,False,False
VS002689,AD000159,FA009,T3,train,locked_premises,-3751.5,-781.0,-3735.0,-790.5,trail_tail,4.0,positive,31.682842359864118,1.0,True,True,True
VS002690,AD001448,FA009,T3,train,address_not_traceable,2354.6,-762.2,2354.6,-762.2,checkin,,negative,,1.0,True,True,True
VS002691,AD002590,FA009,T3,train,address_not_traceable,-2250.5,-520.6,-2250.5,-520.6,checkin,,negative,,1.0,False,False,False
VS002692,AD002696,FA007,T3,validation,met_borrower,-2391.9,1190.5,-2554.566387234537,1235.656302469558,dwell,,positive,69.89822345553306,1.3663037714355222,False,False,False
VS002693,AD002903,FA007,T3,train,neighbour_says_shifted,-2256.5,1635.8,-2241.840579710145,1655.7101449275365,dwell,,positive,32.01534297552213,1.3663037714355222,False,False,False
VS002694,AD000323,FA007,T3,train,met_borrower,-2590.9,1819.5,-2590.9,1819.5,checkin,,positive,74.5788500128038,1.3663037714355222,False,False,False
VS002695,AD001578,FA007,T3,train,met_borrower,-2183.7,1782.4,-2188.646898606487,1787.9618951696486,dwell,,positive,69.19033662191633,1.3663037714355222,False,False,False
VS002696,AD001212,FA007,T3,test,address_not_traceable,-1026.5,1018.9,-1012.0,1017.5,trail_tail,2.0,negative,,1.3663037714355222,False,False,False
VS002697,AD001469,FA007,T3,train,locked_premises,-2610.6,1442.4,-2622.0,1443.0,trail_tail,2.0,positive,45.443107335622905,1.3663037714355222,False,False,False
VS002698,AD002756,FA007,T3,train,address_not_traceable,-1778.7,1802.4,-1778.7,1802.4,checkin,,negative,,1.3663037714355222,False,False,False
VS002699,AD001436,FA007,T3,train,locked_premises,-2339.4,1197.3,-2324.5,1218.25,trail_tail,4.0,positive,49.809643555789975,1.3663037714355222,False,False,False
VS002700,AD001433,FA003,T1,train,met_family,2673.7,-2498.2,2734.9249796599784,-2463.9357360974627,dwell,2.0,positive,46.51862530213034,1.0,False,False,False
VS002701,AD000667,FA003,T1,test,locked_premises,2081.1,-2429.2,2081.1,-2429.2,checkin,,positive,51.25136583545844,1.0,False,False,False
VS002702,AD000955,FA003,T1,train,no_such_person,3139.8,-1932.4,3150.0,-1920.5,trail_tail,2.0,positive,47.80313797231307,1.0,False,False,False
VS002703,AD000919,FA003,T1,train,met_family,3041.3,-2421.9,3041.3,-2421.9,checkin,,positive,93.80477066759452,1.0,False,False,False
VS002704,AD000541,FA003,T1,train,met_borrower,2660.9,-2480.0,2596.4,-2479.8,trail_tail,5.0,positive,59.640275820958465,1.0,False,False,False
VS002705,AD001746,FA003,T1,train,met_family,3008.7,-2169.4,3026.2945220807783,-2192.2573789088997,dwell,9.0,positive,34.47640497499706,1.0,False,False,False
VS002706,AD002332,FA003,T1,train,met_family,3177.3,-2092.6,3123.0,-2070.6666666666665,trail_tail,3.0,positive,40.18149449684523,1.0,False,False,False
VS002707,AD001236,FA003,T1,train,locked_premises,2939.3,-2642.7,2930.25,-2639.25,trail_tail,4.0,positive,30.986852050506837,1.0,False,False,False
VS002708,AD003005,FA003,T1,train,address_not_traceable,-1168.5,-2318.9,-1169.0,-2318.6666666666665,trail_tail,3.0,negative,,1.0,False,False,False
VS002709,AD000138,FA002,T1,train,locked_premises,608.9,-3066.4,617.0,-3080.25,trail_tail,4.0,positive,33.969140407140124,1.0,False,False,False
VS002710,AD002154,FA002,T1,train,met_family,812.0,-2653.7,736.0,-2694.0,trail_tail,3.0,positive,59.03204638160533,1.0,False,False,False
VS002711,AD001462,FA002,T1,validation,met_family,923.5,-3266.9,923.5,-3266.9,checkin,,positive,62.8430982686245,1.0,False,False,False
VS002712,AD000608,FA002,T1,train,locked_premises,900.5,-3369.8,917.5,-3347.5,trail_tail,2.0,positive,33.72361931940286,1.0,False,False,False
VS002713,AD000810,FA002,T1,train,met_borrower,1145.4,-3180.9,1146.6666666666667,-3176.0,trail_tail,3.0,positive,50.80583135822108,1.0,False,False,False
VS002714,AD000971,FA002,T1,train,met_borrower,813.3,-2903.7,818.7,-2980.0,trail_tail,10.0,positive,62.58598085833605,1.0,False,False,False
VS002715,AD001223,FA002,T1,test,met_family,713.4,-3009.9,713.4,-3009.9,checkin,,positive,31.346969550500415,1.0,False,False,False
VS002716,AD000328,FA002,T1,validation,locked_premises,300.1,-2874.0,300.1,-2874.0,checkin,,positive,33.00064393311137,1.0,False,False,False
VS002717,AD002116,FA002,T1,train,neighbour_says_shifted,753.9,-2932.2,844.0588235294117,-3144.470588235294,dwell,,positive,25.368730752641167,1.0,False,False,False
VS002718,AD000740,FA002,T1,train,locked_premises,1975.6,-911.1,1975.6,-911.1,checkin,,positive,34.36542593945257,1.0,False,False,False
VS002719,AD001509,FA001,T1,train,met_family,3202.2,-2490.7,3099.359801644164,-2567.6470277850963,dwell,,positive,43.31249819624814,1.0,False,False,False
VS002720,AD001256,FA001,T1,train,address_not_traceable,2916.8,-2139.3,2916.8,-2139.3,checkin,,negative,,1.0,False,False,False
VS002721,AD000719,FA001,T1,train,neighbour_says_shifted,2748.7,-1816.7,2761.0,-1825.3333333333333,trail_tail,3.0,positive,22.305940912680672,1.0,False,False,False
VS002722,AD000524,FA001,T1,validation,locked_premises,2619.9,-1666.3,2605.8,-1658.4,trail_tail,5.0,positive,31.512299186190784,1.0,False,False,False
VS002723,AD002808,FA001,T1,train,met_borrower,2495.9,-2299.2,2460.75,-2247.5,trail_tail,4.0,positive,58.42279092956787,1.0,False,False,False
VS002724,AD000622,FA001,T1,test,locked_premises,2532.3,-2512.6,2532.3,-2512.6,checkin,,positive,41.40498158434567,1.0,False,False,False
VS002725,AD000309,FA001,T1,test,locked_premises,2947.9,-1725.2,2947.9,-1725.2,checkin,,positive,33.67747763713904,1.0,False,False,False
VS002726,AD001047,FA001,T1,validation,address_not_traceable,2566.4,-1767.1,2566.4,-1767.1,checkin,,negative,,1.0,False,False,False
VS002727,AD002574,FA004,T2,train,locked_premises,1801.2,-2197.1,1803.5,-2202.5,trail_tail,4.0,positive,33.761708683591785,1.1098606920552958,False,False,False
VS002728,AD002849,FA004,T2,validation,met_borrower,1636.1,-2391.8,1665.1711991910402,-2388.2132559101565,dwell,,positive,60.634590656135515,1.1098606920552958,False,False,False
VS002729,AD002821,FA004,T2,validation,locked_premises,1306.0,-2221.7,1306.0,-2221.7,checkin,,positive,52.98887464008967,1.1098606920552958,False,False,False
VS002730,AD002664,FA004,T2,train,locked_premises,1109.3,-2478.6,1109.3,-2478.6,checkin,,positive,38.32962188547031,1.1098606920552958,False,False,False
VS002731,AD002661,FA004,T2,train,met_family,1759.2,-1748.0,1759.3534685351208,-1735.4944729741494,dwell,4.0,positive,35.26930527688048,1.1098606920552958,False,False,False
VS002732,AD001833,FA004,T2,test,address_not_traceable,1932.8,-2279.1,1930.0,-2276.0,trail_tail,2.0,negative,,1.1098606920552958,False,False,False
VS002733,AD000560,FA005,T2,train,address_not_traceable,1596.5,-2137.7,1598.0,-2138.0,trail_tail,2.0,negative,,1.0,False,False,False
VS002734,AD003013,FA005,T2,train,neighbour_says_shifted,1530.1,-2474.8,1527.3741188440201,-2484.803517356653,dwell,6.0,positive,17.408977569058976,1.0,False,False,False
VS002735,AD001713,FA005,T2,train,met_family,1839.2,-2018.2,1731.8124450939367,-2055.1500674404624,dwell,,positive,30.669365823244537,1.0,False,False,False
VS002736,AD002794,FA005,T2,validation,locked_premises,1630.4,-2310.6,1625.75,-2312.25,trail_tail,4.0,positive,30.773690061479474,1.0,False,False,False
VS002737,AD001380,FA005,T2,test,locked_premises,1395.7,-1882.9,1397.5885022692892,-1894.122541603631,dwell,,positive,31.774439412836212,1.0,False,False,False
VS002738,AD000173,FA005,T2,train,met_borrower,1424.4,-2338.5,1441.7777777777778,-2343.4444444444443,trail_tail,9.0,positive,51.14775166124117,1.0,False,False,False
VS002739,AD001031,FA005,T2,validation,locked_premises,1408.8,-2147.5,1408.8,-2147.5,checkin,,positive,44.035922835793976,1.0,False,False,False
VS002740,AD002820,FA005,T2,train,locked_premises,1938.1,-1975.5,1882.2472198460223,-1869.518391787853,dwell,,positive,31.34445724526108,1.0,False,False,False
VS002741,AD000223,FA005,T2,validation,cash_collected,1940.2,-2096.8,1910.6666666666667,-2170.0,trail_tail,3.0,positive,77.22680881662788,1.0,False,False,False
VS002742,AD000460,FA006,T2,train,locked_premises,2839.1,-1272.1,2839.1,-1272.1,checkin,,positive,31.971315268534063,1.0,False,False,False
VS002743,AD003045,FA006,T2,train,locked_premises,2782.3,-1442.9,2945.727272727273,-1263.3636363636365,dwell,,positive,31.16031129497906,1.0,False,False,False
VS002744,AD001549,FA006,T2,validation,met_borrower,2292.2,-1317.7,2299.5603629040224,-1310.379351709146,dwell,,positive,51.28033248722165,1.0,False,False,False
VS002745,AD000385,FA006,T2,train,address_not_traceable,2311.2,-1539.1,2311.2,-1539.1,checkin,,negative,,1.0,False,False,False
VS002746,AD000420,FA006,T2,train,cash_collected,3070.8,-1258.2,3067.5,-1256.5,trail_tail,2.0,positive,65.61882351886538,1.0,False,False,False
VS002747,AD002838,FA006,T2,validation,address_not_traceable,2634.2,-985.1,2634.2,-985.1,checkin,,negative,,1.0,False,False,False
VS002748,AD002878,FA006,T2,train,locked_premises,2467.5,-710.3,2464.75,-704.25,trail_tail,4.0,positive,30.891341829062718,1.0,False,False,False
VS002749,AD001877,FA006,T2,validation,address_not_traceable,2815.0,-1041.1,2815.0,-1041.1,checkin,,negative,,1.0,False,False,False
VS002750,AD002034,FA006,T2,train,met_family,2328.1,-1046.1,2324.529411764706,-1041.7941176470588,dwell,4.0,positive,30.37194429074306,1.0,False,False,False
VS002751,AD000086,FA006,T2,validation,met_family,2527.0,-1379.7,2547.0,-1357.0,trail_tail,3.0,positive,34.837659221021156,1.0,False,False,False
VS002752,AD000107,FA008,T3,train,address_not_traceable,3602.4,265.2,3600.0,261.0,trail_tail,3.0,negative,,1.4612131704915665,False,False,False
VS002753,AD002096,FA008,T3,validation,met_family,3576.4,631.8,3580.7656582387426,625.0746009321057,dwell,4.0,positive,47.51999128159969,1.4612131704915665,False,False,False
VS002754,AD002676,FA008,T3,train,met_family,3535.7,671.3,3673.365424224304,466.72093721925165,dwell,,positive,44.8262716259468,1.4612131704915665,False,False,False
VS002755,AD002311,FA008,T3,test,address_not_traceable,2743.1,-1820.5,2743.1,-1820.5,checkin,,negative,,1.4612131704915665,False,False,False
VS002756,AD000781,FA008,T3,train,met_family,3740.0,496.2,3757.5,504.0,trail_tail,4.0,positive,50.34955550026997,1.4612131704915665,False,False,False
VS002757,AD001352,FA008,T3,validation,met_borrower,4173.6,544.0,4174.2,552.8,trail_tail,5.0,positive,73.6093295632581,1.4612131704915665,False,False,False
VS002758,AD001466,FA008,T3,train,address_not_traceable,3498.4,459.5,3500.0,464.5,trail_tail,2.0,negative,,1.4612131704915665,False,False,False
VS002759,AD000645,FA008,T3,train,address_not_traceable,3783.7,280.1,3780.6666666666665,274.0,trail_tail,3.0,negative,,1.4612131704915665,False,False,False
VS002760,AD002889,FA008,T3,test,neighbour_says_shifted,4086.9,111.0,4090.9922741014443,104.52133019818609,dwell,2.0,positive,25.011620455272503,1.4612131704915665,False,False,False
VS002761,AD002685,FA008,T3,train,met_family,3895.1,604.5,3872.6404503290255,592.7052247680964,dwell,,positive,50.8400350090235,1.4612131704915665,False,False,False
VS002762,AD002932,FA009,T3,test,address_not_traceable,-528.8,-3439.2,-528.8,-3439.2,checkin,,negative,,1.0,False,False,False
VS002763,AD001520,FA009,T3,train,address_not_traceable,-697.3,-3903.8,-683.5,-3889.5,trail_tail,2.0,negative,,1.0,False,False,False
VS002764,AD000607,FA009,T3,train,neighbour_says_shifted,-840.4,-3856.0,-836.7899913328561,-3854.3875720691863,dwell,2.0,positive,20.206187171260193,1.0,False,False,False
VS002765,AD000576,FA009,T3,train,locked_premises,2308.2,-773.0,2315.25,-771.75,trail_tail,4.0,positive,30.91294227342329,1.0,False,True,True
VS002766,AD001620,FA009,T3,train,locked_premises,2326.2,-782.0,2322.65227537923,-780.7547257876313,dwell,,positive,32.52614333117283,1.0,False,True,True
VS002767,AD001947,FA009,T3,train,no_such_person,-459.2,-3775.9,-458.14464099895946,-3786.308012486993,dwell,,positive,47.339967258121334,1.0,False,False,False
VS002768,AD000505,FA009,T3,train,address_not_traceable,2353.3,-763.2,2348.2646446740573,-768.3107344495576,dwell,,negative,,1.0,True,True,True
VS002769,AD000575,FA009,T3,train,address_not_traceable,2337.0,-771.8,2344.125,-771.75,trail_tail,8.0,negative,,1.0,True,True,True
VS002770,AD002165,FA009,T3,train,address_not_traceable,-2828.7,20.6,-2828.7,20.6,checkin,,negative,,1.0,False,False,False
VS002771,AD002083,FA009,T3,train,met_borrower,2330.3,-780.9,2337.0,-770.0,trail_tail,2.0,positive,52.957294115164146,1.0,False,True,True
VS002772,AD002253,FA007,T3,train,met_family,-2326.1,-423.0,-2320.2662755221777,-429.32544003754987,dwell,2.0,positive,42.32879868259005,1.3663037714355222,False,False,False
VS002773,AD001792,FA007,T3,train,met_borrower,-3102.2,-423.4,-3045.5105462412116,-410.9913466738778,dwell,,positive,80.43677588714122,1.3663037714355222,False,False,False
VS002774,AD000023,FA007,T3,test,met_family,-2928.6,-58.4,-2949.0,-21.25,trail_tail,4.0,positive,59.313794516099655,1.3663037714355222,False,False,False
VS002775,AD000727,FA007,T3,train,met_borrower,-2698.3,-437.2,-2689.8571428571427,-489.14285714285717,trail_tail,7.0,positive,76.03382280484672,1.3663037714355222,False,False,False
VS002776,AD002956,FA007,T3,validation,met_borrower,-3051.8,-203.1,-3034.5,-202.625,trail_tail,8.0,positive,71.21212088107873,1.3663037714355222,False,False,False
VS002777,AD001330,FA007,T3,test,neighbour_says_shifted,-2362.7,-538.5,-2362.7,-538.5,checkin,,positive,33.26844473585985,1.3663037714355222,False,False,False
VS002778,AD001371,FA007,T3,train,locked_premises,-2595.5,-837.1,-2595.5,-837.1,checkin,,positive,43.35630856565157,1.3663037714355222,False,False,False
VS002779,AD001630,FA002,T1,train,locked_premises,591.1,2842.9,591.1,2842.9,checkin,,positive,36.02283997688133,1.0,False,False,False
VS002780,AD001638,FA002,T1,validation,met_borrower,892.2,-2896.7,902.9,-2895.7,trail_tail,10.0,positive,51.06243727046329,1.0,False,False,False
VS002781,AD002180,FA002,T1,train,address_not_traceable,639.6,-3127.2,615.6666666666666,-3120.0,trail_tail,3.0,negative,,1.0,False,False,False
VS002782,AD000936,FA002,T1,train,address_not_traceable,921.6,-3034.2,921.6,-3034.2,checkin,,negative,,1.0,False,False,False
VS002783,AD002624,FA002,T1,validation,locked_premises,524.4,-3479.7,523.6666666666666,-3471.3333333333335,trail_tail,3.0,positive,31.181765504858753,1.0,False,False,False
VS002784,AD002061,FA002,T1,train,met_borrower,807.1,-3052.2,785.8571428571429,-2990.5714285714284,trail_tail,7.0,positive,62.171717846622144,1.0,False,False,False
VS002785,AD001083,FA002,T1,train,neighbour_says_shifted,873.9,-3263.8,802.1858904998919,-3289.0142826228093,dwell,,positive,37.98094917192035,1.0,False,False,False
VS002786,AD002621,FA001,T1,train,met_family,992.3,-3367.5,815.54508024628,-3142.4991638686706,dwell,,positive,31.676252934966914,1.0,False,False,False
VS002787,AD001972,FA001,T1,validation,met_family,730.1,-2869.9,692.5,-2844.0,trail_tail,2.0,positive,38.49162246515469,1.0,False,False,False
VS002788,AD001087,FA001,T1,train,address_not_traceable,2145.0,-2036.5,2135.0,-2025.0,trail_tail,2.0,negative,,1.0,False,False,False
VS002789,AD001596,FA001,T1,test,neighbour_says_shifted,746.9,-3203.9,743.2689432332323,-3219.0660434278225,dwell,,positive,18.795345168418674,1.0,False,False,False
VS002790,AD002928,FA001,T1,train,locked_premises,1193.8,-3177.4,1193.8,-3177.4,checkin,,positive,38.27531841800926,1.0,False,False,False
VS002791,AD002103,FA001,T1,test,locked_premises,292.0,-2746.7,296.0,-2743.25,trail_tail,4.0,positive,31.6474722529304,1.0,False,False,False
VS002792,AD002090,FA001,T1,train,met_family,814.4,-2884.0,814.4,-2884.0,checkin,,positive,32.71054875724344,1.0,False,False,False
VS002793,AD000940,FA001,T1,train,locked_premises,320.8,-3029.4,320.8,-3029.4,checkin,,positive,31.80267284364633,1.0,False,False,False
VS002794,AD000783,FA001,T1,train,locked_premises,772.4,-2604.8,767.5,-2606.5,trail_tail,2.0,positive,30.687130853176868,1.0,False,False,False
VS002795,AD001067,FA001,T1,train,locked_premises,1100.6,-2782.6,1100.6,-2782.6,checkin,,positive,40.428826349524385,1.0,False,False,False
VS002796,AD002067,FA003,T1,train,met_borrower,1107.8,-358.1,1056.1,-366.1,trail_tail,10.0,positive,56.434054435243254,1.0,False,False,False
VS002797,AD000001,FA003,T1,train,met_borrower,1237.1,-213.0,1203.0,-182.0,trail_tail,2.0,positive,57.26790113143661,1.0,False,False,False
VS002798,AD001187,FA003,T1,train,locked_premises,1378.0,-289.1,1379.25,-295.75,trail_tail,4.0,positive,32.06169833305778,1.0,False,False,False
VS002799,AD000260,FA003,T1,train,met_borrower,1037.8,-475.3,1026.0,-445.5,trail_tail,2.0,positive,54.062671965044416,1.0,False,False,False
VS002800,AD000199,FA003,T1,train,address_not_traceable,1594.2,-1396.7,1589.3333333333333,-1388.0,trail_tail,3.0,negative,,1.0,False,False,False
VS002801,AD002882,FA003,T1,train,met_family,1239.1,-308.0,1202.359936848409,-327.0466423496747,dwell,6.0,positive,37.61372754726655,1.0,False,False,False
VS002802,AD002060,FA003,T1,test,met_family,699.4,-365.4,756.0,-353.0,trail_tail,2.0,positive,47.32060861823314,1.0,False,False,False
VS002803,AD001653,FA003,T1,validation,met_family,932.9,197.4,946.769130956721,227.49284116653857,dwell,9.0,positive,33.87480627250878,1.0,False,False,False
VS002804,AD003015,FA006,T2,test,locked_premises,981.3,2511.1,973.0,2458.5,trail_tail,2.0,positive,41.404891015434366,1.0,False,False,False
VS002805,AD002669,FA006,T2,train,met_family,702.0,2596.6,685.9218407596785,2606.81665449233,dwell,9.0,positive,31.386780656830677,1.0,False,False,False
VS002806,AD000792,FA006,T2,train,address_not_traceable,1064.0,829.6,1064.0,829.6,checkin,,negative,,1.0,False,False,False
VS002807,AD000027,FA006,T2,validation,cash_collected,915.2,2921.6,910.5,2917.6666666666665,trail_tail,6.0,positive,65.4552518901272,1.0,False,False,False
VS002808,AD003060,FA006,T2,train,met_family,848.8,2774.1,855.9835161138398,2783.122720850434,dwell,,positive,32.15855251717652,1.0,False,False,False
VS002809,AD000049,FA006,T2,train,met_family,834.2,2612.4,755.8165818529201,2394.6749888241816,dwell,,positive,31.18429091706272,1.0,False,False,False
VS002810,AD001697,FA006,T2,train,locked_premises,846.1,3202.0,846.1,3202.0,checkin,,positive,33.91168677609535,1.0,False,False,False
VS002811,AD002339,FA006,T2,test,met_borrower,1030.4,2997.1,1100.142857142857,2984.1428571428573,trail_tail,7.0,positive,61.70439611567394,1.0,False,False,False
VS002812,AD003065,FA004,T2,train,met_family,689.1,2872.1,699.6077398671857,2863.8975269063426,dwell,11.0,positive,34.67253473506863,1.1098606920552958,False,False,False
VS002813,AD000672,FA004,T2,train,met_family,973.0,2568.7,938.75,2636.75,trail_tail,4.0,positive,55.25526474954397,1.1098606920552958,False,False,False
VS002814,AD000986,FA004,T2,train,met_borrower,1189.6,2504.3,1190.0,2508.5384615384614,trail_tail,13.0,positive,55.85557941662681,1.1098606920552958,False,False,False
VS002815,AD001556,FA004,T2,train,met_family,1065.2,2621.3,1044.5,2601.0,trail_tail,2.0,positive,44.451860505910375,1.1098606920552958,False,False,False
VS002816,AD001339,FA004,T2,train,locked_premises,740.3,2825.1,734.0,2831.6666666666665,trail_tail,3.0,positive,35.96162729383947,1.1098606920552958,False,False,False
VS002817,AD001505,FA004,T2,validation,locked_premises,1065.9,2654.5,1064.25,2651.25,trail_tail,4.0,positive,34.380700519188856,1.1098606920552958,False,False,False
VS002818,AD002728,FA004,T2,train,met_borrower,774.3,3008.7,774.3,3008.7,checkin,,positive,57.690180846935874,1.1098606920552958,False,False,False
VS002819,AD001937,FA004,T2,test,locked_premises,733.9,3094.0,733.9,3094.0,checkin,,positive,37.99944045667095,1.1098606920552958,False,False,False
VS002820,AD002176,FA004,T2,train,no_such_person,771.3,2483.3,775.5,2474.5,trail_tail,4.0,positive,50.86874285451416,1.1098606920552958,False,False,False
VS002821,AD000032,FA005,T2,train,met_family,1778.0,-1819.5,1768.4474499036046,-1818.237074253666,dwell,8.0,positive,31.136353351026834,1.0,False,False,False
VS002822,AD003044,FA005,T2,train,locked_premises,1417.4,-2672.3,1417.4,-2672.3,checkin,,positive,30.846434153723504,1.0,False,False,False
VS002823,AD000854,FA005,T2,train,met_family,1336.7,-2557.0,1290.3415063985965,-2463.450884809093,dwell,,positive,30.369927560005802,1.0,False,False,False
VS002824,AD001731,FA005,T2,train,address_not_traceable,1173.4,-2073.0,1173.4,-2073.0,checkin,,negative,,1.0,False,False,False
VS002825,AD000841,FA005,T2,train,met_borrower,1738.6,-2333.1,1842.010854816825,-2354.08276797829,dwell,,positive,50.43314882098876,1.0,False,False,False
VS002826,AD003067,FA005,T2,validation,met_family,1365.0,-1832.5,1365.0,-1832.5,checkin,,positive,37.534950379612866,1.0,False,False,False
VS002827,AD001586,FA005,T2,validation,locked_premises,1606.5,-1825.0,1572.5,-1863.5,trail_tail,2.0,positive,40.410425634976924,1.0,False,False,False
VS002828,AD000324,FA009,T3,train,locked_premises,-2646.4,1703.3,-2640.961187214612,1722.0776255707765,dwell,,positive,36.983949221250036,1.0,False,False,False
VS002829,AD001555,FA009,T3,train,met_borrower,-2591.3,1800.0,-2590.6666666666665,1798.6666666666667,trail_tail,6.0,positive,50.86120820428866,1.0,False,False,False
VS002830,AD000869,FA009,T3,train,met_borrower,-2131.9,1685.0,-2131.9,1685.0,checkin,,positive,53.6767407728897,1.0,False,False,False
VS002831,AD002143,FA009,T3,train,met_borrower,-2634.2,1338.8,-2614.2610229644774,1345.7361291543552,dwell,,positive,52.89669176801134,1.0,False,False,False
VS002832,AD001734,FA009,T3,validation,address_not_traceable,-2445.0,1455.2,-2436.6666666666665,1471.6666666666667,trail_tail,3.0,negative,,1.0,False,False,False
VS002833,AD000774,FA009,T3,validation,met_family,-2612.9,1729.2,-2658.5,1734.0,trail_tail,2.0,positive,40.09678914825972,1.0,False,False,False
VS002834,AD000954,FA009,T3,validation,locked_premises,-3719.8,-806.9,-3719.8,-806.9,checkin,,positive,37.06578611064385,1.0,True,True,True
VS002835,AD000079,FA008,T3,test,met_borrower,1006.2,-1203.7,986.7770328315842,-1191.3533410525529,dwell,,positive,74.46802372576381,1.4612131704915665,False,False,False
VS002836,AD001756,FA008,T3,train,neighbour_says_shifted,-1436.3,-2121.2,-1434.4,-2113.2,trail_tail,5.0,positive,26.032262093050715,1.4612131704915665,False,False,False
VS002837,AD000639,FA008,T3,train,locked_premises,1097.2,-965.9,1087.5,-968.0,trail_tail,2.0,positive,46.34885487611428,1.4612131704915665,False,False,False
VS002838,AD002567,FA008,T3,train,address_not_traceable,-868.1,-376.1,-868.1,-376.1,checkin,,negative,,1.4612131704915665,False,False,False
VS002839,AD001291,FA008,T3,train,locked_premises,884.1,-779.3,884.1,-779.3,checkin,,positive,50.0798705901639,1.4612131704915665,False,False,False
VS002840,AD001128,FA008,T3,train,address_not_traceable,1004.1,-696.6,997.5,-699.5,trail_tail,2.0,negative,,1.4612131704915665,False,False,False
VS002841,AD001890,FA008,T3,train,locked_premises,1123.2,-490.0,1110.0,-484.6,trail_tail,5.0,positive,47.154868159955605,1.4612131704915665,False,False,False
VS002842,AD000155,FA008,T3,train,locked_premises,1168.6,-611.6,1168.6,-611.6,checkin,,positive,45.37719804973663,1.4612131704915665,False,False,False
VS002843,AD002933,FA008,T3,train,locked_premises,912.7,-712.3,908.6666666666666,-713.0,trail_tail,3.0,positive,45.58528439947574,1.4612131704915665,False,False,False
VS002844,AD001386,FA007,T3,train,neighbour_says_shifted,-470.3,-3390.2,-399.1458752515091,-3395.2756539235415,dwell,5.0,positive,52.535801374804734,1.3663037714355222,False,False,False
VS002845,AD001864,FA007,T3,train,locked_premises,-190.4,-3909.3,-184.66666666666666,-3906.6666666666665,trail_tail,3.0,positive,43.407247186214676,1.3663037714355222,False,False,False
VS002846,AD001715,FA007,T3,train,address_not_traceable,-2267.6,-1043.1,-2257.0,-1019.0,trail_tail,2.0,negative,,1.3663037714355222,False,False,False
VS002847,AD002402,FA007,T3,validation,address_not_traceable,-456.5,-3953.8,-464.3333333333333,-3948.0,trail_tail,3.0,negative,,1.3663037714355222,False,False,False
VS002848,AD000627,FA007,T3,train,address_not_traceable,-361.6,-3417.1,-354.0,-3414.5,trail_tail,2.0,negative,,1.3663037714355222,False,False,False
VS002849,AD000446,FA007,T3,train,address_not_traceable,-446.4,-3665.5,-446.4,-3665.5,checkin,,negative,,1.3663037714355222,False,False,False
VS002850,AD002722,FA007,T3,train,locked_premises,-730.1,-3768.2,-740.5,-3774.5,trail_tail,2.0,positive,44.35802568080709,1.3663037714355222,False,False,False
VS002851,AD002720,FA007,T3,train,address_not_traceable,-233.5,-3387.0,-231.33333333333334,-3394.0,trail_tail,3.0,negative,,1.3663037714355222,False,False,False
VS002852,AD001432,FA007,T3,train,locked_premises,-519.1,-3402.1,-519.6666666666666,-3365.6666666666665,trail_tail,3.0,positive,53.4003709164438,1.3663037714355222,False,False,False
VS002853,AD002016,FA003,T1,train,neighbour_says_shifted,2760.6,-2323.0,2772.687585397611,-2325.1274252921603,dwell,2.0,positive,20.806969986040748,1.0,False,False,False
VS002854,AD001649,FA003,T1,train,address_not_traceable,2611.5,-2288.2,2609.6666666666665,-2275.0,trail_tail,3.0,negative,,1.0,False,False,False
VS002855,AD002246,FA003,T1,validation,met_borrower,2459.4,-2327.8,2459.4,-2327.8,checkin,,positive,57.10910610401811,1.0,False,False,False
VS002856,AD002911,FA003,T1,train,met_family,2800.5,-2073.2,2903.394736842105,-2208.9210526315787,dwell,,positive,30.341926438510786,1.0,False,False,False
VS002857,AD000129,FA003,T1,train,met_borrower,3224.8,-1949.3,3226.0,-1944.0,trail_tail,3.0,positive,51.00629863065932,1.0,False,False,False
VS002858,AD000363,FA003,T1,train,address_not_traceable,1936.8,-854.6,1936.8,-854.6,checkin,,negative,,1.0,False,False,False
VS002859,AD001224,FA002,T1,train,address_not_traceable,2899.2,-2327.0,2903.0,-2315.0,trail_tail,2.0,negative,,1.0,False,False,False
VS002860,AD002607,FA002,T1,train,address_not_traceable,-1790.3,993.5,-1790.3,993.5,checkin,,negative,,1.0,False,False,False
VS002861,AD001479,FA002,T1,test,met_borrower,2987.0,-2499.9,2990.5309738884453,-2496.321784769257,dwell,,positive,51.403720682456445,1.0,False,False,False
VS002862,AD001354,FA002,T1,train,met_family,3040.7,-1964.9,2952.4648938592723,-2081.9994939655394,dwell,,positive,31.15501564756469,1.0,False,False,False
VS002863,AD001105,FA002,T1,test,met_borrower,2828.8,-2273.7,2815.501124740977,-2266.3024574389888,dwell,,positive,54.10566051717695,1.0,False,False,False
VS002864,AD002245,FA002,T1,test,met_borrower,2873.9,-2070.2,2790.9474902888664,-1922.9220199157314,dwell,,positive,51.03089750337534,1.0,False,False,False
VS002865,AD000429,FA002,T1,train,address_not_traceable,739.2,-3241.2,739.2,-3241.2,checkin,,negative,,1.0,False,False,False
VS002866,AD001567,FA002,T1,validation,no_such_person,3078.8,-2024.3,2853.355871886121,-2188.288256227758,dwell,,positive,45.76103692006989,1.0,False,False,False
VS002867,AD000360,FA002,T1,test,met_borrower,3075.0,-2379.9,3066.1170058930334,-2377.9173128271727,dwell,,positive,52.95528774352945,1.0,False,False,False
VS002868,AD000209,FA001,T1,test,address_not_traceable,2734.9,903.0,2734.9,903.0,checkin,,negative,,1.0,False,False,False
VS002869,AD000669,FA001,T1,train,met_family,2242.3,647.4,2261.1189471390876,622.7884998668592,dwell,6.0,positive,33.5903632013707,1.0,False,False,False
VS002870,AD001045,FA001,T1,train,met_borrower,2677.3,1419.7,2624.2,1459.1,trail_tail,10.0,positive,60.96068405128017,1.0,False,False,False
VS002871,AD003035,FA001,T1,train,met_family,2322.5,1437.9,2331.034778128661,1450.7476307601585,dwell,8.0,positive,32.337516911476044,1.0,False,False,False
VS002872,AD003027,FA001,T1,validation,locked_premises,2109.4,1079.1,2109.4,1079.1,checkin,,positive,34.7822152831012,1.0,False,False,False
VS002873,AD000195,FA001,T1,train,address_not_traceable,2345.0,816.2,2341.0,807.0,trail_tail,3.0,negative,,1.0,False,False,False
VS002874,AD002403,FA001,T1,train,met_borrower,2330.5,903.0,2332.5,919.3,trail_tail,10.0,positive,51.15478960957615,1.0,False,False,False
VS002875,AD002593,FA001,T1,train,neighbour_says_shifted,2330.0,1220.3,2344.222222222222,1223.7777777777778,dwell,5.0,positive,18.338824935093307,1.0,False,False,False
VS002876,AD000387,FA004,T2,train,met_borrower,-282.4,1694.3,-385.41690045278386,1683.3439526599423,dwell,,positive,84.40928366594875,1.1098606920552958,False,False,False
VS002877,AD002357,FA004,T2,test,met_family,1010.3,387.5,1023.5789473684209,317.00877192982455,dwell,4.0,positive,53.040717395890915,1.1098606920552958,False,False,False
VS002878,AD002531,FA004,T2,test,locked_premises,1169.2,208.3,1107.3333333333333,174.66666666666666,trail_tail,3.0,positive,55.03434801460876,1.1098606920552958,False,False,False
VS002879,AD001136,FA004,T2,test,met_family,750.4,-216.9,750.4,-216.9,checkin,,positive,51.56174959576903,1.1098606920552958,False,False,False
VS002880,AD001577,FA004,T2,train,locked_premises,926.6,414.8,926.6,414.8,checkin,,positive,37.466799478771,1.1098606920552958,False,False,False
VS002881,AD002541,FA004,T2,train,met_family,1284.7,137.5,1283.6666666666667,175.33333333333334,trail_tail,3.0,positive,42.32885586185105,1.1098606920552958,False,False,False
VS002882,AD001127,FA005,T2,test,met_borrower,680.7,-3347.9,675.0,-3348.3333333333335,trail_tail,3.0,positive,51.54139113372863,1.0,False,False,False
VS002883,AD000953,FA005,T2,validation,locked_premises,202.8,-3160.6,209.5,-3165.0,trail_tail,2.0,positive,31.099035354814472,1.0,False,False,False
VS002884,AD000675,FA005,T2,train,met_borrower,3046.4,-1581.5,3046.4,-1581.5,checkin,,positive,50.75374370428255,1.0,False,False,False
VS002885,AD002483,FA005,T2,test,locked_premises,884.8,1166.9,884.8,1166.9,checkin,,positive,34.32888725257491,1.0,False,False,False
VS002886,AD001852,FA005,T2,train,address_not_traceable,991.0,-2963.7,992.0,-2952.5,trail_tail,2.0,negative,,1.0,False,False,False
VS002887,AD001095,FA005,T2,train,address_not_traceable,987.5,-1673.1,987.5,-1673.1,checkin,,negative,,1.0,False,False,False
VS002888,AD002458,FA005,T2,test,met_borrower,1055.4,-3105.4,1026.3,-3120.9,trail_tail,10.0,positive,51.89017247996002,1.0,False,False,False
VS002889,AD001055,FA005,T2,train,locked_premises,324.4,-3211.6,324.4,-3211.6,checkin,,positive,43.785157302446706,1.0,False,False,False
VS002890,AD000424,FA006,T2,train,cash_collected,2905.4,325.9,2904.3333333333335,336.6666666666667,trail_tail,3.0,positive,65.783299552394,1.0,False,False,False
VS002891,AD000290,FA006,T2,train,neighbour_says_shifted,2841.2,138.3,2826.223178604365,141.6832462342453,dwell,4.0,positive,18.943138599503477,1.0,False,False,False
VS002892,AD000613,FA006,T2,train,met_family,2766.6,377.4,2780.2840095465394,368.3579952267303,dwell,8.0,positive,30.806492822130863,1.0,False,False,False
VS002893,AD002583,FA006,T2,train,met_borrower,3411.4,549.7,3403.3631517942194,552.1216417706222,dwell,,positive,52.84290397016425,1.0,False,False,False
VS002894,AD001523,FA006,T2,train,address_not_traceable,3040.7,389.3,3042.6666666666665,388.3333333333333,trail_tail,3.0,negative,,1.0,False,False,False
VS002895,AD002626,FA006,T2,train,locked_premises,3147.0,408.8,3147.0,408.8,checkin,,positive,47.147640449973736,1.0,False,False,False
VS002896,AD001631,FA006,T2,validation,neighbour_says_shifted,2667.9,484.3,2710.4964743412265,496.40543087689383,dwell,,positive,44.66726989642412,1.0,False,False,False
VS002897,AD002550,FA006,T2,train,neighbour_says_shifted,2899.5,554.0,2896.8215488215483,563.2525252525252,dwell,7.0,positive,15.99132577368118,1.0,False,False,False
VS002898,AD002633,FA006,T2,validation,locked_premises,3171.3,726.7,3171.3,726.7,checkin,,positive,35.31409067213821,1.0,False,False,False
VS002899,AD002945,FA006,T2,train,no_such_person,2704.5,-28.8,2704.5,-28.8,checkin,,positive,46.821816496159144,1.0,False,False,False
VS002900,AD002675,FA008,T3,train,locked_premises,-672.7,3200.6,-665.5,3194.0,trail_tail,4.0,positive,45.82278068478033,1.4612131704915665,False,False,False
VS002901,AD000808,FA008,T3,test,met_borrower,-720.8,3387.8,-710.1666666666666,3386.0,trail_tail,6.0,positive,74.99497769400764,1.4612131704915665,False,False,False
VS002902,AD000654,FA008,T3,train,locked_premises,-219.8,3205.5,-231.0,3235.5,trail_tail,2.0,positive,49.941275678185434,1.4612131704915665,False,False,False
VS002903,AD000741,FA008,T3,test,met_family,-656.0,2897.0,-656.0,2897.0,checkin,,positive,55.72933705493965,1.4612131704915665,False,False,False
VS002904,AD002651,FA008,T3,test,address_not_traceable,-552.9,3135.1,-562.5,3138.0,trail_tail,2.0,negative,,1.4612131704915665,False,False,False
VS002905,AD000662,FA008,T3,validation,met_borrower,-808.7,3408.5,-808.7,3408.5,checkin,,positive,85.03940535103285,1.4612131704915665,False,False,False
VS002906,AD002564,FA008,T3,train,locked_premises,-463.2,2813.9,-463.2,2813.9,checkin,,positive,76.37341344988316,1.4612131704915665,False,False,False
VS002907,AD002880,FA008,T3,train,met_family,-435.2,2942.3,-451.99661016949153,2927.3830508474575,dwell,5.0,positive,47.2295765808922,1.4612131704915665,False,False,False
VS002908,AD001621,FA008,T3,test,address_not_traceable,-568.8,3121.5,-563.0,3119.5,trail_tail,2.0,negative,,1.4612131704915665,False,False,False
VS002909,AD002718,FA008,T3,train,address_not_traceable,-295.1,3059.3,-295.1,3059.3,checkin,,negative,,1.4612131704915665,False,False,False
VS002910,AD002230,FA009,T3,train,locked_premises,3347.2,-1846.2,3347.2,-1846.2,checkin,,positive,42.06328565388115,1.0,False,False,False
VS002911,AD001170,FA009,T3,validation,cash_collected,3558.7,-1806.4,3550.9,-1814.0,trail_tail,10.0,positive,65.49849234906097,1.0,False,False,False
VS002912,AD002471,FA009,T3,validation,address_not_traceable,2339.5,-792.3,2339.5,-792.3,checkin,,negative,,1.0,False,True,True
VS002913,AD000397,FA009,T3,test,locked_premises,3097.7,-1979.3,3115.5,-1948.5,trail_tail,2.0,positive,38.1017716123542,1.0,False,False,False
VS002914,AD001886,FA009,T3,train,locked_premises,3585.5,-2146.8,3538.6666666666665,-2136.6666666666665,trail_tail,3.0,positive,39.54127590253002,1.0,False,False,False
VS002915,AD001480,FA009,T3,test,address_not_traceable,3410.6,-1664.0,3411.6666666666665,-1663.0,trail_tail,3.0,negative,,1.0,False,False,False
VS002916,AD002153,FA009,T3,train,locked_premises,3449.0,-1709.4,3449.0,-1709.4,checkin,,positive,36.235065889273585,1.0,False,False,False
VS002917,AD002069,FA007,T3,validation,met_family,3837.0,536.7,3845.1718633829937,535.1516618687832,dwell,5.0,positive,43.71173912447332,1.3663037714355222,False,False,False
VS002918,AD000060,FA007,T3,train,address_not_traceable,3765.8,169.4,3765.8,169.4,checkin,,negative,,1.3663037714355222,False,False,False
VS002919,AD000433,FA007,T3,train,met_borrower,4052.5,127.6,4116.2,115.3,trail_tail,10.0,positive,81.54970941518646,1.3663037714355222,False,False,False
VS002920,AD002551,FA007,T3,train,address_not_traceable,2975.7,-1892.6,2975.7,-1892.6,checkin,,negative,,1.3663037714355222,False,False,False
VS002921,AD002654,FA007,T3,test,met_family,3812.5,195.3,3817.9515615041432,198.5506692160612,dwell,7.0,positive,41.79828957882988,1.3663037714355222,False,False,False
VS002922,AD002735,FA007,T3,train,met_family,3758.2,-50.0,3702.587747728019,-33.70517902113216,dwell,7.0,positive,55.98528694999711,1.3663037714355222,False,False,False
VS002923,AD002986,FA007,T3,test,met_family,3868.6,78.8,3789.2238312551654,102.35215063423048,dwell,,positive,44.199663036106976,1.3663037714355222,False,False,False
VS002924,AD002085,FA007,T3,train,no_such_person,3465.2,572.1,3451.6666666666665,582.3333333333334,trail_tail,3.0,positive,63.41655204692788,1.3663037714355222,False,False,False
VS002925,AD002771,FA002,T1,train,address_not_traceable,1526.0,-1958.3,1526.0,-1958.3,checkin,,negative,,1.0,False,False,False
VS002926,AD000735,FA002,T1,validation,met_family,2686.5,-2412.3,2676.4669509594883,-2362.946695095949,dwell,4.0,positive,40.06026709846059,1.0,False,False,False
VS002927,AD000602,FA002,T1,train,met_family,2946.5,-1906.3,2968.35627603695,-1911.2392682485056,dwell,5.0,positive,32.971881960240005,1.0,False,False,False
VS002928,AD001775,FA002,T1,train,locked_premises,2939.4,-2490.0,2904.272727272727,-2377.3787878787875,dwell,,positive,30.370215672596064,1.0,False,False,False
VS002929,AD000589,FA002,T1,test,met_borrower,2699.9,-1880.6,2699.9,-1880.6,checkin,,positive,58.710327030259336,1.0,False,False,False
VS002930,AD000867,FA002,T1,train,met_family,2909.1,-2512.5,2909.1,-2512.5,checkin,,positive,39.41325919027758,1.0,False,False,False
VS002931,AD002414,FA002,T1,train,locked_premises,2919.2,-1781.2,2919.2,-1781.2,checkin,,positive,36.65555892357937,1.0,False,False,False
VS002932,AD000733,FA002,T1,test,locked_premises,3025.3,-2220.9,3025.3,-2220.9,checkin,,positive,38.584776790853695,1.0,False,False,False
VS002933,AD001821,FA002,T1,train,met_family,2480.4,-2430.5,2477.709249317151,-2429.42906335956,dwell,9.0,positive,31.02567485164505,1.0,False,False,False
VS002934,AD000100,FA002,T1,train,neighbour_says_shifted,2815.9,-2089.3,2818.3333333333335,-2086.0,trail_tail,3.0,positive,17.941153809050302,1.0,False,False,False
VS002935,AD000743,FA001,T1,test,address_not_traceable,-2180.5,-2312.2,-2180.5,-2312.2,checkin,,negative,,1.0,False,False,False
VS002936,AD003083,FA001,T1,train,address_not_traceable,-1270.1,-2861.0,-1270.1,-2861.0,checkin,,negative,,1.0,False,False,False
VS002937,AD003010,FA001,T1,train,address_not_traceable,-918.0,-3007.9,-912.6666666666666,-3009.3333333333335,trail_tail,3.0,negative,,1.0,False,False,False
VS002938,AD002217,FA001,T1,test,met_borrower,-867.1,-3076.6,-872.7169925469393,-3090.2012596266454,dwell,,positive,50.76792786789708,1.0,False,False,False
VS002939,AD000812,FA001,T1,train,locked_premises,-1236.9,-2703.9,-1247.25,-2708.0,trail_tail,4.0,positive,30.968451688775136,1.0,False,False,False
VS002940,AD001130,FA001,T1,test,locked_premises,-781.8,-3321.3,-769.2,-3323.0,trail_tail,5.0,positive,31.9091287878563,1.0,False,False,False
VS002941,AD000837,FA001,T1,train,address_not_traceable,-1651.4,-2748.9,-1651.4,-2748.9,checkin,,negative,,1.0,False,False,False
VS002942,AD001742,FA001,T1,train,met_borrower,-1473.2,-3141.8,-1437.75,-3084.5,trail_tail,4.0,positive,60.958346434266126,1.0,False,False,False
VS002943,AD002814,FA001,T1,train,neighbour_says_shifted,-851.4,-3557.3,-881.0031055900621,-3547.906832298137,dwell,4.0,positive,22.933872328937404,1.0,False,False,False
VS002944,AD002996,FA003,T1,train,locked_premises,-781.6,-1528.7,-781.6,-1528.7,checkin,,positive,39.207301615898025,1.0,False,False,False
VS002945,AD002914,FA003,T1,train,address_not_traceable,-1563.5,325.5,-1575.5,311.5,trail_tail,2.0,negative,,1.0,False,False,False
VS002946,AD000738,FA003,T1,train,locked_premises,-545.0,-990.4,-361.8181818181818,-940.3636363636363,dwell,,positive,30.657625478826635,1.0,False,False,False
VS002947,AD002494,FA003,T1,train,locked_premises,-717.4,-1125.2,-720.5,-1129.0,trail_tail,4.0,positive,30.699999999999996,1.0,False,False,False
VS002948,AD001738,FA003,T1,train,met_family,-847.5,-1401.2,-841.0333759327334,-1406.4909471670085,dwell,8.0,positive,31.075432418552115,1.0,False,False,False
VS002949,AD002490,FA003,T1,validation,met_borrower,-842.0,-1398.2,-842.0909090909091,-1407.8181818181818,trail_tail,11.0,positive,50.7317454854453,1.0,False,False,False
VS002950,AD002812,FA003,T1,train,met_family,-1046.4,-1002.5,-1040.3619598428634,-1005.2792448712352,dwell,7.0,positive,32.17829237234319,1.0,False,False,False
VS002951,AD002801,FA003,T1,train,neighbour_says_shifted,-751.8,-1700.8,-754.0,-1698.0,trail_tail,2.0,positive,18.809837851507385,1.0,False,False,False
VS002952,AD002359,FA004,T2,train,address_not_traceable,1608.9,-1545.7,1608.9,-1545.7,checkin,,negative,,1.1098606920552958,False,False,False
VS002953,AD002244,FA004,T2,validation,met_family,1243.3,-1835.6,1237.6453392167678,-1849.7137341423056,dwell,10.0,positive,35.12516218273076,1.1098606920552958,False,False,False
VS002954,AD001954,FA004,T2,validation,met_family,1125.4,-1880.7,1124.5830011756948,-1883.1378430304246,dwell,3.0,positive,35.40616516404267,1.1098606920552958,False,False,False
VS002955,AD002870,FA004,T2,train,met_borrower,1503.4,-2257.7,1491.5,-2254.5,trail_tail,2.0,positive,57.43700651490965,1.1098606920552958,False,False,False
VS002956,AD002521,FA004,T2,train,met_family,1571.2,-2401.3,1577.187837650644,-2387.7488571824347,dwell,4.0,positive,34.9513176831515,1.1098606920552958,False,False,False
VS002957,AD001149,FA004,T2,train,met_borrower,1633.5,-1603.7,1633.5,-1603.7,checkin,,positive,59.80692131893748,1.1098606920552958,False,False,False
VS002958,AD000275,FA005,T2,train,address_not_traceable,-1472.4,-1271.7,-1467.5,-1262.5,trail_tail,2.0,negative,,1.0,False,False,False
VS002959,AD001488,FA005,T2,train,met_borrower,-1507.4,-2857.9,-1507.4,-2857.9,checkin,,positive,50.9249693176147,1.0,False,False,False
VS002960,AD002748,FA005,T2,validation,met_family,1157.0,-1876.5,1160.0,-1879.5,trail_tail,4.0,positive,31.962517109889827,1.0,False,False,False
VS002961,AD001242,FA005,T2,train,locked_premises,1521.1,-1885.2,1521.1,-1885.2,checkin,,positive,38.63046077902775,1.0,False,False,False
VS002962,AD002210,FA005,T2,train,met_family,1661.0,-1593.4,1646.858751279427,-1602.887410440123,dwell,4.0,positive,32.82955985084173,1.0,False,False,False
VS002963,AD000817,FA005,T2,test,cash_collected,1302.5,-1940.7,1300.2,-1925.0,trail_tail,10.0,positive,65.72499524534027,1.0,False,False,False
VS002964,AD000531,FA005,T2,train,locked_premises,1322.8,-2447.5,1293.0,-2461.5,trail_tail,2.0,positive,34.99160613632932,1.0,False,False,False
VS002965,AD001830,FA006,T2,validation,locked_premises,1069.1,2923.4,1069.1,2923.4,checkin,,positive,39.17464103217795,1.0,False,False,False
VS002966,AD003008,FA006,T2,train,locked_premises,1397.8,-82.2,1403.3333333333333,-81.66666666666667,trail_tail,3.0,positive,32.289007417385875,1.0,False,False,False
VS002967,AD002299,FA006,T2,train,met_family,945.7,2313.6,937.2360801781737,2314.5530480714274,dwell,8.0,positive,34.46668681495221,1.0,False,False,False
VS002968,AD002796,FA006,T2,test,met_borrower,885.4,3109.0,927.1052638003108,3110.54544013702,dwell,,positive,59.70678353420154,1.0,False,False,False
VS002969,AD000711,FA006,T2,train,met_borrower,1055.7,2389.9,1069.0,2381.6,trail_tail,5.0,positive,51.701885845682654,1.0,False,False,False
VS002970,AD000016,FA006,T2,validation,locked_premises,767.9,2403.6,767.9,2403.6,checkin,,positive,33.523760230618514,1.0,False,False,False
VS002971,AD001924,FA006,T2,train,address_not_traceable,897.8,1424.4,897.8,1424.4,checkin,,negative,,1.0,False,False,False
VS002972,AD000917,FA006,T2,validation,locked_premises,910.4,2357.5,910.4,2357.5,checkin,,positive,31.053864493811393,1.0,False,False,False
VS002973,AD001534,FA007,T3,train,met_family,-2564.2,-186.6,-2578.664176006642,-188.50477376504773,dwell,6.0,positive,42.96933042350621,1.3663037714355222,False,False,False
VS002974,AD000154,FA007,T3,test,locked_premises,3575.3,-2276.7,3575.3,-2276.7,checkin,,positive,48.967934506829785,1.3663037714355222,False,False,False
VS002975,AD001458,FA007,T3,validation,met_borrower,-2774.4,-389.6,-2774.4,-389.6,checkin,,positive,73.33233768504351,1.3663037714355222,False,False,False
VS002976,AD002485,FA007,T3,train,met_borrower,-2748.6,24.7,-2748.6,24.7,checkin,,positive,71.7891224448206,1.3663037714355222,False,False,False
VS002977,AD001064,FA007,T3,train,met_family,-3158.0,-260.5,-2979.4060408346927,-20.267319121810374,dwell,,positive,50.42665179443298,1.3663037714355222,False,False,False
VS002978,AD002333,FA007,T3,validation,met_borrower,-2252.2,-521.5,-2258.0,-523.0,trail_tail,3.0,positive,75.76068171123623,1.3663037714355222,False,False,False
VS002979,AD000870,FA009,T3,train,address_not_traceable,2332.8,-792.3,2332.8,-792.3,checkin,,negative,,1.0,True,True,True
VS002980,AD002102,FA009,T3,train,address_not_traceable,-3754.2,-772.7,-3739.0,-762.0,trail_tail,3.0,negative,,1.0,False,True,True
VS002981,AD001078,FA009,T3,train,met_borrower,3010.1,-2014.9,3010.1,-2014.9,checkin,,positive,63.99652334306917,1.0,False,False,False
VS002982,AD002134,FA009,T3,test,met_borrower,3147.5,-1878.6,3128.3333333333335,-1901.0,trail_tail,6.0,positive,52.498214255343974,1.0,False,False,False
VS002983,AD002988,FA009,T3,validation,met_borrower,3132.5,-2420.1,3135.0,-2407.5,trail_tail,2.0,positive,52.19200130288164,1.0,False,False,False
VS002984,AD002380,FA009,T3,test,locked_premises,3060.7,-2420.3,3074.5,-2429.25,trail_tail,4.0,positive,31.95911450588081,1.0,False,False,False
VS002985,AD002044,FA009,T3,train,met_borrower,3251.1,-2189.1,3235.818181818182,-2186.6363636363635,trail_tail,11.0,positive,51.07851798946402,1.0,False,False,False
VS002986,AD002412,FA008,T3,train,met_borrower,-2682.2,-124.5,-2682.2,-124.5,checkin,,positive,91.4582008004354,1.4612131704915665,False,False,False
VS002987,AD000631,FA008,T3,train,met_borrower,-2883.4,-178.5,-2850.468899521531,-148.61722488038276,dwell,,positive,88.88984401809601,1.4612131704915665,False,False,False
VS002988,AD001868,FA008,T3,train,locked_premises,-2218.1,-204.9,-2218.1,-204.9,checkin,,positive,50.506955305101066,1.4612131704915665,False,False,False
VS002989,AD000666,FA008,T3,test,locked_premises,-2656.6,-496.9,-2664.75,-489.75,trail_tail,4.0,positive,49.13137803369119,1.4612131704915665,False,False,False
VS002990,AD002509,FA008,T3,test,met_family,-2420.5,-630.9,-2424.675582217886,-619.2052337300759,dwell,4.0,positive,45.2061902136825,1.4612131704915665,False,False,False
VS002991,AD000273,FA008,T3,train,address_not_traceable,-1355.1,-1532.9,-1355.1,-1532.9,checkin,,negative,,1.4612131704915665,False,False,False
VS002992,AD001982,FA008,T3,train,locked_premises,-2512.2,-484.4,-2514.815720978657,-485.51847995835504,dwell,,positive,45.66168414230128,1.4612131704915665,False,False,False
VS002993,AD000592,FA008,T3,test,address_not_traceable,-3716.9,-746.2,-3713.0,-751.0,trail_tail,2.0,negative,,1.4612131704915665,False,False,False
VS002994,AD002943,FA008,T3,validation,address_not_traceable,-2398.7,-224.2,-2397.0,-220.5,trail_tail,2.0,negative,,1.4612131704915665,False,False,False
VS002995,AD002858,FA002,T1,train,met_family,1150.3,-2837.1,1161.626323751891,-2873.9606656580936,dwell,3.0,positive,38.10229651871396,1.0,False,False,False
VS002996,AD002545,FA002,T1,test,address_not_traceable,-1543.5,975.9,-1537.0,984.6666666666666,trail_tail,3.0,negative,,1.0,False,False,False
VS002997,AD002215,FA002,T1,train,no_such_person,514.0,-2998.3,496.3333333333333,-3001.3333333333335,trail_tail,3.0,positive,46.5116383284872,1.0,False,False,False
VS002998,AD001900,FA002,T1,train,neighbour_says_shifted,721.3,-2697.1,721.3,-2697.1,checkin,,positive,25.452603010301317,1.0,False,False,False
VS002999,AD001753,FA002,T1,validation,locked_premises,919.5,-2891.4,922.3333333333334,-2890.6666666666665,trail_tail,3.0,positive,31.644312285148494,1.0,False,False,False
VS003000,AD000135,FA002,T1,train,neighbour_says_shifted,805.8,-2608.5,808.6252082176569,-2608.6807329261524,dwell,5.0,positive,16.698278354369354,1.0,False,False,False
VS003001,AD000062,FA002,T1,test,met_borrower,669.1,-3103.8,600.0,-3087.1428571428573,trail_tail,7.0,positive,62.10171092651154,1.0,False,False,False
VS003002,AD002171,FA002,T1,train,locked_premises,593.8,-3646.4,593.8,-3646.4,checkin,,positive,36.733635812426755,1.0,False,False,False
VS003003,AD002765,FA002,T1,train,locked_premises,895.5,-469.7,895.5,-469.7,checkin,,positive,38.60278487363315,1.0,False,False,False
VS003004,AD001012,FA002,T1,validation,neighbour_says_shifted,694.4,-3063.1,811.1401039411,-3284.26642125018,dwell,,positive,32.24131666045911,1.0,False,False,False
VS003005,AD003026,FA001,T1,test,locked_premises,2916.8,-2479.2,2903.75,-2464.5,trail_tail,4.0,positive,32.910940430197364,1.0,False,False,False
VS003006,AD000658,FA001,T1,train,met_borrower,2440.1,-2257.2,2444.0,-2244.0,trail_tail,2.0,positive,51.537874422603025,1.0,False,False,False
VS003007,AD000753,FA001,T1,validation,met_borrower,2842.7,-2599.3,2835.3333333333335,-2601.6666666666665,trail_tail,12.0,positive,50.75179799770643,1.0,False,False,False
VS003008,AD001273,FA001,T1,train,neighbour_says_shifted,2310.5,-2058.3,2310.5,-2058.3,checkin,,positive,19.394200163966516,1.0,False,False,False
VS003009,AD001760,FA001,T1,train,met_family,3180.4,-2445.5,3174.1785183745105,-2425.674222927395,dwell,2.0,positive,32.65045941483826,1.0,False,False,False
VS003010,AD002673,FA001,T1,train,met_borrower,2656.4,-2319.2,2669.1666666666665,-2318.3333333333335,trail_tail,12.0,positive,51.19873045301025,1.0,False,False,False
VS003011,AD001387,FA001,T1,train,locked_premises,3311.5,-2095.1,3330.8201970443347,-2001.4162561576354,dwell,,positive,31.92499021143156,1.0,False,False,False
VS003012,AD002038,FA001,T1,train,met_borrower,3022.9,-2503.2,3043.6666666666665,-2441.0,trail_tail,3.0,positive,60.48439881490096,1.0,False,False,False
VS003013,AD000779,FA003,T1,train,locked_premises,2258.4,877.9,2200.5,848.5,trail_tail,2.0,positive,45.5651456707866,1.0,False,False,False
VS003014,AD001408,FA003,T1,train,address_not_traceable,2043.8,1344.2,2043.8,1344.2,checkin,,negative,,1.0,False,False,False
VS003015,AD001616,FA003,T1,train,neighbour_says_shifted,2348.3,1389.2,2515.7821288714845,1376.3955144179422,dwell,,positive,15.923959934639372,1.0,False,False,False
VS003016,AD001207,FA003,T1,train,neighbour_says_shifted,2559.5,705.8,2479.963723667069,922.4519917165657,dwell,,positive,19.36446487770834,1.0,False,False,False
VS003017,AD000668,FA003,T1,train,met_family,2343.2,890.3,2321.7219168032752,922.5851937724725,dwell,4.0,positive,39.863799367345784,1.0,False,False,False
VS003018,AD003016,FA003,T1,test,met_family,2449.6,633.3,2451.4968944099382,631.7142857142858,dwell,3.0,positive,31.994101018781578,1.0,False,False,False
VS003019,AD000830,FA003,T1,train,met_borrower,2492.3,637.5,2506.0,628.6666666666666,trail_tail,3.0,positive,52.07825841942105,1.0,False,False,False
VS003020,AD000975,FA006,T2,train,address_not_traceable,-567.0,-446.2,-567.0,-446.2,checkin,,negative,,1.0,False,False,False
VS003021,AD002027,FA006,T2,test,locked_premises,-389.4,-603.9,-382.6666666666667,-627.6666666666666,trail_tail,3.0,positive,36.599897540840196,1.0,False,False,False
VS003022,AD000472,FA006,T2,train,address_not_traceable,-541.2,-506.8,-555.5,-508.5,trail_tail,2.0,negative,,1.0,False,False,False
VS003023,AD000579,FA006,T2,train,address_not_traceable,-295.4,19.2,-295.4,19.2,checkin,,negative,,1.0,False,False,False
VS003024,AD002907,FA006,T2,validation,no_such_person,1115.5,2703.0,1110.3333333333333,2696.6666666666665,trail_tail,3.0,positive,46.79479137681885,1.0,False,False,False
VS003025,AD000012,FA006,T2,train,met_family,-666.3,-550.8,-659.6486738017683,-544.3559795253607,dwell,4.0,positive,32.20236792535604,1.0,False,False,False
VS003026,AD001682,FA006,T2,test,no_such_person,-628.7,-285.4,-628.7,-285.4,checkin,,positive,53.58043019610798,1.0,False,False,False
VS003027,AD001551,FA005,T2,train,met_borrower,1928.1,-2694.0,1929.5,-2647.5,trail_tail,2.0,positive,57.095906157972486,1.0,False,False,False
VS003028,AD001584,FA005,T2,test,neighbour_says_shifted,1211.9,-1998.0,1279.5040276179518,-2001.0448791714614,dwell,5.0,positive,37.97094283791221,1.0,False,False,False
VS003029,AD001857,FA005,T2,validation,address_not_traceable,1893.1,-2048.0,1872.6666666666667,-2052.8333333333335,trail_tail,6.0,negative,,1.0,False,False,False
VS003030,AD002007,FA005,T2,train,met_borrower,1210.4,-2114.2,1170.0,-2104.5,trail_tail,2.0,positive,55.669201539091624,1.0,False,False,False
VS003031,AD001131,FA005,T2,train,met_borrower,1126.0,-1756.0,1120.6666666666667,-1731.3333333333333,trail_tail,9.0,positive,51.77151726577076,1.0,False,False,False
VS003032,AD002277,FA005,T2,validation,locked_premises,1928.3,-2082.2,1922.3333333333333,-2093.6666666666665,trail_tail,3.0,positive,33.32765368279021,1.0,False,False,False
VS003033,AD000175,FA005,T2,validation,met_borrower,1839.7,-2155.9,1774.0,-2197.2,trail_tail,10.0,positive,63.81038316763189,1.0,False,False,False
VS003034,AD000600,FA005,T2,validation,locked_premises,1823.1,-2456.3,1762.5,-2429.0,trail_tail,2.0,positive,46.690202398361905,1.0,False,False,False
VS003035,AD000105,FA004,T2,test,met_borrower,-668.3,-73.8,-682.4,-61.4,trail_tail,10.0,positive,57.135435473044566,1.1098606920552958,False,False,False
VS003036,AD002489,FA004,T2,train,neighbour_says_shifted,-379.5,-399.4,-379.5,-399.4,checkin,,positive,24.213347715525035,1.1098606920552958,False,False,False
VS003037,AD001689,FA004,T2,test,met_borrower,-302.4,-810.2,-318.0,-726.0,trail_tail,2.0,positive,71.94440265684908,1.1098606920552958,False,False,False
VS003038,AD002045,FA004,T2,train,locked_premises,-933.4,-690.2,-944.0,-684.5,trail_tail,4.0,positive,35.35755585356521,1.1098606920552958,False,False,False
VS003039,AD000624,FA004,T2,test,met_borrower,137.1,-474.5,137.1,-474.5,checkin,,positive,56.57748248501027,1.1098606920552958,False,False,False
VS003040,AD001844,FA004,T2,train,locked_premises,-571.8,-9.0,-586.75,-11.0,trail_tail,4.0,positive,35.570472454041386,1.1098606920552958,False,False,False
VS003041,AD002784,FA004,T2,test,no_such_person,-620.1,-745.8,-623.3333333333334,-748.5,trail_tail,6.0,positive,50.39687248932712,1.1098606920552958,False,False,False
VS003042,AD002842,FA004,T2,test,met_family,-897.0,27.2,-864.0438599838722,-2.01444441038416,dwell,9.0,positive,42.46243462841789,1.1098606920552958,False,False,False
VS003043,AD000096,FA007,T3,train,met_family,3372.7,544.5,3366.71108490566,542.7144082332761,dwell,10.0,positive,42.56502257102111,1.3663037714355222,False,False,False
VS003044,AD001121,FA007,T3,test,met_borrower,3733.5,642.4,3737.6,645.4,trail_tail,5.0,positive,69.8843009397602,1.3663037714355222,False,False,False
VS003045,AD001422,FA007,T3,train,locked_premises,3301.2,1357.0,3307.8333333333335,1359.3333333333333,trail_tail,6.0,positive,41.70965362170032,1.3663037714355222,False,False,False
VS003046,AD001499,FA007,T3,train,locked_premises,3559.0,-69.2,3559.0,-69.2,checkin,,positive,74.22878286768817,1.3663037714355222,False,False,False
VS003047,AD002737,FA007,T3,train,locked_premises,3611.1,176.5,3601.0,171.5,trail_tail,2.0,positive,45.463745162962105,1.3663037714355222,False,False,False
VS003048,AD000043,FA007,T3,validation,neighbour_says_shifted,3959.9,725.1,3937.0,708.75,trail_tail,4.0,positive,36.81282330587123,1.3663037714355222,False,False,False
VS003049,AD001832,FA007,T3,train,met_borrower,4050.7,68.8,4123.888888888889,96.0,trail_tail,9.0,positive,86.15325369445145,1.3663037714355222,False,False,False
VS003050,AD001605,FA007,T3,train,met_family,3716.6,522.3,3716.6,522.3,checkin,,positive,48.40983167251574,1.3663037714355222,False,False,False
VS003051,AD001176,FA007,T3,train,met_family,3795.3,38.5,3569.6454293628813,-37.1994459833795,dwell,,positive,41.5013505475527,1.3663037714355222,False,False,False
VS003052,AD000722,FA007,T3,test,met_family,4057.7,313.2,4028.5,312.5,trail_tail,2.0,positive,60.61035796344137,1.3663037714355222,False,False,False
VS003053,AD002867,FA009,T3,train,neighbour_says_shifted,-2340.7,1721.4,-2335.0,1720.0,trail_tail,3.0,positive,17.577613603672123,1.0,False,False,False
VS003054,AD002504,FA009,T3,validation,locked_premises,2313.5,-777.6,2314.0,-787.6666666666666,trail_tail,3.0,positive,31.101647866310877,1.0,True,True,True
VS003055,AD002068,FA009,T3,train,address_not_traceable,-3742.4,-767.4,-3732.1491084637546,-784.3355654182564,dwell,,negative,,1.0,False,True,True
VS003056,AD001722,FA009,T3,test,met_family,-2214.2,1019.3,-2243.865558776937,1294.4021878829542,dwell,,positive,31.23527653151162,1.0,False,False,False
VS003057,AD000944,FA009,T3,train,met_family,-2322.1,1335.5,-2322.1,1335.5,checkin,,positive,37.35980460334343,1.0,False,False,False
VS003058,AD000825,FA009,T3,train,met_borrower,-2213.0,1141.4,-2212.4766081871344,1138.5380116959066,dwell,,positive,51.60174415656898,1.0,False,False,False
VS003059,AD001687,FA009,T3,train,met_family,-2738.5,1364.4,-2751.6666666666665,1281.0,trail_tail,3.0,positive,58.498653830665226,1.0,False,False,False
VS003060,AD002819,FA008,T3,train,address_not_traceable,1733.0,-1671.0,1754.0,-1662.5,trail_tail,2.0,negative,,1.4612131704915665,False,False,False
VS003061,AD001395,FA008,T3,train,neighbour_says_shifted,1338.5,-1167.3,1338.5,-1167.3,checkin,,positive,63.74968454757467,1.4612131704915665,False,False,False
VS003062,AD000532,FA008,T3,train,neighbour_says_shifted,1366.7,-774.0,1404.0,-756.3333333333334,trail_tail,3.0,positive,41.506749713630995,1.4612131704915665,False,False,False
VS003063,AD000671,FA008,T3,train,met_borrower,1271.7,-837.8,1285.6,-833.9,trail_tail,10.0,positive,74.12503404397826,1.4612131704915665,False,False,False
VS003064,AD002562,FA008,T3,train,locked_premises,1220.4,-1205.6,1220.4,-1205.6,checkin,,positive,45.27356258960302,1.4612131704915665,False,False,False
VS003065,AD000347,FA008,T3,validation,address_not_traceable,1257.8,-2075.6,1257.8,-2075.6,checkin,,negative,,1.4612131704915665,False,False,False
VS003066,AD000238,FA003,T1,train,locked_premises,-2907.8,994.9,-2907.8,994.9,checkin,,positive,39.71740802217592,1.0,False,False,False
VS003067,AD001314,FA003,T1,train,met_family,-2471.1,1315.4,-2471.1,1315.4,checkin,,positive,40.74423272071766,1.0,False,False,False
VS003068,AD001042,FA003,T1,train,neighbour_says_shifted,-3007.0,793.1,-2985.5,804.0,trail_tail,2.0,positive,18.95026385040588,1.0,False,False,False
VS003069,AD001862,FA003,T1,train,address_not_traceable,-2629.3,1147.9,-2629.3,1147.9,checkin,,negative,,1.0,False,False,False
VS003070,AD001815,FA003,T1,train,met_family,-2478.3,985.0,-2490.5,1022.5,trail_tail,2.0,positive,42.437277245365294,1.0,False,False,False
VS003071,AD001200,FA003,T1,train,met_borrower,-2827.5,847.2,-2827.5,847.2,checkin,,positive,54.72095119787301,1.0,False,False,False
VS003072,AD001903,FA003,T1,test,address_not_traceable,1530.8,1998.9,1532.0,2004.5,trail_tail,2.0,negative,,1.0,False,False,False
VS003073,AD000497,FA003,T1,train,address_not_traceable,-2672.0,934.5,-2672.0,934.5,checkin,,negative,,1.0,False,False,False
VS003074,AD000106,FA003,T1,validation,met_family,-3093.9,953.8,-3093.9,953.8,checkin,,positive,62.886425403261704,1.0,False,False,False
VS003075,AD002983,FA003,T1,train,met_borrower,-2772.5,846.7,-2824.25,852.5,trail_tail,4.0,positive,56.944666124229755,1.0,False,False,False
VS003076,AD000066,FA001,T1,validation,met_family,1179.0,-190.9,1154.9890009140502,-187.9099316471517,dwell,4.0,positive,34.51611942266975,1.0,False,False,False
VS003077,AD000809,FA001,T1,train,met_borrower,624.2,124.6,664.5,79.5,trail_tail,4.0,positive,57.7257308312333,1.0,False,False,False
VS003078,AD002979,FA001,T1,train,address_not_traceable,85.3,-283.5,80.0,-277.3333333333333,trail_tail,3.0,negative,,1.0,False,False,False
VS003079,AD000366,FA001,T1,train,address_not_traceable,1640.1,398.8,1640.1,398.8,checkin,,negative,,1.0,False,False,False
VS003080,AD000836,FA001,T1,train,address_not_traceable,987.7,-662.4,986.5,-662.0,trail_tail,2.0,negative,,1.0,False,False,False
VS003081,AD001973,FA001,T1,train,met_family,897.5,-138.8,897.5,-138.8,checkin,,positive,31.21269773665839,1.0,False,False,False
VS003082,AD001444,FA001,T1,validation,address_not_traceable,673.3,-163.3,673.3,-163.3,checkin,,negative,,1.0,False,False,False
VS003083,AD002606,FA001,T1,train,met_borrower,1517.3,69.1,1507.6666666666667,53.666666666666664,trail_tail,3.0,positive,52.19640792238485,1.0,False,False,False
VS003084,AD001516,FA002,T1,train,neighbour_says_shifted,665.8,-2619.0,673.6666666666666,-2627.0,trail_tail,3.0,positive,17.44734936888696,1.0,False,False,False
VS003085,AD001677,FA002,T1,train,met_borrower,-940.0,-2940.1,-819.3510045416483,-2720.8651368871683,dwell,,positive,51.367426449064,1.0,False,False,False
VS003086,AD002711,FA002,T1,train,locked_premises,1175.1,-3175.5,1180.5,-3169.8333333333335,trail_tail,6.0,positive,30.880819289649686,1.0,False,False,False
VS003087,AD002922,FA002,T1,train,locked_premises,744.8,-2667.4,744.8,-2667.4,checkin,,positive,34.95139482195238,1.0,False,False,False
VS003088,AD001151,FA002,T1,train,locked_premises,667.5,-2917.9,665.4,-2918.2,trail_tail,5.0,positive,30.344109807341518,1.0,False,False,False
VS003089,AD000372,FA002,T1,train,address_not_traceable,992.3,-3151.3,992.3,-3151.3,checkin,,negative,,1.0,False,False,False
VS003090,AD001318,FA006,T2,train,address_not_traceable,1412.8,-84.2,1412.8,-84.2,checkin,,negative,,1.0,False,False,False
VS003091,AD001152,FA006,T2,test,met_family,1488.4,356.7,1491.05098855359,364.6009365244537,dwell,6.0,positive,31.225190151542716,1.0,False,False,False
VS003092,AD001156,FA006,T2,train,met_family,660.7,-319.4,658.2416452442159,-315.7429305912596,dwell,7.0,positive,30.55163661737289,1.0,False,False,False
VS003093,AD002123,FA006,T2,test,met_family,1121.1,166.1,1119.3007138449673,168.03230200120436,dwell,4.0,positive,31.984605672104195,1.0,False,False,False
VS003094,AD002197,FA006,T2,validation,met_family,848.6,-236.1,848.6,-236.1,checkin,,positive,51.74990338155231,1.0,False,False,False
VS003095,AD000220,FA006,T2,train,locked_premises,1453.9,-464.1,1452.5,-463.0,trail_tail,2.0,positive,31.831666623034366,1.0,False,False,False
VS003096,AD001927,FA004,T2,train,address_not_traceable,1279.2,1148.6,1279.2,1148.6,checkin,,negative,,1.1098606920552958,False,False,False
VS003097,AD003050,FA004,T2,train,address_not_traceable,1103.6,2907.2,1103.6,2907.2,checkin,,negative,,1.1098606920552958,False,False,False
VS003098,AD002936,FA004,T2,train,address_not_traceable,838.1,2946.8,847.3333333333334,2931.6666666666665,trail_tail,3.0,negative,,1.1098606920552958,False,False,False
VS003099,AD000182,FA004,T2,test,address_not_traceable,868.4,2746.5,868.4,2746.5,checkin,,negative,,1.1098606920552958,False,False,False
VS003100,AD001811,FA004,T2,train,met_borrower,872.4,3087.6,897.6666666666666,3084.0,trail_tail,3.0,positive,59.79945475797958,1.1098606920552958,False,False,False
VS003101,AD003019,FA004,T2,train,met_borrower,603.7,2760.4,616.2,2805.8,trail_tail,10.0,positive,61.05013181444775,1.1098606920552958,False,False,False
VS003102,AD001417,FA005,T2,train,locked_premises,1865.6,-2042.1,1876.25,-2044.75,trail_tail,8.0,positive,30.7945206164993,1.0,False,False,False
VS003103,AD002704,FA005,T2,train,address_not_traceable,862.4,1144.7,857.4285714285714,1143.4285714285713,trail_tail,7.0,negative,,1.0,False,False,False
VS003104,AD000980,FA005,T2,validation,locked_premises,1396.3,5.8,1396.3,5.8,checkin,,positive,34.629936471209405,1.0,False,False,False
VS003105,AD000358,FA005,T2,validation,address_not_traceable,1263.7,194.9,1247.5,202.0,trail_tail,2.0,negative,,1.0,False,False,False
VS003106,AD001720,FA005,T2,train,met_family,791.8,346.8,792.5587428757773,337.59705248023005,dwell,8.0,positive,31.393948461447152,1.0,False,False,False
VS003107,AD002141,FA005,T2,train,neighbour_says_shifted,-1793.8,-2738.4,-1788.7479849912359,-2733.5660264186627,dwell,7.0,positive,16.603915200939802,1.0,False,False,False
VS003108,AD000178,FA005,T2,validation,address_not_traceable,1057.6,-116.9,1057.6,-116.9,checkin,,negative,,1.0,False,False,False
VS003109,AD001754,FA007,T3,train,neighbour_says_shifted,-2593.1,-210.7,-2378.9484009674816,-89.8925020155872,dwell,,positive,23.290370128894402,1.3663037714355222,False,False,False
VS003110,AD002959,FA007,T3,train,locked_premises,-2516.0,-616.0,-2516.0,-616.0,checkin,,positive,44.02721779353442,1.3663037714355222,False,False,False
VS003111,AD000852,FA007,T3,test,met_family,-2726.0,11.6,-2726.939113224744,-8.125265829057291,dwell,,positive,53.37405831572154,1.3663037714355222,False,False,False
VS003112,AD000489,FA007,T3,validation,address_not_traceable,-2332.4,-294.4,-2332.4,-294.4,checkin,,negative,,1.3663037714355222,False,False,False
VS003113,AD000170,FA007,T3,train,address_not_traceable,-4099.7,-907.8,-4099.7,-907.8,checkin,,negative,,1.3663037714355222,False,False,False
VS003114,AD002546,FA007,T3,validation,locked_premises,-2321.2,-436.0,-2314.0,-426.0,trail_tail,3.0,positive,42.633275558518534,1.3663037714355222,False,False,False
VS003115,AD001391,FA007,T3,train,locked_premises,-2632.1,-59.9,-2630.75,-53.0,trail_tail,4.0,positive,42.954882660265994,1.3663037714355222,False,False,False
VS003116,AD001776,FA007,T3,validation,locked_premises,-2526.1,54.4,-2518.9774011299437,-42.42372881355932,dwell,,positive,42.02250444379567,1.3663037714355222,False,False,False
VS003117,AD001908,FA007,T3,test,address_not_traceable,-2472.5,-37.9,-2482.0,-2.5,trail_tail,2.0,negative,,1.3663037714355222,False,False,False
VS003118,AD002252,FA007,T3,validation,met_family,-2911.4,-602.0,-2911.4,-602.0,checkin,,positive,48.11116252825912,1.3663037714355222,False,False,False
VS003119,AD001706,FA008,T3,validation,address_not_traceable,3306.4,-2170.4,3304.0,-2172.5,trail_tail,2.0,negative,,1.4612131704915665,False,False,False
VS003120,AD000031,FA008,T3,train,met_family,2909.8,-2443.1,2969.6803778495087,-2455.495224322732,dwell,5.0,positive,63.892329115278706,1.4612131704915665,False,False,False
VS003121,AD002862,FA008,T3,validation,no_such_person,3380.5,-1864.3,3379.0,-1866.75,trail_tail,4.0,positive,66.16545236095523,1.4612131704915665,False,False,False
VS003122,AD001779,FA008,T3,train,met_family,3066.1,-1821.4,3066.1,-1821.4,checkin,,positive,48.19462274667979,1.4612131704915665,False,False,False
VS003123,AD001802,FA008,T3,validation,locked_premises,3252.5,-1710.0,3262.8,-1714.2,trail_tail,5.0,positive,46.39029647890186,1.4612131704915665,False,False,False
VS003124,AD002982,FA008,T3,train,locked_premises,3058.5,-2327.1,3058.5,-2327.1,checkin,,positive,48.1680893002729,1.4612131704915665,False,False,False
VS003125,AD000824,FA009,T3,test,address_not_traceable,1652.8,-2156.9,1613.5,-2160.5,trail_tail,2.0,negative,,1.0,False,False,False
VS003126,AD000587,FA009,T3,train,locked_premises,2319.9,-780.6,2319.9,-780.6,checkin,,positive,38.20081805406789,1.0,True,True,True
VS003127,AD001618,FA009,T3,train,met_family,1082.0,-369.6,1161.803680981595,-385.9662576687116,dwell,2.0,positive,49.30669325760955,1.0,False,False,False
VS003128,AD002896,FA009,T3,train,met_family,1066.6,-453.0,1061.1483165984018,-451.94001320314976,dwell,5.0,positive,31.917550031291558,1.0,False,False,False
VS003129,AD003086,FA009,T3,test,met_family,703.2,-867.4,703.2,-867.4,checkin,,positive,45.579161905414615,1.0,False,False,False
VS003130,AD000526,FA009,T3,train,met_borrower,2323.3,-798.7,2323.3,-798.7,checkin,,positive,54.89904370751826,1.0,False,True,True
VS003131,AD002511,FA009,T3,validation,locked_premises,-3742.0,-768.2,-3739.5,-770.5,trail_tail,4.0,positive,30.659745595813412,1.0,True,True,True
VS003132,AD002157,FA009,T3,train,locked_premises,714.7,-770.4,748.0,-769.5,trail_tail,2.0,positive,34.61506175063103,1.0,False,False,False
VS003133,AD001248,FA009,T3,train,met_borrower,1413.1,-821.8,1401.2294595554715,-805.585742437338,dwell,,positive,52.67563478497434,1.0,False,False,False
VS003134,AD000840,FA002,T1,train,address_not_traceable,1274.8,-1492.9,1274.8,-1492.9,checkin,,negative,,1.0,False,False,False
VS003135,AD002806,FA002,T1,train,neighbour_says_shifted,2889.7,-1840.9,2853.350364963504,-1788.0608272506083,dwell,4.0,positive,37.599401590982794,1.0,False,False,False
VS003136,AD000785,FA002,T1,test,address_not_traceable,1399.0,-1977.5,1408.3333333333333,-1986.6666666666667,trail_tail,3.0,negative,,1.0,False,False,False
VS003137,AD002362,FA002,T1,train,met_borrower,2514.6,-2136.2,2514.5,-2128.5,trail_tail,2.0,positive,52.135784256113375,1.0,False,False,False
VS003138,AD000569,FA002,T1,test,address_not_traceable,2630.8,-2388.3,2630.8,-2388.3,checkin,,negative,,1.0,False,False,False
VS003139,AD001107,FA002,T1,train,address_not_traceable,1554.5,-1724.8,1554.5,-1724.8,checkin,,negative,,1.0,False,False,False
VS003140,AD002691,FA002,T1,train,met_family,3110.3,-2093.7,3183.012428173002,-2094.5674118755346,dwell,,positive,52.374087104215874,1.0,False,False,False
VS003141,AD000193,FA002,T1,train,no_such_person,1656.3,-1133.6,1672.5,-1137.0,trail_tail,2.0,positive,47.86337326181681,1.0,False,False,False
VS003142,AD001186,FA002,T1,train,met_borrower,2828.3,-1997.5,2857.2,-2033.2,trail_tail,5.0,positive,58.682578334630094,1.0,False,False,False
VS003143,AD001581,FA002,T1,train,met_family,2712.5,-1838.9,2735.5,-1817.0,trail_tail,2.0,positive,33.87705713311003,1.0,False,False,False
VS003144,AD001867,FA001,T1,validation,no_such_person,2718.1,1409.7,2710.75,1416.75,trail_tail,4.0,positive,46.244837549720074,1.0,False,False,False
VS003145,AD000111,FA001,T1,train,address_not_traceable,2614.7,1029.0,2614.7,1029.0,checkin,,negative,,1.0,False,False,False
VS003146,AD000969,FA001,T1,train,locked_premises,2199.2,992.4,2164.3333333333335,1002.0,trail_tail,3.0,positive,38.94367727886,1.0,False,False,False
VS003147,AD002240,FA001,T1,train,locked_premises,1147.2,-3038.0,1145.5,-3019.5,trail_tail,2.0,positive,33.72610265061766,1.0,False,False,False
VS003148,AD002367,FA001,T1,train,met_family,2181.7,959.3,2103.942295253461,758.581622533957,dwell,,positive,32.65662260552982,1.0,False,False,False
VS003149,AD001257,FA001,T1,test,met_family,2319.9,1438.9,2320.147052175666,1443.158683421199,dwell,10.0,positive,31.467681833906976,1.0,False,False,False
VS003150,AD002744,FA001,T1,test,met_borrower,2155.6,890.5,2128.0,832.75,trail_tail,4.0,positive,58.675825516135674,1.0,False,False,False
VS003151,AD002304,FA003,T1,train,address_not_traceable,2700.3,-2189.0,2715.5,-2179.0,trail_tail,2.0,negative,,1.0,False,False,False
VS003152,AD000475,FA003,T1,train,met_borrower,2586.5,-2237.1,2588.769230769231,-2243.076923076923,trail_tail,13.0,positive,50.468059205798674,1.0,False,False,False
VS003153,AD000963,FA003,T1,validation,address_not_traceable,1423.0,-1587.6,1423.0,-1587.6,checkin,,negative,,1.0,False,False,False
VS003154,AD001770,FA003,T1,train,met_borrower,2503.3,-2353.0,2504.3333333333335,-2358.0,trail_tail,6.0,positive,50.67161434175943,1.0,False,False,False
VS003155,AD002306,FA003,T1,train,met_family,2705.3,-1820.1,2792.7443365695794,-2003.4142394822006,dwell,,positive,34.07455062066116,1.0,False,False,False
VS003156,AD000959,FA003,T1,train,neighbour_says_shifted,2925.5,-2722.3,2925.5,-2722.3,checkin,,positive,30.944708756102372,1.0,False,False,False
VS003157,AD000843,FA003,T1,train,neighbour_says_shifted,2732.8,-2595.5,2714.0,-2613.0,trail_tail,2.0,positive,32.01144326643211,1.0,False,False,False
VS003158,AD002124,FA003,T1,test,met_family,2358.8,-2342.8,2369.6069333077166,-2293.3592087821107,dwell,8.0,positive,41.30217911926687,1.0,False,False,False
VS003159,AD000538,FA006,T2,train,met_family,1282.1,-1759.1,1283.2337813877105,-1770.091639871502,dwell,3.0,positive,34.04063747934226,1.0,False,False,False
VS003160,AD001752,FA006,T2,train,neighbour_says_shifted,1460.1,-2276.7,1461.0,-2267.5,trail_tail,2.0,positive,18.314338644897877,1.0,False,False,False
VS003161,AD002973,FA006,T2,train,locked_premises,940.8,-2369.3,940.8,-2369.3,checkin,,positive,34.25481717948587,1.0,False,False,False
VS003162,AD001495,FA006,T2,train,met_family,1275.2,-1850.3,1254.6062741460157,-1854.0289022507056,dwell,7.0,positive,34.27816360308704,1.0,False,False,False
VS003163,AD001013,FA006,T2,train,no_such_person,1349.2,-2081.7,1349.2,-2081.7,checkin,,positive,51.87227101255544,1.0,False,False,False
VS003164,AD002059,FA006,T2,train,no_such_person,1213.6,-2023.3,1219.6666666666667,-2031.6666666666667,trail_tail,3.0,positive,47.463696653337074,1.0,False,False,False
VS003165,AD002576,FA006,T2,train,locked_premises,1446.4,-2343.3,1443.0,-2342.25,trail_tail,4.0,positive,30.430453496456483,1.0,False,False,False
VS003166,AD001741,FA006,T2,validation,met_family,1571.2,-1874.4,1576.2216625168696,-1864.5339877022668,dwell,5.0,positive,32.30077398453481,1.0,False,False,False
VS003167,AD001765,FA004,T2,train,locked_premises,2313.7,-1098.7,2313.7,-1098.7,checkin,,positive,50.19387159257315,1.1098606920552958,False,False,False
VS003168,AD000150,FA004,T2,train,locked_premises,2587.5,-1226.2,2587.5,-1226.2,checkin,,positive,38.26626005119122,1.1098606920552958,False,False,False
VS003169,AD002953,FA004,T2,train,address_not_traceable,668.9,-1422.9,674.3333333333334,-1426.6666666666667,trail_tail,3.0,negative,,1.1098606920552958,False,False,False
VS003170,AD000768,FA004,T2,test,met_borrower,2661.7,-1608.6,2645.6,-1615.4,trail_tail,5.0,positive,56.78987545452136,1.1098606920552958,False,False,False
VS003171,AD000797,FA004,T2,validation,locked_premises,2496.0,-1128.0,2491.6,-1155.4,trail_tail,5.0,positive,38.33536590510533,1.1098606920552958,False,False,False
VS003172,AD000495,FA004,T2,train,address_not_traceable,2473.1,-1456.7,2463.0,-1453.5,trail_tail,2.0,negative,,1.1098606920552958,False,False,False
VS003173,AD001133,FA004,T2,train,locked_premises,2392.7,-1241.4,2392.7,-1241.4,checkin,,positive,47.96412288877721,1.1098606920552958,False,False,False
VS003174,AD001855,FA004,T2,train,met_borrower,2446.1,-1204.7,2434.5384615384614,-1202.6923076923076,trail_tail,13.0,positive,56.445827941593244,1.1098606920552958,False,False,False
VS003175,AD003077,FA004,T2,train,met_borrower,2922.0,-1524.9,2929.1,-1524.7,trail_tail,10.0,positive,57.10556826003011,1.1098606920552958,False,False,False
VS003176,AD002772,FA004,T2,train,locked_premises,2526.2,-929.0,2528.5,-909.5,trail_tail,2.0,positive,35.911497457783554,1.1098606920552958,False,False,False
VS003177,AD000355,FA005,T2,train,met_borrower,692.6,-3298.6,691.6363636363636,-3290.4545454545455,trail_tail,11.0,positive,50.39265819541573,1.0,False,False,False
VS003178,AD001493,FA005,T2,train,met_family,659.5,-2905.3,659.9188095926035,-2910.1957237792544,dwell,8.0,positive,31.11181447617608,1.0,False,False,False
VS003179,AD001232,FA005,T2,train,met_borrower,370.9,-2842.5,386.74757716654534,-2973.232059828581,dwell,,positive,50.87705769794476,1.0,False,False,False
VS003180,AD000141,FA005,T2,train,address_not_traceable,1596.8,-1694.4,1596.8,-1694.4,checkin,,negative,,1.0,False,False,False
VS003181,AD000924,FA005,T2,train,met_borrower,471.9,-2780.5,505.2,-2715.0,trail_tail,5.0,positive,60.86267328995663,1.0,False,False,False
VS003182,AD000069,FA005,T2,train,met_family,713.0,-3440.1,721.3940459526817,-3435.4777303608616,dwell,10.0,positive,30.906997589542723,1.0,False,False,False
VS003183,AD001794,FA005,T2,train,address_not_traceable,445.8,-2847.6,450.5,-2850.5,trail_tail,2.0,negative,,1.0,False,False,False
VS003184,AD000176,FA005,T2,train,address_not_traceable,906.3,-2970.3,906.3,-2970.3,checkin,,negative,,1.0,False,False,False
VS003185,AD002064,FA005,T2,train,locked_premises,106.1,-2982.3,227.11475409836063,-3244.065573770492,dwell,,positive,30.92773835895537,1.0,False,False,False
VS003186,AD002401,FA005,T2,validation,locked_premises,612.2,-3491.8,611.0,-3462.5,trail_tail,2.0,positive,33.60996875928335,1.0,False,False,False
VS003187,AD001845,FA009,T3,test,locked_premises,-3727.9,-764.3,-3727.9,-764.3,checkin,,positive,32.927572033176105,1.0,True,True,True
VS003188,AD001524,FA009,T3,train,locked_premises,4311.0,184.1,4311.0,184.1,checkin,,positive,33.558344714839556,1.0,False,False,False
VS003189,AD002139,FA009,T3,validation,met_borrower,-3792.1,-704.8,-3789.269121813031,-727.0056657223796,dwell,,positive,52.340734614638336,1.0,False,True,True
VS003190,AD000142,FA009,T3,train,met_borrower,3912.3,805.3,3976.4,781.6,trail_tail,5.0,positive,61.97301832249252,1.0,False,False,False
VS003191,AD001812,FA009,T3,test,locked_premises,3837.1,597.9,3842.75,580.75,trail_tail,4.0,positive,33.95960836052147,1.0,False,False,False
VS003192,AD002603,FA009,T3,train,locked_premises,3745.7,92.6,3724.0,115.5,trail_tail,2.0,positive,35.82949204217104,1.0,False,False,False
VS003193,AD001885,FA009,T3,train,address_not_traceable,824.3,-212.8,824.3,-212.8,checkin,,negative,,1.0,False,False,False
VS003194,AD001748,FA009,T3,train,locked_premises,3899.1,139.2,3888.0,131.66666666666666,trail_tail,3.0,positive,32.38784494220015,1.0,False,False,False
VS003195,AD000252,FA007,T3,validation,address_not_traceable,3518.8,482.8,3521.5,474.5,trail_tail,2.0,negative,,1.3663037714355222,False,False,False
VS003196,AD000850,FA007,T3,train,locked_premises,3761.8,220.1,3761.8,220.1,checkin,,positive,42.7013648055964,1.3663037714355222,False,False,False
VS003197,AD001920,FA007,T3,train,locked_premises,3438.2,598.0,3438.2,598.0,checkin,,positive,47.22057319357537,1.3663037714355222,False,False,False
VS003198,AD001977,FA007,T3,test,met_family,3708.4,474.0,3708.4,474.0,checkin,,positive,49.18845386355341,1.3663037714355222,False,False,False
VS003199,AD001801,FA007,T3,validation,address_not_traceable,3561.0,674.4,3563.0,675.3333333333334,trail_tail,3.0,negative,,1.3663037714355222,False,False,False
VS003200,AD000556,FA007,T3,train,met_family,3824.9,208.4,3816.8227146814406,200.9224376731302,dwell,5.0,positive,42.50352313300863,1.3663037714355222,False,False,False
VS003201,AD001574,FA007,T3,train,address_not_traceable,3922.4,-22.6,3922.4,-22.6,checkin,,negative,,1.3663037714355222,False,False,False
VS003202,AD001040,FA008,T3,train,met_borrower,869.6,-1117.6,857.0,-1110.5,trail_tail,2.0,positive,74.67485553748381,1.4612131704915665,False,False,False
VS003203,AD002730,FA008,T3,train,address_not_traceable,2540.7,-1851.9,2544.6666666666665,-1845.3333333333333,trail_tail,3.0,negative,,1.4612131704915665,False,False,False
VS003204,AD002614,FA008,T3,validation,neighbour_says_shifted,675.1,-799.5,665.1799879847807,-814.1907616313998,dwell,4.0,positive,31.121610900995673,1.4612131704915665,False,False,False
VS003205,AD000787,FA008,T3,train,locked_premises,1077.0,-1178.0,1093.5,-1176.5,trail_tail,2.0,positive,46.37389693944819,1.4612131704915665,False,False,False
VS003206,AD000596,FA008,T3,train,address_not_traceable,1245.3,-586.5,1245.3,-586.5,checkin,,negative,,1.4612131704915665,False,False,False
VS003207,AD001197,FA008,T3,train,address_not_traceable,1199.8,-458.9,1199.8,-458.9,checkin,,negative,,1.4612131704915665,False,False,False
VS003208,AD000570,FA008,T3,train,address_not_traceable,779.6,-777.0,767.0,-763.5,trail_tail,2.0,negative,,1.4612131704915665,False,False,False
VS003209,AD002905,FA008,T3,train,address_not_traceable,635.5,-817.8,635.5,-817.8,checkin,,negative,,1.4612131704915665,False,False,False
VS003210,AD002901,FA008,T3,train,met_family,854.2,-1179.2,910.1693759832198,-1234.0099632931306,dwell,9.0,positive,72.2918141338895,1.4612131704915665,False,False,False
VS003211,AD002445,FA008,T3,train,address_not_traceable,810.0,-944.3,810.0,-944.3,checkin,,negative,,1.4612131704915665,False,False,False
VS003212,AD002537,FA001,T1,train,address_not_traceable,2782.2,-2486.9,2791.3333333333335,-2489.6666666666665,trail_tail,3.0,negative,,1.0,False,False,False
VS003213,AD000287,FA001,T1,test,locked_premises,2779.3,-2405.5,2771.5,-2406.75,trail_tail,4.0,positive,30.669936419888458,1.0,False,False,False
VS003214,AD000529,FA001,T1,test,met_family,2816.5,-2100.7,2820.1214273605206,-2101.0875334384978,dwell,,positive,33.52528896221475,1.0,False,False,False
VS003215,AD002247,FA001,T1,test,address_not_traceable,1977.6,-553.0,1977.6,-553.0,checkin,,negative,,1.0,False,False,False
VS003216,AD000114,FA001,T1,train,met_borrower,2665.5,-1864.0,2700.25,-1871.0,trail_tail,4.0,positive,55.221123675637024,1.0,False,False,False
VS003217,AD001579,FA001,T1,validation,address_not_traceable,2491.5,-2384.7,2482.5,-2358.0,trail_tail,2.0,negative,,1.0,False,False,False
VS003218,AD002925,FA001,T1,train,locked_premises,2573.4,-1986.4,2579.0,-1990.0,trail_tail,2.0,positive,31.310860735533918,1.0,False,False,False
VS003219,AD002757,FA001,T1,train,locked_premises,2368.0,-2152.3,2401.0,-2149.0,trail_tail,2.0,positive,36.650136425394116,1.0,False,False,False
VS003220,AD002579,FA003,T1,train,met_borrower,-2014.8,-2599.9,-2004.25,-2589.75,trail_tail,12.0,positive,50.83033051240175,1.0,False,False,False
VS003221,AD000172,FA003,T1,train,met_borrower,-2154.2,-2638.4,-2202.625,-2691.25,trail_tail,8.0,positive,61.20245093131486,1.0,False,False,False
VS003222,AD002317,FA003,T1,train,met_family,-2241.2,-2186.2,-2386.5368769817624,-2021.8110222367568,dwell,,positive,31.743030731169938,1.0,False,False,False
VS003223,AD000599,FA003,T1,train,address_not_traceable,-1168.1,-2341.2,-1180.0,-2346.5,trail_tail,2.0,negative,,1.0,False,False,False
VS003224,AD001335,FA003,T1,train,locked_premises,868.7,-2937.9,868.7,-2937.9,checkin,,positive,32.619242787042126,1.0,False,False,False
VS003225,AD000984,FA003,T1,train,met_family,-2387.8,-2247.0,-2364.2695876386356,-2259.017716143096,dwell,9.0,positive,33.709049230139996,1.0,False,False,False
VS003226,AD002571,FA003,T1,test,met_family,-2132.8,-2396.2,-2132.8,-2396.2,checkin,,positive,49.583565825785485,1.0,False,False,False
VS003227,AD002183,FA003,T1,test,address_not_traceable,-2328.4,-2415.5,-2328.4,-2415.5,checkin,,negative,,1.0,False,False,False
VS003228,AD001732,FA003,T1,test,met_family,-2019.8,-2742.0,-2001.7720212728489,-2747.903321241151,dwell,9.0,positive,31.65390971112415,1.0,False,False,False
VS003229,AD001240,FA002,T1,train,no_such_person,1581.5,-299.4,1581.5,-299.4,checkin,,positive,51.23175284918524,1.0,False,False,False
VS003230,AD000788,FA002,T1,train,address_not_traceable,1337.0,-289.9,1338.0,-282.3333333333333,trail_tail,3.0,negative,,1.0,False,False,False
VS003231,AD000488,FA002,T1,train,neighbour_says_shifted,1234.5,223.1,1239.0,213.33333333333334,trail_tail,3.0,positive,21.404789183731754,1.0,False,False,False
VS003232,AD001035,FA002,T1,train,cash_collected,1024.3,-608.0,929.3835598196137,-466.2194724327587,dwell,,positive,65.82539403604054,1.0,False,False,False
VS003233,AD000247,FA002,T1,validation,address_not_traceable,-1671.6,1590.0,-1671.6,1590.0,checkin,,negative,,1.0,False,False,False
VS003234,AD002062,FA002,T1,validation,met_family,910.7,-92.7,904.3205276556353,-90.612358250405,dwell,4.0,positive,31.271952289551734,1.0,False,False,False
VS003235,AD003094,FA002,T1,test,cash_collected,890.9,-178.9,897.0,-170.5,trail_tail,6.0,positive,65.59965701129848,1.0,False,False,False
VS003236,AD003042,FA002,T1,test,address_not_traceable,1389.8,32.6,1376.5,26.5,trail_tail,2.0,negative,,1.0,False,False,False
VS003237,AD002995,FA002,T1,train,neighbour_says_shifted,1011.3,240.1,976.4321032660026,233.6039868100548,dwell,5.0,positive,22.43356859708235,1.0,False,False,False
VS003238,AD000412,FA005,T2,validation,locked_premises,1370.5,-2139.2,1342.5,-2136.5,trail_tail,2.0,positive,37.29520746691188,1.0,False,False,False
VS003239,AD000860,FA005,T2,train,locked_premises,1402.3,-1776.7,1340.9744136460554,-1838.8251599147122,dwell,,positive,30.531049769046593,1.0,False,False,False
VS003240,AD002225,FA005,T2,train,neighbour_says_shifted,-895.9,-347.3,-933.3990756323548,-616.712242791527,dwell,,positive,17.81474108708852,1.0,False,False,False
VS003241,AD002091,FA005,T2,test,no_such_person,1767.7,-2196.3,1771.0,-2200.8333333333335,trail_tail,6.0,positive,45.19341766231007,1.0,False,False,False
VS003242,AD000964,FA005,T2,validation,locked_premises,1075.8,-1905.7,1074.4,-1891.4,trail_tail,5.0,positive,33.49958954972434,1.0,False,False,False
VS003243,AD000337,FA005,T2,train,met_borrower,1554.5,-2000.2,1488.7,-2030.6,trail_tail,10.0,positive,63.40080835446816,1.0,False,False,False
VS003244,AD002440,FA005,T2,train,met_family,1122.6,-1815.9,1130.666414876148,-1807.691805761096,dwell,7.0,positive,30.98116363211686,1.0,False,False,False
VS003245,AD002272,FA006,T2,train,address_not_traceable,3039.8,371.7,3039.8,371.7,checkin,,negative,,1.0,False,False,False
VS003246,AD002751,FA006,T2,train,met_family,3080.5,447.0,3112.7062775964673,460.5047033979651,dwell,5.0,positive,37.51563007600966,1.0,False,False,False
VS003247,AD001726,FA006,T2,validation,locked_premises,2921.2,890.9,2921.2,890.9,checkin,,positive,32.861109232647635,1.0,False,False,False
VS003248,AD001712,FA006,T2,train,locked_premises,3001.7,781.0,3009.5,755.0,trail_tail,2.0,positive,35.16791861910513,1.0,False,False,False
VS003249,AD001254,FA006,T2,train,met_family,2723.1,267.4,2733.595744680851,262.86209613869187,dwell,5.0,positive,30.700692174607404,1.0,False,False,False
VS003250,AD002872,FA006,T2,test,met_family,3254.0,284.6,3288.4812981931173,290.88721371849465,dwell,2.0,positive,36.31707587347858,1.0,False,False,False
VS003251,AD002568,FA006,T2,validation,no_such_person,3168.2,343.8,3162.5,337.5,trail_tail,2.0,positive,46.46945233161243,1.0,False,False,False
VS003252,AD001503,FA004,T2,train,neighbour_says_shifted,2887.1,-1496.2,2895.6663709866816,-1486.2449240254966,dwell,3.0,positive,21.886286817844653,1.1098606920552958,False,False,False
VS003253,AD001944,FA004,T2,train,locked_premises,2496.8,-697.2,2496.0,-708.5,trail_tail,2.0,positive,35.27925758068866,1.1098606920552958,False,False,False
VS003254,AD001683,FA004,T2,validation,locked_premises,2698.5,-1371.1,2708.0,-1378.75,trail_tail,4.0,positive,34.390014530138735,1.1098606920552958,False,False,False
VS003255,AD002540,FA004,T2,train,met_borrower,2476.3,-1583.8,2476.3,-1583.8,checkin,,positive,57.21159626629666,1.1098606920552958,False,False,False
VS003256,AD003087,FA004,T2,train,no_such_person,2517.2,-1329.5,2517.2,-1329.5,checkin,,positive,50.79262027278728,1.1098606920552958,False,False,False
VS003257,AD001450,FA004,T2,test,neighbour_says_shifted,2483.3,-1042.6,2488.5,-1064.0,trail_tail,2.0,positive,30.4347297358273,1.1098606920552958,False,False,False
VS003258,AD001971,FA004,T2,train,address_not_traceable,2326.4,-1441.0,2319.5,-1444.0,trail_tail,2.0,negative,,1.1098606920552958,False,False,False
VS003259,AD002262,FA004,T2,validation,met_borrower,2607.3,-1668.2,2607.3,-1668.2,checkin,,positive,56.48713923982544,1.1098606920552958,False,False,False
VS003260,AD000978,FA007,T3,train,neighbour_says_shifted,-1177.8,-604.3,-1186.2680658024117,-619.2816389071538,dwell,,positive,34.86598685818809,1.3663037714355222,False,False,False
VS003261,AD002254,FA007,T3,validation,cash_collected,-503.9,-333.1,-506.14285714285717,-333.14285714285717,trail_tail,7.0,positive,89.49388785452099,1.3663037714355222,False,False,False
VS003262,AD000099,FA007,T3,train,met_family,-344.8,-432.1,-356.36638945551545,-424.1429468068414,dwell,3.0,positive,43.45087667535251,1.3663037714355222,False,False,False
VS003263,AD000915,FA007,T3,train,address_not_traceable,-974.1,-1680.8,-975.6666666666666,-1678.0,trail_tail,3.0,negative,,1.3663037714355222,False,False,False
VS003264,AD001268,FA007,T3,validation,cash_collected,-540.1,-769.4,-548.0,-776.75,trail_tail,4.0,positive,90.692651873959,1.3663037714355222,False,False,False
VS003265,AD002667,FA007,T3,train,address_not_traceable,-695.5,-425.5,-695.3333333333334,-429.6666666666667,trail_tail,3.0,negative,,1.3663037714355222,False,False,False
VS003266,AD000348,FA007,T3,train,address_not_traceable,-800.4,-726.7,-800.4,-726.7,checkin,,negative,,1.3663037714355222,False,False,False
VS003267,AD000856,FA007,T3,train,address_not_traceable,-712.4,-354.5,-712.4,-354.5,checkin,,negative,,1.3663037714355222,False,False,False
VS003268,AD001563,FA007,T3,train,locked_premises,-719.4,-752.2,-710.0,-742.8,trail_tail,5.0,positive,43.177360996296514,1.3663037714355222,False,False,False
VS003269,AD000197,FA009,T3,validation,met_family,-2699.5,-152.7,-2679.0,-139.66666666666666,trail_tail,3.0,positive,33.899041284378534,1.0,False,False,False
VS003270,AD001079,FA009,T3,test,met_family,-2454.9,-94.7,-2456.796429022941,-96.44819068550702,dwell,8.0,positive,30.978621660751788,1.0,False,False,False
VS003271,AD002566,FA009,T3,train,locked_premises,-2628.9,-101.1,-2627.0,-98.2,trail_tail,5.0,positive,31.01878463125208,1.0,False,False,False
VS003272,AD002233,FA009,T3,train,locked_premises,-3740.8,-782.5,-3733.5,-790.6666666666666,trail_tail,6.0,positive,31.086693294720185,1.0,True,True,True
VS003273,AD000617,FA009,T3,train,met_family,2334.3,-787.0,2346.0,-780.5,trail_tail,2.0,positive,32.91978888146154,1.0,False,True,True
VS003274,AD001333,FA009,T3,train,no_such_person,-2570.2,-363.7,-2563.0,-396.0,trail_tail,2.0,positive,53.881745517382775,1.0,False,False,False
VS003275,AD000721,FA009,T3,validation,met_family,-3742.1,-767.3,-3735.795031055901,-768.4285714285716,dwell,8.0,positive,30.77961988069378,1.0,True,True,True
VS003276,AD001481,FA008,T3,train,locked_premises,2869.7,-1811.6,2869.7,-1811.6,checkin,,positive,49.05461496554551,1.4612131704915665,False,False,False
VS003277,AD000828,FA008,T3,train,address_not_traceable,-2242.3,-1679.5,-2242.3,-1679.5,checkin,,negative,,1.4612131704915665,False,False,False
VS003278,AD002635,FA008,T3,train,met_family,1284.0,711.6,1277.0,702.0,trail_tail,2.0,positive,47.06921230622877,1.4612131704915665,False,False,False
VS003279,AD002791,FA008,T3,train,address_not_traceable,-173.2,239.0,-173.2,239.0,checkin,,negative,,1.4612131704915665,False,False,False
VS003280,AD001272,FA008,T3,train,met_borrower,3122.7,-2334.1,3122.7,-2334.1,checkin,,positive,78.69097594159466,1.4612131704915665,False,False,False
VS003281,AD002714,FA008,T3,train,address_not_traceable,2871.0,-1949.5,2871.0,-1949.5,checkin,,negative,,1.4612131704915665,False,False,False
VS003282,AD002997,FA008,T3,train,address_not_traceable,1273.8,685.3,1281.6666666666667,678.6666666666666,trail_tail,3.0,negative,,1.4612131704915665,False,False,False
VS003283,AD001934,FA008,T3,train,neighbour_says_shifted,-2998.7,-721.4,-3020.7547673154827,-690.4816717715642,dwell,6.0,positive,40.957064911492665,1.4612131704915665,False,False,False
VS003284,AD001394,FA008,T3,train,address_not_traceable,2871.8,-2065.6,2871.8,-2065.6,checkin,,negative,,1.4612131704915665,False,False,False
VS003285,AD001116,FA008,T3,train,met_family,3114.7,-1943.0,3117.285080436617,-1946.2648011541498,dwell,9.0,positive,44.314346032040255,1.4612131704915665,False,False,False
VS003286,AD002457,FA003,T1,train,address_not_traceable,2969.5,-2179.7,2967.5,-2186.0,trail_tail,2.0,negative,,1.0,False,False,False
VS003287,AD001336,FA003,T1,train,locked_premises,2682.3,-1794.1,2695.0,-1793.5,trail_tail,2.0,positive,33.44076853183848,1.0,False,False,False
VS003288,AD002623,FA003,T1,test,address_not_traceable,1435.0,-794.2,1452.0,-782.0,trail_tail,2.0,negative,,1.0,False,False,False
VS003289,AD000389,FA003,T1,train,address_not_traceable,887.8,-1185.4,887.8,-1185.4,checkin,,negative,,1.0,False,False,False
VS003290,AD002404,FA003,T1,train,address_not_traceable,2946.1,-1934.5,2946.1,-1934.5,checkin,,negative,,1.0,False,False,False
VS003291,AD001799,FA003,T1,train,met_borrower,3204.5,-2176.6,3186.0,-2180.0,trail_tail,2.0,positive,55.45802466731032,1.0,False,False,False
VS003292,AD000813,FA003,T1,train,locked_premises,3038.5,-2306.4,3049.6666666666665,-2280.6666666666665,trail_tail,3.0,positive,34.74755387074033,1.0,False,False,False
VS003293,AD001836,FA002,T1,train,address_not_traceable,-3142.5,1062.4,-3151.0,1051.0,trail_tail,2.0,negative,,1.0,False,False,False
VS003294,AD000047,FA002,T1,train,locked_premises,-2461.3,1200.5,-2451.6666666666665,1195.0,trail_tail,3.0,positive,31.826011374346002,1.0,False,False,False
VS003295,AD000649,FA002,T1,validation,no_such_person,-2513.4,929.0,-2507.0,903.0,trail_tail,3.0,positive,47.48715615827084,1.0,False,False,False
VS003296,AD002510,FA002,T1,train,address_not_traceable,-1708.0,2664.6,-1709.0,2671.5,trail_tail,2.0,negative,,1.0,False,False,False
VS003297,AD001945,FA002,T1,train,no_such_person,-3016.4,713.6,-3016.4,713.6,checkin,,positive,49.127792541493235,1.0,False,False,False
VS003298,AD002468,FA002,T1,train,neighbour_says_shifted,-3066.6,1493.4,-3072.208367968966,1477.0182876142974,dwell,4.0,positive,19.59923467893583,1.0,False,False,False
VS003299,AD002828,FA002,T1,train,address_not_traceable,-1060.1,1375.3,-1060.1,1375.3,checkin,,negative,,1.0,False,False,False
VS003300,AD001808,FA001,T1,train,met_family,968.6,-3197.7,981.6212121212121,-3196.484848484849,dwell,4.0,positive,30.905703357147523,1.0,False,False,False
VS003301,AD000369,FA001,T1,validation,met_family,667.9,-3037.8,714.9369947030946,-3223.8998234364835,dwell,,positive,33.14622904645414,1.0,False,False,False
VS003302,AD002548,FA001,T1,train,met_family,696.5,-2940.3,731.2073874073513,-2922.176688962626,dwell,5.0,positive,35.899791085743125,1.0,False,False,False
VS003303,AD002993,FA001,T1,train,address_not_traceable,659.8,-3353.3,659.8,-3353.3,checkin,,negative,,1.0,False,False,False
VS003304,AD002270,FA001,T1,train,met_borrower,607.5,-2860.4,607.5,-2860.4,checkin,,positive,62.01042251105855,1.0,False,False,False
VS003305,AD001449,FA001,T1,test,address_not_traceable,1162.5,-1493.2,1162.5,-1493.2,checkin,,negative,,1.0,False,False,False
VS003306,AD000126,FA001,T1,train,no_such_person,916.7,-3215.8,909.75,-3205.75,trail_tail,4.0,positive,47.521810781997786,1.0,False,False,False
VS003307,AD001991,FA001,T1,train,met_family,335.6,-3277.5,349.8937725079168,-3262.60999005866,dwell,2.0,positive,34.97130966949908,1.0,False,False,False
VS003308,AD002502,FA001,T1,train,met_family,939.4,-3438.0,923.141924959217,-3421.05220228385,dwell,4.0,positive,33.6359926269465,1.0,False,False,False
VS003309,AD001057,FA001,T1,train,met_family,1082.3,-2882.0,1082.3,-2882.0,checkin,,positive,34.61751724199759,1.0,False,False,False
VS003310,AD002966,FA004,T2,train,met_borrower,418.8,2576.3,412.0,2576.0,trail_tail,2.0,positive,58.30511889484394,1.1098606920552958,False,False,False
VS003311,AD002206,FA004,T2,train,address_not_traceable,931.3,2766.7,929.0,2764.0,trail_tail,2.0,negative,,1.1098606920552958,False,False,False
VS003312,AD002057,FA004,T2,train,address_not_traceable,1761.0,2371.9,1761.0,2371.9,checkin,,negative,,1.1098606920552958,False,False,False
VS003313,AD002255,FA004,T2,train,address_not_traceable,889.8,2722.7,887.0,2730.0,trail_tail,2.0,negative,,1.1098606920552958,False,False,False
VS003314,AD001654,FA004,T2,train,neighbour_says_shifted,1102.0,2386.9,1074.0,2405.0,trail_tail,2.0,positive,32.9221518644513,1.1098606920552958,False,False,False
VS003315,AD003098,FA004,T2,train,locked_premises,756.5,3078.5,762.25,3083.25,trail_tail,4.0,positive,35.002426779542006,1.1098606920552958,False,False,False
VS003316,AD000204,FA004,T2,validation,met_borrower,982.7,2520.6,991.1111111111111,2517.777777777778,trail_tail,9.0,positive,56.21553965958661,1.1098606920552958,False,False,False
VS003317,AD002488,FA004,T2,validation,met_borrower,996.9,-364.3,1009.5,-358.75,trail_tail,4.0,positive,57.58278795835336,1.1098606920552958,False,False,False
VS003318,AD001807,FA004,T2,train,met_family,1030.7,3130.9,1004.5,3117.5,trail_tail,2.0,positive,39.31813672279004,1.1098606920552958,False,False,False
VS003319,AD002701,FA004,T2,validation,no_such_person,802.0,2944.6,802.0,2944.6,checkin,,positive,56.33349380332149,1.1098606920552958,False,False,False
VS003320,AD001673,FA005,T2,train,no_such_person,1115.4,-1768.1,1115.4,-1768.1,checkin,,positive,50.77009454393403,1.0,False,False,False
VS003321,AD002466,FA005,T2,train,met_family,1864.7,-2110.4,1858.0080552359032,-2104.2629459148447,dwell,10.0,positive,30.6532624691076,1.0,False,False,False
VS003322,AD002763,FA005,T2,validation,met_borrower,1814.4,-2197.8,1804.7692307692307,-2199.769230769231,trail_tail,13.0,positive,51.241487097858524,1.0,False,False,False
VS003323,AD000634,FA005,T2,train,locked_premises,1819.2,-1481.0,1812.0,-1570.0,trail_tail,3.0,positive,55.40857334384274,1.0,False,False,False
VS003324,AD002066,FA005,T2,train,locked_premises,1418.9,-2285.7,1417.75,-2283.0,trail_tail,4.0,positive,30.316909473097684,1.0,False,False,False
VS003325,AD000444,FA005,T2,train,neighbour_says_shifted,2677.3,-1694.3,2629.1106870229005,-1674.2366412213737,dwell,4.0,positive,29.95171113642764,1.0,False,False,False
VS003326,AD001489,FA005,T2,test,neighbour_says_shifted,1272.8,-1767.9,1280.7377514500802,-1772.2221399481675,dwell,6.0,positive,17.37879454968036,1.0,False,False,False
VS003327,AD000473,FA005,T2,train,met_family,1408.2,-1889.5,1416.8360655737706,-1898.7540983606557,dwell,5.0,positive,31.233355567405816,1.0,False,False,False
VS003328,AD002112,FA006,T2,test,met_family,-365.5,3278.7,-362.85719984044675,3279.563222975668,dwell,,positive,34.606285556239655,1.0,False,False,False
VS003329,AD002341,FA006,T2,train,met_family,-754.9,2734.2,-754.0372847399201,2718.477998909889,dwell,,positive,32.743739859704455,1.0,False,False,False
VS003330,AD002166,FA006,T2,train,neighbour_says_shifted,-949.5,3026.7,-983.0,3031.3333333333335,trail_tail,3.0,positive,23.357761022837796,1.0,False,False,False
VS003331,AD000198,FA006,T2,train,met_borrower,-495.9,3201.9,-517.4,3191.2,trail_tail,5.0,positive,52.13985999214038,1.0,False,False,False
VS003332,AD000088,FA006,T2,validation,locked_premises,-465.3,3183.3,-465.3,3183.3,checkin,,positive,33.206851702623055,1.0,False,False,False
VS003333,AD000284,FA006,T2,train,neighbour_says_shifted,-456.1,3047.7,-456.1,3047.7,checkin,,positive,22.405021758525496,1.0,False,False,False
VS003334,AD002903,FA009,T3,train,neighbour_says_shifted,-2251.1,1658.1,-2246.363055481156,1649.802922008788,dwell,7.0,positive,18.684619343192402,1.0,False,False,False
VS003335,AD002696,FA009,T3,validation,address_not_traceable,2325.9,-766.6,2323.0,-771.6666666666666,trail_tail,3.0,negative,,1.0,True,True,True
VS003336,AD001212,FA009,T3,test,locked_premises,2322.8,-772.6,2320.8571428571427,-776.2857142857143,trail_tail,7.0,positive,30.572046055179236,1.0,True,True,True
VS003337,AD001436,FA009,T3,train,locked_premises,2316.2,-746.1,2314.5,-766.0,trail_tail,2.0,positive,37.11337360036136,1.0,True,True,True
VS003338,AD001220,FA009,T3,train,locked_premises,2321.8,-775.7,2327.5,-757.5,trail_tail,2.0,positive,36.428457282734335,1.0,False,True,True
VS003339,AD001872,FA009,T3,train,address_not_traceable,-2228.2,393.9,-2228.2,393.9,checkin,,negative,,1.0,False,False,False
VS003340,AD002415,FA007,T3,train,met_family,-2725.9,-23.8,-2690.3333333333335,-47.333333333333336,trail_tail,3.0,positive,50.37294444251855,1.3663037714355222,False,False,False
VS003341,AD000950,FA007,T3,validation,met_borrower,-3042.8,-231.3,-3018.6666666666665,-246.83333333333334,trail_tail,6.0,positive,74.90089861343444,1.3663037714355222,False,False,False
VS003342,AD002655,FA007,T3,train,met_family,-3001.7,64.0,-3001.7,64.0,checkin,,positive,73.99165691266643,1.3663037714355222,False,False,False
VS003343,AD002977,FA007,T3,train,met_family,-2660.8,-495.1,-2667.9196096103215,-490.9597277233594,dwell,12.0,positive,41.78885371283204,1.3663037714355222,False,False,False
VS003344,AD001437,FA007,T3,train,met_family,-2157.6,-509.1,-2423.106070612141,-612.4713436626873,dwell,,positive,45.29358825586889,1.3663037714355222,False,False,False
VS003345,AD002590,FA007,T3,train,no_such_person,-2319.8,-267.5,-2318.0,-261.0,trail_tail,3.0,positive,62.1979310094952,1.3663037714355222,False,False,False
VS003346,AD000288,FA007,T3,train,no_such_person,-3059.1,-561.7,-3036.3333333333335,-596.0,trail_tail,3.0,positive,67.66604771806968,1.3663037714355222,False,False,False
VS003347,AD002522,FA007,T3,test,no_such_person,-2405.5,-92.9,-2405.5,-92.9,checkin,,positive,76.43312612086545,1.3663037714355222,False,False,False
VS003348,AD000943,FA007,T3,test,met_family,-2594.8,-473.2,-2594.8,-473.2,checkin,,positive,56.536091569327375,1.3663037714355222,False,False,False
VS003349,AD000078,FA007,T3,train,locked_premises,-2499.3,-166.9,-2539.0,-131.5,trail_tail,2.0,positive,57.19633831477319,1.3663037714355222,False,False,False
VS003350,AD002023,FA008,T3,train,met_family,-2841.3,1707.2,-2773.6089965397923,1743.8581314878893,dwell,,positive,78.54999403431796,1.4612131704915665,False,False,False
VS003351,AD001578,FA008,T3,train,met_family,-2219.1,1724.0,-2263.992614353394,1707.6360758838987,dwell,2.0,positive,54.96575295826776,1.4612131704915665,False,False,False
VS003352,AD002229,FA008,T3,train,locked_premises,-2353.5,1311.1,-2353.5,1311.1,checkin,,positive,67.40731724391543,1.4612131704915665,False,False,False
VS003353,AD000484,FA008,T3,test,locked_premises,-2033.2,1682.4,-2033.2,1682.4,checkin,,positive,49.632014900058216,1.4612131704915665,False,False,False
VS003354,AD001036,FA008,T3,train,locked_premises,-2334.9,1811.3,-2334.9,1811.3,checkin,,positive,46.77970757309677,1.4612131704915665,False,False,False
VS003355,AD002989,FA008,T3,train,met_borrower,-2628.9,1730.9,-2628.9,1730.9,checkin,,positive,75.74956417151918,1.4612131704915665,False,False,False
VS003356,AD001469,FA008,T3,train,met_family,-2617.8,1438.0,-2622.3412548756232,1437.9131428719036,dwell,6.0,positive,46.221939799778816,1.4612131704915665,False,False,False
VS003357,AD002400,FA008,T3,train,address_not_traceable,-2397.4,1721.0,-2397.4,1721.0,checkin,,negative,,1.4612131704915665,False,False,False
VS003358,AD001540,FA008,T3,train,met_borrower,-2370.9,1808.8,-2372.090909090909,1820.909090909091,trail_tail,11.0,positive,73.8384501027664,1.4612131704915665,False,False,False
VS003359,AD001433,FA001,T1,train,met_family,2748.6,-2448.5,2733.6666666666665,-2466.6666666666665,trail_tail,3.0,positive,34.6525973052526,1.0,False,False,False
VS003360,AD001233,FA001,T1,test,address_not_traceable,3156.8,-2461.5,3149.0,-2481.0,trail_tail,2.0,negative,,1.0,False,False,False
VS003361,AD000652,FA001,T1,train,met_family,2861.7,-2282.9,2855.719101123595,-2273.2022471910113,dwell,4.0,positive,31.14763233377458,1.0,False,False,False
VS003362,AD000667,FA001,T1,test,address_not_traceable,2857.6,-2148.6,2862.5,-2158.0,trail_tail,2.0,negative,,1.0,False,False,False
VS003363,AD001746,FA001,T1,train,met_borrower,3000.3,-2183.9,3024.0,-2188.5,trail_tail,2.0,positive,52.64622493588688,1.0,False,False,False
VS003364,AD001236,FA001,T1,train,met_borrower,2967.3,-2627.1,2933.8571428571427,-2639.0,trail_tail,7.0,positive,53.1970393913045,1.0,False,False,False
VS003365,AD000955,FA001,T1,train,locked_premises,3118.6,-1932.9,3146.0,-1918.5,trail_tail,2.0,positive,33.86521076266914,1.0,False,False,False
VS003366,AD001047,FA001,T1,validation,address_not_traceable,2788.5,-1578.8,2780.0,-1565.5,trail_tail,2.0,negative,,1.0,False,False,False
VS003367,AD000138,FA002,T1,train,met_borrower,643.0,-3067.8,613.75,-3087.25,trail_tail,4.0,positive,53.53830404486118,1.0,False,False,False
VS003368,AD001462,FA002,T1,validation,met_borrower,964.0,-3342.5,960.25,-3347.5,trail_tail,4.0,positive,50.840657942241464,1.0,False,False,False
VS003369,AD000608,FA002,T1,train,met_family,926.1,-3316.5,909.5743152034535,-3347.94599250908,dwell,,positive,43.423783805651944,1.0,False,False,False
VS003370,AD000936,FA002,T1,train,met_borrower,1089.5,-3014.5,1089.5,-3014.5,checkin,,positive,50.36998113956368,1.0,False,False,False
VS003371,AD001972,FA002,T1,validation,met_borrower,672.1,-2928.1,672.1,-2928.1,checkin,,positive,67.88037271553536,1.0,False,False,False
VS003372,AD001083,FA002,T1,train,neighbour_says_shifted,760.1,-3306.8,802.6666666666666,-3285.3333333333335,trail_tail,3.0,positive,28.601617087150874,1.0,False,False,False
VS003373,AD002179,FA002,T1,train,address_not_traceable,1376.5,-1597.3,1391.3333333333333,-1600.0,trail_tail,3.0,negative,,1.0,False,False,False
VS003374,AD002624,FA002,T1,validation,locked_premises,531.0,-3473.8,531.0,-3473.8,checkin,,positive,32.122733383073104,1.0,False,False,False
VS003375,AD002061,FA002,T1,train,locked_premises,790.9,-2987.4,784.0,-2991.5,trail_tail,2.0,positive,32.09334043068748,1.0,False,False,False
VS003376,AD000623,FA003,T1,test,locked_premises,2240.0,1218.3,2240.0,1218.3,checkin,,positive,33.5519373509191,1.0,False,False,False
VS003377,AD000919,FA003,T1,train,met_borrower,3038.2,-2551.4,3006.8,-2517.6,trail_tail,10.0,positive,55.07640148012575,1.0,False,False,False
VS003378,AD000719,FA003,T1,train,neighbour_says_shifted,2758.2,-1835.1,2758.2,-1835.1,checkin,,positive,34.72466702504142,1.0,False,False,False
VS003379,AD000309,FA003,T1,test,met_borrower,2764.5,-1793.2,2764.5,-1793.2,checkin,,positive,52.568170027118114,1.0,False,False,False
VS003380,AD001256,FA003,T1,train,no_such_person,3327.4,-2013.0,3327.4,-2013.0,checkin,,positive,49.55895479123829,1.0,False,False,False
VS003381,AD003004,FA003,T1,train,met_family,2992.2,-2512.6,2992.4444444444443,-2510.111111111111,dwell,5.0,positive,30.454063768239536,1.0,False,False,False
VS003382,AD000524,FA003,T1,validation,met_family,2883.3,-1689.0,2606.9852398523985,-1656.6629766297663,dwell,,positive,30.65244688438429,1.0,False,False,False
VS003383,AD002332,FA003,T1,train,met_borrower,3128.9,-2094.1,3121.3,-2077.3,trail_tail,10.0,positive,51.23616886536306,1.0,False,False,False
VS003384,AD003099,FA003,T1,train,met_family,2715.7,-2250.2,2717.198189134809,-2216.1348088531186,dwell,9.0,positive,34.30061952793269,1.0,False,False,False
VS003385,AD002664,FA004,T2,train,locked_premises,1222.4,-2400.0,1222.4,-2400.0,checkin,,positive,40.27953420850577,1.1098606920552958,False,False,False
VS003386,AD002821,FA004,T2,validation,met_borrower,1283.1,-2534.2,1283.1,-2534.2,checkin,,positive,61.44722948601329,1.1098606920552958,False,False,False
VS003387,AD000173,FA004,T2,train,met_borrower,1421.4,-2342.4,1442.4,-2343.6,trail_tail,5.0,positive,58.123437291581745,1.1098606920552958,False,False,False
VS003388,AD002661,FA004,T2,train,met_family,1768.8,-1740.0,1765.7555982422443,-1738.413756808673,dwell,2.0,positive,36.00073998542186,1.1098606920552958,False,False,False
VS003389,AD002794,FA004,T2,validation,locked_premises,1593.7,-2381.1,1624.5,-2313.5,trail_tail,2.0,positive,52.48227159827163,1.1098606920552958,False,False,False
VS003390,AD001833,FA004,T2,test,locked_premises,1535.9,-2430.1,1535.9,-2430.1,checkin,,positive,38.37045402232905,1.1098606920552958,False,False,False
VS003391,AD001714,FA004,T2,train,neighbour_says_shifted,2389.3,2156.4,2389.3,2156.4,checkin,,positive,22.402215720604104,1.1098606920552958,False,False,False
VS003392,AD000560,FA004,T2,train,met_borrower,1280.3,-2457.5,1289.4545454545455,-2462.2727272727275,trail_tail,11.0,positive,56.07790121527853,1.1098606920552958,False,False,False
VS003393,AD000032,FA004,T2,train,met_borrower,2103.5,-1700.1,1861.5657767303455,-1609.8285227122396,dwell,,positive,56.082294184643025,1.1098606920552958,False,False,False
VS003394,AD003015,FA005,T2,test,locked_premises,957.2,2461.3,973.25,2456.75,trail_tail,4.0,positive,31.28086475786755,1.0,False,False,False
VS003395,AD002669,FA005,T2,train,address_not_traceable,-832.1,430.4,-848.5,429.0,trail_tail,2.0,negative,,1.0,False,False,False
VS003396,AD003060,FA005,T2,train,locked_premises,847.2,2709.4,847.2,2709.4,checkin,,positive,44.916144090961296,1.0,False,False,False
VS003397,AD000792,FA005,T2,train,address_not_traceable,1046.5,873.9,1046.5,873.9,checkin,,negative,,1.0,False,False,False
VS003398,AD000027,FA005,T2,validation,locked_premises,907.5,2916.2,915.0,2915.6666666666665,trail_tail,3.0,positive,30.492171126372753,1.0,False,False,False
VS003399,AD001697,FA005,T2,train,met_family,832.0,3243.3,829.8117289468979,3209.9072054353655,dwell,,positive,39.0386026901579,1.0,False,False,False
VS003400,AD003065,FA005,T2,train,met_family,661.3,2806.9,661.3,2806.9,checkin,,positive,33.22386190676816,1.0,False,False,False
VS003401,AD002339,FA005,T2,test,met_family,1088.4,2967.4,1096.079723183391,2984.660207612457,dwell,,positive,33.95938750919985,1.0,False,False,False
VS003402,AD000049,FA005,T2,train,cash_collected,782.2,2401.8,759.3333333333334,2403.3333333333335,trail_tail,3.0,positive,67.58905236796859,1.0,False,False,False
VS003403,AD000846,FA006,T2,train,met_family,-1881.4,-3259.6,-1863.2906470424252,-3256.630206997629,dwell,,positive,35.20497123986897,1.0,False,False,False
VS003404,AD001647,FA006,T2,train,locked_premises,-1636.3,-2882.5,-1636.3,-2882.5,checkin,,positive,34.44452060923479,1.0,False,False,False
VS003405,AD001447,FA006,T2,validation,locked_premises,-1341.0,-2871.9,-1339.0,-2866.6666666666665,trail_tail,3.0,positive,32.031429877543715,1.0,False,False,False
VS003406,AD002131,FA006,T2,validation,address_not_traceable,-1626.6,-2357.4,-1624.5,-2364.0,trail_tail,2.0,negative,,1.0,False,False,False
VS003407,AD000194,FA006,T2,train,address_not_traceable,-812.1,-1223.1,-818.5,-1223.5,trail_tail,2.0,negative,,1.0,False,False,False
VS003408,AD000379,FA006,T2,train,met_borrower,-2111.5,-2652.7,-2123.375,-2656.625,trail_tail,8.0,positive,51.60886551746706,1.0,False,False,False
VS003409,AD002932,FA007,T3,test,no_such_person,-619.4,-3434.1,-610.25,-3439.75,trail_tail,4.0,positive,62.45671047909922,1.3663037714355222,False,False,False
VS003410,AD001520,FA007,T3,train,met_family,-617.4,-3693.6,-626.1273758483125,-3705.417537023928,dwell,2.0,positive,45.474932903859184,1.3663037714355222,False,False,False
VS003411,AD000576,FA007,T3,train,locked_premises,-477.1,-3675.9,-483.25,-3687.25,trail_tail,4.0,positive,42.74489592170429,1.3663037714355222,False,False,False
VS003412,AD000607,FA007,T3,train,locked_premises,-862.8,-3920.9,-862.8,-3920.9,checkin,,positive,61.81241163802375,1.3663037714355222,False,False,False
VS003413,AD001386,FA007,T3,train,neighbour_says_shifted,-403.1,-3393.0,-398.93779904306217,-3396.7559808612436,dwell,2.0,positive,22.75593184975625,1.3663037714355222,False,False,False
VS003414,AD001620,FA007,T3,train,met_family,-16.4,-3361.7,-16.4,-3361.7,checkin,,positive,50.087147684741,1.3663037714355222,False,False,False
VS003415,AD000258,FA007,T3,train,address_not_traceable,-1954.1,-1730.2,-1954.0,-1714.0,trail_tail,2.0,negative,,1.3663037714355222,False,False,False
VS003416,AD001219,FA007,T3,train,address_not_traceable,686.8,-3477.5,690.5,-3481.0,trail_tail,2.0,negative,,1.3663037714355222,False,False,False
VS003417,AD001443,FA007,T3,train,locked_premises,-678.2,-3267.0,-683.25,-3264.0,trail_tail,4.0,positive,42.84402723494164,1.3663037714355222,False,False,False
VS003418,AD002402,FA007,T3,validation,met_borrower,-80.6,-3750.5,-282.8351978171896,-3860.33007031168,dwell,,positive,75.26390080362881,1.3663037714355222,False,False,False
VS003419,AD001755,FA009,T3,train,met_family,579.8,-877.1,593.7116901208894,-865.108297450159,dwell,,positive,37.54027836870686,1.0,False,False,False
VS003420,AD000639,FA009,T3,train,address_not_traceable,2338.5,-772.5,2338.5,-772.5,checkin,,negative,,1.0,True,True,True
VS003421,AD000079,FA009,T3,test,address_not_traceable,2313.3,-786.6,2313.3,-786.6,checkin,,negative,,1.0,True,True,True
VS003422,AD001291,FA009,T3,train,locked_premises,894.6,-787.5,892.3333333333334,-776.0,trail_tail,3.0,positive,31.876205859543575,1.0,False,False,False
VS003423,AD002609,FA009,T3,train,locked_premises,1100.3,-494.5,1009.0,-489.0,trail_tail,2.0,positive,56.811750545111686,1.0,False,False,False
VS003424,AD001128,FA009,T3,train,locked_premises,-3743.3,-738.3,-3743.3,-738.3,checkin,,positive,41.41141147075284,1.0,True,True,True
VS003425,AD000227,FA009,T3,train,no_such_person,1143.5,-1193.6,1143.5,-1193.6,checkin,,positive,48.47476147440026,1.0,False,False,False
VS003426,AD002933,FA009,T3,train,met_borrower,2311.7,-785.3,2311.7,-785.3,checkin,,positive,52.491284990939214,1.0,True,True,True
VS003427,AD000155,FA009,T3,train,met_borrower,2335.4,-771.0,2335.4,-771.0,checkin,,positive,50.82371493702522,1.0,True,True,True
VS003428,AD000451,FA009,T3,validation,met_family,1006.5,-506.8,996.0593467203161,-490.82035391659144,dwell,,positive,34.96544723008702,1.0,False,False,False
VS003429,AD002096,FA008,T3,validation,cash_collected,3581.3,622.5,3581.4615384615386,621.0,trail_tail,13.0,positive,95.75267582042268,1.4612131704915665,False,False,False
VS003430,AD002311,FA008,T3,test,address_not_traceable,3372.3,-1972.1,3377.3333333333335,-1972.3333333333333,trail_tail,3.0,negative,,1.4612131704915665,False,False,False
VS003431,AD002676,FA008,T3,train,address_not_traceable,3650.6,617.9,3650.6,617.9,checkin,,negative,,1.4612131704915665,False,False,False
VS003432,AD001352,FA008,T3,validation,address_not_traceable,3873.3,329.8,3873.3,329.8,checkin,,negative,,1.4612131704915665,False,False,False
VS003433,AD000645,FA008,T3,train,neighbour_says_shifted,3567.6,-90.0,3546.6548560582096,-88.7516608668143,dwell,5.0,positive,27.49760934691644,1.4612131704915665,False,False,False
VS003434,AD002889,FA008,T3,test,locked_premises,3975.4,142.1,3975.4,142.1,checkin,,positive,47.454627176155796,1.4612131704915665,False,False,False
VS003435,AD002246,FA002,T1,validation,met_family,2436.5,-2340.0,2447.347453593527,-2337.2270347453596,dwell,7.0,positive,31.341864973227104,1.0,False,False,False
VS003436,AD001649,FA002,T1,train,locked_premises,2334.0,-2431.6,2334.0,-2431.6,checkin,,positive,33.94598650798059,1.0,False,False,False
VS003437,AD000129,FA002,T1,train,met_family,3216.5,-1952.8,3227.484940205831,-1943.8768938835567,dwell,10.0,positive,33.20937367671964,1.0,False,False,False
VS003438,AD000363,FA002,T1,train,met_borrower,2715.3,-2626.0,2710.0405637917593,-2619.2047502335085,dwell,,positive,52.629483181958,1.0,False,False,False
VS003439,AD001224,FA002,T1,train,address_not_traceable,3144.0,-2080.6,3144.0,-2080.6,checkin,,negative,,1.0,False,False,False
VS003440,AD002911,FA002,T1,train,met_borrower,2904.4,-2200.2,2904.4,-2200.2,checkin,,positive,56.19377189689264,1.0,False,False,False
VS003441,AD001479,FA002,T1,test,met_borrower,2938.2,-2652.1,2944.703286941072,-2669.384957062481,dwell,,positive,51.133672858499025,1.0,False,False,False
VS003442,AD002607,FA002,T1,train,address_not_traceable,-1761.1,639.4,-1761.1,639.4,checkin,,negative,,1.0,False,False,False
VS003443,AD002904,FA002,T1,train,address_not_traceable,2931.1,-2088.5,2931.1,-2088.5,checkin,,negative,,1.0,False,False,False
VS003444,AD001276,FA002,T1,test,address_not_traceable,1937.4,-1573.3,1937.4,-1573.3,checkin,,negative,,1.0,False,False,False
VS003445,AD002928,FA001,T1,train,locked_premises,1168.3,-3195.7,1162.0,-3178.5,trail_tail,4.0,positive,32.16201175299827,1.0,False,False,False
VS003446,AD001087,FA001,T1,train,locked_premises,988.3,-2664.9,981.5,-2663.5,trail_tail,2.0,positive,30.35663024777289,1.0,False,False,False
VS003447,AD001638,FA001,T1,validation,met_borrower,1074.8,-2805.8,900.0094713120121,-2895.0661379916596,dwell,,positive,52.14336007585242,1.0,False,False,False
VS003448,AD001596,FA001,T1,test,neighbour_says_shifted,747.8,-3225.4,747.8,-3225.4,checkin,,positive,30.780838195214894,1.0,False,False,False
VS003449,AD000782,FA001,T1,train,met_family,658.4,-2627.3,659.8561151079136,-2621.359712230216,dwell,,positive,34.9392687387701,1.0,False,False,False
VS003450,AD000345,FA001,T1,train,address_not_traceable,637.0,-2946.4,628.3333333333334,-2948.0,trail_tail,3.0,negative,,1.0,False,False,False
VS003451,AD002103,FA001,T1,test,met_family,308.5,-2740.2,303.00308166409866,-2744.8906009244993,dwell,6.0,positive,30.635151378767503,1.0,False,False,False
VS003452,AD002621,FA001,T1,train,met_borrower,782.0,-3129.0,782.0,-3129.0,checkin,,positive,53.66460658571904,1.0,False,False,False
VS003453,AD001223,FA001,T1,test,met_borrower,727.0,-2999.6,712.0,-2999.0,trail_tail,2.0,positive,50.66685306983255,1.0,False,False,False
VS003454,AD001034,FA003,T1,train,neighbour_says_shifted,3164.6,-1992.7,3161.4746192893404,-2002.9543147208121,dwell,3.0,positive,18.57074311921846,1.0,False,False,False
VS003455,AD002413,FA003,T1,validation,locked_premises,2966.7,-1919.6,2966.7,-1919.6,checkin,,positive,32.47341220136869,1.0,False,False,False
VS003456,AD000428,FA003,T1,train,address_not_traceable,2652.7,-2104.6,2642.5,-2119.0,trail_tail,2.0,negative,,1.0,False,False,False
VS003457,AD001567,FA003,T1,validation,neighbour_says_shifted,2877.7,-2179.8,2857.8185006993867,-2186.787165101373,dwell,,positive,24.923733668934837,1.0,False,False,False
VS003458,AD002766,FA003,T1,test,locked_premises,2778.0,-1911.2,2782.0,-1912.6,trail_tail,5.0,positive,31.235396587845653,1.0,False,False,False
VS003459,AD000322,FA003,T1,train,met_borrower,3019.2,-2449.0,3013.5,-2443.9166666666665,trail_tail,12.0,positive,50.97303208560385,1.0,False,False,False
VS003460,AD001554,FA003,T1,train,cash_collected,2635.4,-2175.8,2635.4,-2175.8,checkin,,positive,67.99051404424002,1.0,False,False,False
VS003461,AD000360,FA003,T1,test,met_borrower,3065.6,-2374.5,3067.486425387719,-2376.6337074969665,dwell,,positive,50.614844660435345,1.0,False,False,False
VS003462,AD002461,FA003,T1,train,address_not_traceable,2028.5,-2010.1,2021.3333333333333,-2017.6666666666667,trail_tail,3.0,negative,,1.0,False,False,False
VS003463,AD000424,FA004,T2,train,met_borrower,2901.6,343.5,2905.125,330.625,trail_tail,8.0,positive,57.3149566561877,1.1098606920552958,False,False,False
VS003464,AD002583,FA004,T2,train,met_family,3436.2,573.5,3399.3333333333335,556.3333333333334,trail_tail,3.0,positive,40.634582758478224,1.1098606920552958,False,False,False
VS003465,AD000290,FA004,T2,train,neighbour_says_shifted,2844.1,122.6,2844.1,122.6,checkin,,positive,27.88783116082373,1.1098606920552958,False,False,False
VS003466,AD000962,FA004,T2,validation,met_family,2674.5,251.2,2695.20582128469,271.9961228368971,dwell,,positive,41.154922993093486,1.1098606920552958,False,False,False
VS003467,AD001523,FA004,T2,train,met_borrower,2965.0,284.7,2966.5,244.0,trail_tail,2.0,positive,63.853001850020235,1.1098606920552958,False,False,False
VS003468,AD002633,FA004,T2,validation,cash_collected,3177.7,718.9,3178.5,728.4,trail_tail,10.0,positive,72.72319310321353,1.1098606920552958,False,False,False
VS003469,AD002261,FA004,T2,train,locked_premises,2675.7,246.0,2674.25,243.25,trail_tail,4.0,positive,35.20345328290149,1.1098606920552958,False,False,False
VS003470,AD002670,FA004,T2,train,address_not_traceable,2214.9,1557.0,2209.0,1549.6666666666667,trail_tail,3.0,negative,,1.1098606920552958,False,False,False
VS003471,AD003014,FA005,T2,train,met_borrower,3311.4,640.9,3350.6,704.0,trail_tail,5.0,positive,61.885802087393195,1.0,False,False,False
VS003472,AD003044,FA005,T2,train,neighbour_says_shifted,1107.0,-2800.3,1215.4853726351662,-2557.3184550064125,dwell,,positive,18.05886209039762,1.0,False,False,False
VS003473,AD001031,FA005,T2,validation,locked_premises,1438.0,-2121.0,1438.0,-2121.0,checkin,,positive,33.82912945968312,1.0,False,False,False
VS003474,AD001380,FA005,T2,test,locked_premises,1403.2,-1874.9,1397.8333333333333,-1888.1666666666667,trail_tail,6.0,positive,32.554147201239964,1.0,False,False,False
VS003475,AD000223,FA005,T2,validation,met_borrower,1903.0,-2182.6,1907.5,-2165.5,trail_tail,2.0,positive,55.42589647448203,1.0,False,False,False
VS003476,AD000338,FA005,T2,train,met_borrower,1229.5,-2014.7,1208.9659428976458,-2020.6892510546897,dwell,,positive,53.209914489688856,1.0,False,False,False
VS003477,AD000866,FA005,T2,train,met_borrower,1670.8,-2231.9,1670.8,-2231.9,checkin,,positive,50.35278045947413,1.0,False,False,False
VS003478,AD000672,FA006,T2,train,met_borrower,1265.2,2272.9,1074.5200864462652,2530.4075421630714,dwell,,positive,54.43852036931201,1.0,False,False,False
VS003479,AD001556,FA006,T2,train,met_family,893.7,2866.3,1033.9558054883828,2590.799385103104,dwell,,positive,34.904655849900635,1.0,False,False,False
VS003480,AD001937,FA006,T2,test,locked_premises,762.6,3092.9,762.6,3092.9,checkin,,positive,33.95809918119682,1.0,False,False,False
VS003481,AD001339,FA006,T2,train,met_family,726.0,2827.8,728.8147817201589,2831.940354087483,dwell,3.0,positive,33.87181719364935,1.0,False,False,False
VS003482,AD000147,FA006,T2,test,address_not_traceable,833.2,836.7,832.6666666666666,834.0,trail_tail,3.0,negative,,1.0,False,False,False
VS003483,AD002962,FA006,T2,train,met_family,970.0,3133.7,976.0454545454544,3136.454545454545,dwell,5.0,positive,30.488891419663002,1.0,False,False,False
VS003484,AD002675,FA009,T3,train,locked_premises,-661.8,3205.4,-654.3333333333334,3198.0,trail_tail,3.0,positive,32.05713649095939,1.0,False,False,False
VS003485,AD000654,FA009,T3,train,locked_premises,2327.2,-787.7,2327.2,-787.7,checkin,,positive,31.961265619496373,1.0,True,True,True
VS003486,AD000662,FA009,T3,validation,met_family,-579.7,3417.9,-576.979682716393,3418.2429724464237,dwell,7.0,positive,30.667001809762887,1.0,False,False,False
VS003487,AD002651,FA009,T3,test,locked_premises,2329.5,-786.5,2333.25,-779.5,trail_tail,4.0,positive,30.80965757680536,1.0,False,True,True
VS003488,AD000741,FA009,T3,test,locked_premises,-796.7,2868.7,-846.0,2855.5,trail_tail,2.0,positive,40.87548164853838,1.0,False,False,False
VS003489,AD002564,FA009,T3,train,address_not_traceable,-517.9,3351.0,-517.9,3351.0,checkin,,negative,,1.0,False,False,False
VS003490,AD001357,FA009,T3,train,met_family,-556.9,3376.0,-569.0216155324725,3374.061872962919,dwell,7.0,positive,31.639255680246336,1.0,False,False,False
VS003491,AD002880,FA009,T3,train,locked_premises,2340.0,-764.1,2340.0,-764.1,checkin,,positive,41.37079283745962,1.0,True,True,True
VS003492,AD002582,FA009,T3,validation,locked_premises,-2358.3,1692.1,-2363.4,1691.2,trail_tail,5.0,positive,30.336858769490288,1.0,False,False,False
VS003493,AD002069,FA007,T3,validation,locked_premises,3903.2,494.0,3903.2,494.0,checkin,,positive,66.88151164297471,1.3663037714355222,False,False,False
VS003494,AD001122,FA007,T3,train,met_borrower,3341.1,488.3,3376.343073221038,509.9608112753524,dwell,,positive,78.95988770960183,1.3663037714355222,False,False,False
VS003495,AD002551,FA007,T3,train,address_not_traceable,3096.6,-2103.6,3096.6,-2103.6,checkin,,negative,,1.3663037714355222,False,False,False
VS003496,AD002735,FA007,T3,train,met_family,3482.9,149.5,3702.0568225739407,-37.4014492788853,dwell,,positive,42.357730752848134,1.3663037714355222,False,False,False
VS003497,AD000303,FA007,T3,train,address_not_traceable,3978.8,7.7,3978.8,7.7,checkin,,negative,,1.3663037714355222,False,False,False
VS003498,AD002150,FA007,T3,validation,met_family,4010.4,549.5,4006.538798770424,542.4914350383146,dwell,12.0,positive,44.084262814899255,1.3663037714355222,False,False,False
VS003499,AD000228,FA007,T3,train,address_not_traceable,3891.3,581.8,3892.0,586.5,trail_tail,2.0,negative,,1.3663037714355222,False,False,False
VS003500,AD002234,FA008,T3,train,neighbour_says_shifted,-385.6,-3446.6,-388.18699186991864,-3438.60162601626,dwell,4.0,positive,23.745500814544314,1.4612131704915665,False,False,False
VS003501,AD001472,FA008,T3,train,locked_premises,-321.9,-3885.6,-321.9,-3885.6,checkin,,positive,49.51728913980005,1.4612131704915665,False,False,False
VS003502,AD000446,FA008,T3,train,met_family,-619.4,-3778.5,-636.0,-3757.5,trail_tail,4.0,positive,49.366790158619025,1.4612131704915665,False,False,False
VS003503,AD000627,FA008,T3,train,address_not_traceable,-444.7,-3602.6,-444.7,-3602.6,checkin,,negative,,1.4612131704915665,False,False,False
VS003504,AD002720,FA008,T3,train,neighbour_says_shifted,-730.3,-3662.0,-736.0,-3639.5,trail_tail,2.0,positive,50.209685105947514,1.4612131704915665,False,False,False
VS003505,AD000575,FA008,T3,train,locked_premises,883.9,-3762.9,875.0,-3760.6666666666665,trail_tail,3.0,positive,45.59371454044678,1.4612131704915665,False,False,False
VS003506,AD001715,FA008,T3,train,locked_premises,-300.5,-3395.0,-310.6666666666667,-3404.3333333333335,trail_tail,3.0,positive,48.18819845102318,1.4612131704915665,False,False,False
VS003507,AD002712,FA008,T3,test,met_family,-751.8,-3724.1,-751.7373737373738,-3733.0370370370374,dwell,8.0,positive,44.6080046012667,1.4612131704915665,False,False,False
VS003508,AD000749,FA008,T3,validation,address_not_traceable,-555.8,3089.3,-556.8,3088.8,trail_tail,5.0,negative,,1.4612131704915665,False,False,False
VS003509,AD000209,FA001,T1,test,address_not_traceable,2394.8,1012.4,2397.3333333333335,1025.6666666666667,trail_tail,3.0,negative,,1.0,False,False,False
VS003510,AD001045,FA001,T1,train,met_borrower,2617.4,1468.7,2622.8888888888887,1459.2222222222222,trail_tail,9.0,positive,51.02178456306679,1.0,False,False,False
VS003511,AD002029,FA001,T1,train,locked_premises,2694.1,1453.4,2698.0,1455.3333333333333,trail_tail,3.0,positive,31.214619972057967,1.0,False,False,False
VS003512,AD002305,FA001,T1,test,met_family,2198.1,936.3,2198.1,936.3,checkin,,positive,34.79849134660868,1.0,False,False,False
VS003513,AD002593,FA001,T1,train,no_such_person,2341.6,1211.6,2335.0,1213.0,trail_tail,3.0,positive,47.44860377292466,1.0,False,False,False
VS003514,AD000987,FA001,T1,train,met_family,2827.6,1123.3,2914.994255413168,1169.4971277065843,dwell,,positive,30.358071414370183,1.0,False,False,False
VS003515,AD001570,FA001,T1,validation,address_not_traceable,2205.4,1432.3,2205.4,1432.3,checkin,,negative,,1.0,False,False,False
VS003516,AD002645,FA001,T1,train,locked_premises,2832.3,1019.1,2826.75,1016.0,trail_tail,4.0,positive,31.384470682170196,1.0,False,False,False
VS003517,AD000696,FA001,T1,train,locked_premises,2355.8,1088.0,2341.75,1081.0,trail_tail,4.0,positive,33.5673948944508,1.0,False,False,False
VS003518,AD002967,FA002,T1,train,address_not_traceable,-1224.2,270.3,-1194.5,271.5,trail_tail,2.0,negative,,1.0,False,False,False
VS003519,AD002767,FA002,T1,validation,address_not_traceable,-2148.2,1244.1,-2154.5,1248.5,trail_tail,2.0,negative,,1.0,False,False,False
VS003520,AD000251,FA002,T1,train,address_not_traceable,-1471.1,168.0,-1471.1,168.0,checkin,,negative,,1.0,False,False,False
VS003521,AD001788,FA002,T1,train,met_borrower,-1297.1,712.6,-1235.6,760.4,trail_tail,10.0,positive,64.60652056874753,1.0,False,False,False
VS003522,AD001490,FA002,T1,train,address_not_traceable,-1187.5,164.9,-1208.0,164.5,trail_tail,2.0,negative,,1.0,False,False,False
VS003523,AD002353,FA002,T1,train,address_not_traceable,-1493.9,883.7,-1480.6666666666667,877.0,trail_tail,3.0,negative,,1.0,False,False,False
VS003524,AD002792,FA002,T1,train,address_not_traceable,-1019.3,606.4,-1021.5,607.0,trail_tail,2.0,negative,,1.0,False,False,False
VS003525,AD001539,FA003,T1,train,cash_collected,257.5,1981.0,247.66666666666666,1991.0,trail_tail,12.0,positive,65.67703175387877,1.0,False,False,False
VS003526,AD001145,FA003,T1,train,locked_premises,321.4,2259.2,321.4,2259.2,checkin,,positive,31.94385699942948,1.0,False,False,False
VS003527,AD001322,FA003,T1,validation,address_not_traceable,1513.1,1223.9,1515.5,1221.5,trail_tail,2.0,negative,,1.0,False,False,False
VS003528,AD000018,FA003,T1,train,locked_premises,638.9,2386.8,648.6666666666666,2392.6666666666665,trail_tail,3.0,positive,36.878211724539995,1.0,False,False,False
VS003529,AD000146,FA003,T1,train,met_borrower,664.3,2398.8,644.1555413626255,2394.905884790353,dwell,,positive,53.61224207212381,1.0,False,False,False
VS003530,AD000231,FA003,T1,train,neighbour_says_shifted,192.2,2588.1,205.10703521165757,2583.633398466857,dwell,8.0,positive,17.544871045408108,1.0,False,False,False
VS003531,AD002196,FA003,T1,train,locked_premises,62.9,2541.8,62.9,2541.8,checkin,,positive,35.388734083038365,1.0,False,False,False
VS003532,AD000895,FA003,T1,train,neighbour_says_shifted,410.3,2335.9,410.3,2335.9,checkin,,positive,45.01960683968707,1.0,False,False,False
VS003533,AD002697,FA003,T1,train,met_borrower,812.7,2152.5,825.5,2125.5,trail_tail,2.0,positive,57.51821450636311,1.0,False,False,False
VS003534,AD000292,FA003,T1,test,neighbour_says_shifted,433.6,2325.6,433.6,2325.6,checkin,,positive,29.634776867727574,1.0,False,False,False
VS003535,AD001586,FA004,T2,validation,met_borrower,1566.4,-1892.5,1566.4,-1892.5,checkin,,positive,60.24246239783949,1.1098606920552958,False,False,False
VS003536,AD000756,FA004,T2,train,met_family,1349.7,-2074.3,1348.1971216639752,-2073.025320829341,dwell,11.0,positive,34.0237927840328,1.1098606920552958,False,False,False
VS003537,AD001962,FA004,T2,train,locked_premises,1382.2,-1968.3,1382.2,-1968.3,checkin,,positive,36.69415807319918,1.1098606920552958,False,False,False
VS003538,AD001680,FA004,T2,validation,met_family,1431.7,-2393.6,1431.7,-2393.6,checkin,,positive,57.06154764828432,1.1098606920552958,False,False,False
VS003539,AD000430,FA004,T2,test,met_borrower,1703.9,-1995.0,1707.9777777777776,-1992.9333333333334,dwell,,positive,59.39945495265677,1.1098606920552958,False,False,False
VS003540,AD002820,FA004,T2,train,locked_premises,1868.2,-1877.6,1882.75,-1872.5,trail_tail,4.0,positive,38.31993945653846,1.1098606920552958,False,False,False
VS003541,AD002459,FA004,T2,test,address_not_traceable,1691.5,-1965.6,1702.6666666666667,-1966.6666666666667,trail_tail,3.0,negative,,1.1098606920552958,False,False,False
VS003542,AD000460,FA005,T2,train,met_family,2840.7,-1266.3,2832.1653077736974,-1284.938071824236,dwell,,positive,33.370421034203325,1.0,False,False,False
VS003543,AD003045,FA005,T2,train,no_such_person,2918.7,-1406.8,2948.874179388772,-1263.0480785102818,dwell,,positive,48.607021097779686,1.0,False,False,False
VS003544,AD002555,FA005,T2,train,met_family,2273.5,-1209.2,2271.714859437751,-1202.3453815261046,dwell,,positive,33.45911684429223,1.0,False,False,False
VS003545,AD001619,FA005,T2,validation,met_borrower,2608.3,-1091.6,2655.0,-1085.7,trail_tail,10.0,positive,55.51686680640394,1.0,False,False,False
VS003546,AD002034,FA005,T2,train,address_not_traceable,1635.0,-2608.9,1632.3333333333333,-2608.3333333333335,trail_tail,3.0,negative,,1.0,False,False,False
VS003547,AD000385,FA005,T2,train,locked_premises,2645.8,-1183.1,2645.8,-1183.1,checkin,,positive,35.29451090467185,1.0,False,False,False
VS003548,AD002878,FA005,T2,train,locked_premises,2464.3,-712.9,2464.3333333333335,-696.0,trail_tail,3.0,positive,35.683679742986136,1.0,False,False,False
VS003549,AD002126,FA005,T2,validation,locked_premises,2256.9,-1533.3,2239.6,-1541.2,trail_tail,5.0,positive,34.09362110424765,1.0,False,False,False
VS003550,AD001127,FA006,T2,test,address_not_traceable,394.6,-3354.8,421.5,-3361.0,trail_tail,2.0,negative,,1.0,False,False,False
VS003551,AD000674,FA006,T2,train,address_not_traceable,1256.6,-1735.2,1256.6,-1735.2,checkin,,negative,,1.0,False,False,False
VS003552,AD000953,FA006,T2,validation,met_borrower,-33.4,-2770.4,-33.4,-2770.4,checkin,,positive,50.191333913336074,1.0,False,False,False
VS003553,AD002483,FA006,T2,test,no_such_person,949.9,-2855.0,949.9,-2855.0,checkin,,positive,45.28909912992309,1.0,False,False,False
VS003554,AD001866,FA006,T2,train,locked_premises,541.8,-3464.0,549.2,-3469.6,trail_tail,5.0,positive,31.9491783931919,1.0,False,False,False
VS003555,AD001852,FA006,T2,train,address_not_traceable,721.9,-2862.6,721.9,-2862.6,checkin,,negative,,1.0,False,False,False
VS003556,AD001055,FA006,T2,train,address_not_traceable,656.7,-3140.0,663.0,-3137.0,trail_tail,2.0,negative,,1.0,False,False,False
VS003557,AD001526,FA006,T2,train,met_borrower,1007.8,-2813.1,975.0,-2829.5,trail_tail,4.0,positive,55.72228010410198,1.0,False,False,False
VS003558,AD001095,FA006,T2,train,address_not_traceable,1256.0,-1711.1,1256.0,-1711.1,checkin,,negative,,1.0,False,False,False
VS003559,AD000324,FA007,T3,train,locked_premises,-2713.8,1789.9,-2713.8,1789.9,checkin,,positive,46.602025954717575,1.3663037714355222,False,False,False
VS003560,AD001555,FA007,T3,train,met_family,-2585.2,1785.3,-2585.2,1785.3,checkin,,positive,46.79311164268083,1.3663037714355222,False,False,False
VS003561,AD000869,FA007,T3,train,met_borrower,-2051.9,1557.7,-2047.75,1559.5,trail_tail,4.0,positive,69.52976119356477,1.3663037714355222,False,False,False
VS003562,AD001094,FA007,T3,train,neighbour_says_shifted,-2463.5,1758.0,-2466.651515151515,1761.1060606060605,dwell,5.0,positive,21.47586587537173,1.3663037714355222,False,False,False
VS003563,AD001734,FA007,T3,validation,address_not_traceable,-2380.1,1574.9,-2380.1,1574.9,checkin,,negative,,1.3663037714355222,False,False,False
VS003564,AD002143,FA007,T3,train,met_borrower,-2609.9,1354.4,-2613.5,1348.1,trail_tail,10.0,positive,69.26624493222272,1.3663037714355222,False,False,False
VS003565,AD000954,FA007,T3,validation,locked_premises,-2490.9,1182.2,-2484.0,1172.0,trail_tail,2.0,positive,42.8669506959504,1.3663037714355222,False,False,False
VS003566,AD000098,FA007,T3,train,locked_premises,-2496.7,1355.3,-2500.0,1358.0,trail_tail,3.0,positive,42.20098546195718,1.3663037714355222,False,False,False
VS003567,AD000781,FA009,T3,train,met_borrower,3782.6,498.5,3755.75,512.25,trail_tail,4.0,positive,52.285203451837106,1.0,False,False,False
VS003568,AD000433,FA009,T3,train,locked_premises,-3739.2,-776.6,-3737.1428571428573,-782.7142857142857,trail_tail,7.0,positive,30.544066526905024,1.0,True,True,True
VS003569,AD000650,FA009,T3,train,locked_premises,2344.1,-793.3,2340.0,-781.2,trail_tail,5.0,positive,32.588571616442465,1.0,True,True,True
VS003570,AD003055,FA009,T3,validation,address_not_traceable,3763.0,450.5,3757.0,448.5,trail_tail,2.0,negative,,1.0,False,False,False
VS003571,AD001641,FA009,T3,train,address_not_traceable,-3720.7,-776.1,-3721.4,-774.2,trail_tail,5.0,negative,,1.0,False,True,True
VS003572,AD002309,FA009,T3,train,address_not_traceable,2931.5,871.0,2929.5,862.5,trail_tail,2.0,negative,,1.0,False,False,False
VS003573,AD000291,FA009,T3,validation,met_borrower,-3716.3,-769.4,-3711.0,-772.6666666666666,trail_tail,3.0,positive,51.079863938738136,1.0,True,True,True
VS003574,AD002968,FA009,T3,validation,locked_premises,3940.2,716.3,3933.4,714.6,trail_tail,5.0,positive,31.460650025070986,1.0,False,False,False
VS003575,AD002248,FA009,T3,train,address_not_traceable,433.8,-334.2,433.8,-334.2,checkin,,negative,,1.0,False,False,False
VS003576,AD002253,FA008,T3,train,met_borrower,-2323.2,-427.8,-2321.6666666666665,-432.0,trail_tail,12.0,positive,73.82930471732237,1.4612131704915665,False,False,False
VS003577,AD000023,FA008,T3,test,met_borrower,-2953.3,-22.1,-2953.5833333333335,-18.666666666666668,trail_tail,12.0,positive,73.63448834255747,1.4612131704915665,False,False,False
VS003578,AD000727,FA008,T3,train,met_family,-2694.6,-475.7,-2694.6,-475.7,checkin,,positive,51.94653923977673,1.4612131704915665,False,False,False
VS003579,AD001330,FA008,T3,test,address_not_traceable,-3701.3,-1043.7,-3673.3333333333335,-1059.6666666666667,trail_tail,3.0,negative,,1.4612131704915665,False,False,False
VS003580,AD001822,FA008,T3,validation,locked_premises,-2686.7,-701.3,-2686.7,-701.3,checkin,,positive,47.8007698741461,1.4612131704915665,False,False,False
VS003581,AD001792,FA008,T3,train,met_family,-2797.0,-457.0,-2782.7266739846323,-506.02414928649836,dwell,3.0,positive,59.47604312153464,1.4612131704915665,False,False,False
VS003582,AD000795,FA008,T3,train,met_borrower,-2885.9,186.5,-2885.9,186.5,checkin,,positive,74.17373387097936,1.4612131704915665,False,False,False
VS003583,AD002771,FA003,T1,train,met_family,2442.1,-2201.4,2442.1,-2201.4,checkin,,positive,56.8637186613749,1.0,False,False,False
VS003584,AD000903,FA003,T1,train,locked_premises,2991.1,-2753.5,2980.0,-2756.0,trail_tail,2.0,positive,32.869818983377435,1.0,False,False,False
VS003585,AD001509,FA003,T1,train,met_family,3163.8,-2553.7,3103.2952029520297,-2566.6531365313654,dwell,6.0,positive,44.362963156218576,1.0,False,False,False
VS003586,AD000867,FA003,T1,train,met_borrower,2923.0,-2634.9,2907.5,-2554.7,trail_tail,10.0,positive,64.59947755206697,1.0,False,False,False
VS003587,AD000589,FA003,T1,test,met_borrower,2901.1,-1723.9,2901.1,-1723.9,checkin,,positive,58.441380887176194,1.0,False,False,False
VS003588,AD000735,FA003,T1,validation,neighbour_says_shifted,2670.4,-2375.5,2676.6146152454344,-2361.841295166974,dwell,6.0,positive,18.21544674170798,1.0,False,False,False
VS003589,AD001775,FA003,T1,train,locked_premises,2905.0,-2124.9,2905.0,-2124.9,checkin,,positive,30.79679366427616,1.0,False,False,False
VS003590,AD000733,FA003,T1,test,met_family,2845.6,-2276.0,2845.6,-2276.0,checkin,,positive,34.06435086714556,1.0,False,False,False
VS003591,AD000602,FA003,T1,train,met_family,3170.8,-1754.4,3170.8,-1754.4,checkin,,positive,39.05828977310708,1.0,False,False,False
VS003592,AD003011,FA001,T1,train,locked_premises,1737.7,-649.3,1737.7,-649.3,checkin,,positive,44.99372178426675,1.0,False,False,False
VS003593,AD002217,FA001,T1,test,locked_premises,-905.4,-3094.0,-905.4,-3094.0,checkin,,positive,34.000588230205665,1.0,False,False,False
VS003594,AD001130,FA001,T1,test,met_borrower,-766.4,-3307.8,-771.25,-3330.0,trail_tail,4.0,positive,51.7402164664973,1.0,False,False,False
VS003595,AD002814,FA001,T1,train,locked_premises,-886.8,-3466.4,-886.8,-3466.4,checkin,,positive,57.98870579690494,1.0,False,False,False
VS003596,AD002955,FA001,T1,train,address_not_traceable,1848.7,-1693.8,1848.7,-1693.8,checkin,,negative,,1.0,False,False,False
VS003597,AD001239,FA001,T1,train,cash_collected,-707.9,-3068.0,-707.9,-3068.0,checkin,,positive,66.63491952422544,1.0,False,False,False
VS003598,AD001789,FA001,T1,train,address_not_traceable,-788.2,-3274.5,-788.2,-3274.5,checkin,,negative,,1.0,False,False,False
VS003599,AD001651,FA001,T1,train,locked_premises,-853.4,-2869.0,-849.25,-2874.5,trail_tail,4.0,positive,31.61139035221323,1.0,False,False,False
VS003600,AD002530,FA002,T1,train,locked_premises,2877.4,-2277.0,2887.5,-2272.0,trail_tail,2.0,positive,33.69643898099619,1.0,False,False,False
VS003601,AD001354,FA002,T1,train,address_not_traceable,2992.5,-2039.3,2995.6666666666665,-2041.3333333333333,trail_tail,3.0,negative,,1.0,False,False,False
VS003602,AD002414,FA002,T1,train,locked_premises,2907.6,-1791.0,2906.6666666666665,-1795.3333333333333,trail_tail,3.0,positive,30.47523584814398,1.0,False,False,False
VS003603,AD000100,FA002,T1,train,neighbour_says_shifted,2836.6,-2104.8,2825.287610459002,-2084.135041040581,dwell,2.0,positive,21.735684944349032,1.0,False,False,False
VS003604,AD001363,FA002,T1,train,met_family,2925.4,-1808.0,2919.5454545454545,-1805.0909090909092,dwell,3.0,positive,31.966388598025894,1.0,False,False,False
VS003605,AD000504,FA002,T1,validation,address_not_traceable,2767.4,-1805.6,2765.6666666666665,-1813.6666666666667,trail_tail,3.0,negative,,1.0,False,False,False
VS003606,AD002359,FA006,T2,train,neighbour_says_shifted,1642.6,-1605.0,1650.6367196498502,-1604.3879290486063,dwell,6.0,positive,16.101242188104628,1.0,False,False,False
VS003607,AD001242,FA006,T2,train,address_not_traceable,1326.6,-2020.3,1339.3333333333333,-2015.6666666666667,trail_tail,3.0,negative,,1.0,False,False,False
VS003608,AD002244,FA006,T2,validation,address_not_traceable,754.8,-3077.1,749.0,-3077.0,trail_tail,2.0,negative,,1.0,False,False,False
VS003609,AD002870,FA006,T2,train,locked_premises,1481.3,-2276.6,1494.0,-2261.3333333333335,trail_tail,3.0,positive,33.308745097946876,1.0,False,False,False
VS003610,AD000817,FA006,T2,test,met_borrower,1292.4,-1932.1,1300.5,-1926.25,trail_tail,4.0,positive,50.82078806945047,1.0,False,False,False
VS003611,AD002521,FA006,T2,train,locked_premises,1507.5,-2228.0,1580.2532078699742,-2389.4798973481606,dwell,,positive,30.786563627660687,1.0,False,False,False
VS003612,AD002749,FA006,T2,validation,locked_premises,-1000.9,-804.8,-1000.9,-804.8,checkin,,positive,40.047752745940684,1.0,False,False,False
VS003613,AD001954,FA006,T2,validation,locked_premises,1071.1,-1884.4,1127.5,-1878.0,trail_tail,2.0,positive,42.4079296830204,1.0,False,False,False
VS003614,AD003067,FA006,T2,validation,met_family,1385.6,-1815.8,1402.7339886803693,-1816.9776586237715,dwell,,positive,31.790879195140242,1.0,False,False,False
VS003615,AD000854,FA006,T2,train,address_not_traceable,1290.1,-1745.8,1290.1,-1745.8,checkin,,negative,,1.0,False,False,False
VS003616,AD003008,FA004,T2,train,address_not_traceable,1065.5,45.2,1065.5,45.2,checkin,,negative,,1.1098606920552958,False,False,False
VS003617,AD001830,FA004,T2,validation,met_family,1060.3,2917.9,1065.473600635173,2914.7471218737596,dwell,12.0,positive,33.91228335371743,1.1098606920552958,False,False,False
VS003618,AD002299,FA004,T2,train,cash_collected,967.9,2257.1,967.9,2257.1,checkin,,positive,79.65031070773409,1.1098606920552958,False,False,False
VS003619,AD002796,FA004,T2,test,address_not_traceable,868.4,172.1,852.0,157.5,trail_tail,2.0,negative,,1.1098606920552958,False,False,False
VS003620,AD001924,FA004,T2,train,address_not_traceable,632.8,1825.4,636.5,1813.0,trail_tail,2.0,negative,,1.1098606920552958,False,False,False
VS003621,AD001505,FA004,T2,validation,locked_premises,1056.6,2631.8,1056.6,2631.8,checkin,,positive,41.349721600675316,1.1098606920552958,False,False,False
VS003622,AD000917,FA004,T2,validation,locked_premises,1050.3,2380.4,1028.5,2416.5,trail_tail,2.0,positive,62.37004827649211,1.1098606920552958,False,False,False
VS003623,AD000902,FA004,T2,train,address_not_traceable,1216.1,2781.6,1218.5,2779.0,trail_tail,2.0,negative,,1.1098606920552958,False,False,False
VS003624,AD000240,FA005,T2,train,address_not_traceable,1289.3,-2069.5,1289.3,-2069.5,checkin,,negative,,1.0,False,False,False
VS003625,AD001996,FA005,T2,train,met_borrower,1424.5,-1634.1,1436.642296773828,-1613.8252245973983,dwell,,positive,52.12508992797997,1.0,False,False,False
VS003626,AD001731,FA005,T2,train,met_borrower,1361.5,-2073.7,1209.664546626558,-1961.5358831113022,dwell,,positive,51.750603861211125,1.0,False,False,False
VS003627,AD000531,FA005,T2,train,met_family,1282.6,-2463.1,1290.0559610705598,-2464.995133819951,dwell,,positive,34.580088201159924,1.0,False,False,False
VS003628,AD001178,FA005,T2,train,met_borrower,1729.1,-2177.0,1797.7359300720748,-2191.2272657567855,dwell,,positive,62.03823417860959,1.0,False,False,False
VS003629,AD001245,FA005,T2,train,locked_premises,1514.8,-1952.7,1489.5,-2023.5,trail_tail,2.0,positive,50.62205546992336,1.0,False,False,False
VS003630,AD002210,FA005,T2,train,locked_premises,1646.0,-1602.1,1647.5,-1604.25,trail_tail,4.0,positive,30.324288944672716,1.0,False,False,False
VS003631,AD001535,FA009,T3,train,locked_premises,-3733.1,-752.4,-3733.3333333333335,-751.6666666666666,trail_tail,3.0,positive,31.19122472747744,1.0,True,True,True
VS003632,AD002333,FA009,T3,validation,met_family,-2265.3,-522.1,-2270.4327027278073,-520.2035483171811,dwell,7.0,positive,31.091236707471115,1.0,False,False,False
VS003633,AD002485,FA009,T3,train,address_not_traceable,-2239.4,-1450.5,-2227.5,-1451.0,trail_tail,2.0,negative,,1.0,False,False,False
VS003634,AD000153,FA009,T3,test,met_family,-2351.2,-129.7,-2351.3137887753273,-131.58723327954098,dwell,10.0,positive,30.323959174223933,1.0,False,False,False
VS003635,AD001458,FA009,T3,validation,locked_premises,2335.7,-765.3,2337.6666666666665,-765.6666666666666,trail_tail,6.0,positive,30.871264956266383,1.0,False,True,True
VS003636,AD001064,FA009,T3,train,met_family,-3016.5,-37.4,-2977.8100904331272,-22.488814850071392,dwell,5.0,positive,37.05148445069374,1.0,False,False,False
VS003637,AD002230,FA007,T3,train,met_family,3436.7,-1800.7,3436.7,-1800.7,checkin,,positive,56.417510228786455,1.3663037714355222,False,False,False
VS003638,AD002471,FA007,T3,validation,neighbour_says_shifted,3413.2,-2378.5,3422.5,-2373.5,trail_tail,2.0,positive,26.777898271273695,1.3663037714355222,False,False,False
VS003639,AD001170,FA007,T3,validation,locked_premises,3647.1,-1814.7,3647.1,-1814.7,checkin,,positive,81.3608944115962,1.3663037714355222,False,False,False
VS003640,AD000397,FA007,T3,test,met_family,3093.9,-1979.9,3093.9,-1979.9,checkin,,positive,63.29121101433531,1.3663037714355222,False,False,False
VS003641,AD001480,FA007,T3,test,no_such_person,3691.2,-2076.2,3705.074631357207,-2227.5403250075233,dwell,,positive,62.92537198979469,1.3663037714355222,False,False,False
VS003642,AD002102,FA007,T3,train,address_not_traceable,2800.5,-1769.6,2800.5,-1769.6,checkin,,negative,,1.3663037714355222,False,False,False
VS003643,AD000870,FA007,T3,train,locked_premises,3338.9,-2433.9,3334.0,-2388.6666666666665,trail_tail,3.0,positive,52.02182546045192,1.3663037714355222,False,False,False
VS003644,AD001078,FA007,T3,train,cash_collected,2951.4,-2105.0,2947.6,-2042.0,trail_tail,5.0,positive,98.47941881714527,1.3663037714355222,False,False,False
VS003645,AD000631,FA008,T3,train,met_borrower,-2606.5,28.0,-2606.0,41.25,trail_tail,4.0,positive,75.74811958010785,1.4612131704915665,False,False,False
VS003646,AD002509,FA008,T3,test,met_family,-2412.8,-613.3,-2427.6603922597496,-621.7247315488034,dwell,5.0,positive,47.646361556648586,1.4612131704915665,False,False,False
VS003647,AD002412,FA008,T3,train,address_not_traceable,-2794.4,-326.9,-2786.0,-332.6666666666667,trail_tail,3.0,negative,,1.4612131704915665,False,False,False
VS003648,AD000137,FA008,T3,train,met_family,-2374.3,-534.0,-2368.4067723786357,-530.6345156738994,dwell,10.0,positive,44.88119285960165,1.4612131704915665,False,False,False
VS003649,AD001868,FA008,T3,train,locked_premises,-2226.7,-182.4,-2226.7,-182.4,checkin,,positive,56.797085271715346,1.4612131704915665,False,False,False
VS003650,AD001982,FA008,T3,train,neighbour_says_shifted,-2540.4,-479.2,-2514.397504456328,-488.40998217468797,dwell,,positive,36.82605081102482,1.4612131704915665,False,False,False
VS003651,AD002829,FA008,T3,train,met_borrower,-2388.8,-113.8,-2377.4285714285716,-122.0,trail_tail,7.0,positive,74.28483548624963,1.4612131704915665,False,False,False
VS003652,AD002528,FA008,T3,train,locked_premises,-3004.8,-622.0,-2991.0,-643.5,trail_tail,2.0,positive,50.996548992587115,1.4612131704915665,False,False,False
VS003653,AD002181,FA008,T3,train,met_borrower,-2473.4,-3.2,-2460.3333333333335,-3.0,trail_tail,3.0,positive,77.82177715244636,1.4612131704915665,False,False,False
VS003654,AD000666,FA008,T3,test,met_borrower,-2650.5,-531.9,-2643.0,-519.3333333333334,trail_tail,3.0,positive,75.03447010360901,1.4612131704915665,False,False,False
VS003655,AD002858,FA002,T1,train,met_family,1155.0,-2860.1,1159.0,-2859.6666666666665,trail_tail,3.0,positive,38.26372302847699,1.0,False,False,False
VS003656,AD001630,FA002,T1,train,met_borrower,638.1,2569.5,638.1,2569.5,checkin,,positive,55.36700280853208,1.0,False,False,False
VS003657,AD001012,FA002,T1,validation,address_not_traceable,612.8,-3150.2,614.0,-3153.0,trail_tail,2.0,negative,,1.0,False,False,False
VS003658,AD000135,FA002,T1,train,no_such_person,784.4,-2642.9,784.4,-2642.9,checkin,,positive,51.763814581230406,1.0,False,False,False
VS003659,AD002215,FA002,T1,train,address_not_traceable,746.5,-3088.5,746.5,-3088.5,checkin,,negative,,1.0,False,False,False
VS003660,AD001753,FA002,T1,validation,met_family,710.8,-2909.6,918.3033772066427,-2892.4546430998603,dwell,,positive,32.423910930052834,1.0,False,False,False
VS003661,AD001900,FA001,T1,train,address_not_traceable,-1301.3,-2711.3,-1301.3,-2711.3,checkin,,negative,,1.0,False,False,False
VS003662,AD002090,FA001,T1,train,locked_premises,1013.4,-3127.3,1013.4,-3127.3,checkin,,positive,32.530793104380336,1.0,False,False,False
VS003663,AD000328,FA001,T1,validation,neighbour_says_shifted,292.7,-2867.1,313.98381645368704,-2880.0325600502933,dwell,6.0,positive,23.083868826520412,1.0,False,False,False
VS003664,AD000062,FA001,T1,test,locked_premises,612.5,-3094.5,612.5,-3094.5,checkin,,positive,33.98109768680229,1.0,False,False,False
VS003665,AD000971,FA001,T1,train,met_family,849.3,-2994.4,849.3,-2994.4,checkin,,positive,43.80299647284419,1.0,False,False,False
VS003666,AD002116,FA001,T1,train,neighbour_says_shifted,848.2,-2997.0,838.1395348837208,-3136.3488372093025,dwell,,positive,19.178112524437854,1.0,False,False,False
VS003667,AD002171,FA001,T1,train,locked_premises,441.7,-3485.3,437.75,-3475.75,trail_tail,4.0,positive,32.31400625115991,1.0,False,False,False
VS003668,AD002189,FA001,T1,train,met_borrower,378.0,-3003.1,378.0,-3003.1,checkin,,positive,53.09701027364911,1.0,False,False,False
VS003669,AD000940,FA001,T1,train,locked_premises,383.1,-2890.0,383.1,-2890.0,checkin,,positive,44.091297327250416,1.0,False,False,False
VS003670,AD001323,FA001,T1,train,locked_premises,681.3,-2735.2,696.0,-2771.5,trail_tail,2.0,positive,37.906101092040636,1.0,False,False,False
VS003671,AD003026,FA003,T1,test,locked_premises,2891.6,-2437.3,2891.6,-2437.3,checkin,,positive,44.489352658810354,1.0,False,False,False
VS003672,AD000658,FA003,T1,train,met_borrower,2533.5,-2246.0,2439.3093496451456,-2254.7226144882293,dwell,,positive,50.477247349672304,1.0,False,False,False
VS003673,AD001388,FA003,T1,train,address_not_traceable,1954.4,-1258.9,1954.4,-1258.9,checkin,,negative,,1.0,False,False,False
VS003674,AD000169,FA003,T1,test,met_family,3296.6,-2155.0,3284.4670866037013,-2148.6722035077037,dwell,9.0,positive,31.519835024948964,1.0,False,False,False
VS003675,AD000753,FA003,T1,validation,address_not_traceable,2832.2,-2307.6,2836.0,-2279.5,trail_tail,2.0,negative,,1.0,False,False,False
VS003676,AD001993,FA003,T1,train,met_borrower,1228.5,-3340.6,1209.5,-3329.9,trail_tail,10.0,positive,51.720523005862965,1.0,False,False,False
VS003677,AD002673,FA003,T1,train,locked_premises,2563.5,-2348.4,2563.5,-2348.4,checkin,,positive,45.21396355109781,1.0,False,False,False
VS003678,AD000316,FA003,T1,train,met_family,2384.3,-2147.6,2384.3,-2147.6,checkin,,positive,34.08551745243131,1.0,False,False,False
VS003679,AD002038,FA003,T1,train,met_borrower,3045.0,-2457.2,3037.0,-2455.5,trail_tail,2.0,positive,51.08375475628234,1.0,False,False,False
VS003680,AD000975,FA006,T2,train,no_such_person,-827.2,-542.0,-840.0,-541.25,trail_tail,4.0,positive,47.55007886428791,1.0,False,False,False
VS003681,AD002027,FA006,T2,test,met_family,-538.9,-703.4,-379.3611916401851,-632.5402653784622,dwell,,positive,32.20609414381074,1.0,False,False,False
VS003682,AD000472,FA006,T2,train,locked_premises,-218.7,-81.7,-218.7,-81.7,checkin,,positive,43.162541630446185,1.0,False,False,False
VS003683,AD000012,FA006,T2,train,locked_premises,-642.2,-533.0,-661.0,-553.0,trail_tail,2.0,positive,34.62802333371051,1.0,False,False,False
VS003684,AD001682,FA006,T2,test,locked_premises,-644.9,-310.4,-640.5,-314.25,trail_tail,4.0,positive,30.738290453439337,1.0,False,False,False
VS003685,AD002906,FA006,T2,validation,met_borrower,-346.6,-661.3,-340.2,-651.6,trail_tail,5.0,positive,50.74408832563652,1.0,False,False,False
VS003686,AD001689,FA005,T2,test,locked_premises,-284.2,-690.2,-312.3333333333333,-726.0,trail_tail,3.0,positive,37.284447159640166,1.0,False,False,False
VS003687,AD002784,FA005,T2,test,no_such_person,-484.2,-360.3,-484.2,-360.3,checkin,,positive,48.81057774704168,1.0,False,False,False
VS003688,AD002045,FA005,T2,train,met_borrower,-947.6,-684.4,-938.3333333333334,-688.0,trail_tail,3.0,positive,51.24626815681314,1.0,False,False,False
VS003689,AD000105,FA005,T2,test,locked_premises,-680.7,-57.7,-684.3333333333334,-75.33333333333333,trail_tail,3.0,positive,34.53194173515298,1.0,False,False,False
VS003690,AD000456,FA005,T2,train,address_not_traceable,-524.5,-520.7,-521.5,-523.0,trail_tail,2.0,negative,,1.0,False,False,False
VS003691,AD001844,FA005,T2,train,met_family,-452.4,-77.3,-452.4,-77.3,checkin,,positive,35.9536159516675,1.0,False,False,False
VS003692,AD002719,FA005,T2,train,no_such_person,-706.7,-418.6,-704.0,-427.3333333333333,trail_tail,6.0,positive,45.86995203834423,1.0,False,False,False
VS003693,AD002492,FA005,T2,train,met_borrower,-1041.1,-304.5,-1041.1,-304.5,checkin,,positive,54.49784399405172,1.0,False,False,False
VS003694,AD000387,FA004,T2,train,locked_premises,-309.3,1732.2,-382.6666666666667,1686.3333333333333,trail_tail,3.0,positive,58.12367570861672,1.1098606920552958,False,False,False
VS003695,AD002531,FA004,T2,test,locked_premises,1363.8,99.1,1363.8,99.1,checkin,,positive,35.23528036239996,1.1098606920552958,False,False,False
VS003696,AD002357,FA004,T2,test,met_borrower,999.1,313.3,1020.6666666666666,319.3333333333333,trail_tail,3.0,positive,59.062266752470535,1.1098606920552958,False,False,False
VS003697,AD001577,FA004,T2,train,neighbour_says_shifted,927.8,398.6,932.167035748181,402.3565327428029,dwell,7.0,positive,18.518716594671872,1.1098606920552958,False,False,False
VS003698,AD002541,FA004,T2,train,locked_premises,1264.0,-1.6,1264.0,-1.6,checkin,,positive,34.08013356216527,1.1098606920552958,False,False,False
VS003699,AD002063,FA004,T2,train,address_not_traceable,1066.9,82.8,1069.6666666666667,84.33333333333333,trail_tail,3.0,negative,,1.1098606920552958,False,False,False
VS003700,AD002504,FA009,T3,validation,met_borrower,-2286.8,1309.0,-2283.0,1304.0,trail_tail,4.0,positive,50.80993997241091,1.0,False,False,False
VS003701,AD002068,FA009,T3,train,locked_premises,-2063.1,1511.4,-2059.0,1513.5,trail_tail,2.0,positive,30.800689927337665,1.0,False,False,False
VS003702,AD001722,FA009,T3,test,met_family,-2241.3,1294.3,-2240.1010373146983,1295.3686340778966,dwell,,positive,32.48284162446382,1.0,False,False,False
VS003703,AD000774,FA009,T3,validation,locked_premises,-3760.8,-771.0,-3744.5,-783.5,trail_tail,2.0,positive,34.51550376280203,1.0,True,True,True
VS003704,AD001687,FA009,T3,train,address_not_traceable,-2846.1,1279.0,-2846.1,1279.0,checkin,,negative,,1.0,False,False,False
VS003705,AD000944,FA009,T3,train,address_not_traceable,-3750.2,-758.9,-3750.2,-758.9,checkin,,negative,,1.0,True,True,True
VS003706,AD000508,FA009,T3,train,address_not_traceable,-2483.9,1316.5,-2483.9,1316.5,checkin,,negative,,1.0,False,False,False
VS003707,AD000825,FA009,T3,train,met_borrower,-2159.8,1114.3,-2205.3333333333335,1128.3333333333333,trail_tail,3.0,positive,57.68095439571017,1.0,False,False,False
VS003708,AD001847,FA009,T3,train,locked_premises,-3757.8,-798.2,-3729.0,-783.4,trail_tail,5.0,positive,37.39759350546506,1.0,True,True,True
VS003709,AD002334,FA009,T3,train,locked_premises,2336.4,-783.7,2336.4,-783.7,checkin,,positive,32.137244748111186,1.0,True,True,True
VS003710,AD000096,FA007,T3,train,met_borrower,3580.9,560.7,3580.9,560.7,checkin,,positive,68.89308183533807,1.3663037714355222,False,False,False
VS003711,AD001422,FA007,T3,train,met_borrower,3921.3,508.9,3921.3,508.9,checkin,,positive,76.88995109357268,1.3663037714355222,False,False,False
VS003712,AD000043,FA007,T3,validation,no_such_person,3927.7,710.6,3933.0,699.6666666666666,trail_tail,3.0,positive,64.35236372157749,1.3663037714355222,False,False,False
VS003713,AD001499,FA007,T3,train,locked_premises,3525.6,-209.5,3525.6,-209.5,checkin,,positive,43.86542675406236,1.3663037714355222,False,False,False
VS003714,AD000722,FA007,T3,test,met_borrower,4045.7,356.2,4045.7,356.2,checkin,,positive,80.18786083973256,1.3663037714355222,False,False,False
VS003715,AD001832,FA007,T3,train,met_borrower,4063.3,136.3,4124.0,98.57142857142857,trail_tail,7.0,positive,83.78734642726006,1.3663037714355222,False,False,False
VS003716,AD001605,FA007,T3,train,locked_premises,3646.8,552.3,3653.0,550.0,trail_tail,3.0,positive,41.629293898433396,1.3663037714355222,False,False,False
VS003717,AD002009,FA008,T3,train,address_not_traceable,-912.1,-865.5,-925.0,-873.0,trail_tail,2.0,negative,,1.4612131704915665,False,False,False
VS003718,AD002708,FA008,T3,train,met_family,-1177.9,-608.1,-1177.9,-608.1,checkin,,positive,46.57042488176852,1.4612131704915665,False,False,False
VS003719,AD002877,FA008,T3,train,met_family,-629.9,-482.0,-630.2068965517241,-485.276460035878,dwell,6.0,positive,44.940382518237485,1.4612131704915665,False,False,False
VS003720,AD002513,FA008,T3,train,neighbour_says_shifted,-762.6,-387.1,-762.6,-387.1,checkin,,positive,38.367142417130474,1.4612131704915665,False,False,False
VS003721,AD001071,FA008,T3,train,met_borrower,-833.6,-695.1,-843.75,-713.25,trail_tail,4.0,positive,77.49945297791012,1.4612131704915665,False,False,False
VS003722,AD001856,FA008,T3,train,met_borrower,-1095.7,-221.0,-1015.7056504599211,-302.17739816031536,dwell,,positive,74.41237934089999,1.4612131704915665,False,False,False
VS003723,AD001154,FA002,T1,test,locked_premises,-2607.3,1708.7,-2607.3,1708.7,checkin,,positive,36.735473319395275,1.0,False,False,False
VS003724,AD000238,FA002,T1,train,met_borrower,-2864.7,1000.0,-2859.3333333333335,998.3333333333334,trail_tail,3.0,positive,51.13152158893768,1.0,False,False,False
VS003725,AD001314,FA002,T1,train,met_family,-2436.6,1276.8,-2442.192061459667,1275.8233034571065,dwell,6.0,positive,30.581693870680223,1.0,False,False,False
VS003726,AD001042,FA002,T1,train,neighbour_says_shifted,-2985.2,813.6,-2982.4405405405405,803.6432432432432,dwell,4.0,positive,17.362315513778675,1.0,False,False,False
VS003727,AD001815,FA002,T1,train,locked_premises,-2494.5,1031.2,-2479.25,1024.0,trail_tail,4.0,positive,31.7281026851591,1.0,False,False,False
VS003728,AD001862,FA002,T1,train,met_family,-3468.1,1421.1,-3277.6046471699196,1267.1317461225892,dwell,,positive,31.135429979365952,1.0,False,False,False
VS003729,AD000497,FA002,T1,train,address_not_traceable,-2858.8,1308.8,-2858.8,1308.8,checkin,,negative,,1.0,False,False,False
VS003730,AD001201,FA002,T1,train,met_borrower,660.3,-2619.4,657.7,-2619.2,trail_tail,10.0,positive,50.631536615038655,1.0,False,False,False
VS003731,AD000066,FA001,T1,validation,met_family,1142.6,-199.8,1152.6509039875389,-184.50338739245035,dwell,2.0,positive,32.97969072019931,1.0,False,False,False
VS003732,AD000366,FA001,T1,train,address_not_traceable,1553.2,368.7,1527.5,345.5,trail_tail,2.0,negative,,1.0,False,False,False
VS003733,AD000836,FA001,T1,train,met_family,820.3,-592.1,840.0,-575.5,trail_tail,2.0,positive,38.3101161574851,1.0,False,False,False
VS003734,AD002067,FA001,T1,train,address_not_traceable,1136.6,-48.0,1136.6,-48.0,checkin,,negative,,1.0,False,False,False
VS003735,AD003100,FA001,T1,train,locked_premises,1011.8,237.3,1011.8,237.3,checkin,,positive,32.25511587329985,1.0,False,False,False
VS003736,AD001444,FA001,T1,validation,address_not_traceable,1047.5,-148.4,1048.0,-148.5,trail_tail,2.0,negative,,1.0,False,False,False
VS003737,AD000802,FA003,T1,train,locked_premises,1541.7,-245.9,1541.7,-245.9,checkin,,positive,36.191504527996614,1.0,False,False,False
VS003738,AD001973,FA003,T1,train,met_family,861.3,-391.7,884.4109689650415,-415.19066021105556,dwell,,positive,35.997986054778124,1.0,False,False,False
VS003739,AD000260,FA003,T1,train,met_borrower,1009.6,-451.0,1020.2461059190032,-447.81152647975074,dwell,,positive,53.521958110667065,1.0,False,False,False
VS003740,AD002875,FA003,T1,train,met_borrower,1273.3,171.7,1273.3,171.7,checkin,,positive,53.303705312107525,1.0,False,False,False
VS003741,AD002882,FA003,T1,train,locked_premises,1181.5,-281.1,1197.3333333333333,-329.0,trail_tail,3.0,positive,40.97627362267095,1.0,False,False,False
VS003742,AD000568,FA003,T1,validation,address_not_traceable,1198.8,-844.4,1223.3333333333333,-836.0,trail_tail,3.0,negative,,1.0,False,False,False
VS003743,AD000635,FA003,T1,train,met_family,1481.3,-684.1,1481.3,-684.1,checkin,,positive,42.1860759018897,1.0,False,False,False
VS003744,AD001927,FA006,T2,train,locked_premises,1067.2,2416.1,1064.0,2416.6666666666665,trail_tail,3.0,positive,31.096181437597764,1.0,False,False,False
VS003745,AD002936,FA006,T2,train,locked_premises,1115.3,2994.3,1115.3,2994.3,checkin,,positive,62.62415668094866,1.0,False,False,False
VS003746,AD000182,FA006,T2,test,no_such_person,919.2,2586.6,911.0,2597.0,trail_tail,5.0,positive,46.10271141700888,1.0,False,False,False
VS003747,AD000016,FA006,T2,validation,neighbour_says_shifted,747.9,2404.4,756.4566965871068,2391.661853245115,dwell,2.0,positive,20.373573569700547,1.0,False,False,False
VS003748,AD001811,FA006,T2,train,address_not_traceable,697.9,3080.4,701.0,3079.0,trail_tail,3.0,negative,,1.0,False,False,False
VS003749,AD003050,FA006,T2,train,locked_premises,778.6,2619.2,794.0,2625.0,trail_tail,2.0,positive,32.70993732797421,1.0,False,False,False
VS003750,AD000884,FA006,T2,train,locked_premises,935.3,2747.0,909.5,2745.0,trail_tail,2.0,positive,42.027639714835274,1.0,False,False,False
VS003751,AD000790,FA006,T2,validation,address_not_traceable,746.0,2558.9,755.0,2560.0,trail_tail,2.0,negative,,1.0,False,False,False
VS003752,AD002499,FA006,T2,train,locked_premises,853.4,2777.1,849.3333333333334,2781.3333333333335,trail_tail,3.0,positive,31.846232116217454,1.0,False,False,False
VS003753,AD000711,FA006,T2,train,met_family,779.1,2470.4,763.672839506173,2468.5308641975307,dwell,,positive,32.72128512146184,1.0,False,False,False
VS003754,AD001153,FA004,T2,test,address_not_traceable,-366.9,2177.6,-366.9,2177.6,checkin,,negative,,1.1098606920552958,False,False,False
VS003755,AD001318,FA004,T2,train,no_such_person,1138.1,101.5,1147.0,94.0,trail_tail,2.0,positive,53.618735803793676,1.1098606920552958,False,False,False
VS003756,AD002123,FA004,T2,test,met_borrower,1126.5,547.2,1130.5833333333333,553.5833333333334,trail_tail,12.0,positive,55.93227168305665,1.1098606920552958,False,False,False
VS003757,AD000220,FA004,T2,train,neighbour_says_shifted,1444.5,-473.3,1453.2458385914306,-468.00739138272934,dwell,3.0,positive,19.24976504023745,1.1098606920552958,False,False,False
VS003758,AD001417,FA004,T2,train,address_not_traceable,1117.1,-250.7,1117.1,-250.7,checkin,,negative,,1.1098606920552958,False,False,False
VS003759,AD002197,FA004,T2,validation,met_family,893.1,-231.4,893.1935208866155,-268.91133844842284,dwell,6.0,positive,40.88435907713962,1.1098606920552958,False,False,False
VS003760,AD000868,FA004,T2,train,locked_premises,811.5,354.9,847.6666666666666,413.6666666666667,trail_tail,3.0,positive,53.431176665669504,1.1098606920552958,False,False,False
VS003761,AD000358,FA005,T2,validation,locked_premises,655.6,95.2,655.6,95.2,checkin,,positive,30.67327827278982,1.0,False,False,False
VS003762,AD000703,FA005,T2,train,address_not_traceable,1184.1,121.2,1187.0,111.0,trail_tail,2.0,negative,,1.0,False,False,False
VS003763,AD002140,FA005,T2,train,met_family,956.8,-131.8,947.7611940298508,-124.6545842217484,dwell,5.0,positive,31.09356846680676,1.0,False,False,False
VS003764,AD001156,FA005,T2,train,met_family,641.5,-188.0,656.0566145733959,-312.63556102891437,dwell,,positive,30.885635819908256,1.0,False,False,False
VS003765,AD000178,FA005,T2,validation,locked_premises,1097.1,190.2,1105.0,173.5,trail_tail,2.0,positive,31.31233782393132,1.0,False,False,False
VS003766,AD000980,FA005,T2,validation,locked_premises,1373.7,4.8,1369.6,-0.6,trail_tail,5.0,positive,31.19587312450158,1.0,False,False,False
VS003767,AD001053,FA007,T3,train,locked_premises,895.8,-710.7,895.8,-710.7,checkin,,positive,44.89680221966762,1.3663037714355222,False,False,False
VS003768,AD002896,FA007,T3,train,address_not_traceable,835.7,-722.2,849.5,-717.5,trail_tail,2.0,negative,,1.3663037714355222,False,False,False
VS003769,AD000587,FA007,T3,train,locked_premises,1261.5,-470.9,1261.5,-470.9,checkin,,positive,67.06415458443387,1.3663037714355222,False,False,False
VS003770,AD000426,FA007,T3,train,address_not_traceable,1141.0,-601.9,1144.6666666666667,-611.0,trail_tail,3.0,negative,,1.3663037714355222,False,False,False
VS003771,AD000532,FA007,T3,train,neighbour_says_shifted,1401.7,-756.5,1401.7,-756.5,checkin,,positive,38.90212597065467,1.3663037714355222,False,False,False
VS003772,AD002157,FA007,T3,train,locked_premises,745.2,-767.7,747.0,-769.6,trail_tail,5.0,positive,43.02712719620466,1.3663037714355222,False,False,False
VS003773,AD001891,FA008,T3,train,met_borrower,-2958.5,-8.8,-2958.5,-8.8,checkin,,positive,85.30610170099044,1.4612131704915665,False,False,False
VS003774,AD000094,FA008,T3,train,locked_premises,-2658.8,-175.1,-2633.5,-185.0,trail_tail,2.0,positive,59.61073707115111,1.4612131704915665,False,False,False
VS003775,AD001754,FA008,T3,train,no_such_person,-2381.0,-64.0,-2379.0,-90.5,trail_tail,2.0,positive,69.76294449498675,1.4612131704915665,False,False,False
VS003776,AD000170,FA008,T3,train,met_borrower,-2226.4,0.2,-2226.4,0.2,checkin,,positive,78.21872873272257,1.4612131704915665,False,False,False
VS003777,AD000592,FA008,T3,test,address_not_traceable,-4100.8,-921.5,-4103.0,-915.5,trail_tail,2.0,negative,,1.4612131704915665,False,False,False
VS003778,AD000159,FA008,T3,train,neighbour_says_shifted,-2843.2,-104.5,-2837.4945878434637,-104.1865112406328,dwell,8.0,positive,23.27288762672189,1.4612131704915665,False,False,False
VS003779,AD000489,FA008,T3,validation,no_such_person,-2386.2,-224.7,-2391.0,-229.0,trail_tail,6.0,positive,66.39879504787852,1.4612131704915665,False,False,False
VS003780,AD001391,FA008,T3,train,address_not_traceable,-2486.5,-430.8,-2486.5,-430.8,checkin,,negative,,1.4612131704915665,False,False,False
VS003781,AD002873,FA008,T3,train,address_not_traceable,-2634.1,-205.1,-2634.1,-205.1,checkin,,negative,,1.4612131704915665,False,False,False
VS003782,AD001890,FA009,T3,train,neighbour_says_shifted,1108.5,-495.2,1108.9022198962014,-477.66221815168564,dwell,5.0,positive,22.606691487256597,1.0,False,False,False
VS003783,AD000347,FA009,T3,validation,address_not_traceable,985.0,-2325.6,985.0,-2325.6,checkin,,negative,,1.0,False,False,False
VS003784,AD000526,FA009,T3,train,met_family,1153.8,-536.1,1163.5,-555.0,trail_tail,2.0,positive,36.47358633312606,1.0,False,False,False
VS003785,AD001854,FA009,T3,train,locked_premises,2341.0,-780.9,2343.25,-786.0,trail_tail,4.0,positive,31.14149161488576,1.0,True,True,True
VS003786,AD002562,FA009,T3,train,met_borrower,1205.9,-1025.7,1266.9,-1062.2,trail_tail,10.0,positive,60.172460478195475,1.0,False,False,False
VS003787,AD002632,FA009,T3,train,address_not_traceable,939.3,-1067.2,939.3,-1067.2,checkin,,negative,,1.0,False,False,False
VS003788,AD002481,FA009,T3,validation,locked_premises,-3747.7,-773.5,-3746.625,-777.25,trail_tail,8.0,positive,30.39383161103582,1.0,False,True,True
VS003789,AD000840,FA003,T1,train,met_borrower,3085.8,-2452.3,3086.75,-2466.0,trail_tail,4.0,positive,51.62927948364183,1.0,False,False,False
VS003790,AD002807,FA003,T1,train,locked_premises,1594.5,-1005.6,1590.5,-1015.5,trail_tail,2.0,positive,33.11272414042674,1.0,False,False,False
VS003791,AD000569,FA003,T1,test,locked_premises,2881.0,-2123.8,2881.0,-2123.8,checkin,,positive,39.10204598227565,1.0,False,False,False
VS003792,AD002362,FA003,T1,train,locked_premises,2514.1,-2114.7,2521.6,-2124.4,trail_tail,5.0,positive,30.872884542912427,1.0,False,False,False
VS003793,AD000785,FA003,T1,test,locked_premises,2448.8,-2245.3,2449.3333333333335,-2245.3333333333335,trail_tail,3.0,positive,31.98315963128097,1.0,False,False,False
VS003794,AD002691,FA003,T1,train,met_family,3329.6,-1947.3,3176.092347156905,-2092.5491468770647,dwell,,positive,37.13047939361946,1.0,False,False,False
VS003795,AD001108,FA003,T1,train,met_borrower,487.5,2350.1,487.5,2350.1,checkin,,positive,63.55434682222769,1.0,False,False,False
VS003796,AD000193,FA003,T1,train,address_not_traceable,1651.9,-1602.1,1651.9,-1602.1,checkin,,negative,,1.0,False,False,False
VS003797,AD002537,FA003,T1,train,address_not_traceable,2122.3,-1764.6,2122.3,-1764.6,checkin,,negative,,1.0,False,False,False
VS003798,AD000287,FA003,T1,test,locked_premises,2800.9,-2425.6,2800.9,-2425.6,checkin,,positive,40.72508440752458,1.0,False,False,False
VS003799,AD001186,FA002,T1,train,locked_premises,2866.7,-2029.8,2864.25,-2031.75,trail_tail,4.0,positive,31.433143336293927,1.0,False,False,False
VS003800,AD002304,FA002,T1,train,address_not_traceable,2585.5,-1917.2,2585.5,-1917.2,checkin,,negative,,1.0,False,False,False
VS003801,AD000530,FA002,T1,test,met_borrower,-1081.4,-3122.2,-1081.4,-3122.2,checkin,,positive,67.0201462248479,1.0,False,False,False
VS003802,AD001372,FA002,T1,train,met_family,3037.0,-2481.6,3037.0,-2481.6,checkin,,positive,44.381753007288935,1.0,False,False,False
VS003803,AD001579,FA002,T1,validation,no_such_person,2478.7,-2349.5,2478.7,-2349.5,checkin,,positive,46.64112991770247,1.0,False,False,False
VS003804,AD001324,FA002,T1,train,locked_premises,2662.7,-2043.6,2631.468899521531,-1926.4497607655503,dwell,,positive,31.669741078827897,1.0,False,False,False
VS003805,AD002247,FA002,T1,test,address_not_traceable,1745.1,-290.3,1745.1,-290.3,checkin,,negative,,1.0,False,False,False
VS003806,AD001770,FA002,T1,train,met_family,2503.8,-2351.6,2507.5570934256057,-2358.712802768166,dwell,6.0,positive,31.109323361333335,1.0,False,False,False
VS003807,AD000541,FA002,T1,train,met_family,2872.1,-2532.7,2595.0635732151713,-2479.8695730363866,dwell,,positive,30.924666530134164,1.0,False,False,False
VS003808,AD000114,FA001,T1,train,locked_premises,2654.0,-1886.9,2696.0,-1869.5,trail_tail,2.0,positive,39.285398050675276,1.0,False,False,False
VS003809,AD000475,FA001,T1,train,locked_premises,2565.9,-2139.5,2565.9,-2139.5,checkin,,positive,30.952463553003334,1.0,False,False,False
VS003810,AD001105,FA001,T1,test,address_not_traceable,2515.9,-1952.6,2523.0,-1960.0,trail_tail,2.0,negative,,1.0,False,False,False
VS003811,AD000963,FA001,T1,validation,no_such_person,1820.4,-1735.3,1832.0,-1738.0,trail_tail,2.0,positive,46.135154708746775,1.0,False,False,False
VS003812,AD001818,FA001,T1,train,address_not_traceable,426.9,327.7,449.0,334.5,trail_tail,2.0,negative,,1.0,False,False,False
VS003813,AD002707,FA001,T1,train,locked_premises,2415.7,-2346.4,2415.7,-2346.4,checkin,,positive,40.13318452353369,1.0,False,False,False
VS003814,AD000538,FA005,T2,train,met_borrower,1220.0,-2008.2,1285.6989918959684,-1764.7754561180755,dwell,,positive,50.36119537898202,1.0,False,False,False
VS003815,AD001752,FA005,T2,train,address_not_traceable,1530.4,-2270.6,1530.4,-2270.6,checkin,,negative,,1.0,False,False,False
VS003816,AD002973,FA005,T2,train,address_not_traceable,1843.7,-975.7,1843.7,-975.7,checkin,,negative,,1.0,False,False,False
VS003817,AD001013,FA005,T2,train,neighbour_says_shifted,1325.2,-2061.4,1336.3333333333333,-2068.0,trail_tail,3.0,positive,17.91089054179048,1.0,False,False,False
VS003818,AD002576,FA005,T2,train,locked_premises,1447.6,-2353.7,1442.0,-2347.0,trail_tail,2.0,positive,32.22378779721588,1.0,False,False,False
VS003819,AD002059,FA005,T2,train,no_such_person,1283.8,-2085.2,1218.0031672905268,-2021.373164411172,dwell,,positive,46.035421145027016,1.0,False,False,False
VS003820,AD002574,FA005,T2,train,neighbour_says_shifted,1745.6,-2232.8,1745.6,-2232.8,checkin,,positive,39.24041284186502,1.0,False,False,False
VS003821,AD001495,FA005,T2,train,locked_premises,1299.6,-1778.9,1299.6,-1778.9,checkin,,positive,53.39693343254831,1.0,False,False,False
VS003822,AD000412,FA005,T2,validation,cash_collected,1362.1,-2140.9,1336.0,-2138.0,trail_tail,2.0,positive,72.46961432214194,1.0,False,False,False
VS003823,AD001765,FA004,T2,train,cash_collected,2260.2,-1163.1,2256.714285714286,-1091.5714285714287,trail_tail,7.0,positive,83.12784345918963,1.1098606920552958,False,False,False
VS003824,AD002953,FA004,T2,train,address_not_traceable,637.1,-1940.2,637.1,-1940.2,checkin,,negative,,1.1098606920552958,False,False,False
VS003825,AD000150,FA004,T2,train,locked_premises,2464.7,-1135.2,2464.7,-1135.2,checkin,,positive,40.37944857317652,1.1098606920552958,False,False,False
VS003826,AD000768,FA004,T2,test,met_borrower,2654.4,-1637.5,2654.4,-1637.5,checkin,,positive,65.62592757823606,1.1098606920552958,False,False,False
VS003827,AD000797,FA004,T2,validation,neighbour_says_shifted,2441.9,-1186.4,2441.9,-1186.4,checkin,,positive,38.93780593736283,1.1098606920552958,False,False,False
VS003828,AD000495,FA004,T2,train,met_family,2897.1,-1407.9,2897.1,-1407.9,checkin,,positive,36.19583963372277,1.1098606920552958,False,False,False
VS003829,AD001855,FA004,T2,train,met_family,2292.3,-1213.3,2430.3133500640565,-1206.8384373738613,dwell,,positive,35.67999306392193,1.1098606920552958,False,False,False
VS003830,AD002772,FA004,T2,train,met_family,2543.4,-914.5,2528.1497181923337,-918.6735674504196,dwell,6.0,positive,36.9487360000818,1.1098606920552958,False,False,False
VS003831,AD002194,FA006,T2,train,locked_premises,1765.8,-1732.9,1765.8,-1732.9,checkin,,positive,42.595451635121776,1.0,False,False,False
VS003832,AD002224,FA006,T2,train,neighbour_says_shifted,1643.9,-1857.5,1629.5,-1856.0,trail_tail,2.0,positive,17.848669418194753,1.0,False,False,False
VS003833,AD000419,FA006,T2,validation,neighbour_says_shifted,1953.1,-2329.4,1953.1,-2329.4,checkin,,positive,55.96295649802643,1.0,False,False,False
VS003834,AD000860,FA006,T2,train,neighbour_says_shifted,1324.9,-1819.9,1336.4081282111429,-1838.7614125623313,dwell,5.0,positive,22.267577326687295,1.0,False,False,False
VS003835,AD000336,FA006,T2,train,met_borrower,1202.3,-2014.3,1158.7136038186159,-2034.5632458233893,dwell,,positive,54.36805128014062,1.0,False,False,False
VS003836,AD001528,FA006,T2,validation,address_not_traceable,1319.6,-2311.9,1319.6,-2311.9,checkin,,negative,,1.0,False,False,False
VS003837,AD000600,FA006,T2,validation,met_family,1785.0,-2467.4,1785.0,-2467.4,checkin,,positive,40.527151392615814,1.0,False,False,False
VS003838,AD000107,FA009,T3,train,locked_premises,2334.4,-765.7,2334.25,-765.25,trail_tail,4.0,positive,30.663700037666683,1.0,False,True,True
VS003839,AD001466,FA009,T3,train,met_borrower,2338.9,-764.5,2336.6564655934903,-767.4019104900053,dwell,,positive,50.37385234424701,1.0,False,True,True
VS003840,AD001845,FA009,T3,test,met_family,3594.5,25.5,3599.8201853243177,26.523666416228398,dwell,8.0,positive,30.866891647848185,1.0,False,False,False
VS003841,AD001524,FA009,T3,train,locked_premises,-3725.6,-774.8,-3719.3333333333335,-777.2222222222222,trail_tail,9.0,positive,31.236837227862875,1.0,True,True,True
VS003842,AD002737,FA009,T3,train,met_borrower,3592.4,145.5,3606.894055856361,144.20595004499788,dwell,,positive,53.282384518713116,1.0,False,False,False
VS003843,AD002603,FA009,T3,train,neighbour_says_shifted,3603.2,-34.7,3724.9351434821774,116.86912881225066,dwell,,positive,23.55382134601521,1.0,False,False,False
VS003844,AD001176,FA009,T3,train,met_family,3611.8,-53.1,3571.9796868842473,-35.656432486654964,dwell,5.0,positive,38.58720642907444,1.0,False,False,False
VS003845,AD000142,FA009,T3,train,met_borrower,3983.1,788.8,3975.8185099380244,777.469065319421,dwell,,positive,51.839873649537374,1.0,False,False,False
VS003846,AD002138,FA009,T3,validation,met_family,3847.0,571.7,3879.091834544582,597.4977993980805,dwell,,positive,35.39226610433414,1.0,False,False,False
VS003847,AD000252,FA009,T3,validation,address_not_traceable,3678.6,466.4,3677.3333333333335,465.6666666666667,trail_tail,3.0,negative,,1.0,False,False,False
VS003848,AD001040,FA008,T3,train,locked_premises,921.0,-1101.5,921.0,-1101.5,checkin,,positive,52.01698263709896,1.4612131704915665,False,False,False
VS003849,AD002731,FA008,T3,train,locked_premises,842.1,1616.3,848.3333333333334,1611.0,trail_tail,3.0,positive,45.43938334241411,1.4612131704915665,False,False,False
VS003850,AD002614,FA008,T3,validation,neighbour_says_shifted,659.3,-855.0,666.8780487804877,-819.0731707317073,dwell,4.0,positive,38.4296980354779,1.4612131704915665,False,False,False
VS003851,AD000787,FA008,T3,train,met_family,1135.4,-1210.1,1095.936601954637,-1173.6764841045333,dwell,3.0,positive,64.74563668075837,1.4612131704915665,False,False,False
VS003852,AD001197,FA008,T3,train,met_borrower,719.5,-1491.5,814.1518481518482,-1252.3496503496503,dwell,,positive,74.42460889634557,1.4612131704915665,False,False,False
VS003853,AD000239,FA008,T3,train,neighbour_says_shifted,872.9,-709.7,1075.3880586897963,-662.9020526245151,dwell,,positive,26.723627483165252,1.4612131704915665,False,False,False
VS003854,AD002819,FA008,T3,train,met_borrower,1342.3,-899.1,1328.6184780752637,-911.6663099937748,dwell,,positive,75.39031610256663,1.4612131704915665,False,False,False
VS003855,AD000570,FA008,T3,train,no_such_person,746.6,-922.5,746.6,-922.5,checkin,,positive,68.98168238861473,1.4612131704915665,False,False,False
VS003856,AD002520,FA008,T3,train,met_borrower,609.6,-860.7,616.0,-848.6666666666666,trail_tail,3.0,positive,74.83141429154277,1.4612131704915665,False,False,False
VS003857,AD000824,FA008,T3,test,address_not_traceable,1552.2,-1738.7,1545.0,-1725.5,trail_tail,2.0,negative,,1.4612131704915665,False,False,False
VS003858,AD002153,FA007,T3,train,met_family,3458.2,-1752.4,3441.5799634220684,-1748.7740296687664,dwell,2.0,positive,44.24082328796881,1.3663037714355222,False,False,False
VS003859,AD001481,FA007,T3,train,met_family,2854.9,-1823.4,2872.8702997599876,-1832.2759800500448,dwell,4.0,positive,45.63418802568036,1.3663037714355222,False,False,False
VS003860,AD002044,FA007,T3,train,address_not_traceable,3201.5,-1952.0,3199.6666666666665,-1956.0,trail_tail,3.0,negative,,1.3663037714355222,False,False,False
VS003861,AD002134,FA007,T3,test,met_family,3114.5,-1893.8,3114.5,-1893.8,checkin,,positive,49.28025877237022,1.3663037714355222,False,False,False
VS003862,AD001706,FA007,T3,validation,neighbour_says_shifted,3368.2,-2238.1,3405.0,-2280.0,trail_tail,2.0,positive,43.39197725649413,1.3663037714355222,False,False,False
VS003863,AD002321,FA007,T3,train,met_borrower,3390.2,-1727.9,3390.2,-1727.9,checkin,,positive,68.89684142168225,1.3663037714355222,False,False,False
VS003864,AD001272,FA007,T3,train,met_borrower,3104.5,-2476.7,3104.5,-2476.7,checkin,,positive,68.8953850296947,1.3663037714355222,False,False,False
VS003865,AD002988,FA007,T3,validation,address_not_traceable,3061.1,-1916.0,3061.1,-1916.0,checkin,,negative,,1.3663037714355222,False,False,False
VS003866,AD002154,FA001,T1,train,locked_premises,744.2,-2697.3,753.0,-2686.0,trail_tail,2.0,positive,31.890946991270123,1.0,False,False,False
VS003867,AD001808,FA001,T1,train,locked_premises,811.6,-3391.6,811.6,-3391.6,checkin,,positive,33.56143620288023,1.0,False,False,False
VS003868,AD001516,FA001,T1,train,address_not_traceable,2303.7,-2023.5,2303.7,-2023.5,checkin,,negative,,1.0,False,False,False
VS003869,AD002544,FA001,T1,test,met_borrower,617.6,-2924.9,676.9304035437272,-2764.7624788465537,dwell,,positive,52.06517550148083,1.0,False,False,False
VS003870,AD000369,FA001,T1,validation,locked_premises,1058.4,-145.6,1061.3333333333333,-143.33333333333334,trail_tail,6.0,positive,32.4340870073446,1.0,False,False,False
VS003871,AD002711,FA001,T1,train,met_borrower,1197.8,-3165.6,1179.7514782181163,-3167.1479511961593,dwell,,positive,52.35647046927437,1.0,False,False,False
VS003872,AD001151,FA001,T1,train,locked_premises,601.2,-2883.2,601.2,-2883.2,checkin,,positive,48.10623660192098,1.0,False,False,False
VS003873,AD000286,FA001,T1,test,met_borrower,396.7,-3331.4,409.6666666666667,-3327.3333333333335,trail_tail,3.0,positive,51.49759703131788,1.0,False,False,False
VS003874,AD001991,FA001,T1,train,locked_premises,335.6,-3250.1,335.6,-3250.1,checkin,,positive,42.97734868509225,1.0,False,False,False
VS003875,AD000126,FA001,T1,train,neighbour_says_shifted,917.0,-3210.5,905.5,-3201.5,trail_tail,2.0,positive,21.430177320778284,1.0,False,False,False
VS003876,AD000075,FA003,T1,train,neighbour_says_shifted,2764.7,-2341.6,2764.7,-2341.6,checkin,,positive,25.098057693773814,1.0,False,False,False
VS003877,AD002457,FA003,T1,train,met_borrower,2755.1,-1824.5,2755.1,-1824.5,checkin,,positive,65.90527293016848,1.0,False,False,False
VS003878,AD001336,FA003,T1,train,met_family,2816.9,-1988.6,2698.5045482679066,-1797.0949978430892,dwell,,positive,31.279905690394912,1.0,False,False,False
VS003879,AD002623,FA003,T1,test,neighbour_says_shifted,2905.4,-1803.3,2907.0,-1794.3656480505797,dwell,3.0,positive,18.88286260078169,1.0,False,False,False
VS003880,AD000389,FA003,T1,train,address_not_traceable,1083.5,-1005.7,1079.0,-1013.5,trail_tail,2.0,negative,,1.0,False,False,False
VS003881,AD000257,FA003,T1,train,locked_premises,2954.0,-2199.2,2954.0,-2199.2,checkin,,positive,31.187657815231987,1.0,False,False,False
VS003882,AD000813,FA003,T1,train,locked_premises,3076.7,-2249.6,3076.7,-2249.6,checkin,,positive,39.488004507698285,1.0,False,False,False
VS003883,AD001348,FA003,T1,train,address_not_traceable,2822.8,-2422.0,2819.0,-2429.3333333333335,trail_tail,3.0,negative,,1.0,False,False,False
VS003884,AD002925,FA003,T1,train,met_family,2615.8,-1936.4,2588.200629066403,-1986.415359236015,dwell,4.0,positive,40.28572948327981,1.0,False,False,False
VS003885,AD000649,FA002,T1,validation,address_not_traceable,-2739.5,1147.3,-2757.0,1154.0,trail_tail,2.0,negative,,1.0,False,False,False
VS003886,AD001836,FA002,T1,train,address_not_traceable,-2929.6,1023.2,-2935.6666666666665,1029.6666666666667,trail_tail,3.0,negative,,1.0,False,False,False
VS003887,AD001903,FA002,T1,test,address_not_traceable,1752.5,1520.5,1757.5,1521.5,trail_tail,2.0,negative,,1.0,False,False,False
VS003888,AD000047,FA002,T1,train,met_borrower,-2420.0,1179.0,-2453.3330933132156,1199.0124944343959,dwell,,positive,54.50376133809482,1.0,False,False,False
VS003889,AD001945,FA002,T1,train,neighbour_says_shifted,-3020.0,712.1,-3018.9999999999995,711.4886649874055,dwell,5.0,positive,16.355809365482347,1.0,False,False,False
VS003890,AD002468,FA002,T1,train,no_such_person,-3058.4,1466.4,-3073.1428571428573,1471.5714285714287,trail_tail,7.0,positive,45.98391022955746,1.0,False,False,False
VS003891,AD002510,FA002,T1,train,address_not_traceable,-1513.1,2638.0,-1503.6666666666667,2615.3333333333335,trail_tail,3.0,negative,,1.0,False,False,False
VS003892,AD002074,FA006,T2,train,met_borrower,1749.1,-1651.8,1768.0,-1650.0,trail_tail,2.0,positive,52.62748806469867,1.0,False,False,False
VS003893,AD002007,FA006,T2,train,locked_premises,1186.4,-2096.8,1175.0,-2104.6666666666665,trail_tail,3.0,positive,33.04996217849576,1.0,False,False,False
VS003894,AD001397,FA006,T2,train,met_family,1841.6,-1505.9,1694.7901708581303,-1682.5741985025916,dwell,,positive,31.36084341978066,1.0,False,False,False
VS003895,AD002466,FA006,T2,train,met_borrower,1804.8,-1989.7,1804.8,-1989.7,checkin,,positive,60.096360122722906,1.0,False,False,False
VS003896,AD002763,FA006,T2,validation,locked_premises,1799.5,-2204.9,1803.2,-2199.4,trail_tail,5.0,positive,31.171381105109866,1.0,False,False,False
VS003897,AD002193,FA006,T2,train,address_not_traceable,1318.9,-1737.8,1321.3333333333333,-1746.6666666666667,trail_tail,3.0,negative,,1.0,False,False,False
VS003898,AD001741,FA006,T2,validation,locked_premises,1560.7,-1871.0,1560.7,-1871.0,checkin,,positive,37.911508806693504,1.0,False,False,False
VS003899,AD000204,FA005,T2,validation,met_family,993.7,2519.7,993.3720930232558,2515.8837209302324,dwell,7.0,positive,30.51122744171397,1.0,False,False,False
VS003900,AD002966,FA005,T2,train,address_not_traceable,1878.9,-2078.6,1873.0,-2069.8,trail_tail,5.0,negative,,1.0,False,False,False
VS003901,AD003098,FA005,T2,train,met_borrower,780.2,3095.9,761.1,3085.8,trail_tail,10.0,positive,51.45301254542829,1.0,False,False,False
VS003902,AD002728,FA005,T2,train,address_not_traceable,611.3,2694.7,607.6666666666666,2685.0,trail_tail,3.0,negative,,1.0,False,False,False
VS003903,AD002057,FA005,T2,train,met_family,1102.1,2902.7,1037.5,2930.0,trail_tail,2.0,positive,47.752329786095245,1.0,False,False,False
VS003904,AD001457,FA005,T2,test,neighbour_says_shifted,1030.4,2568.0,1030.4,2568.0,checkin,,positive,23.291414727319598,1.0,False,False,False
VS003905,AD002701,FA005,T2,validation,address_not_traceable,1717.5,1347.6,1712.0,1355.0,trail_tail,2.0,negative,,1.0,False,False,False
VS003906,AD002206,FA005,T2,train,locked_premises,1030.4,2923.8,1030.4,2923.8,checkin,,positive,37.29624645993211,1.0,False,False,False
VS003907,AD001503,FA004,T2,train,neighbour_says_shifted,3141.3,-1438.7,3141.3,-1438.7,checkin,,positive,42.769328160159624,1.1098606920552958,False,False,False
VS003908,AD003077,FA004,T2,train,locked_premises,2936.0,-1504.2,2928.3333333333335,-1520.3333333333333,trail_tail,3.0,positive,35.367309181802526,1.1098606920552958,False,False,False
VS003909,AD002540,FA004,T2,train,met_family,2479.7,-1591.7,2478.553248225059,-1585.0832972234257,dwell,4.0,positive,37.180250358335385,1.1098606920552958,False,False,False
VS003910,AD001944,FA004,T2,train,met_borrower,2462.9,-668.0,2490.285714285714,-709.0,trail_tail,7.0,positive,61.03186916106621,1.1098606920552958,False,False,False
VS003911,AD001450,FA004,T2,test,neighbour_says_shifted,2503.4,-918.2,2503.4,-918.2,checkin,,positive,26.92962104359643,1.1098606920552958,False,False,False
VS003912,AD001683,FA004,T2,validation,met_family,2696.6,-1371.9,2705.8823529411766,-1381.8823529411766,dwell,6.0,positive,35.09060259634012,1.1098606920552958,False,False,False
VS003913,AD001134,FA004,T2,train,address_not_traceable,728.4,-3206.1,728.4,-3206.1,checkin,,negative,,1.1098606920552958,False,False,False
VS003914,AD002111,FA004,T2,train,address_not_traceable,3153.8,-1467.2,3150.5,-1470.0,trail_tail,2.0,negative,,1.1098606920552958,False,False,False
VS003915,AD002262,FA004,T2,validation,met_borrower,2714.3,-1772.2,2706.3333333333335,-1771.5833333333333,trail_tail,12.0,positive,56.439690021400985,1.1098606920552958,False,False,False
VS003916,AD002832,FA004,T2,validation,met_family,2689.6,-1013.5,2693.056272867511,-1016.8355479655096,dwell,3.0,positive,34.43417696232937,1.1098606920552958,False,False,False
VS003917,AD001079,FA008,T3,test,met_family,-2570.4,-31.3,-2456.8421548751985,-94.92872176955954,dwell,,positive,45.289417680594774,1.4612131704915665,False,False,False
VS003918,AD001333,FA008,T3,train,address_not_traceable,-2531.4,-279.7,-2531.4,-279.7,checkin,,negative,,1.4612131704915665,False,False,False
VS003919,AD002566,FA008,T3,train,locked_premises,-2645.2,-93.4,-2645.2,-93.4,checkin,,positive,53.782570477904,1.4612131704915665,False,False,False
VS003920,AD002233,FA008,T3,train,neighbour_says_shifted,-2574.1,-524.7,-2562.6486486486483,-530.7477477477477,dwell,7.0,positive,24.916362589579183,1.4612131704915665,False,False,False
VS003921,AD000617,FA008,T3,train,met_family,-3008.9,9.7,-3008.9,9.7,checkin,,positive,63.954330905841,1.4612131704915665,False,False,False
VS003922,AD000197,FA008,T3,validation,met_borrower,-2680.9,-139.7,-2678.0833333333335,-138.25,trail_tail,12.0,positive,73.52654216426795,1.4612131704915665,False,False,False
VS003923,AD000950,FA008,T3,validation,met_family,-3032.1,-243.2,-3021.2515991471214,-239.40085287846483,dwell,5.0,positive,45.088608655020806,1.4612131704915665,False,False,False
VS003924,AD002590,FA008,T3,train,address_not_traceable,-2544.3,-433.3,-2544.3,-433.3,checkin,,negative,,1.4612131704915665,False,False,False
VS003925,AD002415,FA008,T3,train,met_family,-2623.7,-71.8,-2685.0083798882683,-53.05307262569832,dwell,3.0,positive,66.64513818073922,1.4612131704915665,False,False,False
VS003926,AD002867,FA007,T3,train,neighbour_says_shifted,-2353.6,1705.9,-2339.0,1721.0,trail_tail,3.0,positive,31.37244407997481,1.3663037714355222,False,False,False
VS003927,AD002903,FA007,T3,train,locked_premises,-2263.3,1647.0,-2246.3333333333335,1651.6666666666667,trail_tail,3.0,positive,43.282133515450894,1.3663037714355222,False,False,False
VS003928,AD002696,FA007,T3,validation,met_borrower,-2549.8,923.2,-2546.75,935.0,trail_tail,12.0,positive,69.01687100052084,1.3663037714355222,False,False,False
VS003929,AD000323,FA007,T3,train,met_borrower,-2575.9,1819.2,-2567.253569393041,1796.9228405081922,dwell,,positive,73.36176587956857,1.3663037714355222,False,False,False
VS003930,AD001873,FA007,T3,train,met_borrower,-706.7,-2194.0,-760.4285714285714,-2172.8571428571427,trail_tail,7.0,positive,80.62711831719434,1.3663037714355222,False,False,False
VS003931,AD001436,FA007,T3,train,met_family,-2240.1,1231.2,-2317.6666666666665,1223.3333333333333,trail_tail,3.0,positive,67.2649330691686,1.3663037714355222,False,False,False
VS003932,AD002756,FA007,T3,train,address_not_traceable,-1958.8,1997.3,-1960.3333333333333,1995.3333333333333,trail_tail,3.0,negative,,1.3663037714355222,False,False,False
VS003933,AD001578,FA007,T3,train,met_family,-2164.0,1694.5,-2164.0,1694.5,checkin,,positive,83.0366831572398,1.3663037714355222,False,False,False
VS003934,AD002023,FA007,T3,train,met_family,-2729.4,1809.4,-2776.443518827058,1751.8570476507832,dwell,6.0,positive,64.19272600143213,1.3663037714355222,False,False,False
VS003935,AD001212,FA007,T3,test,neighbour_says_shifted,-2988.0,1340.5,-2988.0,1340.5,checkin,,positive,51.83358378403231,1.3663037714355222,False,False,False
VS003936,AD000342,FA009,T3,validation,address_not_traceable,3412.0,442.7,3412.0,442.7,checkin,,negative,,1.0,False,False,False
VS003937,AD001885,FA009,T3,train,address_not_traceable,432.9,-603.0,421.5,-593.5,trail_tail,2.0,negative,,1.0,False,False,False
VS003938,AD001812,FA009,T3,test,met_borrower,3574.5,468.6,3593.9,516.2,trail_tail,10.0,positive,55.75206274210847,1.0,False,False,False
VS003939,AD001574,FA009,T3,train,no_such_person,4014.6,107.4,4014.6,107.4,checkin,,positive,60.544941985272374,1.0,False,False,False
VS003940,AD001920,FA009,T3,train,met_family,3519.1,662.6,3592.022362952701,626.7730061349693,dwell,,positive,49.51164004554892,1.0,False,False,False
VS003941,AD002799,FA009,T3,train,locked_premises,2310.0,-793.8,2319.0,-800.0,trail_tail,5.0,positive,33.127179173603054,1.0,True,True,True
VS003942,AD003088,FA009,T3,train,address_not_traceable,3359.7,-2019.9,3359.7,-2019.9,checkin,,negative,,1.0,False,False,False
VS003943,AD000190,FA009,T3,train,locked_premises,2341.1,-763.1,2332.5,-782.75,trail_tail,4.0,positive,33.17446307025932,1.0,False,True,True
VS003944,AD001183,FA009,T3,test,address_not_traceable,-3768.2,-756.6,-3768.2,-756.6,checkin,,negative,,1.0,False,True,True
VS003945,AD000779,FA002,T1,train,met_borrower,2177.4,643.1,2177.4,643.1,checkin,,positive,50.571755951321286,1.0,False,False,False
VS003946,AD001408,FA002,T1,train,met_family,2627.6,942.9,2626.5018237665577,932.6461892877711,dwell,7.0,positive,31.409114919080416,1.0,False,False,False
VS003947,AD000669,FA002,T1,train,met_borrower,2261.8,615.0,2255.875,620.75,trail_tail,8.0,positive,50.809152718776964,1.0,False,False,False
VS003948,AD001867,FA002,T1,validation,address_not_traceable,2725.0,1314.5,2733.0,1314.6666666666667,trail_tail,3.0,negative,,1.0,False,False,False
VS003949,AD000970,FA002,T1,train,met_borrower,2723.2,1509.4,2689.507924707608,1478.2840228755626,dwell,,positive,55.83636807672932,1.0,False,False,False
VS003950,AD001207,FA002,T1,train,locked_premises,2520.6,902.4,2520.6,902.4,checkin,,positive,38.536865466718986,1.0,False,False,False
VS003951,AD000668,FA002,T1,train,met_family,2278.7,970.1,2306.5,901.0,trail_tail,2.0,positive,51.141323799839235,1.0,False,False,False
VS003952,AD002239,FA002,T1,train,address_not_traceable,1933.9,1437.3,1933.9,1437.3,checkin,,negative,,1.0,False,False,False
VS003953,AD000112,FA002,T1,train,address_not_traceable,959.7,-2815.7,960.6666666666666,-2799.3333333333335,trail_tail,3.0,negative,,1.0,False,False,False
VS003954,AD002367,FA002,T1,train,met_borrower,2108.7,753.0,2100.6428571428573,761.2142857142857,trail_tail,14.0,positive,50.6984467217685,1.0,False,False,False
VS003955,AD001676,FA001,T1,train,locked_premises,1125.6,-3443.4,1081.5,-3412.5,trail_tail,2.0,positive,41.74853290835499,1.0,False,False,False
VS003956,AD001198,FA001,T1,train,met_borrower,566.9,-2780.6,566.9,-2780.6,checkin,,positive,50.51180555078189,1.0,False,False,False
VS003957,AD002825,FA001,T1,validation,locked_premises,708.4,-3098.0,708.0,-3135.5,trail_tail,2.0,positive,40.665464463104314,1.0,False,False,False
VS003958,AD000085,FA001,T1,train,address_not_traceable,980.0,-3131.9,972.6666666666666,-3141.3333333333335,trail_tail,3.0,negative,,1.0,False,False,False
VS003959,AD002151,FA001,T1,test,met_borrower,1395.9,-2921.4,1169.6860465116279,-3104.290697674418,dwell,,positive,50.20311245331309,1.0,False,False,False
VS003960,AD002883,FA001,T1,train,address_not_traceable,475.5,-2880.8,475.5,-2880.8,checkin,,negative,,1.0,False,False,False
VS003961,AD001295,FA001,T1,validation,address_not_traceable,566.9,-2882.6,566.9,-2882.6,checkin,,negative,,1.0,False,False,False
VS003962,AD002270,FA001,T1,train,locked_premises,577.1,-2939.9,577.1,-2939.9,checkin,,positive,46.978346075612336,1.0,False,False,False
VS003963,AD002514,FA001,T1,train,locked_premises,742.3,-3291.9,742.5,-3291.0,trail_tail,4.0,positive,30.49155620823575,1.0,False,False,False
VS003964,AD001174,FA003,T1,test,neighbour_says_shifted,2592.6,-1920.3,2600.674792499232,-1910.6638487549953,dwell,2.0,positive,17.800351120132436,1.0,False,False,False
VS003965,AD002419,FA003,T1,train,met_family,2558.4,-2343.8,2769.900070583706,-2323.5098496353176,dwell,,positive,32.97408073017353,1.0,False,False,False
VS003966,AD001799,FA003,T1,train,met_family,3214.5,-2268.2,3197.0,-2174.0,trail_tail,2.0,positive,56.7416293386081,1.0,False,False,False
VS003967,AD003053,FA003,T1,train,met_borrower,3289.1,-2185.5,3254.5,-2206.0,trail_tail,4.0,positive,53.439358154828156,1.0,False,False,False
VS003968,AD001100,FA003,T1,train,met_family,2902.8,-2551.2,2892.5,-2553.0,trail_tail,2.0,positive,32.97893266920566,1.0,False,False,False
VS003969,AD001695,FA003,T1,train,met_borrower,2381.0,-2118.6,2381.0,-2118.6,checkin,,positive,69.47877373701984,1.0,False,False,False
VS003970,AD002404,FA003,T1,train,neighbour_says_shifted,3073.5,-1966.3,3071.8,-1959.6,trail_tail,5.0,positive,16.086795827634532,1.0,False,False,False
VS003971,AD000843,FA003,T1,train,no_such_person,2717.0,-2622.3,2718.8,-2620.8,trail_tail,5.0,positive,45.18155043820431,1.0,False,False,False
VS003972,AD002307,FA003,T1,train,locked_premises,2390.3,-2388.3,2390.3,-2388.3,checkin,,positive,58.99690669857189,1.0,False,False,False
VS003973,AD001857,FA006,T2,validation,met_family,1648.8,-2235.0,1647.3849980864904,-2230.2506697282815,dwell,11.0,positive,30.485570357137814,1.0,False,False,False
VS003974,AD002441,FA006,T2,train,met_borrower,-419.6,-515.2,-464.6,-535.8,trail_tail,5.0,positive,56.31527323914889,1.0,False,False,False
VS003975,AD002976,FA006,T2,train,locked_premises,1385.4,-1659.8,1377.6666666666667,-1672.6666666666667,trail_tail,3.0,positive,31.378177129973636,1.0,False,False,False
VS003976,AD000473,FA006,T2,train,met_family,1419.5,-1897.1,1420.7800000000002,-1894.5400000000002,dwell,2.0,positive,30.67417480552655,1.0,False,False,False
VS003977,AD000863,FA006,T2,validation,address_not_traceable,1813.0,-1447.8,1817.5,-1434.0,trail_tail,2.0,negative,,1.0,False,False,False
VS003978,AD002136,FA006,T2,train,locked_premises,1841.0,-2206.8,1841.0,-2206.8,checkin,,positive,40.64000492125955,1.0,False,False,False
VS003979,AD000901,FA006,T2,train,locked_premises,1882.3,-2148.6,1882.3,-2148.6,checkin,,positive,40.28104392887549,1.0,False,False,False
VS003980,AD001584,FA006,T2,test,neighbour_says_shifted,1382.3,-1870.2,1277.0,-2000.9534883720928,dwell,,positive,15.974119694055139,1.0,False,False,False
VS003981,AD000443,FA006,T2,train,address_not_traceable,689.6,-3382.4,691.0,-3387.5,trail_tail,2.0,negative,,1.0,False,False,False
VS003982,AD002526,FA006,T2,train,met_borrower,1409.2,-2130.7,1406.5,-2120.0,trail_tail,2.0,positive,51.70099128643473,1.0,False,False,False
VS003983,AD002112,FA004,T2,test,address_not_traceable,-350.6,3285.7,-350.6,3285.7,checkin,,negative,,1.1098606920552958,False,False,False
VS003984,AD002341,FA004,T2,train,address_not_traceable,1084.2,2712.3,1084.2,2712.3,checkin,,negative,,1.1098606920552958,False,False,False
VS003985,AD002166,FA004,T2,train,no_such_person,-977.9,3015.1,-975.0,3023.25,trail_tail,4.0,positive,52.10373381269642,1.1098606920552958,False,False,False
VS003986,AD000284,FA004,T2,train,neighbour_says_shifted,-306.1,3232.5,-306.1,3232.5,checkin,,positive,54.41493156912362,1.1098606920552958,False,False,False
VS003987,AD001135,FA004,T2,test,locked_premises,-941.1,2965.7,-941.1,2965.7,checkin,,positive,45.06956921183396,1.1098606920552958,False,False,False
VS003988,AD001662,FA004,T2,validation,met_family,-459.5,3152.7,-473.5788431603432,3167.383932587124,dwell,2.0,positive,39.55178207183997,1.1098606920552958,False,False,False
VS003989,AD000017,FA004,T2,train,locked_premises,-1058.4,2983.7,-1052.3333333333333,2980.6666666666665,trail_tail,3.0,positive,33.67951773459286,1.1098606920552958,False,False,False
VS003990,AD002005,FA004,T2,train,address_not_traceable,-972.9,2911.9,-972.9,2911.9,checkin,,negative,,1.1098606920552958,False,False,False
VS003991,AD000039,FA004,T2,train,met_borrower,-557.2,2513.2,-557.2,2513.2,checkin,,positive,59.97695805720918,1.1098606920552958,False,False,False
VS003992,AD000991,FA004,T2,train,address_not_traceable,-674.8,2935.6,-677.5,2937.0,trail_tail,2.0,negative,,1.1098606920552958,False,False,False
VS003993,AD001654,FA005,T2,train,neighbour_says_shifted,1072.3,2470.9,1059.7621471540951,2410.4586792606906,dwell,4.0,positive,39.323211974608625,1.0,False,False,False
VS003994,AD001158,FA005,T2,validation,met_family,927.7,2564.5,915.9113506379234,2557.7734271887375,dwell,10.0,positive,32.36116499757078,1.0,False,False,False
VS003995,AD000263,FA005,T2,train,address_not_traceable,841.0,2745.9,841.0,2745.9,checkin,,negative,,1.0,False,False,False
VS003996,AD001430,FA005,T2,validation,met_family,1296.5,2878.4,1290.0,2874.0,dwell,6.0,positive,30.545744384447403,1.0,False,False,False
VS003997,AD000718,FA005,T2,train,address_not_traceable,975.7,2630.0,975.7,2630.0,checkin,,negative,,1.0,False,False,False
VS003998,AD002302,FA005,T2,train,locked_premises,1119.9,2528.2,1069.0,2567.0,trail_tail,2.0,positive,55.15707116952464,1.0,False,False,False
VS003999,AD002218,FA005,T2,train,met_borrower,1007.8,2616.1,1022.5,2580.5,trail_tail,2.0,positive,57.01361679458687,1.0,False,False,False
VS004000,AD000828,FA007,T3,train,address_not_traceable,-2046.9,-1513.6,-2032.0,-1516.5,trail_tail,2.0,negative,,1.3663037714355222,False,False,False
VS004001,AD002380,FA007,T3,test,address_not_traceable,3155.8,-2409.1,3155.8,-2409.1,checkin,,negative,,1.3663037714355222,False,False,False
VS004002,AD001934,FA007,T3,train,locked_premises,-3024.6,-693.6,-3024.6,-693.6,checkin,,positive,53.48202350831845,1.3663037714355222,False,False,False
VS004003,AD000031,FA007,T3,train,met_family,3004.5,-2446.6,2961.6666666666665,-2453.3333333333335,trail_tail,3.0,positive,51.68625316571412,1.3663037714355222,False,False,False
VS004004,AD001766,FA007,T3,train,address_not_traceable,3109.2,-1912.7,3111.5,-1914.5,trail_tail,2.0,negative,,1.3663037714355222,False,False,False
VS004005,AD001569,FA007,T3,train,address_not_traceable,1899.5,-3258.6,1902.5,-3254.0,trail_tail,2.0,negative,,1.3663037714355222,False,False,False
VS004006,AD001146,FA007,T3,test,address_not_traceable,557.1,275.9,566.5,293.0,trail_tail,2.0,negative,,1.3663037714355222,False,False,False
VS004007,AD002635,FA007,T3,train,locked_premises,3235.7,-2209.1,3243.0,-2175.0,trail_tail,2.0,positive,53.12049549524393,1.3663037714355222,False,False,False
VS004008,AD001116,FA007,T3,train,locked_premises,3110.1,-1938.9,3117.0,-1940.5,trail_tail,4.0,positive,42.95857653573398,1.3663037714355222,False,False,False
VS004009,AD000273,FA009,T3,train,address_not_traceable,-897.9,-1662.7,-913.3333333333334,-1660.3333333333333,trail_tail,3.0,negative,,1.0,False,False,False
VS004010,AD000721,FA009,T3,validation,met_borrower,-3061.2,-116.3,-3037.0,-115.0,trail_tail,2.0,positive,51.15244373439062,1.0,False,False,False
VS004011,AD000288,FA009,T3,train,met_family,-3739.0,-762.2,-3739.0,-762.2,checkin,,positive,33.976020955962454,1.0,False,True,True
VS004012,AD002546,FA009,T3,validation,locked_premises,-2310.3,-425.1,-2310.3,-425.1,checkin,,positive,37.58756443293447,1.0,False,False,False
VS004013,AD002977,FA009,T3,train,locked_premises,-2692.4,-507.4,-2692.4,-507.4,checkin,,positive,41.25760535949707,1.0,False,False,False
VS004014,AD000078,FA009,T3,train,no_such_person,-2524.9,-149.1,-2532.6,-136.8,trail_tail,5.0,positive,46.11621189993818,1.0,False,False,False
VS004015,AD001908,FA009,T3,test,locked_premises,2333.4,-764.9,2333.4,-764.9,checkin,,positive,31.39398827801271,1.0,True,True,True
VS004016,AD001171,FA009,T3,train,address_not_traceable,-2341.0,-427.8,-2341.0,-427.8,checkin,,negative,,1.0,False,False,False
VS004017,AD002252,FA009,T3,validation,met_family,-3040.2,-695.6,-2920.971879210953,-596.2013180392896,dwell,,positive,31.544571640775207,1.0,False,False,False
VS004018,AD001564,FA008,T3,train,address_not_traceable,-491.8,-3504.7,-491.8,-3504.7,checkin,,negative,,1.4612131704915665,False,False,False
VS004019,AD000505,FA008,T3,train,address_not_traceable,-1976.9,-1122.9,-1976.9,-1122.9,checkin,,negative,,1.4612131704915665,False,False,False
VS004020,AD001947,FA008,T3,train,address_not_traceable,-161.0,-3574.6,-161.0,-3574.6,checkin,,negative,,1.4612131704915665,False,False,False
VS004021,AD002083,FA008,T3,train,met_family,-264.8,-4122.6,-400.0001150880424,-3924.638968811141,dwell,,positive,48.09278545892323,1.4612131704915665,False,False,False
VS004022,AD001864,FA008,T3,train,met_family,-171.0,-3886.7,-183.0,-3910.0,trail_tail,3.0,positive,47.71845484757713,1.4612131704915665,False,False,False
VS004023,AD002164,FA008,T3,train,locked_premises,-210.7,-3918.0,-210.7,-3918.0,checkin,,positive,56.92850694397162,1.4612131704915665,False,False,False
VS004024,AD000632,FA008,T3,train,neighbour_says_shifted,-918.3,-3860.8,-881.4530067540078,-3849.9895841809753,dwell,4.0,positive,38.613715785853564,1.4612131704915665,False,False,False
VS004025,AD002722,FA008,T3,train,address_not_traceable,-1255.7,-1615.2,-1255.7,-1615.2,checkin,,negative,,1.4612131704915665,False,False,False
VS004026,AD002519,FA008,T3,train,locked_premises,-245.6,2878.9,-248.0,2877.0,trail_tail,2.0,positive,44.956533215514355,1.4612131704915665,False,False,False
VS004027,AD001233,FA001,T1,test,met_borrower,2532.0,-2365.4,2519.5,-2363.9166666666665,trail_tail,12.0,positive,51.453279778844035,1.0,False,False,False
VS004028,AD001433,FA001,T1,train,met_family,2656.8,-2478.3,2729.0,-2470.0,trail_tail,2.0,positive,52.77804941450558,1.0,False,False,False
VS004029,AD000667,FA001,T1,test,met_borrower,2265.3,-2342.6,2283.6,-2345.5,trail_tail,10.0,positive,51.18752289376776,1.0,False,False,False
VS004030,AD001746,FA001,T1,train,met_borrower,1019.1,-108.6,1019.1,-108.6,checkin,,positive,57.57336623821817,1.0,False,False,False
VS004031,AD000955,FA001,T1,train,neighbour_says_shifted,3079.0,-1899.8,3141.245614035088,-1917.7543859649122,dwell,3.0,positive,36.92830892418444,1.0,False,False,False
VS004032,AD000652,FA001,T1,train,locked_premises,2848.7,-2271.8,2848.7,-2271.8,checkin,,positive,31.890319847878594,1.0,False,False,False
VS004033,AD001236,FA002,T1,train,address_not_traceable,3038.2,-2663.8,3038.2,-2663.8,checkin,,negative,,1.0,False,False,False
VS004034,AD000524,FA002,T1,validation,met_family,2593.2,-1649.5,2604.1962944416623,-1659.6930395593388,dwell,6.0,positive,33.035776061718316,1.0,False,False,False
VS004035,AD000919,FA002,T1,train,met_borrower,2991.1,-2341.6,2991.1,-2341.6,checkin,,positive,51.512935268726444,1.0,False,False,False
VS004036,AD000622,FA002,T1,test,met_family,2475.8,-2536.3,2475.8,-2536.3,checkin,,positive,40.30375292699182,1.0,False,False,False
VS004037,AD001256,FA002,T1,train,neighbour_says_shifted,3310.1,-1994.4,3308.5170803917104,-1993.7229560464586,dwell,3.0,positive,18.25328737515518,1.0,False,False,False
VS004038,AD002332,FA002,T1,train,address_not_traceable,1351.2,-1710.4,1351.2,-1710.4,checkin,,negative,,1.0,False,False,False
VS004039,AD003099,FA002,T1,train,locked_premises,2733.6,-2296.7,2733.6,-2296.7,checkin,,positive,54.193841901086806,1.0,False,False,False
VS004040,AD001240,FA003,T1,train,neighbour_says_shifted,1329.0,-221.5,1335.7531556802246,-216.64936886395515,dwell,5.0,positive,16.86038255793741,1.0,False,False,False
VS004041,AD001035,FA003,T1,train,met_borrower,800.2,-347.5,809.1666666666666,-351.75,trail_tail,12.0,positive,51.86311309591818,1.0,False,False,False
VS004042,AD000788,FA003,T1,train,no_such_person,1173.6,-298.0,1173.6,-298.0,checkin,,positive,47.84652547468834,1.0,False,False,False
VS004043,AD000488,FA003,T1,train,neighbour_says_shifted,1237.1,226.1,1239.3333333333333,216.33333333333334,trail_tail,3.0,positive,18.01096888010193,1.0,False,False,False
VS004044,AD002606,FA003,T1,train,met_family,1223.5,-171.9,1223.5,-171.9,checkin,,positive,32.6261398268321,1.0,False,False,False
VS004045,AD000247,FA003,T1,validation,address_not_traceable,1770.0,-1290.8,1770.0,-1290.8,checkin,,negative,,1.0,False,False,False
VS004046,AD001881,FA003,T1,train,locked_premises,688.0,23.7,709.0,19.5,trail_tail,2.0,positive,32.500499996153906,1.0,False,False,False
VS004047,AD002995,FA003,T1,train,address_not_traceable,974.9,-186.3,964.6666666666666,-191.33333333333334,trail_tail,3.0,negative,,1.0,False,False,False
VS004048,AD001088,FA003,T1,test,cash_collected,1327.7,-221.4,1329.5,-221.0,trail_tail,2.0,positive,66.6997938527549,1.0,False,False,False
VS004049,AD002821,FA006,T2,validation,locked_premises,1288.2,-2225.0,1288.2,-2225.0,checkin,,positive,39.42106036118257,1.0,False,False,False
VS004050,AD002665,FA006,T2,train,no_such_person,-136.2,1093.6,-140.5,1122.0,trail_tail,2.0,positive,49.230478364525375,1.0,False,False,False
VS004051,AD001833,FA006,T2,test,neighbour_says_shifted,1524.9,-2395.6,1536.7647058823527,-2390.470588235294,dwell,3.0,positive,22.313728957751533,1.0,False,False,False
VS004052,AD002661,FA006,T2,train,met_family,1770.1,-1738.1,1758.3175658720202,-1730.6658720200753,dwell,8.0,positive,32.393131988123635,1.0,False,False,False
VS004053,AD000173,FA006,T2,train,met_family,1433.7,-2341.3,1442.3224181360201,-2342.9357682619643,dwell,5.0,positive,30.496639159094233,1.0,False,False,False
VS004054,AD002794,FA006,T2,validation,met_family,1676.6,-2291.9,1625.934179043946,-2310.1775699107925,dwell,2.0,positive,39.185998775072676,1.0,False,False,False
VS004055,AD000964,FA006,T2,validation,address_not_traceable,1392.4,-1852.0,1392.4,-1852.0,checkin,,negative,,1.0,False,False,False
VS004056,AD000032,FA006,T2,train,locked_premises,1755.8,-1801.9,1768.0,-1818.25,trail_tail,4.0,positive,31.454928071766428,1.0,False,False,False
VS004057,AD000598,FA006,T2,validation,neighbour_says_shifted,1599.9,-2337.5,1606.7289324771593,-2328.3425204256464,dwell,,positive,25.606932655044822,1.0,False,False,False
VS004058,AD002278,FA006,T2,validation,address_not_traceable,740.5,1473.0,744.0,1475.3333333333333,trail_tail,3.0,negative,,1.0,False,False,False
VS004059,AD003015,FA004,T2,test,met_borrower,969.8,2448.6,969.8,2448.6,checkin,,positive,60.61770147329612,1.1098606920552958,False,False,False
VS004060,AD002669,FA004,T2,train,address_not_traceable,-853.2,46.3,-853.2,46.3,checkin,,negative,,1.1098606920552958,False,False,False
VS004061,AD001697,FA004,T2,train,met_borrower,852.5,3225.1,867.0,3212.0,trail_tail,2.0,positive,59.44415317175403,1.1098606920552958,False,False,False
VS004062,AD003060,FA004,T2,train,locked_premises,848.0,2790.4,847.0,2776.6666666666665,trail_tail,3.0,positive,36.562288190139405,1.1098606920552958,False,False,False
VS004063,AD000792,FA004,T2,train,locked_premises,928.1,2480.8,926.0,2483.5,trail_tail,2.0,positive,34.685987753731865,1.1098606920552958,False,False,False
VS004064,AD000027,FA004,T2,validation,address_not_traceable,978.7,2922.7,964.0,2911.6666666666665,trail_tail,3.0,negative,,1.1098606920552958,False,False,False
VS004065,AD000049,FA004,T2,train,locked_premises,759.7,2427.4,759.7,2427.4,checkin,,positive,41.980801603757484,1.1098606920552958,False,False,False
VS004066,AD003066,FA004,T2,train,met_borrower,2379.7,-1173.3,2378.5384615384614,-1177.8461538461538,trail_tail,13.0,positive,55.896720932117425,1.1098606920552958,False,False,False
VS004067,AD002535,FA005,T2,validation,address_not_traceable,3335.0,285.4,3335.0,285.4,checkin,,negative,,1.0,False,False,False
VS004068,AD002751,FA005,T2,train,locked_premises,3256.4,275.0,3256.4,275.0,checkin,,positive,31.42658110580913,1.0,False,False,False
VS004069,AD002272,FA005,T2,train,address_not_traceable,3067.8,618.1,3066.6666666666665,613.0,trail_tail,3.0,negative,,1.0,False,False,False
VS004070,AD001254,FA005,T2,train,locked_premises,2719.1,260.7,2719.1,260.7,checkin,,positive,38.47577159720129,1.0,False,False,False
VS004071,AD001726,FA005,T2,validation,locked_premises,2881.7,818.0,2927.5,885.5,trail_tail,2.0,positive,49.99912499234365,1.0,False,False,False
VS004072,AD002043,FA005,T2,train,locked_premises,2973.5,91.8,2973.5,91.8,checkin,,positive,54.365269244251884,1.0,False,False,False
VS004073,AD002626,FA005,T2,train,locked_premises,3128.8,450.2,3138.3333333333335,479.0,trail_tail,3.0,positive,34.17864830563081,1.0,False,False,False
VS004074,AD001712,FA005,T2,train,no_such_person,3069.5,682.8,3069.5,682.8,checkin,,positive,45.742349087033126,1.0,False,False,False
VS004075,AD000079,FA007,T3,test,address_not_traceable,935.3,-1082.6,924.5,-1083.5,trail_tail,2.0,negative,,1.3663037714355222,False,False,False
VS004076,AD000639,FA007,T3,train,locked_premises,1083.7,-984.3,1083.7,-984.3,checkin,,positive,48.55350340660554,1.3663037714355222,False,False,False
VS004077,AD001128,FA007,T3,train,address_not_traceable,1010.3,-734.3,1010.3,-734.3,checkin,,negative,,1.3663037714355222,False,False,False
VS004078,AD001395,FA007,T3,train,locked_premises,1391.2,-1108.2,1355.0,-1060.6666666666667,trail_tail,3.0,positive,60.48776634018321,1.3663037714355222,False,False,False
VS004079,AD000671,FA007,T3,train,met_family,1393.5,-955.7,1288.3546892488923,-832.4523844842806,dwell,,positive,42.6841476697017,1.3663037714355222,False,False,False
VS004080,AD000155,FA007,T3,train,met_family,1158.3,-597.3,1167.7840490723468,-607.0949765607583,dwell,7.0,positive,44.51938932321707,1.3663037714355222,False,False,False
VS004081,AD002096,FA008,T3,validation,met_borrower,3609.2,748.2,3583.7507889064445,627.0068403280146,dwell,,positive,75.03596400288333,1.4612131704915665,False,False,False
VS004082,AD002311,FA008,T3,test,address_not_traceable,3163.4,-1501.6,3166.3333333333335,-1501.6666666666667,trail_tail,3.0,negative,,1.4612131704915665,False,False,False
VS004083,AD001352,FA008,T3,validation,met_family,3919.0,349.8,3933.5,303.5,trail_tail,2.0,positive,59.4464188821394,1.4612131704915665,False,False,False
VS004084,AD000645,FA008,T3,train,neighbour_says_shifted,3602.0,-3.3,3552.978980735887,-99.36940080205086,dwell,,positive,30.64761824250109,1.4612131704915665,False,False,False
VS004085,AD002889,FA008,T3,test,neighbour_says_shifted,4055.9,81.9,4055.9,81.9,checkin,,positive,39.382202512745216,1.4612131704915665,False,False,False
VS004086,AD001749,FA008,T3,train,address_not_traceable,2531.0,675.0,2531.0,675.0,checkin,,negative,,1.4612131704915665,False,False,False
VS004087,AD001977,FA008,T3,test,address_not_traceable,3613.1,268.2,3618.5,276.0,trail_tail,2.0,negative,,1.4612131704915665,False,False,False
VS004088,AD002933,FA009,T3,train,met_borrower,911.8,-717.0,912.2,-715.4,trail_tail,5.0,positive,51.165906617590586,1.0,False,False,False
VS004089,AD000596,FA009,T3,train,address_not_traceable,2334.3,-745.7,2334.3,-745.7,checkin,,negative,,1.0,True,True,True
VS004090,AD000227,FA009,T3,train,met_borrower,2317.0,-782.4,2317.0,-782.4,checkin,,positive,52.62299877430019,1.0,False,True,True
VS004091,AD000451,FA009,T3,validation,met_family,982.6,-456.9,982.6,-456.9,checkin,,positive,40.918608236351346,1.0,False,False,False
VS004092,AD002445,FA009,T3,train,address_not_traceable,2304.9,-768.1,2333.0,-746.6666666666666,trail_tail,3.0,negative,,1.0,False,True,True
VS004093,AD002848,FA009,T3,train,neighbour_says_shifted,971.1,-762.9,978.0,-773.0,trail_tail,2.0,positive,20.879535435444915,1.0,False,False,False
VS004094,AD001649,FA002,T1,train,met_family,2322.5,-2481.8,2322.5,-2430.5,trail_tail,2.0,positive,40.990029275422636,1.0,False,False,False
VS004095,AD002246,FA002,T1,validation,met_borrower,2435.4,-2330.3,2451.2,-2337.8,trail_tail,5.0,positive,52.11489710246005,1.0,False,False,False
VS004096,AD000129,FA002,T1,train,met_family,3035.2,-2066.1,3035.2,-2066.1,checkin,,positive,52.773786106361534,1.0,False,False,False
VS004097,AD001479,FA002,T1,test,locked_premises,2974.9,-2507.2,2981.5,-2502.75,trail_tail,4.0,positive,33.265635421557775,1.0,False,False,False
VS004098,AD000363,FA002,T1,train,met_family,2708.2,-2620.4,2713.785186217115,-2619.1714628563104,dwell,5.0,positive,31.49698398259746,1.0,False,False,False
VS004099,AD002911,FA002,T1,train,met_borrower,3003.0,-2277.3,3050.7939303057865,-1997.6846032190188,dwell,,positive,50.93940027130276,1.0,False,False,False
VS004100,AD003004,FA002,T1,train,met_borrower,3000.1,-2507.0,2989.5145105417573,-2510.714610313724,dwell,,positive,52.57625414576432,1.0,False,False,False
VS004101,AD000138,FA003,T1,train,met_borrower,315.6,-3034.1,373.75,-3034.75,trail_tail,4.0,positive,59.57669426881622,1.0,False,False,False
VS004102,AD000608,FA003,T1,train,met_borrower,915.4,-3354.9,921.2042306565678,-3347.423797966272,dwell,,positive,50.54436170335916,1.0,False,False,False
VS004103,AD002179,FA003,T1,train,no_such_person,1188.6,-1646.0,1188.6,-1646.0,checkin,,positive,54.16133307074335,1.0,False,False,False
VS004104,AD000936,FA003,T1,train,met_borrower,1047.6,-2749.9,1047.6,-2749.9,checkin,,positive,50.521307386092055,1.0,False,False,False
VS004105,AD002061,FA003,T1,train,met_borrower,1147.3,-2966.1,1141.6,-2952.3,trail_tail,10.0,positive,50.72203663103444,1.0,False,False,False
VS004106,AD001083,FA003,T1,train,no_such_person,871.0,-3507.0,802.0,-3289.0,dwell,,positive,45.50175820778797,1.0,False,False,False
VS004107,AD002624,FA003,T1,validation,met_family,543.1,-3603.8,543.1,-3603.8,checkin,,positive,38.447008986395794,1.0,False,False,False
VS004108,AD003102,FA003,T1,test,locked_premises,1002.8,-3180.2,1002.8,-3180.2,checkin,,positive,31.038363358914413,1.0,False,False,False
VS004109,AD001087,FA003,T1,train,address_not_traceable,2292.2,-1891.7,2292.2,-1891.7,checkin,,negative,,1.0,False,False,False
VS004110,AD002928,FA003,T1,train,met_family,1150.3,-3185.9,1166.8324141643877,-3175.8381453139295,dwell,7.0,positive,32.92013061942495,1.0,False,False,False
VS004111,AD001224,FA001,T1,train,address_not_traceable,2785.7,-1970.8,2785.7,-1970.8,checkin,,negative,,1.0,False,False,False
VS004112,AD001567,FA001,T1,validation,locked_premises,2844.4,-2208.0,2844.4,-2208.0,checkin,,positive,46.565437826783054,1.0,False,False,False
VS004113,AD002904,FA001,T1,train,no_such_person,2815.0,-1958.7,2811.5,-1977.5,trail_tail,2.0,positive,46.42825109779604,1.0,False,False,False
VS004114,AD002505,FA001,T1,validation,met_family,2942.8,-2655.8,2942.8,-2655.8,checkin,,positive,35.69565799925812,1.0,False,False,False
VS004115,AD002757,FA001,T1,train,neighbour_says_shifted,2395.9,-2150.8,2394.457406974023,-2148.2442078165227,dwell,7.0,positive,17.254057493818674,1.0,False,False,False
VS004116,AD000203,FA001,T1,validation,met_borrower,2668.4,-2477.8,2597.457786064645,-2480.9800048732427,dwell,,positive,60.48313814609824,1.0,False,False,False
VS004117,AD001380,FA004,T2,test,met_family,1394.8,-1880.4,1399.1375006995354,-1893.449532279797,dwell,12.0,positive,34.53504135463315,1.1098606920552958,False,False,False
VS004118,AD000223,FA004,T2,validation,locked_premises,1899.6,-2175.9,1899.6,-2175.9,checkin,,positive,41.556132273442955,1.1098606920552958,False,False,False
VS004119,AD001031,FA004,T2,validation,met_borrower,1474.7,-2047.2,1474.7,-2047.2,checkin,,positive,70.11731030973719,1.1098606920552958,False,False,False
VS004120,AD000560,FA004,T2,train,met_family,1306.6,-2461.2,1306.6,-2461.2,checkin,,positive,44.21705054826154,1.1098606920552958,False,False,False
VS004121,AD001487,FA004,T2,train,no_such_person,1703.1,-1846.7,1689.5,-1849.5,trail_tail,2.0,positive,51.32088727650366,1.1098606920552958,False,False,False
VS004122,AD003044,FA004,T2,train,neighbour_says_shifted,1267.0,-2740.2,1212.660513412172,-2557.8370349004904,dwell,,positive,20.2643056691036,1.1098606920552958,False,False,False
VS004123,AD001566,FA004,T2,train,address_not_traceable,1260.9,-2300.1,1260.9,-2300.1,checkin,,negative,,1.1098606920552958,False,False,False
VS004124,AD001131,FA004,T2,train,met_family,1105.6,-1749.5,1105.6,-1749.5,checkin,,positive,43.53770740502038,1.1098606920552958,False,False,False
VS004125,AD000846,FA006,T2,train,met_family,-1863.1,-3266.7,-1863.0253807106599,-3256.492385786802,dwell,7.0,positive,31.06807042608213,1.0,False,False,False
VS004126,AD001647,FA006,T2,train,met_family,-1644.6,-2897.4,-1640.985761226725,-2906.8083242059142,dwell,5.0,positive,31.51729683840286,1.0,False,False,False
VS004127,AD001447,FA006,T2,validation,met_borrower,-1340.8,-2845.6,-1334.111111111111,-2866.3333333333335,trail_tail,9.0,positive,52.10575783922542,1.0,False,False,False
VS004128,AD000379,FA006,T2,train,met_borrower,-2105.0,-2709.7,-2124.5,-2653.75,trail_tail,4.0,positive,59.41054199382459,1.0,False,False,False
VS004129,AD002131,FA006,T2,validation,locked_premises,-1536.9,-2450.1,-1517.6666666666667,-2456.0,trail_tail,3.0,positive,33.852547910017066,1.0,False,False,False
VS004130,AD000194,FA006,T2,train,address_not_traceable,-1366.6,-1438.8,-1366.6,-1438.8,checkin,,negative,,1.0,False,False,False
VS004131,AD002723,FA006,T2,train,address_not_traceable,-1714.8,-2746.0,-1714.8,-2746.0,checkin,,negative,,1.0,False,False,False
VS004132,AD000672,FA005,T2,train,met_family,802.1,2617.6,939.7970083126796,2636.6637422411336,dwell,,positive,31.230313799256,1.0,False,False,False
VS004133,AD001937,FA005,T2,test,met_family,749.9,3125.7,742.964265456608,3086.7169597277366,dwell,8.0,positive,35.896587581551486,1.0,False,False,False
VS004134,AD001556,FA005,T2,train,met_family,1028.3,2620.2,1031.6817763056974,2592.8761892685106,dwell,,positive,38.321567034765124,1.0,False,False,False
VS004135,AD003019,FA005,T2,train,met_borrower,773.2,2749.0,669.3816051844467,2782.128115653041,dwell,,positive,50.18924187512698,1.0,False,False,False
VS004136,AD002487,FA005,T2,validation,locked_premises,1170.8,2770.1,1173.6666666666667,2766.6666666666665,trail_tail,3.0,positive,31.00004032255442,1.0,False,False,False
VS004137,AD000147,FA005,T2,test,locked_premises,1011.1,2871.0,1008.3333333333334,2869.3333333333335,trail_tail,3.0,positive,30.525276411524924,1.0,False,False,False
VS004138,AD001589,FA005,T2,train,locked_premises,687.8,3122.0,690.8,3118.8,trail_tail,5.0,positive,31.002741814233143,1.0,False,False,False
VS004139,AD001520,FA008,T3,train,met_borrower,-732.6,-3714.5,-563.494796003841,-3727.1745119272036,dwell,,positive,73.77480654185685,1.4612131704915665,False,False,False
VS004140,AD002932,FA008,T3,test,neighbour_says_shifted,-614.0,-3438.4,-613.0077856097672,-3442.5050787497366,dwell,8.0,positive,24.5896606204422,1.4612131704915665,False,False,False
VS004141,AD000607,FA008,T3,train,locked_premises,-819.1,-3858.6,-819.1,-3858.6,checkin,,positive,47.445627647403896,1.4612131704915665,False,False,False
VS004142,AD001219,FA008,T3,train,address_not_traceable,1087.4,-3852.1,1088.0,-3842.0,trail_tail,2.0,negative,,1.4612131704915665,False,False,False
VS004143,AD000576,FA008,T3,train,locked_premises,-470.7,-3671.3,-470.7,-3671.3,checkin,,positive,68.98264964220586,1.4612131704915665,False,False,False
VS004144,AD001620,FA008,T3,train,locked_premises,-35.5,-3379.2,-35.5,-3379.2,checkin,,positive,48.849396567820726,1.4612131704915665,False,False,False
VS004145,AD001386,FA008,T3,train,neighbour_says_shifted,-407.0,-3396.3,-402.69159953970086,-3395.7123130034524,dwell,7.0,positive,23.072019221405217,1.4612131704915665,False,False,False
VS004146,AD002402,FA008,T3,validation,address_not_traceable,1540.0,-3676.4,1540.0,-3676.4,checkin,,negative,,1.4612131704915665,False,False,False
VS004147,AD001472,FA008,T3,train,met_family,-382.0,-3955.7,-425.88061420345485,-3926.445297504798,dwell,5.0,positive,59.404785344733654,1.4612131704915665,False,False,False
VS004148,AD000808,FA009,T3,test,address_not_traceable,-162.8,3381.9,-165.66666666666666,3374.3333333333335,trail_tail,3.0,negative,,1.0,False,False,False
VS004149,AD001521,FA009,T3,validation,locked_premises,-759.1,3257.5,-759.1,3257.5,checkin,,positive,47.38908102084277,1.0,False,False,False
VS004150,AD000662,FA009,T3,validation,met_borrower,-3733.6,-760.9,-3713.0,-761.5,trail_tail,2.0,positive,52.75653987895718,1.0,True,True,True
VS004151,AD000654,FA009,T3,train,locked_premises,2330.7,-775.5,2330.7,-775.5,checkin,,positive,32.023350855274344,1.0,False,True,True
VS004152,AD000741,FA009,T3,test,met_borrower,-985.6,2713.2,-985.6,2713.2,checkin,,positive,53.78419842295689,1.0,False,False,False
VS004153,AD002651,FA009,T3,test,no_such_person,-921.3,3394.4,-913.0,3388.5,trail_tail,4.0,positive,45.523098532503255,1.0,False,False,False
VS004154,AD003105,FA009,T3,validation,locked_premises,-117.3,3050.8,-117.3,3050.8,checkin,,positive,30.661743264204656,1.0,False,False,False
VS004155,AD002069,FA007,T3,validation,address_not_traceable,3743.6,626.1,3751.3333333333335,633.6666666666666,trail_tail,3.0,negative,,1.3663037714355222,False,False,False
VS004156,AD001122,FA007,T3,train,met_family,3389.2,510.1,3389.2,510.1,checkin,,positive,44.16253317143068,1.3663037714355222,False,False,False
VS004157,AD002551,FA007,T3,train,address_not_traceable,3442.2,-2098.4,3442.2,-2098.4,checkin,,negative,,1.3663037714355222,False,False,False
VS004158,AD000228,FA007,T3,train,met_family,3803.6,179.4,3815.3816929190125,194.41533975586745,dwell,3.0,positive,45.843309285603624,1.3663037714355222,False,False,False
VS004159,AD000535,FA007,T3,train,met_borrower,3701.7,111.3,3705.8571428571427,109.71428571428571,trail_tail,7.0,positive,68.99069684965202,1.3663037714355222,False,False,False
VS004160,AD000303,FA007,T3,train,locked_premises,3553.7,605.2,3576.3333333333335,615.6666666666666,trail_tail,3.0,positive,49.57579152677902,1.3663037714355222,False,False,False
VS004161,AD001801,FA007,T3,validation,address_not_traceable,4000.8,537.3,4000.8,537.3,checkin,,negative,,1.3663037714355222,False,False,False
VS004162,AD000209,FA003,T1,test,address_not_traceable,2439.9,1068.6,2439.9,1068.6,checkin,,negative,,1.0,False,False,False
VS004163,AD001045,FA003,T1,train,address_not_traceable,2565.4,1754.6,2565.4,1754.6,checkin,,negative,,1.0,False,False,False
VS004164,AD002593,FA003,T1,train,address_not_traceable,2335.9,878.5,2335.9,878.5,checkin,,negative,,1.0,False,False,False
VS004165,AD003016,FA003,T1,test,met_borrower,2495.6,691.6,2449.0,669.5,trail_tail,4.0,positive,55.53413364769454,1.0,False,False,False
VS004166,AD000830,FA003,T1,train,address_not_traceable,2647.8,735.0,2652.3333333333335,737.3333333333334,trail_tail,3.0,negative,,1.0,False,False,False
VS004167,AD001258,FA003,T1,test,address_not_traceable,551.3,2438.7,551.3,2438.7,checkin,,negative,,1.0,False,False,False
VS004168,AD002744,FA003,T1,test,address_not_traceable,2633.4,1148.4,2633.4,1148.4,checkin,,negative,,1.0,False,False,False
VS004169,AD001461,FA001,T1,validation,address_not_traceable,-2656.8,1158.6,-2674.0,1154.6666666666667,trail_tail,3.0,negative,,1.0,False,False,False
VS004170,AD002444,FA001,T1,train,no_such_person,-2703.5,946.3,-2703.5,942.5,trail_tail,6.0,positive,45.299503308535286,1.0,False,False,False
VS004171,AD002539,FA001,T1,train,address_not_traceable,-2608.5,867.2,-2605.3333333333335,873.3333333333334,trail_tail,3.0,negative,,1.0,False,False,False
VS004172,AD002828,FA001,T1,train,locked_premises,-2987.9,726.1,-2987.9,726.1,checkin,,positive,32.434780714535435,1.0,False,False,False
VS004173,AD002641,FA001,T1,train,no_such_person,-2830.6,889.6,-2830.6,889.6,checkin,,positive,56.69197474069853,1.0,False,False,False
VS004174,AD000307,FA001,T1,train,cash_collected,-2834.0,997.2,-2834.0,997.2,checkin,,positive,69.34890049597037,1.0,False,False,False
VS004175,AD002413,FA002,T1,validation,met_family,2946.4,-1906.4,2968.0438248949727,-1912.5610154000178,dwell,12.0,positive,32.65868950218301,1.0,False,False,False
VS004176,AD002306,FA002,T1,train,met_family,2792.1,-2000.0,2791.884616174449,-2003.2581305846857,dwell,9.0,positive,31.36020567534595,1.0,False,False,False
VS004177,AD001034,FA002,T1,train,address_not_traceable,2771.4,-2195.8,2767.5,-2194.0,trail_tail,2.0,negative,,1.0,False,False,False
VS004178,AD001276,FA002,T1,test,address_not_traceable,1636.9,-1491.0,1638.0,-1490.0,trail_tail,3.0,negative,,1.0,False,False,False
VS004179,AD002766,FA002,T1,test,neighbour_says_shifted,2785.7,-1840.7,2788.44527259065,-1909.2148710753406,dwell,6.0,positive,35.17577291261698,1.0,False,False,False
VS004180,AD000428,FA002,T1,train,no_such_person,3094.4,-2840.1,2891.1358913977006,-2706.423327330655,dwell,,positive,48.811909407438655,1.0,False,False,False
VS004181,AD001493,FA006,T2,train,address_not_traceable,436.9,-3226.2,436.9,-3226.2,checkin,,negative,,1.0,False,False,False
VS004182,AD000355,FA006,T2,train,locked_premises,600.0,-3348.6,693.8312553845154,-3291.5728799232757,dwell,,positive,33.67090732368225,1.0,False,False,False
VS004183,AD000924,FA006,T2,train,locked_premises,530.3,-2724.8,510.5,-2723.75,trail_tail,4.0,positive,32.04750380294851,1.0,False,False,False
VS004184,AD001127,FA006,T2,test,locked_premises,648.6,-3321.4,648.6,-3321.4,checkin,,positive,45.08369993689512,1.0,False,False,False
VS004185,AD000069,FA006,T2,train,neighbour_says_shifted,721.6,-3445.5,721.1627906976744,-3436.709302325581,dwell,6.0,positive,17.775052742537785,1.0,False,False,False
VS004186,AD001232,FA006,T2,train,met_borrower,391.8,-2967.6,386.6666666666667,-2970.8888888888887,trail_tail,9.0,positive,51.260998819765504,1.0,False,False,False
VS004187,AD001794,FA006,T2,train,met_borrower,921.2,-2914.7,930.5,-2902.5,trail_tail,2.0,positive,52.18996551062282,1.0,False,False,False
VS004188,AD003013,FA004,T2,train,neighbour_says_shifted,1527.8,-2493.9,1526.177531726694,-2484.9544846643084,dwell,2.0,positive,22.67004231577489,1.1098606920552958,False,False,False
VS004189,AD002820,FA004,T2,train,met_family,1922.7,-1912.3,1882.29655796337,-1871.0127367126636,dwell,9.0,positive,45.97536797067596,1.1098606920552958,False,False,False
VS004190,AD001586,FA004,T2,validation,met_family,1615.9,-1901.3,1615.9,-1901.3,checkin,,positive,52.769353410419775,1.1098606920552958,False,False,False
VS004191,AD002118,FA004,T2,train,cash_collected,1895.1,-2205.5,1908.2857142857142,-2235.285714285714,trail_tail,7.0,positive,75.78532395089601,1.1098606920552958,False,False,False
VS004192,AD002650,FA004,T2,train,met_borrower,1735.6,-1738.3,1740.0,-1676.5,trail_tail,2.0,positive,67.87596676442865,1.1098606920552958,False,False,False
VS004193,AD001489,FA004,T2,test,locked_premises,1275.0,-1769.7,1285.5,-1774.0,trail_tail,2.0,positive,34.27533919565052,1.1098606920552958,False,False,False
VS004194,AD002459,FA004,T2,test,locked_premises,1671.9,-2148.2,1667.0,-2146.0,trail_tail,3.0,positive,34.51742585991748,1.1098606920552958,False,False,False
VS004195,AD001149,FA004,T2,train,met_borrower,1666.2,-1607.2,1649.0,-1617.0,trail_tail,2.0,positive,58.61766833974786,1.1098606920552958,False,False,False
VS004196,AD000424,FA005,T2,train,locked_premises,2696.5,298.4,2696.5,298.4,checkin,,positive,30.536248951041777,1.0,False,False,False
VS004197,AD000290,FA005,T2,train,no_such_person,2975.7,219.5,2975.7,219.5,checkin,,positive,50.76844492398796,1.0,False,False,False
VS004198,AD002583,FA005,T2,train,address_not_traceable,3265.2,545.4,3265.2,545.4,checkin,,negative,,1.0,False,False,False
VS004199,AD002633,FA005,T2,validation,met_borrower,3181.4,733.1,3177.0833333333335,731.0,trail_tail,12.0,positive,50.89452328099753,1.0,False,False,False
VS004200,AD000365,FA005,T2,train,met_borrower,3147.0,554.9,3082.6666666666665,536.6666666666666,trail_tail,3.0,positive,62.33612516029529,1.0,False,False,False
VS004201,AD001631,FA005,T2,validation,neighbour_says_shifted,2713.3,514.5,2710.6,500.8,trail_tail,5.0,positive,17.872464855189943,1.0,False,False,False
VS004202,AD002912,FA005,T2,train,met_borrower,2340.3,423.9,2340.3,423.9,checkin,,positive,50.28155725512089,1.0,False,False,False
VS004203,AD000324,FA009,T3,train,met_borrower,-2635.5,1704.9,-2641.4545454545455,1718.2727272727273,trail_tail,11.0,positive,51.069609358208325,1.0,False,False,False
VS004204,AD000869,FA009,T3,train,locked_premises,-2037.1,1562.1,-2056.5,1559.0,trail_tail,2.0,positive,33.824029919570506,1.0,False,False,False
VS004205,AD001555,FA009,T3,train,met_borrower,-3722.1,-775.8,-3728.3333333333335,-785.3333333333334,trail_tail,3.0,positive,50.54366923760087,1.0,False,True,True
VS004206,AD001220,FA009,T3,train,address_not_traceable,2336.6,-774.8,2343.5,-770.5,trail_tail,2.0,negative,,1.0,True,True,True
VS004207,AD001469,FA009,T3,train,met_borrower,-2622.6,1432.5,-2621.2163845952173,1441.8412184536573,dwell,,positive,51.2630715037638,1.0,False,False,False
VS004208,AD002143,FA009,T3,train,met_borrower,-2608.4,1347.7,-2613.6153846153848,1347.923076923077,trail_tail,13.0,positive,50.22073774846403,1.0,False,False,False
VS004209,AD001734,FA009,T3,validation,met_family,2341.8,-727.0,2341.8,-727.0,checkin,,positive,39.07390433524656,1.0,False,True,True
VS004210,AD002229,FA009,T3,train,no_such_person,-2349.0,1318.6,-2349.0,1318.6,checkin,,positive,46.899147113780224,1.0,False,False,False
VS004211,AD000982,FA007,T3,train,met_borrower,4010.3,789.2,4007.875,788.25,trail_tail,8.0,positive,69.1467494759337,1.3663037714355222,False,False,False
VS004212,AD002735,FA007,T3,train,met_borrower,3550.6,125.9,3550.6,125.9,checkin,,positive,68.99539810693275,1.3663037714355222,False,False,False
VS004213,AD002150,FA007,T3,validation,met_family,4002.1,542.3,4006.625656039068,546.4001682452588,dwell,8.0,positive,42.912271482705,1.3663037714355222,False,False,False
VS004214,AD000850,FA007,T3,train,locked_premises,3785.6,262.1,3748.5,225.0,trail_tail,2.0,positive,57.05038168768167,1.3663037714355222,False,False,False
VS004215,AD000060,FA007,T3,train,met_family,3774.7,180.3,3794.6666666666665,97.0,trail_tail,3.0,positive,78.96698005312369,1.3663037714355222,False,False,False
VS004216,AD000651,FA007,T3,train,address_not_traceable,3624.9,287.3,3624.9,287.3,checkin,,negative,,1.3663037714355222,False,False,False
VS004217,AD000411,FA007,T3,train,address_not_traceable,3789.6,646.5,3801.0,638.6666666666666,trail_tail,3.0,negative,,1.3663037714355222,False,False,False
VS004218,AD001443,FA008,T3,train,met_family,-901.2,-3377.4,-681.388962238413,-3259.3194833877155,dwell,,positive,48.049257341773355,1.4612131704915665,False,False,False
VS004219,AD001715,FA008,T3,train,met_borrower,-489.9,-3483.3,-304.35218039300656,-3404.052925979174,dwell,,positive,73.64666587409853,1.4612131704915665,False,False,False
VS004220,AD002234,FA008,T3,train,neighbour_says_shifted,-376.1,-3428.2,-388.5324309463395,-3442.4818076828683,dwell,8.0,positive,29.180485550989232,1.4612131704915665,False,False,False
VS004221,AD000750,FA008,T3,validation,locked_premises,-52.2,3155.0,-52.2,3155.0,checkin,,positive,60.71265991813699,1.4612131704915665,False,False,False
VS004222,AD002712,FA008,T3,test,met_family,-762.6,-3741.1,-753.0,-3741.3333333333335,trail_tail,3.0,positive,49.80534963647422,1.4612131704915665,False,False,False
VS004223,AD000627,FA008,T3,train,address_not_traceable,-423.7,-3410.3,-425.0,-3414.5,trail_tail,2.0,negative,,1.4612131704915665,False,False,False
VS004224,AD002720,FA008,T3,train,neighbour_says_shifted,-435.4,-3668.1,-731.0000000000001,-3645.75,dwell,,positive,26.04415215400333,1.4612131704915665,False,False,False
VS004225,AD002771,FA001,T1,train,met_family,2375.6,-2217.2,2370.903635692913,-2228.679468787146,dwell,3.0,positive,33.67654970450508,1.0,False,False,False
VS004226,AD001509,FA001,T1,train,met_borrower,3044.6,-2611.9,3103.8571428571427,-2566.1428571428573,trail_tail,7.0,positive,63.40143925811152,1.0,False,False,False
VS004227,AD000903,FA001,T1,train,met_family,2946.4,-2681.5,2979.1363636363635,-2751.0000000000005,dwell,4.0,positive,49.00298460298106,1.0,False,False,False
VS004228,AD000733,FA001,T1,test,met_family,2868.9,-2263.7,2854.241021436919,-2271.8376445553017,dwell,,positive,32.8044966429909,1.0,False,False,False
VS004229,AD001775,FA001,T1,train,met_borrower,2889.8,-2380.1,2889.8,-2380.1,checkin,,positive,56.696230033398166,1.0,False,False,False
VS004230,AD000602,FA001,T1,train,locked_premises,2845.7,-2040.4,2845.7,-2040.4,checkin,,positive,32.82868410399662,1.0,False,False,False
VS004231,AD000735,FA001,T1,validation,no_such_person,2551.5,-2217.6,2679.0166293321854,-2362.7746138571247,dwell,,positive,46.196347258197804,1.0,False,False,False
VS004232,AD002414,FA001,T1,train,locked_premises,2842.5,-1771.9,2842.5,-1771.9,checkin,,positive,44.3244289303314,1.0,False,False,False
VS004233,AD001354,FA001,T1,train,met_family,2962.1,-2078.7,2955.4622641509436,-2079.109433962264,dwell,5.0,positive,31.6090967919047,1.0,False,False,False
VS004234,AD002858,FA002,T1,train,met_family,1153.8,-2873.8,1162.7971925281458,-2872.690514913707,dwell,9.0,positive,30.909707213107026,1.0,False,False,False
VS004235,AD001753,FA002,T1,validation,met_borrower,948.5,-2892.2,926.1666666666666,-2899.3333333333335,trail_tail,6.0,positive,52.320478782212994,1.0,False,False,False
VS004236,AD001900,FA002,T1,train,neighbour_says_shifted,638.4,-2726.6,695.0,-2699.0,trail_tail,2.0,positive,38.061660499773254,1.0,False,False,False
VS004237,AD002215,FA002,T1,train,no_such_person,968.3,-3360.0,988.3333333333334,-3362.0,trail_tail,3.0,positive,47.30203483995166,1.0,False,False,False
VS004238,AD000135,FA002,T1,train,locked_premises,881.6,-2507.2,881.6,-2507.2,checkin,,positive,36.32437198355945,1.0,False,False,False
VS004239,AD000253,FA002,T1,validation,cash_collected,537.2,-2848.1,544.4,-2857.2,trail_tail,5.0,positive,65.85227786493039,1.0,False,False,False
VS004240,AD000062,FA003,T1,test,met_family,620.2,-3085.0,599.1457119067444,-3080.7968359700253,dwell,6.0,positive,33.03861377237248,1.0,False,False,False
VS004241,AD000782,FA003,T1,train,address_not_traceable,385.3,-3013.6,385.3,-3013.6,checkin,,negative,,1.0,False,False,False
VS004242,AD002090,FA003,T1,train,address_not_traceable,658.3,-3377.8,655.0,-3378.0,trail_tail,2.0,negative,,1.0,False,False,False
VS004243,AD001012,FA003,T1,validation,no_such_person,806.2,-3332.1,840.0,-3269.5,trail_tail,2.0,positive,68.02317619752841,1.0,False,False,False
VS004244,AD002802,FA003,T1,train,met_borrower,680.3,-2781.0,685.3333333333334,-2774.3333333333335,trail_tail,3.0,positive,52.20366366453604,1.0,False,False,False
VS004245,AD002171,FA003,T1,train,address_not_traceable,530.3,-2853.2,538.0,-2849.0,trail_tail,2.0,negative,,1.0,False,False,False
VS004246,AD002359,FA005,T2,train,neighbour_says_shifted,1677.4,-1573.2,1648.0,-1602.3333333333333,trail_tail,3.0,positive,26.215644184341546,1.0,False,False,False
VS004247,AD001242,FA005,T2,train,locked_premises,1519.3,-1862.9,1519.4,-1867.0,trail_tail,5.0,positive,31.599287966661525,1.0,False,False,False
VS004248,AD002244,FA005,T2,validation,met_borrower,1200.9,-1754.1,1200.9,-1754.1,checkin,,positive,50.98789071926784,1.0,False,False,False
VS004249,AD000817,FA005,T2,test,locked_premises,1301.5,-1939.1,1301.5,-1939.1,checkin,,positive,43.070349429741086,1.0,False,False,False
VS004250,AD002748,FA005,T2,validation,met_family,1208.8,-1902.1,1157.0434246237357,-1878.4808783617075,dwell,9.0,positive,43.2937928576372,1.0,False,False,False
VS004251,AD000854,FA005,T2,train,met_family,1296.8,-2473.1,1294.0,-2463.5,trail_tail,2.0,positive,32.89867018589049,1.0,False,False,False
VS004252,AD002521,FA006,T2,train,met_family,1548.2,-2406.6,1569.0,-2387.0,trail_tail,2.0,positive,40.339062953916006,1.0,False,False,False
VS004253,AD001954,FA006,T2,validation,locked_premises,1114.6,-1882.6,1107.5,-1874.5,trail_tail,2.0,positive,33.92742253693904,1.0,False,False,False
VS004254,AD002870,FA006,T2,train,met_family,1343.2,-2336.0,1493.8399369260255,-2259.8050945981354,dwell,,positive,32.95906552073344,1.0,False,False,False
VS004255,AD000531,FA006,T2,train,met_borrower,1281.9,-2467.4,1289.0,-2464.714285714286,trail_tail,7.0,positive,51.48963487926477,1.0,False,False,False
VS004256,AD002688,FA006,T2,train,neighbour_says_shifted,1782.2,-2311.2,1675.5308945588686,-2292.3071011374113,dwell,,positive,16.11272788822549,1.0,False,False,False
VS004257,AD001281,FA006,T2,test,met_family,1559.5,-2338.1,1555.6287097820932,-2329.3716271871804,dwell,11.0,positive,31.081747055144753,1.0,False,False,False
VS004258,AD002294,FA006,T2,validation,locked_premises,1173.1,-1885.2,1151.5,-1865.5,trail_tail,2.0,positive,33.65876557451268,1.0,False,False,False
VS004259,AD000573,FA006,T2,test,locked_premises,1653.2,-1695.8,1641.3333333333333,-1693.3333333333333,trail_tail,3.0,positive,32.547350122552224,1.0,False,False,False
VS004260,AD000975,FA004,T2,train,no_such_person,-451.3,-366.4,-459.0,-387.75,trail_tail,4.0,positive,53.37844393242676,1.1098606920552958,False,False,False
VS004261,AD001963,FA004,T2,validation,met_borrower,-307.8,-592.4,-307.8,-592.4,checkin,,positive,56.45351985921486,1.1098606920552958,False,False,False
VS004262,AD002027,FA004,T2,test,met_family,-602.0,-529.0,-376.51747278674526,-625.6072997461355,dwell,,positive,36.966692393871014,1.1098606920552958,False,False,False
VS004263,AD000472,FA004,T2,train,met_borrower,-343.8,-129.3,-315.8856547365233,-111.11690371533439,dwell,,positive,61.70897807924931,1.1098606920552958,False,False,False
VS004264,AD001682,FA004,T2,test,neighbour_says_shifted,-651.7,-315.0,-651.7,-315.0,checkin,,positive,43.635066224224055,1.1098606920552958,False,False,False
VS004265,AD002906,FA004,T2,validation,address_not_traceable,-480.6,-614.6,-475.5,-611.5,trail_tail,2.0,negative,,1.1098606920552958,False,False,False
VS004266,AD000012,FA004,T2,train,locked_premises,-676.4,-682.4,-653.4666666666666,-548.0666666666666,dwell,,positive,33.73647910668607,1.1098606920552958,False,False,False
VS004267,AD002489,FA004,T2,train,neighbour_says_shifted,-535.3,-180.7,-535.3,-180.7,checkin,,positive,22.77879230790229,1.1098606920552958,False,False,False
VS004268,AD001534,FA008,T3,train,locked_premises,-2577.0,-196.0,-2578.3333333333335,-191.33333333333334,trail_tail,3.0,positive,45.38966544410434,1.4612131704915665,False,False,False
VS004269,AD002253,FA008,T3,train,locked_premises,-2330.4,-433.9,-2321.8,-429.0,trail_tail,5.0,positive,45.70217210997036,1.4612131704915665,False,False,False
VS004270,AD001458,FA008,T3,validation,cash_collected,-2897.0,-332.1,-2897.0,-332.1,checkin,,positive,95.27583297391651,1.4612131704915665,False,False,False
VS004271,AD000153,FA008,T3,test,met_borrower,-2342.4,-116.3,-2348.795580110497,-125.16022099447511,dwell,,positive,75.14277185873075,1.4612131704915665,False,False,False
VS004272,AD002485,FA008,T3,train,met_borrower,-2685.1,-138.4,-2679.3235294117644,-142.5,dwell,,positive,75.10625035717162,1.4612131704915665,False,False,False
VS004273,AD002333,FA008,T3,validation,met_borrower,-2268.0,-532.5,-2264.0,-526.5,trail_tail,2.0,positive,75.52369715156556,1.4612131704915665,False,False,False
VS004274,AD002504,FA009,T3,validation,met_borrower,-2245.6,1264.5,-2283.575891007274,1299.7733402776369,dwell,,positive,58.38829077820314,1.0,False,False,False
VS004275,AD002068,FA009,T3,train,address_not_traceable,2336.7,-755.2,2343.6,-759.4,trail_tail,5.0,negative,,1.0,False,True,True
VS004276,AD000098,FA009,T3,train,locked_premises,2320.3,-755.2,2323.6666666666665,-772.3333333333334,trail_tail,3.0,positive,35.477774732922576,1.0,False,True,True
VS004277,AD001036,FA009,T3,train,address_not_traceable,-2290.4,-265.7,-2277.0,-258.5,trail_tail,2.0,negative,,1.0,False,False,False
VS004278,AD001687,FA009,T3,train,cash_collected,-2741.5,1290.4,-2736.8333333333335,1285.8333333333333,trail_tail,6.0,positive,66.04780465693013,1.0,False,False,False
VS004279,AD000954,FA009,T3,validation,met_borrower,-2396.8,1340.5,-2396.8,1340.5,checkin,,positive,50.8520648548316,1.0,False,False,False
VS004280,AD000825,FA009,T3,train,address_not_traceable,2354.3,-793.1,2357.0,-791.5,trail_tail,2.0,negative,,1.0,True,True,True
VS004281,AD000096,FA007,T3,train,met_borrower,3374.2,520.5,3374.2,520.5,checkin,,positive,73.78903743313423,1.3663037714355222,False,False,False
VS004282,AD001422,FA007,T3,train,met_borrower,4080.7,944.2,3986.8779686760217,677.8487788123169,dwell,,positive,69.03745841484316,1.3663037714355222,False,False,False
VS004283,AD001499,FA007,T3,train,locked_premises,3735.1,40.0,3518.390243902439,-2.8048780487804876,dwell,,positive,41.63669235014678,1.3663037714355222,False,False,False
VS004284,AD000043,FA007,T3,validation,neighbour_says_shifted,3933.3,724.9,3923.0,699.0,trail_tail,2.0,positive,34.18859531341717,1.3663037714355222,False,False,False
VS004285,AD000722,FA007,T3,test,met_borrower,4010.6,386.9,3989.5791583166338,112.36891965749682,dwell,,positive,72.41451879876315,1.3663037714355222,False,False,False
VS004286,AD001832,FA007,T3,train,met_borrower,4119.0,100.2,4121.3,98.0,trail_tail,10.0,positive,68.6070905793872,1.3663037714355222,False,False,False
VS004287,AD003055,FA007,T3,validation,neighbour_says_shifted,3850.7,702.4,3848.3333333333335,680.3333333333334,trail_tail,3.0,positive,33.10778458522609,1.3663037714355222,False,False,False
VS004288,AD001605,FA007,T3,train,met_family,3642.6,545.7,3648.384300985118,553.5362607419828,dwell,10.0,positive,42.37133576939966,1.3663037714355222,False,False,False
VS004289,AD000230,FA007,T3,validation,address_not_traceable,3371.8,772.2,3373.3333333333335,762.6666666666666,trail_tail,3.0,negative,,1.3663037714355222,False,False,False
VS004290,AD000433,FA007,T3,train,met_family,3841.9,181.8,3841.9,181.8,checkin,,positive,48.311011770222876,1.3663037714355222,False,False,False
VS004291,AD000589,FA003,T1,test,met_borrower,2666.2,-1867.0,2672.5,-1854.5,trail_tail,2.0,positive,54.99745448654875,1.0,False,False,False
VS004292,AD000753,FA003,T1,validation,met_borrower,2762.1,-2586.1,2772.5714285714284,-2569.4285714285716,trail_tail,7.0,positive,50.95394979783216,1.0,False,False,False
VS004293,AD000100,FA003,T1,train,locked_premises,2817.3,-2082.9,2817.3,-2082.9,checkin,,positive,31.562240097939796,1.0,False,False,False
VS004294,AD000867,FA003,T1,train,locked_premises,2909.8,-2551.3,2908.2,-2550.6,trail_tail,5.0,positive,32.02175042061256,1.0,False,False,False
VS004295,AD002124,FA003,T1,test,locked_premises,2357.1,-2278.0,2371.5,-2291.25,trail_tail,4.0,positive,33.249097732119,1.0,False,False,False
VS004296,AD001554,FA003,T1,train,locked_premises,2642.3,-2179.9,2631.0,-2181.5,trail_tail,2.0,positive,30.85263359909492,1.0,False,False,False
VS004297,AD001387,FA003,T1,train,address_not_traceable,3009.3,-1860.7,3010.5,-1856.5,trail_tail,2.0,negative,,1.0,False,False,False
VS004298,AD001154,FA001,T1,test,locked_premises,-2607.9,1709.9,-2607.9,1709.9,checkin,,positive,40.28268858951698,1.0,False,False,False
VS004299,AD000238,FA001,T1,train,locked_premises,-3008.8,788.2,-2860.6982150269823,994.8339559983395,dwell,,positive,30.385193762752277,1.0,False,False,False
VS004300,AD001043,FA001,T1,train,met_borrower,-2577.5,1076.9,-2572.5,1094.25,trail_tail,4.0,positive,52.60955236456588,1.0,False,False,False
VS004301,AD001314,FA001,T1,train,locked_premises,-2464.9,1296.0,-2441.0,1277.75,trail_tail,4.0,positive,43.69281977625158,1.0,False,False,False
VS004302,AD001815,FA001,T1,train,met_family,-2281.3,914.8,-2480.5271037687144,1025.9473412493546,dwell,,positive,30.757641326993856,1.0,False,False,False
VS004303,AD001862,FA001,T1,train,locked_premises,-2990.0,1264.9,-2990.0,1264.9,checkin,,positive,32.01347372591734,1.0,False,False,False
VS004304,AD002983,FA001,T1,train,met_borrower,-2585.3,952.5,-2815.2451799045325,848.0041589291723,dwell,,positive,50.71474144664449,1.0,False,False,False
VS004305,AD002281,FA001,T1,train,met_borrower,-2608.7,979.2,-2600.6,997.2,trail_tail,10.0,positive,51.41325218268145,1.0,False,False,False
VS004306,AD001638,FA002,T1,validation,met_family,896.9,-2904.4,896.9,-2904.4,checkin,,positive,34.297849786830675,1.0,False,False,False
VS004307,AD002621,FA002,T1,train,met_borrower,1050.8,-3196.7,1060.495770648036,-3173.370275190996,dwell,,positive,53.76274267557412,1.0,False,False,False
VS004308,AD002103,FA002,T1,test,locked_premises,287.5,-2732.3,287.5,-2732.3,checkin,,positive,36.86970300938153,1.0,False,False,False
VS004309,AD002393,FA002,T1,train,met_family,633.0,-3005.6,483.44010244765064,-2871.5016937391338,dwell,,positive,32.695259595237964,1.0,False,False,False
VS004310,AD001057,FA002,T1,train,met_family,1089.5,-2854.5,1081.9848866498742,-2874.7732997481107,dwell,,positive,33.205647110092585,1.0,False,False,False
VS004311,AD000328,FA002,T1,validation,neighbour_says_shifted,319.5,-2871.4,314.6516207209936,-2881.93305059073,dwell,4.0,positive,16.652702483380875,1.0,False,False,False
VS004312,AD001449,FA002,T1,test,address_not_traceable,1441.4,-1703.6,1440.0,-1718.0,trail_tail,2.0,negative,,1.0,False,False,False
VS004313,AD000767,FA002,T1,validation,address_not_traceable,846.7,-2823.3,833.0,-2823.6666666666665,trail_tail,3.0,negative,,1.0,False,False,False
VS004314,AD001830,FA005,T2,validation,met_family,1066.3,2919.6,1065.4759467758445,2910.8362333674513,dwell,3.0,positive,32.64923429423728,1.0,False,False,False
VS004315,AD002299,FA005,T2,train,met_family,935.7,2305.4,942.7305899810418,2302.2092240399047,dwell,6.0,positive,32.860500604829504,1.0,False,False,False
VS004316,AD002339,FA005,T2,test,met_borrower,1093.3,2982.1,1100.6923076923076,2984.769230769231,trail_tail,13.0,positive,51.28952134695742,1.0,False,False,False
VS004317,AD000182,FA005,T2,test,address_not_traceable,1046.3,2907.2,1038.5,2895.5,trail_tail,2.0,negative,,1.0,False,False,False
VS004318,AD001924,FA005,T2,train,address_not_traceable,706.2,1368.5,706.2,1368.5,checkin,,negative,,1.0,False,False,False
VS004319,AD003050,FA005,T2,train,met_family,1029.8,2572.1,795.6496397664563,2623.0582634149782,dwell,,positive,31.81905875414923,1.0,False,False,False
VS004320,AD000016,FA005,T2,validation,neighbour_says_shifted,768.0,2429.7,756.4526118055054,2399.832353153674,dwell,5.0,positive,23.141359078498336,1.0,False,False,False
VS004321,AD002962,FA005,T2,train,locked_premises,990.4,3140.8,980.3333333333334,3138.0,trail_tail,3.0,positive,34.80502837234872,1.0,False,False,False
VS004322,AD002936,FA005,T2,train,locked_premises,1136.1,2967.3,1132.6666666666667,2973.0,trail_tail,6.0,positive,31.736650736963387,1.0,False,False,False
VS004323,AD001026,FA005,T2,train,locked_premises,775.9,2293.6,775.9,2293.6,checkin,,positive,35.263330812616104,1.0,False,False,False
VS004324,AD000387,FA006,T2,train,locked_premises,-513.0,1859.7,-513.0,1859.7,checkin,,positive,33.242480352705336,1.0,False,False,False
VS004325,AD002357,FA006,T2,test,met_borrower,1013.7,285.1,1044.5,325.0,trail_tail,2.0,positive,58.97427405233572,1.0,False,False,False
VS004326,AD002531,FA006,T2,test,locked_premises,1080.3,189.7,1080.3,189.7,checkin,,positive,40.33714169348146,1.0,False,False,False
VS004327,AD001577,FA006,T2,train,neighbour_says_shifted,909.3,248.7,909.3,248.7,checkin,,positive,15.752618829896186,1.0,False,False,False
VS004328,AD002541,FA006,T2,train,met_family,1297.9,155.2,1286.1778512716821,156.21926316864221,dwell,8.0,positive,30.934972118946543,1.0,False,False,False
VS004329,AD001152,FA006,T2,test,met_family,1471.0,357.7,1490.4971860394571,365.3686626987516,dwell,7.0,positive,32.56182580875956,1.0,False,False,False
VS004330,AD000460,FA004,T2,train,met_borrower,2866.2,-1270.5,2832.6666666666665,-1281.0,trail_tail,3.0,positive,59.87040092680009,1.1098606920552958,False,False,False
VS004331,AD003045,FA004,T2,train,neighbour_says_shifted,2951.1,-1268.8,2934.0,-1250.5,trail_tail,2.0,positive,29.793558597446463,1.1098606920552958,False,False,False
VS004332,AD000385,FA004,T2,train,met_borrower,2661.2,-1197.2,2659.875,-1164.875,trail_tail,8.0,positive,59.44886719779303,1.1098606920552958,False,False,False
VS004333,AD000420,FA004,T2,train,cash_collected,3067.7,-1271.6,3047.623678295486,-1281.5759691962833,dwell,,positive,73.14228264731167,1.1098606920552958,False,False,False
VS004334,AD002126,FA004,T2,validation,locked_premises,2242.0,-1547.2,2238.3333333333335,-1535.3333333333333,trail_tail,3.0,positive,35.939613054398016,1.1098606920552958,False,False,False
VS004335,AD003087,FA004,T2,train,no_such_person,2670.6,-1353.4,2666.8571428571427,-1355.4285714285713,trail_tail,7.0,positive,50.59820691098017,1.1098606920552958,False,False,False
VS004336,AD001214,FA004,T2,train,locked_premises,2804.4,-1616.0,2804.4,-1616.0,checkin,,positive,56.595604563870474,1.1098606920552958,False,False,False
VS004337,AD001619,FA004,T2,validation,cash_collected,2650.8,-1072.6,2652.5,-1081.5,trail_tail,2.0,positive,73.37010263631701,1.1098606920552958,False,False,False
VS004338,AD001549,FA004,T2,validation,address_not_traceable,2586.5,-1410.0,2586.5,-1410.0,checkin,,negative,,1.1098606920552958,False,False,False
VS004339,AD001891,FA009,T3,train,address_not_traceable,2328.1,-784.0,2328.1,-784.0,checkin,,negative,,1.0,True,True,True
VS004340,AD000094,FA009,T3,train,locked_premises,-3737.6,-757.8,-3729.0,-768.0,trail_tail,2.0,positive,31.575148455708007,1.0,True,True,True
VS004341,AD001064,FA009,T3,train,met_family,-2978.2,-11.0,-2976.816479400749,-23.632958801498127,dwell,3.0,positive,31.465059987230276,1.0,False,False,False
VS004342,AD002509,FA009,T3,test,address_not_traceable,-2509.1,-561.8,-2512.6666666666665,-573.3333333333334,trail_tail,3.0,negative,,1.0,False,False,False
VS004343,AD000170,FA009,T3,train,locked_premises,-3693.3,-790.0,-3709.3333333333335,-784.0,trail_tail,3.0,positive,32.33438572170497,1.0,False,True,True
VS004344,AD002412,FA009,T3,train,address_not_traceable,2349.4,-780.0,2356.0,-781.4,trail_tail,5.0,negative,,1.0,True,True,True
VS004345,AD001754,FA009,T3,train,locked_premises,2320.6,-782.7,2319.8,-779.2,trail_tail,5.0,positive,31.743070109868068,1.0,True,True,True
VS004346,AD001868,FA009,T3,train,met_family,-2109.7,-239.0,-2109.7,-239.0,checkin,,positive,32.45554652135748,1.0,False,False,False
VS004347,AD001755,FA007,T3,train,address_not_traceable,1528.2,-1413.8,1528.0,-1419.0,trail_tail,3.0,negative,,1.3663037714355222,False,False,False
VS004348,AD001053,FA007,T3,train,locked_premises,902.8,-722.1,902.8,-722.1,checkin,,positive,47.03167083247731,1.3663037714355222,False,False,False
VS004349,AD001890,FA007,T3,train,no_such_person,863.2,-616.2,863.2,-616.2,checkin,,positive,70.06367905354394,1.3663037714355222,False,False,False
VS004350,AD000427,FA007,T3,train,met_borrower,-1119.0,-317.8,-1125.1666666666667,-331.0833333333333,trail_tail,12.0,positive,69.53680862882592,1.3663037714355222,False,False,False
VS004351,AD002157,FA007,T3,train,locked_premises,772.6,-714.3,760.0,-763.0,trail_tail,2.0,positive,58.78858382561495,1.3663037714355222,False,False,False
VS004352,AD001073,FA007,T3,test,address_not_traceable,861.4,-801.0,861.4,-801.0,checkin,,negative,,1.3663037714355222,False,False,False
VS004353,AD002482,FA007,T3,validation,address_not_traceable,-46.2,-521.4,-39.5,-520.0,trail_tail,2.0,negative,,1.3663037714355222,False,False,False
VS004354,AD002901,FA007,T3,train,met_family,873.7,-1349.6,873.7,-1349.6,checkin,,positive,56.07378759702629,1.3663037714355222,False,False,False
VS004355,AD002896,FA007,T3,train,address_not_traceable,747.6,-1020.9,765.5,-1016.0,trail_tail,2.0,negative,,1.3663037714355222,False,False,False
VS004356,AD000678,FA007,T3,validation,neighbour_says_shifted,865.9,-758.4,840.3333333333334,-810.3333333333334,trail_tail,3.0,positive,45.13752579576822,1.3663037714355222,False,False,False
VS004357,AD001792,FA008,T3,train,met_family,-2777.1,-510.4,-2783.6018631445104,-501.99237096816046,dwell,7.0,positive,45.38549042458628,1.4612131704915665,False,False,False
VS004358,AD002959,FA008,T3,train,met_borrower,-2443.8,-543.1,-2446.4285714285716,-532.7142857142857,trail_tail,7.0,positive,75.99885449628903,1.4612131704915665,False,False,False
VS004359,AD001330,FA008,T3,test,neighbour_says_shifted,-2528.9,-558.5,-2352.831081081081,-530.8378378378378,dwell,,positive,23.90166909502859,1.4612131704915665,False,False,False
VS004360,AD000631,FA008,T3,train,cash_collected,-2808.5,-116.5,-2863.3333333333335,-155.0,trail_tail,3.0,positive,106.99817626227494,1.4612131704915665,False,False,False
VS004361,AD001822,FA008,T3,validation,locked_premises,-2620.4,-646.3,-2620.4,-646.3,checkin,,positive,62.19127360044146,1.4612131704915665,False,False,False
VS004362,AD002522,FA008,T3,test,address_not_traceable,-2467.5,-174.7,-2450.6666666666665,-174.0,trail_tail,3.0,negative,,1.4612131704915665,False,False,False
VS004363,AD000592,FA008,T3,test,address_not_traceable,-3733.4,-784.0,-3733.4,-784.0,checkin,,negative,,1.4612131704915665,False,False,False
VS004364,AD002033,FA008,T3,train,address_not_traceable,-2551.8,-144.0,-2535.3333333333335,-148.66666666666666,trail_tail,3.0,negative,,1.4612131704915665,False,False,False
VS004365,AD001437,FA008,T3,train,address_not_traceable,-2441.5,-61.9,-2443.0,-38.0,trail_tail,2.0,negative,,1.4612131704915665,False,False,False
VS004366,AD001096,FA002,T1,train,met_family,2710.8,1010.6,2709.2229904926535,938.2601555747623,dwell,7.0,positive,48.05465638208228,1.0,False,False,False
VS004367,AD000255,FA002,T1,train,met_borrower,2396.3,932.2,2397.0,945.5,trail_tail,4.0,positive,52.00992693707616,1.0,False,False,False
VS004368,AD001570,FA002,T1,validation,address_not_traceable,2157.3,1274.8,2157.0,1274.5,trail_tail,2.0,negative,,1.0,False,False,False
VS004369,AD001370,FA002,T1,validation,address_not_traceable,1254.9,1172.1,1254.9,1172.1,checkin,,negative,,1.0,False,False,False
VS004370,AD000737,FA002,T1,train,locked_premises,-459.3,-2870.6,-659.2033195020746,-2947.875518672199,dwell,,positive,31.467483216806524,1.0,False,False,False
VS004371,AD002029,FA002,T1,train,address_not_traceable,2069.3,1230.9,2069.3,1230.9,checkin,,negative,,1.0,False,False,False
VS004372,AD003035,FA002,T1,train,address_not_traceable,2528.4,876.9,2528.0,875.5,trail_tail,2.0,negative,,1.0,False,False,False
VS004373,AD000663,FA002,T1,train,no_such_person,2069.6,996.3,2090.25,989.0,trail_tail,4.0,positive,48.74887178181667,1.0,False,False,False
VS004374,AD000743,FA001,T1,test,address_not_traceable,-1963.2,-2270.0,-1952.0,-2277.5,trail_tail,2.0,negative,,1.0,False,False,False
VS004375,AD003083,FA001,T1,train,address_not_traceable,-1020.0,-3268.7,-1020.0,-3268.7,checkin,,negative,,1.0,False,False,False
VS004376,AD003011,FA001,T1,train,neighbour_says_shifted,1679.8,-409.5,1740.9815214043733,-632.8274451141714,dwell,,positive,21.45838996756281,1.0,False,False,False
VS004377,AD002217,FA001,T1,test,locked_premises,-866.5,-3092.4,-878.5,-3082.5,trail_tail,2.0,positive,31.768577242300296,1.0,False,False,False
VS004378,AD000812,FA001,T1,train,met_borrower,-1242.3,-2727.9,-1240.8,-2708.8,trail_tail,10.0,positive,51.82002508683299,1.0,False,False,False
VS004379,AD000837,FA001,T1,train,no_such_person,-1292.8,-3549.2,-1292.4,-3539.8,trail_tail,5.0,positive,45.43269747659718,1.0,False,False,False
VS004380,AD000066,FA003,T1,validation,address_not_traceable,695.7,-379.9,683.5,-388.5,trail_tail,2.0,negative,,1.0,False,False,False
VS004381,AD001973,FA003,T1,train,met_family,877.4,-413.0,880.6694106376184,-405.4343516777254,dwell,6.0,positive,30.78863426656012,1.0,False,False,False
VS004382,AD000366,FA003,T1,train,address_not_traceable,1489.2,478.0,1490.5,445.5,trail_tail,2.0,negative,,1.0,False,False,False
VS004383,AD001444,FA003,T1,validation,met_family,758.0,-293.7,755.2499633961834,-283.5866859717906,dwell,3.0,positive,32.882860277050106,1.0,False,False,False
VS004384,AD002067,FA003,T1,train,met_family,1012.6,-389.7,1012.6,-389.7,checkin,,positive,37.663676134971205,1.0,False,False,False
VS004385,AD003100,FA003,T1,train,met_borrower,1014.9,243.1,1011.8571428571429,238.57142857142858,trail_tail,7.0,positive,50.93716717682678,1.0,False,False,False
VS004386,AD002062,FA003,T1,validation,address_not_traceable,2088.2,-796.6,2088.2,-796.6,checkin,,negative,,1.0,False,False,False
VS004387,AD000803,FA003,T1,train,met_borrower,-352.4,-1405.2,-355.0833333333333,-1397.5833333333333,trail_tail,12.0,positive,50.32106914603465,1.0,False,False,False
VS004388,AD003041,FA003,T1,test,locked_premises,731.9,-224.8,731.9,-224.8,checkin,,positive,36.00725621315793,1.0,False,False,False
VS004389,AD000015,FA003,T1,train,met_family,1219.4,-161.4,1208.006113537118,-178.88034934497816,dwell,9.0,positive,31.937751955953324,1.0,False,False,False
VS004390,AD001713,FA005,T2,train,met_family,1725.9,-2071.3,1732.467053241961,-2053.644175013179,dwell,6.0,positive,33.54750363290839,1.0,False,False,False
VS004391,AD000756,FA005,T2,train,met_borrower,1357.1,-2030.5,1348.1666666666667,-2026.6666666666667,trail_tail,6.0,positive,50.84638630227324,1.0,False,False,False
VS004392,AD001731,FA005,T2,train,met_borrower,1257.5,-1925.1,1257.5,-1925.1,checkin,,positive,55.54102087646571,1.0,False,False,False
VS004393,AD001694,FA005,T2,test,met_borrower,1781.1,-2218.7,1752.3779876445258,-2205.558442098603,dwell,,positive,55.24830314136352,1.0,False,False,False
VS004394,AD002663,FA005,T2,train,met_borrower,1520.6,-1903.4,1583.7,-1942.4,trail_tail,10.0,positive,63.39858042574772,1.0,False,False,False
VS004395,AD002066,FA005,T2,train,locked_premises,1470.8,-2446.5,1421.6894433781188,-2283.6330134357004,dwell,,positive,30.714206810529877,1.0,False,False,False
VS004396,AD000953,FA004,T2,validation,met_borrower,204.7,-3167.1,207.25,-3172.0,trail_tail,12.0,positive,55.92459066971444,1.1098606920552958,False,False,False
VS004397,AD000675,FA004,T2,train,locked_premises,2721.8,-1396.9,2721.8,-1396.9,checkin,,positive,36.83203598256428,1.1098606920552958,False,False,False
VS004398,AD001055,FA004,T2,train,met_family,463.4,-3290.2,346.1266941661756,-3212.956393635828,dwell,,positive,34.650767975309336,1.1098606920552958,False,False,False
VS004399,AD002401,FA004,T2,validation,locked_premises,619.0,-3450.4,612.4,-3466.6,trail_tail,5.0,positive,35.882673272635365,1.1098606920552958,False,False,False
VS004400,AD001851,FA004,T2,train,locked_premises,905.2,-2844.8,961.0,-2831.5,trail_tail,2.0,positive,45.361406348157374,1.1098606920552958,False,False,False
VS004401,AD002483,FA004,T2,test,neighbour_says_shifted,795.5,-2773.1,794.1996034368804,-2787.323529411765,dwell,7.0,positive,20.69004790711666,1.1098606920552958,False,False,False
VS004402,AD001852,FA004,T2,train,neighbour_says_shifted,720.8,-3291.4,690.4017550553224,-3292.440824112934,dwell,5.0,positive,28.3484145407032,1.1098606920552958,False,False,False
VS004403,AD000550,FA004,T2,train,neighbour_says_shifted,864.6,-3087.8,864.6,-3087.8,checkin,,positive,35.280479599879065,1.1098606920552958,False,False,False
VS004404,AD002064,FA004,T2,train,neighbour_says_shifted,235.2,-3247.5,231.36363636363635,-3246.229249011857,dwell,6.0,positive,17.980513931368645,1.1098606920552958,False,False,False
VS004405,AD002788,FA004,T2,test,neighbour_says_shifted,578.8,2597.4,573.0,2564.5,trail_tail,2.0,positive,34.01048528329629,1.1098606920552958,False,False,False
VS004406,AD000579,FA006,T2,train,address_not_traceable,-322.0,-21.0,-320.0,-12.0,trail_tail,2.0,negative,,1.0,False,False,False
VS004407,AD000105,FA006,T2,test,address_not_traceable,-316.3,-362.4,-316.3,-362.4,checkin,,negative,,1.0,False,False,False
VS004408,AD001844,FA006,T2,train,locked_premises,-601.7,-11.1,-588.1666666666666,-9.666666666666666,trail_tail,6.0,positive,32.050975024170484,1.0,False,False,False
VS004409,AD002784,FA006,T2,test,address_not_traceable,-418.1,-414.8,-418.1,-414.8,checkin,,negative,,1.0,False,False,False
VS004410,AD001689,FA006,T2,test,met_borrower,-313.8,-806.7,-314.42857142857144,-734.8571428571429,trail_tail,7.0,positive,61.140350833144566,1.0,False,False,False
VS004411,AD002719,FA006,T2,train,address_not_traceable,-667.9,-488.9,-664.0,-488.5,trail_tail,2.0,negative,,1.0,False,False,False
VS004412,AD001346,FA006,T2,test,met_family,-797.5,-721.5,-797.5,-721.5,checkin,,positive,42.098277874516434,1.0,False,False,False
VS004413,AD002842,FA006,T2,test,address_not_traceable,-670.0,-73.5,-670.0,-73.5,checkin,,negative,,1.0,False,False,False
VS004414,AD000978,FA007,T3,train,locked_premises,-1139.0,-563.1,-1203.3333333333333,-614.3333333333334,trail_tail,3.0,positive,73.14783220368524,1.3663037714355222,False,False,False
VS004415,AD000099,FA007,T3,train,met_family,-353.7,-417.3,-351.766798109315,-418.5631838717259,dwell,10.0,positive,41.61858623462758,1.3663037714355222,False,False,False
VS004416,AD002009,FA007,T3,train,address_not_traceable,-781.7,-592.8,-795.5,-586.5,trail_tail,2.0,negative,,1.3663037714355222,False,False,False
VS004417,AD001071,FA007,T3,train,met_borrower,-1090.0,-650.2,-1144.6666666666667,-578.6666666666666,trail_tail,3.0,positive,94.4460879227783,1.3663037714355222,False,False,False
VS004418,AD002708,FA007,T3,train,address_not_traceable,-752.1,-280.7,-752.1,-280.7,checkin,,negative,,1.3663037714355222,False,False,False
VS004419,AD000348,FA007,T3,train,address_not_traceable,-671.4,-558.6,-671.4,-558.6,checkin,,negative,,1.3663037714355222,False,False,False
VS004420,AD001268,FA007,T3,validation,met_borrower,-176.7,-823.0,-176.7,-823.0,checkin,,positive,83.63880179015081,1.3663037714355222,False,False,False
VS004421,AD002513,FA007,T3,train,address_not_traceable,-864.1,-273.4,-865.6666666666666,-272.0,trail_tail,3.0,negative,,1.3663037714355222,False,False,False
VS004422,AD001170,FA008,T3,validation,met_borrower,3550.4,-1835.5,3546.0,-1811.0,trail_tail,2.0,positive,79.37646320672724,1.4612131704915665,False,False,False
VS004423,AD002471,FA008,T3,validation,address_not_traceable,3441.7,-1334.9,3435.3333333333335,-1335.6666666666667,trail_tail,3.0,negative,,1.4612131704915665,False,False,False
VS004424,AD002230,FA008,T3,train,locked_premises,3400.8,-1814.8,3400.8,-1814.8,checkin,,positive,46.008727903112025,1.4612131704915665,False,False,False
VS004425,AD002102,FA008,T3,train,met_family,2966.2,-1850.7,2953.374111831943,-1809.75656472042,dwell,7.0,positive,57.017887889802644,1.4612131704915665,False,False,False
VS004426,AD001078,FA008,T3,train,met_borrower,3064.0,-1915.8,3063.9,-1859.5,trail_tail,10.0,positive,82.90527442034038,1.4612131704915665,False,False,False
VS004427,AD001802,FA008,T3,validation,locked_premises,3259.6,-1714.1,3264.1666666666665,-1714.0,trail_tail,6.0,positive,46.451700094748894,1.4612131704915665,False,False,False
VS004428,AD000774,FA009,T3,validation,met_borrower,-2613.8,1797.1,-2670.0,1746.5,trail_tail,2.0,positive,68.47957724752682,1.0,False,False,False
VS004429,AD000484,FA009,T3,test,met_family,-3746.9,-768.6,-3736.0,-782.0,trail_tail,3.0,positive,33.363190794646734,1.0,False,True,True
VS004430,AD000944,FA009,T3,train,met_family,-2331.7,1326.0,-2341.7575757575755,1310.2878787878788,dwell,4.0,positive,35.9793343462605,1.0,False,False,False
VS004431,AD001094,FA009,T3,train,locked_premises,-2471.3,1762.0,-2469.25,1765.0,trail_tail,4.0,positive,30.811239832243036,1.0,False,False,False
VS004432,AD002532,FA009,T3,train,locked_premises,-2393.3,1634.0,-2393.3,1634.0,checkin,,positive,50.675659837835326,1.0,False,False,False
VS004433,AD000614,FA009,T3,train,met_borrower,-2452.2,1354.7,-2488.6666666666665,1398.0,trail_tail,3.0,positive,60.36284039042565,1.0,False,False,False
VS004434,AD002691,FA001,T1,train,met_borrower,3185.7,-2087.9,3181.777777777778,-2089.1111111111113,trail_tail,9.0,positive,50.18191905457582,1.0,False,False,False
VS004435,AD000785,FA001,T1,test,address_not_traceable,1346.3,-2028.8,1339.0,-2032.0,trail_tail,3.0,negative,,1.0,False,False,False
VS004436,AD000569,FA001,T1,test,met_borrower,2816.8,-2118.3,2878.0,-2117.0,trail_tail,2.0,positive,61.860912537724445,1.0,False,False,False
VS004437,AD002537,FA001,T1,train,met_borrower,2654.9,-2276.9,2634.0,-2247.0,trail_tail,2.0,positive,58.140304436767465,1.0,False,False,False
VS004438,AD000287,FA001,T1,test,met_borrower,2698.4,-2511.8,2698.4,-2511.8,checkin,,positive,52.008268573372064,1.0,False,False,False
VS004439,AD000193,FA001,T1,train,address_not_traceable,1810.0,-1558.6,1812.5,-1558.0,trail_tail,2.0,negative,,1.0,False,False,False
VS004440,AD001186,FA001,T1,train,met_borrower,2882.7,-1859.3,2686.5665171898354,-1766.7713004484306,dwell,,positive,50.60568149921507,1.0,False,False,False
VS004441,AD002304,FA001,T1,train,address_not_traceable,3008.2,-2379.2,3008.2,-2379.2,checkin,,negative,,1.0,False,False,False
VS004442,AD001770,FA001,T1,train,met_family,2360.3,-2104.9,2510.3362643924547,-2358.208117261365,dwell,,positive,31.840775744318773,1.0,False,False,False
VS004443,AD000530,FA003,T1,test,met_borrower,-1144.4,-3092.6,-1143.8461538461538,-3087.0,trail_tail,13.0,positive,51.24782922231926,1.0,False,False,False
VS004444,AD001818,FA003,T1,train,address_not_traceable,720.4,-843.9,720.4,-843.9,checkin,,negative,,1.0,False,False,False
VS004445,AD000963,FA003,T1,validation,address_not_traceable,1659.1,-1349.7,1659.1,-1349.7,checkin,,negative,,1.0,False,False,False
VS004446,AD000541,FA003,T1,train,met_borrower,2594.2,-2493.3,2589.0,-2491.5,trail_tail,2.0,positive,51.31551909510415,1.0,False,False,False
VS004447,AD000475,FA003,T1,train,met_borrower,2873.1,-2406.5,2887.0,-2427.0,trail_tail,2.0,positive,53.01230989119415,1.0,False,False,False
VS004448,AD001372,FA003,T1,train,address_not_traceable,2687.3,-2267.7,2687.3,-2267.7,checkin,,negative,,1.0,False,False,False
VS004449,AD001324,FA003,T1,train,met_family,2611.9,-1914.5,2611.9,-1914.5,checkin,,positive,36.20020718172757,1.0,False,False,False
VS004450,AD001273,FA003,T1,train,neighbour_says_shifted,2328.9,-2212.8,2339.7671441072166,-2205.213604752913,dwell,3.0,positive,18.033371842226302,1.0,False,False,False
VS004451,AD002673,FA003,T1,train,met_borrower,2571.9,-2281.3,2582.0,-2272.5,trail_tail,2.0,positive,52.234710681691354,1.0,False,False,False
VS004452,AD001579,FA003,T1,validation,address_not_traceable,2575.0,-2429.5,2570.0,-2440.5,trail_tail,2.0,negative,,1.0,False,False,False
VS004453,AD001105,FA002,T1,test,met_borrower,2822.3,-2276.8,2822.5,-2268.0,trail_tail,8.0,positive,51.1863507196987,1.0,False,False,False
VS004454,AD002038,FA002,T1,train,met_borrower,3088.8,-2390.3,3038.9325932804827,-2449.218998036326,dwell,,positive,66.79964446013167,1.0,False,False,False
VS004455,AD001419,FA002,T1,train,address_not_traceable,1206.2,-1261.2,1215.6666666666667,-1263.0,trail_tail,3.0,negative,,1.0,False,False,False
VS004456,AD000317,FA002,T1,train,address_not_traceable,-1898.2,1021.9,-1898.2,1021.9,checkin,,negative,,1.0,False,False,False
VS004457,AD002461,FA002,T1,train,address_not_traceable,2157.3,-2104.9,2157.3,-2104.9,checkin,,negative,,1.0,False,False,False
VS004458,AD000169,FA002,T1,test,locked_premises,3345.0,-2311.7,3345.0,-2311.7,checkin,,positive,43.12519565173006,1.0,False,False,False
VS004459,AD001231,FA002,T1,test,neighbour_says_shifted,2951.7,-2139.4,2987.8871283437416,-2166.861124056296,dwell,,positive,24.604928368113608,1.0,False,False,False
VS004460,AD002707,FA002,T1,train,met_borrower,2478.1,-2340.2,2469.0,-2355.25,trail_tail,4.0,positive,51.57976832053437,1.0,False,False,False
VS004461,AD002021,FA002,T1,train,locked_premises,3148.6,-2466.4,3148.6,-2466.4,checkin,,positive,37.54317514542423,1.0,False,False,False
VS004462,AD002607,FA002,T1,train,address_not_traceable,-1478.7,960.1,-1478.7,960.1,checkin,,negative,,1.0,False,False,False
VS004463,AD000539,FA005,T2,train,address_not_traceable,1786.5,-1794.5,1786.5,-1794.5,checkin,,negative,,1.0,False,False,False
VS004464,AD001752,FA005,T2,train,neighbour_says_shifted,1671.7,-2420.4,1463.6501890084326,-2267.387758069206,dwell,,positive,16.08640730554837,1.0,False,False,False
VS004465,AD002973,FA005,T2,train,met_family,955.5,-2323.8,1159.1508452415528,-2177.5709788616186,dwell,,positive,32.690709689451545,1.0,False,False,False
VS004466,AD001013,FA005,T2,train,locked_premises,1353.0,-2082.4,1333.75,-2068.25,trail_tail,4.0,positive,33.6556087450517,1.0,False,False,False
VS004467,AD002576,FA005,T2,train,locked_premises,1436.7,-2348.5,1443.8,-2347.6,trail_tail,5.0,positive,30.319713059328247,1.0,False,False,False
VS004468,AD001495,FA005,T2,train,locked_premises,1274.6,-1856.4,1258.5,-1853.5,trail_tail,2.0,positive,32.702752177760196,1.0,False,False,False
VS004469,AD002574,FA005,T2,train,no_such_person,1820.2,-2196.1,1820.2,-2196.1,checkin,,positive,48.05884413924248,1.0,False,False,False
VS004470,AD002059,FA005,T2,train,no_such_person,1214.1,-2014.9,1215.5,-2022.0,trail_tail,2.0,positive,45.31892540650098,1.0,False,False,False
VS004471,AD000412,FA005,T2,validation,met_borrower,1239.5,-2069.3,1239.5,-2069.3,checkin,,positive,57.51760600025003,1.0,False,False,False
VS004472,AD002568,FA004,T2,validation,locked_premises,3143.8,328.0,3143.8,328.0,checkin,,positive,47.40053770094392,1.1098606920552958,False,False,False
VS004473,AD001523,FA004,T2,train,met_borrower,2945.8,258.8,2947.076923076923,260.84615384615387,trail_tail,13.0,positive,56.220332689109945,1.1098606920552958,False,False,False
VS004474,AD002286,FA004,T2,train,address_not_traceable,2395.1,2012.2,2395.1,2012.2,checkin,,negative,,1.1098606920552958,False,False,False
VS004475,AD001338,FA004,T2,validation,met_borrower,2849.8,625.5,2846.5833333333335,623.6666666666666,trail_tail,12.0,positive,55.917183962462346,1.1098606920552958,False,False,False
VS004476,AD002872,FA004,T2,test,met_family,3278.2,292.7,3291.1672862453534,290.93234200743495,dwell,4.0,positive,36.02079335826869,1.1098606920552958,False,False,False
VS004477,AD002261,FA004,T2,train,neighbour_says_shifted,2686.2,258.4,2674.6,249.6,trail_tail,5.0,positive,22.124955284537467,1.1098606920552958,False,False,False
VS004478,AD000165,FA004,T2,train,locked_premises,3311.0,698.1,3306.0,699.0,trail_tail,4.0,positive,34.46546353809289,1.1098606920552958,False,False,False
VS004479,AD000962,FA004,T2,validation,met_family,2673.8,241.3,2673.8,241.3,checkin,,positive,57.46509383246393,1.1098606920552958,False,False,False
VS004480,AD000860,FA006,T2,train,no_such_person,1351.3,-1847.1,1340.2857142857142,-1837.4285714285713,trail_tail,7.0,positive,46.19020458928494,1.0,False,False,False
VS004481,AD000337,FA006,T2,train,locked_premises,1423.5,-2017.1,1423.5,-2017.1,checkin,,positive,55.31432906580356,1.0,False,False,False
VS004482,AD002091,FA006,T2,test,locked_premises,1765.7,-2195.6,1771.0,-2199.0,trail_tail,5.0,positive,31.234796301560856,1.0,False,False,False
VS004483,AD000600,FA006,T2,validation,met_family,1738.2,-2403.9,1738.2,-2403.9,checkin,,positive,45.02180027497786,1.0,False,False,False
VS004484,AD003067,FA006,T2,validation,locked_premises,1401.4,-1827.3,1402.0,-1821.2,trail_tail,5.0,positive,31.293969067537596,1.0,False,False,False
VS004485,AD000866,FA006,T2,train,locked_premises,1560.3,-1972.3,1560.3,-1972.3,checkin,,positive,30.74174685992974,1.0,False,False,False
VS004486,AD001528,FA006,T2,validation,met_borrower,1227.7,-2536.6,1227.7,-2536.6,checkin,,positive,61.30099917619614,1.0,False,False,False
VS004487,AD001652,FA006,T2,train,no_such_person,1217.7,-2458.8,1213.6666666666667,-2476.3333333333335,trail_tail,3.0,positive,47.55714983049341,1.0,False,False,False
VS004488,AD001592,FA006,T2,train,met_borrower,1495.8,-2483.8,1477.0,-2473.5,trail_tail,2.0,positive,52.801704517941474,1.0,False,False,False
VS004489,AD001040,FA009,T3,train,locked_premises,2342.7,-762.5,2342.7,-762.5,checkin,,positive,31.920761269117612,1.0,False,True,True
VS004490,AD002614,FA009,T3,validation,no_such_person,707.2,-828.6,664.25,-818.25,trail_tail,4.0,positive,50.496534534559906,1.0,False,False,False
VS004491,AD000570,FA009,T3,train,address_not_traceable,1009.8,-814.6,1009.8,-814.6,checkin,,negative,,1.0,False,False,False
VS004492,AD000787,FA009,T3,train,locked_premises,2327.9,-785.0,2326.6666666666665,-786.3333333333334,trail_tail,6.0,positive,30.373384730714488,1.0,True,True,True
VS004493,AD001197,FA009,T3,train,locked_premises,-3748.6,-784.5,-3748.6,-784.5,checkin,,positive,33.53807537709938,1.0,True,True,True
VS004494,AD000239,FA009,T3,train,no_such_person,1033.5,-773.5,1070.3322252825528,-655.2761895716592,dwell,,positive,46.68977404100388,1.0,False,False,False
VS004495,AD002562,FA009,T3,train,locked_premises,2328.8,-801.5,2337.0,-772.0,trail_tail,3.0,positive,39.904667646780354,1.0,True,True,True
VS004496,AD000107,FA007,T3,train,address_not_traceable,3452.5,393.9,3459.5,389.5,trail_tail,2.0,negative,,1.3663037714355222,False,False,False
VS004497,AD002676,FA007,T3,train,locked_premises,3671.3,471.6,3673.6666666666665,464.6666666666667,trail_tail,3.0,positive,42.6993974842854,1.3663037714355222,False,False,False
VS004498,AD001466,FA007,T3,train,met_family,3568.8,23.0,3634.335768365277,-19.2732593586148,dwell,,positive,46.57372636868397,1.3663037714355222,False,False,False
VS004499,AD001524,FA007,T3,train,locked_premises,4268.6,154.8,4268.6,154.8,checkin,,positive,59.36758903647573,1.3663037714355222,False,False,False
VS004500,AD001845,FA007,T3,test,address_not_traceable,4026.5,447.1,4035.3333333333335,445.6666666666667,trail_tail,3.0,negative,,1.3663037714355222,False,False,False
VS004501,AD002737,FA007,T3,train,address_not_traceable,3597.1,171.7,3558.5,143.0,trail_tail,2.0,negative,,1.3663037714355222,False,False,False
VS004502,AD001176,FA007,T3,train,met_family,3550.5,-312.6,3568.843690872556,-35.317385118584895,dwell,,positive,47.519929282055905,1.3663037714355222,False,False,False
VS004503,AD002603,FA007,T3,train,neighbour_says_shifted,3732.5,114.5,3721.92,118.8,dwell,2.0,positive,22.315760488497194,1.3663037714355222,False,False,False
VS004504,AD002139,FA007,T3,validation,met_borrower,-3788.8,-729.9,-3788.8,-729.9,checkin,,positive,69.80866356765843,1.3663037714355222,False,False,False
VS004505,AD000221,FA008,T3,train,locked_premises,691.8,-707.9,688.3333333333334,-705.3333333333334,trail_tail,3.0,positive,44.62618943953359,1.4612131704915665,False,False,False
VS004506,AD000526,FA008,T3,train,met_borrower,1154.4,-570.5,1154.4,-570.5,checkin,,positive,80.81516161570111,1.4612131704915665,False,False,False
VS004507,AD002632,FA008,T3,train,met_borrower,723.4,-1185.3,721.5,-1192.5,trail_tail,2.0,positive,74.55284441041977,1.4612131704915665,False,False,False
VS004508,AD002891,FA008,T3,train,met_family,511.5,-978.0,511.5,-978.0,checkin,,positive,87.17667455589425,1.4612131704915665,False,False,False
VS004509,AD000347,FA008,T3,validation,address_not_traceable,963.1,-1863.0,963.1,-1863.0,checkin,,negative,,1.4612131704915665,False,False,False
VS004510,AD002847,FA008,T3,train,address_not_traceable,842.1,-644.9,842.1,-644.9,checkin,,negative,,1.4612131704915665,False,False,False
VS004511,AD001837,FA001,T1,train,met_borrower,-1564.8,2318.0,-1552.5,2321.5,trail_tail,2.0,positive,50.92710476750077,1.0,False,False,False
VS004512,AD000649,FA001,T1,validation,address_not_traceable,-2734.9,1177.2,-2734.9,1177.2,checkin,,negative,,1.0,False,False,False
VS004513,AD001945,FA001,T1,train,neighbour_says_shifted,-2948.5,925.0,-2948.5,925.0,checkin,,positive,21.89115118032855,1.0,False,False,False
VS004514,AD002468,FA001,T1,train,neighbour_says_shifted,-3014.7,1450.9,-3074.0,1472.6666666666667,trail_tail,3.0,positive,35.40247166512536,1.0,False,False,False
VS004515,AD000047,FA001,T1,train,locked_premises,-2688.8,1254.2,-2452.9545454545455,1199.9545454545455,dwell,,positive,31.170659280804436,1.0,False,False,False
VS004516,AD000497,FA001,T1,train,met_borrower,-2692.4,1469.7,-2756.9,1494.9,trail_tail,10.0,positive,60.87086741619505,1.0,False,False,False
VS004517,AD001075,FA001,T1,train,address_not_traceable,-3414.9,1120.1,-3414.9,1120.1,checkin,,negative,,1.0,False,False,False
VS004518,AD002129,FA001,T1,train,locked_premises,1028.6,-322.5,1021.0,-299.0,trail_tail,3.0,positive,33.48899072829755,1.0,False,False,False
VS004519,AD000075,FA002,T1,train,address_not_traceable,2909.0,-2095.6,2905.6666666666665,-2107.3333333333335,trail_tail,3.0,negative,,1.0,False,False,False
VS004520,AD000658,FA002,T1,train,met_family,2462.9,-2242.8,2462.9,-2242.8,checkin,,positive,36.18359434882058,1.0,False,False,False
VS004521,AD002457,FA002,T1,train,address_not_traceable,2620.1,-2471.7,2621.0,-2464.0,trail_tail,3.0,negative,,1.0,False,False,False
VS004522,AD001336,FA002,T1,train,met_family,2776.0,-1839.5,2776.0,-1839.5,checkin,,positive,44.14637584219117,1.0,False,False,False
VS004523,AD000389,FA002,T1,train,met_family,2929.2,-1796.4,2828.6139088729014,-1779.1091127098318,dwell,,positive,35.635515991774255,1.0,False,False,False
VS004524,AD002623,FA002,T1,test,neighbour_says_shifted,2936.6,-1831.9,2912.5,-1788.0,trail_tail,2.0,positive,28.36093263628685,1.0,False,False,False
VS004525,AD001702,FA002,T1,train,met_family,2449.6,-2251.4,2458.4072943385186,-2261.1543972994023,dwell,2.0,positive,36.27630080369276,1.0,False,False,False
VS004526,AD001246,FA002,T1,train,address_not_traceable,2979.9,-2242.6,2979.9,-2242.6,checkin,,negative,,1.0,False,False,False
VS004527,AD002530,FA002,T1,train,locked_premises,2864.8,-2219.1,2864.8,-2219.1,checkin,,positive,47.68880895975491,1.0,False,False,False
VS004528,AD000504,FA002,T1,validation,no_such_person,2900.0,-2050.8,2933.3333333333335,-2069.0,trail_tail,3.0,positive,49.66507827437704,1.0,False,False,False
VS004529,AD002154,FA003,T1,train,locked_premises,713.3,-2711.4,713.3,-2711.4,checkin,,positive,39.635873902312305,1.0,False,False,False
VS004530,AD000369,FA003,T1,validation,locked_premises,719.6,-3218.3,721.0,-3214.0,trail_tail,2.0,positive,31.73566605571719,1.0,False,False,False
VS004531,AD001991,FA003,T1,train,met_family,370.6,-3253.1,349.5,-3267.0,trail_tail,2.0,positive,34.608994495651,1.0,False,False,False
VS004532,AD000286,FA003,T1,test,met_borrower,444.4,-3341.8,484.6,-3274.2,trail_tail,10.0,positive,65.42209107021884,1.0,False,False,False
VS004533,AD001151,FA003,T1,train,locked_premises,394.0,-2941.4,394.0,-2941.4,checkin,,positive,33.42873015835332,1.0,False,False,False
VS004534,AD000126,FA003,T1,train,locked_premises,700.5,-3095.1,909.3484848484849,-3205.0,dwell,,positive,30.793749365739803,1.0,False,False,False
VS004535,AD002993,FA003,T1,train,locked_premises,293.9,-2746.9,293.9,-2746.9,checkin,,positive,32.03459067945149,1.0,False,False,False
VS004536,AD000372,FA003,T1,train,address_not_traceable,636.5,-3379.4,623.0,-3369.0,trail_tail,2.0,negative,,1.0,False,False,False
VS004537,AD000557,FA003,T1,test,no_such_person,708.5,-2944.1,712.3333333333334,-2944.3333333333335,trail_tail,6.0,positive,45.487525762564836,1.0,False,False,False
VS004538,AD002922,FA003,T1,train,met_borrower,404.1,-2475.7,544.4052338227914,-2384.3124262681054,dwell,,positive,57.34008196715455,1.0,False,False,False
VS004539,AD001765,FA004,T2,train,met_family,2262.6,-1082.1,2255.701902748415,-1090.8287526427061,dwell,4.0,positive,36.03002527291935,1.1098606920552958,False,False,False
VS004540,AD000150,FA004,T2,train,locked_premises,2389.5,-1139.0,2389.5,-1139.0,checkin,,positive,62.159853349665,1.1098606920552958,False,False,False
VS004541,AD000768,FA004,T2,test,locked_premises,2653.4,-1571.4,2653.4,-1571.4,checkin,,positive,37.34627631839888,1.1098606920552958,False,False,False
VS004542,AD000797,FA004,T2,validation,neighbour_says_shifted,2506.7,-1130.7,2491.612920610327,-1150.242648792482,dwell,4.0,positive,24.045459111791693,1.1098606920552958,False,False,False
VS004543,AD001133,FA004,T2,train,locked_premises,2387.7,-1267.2,2387.7,-1267.2,checkin,,positive,38.11515156632379,1.1098606920552958,False,False,False
VS004544,AD001855,FA004,T2,train,met_family,2432.3,-1199.9,2435.6143958868897,-1202.1002570694088,dwell,,positive,34.843881551325936,1.1098606920552958,False,False,False
VS004545,AD002540,FA004,T2,train,met_borrower,2483.2,-1571.6,2482.0,-1582.3333333333333,trail_tail,3.0,positive,57.592466865820704,1.1098606920552958,False,False,False
VS004546,AD002111,FA004,T2,train,neighbour_says_shifted,2897.8,-1401.5,3075.15696051057,-1254.5506581571601,dwell,,positive,29.52380686805196,1.1098606920552958,False,False,False
VS004547,AD003077,FA004,T2,train,met_borrower,2977.9,-1532.5,2976.5714285714284,-1528.4285714285713,trail_tail,7.0,positive,55.911153242023836,1.1098606920552958,False,False,False
VS004548,AD000917,FA005,T2,validation,address_not_traceable,942.9,2360.6,942.9,2360.6,checkin,,negative,,1.0,False,False,False
VS004549,AD002728,FA005,T2,train,address_not_traceable,673.2,2312.9,673.2,2312.9,checkin,,negative,,1.0,False,False,False
VS004550,AD002206,FA005,T2,train,locked_premises,1057.4,2902.6,1057.4,2902.6,checkin,,positive,35.39731628245283,1.0,False,False,False
VS004551,AD002264,FA005,T2,train,locked_premises,948.0,2160.9,948.0,2160.9,checkin,,positive,31.191545328822677,1.0,False,False,False
VS004552,AD000711,FA005,T2,train,locked_premises,669.7,2524.8,772.040404040404,2470.722222222222,dwell,,positive,31.8758921443777,1.0,False,False,False
VS004553,AD001768,FA005,T2,validation,locked_premises,778.3,2297.6,784.5,2292.5,trail_tail,4.0,positive,30.88077881142248,1.0,False,False,False
VS004554,AD000204,FA005,T2,validation,met_borrower,992.9,2527.8,992.9,2527.8,checkin,,positive,55.3263273677189,1.0,False,False,False
VS004555,AD001280,FA005,T2,train,address_not_traceable,712.0,2643.3,712.0,2643.3,checkin,,negative,,1.0,False,False,False
VS004556,AD001318,FA006,T2,train,no_such_person,1213.6,-199.9,1213.6,-199.9,checkin,,positive,49.20063515850176,1.0,False,False,False
VS004557,AD000220,FA006,T2,train,no_such_person,1463.1,-476.0,1463.1,-476.0,checkin,,positive,47.85491092876465,1.0,False,False,False
VS004558,AD002140,FA006,T2,train,met_borrower,943.1,-114.9,950.1818181818181,-118.36363636363636,trail_tail,11.0,positive,50.56792461630199,1.0,False,False,False
VS004559,AD001417,FA006,T2,train,met_family,1207.3,-448.5,1203.7653757284234,-446.3141295976051,dwell,2.0,positive,31.48245543155743,1.0,False,False,False
VS004560,AD003106,FA006,T2,train,met_family,1368.3,219.3,1370.897761443368,220.7312061476779,dwell,7.0,positive,30.76207080155691,1.0,False,False,False
VS004561,AD000498,FA006,T2,train,locked_premises,970.8,-341.6,975.0,-349.5,trail_tail,2.0,positive,30.555523232306133,1.0,False,False,False
VS004562,AD001656,FA006,T2,train,no_such_person,1249.4,-77.8,1243.3333333333333,-68.0,trail_tail,3.0,positive,45.97053404083969,1.0,False,False,False
VS004563,AD002123,FA006,T2,test,met_borrower,1142.2,545.3,1131.6666666666667,551.0833333333334,trail_tail,12.0,positive,50.76507165364785,1.0,False,False,False
VS004564,AD000868,FA006,T2,train,met_family,831.3,393.7,846.6120839923665,411.280399282767,dwell,2.0,positive,34.41954386682079,1.0,False,False,False
VS004565,AD001080,FA008,T3,test,met_borrower,-2306.2,-188.3,-2349.5555555555557,-175.11111111111111,trail_tail,9.0,positive,80.47866169538986,1.4612131704915665,False,False,False
VS004566,AD000617,FA008,T3,train,met_borrower,-2981.2,3.7,-2983.5,-23.0,trail_tail,4.0,positive,80.64616052578928,1.4612131704915665,False,False,False
VS004567,AD002233,FA008,T3,train,locked_premises,-2563.4,-524.8,-2561.0,-530.5,trail_tail,4.0,positive,44.31452671333492,1.4612131704915665,False,False,False
VS004568,AD002566,FA008,T3,train,locked_premises,-2557.6,-110.8,-2557.6,-110.8,checkin,,positive,50.6212834543965,1.4612131704915665,False,False,False
VS004569,AD001333,FA008,T3,train,address_not_traceable,-2364.8,-387.3,-2364.8,-387.3,checkin,,negative,,1.4612131704915665,False,False,False
VS004570,AD000727,FA008,T3,train,neighbour_says_shifted,-2691.4,-489.4,-2688.0,-492.0,trail_tail,2.0,positive,27.746895288332063,1.4612131704915665,False,False,False
VS004571,AD000342,FA007,T3,validation,address_not_traceable,3615.3,-265.2,3615.3,-265.2,checkin,,negative,,1.3663037714355222,False,False,False
VS004572,AD003088,FA007,T3,train,address_not_traceable,3332.1,-1938.9,3332.1,-1938.9,checkin,,negative,,1.3663037714355222,False,False,False
VS004573,AD001885,FA007,T3,train,address_not_traceable,565.5,91.4,563.0,80.0,trail_tail,2.0,negative,,1.3663037714355222,False,False,False
VS004574,AD001920,FA007,T3,train,met_family,3618.5,590.3,3583.5683437475855,624.9235033860253,dwell,7.0,positive,53.648000663162605,1.3663037714355222,False,False,False
VS004575,AD001441,FA007,T3,train,met_borrower,3628.5,77.5,3636.7272727272725,93.27272727272727,trail_tail,11.0,positive,71.03222642817416,1.3663037714355222,False,False,False
VS004576,AD000252,FA007,T3,validation,address_not_traceable,3454.2,468.7,3454.2,468.7,checkin,,negative,,1.3663037714355222,False,False,False
VS004577,AD002696,FA009,T3,validation,met_borrower,-2514.0,1267.6,-2556.3333333333335,1232.3333333333333,trail_tail,3.0,positive,56.47167431553626,1.0,False,False,False
VS004578,AD001212,FA009,T3,test,locked_premises,2314.8,-773.7,2319.0,-773.75,trail_tail,4.0,positive,32.52049353869033,1.0,False,True,True
VS004579,AD001436,FA009,T3,train,met_family,-2315.0,1230.5,-2320.2714285714287,1225.4857142857143,dwell,7.0,positive,30.865393242270542,1.0,False,False,False
VS004580,AD001872,FA009,T3,train,address_not_traceable,2344.9,-811.6,2337.9071144586164,-783.8934734828472,dwell,,negative,,1.0,True,True,True
VS004581,AD001578,FA009,T3,train,locked_premises,-2257.7,1706.6,-2268.5,1709.0,trail_tail,4.0,positive,32.057955330931534,1.0,False,False,False
VS004582,AD002756,FA009,T3,train,address_not_traceable,2354.3,-798.4,2354.3,-798.4,checkin,,negative,,1.0,True,True,True
VS004583,AD002023,FA009,T3,train,locked_premises,-2798.2,1730.6,-2770.75,1744.75,trail_tail,4.0,positive,36.76492894049977,1.0,False,False,False
VS004584,AD000779,FA001,T1,train,locked_premises,2198.9,855.6,2198.9,855.6,checkin,,positive,33.97870656749606,1.0,False,False,False
VS004585,AD001408,FA001,T1,train,met_borrower,2633.5,928.4,2628.5714285714284,931.2857142857143,trail_tail,7.0,positive,50.685722841841766,1.0,False,False,False
VS004586,AD001207,FA001,T1,train,neighbour_says_shifted,2484.2,922.8,2476.6666666666665,925.3333333333334,trail_tail,3.0,positive,17.976929659983657,1.0,False,False,False
VS004587,AD000669,FA001,T1,train,address_not_traceable,2429.8,789.2,2429.8,789.2,checkin,,negative,,1.0,False,False,False
VS004588,AD001867,FA001,T1,validation,no_such_person,2557.7,1307.9,2553.6666666666665,1296.0,trail_tail,3.0,positive,46.81201768776902,1.0,False,False,False
VS004589,AD002367,FA001,T1,train,met_borrower,2119.2,811.9,2099.0,808.5,trail_tail,2.0,positive,53.13494612776038,1.0,False,False,False
VS004590,AD000112,FA001,T1,train,address_not_traceable,795.6,-2832.4,795.6,-2832.4,checkin,,negative,,1.0,False,False,False
VS004591,AD000668,FA001,T1,train,met_borrower,2334.4,909.9,2327.4,893.2,trail_tail,5.0,positive,51.46457519498242,1.0,False,False,False
VS004592,AD002925,FA003,T1,train,locked_premises,2583.6,-1978.7,2583.6,-1978.7,checkin,,positive,36.560395238563835,1.0,False,False,False
VS004593,AD000360,FA003,T1,test,met_family,3070.1,-2388.3,3061.6696973663734,-2380.157469681436,dwell,2.0,positive,35.23116518084521,1.0,False,False,False
VS004594,AD002419,FA003,T1,train,met_family,2776.0,-2301.1,2770.6666666666665,-2328.0,trail_tail,3.0,positive,33.703746082594456,1.0,False,False,False
VS004595,AD002247,FA003,T1,test,met_family,2668.7,-1779.4,2667.206611570248,-1768.6,dwell,5.0,positive,30.79955356819316,1.0,False,False,False
VS004596,AD001695,FA003,T1,train,met_borrower,2370.8,-2109.3,2370.8,-2109.3,checkin,,positive,57.977948394195536,1.0,False,False,False
VS004597,AD001174,FA003,T1,test,neighbour_says_shifted,2604.1,-1926.1,2606.5904206945333,-1912.2773417764156,dwell,5.0,positive,19.96659710616707,1.0,False,False,False
VS004598,AD001103,FA003,T1,test,address_not_traceable,745.1,-89.6,745.5,-91.0,trail_tail,2.0,negative,,1.0,False,False,False
VS004599,AD002404,FA003,T1,train,neighbour_says_shifted,2917.1,-2016.3,3065.362093551397,-1955.8563632202527,dwell,,positive,18.09350712272221,1.0,False,False,False
VS004600,AD000053,FA003,T1,train,address_not_traceable,2150.5,-1196.4,2150.5,-1196.4,checkin,,negative,,1.0,False,False,False
VS004601,AD001100,FA003,T1,train,met_family,2902.4,-2543.2,2903.782174094127,-2546.98625572678,dwell,11.0,positive,30.410688910315724,1.0,False,False,False
VS004602,AD002814,FA002,T1,train,neighbour_says_shifted,-885.0,-3561.9,-881.4642082429502,-3548.38611713666,dwell,8.0,positive,17.12607660849386,1.0,False,False,False
VS004603,AD001130,FA002,T1,test,met_family,-896.8,-3306.1,-896.8,-3306.1,checkin,,positive,44.877639198157475,1.0,False,False,False
VS004604,AD001789,FA002,T1,train,locked_premises,-842.8,-3180.2,-842.8,-3180.2,checkin,,positive,68.31844553266707,1.0,False,False,False
VS004605,AD001239,FA002,T1,train,locked_premises,-734.0,-3063.0,-719.0,-3102.0,trail_tail,2.0,positive,38.86116313236134,1.0,False,False,False
VS004606,AD001033,FA002,T1,train,address_not_traceable,-1120.9,-3509.5,-1117.0,-3509.6666666666665,trail_tail,3.0,negative,,1.0,False,False,False
VS004607,AD000728,FA002,T1,train,address_not_traceable,-534.6,-3526.6,-536.3333333333334,-3533.3333333333335,trail_tail,3.0,negative,,1.0,False,False,False
VS004608,AD002341,FA004,T2,train,locked_premises,-1004.5,2623.2,-1004.5,2623.2,checkin,,positive,35.64817429510256,1.1098606920552958,False,False,False
VS004609,AD002112,FA004,T2,test,met_family,-362.8,3280.8,-354.81532985810355,3286.046577003638,dwell,2.0,positive,36.4421537167842,1.1098606920552958,False,False,False
VS004610,AD002166,FA004,T2,train,no_such_person,-962.7,3031.9,-962.7,3031.9,checkin,,positive,51.32748733148029,1.1098606920552958,False,False,False
VS004611,AD001135,FA004,T2,test,met_family,-883.8,2980.1,-886.0485189700631,2966.489159158094,dwell,3.0,positive,35.90982525802244,1.1098606920552958,False,False,False
VS004612,AD001662,FA004,T2,validation,met_borrower,-513.3,3175.5,-513.3,3175.5,checkin,,positive,58.41859052941364,1.1098606920552958,False,False,False
VS004613,AD000088,FA004,T2,validation,cash_collected,-483.9,3168.7,-480.0,3169.75,trail_tail,4.0,positive,72.66176664620778,1.1098606920552958,False,False,False
VS004614,AD002005,FA004,T2,train,met_family,-102.4,3207.0,-92.0,3132.0,trail_tail,2.0,positive,55.19534841548531,1.1098606920552958,False,False,False
VS004615,AD000991,FA004,T2,train,locked_premises,-676.1,3283.3,-672.25,3279.75,trail_tail,4.0,positive,34.270711852211164,1.1098606920552958,False,False,False
VS004616,AD001693,FA004,T2,train,met_family,-601.5,3418.2,-610.4645499209539,3417.170337966847,dwell,10.0,positive,34.215629932353174,1.1098606920552958,False,False,False
VS004617,AD001857,FA006,T2,validation,address_not_traceable,1764.3,-2374.8,1764.3,-2374.8,checkin,,negative,,1.0,False,False,False
VS004618,AD002007,FA006,T2,train,locked_premises,1176.2,-2082.6,1176.2,-2082.6,checkin,,positive,35.279030598926624,1.0,False,False,False
VS004619,AD002440,FA006,T2,train,address_not_traceable,1774.2,-1626.2,1785.0,-1625.6666666666667,trail_tail,3.0,negative,,1.0,False,False,False
VS004620,AD001584,FA006,T2,test,locked_premises,1252.3,-1748.6,1252.3,-1748.6,checkin,,positive,37.1263046908792,1.0,False,False,False
VS004621,AD001741,FA006,T2,validation,locked_premises,1550.5,-1854.7,1572.3333333333333,-1858.6666666666667,trail_tail,3.0,positive,33.83156809844912,1.0,False,False,False
VS004622,AD000443,FA006,T2,train,met_family,1760.5,-1813.8,1768.7018408543072,-1819.2016590581616,dwell,5.0,positive,31.84277783108754,1.0,False,False,False
VS004623,AD002966,FA005,T2,train,met_borrower,408.1,2582.6,416.3333333333333,2575.8333333333335,trail_tail,12.0,positive,51.4050824335493,1.0,False,False,False
VS004624,AD001628,FA005,T2,train,address_not_traceable,805.8,2889.7,818.5,2893.0,trail_tail,2.0,negative,,1.0,False,False,False
VS004625,AD002798,FA005,T2,train,locked_premises,1360.2,2757.6,1360.2,2757.6,checkin,,positive,30.970146916022216,1.0,False,False,False
VS004626,AD000263,FA005,T2,train,address_not_traceable,802.5,2761.7,816.3333333333334,2755.3333333333335,trail_tail,3.0,negative,,1.0,False,False,False
VS004627,AD002701,FA005,T2,validation,address_not_traceable,1412.7,1261.6,1412.7,1261.6,checkin,,negative,,1.0,False,False,False
VS004628,AD003098,FA005,T2,train,locked_premises,1862.0,-2052.3,1862.0,-2052.3,checkin,,positive,31.261197993678994,1.0,False,False,False
VS004629,AD001457,FA005,T2,test,neighbour_says_shifted,1029.4,2593.8,1023.0270270270271,2581.7297297297296,dwell,7.0,positive,18.458060569843237,1.0,False,False,False
VS004630,AD002499,FA005,T2,train,locked_premises,932.3,2771.4,849.0,2776.0,trail_tail,2.0,positive,53.77873650430993,1.0,False,False,False
VS004631,AD001481,FA007,T3,train,locked_premises,2861.9,-1836.1,2871.8,-1829.0,trail_tail,5.0,positive,42.51389814050496,1.3663037714355222,False,False,False
VS004632,AD002153,FA007,T3,train,met_family,3446.1,-1746.3,3437.870300757441,-1753.3904758335939,dwell,9.0,positive,43.228456501298616,1.3663037714355222,False,False,False
VS004633,AD002380,FA007,T3,test,address_not_traceable,2835.3,-2526.6,2840.0,-2535.3333333333335,trail_tail,3.0,negative,,1.3663037714355222,False,False,False
VS004634,AD002044,FA007,T3,train,met_family,3233.0,-2169.6,3234.482559167213,-2187.7150537488205,dwell,3.0,positive,44.46368978046269,1.3663037714355222,False,False,False
VS004635,AD002988,FA007,T3,validation,cash_collected,3023.8,-1972.6,3028.1,-2029.4,trail_tail,10.0,positive,97.65402320951021,1.3663037714355222,False,False,False
VS004636,AD001272,FA007,T3,train,address_not_traceable,2985.8,-2302.3,2987.5,-2304.5,trail_tail,2.0,negative,,1.3663037714355222,False,False,False
VS004637,AD000197,FA008,T3,validation,met_borrower,-2658.1,-138.4,-2681.3333333333335,-141.16666666666666,trail_tail,6.0,positive,75.51578080666853,1.4612131704915665,False,False,False
VS004638,AD000272,FA008,T3,train,address_not_traceable,-2635.1,-120.4,-2635.1,-120.4,checkin,,negative,,1.4612131704915665,False,False,False
VS004639,AD002590,FA008,T3,train,address_not_traceable,-2544.4,-345.6,-2544.4,-345.6,checkin,,negative,,1.4612131704915665,False,False,False
VS004640,AD001391,FA008,T3,train,met_borrower,-2628.0,-28.5,-2626.3333333333335,-51.666666666666664,trail_tail,3.0,positive,78.61506790822128,1.4612131704915665,False,False,False
VS004641,AD001982,FA008,T3,train,neighbour_says_shifted,-2532.1,-471.9,-2532.1,-471.9,checkin,,positive,32.34186660352522,1.4612131704915665,False,False,False
VS004642,AD002252,FA008,T3,validation,met_borrower,-2928.0,-567.0,-2919.3333333333335,-593.3333333333334,trail_tail,3.0,positive,83.87554521514419,1.4612131704915665,False,False,False
VS004643,AD002997,FA009,T3,train,locked_premises,2890.7,-2022.4,2885.2011541632314,-2015.8689200329761,dwell,,positive,32.80323916932596,1.0,False,False,False
VS004644,AD002862,FA009,T3,validation,neighbour_says_shifted,3390.7,-1916.5,3382.4190590111643,-1869.9387958532698,dwell,6.0,positive,28.523236141784455,1.0,False,False,False
VS004645,AD002635,FA009,T3,train,locked_premises,3240.6,-2179.1,3245.25,-2180.5,trail_tail,4.0,positive,30.47708155319338,1.0,False,False,False
VS004646,AD001569,FA009,T3,train,address_not_traceable,1793.1,-3046.1,1793.1,-3046.1,checkin,,negative,,1.0,False,False,False
VS004647,AD001766,FA009,T3,train,met_family,2324.9,-760.3,2324.9,-760.3,checkin,,positive,32.97082043261891,1.0,False,True,True
VS004648,AD000031,FA009,T3,train,locked_premises,-3727.3,-760.6,-3719.0,-770.0,trail_tail,2.0,positive,33.17834384052345,1.0,True,True,True
VS004649,AD000202,FA009,T3,train,address_not_traceable,3139.4,-1759.7,3144.0,-1755.0,trail_tail,2.0,negative,,1.0,False,False,False
VS004650,AD001706,FA009,T3,validation,neighbour_says_shifted,3392.6,-2265.0,3387.305499161444,-2281.0178303468974,dwell,,positive,22.581629702038793,1.0,False,False,False
VS004651,AD001433,FA001,T1,train,address_not_traceable,2519.5,-2346.4,2519.5,-2346.4,checkin,,negative,,1.0,False,False,False
VS004652,AD001649,FA001,T1,train,address_not_traceable,2421.8,-1804.4,2428.5,-1793.0,trail_tail,2.0,negative,,1.0,False,False,False
VS004653,AD001746,FA001,T1,train,met_family,3025.4,-2191.6,3024.438596491228,-2191.368421052631,dwell,6.0,positive,30.31963060460994,1.0,False,False,False
VS004654,AD001236,FA001,T1,train,met_family,2832.9,-2847.4,2832.9,-2847.4,checkin,,positive,32.31536012486942,1.0,False,False,False
VS004655,AD000955,FA001,T1,train,locked_premises,3139.9,-1914.9,3148.548872627759,-1920.7864834314953,dwell,,positive,31.965684725968245,1.0,False,False,False
VS004656,AD001233,FA001,T1,test,met_borrower,2519.5,-2359.3,2518.5,-2362.4166666666665,trail_tail,12.0,positive,50.35469193630321,1.0,False,False,False
VS004657,AD000652,FA001,T1,train,met_borrower,2888.6,-2275.0,2859.5,-2273.5,trail_tail,2.0,positive,54.42003307606491,1.0,False,False,False
VS004658,AD001256,FA001,T1,train,locked_premises,3310.6,-1997.6,3309.6,-1991.2,trail_tail,5.0,positive,30.79561657119402,1.0,False,False,False
VS004659,AD000138,FA002,T1,train,cash_collected,610.4,-3070.3,622.7392146349662,-3087.4079192708127,dwell,,positive,66.87938770652731,1.0,False,False,False
VS004660,AD000608,FA002,T1,train,locked_premises,905.2,-3340.9,924.5,-3357.0,trail_tail,2.0,positive,36.046116295656574,1.0,False,False,False
VS004661,AD001083,FA002,T1,train,locked_premises,789.0,-3281.7,800.0,-3286.8,trail_tail,5.0,positive,31.914455972176626,1.0,False,False,False
VS004662,AD000936,FA002,T1,train,locked_premises,994.2,-2966.6,1009.3333333333334,-2965.0,trail_tail,3.0,positive,32.07319753314284,1.0,False,False,False
VS004663,AD002624,FA002,T1,validation,met_family,545.5,-3495.9,523.5811901487037,-3470.856279033556,dwell,9.0,positive,36.11447078388387,1.0,False,False,False
VS004664,AD002061,FA002,T1,train,met_borrower,782.2,-2997.4,795.5,-2995.5,trail_tail,2.0,positive,52.060157510326455,1.0,False,False,False
VS004665,AD001087,FA002,T1,train,met_borrower,1032.7,-2634.7,984.0,-2672.0,trail_tail,2.0,positive,62.90313982624401,1.0,False,False,False
VS004666,AD002928,FA002,T1,train,met_borrower,1156.4,-3137.8,1156.4,-3137.8,checkin,,positive,61.904846336938704,1.0,False,False,False
VS004667,AD000919,FA003,T1,train,met_family,3010.9,-2502.6,3001.6251322515263,-2515.6544506622135,dwell,,positive,36.006145308821964,1.0,False,False,False
VS004668,AD000129,FA003,T1,train,met_family,3213.6,-1943.3,3229.239598511766,-1945.6797761659077,dwell,6.0,positive,33.3402534483468,1.0,False,False,False
VS004669,AD000363,FA003,T1,train,address_not_traceable,1840.7,-1255.7,1851.5,-1253.0,trail_tail,2.0,negative,,1.0,False,False,False
VS004670,AD003004,FA003,T1,train,met_borrower,2965.8,-2523.9,2994.8571428571427,-2512.0,trail_tail,7.0,positive,53.35402983842924,1.0,False,False,False
VS004671,AD001224,FA003,T1,train,address_not_traceable,2914.0,-2266.8,2913.5,-2245.5,trail_tail,2.0,negative,,1.0,False,False,False
VS004672,AD000524,FA003,T1,validation,locked_premises,2629.7,-1680.2,2629.7,-1680.2,checkin,,positive,42.495558591457495,1.0,False,False,False
VS004673,AD000622,FA003,T1,test,met_family,2471.3,-2517.5,2491.5,-2518.0,trail_tail,2.0,positive,37.58955972075222,1.0,False,False,False
VS004674,AD002911,FA003,T1,train,locked_premises,2900.2,-2205.0,2905.2,-2206.0,trail_tail,5.0,positive,30.751585324987726,1.0,False,False,False
VS004675,AD001479,FA003,T1,test,met_family,2995.3,-2492.2,2985.485028383831,-2495.418295602216,dwell,6.0,positive,31.834454605034495,1.0,False,False,False
VS004676,AD002821,FA006,T2,validation,met_family,1305.7,-2213.8,1305.7,-2213.8,checkin,,positive,48.53135584341317,1.0,False,False,False
VS004677,AD002664,FA006,T2,train,locked_premises,1221.9,-2398.7,1221.9,-2398.7,checkin,,positive,38.309072032613905,1.0,False,False,False
VS004678,AD002661,FA006,T2,train,met_borrower,1763.9,-1740.0,1760.25,-1735.25,trail_tail,12.0,positive,50.30101887636074,1.0,False,False,False
VS004679,AD001833,FA006,T2,test,locked_premises,1539.2,-2400.5,1524.5,-2412.5,trail_tail,2.0,positive,32.43350890668477,1.0,False,False,False
VS004680,AD001380,FA006,T2,test,met_family,1398.7,-1890.6,1398.9725123694336,-1890.9197361187466,dwell,9.0,positive,30.614906499938883,1.0,False,False,False
VS004681,AD002074,FA006,T2,train,cash_collected,1777.5,-1651.7,1759.243869496053,-1659.772128342888,dwell,,positive,68.81079130485276,1.0,False,False,False
VS004682,AD002794,FA006,T2,validation,locked_premises,1508.4,-2128.3,1629.0786516853932,-2315.4550561797755,dwell,,positive,33.494813031273935,1.0,False,False,False
VS004683,AD000223,FA006,T2,validation,address_not_traceable,1660.6,-1905.3,1673.6666666666667,-1910.6666666666667,trail_tail,3.0,negative,,1.0,False,False,False
VS004684,AD000174,FA006,T2,train,address_not_traceable,-175.0,1402.0,-169.0,1403.0,trail_tail,3.0,negative,,1.0,False,False,False
VS004685,AD002669,FA005,T2,train,address_not_traceable,-1169.5,613.2,-1169.5,613.2,checkin,,negative,,1.0,False,False,False
VS004686,AD003015,FA005,T2,test,met_borrower,1032.2,2430.6,970.5,2465.0,trail_tail,2.0,positive,62.73635309770567,1.0,False,False,False
VS004687,AD003060,FA005,T2,train,locked_premises,884.8,2820.3,884.8,2820.3,checkin,,positive,48.133382386863296,1.0,False,False,False
VS004688,AD000049,FA005,T2,train,met_borrower,711.3,2351.2,769.3333333333334,2396.0,trail_tail,3.0,positive,67.32334290571144,1.0,False,False,False
VS004689,AD000792,FA005,T2,train,met_family,925.7,2486.1,931.142847567103,2479.271105835633,dwell,6.0,positive,31.582036033162897,1.0,False,False,False
VS004690,AD003065,FA005,T2,train,met_borrower,714.0,3015.3,699.6200640341516,2865.8932764140873,dwell,,positive,50.61998123271087,1.0,False,False,False
VS004691,AD001937,FA005,T2,test,locked_premises,743.3,3096.0,753.0,3092.0,trail_tail,2.0,positive,31.154815037165605,1.0,False,False,False
VS004692,AD000027,FA005,T2,validation,met_family,910.0,2848.8,910.0,2848.8,checkin,,positive,55.64979784329853,1.0,False,False,False
VS004693,AD000032,FA004,T2,train,met_borrower,1791.7,-1820.2,1770.4444444444443,-1818.4444444444443,trail_tail,9.0,positive,57.01295608558161,1.1098606920552958,False,False,False
VS004694,AD002210,FA004,T2,train,locked_premises,1637.9,-1605.7,1637.9,-1605.7,checkin,,positive,42.30192933750407,1.1098606920552958,False,False,False
VS004695,AD000560,FA004,T2,train,met_family,1271.4,-2472.5,1291.7375840592756,-2467.645167625401,dwell,,positive,36.82434318318872,1.1098606920552958,False,False,False
VS004696,AD002763,FA004,T2,validation,address_not_traceable,1623.9,-2291.6,1623.9,-2291.6,checkin,,negative,,1.1098606920552958,False,False,False
VS004697,AD002466,FA004,T2,train,met_borrower,1863.0,-2095.6,1859.7,-2104.2,trail_tail,10.0,positive,56.099039224530344,1.1098606920552958,False,False,False
VS004698,AD003044,FA004,T2,train,neighbour_says_shifted,1332.5,-2429.7,1215.0718954248366,-2555.7254901960787,dwell,,positive,17.722880233399792,1.1098606920552958,False,False,False
VS004699,AD001397,FA004,T2,train,locked_premises,1671.7,-1660.4,1688.6666666666667,-1668.3333333333333,trail_tail,3.0,positive,38.004464608179504,1.1098606920552958,False,False,False
VS004700,AD000897,FA004,T2,train,met_borrower,1637.2,-2611.1,1656.4,-2606.1,trail_tail,10.0,positive,57.45523267447953,1.1098606920552958,False,False,False
VS004701,AD002526,FA004,T2,train,met_family,1425.2,-2268.0,1399.5714285714287,-2118.8690476190477,dwell,,positive,33.836192426895856,1.1098606920552958,False,False,False
VS004702,AD000430,FA004,T2,test,met_family,1743.8,-1971.1,1710.2325907735485,-1990.3730924399226,dwell,8.0,positive,43.95486237242263,1.1098606920552958,False,False,False
VS004703,AD002096,FA009,T3,validation,address_not_traceable,3540.2,709.5,3540.2,709.5,checkin,,negative,,1.0,False,False,False
VS004704,AD002070,FA009,T3,validation,address_not_traceable,-438.6,-3668.3,-438.6,-3668.3,checkin,,negative,,1.0,False,False,False
VS004705,AD002311,FA009,T3,test,met_borrower,-3728.3,-788.6,-3722.6666666666665,-781.0,trail_tail,6.0,positive,50.634992840919814,1.0,True,True,True
VS004706,AD001352,FA009,T3,validation,met_family,3930.8,254.1,3930.8,254.1,checkin,,positive,40.28178868918311,1.0,False,False,False
VS004707,AD000645,FA009,T3,train,address_not_traceable,3443.6,-133.8,3443.6,-133.8,checkin,,negative,,1.0,False,False,False
VS004708,AD002890,FA009,T3,test,neighbour_says_shifted,-2375.0,1242.0,-2362.1439588688945,1238.9717223650387,dwell,,positive,23.35679772571574,1.0,False,False,False
VS004709,AD002551,FA009,T3,train,locked_premises,3394.4,479.0,3394.4,479.0,checkin,,positive,56.688005786056706,1.0,False,False,False
VS004710,AD001122,FA009,T3,train,met_family,3315.0,270.5,3388.5290530321513,509.92957505976483,dwell,,positive,31.965802039054175,1.0,False,False,False
VS004711,AD002932,FA008,T3,test,locked_premises,-628.6,-3460.1,-614.6666666666666,-3442.6666666666665,trail_tail,3.0,positive,48.54994828999956,1.4612131704915665,False,False,False
VS004712,AD001520,FA008,T3,train,met_borrower,-629.0,-3692.5,-627.0,-3703.5,trail_tail,2.0,positive,77.92271168502052,1.4612131704915665,False,False,False
VS004713,AD000607,FA008,T3,train,locked_premises,-772.8,-3897.8,-772.8,-3897.8,checkin,,positive,71.01721500868662,1.4612131704915665,False,False,False
VS004714,AD001386,FA008,T3,train,neighbour_says_shifted,-418.3,-3396.3,-418.3,-3396.3,checkin,,positive,29.460934864823493,1.4612131704915665,False,False,False
VS004715,AD001219,FA008,T3,train,met_family,-528.2,-3741.9,-526.6458546571137,-3728.0532241555784,dwell,6.0,positive,45.60067993917208,1.4612131704915665,False,False,False
VS004716,AD000576,FA008,T3,train,address_not_traceable,-580.2,-3729.6,-580.2,-3729.6,checkin,,negative,,1.4612131704915665,False,False,False
VS004717,AD001620,FA008,T3,train,met_borrower,-17.2,-3390.0,-19.416666666666668,-3378.0833333333335,trail_tail,12.0,positive,73.9740520535276,1.4612131704915665,False,False,False
VS004718,AD000080,FA007,T3,test,address_not_traceable,4274.4,293.2,4274.4,293.2,checkin,,negative,,1.3663037714355222,False,False,False
VS004719,AD000639,FA007,T3,train,locked_premises,1087.5,-942.8,1087.5,-942.8,checkin,,positive,51.276135453877735,1.3663037714355222,False,False,False
VS004720,AD001128,FA007,T3,train,met_borrower,780.7,-1352.6,854.125,-1379.0,trail_tail,8.0,positive,85.57221167331662,1.3663037714355222,False,False,False
VS004721,AD000155,FA007,T3,train,cash_collected,1171.5,-625.9,1171.8,-595.6,trail_tail,5.0,positive,92.75688281821479,1.3663037714355222,False,False,False
VS004722,AD000451,FA007,T3,validation,address_not_traceable,997.9,-524.2,992.5,-525.5,trail_tail,2.0,negative,,1.3663037714355222,False,False,False
VS004723,AD001396,FA007,T3,train,met_borrower,-636.3,-3371.2,-651.5,-3390.5,trail_tail,4.0,positive,70.65643486461151,1.3663037714355222,False,False,False
VS004724,AD002445,FA007,T3,train,address_not_traceable,903.4,-970.2,901.0,-970.0,trail_tail,2.0,negative,,1.3663037714355222,False,False,False
VS004725,AD001434,FA007,T3,train,met_family,710.9,-876.2,710.9,-876.2,checkin,,positive,57.08963423512346,1.3663037714355222,False,False,False
VS004726,AD002848,FA007,T3,train,locked_premises,888.4,-937.3,888.4,-937.3,checkin,,positive,57.422360098442944,1.3663037714355222,False,False,False
VS004727,AD002332,FA001,T1,train,met_borrower,3127.8,-2075.5,3120.6666666666665,-2073.6666666666665,trail_tail,6.0,positive,50.54337246365739,1.0,False,False,False
VS004728,AD001567,FA001,T1,validation,no_such_person,2753.8,-2278.1,2753.8,-2278.1,checkin,,positive,46.96831378706286,1.0,False,False,False
VS004729,AD001034,FA001,T1,train,locked_premises,3141.3,-1956.6,3141.3,-1956.6,checkin,,positive,41.62994715346154,1.0,False,False,False
VS004730,AD000563,FA001,T1,test,locked_premises,3004.2,-2521.5,2995.0,-2507.5,trail_tail,2.0,positive,32.33160218733367,1.0,False,False,False
VS004731,AD002413,FA001,T1,validation,met_family,3155.8,-2082.4,2966.3788321247716,-1910.7936148571055,dwell,,positive,30.572046055179225,1.0,False,False,False
VS004732,AD002991,FA001,T1,train,address_not_traceable,2763.6,-1928.0,2763.6,-1928.0,checkin,,negative,,1.0,False,False,False
VS004733,AD000428,FA001,T1,train,neighbour_says_shifted,2897.3,-2698.5,2890.0,-2708.0,trail_tail,2.0,positive,23.121310516491068,1.0,False,False,False
VS004734,AD001240,FA003,T1,train,no_such_person,1387.2,-186.3,1387.2,-186.3,checkin,,positive,59.012223310090604,1.0,False,False,False
VS004735,AD000488,FA003,T1,train,neighbour_says_shifted,1232.1,221.4,1237.988597227554,219.47472673204402,dwell,3.0,positive,18.209956068041475,1.0,False,False,False
VS004736,AD000788,FA003,T1,train,no_such_person,1356.6,-515.9,1364.5,-543.5,trail_tail,2.0,positive,48.27507120657618,1.0,False,False,False
VS004737,AD001035,FA003,T1,train,met_borrower,803.0,-339.3,812.25,-350.125,trail_tail,8.0,positive,50.83288797619116,1.0,False,False,False
VS004738,AD003094,FA003,T1,test,met_borrower,1137.6,-22.3,1137.6,-22.3,checkin,,positive,50.602890233661554,1.0,False,False,False
VS004739,AD000247,FA003,T1,validation,address_not_traceable,2127.5,-879.8,2130.0,-879.6666666666666,trail_tail,3.0,negative,,1.0,False,False,False
VS004740,AD002882,FA003,T1,train,met_family,1267.0,-277.7,1201.0521557981174,-328.146228743791,dwell,7.0,positive,50.81370386027769,1.0,False,False,False
VS004741,AD002875,FA003,T1,train,met_borrower,1387.0,260.8,1375.6363636363637,264.54545454545456,trail_tail,11.0,positive,51.210350516277465,1.0,False,False,False
VS004742,AD000209,FA002,T1,test,address_not_traceable,2505.4,1042.2,2505.4,1042.2,checkin,,negative,,1.0,False,False,False
VS004743,AD000969,FA002,T1,train,neighbour_says_shifted,2188.3,971.9,2160.3333333333335,996.3333333333334,trail_tail,3.0,positive,23.380226688379278,1.0,False,False,False
VS004744,AD001045,FA002,T1,train,address_not_traceable,2847.0,1425.7,2847.0,1425.7,checkin,,negative,,1.0,False,False,False
VS004745,AD002744,FA002,T1,test,address_not_traceable,2468.0,1115.5,2460.6666666666665,1094.6666666666667,trail_tail,3.0,negative,,1.0,False,False,False
VS004746,AD002593,FA002,T1,train,address_not_traceable,2635.3,831.4,2628.0,822.5,trail_tail,2.0,negative,,1.0,False,False,False
VS004747,AD001258,FA002,T1,test,met_borrower,127.4,1822.5,163.16666666666666,1878.6666666666667,trail_tail,6.0,positive,61.29357633553454,1.0,False,False,False
VS004748,AD001870,FA002,T1,test,address_not_traceable,1135.1,1639.4,1129.0,1636.0,trail_tail,3.0,negative,,1.0,False,False,False
VS004749,AD002645,FA002,T1,train,locked_premises,2827.5,1014.4,2826.4,1016.0,trail_tail,5.0,positive,31.061109123790157,1.0,False,False,False
VS004750,AD002938,FA002,T1,validation,met_family,2125.8,993.9,2124.5790784557903,996.6102117061021,dwell,4.0,positive,31.533672478796372,1.0,False,False,False
VS004751,AD000987,FA002,T1,train,address_not_traceable,2405.1,1139.9,2403.6666666666665,1154.0,trail_tail,3.0,negative,,1.0,False,False,False
VS004752,AD000424,FA006,T2,train,met_borrower,2891.0,289.2,2908.2556612393264,333.70889562285134,dwell,,positive,62.04272721278458,1.0,False,False,False
VS004753,AD002535,FA006,T2,validation,met_family,2966.4,938.1,2966.4,938.1,checkin,,positive,39.238405930924344,1.0,False,False,False
VS004754,AD000290,FA006,T2,train,no_such_person,2823.3,158.4,2823.3,158.4,checkin,,positive,49.56281368122678,1.0,False,False,False
VS004755,AD002752,FA006,T2,train,address_not_traceable,1123.7,1574.8,1131.5,1606.0,trail_tail,2.0,negative,,1.0,False,False,False
VS004756,AD002272,FA006,T2,train,address_not_traceable,3026.4,632.7,3026.4,632.7,checkin,,negative,,1.0,False,False,False
VS004757,AD001726,FA006,T2,validation,address_not_traceable,2972.5,1037.0,2957.5,1044.5,trail_tail,2.0,negative,,1.0,False,False,False
VS004758,AD000846,FA004,T2,train,address_not_traceable,-1774.0,-1808.6,-1774.0,-1808.6,checkin,,negative,,1.1098606920552958,False,False,False
VS004759,AD001647,FA004,T2,train,met_borrower,-1645.1,-2907.1,-1640.6,-2907.2,trail_tail,5.0,positive,56.01603362212961,1.1098606920552958,False,False,False
VS004760,AD000194,FA004,T2,train,address_not_traceable,-1098.4,-1545.1,-1098.5,-1531.5,trail_tail,2.0,negative,,1.1098606920552958,False,False,False
VS004761,AD002132,FA004,T2,validation,address_not_traceable,2148.5,2070.5,2148.5,2070.5,checkin,,negative,,1.1098606920552958,False,False,False
VS004762,AD000379,FA004,T2,train,cash_collected,-1950.6,-2474.5,-1948.9166666666667,-2482.3333333333335,trail_tail,12.0,positive,72.40258972443583,1.1098606920552958,False,False,False
VS004763,AD001447,FA004,T2,validation,met_family,-1328.8,-2928.1,-1335.930317481291,-2865.1759660776706,dwell,,positive,55.47430254201746,1.1098606920552958,False,False,False
VS004764,AD002723,FA004,T2,train,address_not_traceable,-1504.9,-2712.0,-1504.9,-2712.0,checkin,,negative,,1.1098606920552958,False,False,False
VS004765,AD003040,FA004,T2,train,address_not_traceable,-1706.3,-2858.8,-1706.3,-2858.8,checkin,,negative,,1.1098606920552958,False,False,False
VS004766,AD002953,FA005,T2,train,locked_premises,2417.7,-1777.4,2417.7,-1777.4,checkin,,positive,30.62062213607033,1.0,False,False,False
VS004767,AD001503,FA005,T2,train,neighbour_says_shifted,2959.8,-1470.9,2898.708955223881,-1492.5597014925374,dwell,3.0,positive,34.512352860968555,1.0,False,False,False
VS004768,AD002555,FA005,T2,train,met_family,2276.0,-1213.2,2266.15156662048,-1197.9084163947616,dwell,5.0,positive,32.511536414017726,1.0,False,False,False
VS004769,AD001450,FA005,T2,test,neighbour_says_shifted,2483.5,-1054.9,2484.740096622695,-1054.3561799710956,dwell,4.0,positive,18.75779837827458,1.0,False,False,False
VS004770,AD001683,FA005,T2,validation,met_family,2693.1,-1380.2,2701.0453882956813,-1383.9290580146383,dwell,7.0,positive,31.65852965631853,1.0,False,False,False
VS004771,AD002838,FA005,T2,validation,address_not_traceable,2807.4,-1196.8,2807.4,-1196.8,checkin,,negative,,1.0,False,False,False
VS004772,AD000650,FA007,T3,train,address_not_traceable,3633.5,202.1,3633.5,202.1,checkin,,negative,,1.3663037714355222,False,False,False
VS004773,AD000228,FA007,T3,train,met_borrower,3776.4,254.6,3822.75,195.75,trail_tail,4.0,positive,88.33225208805683,1.3663037714355222,False,False,False
VS004774,AD000850,FA007,T3,train,met_borrower,3741.6,209.4,3752.985784809994,229.0772964002797,dwell,,positive,74.77090367287498,1.3663037714355222,False,False,False
VS004775,AD000303,FA007,T3,train,locked_premises,3585.3,623.4,3585.3,623.4,checkin,,positive,45.85822093144763,1.3663037714355222,False,False,False
VS004776,AD000534,FA007,T3,train,met_family,3957.2,716.0,3960.644938331909,718.4421541091708,dwell,8.0,positive,41.742089609124555,1.3663037714355222,False,False,False
VS004777,AD001748,FA007,T3,train,met_borrower,3902.7,132.0,3899.582472409196,136.21353932944072,dwell,,positive,69.71272949406269,1.3663037714355222,False,False,False
VS004778,AD002799,FA007,T3,train,met_borrower,3467.7,-18.6,3472.9098628971337,-27.973083034497126,dwell,,positive,72.83337894441544,1.3663037714355222,False,False,False
VS004779,AD000189,FA007,T3,train,neighbour_says_shifted,3646.8,93.2,3604.5280798763974,69.5167277443654,dwell,6.0,positive,40.66699376120239,1.3663037714355222,False,False,False
VS004780,AD001443,FA008,T3,train,met_family,-720.6,-3214.4,-681.3333333333334,-3262.6666666666665,trail_tail,3.0,positive,68.69442700632538,1.4612131704915665,False,False,False
VS004781,AD002712,FA008,T3,test,met_family,-814.4,-3722.3,-750.5861467510199,-3729.0555194229296,dwell,5.0,positive,63.06150656027786,1.4612131704915665,False,False,False
VS004782,AD002916,FA008,T3,train,met_borrower,-337.2,-3720.6,-346.9121647187694,-3802.8235080558684,dwell,,positive,102.49491233164109,1.4612131704915665,False,False,False
VS004783,AD001473,FA008,T3,train,met_borrower,668.0,1271.0,678.25,1291.5,trail_tail,8.0,positive,75.40468773977835,1.4612131704915665,False,False,False
VS004784,AD001864,FA008,T3,train,met_family,-159.9,-3912.5,-182.50766922307434,-3913.998499499833,dwell,,positive,47.58274160540345,1.4612131704915665,False,False,False
VS004785,AD000749,FA008,T3,validation,met_family,-157.0,-3418.7,-175.16564157761206,-3417.904858922119,dwell,4.0,positive,48.9742439279835,1.4612131704915665,False,False,False
VS004786,AD000505,FA008,T3,train,address_not_traceable,-2192.8,-515.3,-2192.8,-515.3,checkin,,negative,,1.4612131704915665,False,False,False
VS004787,AD001555,FA009,T3,train,met_borrower,-3738.2,-758.7,-3736.6,-756.6,trail_tail,5.0,positive,51.01757050271994,1.0,True,True,True
VS004788,AD000324,FA009,T3,train,locked_premises,-2643.8,1730.4,-2645.5,1717.25,trail_tail,4.0,positive,32.602147168553195,1.0,False,False,False
VS004789,AD000869,FA009,T3,train,met_borrower,-2063.8,1555.5,-2048.3846153846152,1558.6153846153845,trail_tail,13.0,positive,50.900613945216826,1.0,False,False,False
VS004790,AD002903,FA009,T3,train,locked_premises,2341.8,-785.7,2341.8,-785.7,checkin,,positive,35.00846326247413,1.0,True,True,True
VS004791,AD001734,FA009,T3,validation,locked_premises,-2903.5,1441.5,-2904.6,1422.0,trail_tail,5.0,positive,32.200698750182426,1.0,False,False,False
VS004792,AD002143,FA009,T3,train,met_borrower,-2608.2,1336.0,-2614.0,1345.3333333333333,trail_tail,6.0,positive,50.75746250552721,1.0,False,False,False
VS004793,AD001630,FA003,T1,train,cash_collected,579.0,2848.0,575.3333333333334,2849.777777777778,trail_tail,9.0,positive,65.79901215063947,1.0,False,False,False
VS004794,AD001972,FA003,T1,validation,locked_premises,843.1,-2685.0,698.3571428571428,-2852.7428571428572,dwell,,positive,34.10956610688561,1.0,False,False,False
VS004795,AD003102,FA003,T1,test,met_borrower,1026.2,-3061.4,1008.5,-3039.0,trail_tail,2.0,positive,53.887753710838616,1.0,False,False,False
VS004796,AD001516,FA003,T1,train,neighbour_says_shifted,666.2,-2651.5,666.2,-2651.5,checkin,,positive,34.718618924145005,1.0,False,False,False
VS004797,AD002515,FA003,T1,train,met_borrower,1803.7,-713.0,1804.9652435360363,-710.2607651299469,dwell,,positive,50.84173974206627,1.0,False,False,False
VS004798,AD001721,FA003,T1,train,address_not_traceable,769.6,-3150.4,772.3333333333334,-3159.6666666666665,trail_tail,3.0,negative,,1.0,False,False,False
VS004799,AD001198,FA003,T1,train,address_not_traceable,1188.3,-2353.0,1190.6666666666667,-2361.6666666666665,trail_tail,3.0,negative,,1.0,False,False,False
VS004800,AD000739,FA003,T1,train,locked_premises,709.2,-3292.8,710.75,-3293.75,trail_tail,4.0,positive,30.541938379873656,1.0,False,False,False
VS004801,AD000940,FA003,T1,train,no_such_person,440.6,-2871.0,446.5,-2875.5,trail_tail,4.0,positive,46.01717070833451,1.0,False,False,False
VS004802,AD003099,FA001,T1,train,met_borrower,2689.7,-2191.4,2689.7,-2191.4,checkin,,positive,54.86713497167498,1.0,False,False,False
VS004803,AD000203,FA001,T1,validation,met_borrower,2566.3,-2436.0,2594.0,-2483.5,trail_tail,10.0,positive,56.66464947390037,1.0,False,False,False
VS004804,AD000257,FA001,T1,train,met_family,3139.1,-2096.0,3054.1494209936495,-2283.794919686216,dwell,,positive,30.315713747164192,1.0,False,False,False
VS004805,AD002505,FA001,T1,validation,cash_collected,2942.0,-2578.6,2946.5,-2638.0,trail_tail,2.0,positive,73.066271288468,1.0,False,False,False
VS004806,AD001799,FA001,T1,train,address_not_traceable,2887.6,-2226.7,2887.6,-2226.7,checkin,,negative,,1.0,False,False,False
VS004807,AD000259,FA001,T1,train,locked_premises,2826.0,-2473.0,2834.7873990103876,-2357.1825755065192,dwell,,positive,33.797189232242374,1.0,False,False,False
VS004808,AD000813,FA001,T1,train,neighbour_says_shifted,3009.2,-2238.5,3057.608024761601,-2283.138419172034,dwell,2.0,positive,38.5566142185748,1.0,False,False,False
VS004809,AD002307,FA001,T1,train,met_family,2482.2,-2339.4,2482.2,-2339.4,checkin,,positive,41.801913831785264,1.0,False,False,False
VS004810,AD002757,FA001,T1,train,neighbour_says_shifted,2381.1,-2154.1,2393.3243578360834,-2147.2189633530297,dwell,,positive,21.697810949494446,1.0,False,False,False
VS004811,AD000843,FA001,T1,train,address_not_traceable,2238.2,-1550.8,2238.2,-1550.8,checkin,,negative,,1.0,False,False,False
VS004812,AD002444,FA002,T1,train,address_not_traceable,-3012.7,1102.9,-3012.7,1102.9,checkin,,negative,,1.0,False,False,False
VS004813,AD002641,FA002,T1,train,locked_premises,-2960.0,898.0,-2960.0,898.0,checkin,,positive,33.89232951568835,1.0,False,False,False
VS004814,AD002539,FA002,T1,train,locked_premises,-2488.6,1258.9,-2485.3333333333335,1260.3333333333333,trail_tail,3.0,positive,32.40343346005172,1.0,False,False,False
VS004815,AD001160,FA002,T1,validation,met_family,-2714.8,1734.5,-2714.8,1734.5,checkin,,positive,43.85627093130473,1.0,False,False,False
VS004816,AD000513,FA002,T1,train,met_borrower,-2677.9,1240.5,-2712.5,1275.25,trail_tail,4.0,positive,59.6261268237339,1.0,False,False,False
VS004817,AD001626,FA002,T1,validation,locked_premises,-808.5,-3198.0,-738.5754716981131,-3032.5377358490564,dwell,,positive,33.96060217369533,1.0,False,False,False
VS004818,AD002510,FA002,T1,train,address_not_traceable,-1853.2,2305.2,-1845.5,2294.5,trail_tail,2.0,negative,,1.0,False,False,False
VS004819,AD001362,FA002,T1,train,met_borrower,-3060.6,1459.4,-3053.714285714286,1457.7142857142858,trail_tail,7.0,positive,50.43550336816319,1.0,False,False,False
VS004820,AD001428,FA002,T1,train,address_not_traceable,-2962.5,1057.5,-2962.5,1057.5,checkin,,negative,,1.0,False,False,False
VS004821,AD001586,FA006,T2,validation,met_borrower,1549.5,-1856.9,1569.890504731762,-1864.2176107666048,dwell,,positive,54.01485906674199,1.0,False,False,False
VS004822,AD003013,FA006,T2,train,neighbour_says_shifted,1507.7,-2473.8,1525.7890653264578,-2484.7600265019596,dwell,6.0,positive,21.99391961429336,1.0,False,False,False
VS004823,AD002820,FA006,T2,train,address_not_traceable,1391.7,-1999.9,1379.6666666666667,-2007.3333333333333,trail_tail,3.0,negative,,1.0,False,False,False
VS004824,AD001962,FA006,T2,train,locked_premises,1410.8,-1966.1,1398.508188243406,-1971.049474228581,dwell,,positive,33.01473156032015,1.0,False,False,False
VS004825,AD001487,FA006,T2,train,address_not_traceable,1866.4,-2164.2,1866.4,-2164.2,checkin,,negative,,1.0,False,False,False
VS004826,AD001566,FA006,T2,train,address_not_traceable,1476.6,-2324.0,1476.6,-2324.0,checkin,,negative,,1.0,False,False,False
VS004827,AD002459,FA006,T2,test,met_family,1385.1,-2220.8,1661.539492706006,-2150.978052306479,dwell,,positive,30.64918432846133,1.0,False,False,False
VS004828,AD001712,FA005,T2,train,neighbour_says_shifted,3012.3,758.5,3011.3909612625534,757.319225251076,dwell,8.0,positive,15.721800151382158,1.0,False,False,False
VS004829,AD002043,FA005,T2,train,address_not_traceable,2795.1,-40.5,2801.0,-40.0,trail_tail,2.0,negative,,1.0,False,False,False
VS004830,AD002626,FA005,T2,train,met_borrower,3115.0,513.2,3141.0,480.5,trail_tail,2.0,positive,56.00330347399161,1.0,False,False,False
VS004831,AD001254,FA005,T2,train,met_borrower,2712.8,267.0,2739.0,253.8,trail_tail,5.0,positive,54.63304860613215,1.0,False,False,False
VS004832,AD001700,FA005,T2,train,met_family,2958.1,707.5,2958.1,707.5,checkin,,positive,36.95639322228293,1.0,False,False,False
VS004833,AD002200,FA005,T2,train,address_not_traceable,2767.3,588.1,2767.3,588.1,checkin,,negative,,1.0,False,False,False
VS004834,AD002912,FA005,T2,train,met_family,2623.1,390.1,2622.0,403.5,trail_tail,2.0,positive,33.547801716356915,1.0,False,False,False
VS004835,AD000355,FA004,T2,train,locked_premises,926.5,-3144.3,926.5,-3144.3,checkin,,positive,34.76619795354395,1.1098606920552958,False,False,False
VS004836,AD001493,FA004,T2,train,locked_premises,659.3,-2899.7,653.3333333333334,-2909.0,trail_tail,3.0,positive,36.52158461819017,1.1098606920552958,False,False,False
VS004837,AD001127,FA004,T2,test,met_borrower,626.8,-3388.2,626.5714285714286,-3385.1428571428573,trail_tail,7.0,positive,55.79421041549148,1.1098606920552958,False,False,False
VS004838,AD000924,FA004,T2,train,locked_premises,495.2,-2713.4,504.3333333333333,-2714.0,trail_tail,3.0,positive,34.941227906026725,1.1098606920552958,False,False,False
VS004839,AD001232,FA004,T2,train,met_family,397.6,-2981.9,386.5813953488372,-2973.1279069767443,dwell,6.0,positive,35.69979530660871,1.1098606920552958,False,False,False
VS004840,AD000069,FA004,T2,train,locked_premises,630.4,-3327.6,721.5862068965516,-3436.655172413793,dwell,,positive,33.6331741699437,1.1098606920552958,False,False,False
VS004841,AD001521,FA007,T3,validation,met_family,-732.6,3315.7,-732.6,3315.7,checkin,,positive,59.38350569665486,1.3663037714355222,False,False,False
VS004842,AD000654,FA007,T3,train,address_not_traceable,-1578.0,2733.9,-1578.0,2733.9,checkin,,negative,,1.3663037714355222,False,False,False
VS004843,AD000662,FA007,T3,validation,locked_premises,-584.8,3486.1,-584.8,3486.1,checkin,,positive,64.75216868444747,1.3663037714355222,False,False,False
VS004844,AD002564,FA007,T3,train,met_borrower,-467.5,2907.3,-454.1666666666667,2886.8333333333335,trail_tail,6.0,positive,71.51259260906974,1.3663037714355222,False,False,False
VS004845,AD000741,FA007,T3,test,neighbour_says_shifted,-847.1,2847.6,-844.0490272373539,2855.5828793774317,dwell,6.0,positive,26.04780292371413,1.3663037714355222,False,False,False
VS004846,AD002652,FA007,T3,test,met_borrower,-972.7,-857.0,-1001.25,-800.25,trail_tail,4.0,positive,82.968311365853,1.3663037714355222,False,False,False
VS004847,AD000666,FA008,T3,test,met_borrower,-2645.7,-482.5,-2646.0,-493.44444444444446,trail_tail,9.0,positive,73.76138376070288,1.4612131704915665,False,False,False
VS004848,AD000078,FA008,T3,train,neighbour_says_shifted,-2682.5,-52.0,-2682.5,-52.0,checkin,,positive,36.23138387128314,1.4612131704915665,False,False,False
VS004849,AD002943,FA008,T3,validation,locked_premises,-2344.3,-89.0,-2334.25,-86.75,trail_tail,4.0,positive,44.91685862118126,1.4612131704915665,False,False,False
VS004850,AD001171,FA008,T3,train,met_family,-2680.8,-627.4,-2680.8,-627.4,checkin,,positive,46.53132335608395,1.4612131704915665,False,False,False
VS004851,AD000489,FA008,T3,validation,address_not_traceable,-2535.4,-330.3,-2535.4,-330.3,checkin,,negative,,1.4612131704915665,False,False,False
VS004852,AD000137,FA008,T3,train,met_family,-2358.9,-543.8,-2358.9,-543.8,checkin,,positive,51.15607974812129,1.4612131704915665,False,False,False
VS004853,AD000288,FA008,T3,train,address_not_traceable,-2471.8,-321.5,-2471.8,-321.5,checkin,,negative,,1.4612131704915665,False,False,False
VS004854,AD002655,FA008,T3,train,met_borrower,-2986.9,22.9,-2986.9,22.9,checkin,,positive,82.48926908137814,1.4612131704915665,False,False,False
VS004855,AD001908,FA008,T3,test,address_not_traceable,-2357.7,54.5,-2357.7,54.5,checkin,,negative,,1.4612131704915665,False,False,False
VS004856,AD000060,FA009,T3,train,met_family,3803.1,106.6,3796.830225711482,101.08537782139352,dwell,8.0,positive,30.505614237382595,1.0,False,False,False
VS004857,AD002150,FA009,T3,validation,met_family,4001.8,566.2,4005.500116662778,546.0002333255558,dwell,3.0,positive,33.62677504608492,1.0,False,False,False
VS004858,AD002336,FA009,T3,train,met_borrower,3941.0,748.7,3930.3333333333335,760.3333333333334,trail_tail,6.0,positive,51.18224789905187,1.0,False,False,False
VS004859,AD001574,FA009,T3,train,neighbour_says_shifted,3958.9,64.4,3963.5,54.0,trail_tail,2.0,positive,18.47708039707572,1.0,False,False,False
VS004860,AD002309,FA009,T3,train,locked_premises,2326.1,-783.5,2335.875,-780.25,trail_tail,8.0,positive,30.72482709471284,1.0,False,True,True
VS004861,AD000082,FA009,T3,train,neighbour_says_shifted,3973.1,369.9,4024.7317073170725,318.3658536585366,dwell,3.0,positive,41.77325699535531,1.0,False,False,False
VS004862,AD001977,FA009,T3,test,met_borrower,3718.9,488.2,3714.3333333333335,480.75,trail_tail,12.0,positive,50.46734092460193,1.0,False,False,False
VS004863,AD000776,FA009,T3,train,no_such_person,3493.7,134.7,3487.8333333333335,127.66666666666667,trail_tail,6.0,positive,46.048289870526126,1.0,False,False,False
VS004864,AD002858,FA003,T1,train,met_family,1173.3,-2857.2,1163.7305746729055,-2868.6144107177083,dwell,10.0,positive,31.87542156583973,1.0,False,False,False
VS004865,AD001012,FA003,T1,validation,neighbour_says_shifted,821.4,-3301.1,821.4,-3301.1,checkin,,positive,30.915247047371302,1.0,False,False,False
VS004866,AD000135,FA003,T1,train,neighbour_says_shifted,809.8,-2626.0,805.4972538165005,-2607.817723197005,dwell,,positive,16.793153366774206,1.0,False,False,False
VS004867,AD001753,FA003,T1,validation,met_family,920.8,-2888.5,927.0201750121537,-2892.2316480311138,dwell,3.0,positive,31.482098087643397,1.0,False,False,False
VS004868,AD001900,FA003,T1,train,locked_premises,701.0,-2706.9,713.6666666666666,-2702.0,trail_tail,3.0,positive,37.48149543441404,1.0,False,False,False
VS004869,AD002171,FA003,T1,train,met_family,467.9,-3408.6,431.1924001812246,-3472.184930472462,dwell,7.0,positive,47.16123938150908,1.0,False,False,False
VS004870,AD002265,FA003,T1,validation,locked_premises,356.0,-3098.1,358.0,-3104.0,trail_tail,3.0,positive,31.38618326588947,1.0,False,False,False
VS004871,AD002803,FA003,T1,train,address_not_traceable,-697.1,-1190.4,-697.6666666666666,-1190.0,trail_tail,3.0,negative,,1.0,False,False,False
VS004872,AD002771,FA002,T1,train,address_not_traceable,1857.3,-2019.4,1860.0,-2033.5,trail_tail,2.0,negative,,1.0,False,False,False
VS004873,AD000903,FA002,T1,train,met_family,2723.6,-2827.0,2723.6,-2827.0,checkin,,positive,33.904866907274545,1.0,False,False,False
VS004874,AD001509,FA002,T1,train,address_not_traceable,2746.1,-2495.8,2746.1,-2495.8,checkin,,negative,,1.0,False,False,False
VS004875,AD001775,FA002,T1,train,met_family,2902.6,-2381.2,2899.5,-2391.0,trail_tail,2.0,positive,32.56209452722598,1.0,False,False,False
VS004876,AD000735,FA002,T1,validation,neighbour_says_shifted,2655.9,-2378.9,2676.174029031287,-2367.8722418917514,dwell,,positive,20.58676759474395,1.0,False,False,False
VS004877,AD000602,FA002,T1,train,met_family,2990.9,-1936.8,2990.9,-1936.8,checkin,,positive,38.397949163985295,1.0,False,False,False
VS004878,AD002414,FA002,T1,train,met_family,2914.1,-1685.8,2908.697584399399,-1794.0515010446832,dwell,,positive,30.936426749060725,1.0,False,False,False
VS004879,AD002914,FA001,T1,train,locked_premises,-590.4,-1779.8,-590.4,-1779.8,checkin,,positive,49.14071631549544,1.0,False,False,False
VS004880,AD001738,FA001,T1,train,met_family,-847.6,-1408.1,-844.2735800768108,-1402.7387463662908,dwell,9.0,positive,30.75682851010487,1.0,False,False,False
VS004881,AD002812,FA001,T1,train,met_borrower,-1163.0,-932.5,-1040.1578556964303,-1003.339163401627,dwell,,positive,52.6148505652159,1.0,False,False,False
VS004882,AD002996,FA001,T1,train,locked_premises,-755.7,-1529.2,-749.4,-1524.2,trail_tail,5.0,positive,31.383474950999293,1.0,False,False,False
VS004883,AD001110,FA001,T1,train,locked_premises,-412.2,-1176.3,-393.78067367779306,-1191.3770766651426,dwell,,positive,35.340380586518876,1.0,False,False,False
VS004884,AD002801,FA001,T1,train,locked_premises,-750.6,-1707.7,-750.6,-1707.7,checkin,,positive,34.10384875640871,1.0,False,False,False
VS004885,AD001021,FA001,T1,train,met_borrower,-280.8,-1189.1,-280.8,-1189.1,checkin,,positive,50.90454301926302,1.0,False,False,False
VS004886,AD001271,FA001,T1,train,locked_premises,2951.4,-1848.8,2951.4,-1848.8,checkin,,positive,34.065525095028256,1.0,False,False,False
VS004887,AD002359,FA005,T2,train,neighbour_says_shifted,1704.2,-1594.7,1651.516096579477,-1605.7806841046279,dwell,5.0,positive,32.60877949264586,1.0,False,False,False
VS004888,AD001954,FA005,T2,validation,locked_premises,951.0,-1776.1,951.0,-1776.1,checkin,,positive,32.11841372172667,1.0,False,False,False
VS004889,AD002244,FA005,T2,validation,locked_premises,1248.8,-1853.6,1248.8,-1853.6,checkin,,positive,34.44212536995939,1.0,False,False,False
VS004890,AD000854,FA005,T2,train,met_borrower,1283.9,-2458.7,1283.9,-2458.7,checkin,,positive,51.56282575654672,1.0,False,False,False
VS004891,AD000817,FA005,T2,test,locked_premises,1302.7,-1915.6,1301.0,-1927.5,trail_tail,2.0,positive,32.30653958566285,1.0,False,False,False
VS004892,AD000531,FA005,T2,train,address_not_traceable,1308.6,-2575.3,1316.6666666666667,-2590.6666666666665,trail_tail,3.0,negative,,1.0,False,False,False
VS004893,AD001242,FA005,T2,train,neighbour_says_shifted,1561.3,-1866.8,1527.0,-1861.5,trail_tail,2.0,positive,22.892848228213087,1.0,False,False,False
VS004894,AD002193,FA005,T2,train,address_not_traceable,1205.2,-1857.1,1205.2,-1857.1,checkin,,negative,,1.0,False,False,False
VS004895,AD000672,FA004,T2,train,met_borrower,942.9,2648.3,942.4444444444445,2637.3333333333335,trail_tail,9.0,positive,56.106559140470345,1.1098606920552958,False,False,False
VS004896,AD001697,FA004,T2,train,cash_collected,1096.7,3023.1,919.0717603181494,2969.861214603774,dwell,,positive,73.88651137502112,1.1098606920552958,False,False,False
VS004897,AD000147,FA004,T2,test,address_not_traceable,719.2,1010.4,712.6666666666666,1007.3333333333334,trail_tail,3.0,negative,,1.1098606920552958,False,False,False
VS004898,AD003019,FA004,T2,train,met_family,670.9,2790.3,667.425,2782.4500000000003,dwell,8.0,positive,34.099555402929774,1.1098606920552958,False,False,False
VS004899,AD001952,FA004,T2,train,locked_premises,958.5,2633.9,958.5,2633.9,checkin,,positive,38.25825195176066,1.1098606920552958,False,False,False
VS004900,AD001556,FA004,T2,train,met_borrower,1030.0,2599.0,1033.5,2595.5,trail_tail,2.0,positive,57.43290483189659,1.1098606920552958,False,False,False
VS004901,AD002750,FA004,T2,test,met_family,603.1,2900.1,606.700594468855,2900.400103385888,dwell,6.0,positive,34.5925079540871,1.1098606920552958,False,False,False
VS004902,AD001660,FA004,T2,train,met_family,558.4,2667.6,557.6464920538236,2682.4412204441,dwell,3.0,positive,35.1174023947346,1.1098606920552958,False,False,False
VS004903,AD001807,FA004,T2,train,met_borrower,1016.9,3097.3,1016.5454545454545,3110.5454545454545,trail_tail,11.0,positive,57.076683563013574,1.1098606920552958,False,False,False
VS004904,AD001654,FA004,T2,train,locked_premises,1052.6,2410.8,1057.0,2412.6666666666665,trail_tail,3.0,positive,35.42073060202777,1.1098606920552958,False,False,False
VS004905,AD002262,FA006,T2,validation,met_family,2618.5,-1660.4,2611.9885057471265,-1658.132183908046,dwell,,positive,33.41650041521404,1.0,False,False,False
VS004906,AD002034,FA006,T2,train,met_family,2332.5,-1047.0,2323.0,-1041.5,trail_tail,2.0,positive,32.93861715373006,1.0,False,False,False
VS004907,AD002618,FA006,T2,train,met_family,2905.5,-1246.5,2906.15291750503,-1243.7012072434607,dwell,11.0,positive,30.47351308923866,1.0,False,False,False
VS004908,AD000152,FA006,T2,validation,neighbour_says_shifted,2674.5,-1106.6,2674.5,-1106.6,checkin,,positive,24.356569955558175,1.0,False,False,False
VS004909,AD001805,FA006,T2,validation,met_borrower,2377.0,-769.6,2430.0,-767.5,trail_tail,2.0,positive,59.686263076188645,1.0,False,False,False
VS004910,AD001260,FA006,T2,validation,address_not_traceable,2490.1,-1223.3,2490.1,-1223.3,checkin,,negative,,1.0,False,False,False
VS004911,AD000612,FA006,T2,validation,address_not_traceable,971.9,994.3,976.0,987.0,trail_tail,3.0,negative,,1.0,False,False,False
VS004912,AD000096,FA009,T3,train,met_family,3372.3,548.7,3364.6304198210596,542.4571576049552,dwell,11.0,positive,31.3454143376667,1.0,False,False,False
VS004913,AD001499,FA009,T3,train,locked_premises,3587.9,-10.8,3515.5,-3.5,trail_tail,2.0,positive,47.26364882232437,1.0,False,False,False
VS004914,AD001422,FA009,T3,train,met_family,3974.6,674.3,3987.6975308641977,674.4938271604939,dwell,2.0,positive,33.721840104003824,1.0,False,False,False
VS004915,AD000043,FA009,T3,validation,address_not_traceable,3795.5,737.9,3795.5,737.9,checkin,,negative,,1.0,False,False,False
VS004916,AD001832,FA009,T3,train,met_borrower,3978.7,154.1,4031.5,133.75,trail_tail,4.0,positive,58.9971609486423,1.0,False,False,False
VS004917,AD001605,FA009,T3,train,met_borrower,3690.8,553.6,3648.0,556.0,trail_tail,3.0,positive,55.160583753256304,1.0,False,False,False
VS004918,AD000722,FA009,T3,test,met_borrower,4006.4,322.1,4037.3333333333335,321.6666666666667,trail_tail,3.0,positive,55.91898157155581,1.0,False,False,False
VS004919,AD002229,FA008,T3,train,neighbour_says_shifted,-2358.1,1319.5,-2343.2841530054648,1313.3387978142077,dwell,4.0,positive,24.742658370104955,1.4612131704915665,False,False,False
VS004920,AD000825,FA008,T3,train,met_borrower,-2212.5,1138.9,-2203.3333333333335,1136.6666666666667,trail_tail,3.0,positive,75.13996587494009,1.4612131704915665,False,False,False
VS004921,AD001220,FA008,T3,train,met_family,-2204.3,1751.9,-2204.3,1751.9,checkin,,positive,51.57037183861731,1.4612131704915665,False,False,False
VS004922,AD001036,FA008,T3,train,no_such_person,-2475.4,1719.3,-2475.4,1719.3,checkin,,positive,71.82799156451692,1.4612131704915665,False,False,False
VS004923,AD001540,FA008,T3,train,met_borrower,-2360.7,1755.3,-2369.0,1821.2,trail_tail,10.0,positive,89.36659574930704,1.4612131704915665,False,False,False
VS004924,AD001469,FA008,T3,train,locked_premises,-2615.6,1463.1,-2615.0,1426.0,trail_tail,2.0,positive,57.79615309749095,1.4612131704915665,False,False,False
VS004925,AD001847,FA008,T3,train,met_borrower,-2409.5,1137.8,-2409.5,1149.0,trail_tail,10.0,positive,74.42629433732228,1.4612131704915665,False,False,False
VS004926,AD001534,FA007,T3,train,met_family,-2568.5,-178.1,-2579.522201012532,-186.04390405842807,dwell,6.0,positive,42.95509995585133,1.3663037714355222,False,False,False
VS004927,AD002253,FA007,T3,train,locked_premises,-2255.5,-414.1,-2255.5,-414.1,checkin,,positive,66.55968139808887,1.3663037714355222,False,False,False
VS004928,AD000154,FA007,T3,test,met_borrower,3574.3,-2265.2,3568.6923076923076,-2276.4615384615386,trail_tail,13.0,positive,71.59408947098763,1.3663037714355222,False,False,False
VS004929,AD001458,FA007,T3,validation,met_borrower,-2893.8,-455.9,-2854.790737320642,-453.23639721551365,dwell,,positive,76.50450182648599,1.3663037714355222,False,False,False
VS004930,AD002546,FA007,T3,validation,address_not_traceable,-2306.0,-419.7,-2306.0,-419.7,checkin,,negative,,1.3663037714355222,False,False,False
VS004931,AD000721,FA007,T3,validation,address_not_traceable,-2605.2,-580.1,-2605.2,-580.1,checkin,,negative,,1.3663037714355222,False,False,False
VS004932,AD000023,FA007,T3,test,met_borrower,-2922.4,-283.8,-2907.7536486777576,-285.23882131297466,dwell,,positive,69.71242823792218,1.3663037714355222,False,False,False
VS004933,AD002977,FA007,T3,train,met_borrower,-2678.0,-540.1,-2668.3333333333335,-490.6666666666667,trail_tail,3.0,positive,77.66463523367712,1.3663037714355222,False,False,False
VS004934,AD000116,FA007,T3,train,address_not_traceable,-2555.0,-1825.6,-2558.0,-1829.5,trail_tail,2.0,negative,,1.3663037714355222,False,False,False
VS004935,AD001638,FA002,T1,validation,locked_premises,384.3,2285.9,373.0,2288.5,trail_tail,2.0,positive,32.25577467679237,1.0,False,False,False
VS004936,AD002103,FA002,T1,test,locked_premises,304.2,-2741.1,303.0,-2733.0,trail_tail,2.0,positive,31.694676209104887,1.0,False,False,False
VS004937,AD000328,FA002,T1,validation,locked_premises,307.2,-2880.3,304.2741830150727,-2877.0996055484443,dwell,,positive,32.96092383414032,1.0,False,False,False
VS004938,AD000371,FA002,T1,train,address_not_traceable,389.0,-3051.1,389.0,-3051.1,checkin,,negative,,1.0,False,False,False
VS004939,AD000345,FA002,T1,train,address_not_traceable,573.5,-2675.7,578.6666666666666,-2679.6666666666665,trail_tail,3.0,negative,,1.0,False,False,False
VS004940,AD001449,FA002,T1,test,address_not_traceable,1357.2,-1427.5,1357.2,-1427.5,checkin,,negative,,1.0,False,False,False
VS004941,AD000238,FA003,T1,train,met_family,-2852.0,1001.1,-2864.695537372622,995.9182269966366,dwell,,positive,30.868147012737907,1.0,False,False,False
VS004942,AD001314,FA003,T1,train,met_family,-2404.6,1258.5,-2404.6,1258.5,checkin,,positive,46.99619665462304,1.0,False,False,False
VS004943,AD001042,FA003,T1,train,locked_premises,-2992.0,803.8,-2984.3333333333335,799.0,trail_tail,3.0,positive,31.75940805493704,1.0,False,False,False
VS004944,AD001862,FA003,T1,train,met_borrower,-3282.1,926.5,-3284.0135821283347,926.8420006601448,dwell,,positive,51.3393124223533,1.0,False,False,False
VS004945,AD001815,FA003,T1,train,met_borrower,-2464.3,1024.4,-2474.6487252124643,1023.3626062322946,dwell,,positive,53.51469424373084,1.0,False,False,False
VS004946,AD001461,FA003,T1,validation,address_not_traceable,-2737.0,875.7,-2737.0,875.7,checkin,,negative,,1.0,False,False,False
VS004947,AD002281,FA003,T1,train,met_family,-2639.3,887.4,-2604.666666666667,1001.3333333333334,dwell,,positive,33.80639732358357,1.0,False,False,False
VS004948,AD002983,FA003,T1,train,met_borrower,-3144.1,907.4,-3142.6335340939245,891.8059196210864,dwell,,positive,52.80608392978975,1.0,False,False,False
VS004949,AD000836,FA001,T1,train,met_family,817.2,-624.1,817.2,-624.1,checkin,,positive,40.46198833473215,1.0,False,False,False
VS004950,AD002706,FA001,T1,train,locked_premises,1212.1,201.9,1206.6666666666667,202.0,trail_tail,3.0,positive,31.306788401239753,1.0,False,False,False
VS004951,AD002606,FA001,T1,train,locked_premises,1216.9,-186.1,1216.9,-186.1,checkin,,positive,32.485304369822366,1.0,False,False,False
VS004952,AD000260,FA001,T1,train,address_not_traceable,941.1,-349.0,932.5,-359.5,trail_tail,2.0,negative,,1.0,False,False,False
VS004953,AD001530,FA001,T1,validation,locked_premises,1167.0,-343.9,1159.0,-345.0,trail_tail,5.0,positive,31.73078158507918,1.0,False,False,False
VS004954,AD001653,FA001,T1,validation,address_not_traceable,929.1,-282.2,939.5,-265.0,trail_tail,2.0,negative,,1.0,False,False,False
VS004955,AD000199,FA001,T1,train,met_borrower,1121.9,-542.2,1115.4144408945685,-558.5851757188499,dwell,,positive,58.433915665476334,1.0,False,False,False
VS004956,AD001830,FA004,T2,validation,locked_premises,1047.2,2913.8,1047.2,2913.8,checkin,,positive,43.46433262450244,1.1098606920552958,False,False,False
VS004957,AD002299,FA004,T2,train,locked_premises,932.6,2312.5,947.0,2308.5,trail_tail,2.0,positive,43.122230024594316,1.1098606920552958,False,False,False
VS004958,AD000182,FA004,T2,test,no_such_person,800.2,2780.7,794.8333333333334,2782.8333333333335,trail_tail,6.0,positive,51.17507957495742,1.1098606920552958,False,False,False
VS004959,AD003050,FA004,T2,train,address_not_traceable,1069.0,2855.8,1069.0,2855.8,checkin,,negative,,1.1098606920552958,False,False,False
VS004960,AD001505,FA004,T2,validation,locked_premises,1076.4,2656.0,1076.4,2656.0,checkin,,positive,37.02562471881476,1.1098606920552958,False,False,False
VS004961,AD001026,FA004,T2,train,neighbour_says_shifted,767.1,2306.3,762.5000000000001,2302.7252252252256,dwell,7.0,positive,18.20729763436785,1.1098606920552958,False,False,False
VS004962,AD002936,FA004,T2,train,address_not_traceable,1066.4,2745.5,1067.3333333333333,2742.6666666666665,trail_tail,3.0,negative,,1.1098606920552958,False,False,False
VS004963,AD002962,FA004,T2,train,met_borrower,984.0,3107.4,990.0,3114.25,trail_tail,12.0,positive,56.19282883853795,1.1098606920552958,False,False,False
VS004964,AD000016,FA004,T2,validation,neighbour_says_shifted,788.4,2415.4,754.4578032835515,2396.569612887768,dwell,3.0,positive,29.100369564257925,1.1098606920552958,False,False,False
VS004965,AD000460,FA006,T2,train,locked_premises,2828.4,-1270.3,2828.4,-1270.3,checkin,,positive,37.390673970924894,1.0,False,False,False
VS004966,AD003045,FA006,T2,train,no_such_person,2977.5,-1042.6,2948.736383442266,-1267.2135076252723,dwell,,positive,47.42986928086562,1.0,False,False,False
VS004967,AD003087,FA006,T2,train,neighbour_says_shifted,2685.8,-1351.5,2671.2,-1354.6,trail_tail,5.0,positive,18.832485231641662,1.0,False,False,False
VS004968,AD001619,FA006,T2,validation,met_borrower,2715.7,-818.4,2653.560936434055,-1080.2843153340646,dwell,,positive,56.78206142788404,1.0,False,False,False
VS004969,AD000086,FA006,T2,validation,met_borrower,2554.6,-1372.0,2554.6,-1372.0,checkin,,positive,55.95221175253038,1.0,False,False,False
VS004970,AD002931,FA006,T2,train,address_not_traceable,2670.8,-1470.7,2670.8,-1470.7,checkin,,negative,,1.0,False,False,False
VS004971,AD000420,FA006,T2,train,met_borrower,3037.6,-1292.9,3075.1,-1253.7,trail_tail,10.0,positive,56.840852386289946,1.0,False,False,False
VS004972,AD002870,FA005,T2,train,locked_premises,1498.2,-2262.6,1494.75,-2267.0,trail_tail,4.0,positive,35.81759344232943,1.0,False,False,False
VS004973,AD002748,FA005,T2,validation,met_family,1169.6,-1885.4,1159.0191174127767,-1875.7769407587791,dwell,,positive,34.31748825307585,1.0,False,False,False
VS004974,AD000634,FA005,T2,train,met_borrower,1812.7,-1558.4,1812.0,-1569.875,trail_tail,8.0,positive,51.16935117821995,1.0,False,False,False
VS004975,AD001673,FA005,T2,train,neighbour_says_shifted,1063.3,-1717.7,1076.8629856850716,-1731.249488752556,dwell,5.0,positive,24.896485695776423,1.0,False,False,False
VS004976,AD000573,FA005,T2,test,neighbour_says_shifted,1694.2,-1690.3,1644.8305084745764,-1693.6384180790963,dwell,4.0,positive,29.36124145876671,1.0,False,False,False
VS004977,AD002688,FA005,T2,train,locked_premises,1659.2,-2307.9,1690.5,-2284.5,trail_tail,2.0,positive,39.482306163647536,1.0,False,False,False
VS004978,AD000094,FA007,T3,train,locked_premises,-2658.1,-180.7,-2646.8,-187.8,trail_tail,5.0,positive,43.22435380830413,1.3663037714355222,False,False,False
VS004979,AD001064,FA007,T3,train,locked_premises,-2943.1,-37.0,-2943.1,-37.0,checkin,,positive,47.39050777443704,1.3663037714355222,False,False,False
VS004980,AD001754,FA007,T3,train,locked_premises,3331.3,1340.7,3331.3,1340.7,checkin,,positive,46.90891163526608,1.3663037714355222,False,False,False
VS004981,AD002412,FA007,T3,train,met_borrower,-2606.3,-107.2,-2606.3,-107.2,checkin,,positive,92.75665640517197,1.3663037714355222,False,False,False
VS004982,AD002509,FA007,T3,test,met_family,-2506.8,-696.9,-2424.8427997796384,-621.2252456688498,dwell,,positive,44.22737126627509,1.3663037714355222,False,False,False
VS004983,AD000170,FA007,T3,train,address_not_traceable,-3759.6,-542.1,-3762.3333333333335,-545.0,trail_tail,3.0,negative,,1.3663037714355222,False,False,False
VS004984,AD001330,FA007,T3,test,neighbour_says_shifted,-2296.6,-506.9,-2353.0,-534.5,trail_tail,2.0,positive,52.51038870660633,1.3663037714355222,False,False,False
VS004985,AD002959,FA007,T3,train,locked_premises,-2450.1,-537.9,-2446.0,-533.0,trail_tail,2.0,positive,42.84065029710761,1.3663037714355222,False,False,False
VS004986,AD001822,FA007,T3,validation,address_not_traceable,-2833.3,-685.2,-2810.6666666666665,-706.3333333333334,trail_tail,3.0,negative,,1.3663037714355222,False,False,False
VS004987,AD001890,FA009,T3,train,locked_premises,-3736.1,-737.4,-3736.1,-737.4,checkin,,positive,39.59409678222249,1.0,True,True,True
VS004988,AD001053,FA009,T3,train,met_borrower,889.0,-697.7,900.9785484447623,-720.279585269932,dwell,,positive,52.33891955323495,1.0,False,False,False
VS004989,AD002896,FA009,T3,train,met_family,1021.0,-657.4,1064.940335869692,-454.46351916511657,dwell,,positive,30.97014691602221,1.0,False,False,False
VS004990,AD000227,FA009,T3,train,locked_premises,1158.2,-1196.6,1154.25,-1194.0,trail_tail,4.0,positive,31.11028768751584,1.0,False,False,False
VS004991,AD001274,FA009,T3,train,met_borrower,673.1,-933.9,680.0,-927.6666666666666,trail_tail,3.0,positive,51.38691467679296,1.0,False,False,False
VS004992,AD001854,FA009,T3,train,met_borrower,889.7,-791.4,890.0,-783.75,trail_tail,4.0,positive,52.7115973956396,1.0,False,False,False
VS004993,AD000410,FA009,T3,train,address_not_traceable,2543.0,-2899.3,2543.0,-2899.3,checkin,,negative,,1.0,False,False,False
VS004994,AD000233,FA009,T3,train,met_family,884.8,-779.9,889.7764714713848,-778.7876796572293,dwell,8.0,positive,30.83622058553869,1.0,False,False,False
VS004995,AD000397,FA008,T3,test,locked_premises,3115.3,-1898.1,3115.3,-1898.1,checkin,,positive,62.86469539009106,1.4612131704915665,False,False,False
VS004996,AD001480,FA008,T3,test,neighbour_says_shifted,3711.2,-2217.6,3711.2,-2217.6,checkin,,positive,41.694790309273465,1.4612131704915665,False,False,False
VS004997,AD002982,FA008,T3,train,met_borrower,3064.5,-2334.6,3064.5,-2334.6,checkin,,positive,74.85651887570407,1.4612131704915665,False,False,False
VS004998,AD001353,FA008,T3,train,address_not_traceable,3560.0,571.7,3560.0,571.7,checkin,,negative,,1.4612131704915665,False,False,False
VS004999,AD001779,FA008,T3,train,cash_collected,3076.2,-1817.2,3076.2,-1817.2,checkin,,positive,97.44670576280379,1.4612131704915665,False,False,False
VS005000,AD001933,FA008,T3,train,address_not_traceable,3012.5,-1826.2,3021.0,-1823.0,trail_tail,2.0,negative,,1.4612131704915665,False,False,False
VS005001,AD002071,FA008,T3,train,address_not_traceable,3714.8,-2183.8,3716.3333333333335,-2169.6666666666665,trail_tail,3.0,negative,,1.4612131704915665,False,False,False
VS005002,AD001096,FA001,T1,train,met_family,2719.0,944.4,2708.120446054886,936.9973596247297,dwell,8.0,positive,31.223869074795967,1.0,False,False,False
VS005003,AD000830,FA001,T1,train,met_borrower,2531.8,613.7,2502.0,625.4,trail_tail,10.0,positive,53.973349905300516,1.0,False,False,False
VS005004,AD000255,FA001,T1,train,locked_premises,2363.5,908.2,2363.5,908.2,checkin,,positive,34.246642171167665,1.0,False,False,False
VS005005,AD003016,FA001,T1,test,met_borrower,2443.0,635.4,2453.25,626.0,trail_tail,4.0,positive,51.35659646043534,1.0,False,False,False
VS005006,AD003027,FA001,T1,validation,cash_collected,2081.2,1144.7,2081.2,1144.7,checkin,,positive,72.21379715816086,1.0,False,False,False
VS005007,AD002231,FA001,T1,train,met_borrower,2630.5,1450.1,2630.5,1450.1,checkin,,positive,55.93411302595224,1.0,False,False,False
VS005008,AD000066,FA003,T1,validation,address_not_traceable,871.8,-393.6,855.5,-402.5,trail_tail,2.0,negative,,1.0,False,False,False
VS005009,AD002067,FA003,T1,train,met_borrower,840.1,-682.1,840.1,-682.1,checkin,,positive,64.52941189876132,1.0,False,False,False
VS005010,AD000366,FA003,T1,train,address_not_traceable,1658.6,457.5,1647.3333333333333,454.3333333333333,trail_tail,3.0,negative,,1.0,False,False,False
VS005011,AD001444,FA003,T1,validation,locked_premises,769.5,-257.8,755.3333333333334,-285.6666666666667,trail_tail,3.0,positive,35.42149770972424,1.0,False,False,False
VS005012,AD002257,FA003,T1,train,address_not_traceable,231.9,2506.7,231.9,2506.7,checkin,,negative,,1.0,False,False,False
VS005013,AD001088,FA003,T1,test,met_family,1276.3,-209.3,1336.997760622311,-223.7661028935117,dwell,3.0,positive,43.784186643124954,1.0,False,False,False
VS005014,AD003041,FA003,T1,test,locked_premises,783.6,-216.0,741.3333333333334,-217.33333333333334,trail_tail,3.0,positive,35.432894321519946,1.0,False,False,False
VS005015,AD002097,FA003,T1,train,address_not_traceable,1298.8,-142.3,1298.8,-142.3,checkin,,negative,,1.0,False,False,False
VS005016,AD002727,FA003,T1,train,met_borrower,823.7,159.2,823.7,159.2,checkin,,positive,57.6444489955451,1.0,False,False,False
VS005017,AD000302,FA003,T1,train,address_not_traceable,1139.7,-443.2,1139.7,-443.2,checkin,,negative,,1.0,False,False,False
VS005018,AD000743,FA002,T1,test,address_not_traceable,-1986.3,-2239.4,-1992.0,-2238.5,trail_tail,2.0,negative,,1.0,False,False,False
VS005019,AD003083,FA002,T1,train,locked_premises,-1375.5,-2705.4,-1384.3333333333333,-2714.1666666666665,trail_tail,6.0,positive,31.590227919405706,1.0,False,False,False
VS005020,AD003010,FA002,T1,train,locked_premises,-1095.8,-3061.3,-1106.0,-3097.5,trail_tail,2.0,positive,42.73104843085408,1.0,False,False,False
VS005021,AD002217,FA002,T1,test,locked_premises,-856.8,-3079.7,-856.8,-3079.7,checkin,,positive,33.38895775552153,1.0,False,False,False
VS005022,AD000812,FA002,T1,train,met_borrower,-1221.6,-2755.3,-1221.6,-2755.3,checkin,,positive,61.21292755619523,1.0,False,False,False
VS005023,AD000837,FA002,T1,train,address_not_traceable,-1697.7,-2419.8,-1692.6666666666667,-2420.3333333333335,trail_tail,3.0,negative,,1.0,False,False,False
VS005024,AD000975,FA004,T2,train,address_not_traceable,-735.4,-553.2,-734.0,-550.5,trail_tail,2.0,negative,,1.1098606920552958,False,False,False
VS005025,AD002027,FA004,T2,test,locked_premises,-383.8,-622.1,-384.0,-625.0,trail_tail,3.0,positive,34.65898764394694,1.1098606920552958,False,False,False
VS005026,AD000579,FA004,T2,train,neighbour_says_shifted,-419.0,-613.0,-413.0966333448236,-620.7570378030564,dwell,2.0,positive,21.59641756784093,1.1098606920552958,False,False,False
VS005027,AD002489,FA004,T2,train,no_such_person,-381.5,-376.9,-381.5,-376.9,checkin,,positive,57.8755372104225,1.1098606920552958,False,False,False
VS005028,AD002907,FA004,T2,validation,no_such_person,1177.4,2995.4,1177.4,2995.4,checkin,,positive,109.16956705477259,1.1098606920552958,False,False,False
VS005029,AD000105,FA004,T2,test,met_family,-678.1,-58.7,-683.3333333333334,-66.33333333333333,trail_tail,3.0,positive,37.46145660791648,1.1098606920552958,False,False,False
VS005030,AD002719,FA004,T2,train,address_not_traceable,-501.1,-453.0,-496.0,-454.5,trail_tail,2.0,negative,,1.1098606920552958,False,False,False
VS005031,AD001168,FA004,T2,validation,address_not_traceable,-475.2,-520.3,-475.2,-520.3,checkin,,negative,,1.1098606920552958,False,False,False
VS005032,AD000386,FA005,T2,train,met_borrower,1348.1,160.5,1345.7115177000937,155.6629691613074,dwell,,positive,53.14955314957972,1.0,False,False,False
VS005033,AD002531,FA005,T2,test,met_family,1110.1,48.3,1110.1,48.3,checkin,,positive,33.45840701527793,1.0,False,False,False
VS005034,AD002357,FA005,T2,test,met_family,1036.6,330.0,1036.6,330.0,checkin,,positive,32.59417125806391,1.0,False,False,False
VS005035,AD001577,FA005,T2,train,no_such_person,913.8,445.8,931.6666666666666,399.0,trail_tail,3.0,positive,51.57867776513858,1.0,False,False,False
VS005036,AD001152,FA005,T2,test,locked_premises,1443.9,388.0,1443.9,388.0,checkin,,positive,57.23244272263762,1.0,False,False,False
VS005037,AD002541,FA005,T2,train,met_family,1274.6,166.9,1284.9700766841245,155.3220733226286,dwell,11.0,positive,31.12318267786893,1.0,False,False,False
VS005038,AD001136,FA005,T2,test,locked_premises,812.2,-240.4,829.0,-277.0,trail_tail,2.0,positive,38.15180205442463,1.0,False,False,False
VS005039,AD001157,FA005,T2,train,locked_premises,-1887.3,-2910.8,-1887.3,-2910.8,checkin,,positive,44.06237056718577,1.0,False,False,False
VS005040,AD001794,FA006,T2,train,met_borrower,949.6,-2926.4,937.0,-2905.0,trail_tail,2.0,positive,51.92244216136218,1.0,False,False,False
VS005041,AD000953,FA006,T2,validation,met_borrower,285.8,-3179.9,206.6,-3171.6,trail_tail,10.0,positive,63.63185130105835,1.0,False,False,False
VS005042,AD002483,FA006,T2,test,neighbour_says_shifted,781.6,-2754.7,781.6,-2754.7,checkin,,positive,42.64237915501437,1.0,False,False,False
VS005043,AD001055,FA006,T2,train,locked_premises,390.8,-3202.7,390.8,-3202.7,checkin,,positive,37.249060390834046,1.0,False,False,False
VS005044,AD002458,FA006,T2,test,address_not_traceable,529.3,-3279.4,529.3,-3279.4,checkin,,negative,,1.0,False,False,False
VS005045,AD002401,FA006,T2,validation,address_not_traceable,547.4,-3029.1,547.4,-3029.1,checkin,,negative,,1.0,False,False,False
VS005046,AD000978,FA007,T3,train,neighbour_says_shifted,-1185.3,-606.9,-1199.3149543831812,-610.7124157080524,dwell,,positive,29.7755493496561,1.3663037714355222,False,False,False
VS005047,AD000099,FA007,T3,train,locked_premises,-331.9,-451.3,-359.5,-428.5,trail_tail,2.0,positive,50.93555904500324,1.3663037714355222,False,False,False
VS005048,AD002708,FA007,T3,train,met_family,-1165.7,-633.7,-1176.7783741895666,-615.7793683599068,dwell,5.0,positive,44.29659235377232,1.3663037714355222,False,False,False
VS005049,AD000348,FA007,T3,train,no_such_person,-826.7,-926.9,-820.25,-943.0,trail_tail,4.0,positive,63.46131711454669,1.3663037714355222,False,False,False
VS005050,AD000915,FA007,T3,train,neighbour_says_shifted,-892.8,-668.4,-740.8528821892993,-771.4306139613121,dwell,,positive,24.63177047042317,1.3663037714355222,False,False,False
VS005051,AD001268,FA007,T3,validation,met_family,-546.4,-818.8,-539.21087477502,-777.6781563599287,dwell,4.0,positive,52.65430551797399,1.3663037714355222,False,False,False
VS005052,AD001293,FA007,T3,train,met_borrower,-938.9,-200.5,-938.9,-200.5,checkin,,positive,94.29847158320898,1.3663037714355222,False,False,False
VS005053,AD000856,FA007,T3,train,met_family,-572.0,-839.6,-577.5686837740042,-866.5270376147167,dwell,,positive,50.756851887774886,1.3663037714355222,False,False,False
VS005054,AD000098,FA009,T3,train,neighbour_says_shifted,-2492.9,1358.7,-2494.0,1359.6666666666667,trail_tail,3.0,positive,15.560366319595431,1.0,False,False,False
VS005055,AD000774,FA009,T3,validation,met_borrower,-2668.6,1726.2,-2672.25,1721.25,trail_tail,4.0,positive,50.77410757462902,1.0,False,False,False
VS005056,AD000954,FA009,T3,validation,address_not_traceable,2345.6,-770.0,2342.0,-778.25,trail_tail,4.0,negative,,1.0,True,True,True
VS005057,AD001687,FA009,T3,train,locked_premises,-3730.6,-793.0,-3741.0,-777.0,trail_tail,2.0,positive,34.300145772285,1.0,True,True,True
VS005058,AD002400,FA009,T3,train,address_not_traceable,-2568.6,1511.4,-2562.3333333333335,1519.0,trail_tail,3.0,negative,,1.0,False,False,False
VS005059,AD000508,FA009,T3,train,met_family,-2014.4,1656.8,-2119.127097758479,1720.4308179791105,dwell,,positive,31.5260209985339,1.0,False,False,False
VS005060,AD002402,FA008,T3,validation,address_not_traceable,1049.1,-3842.1,1068.5,-3842.0,trail_tail,2.0,negative,,1.4612131704915665,False,False,False
VS005061,AD002234,FA008,T3,train,locked_premises,-376.0,-3429.8,-386.6,-3439.6,trail_tail,5.0,positive,45.481536274542485,1.4612131704915665,False,False,False
VS005062,AD001947,FA008,T3,train,address_not_traceable,-312.7,-3741.2,-312.7,-3741.2,checkin,,negative,,1.4612131704915665,False,False,False
VS005063,AD001715,FA008,T3,train,met_borrower,-334.9,-3400.1,-334.5,-3409.0,trail_tail,2.0,positive,73.57269983037224,1.4612131704915665,False,False,False
VS005064,AD002083,FA008,T3,train,locked_premises,-625.0,-3858.3,-413.99030470914124,-3912.5955678670357,dwell,,positive,52.36492414690441,1.4612131704915665,False,False,False
VS005065,AD001382,FA008,T3,validation,met_family,-447.3,-3356.9,-390.0,-3392.0,trail_tail,2.0,positive,68.56165727495272,1.4612131704915665,False,False,False
VS005066,AD000999,FA008,T3,train,neighbour_says_shifted,-40.5,-3534.5,-33.60921348698409,-3535.6607190856867,dwell,3.0,positive,30.450259089136953,1.4612131704915665,False,False,False
VS005067,AD000785,FA003,T1,test,neighbour_says_shifted,2449.3,-2260.5,2441.082967690467,-2256.1041084962103,dwell,6.0,positive,17.040980018766543,1.0,False,False,False
VS005068,AD002691,FA003,T1,train,met_borrower,3175.4,-2013.5,3187.0,-2086.5,trail_tail,2.0,positive,63.12204448526679,1.0,False,False,False
VS005069,AD000193,FA003,T1,train,address_not_traceable,1850.4,-1620.8,1849.6666666666667,-1617.0,trail_tail,3.0,negative,,1.0,False,False,False
VS005070,AD000287,FA003,T1,test,met_borrower,2780.6,-2380.6,2773.122550097666,-2372.9950884499676,dwell,,positive,50.91728586639315,1.0,False,False,False
VS005071,AD001372,FA003,T1,train,met_family,3006.0,-2507.8,2994.0,-2504.0,trail_tail,3.0,positive,36.54107278118693,1.0,False,False,False
VS005072,AD000529,FA003,T1,test,locked_premises,2800.5,-2099.8,2809.3333333333335,-2092.6666666666665,trail_tail,3.0,positive,32.244728251297154,1.0,False,False,False
VS005073,AD000589,FA003,T1,test,met_borrower,1536.6,1204.7,1539.8333333333333,1207.0,trail_tail,6.0,positive,50.62521604892171,1.0,False,False,False
VS005074,AD000733,FA002,T1,test,locked_premises,2826.8,-2290.5,2826.8,-2290.5,checkin,,positive,55.77779576139592,1.0,False,False,False
VS005075,AD002457,FA002,T1,train,locked_premises,400.5,2287.3,400.5,2287.3,checkin,,positive,36.366124346704865,1.0,False,False,False
VS005076,AD001336,FA002,T1,train,met_family,2715.0,-1803.5,2695.8608696238266,-1801.5970505537514,dwell,3.0,positive,33.671241438355075,1.0,False,False,False
VS005077,AD001579,FA002,T1,validation,address_not_traceable,2688.2,-2271.7,2688.2,-2271.7,checkin,,negative,,1.0,False,False,False
VS005078,AD000316,FA002,T1,train,met_borrower,2396.0,-2145.6,2397.6666666666665,-2146.6666666666665,trail_tail,6.0,positive,50.996960693751156,1.0,False,False,False
VS005079,AD001354,FA002,T1,train,locked_premises,2964.4,-1947.0,2964.4,-1947.0,checkin,,positive,31.756574122534058,1.0,False,False,False
VS005080,AD002607,FA002,T1,train,address_not_traceable,-1927.2,1191.6,-1918.5,1184.5,trail_tail,2.0,negative,,1.0,False,False,False
VS005081,AD000389,FA002,T1,train,met_family,2872.4,-1777.0,2827.6666666666665,-1774.6666666666667,trail_tail,3.0,positive,40.57696390810926,1.0,False,False,False
VS005082,AD002623,FA002,T1,test,neighbour_says_shifted,2912.9,-1791.4,2907.8533793319743,-1794.6608122941825,dwell,7.0,positive,18.802725866214185,1.0,False,False,False
VS005083,AD002461,FA002,T1,train,met_family,2504.5,-2326.7,2481.466694421316,-2348.5,dwell,7.0,positive,34.36342532402732,1.0,False,False,False
VS005084,AD001702,FA001,T1,train,met_borrower,2465.9,-2257.0,2457.5384615384614,-2259.3846153846152,trail_tail,13.0,positive,50.47764356623633,1.0,False,False,False
VS005085,AD000963,FA001,T1,validation,no_such_person,1568.4,-2035.9,1560.0,-2023.75,trail_tail,4.0,positive,46.31956929851574,1.0,False,False,False
VS005086,AD001818,FA001,T1,train,address_not_traceable,121.8,-204.0,130.5,-207.5,trail_tail,2.0,negative,,1.0,False,False,False
VS005087,AD000753,FA001,T1,validation,met_family,2910.6,-2618.9,2910.6,-2618.9,checkin,,positive,31.01374695195664,1.0,False,False,False
VS005088,AD001324,FA001,T1,train,met_borrower,2641.6,-1927.4,2631.4,-1928.3,trail_tail,10.0,positive,50.82607598467542,1.0,False,False,False
VS005089,AD000504,FA001,T1,validation,neighbour_says_shifted,2927.8,-2067.1,2932.3333333333335,-2068.3333333333335,dwell,6.0,positive,15.705492669763654,1.0,False,False,False
VS005090,AD000100,FA001,T1,train,neighbour_says_shifted,2857.8,-2080.6,2857.8,-2080.6,checkin,,positive,30.954967291211997,1.0,False,False,False
VS005091,AD001387,FA001,T1,train,neighbour_says_shifted,3329.6,-1990.7,3329.6,-1990.7,checkin,,positive,21.05166264217628,1.0,False,False,False
VS005092,AD001246,FA001,T1,train,address_not_traceable,2756.9,-2515.5,2756.9,-2515.5,checkin,,negative,,1.0,False,False,False
VS005093,AD000539,FA004,T2,train,neighbour_says_shifted,2580.7,-1024.6,2579.755667506297,-1025.8942065491183,dwell,7.0,positive,17.91565786421859,1.1098606920552958,False,False,False
VS005094,AD002973,FA004,T2,train,locked_premises,1148.5,-2172.2,1158.3333333333333,-2175.3333333333335,trail_tail,3.0,positive,35.0189189480591,1.1098606920552958,False,False,False
VS005095,AD002576,FA004,T2,train,address_not_traceable,1386.2,-2231.6,1386.2,-2231.6,checkin,,negative,,1.1098606920552958,False,False,False
VS005096,AD001495,FA004,T2,train,met_borrower,1275.4,-1859.8,1258.0,-1847.6666666666667,trail_tail,3.0,positive,58.259229637757485,1.1098606920552958,False,False,False
VS005097,AD002574,FA004,T2,train,address_not_traceable,1830.5,-2250.1,1844.0,-2242.0,trail_tail,3.0,negative,,1.1098606920552958,False,False,False
VS005098,AD001013,FA004,T2,train,no_such_person,1364.4,-2025.1,1336.75,-2068.25,trail_tail,4.0,positive,59.63157146449029,1.1098606920552958,False,False,False
VS005099,AD002059,FA004,T2,train,locked_premises,1204.9,-2021.9,1204.9,-2021.9,checkin,,positive,36.296093071420465,1.1098606920552958,False,False,False
VS005100,AD001713,FA004,T2,train,locked_premises,1721.2,-2060.1,1728.5,-2055.75,trail_tail,4.0,positive,34.47475464870796,1.1098606920552958,False,False,False
VS005101,AD000756,FA005,T2,train,met_borrower,1449.7,-2235.2,1469.0,-2240.3333333333335,trail_tail,3.0,positive,55.39289214330662,1.0,False,False,False
VS005102,AD000336,FA005,T2,train,met_family,1158.2,-2028.8,1155.6315789473683,-2025.9924812030076,dwell,5.0,positive,30.583165303807256,1.0,False,False,False
VS005103,AD001528,FA005,T2,validation,met_borrower,1229.5,-2561.4,1235.0817299212717,-2561.1229060002197,dwell,,positive,51.11127566398632,1.0,False,False,False
VS005104,AD000600,FA005,T2,validation,locked_premises,1760.5,-2435.6,1763.6,-2433.4,trail_tail,5.0,positive,31.54207507441449,1.0,False,False,False
VS005105,AD000866,FA005,T2,train,no_such_person,1754.9,-2115.2,1734.6666666666667,-2124.3333333333335,trail_tail,6.0,positive,49.015941284443386,1.0,False,False,False
VS005106,AD002294,FA005,T2,validation,met_family,1166.9,-1877.6,1137.0,-1865.0,trail_tail,2.0,positive,44.038420725543745,1.0,False,False,False
VS005107,AD002066,FA006,T2,train,address_not_traceable,1536.4,-1989.7,1536.4,-1989.7,checkin,,negative,,1.0,False,False,False
VS005108,AD002136,FA006,T2,train,locked_premises,1703.2,-2365.9,1703.2,-2365.9,checkin,,positive,43.06114838227145,1.0,False,False,False
VS005109,AD001694,FA006,T2,test,met_family,1733.9,-2212.5,1753.7582461329935,-2197.729148342163,dwell,4.0,positive,34.507318064433804,1.0,False,False,False
VS005110,AD001731,FA006,T2,train,met_borrower,1277.6,-1940.5,1277.6,-1940.5,checkin,,positive,58.709816044678576,1.0,False,False,False
VS005111,AD002657,FA006,T2,train,address_not_traceable,1335.9,-2006.3,1344.3333333333333,-2011.0,trail_tail,3.0,negative,,1.0,False,False,False
VS005112,AD001149,FA006,T2,train,locked_premises,1638.1,-1617.0,1656.0,-1613.6666666666667,trail_tail,3.0,positive,34.72121109638892,1.0,False,False,False
VS005113,AD001178,FA006,T2,train,address_not_traceable,1470.3,-2101.0,1478.5,-2099.0,trail_tail,2.0,negative,,1.0,False,False,False
VS005114,AD000107,FA007,T3,train,address_not_traceable,3586.4,289.1,3588.5,284.0,trail_tail,2.0,negative,,1.3663037714355222,False,False,False
VS005115,AD001466,FA007,T3,train,met_borrower,3622.6,-26.5,3633.8333333333335,-21.333333333333332,trail_tail,6.0,positive,71.1074483309208,1.3663037714355222,False,False,False
VS005116,AD001845,FA007,T3,test,address_not_traceable,3760.8,361.5,3757.3333333333335,360.0,trail_tail,3.0,negative,,1.3663037714355222,False,False,False
VS005117,AD002676,FA007,T3,train,met_borrower,3681.6,471.6,3681.6,471.6,checkin,,positive,69.92672758209659,1.3663037714355222,False,False,False
VS005118,AD000342,FA007,T3,validation,met_family,3573.3,-42.8,3558.913241337252,-36.98509082012899,dwell,,positive,45.06053474004857,1.3663037714355222,False,False,False
VS005119,AD001524,FA007,T3,train,locked_premises,4232.2,159.9,4232.4,163.2,trail_tail,5.0,positive,42.216409809366986,1.3663037714355222,False,False,False
VS005120,AD002139,FA008,T3,validation,locked_premises,-553.8,3095.6,-550.0,3102.0,trail_tail,2.0,positive,46.77114881688115,1.4612131704915665,False,False,False
VS005121,AD002603,FA008,T3,train,address_not_traceable,2473.9,905.2,2492.5,912.0,trail_tail,2.0,negative,,1.4612131704915665,False,False,False
VS005122,AD001176,FA008,T3,train,address_not_traceable,3540.5,0.3,3522.0,5.0,trail_tail,2.0,negative,,1.4612131704915665,False,False,False
VS005123,AD003055,FA008,T3,validation,locked_premises,3890.6,687.3,3890.6,687.3,checkin,,positive,50.52655618767415,1.4612131704915665,False,False,False
VS005124,AD000433,FA008,T3,train,address_not_traceable,2245.7,1082.1,2245.7,1082.1,checkin,,negative,,1.4612131704915665,False,False,False
VS005125,AD002737,FA008,T3,train,met_borrower,3585.6,220.7,3574.5,207.5,trail_tail,2.0,positive,78.8426066118646,1.4612131704915665,False,False,False
VS005126,AD001885,FA008,T3,train,address_not_traceable,115.9,-141.7,115.9,-141.7,checkin,,negative,,1.4612131704915665,False,False,False
VS005127,AD000230,FA008,T3,validation,address_not_traceable,3607.8,616.2,3607.8,616.2,checkin,,negative,,1.4612131704915665,False,False,False
VS005128,AD000142,FA008,T3,train,met_family,4217.2,596.1,3981.719829117672,778.0839353692581,dwell,,positive,47.27566601991745,1.4612131704915665,False,False,False
VS005129,AD001040,FA009,T3,train,locked_premises,2327.5,-783.5,2328.5,-774.0,trail_tail,6.0,positive,31.89882442974976,1.0,True,True,True
VS005130,AD002614,FA009,T3,validation,neighbour_says_shifted,666.3,-820.3,666.3,-820.3,checkin,,positive,22.309302992249677,1.0,False,False,False
VS005131,AD000239,FA009,T3,train,neighbour_says_shifted,990.2,-713.2,1069.8508771929826,-664.8771929824562,dwell,,positive,16.741565040341953,1.0,False,False,False
VS005132,AD001197,FA009,T3,train,met_family,-3696.2,-784.8,-3708.5909090909095,-771.9090909090909,dwell,6.0,positive,32.49892305907998,1.0,True,True,True
VS005133,AD000787,FA009,T3,train,address_not_traceable,-3726.8,-762.3,-3716.992,-770.9088,dwell,,negative,,1.0,True,True,True
VS005134,AD000570,FA009,T3,train,no_such_person,615.4,-909.1,612.0,-917.5,trail_tail,2.0,positive,48.15072688963272,1.0,False,False,False
VS005135,AD000426,FA009,T3,train,locked_premises,2328.5,-728.5,2330.5,-751.5,trail_tail,2.0,positive,37.52552464656557,1.0,True,True,True
VS005136,AD002901,FA009,T3,train,locked_premises,-3706.5,-765.8,-3722.3333333333335,-783.5,trail_tail,6.0,positive,34.604371111176114,1.0,False,True,True
VS005137,AD000569,FA001,T1,test,locked_premises,2670.1,-2052.7,2870.4784688995214,-2126.4784688995214,dwell,,positive,30.3813265016523,1.0,False,False,False
VS005138,AD002537,FA001,T1,train,met_borrower,2732.5,-2409.6,2747.9918553510342,-2394.3588532334256,dwell,,positive,53.93554023090897,1.0,False,False,False
VS005139,AD001770,FA001,T1,train,met_family,2504.6,-2352.9,2509.0437716345773,-2353.9430681618787,dwell,3.0,positive,32.20252319306672,1.0,False,False,False
VS005140,AD002925,FA001,T1,train,locked_premises,2616.0,-1912.4,2616.0,-1912.4,checkin,,positive,30.7138405283351,1.0,False,False,False
VS005141,AD001231,FA001,T1,test,neighbour_says_shifted,2914.5,-2195.6,2993.0362092480973,-2164.5937348761495,dwell,,positive,18.980582182852046,1.0,False,False,False
VS005142,AD001100,FA001,T1,train,met_borrower,2912.3,-2532.1,2904.75,-2551.0,trail_tail,4.0,positive,52.16871667963475,1.0,False,False,False
VS005143,AD002125,FA001,T1,test,met_borrower,1211.1,-251.7,1233.75,-247.83333333333334,trail_tail,12.0,positive,52.15184560492563,1.0,False,False,False
VS005144,AD001104,FA001,T1,test,address_not_traceable,2057.5,1489.6,2057.5,1489.6,checkin,,negative,,1.0,False,False,False
VS005145,AD000322,FA001,T1,train,met_borrower,3075.0,-2146.8,3075.0,-2146.8,checkin,,positive,52.85281449459432,1.0,False,False,False
VS005146,AD000169,FA001,T1,test,address_not_traceable,2736.2,-1863.7,2747.0,-1858.6666666666667,trail_tail,3.0,negative,,1.0,False,False,False
VS005147,AD002154,FA002,T1,train,met_borrower,751.0,-2701.3,751.1111111111111,-2684.1111111111113,trail_tail,9.0,positive,51.18654608390765,1.0,False,False,False
VS005148,AD000062,FA002,T1,test,address_not_traceable,431.8,-3012.0,431.8,-3012.0,checkin,,negative,,1.0,False,False,False
VS005149,AD000369,FA002,T1,validation,met_borrower,709.1,-3249.6,709.1,-3249.6,checkin,,positive,57.33927537037766,1.0,False,False,False
VS005150,AD001151,FA002,T1,train,met_family,683.0,-2930.4,667.7677782028085,-2921.325399172205,dwell,6.0,positive,31.52982714827343,1.0,False,False,False
VS005151,AD000286,FA002,T1,test,met_borrower,409.3,-3322.0,410.2307692307692,-3325.230769230769,trail_tail,13.0,positive,50.30877160098426,1.0,False,False,False
VS005152,AD002993,FA002,T1,train,locked_premises,270.4,-2711.5,270.4,-2711.5,checkin,,positive,50.13883225604682,1.0,False,False,False
VS005153,AD002393,FA002,T1,train,met_borrower,363.2,-3069.7,363.2,-3069.7,checkin,,positive,52.92912714186772,1.0,False,False,False
VS005154,AD002090,FA002,T1,train,met_borrower,1210.5,-3079.6,1210.5,-3079.6,checkin,,positive,50.182193056900175,1.0,False,False,False
VS005155,AD002825,FA002,T1,validation,locked_premises,745.8,-3140.7,745.8,-3140.7,checkin,,positive,31.886870338746007,1.0,False,False,False
VS005156,AD000971,FA002,T1,train,met_borrower,748.7,-3010.7,815.5,-2984.0,trail_tail,2.0,positive,63.2916661180601,1.0,False,False,False
VS005157,AD002904,FA003,T1,train,address_not_traceable,2761.0,-1886.1,2761.0,-1886.1,checkin,,negative,,1.0,False,False,False
VS005158,AD002247,FA003,T1,test,met_family,2684.3,-1830.9,2666.7961567080783,-1765.5241749032602,dwell,3.0,positive,47.475414690132034,1.0,False,False,False
VS005159,AD000475,FA003,T1,train,met_family,2583.9,-2231.3,2585.700934579439,-2240.2803738317757,dwell,8.0,positive,30.92030077473372,1.0,False,False,False
VS005160,AD000699,FA003,T1,train,met_family,3198.9,-2017.4,3204.660870935331,-2025.4846553738512,dwell,3.0,positive,32.21773579878014,1.0,False,False,False
VS005161,AD001554,FA003,T1,train,cash_collected,2656.6,-2168.5,2627.1666666666665,-2176.5,trail_tail,6.0,positive,68.88688191520936,1.0,False,False,False
VS005162,AD002404,FA003,T1,train,neighbour_says_shifted,3066.9,-1958.7,3069.4,-1956.2,trail_tail,5.0,positive,16.567287044051593,1.0,False,False,False
VS005163,AD002673,FA003,T1,train,locked_premises,2607.9,-2315.8,2614.4,-2325.4,trail_tail,5.0,positive,32.34428079274601,1.0,False,False,False
VS005164,AD002341,FA005,T2,train,met_family,-748.1,2702.4,-754.8048780487804,2722.2195121951218,dwell,,positive,35.1110025490586,1.0,False,False,False
VS005165,AD002112,FA005,T2,test,met_family,-358.9,3297.1,-363.6945230136282,3281.8038056055543,dwell,2.0,positive,32.20007763965794,1.0,False,False,False
VS005166,AD002166,FA005,T2,train,no_such_person,-973.3,3057.1,-973.3,3057.1,checkin,,positive,51.62378327864007,1.0,False,False,False
VS005167,AD001662,FA005,T2,validation,met_family,-478.4,3159.2,-476.7771404141833,3167.8071852303365,dwell,6.0,positive,31.03449693486267,1.0,False,False,False
VS005168,AD000088,FA005,T2,validation,met_family,-487.4,3139.8,-475.0,3162.0,trail_tail,2.0,positive,41.4446618999359,1.0,False,False,False
VS005169,AD001135,FA005,T2,test,met_borrower,-743.6,2926.0,-736.9320987654321,2920.586419753087,dwell,,positive,55.341666039251116,1.0,False,False,False
VS005170,AD000017,FA005,T2,train,locked_premises,-1022.1,3006.8,-1022.1,3006.8,checkin,,positive,34.2361285778635,1.0,False,False,False
VS005171,AD000039,FA005,T2,train,address_not_traceable,-321.3,2623.7,-321.3,2623.7,checkin,,negative,,1.0,False,False,False
VS005172,AD000284,FA005,T2,train,neighbour_says_shifted,-438.9,3062.1,-443.2910447761194,3062.462686567164,dwell,6.0,positive,16.440650838698573,1.0,False,False,False
VS005173,AD002323,FA005,T2,train,address_not_traceable,-390.7,2178.5,-378.5,2176.5,trail_tail,2.0,negative,,1.0,False,False,False
VS005174,AD002728,FA004,T2,train,locked_premises,771.9,3009.0,767.0,2985.3333333333335,trail_tail,3.0,positive,38.07651243243719,1.1098606920552958,False,False,False
VS005175,AD000918,FA004,T2,validation,locked_premises,2021.5,1946.3,2135.6609657947683,1706.93661971831,dwell,,positive,33.665113687830996,1.1098606920552958,False,False,False
VS005176,AD000902,FA004,T2,train,met_family,755.2,2993.1,770.7571505325369,2982.7057299073986,dwell,,positive,37.80379232723372,1.1098606920552958,False,False,False
VS005177,AD002206,FA004,T2,train,met_family,1040.8,2916.3,1038.783060557236,2918.49844060642,dwell,11.0,positive,33.65061196234979,1.1098606920552958,False,False,False
VS005178,AD003098,FA004,T2,train,met_borrower,759.0,3081.3,759.2,3082.4,trail_tail,5.0,positive,56.21006141110923,1.1098606920552958,False,False,False
VS005179,AD002702,FA004,T2,validation,met_borrower,310.1,-3226.4,304.09090909090907,-3232.2727272727275,trail_tail,11.0,positive,56.008419078359864,1.1098606920552958,False,False,False
VS005180,AD002264,FA004,T2,train,met_family,891.9,2387.2,892.0900592735724,2402.908413191634,dwell,,positive,35.76615410333454,1.1098606920552958,False,False,False
VS005181,AD000376,FA004,T2,train,address_not_traceable,2038.7,1795.6,2038.7,1795.6,checkin,,negative,,1.1098606920552958,False,False,False
VS005182,AD002798,FA004,T2,train,met_borrower,1344.8,2753.9,1354.3333333333333,2759.3333333333335,trail_tail,12.0,positive,55.999181274571676,1.1098606920552958,False,False,False
VS005183,AD001584,FA006,T2,test,neighbour_says_shifted,1265.8,-1979.6,1265.8,-1979.6,checkin,,positive,23.938462774372123,1.0,False,False,False
VS005184,AD000443,FA006,T2,train,met_family,1785.5,-1794.1,1752.0,-1803.0,trail_tail,2.0,positive,39.573033747742926,1.0,False,False,False
VS005185,AD000598,FA006,T2,validation,locked_premises,1620.6,-2321.2,1599.6666666666667,-2322.6666666666665,trail_tail,3.0,positive,34.06156191368797,1.0,False,False,False
VS005186,AD001996,FA006,T2,train,met_family,1738.9,-1917.1,1639.7894982713458,-1769.057770472244,dwell,,positive,31.503412513567476,1.0,False,False,False
VS005187,AD002440,FA006,T2,train,address_not_traceable,1933.2,-1293.3,1933.2,-1293.3,checkin,,negative,,1.0,False,False,False
VS005188,AD002007,FA006,T2,train,met_family,1174.8,-2127.3,1174.8,-2127.3,checkin,,positive,37.96804577536219,1.0,False,False,False
VS005189,AD002277,FA006,T2,validation,met_family,1954.8,-2123.0,1924.7465234666006,-2094.104233921033,dwell,5.0,positive,38.694314827891695,1.0,False,False,False
VS005190,AD001857,FA006,T2,validation,met_borrower,1650.4,-2230.1,1650.1666666666667,-2230.6666666666665,trail_tail,6.0,positive,50.69706599005508,1.0,False,False,False
VS005191,AD001741,FA006,T2,validation,met_borrower,1605.9,-1873.1,1573.0,-1865.5,trail_tail,10.0,positive,53.58166664074571,1.0,False,False,False
VS005192,AD001637,FA006,T2,train,address_not_traceable,273.2,-3136.9,273.2,-3136.9,checkin,,negative,,1.0,False,False,False
VS005193,AD001170,FA009,T3,validation,locked_premises,2338.2,-789.9,2336.5,-791.0,trail_tail,2.0,positive,31.241198760610956,1.0,True,True,True
VS005194,AD002230,FA009,T3,train,met_borrower,3387.8,-1834.6,3395.8571428571427,-1818.857142857143,trail_tail,7.0,positive,51.06711270475352,1.0,False,False,False
VS005195,AD002471,FA009,T3,validation,locked_premises,2312.9,-754.2,2312.9,-754.2,checkin,,positive,34.50684714661714,1.0,True,True,True
VS005196,AD001481,FA009,T3,train,met_family,2316.9,-765.4,2316.9,-765.4,checkin,,positive,38.48379529100526,1.0,True,True,True
VS005197,AD002153,FA009,T3,train,met_family,3301.1,-1910.4,3444.655404370605,-1750.8282589211788,dwell,,positive,34.94556481157515,1.0,False,False,False
VS005198,AD001078,FA009,T3,train,neighbour_says_shifted,2951.9,-2004.1,2948.3005483505963,-2045.7669074767168,dwell,5.0,positive,28.692246339385875,1.0,False,False,False
VS005199,AD002566,FA008,T3,train,met_family,-2605.9,-80.4,-2628.394214035756,-96.28465391430966,dwell,,positive,50.39051403507163,1.4612131704915665,False,False,False
VS005200,AD002233,FA008,T3,train,address_not_traceable,-2532.8,-557.4,-2532.8,-557.4,checkin,,negative,,1.4612131704915665,False,False,False
VS005201,AD000617,FA008,T3,train,met_family,-2937.9,195.0,-2976.55378020265,-24.62120031176929,dwell,,positive,46.828234638246954,1.4612131704915665,False,False,False
VS005202,AD000727,FA008,T3,train,locked_premises,-2611.8,-419.1,-2688.1769988442143,-484.6299951927503,dwell,,positive,46.06189163203404,1.4612131704915665,False,False,False
VS005203,AD000197,FA008,T3,validation,met_borrower,-2675.6,-138.4,-2676.916570882107,-137.2243657529586,dwell,,positive,75.28495843744757,1.4612131704915665,False,False,False
VS005204,AD001333,FA008,T3,train,address_not_traceable,-2468.7,-114.8,-2456.5,-114.0,trail_tail,2.0,negative,,1.4612131704915665,False,False,False
VS005205,AD001868,FA008,T3,train,locked_premises,-2197.9,-216.2,-2227.0,-161.5,trail_tail,2.0,positive,74.12863453486338,1.4612131704915665,False,False,False
VS005206,AD000631,FA008,T3,train,locked_premises,-2865.4,50.1,-2863.299168209861,-145.1006333063914,dwell,,positive,50.29275187542647,1.4612131704915665,False,False,False
VS005207,AD002068,FA007,T3,train,address_not_traceable,-2162.2,1669.2,-2162.0,1677.5,trail_tail,2.0,negative,,1.3663037714355222,False,False,False
VS005208,AD001212,FA007,T3,test,neighbour_says_shifted,-2962.3,1333.3,-2965.116104690037,1345.39822332601,dwell,,positive,28.883189916463202,1.3663037714355222,False,False,False
VS005209,AD001872,FA007,T3,train,address_not_traceable,-3099.4,-132.1,-3106.3333333333335,-132.0,trail_tail,3.0,negative,,1.3663037714355222,False,False,False
VS005210,AD001578,FA007,T3,train,met_borrower,-2282.5,1704.6,-2282.5,1704.6,checkin,,positive,72.2029494576546,1.3663037714355222,False,False,False
VS005211,AD001436,FA007,T3,train,locked_premises,-2310.6,1242.6,-2310.6,1242.6,checkin,,positive,54.108561992110545,1.3663037714355222,False,False,False
VS005212,AD002023,FA007,T3,train,met_family,-2772.9,1761.8,-2775.359570891022,1750.1093489252382,dwell,2.0,positive,44.7403988216824,1.3663037714355222,False,False,False
VS005213,AD000779,FA001,T1,train,met_family,1991.9,689.4,2201.794811060923,847.2855201792074,dwell,,positive,30.567670830470544,1.0,False,False,False
VS005214,AD001408,FA001,T1,train,neighbour_says_shifted,2570.5,854.3,2629.204918032787,931.704918032787,dwell,,positive,16.21712058289017,1.0,False,False,False
VS005215,AD000668,FA001,T1,train,locked_premises,2325.3,929.2,2324.0,920.6666666666666,trail_tail,3.0,positive,33.10577744140742,1.0,False,False,False
VS005216,AD000669,FA001,T1,train,met_borrower,2252.6,615.2,2256.6923076923076,620.6923076923077,trail_tail,13.0,positive,50.33189843429314,1.0,False,False,False
VS005217,AD001208,FA001,T1,train,locked_premises,1596.3,-1026.8,1596.3,-1026.8,checkin,,positive,44.78105067994723,1.0,False,False,False
VS005218,AD000111,FA001,T1,train,neighbour_says_shifted,2809.4,954.3,2809.4,954.3,checkin,,positive,23.578644999236076,1.0,False,False,False
VS005219,AD000195,FA001,T1,train,locked_premises,2070.8,1351.1,2071.2,1355.8,trail_tail,5.0,positive,30.434396659043532,1.0,False,False,False
VS005220,AD002029,FA001,T1,train,met_borrower,2696.7,1476.3,2696.7,1476.3,checkin,,positive,54.927179064648854,1.0,False,False,False
VS005221,AD001130,FA003,T1,test,met_family,-754.0,-3319.2,-765.0,-3325.6666666666665,trail_tail,3.0,positive,33.57171428449849,1.0,False,False,False
VS005222,AD002814,FA003,T1,train,neighbour_says_shifted,-876.9,-3538.8,-880.9375390381012,-3546.5121798875703,dwell,6.0,positive,17.313650683781255,1.0,False,False,False
VS005223,AD001033,FA003,T1,train,no_such_person,-1335.5,-3373.6,-1347.6666666666667,-3352.0,trail_tail,3.0,positive,47.69394615671887,1.0,False,False,False
VS005224,AD001651,FA003,T1,train,locked_premises,-603.4,-2923.5,-603.4,-2923.5,checkin,,positive,30.36202397733063,1.0,False,False,False
VS005225,AD000561,FA003,T1,validation,locked_premises,-637.1,-3108.0,-634.0,-3114.5,trail_tail,2.0,positive,30.85226896032122,1.0,False,False,False
VS005226,AD001239,FA003,T1,train,met_borrower,-700.5,-3049.2,-724.5,-3103.3,trail_tail,10.0,positive,59.57577108187527,1.0,False,False,False
VS005227,AD000467,FA003,T1,train,met_family,-894.9,-3286.7,-881.0522352941177,-3312.019294117647,dwell,4.0,positive,37.66145244145533,1.0,False,False,False
VS005228,AD002142,FA003,T1,train,met_borrower,-841.8,-3218.5,-848.9,-3171.1,trail_tail,10.0,positive,55.35903268663571,1.0,False,False,False
VS005229,AD001546,FA003,T1,train,met_family,-1282.3,-3534.8,-1280.0,-3540.6666666666665,trail_tail,3.0,positive,32.29508476533231,1.0,False,False,False
VS005230,AD001361,FA003,T1,train,locked_premises,-442.6,-2771.0,-442.6,-2771.0,checkin,,positive,30.625806111839733,1.0,False,False,False
VS005231,AD002767,FA002,T1,validation,address_not_traceable,-2195.5,1595.1,-2195.5,1595.1,checkin,,negative,,1.0,False,False,False
VS005232,AD000251,FA002,T1,train,met_borrower,-1288.1,709.0,-1284.3638933383586,703.7409022568712,dwell,,positive,51.10100292557867,1.0,False,False,False
VS005233,AD002967,FA002,T1,train,met_borrower,-1249.1,11.5,-1247.3,-2.6,trail_tail,10.0,positive,50.543792892896356,1.0,False,False,False
VS005234,AD001788,FA002,T1,train,met_borrower,-1355.2,609.3,-1332.8333333333333,614.5833333333334,trail_tail,12.0,positive,52.28845474863453,1.0,False,False,False
VS005235,AD001490,FA002,T1,train,address_not_traceable,-1194.8,391.9,-1194.8,391.9,checkin,,negative,,1.0,False,False,False
VS005236,AD002792,FA002,T1,train,met_borrower,-1053.9,932.7,-1053.9,932.7,checkin,,positive,58.50158117521269,1.0,False,False,False
VS005237,AD003020,FA002,T1,test,address_not_traceable,-381.5,-1444.3,-376.0,-1432.6666666666667,trail_tail,3.0,negative,,1.0,False,False,False
VS005238,AD002353,FA002,T1,train,address_not_traceable,-1100.4,431.3,-1099.6666666666667,434.0,trail_tail,3.0,negative,,1.0,False,False,False
VS005239,AD001318,FA006,T2,train,no_such_person,1173.8,-249.6,1202.5,-262.25,trail_tail,4.0,positive,50.43897302681727,1.0,False,False,False
VS005240,AD002197,FA006,T2,validation,locked_premises,876.3,-289.9,888.3333333333334,-275.0,trail_tail,3.0,positive,32.34601984788855,1.0,False,False,False
VS005241,AD000980,FA006,T2,validation,met_family,1344.7,-2.1,1344.7,-2.1,checkin,,positive,37.13805326077283,1.0,False,False,False
VS005242,AD000178,FA006,T2,validation,neighbour_says_shifted,1113.4,169.5,1104.0,171.66666666666666,trail_tail,3.0,positive,18.388923296376024,1.0,False,False,False
VS005243,AD000358,FA006,T2,validation,neighbour_says_shifted,682.9,-142.0,682.9,-142.0,checkin,,positive,39.577045114561045,1.0,False,False,False
VS005244,AD003106,FA006,T2,train,locked_premises,1416.8,199.1,1416.8,199.1,checkin,,positive,38.98977430044958,1.0,False,False,False
VS005245,AD000565,FA006,T2,train,met_family,1413.7,219.7,1477.3333333333333,219.0,trail_tail,3.0,positive,44.485222265377054,1.0,False,False,False
VS005246,AD002704,FA006,T2,train,neighbour_says_shifted,911.4,119.6,905.0,103.5,trail_tail,2.0,positive,20.12883503832251,1.0,False,False,False
VS005247,AD000151,FA004,T2,train,met_borrower,-736.8,3319.7,-736.8,3319.7,checkin,,positive,65.03340927172566,1.1098606920552958,False,False,False
VS005248,AD000768,FA004,T2,test,neighbour_says_shifted,2699.0,-1620.9,2644.0,-1598.5,trail_tail,2.0,positive,40.25066298836173,1.1098606920552958,False,False,False
VS005249,AD001855,FA004,T2,train,locked_premises,2395.7,-1221.9,2395.7,-1221.9,checkin,,positive,41.1155828896621,1.1098606920552958,False,False,False
VS005250,AD002540,FA004,T2,train,met_family,2470.1,-1592.3,2480.1560795209225,-1588.2639283635885,dwell,3.0,positive,35.25472095241603,1.1098606920552958,False,False,False
VS005251,AD001134,FA004,T2,train,address_not_traceable,1072.0,-3240.4,1091.5,-3247.0,trail_tail,2.0,negative,,1.1098606920552958,False,False,False
VS005252,AD002111,FA004,T2,train,no_such_person,3046.9,-1199.0,3046.9,-1199.0,checkin,,positive,59.129774890155645,1.1098606920552958,False,False,False
VS005253,AD002126,FA004,T2,validation,neighbour_says_shifted,2230.1,-1535.1,2245.258426966292,-1539.2808988764043,dwell,6.0,positive,20.84071926393356,1.1098606920552958,False,False,False
VS005254,AD003077,FA004,T2,train,met_family,2933.1,-1541.8,2933.1,-1541.8,checkin,,positive,37.3134851055635,1.1098606920552958,False,False,False
VS005255,AD002584,FA005,T2,train,no_such_person,1981.2,2072.8,1969.0,2072.1666666666665,trail_tail,6.0,positive,46.05301293075188,1.0,False,False,False
VS005256,AD002568,FA005,T2,validation,address_not_traceable,3065.6,540.8,3061.5,528.5,trail_tail,2.0,negative,,1.0,False,False,False
VS005257,AD002634,FA005,T2,validation,address_not_traceable,785.8,-3136.9,785.8,-3136.9,checkin,,negative,,1.0,False,False,False
VS005258,AD000962,FA005,T2,validation,address_not_traceable,2212.7,2035.7,2212.7,2035.7,checkin,,negative,,1.0,False,False,False
VS005259,AD001631,FA005,T2,validation,neighbour_says_shifted,2692.7,478.9,2692.7,478.9,checkin,,positive,28.028289280653595,1.0,False,False,False
VS005260,AD003038,FA005,T2,train,locked_premises,3316.0,761.7,3316.0,761.7,checkin,,positive,32.66974900423938,1.0,False,False,False
VS005261,AD000957,FA005,T2,validation,met_borrower,2861.0,64.4,2783.2936139860776,134.20711837175497,dwell,,positive,51.32572454432572,1.0,False,False,False
VS005262,AD000603,FA005,T2,train,address_not_traceable,3133.4,839.1,3133.4,839.1,checkin,,negative,,1.0,False,False,False
VS005263,AD001338,FA005,T2,validation,met_family,2849.9,632.9,2852.4253997022456,627.6274839795456,dwell,5.0,positive,32.089172628785555,1.0,False,False,False
VS005264,AD002261,FA005,T2,train,neighbour_says_shifted,2664.4,178.8,2675.2509467809446,243.7841339445884,dwell,4.0,positive,38.33536226514625,1.0,False,False,False
VS005265,AD002102,FA009,T3,train,locked_premises,2960.7,-1820.6,2956.0,-1811.5,trail_tail,2.0,positive,31.52336435090645,1.0,False,False,False
VS005266,AD002044,FA009,T3,train,met_family,3215.6,-2156.0,3215.6,-2156.0,checkin,,positive,42.33828055082068,1.0,False,False,False
VS005267,AD001706,FA009,T3,validation,address_not_traceable,3453.5,-2500.5,3454.0,-2501.6666666666665,trail_tail,3.0,negative,,1.0,False,False,False
VS005268,AD000031,FA009,T3,train,met_family,2977.6,-2461.8,2970.1404494382023,-2451.2022471910113,dwell,6.0,positive,31.5513866573246,1.0,False,False,False
VS005269,AD001802,FA009,T3,validation,met_borrower,3253.9,-1721.0,3262.6,-1714.2,trail_tail,5.0,positive,52.17894690389984,1.0,False,False,False
VS005270,AD001116,FA009,T3,train,locked_premises,3102.8,-1885.7,3120.0,-1946.5,trail_tail,2.0,positive,43.9543228818281,1.0,False,False,False
VS005271,AD000272,FA007,T3,train,locked_premises,-2374.7,-544.0,-2367.0228217295694,-524.9205711219369,dwell,,positive,44.69677509610618,1.3663037714355222,False,False,False
VS005272,AD002590,FA007,T3,train,address_not_traceable,-2553.2,-193.5,-2553.2,-193.5,checkin,,negative,,1.3663037714355222,False,False,False
VS005273,AD001982,FA007,T3,train,no_such_person,-2578.9,-521.9,-2578.9,-521.9,checkin,,positive,78.42506287253171,1.3663037714355222,False,False,False
VS005274,AD000592,FA007,T3,test,address_not_traceable,-3899.7,-650.6,-3911.5,-630.5,trail_tail,2.0,negative,,1.3663037714355222,False,False,False
VS005275,AD000159,FA007,T3,train,neighbour_says_shifted,-2836.8,-111.6,-2841.6534758029443,-105.03155867552961,dwell,4.0,positive,25.824948497013818,1.3663037714355222,False,False,False
VS005276,AD001269,FA007,T3,train,met_family,-2970.7,-210.4,-2970.7,-210.4,checkin,,positive,55.570490343361826,1.3663037714355222,False,False,False
VS005277,AD000605,FA007,T3,train,met_family,-2596.7,-457.9,-2644.3333333333335,-494.6666666666667,trail_tail,3.0,positive,60.09383917807619,1.3663037714355222,False,False,False
VS005278,AD002181,FA007,T3,train,met_family,-2281.0,-104.7,-2281.0,-104.7,checkin,,positive,59.19458857762744,1.3663037714355222,False,False,False
VS005279,AD001437,FA007,T3,train,met_family,-2430.5,-591.1,-2431.9698186656155,-625.1207253375381,dwell,,positive,52.22900571722168,1.3663037714355222,False,False,False
VS005280,AD002033,FA007,T3,train,locked_premises,-2897.4,-529.4,-2897.4,-529.4,checkin,,positive,43.58787422443441,1.3663037714355222,False,False,False
VS005281,AD002997,FA008,T3,train,address_not_traceable,3278.8,-2021.1,3267.5,-1974.0,trail_tail,2.0,negative,,1.4612131704915665,False,False,False
VS005282,AD001569,FA008,T3,train,met_borrower,3388.0,-1378.0,3388.0,-1378.0,checkin,,positive,73.68543210420114,1.4612131704915665,False,False,False
VS005283,AD002988,FA008,T3,validation,address_not_traceable,3236.1,-1837.7,3246.0,-1839.3333333333333,trail_tail,3.0,negative,,1.4612131704915665,False,False,False
VS005284,AD002380,FA008,T3,test,met_borrower,3084.3,-2430.3,3065.5,-2434.0,trail_tail,2.0,positive,76.0674090855241,1.4612131704915665,False,False,False
VS005285,AD001272,FA008,T3,train,met_borrower,3101.3,-2159.4,3101.3,-2159.4,checkin,,positive,78.91298604024082,1.4612131704915665,False,False,False
VS005286,AD002635,FA008,T3,train,locked_premises,3222.7,-2027.9,3222.7,-2027.9,checkin,,positive,49.82254816260364,1.4612131704915665,False,False,False
VS005287,AD002321,FA008,T3,train,locked_premises,3512.3,-2091.4,3512.3,-2091.4,checkin,,positive,58.631849891857435,1.4612131704915665,False,False,False
VS005288,AD002862,FA008,T3,validation,no_such_person,3352.0,-1846.4,3352.0,-1846.4,checkin,,positive,72.19117716596766,1.4612131704915665,False,False,False
VS005289,AD002467,FA008,T3,test,met_family,2974.3,-2037.7,2972.7358553573135,-2040.0702700124034,dwell,3.0,positive,44.5498710729614,1.4612131704915665,False,False,False
VS005290,AD001433,FA001,T1,train,met_borrower,2723.7,-2461.4,2731.25,-2469.75,trail_tail,4.0,positive,52.09033019668814,1.0,False,False,False
VS005291,AD000955,FA001,T1,train,no_such_person,3139.1,-1917.6,3144.1666666666665,-1916.3333333333333,trail_tail,6.0,positive,45.35683520705562,1.0,False,False,False
VS005292,AD001746,FA001,T1,train,met_family,2957.8,-2252.8,2957.8,-2252.8,checkin,,positive,74.3933464766843,1.0,False,False,False
VS005293,AD001649,FA001,T1,train,address_not_traceable,2846.4,-2025.9,2848.6666666666665,-2022.6666666666667,trail_tail,3.0,negative,,1.0,False,False,False
VS005294,AD000920,FA001,T1,train,met_borrower,-1281.3,472.7,-1288.7455239382157,474.1761315038561,dwell,,positive,58.53498953617401,1.0,False,False,False
VS005295,AD000623,FA001,T1,test,locked_premises,2219.0,1241.0,2219.0,1241.0,checkin,,positive,42.93786207998717,1.0,False,False,False
VS005296,AD001479,FA001,T1,test,met_borrower,2920.1,-2493.8,2920.1,-2493.8,checkin,,positive,51.34639714721959,1.0,False,False,False
VS005297,AD001224,FA001,T1,train,address_not_traceable,2705.0,-2242.5,2705.0,-2230.0,trail_tail,2.0,negative,,1.0,False,False,False
VS005298,AD000524,FA001,T1,validation,met_family,2603.9,-1663.0,2605.8604871875987,-1662.0578930718127,dwell,8.0,positive,30.969541488372084,1.0,False,False,False
VS005299,AD000608,FA003,T1,train,met_family,926.9,-3348.1,920.2896171282512,-3349.1841603847706,dwell,5.0,positive,32.086523650903665,1.0,False,False,False
VS005300,AD001083,FA003,T1,train,neighbour_says_shifted,785.6,-3272.6,785.6,-3272.6,checkin,,positive,29.54471187877792,1.0,False,False,False
VS005301,AD002624,FA003,T1,validation,met_borrower,518.3,-3473.3,528.4,-3472.2,trail_tail,5.0,positive,51.194579791223994,1.0,False,False,False
VS005302,AD000936,FA003,T1,train,met_borrower,1088.7,-3078.1,1008.2992792843323,-2968.7104658010603,dwell,,positive,50.537461352940944,1.0,False,False,False
VS005303,AD002061,FA003,T1,train,locked_premises,781.7,-3005.1,778.75,-2996.0,trail_tail,4.0,positive,31.186776043701595,1.0,False,False,False
VS005304,AD002928,FA003,T1,train,locked_premises,1161.5,-3158.8,1152.5,-3181.0,trail_tail,2.0,positive,33.54344198200295,1.0,False,False,False
VS005305,AD001087,FA003,T1,train,locked_premises,923.1,-2685.5,984.0,-2664.6666666666665,trail_tail,3.0,positive,44.42099728731897,1.0,False,False,False
VS005306,AD000129,FA002,T1,train,locked_premises,3068.4,-2063.0,3068.4,-2063.0,checkin,,positive,32.2015527575923,1.0,False,False,False
VS005307,AD001256,FA002,T1,train,neighbour_says_shifted,3301.8,-1981.7,3312.041535860903,-1992.2100941801496,dwell,8.0,positive,18.010899477816167,1.0,False,False,False
VS005308,AD000652,FA002,T1,train,locked_premises,2825.2,-2261.4,2825.2,-2261.4,checkin,,positive,35.50000000000003,1.0,False,False,False
VS005309,AD003004,FA002,T1,train,met_borrower,403.0,2295.9,424.76425269645614,2289.460708782743,dwell,,positive,53.70616817461474,1.0,False,False,False
VS005310,AD002530,FA002,T1,train,address_not_traceable,2984.9,-2219.5,2994.5,-2219.0,trail_tail,2.0,negative,,1.0,False,False,False
VS005311,AD001105,FA002,T1,test,met_borrower,2809.5,-2276.8,2809.5,-2276.8,checkin,,positive,55.013293847941874,1.0,False,False,False
VS005312,AD000363,FA002,T1,train,address_not_traceable,2581.9,-2761.2,2580.5,-2753.0,trail_tail,2.0,negative,,1.0,False,False,False
VS005313,AD002911,FA002,T1,train,met_borrower,2902.8,-2214.3,2903.8780600723785,-2208.7170298392884,dwell,,positive,52.341403305605,1.0,False,False,False
VS005314,AD002306,FA002,T1,train,met_family,2798.1,-2050.8,2796.1645028086755,-2009.7119526803317,dwell,5.0,positive,39.69650488393158,1.0,False,False,False
VS005315,AD002419,FA002,T1,train,locked_premises,2769.9,-2321.9,2769.9,-2321.9,checkin,,positive,31.920134711495194,1.0,False,False,False
VS005316,AD002669,FA004,T2,train,address_not_traceable,-845.5,675.6,-845.5,675.6,checkin,,negative,,1.1098606920552958,False,False,False
VS005317,AD003015,FA004,T2,test,met_family,968.7,2674.4,971.8912792528072,2454.7573722321335,dwell,,positive,37.368244754500644,1.1098606920552958,False,False,False
VS005318,AD000792,FA004,T2,train,met_family,990.6,2527.0,990.6,2527.0,checkin,,positive,66.67427487514684,1.1098606920552958,False,False,False
VS005319,AD003060,FA004,T2,train,met_family,891.2,2712.0,854.6354679802955,2781.9064039408863,dwell,,positive,49.489956405813516,1.1098606920552958,False,False,False
VS005320,AD000049,FA004,T2,train,met_borrower,751.4,2396.0,755.75,2394.4166666666665,trail_tail,12.0,positive,55.93719908960822,1.1098606920552958,False,False,False
VS005321,AD000027,FA004,T2,validation,address_not_traceable,1433.7,2444.5,1436.3333333333333,2453.3333333333335,trail_tail,3.0,negative,,1.1098606920552958,False,False,False
VS005322,AD003065,FA004,T2,train,met_family,681.3,2846.9,703.5,2871.5,trail_tail,2.0,positive,43.029472222721594,1.1098606920552958,False,False,False
VS005323,AD001923,FA004,T2,train,locked_premises,939.9,2926.1,939.9,2926.1,checkin,,positive,48.01805582425058,1.1098606920552958,False,False,False
VS005324,AD001752,FA006,T2,train,neighbour_says_shifted,1457.1,-2257.8,1466.491628255976,-2267.5460606710258,dwell,7.0,positive,17.781240114232737,1.0,False,False,False
VS005325,AD002821,FA006,T2,validation,met_borrower,1593.2,-1833.9,1593.2,-1833.9,checkin,,positive,50.74004828535345,1.0,False,False,False
VS005326,AD002661,FA006,T2,train,locked_premises,1789.1,-1775.2,1789.1,-1775.2,checkin,,positive,65.88021326620002,1.0,False,False,False
VS005327,AD000173,FA006,T2,train,met_borrower,1473.4,-2373.8,1442.5330050892535,-2345.657898877571,dwell,,positive,56.42029776596367,1.0,False,False,False
VS005328,AD001833,FA006,T2,test,locked_premises,1418.9,-2360.7,1538.3333333333333,-2416.6666666666665,trail_tail,3.0,positive,81.00601829493905,1.0,False,False,False
VS005329,AD001380,FA006,T2,test,met_borrower,1424.6,-1911.3,1401.460272563641,-1891.2121367960917,dwell,,positive,57.72358703337829,1.0,False,False,False
VS005330,AD000223,FA006,T2,validation,met_borrower,1938.0,-2134.9,1938.0,-2134.9,checkin,,positive,63.689500704590216,1.0,False,False,False
VS005331,AD002966,FA005,T2,train,locked_premises,423.1,2543.2,407.0,2577.5,trail_tail,2.0,positive,37.24718110139348,1.0,False,False,False
VS005332,AD001937,FA005,T2,test,met_family,730.4,3079.0,742.4317386231038,3085.9054842473743,dwell,9.0,positive,31.227071588607217,1.0,False,False,False
VS005333,AD001589,FA005,T2,train,locked_premises,677.5,3091.6,677.5,3091.6,checkin,,positive,42.129591737874705,1.0,False,False,False
VS005334,AD001430,FA005,T2,validation,locked_premises,1289.3,2883.3,1287.0,2873.8,trail_tail,5.0,positive,30.985238420899726,1.0,False,False,False
VS005335,AD000676,FA005,T2,train,address_not_traceable,1386.2,-1458.0,1386.2,-1458.0,checkin,,negative,,1.0,False,False,False
VS005336,AD002533,FA005,T2,train,address_not_traceable,860.1,2859.1,860.1,2859.1,checkin,,negative,,1.0,False,False,False
VS005337,AD000711,FA005,T2,train,address_not_traceable,640.1,2348.2,637.0,2374.5,trail_tail,2.0,negative,,1.0,False,False,False
VS005338,AD000079,FA009,T3,test,address_not_traceable,-3729.3,-757.5,-3740.0634664204936,-759.0666974382644,dwell,,negative,,1.0,True,True,True
VS005339,AD000639,FA009,T3,train,met_family,1235.0,-1210.3,1089.9660563484576,-962.7918114119955,dwell,,positive,30.960983511510097,1.0,False,False,False
VS005340,AD001128,FA009,T3,train,locked_premises,-3735.8,-753.5,-3735.8,-753.5,checkin,,positive,34.806213525748525,1.0,True,True,True
VS005341,AD000451,FA009,T3,validation,locked_premises,-3739.3,-779.5,-3738.1111111111113,-774.3333333333334,trail_tail,9.0,positive,30.288529181853647,1.0,False,True,True
VS005342,AD002562,FA009,T3,train,met_borrower,-3741.8,-755.7,-3741.8,-755.7,checkin,,positive,56.358872415973686,1.0,False,True,True
VS005343,AD002157,FA009,T3,train,locked_premises,807.8,-800.0,807.8,-800.0,checkin,,positive,49.089815644387976,1.0,False,False,False
VS005344,AD000155,FA009,T3,train,locked_premises,2310.3,-791.1,2322.3333333333335,-771.0,trail_tail,3.0,positive,34.72643085604968,1.0,True,True,True
VS005345,AD000347,FA009,T3,validation,address_not_traceable,1226.5,-2164.9,1234.5,-2172.5,trail_tail,2.0,negative,,1.0,False,False,False
VS005346,AD000596,FA009,T3,train,met_family,690.5,-702.0,683.2923447860156,-704.8585493269037,dwell,7.0,positive,30.742519415298414,1.0,False,False,False
VS005347,AD002445,FA009,T3,train,no_such_person,845.1,-706.9,845.1,-706.9,checkin,,positive,45.42702939880617,1.0,False,False,False
VS005348,AD002096,FA007,T3,validation,met_borrower,3583.0,629.0,3583.0,629.0,checkin,,positive,71.49842962516931,1.3663037714355222,False,False,False
VS005349,AD001352,FA007,T3,validation,locked_premises,3942.4,270.4,3936.5,285.0,trail_tail,2.0,positive,43.226621134146264,1.3663037714355222,False,False,False
VS005350,AD000645,FA007,T3,train,no_such_person,3622.1,-78.5,3622.1,-78.5,checkin,,positive,91.40944944438269,1.3663037714355222,False,False,False
VS005351,AD002311,FA007,T3,test,address_not_traceable,2543.3,-1438.5,2543.3,-1438.5,checkin,,negative,,1.3663037714355222,False,False,False
VS005352,AD003088,FA007,T3,train,address_not_traceable,3437.8,-2165.1,3437.8,-2165.1,checkin,,negative,,1.3663037714355222,False,False,False
VS005353,AD002551,FA007,T3,train,address_not_traceable,2988.9,-2187.1,2986.5,-2223.0,trail_tail,2.0,negative,,1.3663037714355222,False,False,False
VS005354,AD001122,FA007,T3,train,locked_premises,3405.1,496.1,3389.3333333333335,512.0,trail_tail,3.0,positive,47.7701497077772,1.3663037714355222,False,False,False
VS005355,AD002248,FA007,T3,train,address_not_traceable,-218.6,-405.8,-218.6,-405.8,checkin,,negative,,1.3663037714355222,False,False,False
VS005356,AD000411,FA007,T3,train,address_not_traceable,3738.9,420.2,3737.0,434.6666666666667,trail_tail,3.0,negative,,1.3663037714355222,False,False,False
VS005357,AD000252,FA007,T3,validation,address_not_traceable,3630.9,561.3,3638.0,563.3333333333334,trail_tail,3.0,negative,,1.3663037714355222,False,False,False
VS005358,AD001520,FA008,T3,train,met_family,-632.4,-3711.5,-632.4,-3711.5,checkin,,positive,60.788794900132935,1.4612131704915665,False,False,False
VS005359,AD002932,FA008,T3,test,neighbour_says_shifted,-598.4,-3446.3,-607.4118966535586,-3439.679207343012,dwell,2.0,positive,26.817242890233228,1.4612131704915665,False,False,False
VS005360,AD000576,FA008,T3,train,met_borrower,-529.8,-3722.7,-506.0,-3699.0,trail_tail,5.0,positive,77.81330572458977,1.4612131704915665,False,False,False
VS005361,AD000607,FA008,T3,train,neighbour_says_shifted,-761.6,-3907.4,-838.5,-3853.0,trail_tail,4.0,positive,72.61979547370079,1.4612131704915665,False,False,False
VS005362,AD001386,FA008,T3,train,neighbour_says_shifted,-428.7,-3387.4,-400.214173142764,-3399.550404869301,dwell,3.0,positive,41.930007779463736,1.4612131704915665,False,False,False
VS005363,AD001219,FA008,T3,train,address_not_traceable,-574.2,-3614.9,-588.6666666666666,-3612.6666666666665,trail_tail,3.0,negative,,1.4612131704915665,False,False,False
VS005364,AD000627,FA008,T3,train,locked_premises,-637.2,-3804.2,-637.2,-3804.2,checkin,,positive,82.3743292003318,1.4612131704915665,False,False,False
VS005365,AD000632,FA008,T3,train,neighbour_says_shifted,-881.5,-3853.7,-881.8534554537886,-3850.912572855954,dwell,5.0,positive,24.906077373851442,1.4612131704915665,False,False,False
VS005366,AD002518,FA008,T3,train,address_not_traceable,33.0,-3382.9,33.0,-3382.9,checkin,,negative,,1.4612131704915665,False,False,False
VS005367,AD002722,FA008,T3,train,cash_collected,-895.9,-3796.2,-895.9,-3796.2,checkin,,positive,96.09098794565246,1.4612131704915665,False,False,False
VS005368,AD001107,FA003,T1,train,address_not_traceable,1270.5,-1565.6,1270.5,-1565.6,checkin,,negative,,1.0,False,False,False
VS005369,AD002332,FA003,T1,train,met_borrower,3126.2,-2061.2,3122.25,-2073.125,trail_tail,8.0,positive,51.93274496885371,1.0,False,False,False
VS005370,AD001567,FA003,T1,validation,locked_premises,3036.8,-2120.7,3036.8,-2120.7,checkin,,positive,33.67035045852657,1.0,False,False,False
VS005371,AD001420,FA003,T1,train,met_borrower,-2042.0,-2085.1,-2042.0,-2085.1,checkin,,positive,53.72999627768459,1.0,False,False,False
VS005372,AD003030,FA003,T1,train,met_family,2881.0,-1954.9,2856.087543269154,-1946.6766577868527,dwell,5.0,positive,35.67986126654643,1.0,False,False,False
VS005373,AD000541,FA003,T1,train,locked_premises,2644.1,-2445.8,2589.6666666666665,-2479.3333333333335,trail_tail,3.0,positive,46.32291549546503,1.0,False,False,False
VS005374,AD001276,FA003,T1,test,met_family,2377.4,-2214.7,2383.6470588235293,-2211.7647058823527,dwell,3.0,positive,34.177807126847675,1.0,False,False,False
VS005375,AD001960,FA003,T1,validation,met_family,2650.5,-2041.7,2597.2,-2072.2,trail_tail,5.0,positive,43.93000113817435,1.0,False,False,False
VS005376,AD000563,FA003,T1,test,address_not_traceable,2533.3,-2085.6,2533.3,-2085.6,checkin,,negative,,1.0,False,False,False
VS005377,AD001045,FA002,T1,train,met_borrower,2650.3,1459.9,2650.3,1459.9,checkin,,positive,54.6888014130864,1.0,False,False,False
VS005378,AD000970,FA002,T1,train,met_borrower,2685.2,1435.8,2694.513196864967,1454.4956813758379,dwell,,positive,53.119017310187516,1.0,False,False,False
VS005379,AD002593,FA002,T1,train,locked_premises,2344.3,1228.2,2344.3,1228.2,checkin,,positive,33.65698293073815,1.0,False,False,False
VS005380,AD002744,FA002,T1,test,locked_premises,2132.9,802.8,2141.0,843.5,trail_tail,2.0,positive,37.67044597559207,1.0,False,False,False
VS005381,AD001870,FA002,T1,test,address_not_traceable,1488.9,1571.1,1480.0,1569.0,trail_tail,3.0,negative,,1.0,False,False,False
VS005382,AD000656,FA002,T1,train,address_not_traceable,2516.5,775.7,2516.5,775.7,checkin,,negative,,1.0,False,False,False
VS005383,AD002938,FA002,T1,validation,met_borrower,2123.4,979.5,2128.4,991.9,trail_tail,10.0,positive,50.691838593604004,1.0,False,False,False
VS005384,AD003035,FA002,T1,train,met_family,2367.1,1404.9,2335.4107195908923,1450.709109947644,dwell,6.0,positive,41.214014606684415,1.0,False,False,False
VS005385,AD001570,FA002,T1,validation,met_family,2746.5,1165.7,2622.438503153301,1233.5509459903756,dwell,,positive,30.85117501814153,1.0,False,False,False
VS005386,AD000987,FA002,T1,train,address_not_traceable,2524.0,1078.1,2524.0,1078.1,checkin,,negative,,1.0,False,False,False
VS005387,AD001240,FA001,T1,train,neighbour_says_shifted,1317.5,-255.5,1336.2513261967536,-220.97563609796387,dwell,6.0,positive,24.67316355881426,1.0,False,False,False
VS005388,AD000488,FA001,T1,train,neighbour_says_shifted,1213.0,200.9,1213.0,200.9,checkin,,positive,29.13009612067904,1.0,False,False,False
VS005389,AD000788,FA001,T1,train,address_not_traceable,1251.4,-299.0,1251.4,-299.0,checkin,,negative,,1.0,False,False,False
VS005390,AD002882,FA001,T1,train,locked_premises,1196.5,-328.7,1201.0,-326.3333333333333,trail_tail,3.0,positive,31.204566973441565,1.0,False,False,False
VS005391,AD000247,FA001,T1,validation,neighbour_says_shifted,818.4,-568.4,817.6304311357154,-579.5567857741989,dwell,5.0,positive,16.21018198540658,1.0,False,False,False
VS005392,AD001035,FA001,T1,train,met_borrower,794.6,-336.8,811.1,-348.8,trail_tail,10.0,positive,50.9785248903889,1.0,False,False,False
VS005393,AD002062,FA001,T1,validation,locked_premises,901.9,-88.1,901.9,-88.1,checkin,,positive,30.975232041100195,1.0,False,False,False
VS005394,AD001882,FA001,T1,train,met_borrower,710.9,-3006.0,696.8,-2997.8,trail_tail,5.0,positive,52.63546807999335,1.0,False,False,False
VS005395,AD000846,FA006,T2,train,neighbour_says_shifted,-1854.7,-3284.3,-1862.6666666666667,-3258.6666666666665,trail_tail,3.0,positive,20.794109742905583,1.0,False,False,False
VS005396,AD001647,FA006,T2,train,met_family,-1641.6,-2900.5,-1642.1561299439186,-2908.8558370254796,dwell,9.0,positive,30.510858722756392,1.0,False,False,False
VS005397,AD000379,FA006,T2,train,met_family,-1951.3,-2489.1,-1947.4109791654537,-2483.168914242193,dwell,6.0,positive,31.504523484731518,1.0,False,False,False
VS005398,AD002132,FA006,T2,validation,address_not_traceable,2193.5,1909.6,2193.5,1909.6,checkin,,negative,,1.0,False,False,False
VS005399,AD002723,FA006,T2,train,locked_premises,-950.6,-2691.4,-950.6,-2691.4,checkin,,positive,34.168552793467875,1.0,False,False,False
VS005400,AD000194,FA006,T2,train,neighbour_says_shifted,-1251.3,-2795.5,-1238.4385964912278,-2813.1228070175434,dwell,4.0,positive,19.754619712867154,1.0,False,False,False
VS005401,AD001447,FA006,T2,validation,met_borrower,-1323.4,-2857.0,-1331.6666666666667,-2867.6666666666665,trail_tail,12.0,positive,50.8490904540091,1.0,False,False,False
VS005402,AD002794,FA005,T2,validation,address_not_traceable,1799.3,-2484.9,1800.0,-2487.0,trail_tail,2.0,negative,,1.0,False,False,False
VS005403,AD002074,FA005,T2,train,met_family,1810.2,-1674.8,1754.737825986614,-1657.1375490422338,dwell,,positive,37.584172200542085,1.0,False,False,False
VS005404,AD003044,FA005,T2,train,no_such_person,1200.8,-2555.6,1200.8,-2555.6,checkin,,positive,48.967438160475574,1.0,False,False,False
VS005405,AD001397,FA005,T2,train,locked_premises,1711.8,-1668.0,1711.8,-1668.0,checkin,,positive,35.79804463933749,1.0,False,False,False
VS005406,AD000897,FA005,T2,train,locked_premises,1606.0,-2536.8,1606.0,-2536.8,checkin,,positive,31.117519181322916,1.0,False,False,False
VS005407,AD002466,FA005,T2,train,locked_premises,1838.0,-2110.7,1856.8333333333333,-2106.6666666666665,trail_tail,6.0,positive,33.09505250033604,1.0,False,False,False
VS005408,AD002953,FA004,T2,train,address_not_traceable,506.9,-1330.7,506.9,-1330.7,checkin,,negative,,1.1098606920552958,False,False,False
VS005409,AD001503,FA004,T2,train,neighbour_says_shifted,2870.9,-1495.9,2895.2106990482444,-1487.6609780111585,dwell,,positive,24.385763555998032,1.1098606920552958,False,False,False
VS005410,AD001683,FA004,T2,validation,met_family,2587.3,-1431.5,2709.9158221261205,-1383.074675760752,dwell,,positive,40.61142395405735,1.1098606920552958,False,False,False
VS005411,AD001549,FA004,T2,validation,locked_premises,2293.1,-1317.5,2296.8,-1308.0,trail_tail,5.0,positive,35.434898981757776,1.1098606920552958,False,False,False
VS005412,AD002431,FA004,T2,test,neighbour_says_shifted,2853.8,-1207.7,2853.8,-1207.7,checkin,,positive,24.98499547099696,1.1098606920552958,False,False,False
VS005413,AD002878,FA004,T2,train,locked_premises,2465.6,-710.0,2463.3333333333335,-707.3333333333334,trail_tail,3.0,positive,34.64827947493087,1.1098606920552958,False,False,False
VS005414,AD000407,FA004,T2,train,neighbour_says_shifted,2357.3,-728.4,2430.308724832215,-767.2240222170794,dwell,,positive,54.09477977478797,1.1098606920552958,False,False,False
VS005415,AD001450,FA004,T2,test,neighbour_says_shifted,2345.8,-1143.1,2483.861575178998,-1053.7601431980906,dwell,,positive,19.863173425962092,1.1098606920552958,False,False,False
VS005416,AD000324,FA008,T3,train,met_family,-2573.2,1699.7,-2646.209871131423,1715.9691806897038,dwell,,positive,79.54681977449819,1.4612131704915665,False,False,False
VS005417,AD000869,FA008,T3,train,met_borrower,-2050.4,1548.1,-2051.1335690977585,1561.2629620958464,dwell,,positive,74.52262378628899,1.4612131704915665,False,False,False
VS005418,AD002756,FA008,T3,train,met_family,-2549.1,1423.3,-2545.6666666666665,1415.0,trail_tail,3.0,positive,52.10664448513749,1.4612131704915665,False,False,False
VS005419,AD002696,FA008,T3,validation,locked_premises,-2559.8,1225.6,-2559.5,1236.0,trail_tail,2.0,positive,45.04970206939465,1.4612131704915665,False,False,False
VS005420,AD001734,FA008,T3,validation,met_family,-2900.8,1419.2,-2903.357837837838,1421.3740540540539,dwell,7.0,positive,44.47540208605222,1.4612131704915665,False,False,False
VS005421,AD002143,FA008,T3,train,met_borrower,-2595.3,1386.1,-2613.929957671954,1348.646362855915,dwell,,positive,80.9904339796808,1.4612131704915665,False,False,False
VS005422,AD000401,FA008,T3,train,address_not_traceable,-2306.6,1760.4,-2313.0,1757.0,trail_tail,2.0,negative,,1.4612131704915665,False,False,False
VS005423,AD002334,FA008,T3,train,met_family,-2764.5,1756.2,-2757.376068777059,1697.8592964637335,dwell,4.0,positive,69.00056072785102,1.4612131704915665,False,False,False
VS005424,AD000584,FA009,T3,test,address_not_traceable,2329.7,-792.4,2330.25,-792.625,trail_tail,8.0,negative,,1.0,False,True,True
VS005425,AD001054,FA009,T3,test,address_not_traceable,-353.0,2879.4,-353.0,2879.4,checkin,,negative,,1.0,False,False,False
VS005426,AD003105,FA009,T3,validation,met_borrower,-197.0,3182.0,-162.0,3178.0,trail_tail,2.0,positive,53.3775233595565,1.0,False,False,False
VS005427,AD002880,FA009,T3,train,met_family,-410.1,2949.4,-410.1,2949.4,checkin,,positive,44.77368088509142,1.0,False,False,False
VS005428,AD001621,FA009,T3,test,met_family,-6.9,3267.9,-60.030770207978435,3221.5963678924727,dwell,7.0,positive,45.928259274655744,1.0,False,False,False
VS005429,AD002582,FA009,T3,validation,locked_premises,-3721.5,-777.9,-3732.125,-783.875,trail_tail,8.0,positive,31.55637811916951,1.0,True,True,True
VS005430,AD002889,FA007,T3,test,neighbour_says_shifted,4105.4,81.7,4105.4,81.7,checkin,,positive,35.47190104688986,1.3663037714355222,False,False,False
VS005431,AD000535,FA007,T3,train,locked_premises,3705.8,118.4,3705.0,105.0,trail_tail,3.0,positive,45.06006866810364,1.3663037714355222,False,False,False
VS005432,AD000228,FA007,T3,train,met_borrower,3875.8,-94.5,3814.75,-114.25,trail_tail,4.0,positive,82.28203595958189,1.3663037714355222,False,False,False
VS005433,AD000303,FA007,T3,train,met_borrower,3385.6,626.3,3385.6,626.3,checkin,,positive,79.82035622059944,1.3663037714355222,False,False,False
VS005434,AD002799,FA007,T3,train,locked_premises,3478.9,-6.2,3478.9,-6.2,checkin,,positive,48.361604993752145,1.3663037714355222,False,False,False
VS005435,AD002529,FA007,T3,train,address_not_traceable,1928.9,1042.3,1932.5,1049.0,trail_tail,2.0,negative,,1.3663037714355222,False,False,False
VS005436,AD001001,FA007,T3,train,neighbour_says_shifted,3615.9,595.1,3615.9,595.1,checkin,,positive,36.14034897145631,1.3663037714355222,False,False,False
VS005437,AD001945,FA001,T1,train,neighbour_says_shifted,-2964.7,729.5,-2964.7,729.5,checkin,,positive,30.55478685901774,1.0,False,False,False
VS005438,AD001836,FA001,T1,train,met_family,-2691.2,1426.5,-2703.3333333333335,1432.3333333333333,trail_tail,3.0,positive,31.566794262325722,1.0,False,False,False
VS005439,AD000047,FA001,T1,train,locked_premises,-2233.1,1082.8,-2455.917197452229,1198.6878980891718,dwell,,positive,30.965343531115565,1.0,False,False,False
VS005440,AD000649,FA001,T1,validation,address_not_traceable,-2620.0,925.2,-2629.0,941.6666666666666,trail_tail,3.0,negative,,1.0,False,False,False
VS005441,AD002468,FA001,T1,train,locked_premises,-3045.8,1320.6,-3045.8,1320.6,checkin,,positive,33.87240764988515,1.0,False,False,False
VS005442,AD000497,FA001,T1,train,met_borrower,-2665.6,1742.5,-2665.6,1742.5,checkin,,positive,50.21217481846409,1.0,False,False,False
VS005443,AD001630,FA003,T1,train,met_borrower,571.0,2844.7,574.0,2845.5,trail_tail,2.0,positive,51.284719946588375,1.0,False,False,False
VS005444,AD001516,FA003,T1,train,neighbour_says_shifted,556.5,-2601.8,673.4703557312254,-2631.177865612649,dwell,,positive,16.38207862269009,1.0,False,False,False
VS005445,AD002514,FA003,T1,train,met_borrower,806.3,-3184.3,806.3,-3184.3,checkin,,positive,50.58463205361882,1.0,False,False,False
VS005446,AD003102,FA003,T1,test,locked_premises,1020.5,-3064.4,1008.6666666666666,-3037.0,trail_tail,3.0,positive,34.91364346498373,1.0,False,False,False
VS005447,AD000940,FA003,T1,train,address_not_traceable,574.2,-3059.6,550.5,-3059.0,trail_tail,2.0,negative,,1.0,False,False,False
VS005448,AD000739,FA003,T1,train,met_family,679.3,-3312.6,679.3,-3312.6,checkin,,positive,46.042073150543516,1.0,False,False,False
VS005449,AD000253,FA003,T1,validation,met_borrower,482.8,-2806.0,536.0,-2852.0,trail_tail,2.0,positive,64.70100462898547,1.0,False,False,False
VS005450,AD002116,FA003,T1,train,locked_premises,886.7,-2906.5,833.9896193771626,-3139.6782006920416,dwell,,positive,31.420932513214815,1.0,False,False,False
VS005451,AD000719,FA002,T1,train,neighbour_says_shifted,2733.0,-1750.4,2760.234314980794,-1814.0627400768244,dwell,2.0,positive,43.25540428663217,1.0,False,False,False
VS005452,AD001799,FA002,T1,train,met_family,3187.7,-2186.0,3191.2586427656847,-2187.0230473751603,dwell,4.0,positive,30.804585697587303,1.0,False,False,False
VS005453,AD001174,FA002,T1,test,locked_premises,2570.8,-1957.2,2592.6666666666665,-1911.6666666666667,trail_tail,3.0,positive,38.10524898225963,1.0,False,False,False
VS005454,AD002307,FA002,T1,train,locked_premises,2676.0,-2507.5,2676.0,-2507.5,checkin,,positive,46.570403691615134,1.0,False,False,False
VS005455,AD000360,FA002,T1,test,met_family,3068.2,-2369.4,3068.2,-2369.4,checkin,,positive,32.138139336308825,1.0,False,False,False
VS005456,AD002991,FA002,T1,train,locked_premises,2516.2,-2209.4,2549.5,-2212.0,trail_tail,2.0,positive,41.08844119700822,1.0,False,False,False
VS005457,AD002413,FA002,T1,validation,locked_premises,2969.3,-1913.6,2968.0,-1912.2,trail_tail,5.0,positive,31.19058351490079,1.0,False,False,False
VS005458,AD001034,FA002,T1,train,neighbour_says_shifted,3231.9,-1984.8,3163.0,-2002.0,trail_tail,2.0,positive,37.66726031980563,1.0,False,False,False
VS005459,AD002757,FA002,T1,train,locked_premises,2395.0,-2151.1,2393.75,-2152.75,trail_tail,4.0,positive,30.300206269924963,1.0,False,False,False
VS005460,AD000424,FA006,T2,train,locked_premises,2783.2,545.8,2903.470588235294,328.4117647058824,dwell,,positive,32.510306058233276,1.0,False,False,False
VS005461,AD000290,FA006,T2,train,neighbour_says_shifted,2820.9,142.7,2826.0,143.66666666666666,trail_tail,3.0,positive,16.181007385203173,1.0,False,False,False
VS005462,AD002273,FA006,T2,train,address_not_traceable,2467.1,-943.7,2471.5,-953.0,trail_tail,2.0,negative,,1.0,False,False,False
VS005463,AD001726,FA006,T2,validation,address_not_traceable,571.1,-3095.8,586.0,-3113.6666666666665,trail_tail,3.0,negative,,1.0,False,False,False
VS005464,AD002751,FA006,T2,train,met_borrower,3089.4,473.6,3105.0,459.44444444444446,trail_tail,9.0,positive,52.042002267399354,1.0,False,False,False
VS005465,AD001712,FA006,T2,train,neighbour_says_shifted,3003.7,758.8,3011.985179407176,758.4492979719189,dwell,9.0,positive,16.43692489488228,1.0,False,False,False
VS005466,AD002626,FA006,T2,train,met_borrower,3091.2,486.1,3135.6666666666665,466.0,trail_tail,3.0,positive,55.98993213069653,1.0,False,False,False
VS005467,AD000355,FA004,T2,train,met_family,675.9,-3252.4,692.1460190593299,-3291.5468798032584,dwell,7.0,positive,40.14340961742393,1.1098606920552958,False,False,False
VS005468,AD001493,FA004,T2,train,locked_premises,662.6,-2892.7,664.0,-2903.3333333333335,trail_tail,3.0,positive,35.2225180100063,1.1098606920552958,False,False,False
VS005469,AD000924,FA004,T2,train,locked_premises,497.4,-2723.1,501.4,-2710.2,trail_tail,5.0,positive,35.60720413740506,1.1098606920552958,False,False,False
VS005470,AD001232,FA004,T2,train,cash_collected,375.5,-2977.4,388.42857142857144,-2970.0,trail_tail,7.0,positive,72.92766578003781,1.1098606920552958,False,False,False
VS005471,AD000069,FA004,T2,train,locked_premises,702.2,-3452.9,727.3333333333334,-3435.6666666666665,trail_tail,3.0,positive,41.32904991382849,1.1098606920552958,False,False,False
VS005472,AD001127,FA004,T2,test,met_borrower,175.8,-3728.6,366.5269874802914,-3577.3661442312336,dwell,,positive,57.01822217159962,1.1098606920552958,False,False,False
VS005473,AD001095,FA004,T2,train,address_not_traceable,1010.0,-1745.4,1010.0,-1745.4,checkin,,negative,,1.1098606920552958,False,False,False
VS005474,AD002588,FA004,T2,validation,neighbour_says_shifted,562.0,-3240.9,650.8052814083755,-3295.919285142704,dwell,,positive,18.80362459774591,1.1098606920552958,False,False,False
VS005475,AD001575,FA004,T2,train,met_family,767.6,-2632.7,923.9289813486371,-2681.09612625538,dwell,,positive,37.28409289734488,1.1098606920552958,False,False,False
VS005476,AD002613,FA004,T2,test,locked_premises,723.9,-3568.6,727.7575757575758,-3428.242424242424,dwell,,positive,33.80054271081318,1.1098606920552958,False,False,False
VS005477,AD003013,FA005,T2,train,neighbour_says_shifted,1273.0,-2543.9,1526.1091891891892,-2487.0659459459457,dwell,,positive,16.434795404871934,1.0,False,False,False
VS005478,AD002763,FA005,T2,validation,address_not_traceable,1764.8,-2078.0,1757.3333333333333,-2079.0,trail_tail,3.0,negative,,1.0,False,False,False
VS005479,AD003067,FA005,T2,validation,met_family,1416.2,-1862.4,1416.2,-1862.4,checkin,,positive,36.03623176748648,1.0,False,False,False
VS005480,AD001009,FA005,T2,test,met_family,1639.0,-2308.5,1639.0,-2308.5,checkin,,positive,37.77767197697603,1.0,False,False,False
VS005481,AD001962,FA005,T2,train,met_family,1402.9,-1988.6,1397.1989470767528,-1978.2715433638127,dwell,6.0,positive,32.2813026379048,1.0,False,False,False
VS005482,AD001652,FA005,T2,train,locked_premises,1214.2,-2491.6,1216.6666666666667,-2484.3333333333335,trail_tail,3.0,positive,34.41424123818509,1.0,False,False,False
VS005483,AD002453,FA005,T2,train,met_borrower,1373.7,-1855.5,1373.7,-1855.5,checkin,,positive,52.307695418551944,1.0,False,False,False
VS005484,AD002650,FA005,T2,train,locked_premises,1757.4,-1670.2,1750.0,-1658.5,trail_tail,2.0,positive,34.48854882421121,1.0,False,False,False
VS005485,AD001592,FA005,T2,train,met_borrower,1586.8,-2424.2,1550.5,-2454.5,trail_tail,2.0,positive,57.11374615624511,1.0,False,False,False
VS005486,AD002287,FA005,T2,train,met_borrower,1656.5,-1998.2,1656.5,-1998.2,checkin,,positive,51.204321106719114,1.0,False,False,False
VS005487,AD001521,FA009,T3,validation,locked_premises,-734.5,3326.9,-723.6666666666666,3296.3333333333335,trail_tail,3.0,positive,37.8173901796515,1.0,False,False,False
VS005488,AD000654,FA009,T3,train,address_not_traceable,-859.3,2389.4,-859.3,2389.4,checkin,,negative,,1.0,False,False,False
VS005489,AD000662,FA009,T3,validation,locked_premises,-3734.7,-770.5,-3719.25,-774.25,trail_tail,4.0,positive,33.23319124008405,1.0,True,True,True
VS005490,AD000741,FA009,T3,test,no_such_person,-830.9,2870.9,-853.0,2850.5,trail_tail,2.0,positive,50.28076172851801,1.0,False,False,False
VS005491,AD002651,FA009,T3,test,met_borrower,2330.5,-758.2,2345.3679958566913,-763.3146471075254,dwell,,positive,51.86581243940945,1.0,True,True,True
VS005492,AD002564,FA009,T3,train,met_borrower,-768.6,2710.2,-768.6,2710.2,checkin,,positive,60.56888640217846,1.0,False,False,False
VS005493,AD000511,FA009,T3,test,address_not_traceable,-448.2,3627.0,-440.0,3613.5,trail_tail,2.0,negative,,1.0,False,False,False
VS005494,AD001620,FA007,T3,train,met_family,-32.2,-3373.5,-19.91410392364793,-3356.0535419578205,dwell,3.0,positive,48.562682003450654,1.3663037714355222,False,False,False
VS005495,AD001443,FA007,T3,train,met_family,-699.7,-3178.9,-678.999808735669,-3260.8642058815626,dwell,5.0,positive,70.92834117598034,1.3663037714355222,False,False,False
VS005496,AD001865,FA007,T3,train,locked_premises,433.8,1321.1,422.6666666666667,1323.3333333333333,trail_tail,3.0,positive,43.218684973302345,1.3663037714355222,False,False,False
VS005497,AD002916,FA007,T3,train,met_borrower,-345.6,-3806.0,-345.6,-3806.0,checkin,,positive,69.80368279194924,1.3663037714355222,False,False,False
VS005498,AD001472,FA007,T3,train,address_not_traceable,1026.8,-3347.6,1022.5,-3335.5,trail_tail,2.0,negative,,1.3663037714355222,False,False,False
VS005499,AD000749,FA007,T3,validation,met_family,-174.1,-3342.3,-178.33333333333334,-3420.3333333333335,trail_tail,3.0,positive,82.10979822811657,1.3663037714355222,False,False,False
VS005500,AD002884,FA007,T3,test,neighbour_says_shifted,-328.9,-3349.3,-379.7695852534562,-3305.235023041475,dwell,6.0,positive,51.57475510054279,1.3663037714355222,False,False,False
VS005501,AD001071,FA008,T3,train,locked_premises,-1054.7,-641.5,-1054.7,-641.5,checkin,,positive,48.10687923357033,1.4612131704915665,False,False,False
VS005502,AD002009,FA008,T3,train,neighbour_says_shifted,-1195.3,-789.6,-1176.0,-713.5,trail_tail,2.0,positive,63.51156784156868,1.4612131704915665,False,False,False
VS005503,AD002513,FA008,T3,train,locked_premises,-732.8,-405.6,-732.8,-405.6,checkin,,positive,54.976385744888525,1.4612131704915665,False,False,False
VS005504,AD002990,FA008,T3,train,met_family,-909.1,-60.3,-963.6444095383304,-311.25191930286775,dwell,,positive,47.593061100271925,1.4612131704915665,False,False,False
VS005505,AD001563,FA008,T3,train,neighbour_says_shifted,-689.5,-746.0,-689.5,-746.0,checkin,,positive,32.95359677582323,1.4612131704915665,False,False,False
VS005506,AD001376,FA008,T3,train,address_not_traceable,-873.1,-868.5,-873.1,-868.5,checkin,,negative,,1.4612131704915665,False,False,False
VS005507,AD002858,FA002,T1,train,met_family,1180.5,-2862.8,1180.5,-2862.8,checkin,,positive,34.75575491914973,1.0,False,False,False
VS005508,AD000138,FA002,T1,train,met_family,617.0,-3083.7,617.4075513603553,-3084.3337034980564,dwell,5.0,positive,31.635620746241102,1.0,False,False,False
VS005509,AD001753,FA002,T1,validation,locked_premises,937.7,-2881.9,937.7,-2881.9,checkin,,positive,35.18501101321413,1.0,False,False,False
VS005510,AD001972,FA002,T1,validation,met_family,730.9,-2714.3,700.5582914572865,-2847.199497487437,dwell,,positive,33.512907960963354,1.0,False,False,False
VS005511,AD001900,FA002,T1,train,neighbour_says_shifted,694.5,-2691.9,697.6666666666666,-2696.3333333333335,trail_tail,3.0,positive,17.302456472998266,1.0,False,False,False
VS005512,AD001012,FA002,T1,validation,neighbour_says_shifted,802.2,-3287.1,813.0,-3293.0,trail_tail,2.0,positive,17.811583309745373,1.0,False,False,False
VS005513,AD002103,FA002,T1,test,locked_premises,285.7,-2736.1,285.7,-2736.1,checkin,,positive,35.73982372648192,1.0,False,False,False
VS005514,AD000238,FA003,T1,train,met_borrower,-2849.9,978.7,-2863.8,998.6,trail_tail,5.0,positive,53.54824927110128,1.0,False,False,False
VS005515,AD001314,FA003,T1,train,met_family,-2464.4,1278.0,-2441.4009630655924,1279.9958293491293,dwell,8.0,positive,32.302941042573835,1.0,False,False,False
VS005516,AD001043,FA003,T1,train,met_borrower,-2599.0,1069.1,-2570.375,1094.625,trail_tail,8.0,positive,53.735114217799904,1.0,False,False,False
VS005517,AD001815,FA003,T1,train,met_borrower,-2516.7,968.4,-2486.8,1025.6,trail_tail,5.0,positive,58.52779254337206,1.0,False,False,False
VS005518,AD002444,FA003,T1,train,no_such_person,-3026.1,1094.2,-3012.25,1093.25,trail_tail,4.0,positive,46.45484366565019,1.0,False,False,False
VS005519,AD001862,FA003,T1,train,met_family,-3259.2,1269.4,-3280.543478260869,1266.3458498023715,dwell,2.0,positive,33.07355439017709,1.0,False,False,False
VS005520,AD002641,FA003,T1,train,locked_premises,-2712.1,789.6,-2819.6666666666665,847.0,dwell,,positive,31.09634222862876,1.0,False,False,False
VS005521,AD001007,FA003,T1,test,address_not_traceable,-2812.1,1059.0,-2794.0,1063.0,trail_tail,2.0,negative,,1.0,False,False,False
VS005522,AD002771,FA001,T1,train,locked_premises,2409.5,-2235.1,2409.5,-2235.1,checkin,,positive,38.93012971979414,1.0,False,False,False
VS005523,AD001509,FA001,T1,train,met_family,3009.2,-2532.6,3104.25,-2551.25,trail_tail,4.0,positive,61.03351538294357,1.0,False,False,False
VS005524,AD000904,FA001,T1,train,locked_premises,915.4,-2853.2,906.0,-2899.6666666666665,trail_tail,3.0,positive,38.03695571414731,1.0,False,False,False
VS005525,AD001775,FA001,T1,train,locked_premises,2840.6,-2419.6,2904.0,-2374.0,trail_tail,2.0,positive,51.224701072822285,1.0,False,False,False
VS005526,AD003026,FA001,T1,test,met_family,2858.5,-2459.3,2908.965632259217,-2471.493716123652,dwell,4.0,positive,43.76899587607647,1.0,False,False,False
VS005527,AD002304,FA001,T1,train,no_such_person,2669.2,-2320.1,2669.124692160581,-2332.4357306819807,dwell,,positive,46.28188090386995,1.0,False,False,False
VS005528,AD000602,FA001,T1,train,address_not_traceable,2916.4,-1951.1,2929.5,-1958.5,trail_tail,2.0,negative,,1.0,False,False,False
VS005529,AD001830,FA004,T2,validation,met_borrower,1054.9,2942.8,1063.0,2913.6666666666665,trail_tail,6.0,positive,57.401609802336864,1.1098606920552958,False,False,False
VS005530,AD002299,FA004,T2,train,met_family,901.0,2217.8,901.0,2217.8,checkin,,positive,64.44287384820966,1.1098606920552958,False,False,False
VS005531,AD000182,FA004,T2,test,address_not_traceable,901.4,2805.3,901.4,2805.3,checkin,,negative,,1.1098606920552958,False,False,False
VS005532,AD000672,FA004,T2,train,address_not_traceable,1035.0,2427.5,1035.0,2427.5,checkin,,negative,,1.1098606920552958,False,False,False
VS005533,AD000016,FA004,T2,validation,neighbour_says_shifted,747.2,2393.0,747.2,2393.0,checkin,,positive,35.46122147984144,1.1098606920552958,False,False,False
VS005534,AD003050,FA004,T2,train,locked_premises,764.2,2603.2,794.0,2623.0,trail_tail,2.0,positive,40.66484744826016,1.1098606920552958,False,False,False
VS005535,AD002936,FA004,T2,train,met_family,1124.0,2916.9,1125.0,2975.5,trail_tail,2.0,positive,52.31250991994697,1.1098606920552958,False,False,False
VS005536,AD001697,FA004,T2,train,met_family,837.2,3208.4,835.472315996606,3210.4488473272795,dwell,9.0,positive,33.94704466606951,1.1098606920552958,False,False,False
VS005537,AD000460,FA006,T2,train,met_borrower,2846.4,-1285.9,2824.0,-1285.6666666666667,trail_tail,3.0,positive,53.28210299903713,1.0,False,False,False
VS005538,AD002262,FA006,T2,validation,locked_premises,2620.6,-1679.7,2610.5,-1668.0,trail_tail,2.0,positive,34.470603417985004,1.0,False,False,False
VS005539,AD002034,FA006,T2,train,locked_premises,2191.4,-1090.2,2191.4,-1090.2,checkin,,positive,32.352125123398004,1.0,False,False,False
VS005540,AD003045,FA006,T2,train,neighbour_says_shifted,2955.2,-1278.1,2945.3671354864573,-1265.7366238644397,dwell,8.0,positive,21.548839875965438,1.0,False,False,False
VS005541,AD000450,FA006,T2,train,address_not_traceable,2661.0,-1173.1,2661.0,-1173.1,checkin,,negative,,1.0,False,False,False
VS005542,AD000086,FA006,T2,validation,met_borrower,2547.1,-1433.0,2544.4766521765428,-1379.3933958771477,dwell,,positive,57.17956365695702,1.0,False,False,False
VS005543,AD000392,FA006,T2,train,address_not_traceable,1052.4,-1133.5,1052.4,-1133.5,checkin,,negative,,1.0,False,False,False
VS005544,AD000420,FA006,T2,train,met_family,2827.8,-1222.4,3077.277043322912,-1253.7067440821795,dwell,,positive,32.33280068289784,1.0,False,False,False
VS005545,AD000152,FA006,T2,validation,neighbour_says_shifted,2653.0,-1080.9,2669.8704881884787,-1090.6900552442523,dwell,7.0,positive,19.65814080730931,1.0,False,False,False
VS005546,AD001505,FA005,T2,validation,locked_premises,1064.6,2657.5,1064.6,2657.5,checkin,,positive,40.303132632588245,1.0,False,False,False
VS005547,AD000147,FA005,T2,test,met_family,1003.0,2866.1,1006.75,2876.0,trail_tail,4.0,positive,34.11293742848892,1.0,False,False,False
VS005548,AD001628,FA005,T2,train,locked_premises,682.6,2936.6,682.6,2936.6,checkin,,positive,33.74225837136573,1.0,False,False,False
VS005549,AD001654,FA005,T2,train,address_not_traceable,951.5,2443.9,951.5,2443.9,checkin,,negative,,1.0,False,False,False
VS005550,AD001026,FA005,T2,train,locked_premises,736.2,2295.6,771.0,2302.6666666666665,trail_tail,3.0,positive,38.069672969438535,1.0,False,False,False
VS005551,AD002488,FA005,T2,validation,met_borrower,1006.2,-350.2,1004.6666666666666,-351.9166666666667,trail_tail,12.0,positive,50.33100436112913,1.0,False,False,False
VS005552,AD002499,FA005,T2,train,locked_premises,839.9,2788.4,839.9,2788.4,checkin,,positive,37.77833373773915,1.0,False,False,False
VS005553,AD001029,FA005,T2,test,address_not_traceable,1010.9,2701.5,1006.3333333333334,2697.6666666666665,trail_tail,3.0,negative,,1.0,False,False,False
VS005554,AD001534,FA008,T3,train,cash_collected,-2572.5,-189.3,-2578.25,-182.5,trail_tail,4.0,positive,96.1387768859616,1.4612131704915665,False,False,False
VS005555,AD000094,FA008,T3,train,locked_premises,-2657.2,-180.5,-2657.2,-180.5,checkin,,positive,51.953937202144004,1.4612131704915665,False,False,False
VS005556,AD000153,FA008,T3,test,locked_premises,-2376.6,-79.5,-2376.6,-79.5,checkin,,positive,56.96787432511434,1.4612131704915665,False,False,False
VS005557,AD001330,FA008,T3,test,neighbour_says_shifted,-2352.7,-521.6,-2353.4272467902997,-531.6661911554921,dwell,5.0,positive,26.661535119123464,1.4612131704915665,False,False,False
VS005558,AD002509,FA008,T3,test,met_borrower,-2464.6,-629.2,-2473.1542962028216,-651.4269817597797,dwell,,positive,79.16539564716382,1.4612131704915665,False,False,False
VS005559,AD001064,FA008,T3,train,met_family,-2984.0,-11.1,-2976.3774907644233,-28.86274841972594,dwell,2.0,positive,49.722112726276265,1.4612131704915665,False,False,False
VS005560,AD001754,FA007,T3,train,locked_premises,-2474.9,-127.2,-2474.9,-127.2,checkin,,positive,47.20085183234476,1.3663037714355222,False,False,False
VS005561,AD002412,FA007,T3,train,met_borrower,-2670.7,-129.5,-2671.6363636363635,-139.36363636363637,trail_tail,11.0,positive,69.10438424604907,1.3663037714355222,False,False,False
VS005562,AD002959,FA007,T3,train,locked_premises,-2459.0,-497.7,-2459.0,-497.7,checkin,,positive,54.2901194713661,1.3663037714355222,False,False,False
VS005563,AD000721,FA007,T3,validation,locked_premises,-3076.8,59.9,-3076.8,59.9,checkin,,positive,45.03007456850629,1.3663037714355222,False,False,False
VS005564,AD000170,FA007,T3,train,address_not_traceable,-4165.1,-197.1,-4165.1,-197.1,checkin,,negative,,1.3663037714355222,False,False,False
VS005565,AD000288,FA007,T3,train,neighbour_says_shifted,-3022.0,-583.2,-3032.5,-587.0,trail_tail,2.0,positive,31.826960537602723,1.3663037714355222,False,False,False
VS005566,AD000078,FA007,T3,train,neighbour_says_shifted,-2529.5,-133.2,-2535.1,-132.9,dwell,7.0,positive,23.201934069923183,1.3663037714355222,False,False,False
VS005567,AD001822,FA007,T3,validation,met_borrower,-2670.8,-476.8,-2665.997404993945,-485.5177325413759,dwell,,positive,72.37180945813923,1.3663037714355222,False,False,False
VS005568,AD000666,FA007,T3,test,cash_collected,-2640.1,-481.5,-2645.8571428571427,-495.0,trail_tail,7.0,positive,90.5363129328739,1.3663037714355222,False,False,False
VS005569,AD000023,FA007,T3,test,met_borrower,-2955.0,-18.0,-2954.75,-19.125,trail_tail,8.0,positive,69.24478197172907,1.3663037714355222,False,False,False
VS005570,AD001890,FA009,T3,train,neighbour_says_shifted,1136.7,-499.4,1136.7,-499.4,checkin,,positive,50.27496892092526,1.0,False,False,False
VS005571,AD000227,FA009,T3,train,address_not_traceable,1156.4,-1137.9,1160.0,-1131.5,trail_tail,2.0,negative,,1.0,False,False,False
VS005572,AD002896,FA009,T3,train,met_family,1055.1,-423.8,1055.1,-423.8,checkin,,positive,40.947557924740764,1.0,False,False,False
VS005573,AD002819,FA009,T3,train,met_borrower,2323.2,-787.1,2324.1428571428573,-781.4285714285714,trail_tail,7.0,positive,50.60012351763581,1.0,True,True,True
VS005574,AD001053,FA009,T3,train,locked_premises,2319.6,-756.6,2325.6,-765.2,trail_tail,5.0,positive,30.92070503724002,1.0,True,True,True
VS005575,AD001073,FA009,T3,test,address_not_traceable,892.3,-702.2,892.3,-702.2,checkin,,negative,,1.0,False,False,False
VS005576,AD000221,FA009,T3,train,locked_premises,769.9,-602.6,769.9,-602.6,checkin,,positive,33.46464552329817,1.0,False,False,False
VS005577,AD002934,FA009,T3,train,address_not_traceable,1887.1,-1810.5,1876.5,-1813.0,trail_tail,2.0,negative,,1.0,False,False,False
VS005578,AD000771,FA009,T3,train,met_borrower,813.7,-692.1,832.7710191975682,-703.8981451696203,dwell,,positive,54.404181824561974,1.0,False,False,False
